Time_hours,TAA,Gen_Total,Gen_PSD,Gen_TD,Gen_SWS,Gen_MMV,Loss_Total,Loss_Stuck,Loss_Ionized,Loss_Escaped,Supply_Internal,Trans_Inward
0.08333333333333333,0.0063963322958784374,1.0242000000000318e+28,2.199999999999952e+27,7.934000000000367e+27,5.8000000000000015e+25,5.000000000000004e+25,4.338000000000201e+27,4.1970000000002014e+27,1.4099999999999963e+26,0.0,2.5449610609151658e+26,0.0
3.861111111111111,1.0054067296525773,1.2673000000000552e+28,1.89699999999997e+27,1.0680000000000583e+28,4.6e+25,5.000000000000004e+25,1.2792999999998112e+28,1.2392999999998111e+28,3.9300000000000194e+26,6.999999999999998e+24,2.544700684220594e+26,0.0
7.638888888888889,2.0043122961221798,1.195500000000051e+28,1.7859999999999763e+27,1.0073000000000534e+28,4.6e+25,5.000000000000004e+25,1.1927999999998977e+28,1.1545999999998976e+28,3.7400000000000175e+26,7.999999999999998e+24,2.543945660500727e+26,0.0
11.416666666666666,3.003011034237147,1.1151000000000457e+28,1.7339999999999793e+27,9.329000000000477e+27,3.7999999999999983e+25,5.000000000000004e+25,1.1023999999999871e+28,1.067099999999987e+28,3.4500000000000145e+26,7.999999999999998e+24,2.5427121185997536e+26,0.0
15.194444444444445,4.001397695617811,1.054300000000042e+28,1.6399999999999848e+27,8.812000000000436e+27,4.099999999999999e+25,5.000000000000004e+25,1.0646000000000295e+28,1.0256000000000292e+28,3.780000000000018e+26,1.1999999999999996e+25,2.5409566683657608e+26,0.0
19.0,5.006707809993202,9.67400000000037e+27,1.5079999999999925e+27,8.075000000000378e+27,4.1e+25,5.000000000000004e+25,9.903000000000626e+27,9.575000000000626e+27,3.200000000000012e+26,7.999999999999998e+24,2.5386961707267193e+26,0.0
22.77777777777778,6.00415924475783,9.189000000000331e+27,1.5089999999999926e+27,7.59200000000034e+27,3.799999999999999e+25,5.000000000000004e+25,9.328000000000581e+27,8.99900000000058e+27,3.220000000000012e+26,6.999999999999998e+24,2.535965930023826e+26,0.0
26.555555555555557,7.000991690631906,8.760000000000305e+27,1.452999999999996e+27,7.22000000000031e+27,3.699999999999999e+25,5.000000000000004e+25,8.850000000000548e+27,8.580000000000547e+27,2.6000000000000062e+26,9.999999999999997e+24,2.532762573332259e+26,0.0
30.36111111111111,8.004424350988131,8.339000000000273e+27,1.4409999999999966e+27,6.804000000000277e+27,4.399999999999999e+25,5.000000000000004e+25,8.400000000000514e+27,8.151000000000513e+27,2.4600000000000048e+26,3e+24,2.5290261536119383e+26,0.0
34.166666666666664,9.007020526269116,7.985000000000256e+27,1.38e+27,6.527000000000256e+27,2.8999999999999986e+25,4.9000000000000035e+25,7.93400000000048e+27,7.718000000000479e+27,2.1200000000000013e+26,4e+24,2.5247955595329083e+26,0.0
37.94444444444444,10.001372027937805,7.62500000000023e+27,1.3520000000000017e+27,6.192000000000229e+27,3.099999999999999e+25,5.000000000000004e+25,7.60200000000045e+27,7.355000000000451e+27,2.390000000000004e+26,7.999999999999998e+24,2.5201200928464026e+26,0.0
41.75,11.001998503818072,7.465000000000216e+27,1.3540000000000016e+27,6.024000000000216e+27,3.699999999999999e+25,5.000000000000004e+25,7.419000000000438e+27,7.195000000000438e+27,2.2300000000000024e+26,1e+24,2.5149333446640126e+26,0.0
45.55555555555556,12.00148566371746,7.032000000000194e+27,1.2830000000000056e+27,5.666000000000188e+27,3.3999999999999985e+25,4.9000000000000035e+25,7.160000000000419e+27,6.949000000000419e+27,2.0500000000000006e+26,5.999999999999999e+24,2.5092826522361755e+26,0.0
49.388888888888886,13.007015307037705,7.043000000000194e+27,1.291000000000005e+27,5.669000000000188e+27,3.3999999999999985e+25,4.9000000000000035e+25,7.054000000000411e+27,6.853000000000411e+27,1.9599999999999997e+26,4.999999999999999e+24,2.503123161649681e+26,0.0
53.19444444444444,14.003912690712127,6.723000000000178e+27,1.2260000000000082e+27,5.416000000000168e+27,3.1999999999999987e+25,4.9000000000000035e+25,6.76400000000039e+27,6.573000000000389e+27,1.8599999999999987e+26,4.999999999999999e+24,2.4965408691361578e+26,0.0
57.02777777777778,15.006635815483037,6.688000000000173e+27,1.243000000000008e+27,5.362000000000164e+27,3.399999999999999e+25,4.9000000000000035e+25,6.502000000000367e+27,6.292000000000367e+27,2.0400000000000005e+26,5.999999999999999e+24,2.4894433980119358e+26,0.0
60.833333333333336,16.000551681933644,6.437000000000155e+27,1.2010000000000082e+27,5.161000000000148e+27,2.499999999999999e+25,5.000000000000004e+25,6.39700000000036e+27,6.20700000000036e+27,1.799999999999998e+26,9.999999999999997e+24,2.4819573483418254e+26,0.0
64.66666666666667,17.000076776924118,6.294000000000146e+27,1.191000000000008e+27,5.025000000000137e+27,2.8999999999999986e+25,4.9000000000000035e+25,6.347000000000357e+27,6.171000000000357e+27,1.6399999999999964e+26,1.1999999999999996e+25,2.4739912978487227e+26,0.0
68.52777777777777,18.00507362602292,6.129000000000132e+27,1.2090000000000083e+27,4.8410000000001225e+27,2.9999999999999988e+25,4.9000000000000035e+25,6.220000000000347e+27,6.045000000000347e+27,1.6499999999999965e+26,9.999999999999997e+24,2.465495709838769e+26,0.0
72.36111111111111,19.000992490269994,6.171000000000132e+27,1.2340000000000072e+27,4.8640000000001243e+27,2.399999999999999e+25,4.9000000000000035e+25,6.036000000000331e+27,5.847000000000332e+27,1.7299999999999973e+26,1.5999999999999993e+25,2.4566445338457225e+26,0.0
76.22222222222223,20.002168067657692,5.845000000000113e+27,1.1510000000000075e+27,4.6230000000001053e+27,2.199999999999999e+25,4.9000000000000035e+25,5.984000000000327e+27,5.798000000000328e+27,1.7599999999999977e+26,9.999999999999997e+24,2.4473157224708668e+26,0.0
80.08333333333333,21.001286466183046,5.81400000000011e+27,1.1530000000000077e+27,4.578000000000102e+27,3.3999999999999985e+25,4.9000000000000035e+25,5.788000000000312e+27,5.601000000000312e+27,1.709999999999997e+26,1.5999999999999993e+25,2.4375705051226724e+26,0.0
83.97222222222223,22.005420161401503,5.674000000000101e+27,1.1210000000000074e+27,4.480000000000094e+27,2.499999999999999e+25,4.800000000000003e+25,5.777000000000311e+27,5.57700000000031e+27,1.8299999999999984e+26,1.6999999999999993e+25,2.427338614890369e+26,0.0
87.83333333333333,23.000130991050696,5.517000000000089e+27,1.1160000000000072e+27,4.328000000000082e+27,2.499999999999999e+25,4.800000000000003e+25,5.650000000000302e+27,5.480000000000303e+27,1.589999999999996e+26,1.0999999999999996e+25,2.4167969006426433e+26,0.0
91.75,24.006777764891524,5.438000000000082e+27,1.1390000000000074e+27,4.227000000000074e+27,2.399999999999999e+25,4.800000000000003e+25,5.546000000000294e+27,5.362000000000293e+27,1.689999999999997e+26,1.4999999999999994e+25,2.405701801388202e+26,0.0
95.63888888888889,25.003827108944904,5.316000000000074e+27,1.1170000000000073e+27,4.135000000000067e+27,1.5999999999999995e+25,4.800000000000003e+25,5.319000000000279e+27,5.174000000000279e+27,1.2699999999999973e+26,1.7999999999999992e+25,2.394298010839328e+26,0.0
99.55555555555556,26.005432158412646,5.264000000000073e+27,1.0750000000000068e+27,4.127000000000066e+27,1.3999999999999997e+25,4.800000000000003e+25,5.119000000000261e+27,4.952000000000261e+27,1.4999999999999957e+26,1.6999999999999993e+25,2.3824684544557328e+26,0.0
103.47222222222223,27.004380848282892,5.083000000000058e+27,1.0800000000000069e+27,3.9300000000000506e+27,2.499999999999999e+25,4.800000000000003e+25,5.096000000000259e+27,4.9360000000002597e+27,1.4199999999999963e+26,1.7999999999999992e+25,2.3702594395265705e+26,0.0
107.38888888888889,28.000589266283555,5.029000000000054e+27,1.0770000000000069e+27,3.8790000000000466e+27,2.499999999999999e+25,4.800000000000003e+25,5.061000000000257e+27,4.914000000000258e+27,1.3499999999999967e+26,1.1999999999999996e+25,2.3577096056007893e+26,0.0
111.33333333333333,29.00101138844451,4.866000000000039e+27,1.088000000000007e+27,3.7010000000000325e+27,2.8999999999999986e+25,4.800000000000003e+25,4.806000000000237e+27,4.647000000000237e+27,1.3799999999999965e+26,2.0999999999999995e+25,2.3447339165943278e+26,0.0
115.30555555555556,30.005500822053875,4.7290000000000345e+27,1.0140000000000062e+27,3.643000000000028e+27,2.399999999999999e+25,4.800000000000003e+25,4.6400000000002265e+27,4.5150000000002265e+27,1.1199999999999983e+26,1.2999999999999995e+25,2.3313369529864798e+26,0.0
119.27777777777777,31.00692598503241,4.656000000000027e+27,1.0300000000000064e+27,3.5500000000000206e+27,2.8999999999999986e+25,4.700000000000003e+25,4.672000000000226e+27,4.5160000000002266e+27,1.3399999999999968e+26,2.1999999999999996e+25,2.3176376905227695e+26,0.0
123.25,32.00520863189678,4.451000000000015e+27,9.820000000000059e+26,3.401000000000009e+27,2.099999999999999e+25,4.700000000000003e+25,4.5480000000002187e+27,4.4140000000002185e+27,1.029999999999999e+26,3.100000000000001e+25,2.3036021451793637e+26,0.0
127.22222222222223,33.00027317831348,4.369000000000005e+27,1.0210000000000063e+27,3.273999999999999e+27,2.599999999999999e+25,4.800000000000003e+25,4.326000000000201e+27,4.1960000000002013e+27,1.0699999999999987e+26,2.3e+25,2.289307516021775e+26,0.0
131.25,34.00589502054993,4.241999999999997e+27,1.000000000000006e+27,3.174999999999991e+27,1.9999999999999993e+25,4.700000000000003e+25,4.2860000000001985e+27,4.1600000000001985e+27,1.0599999999999988e+26,1.9999999999999993e+25,2.274505264220363e+26,0.0
135.25,35.00116106882325,4.206999999999995e+27,9.94000000000006e+26,3.148999999999989e+27,1.6999999999999995e+25,4.700000000000003e+25,4.0900000000001836e+27,3.9710000000001836e+27,8.9e+25,3.000000000000001e+25,2.259534522169914e+26,0.0
139.30555555555554,36.00669983075335,4.166999999999992e+27,9.870000000000059e+26,3.110999999999986e+27,2.199999999999999e+25,4.700000000000003e+25,4.130000000000188e+27,4.028000000000188e+27,7.700000000000008e+25,2.5e+25,2.244117731295556e+26,0.0
143.33333333333334,37.0017439685368,3.9709999999999763e+27,9.750000000000057e+26,2.921999999999971e+27,2.699999999999999e+25,4.700000000000003e+25,4.0440000000001816e+27,3.9420000000001813e+27,7.4000000000000075e+25,2.8000000000000006e+25,2.2285480845945843e+26,0.0
147.41666666666666,38.00677191162828,3.9539999999999755e+27,9.600000000000057e+26,2.9159999999999706e+27,3.1999999999999987e+25,4.600000000000003e+25,3.862000000000167e+27,3.7560000000001666e+27,8.700000000000001e+25,1.8999999999999992e+25,2.212513011695584e+26,0.0
151.47222222222223,39.0011770617611,3.772999999999964e+27,9.430000000000054e+26,2.765999999999959e+27,1.6999999999999995e+25,4.700000000000003e+25,3.813000000000163e+27,3.7050000000001626e+27,7.700000000000008e+25,3.100000000000001e+25,2.1963834212945518e+26,0.0
155.58333333333334,40.00528935382761,3.71699999999996e+27,9.270000000000052e+26,2.7239999999999554e+27,1.9999999999999993e+25,4.600000000000003e+25,3.795000000000162e+27,3.694000000000162e+27,7.4000000000000075e+25,2.7000000000000004e+25,2.1798183923206984e+26,0.0
159.69444444444446,41.00539890120342,3.630999999999953e+27,9.390000000000054e+26,2.6229999999999475e+27,2.2999999999999994e+25,4.600000000000003e+25,3.6420000000001483e+27,3.5240000000001483e+27,8.999999999999999e+25,2.8000000000000006e+25,2.1630601858616062e+26,0.0
163.80555555555554,42.00144301071663,3.5979999999999513e+27,9.300000000000053e+26,2.605999999999946e+27,1.5999999999999995e+25,4.600000000000003e+25,3.5240000000001395e+27,3.4150000000001397e+27,8.200000000000004e+25,2.7000000000000004e+25,2.146097041353843e+26,0.0
167.94444444444446,43.00006273604339,3.631999999999955e+27,9.170000000000053e+26,2.6489999999999495e+27,2.099999999999999e+25,4.500000000000003e+25,3.52400000000014e+27,3.41700000000014e+27,7.200000000000007e+25,3.5000000000000017e+25,2.1288781786723622e+26,0.0
172.11111111111111,44.001113673900306,3.454999999999942e+27,9.120000000000052e+26,2.4799999999999373e+27,1.7999999999999994e+25,4.500000000000003e+25,3.463000000000136e+27,3.367000000000136e+27,7.100000000000007e+25,2.5e+25,2.11135710508328e+26,0.0
176.30555555555554,45.0044637035204,3.3679999999999463e+27,9.130000000000052e+26,2.388999999999941e+27,2.099999999999999e+25,4.500000000000003e+25,3.341000000000126e+27,3.242000000000126e+27,7.200000000000007e+25,2.7000000000000004e+25,2.093588986230909e+26,0.0
180.5,46.00336759171972,3.3339999999999475e+27,9.00000000000005e+26,2.3679999999999422e+27,2.099999999999999e+25,4.500000000000003e+25,3.2170000000001164e+27,3.1190000000001164e+27,7.100000000000007e+25,2.7000000000000004e+25,2.075684797589395e+26,0.0
184.72222222222223,47.0043578502129,3.2339999999999495e+27,8.500000000000045e+26,2.3239999999999448e+27,1.4999999999999996e+25,4.500000000000003e+25,3.291000000000123e+27,3.201000000000123e+27,6.8000000000000065e+25,2.1999999999999996e+25,2.057544089486514e+26,0.0
188.94444444444446,48.00075374314281,3.24999999999995e+27,8.740000000000048e+26,2.3119999999999455e+27,1.8999999999999994e+25,4.500000000000003e+25,3.173000000000113e+27,3.075000000000113e+27,6.700000000000006e+25,3.100000000000001e+25,2.039280258001158e+26,0.0
193.22222222222223,49.00553340273336,3.1739999999999547e+27,8.760000000000048e+26,2.2399999999999497e+27,1.3999999999999997e+25,4.400000000000003e+25,3.125000000000111e+27,3.049000000000111e+27,5.000000000000004e+25,2.6000000000000003e+25,2.0207098772341542e+26,0.0
197.5,50.00551748710575,3.0149999999999625e+27,8.530000000000046e+26,2.1079999999999574e+27,9.999999999999999e+24,4.400000000000003e+25,3.0880000000001073e+27,3.002000000000107e+27,6.600000000000006e+25,1.9999999999999993e+25,2.002031539821361e+26,0.0
201.77777777777777,51.000668326192056,3.1199999999999565e+27,8.580000000000046e+26,2.204999999999952e+27,1.2999999999999997e+25,4.400000000000003e+25,3.1410000000001115e+27,3.0550000000001113e+27,5.100000000000004e+25,3.5000000000000017e+25,1.9832990827789272e+26,0.0
206.11111111111111,52.003779823232264,3.0359999999999586e+27,8.190000000000041e+26,2.1609999999999545e+27,1.1999999999999998e+25,4.400000000000003e+25,3.014000000000103e+27,2.948000000000103e+27,5.000000000000004e+25,1.5999999999999993e+25,1.964264803933331e+26,0.0
210.44444444444446,53.00186473963561,2.941999999999962e+27,7.800000000000038e+26,2.0939999999999582e+27,2.399999999999999e+25,4.400000000000003e+25,2.905000000000094e+27,2.838000000000094e+27,3.900000000000002e+25,2.8000000000000006e+25,1.9452018126853336e+26,0.0
214.80555555555554,54.00124194427809,2.897999999999967e+27,8.230000000000042e+26,2.0159999999999628e+27,1.5999999999999995e+25,4.3000000000000026e+25,2.8620000000000895e+27,2.7800000000000896e+27,4.9000000000000035e+25,3.3000000000000014e+25,1.925968862723727e+26,0.0
219.19444444444446,55.00178743851444,2.985999999999962e+27,8.200000000000042e+26,2.1069999999999573e+27,1.4999999999999996e+25,4.400000000000003e+25,2.919000000000094e+27,2.837000000000094e+27,6.200000000000006e+25,1.9999999999999993e+25,1.906598794720169e+26,0.0
223.61111111111111,56.003379223687716,2.886999999999967e+27,8.160000000000042e+26,2.012999999999963e+27,1.4999999999999996e+25,4.3000000000000026e+25,2.881000000000092e+27,2.809000000000092e+27,3.800000000000002e+25,3.4000000000000016e+25,1.8870978883332387e+26,0.0
228.05555555555554,57.0058926188712,2.9099999999999646e+27,8.050000000000041e+26,2.0519999999999607e+27,1.0999999999999998e+25,4.200000000000002e+25,2.8480000000000884e+27,2.761000000000088e+27,5.600000000000005e+25,3.100000000000001e+25,1.8674829447085486e+26,0.0
232.5,58.002992618321514,2.858999999999967e+27,7.89000000000004e+26,2.011999999999963e+27,1.4999999999999996e+25,4.3000000000000026e+25,2.830000000000088e+27,2.757000000000088e+27,4.200000000000002e+25,3.100000000000001e+25,1.8478924769208584e+26,0.0
236.97222222222223,59.00084881796266,2.738999999999975e+27,8.03000000000004e+26,1.8809999999999708e+27,1.2999999999999997e+25,4.200000000000002e+25,2.864000000000091e+27,2.796000000000091e+27,4.600000000000003e+25,2.1999999999999996e+25,1.8282157550712713e+26,0.0
241.5,60.005483848198025,2.8019999999999726e+27,8.250000000000043e+26,1.9209999999999685e+27,1.3999999999999997e+25,4.200000000000002e+25,2.7670000000000836e+27,2.7030000000000835e+27,4.400000000000003e+25,1.9999999999999993e+25,1.808324134332823e+26,0.0
246.02777777777777,61.0044664671226,2.777999999999973e+27,8.07000000000004e+26,1.912999999999969e+27,1.5999999999999995e+25,4.200000000000002e+25,2.685000000000077e+27,2.620000000000077e+27,4.3000000000000026e+25,2.1999999999999996e+25,1.78849648270371e+26,0.0
250.58333333333334,62.00385579591614,2.750999999999973e+27,7.900000000000039e+26,1.9059999999999692e+27,1.2999999999999997e+25,4.200000000000002e+25,2.652000000000075e+27,2.595000000000075e+27,4.200000000000002e+25,1.4999999999999994e+25,1.7686087575625013e+26,0.0
255.16666666666666,63.003546670024775,2.671999999999977e+27,7.790000000000037e+26,1.8329999999999737e+27,1.8999999999999994e+25,4.100000000000002e+25,2.6660000000000757e+27,2.606000000000076e+27,4.200000000000002e+25,1.7999999999999992e+25,1.7486896860516524e+26,0.0
259.77777777777777,64.0034329217994,2.552999999999982e+27,7.460000000000035e+26,1.7489999999999786e+27,1.6999999999999995e+25,4.100000000000002e+25,2.570000000000068e+27,2.503000000000068e+27,5.000000000000004e+25,1.6999999999999993e+25,1.7287234351993636e+26,0.0
264.4166666666667,65.00340680801912,2.626999999999979e+27,7.670000000000036e+26,1.8019999999999753e+27,1.6999999999999995e+25,4.100000000000002e+25,2.4910000000000613e+27,2.4230000000000614e+27,4.400000000000003e+25,2.4e+25,1.7087377150800178e+26,0.0
269.0833333333333,66.00336531756523,2.5349999999999823e+27,7.370000000000035e+26,1.7439999999999787e+27,1.2999999999999997e+25,4.100000000000002e+25,2.540000000000065e+27,2.4720000000000653e+27,4.200000000000002e+25,2.6000000000000003e+25,1.6887642757420232e+26,0.0
273.77777777777777,67.00320595095559,2.576999999999981e+27,7.600000000000036e+26,1.7649999999999776e+27,1.1999999999999996e+25,4.000000000000002e+25,2.516000000000064e+27,2.4520000000000637e+27,3.800000000000002e+25,2.6000000000000003e+25,1.6687791215503816e+26,0.0
278.5,68.00283221501445,2.5049999999999854e+27,7.550000000000035e+26,1.6929999999999819e+27,1.6999999999999995e+25,4.000000000000002e+25,2.5860000000000677e+27,2.503000000000068e+27,5.300000000000004e+25,3.000000000000001e+25,1.6487947919240134e+26,0.0
283.25,69.00214834763864,2.5479999999999833e+27,7.770000000000039e+26,1.71999999999998e+27,1.0999999999999998e+25,4.000000000000002e+25,2.432000000000057e+27,2.3640000000000568e+27,4.3000000000000026e+25,2.5e+25,1.6288554869419238e+26,0.0
288.02777777777777,70.0010606427544,2.3889999999999903e+27,7.350000000000033e+26,1.604999999999987e+27,8.999999999999999e+24,4.000000000000002e+25,2.3970000000000547e+27,2.3370000000000547e+27,3.600000000000002e+25,2.4e+25,1.6089453850067395e+26,0.0
292.8611111111111,71.00522540275568,2.4399999999999897e+27,7.640000000000037e+26,1.621999999999986e+27,1.3999999999999997e+25,4.000000000000002e+25,2.48000000000006e+27,2.4010000000000597e+27,5.300000000000004e+25,2.6000000000000003e+25,1.5889660910534446e+26,0.0
297.69444444444446,72.00302196045033,2.344999999999991e+27,7.050000000000031e+26,1.5879999999999879e+27,1.2999999999999997e+25,3.900000000000002e+25,2.4170000000000557e+27,2.353000000000056e+27,3.700000000000002e+25,2.7000000000000004e+25,1.569169249631365e+26,0.0
302.55555555555554,73.00014217380476,2.3959999999999922e+27,7.620000000000036e+26,1.5769999999999886e+27,1.7999999999999994e+25,3.900000000000002e+25,2.4550000000000582e+27,2.3830000000000583e+27,3.5000000000000017e+25,3.700000000000002e+25,1.5494193166510396e+26,0.0
307.47222222222223,74.0021537720043,2.3679999999999933e+27,7.550000000000035e+26,1.5539999999999898e+27,1.9999999999999993e+25,3.900000000000002e+25,2.4310000000000574e+27,2.3710000000000573e+27,4.000000000000002e+25,1.9999999999999993e+25,1.5296465178137713e+26,0.0
312.4166666666667,75.00325849069083,2.362999999999993e+27,7.540000000000036e+26,1.5599999999999895e+27,1.0999999999999998e+25,3.800000000000002e+25,2.3460000000000504e+27,2.2830000000000504e+27,3.700000000000002e+25,2.6000000000000003e+25,1.5099685102329413e+26,0.0
317.3888888888889,76.00337682977226,2.326999999999995e+27,7.500000000000035e+26,1.5269999999999913e+27,1.1999999999999998e+25,3.800000000000002e+25,2.440000000000058e+27,2.381000000000058e+27,3.700000000000002e+25,2.1999999999999996e+25,1.4903783351006424e+26,0.0
322.3888888888889,77.00243447044579,2.2769999999999955e+27,7.110000000000032e+26,1.5109999999999922e+27,1.6999999999999995e+25,3.800000000000002e+25,2.354000000000052e+27,2.3010000000000518e+27,2.8000000000000006e+25,2.5e+25,1.4708968045617128e+26,0.0
327.4166666666667,78.00035738325738,2.3869999999999926e+27,7.710000000000037e+26,1.567999999999989e+27,9.999999999999999e+24,3.800000000000002e+25,2.3270000000000495e+27,2.2700000000000494e+27,3.600000000000002e+25,2.0999999999999995e+25,1.4515396154777098e+26,0.0
332.5,79.00253581380582,2.2999999999999965e+27,7.540000000000036e+26,1.4949999999999932e+27,1.3999999999999997e+25,3.700000000000002e+25,2.2710000000000442e+27,2.203000000000044e+27,4.700000000000003e+25,2.0999999999999995e+25,1.4321859714662413e+26,0.0
337.6111111111111,80.00337318313291,2.2180000000000005e+27,7.390000000000035e+26,1.4289999999999973e+27,1.2999999999999997e+25,3.700000000000002e+25,2.2980000000000464e+27,2.2310000000000463e+27,4.700000000000003e+25,1.9999999999999993e+25,1.4129707373654901e+26,0.0
342.75,81.0028024828863,2.1890000000000012e+27,7.200000000000032e+26,1.415999999999998e+27,1.4999999999999996e+25,3.800000000000002e+25,2.2270000000000413e+27,2.1660000000000412e+27,3.3000000000000014e+25,2.8000000000000006e+25,1.393895934532927e+26,0.0
347.9166666666667,82.00076452031055,2.2390000000000016e+27,7.750000000000037e+26,1.408999999999998e+27,1.7999999999999994e+25,3.700000000000002e+25,2.1540000000000364e+27,2.1050000000000363e+27,2.5e+25,2.4e+25,1.374978800989287e+26,0.0
353.1388888888889,83.00251143828552,2.2410000000000012e+27,7.620000000000036e+26,1.4249999999999975e+27,1.7999999999999994e+25,3.600000000000002e+25,2.218000000000041e+27,2.1620000000000408e+27,3.700000000000002e+25,1.8999999999999992e+25,1.3561070816111354e+26,0.0
358.3888888888889,84.00260698292948,2.158000000000002e+27,7.130000000000032e+26,1.397999999999999e+27,9.999999999999999e+24,3.700000000000002e+25,2.1990000000000394e+27,2.1430000000000393e+27,3.5000000000000017e+25,2.0999999999999995e+25,1.337402691273605e+26,0.0
363.6666666666667,85.00099716324945,2.1670000000000036e+27,7.400000000000034e+26,1.38e+27,1.0999999999999998e+25,3.600000000000002e+25,2.0990000000000323e+27,2.0520000000000322e+27,3.5000000000000017e+25,1.1999999999999996e+25,1.3188667393828742e+26,0.0
369.0,86.00283123397173,2.0690000000000096e+27,7.500000000000035e+26,1.2720000000000058e+27,1.0999999999999998e+25,3.600000000000002e+25,2.1580000000000356e+27,2.0950000000000356e+27,3.4000000000000016e+25,2.9000000000000008e+25,1.3004114247955532e+26,0.0
374.3611111111111,87.00279248628658,2.1010000000000083e+27,7.490000000000036e+26,1.3050000000000046e+27,1.1999999999999998e+25,3.5000000000000017e+25,2.148000000000035e+27,2.089000000000035e+27,4.100000000000002e+25,1.7999999999999992e+25,1.2821346381365065e+26,0.0
379.75,88.00083796134066,2.117000000000005e+27,7.210000000000033e+26,1.3430000000000018e+27,1.7999999999999994e+25,3.5000000000000017e+25,2.1120000000000322e+27,2.0540000000000323e+27,3.5000000000000017e+25,2.3e+25,1.2640541195480562e+26,0.0
385.19444444444446,89.00201883844176,2.165000000000006e+27,7.730000000000038e+26,1.346000000000002e+27,1.0999999999999998e+25,3.5000000000000017e+25,2.210000000000041e+27,2.165000000000041e+27,3.000000000000001e+25,1.4999999999999994e+25,1.2460822803842877e+26,0.0
390.6666666666667,90.00113998909228,2.141000000000008e+27,7.790000000000039e+26,1.3080000000000042e+27,1.8999999999999994e+25,3.5000000000000017e+25,2.0990000000000323e+27,2.051000000000032e+27,2.6000000000000003e+25,2.1999999999999996e+25,1.2283093475347821e+26,0.0
396.19444444444446,91.00317586831778,2.0680000000000092e+27,7.560000000000036e+26,1.2630000000000056e+27,1.3999999999999997e+25,3.5000000000000017e+25,2.1250000000000335e+27,2.0670000000000334e+27,2.9000000000000008e+25,2.9000000000000008e+25,1.2106564228324132e+26,0.0
401.75,92.00301678552898,2.026000000000007e+27,7.350000000000034e+26,1.2510000000000036e+27,6e+24,3.4000000000000016e+25,2.0300000000000266e+27,1.9810000000000266e+27,2.9000000000000008e+25,1.9999999999999993e+25,1.1932263882009733e+26,0.0
407.3333333333333,93.00063198894833,2.0140000000000088e+27,7.310000000000034e+26,1.2330000000000052e+27,1.4999999999999996e+25,3.5000000000000017e+25,2.0490000000000284e+27,2.0040000000000284e+27,2.8000000000000006e+25,1.6999999999999993e+25,1.1760044246947468e+26,0.0
412.97222222222223,94.00090391091521,1.9910000000000078e+27,7.510000000000036e+26,1.1890000000000045e+27,1.6999999999999995e+25,3.4000000000000016e+25,2.0750000000000299e+27,2.02400000000003e+27,2.7000000000000004e+25,2.4e+25,1.1589297439303207e+26,0.0
418.6666666666667,95.0037098314732,2.020000000000008e+27,7.730000000000038e+26,1.201000000000004e+27,1.2999999999999997e+25,3.3000000000000014e+25,2.021000000000026e+27,1.974000000000026e+27,2.7000000000000004e+25,1.9999999999999993e+25,1.142003202136761e+26,0.0
424.3888888888889,96.00408316730153,2.007000000000006e+27,7.660000000000037e+26,1.1910000000000024e+27,1.6999999999999995e+25,3.3000000000000014e+25,1.997000000000024e+27,1.9450000000000237e+27,3.3000000000000014e+25,1.8999999999999992e+25,1.1252967014020766e+26,0.0
430.1388888888889,97.00201179804219,1.9620000000000102e+27,7.300000000000033e+26,1.188000000000007e+27,9.999999999999999e+24,3.4000000000000016e+25,1.960000000000021e+27,1.909000000000021e+27,3.3000000000000014e+25,1.7999999999999992e+25,1.1088297966969677e+26,0.0
435.94444444444446,98.00225522913274,1.927000000000011e+27,7.480000000000035e+26,1.1350000000000074e+27,1.0999999999999998e+25,3.3000000000000014e+25,1.9760000000000218e+27,1.9200000000000218e+27,3.600000000000002e+25,1.9999999999999993e+25,1.092522306366969e+26,0.0
441.80555555555554,99.00469573160404,1.933000000000011e+27,7.780000000000038e+26,1.1090000000000072e+27,1.3999999999999997e+25,3.2000000000000012e+25,1.9200000000000182e+27,1.8760000000000183e+27,3.000000000000001e+25,1.3999999999999994e+25,1.076380586569075e+26,0.0
447.69444444444446,100.00453090825812,1.9150000000000112e+27,7.93000000000004e+26,1.0740000000000068e+27,1.4999999999999996e+25,3.3000000000000014e+25,1.9920000000000239e+27,1.947000000000024e+27,2.8000000000000006e+25,1.6999999999999993e+25,1.0604893193035032e+26,0.0
453.6111111111111,101.00175353963624,1.9030000000000108e+27,7.650000000000037e+26,1.092000000000007e+27,1.2999999999999995e+25,3.3000000000000014e+25,1.8910000000000162e+27,1.8490000000000161e+27,2.0999999999999995e+25,2.0999999999999995e+25,1.0448455008213304e+26,0.0
459.5833333333333,102.00099763528448,1.894000000000011e+27,7.590000000000037e+26,1.0840000000000069e+27,1.8999999999999994e+25,3.2000000000000012e+25,1.960000000000022e+27,1.9210000000000218e+27,2.7000000000000004e+25,1.1999999999999996e+25,1.029382557859175e+26,0.0
465.6111111111111,103.00216669864648,1.8390000000000104e+27,7.250000000000033e+26,1.0700000000000068e+27,1.1999999999999998e+25,3.2000000000000012e+25,1.8440000000000133e+27,1.8110000000000132e+27,2.6000000000000003e+25,6.999999999999998e+24,1.0140985601994462e+26,0.0
471.6666666666667,104.00060320128375,1.8930000000000106e+27,8.02000000000004e+26,1.0390000000000064e+27,2.099999999999999e+25,3.100000000000001e+25,1.9090000000000184e+27,1.8770000000000184e+27,1.7999999999999992e+25,1.3999999999999994e+25,9.990666261303605e+25,0.0
477.77777777777777,105.00084274225128,1.9280000000000108e+27,8.290000000000044e+26,1.0520000000000066e+27,1.5999999999999995e+25,3.100000000000001e+25,1.867000000000015e+27,1.834000000000015e+27,2.1999999999999996e+25,1.0999999999999996e+25,9.842319393727682e+25,0.0
483.94444444444446,106.0028066876323,1.8660000000000103e+27,7.810000000000039e+26,1.0410000000000065e+27,1.2999999999999997e+25,3.100000000000001e+25,1.8400000000000124e+27,1.8010000000000124e+27,3.2000000000000012e+25,6.999999999999998e+24,9.695897162067205e+25,0.0
490.1388888888889,107.00194255342012,1.8830000000000106e+27,8.02000000000004e+26,1.0400000000000065e+27,9.999999999999999e+24,3.100000000000001e+25,1.8010000000000093e+27,1.7630000000000094e+27,2.7000000000000004e+25,1.0999999999999996e+25,9.55201451396942e+25,0.0
496.3888888888889,108.00270655282571,1.8680000000000102e+27,7.87000000000004e+26,1.0340000000000064e+27,1.5999999999999995e+25,3.100000000000001e+25,1.8500000000000135e+27,1.8140000000000134e+27,2.0999999999999995e+25,1.4999999999999994e+25,9.41013692054495e+25,0.0
502.6666666666667,109.00062298829323,1.943000000000011e+27,8.470000000000046e+26,1.0480000000000065e+27,1.7999999999999994e+25,3.000000000000001e+25,1.8220000000000113e+27,1.7880000000000113e+27,2.3e+25,1.0999999999999996e+25,9.27086655017768e+25,0.0
509.0,110.00008179206071,1.9140000000000108e+27,8.290000000000044e+26,1.0370000000000065e+27,1.6999999999999995e+25,3.100000000000001e+25,1.8120000000000094e+27,1.7660000000000096e+27,2.3e+25,2.3e+25,9.133647376879913e+25,0.0
515.3888888888889,111.00101797174091,1.9100000000000108e+27,8.420000000000045e+26,1.0260000000000063e+27,1.1999999999999998e+25,3.000000000000001e+25,1.8790000000000155e+27,1.8400000000000154e+27,2.4e+25,1.4999999999999994e+25,8.998467224532468e+25,0.0
521.8333333333334,112.00336803451523,1.8740000000000104e+27,8.330000000000044e+26,1.003000000000006e+27,7.999999999999999e+24,3.000000000000001e+25,1.802000000000009e+27,1.7550000000000087e+27,2.9000000000000008e+25,1.7999999999999992e+25,8.865336954904204e+25,0.0
528.3055555555555,113.00280261274298,1.8320000000000099e+27,8.090000000000042e+26,9.740000000000058e+26,1.8999999999999994e+25,3.000000000000001e+25,1.8400000000000113e+27,1.7890000000000114e+27,3.5000000000000017e+25,1.5999999999999993e+25,8.734900019335392e+25,0.0
534.8333333333334,114.00359671351458,1.8140000000000098e+27,8.070000000000042e+26,9.680000000000057e+26,9.999999999999999e+24,2.9000000000000008e+25,1.8460000000000126e+27,1.8040000000000126e+27,2.1999999999999996e+25,1.9999999999999993e+25,8.60651808579459e+25,0.0
541.3888888888889,115.00149079511755,1.7790000000000095e+27,8.420000000000045e+26,8.950000000000049e+26,1.1999999999999998e+25,3.000000000000001e+25,1.8260000000000113e+27,1.7860000000000112e+27,2.9000000000000008e+25,1.0999999999999996e+25,8.480737716070842e+25,0.0
548.0,116.00070777679935,1.8690000000000103e+27,8.460000000000045e+26,9.780000000000058e+26,1.5999999999999995e+25,2.9000000000000008e+25,1.8450000000000136e+27,1.8180000000000137e+27,1.6999999999999993e+25,9.999999999999997e+24,8.3571163128528e+25,0.0
554.6666666666666,117.00120262975878,1.84200000000001e+27,8.330000000000044e+26,9.640000000000057e+26,1.5999999999999995e+25,2.9000000000000008e+25,1.797000000000009e+27,1.759000000000009e+27,1.9999999999999993e+25,1.7999999999999992e+25,8.23558477969447e+25,0.0
561.3888888888889,118.0029353228727,1.7560000000000094e+27,8.260000000000043e+26,8.870000000000048e+26,1.3999999999999997e+25,2.9000000000000008e+25,1.8140000000000104e+27,1.7760000000000104e+27,1.9999999999999993e+25,1.7999999999999992e+25,8.116139005628698e+25,0.0
568.1388888888889,119.00177384290646,1.84400000000001e+27,8.530000000000046e+26,9.470000000000055e+26,1.5999999999999995e+25,2.8000000000000006e+25,1.7690000000000076e+27,1.7420000000000077e+27,1.9999999999999993e+25,6.999999999999998e+24,7.999374000761035e+25,0.0
574.9444444444445,120.00184167320833,1.82900000000001e+27,8.740000000000046e+26,9.150000000000051e+26,1.1999999999999998e+25,2.8000000000000006e+25,1.7810000000000072e+27,1.734000000000007e+27,3.5000000000000017e+25,1.1999999999999996e+25,7.88472297614415e+25,0.0
581.8055555555555,121.00310641539102,1.7990000000000097e+27,8.470000000000046e+26,9.100000000000051e+26,1.2999999999999997e+25,2.9000000000000008e+25,1.750000000000005e+27,1.709000000000005e+27,2.5e+25,1.5999999999999993e+25,7.772147297393135e+25,0.0
588.6944444444445,122.00153464038442,1.7920000000000095e+27,8.720000000000045e+26,8.770000000000049e+26,1.3999999999999997e+25,2.9000000000000008e+25,1.7610000000000073e+27,1.734000000000007e+27,1.8999999999999992e+25,7.999999999999998e+24,7.662143840844814e+25,0.0
595.6388888888889,123.001167111288,1.8200000000000078e+27,8.820000000000027e+26,8.950000000000049e+26,1.4999999999999996e+25,2.8000000000000006e+25,1.7870000000000082e+27,1.7480000000000082e+27,2.9000000000000008e+25,9.999999999999997e+24,7.554266680802596e+25,0.0
602.6388888888889,124.00198773156302,1.7500000000000092e+27,8.200000000000042e+26,8.780000000000048e+26,2.399999999999999e+25,2.8000000000000006e+25,1.878000000000016e+27,1.846000000000016e+27,2.1999999999999996e+25,9.999999999999997e+24,7.448505796126838e+25,0.0
609.6666666666666,125.00005216074095,1.802000000000008e+27,8.720000000000031e+26,8.910000000000049e+26,1.0999999999999998e+25,2.8000000000000006e+25,1.7690000000000074e+27,1.7400000000000075e+27,1.9999999999999993e+25,8.999999999999997e+24,7.345323090602967e+25,0.0
616.7777777777778,126.00323504777401,1.793000000000007e+27,8.960000000000021e+26,8.570000000000047e+26,1.1999999999999998e+25,2.8000000000000006e+25,1.7610000000000065e+27,1.7260000000000064e+27,2.4e+25,1.0999999999999996e+25,7.2438064551341035e+25,0.0
623.9166666666666,127.00369671104431,1.7480000000000093e+27,8.340000000000044e+26,8.820000000000049e+26,4.999999999999999e+24,2.7000000000000004e+25,1.7420000000000055e+27,1.7130000000000054e+27,1.7999999999999992e+25,1.0999999999999996e+25,7.144802109230363e+25,0.0
631.0833333333334,128.00150852989015,1.8800000000000068e+27,9.290000000000014e+26,9.050000000000052e+26,1.8999999999999994e+25,2.7000000000000004e+25,1.80100000000001e+27,1.7690000000000098e+27,1.7999999999999992e+25,1.3999999999999994e+25,7.048235229161202e+25,0.0
638.3055555555555,129.00057443309555,1.804000000000006e+27,8.960000000000016e+26,8.670000000000046e+26,1.3999999999999997e+25,2.7000000000000004e+25,1.7800000000000085e+27,1.7510000000000084e+27,1.4999999999999994e+25,1.3999999999999994e+25,6.953750241994174e+25,0.0
645.5833333333334,130.00089729514121,1.8640000000000052e+27,9.340000000000007e+26,8.830000000000048e+26,1.9999999999999993e+25,2.7000000000000004e+25,1.7830000000000082e+27,1.7480000000000082e+27,2.1999999999999996e+25,1.2999999999999995e+25,6.861300576461683e+25,0.0
652.9166666666666,131.00248467628364,1.830000000000006e+27,9.200000000000013e+26,8.630000000000047e+26,2.099999999999999e+25,2.6000000000000003e+25,1.765000000000008e+27,1.7430000000000078e+27,1.4999999999999994e+25,6.999999999999998e+24,6.770921823871974e+25,0.0
660.2777777777778,132.0015881860785,1.8050000000000053e+27,9.250000000000007e+26,8.400000000000044e+26,1.3999999999999997e+25,2.6000000000000003e+25,1.8560000000000137e+27,1.8160000000000135e+27,2.8000000000000006e+25,1.1999999999999996e+25,6.682982913154821e+25,0.0
667.6944444444445,133.0020268245844,1.856000000000004e+27,9.579999999999996e+26,8.550000000000045e+26,1.6999999999999995e+25,2.6000000000000003e+25,1.9270000000000196e+27,1.8900000000000194e+27,2.1999999999999996e+25,1.4999999999999994e+25,6.59702343048905e+25,0.0
675.1388888888889,134.00010340553206,1.827000000000004e+27,9.489999999999993e+26,8.450000000000046e+26,7e+24,2.6000000000000003e+25,1.8530000000000137e+27,1.8160000000000135e+27,2.6000000000000003e+25,1.0999999999999996e+25,6.5133800499271095e+25,0.0
682.6666666666666,135.00328961825358,1.8520000000000046e+27,9.379999999999997e+26,8.680000000000047e+26,1.9999999999999993e+25,2.6000000000000003e+25,1.8760000000000166e+27,1.8540000000000165e+27,1.3999999999999994e+25,7.999999999999998e+24,6.431492492727543e+25,0.0
690.1944444444445,136.00053234791966,1.860000000000002e+27,9.669999999999974e+26,8.520000000000046e+26,1.5999999999999995e+25,2.5e+25,1.8700000000000162e+27,1.848000000000016e+27,1.3999999999999994e+25,7.999999999999998e+24,6.352122216022994e+25,0.0
697.8055555555555,137.0029339738603,1.850000000000003e+27,9.389999999999981e+26,8.760000000000048e+26,8.999999999999998e+24,2.6000000000000003e+25,1.8880000000000162e+27,1.8500000000000162e+27,2.0999999999999995e+25,1.6999999999999993e+25,6.274479159767748e+25,0.0
705.4444444444445,138.00320668359944,1.8830000000000023e+27,9.719999999999977e+26,8.690000000000048e+26,1.6999999999999995e+25,2.5e+25,1.853000000000014e+27,1.8200000000000139e+27,2.0999999999999995e+25,1.1999999999999996e+25,6.1990859500672855e+25,0.0
713.1111111111111,139.0014457046654,1.892000000000004e+27,9.819999999999991e+26,8.710000000000047e+26,1.2999999999999997e+25,2.6000000000000003e+25,1.9330000000000195e+27,1.8900000000000194e+27,3.3000000000000014e+25,9.999999999999997e+24,6.125866245698564e+25,0.0
720.8333333333334,140.00133464137133,1.8210000000000035e+27,9.539999999999993e+26,8.260000000000043e+26,1.5999999999999995e+25,2.5e+25,1.9510000000000217e+27,1.9210000000000218e+27,2.4e+25,5.999999999999999e+24,6.054533512144185e+25,0.0
728.6111111111111,141.0029134908986,1.9490000000000015e+27,9.99999999999996e+26,9.050000000000052e+26,1.7999999999999994e+25,2.6000000000000003e+25,1.9730000000000232e+27,1.935000000000023e+27,3.3000000000000014e+25,4.999999999999999e+24,5.985147410497757e+25,0.0
736.4166666666666,142.00267586219564,1.9460000000000018e+27,9.709999999999969e+26,9.380000000000047e+26,1.1999999999999998e+25,2.5e+25,1.9760000000000237e+27,1.9450000000000237e+27,2.1999999999999996e+25,8.999999999999997e+24,5.917924599955074e+25,0.0
744.25,143.00072468451367,1.9969999999999995e+27,1.0609999999999947e+27,8.990000000000048e+26,1.2999999999999997e+25,2.4e+25,1.9440000000000206e+27,1.9070000000000207e+27,3.000000000000001e+25,6.999999999999998e+24,5.852800162327755e+25,0.0
752.1388888888889,144.0006752981331,2.0229999999999994e+27,1.0549999999999939e+27,9.210000000000053e+26,2.199999999999999e+25,2.5e+25,2.0660000000000308e+27,2.0340000000000307e+27,2.0999999999999995e+25,1.0999999999999996e+25,5.789501115609224e+25,0.0
760.0833333333334,145.00258010036492,2.035999999999999e+27,1.0599999999999936e+27,9.330000000000054e+26,1.7999999999999994e+25,2.5e+25,2.018000000000028e+27,2.000000000000028e+27,1.0999999999999996e+25,6.999999999999998e+24,5.728019919740093e+25,0.0
768.0555555555555,146.00301664643388,2.0579999999999975e+27,1.0679999999999925e+27,9.460000000000048e+26,1.8999999999999994e+25,2.5e+25,2.003000000000025e+27,1.961000000000025e+27,2.9000000000000008e+25,1.2999999999999995e+25,5.668603085021922e+25,0.0
776.0555555555555,147.0020943844911,2.0229999999999977e+27,1.0619999999999938e+27,9.16000000000004e+26,2.099999999999999e+25,2.4e+25,2.1000000000000332e+27,2.0650000000000332e+27,2.7000000000000004e+25,7.999999999999998e+24,5.6112106369852425e+25,0.0
784.1111111111111,148.00336803540745,2.0599999999999938e+27,1.053999999999993e+27,9.65000000000001e+26,1.6999999999999995e+25,2.4e+25,2.058000000000029e+27,2.013000000000029e+27,3.700000000000002e+25,7.999999999999998e+24,5.555643318062804e+25,0.0
792.1666666666666,149.0000442793122,2.0689999999999983e+27,1.0799999999999929e+27,9.470000000000055e+26,1.7999999999999994e+25,2.4e+25,2.1240000000000354e+27,2.0940000000000355e+27,1.9999999999999993e+25,9.999999999999997e+24,5.502139307892984e+25,0.0
800.3055555555555,150.00252333860834,2.169999999999991e+27,1.1019999999999905e+27,1.0170000000000005e+27,2.699999999999999e+25,2.4e+25,2.1060000000000342e+27,2.075000000000034e+27,2.6000000000000003e+25,4.999999999999999e+24,5.450215392894084e+25,0.0
808.4444444444445,151.00063277970924,2.1679999999999946e+27,1.1179999999999919e+27,1.0090000000000026e+27,1.6999999999999995e+25,2.4e+25,2.1780000000000394e+27,2.1450000000000395e+27,2.3e+25,9.999999999999997e+24,5.400391585079024e+25,0.0
816.6388888888889,152.00130424340455,2.1389999999999934e+27,1.0989999999999924e+27,1.000000000000001e+27,1.5999999999999995e+25,2.4e+25,2.2210000000000422e+27,2.178000000000042e+27,3.100000000000001e+25,1.1999999999999996e+25,5.352354806768489e+25,0.0
824.8611111111111,153.00123901241943,2.1909999999999942e+27,1.1289999999999911e+27,1.0150000000000031e+27,2.399999999999999e+25,2.3e+25,2.162000000000038e+27,2.125000000000038e+27,3.3000000000000014e+25,4e+24,5.306133700288327e+25,0.0
833.1111111111111,154.00055885210145,2.227999999999989e+27,1.1319999999999902e+27,1.0529999999999987e+27,1.8999999999999994e+25,2.4e+25,2.2480000000000443e+27,2.2090000000000446e+27,3.000000000000001e+25,8.999999999999997e+24,5.261750357603416e+25,0.0
841.4166666666666,155.00272981664625,2.345999999999984e+27,1.2239999999999868e+27,1.0759999999999972e+27,2.2999999999999994e+25,2.3e+25,2.2730000000000477e+27,2.2460000000000475e+27,2.1999999999999996e+25,4.999999999999999e+24,5.219055775192748e+25,0.0
849.7222222222222,156.0011700755722,2.306999999999986e+27,1.1429999999999897e+27,1.1119999999999962e+27,2.799999999999999e+25,2.4e+25,2.1860000000000405e+27,2.1590000000000406e+27,2.4e+25,3e+24,5.178316578725414e+25,0.0
858.0833333333334,157.00268118335168,2.3309999999999813e+27,1.1969999999999857e+27,1.0909999999999956e+27,1.9999999999999993e+25,2.3e+25,2.301000000000049e+27,2.2630000000000488e+27,3.3000000000000014e+25,4.999999999999999e+24,5.139275113714037e+25,0.0
866.4444444444445,158.0007348925617,2.4229999999999853e+27,1.2479999999999871e+27,1.1259999999999981e+27,2.499999999999999e+25,2.4e+25,2.3620000000000536e+27,2.3250000000000537e+27,2.7000000000000004e+25,9.999999999999997e+24,5.1020540880685125e+25,0.0
874.8611111111111,159.00208821288254,2.4229999999999845e+27,1.2379999999999864e+27,1.1379999999999983e+27,2.2999999999999994e+25,2.4e+25,2.3840000000000556e+27,2.3500000000000557e+27,3.2000000000000012e+25,2e+24,5.0665001218097725e+25,0.0
883.2777777777778,160.00025933470397,2.4509999999999787e+27,1.2329999999999853e+27,1.1629999999999935e+27,3.1000000000000002e+25,2.4e+25,2.564000000000069e+27,2.5250000000000695e+27,3.2000000000000012e+25,6.999999999999998e+24,5.032814391160184e+25,0.0
891.75,161.00196680944464,2.3619999999999808e+27,1.1719999999999882e+27,1.1419999999999928e+27,2.499999999999999e+25,2.3e+25,2.516000000000066e+27,2.479000000000066e+27,3.000000000000001e+25,6.999999999999998e+24,5.000716918391092e+25,0.0
900.2222222222222,162.00077043789133,2.477999999999981e+27,1.2459999999999856e+27,1.1829999999999955e+27,2.599999999999999e+25,2.3e+25,2.540000000000069e+27,2.5150000000000687e+27,2.3e+25,2e+24,4.970453196448218e+25,0.0
908.7222222222222,163.00009270882845,2.526999999999981e+27,1.2799999999999855e+27,1.1909999999999953e+27,3.1999999999999987e+25,2.4e+25,2.5580000000000693e+27,2.520000000000069e+27,2.9000000000000008e+25,8.999999999999997e+24,4.941813069644566e+25,0.0
917.25,164.00006570382595,2.6419999999999754e+27,1.3429999999999825e+27,1.251999999999992e+27,2.399999999999999e+25,2.3e+25,2.650000000000077e+27,2.620000000000077e+27,2.7000000000000004e+25,3e+24,4.914880567253481e+25,0.0
925.8055555555555,165.00082350292575,2.6109999999999735e+27,1.3089999999999834e+27,1.2509999999999899e+27,2.799999999999999e+25,2.3e+25,2.554000000000069e+27,2.518000000000069e+27,3.100000000000001e+25,4.999999999999999e+24,4.8896320616843724e+25,0.0
934.3888888888889,166.00250308186526,2.6569999999999765e+27,1.3299999999999837e+27,1.2779999999999928e+27,2.599999999999999e+25,2.3e+25,2.68300000000008e+27,2.6500000000000794e+27,3.000000000000001e+25,3e+24,4.866058624960064e+25,0.0
942.9722222222222,167.0020097515103,2.674999999999974e+27,1.3249999999999828e+27,1.286999999999991e+27,4.100000000000001e+25,2.1999999999999996e+25,2.6360000000000755e+27,2.598000000000075e+27,3.5000000000000017e+25,3e+24,4.844142860553418e+25,0.0
951.5833333333334,168.00272794573777,2.639999999999977e+27,1.303999999999986e+27,1.2749999999999912e+27,3.899999999999999e+25,2.1999999999999996e+25,2.6870000000000795e+27,2.6520000000000795e+27,3.2000000000000012e+25,3e+24,4.823872234595274e+25,0.0
960.1944444444445,169.00157887164505,2.774999999999969e+27,1.405999999999981e+27,1.3119999999999878e+27,3.3999999999999994e+25,2.3e+25,2.7340000000000827e+27,2.687000000000082e+27,3.800000000000002e+25,8.999999999999997e+24,4.805310434493948e+25,0.0
968.8333333333334,170.00193489579874,2.759999999999977e+27,1.3599999999999847e+27,1.3459999999999919e+27,3.1e+25,2.3e+25,2.7580000000000846e+27,2.712000000000084e+27,4.3000000000000026e+25,3e+24,4.78837655136631e+25,0.0
977.4722222222222,171.00072881090534,2.7939999999999736e+27,1.3929999999999832e+27,1.3499999999999902e+27,2.8999999999999995e+25,2.1999999999999996e+25,2.789000000000087e+27,2.7510000000000873e+27,3.4000000000000016e+25,4e+24,4.773047441858704e+25,0.0
986.1388888888889,172.0013236948514,2.774999999999974e+27,1.381999999999984e+27,1.3359999999999894e+27,3.3999999999999985e+25,2.3e+25,2.8950000000000954e+27,2.8520000000000953e+27,3.5000000000000017e+25,7.999999999999998e+24,4.759334923178113e+25,0.0
994.8055555555555,173.0006633570681,2.843999999999966e+27,1.4049999999999806e+27,1.3899999999999854e+27,2.699999999999999e+25,2.1999999999999996e+25,2.868000000000093e+27,2.8290000000000935e+27,3.5000000000000017e+25,4e+24,4.747298371699774e+25,0.0
1003.5,174.00210529194908,2.963999999999971e+27,1.4509999999999823e+27,1.4559999999999887e+27,3.4e+25,2.3e+25,2.878000000000094e+27,2.838000000000094e+27,3.2000000000000012e+25,7.999999999999998e+24,4.736863831905863e+25,0.0
1012.1944444444445,175.0026011036707,2.9759999999999665e+27,1.4659999999999804e+27,1.444999999999986e+27,4.2e+25,2.3e+25,2.9130000000000974e+27,2.8790000000000974e+27,2.8000000000000006e+25,5.999999999999999e+24,4.727995381470838e+25,0.0
1020.8888888888889,176.0023102886289,2.9489999999999666e+27,1.452999999999981e+27,1.4439999999999853e+27,2.8999999999999986e+25,2.3e+25,2.942000000000099e+27,2.902000000000099e+27,3.600000000000002e+25,4e+24,4.720772621719573e+25,0.0
1029.5833333333333,177.00139034329084,2.991999999999965e+27,1.45799999999998e+27,1.4749999999999847e+27,3.7e+25,2.1999999999999996e+25,2.971000000000102e+27,2.934000000000102e+27,3.4000000000000016e+25,3e+24,4.7151930167521725e+25,0.0
1038.3055555555557,178.003188656431,2.9859999999999624e+27,1.4809999999999783e+27,1.448999999999984e+27,3.3999999999999985e+25,2.1999999999999996e+25,2.935000000000098e+27,2.889000000000098e+27,4.200000000000002e+25,4e+24,4.711200135955487e+25,0.0
1047.0,179.0014811897205,3.079999999999966e+27,1.4999999999999804e+27,1.5249999999999854e+27,3.1999999999999987e+25,2.3e+25,3.105000000000112e+27,3.066000000000112e+27,3.5000000000000017e+25,4e+24,4.708783258512181e+25,0.0
1055.7222222222222,180.00280533180137,3.0449999999999654e+27,1.4969999999999807e+27,1.4909999999999846e+27,3.499999999999999e+25,2.1999999999999996e+25,3.113000000000112e+27,3.064000000000112e+27,4.400000000000003e+25,4.999999999999999e+24,4.707942743153847e+25,0.0
1064.4166666666667,181.00094047201787,3.0709999999999625e+27,1.4889999999999787e+27,1.526999999999984e+27,3.2999999999999992e+25,2.1999999999999996e+25,3.1680000000001164e+27,3.1210000000001165e+27,4.200000000000002e+25,4.999999999999999e+24,4.708789232364901e+25,0.0
1073.138888888889,182.00242271385252,3.095999999999962e+27,1.500999999999979e+27,1.531999999999983e+27,3.999999999999999e+25,2.3e+25,3.1610000000001164e+27,3.116000000000116e+27,3.700000000000002e+25,7.999999999999998e+24,4.711198282637347e+25,0.0
1081.8333333333333,183.0010301615132,3.095999999999967e+27,1.52099999999998e+27,1.513999999999987e+27,3.799999999999999e+25,2.3e+25,3.055000000000108e+27,3.013000000000108e+27,3.800000000000002e+25,4e+24,4.715187473871471e+25,0.0
1090.5277777777778,184.00010889541022,3.145999999999964e+27,1.532999999999979e+27,1.5469999999999843e+27,4.300000000000001e+25,2.3e+25,3.179000000000117e+27,3.1350000000001176e+27,4.000000000000002e+25,4e+24,4.720782122827888e+25,0.0
1099.25,185.00301222959456,3.163999999999962e+27,1.5479999999999784e+27,1.5509999999999833e+27,4.199999999999999e+25,2.3e+25,3.1190000000001125e+27,3.074000000000113e+27,4.100000000000002e+25,4e+24,4.728036274320722e+25,0.0
1107.9166666666667,186.00031155818021,3.153999999999962e+27,1.5199999999999808e+27,1.5749999999999808e+27,3.6000000000000006e+25,2.3e+25,3.146000000000115e+27,3.103000000000115e+27,3.700000000000002e+25,5.999999999999999e+24,4.736877998890726e+25,0.0
1116.611111111111,187.00175055519276,3.162999999999968e+27,1.5559999999999823e+27,1.545999999999985e+27,3.799999999999999e+25,2.3e+25,3.191000000000118e+27,3.1450000000001184e+27,4.000000000000002e+25,5.999999999999999e+24,4.747346044543749e+25,0.0
1125.2777777777778,188.0010891059793,3.257999999999963e+27,1.555999999999981e+27,1.637999999999982e+27,4.099999999999999e+25,2.3e+25,3.331000000000129e+27,3.281000000000129e+27,4.100000000000002e+25,8.999999999999997e+24,4.759389368195332e+25,0.0
1133.9444444444443,189.00168167577658,3.1989999999999616e+27,1.5479999999999792e+27,1.5949999999999824e+27,3.2999999999999984e+25,2.3e+25,3.3010000000001263e+27,3.2460000000001264e+27,5.000000000000004e+25,4.999999999999999e+24,4.773080917894172e+25,0.0
1142.5833333333333,190.00047290059968,3.2489999999999584e+27,1.575999999999978e+27,1.60599999999998e+27,4.399999999999999e+25,2.3e+25,3.235000000000122e+27,3.192000000000122e+27,3.600000000000002e+25,6.999999999999998e+24,4.788411891649182e+25,0.0
1151.2222222222222,191.00082563776618,3.303999999999965e+27,1.59399999999998e+27,1.6439999999999846e+27,4.399999999999999e+25,2.1999999999999996e+25,3.32400000000013e+27,3.29300000000013e+27,2.5e+25,5.999999999999999e+24,4.805368128153007e+25,0.0
1159.861111111111,192.00289874806288,3.2529999999999653e+27,1.5749999999999802e+27,1.613999999999985e+27,4.099999999999999e+25,2.3e+25,3.307000000000128e+27,3.265000000000128e+27,3.600000000000002e+25,5.999999999999999e+24,4.824000911267959e+25,0.0
1168.4444444444443,193.00038891319707,3.28799999999996e+27,1.6139999999999786e+27,1.6079999999999812e+27,4.299999999999999e+25,2.3e+25,3.312000000000128e+27,3.267000000000128e+27,4.000000000000002e+25,4.999999999999999e+24,4.844182762675885e+25,0.0
1177.0555555555557,194.0031302259797,3.364999999999959e+27,1.615999999999979e+27,1.6809999999999793e+27,4.4999999999999994e+25,2.3e+25,3.3340000000001295e+27,3.281000000000129e+27,4.500000000000003e+25,7.999999999999998e+24,4.866172594843276e+25,0.0
1185.611111111111,195.00156736180475,3.3419999999999624e+27,1.5819999999999808e+27,1.6959999999999815e+27,4.1000000000000005e+25,2.3e+25,3.432000000000138e+27,3.390000000000138e+27,3.800000000000002e+25,4e+24,4.889691078852181e+25,0.0
1194.1666666666667,196.0023216648766,3.3769999999999613e+27,1.61499999999998e+27,1.7049999999999811e+27,3.3999999999999985e+25,2.3e+25,3.4980000000001424e+27,3.445000000000142e+27,4.3000000000000026e+25,9.999999999999997e+24,4.9149575406827105e+25,0.0
1202.6944444444443,197.0022898742635,3.337999999999964e+27,1.609999999999982e+27,1.6709999999999818e+27,3.3999999999999994e+25,2.3e+25,3.387000000000133e+27,3.329000000000133e+27,5.100000000000004e+25,6.999999999999998e+24,4.941889417609089e+25,0.0
1211.1944444444443,198.0016080138712,3.3829999999999574e+27,1.635999999999977e+27,1.6949999999999804e+27,2.8999999999999986e+25,2.3e+25,3.4170000000001355e+27,3.3610000000001355e+27,5.400000000000004e+25,2e+24,4.9704988633763905e+25,0.0
1219.6666666666667,199.00040722140602,3.360999999999964e+27,1.5999999999999822e+27,1.689999999999982e+27,4.700000000000001e+25,2.4e+25,3.3180000000001293e+27,3.2870000000001296e+27,2.6000000000000003e+25,4.999999999999999e+24,5.000822543295863e+25,0.0
1228.138888888889,200.0021098835973,3.403999999999963e+27,1.657999999999981e+27,1.6889999999999818e+27,3.3999999999999985e+25,2.3e+25,3.3410000000001317e+27,3.314000000000132e+27,2.1999999999999996e+25,4.999999999999999e+24,5.032885205405235e+25,0.0
1236.5555555555557,201.00027654922826,3.425999999999959e+27,1.6709999999999768e+27,1.6939999999999817e+27,3.6999999999999995e+25,2.4e+25,3.457000000000139e+27,3.4110000000001394e+27,3.5000000000000017e+25,1.0999999999999996e+25,5.066607804072003e+25,0.0
1244.9722222222222,202.0016248860253,3.4079999999999583e+27,1.6409999999999794e+27,1.7119999999999787e+27,3.1e+25,2.4e+25,3.423000000000137e+27,3.3760000000001366e+27,3.700000000000002e+25,9.999999999999997e+24,5.102149037633319e+25,0.0
1253.361111111111,203.00299505082103,3.420999999999955e+27,1.631999999999978e+27,1.7279999999999764e+27,3.7000000000000007e+25,2.4e+25,3.46300000000014e+27,3.42200000000014e+27,3.5000000000000017e+25,5.999999999999999e+24,5.1394741906039315e+25,0.0
1261.6944444444443,204.00118015549413,3.4209999999999615e+27,1.624999999999982e+27,1.7329999999999795e+27,4e+25,2.3e+25,3.5240000000001445e+27,3.4770000000001446e+27,4.000000000000002e+25,6.999999999999998e+24,5.178449224128101e+25,0.0
1270.0277777777778,205.00296053253987,3.467999999999956e+27,1.6419999999999787e+27,1.7669999999999772e+27,3.4999999999999987e+25,2.4e+25,3.4920000000001425e+27,3.4500000000001425e+27,3.700000000000002e+25,4.999999999999999e+24,5.21928688136628e+25,0.0
1278.3055555555557,206.00178095887702,3.3729999999999605e+27,1.60899999999998e+27,1.6929999999999808e+27,4.7e+25,2.4e+25,3.348000000000131e+27,3.307000000000131e+27,3.700000000000002e+25,4e+24,5.261865267715703e+25,0.0
1286.5555555555557,207.00109669851645,3.480999999999955e+27,1.6549999999999775e+27,1.7659999999999774e+27,3.6000000000000006e+25,2.4e+25,3.3350000000001296e+27,3.2850000000001295e+27,4.000000000000002e+25,9.999999999999997e+24,5.3062447143779375e+25,0.0
1294.7777777777778,208.00102783417128,3.385999999999962e+27,1.581999999999983e+27,1.7499999999999784e+27,2.9999999999999988e+25,2.4e+25,3.452000000000138e+27,3.394000000000138e+27,5.200000000000004e+25,5.999999999999999e+24,5.352492560388578e+25,0.0
1302.9722222222222,209.00169262942507,3.417999999999959e+27,1.6189999999999793e+27,1.7279999999999797e+27,4.7e+25,2.4e+25,3.4340000000001374e+27,3.3860000000001374e+27,3.600000000000002e+25,1.1999999999999996e+25,5.400540768721533e+25,0.0
1311.138888888889,210.00321263611045,3.385999999999959e+27,1.6329999999999785e+27,1.68799999999998e+27,4.1e+25,2.4e+25,3.312000000000129e+27,3.2730000000001285e+27,3.000000000000001e+25,8.999999999999997e+24,5.450539595464829e+25,0.0
1319.25,211.00227362787507,3.366999999999959e+27,1.6279999999999778e+27,1.669999999999981e+27,4.4e+25,2.5e+25,3.3590000000001314e+27,3.3100000000001314e+27,3.700000000000002e+25,1.1999999999999996e+25,5.502291908581157e+25,0.0
1327.3333333333333,212.00238942764133,3.3289999999999625e+27,1.5889999999999808e+27,1.6709999999999815e+27,4.399999999999999e+25,2.5e+25,3.3600000000001315e+27,3.3100000000001314e+27,4.200000000000002e+25,7.999999999999998e+24,5.555973524104688e+25,0.0
1335.361111111111,213.0002148378402,3.338999999999967e+27,1.598999999999984e+27,1.670999999999983e+27,4.4999999999999994e+25,2.4e+25,3.405000000000135e+27,3.356000000000135e+27,3.700000000000002e+25,1.1999999999999996e+25,5.611368077411556e+25,0.0
1343.388888888889,214.0027663720291,3.2719999999999624e+27,1.5409999999999817e+27,1.6809999999999815e+27,2.499999999999999e+25,2.5e+25,3.253000000000123e+27,3.203000000000123e+27,3.800000000000002e+25,1.1999999999999996e+25,5.668973824718198e+25,0.0
1351.361111111111,215.00321692049022,3.2919999999999645e+27,1.5649999999999816e+27,1.657999999999982e+27,4.500000000000001e+25,2.4e+25,3.2340000000001216e+27,3.1820000000001213e+27,4.200000000000002e+25,9.999999999999997e+24,5.7284096475913195e+25,0.0
1359.2777777777778,216.00162450948324,3.2899999999999616e+27,1.5679999999999813e+27,1.6559999999999809e+27,4.099999999999999e+25,2.5e+25,3.268000000000125e+27,3.227000000000125e+27,2.9000000000000008e+25,1.1999999999999996e+25,5.789690292016181e+25,0.0
1367.1666666666667,217.00157325006637,3.2619999999999677e+27,1.5499999999999838e+27,1.639999999999984e+27,4.7e+25,2.5e+25,3.250000000000123e+27,3.202000000000123e+27,3.900000000000002e+25,8.999999999999997e+24,5.85299289270809e+25,0.0
1375.0277777777778,218.00316791704165,3.2429999999999667e+27,1.5729999999999823e+27,1.599999999999984e+27,4.4999999999999994e+25,2.5e+25,3.32900000000013e+27,3.29000000000013e+27,3.600000000000002e+25,3e+24,5.91839459120616e+25,0.0
1382.8333333333333,219.0029484224907,3.1869999999999683e+27,1.543999999999983e+27,1.5829999999999858e+27,3.4999999999999996e+25,2.5e+25,3.19900000000012e+27,3.16300000000012e+27,3.000000000000001e+25,5.999999999999999e+24,5.985613499514919e+25,0.0
1390.5833333333333,220.0009585455,3.2389999999999603e+27,1.55099999999998e+27,1.6289999999999806e+27,3.3999999999999985e+25,2.5e+25,3.213000000000121e+27,3.1740000000001207e+27,3.100000000000001e+25,7.999999999999998e+24,6.054792924357675e+25,0.0
1398.3055555555557,221.00084608969462,3.152999999999964e+27,1.495999999999981e+27,1.5889999999999835e+27,4.3e+25,2.5e+25,3.4120000000001356e+27,3.3630000000001356e+27,3.5000000000000017e+25,1.3999999999999994e+25,6.12608061480888e+25,0.0
1406.0,222.00271295603068,3.20399999999996e+27,1.5409999999999798e+27,1.6029999999999805e+27,3.4e+25,2.6000000000000003e+25,3.243000000000121e+27,3.180000000000121e+27,4.100000000000002e+25,2.1999999999999996e+25,6.199589937869335e+25,0.0
1413.638888888889,223.00300771375987,3.1649999999999677e+27,1.530999999999983e+27,1.558999999999985e+27,4.9e+25,2.6000000000000003e+25,3.0920000000001104e+27,3.0440000000001104e+27,3.000000000000001e+25,1.7999999999999992e+25,6.275011352305828e+25,0.0
1421.2222222222222,224.00176337962773,3.165999999999969e+27,1.5319999999999826e+27,1.5709999999999862e+27,3.699999999999999e+25,2.6000000000000003e+25,3.145000000000114e+27,3.088000000000114e+27,5.000000000000004e+25,6.999999999999998e+24,6.352389845206515e+25,0.0
1428.7777777777778,225.0027004736594,3.155999999999964e+27,1.4819999999999833e+27,1.6019999999999813e+27,4.7e+25,2.5e+25,3.159000000000116e+27,3.1230000000001167e+27,2.5e+25,1.0999999999999996e+25,6.4320069577617444e+25,0.0
1436.2777777777778,226.0021977294989,3.069999999999966e+27,1.428999999999984e+27,1.576999999999982e+27,3.7999999999999983e+25,2.6000000000000003e+25,3.1820000000001175e+27,3.1320000000001174e+27,4.200000000000002e+25,7.999999999999998e+24,6.513674107986428e+25,0.0
1443.7222222222222,227.00027912761743,3.113999999999963e+27,1.4699999999999824e+27,1.588999999999981e+27,2.8999999999999986e+25,2.6000000000000003e+25,3.174000000000115e+27,3.102000000000115e+27,5.000000000000004e+25,2.1999999999999996e+25,6.5973375754414204e+25,0.0
1451.138888888889,228.00072299158808,3.220999999999965e+27,1.521999999999983e+27,1.6429999999999823e+27,2.9999999999999988e+25,2.6000000000000003e+25,3.150000000000115e+27,3.100000000000115e+27,3.5000000000000017e+25,1.4999999999999994e+25,6.683296006899708e+25,0.0
1458.5277777777778,229.00361427550683,3.1149999999999687e+27,1.5129999999999836e+27,1.5449999999999853e+27,3.099999999999999e+25,2.6000000000000003e+25,3.2150000000001184e+27,3.1490000000001187e+27,4.800000000000003e+25,1.7999999999999992e+25,6.77161650199116e+25,0.0
1465.8333333333333,230.0014265173503,3.217999999999965e+27,1.5139999999999842e+27,1.636999999999981e+27,4.099999999999999e+25,2.6000000000000003e+25,3.0500000000001065e+27,2.997000000000107e+27,4.100000000000002e+25,1.1999999999999996e+25,6.861605520229711e+25,0.0
1473.111111111111,231.00175734020513,3.071999999999967e+27,1.4539999999999833e+27,1.5479999999999836e+27,4.299999999999999e+25,2.7000000000000004e+25,3.1230000000001117e+27,3.0570000000001115e+27,4.500000000000003e+25,2.0999999999999995e+25,6.954055634471491e+25,0.0
1480.3333333333333,232.00083072745326,3.087999999999965e+27,1.513999999999982e+27,1.513999999999983e+27,3.2999999999999984e+25,2.7000000000000004e+25,3.070000000000109e+27,3.029000000000109e+27,3.4000000000000016e+25,6.999999999999998e+24,7.048572217707958e+25,0.0
1487.5277777777778,233.00253383633162,3.0629999999999635e+27,1.4559999999999824e+27,1.5489999999999812e+27,3.099999999999999e+25,2.7000000000000004e+25,3.1540000000001147e+27,3.103000000000115e+27,3.3000000000000014e+25,1.7999999999999992e+25,7.145546406521885e+25,0.0
1494.6666666666667,234.00303077492856,3.0629999999999707e+27,1.4589999999999843e+27,1.526999999999986e+27,5e+25,2.7000000000000004e+25,3.1390000000001135e+27,3.0830000000001135e+27,4.3000000000000026e+25,1.2999999999999995e+25,7.244568293693782e+25,0.0
1501.75,235.002322871513,3.051999999999968e+27,1.435999999999984e+27,1.5619999999999844e+27,2.699999999999999e+25,2.7000000000000004e+25,3.0550000000001075e+27,3.0040000000001073e+27,3.700000000000002e+25,1.3999999999999994e+25,7.34571622662264e+25,0.0
1508.7777777777778,236.00039969949944,3.0469999999999694e+27,1.4389999999999854e+27,1.5509999999999838e+27,2.8999999999999986e+25,2.8000000000000006e+25,3.112000000000112e+27,3.067000000000112e+27,3.4000000000000016e+25,1.0999999999999996e+25,7.448916325925337e+25,0.0
1515.7777777777778,237.0012352977991,3.0569999999999663e+27,1.4339999999999834e+27,1.5579999999999827e+27,3.6999999999999995e+25,2.8000000000000006e+25,3.045000000000106e+27,2.985000000000106e+27,3.800000000000002e+25,2.1999999999999996e+25,7.554694641636553e+25,0.0
1522.7222222222222,238.00088344423568,3.070999999999964e+27,1.412999999999983e+27,1.595999999999981e+27,3.3999999999999994e+25,2.8000000000000006e+25,2.980000000000101e+27,2.922000000000101e+27,4.100000000000002e+25,1.6999999999999993e+25,7.662576844156303e+25,0.0
1529.638888888889,239.0033667480318,3.0909999999999635e+27,1.475999999999981e+27,1.5589999999999823e+27,2.699999999999999e+25,2.9000000000000008e+25,3.0210000000001053e+27,2.973000000000105e+27,3.100000000000001e+25,1.6999999999999993e+25,7.773055019577332e+25,0.0
1536.4722222222222,240.00061195171293,3.067999999999968e+27,1.4369999999999836e+27,1.567999999999984e+27,3.3999999999999985e+25,2.9000000000000008e+25,3.074000000000109e+27,3.025000000000109e+27,3.4000000000000016e+25,1.4999999999999994e+25,7.885133651657966e+25,0.0
1543.2777777777778,241.00069834826024,3.0179999999999704e+27,1.3999999999999862e+27,1.5489999999999842e+27,3.9999999999999995e+25,2.9000000000000008e+25,3.0410000000001064e+27,2.9930000000001064e+27,3.3000000000000014e+25,1.4999999999999994e+25,7.999826277199891e+25,0.0
1550.0555555555557,242.00368327509045,3.0289999999999696e+27,1.4079999999999838e+27,1.5619999999999855e+27,3.1e+25,2.8000000000000006e+25,3.079000000000109e+27,3.026000000000109e+27,3.2000000000000012e+25,2.0999999999999995e+25,8.117147132006448e+25,0.0
1556.75,243.00131479176423,3.075999999999966e+27,1.4089999999999834e+27,1.6059999999999827e+27,3.1999999999999987e+25,2.9000000000000008e+25,3.108000000000111e+27,3.054000000000111e+27,3.4000000000000016e+25,1.9999999999999993e+25,8.23604620256611e+25,0.0
1563.4166666666667,244.00183306764222,3.0589999999999665e+27,1.4319999999999835e+27,1.580999999999983e+27,1.6999999999999995e+25,2.9000000000000008e+25,2.9800000000001015e+27,2.9290000000001014e+27,2.7000000000000004e+25,2.4e+25,8.357598444348157e+25,0.0
1570.0277777777778,245.00107246564573,3.041999999999964e+27,1.3809999999999833e+27,1.5989999999999808e+27,3.2e+25,3.000000000000001e+25,2.9690000000001e+27,2.9150000000001e+27,3.5000000000000017e+25,1.8999999999999992e+25,8.481312038429675e+25,0.0
1576.611111111111,246.0032356355846,3.067999999999963e+27,1.4149999999999822e+27,1.5949999999999802e+27,2.8999999999999986e+25,2.9000000000000008e+25,2.925000000000096e+27,2.860000000000096e+27,4.400000000000003e+25,2.0999999999999995e+25,8.607665565936436e+25,0.0
1583.138888888889,247.00408949254825,3.0109999999999715e+27,1.3889999999999848e+27,1.5659999999999864e+27,2.699999999999999e+25,2.9000000000000008e+25,3.0400000000001046e+27,2.9690000000001045e+27,4.9000000000000035e+25,2.1999999999999996e+25,8.736074907147408e+25,0.0
1589.611111111111,248.0035809417442,2.997999999999969e+27,1.3599999999999844e+27,1.572999999999984e+27,3.4999999999999996e+25,3.000000000000001e+25,3.0590000000001056e+27,2.987000000000106e+27,5.400000000000004e+25,1.7999999999999992e+25,8.866561242531424e+25,0.0
1596.0277777777778,249.00165656919194,3.058999999999966e+27,1.3769999999999844e+27,1.6269999999999816e+27,2.499999999999999e+25,3.000000000000001e+25,3.134000000000113e+27,3.0800000000001133e+27,3.600000000000002e+25,1.7999999999999992e+25,8.99905924320784e+25,0.0
1602.4166666666667,250.00262522189564,3.0629999999999657e+27,1.4059999999999823e+27,1.5849999999999832e+27,4.099999999999999e+25,3.100000000000001e+25,3.09900000000011e+27,3.0320000000001095e+27,3.600000000000002e+25,3.100000000000001e+25,9.134245339797879e+25,0.0
1608.75,251.0021163247378,2.9009999999999716e+27,1.2969999999999874e+27,1.5479999999999842e+27,2.599999999999999e+25,3.000000000000001e+25,2.9640000000000986e+27,2.896000000000099e+27,4.600000000000003e+25,2.1999999999999996e+25,9.271490367304067e+25,0.0
1615.0277777777778,252.000063283278,3.0619999999999667e+27,1.4039999999999827e+27,1.5999999999999839e+27,2.699999999999999e+25,3.100000000000001e+25,2.990000000000102e+27,2.9300000000001014e+27,3.700000000000002e+25,2.3e+25,9.410766857864233e+25,0.0
1621.2777777777778,253.0008617661274,2.9839999999999644e+27,1.320999999999984e+27,1.60399999999998e+27,2.799999999999999e+25,3.100000000000001e+25,3.035000000000106e+27,2.9820000000001055e+27,3.800000000000002e+25,1.4999999999999994e+25,9.552734065907573e+25,0.0
1627.4722222222222,254.0000360035749,2.9779999999999667e+27,1.3309999999999852e+27,1.5979999999999815e+27,1.7999999999999994e+25,3.100000000000001e+25,3.0610000000001074e+27,3.0070000000001075e+27,3.5000000000000017e+25,1.8999999999999992e+25,9.696591683218907e+25,0.0
1633.638888888889,255.00203334192554,3.0239999999999687e+27,1.340999999999985e+27,1.6269999999999838e+27,2.499999999999999e+25,3.100000000000001e+25,2.9780000000001e+27,2.9100000000001e+27,4.600000000000003e+25,2.1999999999999996e+25,9.84311862931045e+25,0.0
1639.75,256.0023136386392,2.9029999999999756e+27,1.2709999999999879e+27,1.5689999999999877e+27,3.099999999999999e+25,3.2000000000000012e+25,2.9650000000001e+27,2.9030000000000993e+27,3.800000000000002e+25,2.4e+25,9.991482664001434e+25,0.0
1645.8055555555557,257.00078832408144,2.971999999999971e+27,1.2879999999999865e+27,1.6239999999999852e+27,2.799999999999999e+25,3.2000000000000012e+25,2.9360000000000975e+27,2.8790000000000974e+27,3.800000000000002e+25,1.8999999999999992e+25,1.0141751102689373e+26,0.0
1651.8333333333333,258.0019972081809,3.0219999999999674e+27,1.3269999999999865e+27,1.6349999999999814e+27,2.699999999999999e+25,3.3000000000000014e+25,3.092000000000109e+27,3.0220000000001087e+27,4.600000000000003e+25,2.4e+25,1.0294581907973391e+26,0.0
1657.8055555555557,259.0012829458733,3.0849999999999663e+27,1.3609999999999848e+27,1.671999999999982e+27,1.9999999999999993e+25,3.2000000000000012e+25,3.0130000000001025e+27,2.9430000000001025e+27,4.700000000000003e+25,2.3e+25,1.0449261342616053e+26,0.0
1663.75,260.0032464249556,3.0189999999999683e+27,1.318999999999986e+27,1.6509999999999827e+27,1.6999999999999995e+25,3.2000000000000012e+25,3.09500000000011e+27,3.03500000000011e+27,3.700000000000002e+25,2.3e+25,1.0606524230371123e+26,0.0
1669.638888888889,261.0031567157771,3.022999999999968e+27,1.3219999999999847e+27,1.6419999999999836e+27,2.599999999999999e+25,3.3000000000000014e+25,3.032000000000104e+27,2.963000000000104e+27,4.000000000000002e+25,2.9000000000000008e+25,1.076543958732415e+26,0.0
1675.4722222222222,262.0009101124739,3.063999999999965e+27,1.3289999999999834e+27,1.6859999999999818e+27,1.5999999999999995e+25,3.3000000000000014e+25,3.036000000000106e+27,2.985000000000106e+27,3.100000000000001e+25,1.9999999999999993e+25,1.0926157837821509e+26,0.0
1681.2777777777778,263.0011964176233,3.0139999999999684e+27,1.2829999999999866e+27,1.685999999999982e+27,1.1999999999999998e+25,3.3000000000000014e+25,3.117000000000111e+27,3.054000000000111e+27,4.000000000000002e+25,2.3e+25,1.108925174295607e+26,0.0
1687.0555555555557,264.0040095336592,3.051999999999966e+27,1.2449999999999872e+27,1.740999999999979e+27,3.1999999999999987e+25,3.4000000000000016e+25,2.9220000000000964e+27,2.864000000000096e+27,4.200000000000002e+25,1.5999999999999993e+25,1.1254745131130582e+26,0.0
1692.7777777777778,265.0044675088028,3.0719999999999664e+27,1.3099999999999852e+27,1.703999999999981e+27,2.399999999999999e+25,3.4000000000000016e+25,3.048000000000105e+27,2.9810000000001055e+27,4.600000000000003e+25,2.0999999999999995e+25,1.1421762368177308e+26,0.0
1698.4444444444443,266.002445421467,3.0909999999999674e+27,1.3419999999999855e+27,1.686999999999982e+27,2.799999999999999e+25,3.4000000000000016e+25,3.021000000000104e+27,2.965000000000104e+27,3.700000000000002e+25,1.8999999999999992e+25,1.1590345485269235e+26,0.0
1704.0833333333333,267.0027664836424,3.0459999999999666e+27,1.3029999999999852e+27,1.6959999999999815e+27,1.2999999999999997e+25,3.4000000000000016e+25,2.9800000000001e+27,2.9070000000000996e+27,4.400000000000003e+25,2.9000000000000008e+25,1.1761110247707259e+26,0.0
1709.6666666666667,268.0004271247084,3.069999999999966e+27,1.3209999999999844e+27,1.6939999999999817e+27,1.9999999999999993e+25,3.5000000000000017e+25,3.013000000000103e+27,2.951000000000103e+27,3.4000000000000016e+25,2.8000000000000006e+25,1.1933345376084099e+26,0.0
1715.2222222222222,269.0003192743434,3.04999999999997e+27,1.3379999999999863e+27,1.655999999999984e+27,2.099999999999999e+25,3.5000000000000017e+25,2.9480000000000974e+27,2.877000000000097e+27,3.800000000000002e+25,3.3000000000000014e+25,1.2107659789713443e+26,0.0
1720.75,270.00240761483735,3.098999999999966e+27,1.3089999999999862e+27,1.7259999999999798e+27,2.8999999999999986e+25,3.5000000000000017e+25,3.0100000000001017e+27,2.9310000000001015e+27,4.9000000000000035e+25,3.000000000000001e+25,1.228420260613823e+26,0.0
1726.2222222222222,271.00157749311984,3.112999999999965e+27,1.2859999999999877e+27,1.7629999999999775e+27,2.8999999999999986e+25,3.5000000000000017e+25,3.051000000000106e+27,2.9820000000001055e+27,4.500000000000003e+25,2.4e+25,1.2461945778566957e+26,0.0
1731.6666666666667,272.0028092339634,3.059999999999966e+27,1.262999999999987e+27,1.738999999999979e+27,2.199999999999999e+25,3.600000000000002e+25,3.0800000000001067e+27,3.002000000000107e+27,4.600000000000003e+25,3.2000000000000012e+25,1.2641783528496476e+26,0.0
1737.0555555555557,273.0009085503366,3.0949999999999666e+27,1.290999999999988e+27,1.7429999999999786e+27,2.599999999999999e+25,3.5000000000000017e+25,3.013000000000102e+27,2.938000000000102e+27,5.000000000000004e+25,2.5e+25,1.2822623243191448e+26,0.0
1742.4166666666667,274.0009249142805,3.121999999999964e+27,1.269999999999988e+27,1.7979999999999756e+27,1.7999999999999994e+25,3.600000000000002e+25,3.1330000000001125e+27,3.0680000000001123e+27,3.800000000000002e+25,2.7000000000000004e+25,1.3005289572833465e+26,0.0
1747.75,275.0028131782668,3.056999999999967e+27,1.2949999999999856e+27,1.7009999999999814e+27,2.499999999999999e+25,3.600000000000002e+25,3.1440000000001134e+27,3.079000000000113e+27,3.600000000000002e+25,2.9000000000000008e+25,1.3189865320409711e+26,0.0
1753.0277777777778,276.0012542114698,3.051999999999966e+27,1.221999999999989e+27,1.7749999999999768e+27,1.8999999999999994e+25,3.600000000000002e+25,3.09800000000011e+27,3.0340000000001097e+27,4.200000000000002e+25,2.1999999999999996e+25,1.3375366971300587e+26,0.0
1758.2777777777778,277.00140410115773,3.1009999999999654e+27,1.2339999999999893e+27,1.792999999999976e+27,3.699999999999999e+25,3.700000000000002e+25,3.1520000000001135e+27,3.076000000000113e+27,5.900000000000005e+25,1.6999999999999993e+25,1.3562352706399777e+26,0.0
1763.5,278.00320789198406,3.1719999999999606e+27,1.260999999999988e+27,1.8519999999999724e+27,2.199999999999999e+25,3.700000000000002e+25,3.043000000000104e+27,2.959000000000104e+27,5.400000000000004e+25,3.000000000000001e+25,1.3751156049158821e+26,0.0
1768.6666666666667,279.0012234993195,3.1329999999999624e+27,1.2699999999999872e+27,1.802999999999975e+27,2.199999999999999e+25,3.800000000000002e+25,3.0800000000001067e+27,2.999000000000107e+27,5.400000000000004e+25,2.7000000000000004e+25,1.3940500567947574e+26,0.0
1773.8055555555557,280.0007117912786,3.138999999999962e+27,1.250999999999988e+27,1.828999999999974e+27,2.199999999999999e+25,3.700000000000002e+25,3.127000000000111e+27,3.049000000000111e+27,5.000000000000004e+25,2.8000000000000006e+25,1.413115508801306e+26,0.0
1778.9166666666667,281.0016040728292,3.1379999999999623e+27,1.2469999999999895e+27,1.841999999999973e+27,1.1999999999999998e+25,3.700000000000002e+25,3.1660000000001135e+27,3.087000000000114e+27,4.600000000000003e+25,3.3000000000000014e+25,1.4323375316213771e+26,0.0
1784.0,282.00383863197885,3.1819999999999613e+27,1.2459999999999906e+27,1.8849999999999706e+27,1.2999999999999997e+25,3.800000000000002e+25,3.1160000000001106e+27,3.051000000000111e+27,4.000000000000002e+25,2.5e+25,1.4516853182909244e+26,0.0
1789.0277777777778,283.00182019988006,3.1649999999999595e+27,1.2279999999999886e+27,1.8839999999999705e+27,1.4999999999999996e+25,3.800000000000002e+25,3.1670000000001135e+27,3.0800000000001133e+27,5.700000000000005e+25,3.000000000000001e+25,1.4710575073733573e+26,0.0
1794.0277777777778,284.0009344339554,3.2109999999999603e+27,1.2639999999999898e+27,1.89199999999997e+27,1.6999999999999995e+25,3.800000000000002e+25,3.137000000000112e+27,3.065000000000112e+27,4.700000000000003e+25,2.5e+25,1.4905410876631384e+26,0.0
1799.0,285.0011114260449,3.1659999999999584e+27,1.2289999999999884e+27,1.8839999999999705e+27,1.3999999999999997e+25,3.900000000000002e+25,3.1690000000001137e+27,3.089000000000114e+27,5.5000000000000045e+25,2.5e+25,1.5101333077512778e+26,0.0
1803.9444444444443,286.0022757152743,3.1799999999999573e+27,1.2289999999999876e+27,1.89199999999997e+27,1.9999999999999993e+25,3.900000000000002e+25,3.265000000000122e+27,3.1860000000001216e+27,5.800000000000005e+25,2.0999999999999995e+25,1.5298133859055697e+26,0.0
1808.861111111111,287.0043480306821,3.1649999999999617e+27,1.2339999999999907e+27,1.873999999999971e+27,1.6999999999999995e+25,4.000000000000002e+25,3.24700000000012e+27,3.16700000000012e+27,4.700000000000003e+25,3.3000000000000014e+25,1.549584788462106e+26,0.0
1813.7222222222222,288.00152791593996,3.2389999999999565e+27,1.2319999999999899e+27,1.948999999999967e+27,1.8999999999999994e+25,3.900000000000002e+25,3.091000000000107e+27,3.001000000000107e+27,5.400000000000004e+25,3.600000000000002e+25,1.5693346456363285e+26,0.0
1818.5833333333333,289.0051351967661,3.253999999999957e+27,1.222999999999992e+27,1.9729999999999655e+27,1.8999999999999994e+25,3.900000000000002e+25,3.226000000000117e+27,3.129000000000117e+27,5.300000000000004e+25,4.400000000000003e+25,1.5892589616471866e+26,0.0
1823.388888888889,290.00360780607605,3.2319999999999587e+27,1.2279999999999913e+27,1.9419999999999671e+27,2.199999999999999e+25,4.000000000000002e+25,3.228000000000119e+27,3.1470000000001186e+27,5.100000000000004e+25,3.000000000000001e+25,1.6091139416220305e+26,0.0
1828.1666666666667,291.0025807785323,3.203999999999957e+27,1.1869999999999903e+27,1.9469999999999667e+27,2.9999999999999988e+25,4.000000000000002e+25,3.1340000000001126e+27,3.066000000000112e+27,4.500000000000003e+25,2.3e+25,1.629036524012818e+26,0.0
1832.9166666666667,292.0019562856239,3.1819999999999575e+27,1.1579999999999924e+27,1.9699999999999655e+27,1.3999999999999997e+25,4.000000000000002e+25,3.247000000000121e+27,3.180000000000121e+27,4.800000000000003e+25,1.8999999999999992e+25,1.648983392058961e+26,0.0
1837.638888888889,293.0016420780986,3.2399999999999555e+27,1.1799999999999915e+27,1.995999999999964e+27,2.2999999999999994e+25,4.100000000000002e+25,3.25400000000012e+27,3.16300000000012e+27,5.400000000000004e+25,3.700000000000002e+25,1.6689644728146466e+26,0.0
1842.3333333333333,294.0015431147109,3.2529999999999576e+27,1.2269999999999915e+27,1.9679999999999656e+27,1.6999999999999995e+25,4.100000000000002e+25,3.3040000000001244e+27,3.2210000000001244e+27,4.800000000000003e+25,3.5000000000000017e+25,1.6889551023250452e+26,0.0
1847.0,295.00156239595026,3.240999999999955e+27,1.1659999999999929e+27,2.0219999999999625e+27,1.1999999999999998e+25,4.100000000000002e+25,3.25800000000012e+27,3.16800000000012e+27,5.000000000000004e+25,4.000000000000002e+25,1.7089465846566317e+26,0.0
1851.638888888889,296.0015984223228,3.204999999999957e+27,1.170999999999992e+27,1.977999999999965e+27,1.3999999999999997e+25,4.200000000000002e+25,3.2040000000001165e+27,3.115000000000116e+27,5.900000000000005e+25,3.000000000000001e+25,1.7289193217700315e+26,0.0
1856.25,297.001546779091,3.2829999999999545e+27,1.1889999999999927e+27,2.0369999999999617e+27,1.5999999999999995e+25,4.100000000000002e+25,3.258000000000121e+27,3.1710000000001205e+27,5.800000000000005e+25,2.9000000000000008e+25,1.7488822479164032e+26,0.0
1860.8333333333333,298.0013009249319,3.2749999999999555e+27,1.1119999999999972e+27,2.097999999999958e+27,2.2999999999999994e+25,4.200000000000002e+25,3.2960000000001243e+27,3.216000000000124e+27,5.200000000000004e+25,2.8000000000000006e+25,1.7688206457885555e+26,0.0
1865.388888888889,299.00075148466567,3.297999999999954e+27,1.1709999999999944e+27,2.0699999999999596e+27,1.5999999999999995e+25,4.100000000000002e+25,3.430000000000134e+27,3.344000000000134e+27,6.100000000000005e+25,2.5e+25,1.7887089547400605e+26,0.0
1869.9444444444443,300.0059403209267,3.2639999999999535e+27,1.1079999999999955e+27,2.100999999999958e+27,1.2999999999999995e+25,4.200000000000002e+25,3.3780000000001296e+27,3.29000000000013e+27,4.9000000000000035e+25,3.900000000000002e+25,1.8086600377120153e+26,0.0
1874.4444444444443,301.0044940938685,3.3499999999999515e+27,1.1959999999999932e+27,2.0919999999999584e+27,1.9999999999999993e+25,4.200000000000002e+25,3.3550000000001273e+27,3.256000000000127e+27,6.8000000000000065e+25,3.100000000000001e+25,1.8284282206185717e+26,0.0
1878.9166666666667,302.00241027974414,3.2589999999999553e+27,1.1439999999999949e+27,2.0579999999999603e+27,1.4999999999999996e+25,4.200000000000002e+25,3.379000000000131e+27,3.303000000000131e+27,5.000000000000004e+25,2.6000000000000003e+25,1.8481139647482123e+26,0.0
1883.388888888889,303.0058206373691,3.3909999999999487e+27,1.1659999999999943e+27,2.1619999999999543e+27,1.9999999999999993e+25,4.3000000000000026e+25,3.3960000000001305e+27,3.2960000000001303e+27,6.300000000000006e+25,3.700000000000002e+25,1.8678350894444313e+26,0.0
1887.8055555555557,304.0021488826578,3.3839999999999487e+27,1.1559999999999947e+27,2.1649999999999542e+27,1.9999999999999993e+25,4.3000000000000026e+25,3.242000000000119e+27,3.153000000000119e+27,6.200000000000006e+25,2.7000000000000004e+25,1.8873232659928344e+26,0.0
1892.2222222222222,305.00380192487523,3.323999999999952e+27,1.1079999999999975e+27,2.1559999999999546e+27,1.6999999999999995e+25,4.3000000000000026e+25,3.3640000000001296e+27,3.2850000000001295e+27,5.200000000000004e+25,2.7000000000000004e+25,1.906822229639376e+26,0.0
1896.611111111111,306.00440835583527,3.3319999999999523e+27,1.1259999999999968e+27,2.1459999999999552e+27,1.6999999999999995e+25,4.3000000000000026e+25,3.4250000000001345e+27,3.344000000000134e+27,5.200000000000004e+25,2.9000000000000008e+25,1.926185493961968e+26,0.0
1900.9722222222222,307.0038471769715,3.348999999999951e+27,1.159999999999995e+27,2.131999999999956e+27,1.2999999999999997e+25,4.400000000000003e+25,3.423000000000133e+27,3.3350000000001334e+27,6.300000000000006e+25,2.5e+25,1.945414308569505e+26,0.0
1905.3055555555557,308.00199351637764,3.4449999999999464e+27,1.1389999999999964e+27,2.23699999999995e+27,2.599999999999999e+25,4.3000000000000026e+25,3.428000000000134e+27,3.3470000000001343e+27,4.9000000000000035e+25,3.2000000000000012e+25,1.9645105112374515e+26,0.0
1909.638888888889,309.0051679061969,3.403999999999947e+27,1.1259999999999957e+27,2.215999999999951e+27,1.7999999999999994e+25,4.400000000000003e+25,3.4670000000001367e+27,3.378000000000137e+27,6.000000000000005e+25,2.9000000000000008e+25,1.9835299738961514e+26,0.0
1913.9166666666667,310.0003813659804,3.4639999999999435e+27,1.1149999999999953e+27,2.288999999999948e+27,1.5999999999999995e+25,4.400000000000003e+25,3.489000000000139e+27,3.407000000000139e+27,5.400000000000004e+25,2.8000000000000006e+25,2.0022806044051825e+26,0.0
1918.1944444444443,311.00042800518065,3.487999999999946e+27,1.1799999999999962e+27,2.2429999999999494e+27,1.9999999999999993e+25,4.500000000000003e+25,3.484000000000137e+27,3.382000000000137e+27,6.900000000000007e+25,3.3000000000000014e+25,2.0209408549603076e+26,0.0
1922.4722222222222,312.00527070613214,3.549999999999942e+27,1.2019999999999945e+27,2.2819999999999472e+27,2.099999999999999e+25,4.500000000000003e+25,3.404000000000133e+27,3.327000000000133e+27,5.700000000000005e+25,1.9999999999999993e+25,2.0395246037668374e+26,0.0
1926.6944444444443,313.0017258549233,3.480999999999945e+27,1.1389999999999975e+27,2.2849999999999472e+27,1.1999999999999998e+25,4.500000000000003e+25,3.4270000000001335e+27,3.3380000000001336e+27,6.100000000000005e+25,2.8000000000000006e+25,2.0577858780850072e+26,0.0
1930.9166666666667,314.0027780090321,3.5049999999999434e+27,1.1369999999999961e+27,2.3059999999999467e+27,1.6999999999999995e+25,4.500000000000003e+25,3.517000000000139e+27,3.4020000000001387e+27,8.600000000000002e+25,2.9000000000000008e+25,2.075936115626457e+26,0.0
1935.111111111111,315.0017454597828,3.559999999999942e+27,1.1199999999999974e+27,2.3809999999999443e+27,1.3999999999999997e+25,4.500000000000003e+25,3.515000000000141e+27,3.432000000000141e+27,6.300000000000006e+25,1.9999999999999993e+25,2.093825312681778e+26,0.0
1939.3055555555557,316.0051532180687,3.5809999999999395e+27,1.1759999999999963e+27,2.340999999999944e+27,1.7999999999999994e+25,4.600000000000003e+25,3.5610000000001435e+27,3.4650000000001437e+27,7.100000000000007e+25,2.5e+25,2.1116124253564317e+26,0.0
1943.4722222222222,317.00626827060455,3.499999999999944e+27,1.0889999999999977e+27,2.3449999999999464e+27,1.9999999999999993e+25,4.600000000000003e+25,3.5320000000001423e+27,3.4490000000001424e+27,6.700000000000006e+25,1.5999999999999993e+25,2.1291085836465143e+26,0.0
1947.611111111111,318.004946395542,3.600999999999945e+27,1.1329999999999984e+27,2.4059999999999466e+27,1.5999999999999995e+25,4.600000000000003e+25,3.522000000000141e+27,3.430000000000141e+27,7.500000000000008e+25,1.6999999999999993e+25,2.146349885683288e+26,0.0
1951.7222222222222,319.0010525684653,3.6119999999999425e+27,1.1499999999999989e+27,2.396999999999944e+27,1.8999999999999994e+25,4.600000000000003e+25,3.722000000000157e+27,3.6300000000001567e+27,6.8000000000000065e+25,2.4e+25,2.163284187818676e+26,0.0
1955.8333333333333,320.0012229826435,3.6499999999999444e+27,1.118999999999999e+27,2.4739999999999462e+27,1.0999999999999998e+25,4.600000000000003e+25,3.557000000000143e+27,3.457000000000143e+27,7.800000000000007e+25,2.1999999999999996e+25,2.1800716898108886e+26,0.0
1959.9444444444443,321.00539330483036,3.676999999999941e+27,1.1149999999999986e+27,2.5049999999999426e+27,1.0999999999999998e+25,4.600000000000003e+25,3.7200000000001566e+27,3.6260000000001564e+27,7.700000000000008e+25,1.6999999999999993e+25,2.1966268729617082e+26,0.0
1964.0277777777778,322.0066818065276,3.6709999999999527e+27,1.087e+27,2.522999999999953e+27,1.3999999999999997e+25,4.700000000000003e+25,3.5980000000001487e+27,3.531000000000149e+27,6.000000000000005e+25,6.999999999999998e+24,2.2128825316657243e+26,0.0
1968.0833333333333,323.0049487294532,3.6749999999999447e+27,1.139999999999999e+27,2.467999999999946e+27,1.9999999999999993e+25,4.700000000000003e+25,3.685000000000154e+27,3.5920000000001537e+27,8.300000000000004e+25,9.999999999999997e+24,2.228784783724208e+26,0.0
1972.111111111111,324.00005100194494,3.6739999999999435e+27,1.1159999999999998e+27,2.493999999999944e+27,1.7999999999999994e+25,4.600000000000003e+25,3.677000000000154e+27,3.5890000000001534e+27,7.300000000000007e+25,1.4999999999999994e+25,2.244353075409008e+26,0.0
1976.1666666666667,325.0056481426459,3.7169999999999453e+27,1.131999999999998e+27,2.520999999999947e+27,1.6999999999999995e+25,4.700000000000003e+25,3.769000000000159e+27,3.661000000000159e+27,9.599999999999995e+25,1.1999999999999996e+25,2.2597855327243048e+26,0.0
1980.1666666666667,326.0009721057461,3.724999999999947e+27,1.0990000000000004e+27,2.5619999999999465e+27,1.6999999999999995e+25,4.700000000000003e+25,3.7190000000001555e+27,3.6150000000001555e+27,9.399999999999996e+25,9.999999999999997e+24,2.274752621121281e+26,0.0
1984.1944444444443,327.0066521973217,3.791999999999948e+27,1.1020000000000001e+27,2.624999999999948e+27,1.7999999999999994e+25,4.700000000000003e+25,3.718000000000156e+27,3.6150000000001555e+27,9.299999999999997e+25,9.999999999999997e+24,2.289551123674523e+26,0.0
1988.1666666666667,328.00177469177254,3.79899999999995e+27,1.1409999999999996e+27,2.60099999999995e+27,9.999999999999999e+24,4.700000000000003e+25,3.726000000000157e+27,3.633000000000157e+27,8.400000000000003e+25,8.999999999999997e+24,2.3038696722869798e+26,0.0
1992.138888888889,329.00011516665256,3.8909999999999574e+27,1.1090000000000017e+27,2.7239999999999554e+27,9.999999999999999e+24,4.800000000000003e+25,3.804000000000163e+27,3.7180000000001636e+27,8.100000000000005e+25,4.999999999999999e+24,2.3178781715142103e+26,0.0
1996.111111111111,330.00159719969577,3.9059999999999564e+27,1.0979999999999996e+27,2.740999999999957e+27,1.8999999999999994e+25,4.800000000000003e+25,3.921000000000173e+27,3.836000000000173e+27,7.800000000000007e+25,6.999999999999998e+24,2.331596792356528e+26,0.0
2000.0833333333333,331.0061442925348,3.961999999999964e+27,1.0960000000000026e+27,2.794999999999961e+27,2.2999999999999994e+25,4.800000000000003e+25,3.954000000000174e+27,3.851000000000174e+27,9.399999999999996e+25,8.999999999999997e+24,2.34498401953926e+26,0.0
2004.0277777777778,332.0066191754129,4.0099999999999673e+27,1.0980000000000027e+27,2.844999999999965e+27,1.8999999999999994e+25,4.800000000000003e+25,4.078000000000184e+27,3.9710000000001836e+27,9.799999999999993e+25,8.999999999999997e+24,2.3579555436873474e+26,0.0
2007.9444444444443,333.00288367601263,4.153999999999969e+27,1.1729999999999983e+27,2.920999999999971e+27,1.1999999999999998e+25,4.800000000000003e+25,4.130000000000188e+27,4.025000000000188e+27,9.299999999999997e+25,1.1999999999999996e+25,2.3705072066904928e+26,0.0
2011.861111111111,334.00188812311194,4.225999999999972e+27,1.1899999999999971e+27,2.973999999999975e+27,1.2999999999999997e+25,4.9000000000000035e+25,4.1800000000001924e+27,4.080000000000192e+27,9.299999999999997e+25,6.999999999999998e+24,2.3827191087644072e+26,0.0
2015.7777777777778,335.00354872969524,4.2799999999999815e+27,1.1610000000000003e+27,3.0529999999999814e+27,1.7999999999999994e+25,4.800000000000003e+25,4.293000000000201e+27,4.195000000000201e+27,9.399999999999996e+25,4e+24,2.3945540190113987e+26,0.0
2019.6666666666667,336.00064950280773,4.3149999999999886e+27,1.1340000000000026e+27,3.108999999999986e+27,2.2999999999999994e+25,4.9000000000000035e+25,4.181000000000191e+27,4.066000000000191e+27,1.1099999999999984e+26,4e+24,2.4059533441071017e+26,0.0
2023.5555555555557,337.00020277798,4.3439999999999876e+27,1.1620000000000018e+27,3.1149999999999863e+27,1.8999999999999994e+25,4.800000000000003e+25,4.368000000000206e+27,4.2600000000002064e+27,1.0399999999999989e+26,4e+24,2.4169654428829072e+26,0.0
2027.4444444444443,338.00211538581584,4.4229999999999966e+27,1.1330000000000017e+27,3.2299999999999954e+27,1.0999999999999998e+25,4.9000000000000035e+25,4.380000000000206e+27,4.2590000000002063e+27,1.0999999999999985e+26,1.0999999999999996e+25,2.4275749509833648e+26,0.0
2031.3333333333333,339.0062990704889,4.489999999999998e+27,1.1569999999999995e+27,3.2709999999999986e+27,1.3999999999999997e+25,4.800000000000003e+25,4.441000000000211e+27,4.319000000000211e+27,1.1499999999999981e+26,6.999999999999998e+24,2.437802043120174e+26,0.0
2035.1944444444443,340.0054705264939,4.537000000000008e+27,1.1220000000000033e+27,3.3480000000000047e+27,1.7999999999999994e+25,4.9000000000000035e+25,4.5000000000002143e+27,4.3600000000002143e+27,1.2999999999999971e+26,9.999999999999997e+24,2.447552361039253e+26,0.0
2039.0555555555557,341.0066972479797,4.5970000000000026e+27,1.2180000000000002e+27,3.314000000000002e+27,1.5999999999999995e+25,4.9000000000000035e+25,4.7030000000002303e+27,4.5680000000002307e+27,1.309999999999997e+26,4e+24,2.456890110083488e+26,0.0
2042.888888888889,342.0026661390548,4.7350000000000135e+27,1.2069999999999996e+27,3.463000000000014e+27,1.5999999999999995e+25,4.9000000000000035e+25,4.828000000000239e+27,4.68400000000024e+27,1.3999999999999964e+26,4e+24,2.465736296211382e+26,0.0
2046.7222222222222,343.0004764822338,4.903000000000026e+27,1.2220000000000002e+27,3.616000000000026e+27,1.5999999999999995e+25,4.9000000000000035e+25,4.80200000000024e+27,4.6810000000002396e+27,1.179999999999998e+26,3e+24,2.4741627587494684e+26,0.0
2050.5555555555557,344.00003840005036,4.964000000000032e+27,1.2029999999999997e+27,3.694000000000032e+27,1.6999999999999995e+25,5.000000000000004e+25,5.063000000000258e+27,4.915000000000258e+27,1.4299999999999962e+26,4.999999999999999e+24,2.482125922719551e+26,0.0
2054.3888888888887,345.00125165229974,5.096000000000039e+27,1.2520000000000007e+27,3.7650000000000376e+27,2.9999999999999988e+25,4.9000000000000035e+25,5.086000000000262e+27,4.957000000000261e+27,1.2699999999999973e+26,2e+24,2.489662327812475e+26,0.0
2058.222222222222,346.00402210531047,5.201000000000046e+27,1.241e+27,3.883000000000047e+27,2.699999999999999e+25,5.000000000000004e+25,5.043000000000256e+27,4.899000000000257e+27,1.3699999999999966e+26,6.999999999999998e+24,2.4967672087502193e+26,0.0
2062.027777777778,347.00096629459756,5.165000000000046e+27,1.2300000000000011e+27,3.8520000000000445e+27,3.2999999999999984e+25,5.000000000000004e+25,5.11000000000026e+27,4.9470000000002606e+27,1.5699999999999957e+26,5.999999999999999e+24,2.503355753429398e+26,0.0
2065.8611111111113,348.0065425887068,5.251000000000055e+27,1.1980000000000008e+27,3.9780000000000544e+27,2.499999999999999e+25,5.000000000000004e+25,5.337000000000278e+27,5.168000000000278e+27,1.6399999999999964e+26,4.999999999999999e+24,2.5095097967868413e+26,0.0
2069.6666666666665,349.0060747139124,5.316000000000061e+27,1.2040000000000011e+27,4.0410000000000594e+27,2.199999999999999e+25,4.9000000000000035e+25,5.355000000000281e+27,5.203000000000281e+27,1.4699999999999959e+26,4.999999999999999e+24,2.5151487384124636e+26,0.0
2073.472222222222,350.00674661894595,5.565000000000075e+27,1.2579999999999998e+27,4.2340000000000746e+27,2.399999999999999e+25,4.9000000000000035e+25,5.547000000000296e+27,5.401000000000296e+27,1.4399999999999961e+26,2e+24,2.5203298670977224e+26,0.0
2077.25,351.00114136850425,5.445000000000071e+27,1.2070000000000015e+27,4.1690000000000695e+27,1.8999999999999994e+25,5.000000000000004e+25,5.538000000000293e+27,5.365000000000294e+27,1.709999999999997e+26,2e+24,2.5249996400220556e+26,0.0
2081.0555555555557,352.0037813455101,5.598000000000079e+27,1.2510000000000014e+27,4.2840000000000785e+27,1.2999999999999997e+25,5.000000000000004e+25,5.559000000000297e+27,5.405000000000297e+27,1.5099999999999956e+26,3e+24,2.5292207804350663e+26,0.0
2084.8611111111113,353.0072565341992,5.708000000000083e+27,1.287999999999999e+27,4.3570000000000843e+27,1.2999999999999997e+25,5.000000000000004e+25,5.574000000000297e+27,5.413000000000297e+27,1.5799999999999958e+26,3e+24,2.5329488041921792e+26,0.0
2088.6388888888887,354.0041300177994,5.751000000000089e+27,1.2550000000000006e+27,4.4130000000000887e+27,3.2999999999999984e+25,5.000000000000004e+25,5.524000000000293e+27,5.363000000000293e+27,1.5399999999999954e+26,6.999999999999998e+24,2.5361711129928843e+26,0.0
2092.4166666666665,355.0016231469609,5.768000000000091e+27,1.2620000000000012e+27,4.42900000000009e+27,2.699999999999999e+25,5.000000000000004e+25,5.861000000000318e+27,5.687000000000319e+27,1.709999999999997e+26,3e+24,2.5388954365861484e+26,0.0
2096.222222222222,356.00697258324715,5.836000000000089e+27,1.319999999999999e+27,4.440000000000091e+27,2.599999999999999e+25,5.000000000000004e+25,5.797000000000313e+27,5.620000000000314e+27,1.7399999999999974e+26,3e+24,2.5411499629067877e+26,0.0
2100.0,357.0053985000302,5.79800000000009e+27,1.2869999999999993e+27,4.443000000000091e+27,1.7999999999999994e+25,5.000000000000004e+25,5.969000000000327e+27,5.793000000000327e+27,1.6699999999999967e+26,8.999999999999997e+24,2.5429008835415095e+26,0.0
2103.777777777778,358.00413508094573,5.861000000000096e+27,1.255999999999999e+27,4.531000000000098e+27,2.399999999999999e+25,5.000000000000004e+25,5.858000000000318e+27,5.674000000000318e+27,1.789999999999998e+26,4.999999999999999e+24,2.5441428745231924e+26,0.0
2107.5555555555557,359.00307847225974,5.823000000000096e+27,1.2550000000000012e+27,4.490000000000095e+27,2.799999999999999e+25,5.000000000000004e+25,5.907000000000325e+27,5.760000000000325e+27,1.4099999999999963e+26,5.999999999999999e+24,2.5448824680353708e+26,0.0
2111.3333333333335,0.0021256283450838964,5.956000000000099e+27,1.3179999999999993e+27,4.567000000000101e+27,2.099999999999999e+25,5.000000000000004e+25,6.051000000000333e+27,5.869000000000333e+27,1.779999999999998e+26,4e+24,2.5451251592757974e+26,0.0
2115.1111111111113,1.0011719814340267,5.882000000000099e+27,1.2870000000000015e+27,4.530000000000098e+27,1.4999999999999996e+25,5.000000000000004e+25,6.166000000000341e+27,5.974000000000342e+27,1.8399999999999985e+26,7.999999999999998e+24,2.5448886148798408e+26,0.0
2118.8888888888887,2.000114625785045,6.057000000000113e+27,1.2750000000000005e+27,4.7130000000001124e+27,1.8999999999999994e+25,5.000000000000004e+25,5.952000000000327e+27,5.781000000000326e+27,1.6699999999999967e+26,4e+24,2.544129821287784e+26,0.0
2122.6944444444443,3.006192429657176,6.103000000000114e+27,1.3040000000000015e+27,4.724000000000113e+27,2.499999999999999e+25,5.000000000000004e+25,5.966000000000323e+27,5.753000000000324e+27,2.0600000000000007e+26,6.999999999999998e+24,2.5428716505666334e+26,0.0
2126.472222222222,4.004614383627768,6.07000000000011e+27,1.3150000000000007e+27,4.6770000000001095e+27,2.799999999999999e+25,5.000000000000004e+25,6.026000000000331e+27,5.851000000000332e+27,1.6499999999999965e+26,9.999999999999997e+24,2.5411331722220448e+26,0.0
2130.25,5.002622100238568,5.957000000000107e+27,1.2520000000000023e+27,4.631000000000106e+27,2.399999999999999e+25,5.000000000000004e+25,5.996000000000329e+27,5.814000000000329e+27,1.809999999999998e+26,1e+24,2.5388858935480163e+26,0.0
2134.027777777778,6.000112339019552,5.998000000000104e+27,1.3149999999999993e+27,4.606000000000104e+27,2.799999999999999e+25,4.9000000000000035e+25,6.168000000000342e+27,5.973000000000342e+27,1.8599999999999987e+26,8.999999999999997e+24,2.53616469542785e+26,0.0
2137.8333333333335,7.004310775177373,6.017000000000111e+27,1.2790000000000014e+27,4.669000000000109e+27,1.8999999999999994e+25,5.000000000000004e+25,6.089000000000334e+27,5.892000000000335e+27,1.889999999999999e+26,7.999999999999998e+24,2.5329225983353696e+26,0.0
2141.6111111111113,8.00045508497999,6.046000000000111e+27,1.2880000000000016e+27,4.68200000000011e+27,2.599999999999999e+25,5.000000000000004e+25,5.882000000000319e+27,5.689000000000319e+27,1.879999999999999e+26,4.999999999999999e+24,2.5292235732796196e+26,0.0
2145.4166666666665,9.00309155089758,5.94500000000011e+27,1.2500000000000024e+27,4.631000000000106e+27,1.4999999999999996e+25,4.9000000000000035e+25,6.036000000000331e+27,5.844000000000331e+27,1.879999999999999e+26,4e+24,2.5249837583555703e+26,0.0
2149.222222222222,10.004789462535655,5.903000000000107e+27,1.2380000000000042e+27,4.5870000000001024e+27,2.8999999999999986e+25,4.9000000000000035e+25,5.969000000000326e+27,5.772000000000326e+27,1.9199999999999993e+26,4.999999999999999e+24,2.5202748369350707e+26,0.0
2153.027777777778,11.005449841931181,5.893000000000105e+27,1.2450000000000029e+27,4.582000000000102e+27,1.6999999999999995e+25,4.9000000000000035e+25,5.983000000000327e+27,5.788000000000327e+27,1.889999999999999e+26,5.999999999999999e+24,2.5150943376556394e+26,0.0
2156.8333333333335,12.004967454573148,5.897000000000106e+27,1.2450000000000034e+27,4.583000000000102e+27,1.8999999999999994e+25,5.000000000000004e+25,5.853000000000318e+27,5.679000000000318e+27,1.6299999999999963e+26,1.0999999999999996e+25,2.509439546054596e+26,0.0
2160.6388888888887,13.003246846747174,5.964000000000106e+27,1.284000000000001e+27,4.609000000000104e+27,2.199999999999999e+25,4.9000000000000035e+25,5.923000000000323e+27,5.737000000000323e+27,1.799999999999998e+26,5.999999999999999e+24,2.5033183519624966e+26,0.0
2164.4444444444443,14.000185579406093,5.888000000000105e+27,1.2600000000000054e+27,4.5500000000000995e+27,2.8999999999999986e+25,4.9000000000000035e+25,5.985000000000329e+27,5.817000000000329e+27,1.6399999999999964e+26,4e+24,2.4967358926371048e+26,0.0
2168.277777777778,15.002949963825472,5.890000000000107e+27,1.2330000000000038e+27,4.5880000000001025e+27,1.9999999999999993e+25,4.9000000000000035e+25,5.870000000000319e+27,5.69300000000032e+27,1.7199999999999972e+26,4.999999999999999e+24,2.4896341246120056e+26,0.0
2172.1111111111113,16.004156411568147,5.819000000000094e+27,1.2980000000000026e+27,4.445000000000091e+27,2.699999999999999e+25,4.9000000000000035e+25,5.949000000000325e+27,5.772000000000326e+27,1.6699999999999967e+26,9.999999999999997e+24,2.482100811435442e+26,0.0
2175.9444444444443,17.00371080312209,5.775000000000095e+27,1.2590000000000037e+27,4.4370000000000906e+27,2.9999999999999988e+25,4.9000000000000035e+25,5.920000000000325e+27,5.763000000000325e+27,1.5099999999999956e+26,5.999999999999999e+24,2.4741170225825697e+26,0.0
2179.777777777778,18.001513980919754,5.720000000000092e+27,1.253000000000004e+27,4.3960000000000874e+27,2.199999999999999e+25,4.9000000000000035e+25,5.6190000000003e+27,5.460000000000301e+27,1.4699999999999959e+26,1.1999999999999996e+25,2.4656900874402656e+26,0.0
2183.6388888888887,19.004684633074703,5.644000000000088e+27,1.2520000000000053e+27,4.3240000000000817e+27,1.8999999999999994e+25,4.9000000000000035e+25,5.592000000000296e+27,5.403000000000297e+27,1.779999999999998e+26,1.0999999999999996e+25,2.4567820647065025e+26,0.0
2187.5,20.00588907847657,5.567000000000083e+27,1.221000000000004e+27,4.277000000000078e+27,1.9999999999999993e+25,4.9000000000000035e+25,5.5820000000003e+27,5.437000000000299e+27,1.3899999999999965e+26,5.999999999999999e+24,2.4474456187977094e+26,0.0
2191.3611111111113,21.005036289195573,5.610000000000083e+27,1.2680000000000044e+27,4.274000000000078e+27,1.8999999999999994e+25,4.9000000000000035e+25,5.49100000000029e+27,5.331000000000291e+27,1.449999999999996e+26,1.4999999999999994e+25,2.4376962221126043e+26,0.0
2195.222222222222,22.00203013217822,5.563000000000085e+27,1.2280000000000065e+27,4.267000000000077e+27,1.8999999999999994e+25,4.9000000000000035e+25,5.380000000000279e+27,5.19100000000028e+27,1.809999999999998e+26,7.999999999999998e+24,2.4275439783355754e+26,0.0
2199.1111111111113,23.003934790947483,5.396000000000068e+27,1.2270000000000042e+27,4.0940000000000635e+27,2.599999999999999e+25,4.9000000000000035e+25,5.482000000000289e+27,5.309000000000289e+27,1.4799999999999958e+26,2.5e+25,2.416910905495316e+26,0.0
2203.0,24.003477599525127,5.362000000000068e+27,1.2210000000000048e+27,4.077000000000062e+27,1.5999999999999995e+25,4.800000000000003e+25,5.300000000000276e+27,5.144000000000276e+27,1.3799999999999965e+26,1.7999999999999992e+25,2.4059019311986196e+26,0.0
2206.8888888888887,25.00056775259793,5.259000000000059e+27,1.239000000000006e+27,3.951000000000052e+27,1.9999999999999993e+25,4.9000000000000035e+25,5.374000000000283e+27,5.231000000000283e+27,1.2799999999999972e+26,1.4999999999999994e+25,2.3945057017968495e+26,0.0
2210.8055555555557,26.002217994089847,5.159000000000061e+27,1.1370000000000072e+27,3.957000000000053e+27,1.6999999999999995e+25,4.800000000000003e+25,5.054000000000258e+27,4.915000000000258e+27,1.2399999999999975e+26,1.4999999999999994e+25,2.382673857839849e+26,0.0
2214.722222222222,27.001212847317447,5.11600000000005e+27,1.2000000000000052e+27,3.846000000000044e+27,2.199999999999999e+25,4.800000000000003e+25,5.110000000000261e+27,4.966000000000262e+27,1.169999999999998e+26,2.7000000000000004e+25,2.3704616514822448e+26,0.0
2218.6666666666665,28.004520729723936,4.9260000000000407e+27,1.1550000000000074e+27,3.706000000000033e+27,1.6999999999999995e+25,4.800000000000003e+25,4.966000000000251e+27,4.8290000000002513e+27,1.2399999999999975e+26,1.2999999999999995e+25,2.3578286042972292e+26,0.0
2222.6111111111113,29.004963406124034,4.983000000000042e+27,1.1930000000000078e+27,3.722000000000034e+27,1.9999999999999993e+25,4.800000000000003e+25,4.986000000000253e+27,4.848000000000253e+27,1.1099999999999984e+26,2.7000000000000004e+25,2.3448582450756608e+26,0.0
2226.5555555555557,30.002462816590764,4.634000000000018e+27,1.1340000000000074e+27,3.425000000000011e+27,2.699999999999999e+25,4.800000000000003e+25,4.81300000000024e+27,4.68600000000024e+27,1.1199999999999983e+26,1.4999999999999994e+25,2.3315407041574026e+26,0.0
2230.527777777778,31.003933358779705,4.7880000000000254e+27,1.1840000000000067e+27,3.529000000000019e+27,2.699999999999999e+25,4.800000000000003e+25,4.697000000000229e+27,4.549000000000229e+27,1.2799999999999972e+26,1.9999999999999993e+25,2.317825126868107e+26,0.0
2234.5,32.00226047226886,4.6270000000000193e+27,1.1270000000000073e+27,3.4360000000000116e+27,1.6999999999999995e+25,4.700000000000003e+25,4.5730000000002206e+27,4.443000000000221e+27,1.0999999999999985e+26,1.9999999999999993e+25,2.303819632097775e+26,0.0
2238.5,33.00431738832185,4.518000000000005e+27,1.1640000000000055e+27,3.288e+27,1.8999999999999994e+25,4.700000000000003e+25,4.55700000000022e+27,4.43600000000022e+27,1.019999999999999e+26,1.8999999999999992e+25,2.2894028503757408e+26,0.0
2242.5,34.00303666183322,4.3359999999999936e+27,1.1420000000000065e+27,3.126999999999987e+27,1.8999999999999994e+25,4.800000000000003e+25,4.1610000000001887e+27,4.040000000000189e+27,9.499999999999995e+25,2.6000000000000003e+25,2.274708471411178e+26,0.0
2246.527777777778,35.00524707519037,4.254999999999989e+27,1.1270000000000073e+27,3.0549999999999816e+27,2.599999999999999e+25,4.700000000000003e+25,4.18400000000019e+27,4.0560000000001903e+27,1.019999999999999e+26,2.6000000000000003e+25,2.2596256205292146e+26,0.0
2250.5555555555557,36.00393001629379,4.266999999999991e+27,1.1090000000000072e+27,3.085999999999984e+27,2.499999999999999e+25,4.700000000000003e+25,4.231000000000194e+27,4.105000000000194e+27,9.699999999999994e+25,2.9000000000000008e+25,2.244306870347887e+26,0.0
2254.6111111111113,37.005869216519045,4.134999999999982e+27,1.096000000000007e+27,2.971999999999975e+27,1.9999999999999993e+25,4.700000000000003e+25,4.0720000000001833e+27,3.9680000000001833e+27,8.600000000000002e+25,1.7999999999999992e+25,2.228615787873515e+26,0.0
2258.6666666666665,38.004096396499904,4.0509999999999733e+27,1.1200000000000073e+27,2.8629999999999664e+27,2.099999999999999e+25,4.700000000000003e+25,4.092000000000185e+27,3.986000000000185e+27,7.900000000000007e+25,2.7000000000000004e+25,2.212689690182299e+26,0.0
2262.75,39.00534351559941,3.992999999999973e+27,1.0660000000000067e+27,2.868999999999967e+27,1.1999999999999998e+25,4.600000000000003e+25,3.8780000000001685e+27,3.7800000000001685e+27,6.700000000000006e+25,3.100000000000001e+25,2.196461187639312e+26,0.0
2266.8333333333335,40.0027016618875,3.881999999999963e+27,1.0770000000000069e+27,2.7359999999999564e+27,2.2999999999999994e+25,4.600000000000003e+25,3.8780000000001674e+27,3.761000000000167e+27,8.000000000000006e+25,3.700000000000002e+25,2.179994523208027e+26,0.0
2270.9444444444443,41.00285585611164,3.850999999999962e+27,1.0570000000000067e+27,2.728999999999956e+27,1.8999999999999994e+25,4.600000000000003e+25,3.8320000000001627e+27,3.712000000000163e+27,9.399999999999996e+25,2.6000000000000003e+25,2.163235879361821e+26,0.0
2275.0833333333335,42.00566405446159,3.554999999999947e+27,9.96000000000006e+26,2.4969999999999403e+27,1.6999999999999995e+25,4.500000000000003e+25,3.633000000000148e+27,3.5240000000001483e+27,8.100000000000005e+25,2.8000000000000006e+25,2.1461636277358532e+26,0.0
2279.222222222222,43.00429778870591,3.723999999999953e+27,1.0460000000000065e+27,2.6089999999999464e+27,2.2999999999999994e+25,4.600000000000003e+25,3.65600000000015e+27,3.5400000000001496e+27,7.900000000000007e+25,3.700000000000002e+25,2.1289242423720337e+26,0.0
2283.3888888888887,44.005368650158175,3.6169999999999456e+27,1.0540000000000066e+27,2.500999999999939e+27,1.5999999999999995e+25,4.600000000000003e+25,3.6210000000001477e+27,3.5150000000001476e+27,7.800000000000007e+25,2.8000000000000006e+25,2.1114081153529983e+26,0.0
2287.5555555555557,45.002100711854496,3.492999999999945e+27,9.99000000000006e+26,2.430999999999939e+27,1.6999999999999995e+25,4.600000000000003e+25,3.5000000000001387e+27,3.4020000000001387e+27,7.100000000000007e+25,2.7000000000000004e+25,2.0937628582316415e+26,0.0
2291.75,46.00105321137869,3.5349999999999447e+27,1.0350000000000063e+27,2.439999999999938e+27,1.4999999999999996e+25,4.500000000000003e+25,3.517000000000139e+27,3.404000000000139e+27,7.500000000000008e+25,3.800000000000002e+25,2.0758518580089333e+26,0.0
2295.972222222222,47.00208667071331,3.387999999999949e+27,9.610000000000057e+26,2.3599999999999427e+27,2.2999999999999994e+25,4.400000000000003e+25,3.437000000000133e+27,3.329000000000133e+27,7.100000000000007e+25,3.700000000000002e+25,2.0577046225389946e+26,0.0
2300.222222222222,48.005066576678814,3.302999999999953e+27,9.590000000000056e+26,2.2869999999999468e+27,1.2999999999999997e+25,4.400000000000003e+25,3.410000000000133e+27,3.3350000000001334e+27,4.600000000000003e+25,2.9000000000000008e+25,2.039325841155897e+26,0.0
2304.472222222222,49.00335246307998,3.2699999999999545e+27,9.520000000000056e+26,2.2609999999999486e+27,1.2999999999999997e+25,4.400000000000003e+25,3.218000000000116e+27,3.1190000000001164e+27,6.700000000000006e+25,3.2000000000000012e+25,2.0208654686474883e+26,0.0
2308.75,50.00338286484123,3.231999999999962e+27,1.0320000000000064e+27,2.1369999999999559e+27,1.7999999999999994e+25,4.500000000000003e+25,3.215000000000116e+27,3.1180000000001163e+27,5.600000000000005e+25,4.100000000000002e+25,2.002208087985673e+26,0.0
2313.0555555555557,51.005025283531836,3.141999999999962e+27,9.550000000000055e+26,2.1269999999999562e+27,1.5999999999999995e+25,4.400000000000003e+25,3.2000000000001156e+27,3.1090000000001156e+27,6.100000000000005e+25,3.000000000000001e+25,1.9833375659405847e+26,0.0
2317.3611111111113,52.00173651952764,3.227999999999953e+27,8.92000000000005e+26,2.2749999999999475e+27,1.6999999999999995e+25,4.400000000000003e+25,3.3190000000001244e+27,3.2210000000001244e+27,6.400000000000006e+25,3.4000000000000016e+25,1.9644212645555437e+26,0.0
2321.722222222222,53.006246120682135,3.159999999999964e+27,1.007000000000006e+27,2.0909999999999583e+27,1.8999999999999994e+25,4.3000000000000026e+25,3.11800000000011e+27,3.03800000000011e+27,5.200000000000004e+25,2.8000000000000006e+25,1.945226425804258e+26,0.0
2326.0833333333335,54.00563470822533,3.0079999999999674e+27,9.170000000000053e+26,2.0289999999999622e+27,1.8999999999999994e+25,4.3000000000000026e+25,3.0970000000001075e+27,3.010000000000108e+27,5.300000000000004e+25,3.4000000000000016e+25,1.9259999054353276e+26,0.0
2330.472222222222,55.00619059840312,3.088999999999965e+27,9.500000000000056e+26,2.0809999999999591e+27,1.4999999999999996e+25,4.3000000000000026e+25,3.1430000000001095e+27,3.0320000000001095e+27,6.8000000000000065e+25,4.3000000000000026e+25,1.9066250873553585e+26,0.0
2334.8611111111113,56.00150884043876,3.094999999999965e+27,9.520000000000056e+26,2.0739999999999594e+27,2.599999999999999e+25,4.3000000000000026e+25,3.022000000000102e+27,2.934000000000102e+27,5.700000000000005e+25,3.100000000000001e+25,1.887251395473472e+26,0.0
2339.3055555555557,57.00406833980412,2.97099999999997e+27,9.180000000000052e+26,1.9839999999999647e+27,2.699999999999999e+25,4.200000000000002e+25,3.012000000000101e+27,2.9190000000001006e+27,6.500000000000006e+25,2.8000000000000006e+25,1.8676345803291162e+26,0.0
2343.75,58.001213024842855,2.9189999999999714e+27,9.050000000000052e+26,1.961999999999966e+27,9.999999999999999e+24,4.200000000000002e+25,2.952000000000096e+27,2.862000000000096e+27,5.600000000000005e+25,3.4000000000000016e+25,1.8480378024110225e+26,0.0
2348.25,59.00529120109786,2.955999999999973e+27,9.700000000000058e+26,1.9329999999999678e+27,1.0999999999999998e+25,4.200000000000002e+25,2.9320000000000956e+27,2.8520000000000953e+27,5.100000000000004e+25,2.9000000000000008e+25,1.8282332512974693e+26,0.0
2352.75,60.00379237431025,2.8139999999999746e+27,8.690000000000048e+26,1.8899999999999702e+27,1.2999999999999997e+25,4.200000000000002e+25,2.993000000000101e+27,2.921000000000101e+27,3.5000000000000017e+25,3.700000000000002e+25,1.808467945031403e+26,0.0
2357.277777777778,61.00281580799856,2.838999999999976e+27,9.100000000000051e+26,1.873999999999971e+27,1.2999999999999997e+25,4.200000000000002e+25,2.8290000000000874e+27,2.7530000000000875e+27,3.900000000000002e+25,3.700000000000002e+25,1.788623951372758e+26,0.0
2361.8333333333335,62.0022490328073,2.873999999999976e+27,9.360000000000054e+26,1.8799999999999708e+27,1.5999999999999995e+25,4.200000000000002e+25,2.8490000000000907e+27,2.7890000000000903e+27,3.100000000000001e+25,2.9000000000000008e+25,1.7687345680126406e+26,0.0
2366.4166666666665,63.001985634427115,2.8149999999999764e+27,8.860000000000049e+26,1.8719999999999712e+27,1.4999999999999996e+25,4.200000000000002e+25,2.766000000000082e+27,2.684000000000082e+27,5.300000000000004e+25,2.9000000000000008e+25,1.748819839264896e+26,0.0
2371.027777777778,64.00191608453474,2.787999999999978e+27,8.950000000000049e+26,1.8409999999999732e+27,1.0999999999999998e+25,4.100000000000002e+25,2.7840000000000833e+27,2.695000000000083e+27,5.900000000000005e+25,3.000000000000001e+25,1.728857771649302e+26,0.0
2375.6666666666665,65.00193234426445,2.752999999999978e+27,8.580000000000046e+26,1.8369999999999734e+27,1.6999999999999995e+25,4.100000000000002e+25,2.692000000000076e+27,2.607000000000076e+27,5.600000000000005e+25,2.9000000000000008e+25,1.708870239043488e+26,0.0
2380.3333333333335,66.00193307803056,2.7179999999999825e+27,9.00000000000005e+26,1.7629999999999775e+27,1.4999999999999996e+25,4.000000000000002e+25,2.632000000000072e+27,2.558000000000072e+27,4.200000000000002e+25,3.2000000000000012e+25,1.6888814394280916e+26,0.0
2385.027777777778,67.00181682544007,2.7069999999999843e+27,9.180000000000052e+26,1.734999999999979e+27,1.3999999999999997e+25,4.000000000000002e+25,2.6820000000000764e+27,2.608000000000076e+27,5.200000000000004e+25,2.1999999999999996e+25,1.6688941171941603e+26,0.0
2389.75,68.00148401882905,2.7169999999999835e+27,9.150000000000051e+26,1.7529999999999783e+27,7.999999999999999e+24,4.100000000000002e+25,2.758000000000083e+27,2.6910000000000826e+27,3.800000000000002e+25,2.9000000000000008e+25,1.6489143209262535e+26,0.0
2394.5,69.00083953905039,2.6229999999999915e+27,9.510000000000055e+26,1.618999999999986e+27,1.2999999999999997e+25,4.000000000000002e+25,2.6550000000000726e+27,2.559000000000072e+27,5.100000000000004e+25,4.500000000000003e+25,1.6289685788675562e+26,0.0
2399.3055555555557,70.00558328775173,2.59899999999999e+27,9.07000000000005e+26,1.6329999999999854e+27,1.8999999999999994e+25,4.000000000000002e+25,2.7600000000000814e+27,2.6760000000000814e+27,5.5000000000000045e+25,2.9000000000000008e+25,1.6089331690705895e+26,0.0
2404.1111111111113,71.0040010550274,2.606999999999989e+27,9.060000000000051e+26,1.6439999999999846e+27,1.7999999999999994e+25,3.900000000000002e+25,2.4820000000000606e+27,2.4100000000000604e+27,4.600000000000003e+25,2.6000000000000003e+25,1.589067938076613e+26,0.0
2408.9444444444443,72.0018364236962,2.611999999999991e+27,9.400000000000054e+26,1.6249999999999858e+27,8e+24,3.900000000000002e+25,2.5640000000000665e+27,2.4870000000000665e+27,4.500000000000003e+25,3.2000000000000012e+25,1.5692571750660315e+26,0.0
2413.8333333333335,73.00467856430635,2.5899999999999944e+27,9.600000000000057e+26,1.5759999999999886e+27,1.4999999999999996e+25,3.900000000000002e+25,2.615000000000071e+27,2.5490000000000714e+27,3.2000000000000012e+25,3.4000000000000016e+25,1.5494113771097743e+26,0.0
2418.722222222222,74.00105325186576,2.5879999999999925e+27,9.490000000000049e+26,1.5909999999999875e+27,8.999999999999998e+24,3.900000000000002e+25,2.671000000000074e+27,2.580000000000074e+27,4.500000000000003e+25,4.600000000000003e+25,1.5297541738526782e+26,0.0
2423.6666666666665,75.00219873891126,2.579999999999993e+27,9.320000000000054e+26,1.5929999999999877e+27,1.5999999999999995e+25,3.900000000000002e+25,2.509000000000063e+27,2.4340000000000623e+27,4.400000000000003e+25,3.100000000000001e+25,1.5100576031004338e+26,0.0
2428.6388888888887,76.00235583052347,2.537999999999995e+27,9.330000000000052e+26,1.55299999999999e+27,1.3999999999999997e+25,3.800000000000002e+25,2.5860000000000677e+27,2.5020000000000677e+27,5.200000000000004e+25,3.2000000000000012e+25,1.4904683860755041e+26,0.0
2433.6388888888887,77.00145187012174,2.540999999999998e+27,9.79000000000005e+26,1.5039999999999928e+27,1.9999999999999993e+25,3.800000000000002e+25,2.512000000000064e+27,2.4580000000000642e+27,2.8000000000000006e+25,2.6000000000000003e+25,1.4709854757425653e+26,0.0
2438.6944444444443,78.00491220844185,2.527999999999997e+27,9.460000000000055e+26,1.5279999999999914e+27,1.6999999999999995e+25,3.700000000000002e+25,2.5820000000000685e+27,2.5130000000000685e+27,4.3000000000000026e+25,2.6000000000000003e+25,1.451506858068964e+26,0.0
2443.75,79.0016333974088,2.527999999999996e+27,9.65000000000003e+26,1.5049999999999929e+27,1.9999999999999993e+25,3.800000000000002e+25,2.535000000000066e+27,2.4750000000000655e+27,3.000000000000001e+25,3.000000000000001e+25,1.4322663633989425e+26,0.0
2448.8611111111113,80.0025069928954,2.4729999999999997e+27,9.820000000000031e+26,1.4399999999999965e+27,1.3999999999999997e+25,3.700000000000002e+25,2.5250000000000645e+27,2.4620000000000645e+27,4.000000000000002e+25,2.3e+25,1.4130550881592236e+26,0.0
2454.0,81.00197739755345,2.5019999999999973e+27,9.870000000000019e+26,1.4579999999999955e+27,1.9999999999999993e+25,3.700000000000002e+25,2.495000000000061e+27,2.4150000000000608e+27,3.900000000000002e+25,4.100000000000002e+25,1.3939816437273677e+26,0.0
2459.1944444444443,82.00532197576331,2.482999999999998e+27,9.880000000000015e+26,1.4419999999999964e+27,1.6999999999999995e+25,3.600000000000002e+25,2.4540000000000584e+27,2.3860000000000585e+27,3.800000000000002e+25,3.000000000000001e+25,1.3749552321545046e+26,0.0
2464.3888888888887,83.0017618269087,2.5369999999999935e+27,1.0139999999999993e+27,1.4749999999999943e+27,1.1999999999999998e+25,3.600000000000002e+25,2.5060000000000625e+27,2.4330000000000622e+27,3.800000000000002e+25,3.5000000000000017e+25,1.3561857080837632e+26,0.0
2469.6388888888887,84.00189226154043,2.517999999999997e+27,9.920000000000021e+26,1.4719999999999946e+27,1.6999999999999995e+25,3.700000000000002e+25,2.485000000000061e+27,2.417000000000061e+27,3.000000000000001e+25,3.800000000000002e+25,1.3374740556311256e+26,0.0
2474.9166666666665,85.00031600313184,2.4200000000000007e+27,9.910000000000004e+26,1.3780000000000002e+27,1.4999999999999996e+25,3.600000000000002e+25,2.485000000000062e+27,2.4280000000000618e+27,3.2000000000000012e+25,2.5e+25,1.3189369571012899e+26,0.0
2480.25,86.00218687989252,2.4250000000000006e+27,1.023999999999999e+27,1.3510000000000016e+27,1.3999999999999997e+25,3.600000000000002e+25,2.5500000000000654e+27,2.4720000000000653e+27,3.800000000000002e+25,4.000000000000002e+25,1.3004706390396202e+26,0.0
2485.6111111111113,87.00218526468336,2.4869999999999956e+27,1.034999999999997e+27,1.4039999999999986e+27,1.1999999999999998e+25,3.600000000000002e+25,2.4950000000000616e+27,2.4230000000000614e+27,4.200000000000002e+25,3.000000000000001e+25,1.2822036265413438e+26,0.0
2491.0,88.00026859996456,2.4219999999999998e+27,1.0379999999999982e+27,1.3340000000000014e+27,1.4999999999999996e+25,3.5000000000000017e+25,2.452000000000058e+27,2.379000000000058e+27,4.400000000000003e+25,2.9000000000000008e+25,1.2641209409227394e+26,0.0
2496.4444444444443,89.0014832752255,2.4329999999999993e+27,1.0579999999999965e+27,1.3210000000000025e+27,1.8999999999999994e+25,3.5000000000000017e+25,2.404000000000054e+27,2.327000000000054e+27,4.500000000000003e+25,3.2000000000000012e+25,1.2461384931653788e+26,0.0
2501.9166666666665,90.00063508799678,2.4389999999999987e+27,1.0749999999999969e+27,1.3140000000000017e+27,1.4999999999999996e+25,3.5000000000000017e+25,2.4020000000000554e+27,2.3450000000000553e+27,3.3000000000000014e+25,2.4e+25,1.2283646181897617e+26,0.0
2507.4444444444443,91.00270746608089,2.4939999999999945e+27,1.1019999999999939e+27,1.3470000000000002e+27,1.0999999999999998e+25,3.4000000000000016e+25,2.4610000000000587e+27,2.3880000000000587e+27,3.5000000000000017e+25,3.800000000000002e+25,1.21071437097409e+26,0.0
2513.0,92.00258169762617,2.476999999999993e+27,1.1139999999999935e+27,1.3099999999999995e+27,1.8999999999999994e+25,3.4000000000000016e+25,2.501000000000061e+27,2.4210000000000613e+27,4.400000000000003e+25,3.600000000000002e+25,1.1932790678903729e+26,0.0
2518.5833333333335,93.00022614708803,2.510999999999992e+27,1.1439999999999905e+27,1.3150000000000018e+27,1.7999999999999994e+25,3.4000000000000016e+25,2.4870000000000615e+27,2.4250000000000616e+27,3.600000000000002e+25,2.6000000000000003e+25,1.1760569382400644e+26,0.0
2524.222222222222,94.00053040242972,2.4079999999999946e+27,1.1039999999999926e+27,1.256000000000002e+27,1.3999999999999997e+25,3.4000000000000016e+25,2.5240000000000645e+27,2.4620000000000645e+27,3.4000000000000016e+25,2.8000000000000006e+25,1.1589813666477673e+26,0.0
2529.9166666666665,95.00336684826937,2.452999999999991e+27,1.1249999999999915e+27,1.2809999999999996e+27,1.2999999999999997e+25,3.4000000000000016e+25,2.5380000000000667e+27,2.490000000000067e+27,2.8000000000000006e+25,1.9999999999999993e+25,1.1420503052264903e+26,0.0
2535.6388888888887,96.00377266194891,2.4209999999999893e+27,1.1529999999999884e+27,1.2190000000000007e+27,1.4999999999999996e+25,3.4000000000000016e+25,2.4210000000000563e+27,2.3570000000000562e+27,3.3000000000000014e+25,3.100000000000001e+25,1.1253430097742194e+26,0.0
2541.3888888888887,97.00173248478427,2.4289999999999932e+27,1.1279999999999906e+27,1.2550000000000025e+27,1.2999999999999997e+25,3.3000000000000014e+25,2.5660000000000667e+27,2.493000000000067e+27,3.3000000000000014e+25,4.000000000000002e+25,1.1088753250499352e+26,0.0
2547.1944444444443,98.00200227266657,2.459999999999992e+27,1.1619999999999896e+27,1.2570000000000021e+27,7.999999999999999e+24,3.3000000000000014e+25,2.46000000000006e+27,2.4030000000000599e+27,3.100000000000001e+25,2.6000000000000003e+25,1.0925670585992268e+26,0.0
2553.0555555555557,99.00447331299983,2.4419999999999906e+27,1.226999999999987e+27,1.1690000000000035e+27,1.3999999999999997e+25,3.2000000000000012e+25,2.4370000000000573e+27,2.3730000000000575e+27,3.700000000000002e+25,2.7000000000000004e+25,1.0764211669926044e+26,0.0
2558.9444444444443,100.00433382119934,2.4709999999999885e+27,1.240999999999986e+27,1.1880000000000025e+27,9.999999999999999e+24,3.2000000000000012e+25,2.488000000000061e+27,2.417000000000061e+27,3.4000000000000016e+25,3.700000000000002e+25,1.0605300158856588e+26,0.0
2564.8611111111113,101.00158237192329,2.462999999999987e+27,1.2309999999999847e+27,1.1800000000000021e+27,1.8999999999999994e+25,3.3000000000000014e+25,2.404000000000056e+27,2.3560000000000562e+27,3.000000000000001e+25,1.7999999999999992e+25,1.0448846855777289e+26,0.0
2570.8333333333335,102.00085288726962,2.426999999999985e+27,1.2379999999999822e+27,1.1450000000000027e+27,1.1999999999999998e+25,3.2000000000000012e+25,2.520000000000065e+27,2.467000000000065e+27,3.100000000000001e+25,2.1999999999999996e+25,1.0294102364529835e+26,0.0
2576.8611111111113,103.00204604246903,2.5079999999999824e+27,1.2999999999999816e+27,1.1660000000000007e+27,1.0999999999999998e+25,3.100000000000001e+25,2.4560000000000594e+27,2.3970000000000594e+27,4.200000000000002e+25,1.6999999999999993e+25,1.0141332185698463e+26,0.0
2582.9166666666665,104.00050521960668,2.53899999999998e+27,1.2809999999999807e+27,1.2089999999999989e+27,1.6999999999999995e+25,3.2000000000000012e+25,2.522000000000065e+27,2.467000000000065e+27,2.9000000000000008e+25,2.6000000000000003e+25,9.991038011412534e+25,0.0
2589.027777777778,105.00077255024235,2.4989999999999817e+27,1.2929999999999803e+27,1.1610000000000014e+27,1.3999999999999997e+25,3.100000000000001e+25,2.490000000000063e+27,2.4370000000000625e+27,2.6000000000000003e+25,2.7000000000000004e+25,9.842654128377328e+25,0.0
2595.1944444444443,106.00275457825148,2.5539999999999816e+27,1.341999999999979e+27,1.1680000000000027e+27,1.2999999999999997e+25,3.100000000000001e+25,2.6030000000000707e+27,2.53400000000007e+27,3.800000000000002e+25,3.100000000000001e+25,9.696196106110977e+25,0.0
2601.3888888888887,107.00191492937483,2.532999999999981e+27,1.2959999999999808e+27,1.1950000000000006e+27,1.0999999999999998e+25,3.100000000000001e+25,2.551000000000066e+27,2.483000000000066e+27,4.200000000000002e+25,2.6000000000000003e+25,9.552308363769855e+25,0.0
2607.6388888888887,108.00269796906764,2.557999999999978e+27,1.3289999999999768e+27,1.1810000000000015e+27,1.7999999999999994e+25,3.000000000000001e+25,2.688000000000078e+27,2.6260000000000775e+27,3.800000000000002e+25,2.4e+25,9.410425689252647e+25,0.0
2613.9166666666665,109.0006309771793,2.5289999999999796e+27,1.362999999999977e+27,1.1190000000000024e+27,1.5999999999999995e+25,3.100000000000001e+25,2.5590000000000683e+27,2.508000000000068e+27,3.4000000000000016e+25,1.6999999999999993e+25,9.271121729393054e+25,0.0
2620.25,110.00010869486766,2.555999999999977e+27,1.336999999999976e+27,1.1750000000000006e+27,1.3999999999999997e+25,3.000000000000001e+25,2.5700000000000686e+27,2.5100000000000683e+27,3.700000000000002e+25,2.3e+25,9.133898086609845e+25,0.0
2626.6388888888887,111.00106326389937,2.541999999999977e+27,1.3919999999999754e+27,1.0980000000000013e+27,2.199999999999999e+25,3.000000000000001e+25,2.667000000000076e+27,2.608000000000076e+27,3.2000000000000012e+25,2.7000000000000004e+25,8.99870028893804e+25,0.0
2633.0833333333335,112.00343026515691,2.576999999999974e+27,1.4119999999999723e+27,1.1190000000000014e+27,1.5999999999999995e+25,3.000000000000001e+25,2.521000000000065e+27,2.4610000000000644e+27,3.700000000000002e+25,2.3e+25,8.865569152602943e+25,0.0
2639.5555555555557,113.00287800812328,2.6229999999999695e+27,1.4329999999999704e+27,1.1429999999999988e+27,1.6999999999999995e+25,3.000000000000001e+25,2.658000000000075e+27,2.597000000000075e+27,3.3000000000000014e+25,2.8000000000000006e+25,8.735119827506963e+25,0.0
2646.0833333333335,114.00368820834376,2.5599999999999744e+27,1.4229999999999724e+27,1.0980000000000017e+27,9.999999999999997e+24,2.9000000000000008e+25,2.5860000000000694e+27,2.520000000000069e+27,4.200000000000002e+25,2.4e+25,8.606716319079498e+25,0.0
2652.6388888888887,115.00159361779697,2.7129999999999694e+27,1.4759999999999694e+27,1.1899999999999997e+27,1.6999999999999995e+25,3.000000000000001e+25,2.6190000000000714e+27,2.545000000000071e+27,4.400000000000003e+25,3.000000000000001e+25,8.480976867908149e+25,0.0
2659.25,116.00082100880104,2.7099999999999686e+27,1.5129999999999693e+27,1.1499999999999992e+27,1.6999999999999995e+25,3.000000000000001e+25,2.58700000000007e+27,2.53000000000007e+27,3.5000000000000017e+25,2.1999999999999996e+25,8.357267581735676e+25,0.0
2665.9166666666665,117.0013264133853,2.7009999999999707e+27,1.518999999999971e+27,1.1369999999999994e+27,1.5999999999999995e+25,2.9000000000000008e+25,2.6970000000000787e+27,2.636000000000078e+27,3.700000000000002e+25,2.4e+25,8.235708560540842e+25,0.0
2672.6388888888887,118.00307068581037,2.7239999999999703e+27,1.5389999999999733e+27,1.1409999999999968e+27,1.4999999999999996e+25,2.9000000000000008e+25,2.761000000000085e+27,2.7130000000000843e+27,3.100000000000001e+25,1.6999999999999993e+25,8.116317156857228e+25,0.0
2679.3888888888887,119.00191878984958,2.736999999999971e+27,1.5539999999999745e+27,1.1399999999999964e+27,1.3999999999999997e+25,2.9000000000000008e+25,2.6550000000000753e+27,2.6000000000000754e+27,3.600000000000002e+25,1.8999999999999992e+25,7.999549124979108e+25,0.0
2686.1944444444443,120.001992659086,2.762999999999971e+27,1.566999999999976e+27,1.1579999999999949e+27,9.999999999999999e+24,2.8000000000000006e+25,2.745000000000082e+27,2.683000000000082e+27,4.200000000000002e+25,1.9999999999999993e+25,7.884871548150773e+25,0.0
2693.0555555555557,121.00326524668526,2.7729999999999736e+27,1.5739999999999755e+27,1.1539999999999979e+27,1.6999999999999995e+25,2.8000000000000006e+25,2.688000000000078e+27,2.635000000000078e+27,3.5000000000000017e+25,1.7999999999999992e+25,7.772270242851507e+25,0.0
2699.9444444444443,122.00169668207161,2.7849999999999735e+27,1.6069999999999773e+27,1.1239999999999966e+27,2.599999999999999e+25,2.8000000000000006e+25,2.8200000000000884e+27,2.762000000000088e+27,3.800000000000002e+25,1.9999999999999993e+25,7.662318656166813e+25,0.0
2706.8888888888887,123.0013328803625,2.8429999999999753e+27,1.634999999999981e+27,1.171999999999994e+27,7.999999999999998e+24,2.8000000000000006e+25,2.811000000000088e+27,2.758000000000088e+27,3.800000000000002e+25,1.4999999999999994e+25,7.55440879554277e+25,0.0
2713.8888888888887,124.00215752232657,2.8879999999999733e+27,1.64699999999998e+27,1.1999999999999935e+27,1.2999999999999997e+25,2.8000000000000006e+25,2.8220000000000885e+27,2.7650000000000884e+27,3.100000000000001e+25,2.6000000000000003e+25,7.448652727073417e+25,0.0
2720.9166666666665,125.00022286455453,2.8819999999999756e+27,1.657999999999983e+27,1.1849999999999932e+27,1.1999999999999998e+25,2.7000000000000004e+25,2.8700000000000934e+27,2.825000000000093e+27,2.9000000000000008e+25,1.5999999999999993e+25,7.345445814372794e+25,0.0
2728.027777777778,126.00341042607306,2.895999999999971e+27,1.625999999999981e+27,1.22899999999999e+27,1.3999999999999997e+25,2.7000000000000004e+25,2.964000000000099e+27,2.902000000000099e+27,4.100000000000002e+25,2.0999999999999995e+25,7.243905764655155e+25,0.0
2735.1666666666665,127.00387048036077,2.933999999999977e+27,1.6979999999999866e+27,1.1869999999999902e+27,2.199999999999999e+25,2.7000000000000004e+25,3.040000000000106e+27,2.986000000000106e+27,3.3000000000000014e+25,2.0999999999999995e+25,7.144899913771314e+25,0.0
2742.3333333333335,128.00168226954008,2.9679999999999774e+27,1.7049999999999855e+27,1.2149999999999922e+27,2.099999999999999e+25,2.7000000000000004e+25,2.9650000000001004e+27,2.9190000000001006e+27,2.8000000000000006e+25,1.7999999999999992e+25,7.048310818263787e+25,0.0
2749.5555555555557,129.00074526548394,3.0159999999999807e+27,1.7479999999999895e+27,1.2149999999999917e+27,2.599999999999999e+25,2.7000000000000004e+25,3.014000000000102e+27,2.940000000000102e+27,4.800000000000003e+25,2.6000000000000003e+25,6.95381091757593e+25,0.0
2756.8333333333335,130.00106646625363,3.0459999999999787e+27,1.76199999999999e+27,1.2319999999999892e+27,2.499999999999999e+25,2.7000000000000004e+25,3.0500000000001065e+27,2.9930000000001064e+27,4.100000000000002e+25,1.5999999999999993e+25,6.861400992251075e+25,0.0
2764.1666666666665,131.00265043205547,3.1479999999999845e+27,1.8539999999999965e+27,1.2419999999999886e+27,2.499999999999999e+25,2.7000000000000004e+25,3.0950000000001106e+27,3.0420000000001103e+27,3.600000000000002e+25,1.6999999999999993e+25,6.771000833793667e+25,0.0
2771.527777777778,132.00174910577584,3.05299999999998e+27,1.7829999999999925e+27,1.2319999999999874e+27,1.0999999999999998e+25,2.7000000000000004e+25,3.07800000000011e+27,3.0330000000001096e+27,3.100000000000001e+25,1.3999999999999994e+25,6.6830412155952484e+25,0.0
2778.9444444444443,133.00218326938943,3.110999999999981e+27,1.805999999999993e+27,1.258999999999988e+27,1.8999999999999994e+25,2.7000000000000004e+25,3.173000000000116e+27,3.116000000000116e+27,3.800000000000002e+25,1.8999999999999992e+25,6.597126175074795e+25,0.0
2786.3888888888887,134.00025589895608,3.124999999999982e+27,1.8329999999999948e+27,1.2449999999999877e+27,2.099999999999999e+25,2.6000000000000003e+25,3.203000000000119e+27,3.152000000000119e+27,3.5000000000000017e+25,1.5999999999999993e+25,6.513462395478563e+25,0.0
2793.9166666666665,135.00343401339717,3.162999999999984e+27,1.8429999999999975e+27,1.2719999999999866e+27,2.2999999999999994e+25,2.5e+25,3.2490000000001217e+27,3.1860000000001216e+27,5.100000000000004e+25,1.1999999999999996e+25,6.431512006364261e+25,0.0
2801.4444444444443,136.00067070330851,3.283999999999991e+27,1.9860000000000055e+27,1.2609999999999857e+27,1.1999999999999998e+25,2.5e+25,3.192000000000119e+27,3.1480000000001186e+27,3.000000000000001e+25,1.3999999999999994e+25,6.352165315418055e+25,0.0
2809.0555555555557,137.00306576591663,3.254999999999986e+27,1.9230000000000025e+27,1.2849999999999837e+27,2.199999999999999e+25,2.5e+25,3.2510000000001224e+27,3.189000000000122e+27,4.500000000000003e+25,1.6999999999999993e+25,6.274564278514256e+25,0.0
2816.6944444444443,138.0033299594645,3.3129999999999904e+27,1.972000000000008e+27,1.294999999999983e+27,1.9999999999999993e+25,2.6000000000000003e+25,3.33400000000013e+27,3.28900000000013e+27,3.700000000000002e+25,7.999999999999998e+24,6.199152049815839e+25,0.0
2824.3611111111113,139.00156074254346,3.3679999999999903e+27,2.009000000000008e+27,1.3149999999999828e+27,1.8999999999999994e+25,2.5e+25,3.344000000000129e+27,3.278000000000129e+27,5.000000000000004e+25,1.5999999999999993e+25,6.125913884471836e+25,0.0
2832.0833333333335,140.00143987248634,3.4029999999999865e+27,1.9740000000000065e+27,1.3699999999999803e+27,3.3999999999999994e+25,2.5e+25,3.3980000000001345e+27,3.345000000000134e+27,3.800000000000002e+25,1.4999999999999994e+25,6.054573910419231e+25,0.0
2839.8611111111113,141.00300830903745,3.5169999999999905e+27,2.0630000000000121e+27,1.4079999999999786e+27,2.099999999999999e+25,2.5e+25,3.4750000000001395e+27,3.4100000000001393e+27,4.9000000000000035e+25,1.5999999999999993e+25,5.985216933398404e+25,0.0
2847.6666666666665,142.00276226179778,3.5269999999999935e+27,2.082000000000016e+27,1.3889999999999774e+27,3.099999999999999e+25,2.5e+25,3.6050000000001503e+27,3.54800000000015e+27,4.700000000000003e+25,9.999999999999997e+24,5.917972541881749e+25,0.0
2855.5,143.0007999446484,3.5709999999999876e+27,2.054000000000014e+27,1.4689999999999738e+27,2.2999999999999994e+25,2.5e+25,3.5030000000001434e+27,3.457000000000143e+27,3.800000000000002e+25,7.999999999999998e+24,5.852834450506289e+25,0.0
2863.3888888888887,144.0007414655637,3.724999999999988e+27,2.1150000000000151e+27,1.5499999999999725e+27,3.5999999999999993e+25,2.4e+25,3.659000000000154e+27,3.597000000000154e+27,4.9000000000000035e+25,1.2999999999999995e+25,5.789551788864623e+25,0.0
2871.3333333333335,145.00263479667785,3.714999999999992e+27,2.1510000000000174e+27,1.492999999999975e+27,4.6000000000000005e+25,2.5e+25,3.750000000000162e+27,3.6920000000001616e+27,4.800000000000003e+25,9.999999999999997e+24,5.728059186373035e+25,0.0
2879.3055555555557,146.0030601221439,3.771999999999988e+27,2.1530000000000184e+27,1.5689999999999701e+27,2.4999999999999997e+25,2.5e+25,3.6760000000001554e+27,3.612000000000155e+27,4.700000000000003e+25,1.6999999999999993e+25,5.668625708150449e+25,0.0
2887.3055555555557,147.00212720149682,3.8529999999999945e+27,2.209000000000023e+27,1.5859999999999718e+27,3.2999999999999992e+25,2.5e+25,3.8350000000001685e+27,3.7800000000001685e+27,4.100000000000002e+25,1.3999999999999994e+25,5.611262461101989e+25,0.0
2895.3611111111113,148.0033900999847,3.8079999999999937e+27,2.175000000000021e+27,1.5819999999999725e+27,2.699999999999999e+25,2.4e+25,3.898000000000174e+27,3.848000000000174e+27,4.000000000000002e+25,9.999999999999997e+24,5.555633954202013e+25,0.0
2903.4166666666665,149.0000540118316,3.909999999999994e+27,2.2270000000000226e+27,1.6239999999999715e+27,3.500000000000001e+25,2.4e+25,3.967000000000179e+27,3.911000000000179e+27,4.200000000000002e+25,1.3999999999999994e+25,5.502151171201969e+25,0.0
2911.5555555555557,150.0025210982477,4.054000000000004e+27,2.3160000000000277e+27,1.6879999999999762e+27,2.6e+25,2.4e+25,4.029000000000184e+27,3.973000000000184e+27,4.500000000000003e+25,1.0999999999999996e+25,5.450227096217455e+25,0.0
2919.6944444444443,151.00062106788118,4.103000000000011e+27,2.2680000000000275e+27,1.7709999999999833e+27,3.9999999999999995e+25,2.4e+25,4.087000000000187e+27,4.016000000000187e+27,5.600000000000005e+25,1.4999999999999994e+25,5.400423718893542e+25,0.0
2927.8888888888887,152.00127928367874,4.199000000000018e+27,2.363000000000035e+27,1.7659999999999832e+27,4.6000000000000005e+25,2.4e+25,4.166000000000195e+27,4.116000000000195e+27,4.400000000000003e+25,5.999999999999999e+24,5.352371524714882e+25,0.0
2936.1111111111113,153.0012031192989,4.219000000000013e+27,2.3510000000000305e+27,1.7949999999999825e+27,4.900000000000003e+25,2.4e+25,4.218000000000199e+27,4.1710000000001994e+27,3.5000000000000017e+25,1.1999999999999996e+25,5.306157194666624e+25,0.0
2944.3611111111113,154.00051315554276,4.2670000000000156e+27,2.377000000000032e+27,1.819999999999984e+27,4.6000000000000005e+25,2.4e+25,4.2740000000002014e+27,4.202000000000202e+27,6.000000000000005e+25,1.1999999999999996e+25,5.261738083631569e+25,0.0
2952.6666666666665,155.00267252370872,4.4420000000000316e+27,2.497000000000041e+27,1.8829999999999905e+27,3.8e+25,2.4e+25,4.498000000000219e+27,4.423000000000219e+27,6.000000000000005e+25,1.4999999999999994e+25,5.219062586308829e+25,0.0
2960.972222222222,156.00110058244468,4.4690000000000343e+27,2.482000000000041e+27,1.925999999999993e+27,3.7e+25,2.4e+25,4.515000000000221e+27,4.4500000000002214e+27,5.300000000000004e+25,1.1999999999999996e+25,5.178308781129852e+25,0.0
2969.3333333333335,157.0026017710893,4.54200000000004e+27,2.5150000000000434e+27,1.9639999999999966e+27,3.9e+25,2.4e+25,4.6100000000002296e+27,4.5550000000002297e+27,5.000000000000004e+25,4.999999999999999e+24,5.139253042930705e+25,0.0
2977.6944444444443,158.00064467981736,4.5820000000000366e+27,2.49600000000004e+27,2.0039999999999962e+27,5.800000000000002e+25,2.4e+25,4.648000000000232e+27,4.583000000000232e+27,5.5000000000000045e+25,9.999999999999997e+24,5.102051556633276e+25,0.0
2986.1111111111113,159.001987107049,4.6910000000000425e+27,2.556000000000042e+27,2.062e+27,5.000000000000001e+25,2.3e+25,4.598000000000228e+27,4.534000000000228e+27,5.900000000000005e+25,4.999999999999999e+24,5.0665041462413245e+25,0.0
2994.527777777778,160.00014767324774,4.7600000000000496e+27,2.5710000000000456e+27,2.1100000000000038e+27,5.600000000000002e+25,2.3e+25,4.722000000000237e+27,4.645000000000237e+27,6.200000000000006e+25,1.4999999999999994e+25,5.032792544151564e+25,0.0
3003.0,161.0018447564995,4.868000000000057e+27,2.598000000000048e+27,2.1920000000000094e+27,5.500000000000001e+25,2.3e+25,4.785000000000241e+27,4.701000000000241e+27,7.300000000000007e+25,1.0999999999999996e+25,5.000708561811214e+25,0.0
3011.472222222222,162.00063939882978,4.9370000000000553e+27,2.666000000000049e+27,2.2010000000000065e+27,4.7e+25,2.3e+25,4.964000000000255e+27,4.8810000000002554e+27,7.100000000000007e+25,1.1999999999999996e+25,4.970427959405141e+25,0.0
3020.0,163.00321344382724,4.964000000000059e+27,2.623000000000047e+27,2.2630000000000117e+27,5.500000000000001e+25,2.3e+25,4.971000000000255e+27,4.8810000000002554e+27,7.800000000000007e+25,1.1999999999999996e+25,4.941721422747213e+25,0.0
3028.527777777778,164.00316839067182,5.044000000000064e+27,2.7150000000000526e+27,2.2540000000000115e+27,5.2000000000000006e+25,2.3e+25,5.064000000000265e+27,5.004000000000265e+27,5.400000000000004e+25,5.999999999999999e+24,4.914809902076538e+25,0.0
3037.0555555555557,165.00066422477437,5.202000000000073e+27,2.768000000000056e+27,2.3510000000000173e+27,6.000000000000001e+25,2.3e+25,5.019000000000261e+27,4.956000000000261e+27,5.300000000000004e+25,9.999999999999997e+24,4.889643953826058e+25,0.0
3045.6388888888887,166.00233483708973,5.219000000000069e+27,2.7540000000000535e+27,2.384000000000015e+27,5.800000000000002e+25,2.3e+25,5.296000000000284e+27,5.235000000000283e+27,4.9000000000000035e+25,1.1999999999999996e+25,4.8660501051184325e+25,0.0
3054.222222222222,167.0018331765582,5.349000000000078e+27,2.8390000000000585e+27,2.4200000000000202e+27,6.700000000000003e+25,2.3e+25,5.258000000000279e+27,5.181000000000279e+27,6.700000000000006e+25,9.999999999999997e+24,4.8441144317665604e+25,0.0
3062.8333333333335,168.00254379795024,5.322000000000076e+27,2.817000000000056e+27,2.42700000000002e+27,5.500000000000002e+25,2.3e+25,5.39600000000029e+27,5.329000000000291e+27,5.5000000000000045e+25,1.1999999999999996e+25,4.82387533251326e+25,0.0
3071.4444444444443,169.00138702807374,5.373000000000085e+27,2.787000000000056e+27,2.51600000000003e+27,4.7000000000000015e+25,2.3e+25,5.499000000000299e+27,5.431000000000299e+27,5.800000000000005e+25,9.999999999999997e+24,4.805311927704517e+25,0.0
3080.0833333333335,170.0017356592689,5.428000000000073e+27,2.8340000000000543e+27,2.499000000000019e+27,7.200000000000003e+25,2.3e+25,5.667000000000312e+27,5.593000000000312e+27,6.000000000000005e+25,1.3999999999999994e+25,4.788339914956784e+25,0.0
3088.722222222222,171.00052265540353,5.486000000000077e+27,2.8760000000000587e+27,2.5310000000000183e+27,5.700000000000002e+25,2.1999999999999996e+25,5.488000000000297e+27,5.401000000000296e+27,7.300000000000007e+25,1.3999999999999994e+25,4.773042022506075e+25,0.0
3097.3888888888887,172.00111104608345,5.59500000000009e+27,2.8720000000000606e+27,2.6400000000000285e+27,6.000000000000001e+25,2.3e+25,5.588000000000303e+27,5.501000000000304e+27,7.800000000000007e+25,8.999999999999997e+24,4.759343044905955e+25,0.0
3106.0555555555557,173.00044422333008,5.642000000000092e+27,2.9110000000000604e+27,2.636000000000032e+27,7.300000000000004e+25,2.1999999999999996e+25,5.541000000000301e+27,5.464000000000301e+27,6.700000000000006e+25,9.999999999999997e+24,4.747297539288596e+25,0.0
3114.75,174.0018796092072,5.754000000000078e+27,2.9590000000000603e+27,2.6940000000000185e+27,7.800000000000004e+25,2.3e+25,5.790000000000322e+27,5.723000000000322e+27,5.400000000000004e+25,1.2999999999999995e+25,4.736836888448103e+25,0.0
3123.4444444444443,175.00237017847132,5.694000000000079e+27,2.9600000000000593e+27,2.64500000000002e+27,6.700000000000004e+25,2.1999999999999996e+25,5.792000000000321e+27,5.712000000000321e+27,6.700000000000006e+25,1.2999999999999995e+25,4.727999247880621e+25,0.0
3132.1388888888887,176.0020736769069,5.807000000000084e+27,2.9750000000000605e+27,2.731000000000024e+27,7.900000000000005e+25,2.1999999999999996e+25,5.760000000000317e+27,5.669000000000318e+27,8.200000000000004e+25,8.999999999999997e+24,4.72076341308666e+25,0.0
3140.8333333333335,177.00114856551102,5.923000000000094e+27,3.050000000000063e+27,2.76200000000003e+27,8.800000000000005e+25,2.3e+25,5.755000000000317e+27,5.666000000000317e+27,7.900000000000007e+25,9.999999999999997e+24,4.715157760703648e+25,0.0
3149.5555555555557,178.0029417799734,5.915000000000098e+27,3.0300000000000654e+27,2.7830000000000343e+27,7.900000000000005e+25,2.3e+25,5.942000000000334e+27,5.877000000000334e+27,5.300000000000004e+25,1.1999999999999996e+25,4.7111566196753645e+25,0.0
3158.25,179.00123031919702,5.92900000000007e+27,3.084000000000055e+27,2.743000000000016e+27,7.900000000000005e+25,2.3e+25,6.134000000000347e+27,6.043000000000347e+27,8.000000000000006e+25,1.0999999999999996e+25,4.708752730158001e+25,0.0
3166.972222222222,180.0025503319755,6.044000000000085e+27,3.0530000000000584e+27,2.883000000000028e+27,8.500000000000006e+25,2.3e+25,6.100000000000345e+27,6.026000000000346e+27,6.500000000000006e+25,8.999999999999997e+24,4.707942747369236e+25,0.0
3175.6666666666665,181.00068135188974,6.042000000000089e+27,3.038000000000057e+27,2.8960000000000317e+27,8.500000000000006e+25,2.3e+25,6.106000000000344e+27,6.009000000000344e+27,8.300000000000004e+25,1.3999999999999994e+25,4.708773045951754e+25,0.0
3184.3888888888887,182.00216074342813,6.112000000000094e+27,3.069000000000059e+27,2.9380000000000356e+27,8.200000000000004e+25,2.3e+25,5.987000000000337e+27,5.909000000000336e+27,6.100000000000005e+25,1.6999999999999993e+25,4.711198771242868e+25,0.0
3193.0833333333335,183.0007646349262,6.086000000000071e+27,3.05000000000005e+27,2.9430000000000217e+27,7.0000000000000026e+25,2.3e+25,6.28000000000036e+27,6.20400000000036e+27,7.000000000000007e+25,5.999999999999999e+24,4.71517910315544e+25,0.0
3201.8055555555557,184.0030333909026,6.241000000000074e+27,3.139000000000051e+27,3.0010000000000235e+27,7.800000000000004e+25,2.3e+25,6.218000000000353e+27,6.126000000000354e+27,8.300000000000004e+25,8.999999999999997e+24,4.720798162070773e+25,0.0
3210.5,185.00274056641706,6.261000000000081e+27,3.1460000000000525e+27,3.0220000000000284e+27,7.0000000000000026e+25,2.3e+25,6.120000000000345e+27,6.023000000000345e+27,8.500000000000002e+25,1.1999999999999996e+25,4.728032411251733e+25,0.0
3219.1666666666665,186.0000380543255,6.195000000000091e+27,3.131000000000055e+27,2.966000000000036e+27,7.500000000000004e+25,2.3e+25,6.244000000000356e+27,6.161000000000356e+27,7.600000000000008e+25,6.999999999999998e+24,4.736847990250645e+25,0.0
3227.8611111111113,187.00147522929785,6.186000000000057e+27,3.0890000000000414e+27,2.983000000000015e+27,9.100000000000007e+25,2.3e+25,6.264000000000357e+27,6.175000000000357e+27,7.800000000000007e+25,1.0999999999999996e+25,4.747302903167949e+25,0.0
3236.527777777778,188.00081106260143,6.303000000000063e+27,3.154000000000042e+27,3.026000000000021e+27,1.0000000000000007e+26,2.3e+25,6.30800000000036e+27,6.21100000000036e+27,7.900000000000007e+25,1.7999999999999992e+25,4.759355388347457e+25,0.0
3245.1944444444443,189.00140142389603,6.383000000000076e+27,3.1670000000000465e+27,3.11300000000003e+27,8.000000000000004e+25,2.3e+25,6.42700000000037e+27,6.33300000000037e+27,8.700000000000001e+25,6.999999999999998e+24,4.773077821776939e+25,0.0
3253.8333333333335,190.00019126945983,6.335000000000077e+27,3.1780000000000484e+27,3.043000000000029e+27,9.200000000000006e+25,2.1999999999999996e+25,6.237000000000357e+27,6.160000000000356e+27,7.100000000000007e+25,5.999999999999999e+24,4.7884041028808506e+25,0.0
3262.472222222222,191.00054279418532,6.444000000000058e+27,3.1720000000000414e+27,3.160000000000017e+27,8.900000000000006e+25,2.3e+25,6.434000000000371e+27,6.349000000000371e+27,7.300000000000007e+25,1.1999999999999996e+25,4.8053337727999935e+25,0.0
3271.1111111111113,192.0026142889982,6.41600000000006e+27,3.204000000000037e+27,3.1000000000000225e+27,8.900000000000006e+25,2.3e+25,6.340000000000363e+27,6.250000000000363e+27,7.800000000000007e+25,1.1999999999999996e+25,4.823953023145254e+25,0.0
3279.6944444444443,193.00010383878237,6.39500000000007e+27,3.147000000000041e+27,3.14300000000003e+27,8.200000000000004e+25,2.3e+25,6.546000000000379e+27,6.441000000000378e+27,8.500000000000002e+25,1.9999999999999993e+25,4.8441523788214865e+25,0.0
3288.3055555555557,194.00284386756186,6.406000000000072e+27,3.193000000000045e+27,3.107000000000028e+27,8.300000000000005e+25,2.3e+25,6.640000000000385e+27,6.538000000000386e+27,9.299999999999997e+25,8.999999999999997e+24,4.866142431093553e+25,0.0
3296.8611111111113,195.00128098722882,6.416000000000041e+27,3.189000000000032e+27,3.11100000000001e+27,9.300000000000007e+25,2.3e+25,6.468000000000374e+27,6.375000000000373e+27,7.500000000000008e+25,1.7999999999999992e+25,4.889679179906565e+25,0.0
3305.4166666666665,196.00203362759328,6.489000000000046e+27,3.1700000000000346e+27,3.215000000000012e+27,8.100000000000005e+25,2.3e+25,6.486000000000375e+27,6.401000000000375e+27,7.000000000000007e+25,1.4999999999999994e+25,4.914918261370368e+25,0.0
3313.9444444444443,197.00200202867086,6.432000000000058e+27,3.1930000000000364e+27,3.1410000000000213e+27,7.500000000000004e+25,2.3e+25,6.375000000000367e+27,6.292000000000367e+27,7.300000000000007e+25,9.999999999999997e+24,4.941847262804905e+25,0.0
3322.4444444444443,198.00131922631329,6.455000000000064e+27,3.172000000000039e+27,3.1690000000000246e+27,9.100000000000007e+25,2.3e+25,6.42200000000037e+27,6.33600000000037e+27,7.700000000000008e+25,8.999999999999997e+24,4.970477716453748e+25,0.0
3330.9166666666665,199.00011834627526,6.465000000000032e+27,3.190000000000027e+27,3.160000000000005e+27,9.200000000000006e+25,2.3e+25,6.401000000000368e+27,6.311000000000368e+27,8.100000000000005e+25,8.999999999999997e+24,5.000788682516326e+25,0.0
3339.3888888888887,200.00182034251327,6.365000000000036e+27,3.144000000000028e+27,3.1050000000000086e+27,9.300000000000007e+25,2.3e+25,6.291000000000359e+27,6.197000000000359e+27,7.800000000000007e+25,1.5999999999999993e+25,5.0328400215172835e+25,0.0
3347.8333333333335,201.00328665039433,6.334000000000049e+27,3.0880000000000336e+27,3.1290000000000165e+27,9.300000000000007e+25,2.4e+25,6.392000000000368e+27,6.308000000000368e+27,7.000000000000007e+25,1.3999999999999994e+25,5.06669169043655e+25,0.0
3356.222222222222,202.00133559225503,6.363000000000048e+27,3.0880000000000314e+27,3.1600000000000173e+27,9.200000000000006e+25,2.3e+25,6.256000000000357e+27,6.166000000000357e+27,7.500000000000008e+25,1.4999999999999994e+25,5.102131971404674e+25,0.0
3364.6111111111113,203.0027046908598,6.306000000000059e+27,3.0490000000000344e+27,3.1420000000000247e+27,9.100000000000007e+25,2.4e+25,6.311000000000362e+27,6.230000000000362e+27,6.500000000000006e+25,1.5999999999999993e+25,5.139459770742643e+25,0.0
3372.9444444444443,204.00088974979815,6.319000000000039e+27,3.143000000000027e+27,3.065000000000012e+27,8.800000000000005e+25,2.3e+25,6.223000000000356e+27,6.154000000000356e+27,5.600000000000005e+25,1.2999999999999995e+25,5.178408379208412e+25,0.0
3381.277777777778,205.00267029190275,6.256000000000035e+27,3.088000000000027e+27,3.0570000000000087e+27,8.700000000000006e+25,2.4e+25,6.260000000000358e+27,6.176000000000358e+27,6.700000000000006e+25,1.6999999999999993e+25,5.219280078962142e+25,0.0
3389.5555555555557,206.00149019816433,6.281000000000044e+27,3.102000000000027e+27,3.0730000000000165e+27,8.200000000000004e+25,2.4e+25,6.378000000000365e+27,6.273000000000365e+27,8.200000000000004e+25,2.3e+25,5.261843572913808e+25,0.0
3397.8055555555557,207.00080461257994,6.248000000000049e+27,3.0800000000000297e+27,3.06500000000002e+27,7.900000000000005e+25,2.4e+25,6.16600000000035e+27,6.08200000000035e+27,6.600000000000006e+25,1.7999999999999992e+25,5.306224853716548e+25,0.0
3406.027777777778,208.00073428143958,6.198000000000028e+27,3.0720000000000214e+27,3.011000000000006e+27,9.100000000000007e+25,2.4e+25,6.078000000000343e+27,5.999000000000344e+27,6.700000000000006e+25,1.1999999999999996e+25,5.352425287437871e+25,0.0
3414.222222222222,209.00140033017112,6.069000000000023e+27,3.0060000000000184e+27,2.9580000000000047e+27,8.100000000000005e+25,2.4e+25,6.202000000000353e+27,6.122000000000353e+27,6.600000000000006e+25,1.3999999999999994e+25,5.400508638889355e+25,0.0
3422.3888888888887,210.00291815991716,5.97500000000003e+27,2.96500000000002e+27,2.9120000000000104e+27,7.400000000000003e+25,2.4e+25,6.000000000000337e+27,5.913000000000337e+27,6.8000000000000065e+25,1.8999999999999992e+25,5.450496244703318e+25,0.0
3430.5,211.00197905308846,6.005000000000035e+27,2.9720000000000206e+27,2.934000000000015e+27,7.500000000000004e+25,2.4e+25,5.894000000000329e+27,5.815000000000329e+27,6.600000000000006e+25,1.2999999999999995e+25,5.502264485203694e+25,0.0
3438.5833333333335,212.00209418510553,5.953000000000039e+27,2.9590000000000235e+27,2.8890000000000163e+27,8.100000000000005e+25,2.4e+25,5.929000000000331e+27,5.845000000000331e+27,6.900000000000007e+25,1.4999999999999994e+25,5.555930088460135e+25,0.0
3446.6388888888887,213.00337864103494,5.931000000000013e+27,2.9270000000000143e+27,2.890999999999998e+27,8.800000000000005e+25,2.5e+25,6.060000000000341e+27,5.961000000000341e+27,7.700000000000008e+25,2.1999999999999996e+25,5.611557389110465e+25,0.0
3454.6388888888887,214.0024686149128,5.966000000000018e+27,2.9820000000000154e+27,2.893000000000003e+27,6.700000000000003e+25,2.4e+25,5.947000000000333e+27,5.852000000000332e+27,7.500000000000008e+25,1.9999999999999993e+25,5.668951208110528e+25,0.0
3462.6111111111113,215.00291739705278,5.806000000000025e+27,2.8800000000000167e+27,2.816000000000009e+27,8.500000000000006e+25,2.5e+25,5.90000000000033e+27,5.839000000000331e+27,5.000000000000004e+25,1.0999999999999996e+25,5.72836751982489e+25,0.0
3470.527777777778,216.00132368669335,5.776000000000029e+27,2.9350000000000216e+27,2.735000000000008e+27,8.100000000000005e+25,2.5e+25,5.782000000000321e+27,5.719000000000322e+27,5.100000000000004e+25,1.1999999999999996e+25,5.789634009056068e+25,0.0
3478.4166666666665,217.00126945398927,5.746000000000008e+27,2.8460000000000107e+27,2.790999999999998e+27,8.400000000000005e+25,2.5e+25,5.673000000000312e+27,5.594000000000312e+27,6.100000000000005e+25,1.7999999999999992e+25,5.852975306719939e+25,0.0
3486.277777777778,218.002863161915,5.627000000000011e+27,2.8480000000000147e+27,2.684999999999996e+27,6.900000000000003e+25,2.5e+25,5.704000000000312e+27,5.604000000000312e+27,7.800000000000007e+25,2.1999999999999996e+25,5.918345898660316e+25,0.0
3494.0833333333335,219.00264090320172,5.603000000000018e+27,2.8110000000000156e+27,2.6980000000000023e+27,6.900000000000003e+25,2.5e+25,5.635000000000308e+27,5.550000000000308e+27,6.8000000000000065e+25,1.6999999999999993e+25,5.985570941163834e+25,0.0
3501.8333333333335,220.0006481892184,5.574000000000022e+27,2.818000000000016e+27,2.6500000000000057e+27,8.100000000000005e+25,2.5e+25,5.497000000000296e+27,5.411000000000297e+27,6.500000000000006e+25,2.0999999999999995e+25,6.054705019374399e+25,0.0
3509.5555555555557,221.00053444373896,5.513000000000022e+27,2.791000000000019e+27,2.614000000000003e+27,8.200000000000004e+25,2.6000000000000003e+25,5.582000000000304e+27,5.493000000000304e+27,6.100000000000005e+25,2.8000000000000006e+25,6.126032975914903e+25,0.0
3517.25,222.0023982437965,5.510000000000035e+27,2.76400000000002e+27,2.6450000000000146e+27,7.500000000000004e+25,2.6000000000000003e+25,5.414000000000292e+27,5.336000000000291e+27,5.900000000000005e+25,1.8999999999999992e+25,6.199523812194577e+25,0.0
3524.8888888888887,223.00268928399657,5.448000000000013e+27,2.712000000000013e+27,2.64e+27,7.100000000000004e+25,2.5e+25,5.469000000000294e+27,5.380000000000295e+27,6.400000000000006e+25,2.5e+25,6.274987022339854e+25,0.0
3532.472222222222,224.0014411476177,5.374000000000015e+27,2.7160000000000136e+27,2.5640000000000016e+27,6.800000000000002e+25,2.6000000000000003e+25,5.449000000000294e+27,5.358000000000293e+27,7.100000000000007e+25,1.9999999999999993e+25,6.352346752279318e+25,0.0
3540.027777777778,225.00237321758732,5.302000000000017e+27,2.655000000000014e+27,2.549000000000004e+27,7.200000000000003e+25,2.6000000000000003e+25,5.41300000000029e+27,5.327000000000291e+27,6.400000000000006e+25,2.1999999999999996e+25,6.43200709280906e+25,0.0
3547.527777777778,226.00186873858092,5.305000000000021e+27,2.7080000000000185e+27,2.4940000000000016e+27,7.7000000000000045e+25,2.6000000000000003e+25,5.206000000000273e+27,5.120000000000274e+27,6.500000000000006e+25,2.0999999999999995e+25,6.5136552676733854e+25,0.0
3555.0,227.00368004998313,5.241000000000028e+27,2.658000000000021e+27,2.4900000000000074e+27,6.700000000000003e+25,2.6000000000000003e+25,5.191000000000273e+27,5.105000000000273e+27,6.100000000000005e+25,2.5e+25,6.597616194194834e+25,0.0
3562.3888888888887,228.00038422745172,5.179000000000013e+27,2.6220000000000156e+27,2.4529999999999967e+27,7.7000000000000045e+25,2.7000000000000004e+25,5.109000000000267e+27,5.022000000000267e+27,7.200000000000007e+25,1.4999999999999994e+25,6.6832627796857575e+25,0.0
3569.777777777778,229.00327113073274,5.164000000000014e+27,2.649000000000016e+27,2.413999999999998e+27,7.400000000000003e+25,2.7000000000000004e+25,5.050000000000262e+27,4.954000000000261e+27,7.600000000000008e+25,1.9999999999999993e+25,6.7715374847424585e+25,0.0
3577.0833333333335,230.0010785380955,5.082000000000014e+27,2.619000000000013e+27,2.377000000000001e+27,5.900000000000002e+25,2.7000000000000004e+25,5.14700000000027e+27,5.056000000000269e+27,6.300000000000006e+25,2.8000000000000006e+25,6.861572577699744e+25,0.0
3584.3611111111113,231.00140289234412,5.094000000000017e+27,2.546000000000016e+27,2.441000000000001e+27,8.000000000000004e+25,2.7000000000000004e+25,4.977000000000256e+27,4.8970000000002566e+27,5.600000000000005e+25,2.4e+25,6.954022114831976e+25,0.0
3591.5833333333335,232.0004743616097,5.039000000000022e+27,2.5390000000000184e+27,2.4040000000000036e+27,6.900000000000003e+25,2.7000000000000004e+25,5.051000000000261e+27,4.950000000000261e+27,7.100000000000007e+25,3.000000000000001e+25,7.048519737999062e+25,0.0
3598.777777777778,233.00216995693154,4.999000000000023e+27,2.53100000000002e+27,2.3800000000000028e+27,6.100000000000002e+25,2.7000000000000004e+25,4.9090000000002504e+27,4.8190000000002505e+27,5.600000000000005e+25,3.4000000000000016e+25,7.145501527063897e+25,0.0
3605.9166666666665,234.00266250452273,4.955000000000009e+27,2.523000000000014e+27,2.3459999999999954e+27,5.900000000000002e+25,2.7000000000000004e+25,5.00500000000026e+27,4.9330000000002595e+27,4.100000000000002e+25,3.100000000000001e+25,7.24454082253583e+25,0.0
3613.0,235.00194651852848,4.944000000000013e+27,2.480000000000019e+27,2.361999999999994e+27,7.400000000000004e+25,2.8000000000000006e+25,4.9480000000002546e+27,4.8680000000002544e+27,5.600000000000005e+25,2.4e+25,7.3456665331697355e+25,0.0
3620.027777777778,236.00001650822708,4.943000000000015e+27,2.4900000000000145e+27,2.3780000000000007e+27,4.700000000000001e+25,2.8000000000000006e+25,4.91200000000025e+27,4.81500000000025e+27,7.000000000000007e+25,2.7000000000000004e+25,7.448843633262557e+25,0.0
3627.027777777778,237.0008460848377,4.773000000000016e+27,2.4040000000000162e+27,2.2729999999999996e+27,6.900000000000003e+25,2.7000000000000004e+25,4.8320000000002444e+27,4.7450000000002447e+27,6.200000000000006e+25,2.5e+25,7.554598181351438e+25,0.0
3633.972222222222,238.00048894996849,4.7930000000000186e+27,2.3930000000000167e+27,2.3210000000000017e+27,5.1e+25,2.8000000000000006e+25,4.7410000000002383e+27,4.6660000000002384e+27,4.600000000000003e+25,2.9000000000000008e+25,7.662542700502521e+25,0.0
3640.8888888888887,239.0029659175458,4.7890000000000194e+27,2.3940000000000152e+27,2.3180000000000042e+27,4.9e+25,2.8000000000000006e+25,4.7140000000002356e+27,4.6290000000002355e+27,5.900000000000005e+25,2.6000000000000003e+25,7.773010045096554e+25,0.0
3647.722222222222,240.0002019555427,4.831000000000004e+27,2.4490000000000113e+27,2.2839999999999927e+27,6.900000000000003e+25,2.9000000000000008e+25,4.7790000000002396e+27,4.6810000000002396e+27,6.400000000000006e+25,3.4000000000000016e+25,7.885064364002176e+25,0.0
3654.527777777778,241.00028241866107,4.736000000000008e+27,2.3820000000000145e+27,2.2749999999999931e+27,5.1e+25,2.8000000000000006e+25,4.756000000000239e+27,4.673000000000239e+27,5.5000000000000045e+25,2.8000000000000006e+25,7.999755852144432e+25,0.0
3661.3055555555557,242.003260057788,4.677000000000007e+27,2.3970000000000132e+27,2.1989999999999935e+27,5.2000000000000006e+25,2.9000000000000008e+25,4.7300000000002363e+27,4.636000000000236e+27,5.900000000000005e+25,3.5000000000000017e+25,8.117051008889642e+25,0.0
3668.0,243.00088201700441,4.679000000000008e+27,2.388000000000016e+27,2.2019999999999918e+27,6.000000000000001e+25,2.9000000000000008e+25,4.666000000000232e+27,4.582000000000232e+27,4.800000000000003e+25,3.600000000000002e+25,8.236006934810214e+25,0.0
3674.6666666666665,244.00139273133368,4.5330000000000064e+27,2.2560000000000098e+27,2.2009999999999966e+27,4.7e+25,2.9000000000000008e+25,4.6410000000002304e+27,4.55800000000023e+27,4.500000000000003e+25,3.800000000000002e+25,8.357540250135724e+25,0.0
3681.277777777778,245.00062664701545,4.617000000000013e+27,2.3400000000000145e+27,2.1989999999999987e+27,4.9e+25,2.9000000000000008e+25,4.678000000000233e+27,4.594000000000233e+27,5.200000000000004e+25,3.2000000000000012e+25,8.48124556924918e+25,0.0
3687.8611111111113,246.00278147997994,4.60200000000001e+27,2.3140000000000135e+27,2.2169999999999968e+27,4.2e+25,2.9000000000000008e+25,4.5410000000002214e+27,4.455000000000222e+27,6.100000000000005e+25,2.5e+25,8.607571784212688e+25,0.0
3694.3888888888887,247.0036249279591,4.484e+27,2.2810000000000104e+27,2.1159999999999888e+27,5.700000000000001e+25,3.000000000000001e+25,4.5220000000002205e+27,4.43400000000022e+27,5.000000000000004e+25,3.800000000000002e+25,8.735979592470173e+25,0.0
3700.8611111111113,248.0031100094443,4.500000000000004e+27,2.27400000000001e+27,2.1519999999999933e+27,4.399999999999999e+25,3.000000000000001e+25,4.520000000000219e+27,4.420000000000219e+27,6.300000000000006e+25,3.700000000000002e+25,8.866437200714954e+25,0.0
3707.277777777778,249.00117720845185,4.5050000000000014e+27,2.2890000000000102e+27,2.1549999999999905e+27,3.1e+25,3.000000000000001e+25,4.5060000000002186e+27,4.4160000000002187e+27,6.000000000000005e+25,3.000000000000001e+25,8.998997952396377e+25,0.0
3713.6666666666665,250.0021356571665,4.4930000000000065e+27,2.233000000000011e+27,2.1789999999999955e+27,5.1e+25,3.000000000000001e+25,4.4200000000002113e+27,4.3270000000002117e+27,6.100000000000005e+25,3.2000000000000012e+25,9.134182919514896e+25,0.0
3720.0,251.00161763561198,4.475000000000007e+27,2.2810000000000129e+27,2.1139999999999936e+27,4.9e+25,3.100000000000001e+25,4.407000000000212e+27,4.332000000000212e+27,5.400000000000004e+25,2.0999999999999995e+25,9.271406355537096e+25,0.0
3726.3055555555557,252.0039896935142,4.458000000000003e+27,2.2360000000000104e+27,2.1509999999999927e+27,3.9999999999999995e+25,3.100000000000001e+25,4.3920000000002086e+27,4.2870000000002085e+27,6.300000000000006e+25,4.200000000000002e+25,9.411315025402218e+25,0.0
3732.527777777778,253.00034756175432,4.416000000000004e+27,2.2450000000000117e+27,2.0959999999999917e+27,4.399999999999999e+25,3.100000000000001e+25,4.495000000000217e+27,4.394000000000217e+27,6.600000000000006e+25,3.5000000000000017e+25,9.552658785075307e+25,0.0
3738.75,254.0040071369092,4.36e+27,2.187000000000007e+27,2.0969999999999923e+27,4.4999999999999994e+25,3.100000000000001e+25,4.4490000000002136e+27,4.3510000000002136e+27,6.200000000000006e+25,3.600000000000002e+25,9.697204951690756e+25,0.0
3744.8888888888887,255.00150165261334,4.300999999999989e+27,2.2000000000000076e+27,2.0269999999999813e+27,4.299999999999999e+25,3.100000000000001e+25,4.295000000000202e+27,4.2080000000002023e+27,4.700000000000003e+25,4.000000000000002e+25,9.842989269647846e+25,0.0
3751.0,256.0017700787372,4.335999999999988e+27,2.1430000000000042e+27,2.116999999999984e+27,4.4e+25,3.2000000000000012e+25,4.3220000000002025e+27,4.2100000000002024e+27,5.900000000000005e+25,5.300000000000004e+25,9.991351092371331e+25,0.0
3757.0555555555557,257.0002348966701,4.305999999999989e+27,2.1240000000000018e+27,2.099999999999987e+27,5e+25,3.2000000000000012e+25,4.3470000000002056e+27,4.2490000000002055e+27,6.500000000000006e+25,3.3000000000000014e+25,1.0141683264559783e+26,0.0
3763.0833333333335,258.0014353440056,4.3299999999999876e+27,2.167000000000006e+27,2.083999999999982e+27,4.700000000000001e+25,3.2000000000000012e+25,4.2670000000002e+27,4.1760000000002e+27,5.700000000000005e+25,3.4000000000000016e+25,1.0294521591246077e+26,0.0
3769.0555555555557,259.00071056274487,4.27399999999999e+27,2.1450000000000051e+27,2.0689999999999849e+27,2.699999999999999e+25,3.3000000000000014e+25,4.328000000000205e+27,4.244000000000205e+27,4.600000000000003e+25,3.800000000000002e+25,1.0449158183335507e+26,0.0
3775.0,260.00266559245085,4.293999999999996e+27,2.1410000000000062e+27,2.0859999999999898e+27,3.399999999999999e+25,3.3000000000000014e+25,4.2840000000002006e+27,4.1860000000002005e+27,6.100000000000005e+25,3.700000000000002e+25,1.0606349572734766e+26,0.0
3780.8888888888887,261.0025694978808,4.321999999999993e+27,2.1220000000000047e+27,2.1249999999999884e+27,4.199999999999999e+25,3.3000000000000014e+25,4.235000000000195e+27,4.115000000000195e+27,7.100000000000007e+25,4.9000000000000035e+25,1.0765341847956473e+26,0.0
3786.722222222222,262.0003107631659,4.264999999999989e+27,2.0730000000000022e+27,2.117999999999987e+27,4.1000000000000005e+25,3.3000000000000014e+25,4.3010000000002014e+27,4.1960000000002013e+27,7.600000000000008e+25,2.9000000000000008e+25,1.0926058370767782e+26,0.0
3792.527777777778,263.0005904230238,4.321999999999997e+27,2.1350000000000057e+27,2.1189999999999913e+27,3.4999999999999987e+25,3.3000000000000014e+25,4.192000000000193e+27,4.0860000000001927e+27,6.500000000000006e+25,4.100000000000002e+25,1.1089150563272849e+26,0.0
3798.3055555555557,264.00339391387536,4.1479999999999903e+27,2.0430000000000031e+27,2.0439999999999876e+27,2.699999999999999e+25,3.4000000000000016e+25,4.15900000000019e+27,4.0560000000001903e+27,6.200000000000006e+25,4.100000000000002e+25,1.125464226512632e+26,0.0
3804.027777777778,265.00383935182833,4.132999999999973e+27,2.0359999999999976e+27,2.014999999999976e+27,4.8e+25,3.4000000000000016e+25,4.099000000000187e+27,4.017000000000187e+27,4.3000000000000026e+25,3.900000000000002e+25,1.1421621811329666e+26,0.0
3809.6944444444443,266.0018092291805,4.266999999999982e+27,2.0950000000000034e+27,2.1119999999999786e+27,2.599999999999999e+25,3.4000000000000016e+25,4.2330000000001966e+27,4.1330000000001964e+27,6.200000000000006e+25,3.800000000000002e+25,1.1590202574384985e+26,0.0
3815.3333333333335,267.0021222686264,4.132999999999973e+27,2.028999999999998e+27,2.0369999999999755e+27,3.199999999999999e+25,3.5000000000000017e+25,4.183000000000193e+27,4.092000000000193e+27,6.000000000000005e+25,3.100000000000001e+25,1.1760975435055736e+26,0.0
3820.9444444444443,268.00475846547704,4.187999999999977e+27,2.0049999999999977e+27,2.1069999999999796e+27,4.2e+25,3.4000000000000016e+25,4.182000000000192e+27,4.079000000000192e+27,6.100000000000005e+25,4.200000000000002e+25,1.1934065093795506e+26,0.0
3826.5,269.00467493612143,4.167999999999978e+27,2.0049999999999974e+27,2.0959999999999807e+27,3.1999999999999987e+25,3.5000000000000017e+25,4.1280000000001877e+27,4.024000000000188e+27,7.000000000000007e+25,3.4000000000000016e+25,1.2108391802186048e+26,0.0
3832.0,270.001735217185,4.065999999999972e+27,1.955999999999996e+27,2.0449999999999755e+27,2.9999999999999988e+25,3.5000000000000017e+25,4.1320000000001886e+27,4.0320000000001884e+27,6.400000000000006e+25,3.600000000000002e+25,1.2284060665314403e+26,0.0
3837.472222222222,271.00089754045405,4.1079999999999783e+27,1.9859999999999964e+27,2.0569999999999814e+27,2.8999999999999986e+25,3.600000000000002e+25,4.194000000000192e+27,4.077000000000192e+27,6.700000000000006e+25,5.000000000000004e+25,1.24617895340905e+26,0.0
3842.9166666666665,272.00212305777507,4.2079999999999736e+27,2.023999999999998e+27,2.1149999999999753e+27,3.3999999999999994e+25,3.5000000000000017e+25,4.0720000000001833e+27,3.967000000000183e+27,6.000000000000005e+25,4.500000000000003e+25,1.2641624591397678e+26,0.0
3848.3055555555557,273.000211862284,4.082999999999974e+27,1.9599999999999974e+27,2.059999999999977e+27,2.699999999999999e+25,3.600000000000002e+25,4.122000000000188e+27,4.0230000000001877e+27,5.600000000000005e+25,4.3000000000000026e+25,1.2822479377113263e+26,0.0
3853.6666666666665,274.0002170765216,4.0999999999999706e+27,1.933999999999993e+27,2.1009999999999775e+27,2.9999999999999988e+25,3.5000000000000017e+25,4.054000000000182e+27,3.949000000000182e+27,6.500000000000006e+25,4.000000000000002e+25,1.3005137750592084e+26,0.0
3859.0,275.0020966257292,4.0739999999999735e+27,1.9129999999999926e+27,2.0949999999999809e+27,2.9999999999999988e+25,3.600000000000002e+25,4.065000000000182e+27,3.9570000000001825e+27,5.400000000000004e+25,5.400000000000004e+25,1.3189711020704116e+26,0.0
3864.277777777778,276.00053295177713,4.058999999999973e+27,1.9169999999999935e+27,2.0779999999999792e+27,2.699999999999999e+25,3.700000000000002e+25,4.0850000000001843e+27,3.9820000000001845e+27,5.700000000000005e+25,4.600000000000003e+25,1.3375203614321287e+26,0.0
3869.527777777778,277.00067411715247,3.9999999999999555e+27,1.8629999999999887e+27,2.067999999999967e+27,3.2e+25,3.700000000000002e+25,4.1390000000001875e+27,4.0210000000001875e+27,6.8000000000000065e+25,5.000000000000004e+25,1.356222484840366e+26,0.0
3874.75,278.00246669506544,4.01899999999996e+27,1.8859999999999894e+27,2.05799999999997e+27,3.8e+25,3.700000000000002e+25,4.0660000000001834e+27,3.973000000000184e+27,5.400000000000004e+25,3.900000000000002e+25,1.3750944177423306e+26,0.0
3879.9166666666665,279.0004775343358,4.0839999999999567e+27,1.9019999999999917e+27,2.1059999999999652e+27,3.8999999999999985e+25,3.700000000000002e+25,4.058000000000181e+27,3.940000000000181e+27,7.600000000000008e+25,4.200000000000002e+25,1.394026663904949e+26,0.0
3885.0833333333335,280.0053751111443,4.090999999999963e+27,1.8959999999999907e+27,2.1329999999999726e+27,2.499999999999999e+25,3.700000000000002e+25,4.1090000000001873e+27,4.016000000000187e+27,5.700000000000005e+25,3.600000000000002e+25,1.4132040546047903e+26,0.0
3890.1666666666665,281.00083992448776,3.975999999999952e+27,1.8249999999999854e+27,2.0819999999999664e+27,3.1999999999999987e+25,3.700000000000002e+25,4.072000000000183e+27,3.9570000000001825e+27,6.500000000000006e+25,5.000000000000004e+25,1.432312742639964e+26,0.0
3895.25,282.0030684590415,3.9359999999999516e+27,1.8489999999999884e+27,2.0219999999999627e+27,2.699999999999999e+25,3.800000000000002e+25,3.9900000000001774e+27,3.8960000000001777e+27,5.400000000000004e+25,4.000000000000002e+25,1.451665615844348e+26,0.0
3900.277777777778,283.0010416977343,3.985999999999958e+27,1.8709999999999896e+27,2.0539999999999683e+27,2.2999999999999994e+25,3.800000000000002e+25,4.0460000000001807e+27,3.938000000000181e+27,6.200000000000006e+25,4.600000000000003e+25,1.4710326226810137e+26,0.0
3905.277777777778,284.00014878819445,3.997999999999954e+27,1.8189999999999868e+27,2.1099999999999675e+27,2.9999999999999988e+25,3.900000000000002e+25,4.124000000000188e+27,4.0220000000001876e+27,5.800000000000005e+25,4.400000000000003e+25,1.4905200773284202e+26,0.0
3910.25,285.00031764163487,4.138999999999963e+27,1.9229999999999918e+27,2.1509999999999718e+27,2.599999999999999e+25,3.900000000000002e+25,3.984000000000177e+27,3.888000000000177e+27,5.000000000000004e+25,4.600000000000003e+25,1.5101119681679998e+26,0.0
3915.1944444444443,286.00147300212427,3.977999999999952e+27,1.8109999999999862e+27,2.111999999999966e+27,1.5999999999999995e+25,3.900000000000002e+25,4.1190000000001854e+27,3.991000000000185e+27,7.100000000000007e+25,5.700000000000005e+25,1.5297917148561115e+26,0.0
3920.1111111111113,287.00353612569245,4.0769999999999517e+27,1.8239999999999861e+27,2.1829999999999655e+27,3.099999999999999e+25,3.900000000000002e+25,4.003000000000178e+27,3.8940000000001775e+27,6.400000000000006e+25,4.500000000000003e+25,1.5495679902062523e+26,0.0
3924.972222222222,288.00071007774716,4.001999999999951e+27,1.8009999999999854e+27,2.1469999999999654e+27,1.4999999999999996e+25,3.900000000000002e+25,3.8690000000001673e+27,3.762000000000167e+27,7.4000000000000075e+25,3.3000000000000014e+25,1.5693198115818918e+26,0.0
3929.8333333333335,289.0043103983339,3.9819999999999497e+27,1.7679999999999834e+27,2.1419999999999667e+27,3.199999999999999e+25,4.000000000000002e+25,3.958000000000175e+27,3.8540000000001744e+27,5.900000000000005e+25,4.500000000000003e+25,1.589234272830147e+26,0.0
3934.6388888888887,290.0027765549279,4.064999999999951e+27,1.8129999999999842e+27,2.186999999999967e+27,2.499999999999999e+25,4.000000000000002e+25,4.019000000000181e+27,3.9320000000001805e+27,4.400000000000003e+25,4.3000000000000026e+25,1.609101816517123e+26,0.0
3939.4166666666665,291.0017399641374,3.968999999999943e+27,1.7589999999999805e+27,2.1419999999999629e+27,2.799999999999999e+25,4.000000000000002e+25,3.9750000000001746e+27,3.8570000000001746e+27,6.200000000000006e+25,5.600000000000005e+25,1.629011230801629e+26,0.0
3944.1666666666665,292.0011108398819,4.03999999999995e+27,1.773999999999982e+27,2.2049999999999678e+27,2.099999999999999e+25,4.000000000000002e+25,4.0240000000001773e+27,3.8950000000001776e+27,7.500000000000008e+25,5.400000000000004e+25,1.6489577365600334e+26,0.0
3948.8888888888887,293.0007909108574,4.016999999999948e+27,1.7749999999999823e+27,2.178999999999966e+27,2.199999999999999e+25,4.100000000000002e+25,4.064000000000182e+27,3.9550000000001823e+27,6.000000000000005e+25,4.9000000000000035e+25,1.6689384553131804e+26,0.0
3953.5833333333335,294.000686767821,3.946999999999944e+27,1.7139999999999788e+27,2.1659999999999658e+27,2.599999999999999e+25,4.100000000000002e+25,4.083000000000185e+27,3.986000000000185e+27,6.600000000000006e+25,3.100000000000001e+25,1.6889344825506165e+26,0.0
3958.25,295.0006994808672,3.944999999999941e+27,1.6729999999999761e+27,2.203999999999965e+27,2.799999999999999e+25,4.000000000000002e+25,3.8730000000001654e+27,3.738000000000165e+27,8.600000000000002e+25,4.9000000000000035e+25,1.7089127689343486e+26,0.0
3962.8888888888887,296.00072799538214,3.993999999999943e+27,1.744999999999979e+27,2.1829999999999633e+27,2.399999999999999e+25,4.200000000000002e+25,4.034000000000178e+27,3.9040000000001783e+27,7.700000000000008e+25,5.300000000000004e+25,1.728901568415661e+26,0.0
3967.5,297.00066920050904,3.9819999999999327e+27,1.7139999999999764e+27,2.2059999999999564e+27,2.099999999999999e+25,4.100000000000002e+25,3.79400000000016e+27,3.6810000000001607e+27,6.700000000000006e+25,4.600000000000003e+25,1.7488645511925292e+26,0.0
3972.0833333333335,298.0004148685066,3.974999999999929e+27,1.6799999999999748e+27,2.224999999999954e+27,2.799999999999999e+25,4.200000000000002e+25,3.9510000000001716e+27,3.821000000000172e+27,7.500000000000008e+25,5.5000000000000045e+25,1.7687967578445966e+26,0.0
3976.6666666666665,299.0059722610282,3.9729999999999287e+27,1.6729999999999745e+27,2.2399999999999544e+27,1.7999999999999994e+25,4.200000000000002e+25,3.941000000000173e+27,3.8320000000001726e+27,7.4000000000000075e+25,3.5000000000000017e+25,1.788809530333085e+26,0.0
3981.1944444444443,300.0050457549421,3.8999999999999245e+27,1.641999999999971e+27,2.191999999999953e+27,2.399999999999999e+25,4.200000000000002e+25,4.03800000000018e+27,3.92700000000018e+27,6.200000000000006e+25,4.9000000000000035e+25,1.808641766243331e+26,0.0
3985.6944444444443,301.00358962638916,4.0059999999999263e+27,1.6689999999999725e+27,2.2769999999999537e+27,1.7999999999999994e+25,4.200000000000002e+25,4.05300000000018e+27,3.92800000000018e+27,7.000000000000007e+25,5.5000000000000045e+25,1.8283948422623033e+26,0.0
3990.1666666666665,302.0015036470188,4.003999999999927e+27,1.645999999999973e+27,2.2889999999999544e+27,2.699999999999999e+25,4.200000000000002e+25,3.946000000000173e+27,3.8330000000001727e+27,7.300000000000007e+25,4.000000000000002e+25,1.8480865658663643e+26,0.0
3994.6388888888887,303.00490883202565,3.9709999999999213e+27,1.656999999999972e+27,2.2479999999999492e+27,2.399999999999999e+25,4.200000000000002e+25,4.048000000000181e+27,3.9330000000001806e+27,7.800000000000007e+25,3.700000000000002e+25,1.8678100350284167e+26,0.0
3999.0555555555557,304.00122912599863,3.9669999999999227e+27,1.5949999999999703e+27,2.3059999999999522e+27,2.2999999999999994e+25,4.3000000000000026e+25,3.992000000000176e+27,3.8710000000001757e+27,8.000000000000006e+25,4.100000000000002e+25,1.8872879632767838e+26,0.0
4003.472222222222,305.0028789256987,3.990999999999924e+27,1.6279999999999698e+27,2.300999999999954e+27,1.8999999999999994e+25,4.3000000000000026e+25,3.89600000000017e+27,3.79600000000017e+27,6.500000000000006e+25,3.5000000000000017e+25,1.9067932031219626e+26,0.0
4007.8611111111113,306.0034824687407,3.9719999999999253e+27,1.6299999999999703e+27,2.2849999999999552e+27,1.3999999999999997e+25,4.3000000000000026e+25,4.1140000000001866e+27,4.0060000000001863e+27,7.700000000000008e+25,3.100000000000001e+25,1.9261768854599968e+26,0.0
4012.222222222222,307.0029166569266,3.9799999999999254e+27,1.5769999999999713e+27,2.3359999999999537e+27,2.2999999999999994e+25,4.400000000000003e+25,4.1080000000001856e+27,3.9950000000001855e+27,7.700000000000008e+25,3.600000000000002e+25,1.945402708453079e+26,0.0
4016.5555555555557,308.0010587412944,4.0239999999999266e+27,1.5899999999999712e+27,2.369999999999955e+27,1.9999999999999993e+25,4.400000000000003e+25,4.0150000000001794e+27,3.915000000000179e+27,6.400000000000006e+25,3.600000000000002e+25,1.9644855157791296e+26,0.0
4020.8888888888887,309.00422787439993,4.03899999999993e+27,1.5549999999999732e+27,2.4179999999999566e+27,2.099999999999999e+25,4.500000000000003e+25,4.065000000000183e+27,3.963000000000183e+27,6.8000000000000065e+25,3.4000000000000016e+25,1.98350868589564e+26,0.0
4025.1944444444443,310.00591407269644,4.042999999999925e+27,1.576999999999973e+27,2.4049999999999514e+27,1.6999999999999995e+25,4.400000000000003e+25,3.939000000000173e+27,3.8300000000001725e+27,7.800000000000007e+25,3.100000000000001e+25,2.002367344119251e+26,0.0
4029.472222222222,311.0059865125711,4.062999999999923e+27,1.6029999999999706e+27,2.3949999999999526e+27,2.099999999999999e+25,4.400000000000003e+25,3.9540000000001734e+27,3.8410000000001733e+27,7.200000000000007e+25,4.100000000000002e+25,2.021033665045787e+26,0.0
4033.722222222222,312.0043137961609,3.988999999999927e+27,1.549999999999974e+27,2.3749999999999535e+27,1.8999999999999994e+25,4.500000000000003e+25,3.965000000000175e+27,3.860000000000175e+27,7.100000000000007e+25,3.4000000000000016e+25,2.039503120345011e+26,0.0
4037.9444444444443,313.0007689234326,4.1059999999999287e+27,1.5849999999999728e+27,2.4589999999999554e+27,1.6999999999999995e+25,4.500000000000003e+25,4.133000000000188e+27,4.0220000000001876e+27,8.000000000000006e+25,3.100000000000001e+25,2.0577470790964225e+26,0.0
4042.1666666666665,314.0018155846958,4.079999999999921e+27,1.5409999999999743e+27,2.4769999999999464e+27,1.6999999999999995e+25,4.500000000000003e+25,4.1530000000001897e+27,4.0440000000001893e+27,7.4000000000000075e+25,3.5000000000000017e+25,2.0759042479794297e+26,0.0
4046.3611111111113,315.00077610688027,4.0569999999999287e+27,1.523999999999975e+27,2.4689999999999535e+27,1.8999999999999994e+25,4.500000000000003e+25,3.992000000000177e+27,3.889000000000177e+27,7.600000000000008e+25,2.7000000000000004e+25,2.093800530200178e+26,0.0
4050.5555555555557,316.00418525232976,4.076999999999923e+27,1.5749999999999734e+27,2.4439999999999496e+27,1.2999999999999997e+25,4.500000000000003e+25,4.0430000000001794e+27,3.92300000000018e+27,8.8e+25,3.2000000000000012e+25,2.1115729827215776e+26,0.0
4054.722222222222,317.00529167543687,4.104999999999931e+27,1.553999999999975e+27,2.4859999999999554e+27,1.9999999999999993e+25,4.500000000000003e+25,4.041000000000181e+27,3.938000000000181e+27,7.700000000000008e+25,2.6000000000000003e+25,2.129098419888325e+26,0.0
4058.8611111111113,318.00396962087984,4.0229999999999326e+27,1.5049999999999772e+27,2.4489999999999557e+27,2.2999999999999994e+25,4.600000000000003e+25,4.0500000000001794e+27,3.9210000000001796e+27,9.599999999999995e+25,3.3000000000000014e+25,2.1463216690783486e+26,0.0
4062.972222222222,319.0000720196588,4.073999999999932e+27,1.4749999999999778e+27,2.5319999999999546e+27,2.099999999999999e+25,4.600000000000003e+25,3.934000000000173e+27,3.835000000000173e+27,7.800000000000007e+25,2.0999999999999995e+25,2.1632634074521543e+26,0.0
4067.0833333333335,320.0002376389855,4.1049999999999325e+27,1.4759999999999785e+27,2.574999999999954e+27,6.999999999999999e+24,4.700000000000003e+25,4.1040000000001875e+27,4.0190000000001874e+27,6.200000000000006e+25,2.3e+25,2.1800324322996517e+26,0.0
4071.1944444444443,321.00440750131634,4.118999999999925e+27,1.5199999999999767e+27,2.5339999999999487e+27,1.7999999999999994e+25,4.700000000000003e+25,4.095000000000184e+27,3.978000000000184e+27,9.199999999999997e+25,2.5e+25,2.1966084997817083e+26,0.0
4075.277777777778,322.00569338590094,4.1849999999999333e+27,1.5039999999999782e+27,2.609999999999955e+27,2.399999999999999e+25,4.700000000000003e+25,4.1000000000001866e+27,4.011000000000187e+27,7.100000000000007e+25,1.7999999999999992e+25,2.2128594118236914e+26,0.0
4079.3333333333335,323.0039549167668,4.144999999999934e+27,1.5249999999999788e+27,2.5579999999999555e+27,1.5999999999999995e+25,4.600000000000003e+25,4.272000000000199e+27,4.168000000000199e+27,7.700000000000008e+25,2.7000000000000004e+25,2.228768412299938e+26,0.0
4083.3888888888887,324.0059288602986,4.1639999999999294e+27,1.4889999999999792e+27,2.609999999999951e+27,1.7999999999999994e+25,4.700000000000003e+25,4.185000000000193e+27,4.090000000000193e+27,8.400000000000003e+25,1.0999999999999996e+25,2.2444504762122216e+26,0.0
4087.4166666666665,325.00464835620073,4.1919999999999333e+27,1.47399999999998e+27,2.653999999999953e+27,1.6999999999999995e+25,4.700000000000003e+25,4.211000000000196e+27,4.126000000000196e+27,7.200000000000007e+25,1.2999999999999995e+25,2.2597660267449368e+26,0.0
4091.4444444444443,326.0068942653952,4.2319999999999304e+27,1.493999999999979e+27,2.666999999999951e+27,2.2999999999999994e+25,4.800000000000003e+25,4.212000000000193e+27,4.0960000000001934e+27,1.019999999999999e+26,1.3999999999999994e+25,2.2748438489149996e+26,0.0
4095.4444444444443,327.0056480690421,4.2519999999999386e+27,1.42899999999998e+27,2.7649999999999587e+27,9.999999999999999e+24,4.800000000000003e+25,4.248000000000197e+27,4.1470000000001975e+27,9.499999999999995e+25,5.999999999999999e+24,2.2895201743902236e+26,0.0
4099.416666666667,328.00076751931965,4.2689999999999394e+27,1.439999999999981e+27,2.7629999999999585e+27,1.7999999999999994e+25,4.800000000000003e+25,4.175000000000192e+27,4.077000000000192e+27,8.300000000000004e+25,1.4999999999999994e+25,2.3038467856895105e+26,0.0
4103.416666666667,329.00609792861223,4.2899999999999416e+27,1.4459999999999824e+27,2.7739999999999594e+27,2.2999999999999994e+25,4.700000000000003e+25,4.187000000000193e+27,4.090000000000193e+27,8.300000000000004e+25,1.3999999999999994e+25,2.3179614810506297e+26,0.0
4107.361111111111,330.00058419836,4.3359999999999463e+27,1.439999999999983e+27,2.8269999999999636e+27,2.099999999999999e+25,4.800000000000003e+25,4.3300000000002037e+27,4.230000000000204e+27,9.399999999999996e+25,5.999999999999999e+24,2.3315903975079178e+26,0.0
4111.333333333333,331.0051302967054,4.450999999999949e+27,1.4969999999999807e+27,2.883999999999968e+27,2.199999999999999e+25,4.800000000000003e+25,4.448000000000212e+27,4.3370000000002125e+27,1.0699999999999987e+26,4e+24,2.344966124031587e+26,0.0
4115.277777777777,332.00560637227954,4.3969999999999555e+27,1.4039999999999838e+27,2.9299999999999717e+27,1.4999999999999996e+25,4.800000000000003e+25,4.333000000000204e+27,4.229000000000204e+27,9.899999999999993e+25,4.999999999999999e+24,2.3579460517693993e+26,0.0
4119.194444444444,333.0018679590805,4.495999999999958e+27,1.4629999999999835e+27,2.9669999999999746e+27,1.7999999999999994e+25,4.800000000000003e+25,4.3640000000002047e+27,4.2380000000002046e+27,1.169999999999998e+26,8.999999999999997e+24,2.3705001189292482e+26,0.0
4123.111111111111,334.0008688281607,4.529999999999961e+27,1.4729999999999843e+27,2.997999999999977e+27,1.0999999999999996e+25,4.800000000000003e+25,4.560000000000221e+27,4.4500000000002214e+27,1.0599999999999988e+26,4e+24,2.382706450738139e+26,0.0
4127.027777777777,335.0025274492714,4.5539999999999657e+27,1.4109999999999827e+27,3.071999999999983e+27,2.2999999999999994e+25,4.800000000000003e+25,4.5740000000002224e+27,4.4630000000002224e+27,1.0499999999999988e+26,5.999999999999999e+24,2.3945496462065938e+26,0.0
4130.944444444444,336.0067599014342,4.7429999999999757e+27,1.4739999999999835e+27,3.188999999999992e+27,3.099999999999999e+25,4.9000000000000035e+25,4.704000000000233e+27,4.600000000000233e+27,9.899999999999993e+25,4.999999999999999e+24,2.4060091908301482e+26,0.0
4134.833333333333,337.00632795724505,4.6899999999999786e+27,1.4319999999999868e+27,3.188999999999992e+27,1.9999999999999993e+25,4.9000000000000035e+25,4.766000000000236e+27,4.638000000000236e+27,1.2099999999999977e+26,6.999999999999998e+24,2.4170159799433477e+26,0.0
4138.694444444444,338.0010898088276,4.847999999999986e+27,1.4789999999999853e+27,3.301000000000001e+27,1.8999999999999994e+25,4.9000000000000035e+25,4.8660000000002443e+27,4.747000000000245e+27,1.1399999999999982e+26,4.999999999999999e+24,2.4275762005549033e+26,0.0
4142.583333333333,339.00527530494446,4.8999999999999914e+27,1.4459999999999838e+27,3.3830000000000074e+27,2.199999999999999e+25,4.9000000000000035e+25,4.9080000000002454e+27,4.761000000000246e+27,1.3599999999999967e+26,1.0999999999999996e+25,2.4377827779031572e+26,0.0
4146.444444444444,340.00444373370306,5.042000000000004e+27,1.4499999999999852e+27,3.528000000000019e+27,1.4999999999999996e+25,4.9000000000000035e+25,4.9280000000002486e+27,4.797000000000249e+27,1.2499999999999974e+26,5.999999999999999e+24,2.447534782922018e+26,0.0
4150.305555555556,341.00566990328,5.158000000000008e+27,1.5119999999999838e+27,3.581000000000023e+27,1.5999999999999995e+25,4.9000000000000035e+25,5.176000000000267e+27,5.036000000000268e+27,1.3299999999999969e+26,6.999999999999998e+24,2.456867507745861e+26,0.0
4154.138888888889,342.0016371848408,5.13500000000001e+27,1.4499999999999852e+27,3.6140000000000257e+27,2.199999999999999e+25,4.9000000000000035e+25,5.134000000000264e+27,4.997000000000265e+27,1.309999999999997e+26,5.999999999999999e+24,2.465722578754444e+26,0.0
4158.0,343.00668414795496,5.262000000000016e+27,1.4949999999999844e+27,3.693000000000032e+27,2.499999999999999e+25,4.9000000000000035e+25,5.352000000000283e+27,5.231000000000283e+27,1.1399999999999982e+26,6.999999999999998e+24,2.474191863718099e+26,0.0
4161.833333333333,344.006257319827,5.370000000000027e+27,1.482999999999985e+27,3.8140000000000415e+27,2.399999999999999e+25,4.9000000000000035e+25,5.416000000000284e+27,5.255000000000285e+27,1.5499999999999955e+26,5.999999999999999e+24,2.4821768325627755e+26,0.0
4165.638888888889,345.0002209455711,5.369000000000029e+27,1.4559999999999862e+27,3.8380000000000433e+27,2.499999999999999e+25,5.000000000000004e+25,5.502000000000294e+27,5.373000000000294e+27,1.2599999999999974e+26,3e+24,2.489654328246997e+26,0.0
4169.472222222223,346.00299036202,5.524000000000037e+27,1.477999999999984e+27,3.973000000000054e+27,2.2999999999999994e+25,5.000000000000004e+25,5.512000000000292e+27,5.341000000000292e+27,1.6499999999999965e+26,5.999999999999999e+24,2.4967584719356805e+26,0.0
4173.305555555556,347.00721632678733,5.66500000000005e+27,1.482999999999986e+27,4.1040000000000643e+27,2.799999999999999e+25,5.000000000000004e+25,5.511000000000293e+27,5.363000000000293e+27,1.449999999999996e+26,3e+24,2.50338497956121e+26,0.0
4177.111111111111,348.00550998122526,5.683000000000049e+27,1.523999999999985e+27,4.0920000000000634e+27,1.7999999999999994e+25,4.9000000000000035e+25,5.637000000000302e+27,5.477000000000302e+27,1.5699999999999957e+26,3e+24,2.509500336369733e+26,0.0
4180.916666666667,349.00504216667673,5.726000000000058e+27,1.4589999999999865e+27,4.1930000000000714e+27,2.499999999999999e+25,4.9000000000000035e+25,5.684000000000304e+27,5.516000000000305e+27,1.609999999999996e+26,6.999999999999998e+24,2.515154324971917e+26,0.0
4184.722222222223,350.0057128103349,5.83300000000006e+27,1.520999999999985e+27,4.239000000000075e+27,2.399999999999999e+25,4.9000000000000035e+25,5.713000000000307e+27,5.525000000000306e+27,1.8499999999999986e+26,3e+24,2.5203244570980138e+26,0.0
4188.5,351.00010840446976,5.90700000000007e+27,1.4909999999999868e+27,4.344000000000083e+27,2.2999999999999994e+25,4.9000000000000035e+25,5.909000000000321e+27,5.707000000000321e+27,1.9599999999999997e+26,5.999999999999999e+24,2.5249909314276884e+26,0.0
4192.305555555556,352.0027480154163,6.057000000000077e+27,1.535999999999986e+27,4.4470000000000914e+27,2.399999999999999e+25,5.000000000000004e+25,5.940000000000325e+27,5.761000000000325e+27,1.7699999999999978e+26,2e+24,2.5292120798741732e+26,0.0
4196.111111111111,353.0062234007819,6.091000000000078e+27,1.5499999999999862e+27,4.469000000000093e+27,2.199999999999999e+25,5.000000000000004e+25,5.975000000000327e+27,5.798000000000328e+27,1.7299999999999973e+26,4e+24,2.5329493584536028e+26,0.0
4199.888888888889,354.0030976844,6.017000000000079e+27,1.5069999999999883e+27,4.4470000000000914e+27,1.2999999999999997e+25,5.000000000000004e+25,6.094000000000336e+27,5.900000000000336e+27,1.9099999999999992e+26,3e+24,2.53615910576116e+26,0.0
4203.666666666667,355.00059063001504,6.263000000000095e+27,1.5249999999999873e+27,4.6640000000001085e+27,2.399999999999999e+25,5.000000000000004e+25,6.14400000000034e+27,5.965000000000341e+27,1.709999999999997e+26,7.999999999999998e+24,2.5388927097337247e+26,0.0
4207.472222222223,356.00594026686167,6.18300000000009e+27,1.5109999999999862e+27,4.5990000000001034e+27,2.399999999999999e+25,4.9000000000000035e+25,6.266000000000349e+27,6.08300000000035e+27,1.7399999999999974e+26,8.999999999999997e+24,2.541146535382767e+26,0.0
4211.25,357.0043672725799,6.244000000000095e+27,1.5209999999999875e+27,4.6390000000001065e+27,3.3999999999999985e+25,5.000000000000004e+25,6.067000000000336e+27,5.902000000000336e+27,1.6199999999999962e+26,3e+24,2.5428948629776325e+26,0.0
4215.027777777777,358.0031040557426,6.259000000000094e+27,1.5219999999999865e+27,4.660000000000108e+27,2.699999999999999e+25,5.000000000000004e+25,6.173000000000343e+27,5.998000000000344e+27,1.7199999999999972e+26,3e+24,2.5441238387600964e+26,0.0
4218.805555555556,359.00204825934884,6.350000000000102e+27,1.5119999999999865e+27,4.7670000000001166e+27,2.099999999999999e+25,5.000000000000004e+25,6.28600000000035e+27,6.068000000000349e+27,2.1200000000000013e+26,5.999999999999999e+24,2.5448850724487226e+26,0.0
4222.583333333333,0.0010959244020796177,6.4040000000001e+27,1.600999999999986e+27,4.722000000000113e+27,3.099999999999999e+25,5.000000000000004e+25,6.38800000000036e+27,6.21100000000036e+27,1.7699999999999978e+26,0.0,2.5451251629718744e+26,0.0
4226.361111111111,1.000143053492593,6.329000000000102e+27,1.5039999999999878e+27,4.743000000000115e+27,3.1999999999999987e+25,5.000000000000004e+25,6.345000000000356e+27,6.154000000000356e+27,1.879999999999999e+26,3e+24,2.544875594223672e+26,0.0
4230.166666666667,2.0064314968321924,6.343000000000101e+27,1.5329999999999882e+27,4.7390000000001144e+27,2.099999999999999e+25,5.000000000000004e+25,6.288000000000351e+27,6.088000000000351e+27,1.9599999999999997e+26,4e+24,2.5441187243294155e+26,0.0
4233.944444444444,3.005166021757532,6.408000000000106e+27,1.547999999999989e+27,4.7780000000001175e+27,3.1999999999999987e+25,5.000000000000004e+25,6.364000000000357e+27,6.173000000000357e+27,1.8699999999999988e+26,4e+24,2.5428776784083954e+26,0.0
4237.722222222223,4.003589044860746,6.424000000000113e+27,1.5169999999999905e+27,4.8420000000001226e+27,1.4999999999999996e+25,5.000000000000004e+25,6.418000000000362e+27,6.231000000000362e+27,1.8299999999999984e+26,4e+24,2.5411172999374984e+26,0.0
4241.5,5.001597584983756,6.367000000000109e+27,1.4949999999999896e+27,4.8060000000001197e+27,1.5999999999999995e+25,5.000000000000004e+25,6.454000000000365e+27,6.262000000000364e+27,1.8599999999999987e+26,5.999999999999999e+24,2.5388886276260586e+26,0.0
4245.305555555556,6.006422088249792,6.324000000000109e+27,1.4629999999999912e+27,4.783000000000118e+27,2.799999999999999e+25,5.000000000000004e+25,6.467000000000365e+27,6.277000000000366e+27,1.8699999999999988e+26,3e+24,2.536130441373001e+26,0.0
4249.083333333333,7.003289860718496,6.424000000000112e+27,1.49799999999999e+27,4.8550000000001236e+27,2.099999999999999e+25,5.000000000000004e+25,6.454000000000365e+27,6.273000000000365e+27,1.789999999999998e+26,2e+24,2.53292205118022e+26,0.0
4252.888888888889,8.006756879660315,6.447000000000115e+27,1.4989999999999905e+27,4.872000000000125e+27,2.599999999999999e+25,5.000000000000004e+25,6.468000000000364e+27,6.246000000000363e+27,2.1600000000000017e+26,5.999999999999999e+24,2.5291728116249468e+26,0.0
4256.666666666667,9.002073590414739,6.356000000000107e+27,1.5139999999999908e+27,4.7630000000001163e+27,2.8999999999999986e+25,5.000000000000004e+25,6.352000000000358e+27,6.184000000000358e+27,1.6499999999999965e+26,3e+24,2.5249737264709565e+26,0.0
4260.472222222223,10.003773717557806,6.410000000000112e+27,1.5089999999999918e+27,4.8280000000001215e+27,2.2999999999999994e+25,5.000000000000004e+25,6.336000000000356e+27,6.150000000000356e+27,1.8199999999999983e+26,4e+24,2.520280253613314e+26,0.0
4264.277777777777,11.004434652387545,6.289000000000109e+27,1.444999999999992e+27,4.7660000000001166e+27,2.8999999999999986e+25,4.9000000000000035e+25,6.457000000000363e+27,6.249000000000363e+27,1.9699999999999998e+26,1.0999999999999996e+25,2.515108934181629e+26,0.0
4268.083333333333,12.003955662471753,6.361000000000112e+27,1.4669999999999915e+27,4.8130000000001203e+27,3.099999999999999e+25,5.000000000000004e+25,6.322000000000353e+27,6.110000000000352e+27,2.080000000000001e+26,4e+24,2.5094325292514163e+26,0.0
4271.888888888889,13.002235858194808,6.285000000000101e+27,1.5209999999999908e+27,4.68200000000011e+27,3.1999999999999987e+25,5.000000000000004e+25,6.186000000000343e+27,5.992000000000343e+27,1.8599999999999987e+26,7.999999999999998e+24,2.503329638879995e+26,0.0
4275.722222222223,14.006450872287132,6.256000000000103e+27,1.4899999999999914e+27,4.697000000000111e+27,1.9999999999999993e+25,4.9000000000000035e+25,6.164000000000342e+27,5.984000000000342e+27,1.7499999999999975e+26,4.999999999999999e+24,2.496683880161431e+26,0.0
4279.527777777777,15.001944185288949,6.245000000000098e+27,1.5259999999999904e+27,4.6410000000001067e+27,2.8999999999999986e+25,4.9000000000000035e+25,6.339000000000355e+27,6.150000000000356e+27,1.799999999999998e+26,8.999999999999997e+24,2.489642130290767e+26,0.0
4283.361111111111,16.00315498289683,6.096000000000096e+27,1.4399999999999935e+27,4.5770000000001017e+27,2.9999999999999996e+25,4.9000000000000035e+25,6.26400000000035e+27,6.08700000000035e+27,1.6699999999999967e+26,9.999999999999997e+24,2.48211783964544e+26,0.0
4287.194444444444,17.00270960925377,6.102000000000092e+27,1.4879999999999932e+27,4.543000000000099e+27,2.199999999999999e+25,4.9000000000000035e+25,5.946000000000323e+27,5.749000000000324e+27,1.879999999999999e+26,8.999999999999997e+24,2.4741217842078267e+26,0.0
4291.027777777777,18.000518189391187,6.034000000000093e+27,1.4149999999999943e+27,4.541000000000099e+27,2.8999999999999986e+25,4.9000000000000035e+25,6.094000000000337e+27,5.930000000000338e+27,1.5699999999999957e+26,6.999999999999998e+24,2.4657038105293512e+26,0.0
4294.888888888889,19.003688829435532,6.039000000000091e+27,1.451999999999993e+27,4.5120000000000965e+27,2.599999999999999e+25,4.9000000000000035e+25,6.062000000000335e+27,5.901000000000336e+27,1.5199999999999956e+26,8.999999999999997e+24,2.4567876214774568e+26,0.0
4298.75,20.00489761822655,5.860000000000084e+27,1.380999999999996e+27,4.407000000000088e+27,2.2999999999999994e+25,4.9000000000000035e+25,5.993000000000329e+27,5.813000000000329e+27,1.609999999999996e+26,1.8999999999999992e+25,2.4474560771232278e+26,0.0
4302.611111111111,21.004045584473033,5.878000000000081e+27,1.438999999999995e+27,4.3700000000000853e+27,1.9999999999999993e+25,4.9000000000000035e+25,5.838000000000317e+27,5.669000000000318e+27,1.5699999999999957e+26,1.1999999999999996e+25,2.4376857799125677e+26,0.0
4306.472222222223,22.001044425954433,5.764000000000079e+27,1.3599999999999965e+27,4.331000000000082e+27,2.399999999999999e+25,4.9000000000000035e+25,5.809000000000314e+27,5.636000000000315e+27,1.599999999999996e+26,1.2999999999999995e+25,2.4275424042936935e+26,0.0
4310.361111111111,23.00295261189831,5.72200000000007e+27,1.4119999999999946e+27,4.241000000000075e+27,2.099999999999999e+25,4.800000000000003e+25,5.664000000000304e+27,5.496000000000304e+27,1.5099999999999956e+26,1.6999999999999993e+25,2.416926439160358e+26,0.0
4314.25,24.00249621018679,5.627000000000068e+27,1.380999999999997e+27,4.1800000000000703e+27,1.7999999999999994e+25,4.800000000000003e+25,5.696000000000305e+27,5.519000000000306e+27,1.6499999999999965e+26,1.1999999999999996e+25,2.4058972904462722e+26,0.0
4318.166666666667,25.006703898765636,5.594000000000063e+27,1.3919999999999958e+27,4.1420000000000673e+27,1.1999999999999998e+25,4.800000000000003e+25,5.466000000000286e+27,5.288000000000287e+27,1.5699999999999957e+26,2.0999999999999995e+25,2.3944273322434067e+26,0.0
4322.055555555556,26.001246750611926,5.416000000000048e+27,1.397999999999996e+27,3.9410000000000515e+27,2.8999999999999986e+25,4.800000000000003e+25,5.457000000000288e+27,5.291000000000288e+27,1.4799999999999958e+26,1.7999999999999992e+25,2.382684554174766e+26,0.0
4325.972222222223,27.000242357780508,5.295000000000047e+27,1.3239999999999978e+27,3.9030000000000485e+27,1.9999999999999993e+25,4.800000000000003e+25,5.261000000000272e+27,5.100000000000273e+27,1.449999999999996e+26,1.5999999999999993e+25,2.3704626343200974e+26,0.0
4329.916666666667,28.00355196748592,5.169000000000034e+27,1.3559999999999981e+27,3.742000000000036e+27,2.2999999999999994e+25,4.800000000000003e+25,5.280000000000275e+27,5.123000000000274e+27,1.3699999999999966e+26,1.9999999999999993e+25,2.3578381006376498e+26,0.0
4333.861111111111,29.003999896737696,4.997000000000028e+27,1.2789999999999992e+27,3.6500000000000285e+27,1.9999999999999993e+25,4.800000000000003e+25,5.143000000000264e+27,4.989000000000264e+27,1.2599999999999974e+26,2.8000000000000006e+25,2.344847758596909e+26,0.0
4337.805555555556,30.001503965057736,4.9140000000000216e+27,1.2759999999999993e+27,3.567000000000022e+27,2.2999999999999994e+25,4.800000000000003e+25,5.026000000000253e+27,4.852000000000253e+27,1.4299999999999962e+26,3.100000000000001e+25,2.3315560599642674e+26,0.0
4341.777777777777,31.00297881912138,4.897000000000016e+27,1.3249999999999993e+27,3.507000000000017e+27,1.7999999999999994e+25,4.700000000000003e+25,4.9320000000002473e+27,4.7800000000002474e+27,1.2299999999999976e+26,2.9000000000000008e+25,2.317839832129542e+26,0.0
4345.75,32.00131064950756,4.856000000000017e+27,1.284e+27,3.503000000000017e+27,2.099999999999999e+25,4.800000000000003e+25,4.8960000000002456e+27,4.7570000000002456e+27,1.1499999999999981e+26,2.4e+25,2.303814720433717e+26,0.0
4349.75,33.0033715716736,4.706999999999998e+27,1.3369999999999977e+27,3.2970000000000007e+27,2.599999999999999e+25,4.700000000000003e+25,4.642000000000224e+27,4.4870000000002243e+27,1.159999999999998e+26,3.900000000000002e+25,2.2894062041622328e+26,0.0
4353.75,34.00209464047202,4.5429999999999956e+27,1.2430000000000008e+27,3.221999999999995e+27,3.099999999999999e+25,4.700000000000003e+25,4.623000000000223e+27,4.474000000000223e+27,1.1299999999999983e+26,3.600000000000002e+25,2.2747158421425073e+26,0.0
4357.777777777777,35.004308904588925,4.5099999999999925e+27,1.2580000000000009e+27,3.1819999999999916e+27,2.2999999999999994e+25,4.700000000000003e+25,4.6080000000002234e+27,4.473000000000223e+27,1.0499999999999988e+26,3.000000000000001e+25,2.259632412457894e+26,0.0
4361.805555555556,36.00299563620456,4.315999999999985e+27,1.1910000000000023e+27,3.0679999999999826e+27,9.999999999999999e+24,4.700000000000003e+25,4.440000000000209e+27,4.296000000000209e+27,1.0399999999999989e+26,4.000000000000002e+25,2.244307302802567e+26,0.0
4365.861111111111,37.00493653462354,4.3759999999999775e+27,1.2839999999999993e+27,3.0149999999999784e+27,3.099999999999999e+25,4.600000000000003e+25,4.343000000000203e+27,4.216000000000203e+27,9.299999999999997e+25,3.4000000000000016e+25,2.2286321632748696e+26,0.0
4369.916666666667,38.00316725351331,4.211999999999974e+27,1.2020000000000012e+27,2.9399999999999725e+27,2.2999999999999994e+25,4.700000000000003e+25,4.209000000000192e+27,4.0740000000001917e+27,9.299999999999997e+25,4.200000000000002e+25,2.2127138339434695e+26,0.0
4374.0,39.004422376464845,4.1199999999999644e+27,1.2100000000000009e+27,2.828999999999964e+27,3.4999999999999987e+25,4.600000000000003e+25,4.0560000000001826e+27,3.951000000000182e+27,7.4000000000000075e+25,3.100000000000001e+25,2.1964666742601074e+26,0.0
4378.083333333333,40.001784755388826,4.069999999999959e+27,1.2400000000000003e+27,2.766999999999959e+27,1.6999999999999995e+25,4.600000000000003e+25,4.0920000000001827e+27,3.9580000000001826e+27,9.799999999999993e+25,3.600000000000002e+25,2.1800077299460052e+26,0.0
4382.194444444444,41.00194059523369,4.017999999999959e+27,1.2200000000000034e+27,2.728999999999956e+27,2.2999999999999994e+25,4.600000000000003e+25,3.892000000000168e+27,3.775000000000168e+27,8.200000000000004e+25,3.5000000000000017e+25,2.1632308449328698e+26,0.0
4386.333333333333,42.00475554432637,3.875999999999952e+27,1.1780000000000036e+27,2.628999999999948e+27,2.2999999999999994e+25,4.600000000000003e+25,3.8680000000001656e+27,3.7400000000001654e+27,9.199999999999997e+25,3.600000000000002e+25,2.1461662666044625e+26,0.0
4390.472222222223,43.00339357860844,3.7869999999999453e+27,1.1480000000000022e+27,2.5729999999999435e+27,1.9999999999999993e+25,4.600000000000003e+25,3.77900000000016e+27,3.67100000000016e+27,7.200000000000007e+25,3.600000000000002e+25,2.1289344109963617e+26,0.0
4394.638888888889,44.0044677380306,3.820999999999946e+27,1.186000000000001e+27,2.570999999999945e+27,1.8999999999999994e+25,4.500000000000003e+25,3.623000000000146e+27,3.493000000000146e+27,8.500000000000002e+25,4.500000000000003e+25,2.111425667353647e+26,0.0
4398.805555555556,45.001204840855735,3.705999999999942e+27,1.1580000000000029e+27,2.485999999999939e+27,1.6999999999999995e+25,4.500000000000003e+25,3.6500000000001506e+27,3.5500000000001504e+27,6.900000000000007e+25,3.100000000000001e+25,2.0937627971824754e+26,0.0
4403.0,46.00016229993025,3.6239999999999445e+27,1.1250000000000055e+27,2.434999999999939e+27,1.8999999999999994e+25,4.500000000000003e+25,3.680000000000152e+27,3.569000000000152e+27,6.700000000000006e+25,4.400000000000003e+25,2.0758591310957613e+26,0.0
4407.222222222223,47.00119822650868,3.595999999999943e+27,1.1280000000000024e+27,2.4029999999999403e+27,2.099999999999999e+25,4.400000000000003e+25,3.636000000000149e+27,3.5270000000001485e+27,7.100000000000007e+25,3.800000000000002e+25,2.0577190792302815e+26,0.0
4411.472222222223,48.004184976786746,3.545999999999947e+27,1.1530000000000025e+27,2.3269999999999445e+27,2.099999999999999e+25,4.500000000000003e+25,3.575000000000144e+27,3.471000000000144e+27,7.200000000000007e+25,3.2000000000000012e+25,2.039347328414292e+26,0.0
4415.722222222223,49.002477970171185,3.509999999999948e+27,1.133000000000003e+27,2.3149999999999452e+27,1.7999999999999994e+25,4.400000000000003e+25,3.4770000000001364e+27,3.3770000000001367e+27,6.100000000000005e+25,3.900000000000002e+25,2.020871566768144e+26,0.0
4420.0,50.002511096343824,3.484999999999952e+27,1.164000000000003e+27,2.2569999999999488e+27,1.9999999999999993e+25,4.400000000000003e+25,3.3260000000001255e+27,3.240000000000126e+27,5.300000000000004e+25,3.3000000000000014e+25,2.002219596088649e+26,0.0
4424.305555555556,51.00415697436438,3.3989999999999526e+27,1.0880000000000031e+27,2.249999999999949e+27,1.6999999999999995e+25,4.400000000000003e+25,3.4370000000001343e+27,3.342000000000134e+27,5.900000000000005e+25,3.600000000000002e+25,1.983353242919976e+26,0.0
4428.611111111111,52.00087129652252,3.3099999999999577e+27,1.0940000000000036e+27,2.1589999999999543e+27,1.2999999999999997e+25,4.400000000000003e+25,3.366000000000128e+27,3.265000000000128e+27,6.500000000000006e+25,3.600000000000002e+25,1.9644393890363867e+26,0.0
4432.972222222223,53.00538731754773,3.304999999999957e+27,1.049000000000004e+27,2.1919999999999525e+27,1.9999999999999993e+25,4.400000000000003e+25,3.2950000000001214e+27,3.1840000000001215e+27,7.000000000000007e+25,4.100000000000002e+25,1.9452325507787526e+26,0.0
4437.333333333333,54.004782951806874,3.2959999999999593e+27,1.0680000000000051e+27,2.167999999999954e+27,1.6999999999999995e+25,4.3000000000000026e+25,3.2460000000001203e+27,3.16600000000012e+27,5.000000000000004e+25,3.000000000000001e+25,1.9260085178396155e+26,0.0
4441.722222222223,55.005345277348624,3.228999999999963e+27,1.0900000000000034e+27,2.0739999999999594e+27,2.199999999999999e+25,4.3000000000000026e+25,3.229000000000118e+27,3.1320000000001174e+27,6.600000000000006e+25,3.100000000000001e+25,1.9066402350534608e+26,0.0
4446.111111111111,56.00066651191446,3.07699999999997e+27,1.0170000000000062e+27,1.9999999999999637e+27,1.6999999999999995e+25,4.3000000000000026e+25,3.101000000000107e+27,3.0040000000001073e+27,5.800000000000005e+25,3.900000000000002e+25,1.8872509233857567e+26,0.0
4450.555555555556,57.00322866523561,3.0879999999999666e+27,1.043000000000002e+27,1.9839999999999647e+27,1.7999999999999994e+25,4.3000000000000026e+25,3.1490000000001116e+27,3.0580000000001115e+27,5.600000000000005e+25,3.5000000000000017e+25,1.8676435638976536e+26,0.0
4455.0,58.00038066714569,3.124999999999968e+27,1.0400000000000056e+27,2.027999999999962e+27,1.3999999999999997e+25,4.3000000000000026e+25,3.109000000000109e+27,3.028000000000109e+27,4.600000000000003e+25,3.5000000000000017e+25,1.8480459229654104e+26,0.0
4459.5,59.004462181813096,3.05099999999997e+27,1.0350000000000039e+27,1.959999999999966e+27,1.3999999999999997e+25,4.200000000000002e+25,3.0470000000001035e+27,2.9560000000001035e+27,5.5000000000000045e+25,3.600000000000002e+25,1.8282454340237883e+26,0.0
4464.0,60.00296962518564,3.04799999999997e+27,1.0700000000000017e+27,1.9109999999999688e+27,2.499999999999999e+25,4.200000000000002e+25,2.961000000000097e+27,2.871000000000097e+27,4.9000000000000035e+25,4.100000000000002e+25,1.808465289602426e+26,0.0
4468.527777777777,61.001995951870185,3.05099999999997e+27,1.0820000000000013e+27,1.9139999999999688e+27,1.2999999999999997e+25,4.200000000000002e+25,3.022000000000101e+27,2.9290000000001014e+27,6.100000000000005e+25,3.2000000000000012e+25,1.788648146635372e+26,0.0
4473.083333333333,62.00143655237321,2.923999999999977e+27,1.0180000000000047e+27,1.8529999999999725e+27,1.0999999999999998e+25,4.200000000000002e+25,2.9870000000001e+27,2.9090000000001e+27,4.3000000000000026e+25,3.5000000000000017e+25,1.7687584509740176e+26,0.0
4477.666666666667,63.00117741705503,2.912999999999975e+27,9.770000000000041e+26,1.8809999999999708e+27,1.2999999999999995e+25,4.200000000000002e+25,2.87100000000009e+27,2.78700000000009e+27,5.400000000000004e+25,3.000000000000001e+25,1.748829293102719e+26,0.0
4482.277777777777,64.00110962098734,2.8839999999999785e+27,9.890000000000055e+26,1.844999999999973e+27,8.999999999999999e+24,4.100000000000002e+25,3.007000000000101e+27,2.925000000000101e+27,4.600000000000003e+25,3.600000000000002e+25,1.7288676843896518e+26,0.0
4486.916666666667,65.00112995338736,2.8919999999999764e+27,9.650000000000055e+26,1.8719999999999712e+27,1.3999999999999997e+25,4.100000000000002e+25,2.904000000000094e+27,2.8300000000000936e+27,4.400000000000003e+25,3.000000000000001e+25,1.7088852915498854e+26,0.0
4491.583333333333,66.00113591499576,2.8989999999999775e+27,1.0390000000000024e+27,1.8039999999999752e+27,1.4999999999999996e+25,4.100000000000002e+25,2.832000000000087e+27,2.749000000000087e+27,4.600000000000003e+25,3.700000000000002e+25,1.6888952432041697e+26,0.0
4496.277777777777,67.0010257373533,2.805999999999983e+27,1.006000000000004e+27,1.740999999999979e+27,1.7999999999999994e+25,4.100000000000002e+25,2.7420000000000806e+27,2.6670000000000807e+27,4.3000000000000026e+25,3.2000000000000012e+25,1.6689010842132976e+26,0.0
4501.0,68.0007005237228,2.7649999999999845e+27,9.83000000000005e+26,1.72399999999998e+27,1.7999999999999994e+25,4.000000000000002e+25,2.8170000000000865e+27,2.7380000000000863e+27,4.9000000000000035e+25,3.000000000000001e+25,1.6489211943448672e+26,0.0
4505.75,69.00006261103294,2.7939999999999835e+27,1.0490000000000017e+27,1.685999999999982e+27,1.8999999999999994e+25,4.000000000000002e+25,2.7910000000000855e+27,2.7280000000000855e+27,3.800000000000002e+25,2.5e+25,1.628975357340712e+26,0.0
4510.555555555556,70.00480720848282,2.753999999999986e+27,1.0650000000000009e+27,1.6389999999999847e+27,9.999999999999999e+24,4.000000000000002e+25,2.8110000000000855e+27,2.7300000000000857e+27,4.200000000000002e+25,3.900000000000002e+25,1.6089452913163566e+26,0.0
4515.361111111111,71.00323475228197,2.805999999999981e+27,1.0789999999999984e+27,1.6739999999999828e+27,1.3999999999999997e+25,3.900000000000002e+25,2.7750000000000837e+27,2.7050000000000837e+27,3.600000000000002e+25,3.4000000000000016e+25,1.5890802397566336e+26,0.0
4520.194444444444,72.00107065232828,2.7799999999999835e+27,1.0719999999999999e+27,1.6499999999999842e+27,1.8999999999999994e+25,3.900000000000002e+25,2.7250000000000787e+27,2.6390000000000785e+27,5.000000000000004e+25,3.600000000000002e+25,1.5692742289604595e+26,0.0
4525.083333333333,73.00392102617843,2.775999999999983e+27,1.0709999999999993e+27,1.6479999999999843e+27,1.7999999999999994e+25,3.900000000000002e+25,2.8490000000000896e+27,2.7810000000000897e+27,2.9000000000000008e+25,3.900000000000002e+25,1.549428175532967e+26,0.0
4529.972222222223,74.00029785800007,2.7109999999999863e+27,1.076999999999998e+27,1.5799999999999883e+27,1.4999999999999996e+25,3.900000000000002e+25,2.6740000000000746e+27,2.592000000000075e+27,5.300000000000004e+25,2.9000000000000008e+25,1.529758649711896e+26,0.0
4534.916666666667,75.00144609729773,2.8129999999999817e+27,1.075999999999999e+27,1.6799999999999825e+27,1.8999999999999994e+25,3.800000000000002e+25,2.799000000000085e+27,2.724000000000085e+27,4.200000000000002e+25,3.3000000000000014e+25,1.5100789454669374e+26,0.0
4539.888888888889,76.00160793803116,2.765999999999982e+27,1.124999999999994e+27,1.588999999999988e+27,1.2999999999999997e+25,3.900000000000002e+25,2.6990000000000777e+27,2.634000000000078e+27,3.2000000000000012e+25,3.3000000000000014e+25,1.4904870845426601e+26,0.0
4544.888888888889,77.0007099432878,2.7179999999999847e+27,1.0529999999999976e+27,1.6089999999999868e+27,1.7999999999999994e+25,3.800000000000002e+25,2.600000000000067e+27,2.494000000000067e+27,5.800000000000005e+25,4.800000000000003e+25,1.471003881564752e+26,0.0
4549.944444444444,78.00417325830858,2.776999999999983e+27,1.1809999999999931e+27,1.5459999999999903e+27,1.1999999999999998e+25,3.800000000000002e+25,2.7110000000000776e+27,2.6260000000000775e+27,4.200000000000002e+25,4.3000000000000026e+25,1.4515320433135011e+26,0.0
4555.0,79.00090336314065,2.802999999999982e+27,1.1709999999999926e+27,1.5769999999999886e+27,1.6999999999999995e+25,3.800000000000002e+25,2.676000000000076e+27,2.605000000000076e+27,4.3000000000000026e+25,2.8000000000000006e+25,1.432291154715993e+26,0.0
4560.111111111111,80.00178169342826,2.688999999999988e+27,1.1679999999999933e+27,1.4749999999999943e+27,8e+24,3.800000000000002e+25,2.649000000000074e+27,2.5740000000000734e+27,3.800000000000002e+25,3.700000000000002e+25,1.4130638164512574e+26,0.0
4565.25,81.00125317242987,2.7029999999999857e+27,1.1609999999999924e+27,1.4869999999999936e+27,1.7999999999999994e+25,3.700000000000002e+25,2.7850000000000845e+27,2.7140000000000844e+27,3.600000000000002e+25,3.5000000000000017e+25,1.3939956980603718e+26,0.0
4570.444444444444,82.0046060090317,2.743999999999984e+27,1.1689999999999922e+27,1.5229999999999915e+27,1.4999999999999996e+25,3.700000000000002e+25,2.6380000000000724e+27,2.5620000000000724e+27,4.100000000000002e+25,3.5000000000000017e+25,1.3749682143170746e+26,0.0
4575.638888888889,83.00104831980275,2.6919999999999865e+27,1.1729999999999913e+27,1.468999999999995e+27,1.3999999999999997e+25,3.600000000000002e+25,2.620000000000071e+27,2.543000000000071e+27,3.900000000000002e+25,3.800000000000002e+25,1.356198488832272e+26,0.0
4580.888888888889,84.00118255684765,2.7219999999999844e+27,1.2049999999999888e+27,1.4599999999999954e+27,2.099999999999999e+25,3.600000000000002e+25,2.6790000000000767e+27,2.6160000000000767e+27,3.4000000000000016e+25,2.9000000000000008e+25,1.3374866391326366e+26,0.0
4586.194444444444,85.00484892433815,2.732999999999983e+27,1.2179999999999886e+27,1.467999999999995e+27,1.0999999999999998e+25,3.600000000000002e+25,2.658000000000074e+27,2.5770000000000736e+27,4.3000000000000026e+25,3.800000000000002e+25,1.3188529552811395e+26,0.0
4591.5,86.0014877090673,2.691999999999984e+27,1.2409999999999855e+27,1.399999999999999e+27,1.4999999999999996e+25,3.600000000000002e+25,2.62500000000007e+27,2.5370000000000704e+27,5.5000000000000045e+25,3.3000000000000014e+25,1.3004870694896673e+26,0.0
4596.861111111111,87.00148964551477,2.738999999999984e+27,1.2959999999999846e+27,1.3919999999999993e+27,1.4999999999999996e+25,3.600000000000002e+25,2.6890000000000775e+27,2.6290000000000777e+27,3.4000000000000016e+25,2.6000000000000003e+25,1.2822156171113957e+26,0.0
4602.277777777777,88.00470264758337,2.633999999999986e+27,1.2499999999999854e+27,1.3389999999999998e+27,9.999999999999999e+24,3.5000000000000017e+25,2.671000000000075e+27,2.598000000000075e+27,3.900000000000002e+25,3.4000000000000016e+25,1.2640410068780238e+26,0.0
4607.694444444444,89.0008001692886,2.6969999999999836e+27,1.2999999999999825e+27,1.3440000000000005e+27,1.6999999999999995e+25,3.600000000000002e+25,2.725000000000079e+27,2.6500000000000794e+27,3.600000000000002e+25,3.900000000000002e+25,1.2461541190248424e+26,0.0
4613.194444444444,90.00500691552088,2.7999999999999774e+27,1.3459999999999795e+27,1.4039999999999978e+27,1.4999999999999996e+25,3.5000000000000017e+25,2.7370000000000807e+27,2.671000000000081e+27,3.900000000000002e+25,2.7000000000000004e+25,1.2282901782453589e+26,0.0
4618.694444444444,91.00203311147834,2.7259999999999803e+27,1.3209999999999803e+27,1.3580000000000002e+27,1.1999999999999998e+25,3.5000000000000017e+25,2.7070000000000784e+27,2.636000000000078e+27,3.100000000000001e+25,4.000000000000002e+25,1.2107258564336596e+26,0.0
4624.25,92.00190728220628,2.782999999999976e+27,1.3539999999999776e+27,1.3779999999999985e+27,1.5999999999999995e+25,3.5000000000000017e+25,2.6940000000000773e+27,2.620000000000077e+27,4.500000000000003e+25,2.9000000000000008e+25,1.1932900706189713e+26,0.0
4629.861111111111,93.00450240006012,2.7859999999999735e+27,1.3899999999999766e+27,1.3419999999999968e+27,1.9999999999999993e+25,3.4000000000000016e+25,2.7470000000000804e+27,2.6640000000000805e+27,4.000000000000002e+25,4.3000000000000026e+25,1.1759861886666254e+26,0.0
4635.5,94.00477554083704,2.776999999999971e+27,1.3699999999999756e+27,1.361999999999996e+27,1.0999999999999998e+25,3.4000000000000016e+25,2.807000000000086e+27,2.7400000000000865e+27,3.2000000000000012e+25,3.5000000000000017e+25,1.1589118158522856e+26,0.0
4641.166666666667,95.00270605901187,2.80299999999997e+27,1.4049999999999748e+27,1.3529999999999952e+27,1.0999999999999998e+25,3.4000000000000016e+25,2.7410000000000816e+27,2.672000000000081e+27,3.800000000000002e+25,3.100000000000001e+25,1.1420607566438899e+26,0.0
4646.888888888889,96.00311525000461,2.808999999999968e+27,1.418999999999974e+27,1.3449999999999948e+27,1.1999999999999998e+25,3.3000000000000014e+25,2.7720000000000824e+27,2.687000000000082e+27,4.000000000000002e+25,4.500000000000003e+25,1.1253532906159551e+26,0.0
4652.638888888889,97.00107979372297,2.7669999999999737e+27,1.436999999999973e+27,1.2800000000000004e+27,1.5999999999999995e+25,3.4000000000000016e+25,2.782000000000084e+27,2.712000000000084e+27,3.800000000000002e+25,3.2000000000000012e+25,1.1088854392545066e+26,0.0
4658.444444444444,98.001354667638,2.848999999999969e+27,1.4819999999999707e+27,1.3199999999999986e+27,1.3999999999999997e+25,3.3000000000000014e+25,2.8170000000000865e+27,2.7430000000000867e+27,3.4000000000000016e+25,4.000000000000002e+25,1.0925770034233006e+26,0.0
4664.305555555556,99.00382870029034,2.7789999999999713e+27,1.4979999999999703e+27,1.236000000000001e+27,1.1999999999999998e+25,3.3000000000000014e+25,2.763000000000082e+27,2.685000000000082e+27,3.700000000000002e+25,4.100000000000002e+25,1.076438942085215e+26,0.0
4670.194444444444,100.00369208117309,2.938999999999969e+27,1.5739999999999714e+27,1.310999999999998e+27,2.099999999999999e+25,3.3000000000000014e+25,2.885000000000092e+27,2.810000000000092e+27,4.3000000000000026e+25,3.2000000000000012e+25,1.060542139167873e+26,0.0
4676.111111111111,101.000946959658,2.7969999999999695e+27,1.4989999999999698e+27,1.2499999999999997e+27,1.5999999999999995e+25,3.2000000000000012e+25,2.817000000000087e+27,2.747000000000087e+27,4.500000000000003e+25,2.5e+25,1.0448908315704356e+26,0.0
4682.083333333333,102.00022209556164,2.8779999999999725e+27,1.5759999999999737e+27,1.2559999999999993e+27,1.3999999999999997e+25,3.2000000000000012e+25,2.856000000000091e+27,2.796000000000091e+27,3.700000000000002e+25,2.3e+25,1.0294270936075812e+26,0.0
4688.111111111111,103.00141819102328,2.8729999999999705e+27,1.558999999999973e+27,1.2719999999999978e+27,9.999999999999999e+24,3.2000000000000012e+25,2.895000000000094e+27,2.8280000000000934e+27,4.3000000000000026e+25,2.4e+25,1.0141442010711364e+26,0.0
4694.194444444444,104.00444356623325,2.971999999999973e+27,1.637999999999978e+27,1.2839999999999952e+27,1.7999999999999994e+25,3.2000000000000012e+25,2.966000000000097e+27,2.877000000000097e+27,4.000000000000002e+25,4.9000000000000035e+25,9.990458038665402e+25,0.0
4700.277777777777,105.00014986068732,2.8979999999999785e+27,1.6559999999999822e+27,1.1949999999999963e+27,1.4999999999999996e+25,3.2000000000000012e+25,2.970000000000099e+27,2.901000000000099e+27,4.000000000000002e+25,2.9000000000000008e+25,9.842783458813997e+25,0.0
4706.444444444444,106.00213804726059,3.000999999999981e+27,1.6909999999999833e+27,1.2639999999999975e+27,1.4999999999999996e+25,3.100000000000001e+25,2.9560000000000974e+27,2.876000000000097e+27,4.3000000000000026e+25,3.700000000000002e+25,9.696293186829849e+25,0.0
4712.638888888889,107.00130046880213,2.959999999999977e+27,1.6539999999999812e+27,1.2559999999999957e+27,1.8999999999999994e+25,3.100000000000001e+25,2.9230000000000965e+27,2.864000000000096e+27,3.700000000000002e+25,2.1999999999999996e+25,9.552403827695414e+25,0.0
4718.888888888889,108.0020865463955,3.004999999999984e+27,1.7359999999999855e+27,1.2249999999999983e+27,1.2999999999999997e+25,3.100000000000001e+25,3.0960000000001085e+27,3.023000000000109e+27,4.000000000000002e+25,3.3000000000000014e+25,9.410519504456675e+25,0.0
4725.166666666667,109.00002394808575,3.067999999999986e+27,1.7729999999999893e+27,1.239999999999996e+27,2.399999999999999e+25,3.100000000000001e+25,2.969000000000099e+27,2.9040000000000994e+27,3.900000000000002e+25,2.6000000000000003e+25,9.271243552838685e+25,0.0
4731.527777777777,110.0038728211457,3.070999999999986e+27,1.7649999999999908e+27,1.258999999999995e+27,1.5999999999999995e+25,3.100000000000001e+25,3.0750000000001074e+27,3.011000000000108e+27,3.2000000000000012e+25,3.2000000000000012e+25,9.13336434956307e+25,0.0
4737.888888888889,111.00046244008263,3.1069999999999895e+27,1.8179999999999942e+27,1.241999999999995e+27,1.5999999999999995e+25,3.100000000000001e+25,2.9690000000001007e+27,2.9140000000001e+27,3.100000000000001e+25,2.4e+25,8.998826525187329e+25,0.0
4744.333333333333,112.00283541977024,3.136999999999987e+27,1.838999999999994e+27,1.2529999999999925e+27,1.4999999999999996e+25,3.000000000000001e+25,3.2510000000001224e+27,3.193000000000122e+27,3.700000000000002e+25,2.0999999999999995e+25,8.865675922291484e+25,0.0
4750.805555555556,113.00228538552392,3.113999999999989e+27,1.821999999999996e+27,1.2459999999999928e+27,1.5999999999999995e+25,3.000000000000001e+25,3.0110000000001023e+27,2.9440000000001025e+27,3.900000000000002e+25,2.8000000000000006e+25,8.735241763234271e+25,0.0
4757.333333333333,114.00309924233102,3.1759999999999917e+27,1.874999999999998e+27,1.2519999999999938e+27,1.8999999999999994e+25,3.000000000000001e+25,3.2120000000001176e+27,3.1320000000001174e+27,4.500000000000003e+25,3.5000000000000017e+25,8.606871705617213e+25,0.0
4763.888888888889,115.00100720288106,3.257999999999993e+27,1.9200000000000017e+27,1.2939999999999916e+27,1.4999999999999996e+25,2.9000000000000008e+25,3.2390000000001203e+27,3.16700000000012e+27,3.5000000000000017e+25,3.700000000000002e+25,8.481043323900558e+25,0.0
4770.5,116.00023822279786,3.2659999999999993e+27,1.976000000000006e+27,1.248999999999993e+27,1.1999999999999998e+25,2.9000000000000008e+25,3.2440000000001207e+27,3.1720000000001205e+27,4.200000000000002e+25,3.000000000000001e+25,8.357366094334743e+25,0.0
4777.166666666667,117.00074719169584,3.275999999999994e+27,1.941000000000004e+27,1.2849999999999898e+27,2.099999999999999e+25,2.9000000000000008e+25,3.2480000000001216e+27,3.190000000000122e+27,3.3000000000000014e+25,2.5e+25,8.235831282871922e+25,0.0
4783.888888888889,118.00249355022265,3.2869999999999927e+27,1.9710000000000043e+27,1.2729999999999883e+27,1.3999999999999994e+25,2.9000000000000008e+25,3.2490000000001206e+27,3.177000000000121e+27,4.600000000000003e+25,2.6000000000000003e+25,8.116413288025293e+25,0.0
4790.638888888889,119.0013464427584,3.3459999999999996e+27,2.0090000000000117e+27,1.2949999999999878e+27,1.2999999999999997e+25,2.9000000000000008e+25,3.2340000000001205e+27,3.1710000000001205e+27,4.500000000000003e+25,1.7999999999999992e+25,7.999628065958607e+25,0.0
4797.444444444444,120.00142380677767,3.36e+27,2.028000000000011e+27,1.287999999999989e+27,1.4999999999999996e+25,2.9000000000000008e+25,3.403000000000134e+27,3.341000000000134e+27,3.700000000000002e+25,2.5e+25,7.884940820909124e+25,0.0
4804.305555555556,121.00269877860819,3.4310000000000013e+27,2.0500000000000128e+27,1.3299999999999884e+27,2.2999999999999994e+25,2.8000000000000006e+25,3.434000000000137e+27,3.383000000000137e+27,3.2000000000000012e+25,1.8999999999999992e+25,7.772393185118865e+25,0.0
4811.194444444444,122.00113306098547,3.440000000000003e+27,2.0770000000000154e+27,1.3149999999999878e+27,1.9999999999999993e+25,2.8000000000000006e+25,3.4170000000001344e+27,3.342000000000134e+27,5.200000000000004e+25,2.3e+25,7.662380424777368e+25,0.0
4818.138888888889,123.00077372836245,3.494000000000002e+27,2.115000000000017e+27,1.334999999999985e+27,1.5999999999999995e+25,2.8000000000000006e+25,3.5180000000001423e+27,3.4490000000001424e+27,5.000000000000004e+25,1.8999999999999992e+25,7.554482760247141e+25,0.0
4825.138888888889,124.00160069870662,3.568000000000004e+27,2.153000000000021e+27,1.373999999999983e+27,1.3999999999999997e+25,2.7000000000000004e+25,3.598000000000149e+27,3.531000000000149e+27,4.500000000000003e+25,2.1999999999999996e+25,7.448725433653708e+25,0.0
4832.194444444444,125.0036010498568,3.471000000000006e+27,2.1380000000000197e+27,1.2909999999999864e+27,1.3999999999999997e+25,2.8000000000000006e+25,3.5770000000001464e+27,3.505000000000147e+27,4.700000000000003e+25,2.5e+25,7.345093932064343e+25,0.0
4839.277777777777,126.0028583098649,3.5860000000000075e+27,2.2090000000000245e+27,1.330999999999983e+27,1.7999999999999994e+25,2.8000000000000006e+25,3.6010000000001483e+27,3.5240000000001483e+27,5.300000000000004e+25,2.4e+25,7.244005088702107e+25,0.0
4846.416666666667,127.00332377464497,3.5620000000000034e+27,2.1600000000000225e+27,1.3509999999999807e+27,2.2999999999999994e+25,2.8000000000000006e+25,3.7120000000001576e+27,3.646000000000158e+27,4.100000000000002e+25,2.5e+25,7.144997720222099e+25,0.0
4853.583333333333,128.00113709653124,3.6340000000000113e+27,2.233000000000028e+27,1.3539999999999834e+27,1.9999999999999993e+25,2.7000000000000004e+25,3.6840000000001565e+27,3.6280000000001565e+27,3.900000000000002e+25,1.6999999999999993e+25,7.048386396216012e+25,0.0
4860.805555555556,129.00020448348891,3.756000000000011e+27,2.2770000000000315e+27,1.4319999999999797e+27,1.9999999999999993e+25,2.7000000000000004e+25,3.6030000000001485e+27,3.5240000000001483e+27,5.700000000000005e+25,2.1999999999999996e+25,6.953885821461087e+25,0.0
4868.083333333333,130.00052902297716,3.792000000000011e+27,2.3060000000000335e+27,1.4399999999999778e+27,1.9999999999999993e+25,2.6000000000000003e+25,3.7420000000001595e+27,3.67000000000016e+27,4.600000000000003e+25,2.6000000000000003e+25,6.8614339481389146e+25,0.0
4875.416666666667,131.002115712133,3.893000000000017e+27,2.39700000000004e+27,1.443999999999977e+27,2.599999999999999e+25,2.6000000000000003e+25,3.9230000000001743e+27,3.851000000000174e+27,4.400000000000003e+25,2.8000000000000006e+25,6.771079854429478e+25,0.0
4882.777777777777,132.00121741106045,3.9130000000000135e+27,2.3760000000000393e+27,1.4879999999999745e+27,2.2999999999999994e+25,2.6000000000000003e+25,3.955000000000176e+27,3.877000000000176e+27,6.100000000000005e+25,1.6999999999999993e+25,6.683164955189741e+25,0.0
4890.194444444444,133.00165375442862,3.8780000000000146e+27,2.374000000000038e+27,1.4509999999999768e+27,2.699999999999999e+25,2.6000000000000003e+25,3.926000000000174e+27,3.853000000000174e+27,4.600000000000003e+25,2.7000000000000004e+25,6.597164469143485e+25,0.0
4897.666666666667,134.00344246279496,3.970000000000015e+27,2.4050000000000405e+27,1.5039999999999746e+27,3.4999999999999996e+25,2.6000000000000003e+25,3.8280000000001685e+27,3.774000000000168e+27,3.800000000000002e+25,1.5999999999999993e+25,6.513237745750484e+25,0.0
4905.166666666667,135.0029107941573,4.0070000000000165e+27,2.432000000000044e+27,1.5219999999999728e+27,2.6999999999999996e+25,2.6000000000000003e+25,3.952000000000177e+27,3.889000000000177e+27,4.3000000000000026e+25,1.9999999999999993e+25,6.431617388913938e+25,0.0
4912.694444444444,136.00015155964024,4.1000000000000206e+27,2.5010000000000495e+27,1.5529999999999714e+27,1.9999999999999993e+25,2.6000000000000003e+25,4.12300000000019e+27,4.05300000000019e+27,4.9000000000000035e+25,2.0999999999999995e+25,6.3522700940230815e+25,0.0
4920.305555555556,137.00254819483234,4.086000000000018e+27,2.5020000000000484e+27,1.5429999999999692e+27,1.4999999999999996e+25,2.6000000000000003e+25,4.2110000000001976e+27,4.1480000000001975e+27,3.800000000000002e+25,2.5e+25,6.2745886092133e+25,0.0
4927.944444444444,138.00281627082563,4.209000000000026e+27,2.5800000000000546e+27,1.5749999999999714e+27,2.799999999999999e+25,2.6000000000000003e+25,4.170000000000195e+27,4.119000000000195e+27,3.900000000000002e+25,1.1999999999999996e+25,6.199218152875507e+25,0.0
4935.611111111111,139.00104981380582,4.3040000000000273e+27,2.6290000000000557e+27,1.623999999999972e+27,2.6e+25,2.5e+25,4.2460000000002003e+27,4.1780000000002e+27,5.100000000000004e+25,1.6999999999999993e+25,6.125961515261928e+25,0.0
4943.333333333333,140.00093376422137,4.412000000000036e+27,2.645000000000058e+27,1.712999999999978e+27,2.7999999999999997e+25,2.6000000000000003e+25,4.2930000000002035e+27,4.220000000000203e+27,5.600000000000005e+25,1.6999999999999993e+25,6.054651009775092e+25,0.0
4951.111111111111,141.00250491638872,4.4210000000000377e+27,2.6560000000000595e+27,1.6999999999999788e+27,3.9999999999999995e+25,2.5e+25,4.455000000000217e+27,4.392000000000217e+27,4.400000000000003e+25,1.8999999999999992e+25,5.985286459582521e+25,0.0
4958.916666666667,142.00226048196964,4.5310000000000463e+27,2.708000000000063e+27,1.7589999999999838e+27,3.9e+25,2.5e+25,4.6170000000002285e+27,4.5430000000002287e+27,5.600000000000005e+25,1.7999999999999992e+25,5.918027878105892e+25,0.0
4966.75,143.00030313059938,4.574000000000051e+27,2.726000000000065e+27,1.7909999999999863e+27,3.1999999999999995e+25,2.5e+25,4.589000000000227e+27,4.519000000000227e+27,5.000000000000004e+25,1.9999999999999993e+25,5.852876401910417e+25,0.0
4974.638888888889,144.00024685261224,4.5910000000000505e+27,2.7390000000000644e+27,1.798999999999986e+27,2.899999999999999e+25,2.4e+25,4.7160000000002374e+27,4.650000000000237e+27,5.600000000000005e+25,9.999999999999997e+24,5.789569205062177e+25,0.0
4982.583333333333,145.00214318837652,4.788000000000063e+27,2.855000000000073e+27,1.8699999999999895e+27,3.800000000000001e+25,2.5e+25,4.759000000000239e+27,4.674000000000239e+27,7.100000000000007e+25,1.3999999999999994e+25,5.728118341708261e+25,0.0
4990.555555555556,146.00257219401192,4.747000000000065e+27,2.8100000000000705e+27,1.869999999999994e+27,4.300000000000002e+25,2.4e+25,4.88800000000025e+27,4.81300000000025e+27,5.5000000000000045e+25,1.9999999999999993e+25,5.6687023635535795e+25,0.0
4998.555555555556,147.0016421686762,4.923000000000078e+27,2.8980000000000775e+27,1.9710000000000002e+27,2.9999999999999988e+25,2.4e+25,4.8680000000002483e+27,4.788000000000248e+27,6.400000000000006e+25,1.5999999999999993e+25,5.6113063393993866e+25,0.0
5006.611111111111,148.00290814405548,4.997000000000082e+27,2.975000000000082e+27,1.9630000000000004e+27,3.500000000000001e+25,2.4e+25,4.982000000000257e+27,4.904000000000257e+27,6.600000000000006e+25,1.1999999999999996e+25,5.555677370890748e+25,0.0
5014.694444444444,149.0030058103846,5.108000000000082e+27,2.9870000000000807e+27,2.0560000000000022e+27,4.100000000000002e+25,2.4e+25,4.997000000000259e+27,4.9180000000002583e+27,6.100000000000005e+25,1.7999999999999992e+25,5.502036835884109e+25,0.0
5022.805555555556,150.00204735268608,5.132000000000087e+27,2.982000000000081e+27,2.0790000000000063e+27,4.7000000000000015e+25,2.4e+25,5.13600000000027e+27,5.06400000000027e+27,5.900000000000005e+25,1.2999999999999995e+25,5.450290415890511e+25,0.0
5030.944444444444,151.0001496115001,5.283000000000098e+27,3.056000000000087e+27,2.1560000000000104e+27,4.700000000000001e+25,2.4e+25,5.179000000000273e+27,5.110000000000273e+27,5.5000000000000045e+25,1.3999999999999994e+25,5.400470234904215e+25,0.0
5039.138888888889,152.00081241478324,5.340000000000102e+27,3.1050000000000894e+27,2.175000000000014e+27,3.5999999999999997e+25,2.4e+25,5.26900000000028e+27,5.19500000000028e+27,5.600000000000005e+25,1.7999999999999992e+25,5.352388247612494e+25,0.0
5047.361111111111,153.00074022756598,5.417000000000102e+27,3.092000000000088e+27,2.2330000000000146e+27,6.800000000000003e+25,2.4e+25,5.40000000000029e+27,5.31300000000029e+27,7.4000000000000075e+25,1.2999999999999995e+25,5.3062073358973775e+25,0.0
5055.611111111111,154.0000527094046,5.512000000000113e+27,3.123000000000092e+27,2.306000000000021e+27,6.000000000000003e+25,2.3e+25,5.601000000000307e+27,5.521000000000306e+27,6.200000000000006e+25,1.7999999999999992e+25,5.26180933303278e+25,0.0
5063.916666666667,155.00221540446432,5.641000000000119e+27,3.1750000000000933e+27,2.377000000000026e+27,6.500000000000003e+25,2.4e+25,5.800000000000322e+27,5.725000000000322e+27,6.300000000000006e+25,1.1999999999999996e+25,5.219118482926166e+25,0.0
5072.222222222223,156.0006479493884,5.78100000000013e+27,3.255000000000098e+27,2.457000000000032e+27,4.500000000000001e+25,2.4e+25,5.80100000000032e+27,5.70600000000032e+27,8.100000000000005e+25,1.3999999999999994e+25,5.178398268569768e+25,0.0
5080.583333333333,157.0021521691731,5.942000000000139e+27,3.3260000000001036e+27,2.540000000000036e+27,5.200000000000001e+25,2.4e+25,5.770000000000319e+27,5.684000000000319e+27,7.4000000000000075e+25,1.1999999999999996e+25,5.1393097555060415e+25,0.0
5088.944444444444,158.00019896279787,5.984000000000136e+27,3.303000000000101e+27,2.575000000000035e+27,8.300000000000005e+25,2.3e+25,5.953000000000332e+27,5.856000000000332e+27,7.200000000000007e+25,2.5e+25,5.102110353293384e+25,0.0
5097.361111111111,159.00154655911524,6.051000000000143e+27,3.352000000000104e+27,2.6270000000000396e+27,4.900000000000002e+25,2.3e+25,6.058000000000342e+27,5.971000000000341e+27,7.300000000000007e+25,1.3999999999999994e+25,5.066534885317851e+25,0.0
5105.805555555556,160.0030004796904,6.206000000000152e+27,3.421000000000107e+27,2.693000000000045e+27,6.900000000000004e+25,2.3e+25,6.144000000000347e+27,6.042000000000347e+27,8.999999999999999e+25,1.1999999999999996e+25,5.032746272846951e+25,0.0
5114.25,161.0014123814044,6.352000000000165e+27,3.513000000000115e+27,2.725000000000049e+27,9.000000000000006e+25,2.4e+25,6.256000000000355e+27,6.155000000000356e+27,8.000000000000006e+25,2.0999999999999995e+25,5.000757642702472e+25,0.0
5122.722222222223,162.00021065199394,6.43700000000016e+27,3.4780000000001095e+27,2.85900000000005e+27,7.7000000000000045e+25,2.3e+25,6.340000000000364e+27,6.253000000000364e+27,7.200000000000007e+25,1.4999999999999994e+25,4.970495480347549e+25,0.0
5131.25,163.00278877896608,6.502000000000167e+27,3.572000000000116e+27,2.833000000000051e+27,7.400000000000004e+25,2.3e+25,6.403000000000368e+27,6.308000000000368e+27,8.000000000000006e+25,1.4999999999999994e+25,4.94175783199136e+25,0.0
5139.777777777777,164.00274826106283,6.57200000000017e+27,3.5740000000001154e+27,2.9040000000000554e+27,7.100000000000004e+25,2.3e+25,6.596000000000384e+27,6.505000000000384e+27,7.600000000000008e+25,1.4999999999999994e+25,4.914835537194414e+25,0.0
5148.305555555556,165.0002479404095,6.648000000000178e+27,3.586000000000115e+27,2.9660000000000625e+27,7.300000000000004e+25,2.3e+25,6.759000000000394e+27,6.636000000000394e+27,1.0699999999999987e+26,1.5999999999999993e+25,4.88969221442498e+25,0.0
5156.888888888889,166.00192275271297,6.768000000000172e+27,3.654000000000118e+27,2.9900000000000545e+27,1.0100000000000008e+26,2.3e+25,6.769000000000398e+27,6.680000000000397e+27,7.4000000000000075e+25,1.4999999999999994e+25,4.8660802586223735e+25,0.0
5165.472222222223,167.00142539188164,6.805000000000173e+27,3.664000000000116e+27,3.0340000000000574e+27,8.400000000000005e+25,2.3e+25,6.769000000000397e+27,6.673000000000397e+27,7.900000000000007e+25,1.6999999999999993e+25,4.84417603100995e+25,0.0
5174.083333333333,168.0021403784374,6.939000000000186e+27,3.710000000000123e+27,3.1230000000000633e+27,8.300000000000005e+25,2.3e+25,6.941000000000409e+27,6.83700000000041e+27,9.299999999999997e+25,1.0999999999999996e+25,4.823923228263042e+25,0.0
5182.694444444444,169.0009881495082,7.106000000000193e+27,3.737000000000122e+27,3.267000000000072e+27,7.900000000000005e+25,2.3e+25,7.103000000000422e+27,6.999000000000423e+27,8.300000000000004e+25,2.0999999999999995e+25,4.8053345436779835e+25,0.0
5191.333333333333,170.00134078209976,7.103000000000172e+27,3.7360000000001156e+27,3.2410000000000567e+27,1.0300000000000007e+26,2.3e+25,7.131000000000424e+27,7.026000000000425e+27,9.099999999999998e+25,1.3999999999999994e+25,4.788392106119314e+25,0.0
5199.972222222223,171.00013249016956,7.319000000000178e+27,3.8280000000001195e+27,3.3660000000000594e+27,1.0300000000000009e+26,2.1999999999999996e+25,7.170000000000427e+27,7.053000000000427e+27,9.699999999999994e+25,1.9999999999999993e+25,4.773080850549737e+25,0.0
5208.638888888889,172.00072538695713,7.280000000000182e+27,3.837000000000119e+27,3.3300000000000626e+27,9.100000000000007e+25,2.1999999999999996e+25,7.225000000000432e+27,7.115000000000432e+27,9.399999999999996e+25,1.5999999999999993e+25,4.759368549962286e+25,0.0
5217.305555555556,173.00006308959814,7.343000000000199e+27,3.849000000000125e+27,3.371000000000074e+27,1.0000000000000007e+26,2.3e+25,7.274000000000435e+27,7.175000000000436e+27,9.099999999999998e+25,7.999999999999998e+24,4.747340681568855e+25,0.0
5226.0,174.00150316492795,7.427000000000169e+27,3.8850000000001136e+27,3.417000000000055e+27,1.0200000000000008e+26,2.3e+25,7.359000000000442e+27,7.251000000000442e+27,8.500000000000002e+25,2.3e+25,4.736859038057136e+25,0.0
5234.694444444444,175.00199874110353,7.588000000000178e+27,3.957000000000116e+27,3.5090000000000625e+27,9.900000000000008e+25,2.3e+25,7.457000000000449e+27,7.335000000000449e+27,1.0599999999999988e+26,1.5999999999999993e+25,4.728046877988846e+25,0.0
5243.388888888889,176.00170701823026,7.558000000000176e+27,3.922000000000115e+27,3.508000000000063e+27,1.0600000000000008e+26,2.1999999999999996e+25,7.613000000000461e+27,7.48100000000046e+27,1.1299999999999983e+26,1.8999999999999992e+25,4.720797892074644e+25,0.0
5252.083333333333,177.0007865142204,7.617000000000188e+27,3.946000000000117e+27,3.5430000000000706e+27,1.0500000000000009e+26,2.3e+25,7.620000000000464e+27,7.533000000000465e+27,7.800000000000007e+25,8.999999999999997e+24,4.715209761023994e+25,0.0
5260.805555555556,178.00258460695886,7.668000000000198e+27,3.96500000000012e+27,3.571000000000079e+27,1.090000000000001e+26,2.3e+25,7.732000000000474e+27,7.652000000000474e+27,6.8000000000000065e+25,1.1999999999999996e+25,4.711195607095916e+25,0.0
5269.5,179.00087742476944,7.746000000000168e+27,3.9790000000001094e+27,3.6450000000000584e+27,9.900000000000008e+25,2.3e+25,7.635000000000466e+27,7.547000000000466e+27,7.100000000000007e+25,1.6999999999999993e+25,4.708792778947664e+25,0.0
5278.222222222223,180.00220233215418,7.776000000000176e+27,4.015000000000112e+27,3.622000000000064e+27,1.1600000000000006e+26,2.3e+25,7.903000000000486e+27,7.797000000000485e+27,8.9e+25,1.6999999999999993e+25,4.707986301519471e+25,0.0
5286.916666666667,181.00033908674686,7.841000000000184e+27,4.0040000000001114e+27,3.7100000000000734e+27,1.0500000000000009e+26,2.1999999999999996e+25,8.007000000000492e+27,7.883000000000492e+27,1.0799999999999986e+26,1.5999999999999993e+25,4.708790588186173e+25,0.0
5295.638888888889,182.00182216517578,7.857000000000186e+27,4.0330000000001115e+27,3.699000000000074e+27,1.0200000000000008e+26,2.3e+25,7.84000000000048e+27,7.73000000000048e+27,9.699999999999994e+25,1.2999999999999995e+25,4.711207450677084e+25,0.0
5304.333333333333,183.00043158364383,7.931000000000152e+27,4.067000000000099e+27,3.7270000000000533e+27,1.1500000000000009e+26,2.1999999999999996e+25,7.933000000000489e+27,7.833000000000488e+27,8.500000000000002e+25,1.4999999999999994e+25,4.715214359193505e+25,0.0
5313.055555555556,184.0027051227371,8.046000000000158e+27,4.081000000000098e+27,3.822000000000061e+27,1.2100000000000005e+26,2.1999999999999996e+25,8.084000000000498e+27,7.969000000000499e+27,1.0399999999999989e+26,1.0999999999999996e+25,4.720822388819061e+25,0.0
5321.75,185.0024179032398,8.019000000000169e+27,4.113000000000104e+27,3.7580000000000645e+27,1.2499999999999997e+26,2.3e+25,8.044000000000497e+27,7.944000000000497e+27,8.8e+25,1.1999999999999996e+25,4.728072314458241e+25,0.0
5330.444444444444,186.0029176544283,8.093000000000184e+27,4.1140000000001113e+27,3.8450000000000736e+27,1.110000000000001e+26,2.3e+25,8.142000000000502e+27,8.008000000000502e+27,1.0999999999999985e+26,2.4e+25,4.736929338935836e+25,0.0
5339.111111111111,187.0011623069986,8.149000000000153e+27,4.143000000000097e+27,3.897000000000055e+27,8.600000000000005e+25,2.3e+25,8.167000000000505e+27,8.046000000000505e+27,1.0499999999999988e+26,1.5999999999999993e+25,4.7473477068673255e+25,0.0
5347.777777777777,188.00050321155618,8.136000000000148e+27,4.076000000000091e+27,3.9160000000000583e+27,1.2100000000000003e+26,2.3e+25,8.0880000000005e+27,7.9770000000005e+27,9.299999999999997e+25,1.7999999999999992e+25,4.759408780484451e+25,0.0
5356.444444444444,189.00109936457125,8.196000000000163e+27,4.1360000000000976e+27,3.920000000000066e+27,1.1700000000000006e+26,2.3e+25,8.147000000000504e+27,8.041000000000505e+27,9.099999999999998e+25,1.4999999999999994e+25,4.7730832464705e+25,0.0
5365.111111111111,190.00310797328075,8.217000000000168e+27,4.150000000000098e+27,3.9330000000000706e+27,1.120000000000001e+26,2.1999999999999996e+25,8.228000000000511e+27,8.11300000000051e+27,9.899999999999993e+25,1.5999999999999993e+25,4.78844816540652e+25,0.0
5373.722222222223,191.0002509945832,8.240000000000138e+27,4.149000000000086e+27,3.9400000000000514e+27,1.28e+26,2.3e+25,8.099000000000499e+27,7.969000000000499e+27,1.0999999999999985e+26,1.9999999999999993e+25,4.805386650409405e+25,0.0
5382.361111111111,192.00232739173475,8.25600000000014e+27,4.1490000000000855e+27,3.946000000000055e+27,1.3800000000000007e+26,2.3e+25,8.170000000000505e+27,8.049000000000505e+27,1.0699999999999987e+26,1.3999999999999994e+25,4.823994730662257e+25,0.0
5390.972222222223,193.0030532626074,8.299000000000149e+27,4.172000000000088e+27,3.994000000000061e+27,1.1000000000000007e+26,2.3e+25,8.398000000000524e+27,8.286000000000524e+27,9.899999999999993e+25,1.2999999999999995e+25,4.84424838144284e+25,0.0
5399.555555555556,194.00256801530645,8.281000000000153e+27,4.143000000000087e+27,4.0080000000000667e+27,1.070000000000001e+26,2.3e+25,8.225000000000512e+27,8.123000000000511e+27,8.8e+25,1.3999999999999994e+25,4.866182109716719e+25,0.0
5408.111111111111,195.0010100162749,8.310000000000131e+27,4.1290000000000735e+27,4.0180000000000575e+27,1.4e+26,2.3e+25,8.25000000000051e+27,8.121000000000511e+27,1.0699999999999987e+26,2.1999999999999996e+25,4.889712788074911e+25,0.0
5416.666666666667,196.00176836491437,8.293000000000133e+27,4.1430000000000773e+27,3.9940000000000557e+27,1.3300000000000008e+26,2.3e+25,8.285000000000516e+27,8.181000000000516e+27,8.600000000000002e+25,1.7999999999999992e+25,4.914970541893391e+25,0.0
5425.194444444444,197.00174175433062,8.199000000000133e+27,4.084000000000078e+27,3.987000000000055e+27,1.0500000000000007e+26,2.3e+25,8.184000000000507e+27,8.068000000000507e+27,9.699999999999994e+25,1.8999999999999992e+25,4.941874921175838e+25,0.0
5433.694444444444,198.00106400524714,8.28600000000014e+27,4.0930000000000816e+27,4.03600000000006e+27,1.34e+26,2.3e+25,8.335000000000519e+27,8.226000000000519e+27,9.499999999999995e+25,1.3999999999999994e+25,4.97050294973609e+25,0.0
5442.194444444444,199.00314872556237,8.253000000000121e+27,4.137000000000068e+27,3.972000000000054e+27,1.200000000000001e+26,2.4e+25,8.278000000000515e+27,8.165000000000515e+27,9.299999999999997e+25,1.9999999999999993e+25,5.000901402727249e+25,0.0
5450.638888888889,200.0015770361406,8.24000000000012e+27,4.1060000000000667e+27,3.9690000000000537e+27,1.4200000000000007e+26,2.3e+25,8.202000000000508e+27,8.080000000000508e+27,9.799999999999993e+25,2.4e+25,5.032880442517897e+25,0.0
5459.083333333333,201.00304788895733,8.254000000000127e+27,4.134000000000071e+27,3.999000000000056e+27,9.800000000000007e+25,2.3e+25,8.244000000000511e+27,8.11000000000051e+27,1.159999999999998e+26,1.7999999999999992e+25,5.066708383053699e+25,0.0
5467.472222222223,202.00110299391918,8.222000000000126e+27,4.1480000000000733e+27,3.9510000000000534e+27,9.900000000000008e+25,2.4e+25,8.100000000000501e+27,7.996000000000501e+27,9.199999999999997e+25,1.1999999999999996e+25,5.102154104507426e+25,0.0
5475.861111111111,203.00247846638104,8.215000000000141e+27,4.099000000000079e+27,3.993000000000062e+27,1.0000000000000007e+26,2.3e+25,8.162000000000504e+27,8.043000000000505e+27,1.0599999999999988e+26,1.2999999999999995e+25,5.139496205387117e+25,0.0
5484.194444444444,204.0006694784572,8.135000000000114e+27,4.058000000000064e+27,3.933000000000051e+27,1.2e+26,2.4e+25,8.144000000000503e+27,8.023000000000503e+27,9.999999999999992e+25,2.0999999999999995e+25,5.178416176611973e+25,0.0
5492.527777777777,205.00245518446377,8.112000000000113e+27,4.0750000000000653e+27,3.899000000000048e+27,1.1400000000000003e+26,2.4e+25,8.163000000000506e+27,8.046000000000505e+27,8.999999999999999e+25,2.7000000000000004e+25,5.219295755659888e+25,0.0
5500.805555555556,206.00128042320262,8.087000000000111e+27,4.0450000000000635e+27,3.900000000000048e+27,1.180000000000001e+26,2.4e+25,8.049000000000499e+27,7.954000000000498e+27,7.500000000000008e+25,1.9999999999999993e+25,5.26187142921686e+25,0.0
5509.055555555556,207.0006003747244,8.010000000000114e+27,4.050000000000065e+27,3.8370000000000493e+27,1.0000000000000007e+26,2.3e+25,8.241000000000512e+27,8.133000000000512e+27,9.399999999999996e+25,1.3999999999999994e+25,5.306223140796742e+25,0.0
5517.277777777777,208.000537291701,7.947000000000096e+27,3.9930000000000556e+27,3.8000000000000403e+27,1.3000000000000005e+26,2.4e+25,7.98100000000049e+27,7.864000000000491e+27,9.399999999999996e+25,2.3e+25,5.352459104580363e+25,0.0
5525.472222222223,209.0012079511905,7.882000000000096e+27,3.953000000000057e+27,3.79800000000004e+27,1.070000000000001e+26,2.4e+25,7.853000000000482e+27,7.750000000000482e+27,8.400000000000003e+25,1.8999999999999992e+25,5.400527582624956e+25,0.0
5533.638888888889,210.00273278156783,7.780000000000097e+27,3.953000000000058e+27,3.6900000000000394e+27,1.130000000000001e+26,2.4e+25,7.863000000000482e+27,7.749000000000482e+27,9.599999999999995e+25,1.7999999999999992e+25,5.450536173019786e+25,0.0
5541.75,211.0017982854938,7.811000000000109e+27,3.9740000000000656e+27,3.6860000000000445e+27,1.2700000000000002e+26,2.4e+25,7.749000000000473e+27,7.635000000000473e+27,9.599999999999995e+25,1.7999999999999992e+25,5.502282806874334e+25,0.0
5549.833333333333,212.00192112305308,7.645000000000108e+27,3.8860000000000636e+27,3.6220000000000455e+27,1.130000000000001e+26,2.4e+25,7.724000000000471e+27,7.60500000000047e+27,9.899999999999993e+25,1.9999999999999993e+25,5.555939435496179e+25,0.0
5557.888888888889,213.00321182362586,7.629000000000086e+27,3.876000000000059e+27,3.6080000000000274e+27,1.2000000000000009e+26,2.5e+25,7.501000000000451e+27,7.368000000000452e+27,1.1199999999999983e+26,2.0999999999999995e+25,5.611550986378031e+25,0.0
5565.888888888889,214.0023076169532,7.493000000000088e+27,3.8250000000000555e+27,3.5160000000000317e+27,1.2700000000000007e+26,2.5e+25,7.493000000000452e+27,7.363000000000451e+27,9.899999999999993e+25,3.100000000000001e+25,5.668982625739328e+25,0.0
5573.861111111111,215.00276255672793,7.415000000000089e+27,3.792000000000056e+27,3.481000000000032e+27,1.170000000000001e+26,2.5e+25,7.45700000000045e+27,7.332000000000449e+27,8.999999999999999e+25,3.5000000000000017e+25,5.7283829524659774e+25,0.0
5581.777777777777,216.00117387699083,7.396000000000094e+27,3.750000000000053e+27,3.524000000000041e+27,9.700000000000006e+25,2.5e+25,7.379000000000446e+27,7.292000000000446e+27,6.700000000000006e+25,1.9999999999999993e+25,5.789644496050665e+25,0.0
5589.666666666667,217.00112648605204,7.314000000000064e+27,3.725000000000046e+27,3.4540000000000174e+27,1.1000000000000009e+26,2.5e+25,7.247000000000434e+27,7.149000000000434e+27,7.900000000000007e+25,1.8999999999999992e+25,5.852957720795558e+25,0.0
5597.527777777777,218.0027270850378,7.224000000000074e+27,3.682000000000051e+27,3.401000000000023e+27,1.160000000000001e+26,2.5e+25,7.222000000000432e+27,7.121000000000432e+27,7.000000000000007e+25,3.100000000000001e+25,5.918351063575607e+25,0.0
5605.333333333333,219.00251087445713,7.162000000000079e+27,3.717000000000056e+27,3.305000000000024e+27,1.150000000000001e+26,2.5e+25,7.082000000000421e+27,6.981000000000421e+27,7.300000000000007e+25,2.8000000000000006e+25,5.985616534824893e+25,0.0
5613.083333333333,220.00052504372456,6.992000000000081e+27,3.6020000000000495e+27,3.254000000000032e+27,1.110000000000001e+26,2.5e+25,7.026000000000417e+27,6.930000000000417e+27,7.300000000000007e+25,2.3e+25,6.054733771013078e+25,0.0
5620.805555555556,221.00041812380346,6.964000000000089e+27,3.586000000000055e+27,3.254000000000034e+27,9.800000000000007e+25,2.6000000000000003e+25,6.943000000000409e+27,6.83400000000041e+27,8.200000000000004e+25,2.7000000000000004e+25,6.12604446218994e+25,0.0
5628.5,222.00228808174506,6.971000000000099e+27,3.585000000000058e+27,3.261000000000041e+27,9.900000000000008e+25,2.6000000000000003e+25,6.791000000000396e+27,6.666000000000396e+27,9.799999999999993e+25,2.7000000000000004e+25,6.199577594523414e+25,0.0
5636.138888888889,223.00258623739,6.877000000000071e+27,3.545000000000049e+27,3.209000000000022e+27,9.700000000000008e+25,2.6000000000000003e+25,6.788000000000397e+27,6.679000000000397e+27,8.200000000000004e+25,2.7000000000000004e+25,6.274962696108158e+25,0.0
5643.722222222223,224.00134416420974,6.757000000000075e+27,3.5180000000000516e+27,3.1220000000000226e+27,9.100000000000007e+25,2.6000000000000003e+25,6.70600000000039e+27,6.58700000000039e+27,9.599999999999995e+25,2.3e+25,6.352365337693748e+25,0.0
5651.277777777777,225.00228542487002,6.688000000000078e+27,3.454000000000053e+27,3.114000000000025e+27,9.500000000000007e+25,2.5e+25,6.883000000000403e+27,6.764000000000404e+27,9.099999999999998e+25,2.8000000000000006e+25,6.432007226689818e+25,0.0
5658.777777777777,226.00178616258813,6.746000000000091e+27,3.4680000000000565e+27,3.1540000000000345e+27,9.800000000000007e+25,2.6000000000000003e+25,6.642000000000387e+27,6.535000000000386e+27,7.300000000000007e+25,3.4000000000000016e+25,6.513636423348075e+25,0.0
5666.25,227.00360614065949,6.545000000000088e+27,3.387000000000056e+27,3.0330000000000315e+27,9.900000000000008e+25,2.6000000000000003e+25,6.592000000000382e+27,6.481000000000382e+27,7.900000000000007e+25,3.2000000000000012e+25,6.597577875361897e+25,0.0
5673.638888888889,228.00031584498106,6.51900000000007e+27,3.4000000000000467e+27,2.9890000000000225e+27,1.0400000000000008e+26,2.6000000000000003e+25,6.513000000000376e+27,6.410000000000376e+27,5.900000000000005e+25,4.400000000000003e+25,6.683269889958521e+25,0.0
5681.027777777777,229.00320870684072,6.431000000000072e+27,3.3660000000000506e+27,2.952000000000021e+27,8.600000000000005e+25,2.7000000000000004e+25,6.513000000000376e+27,6.402000000000375e+27,7.600000000000008e+25,3.5000000000000017e+25,6.771524907017351e+25,0.0
5688.333333333333,230.0010231982103,6.400000000000074e+27,3.3440000000000533e+27,2.9460000000000213e+27,8.300000000000005e+25,2.7000000000000004e+25,6.456000000000372e+27,6.350000000000371e+27,7.700000000000008e+25,2.9000000000000008e+25,6.861548398123802e+25,0.0
5695.611111111111,231.0013572127266,6.338000000000077e+27,3.308000000000052e+27,2.923000000000025e+27,8.100000000000005e+25,2.6000000000000003e+25,6.449000000000371e+27,6.345000000000371e+27,7.4000000000000075e+25,3.000000000000001e+25,6.9539885921397205e+25,0.0
5702.833333333333,232.00043361014968,6.322000000000089e+27,3.306000000000059e+27,2.913000000000029e+27,7.6000000000000035e+25,2.7000000000000004e+25,6.410000000000367e+27,6.302000000000368e+27,7.200000000000007e+25,3.600000000000002e+25,7.0485345073745785e+25,0.0
5710.027777777777,233.00213530334076,6.247000000000085e+27,3.2500000000000563e+27,2.8830000000000285e+27,8.700000000000006e+25,2.7000000000000004e+25,6.253000000000357e+27,6.164000000000357e+27,6.300000000000006e+25,2.6000000000000003e+25,7.145492172663465e+25,0.0
5717.166666666667,234.0026358485004,6.18500000000007e+27,3.1940000000000525e+27,2.855000000000018e+27,1.0900000000000008e+26,2.7000000000000004e+25,6.203000000000352e+27,6.105000000000352e+27,7.600000000000008e+25,2.1999999999999996e+25,7.244513356338955e+25,0.0
5724.25,235.0019276349476,6.144000000000071e+27,3.215000000000049e+27,2.816000000000022e+27,8.600000000000005e+25,2.7000000000000004e+25,6.203000000000351e+27,6.092000000000351e+27,7.200000000000007e+25,3.900000000000002e+25,7.345616845773555e+25,0.0
5731.277777777777,236.00000509658685,6.04000000000007e+27,3.182000000000051e+27,2.749000000000019e+27,8.100000000000005e+25,2.8000000000000006e+25,6.04700000000034e+27,5.942000000000339e+27,7.100000000000007e+25,3.4000000000000016e+25,7.448845172121192e+25,0.0
5738.277777777777,237.00084095141187,6.016000000000077e+27,3.154000000000053e+27,2.7660000000000236e+27,6.800000000000002e+25,2.8000000000000006e+25,6.137000000000346e+27,6.032000000000346e+27,7.800000000000007e+25,2.7000000000000004e+25,7.554599638000651e+25,0.0
5745.222222222223,238.00049058414197,6.055000000000087e+27,3.172000000000057e+27,2.7850000000000306e+27,7.0000000000000026e+25,2.8000000000000006e+25,5.987000000000334e+27,5.875000000000334e+27,7.100000000000007e+25,4.100000000000002e+25,7.662498431478154e+25,0.0
5752.138888888889,239.00297310503925,5.946000000000084e+27,3.103000000000058e+27,2.746000000000026e+27,6.900000000000003e+25,2.8000000000000006e+25,5.893000000000325e+27,5.772000000000326e+27,8.200000000000004e+25,3.900000000000002e+25,7.772965066415267e+25,0.0
5758.972222222223,240.00021601083222,5.915000000000059e+27,3.080000000000047e+27,2.7230000000000125e+27,8.400000000000005e+25,2.8000000000000006e+25,5.953000000000332e+27,5.842000000000331e+27,6.200000000000006e+25,4.9000000000000035e+25,7.885074395921281e+25,0.0
5765.777777777777,241.00030230514017,5.751000000000069e+27,3.028000000000052e+27,2.6120000000000164e+27,8.200000000000004e+25,2.9000000000000008e+25,5.900000000000325e+27,5.761000000000325e+27,8.8e+25,5.100000000000004e+25,7.999766095766066e+25,0.0
5772.555555555556,242.00328775633466,5.788000000000067e+27,2.999000000000048e+27,2.70300000000002e+27,5.8000000000000015e+25,2.8000000000000006e+25,5.748000000000316e+27,5.648000000000316e+27,6.8000000000000065e+25,3.2000000000000012e+25,8.117036931875066e+25,0.0
5779.25,243.00091712042922,5.744000000000077e+27,3.0050000000000546e+27,2.648000000000022e+27,6.200000000000001e+25,2.9000000000000008e+25,5.91500000000033e+27,5.82500000000033e+27,5.700000000000005e+25,3.3000000000000014e+25,8.235967667157834e+25,0.0
5785.916666666667,244.0014338883973,5.726000000000076e+27,2.982000000000054e+27,2.6420000000000215e+27,7.200000000000003e+25,3.000000000000001e+25,5.641000000000305e+27,5.522000000000306e+27,8.000000000000006e+25,3.900000000000002e+25,8.357500240231305e+25,0.0
5792.527777777777,245.00067270114778,5.624000000000073e+27,2.9640000000000563e+27,2.5670000000000173e+27,6.400000000000002e+25,2.9000000000000008e+25,5.5770000000003e+27,5.456000000000301e+27,8.000000000000006e+25,4.100000000000002e+25,8.481179091819677e+25,0.0
5799.111111111111,246.0028325450171,5.659000000000083e+27,2.920000000000058e+27,2.655000000000024e+27,5.400000000000001e+25,3.000000000000001e+25,5.563000000000299e+27,5.437000000000299e+27,8.700000000000001e+25,3.900000000000002e+25,8.607548191700858e+25,0.0
5805.638888888889,247.003683267219,5.616000000000059e+27,2.981000000000051e+27,2.541000000000009e+27,6.400000000000002e+25,3.000000000000001e+25,5.604000000000305e+27,5.502000000000304e+27,6.8000000000000065e+25,3.4000000000000016e+25,8.735954362823208e+25,0.0
5812.111111111111,248.00317329804898,5.513000000000062e+27,2.881000000000054e+27,2.534000000000008e+27,6.800000000000002e+25,3.000000000000001e+25,5.540000000000299e+27,5.435000000000299e+27,6.8000000000000065e+25,3.700000000000002e+25,8.866404101970195e+25,0.0
5818.527777777777,249.00124716027744,5.502000000000062e+27,2.9020000000000514e+27,2.5070000000000114e+27,6.300000000000002e+25,3.000000000000001e+25,5.5420000000003e+27,5.4420000000003e+27,6.700000000000006e+25,3.3000000000000014e+25,8.998987510695682e+25,0.0
5824.916666666667,250.00221178235938,5.427000000000061e+27,2.8290000000000517e+27,2.4940000000000093e+27,7.300000000000004e+25,3.100000000000001e+25,5.540000000000299e+27,5.422000000000298e+27,8.600000000000002e+25,3.2000000000000012e+25,9.134120503154614e+25,0.0
5831.25,251.00169984675222,5.395000000000066e+27,2.8260000000000526e+27,2.477000000000013e+27,6.200000000000002e+25,3.000000000000001e+25,5.459000000000293e+27,5.356000000000293e+27,6.8000000000000065e+25,3.5000000000000017e+25,9.27140186172696e+25,0.0
5837.555555555556,252.00407623476963,5.373000000000064e+27,2.833000000000051e+27,2.4610000000000128e+27,4.8e+25,3.100000000000001e+25,5.500000000000295e+27,5.383000000000295e+27,7.000000000000007e+25,4.700000000000003e+25,9.411302256070983e+25,0.0
5843.777777777777,253.00043697886122,5.401000000000067e+27,2.850000000000053e+27,2.4710000000000147e+27,4.9e+25,3.100000000000001e+25,5.290000000000279e+27,5.169000000000278e+27,7.200000000000007e+25,4.9000000000000035e+25,9.55256329009154e+25,0.0
5850.0,254.0041022808348,5.308000000000061e+27,2.779000000000049e+27,2.4450000000000126e+27,5.300000000000001e+25,3.100000000000001e+25,5.370000000000285e+27,5.253000000000285e+27,8.300000000000004e+25,3.4000000000000016e+25,9.697107819424128e+25,0.0
5856.138888888889,255.00160066788158,5.436000000000056e+27,2.8340000000000515e+27,2.5060000000000053e+27,6.400000000000003e+25,3.2000000000000012e+25,5.344000000000283e+27,5.230000000000283e+27,6.200000000000006e+25,5.200000000000004e+25,9.84296263129872e+25,0.0
5862.25,256.00187623294073,5.290000000000057e+27,2.83700000000005e+27,2.380000000000007e+27,4.200000000000001e+25,3.100000000000001e+25,5.32400000000028e+27,5.19800000000028e+27,7.4000000000000075e+25,5.200000000000004e+25,9.99132405891586e+25,0.0
5868.305555555556,257.00034467170826,5.192000000000052e+27,2.717000000000045e+27,2.3890000000000068e+27,5.400000000000001e+25,3.2000000000000012e+25,5.245000000000275e+27,5.126000000000275e+27,7.700000000000008e+25,4.200000000000002e+25,1.0141632647226962e+26,0.0
5874.333333333333,258.0015471801687,5.223000000000053e+27,2.7220000000000454e+27,2.4190000000000078e+27,4.9e+25,3.3000000000000014e+25,5.109000000000265e+27,4.995000000000264e+27,7.300000000000007e+25,4.100000000000002e+25,1.0294461284092806e+26,0.0
5880.305555555556,259.00082800929613,5.108000000000046e+27,2.6750000000000434e+27,2.3510000000000024e+27,5e+25,3.2000000000000012e+25,5.192000000000271e+27,5.077000000000271e+27,6.000000000000005e+25,5.5000000000000045e+25,1.0449096748112707e+26,0.0
5886.25,260.00278767348345,5.208000000000049e+27,2.7440000000000455e+27,2.3820000000000038e+27,5.000000000000001e+25,3.2000000000000012e+25,5.133000000000266e+27,5.014000000000266e+27,6.200000000000006e+25,5.700000000000005e+25,1.060628698289396e+26,0.0
5892.138888888889,261.0026921051424,5.16100000000005e+27,2.697000000000045e+27,2.3900000000000047e+27,4.1e+25,3.3000000000000014e+25,5.009000000000254e+27,4.874000000000255e+27,7.600000000000008e+25,5.900000000000005e+25,1.0765244096972903e+26,0.0
5897.972222222223,262.0004374708051,5.046000000000046e+27,2.5900000000000394e+27,2.3660000000000066e+27,5.700000000000001e+25,3.3000000000000014e+25,5.160000000000269e+27,5.042000000000268e+27,7.500000000000008e+25,4.3000000000000026e+25,1.0925958888549168e+26,0.0
5903.777777777777,263.00071805505195,5.115000000000053e+27,2.671000000000044e+27,2.3690000000000088e+27,4.2e+25,3.3000000000000014e+25,5.03900000000026e+27,4.94000000000026e+27,6.500000000000006e+25,3.4000000000000016e+25,1.1089049370904706e+26,0.0
5909.555555555556,264.0035268547497,5.019000000000045e+27,2.6150000000000403e+27,2.3190000000000043e+27,5.2000000000000006e+25,3.3000000000000014e+25,4.93600000000025e+27,4.8070000000002495e+27,7.300000000000007e+25,5.600000000000005e+25,1.1254539395693953e+26,0.0
5915.277777777777,265.00397607839477,5.062000000000035e+27,2.592000000000038e+27,2.392999999999997e+27,4.400000000000001e+25,3.3000000000000014e+25,4.988000000000255e+27,4.875000000000255e+27,6.8000000000000065e+25,4.500000000000003e+25,1.1421602600576656e+26,0.0
5920.944444444444,266.001947226016,4.935000000000035e+27,2.5770000000000384e+27,2.2829999999999965e+27,4.1e+25,3.4000000000000016e+25,4.876000000000247e+27,4.7710000000002467e+27,6.100000000000005e+25,4.400000000000003e+25,1.1590096296995938e+26,0.0
5926.583333333333,267.00226115614146,4.904000000000029e+27,2.522000000000034e+27,2.304999999999995e+27,4.299999999999999e+25,3.4000000000000016e+25,4.8340000000002434e+27,4.726000000000243e+27,6.500000000000006e+25,4.3000000000000026e+25,1.1760945060245892e+26,0.0
5932.194444444444,268.0048976172134,4.9200000000000254e+27,2.551000000000034e+27,2.296999999999991e+27,3.7e+25,3.5000000000000017e+25,4.996000000000255e+27,4.863000000000254e+27,8.000000000000006e+25,5.300000000000004e+25,1.1933987757673498e+26,0.0
5937.75,269.0048135004481,4.956000000000033e+27,2.5530000000000376e+27,2.3309999999999948e+27,3.7999999999999983e+25,3.4000000000000016e+25,4.9260000000002496e+27,4.81000000000025e+27,5.300000000000004e+25,6.300000000000006e+25,1.210837167988879e+26,0.0
5943.25,270.00187894826604,4.8930000000000304e+27,2.518000000000036e+27,2.3019999999999942e+27,3.799999999999999e+25,3.5000000000000017e+25,4.9260000000002496e+27,4.81100000000025e+27,6.900000000000007e+25,4.600000000000003e+25,1.2284028490258111e+26,0.0
5948.722222222223,271.0010378165555,4.913000000000028e+27,2.5180000000000354e+27,2.3129999999999926e+27,4.6000000000000005e+25,3.600000000000002e+25,4.7680000000002355e+27,4.632000000000236e+27,8.300000000000004e+25,5.300000000000004e+25,1.2461764405228823e+26,0.0
5954.166666666667,272.00226607086734,4.776000000000028e+27,2.468000000000032e+27,2.2289999999999956e+27,4.4e+25,3.5000000000000017e+25,4.820000000000241e+27,4.7060000000002416e+27,6.100000000000005e+25,5.300000000000004e+25,1.2641465640957959e+26,0.0
5959.555555555556,273.0003566168243,4.7720000000000247e+27,2.4570000000000314e+27,2.232999999999993e+27,4.7e+25,3.5000000000000017e+25,4.762000000000236e+27,4.6400000000002364e+27,6.700000000000006e+25,5.5000000000000045e+25,1.2822317725291954e+26,0.0
5964.916666666667,274.0003623536454,4.7940000000000237e+27,2.4340000000000285e+27,2.2849999999999953e+27,3.9999999999999995e+25,3.5000000000000017e+25,4.672000000000229e+27,4.547000000000229e+27,6.700000000000006e+25,5.800000000000005e+25,1.3005015803847139e+26,0.0
5970.25,275.0022420084654,4.821000000000025e+27,2.4220000000000287e+27,2.324999999999996e+27,3.799999999999999e+25,3.600000000000002e+25,4.6940000000002313e+27,4.575000000000231e+27,6.900000000000007e+25,5.000000000000004e+25,1.3189675807337241e+26,0.0
5975.527777777777,276.0006750902205,4.7450000000000226e+27,2.3950000000000262e+27,2.276999999999996e+27,3.7e+25,3.600000000000002e+25,4.655000000000228e+27,4.537000000000228e+27,6.100000000000005e+25,5.700000000000005e+25,1.3375033883794005e+26,0.0
5980.777777777777,277.0008135587002,4.8540000000000086e+27,2.4240000000000272e+27,2.3549999999999819e+27,3.899999999999999e+25,3.600000000000002e+25,4.665000000000229e+27,4.544000000000229e+27,7.100000000000007e+25,5.000000000000004e+25,1.3562096994981936e+26,0.0
5986.0,278.0026058766689,4.666000000000006e+27,2.376000000000024e+27,2.2139999999999817e+27,3.9e+25,3.700000000000002e+25,4.69500000000023e+27,4.5650000000002305e+27,7.500000000000008e+25,5.5000000000000045e+25,1.3750814338655817e+26,0.0
5991.166666666667,279.00061579811927,4.7150000000000026e+27,2.3530000000000227e+27,2.2859999999999792e+27,3.799999999999999e+25,3.800000000000002e+25,4.7040000000002304e+27,4.5630000000002303e+27,8.700000000000001e+25,5.400000000000004e+25,1.3940082535881058e+26,0.0
5996.305555555556,280.000090795789,4.730000000000004e+27,2.3190000000000208e+27,2.340999999999983e+27,3.199999999999999e+25,3.800000000000002e+25,4.6430000000002267e+27,4.5140000000002264e+27,7.100000000000007e+25,5.800000000000005e+25,1.4130887113661411e+26,0.0
6001.416666666667,281.0009732955439,4.751000000000005e+27,2.380000000000025e+27,2.2899999999999795e+27,4.399999999999999e+25,3.700000000000002e+25,4.661000000000227e+27,4.5160000000002266e+27,8.700000000000001e+25,5.800000000000005e+25,1.4323038786842314e+26,0.0
6006.5,282.0032008777366,4.6500000000000013e+27,2.282000000000019e+27,2.2899999999999822e+27,3.9999999999999995e+25,3.800000000000002e+25,4.563000000000221e+27,4.448000000000221e+27,6.000000000000005e+25,5.5000000000000045e+25,1.4516511261487469e+26,0.0
6011.527777777777,283.00117261402056,4.6870000000000037e+27,2.2710000000000187e+27,2.344999999999985e+27,3.2999999999999984e+25,3.800000000000002e+25,4.627000000000225e+27,4.493000000000225e+27,8.000000000000006e+25,5.400000000000004e+25,1.4710234690211341e+26,0.0
6016.527777777777,284.0002766000407,4.6119999999999945e+27,2.2170000000000158e+27,2.3239999999999783e+27,3.2999999999999992e+25,3.800000000000002e+25,4.6020000000002235e+27,4.4770000000002235e+27,6.500000000000006e+25,6.000000000000005e+25,1.4904990682165956e+26,0.0
6021.5,285.00044244851483,4.544999999999998e+27,2.254000000000017e+27,2.225999999999981e+27,2.599999999999999e+25,3.900000000000002e+25,4.709000000000232e+27,4.587000000000232e+27,6.100000000000005e+25,6.100000000000005e+25,1.5100906289738898e+26,0.0
6026.444444444444,286.0015927134841,4.6169999999999965e+27,2.2820000000000162e+27,2.2569999999999807e+27,3.8999999999999985e+25,3.900000000000002e+25,4.481000000000213e+27,4.343000000000213e+27,8.8e+25,5.000000000000004e+25,1.5297838747299794e+26,0.0
6031.361111111111,287.0036510261732,4.616999999999995e+27,2.257000000000017e+27,2.3009999999999781e+27,1.9999999999999993e+25,3.900000000000002e+25,4.524000000000218e+27,4.406000000000218e+27,6.500000000000006e+25,5.300000000000004e+25,1.54955119052081e+26,0.0
6036.222222222223,288.0008247548799,4.6159999999999915e+27,2.2340000000000168e+27,2.3129999999999747e+27,2.8999999999999986e+25,4.000000000000002e+25,4.599000000000223e+27,4.469000000000223e+27,7.800000000000007e+25,5.200000000000004e+25,1.5692933849825765e+26,0.0
6041.083333333333,289.0044179407446,4.4479999999999865e+27,2.1660000000000115e+27,2.2159999999999753e+27,2.599999999999999e+25,4.000000000000002e+25,4.477000000000213e+27,4.344000000000213e+27,7.600000000000008e+25,5.700000000000005e+25,1.5892223220721906e+26,0.0
6045.888888888889,290.00288281227563,4.5429999999999907e+27,2.170000000000013e+27,2.312999999999978e+27,1.9999999999999993e+25,4.000000000000002e+25,4.538000000000219e+27,4.420000000000219e+27,7.600000000000008e+25,4.200000000000002e+25,1.6090896881617573e+26,0.0
6050.666666666667,291.0018395228019,4.5749999999999877e+27,2.159000000000011e+27,2.3469999999999768e+27,2.8999999999999986e+25,4.000000000000002e+25,4.422000000000209e+27,4.292000000000209e+27,7.900000000000007e+25,5.100000000000004e+25,1.629001888675946e+26,0.0
6055.416666666667,292.0012037346553,4.5219999999999835e+27,2.14900000000001e+27,2.3009999999999732e+27,3.099999999999999e+25,4.100000000000002e+25,4.485000000000213e+27,4.341000000000213e+27,7.700000000000008e+25,6.700000000000006e+25,1.6489487570252842e+26,0.0
6060.138888888889,293.0008803759788,4.559999999999985e+27,2.1370000000000097e+27,2.358999999999975e+27,2.2999999999999994e+25,4.100000000000002e+25,4.5630000000002193e+27,4.4270000000002196e+27,7.500000000000008e+25,6.100000000000005e+25,1.6689124351892662e+26,0.0
6064.833333333333,294.0007710532966,4.5389999999999805e+27,2.1130000000000062e+27,2.3559999999999742e+27,2.9999999999999988e+25,4.000000000000002e+25,4.5030000000002146e+27,4.366000000000215e+27,8.400000000000003e+25,5.300000000000004e+25,1.6889068787589447e+26,0.0
6069.5,295.0007788788507,4.4059999999999766e+27,2.058000000000004e+27,2.282999999999972e+27,2.399999999999999e+25,4.100000000000002e+25,4.5370000000002194e+27,4.420000000000219e+27,7.4000000000000075e+25,4.3000000000000026e+25,1.708897706651229e+26,0.0
6074.138888888889,296.0008010751965,4.504999999999983e+27,2.0470000000000054e+27,2.3939999999999775e+27,2.2999999999999994e+25,4.100000000000002e+25,4.412000000000209e+27,4.296000000000209e+27,7.600000000000008e+25,4.000000000000002e+25,1.728880790424552e+26,0.0
6078.75,297.0007341430746,4.518999999999965e+27,2.0830000000000022e+27,2.3679999999999634e+27,2.599999999999999e+25,4.200000000000002e+25,4.3020000000002004e+27,4.1770000000002e+27,5.900000000000005e+25,6.600000000000006e+25,1.7488432110370403e+26,0.0
6083.333333333333,298.0004756111109,4.428999999999967e+27,2.0520000000000036e+27,2.311999999999963e+27,2.2999999999999994e+25,4.200000000000002e+25,4.43400000000021e+27,4.30900000000021e+27,7.900000000000007e+25,4.600000000000003e+25,1.7687728723428135e+26,0.0
6087.916666666667,299.00602921442896,4.3939999999999624e+27,2.0190000000000004e+27,2.3089999999999617e+27,2.399999999999999e+25,4.200000000000002e+25,4.4410000000002113e+27,4.320000000000211e+27,7.700000000000008e+25,4.400000000000003e+25,1.7887853333227465e+26,0.0
6092.444444444444,300.0050916270841,4.448999999999964e+27,2.0439999999999997e+27,2.3309999999999646e+27,3.1999999999999987e+25,4.200000000000002e+25,4.3960000000002083e+27,4.2890000000002087e+27,6.100000000000005e+25,4.600000000000003e+25,1.8086025723898054e+26,0.0
6096.944444444444,301.00363281327327,4.481999999999959e+27,2.0079999999999987e+27,2.4149999999999597e+27,1.6999999999999995e+25,4.200000000000002e+25,4.4290000000002104e+27,4.3120000000002105e+27,6.300000000000006e+25,5.400000000000004e+25,1.8283826632033906e+26,0.0
6101.416666666667,302.0015345359029,4.428999999999961e+27,1.989999999999997e+27,2.3759999999999637e+27,1.9999999999999993e+25,4.3000000000000026e+25,4.44300000000021e+27,4.3020000000002097e+27,8.200000000000004e+25,5.900000000000005e+25,1.848061547569724e+26,0.0
6105.888888888889,303.0049359654495,4.4709999999999597e+27,2.0329999999999988e+27,2.368999999999961e+27,2.599999999999999e+25,4.3000000000000026e+25,4.351000000000205e+27,4.244000000000205e+27,6.100000000000005e+25,4.600000000000003e+25,1.8677822979473868e+26,0.0
6110.305555555556,304.00124790969494,4.441999999999953e+27,1.9639999999999942e+27,2.4189999999999586e+27,1.5999999999999995e+25,4.3000000000000026e+25,4.45800000000021e+27,4.30600000000021e+27,9.399999999999996e+25,5.800000000000005e+25,1.887266445745679e+26,0.0
6114.722222222223,305.00288553182236,4.443999999999954e+27,1.9829999999999957e+27,2.3939999999999585e+27,2.399999999999999e+25,4.3000000000000026e+25,4.4390000000002106e+27,4.30900000000021e+27,8.000000000000006e+25,5.000000000000004e+25,1.9067780625351836e+26,0.0
6119.111111111111,306.00348200404096,4.3439999999999513e+27,1.9019999999999912e+27,2.37799999999996e+27,2.099999999999999e+25,4.3000000000000026e+25,4.443000000000213e+27,4.343000000000213e+27,6.900000000000007e+25,3.100000000000001e+25,1.9261457506790178e+26,0.0
6123.472222222223,307.0029093656492,4.427999999999954e+27,1.9639999999999947e+27,2.3979999999999589e+27,2.199999999999999e+25,4.400000000000003e+25,4.3990000000002086e+27,4.2840000000002083e+27,6.300000000000006e+25,5.200000000000004e+25,1.9453712065780917e+26,0.0
6127.805555555556,308.0010424486452,4.429999999999957e+27,1.9419999999999935e+27,2.4189999999999635e+27,2.499999999999999e+25,4.400000000000003e+25,4.4620000000002113e+27,4.3230000000002114e+27,7.900000000000007e+25,6.000000000000005e+25,1.9644541428968264e+26,0.0
6132.138888888889,309.00420334798673,4.428999999999949e+27,1.8899999999999875e+27,2.4699999999999618e+27,2.499999999999999e+25,4.400000000000003e+25,4.401000000000208e+27,4.282000000000208e+27,8.300000000000004e+25,3.600000000000002e+25,1.9834839097160146e+26,0.0
6136.444444444444,310.0058795840391,4.4129999999999474e+27,1.858999999999988e+27,2.488999999999959e+27,2.099999999999999e+25,4.400000000000003e+25,4.4620000000002113e+27,4.3230000000002114e+27,9.399999999999996e+25,4.500000000000003e+25,2.0023322639041445e+26,0.0
6140.722222222223,311.00594188160403,4.4189999999999375e+27,1.8809999999999873e+27,2.45999999999995e+27,3.2999999999999992e+25,4.500000000000003e+25,4.336000000000203e+27,4.2130000000002027e+27,7.300000000000007e+25,5.000000000000004e+25,2.0210053063720473e+26,0.0
6144.972222222223,312.00426345112305,4.4519999999999456e+27,1.8579999999999852e+27,2.5349999999999603e+27,1.4999999999999996e+25,4.400000000000003e+25,4.3220000000002025e+27,4.2090000000002024e+27,8.200000000000004e+25,3.100000000000001e+25,2.0394816393185618e+26,0.0
6149.194444444444,313.00070887939,4.451999999999944e+27,1.8779999999999877e+27,2.512999999999956e+27,1.5999999999999995e+25,4.500000000000003e+25,4.3950000000002077e+27,4.279000000000208e+27,7.500000000000008e+25,4.100000000000002e+25,2.057732629978639e+26,0.0
6153.416666666667,314.0017435737002,4.4679999999999446e+27,1.8259999999999835e+27,2.5729999999999606e+27,2.399999999999999e+25,4.500000000000003e+25,4.2520000000001964e+27,4.1330000000001964e+27,7.800000000000007e+25,4.100000000000002e+25,2.0758723822476467e+26,0.0
6157.611111111111,315.00069907900183,4.5199999999999454e+27,1.840999999999985e+27,2.60799999999996e+27,2.599999999999999e+25,4.500000000000003e+25,4.378000000000207e+27,4.267000000000207e+27,7.800000000000007e+25,3.3000000000000014e+25,2.0937757490644437e+26,0.0
6161.805555555556,316.00409436703944,4.3799999999999355e+27,1.7889999999999823e+27,2.5249999999999535e+27,1.9999999999999993e+25,4.600000000000003e+25,4.421000000000209e+27,4.2980000000002094e+27,8.300000000000004e+25,4.000000000000002e+25,2.1115554358434043e+26,0.0
6165.972222222223,317.005193584072,4.503999999999941e+27,1.8369999999999847e+27,2.600999999999957e+27,1.9999999999999993e+25,4.600000000000003e+25,4.5420000000002204e+27,4.4400000000002206e+27,7.000000000000007e+25,3.2000000000000012e+25,2.129062914731378e+26,0.0
6170.111111111111,318.0038588825216,4.404999999999937e+27,1.7289999999999775e+27,2.604999999999959e+27,2.599999999999999e+25,4.500000000000003e+25,4.470000000000213e+27,4.346000000000213e+27,1.019999999999999e+26,2.1999999999999996e+25,2.146293452900753e+26,0.0
6174.25,319.0066972339564,4.364999999999932e+27,1.7489999999999777e+27,2.547999999999955e+27,2.199999999999999e+25,4.600000000000003e+25,4.3910000000002085e+27,4.281000000000208e+27,8.700000000000001e+25,2.3e+25,2.163356668987876e+26,0.0
6178.333333333333,320.00010633270244,4.490999999999931e+27,1.7469999999999776e+27,2.6759999999999533e+27,2.199999999999999e+25,4.600000000000003e+25,4.4940000000002166e+27,4.3910000000002167e+27,8.100000000000005e+25,2.1999999999999996e+25,2.1799931750423128e+26,0.0
6182.444444444444,321.00426471515516,4.4599999999999324e+27,1.7709999999999792e+27,2.6229999999999535e+27,1.8999999999999994e+25,4.700000000000003e+25,4.609000000000225e+27,4.497000000000225e+27,8.300000000000004e+25,2.9000000000000008e+25,2.1965633321785983e+26,0.0
6186.527777777777,322.00554127218015,4.4429999999999295e+27,1.7439999999999757e+27,2.641999999999954e+27,9.999999999999999e+24,4.700000000000003e+25,4.4320000000002117e+27,4.330000000000212e+27,7.700000000000008e+25,2.5e+25,2.2128087537391994e+26,0.0
6190.583333333333,323.00379405593026,4.454999999999934e+27,1.7399999999999776e+27,2.652999999999957e+27,1.5999999999999995e+25,4.600000000000003e+25,4.3750000000002067e+27,4.2620000000002065e+27,8.999999999999999e+25,2.3e+25,2.228725298713112e+26,0.0
6194.638888888889,324.0057564652982,4.494999999999928e+27,1.746999999999976e+27,2.677999999999952e+27,2.2999999999999994e+25,4.700000000000003e+25,4.499000000000216e+27,4.379000000000216e+27,9.599999999999995e+25,2.4e+25,2.2443961228832393e+26,0.0
6198.666666666667,325.00446338785105,4.416999999999931e+27,1.711999999999974e+27,2.627999999999957e+27,2.9999999999999988e+25,4.700000000000003e+25,4.5390000000002185e+27,4.4120000000002184e+27,9.899999999999993e+25,2.8000000000000006e+25,2.2597193407734548e+26,0.0
6202.694444444444,326.0066962147166,4.4449999999999307e+27,1.684999999999971e+27,2.6909999999999594e+27,2.199999999999999e+25,4.700000000000003e+25,4.4860000000002143e+27,4.3620000000002144e+27,1.0399999999999989e+26,1.9999999999999993e+25,2.2748049638896607e+26,0.0
6206.694444444444,327.00543916685797,4.5539999999999316e+27,1.7109999999999723e+27,2.7739999999999594e+27,2.099999999999999e+25,4.800000000000003e+25,4.501000000000219e+27,4.4160000000002187e+27,7.600000000000008e+25,8.999999999999997e+24,2.2894892237328265e+26,0.0
6210.666666666667,328.0005490297733,4.5419999999999334e+27,1.6859999999999725e+27,2.795999999999961e+27,1.2999999999999997e+25,4.700000000000003e+25,4.550000000000221e+27,4.448000000000221e+27,8.8e+25,1.3999999999999994e+25,2.303796094664505e+26,0.0
6214.666666666667,329.00586822426453,4.67999999999994e+27,1.7349999999999725e+27,2.8759999999999674e+27,2.099999999999999e+25,4.800000000000003e+25,4.5500000000002205e+27,4.4400000000002206e+27,9.899999999999993e+25,1.0999999999999996e+25,2.3179187746753446e+26,0.0
6218.611111111111,330.00034566158047,4.578999999999936e+27,1.6659999999999712e+27,2.844999999999965e+27,1.9999999999999993e+25,4.800000000000003e+25,4.6890000000002287e+27,4.5430000000002287e+27,1.309999999999997e+26,1.4999999999999994e+25,2.3315363097063344e+26,0.0
6222.583333333333,331.00487982578943,4.6369999999999426e+27,1.6349999999999712e+27,2.9299999999999717e+27,2.499999999999999e+25,4.700000000000003e+25,4.6520000000002285e+27,4.5410000000002286e+27,1.0499999999999988e+26,5.999999999999999e+24,2.344919839470176e+26,0.0
6226.527777777777,332.005342301203,4.7379999999999467e+27,1.686999999999971e+27,2.980999999999976e+27,2.199999999999999e+25,4.800000000000003e+25,4.66900000000023e+27,4.55700000000023e+27,1.029999999999999e+26,8.999999999999997e+24,2.3579079857406466e+26,0.0
6230.444444444444,333.0015912815527,4.736999999999954e+27,1.6359999999999735e+27,3.03799999999998e+27,1.4999999999999996e+25,4.800000000000003e+25,4.79900000000024e+27,4.68700000000024e+27,1.0399999999999989e+26,7.999999999999998e+24,2.370441637250394e+26,0.0
6234.361111111111,334.00058019386597,4.8479999999999565e+27,1.6949999999999718e+27,3.087999999999984e+27,1.6999999999999995e+25,4.800000000000003e+25,4.7970000000002394e+27,4.6810000000002396e+27,1.0799999999999986e+26,7.999999999999998e+24,2.3826631589007018e+26,0.0
6238.277777777777,335.00222966753904,4.8049999999999547e+27,1.678999999999973e+27,3.057999999999982e+27,1.9999999999999993e+25,4.800000000000003e+25,4.966000000000252e+27,4.838000000000252e+27,1.159999999999998e+26,1.1999999999999996e+25,2.3944877167902842e+26,0.0
6242.194444444444,336.0064499557093,4.922999999999965e+27,1.673999999999974e+27,3.1799999999999914e+27,1.9999999999999993e+25,4.9000000000000035e+25,4.966000000000251e+27,4.8210000000002507e+27,1.3899999999999965e+26,5.999999999999999e+24,2.4059553189063967e+26,0.0
6246.083333333333,337.0060040181577,4.968999999999971e+27,1.6529999999999737e+27,3.2469999999999967e+27,1.9999999999999993e+25,4.9000000000000035e+25,5.103000000000262e+27,4.959000000000262e+27,1.3899999999999965e+26,4.999999999999999e+24,2.416979361649471e+26,0.0
6249.944444444444,338.00075743895786,5.173999999999987e+27,1.6399999999999738e+27,3.456000000000013e+27,2.9999999999999988e+25,4.800000000000003e+25,5.066000000000262e+27,4.961000000000262e+27,1.019999999999999e+26,3e+24,2.4275189746193837e+26,0.0
6253.833333333333,339.0049295110018,5.101999999999983e+27,1.666999999999975e+27,3.3730000000000067e+27,1.2999999999999997e+25,4.9000000000000035e+25,5.041000000000259e+27,4.928000000000259e+27,1.0799999999999986e+26,4.999999999999999e+24,2.437733798119197e+26,0.0
6257.694444444444,340.0040845079129,5.341000000000003e+27,1.6469999999999746e+27,3.6260000000000266e+27,1.8999999999999994e+25,4.9000000000000035e+25,5.297000000000277e+27,5.155000000000277e+27,1.3699999999999966e+26,4.999999999999999e+24,2.4475015999547156e+26,0.0
6261.555555555556,341.00530085451896,5.282000000000001e+27,1.6299999999999766e+27,3.5850000000000234e+27,1.7999999999999994e+25,4.9000000000000035e+25,5.360000000000281e+27,5.211000000000281e+27,1.4299999999999962e+26,5.999999999999999e+24,2.4568149173349358e+26,0.0
6265.388888888889,342.00125479776784,5.447000000000009e+27,1.6639999999999752e+27,3.709000000000033e+27,2.499999999999999e+25,4.9000000000000035e+25,5.547000000000295e+27,5.393000000000296e+27,1.459999999999996e+26,7.999999999999998e+24,2.465678745884199e+26,0.0
6269.25,343.0062921021113,5.525000000000016e+27,1.6729999999999761e+27,3.783000000000039e+27,1.9999999999999993e+25,4.9000000000000035e+25,5.512000000000294e+27,5.374000000000294e+27,1.3299999999999969e+26,4.999999999999999e+24,2.4741568706434833e+26,0.0
6273.083333333333,344.0058514456232,5.644000000000019e+27,1.7029999999999744e+27,3.8650000000000455e+27,2.599999999999999e+25,5.000000000000004e+25,5.552000000000295e+27,5.379000000000295e+27,1.699999999999997e+26,3e+24,2.4821204077949687e+26,0.0
6276.916666666667,345.0070650216883,5.69200000000003e+27,1.6689999999999767e+27,3.9560000000000527e+27,1.7999999999999994e+25,4.9000000000000035e+25,5.666000000000305e+27,5.509000000000305e+27,1.5199999999999956e+26,4.999999999999999e+24,2.4896691697591375e+26,0.0
6280.722222222223,346.00256080624604,5.758000000000033e+27,1.6769999999999762e+27,4.009000000000057e+27,2.2999999999999994e+25,4.9000000000000035e+25,5.753000000000312e+27,5.608000000000313e+27,1.3799999999999965e+26,6.999999999999998e+24,2.4967075509872685e+26,0.0
6284.555555555556,347.00677688121937,5.877000000000045e+27,1.6499999999999774e+27,4.1540000000000683e+27,2.2999999999999994e+25,5.000000000000004e+25,5.812000000000316e+27,5.653000000000316e+27,1.5699999999999957e+26,2e+24,2.5033178622914607e+26,0.0
6288.361111111111,348.0050577230993,6.008000000000054e+27,1.6659999999999767e+27,4.267000000000077e+27,2.599999999999999e+25,4.9000000000000035e+25,5.789000000000312e+27,5.593000000000312e+27,1.8499999999999986e+26,1.0999999999999996e+25,2.5094440195505296e+26,0.0
6292.166666666667,349.00457873567643,6.127000000000059e+27,1.709999999999976e+27,4.3460000000000834e+27,2.099999999999999e+25,5.000000000000004e+25,5.967000000000327e+27,5.792000000000327e+27,1.679999999999997e+26,6.999999999999998e+24,2.5150997167069177e+26,0.0
6295.972222222223,350.0052384832645,6.118000000000065e+27,1.6719999999999785e+27,4.3750000000000857e+27,2.199999999999999e+25,4.9000000000000035e+25,6.211000000000346e+27,6.029000000000346e+27,1.789999999999998e+26,3e+24,2.5202881464759824e+26,0.0
6299.777777777777,351.00693650245375,6.311000000000074e+27,1.7099999999999766e+27,4.5250000000000976e+27,2.599999999999999e+25,5.000000000000004e+25,6.205000000000343e+27,6.010000000000344e+27,1.879999999999999e+26,6.999999999999998e+24,2.5249788792287766e+26,0.0
6303.555555555556,352.0022498038509,6.24600000000007e+27,1.7069999999999777e+27,4.467000000000093e+27,2.199999999999999e+25,5.000000000000004e+25,6.13800000000034e+27,5.95900000000034e+27,1.7399999999999974e+26,4.999999999999999e+24,2.5291723507827996e+26,0.0
6307.361111111111,353.0057124992486,6.367000000000085e+27,1.6709999999999793e+27,4.617000000000105e+27,2.9999999999999988e+25,4.9000000000000035e+25,6.320000000000352e+27,6.104000000000352e+27,2.1200000000000013e+26,4e+24,2.5328877485009938e+26,0.0
6311.138888888889,354.0025757545966,6.299000000000078e+27,1.655999999999978e+27,4.5650000000001007e+27,2.799999999999999e+25,5.000000000000004e+25,6.294000000000351e+27,6.096000000000351e+27,1.9499999999999996e+26,3e+24,2.53611597003687e+26,0.0
6314.916666666667,355.0000575175104,6.453000000000086e+27,1.701999999999977e+27,4.6760000000001095e+27,2.499999999999999e+25,5.000000000000004e+25,6.419000000000361e+27,6.239000000000363e+27,1.7299999999999973e+26,6.999999999999998e+24,2.538858814830669e+26,0.0
6318.722222222223,356.0053953316685,6.412000000000089e+27,1.65799999999998e+27,4.6790000000001097e+27,2.499999999999999e+25,5.000000000000004e+25,6.474000000000366e+27,6.274000000000365e+27,1.98e+26,2e+24,2.541100713111539e+26,0.0
6322.5,357.00381109314503,6.518000000000093e+27,1.7039999999999794e+27,4.735000000000114e+27,2.8999999999999986e+25,5.000000000000004e+25,6.543000000000371e+27,6.33700000000037e+27,2.0200000000000003e+26,4e+24,2.5428374968156374e+26,0.0
6326.277777777777,358.0025373158626,6.598000000000095e+27,1.736999999999978e+27,4.786000000000118e+27,2.499999999999999e+25,5.000000000000004e+25,6.51100000000037e+27,6.32800000000037e+27,1.789999999999998e+26,4e+24,2.5440958895481585e+26,0.0
6330.055555555556,359.0014700242932,6.511000000000093e+27,1.6889999999999785e+27,4.748000000000115e+27,2.399999999999999e+25,5.000000000000004e+25,6.63800000000038e+27,6.45700000000038e+27,1.7699999999999978e+26,4e+24,2.5448445006043887e+26,0.0
