TAA_Bin,Band_Index,EffCos_Lo,EffCos_Hi,Gen_PSD_Dawn,Gen_TD_Dawn,Gen_PSD_Dusk,Gen_TD_Dusk,Stock_Dawn,Stock_Dusk,Step_Count
0,0,0.0000,0.0500,0.0000e+00,3.0000e+26,0.0000e+00,1.1000e+26,4.9327e+32,3.1470e+32,136
0,1,0.0500,0.1000,0.0000e+00,1.4700e+27,0.0000e+00,7.5000e+26,1.9318e+32,1.2666e+32,136
0,2,0.1000,0.2000,0.0000e+00,1.2390e+28,0.0000e+00,7.2500e+27,3.3767e+32,2.0165e+32,136
0,3,0.2000,0.3500,0.0000e+00,4.0230e+28,0.0000e+00,2.5710e+28,2.1812e+32,1.2521e+32,136
0,4,0.3500,0.5500,0.0000e+00,7.9090e+28,0.0000e+00,5.8520e+28,6.9923e+31,4.4044e+31,136
0,5,0.5500,1.0100,0.0000e+00,2.6566e+29,0.0000e+00,2.4502e+29,1.7360e+31,1.5148e+31,136
1,0,0.0000,0.0500,0.0000e+00,2.8000e+26,0.0000e+00,1.5000e+26,4.9351e+32,3.1483e+32,136
1,1,0.0500,0.1000,0.0000e+00,1.4200e+27,0.0000e+00,7.2000e+26,1.9329e+32,1.2675e+32,136
1,2,0.1000,0.2000,0.0000e+00,1.1310e+28,0.0000e+00,6.3100e+27,3.3785e+32,2.0185e+32,136
1,3,0.2000,0.3500,0.0000e+00,3.4600e+28,0.0000e+00,2.4850e+28,2.1801e+32,1.2534e+32,136
1,4,0.3500,0.5500,0.0000e+00,6.9170e+28,0.0000e+00,5.6690e+28,6.9903e+31,4.4196e+31,136
1,5,0.5500,1.0100,0.0000e+00,2.5221e+29,0.0000e+00,2.3434e+29,1.7656e+31,1.5379e+31,136
2,0,0.0000,0.0500,0.0000e+00,2.7000e+26,0.0000e+00,1.7000e+26,4.9369e+32,3.1496e+32,136
2,1,0.0500,0.1000,0.0000e+00,1.2000e+27,0.0000e+00,6.3000e+26,1.9340e+32,1.2684e+32,136
2,2,0.1000,0.2000,0.0000e+00,1.0050e+28,0.0000e+00,6.1200e+27,3.3803e+32,2.0203e+32,136
2,3,0.2000,0.3500,0.0000e+00,3.2240e+28,0.0000e+00,2.2990e+28,2.1791e+32,1.2547e+32,136
2,4,0.3500,0.5500,0.0000e+00,6.7240e+28,0.0000e+00,5.3580e+28,6.9905e+31,4.4375e+31,136
2,5,0.5500,1.0100,0.0000e+00,2.5285e+29,0.0000e+00,2.3706e+29,1.7967e+31,1.5613e+31,136
3,0,0.0000,0.0500,0.0000e+00,1.9000e+26,0.0000e+00,1.7000e+26,4.9752e+32,3.1740e+32,137
3,1,0.0500,0.1000,0.0000e+00,1.1800e+27,0.0000e+00,5.4000e+26,1.9493e+32,1.2783e+32,137
3,2,0.1000,0.2000,0.0000e+00,9.4500e+27,0.0000e+00,6.0200e+27,3.4066e+32,2.0367e+32,137
3,3,0.2000,0.3500,0.0000e+00,3.1040e+28,0.0000e+00,2.1290e+28,2.1953e+32,1.2649e+32,137
3,4,0.3500,0.5500,0.0000e+00,6.2740e+28,0.0000e+00,5.2550e+28,7.0446e+31,4.4843e+31,137
3,5,0.5500,1.0100,0.0000e+00,2.4078e+29,0.0000e+00,2.3551e+29,1.8373e+31,1.5994e+31,137
4,0,0.0000,0.0500,0.0000e+00,1.8000e+26,0.0000e+00,2.0000e+26,4.9408e+32,3.1520e+32,136
4,1,0.0500,0.1000,0.0000e+00,1.2700e+27,0.0000e+00,5.4000e+26,1.9360e+32,1.2694e+32,136
4,2,0.1000,0.2000,0.0000e+00,8.8900e+27,0.0000e+00,5.6900e+27,3.3829e+32,2.0232e+32,136
4,3,0.2000,0.3500,0.0000e+00,2.8850e+28,0.0000e+00,2.1390e+28,2.1953e+32,1.2562e+32,136
4,4,0.3500,0.5500,0.0000e+00,6.0080e+28,0.0000e+00,5.2510e+28,6.8311e+31,4.4738e+31,136
4,5,0.5500,1.0100,0.0000e+00,2.3264e+29,0.0000e+00,2.3216e+29,1.8416e+31,1.6148e+31,136
5,0,0.0000,0.0500,0.0000e+00,2.0000e+26,0.0000e+00,1.4000e+26,4.9426e+32,3.1533e+32,136
5,1,0.0500,0.1000,0.0000e+00,1.2000e+27,0.0000e+00,4.9000e+26,2.0380e+32,1.2701e+32,136
5,2,0.1000,0.2000,0.0000e+00,8.3400e+27,0.0000e+00,5.9800e+27,3.2998e+32,2.0250e+32,136
5,3,0.2000,0.3500,0.0000e+00,2.8190e+28,0.0000e+00,2.1230e+28,2.1910e+32,1.2570e+32,136
5,4,0.3500,0.5500,0.0000e+00,5.8550e+28,0.0000e+00,5.0580e+28,6.7119e+31,4.5091e+31,136
5,5,0.5500,1.0100,0.0000e+00,2.2287e+29,0.0000e+00,2.2754e+29,1.8513e+31,1.6401e+31,136
6,0,0.0000,0.0500,0.0000e+00,2.4000e+26,0.0000e+00,9.0000e+25,4.9810e+32,3.1776e+32,137
6,1,0.0500,0.1000,0.0000e+00,1.1300e+27,0.0000e+00,6.2000e+26,2.0650e+32,1.2404e+32,137
6,2,0.1000,0.2000,0.0000e+00,8.6600e+27,0.0000e+00,5.6200e+27,3.3745e+32,2.0809e+32,137
6,3,0.2000,0.3500,0.0000e+00,2.7550e+28,0.0000e+00,2.0020e+28,2.1463e+32,1.2669e+32,137
6,4,0.3500,0.5500,0.0000e+00,5.6450e+28,0.0000e+00,5.0170e+28,6.7761e+31,4.5613e+31,137
6,5,0.5500,1.0100,0.0000e+00,2.2996e+29,0.0000e+00,2.2079e+29,1.8888e+31,1.6765e+31,137
7,0,0.0000,0.0500,0.0000e+00,1.8000e+26,0.0000e+00,1.5000e+26,4.9465e+32,3.1555e+32,136
7,1,0.0500,0.1000,0.0000e+00,1.0000e+27,0.0000e+00,4.6000e+26,2.0510e+32,1.2172e+32,136
7,2,0.1000,0.2000,0.0000e+00,9.0200e+27,0.0000e+00,5.2700e+27,3.3512e+32,2.0815e+32,136
7,3,0.2000,0.3500,0.0000e+00,2.5260e+28,0.0000e+00,1.8260e+28,2.1295e+32,1.2582e+32,136
7,4,0.3500,0.5500,0.0000e+00,5.3300e+28,0.0000e+00,4.8350e+28,6.7327e+31,4.5495e+31,136
7,5,0.5500,1.0100,0.0000e+00,2.3056e+29,0.0000e+00,2.2208e+29,1.9054e+31,1.6807e+31,136
8,0,0.0000,0.0500,0.0000e+00,2.2000e+26,0.0000e+00,2.2000e+26,4.9845e+32,3.1685e+32,137
8,1,0.0500,0.1000,0.0000e+00,9.7000e+26,0.0000e+00,7.4000e+26,2.0672e+32,1.2380e+32,137
8,2,0.1000,0.2000,0.0000e+00,8.0500e+27,0.0000e+00,5.3400e+27,3.3768e+32,2.0983e+32,137
8,3,0.2000,0.3500,0.0000e+00,2.5530e+28,0.0000e+00,1.9620e+28,2.1444e+32,1.2681e+32,137
8,4,0.3500,0.5500,0.0000e+00,5.0450e+28,0.0000e+00,4.8290e+28,6.7837e+31,4.6093e+31,137
8,5,0.5500,1.0100,0.0000e+00,2.2664e+29,0.0000e+00,2.2731e+29,1.9412e+31,1.7165e+31,137
9,0,0.0000,0.0500,0.0000e+00,1.6000e+26,0.0000e+00,2.0000e+26,4.9864e+32,3.1182e+32,137
9,1,0.0500,0.1000,0.0000e+00,9.7000e+26,0.0000e+00,6.4000e+26,2.0684e+32,1.2902e+32,137
9,2,0.1000,0.2000,0.0000e+00,8.3400e+27,0.0000e+00,5.6900e+27,3.4058e+32,2.0999e+32,137
9,3,0.2000,0.3500,0.0000e+00,2.4760e+28,0.0000e+00,1.8640e+28,2.1173e+32,1.2686e+32,137
9,4,0.3500,0.5500,0.0000e+00,5.1610e+28,0.0000e+00,4.7090e+28,6.7970e+31,4.6314e+31,137
9,5,0.5500,1.0100,0.0000e+00,2.2322e+29,0.0000e+00,2.1830e+29,1.9557e+31,1.7365e+31,137
10,0,0.0000,0.0500,0.0000e+00,2.0000e+26,0.0000e+00,1.3000e+26,4.9879e+32,3.0984e+32,137
10,1,0.0500,0.1000,0.0000e+00,1.0300e+27,0.0000e+00,6.1000e+26,2.0696e+32,1.3118e+32,137
10,2,0.1000,0.2000,0.0000e+00,7.8600e+27,0.0000e+00,5.1800e+27,3.4577e+32,2.1012e+32,137
10,3,0.2000,0.3500,0.0000e+00,2.3530e+28,0.0000e+00,1.8430e+28,2.0671e+32,1.2691e+32,137
10,4,0.3500,0.5500,0.0000e+00,5.0760e+28,0.0000e+00,4.5040e+28,6.8156e+31,4.6498e+31,137
10,5,0.5500,1.0100,0.0000e+00,2.2177e+29,0.0000e+00,2.2255e+29,1.9785e+31,1.7534e+31,137
11,0,0.0000,0.0500,0.0000e+00,1.6000e+26,0.0000e+00,1.5000e+26,4.9895e+32,3.0621e+32,137
11,1,0.0500,0.1000,0.0000e+00,1.0800e+27,0.0000e+00,5.2000e+26,2.0705e+32,1.3497e+32,137
11,2,0.1000,0.2000,0.0000e+00,7.6000e+27,0.0000e+00,5.1900e+27,3.4590e+32,2.1027e+32,137
11,3,0.2000,0.3500,0.0000e+00,2.1980e+28,0.0000e+00,1.8630e+28,2.0665e+32,1.2701e+32,137
11,4,0.3500,0.5500,0.0000e+00,4.9730e+28,0.0000e+00,4.5780e+28,6.8367e+31,4.6762e+31,137
11,5,0.5500,1.0100,0.0000e+00,2.2278e+29,0.0000e+00,2.2612e+29,2.0010e+31,1.7792e+31,137
12,0,0.0000,0.0500,0.0000e+00,1.9000e+26,0.0000e+00,1.7000e+26,4.9910e+32,3.0572e+32,137
12,1,0.0500,0.1000,0.0000e+00,8.2000e+26,0.0000e+00,4.9000e+26,2.0715e+32,1.3564e+32,137
12,2,0.1000,0.2000,0.0000e+00,7.4000e+27,0.0000e+00,5.0500e+27,3.4602e+32,2.1042e+32,137
12,3,0.2000,0.3500,0.0000e+00,2.0590e+28,0.0000e+00,1.7980e+28,2.0659e+32,1.2711e+32,137
12,4,0.3500,0.5500,0.0000e+00,4.8750e+28,0.0000e+00,4.6630e+28,6.8515e+31,4.7012e+31,137
12,5,0.5500,1.0100,0.0000e+00,2.1846e+29,0.0000e+00,2.1639e+29,2.0201e+31,1.8005e+31,137
13,0,0.0000,0.0500,0.0000e+00,1.4000e+26,0.0000e+00,1.4000e+26,4.9926e+32,3.0563e+32,137
13,1,0.0500,0.1000,0.0000e+00,8.7000e+26,0.0000e+00,4.1000e+26,2.0727e+32,1.3591e+32,137
13,2,0.1000,0.2000,0.0000e+00,7.2300e+27,0.0000e+00,4.8900e+27,3.4618e+32,2.1057e+32,137
13,3,0.2000,0.3500,0.0000e+00,2.0500e+28,0.0000e+00,1.6390e+28,2.0656e+32,1.2717e+32,137
13,4,0.3500,0.5500,0.0000e+00,4.7630e+28,0.0000e+00,4.3480e+28,6.8691e+31,4.7294e+31,137
13,5,0.5500,1.0100,0.0000e+00,2.1060e+29,0.0000e+00,2.1135e+29,2.0416e+31,1.8265e+31,137
14,0,0.0000,0.0500,0.0000e+00,1.9000e+26,0.0000e+00,1.0000e+26,5.0303e+32,3.0365e+32,138
14,1,0.0500,0.1000,0.0000e+00,7.5000e+26,0.0000e+00,5.5000e+26,2.0890e+32,1.4128e+32,138
14,2,0.1000,0.2000,0.0000e+00,6.9300e+27,0.0000e+00,4.8300e+27,3.4879e+32,2.1227e+32,138
14,3,0.2000,0.3500,0.0000e+00,2.0440e+28,0.0000e+00,1.7460e+28,2.0807e+32,1.2812e+32,138
14,4,0.3500,0.5500,0.0000e+00,4.6690e+28,0.0000e+00,4.2010e+28,6.9383e+31,4.7785e+31,138
14,5,0.5500,1.0100,0.0000e+00,2.1208e+29,0.0000e+00,2.1411e+29,2.0800e+31,1.8640e+31,138
15,0,0.0000,0.0500,0.0000e+00,1.4000e+26,0.0000e+00,1.5000e+26,5.0318e+32,3.0372e+32,138
15,1,0.0500,0.1000,0.0000e+00,6.8000e+26,0.0000e+00,5.0000e+26,2.0900e+32,1.4138e+32,138
15,2,0.1000,0.2000,0.0000e+00,6.5500e+27,0.0000e+00,4.5700e+27,3.4885e+32,2.0952e+32,138
15,3,0.2000,0.3500,0.0000e+00,2.0100e+28,0.0000e+00,1.5860e+28,2.0816e+32,1.3107e+32,138
15,4,0.3500,0.5500,0.0000e+00,4.7780e+28,0.0000e+00,4.6060e+28,6.9553e+31,4.8024e+31,138
15,5,0.5500,1.0100,0.0000e+00,2.1305e+29,0.0000e+00,2.1714e+29,2.1004e+31,1.8895e+31,138
16,0,0.0000,0.0500,0.0000e+00,1.4000e+26,0.0000e+00,7.0000e+25,5.0335e+32,3.0379e+32,138
16,1,0.0500,0.1000,0.0000e+00,8.7000e+26,0.0000e+00,5.0000e+26,2.0909e+32,1.4146e+32,138
16,2,0.1000,0.2000,0.0000e+00,6.5600e+27,0.0000e+00,4.4400e+27,3.4894e+32,2.0926e+32,138
16,3,0.2000,0.3500,0.0000e+00,1.8580e+28,0.0000e+00,1.6170e+28,2.0824e+32,1.3157e+32,138
16,4,0.3500,0.5500,0.0000e+00,4.5420e+28,0.0000e+00,4.3860e+28,6.9757e+31,4.8264e+31,138
16,5,0.5500,1.0100,0.0000e+00,2.1929e+29,0.0000e+00,2.0595e+29,2.1330e+31,1.9134e+31,138
17,0,0.0000,0.0500,0.0000e+00,2.2000e+26,0.0000e+00,1.4000e+26,5.0348e+32,3.0387e+32,138
17,1,0.0500,0.1000,0.0000e+00,7.2000e+26,0.0000e+00,5.4000e+26,2.0919e+32,1.4153e+32,138
17,2,0.1000,0.2000,0.0000e+00,6.4300e+27,0.0000e+00,4.2000e+27,3.4908e+32,2.0941e+32,138
17,3,0.2000,0.3500,0.0000e+00,1.9080e+28,0.0000e+00,1.7050e+28,2.0828e+32,1.3168e+32,138
17,4,0.3500,0.5500,0.0000e+00,4.5510e+28,0.0000e+00,4.4360e+28,6.9989e+31,4.8551e+31,138
17,5,0.5500,1.0100,0.0000e+00,2.0702e+29,0.0000e+00,2.0806e+29,2.1511e+31,1.9299e+31,138
18,0,0.0000,0.0500,0.0000e+00,1.3000e+26,0.0000e+00,1.1000e+26,5.0728e+32,3.0617e+32,139
18,1,0.0500,0.1000,0.0000e+00,6.4000e+26,0.0000e+00,4.6000e+26,2.1080e+32,1.4263e+32,139
18,2,0.1000,0.2000,0.0000e+00,5.6700e+27,0.0000e+00,4.2300e+27,3.5176e+32,2.1104e+32,139
18,3,0.2000,0.3500,0.0000e+00,1.9400e+28,0.0000e+00,1.5580e+28,2.0987e+32,1.3278e+32,139
18,4,0.3500,0.5500,0.0000e+00,4.4190e+28,0.0000e+00,4.3220e+28,7.0644e+31,4.9231e+31,139
18,5,0.5500,1.0100,0.0000e+00,2.1046e+29,0.0000e+00,2.0697e+29,2.1897e+31,1.9663e+31,139
19,0,0.0000,0.0500,0.0000e+00,1.3000e+26,0.0000e+00,1.3000e+26,5.0741e+32,3.0208e+32,139
19,1,0.0500,0.1000,0.0000e+00,6.8000e+26,0.0000e+00,4.4000e+26,2.1087e+32,1.4689e+32,139
19,2,0.1000,0.2000,0.0000e+00,5.7900e+27,0.0000e+00,4.4700e+27,3.5189e+32,2.1115e+32,139
19,3,0.2000,0.3500,0.0000e+00,1.7210e+28,0.0000e+00,1.6040e+28,2.0995e+32,1.3296e+32,139
19,4,0.3500,0.5500,0.0000e+00,4.1880e+28,0.0000e+00,4.3520e+28,7.0794e+31,4.9477e+31,139
19,5,0.5500,1.0100,0.0000e+00,2.0253e+29,0.0000e+00,1.9378e+29,2.2072e+31,1.9802e+31,139
20,0,0.0000,0.0500,0.0000e+00,8.0000e+25,0.0000e+00,1.3000e+26,5.0756e+32,3.0154e+32,139
20,1,0.0500,0.1000,0.0000e+00,6.4000e+26,0.0000e+00,4.3000e+26,2.1096e+32,1.4758e+32,139
20,2,0.1000,0.2000,0.0000e+00,5.7900e+27,0.0000e+00,4.0400e+27,3.5199e+32,2.1130e+32,139
20,3,0.2000,0.3500,0.0000e+00,1.6720e+28,0.0000e+00,1.4990e+28,2.0990e+32,1.3313e+32,139
20,4,0.3500,0.5500,0.0000e+00,3.9890e+28,0.0000e+00,4.0380e+28,7.0933e+31,4.9668e+31,139
20,5,0.5500,1.0100,0.0000e+00,2.0031e+29,0.0000e+00,1.9915e+29,2.2186e+31,1.9956e+31,139
21,0,0.0000,0.0500,0.0000e+00,7.0000e+25,0.0000e+00,1.2000e+26,5.0772e+32,3.0160e+32,139
21,1,0.0500,0.1000,0.0000e+00,6.3000e+26,0.0000e+00,4.0000e+26,2.1107e+32,1.4766e+32,139
21,2,0.1000,0.2000,0.0000e+00,5.8900e+27,0.0000e+00,3.8400e+27,3.5208e+32,2.1145e+32,139
21,3,0.2000,0.3500,0.0000e+00,1.6630e+28,0.0000e+00,1.3870e+28,2.0992e+32,1.3324e+32,139
21,4,0.3500,0.5500,0.0000e+00,4.0970e+28,0.0000e+00,4.0990e+28,7.1125e+31,4.9864e+31,139
21,5,0.5500,1.0100,0.0000e+00,2.0593e+29,0.0000e+00,1.9640e+29,2.2391e+31,2.0165e+31,139
22,0,0.0000,0.0500,0.0000e+00,1.2000e+26,0.0000e+00,6.0000e+25,5.1150e+32,3.0385e+32,140
22,1,0.0500,0.1000,0.0000e+00,6.1000e+26,0.0000e+00,4.9000e+26,2.1270e+32,1.4882e+32,140
22,2,0.1000,0.2000,0.0000e+00,5.7400e+27,0.0000e+00,3.9300e+27,3.5474e+32,2.1308e+32,140
22,3,0.2000,0.3500,0.0000e+00,1.7680e+28,0.0000e+00,1.4370e+28,2.1156e+32,1.3431e+32,140
22,4,0.3500,0.5500,0.0000e+00,4.1090e+28,0.0000e+00,4.0400e+28,7.1818e+31,5.0447e+31,140
22,5,0.5500,1.0100,0.0000e+00,1.9625e+29,0.0000e+00,1.9491e+29,2.2763e+31,2.0541e+31,140
23,0,0.0000,0.0500,0.0000e+00,1.2000e+26,0.0000e+00,1.5000e+26,5.1164e+32,3.0395e+32,140
23,1,0.0500,0.1000,0.0000e+00,5.4000e+26,0.0000e+00,3.8000e+26,2.1281e+32,1.4892e+32,140
23,2,0.1000,0.2000,0.0000e+00,5.2100e+27,0.0000e+00,3.9200e+27,3.5492e+32,2.1321e+32,140
23,3,0.2000,0.3500,0.0000e+00,1.7130e+28,0.0000e+00,1.4660e+28,2.1168e+32,1.3452e+32,140
23,4,0.3500,0.5500,0.0000e+00,3.8180e+28,0.0000e+00,3.9440e+28,7.1972e+31,5.0687e+31,140
23,5,0.5500,1.0100,0.0000e+00,1.9694e+29,0.0000e+00,1.9356e+29,2.2956e+31,2.0746e+31,140
24,0,0.0000,0.0500,0.0000e+00,3.0000e+25,0.0000e+00,1.2000e+26,5.1177e+32,3.0403e+32,140
24,1,0.0500,0.1000,0.0000e+00,5.7000e+26,0.0000e+00,5.1000e+26,2.1292e+32,1.4903e+32,140
24,2,0.1000,0.2000,0.0000e+00,5.6500e+27,0.0000e+00,3.7600e+27,3.6209e+32,2.1334e+32,140
24,3,0.2000,0.3500,0.0000e+00,1.6490e+28,0.0000e+00,1.4140e+28,2.0482e+32,1.3476e+32,140
24,4,0.3500,0.5500,0.0000e+00,4.0820e+28,0.0000e+00,4.1690e+28,7.2222e+31,5.0943e+31,140
24,5,0.5500,1.0100,0.0000e+00,1.9677e+29,0.0000e+00,1.9995e+29,2.3185e+31,2.0993e+31,140
25,0,0.0000,0.0500,0.0000e+00,1.1000e+26,0.0000e+00,9.0000e+25,5.1558e+32,3.0631e+32,141
25,1,0.0500,0.1000,0.0000e+00,5.4000e+26,0.0000e+00,4.7000e+26,2.1455e+32,1.5019e+32,141
25,2,0.1000,0.2000,0.0000e+00,4.8800e+27,0.0000e+00,3.7800e+27,3.6510e+32,2.1501e+32,141
25,3,0.2000,0.3500,0.0000e+00,1.5230e+28,0.0000e+00,1.4600e+28,2.0613e+32,1.3595e+32,141
25,4,0.3500,0.5500,0.0000e+00,4.0190e+28,0.0000e+00,4.3000e+28,7.3021e+31,5.1702e+31,141
25,5,0.5500,1.0100,0.0000e+00,1.9570e+29,0.0000e+00,1.9759e+29,2.3545e+31,2.1430e+31,141
26,0,0.0000,0.0500,0.0000e+00,6.0000e+25,0.0000e+00,1.3000e+26,5.1574e+32,3.0639e+32,141
26,1,0.0500,0.1000,0.0000e+00,5.8000e+26,0.0000e+00,3.1000e+26,2.1465e+32,1.5030e+32,141
26,2,0.1000,0.2000,0.0000e+00,5.2600e+27,0.0000e+00,3.6400e+27,3.6327e+32,2.1516e+32,141
26,3,0.2000,0.3500,0.0000e+00,1.5900e+28,0.0000e+00,1.3310e+28,2.0830e+32,1.3612e+32,141
26,4,0.3500,0.5500,0.0000e+00,3.9480e+28,0.0000e+00,4.0560e+28,7.3285e+31,5.2025e+31,141
26,5,0.5500,1.0100,0.0000e+00,1.9016e+29,0.0000e+00,1.8242e+29,2.3799e+31,2.1576e+31,141
27,0,0.0000,0.0500,0.0000e+00,1.3000e+26,0.0000e+00,7.0000e+25,5.1958e+32,3.0866e+32,142
27,1,0.0500,0.1000,0.0000e+00,8.0000e+26,0.0000e+00,3.6000e+26,2.1629e+32,1.5145e+32,142
27,2,0.1000,0.2000,0.0000e+00,5.0500e+27,0.0000e+00,3.4400e+27,3.6058e+32,2.1688e+32,142
27,3,0.2000,0.3500,0.0000e+00,1.5460e+28,0.0000e+00,1.3020e+28,2.1536e+32,1.3728e+32,142
27,4,0.3500,0.5500,0.0000e+00,3.7260e+28,0.0000e+00,4.0460e+28,7.4011e+31,5.2682e+31,142
27,5,0.5500,1.0100,0.0000e+00,1.8131e+29,0.0000e+00,1.7671e+29,2.4192e+31,2.1938e+31,142
28,0,0.0000,0.0500,0.0000e+00,1.0000e+26,0.0000e+00,1.0000e+26,5.1974e+32,3.0874e+32,142
28,1,0.0500,0.1000,0.0000e+00,5.0000e+26,0.0000e+00,3.3000e+26,2.1638e+32,1.5155e+32,142
28,2,0.1000,0.2000,0.0000e+00,4.0900e+27,0.0000e+00,3.3600e+27,3.6076e+32,2.1704e+32,142
28,3,0.2000,0.3500,0.0000e+00,1.5100e+28,0.0000e+00,1.3410e+28,2.1549e+32,1.3757e+32,142
28,4,0.3500,0.5500,0.0000e+00,3.9270e+28,0.0000e+00,3.9070e+28,7.4201e+31,5.2998e+31,142
28,5,0.5500,1.0100,0.0000e+00,1.7920e+29,0.0000e+00,1.7312e+29,2.4395e+31,2.2127e+31,142
29,0,0.0000,0.0500,0.0000e+00,4.0000e+25,0.0000e+00,1.0000e+26,5.1991e+32,3.0881e+32,142
29,1,0.0500,0.1000,0.0000e+00,5.7000e+26,0.0000e+00,4.9000e+26,2.1648e+32,1.5167e+32,142
29,2,0.1000,0.2000,0.0000e+00,4.7300e+27,0.0000e+00,3.2100e+27,3.6092e+32,2.1727e+32,142
29,3,0.2000,0.3500,0.0000e+00,1.5180e+28,0.0000e+00,1.2460e+28,2.1568e+32,1.3785e+32,142
29,4,0.3500,0.5500,0.0000e+00,3.8240e+28,0.0000e+00,3.7200e+28,7.4411e+31,5.3325e+31,142
29,5,0.5500,1.0100,0.0000e+00,1.7317e+29,0.0000e+00,1.7366e+29,2.4627e+31,2.2294e+31,142
30,0,0.0000,0.0500,0.0000e+00,1.1000e+26,0.0000e+00,1.3000e+26,5.2373e+32,3.1109e+32,143
30,1,0.0500,0.1000,0.0000e+00,4.9000e+26,0.0000e+00,3.8000e+26,2.1813e+32,1.5284e+32,143
30,2,0.1000,0.2000,0.0000e+00,4.6700e+27,0.0000e+00,3.6100e+27,3.6365e+32,2.1901e+32,143
30,3,0.2000,0.3500,0.0000e+00,1.3710e+28,0.0000e+00,1.2760e+28,2.1733e+32,1.3904e+32,143
30,4,0.3500,0.5500,0.0000e+00,3.6580e+28,0.0000e+00,3.5760e+28,7.5132e+31,5.3965e+31,143
30,5,0.5500,1.0100,0.0000e+00,1.6867e+29,0.0000e+00,1.7524e+29,2.4958e+31,2.2609e+31,143
31,0,0.0000,0.0500,0.0000e+00,1.4000e+26,0.0000e+00,8.0000e+25,5.2390e+32,3.1539e+32,143
31,1,0.0500,0.1000,0.0000e+00,5.8000e+26,0.0000e+00,2.4000e+26,2.1822e+32,1.4873e+32,143
31,2,0.1000,0.2000,0.0000e+00,4.6000e+27,0.0000e+00,3.2500e+27,3.6387e+32,2.1921e+32,143
31,3,0.2000,0.3500,0.0000e+00,1.4150e+28,0.0000e+00,1.1920e+28,2.1748e+32,1.3927e+32,143
31,4,0.3500,0.5500,0.0000e+00,3.7480e+28,0.0000e+00,3.6550e+28,7.5388e+31,5.4245e+31,143
31,5,0.5500,1.0100,0.0000e+00,1.6026e+29,0.0000e+00,1.7097e+29,2.5104e+31,2.2792e+31,143
32,0,0.0000,0.0500,0.0000e+00,1.2000e+26,0.0000e+00,1.3000e+26,5.2773e+32,3.1856e+32,144
32,1,0.0500,0.1000,0.0000e+00,4.1000e+26,0.0000e+00,2.6000e+26,2.1987e+32,1.4899e+32,144
32,2,0.1000,0.2000,0.0000e+00,4.4300e+27,0.0000e+00,3.3200e+27,3.6661e+32,2.2098e+32,144
32,3,0.2000,0.3500,0.0000e+00,1.4680e+28,0.0000e+00,1.2420e+28,2.1916e+32,1.4049e+32,144
32,4,0.3500,0.5500,0.0000e+00,3.6150e+28,0.0000e+00,3.6310e+28,7.6156e+31,5.4916e+31,144
32,5,0.5500,1.0100,0.0000e+00,1.6153e+29,0.0000e+00,1.6553e+29,2.5415e+31,2.3125e+31,144
33,0,0.0000,0.0500,0.0000e+00,1.5000e+26,0.0000e+00,6.0000e+25,5.2789e+32,3.1869e+32,144
33,1,0.0500,0.1000,0.0000e+00,4.8000e+26,0.0000e+00,3.8000e+26,2.1996e+32,1.4910e+32,144
33,2,0.1000,0.2000,0.0000e+00,3.9100e+27,0.0000e+00,2.7700e+27,3.6684e+32,2.2119e+32,144
33,3,0.2000,0.3500,0.0000e+00,1.3660e+28,0.0000e+00,1.2140e+28,2.1939e+32,1.4073e+32,144
33,4,0.3500,0.5500,0.0000e+00,3.4800e+28,0.0000e+00,3.4960e+28,7.6299e+31,5.5181e+31,144
33,5,0.5500,1.0100,0.0000e+00,1.5476e+29,0.0000e+00,1.6003e+29,2.5497e+31,2.3238e+31,144
34,0,0.0000,0.0500,0.0000e+00,1.1000e+26,0.0000e+00,9.0000e+25,5.3173e+32,3.2102e+32,145
34,1,0.0500,0.1000,0.0000e+00,5.1000e+26,0.0000e+00,2.4000e+26,2.2159e+32,1.5022e+32,145
34,2,0.1000,0.2000,0.0000e+00,4.1100e+27,0.0000e+00,3.3600e+27,3.6957e+32,2.2513e+32,145
34,3,0.2000,0.3500,0.0000e+00,1.3340e+28,0.0000e+00,1.1140e+28,2.2113e+32,1.3978e+32,145
34,4,0.3500,0.5500,0.0000e+00,3.5020e+28,0.0000e+00,3.2940e+28,7.7038e+31,5.5824e+31,145
34,5,0.5500,1.0100,0.0000e+00,1.4643e+29,0.0000e+00,1.6240e+29,2.5753e+31,2.3591e+31,145
35,0,0.0000,0.0500,0.0000e+00,6.0000e+25,0.0000e+00,5.0000e+25,5.3190e+32,3.2465e+32,145
35,1,0.0500,0.1000,0.0000e+00,4.9000e+26,0.0000e+00,3.9000e+26,2.2171e+32,1.4680e+32,145
35,2,0.1000,0.2000,0.0000e+00,3.9400e+27,0.0000e+00,2.8600e+27,3.6978e+32,2.2683e+32,145
35,3,0.2000,0.3500,0.0000e+00,1.3200e+28,0.0000e+00,1.0980e+28,2.2134e+32,1.3860e+32,145
35,4,0.3500,0.5500,0.0000e+00,3.3810e+28,0.0000e+00,3.2770e+28,7.7189e+31,5.6097e+31,145
35,5,0.5500,1.0100,0.0000e+00,1.4680e+29,0.0000e+00,1.5936e+29,2.5885e+31,2.3743e+31,145
36,0,0.0000,0.0500,0.0000e+00,9.0000e+25,0.0000e+00,6.0000e+25,5.3574e+32,3.2836e+32,146
36,1,0.0500,0.1000,0.0000e+00,5.4000e+26,0.0000e+00,2.4000e+26,2.2334e+32,1.4654e+32,146
36,2,0.1000,0.2000,0.0000e+00,3.6100e+27,0.0000e+00,2.8300e+27,3.7250e+32,2.2861e+32,146
36,3,0.2000,0.3500,0.0000e+00,1.2360e+28,0.0000e+00,1.0950e+28,2.2303e+32,1.3978e+32,146
36,4,0.3500,0.5500,0.0000e+00,3.3330e+28,0.0000e+00,3.2170e+28,7.7954e+31,5.6720e+31,146
36,5,0.5500,1.0100,0.0000e+00,1.4695e+29,0.0000e+00,1.4843e+29,2.6218e+31,2.4051e+31,146
37,0,0.0000,0.0500,0.0000e+00,7.0000e+25,0.0000e+00,6.0000e+25,5.3589e+32,3.3188e+32,146
37,1,0.0500,0.1000,0.0000e+00,4.5000e+26,0.0000e+00,2.5000e+26,2.2345e+32,1.4322e+32,146
37,2,0.1000,0.2000,0.0000e+00,3.8100e+27,0.0000e+00,2.3500e+27,3.7266e+32,2.2882e+32,146
37,3,0.2000,0.3500,0.0000e+00,1.3380e+28,0.0000e+00,1.0070e+28,2.2324e+32,1.4002e+32,146
37,4,0.3500,0.5500,0.0000e+00,3.1690e+28,0.0000e+00,3.2240e+28,7.8167e+31,5.6991e+31,146
37,5,0.5500,1.0100,0.0000e+00,1.5098e+29,0.0000e+00,1.4652e+29,2.6422e+31,2.4148e+31,146
38,0,0.0000,0.0500,0.0000e+00,8.0000e+25,0.0000e+00,1.2000e+26,5.3972e+32,3.3902e+32,147
38,1,0.0500,0.1000,0.0000e+00,5.9000e+26,0.0000e+00,2.2000e+26,2.2507e+32,1.3954e+32,147
38,2,0.1000,0.2000,0.0000e+00,4.2500e+27,0.0000e+00,2.4600e+27,3.6929e+32,2.3062e+32,147
38,3,0.2000,0.3500,0.0000e+00,1.3690e+28,0.0000e+00,9.9400e+27,2.3117e+32,1.4126e+32,147
38,4,0.3500,0.5500,0.0000e+00,3.1880e+28,0.0000e+00,2.9860e+28,7.8929e+31,5.7678e+31,147
38,5,0.5500,1.0100,0.0000e+00,1.4667e+29,0.0000e+00,1.4005e+29,2.6853e+31,2.4512e+31,147
39,0,0.0000,0.0500,0.0000e+00,1.1000e+26,0.0000e+00,7.0000e+25,5.3989e+32,3.4510e+32,147
39,1,0.0500,0.1000,0.0000e+00,3.8000e+26,0.0000e+00,2.0000e+26,2.2517e+32,1.3365e+32,147
39,2,0.1000,0.2000,0.0000e+00,3.8500e+27,0.0000e+00,2.3200e+27,3.6699e+32,2.3084e+32,147
39,3,0.2000,0.3500,0.0000e+00,1.2260e+28,0.0000e+00,1.0100e+28,2.3395e+32,1.4154e+32,147
39,4,0.3500,0.5500,0.0000e+00,3.1470e+28,0.0000e+00,3.0500e+28,7.9130e+31,5.7977e+31,147
39,5,0.5500,1.0100,0.0000e+00,1.3384e+29,0.0000e+00,1.3651e+29,2.6950e+31,2.4637e+31,147
40,0,0.0000,0.0500,0.0000e+00,1.3000e+26,0.0000e+00,5.0000e+25,5.4372e+32,3.4758e+32,148
40,1,0.0500,0.1000,0.0000e+00,4.9000e+26,0.0000e+00,2.0000e+26,2.2681e+32,1.3814e+32,148
40,2,0.1000,0.2000,0.0000e+00,3.6100e+27,0.0000e+00,2.3200e+27,3.6728e+32,2.2915e+32,148
40,3,0.2000,0.3500,0.0000e+00,1.2590e+28,0.0000e+00,9.1500e+27,2.3817e+32,1.4280e+32,148
40,4,0.3500,0.5500,0.0000e+00,3.2270e+28,0.0000e+00,2.8700e+28,7.9907e+31,5.8671e+31,148
40,5,0.5500,1.0100,0.0000e+00,1.3551e+29,0.0000e+00,1.3137e+29,2.7289e+31,2.4905e+31,148
41,0,0.0000,0.0500,0.0000e+00,7.0000e+25,0.0000e+00,4.0000e+25,5.4760e+32,3.5005e+32,149
41,1,0.0500,0.1000,0.0000e+00,4.2000e+26,0.0000e+00,1.4000e+26,2.1738e+32,1.4177e+32,149
41,2,0.1000,0.2000,0.0000e+00,3.4300e+27,0.0000e+00,2.0900e+27,3.7484e+32,2.2829e+32,149
41,3,0.2000,0.3500,0.0000e+00,1.2050e+28,0.0000e+00,9.6300e+27,2.4434e+32,1.4403e+32,149
41,4,0.3500,0.5500,0.0000e+00,3.2330e+28,0.0000e+00,2.8820e+28,8.2509e+31,5.9331e+31,149
41,5,0.5500,1.0100,0.0000e+00,1.3010e+29,0.0000e+00,1.2507e+29,2.7691e+31,2.5260e+31,149
42,0,0.0000,0.0500,0.0000e+00,1.0000e+26,0.0000e+00,5.0000e+25,5.4777e+32,3.5017e+32,149
42,1,0.0500,0.1000,0.0000e+00,4.2000e+26,0.0000e+00,1.9000e+26,2.1596e+32,1.4183e+32,149
42,2,0.1000,0.2000,0.0000e+00,3.7800e+27,0.0000e+00,2.0500e+27,3.7656e+32,2.2851e+32,149
42,3,0.2000,0.3500,0.0000e+00,1.2170e+28,0.0000e+00,8.9600e+27,2.4284e+32,1.4433e+32,149
42,4,0.3500,0.5500,0.0000e+00,3.0350e+28,0.0000e+00,2.8750e+28,8.4412e+31,5.9640e+31,149
42,5,0.5500,1.0100,0.0000e+00,1.3274e+29,0.0000e+00,1.2523e+29,2.7859e+31,2.5412e+31,149
43,0,0.0000,0.0500,0.0000e+00,5.0000e+25,0.0000e+00,5.0000e+25,5.5162e+32,3.5263e+32,150
43,1,0.0500,0.1000,0.0000e+00,3.7000e+26,0.0000e+00,1.8000e+26,2.1751e+32,1.4284e+32,150
43,2,0.1000,0.2000,0.0000e+00,3.8600e+27,0.0000e+00,2.0000e+27,3.7928e+32,2.3022e+32,150
43,3,0.2000,0.3500,0.0000e+00,1.1800e+28,0.0000e+00,8.3900e+27,2.4473e+32,1.4559e+32,150
43,4,0.3500,0.5500,0.0000e+00,3.1720e+28,0.0000e+00,2.8290e+28,8.5285e+31,6.0323e+31,150
43,5,0.5500,1.0100,0.0000e+00,1.3317e+29,0.0000e+00,1.2330e+29,2.8171e+31,2.5793e+31,150
44,0,0.0000,0.0500,0.0000e+00,1.5000e+26,0.0000e+00,6.0000e+25,5.5181e+32,3.5396e+32,150
44,1,0.0500,0.1000,0.0000e+00,3.5000e+26,0.0000e+00,1.7000e+26,2.1759e+32,1.4193e+32,150
44,2,0.1000,0.2000,0.0000e+00,3.6400e+27,0.0000e+00,1.9400e+27,3.7949e+32,2.3049e+32,150
44,3,0.2000,0.3500,0.0000e+00,1.0970e+28,0.0000e+00,7.9800e+27,2.4492e+32,1.4559e+32,150
44,4,0.3500,0.5500,0.0000e+00,3.0490e+28,0.0000e+00,2.7670e+28,8.5534e+31,6.0649e+31,150
44,5,0.5500,1.0100,0.0000e+00,1.2586e+29,0.0000e+00,1.2629e+29,2.8297e+31,2.6000e+31,150
45,0,0.0000,0.0500,0.0000e+00,9.0000e+25,0.0000e+00,4.0000e+25,5.3762e+32,3.7460e+32,151
45,1,0.0500,0.1000,0.0000e+00,4.1000e+26,0.0000e+00,2.0000e+26,2.2148e+32,1.3911e+32,151
45,2,0.1000,0.2000,0.0000e+00,3.2200e+27,0.0000e+00,1.4600e+27,3.8981e+32,2.2272e+32,151
45,3,0.2000,0.3500,0.0000e+00,1.0920e+28,0.0000e+00,7.5900e+27,2.5483e+32,1.4200e+32,151
45,4,0.3500,0.5500,0.0000e+00,2.8610e+28,0.0000e+00,2.5730e+28,8.6287e+31,6.1414e+31,151
45,5,0.5500,1.0100,0.0000e+00,1.1958e+29,0.0000e+00,1.2049e+29,2.8645e+31,2.6379e+31,151
46,0,0.0000,0.0500,0.0000e+00,9.0000e+25,0.0000e+00,5.0000e+25,5.2879e+32,3.7832e+32,152
46,1,0.0500,0.1000,0.0000e+00,4.8000e+26,0.0000e+00,2.0000e+26,2.2618e+32,1.3987e+32,152
46,2,0.1000,0.2000,0.0000e+00,3.1100e+27,0.0000e+00,1.6900e+27,3.9829e+32,2.2417e+32,152
46,3,0.2000,0.3500,0.0000e+00,1.0170e+28,0.0000e+00,7.3500e+27,2.6033e+32,1.4255e+32,152
46,4,0.3500,0.5500,0.0000e+00,2.8010e+28,0.0000e+00,2.5870e+28,8.7026e+31,6.2090e+31,152
46,5,0.5500,1.0100,0.0000e+00,1.2029e+29,0.0000e+00,1.2317e+29,2.8955e+31,2.6762e+31,152
47,0,0.0000,0.0500,0.0000e+00,1.6000e+26,0.0000e+00,3.0000e+25,5.3242e+32,3.8094e+32,153
47,1,0.0500,0.1000,0.0000e+00,3.0000e+26,0.0000e+00,1.3000e+26,2.2775e+32,1.4085e+32,153
47,2,0.1000,0.2000,0.0000e+00,3.2100e+27,0.0000e+00,1.6600e+27,4.0107e+32,2.2583e+32,153
47,3,0.2000,0.3500,0.0000e+00,1.0810e+28,0.0000e+00,7.4700e+27,2.6218e+32,1.4377e+32,153
47,4,0.3500,0.5500,0.0000e+00,2.8310e+28,0.0000e+00,2.5870e+28,8.7810e+31,6.2824e+31,153
47,5,0.5500,1.0100,0.0000e+00,1.2287e+29,0.0000e+00,1.2204e+29,2.9312e+31,2.7230e+31,153
48,0,0.0000,0.0500,0.0000e+00,1.9000e+26,0.0000e+00,1.0000e+25,5.3261e+32,3.8106e+32,153
48,1,0.0500,0.1000,0.0000e+00,5.4000e+26,0.0000e+00,1.4000e+26,2.2551e+32,1.4434e+32,153
48,2,0.1000,0.2000,0.0000e+00,3.7400e+27,0.0000e+00,1.6500e+27,4.0358e+32,2.2417e+32,153
48,3,0.2000,0.3500,0.0000e+00,1.1590e+28,0.0000e+00,7.1200e+27,2.6237e+32,1.4401e+32,153
48,4,0.3500,0.5500,0.0000e+00,2.9020e+28,0.0000e+00,2.2600e+28,8.8058e+31,6.1548e+31,153
48,5,0.5500,1.0100,0.0000e+00,1.1720e+29,0.0000e+00,1.1534e+29,2.9505e+31,2.7500e+31,153
49,0,0.0000,0.0500,0.0000e+00,2.0000e+26,0.0000e+00,5.0000e+25,5.2973e+32,3.8368e+32,154
49,1,0.0500,0.1000,0.0000e+00,2.8000e+26,0.0000e+00,1.4000e+26,2.2208e+32,1.4783e+32,154
49,2,0.1000,0.2000,0.0000e+00,3.6000e+27,0.0000e+00,1.4700e+27,4.1797e+32,2.2675e+32,154
49,3,0.2000,0.3500,0.0000e+00,1.2300e+28,0.0000e+00,6.4700e+27,2.6431e+32,1.4216e+32,154
49,4,0.3500,0.5500,0.0000e+00,2.5650e+28,0.0000e+00,2.2860e+28,8.8758e+31,6.1865e+31,154
49,5,0.5500,1.0100,0.0000e+00,1.2138e+29,0.0000e+00,1.1720e+29,2.9924e+31,2.7922e+31,154
50,0,0.0000,0.0500,0.0000e+00,1.0000e+26,0.0000e+00,1.0000e+25,5.0611e+32,3.8630e+32,155
50,1,0.0500,0.1000,0.0000e+00,4.6000e+26,0.0000e+00,1.9000e+26,2.5085e+32,1.4886e+32,155
50,2,0.1000,0.2000,0.0000e+00,3.4500e+27,0.0000e+00,1.5700e+27,4.2089e+32,2.3156e+32,155
50,3,0.2000,0.3500,0.0000e+00,1.0870e+28,0.0000e+00,6.7500e+27,2.6621e+32,1.4019e+32,155
50,4,0.3500,0.5500,0.0000e+00,2.8630e+28,0.0000e+00,2.3420e+28,8.9550e+31,6.2692e+31,155
50,5,0.5500,1.0100,0.0000e+00,1.1780e+29,0.0000e+00,1.1361e+29,3.0362e+31,2.8304e+31,155
51,0,0.0000,0.0500,0.0000e+00,1.1000e+26,0.0000e+00,2.0000e+25,4.8858e+32,3.8642e+32,155
51,1,0.0500,0.1000,0.0000e+00,4.7000e+26,0.0000e+00,7.0000e+25,2.6863e+32,1.4893e+32,155
51,2,0.1000,0.2000,0.0000e+00,3.6100e+27,0.0000e+00,1.3000e+27,4.1392e+32,2.3178e+32,155
51,3,0.2000,0.3500,0.0000e+00,1.0360e+28,0.0000e+00,6.8900e+27,2.7344e+32,1.4048e+32,155
51,4,0.3500,0.5500,0.0000e+00,2.6020e+28,0.0000e+00,2.2880e+28,8.9757e+31,6.3108e+31,155
51,5,0.5500,1.0100,0.0000e+00,1.0976e+29,0.0000e+00,1.0863e+29,3.0512e+31,2.8524e+31,155
52,0,0.0000,0.0500,0.0000e+00,1.2000e+26,0.0000e+00,1.0000e+25,4.8234e+32,3.9150e+32,157
52,1,0.0500,0.1000,0.0000e+00,4.9000e+26,0.0000e+00,9.0000e+25,2.8487e+32,1.5242e+32,157
52,2,0.1000,0.2000,0.0000e+00,3.4700e+27,0.0000e+00,1.3000e+27,4.1705e+32,2.3809e+32,157
52,3,0.2000,0.3500,0.0000e+00,1.1450e+28,0.0000e+00,6.0700e+27,2.7955e+32,1.3801e+32,157
52,4,0.3500,0.5500,0.0000e+00,2.6690e+28,0.0000e+00,2.1770e+28,9.1102e+31,6.4264e+31,157
52,5,0.5500,1.0100,0.0000e+00,1.1225e+29,0.0000e+00,1.1048e+29,3.1091e+31,2.9093e+31,157
53,0,0.0000,0.0500,0.0000e+00,1.7000e+26,0.0000e+00,3.0000e+25,4.7016e+32,3.9159e+32,157
53,1,0.0500,0.1000,0.0000e+00,7.1000e+26,0.0000e+00,1.2000e+26,2.9730e+32,1.5660e+32,157
53,2,0.1000,0.2000,0.0000e+00,3.3700e+27,0.0000e+00,1.3500e+27,4.1729e+32,2.3907e+32,157
53,3,0.2000,0.3500,0.0000e+00,1.0860e+28,0.0000e+00,6.4700e+27,2.7636e+32,1.3343e+32,157
53,4,0.3500,0.5500,0.0000e+00,2.4950e+28,0.0000e+00,2.1600e+28,9.4004e+31,6.4640e+31,157
53,5,0.5500,1.0100,0.0000e+00,1.0718e+29,0.0000e+00,9.7660e+28,3.2012e+31,2.9308e+31,157
54,0,0.0000,0.0500,0.0000e+00,8.0000e+25,0.0000e+00,5.0000e+25,4.5174e+32,3.9417e+32,158
54,1,0.0500,0.1000,0.0000e+00,9.5000e+26,0.0000e+00,5.0000e+25,3.2088e+32,1.5767e+32,158
54,2,0.1000,0.2000,0.0000e+00,3.3000e+27,0.0000e+00,1.2800e+27,4.2011e+32,2.4701e+32,158
54,3,0.2000,0.3500,0.0000e+00,1.0720e+28,0.0000e+00,4.9200e+27,2.7416e+32,1.2829e+32,158
54,4,0.3500,0.5500,0.0000e+00,2.5350e+28,0.0000e+00,1.8460e+28,9.7422e+31,6.5352e+31,158
54,5,0.5500,1.0100,0.0000e+00,1.0608e+29,0.0000e+00,1.0117e+29,3.3858e+31,2.9700e+31,158
55,0,0.0000,0.0500,0.0000e+00,1.9000e+26,0.0000e+00,1.0000e+25,4.4197e+32,3.9426e+32,158
55,1,0.0500,0.1000,0.0000e+00,7.9000e+26,0.0000e+00,7.0000e+25,3.2215e+32,1.6018e+32,158
55,2,0.1000,0.2000,0.0000e+00,3.2400e+27,0.0000e+00,1.4000e+27,4.2901e+32,2.5240e+32,158
55,3,0.2000,0.3500,0.0000e+00,1.0330e+28,0.0000e+00,5.7100e+27,2.7421e+32,1.2261e+32,158
55,4,0.3500,0.5500,0.0000e+00,2.3370e+28,0.0000e+00,1.9950e+28,9.7172e+31,6.4641e+31,158
55,5,0.5500,1.0100,0.0000e+00,1.0826e+29,0.0000e+00,9.6990e+28,3.4725e+31,2.9294e+31,158
56,0,0.0000,0.0500,0.0000e+00,1.3000e+26,0.0000e+00,1.0000e+25,4.3532e+32,3.9933e+32,160
56,1,0.0500,0.1000,0.0000e+00,8.4000e+26,0.0000e+00,1.1000e+26,3.3218e+32,1.6514e+32,160
56,2,0.1000,0.2000,0.0000e+00,3.6800e+27,0.0000e+00,1.2400e+27,4.4090e+32,2.5417e+32,160
56,3,0.2000,0.3500,0.0000e+00,9.3900e+27,0.0000e+00,4.8400e+27,2.7803e+32,1.2336e+32,160
56,4,0.3500,0.5500,0.0000e+00,2.3780e+28,0.0000e+00,1.8050e+28,9.8384e+31,6.5571e+31,160
56,5,0.5500,1.0100,0.0000e+00,1.0792e+29,0.0000e+00,9.9300e+28,3.5583e+31,2.9928e+31,160
57,0,0.0000,0.0500,0.0000e+00,6.0000e+25,0.0000e+00,1.0000e+25,4.3220e+32,4.0490e+32,160
57,1,0.0500,0.1000,0.0000e+00,1.2400e+27,0.0000e+00,1.6000e+26,3.3553e+32,1.6238e+32,160
57,2,0.1000,0.2000,0.0000e+00,3.7400e+27,0.0000e+00,1.2100e+27,4.3081e+32,2.5174e+32,160
57,3,0.2000,0.3500,0.0000e+00,1.0090e+28,0.0000e+00,4.8400e+27,2.8839e+32,1.2501e+32,160
57,4,0.3500,0.5500,0.0000e+00,2.2760e+28,0.0000e+00,1.7550e+28,9.7669e+31,6.4382e+31,160
57,5,0.5500,1.0100,0.0000e+00,1.0521e+29,0.0000e+00,9.6090e+28,3.6651e+31,3.0276e+31,160
58,0,0.0000,0.0500,0.0000e+00,1.5000e+26,0.0000e+00,3.0000e+25,4.2461e+32,4.1468e+32,162
58,1,0.0500,0.1000,0.0000e+00,1.3700e+27,0.0000e+00,7.0000e+25,3.5297e+32,1.6309e+32,162
58,2,0.1000,0.2000,0.0000e+00,4.1300e+27,0.0000e+00,9.8000e+26,4.3635e+32,2.5182e+32,162
58,3,0.2000,0.3500,0.0000e+00,9.9800e+27,0.0000e+00,4.7300e+27,2.9214e+32,1.3065e+32,162
58,4,0.3500,0.5500,0.0000e+00,2.2550e+28,0.0000e+00,1.6370e+28,9.8300e+31,6.1572e+31,162
58,5,0.5500,1.0100,0.0000e+00,1.0716e+29,0.0000e+00,9.4930e+28,3.8106e+31,3.0955e+31,162
59,0,0.0000,0.0500,0.0000e+00,1.0000e+26,0.0000e+00,2.0000e+25,4.2147e+32,4.1477e+32,162
59,1,0.0500,0.1000,0.0000e+00,1.6900e+27,0.0000e+00,8.0000e+25,3.5634e+32,1.6845e+32,162
59,2,0.1000,0.2000,0.0000e+00,4.2000e+27,0.0000e+00,7.3000e+26,4.3654e+32,2.4668e+32,162
59,3,0.2000,0.3500,0.0000e+00,1.0540e+28,0.0000e+00,4.6100e+27,2.9227e+32,1.3266e+32,162
59,4,0.3500,0.5500,0.0000e+00,2.0160e+28,0.0000e+00,1.6220e+28,9.8339e+31,6.0078e+31,162
59,5,0.5500,1.0100,0.0000e+00,1.0298e+29,0.0000e+00,8.9920e+28,3.8564e+31,3.1247e+31,162
60,0,0.0000,0.0500,0.0000e+00,1.2000e+26,0.0000e+00,0.0000e+00,4.1591e+32,4.1741e+32,163
60,1,0.0500,0.1000,0.0000e+00,1.4200e+27,0.0000e+00,5.0000e+25,3.6692e+32,1.8054e+32,163
60,2,0.1000,0.2000,0.0000e+00,4.1300e+27,0.0000e+00,8.2000e+26,4.3008e+32,2.3892e+32,163
60,3,0.2000,0.3500,0.0000e+00,1.0730e+28,0.0000e+00,4.5600e+27,3.0301e+32,1.3216e+32,163
60,4,0.3500,0.5500,0.0000e+00,2.1150e+28,0.0000e+00,1.5890e+28,9.9382e+31,6.0825e+31,163
60,5,0.5500,1.0100,0.0000e+00,1.0416e+29,0.0000e+00,9.2310e+28,3.9298e+31,3.1661e+31,163
61,0,0.0000,0.0500,0.0000e+00,7.0000e+25,0.0000e+00,0.0000e+00,4.0903e+32,4.2006e+32,164
61,1,0.0500,0.1000,0.0000e+00,2.0100e+27,0.0000e+00,5.0000e+25,3.7056e+32,1.9201e+32,164
61,2,0.1000,0.2000,0.0000e+00,4.2800e+27,0.0000e+00,7.3000e+26,4.3978e+32,2.3738e+32,164
61,3,0.2000,0.3500,0.0000e+00,1.0820e+28,0.0000e+00,5.1200e+27,3.0427e+32,1.2920e+32,164
61,4,0.3500,0.5500,0.0000e+00,2.1840e+28,0.0000e+00,1.6360e+28,1.0131e+32,5.8972e+31,164
61,5,0.5500,1.0100,0.0000e+00,1.0631e+29,0.0000e+00,8.9310e+28,4.0828e+31,3.1567e+31,164
62,0,0.0000,0.0500,0.0000e+00,7.0000e+25,0.0000e+00,2.0000e+25,4.0216e+32,4.2270e+32,165
62,1,0.0500,0.1000,0.0000e+00,1.8200e+27,0.0000e+00,1.0000e+26,3.5962e+32,1.9327e+32,165
62,2,0.1000,0.2000,0.0000e+00,4.2400e+27,0.0000e+00,9.1000e+26,4.6166e+32,2.3940e+32,165
62,3,0.2000,0.3500,0.0000e+00,1.1280e+28,0.0000e+00,4.3100e+27,3.0622e+32,1.3199e+32,165
62,4,0.3500,0.5500,0.0000e+00,2.1540e+28,0.0000e+00,1.4370e+28,1.0523e+32,5.7497e+31,165
62,5,0.5500,1.0100,0.0000e+00,1.0164e+29,0.0000e+00,8.4900e+28,4.2023e+31,3.2058e+31,165
63,0,0.0000,0.0500,0.0000e+00,2.0000e+25,0.0000e+00,1.0000e+25,3.8194e+32,4.3475e+32,166
63,1,0.0500,0.1000,0.0000e+00,2.1800e+27,0.0000e+00,5.0000e+25,3.8466e+32,1.8514e+32,166
63,2,0.1000,0.2000,0.0000e+00,4.5200e+27,0.0000e+00,8.3000e+26,4.5663e+32,2.4099e+32,166
63,3,0.2000,0.3500,0.0000e+00,1.1480e+28,0.0000e+00,3.8000e+27,3.1526e+32,1.3306e+32,166
63,4,0.3500,0.5500,0.0000e+00,2.0620e+28,0.0000e+00,1.3750e+28,1.0643e+32,5.8278e+31,166
63,5,0.5500,1.0100,0.0000e+00,1.0376e+29,0.0000e+00,8.7800e+28,4.3039e+31,3.2431e+31,166
64,0,0.0000,0.0500,0.0000e+00,1.0000e+26,0.0000e+00,1.0000e+25,4.1209e+32,4.1715e+32,167
64,1,0.0500,0.1000,0.0000e+00,2.0300e+27,0.0000e+00,4.0000e+25,3.9203e+32,1.9527e+32,167
64,2,0.1000,0.2000,0.0000e+00,4.7000e+27,0.0000e+00,6.4000e+26,4.5956e+32,2.3420e+32,167
64,3,0.2000,0.3500,0.0000e+00,1.1000e+28,0.0000e+00,4.1800e+27,3.1681e+32,1.3571e+32,167
64,4,0.3500,0.5500,0.0000e+00,1.9800e+28,0.0000e+00,1.3450e+28,1.0699e+32,5.8530e+31,167
64,5,0.5500,1.0100,0.0000e+00,9.9390e+28,0.0000e+00,8.1780e+28,4.3331e+31,3.2743e+31,167
65,0,0.0000,0.0500,0.0000e+00,9.0000e+25,0.0000e+00,0.0000e+00,6.4891e+32,2.7654e+32,168
65,1,0.0500,0.1000,0.0000e+00,2.4400e+27,0.0000e+00,6.0000e+25,3.8001e+32,2.0323e+32,168
65,2,0.1000,0.2000,0.0000e+00,4.4800e+27,0.0000e+00,6.0000e+26,4.7178e+32,2.3412e+32,168
65,3,0.2000,0.3500,0.0000e+00,9.5700e+27,0.0000e+00,4.2000e+27,3.1301e+32,1.4075e+32,168
65,4,0.3500,0.5500,0.0000e+00,1.8700e+28,0.0000e+00,1.4230e+28,1.0820e+32,6.0518e+31,168
65,5,0.5500,1.0100,0.0000e+00,8.1350e+28,0.0000e+00,9.6280e+28,4.1739e+31,3.5343e+31,168
66,0,0.0000,0.0500,0.0000e+00,3.0000e+25,0.0000e+00,1.0000e+25,6.4507e+32,2.8388e+32,169
66,1,0.0500,0.1000,0.0000e+00,2.7100e+27,0.0000e+00,4.0000e+25,3.7945e+32,1.9889e+32,169
66,2,0.1000,0.2000,0.0000e+00,5.4500e+27,0.0000e+00,4.3000e+26,4.8563e+32,2.3605e+32,169
66,3,0.2000,0.3500,0.0000e+00,1.0810e+28,0.0000e+00,3.9100e+27,3.1338e+32,1.4144e+32,169
66,4,0.3500,0.5500,0.0000e+00,1.7310e+28,0.0000e+00,1.3180e+28,1.0899e+32,6.1312e+31,169
66,5,0.5500,1.0100,0.0000e+00,8.8080e+28,0.0000e+00,9.4110e+28,4.3620e+31,3.5981e+31,169
67,0,0.0000,0.0500,0.0000e+00,1.0000e+25,0.0000e+00,1.0000e+25,6.3668e+32,2.9905e+32,170
67,1,0.0500,0.1000,0.0000e+00,3.0000e+27,0.0000e+00,8.0000e+25,3.9436e+32,1.9163e+32,170
67,2,0.1000,0.2000,0.0000e+00,5.5900e+27,0.0000e+00,6.2000e+26,4.8861e+32,2.3631e+32,170
67,3,0.2000,0.3500,0.0000e+00,1.0940e+28,0.0000e+00,4.3000e+27,3.1193e+32,1.4014e+32,170
67,4,0.3500,0.5500,0.0000e+00,1.8130e+28,0.0000e+00,1.3520e+28,1.1314e+32,6.1398e+31,170
67,5,0.5500,1.0100,0.0000e+00,9.0050e+28,0.0000e+00,8.7290e+28,4.4208e+31,3.5847e+31,170
68,0,0.0000,0.0500,0.0000e+00,1.0000e+25,0.0000e+00,0.0000e+00,6.4449e+32,3.0641e+32,172
68,1,0.0500,0.1000,0.0000e+00,2.5600e+27,0.0000e+00,7.0000e+25,3.7918e+32,2.0128e+32,172
68,2,0.1000,0.2000,0.0000e+00,6.0600e+27,0.0000e+00,4.6000e+26,4.9950e+32,2.2860e+32,172
68,3,0.2000,0.3500,0.0000e+00,1.0230e+28,0.0000e+00,3.8000e+27,3.2008e+32,1.4290e+32,172
68,4,0.3500,0.5500,0.0000e+00,1.9020e+28,0.0000e+00,1.2670e+28,1.2428e+32,6.1745e+31,172
68,5,0.5500,1.0100,0.0000e+00,9.1800e+28,0.0000e+00,8.7360e+28,4.5843e+31,3.5974e+31,172
69,0,0.0000,0.0500,0.0000e+00,7.0000e+25,0.0000e+00,1.0000e+25,6.4482e+32,3.1136e+32,172
69,1,0.0500,0.1000,0.0000e+00,2.2600e+27,0.0000e+00,6.0000e+25,3.3722e+32,1.9642e+32,172
69,2,0.1000,0.2000,0.0000e+00,6.7400e+27,0.0000e+00,3.3000e+26,5.3279e+32,2.3283e+32,172
69,3,0.2000,0.3500,0.0000e+00,1.0740e+28,0.0000e+00,3.3000e+27,3.2564e+32,1.3950e+32,172
69,4,0.3500,0.5500,0.0000e+00,1.8460e+28,0.0000e+00,1.2760e+28,1.2728e+32,6.1873e+31,172
69,5,0.5500,1.0100,0.0000e+00,8.2070e+28,0.0000e+00,8.6510e+28,4.6449e+31,3.6044e+31,172
70,0,0.0000,0.0500,0.0000e+00,4.0000e+25,0.0000e+00,0.0000e+00,6.4130e+32,3.1907e+32,173
70,1,0.0500,0.1000,0.0000e+00,2.3400e+27,0.0000e+00,2.0000e+25,3.2767e+32,1.9176e+32,173
70,2,0.1000,0.2000,0.0000e+00,7.6600e+27,0.0000e+00,4.4000e+26,5.5513e+32,2.3453e+32,173
70,3,0.2000,0.3500,0.0000e+00,9.8200e+27,0.0000e+00,3.0100e+27,3.1716e+32,1.4025e+32,173
70,4,0.3500,0.5500,0.0000e+00,1.9800e+28,0.0000e+00,1.1830e+28,1.3848e+32,6.3126e+31,173
70,5,0.5500,1.0100,0.0000e+00,8.3210e+28,0.0000e+00,8.6760e+28,4.6853e+31,3.5994e+31,173
71,0,0.0000,0.0500,0.0000e+00,4.0000e+25,0.0000e+00,1.0000e+25,6.3098e+32,3.2665e+32,174
71,1,0.0500,0.1000,0.0000e+00,1.9400e+27,0.0000e+00,5.0000e+25,3.3034e+32,1.8865e+32,174
71,2,0.1000,0.2000,0.0000e+00,8.6100e+27,0.0000e+00,4.4000e+26,5.7091e+32,2.3824e+32,174
71,3,0.2000,0.3500,0.0000e+00,9.7200e+27,0.0000e+00,3.0200e+27,3.1402e+32,1.3762e+32,174
71,4,0.3500,0.5500,0.0000e+00,1.9460e+28,0.0000e+00,1.2190e+28,1.4553e+32,6.4730e+31,174
71,5,0.5500,1.0100,0.0000e+00,8.3940e+28,0.0000e+00,8.2220e+28,4.7425e+31,3.5648e+31,174
72,0,0.0000,0.0500,0.0000e+00,1.0000e+25,0.0000e+00,0.0000e+00,6.3862e+32,3.4393e+32,176
72,1,0.0500,0.1000,0.0000e+00,2.1800e+27,0.0000e+00,4.0000e+25,3.2289e+32,1.8306e+32,176
72,2,0.1000,0.2000,0.0000e+00,9.3600e+27,0.0000e+00,2.2000e+26,5.5655e+32,2.3545e+32,176
72,3,0.2000,0.3500,0.0000e+00,1.0290e+28,0.0000e+00,2.7700e+27,3.4340e+32,1.4039e+32,176
72,4,0.3500,0.5500,0.0000e+00,1.9550e+28,0.0000e+00,1.2660e+28,1.5210e+32,6.5732e+31,176
72,5,0.5500,1.0100,0.0000e+00,7.8920e+28,0.0000e+00,8.2470e+28,4.9770e+31,3.5487e+31,176
73,0,0.0000,0.0500,0.0000e+00,9.0000e+25,0.0000e+00,1.0000e+25,6.4265e+32,3.6187e+32,177
73,1,0.0500,0.1000,0.0000e+00,1.4200e+27,0.0000e+00,3.0000e+25,3.1039e+32,1.6821e+32,177
73,2,0.1000,0.2000,0.0000e+00,9.1600e+27,0.0000e+00,4.7000e+26,5.4181e+32,2.3790e+32,177
73,3,0.2000,0.3500,0.0000e+00,1.1250e+28,0.0000e+00,3.3200e+27,3.7758e+32,1.4297e+32,177
73,4,0.3500,0.5500,0.0000e+00,1.8450e+28,0.0000e+00,1.2610e+28,1.5305e+32,6.5082e+31,177
73,5,0.5500,1.0100,0.0000e+00,8.1820e+28,0.0000e+00,8.1210e+28,5.0374e+31,3.5083e+31,177
74,0,0.0000,0.0500,0.0000e+00,8.0000e+25,0.0000e+00,1.0000e+25,6.4312e+32,3.8095e+32,177
74,1,0.0500,0.1000,0.0000e+00,1.8300e+27,0.0000e+00,2.0000e+25,3.0475e+32,1.5148e+32,177
74,2,0.1000,0.2000,0.0000e+00,1.0250e+28,0.0000e+00,4.2000e+26,5.2703e+32,2.3842e+32,177
74,3,0.2000,0.3500,0.0000e+00,1.1870e+28,0.0000e+00,2.9200e+27,3.9677e+32,1.4053e+32,177
74,4,0.3500,0.5500,0.0000e+00,2.0330e+28,0.0000e+00,1.1960e+28,1.5427e+32,6.5518e+31,177
74,5,0.5500,1.0100,0.0000e+00,7.4880e+28,0.0000e+00,7.2570e+28,5.0568e+31,3.5484e+31,177
75,0,0.0000,0.0500,0.0000e+00,1.2000e+26,0.0000e+00,0.0000e+00,6.4218e+32,3.9633e+32,179
75,1,0.0500,0.1000,0.0000e+00,1.7600e+27,0.0000e+00,0.0000e+00,2.9588e+32,1.5118e+32,179
75,2,0.1000,0.2000,0.0000e+00,1.0280e+28,0.0000e+00,2.6000e+26,5.3607e+32,2.3406e+32,179
75,3,0.2000,0.3500,0.0000e+00,1.2440e+28,0.0000e+00,2.3700e+27,4.1293e+32,1.4054e+32,179
75,4,0.3500,0.5500,0.0000e+00,2.0810e+28,0.0000e+00,1.1140e+28,1.6225e+32,6.6614e+31,179
75,5,0.5500,1.0100,0.0000e+00,7.1920e+28,0.0000e+00,7.4890e+28,5.1320e+31,3.6273e+31,179
76,0,0.0000,0.0500,0.0000e+00,7.0000e+25,0.0000e+00,2.0000e+25,6.1780e+32,4.1585e+32,181
76,1,0.0500,0.1000,0.0000e+00,1.4000e+27,0.0000e+00,5.0000e+25,3.0087e+32,1.5092e+32,181
76,2,0.1000,0.2000,0.0000e+00,1.1370e+28,0.0000e+00,3.3000e+26,5.5926e+32,2.2880e+32,181
76,3,0.2000,0.3500,0.0000e+00,1.4570e+28,0.0000e+00,1.8000e+27,4.3059e+32,1.3795e+32,181
76,4,0.3500,0.5500,0.0000e+00,1.9850e+28,0.0000e+00,1.0490e+28,1.6411e+32,6.6941e+31,181
76,5,0.5500,1.0100,0.0000e+00,7.7120e+28,0.0000e+00,6.8680e+28,5.2174e+31,3.7114e+31,181
77,0,0.0000,0.0500,0.0000e+00,5.0000e+25,0.0000e+00,1.0000e+25,5.7960e+32,4.1589e+32,181
77,1,0.0500,0.1000,0.0000e+00,1.7000e+27,0.0000e+00,3.0000e+25,3.2523e+32,1.5488e+32,181
77,2,0.1000,0.2000,0.0000e+00,1.1560e+28,0.0000e+00,3.2000e+26,5.6782e+32,2.3084e+32,181
77,3,0.2000,0.3500,0.0000e+00,1.5250e+28,0.0000e+00,2.0700e+27,4.3625e+32,1.3328e+32,181
77,4,0.3500,0.5500,0.0000e+00,1.9800e+28,0.0000e+00,9.4900e+27,1.6412e+32,6.6173e+31,181
77,5,0.5500,1.0100,0.0000e+00,7.3720e+28,0.0000e+00,6.8520e+28,5.2538e+31,3.7456e+31,181
78,0,0.0000,0.0500,0.0000e+00,5.0000e+25,0.0000e+00,1.0000e+25,5.4537e+32,4.2054e+32,183
78,1,0.0500,0.1000,0.0000e+00,1.5600e+27,0.0000e+00,1.0000e+25,3.7009e+32,1.6105e+32,183
78,2,0.1000,0.2000,0.0000e+00,1.2300e+28,0.0000e+00,2.7000e+26,5.6470e+32,2.3947e+32,183
78,3,0.2000,0.3500,0.0000e+00,1.4780e+28,0.0000e+00,1.3200e+27,4.4258e+32,1.2444e+32,183
78,4,0.3500,0.5500,0.0000e+00,2.0170e+28,0.0000e+00,9.0900e+27,1.7146e+32,6.7193e+31,183
78,5,0.5500,1.0100,0.0000e+00,8.1210e+28,0.0000e+00,6.7300e+28,5.5400e+31,3.8372e+31,183
79,0,0.0000,0.0500,0.0000e+00,4.0000e+25,0.0000e+00,2.0000e+25,5.0803e+32,4.2059e+32,183
79,1,0.0500,0.1000,0.0000e+00,1.8100e+27,0.0000e+00,2.0000e+25,3.9286e+32,1.6550e+32,183
79,2,0.1000,0.2000,0.0000e+00,1.2210e+28,0.0000e+00,3.7000e+26,5.7831e+32,2.4714e+32,183
79,3,0.2000,0.3500,0.0000e+00,1.6090e+28,0.0000e+00,1.5900e+27,4.3698e+32,1.1411e+32,183
79,4,0.3500,0.5500,0.0000e+00,2.0240e+28,0.0000e+00,9.8300e+27,1.7438e+32,6.6701e+31,183
79,5,0.5500,1.0100,0.0000e+00,7.9290e+28,0.0000e+00,6.1630e+28,5.9723e+31,3.8032e+31,183
80,0,0.0000,0.0500,0.0000e+00,6.0000e+25,0.0000e+00,1.0000e+25,4.9612e+32,4.3418e+32,185
80,1,0.0500,0.1000,0.0000e+00,2.0000e+27,0.0000e+00,1.0000e+25,4.1056e+32,1.6508e+32,185
80,2,0.1000,0.2000,0.0000e+00,1.1320e+28,0.0000e+00,2.7000e+26,5.7541e+32,2.4416e+32,185
80,3,0.2000,0.3500,0.0000e+00,1.7050e+28,0.0000e+00,2.0100e+27,4.5534e+32,1.1879e+32,185
80,4,0.3500,0.5500,0.0000e+00,1.8900e+28,0.0000e+00,8.7000e+27,1.7361e+32,6.3693e+31,185
80,5,0.5500,1.0100,0.0000e+00,8.2250e+28,0.0000e+00,5.9930e+28,6.3573e+31,3.8705e+31,185
81,0,0.0000,0.0500,0.0000e+00,1.0000e+25,0.0000e+00,2.0000e+25,4.8655e+32,4.4013e+32,187
81,1,0.0500,0.1000,0.0000e+00,2.7000e+27,0.0000e+00,2.0000e+25,4.3055e+32,1.8020e+32,187
81,2,0.1000,0.2000,0.0000e+00,1.2580e+28,0.0000e+00,2.8000e+26,5.7141e+32,2.3445e+32,187
81,3,0.2000,0.3500,0.0000e+00,1.7260e+28,0.0000e+00,1.8300e+27,4.6892e+32,1.2121e+32,187
81,4,0.3500,0.5500,0.0000e+00,2.0380e+28,0.0000e+00,7.6100e+27,1.7521e+32,6.1916e+31,187
81,5,0.5500,1.0100,0.0000e+00,7.7180e+28,0.0000e+00,5.7830e+28,6.6077e+31,3.9395e+31,187
82,0,0.0000,0.0500,0.0000e+00,2.0000e+25,0.0000e+00,1.0000e+25,4.6797e+32,4.4422e+32,188
82,1,0.0500,0.1000,0.0000e+00,2.8500e+27,0.0000e+00,1.0000e+25,4.2056e+32,1.9034e+32,188
82,2,0.1000,0.2000,0.0000e+00,1.2580e+28,0.0000e+00,2.9000e+26,5.9688e+32,2.3090e+32,188
82,3,0.2000,0.3500,0.0000e+00,1.7890e+28,0.0000e+00,2.0300e+27,4.7484e+32,1.2038e+32,188
82,4,0.3500,0.5500,0.0000e+00,1.9360e+28,0.0000e+00,8.0300e+27,1.8133e+32,5.8870e+31,188
82,5,0.5500,1.0100,0.0000e+00,7.8130e+28,0.0000e+00,5.7610e+28,6.9408e+31,3.9501e+31,188
83,0,0.0000,0.0500,0.0000e+00,5.0000e+25,0.0000e+00,0.0000e+00,4.7719e+32,4.2272e+32,188
83,1,0.0500,0.1000,0.0000e+00,3.9400e+27,0.0000e+00,1.0000e+25,4.4473e+32,1.8949e+32,188
83,2,0.1000,0.2000,0.0000e+00,1.2080e+28,0.0000e+00,1.8000e+26,5.9373e+32,2.2544e+32,188
83,3,0.2000,0.3500,0.0000e+00,1.8920e+28,0.0000e+00,1.7400e+27,4.8036e+32,1.2267e+32,188
83,4,0.3500,0.5500,0.0000e+00,1.8010e+28,0.0000e+00,7.3800e+27,1.8333e+32,5.8919e+31,188
83,5,0.5500,1.0100,0.0000e+00,7.4620e+28,0.0000e+00,5.9030e+28,7.0083e+31,3.9887e+31,188
84,0,0.0000,0.0500,0.0000e+00,5.0000e+25,0.0000e+00,0.0000e+00,6.7006e+32,2.9798e+32,191
84,1,0.0500,0.1000,0.0000e+00,4.5800e+27,0.0000e+00,0.0000e+00,4.3043e+32,1.9905e+32,191
84,2,0.1000,0.2000,0.0000e+00,1.3690e+28,0.0000e+00,2.0000e+26,6.2388e+32,2.2533e+32,191
84,3,0.2000,0.3500,0.0000e+00,1.9970e+28,0.0000e+00,1.7300e+27,4.7859e+32,1.2901e+32,191
84,4,0.3500,0.5500,0.0000e+00,1.8690e+28,0.0000e+00,8.1600e+27,1.8810e+32,6.1606e+31,191
84,5,0.5500,1.0100,0.0000e+00,7.2290e+28,0.0000e+00,6.7170e+28,7.0220e+31,4.3647e+31,191
85,0,0.0000,0.0500,0.0000e+00,5.0000e+25,0.0000e+00,0.0000e+00,6.5417e+32,3.1440e+32,191
85,1,0.0500,0.1000,0.0000e+00,4.8600e+27,0.0000e+00,2.0000e+25,4.3767e+32,1.9157e+32,191
85,2,0.1000,0.2000,0.0000e+00,1.3330e+28,0.0000e+00,2.3000e+26,6.2708e+32,2.1981e+32,191
85,3,0.2000,0.3500,0.0000e+00,1.9040e+28,0.0000e+00,1.9300e+27,4.7065e+32,1.2761e+32,191
85,4,0.3500,0.5500,0.0000e+00,2.0330e+28,0.0000e+00,8.2300e+27,2.0021e+32,6.1460e+31,191
85,5,0.5500,1.0100,0.0000e+00,6.8430e+28,0.0000e+00,6.3560e+28,7.2061e+31,4.3055e+31,191
86,0,0.0000,0.0500,0.0000e+00,5.0000e+25,0.0000e+00,0.0000e+00,6.6165e+32,3.2618e+32,193
86,1,0.0500,0.1000,0.0000e+00,4.1200e+27,0.0000e+00,2.0000e+25,3.8296e+32,1.9142e+32,193
86,2,0.1000,0.2000,0.0000e+00,1.4310e+28,0.0000e+00,1.5000e+26,6.6677e+32,2.1926e+32,193
86,3,0.2000,0.3500,0.0000e+00,2.1240e+28,0.0000e+00,1.7100e+27,4.8273e+32,1.2714e+32,193
86,4,0.3500,0.5500,0.0000e+00,2.0870e+28,0.0000e+00,8.3000e+27,2.1924e+32,6.1975e+31,193
86,5,0.5500,1.0100,0.0000e+00,6.7620e+28,0.0000e+00,6.3490e+28,7.4818e+31,4.3107e+31,193
87,0,0.0000,0.0500,0.0000e+00,2.0000e+25,0.0000e+00,0.0000e+00,6.5053e+32,3.3811e+32,195
87,1,0.0500,0.1000,0.0000e+00,3.3000e+27,0.0000e+00,0.0000e+00,3.7846e+32,1.8558e+32,195
87,2,0.1000,0.2000,0.0000e+00,1.6010e+28,0.0000e+00,1.6000e+26,7.0037e+32,2.2343e+32,195
87,3,0.2000,0.3500,0.0000e+00,2.0960e+28,0.0000e+00,1.4400e+27,4.6305e+32,1.2614e+32,195
87,4,0.3500,0.5500,0.0000e+00,2.2950e+28,0.0000e+00,7.2800e+27,2.4605e+32,6.4089e+31,195
87,5,0.5500,1.0100,0.0000e+00,6.8480e+28,0.0000e+00,5.9680e+28,7.5832e+31,4.2999e+31,195
88,0,0.0000,0.0500,0.0000e+00,2.0000e+25,0.0000e+00,0.0000e+00,6.5026e+32,3.5846e+32,196
88,1,0.0500,0.1000,0.0000e+00,2.7200e+27,0.0000e+00,0.0000e+00,3.6514e+32,1.7343e+32,196
88,2,0.1000,0.2000,0.0000e+00,1.4800e+28,0.0000e+00,8.0000e+25,6.7097e+32,2.2032e+32,196
88,3,0.2000,0.3500,0.0000e+00,2.4160e+28,0.0000e+00,1.3200e+27,5.0395e+32,1.2750e+32,196
88,4,0.3500,0.5500,0.0000e+00,2.4920e+28,0.0000e+00,7.2000e+27,2.5806e+32,6.4758e+31,196
88,5,0.5500,1.0100,0.0000e+00,6.6630e+28,0.0000e+00,5.9070e+28,7.9315e+31,4.2001e+31,196
89,0,0.0000,0.0500,0.0000e+00,8.0000e+25,0.0000e+00,0.0000e+00,6.5428e+32,3.8428e+32,197
89,1,0.0500,0.1000,0.0000e+00,2.7100e+27,0.0000e+00,0.0000e+00,3.5264e+32,1.5190e+32,197
89,2,0.1000,0.2000,0.0000e+00,1.3960e+28,0.0000e+00,2.5000e+26,6.3886e+32,2.2267e+32,197
89,3,0.2000,0.3500,0.0000e+00,2.8140e+28,0.0000e+00,1.2000e+27,5.5428e+32,1.2715e+32,197
89,4,0.3500,0.5500,0.0000e+00,2.5600e+28,0.0000e+00,7.8800e+27,2.6105e+32,6.4762e+31,197
89,5,0.5500,1.0100,0.0000e+00,6.8950e+28,0.0000e+00,6.2480e+28,8.0130e+31,4.1945e+31,197
90,0,0.0000,0.0500,0.0000e+00,5.0000e+25,0.0000e+00,1.0000e+25,6.3437e+32,4.0666e+32,198
90,1,0.0500,0.1000,0.0000e+00,2.4000e+27,0.0000e+00,0.0000e+00,3.4197e+32,1.4502e+32,198
90,2,0.1000,0.2000,0.0000e+00,1.3510e+28,0.0000e+00,2.3000e+26,6.4578e+32,2.1472e+32,198
90,3,0.2000,0.3500,0.0000e+00,3.2140e+28,0.0000e+00,9.3000e+26,5.7913e+32,1.2438e+32,198
90,4,0.3500,0.5500,0.0000e+00,2.5660e+28,0.0000e+00,7.0500e+27,2.7250e+32,6.5454e+31,198
90,5,0.5500,1.0100,0.0000e+00,6.5010e+28,0.0000e+00,5.8380e+28,8.0812e+31,4.2845e+31,198
91,0,0.0000,0.0500,0.0000e+00,3.0000e+25,0.0000e+00,0.0000e+00,5.9860e+32,4.1947e+32,200
91,1,0.0500,0.1000,0.0000e+00,2.1200e+27,0.0000e+00,0.0000e+00,3.5282e+32,1.4864e+32,200
91,2,0.1000,0.2000,0.0000e+00,1.4920e+28,0.0000e+00,1.2000e+26,6.7383e+32,2.1297e+32,200
91,3,0.2000,0.3500,0.0000e+00,3.4000e+28,0.0000e+00,1.1900e+27,5.9828e+32,1.2043e+32,200
91,4,0.3500,0.5500,0.0000e+00,2.5690e+28,0.0000e+00,7.2700e+27,2.7485e+32,6.4978e+31,200
91,5,0.5500,1.0100,0.0000e+00,6.5350e+28,0.0000e+00,5.4120e+28,8.1918e+31,4.3850e+31,200
92,0,0.0000,0.0500,0.0000e+00,4.0000e+25,0.0000e+00,0.0000e+00,5.5200e+32,4.2371e+32,202
92,1,0.0500,0.1000,0.0000e+00,2.1100e+27,0.0000e+00,3.0000e+25,4.0379e+32,1.5523e+32,202
92,2,0.1000,0.2000,0.0000e+00,1.5610e+28,0.0000e+00,1.5000e+26,6.7441e+32,2.2250e+32,202
92,3,0.2000,0.3500,0.0000e+00,3.8070e+28,0.0000e+00,8.9000e+26,5.9998e+32,1.0979e+32,202
92,4,0.3500,0.5500,0.0000e+00,2.6610e+28,0.0000e+00,6.2400e+27,2.8816e+32,6.5728e+31,202
92,5,0.5500,1.0100,0.0000e+00,7.0670e+28,0.0000e+00,5.2390e+28,8.8078e+31,4.4654e+31,202
93,0,0.0000,0.0500,0.0000e+00,1.0000e+25,0.0000e+00,0.0000e+00,5.1918e+32,4.3102e+32,203
93,1,0.0500,0.1000,0.0000e+00,2.1900e+27,0.0000e+00,0.0000e+00,4.2621e+32,1.5747e+32,203
93,2,0.1000,0.2000,0.0000e+00,1.6160e+28,0.0000e+00,2.1000e+26,6.8137e+32,2.2449e+32,203
93,3,0.2000,0.3500,0.0000e+00,3.9620e+28,0.0000e+00,9.2000e+26,6.0750e+32,1.0635e+32,203
93,4,0.3500,0.5500,0.0000e+00,2.6670e+28,0.0000e+00,6.0000e+27,2.8866e+32,6.3669e+31,203
93,5,0.5500,1.0100,0.0000e+00,7.4760e+28,0.0000e+00,5.1520e+28,9.6765e+31,4.4791e+31,203
94,0,0.0000,0.0500,0.0000e+00,1.0000e+25,0.0000e+00,0.0000e+00,5.0498e+32,4.3748e+32,204
94,1,0.0500,0.1000,0.0000e+00,2.3300e+27,0.0000e+00,1.0000e+25,4.4223e+32,1.6886e+32,204
94,2,0.1000,0.2000,0.0000e+00,1.7020e+28,0.0000e+00,1.0000e+26,6.6992e+32,2.1348e+32,204
94,3,0.2000,0.3500,0.0000e+00,4.2640e+28,0.0000e+00,1.1900e+27,6.2608e+32,1.0901e+32,204
94,4,0.3500,0.5500,0.0000e+00,2.7800e+28,0.0000e+00,5.4800e+27,2.8733e+32,5.9919e+31,204
94,5,0.5500,1.0100,0.0000e+00,7.1140e+28,0.0000e+00,5.1430e+28,1.0220e+32,4.5206e+31,204
95,0,0.0000,0.0500,0.0000e+00,1.0000e+25,0.0000e+00,1.0000e+25,4.7531e+32,4.4705e+32,206
95,1,0.0500,0.1000,0.0000e+00,2.4600e+27,0.0000e+00,0.0000e+00,4.4145e+32,1.7456e+32,206
95,2,0.1000,0.2000,0.0000e+00,1.7140e+28,0.0000e+00,1.1000e+26,6.9571e+32,2.1065e+32,206
95,3,0.2000,0.3500,0.0000e+00,4.3890e+28,0.0000e+00,1.1800e+27,6.3803e+32,1.0950e+32,206
95,4,0.3500,0.5500,0.0000e+00,2.9720e+28,0.0000e+00,5.2700e+27,2.9982e+32,5.7907e+31,206
95,5,0.5500,1.0100,0.0000e+00,7.3990e+28,0.0000e+00,4.6560e+28,1.0855e+32,4.5420e+31,206
96,0,0.0000,0.0500,0.0000e+00,0.0000e+00,0.0000e+00,0.0000e+00,6.3602e+32,3.2280e+32,208
96,1,0.0500,0.1000,0.0000e+00,2.5700e+27,0.0000e+00,3.0000e+25,4.3646e+32,1.8417e+32,208
96,2,0.1000,0.2000,0.0000e+00,1.7440e+28,0.0000e+00,1.4000e+26,7.1689e+32,2.0635e+32,208
96,3,0.2000,0.3500,0.0000e+00,4.4860e+28,0.0000e+00,1.1600e+27,6.3623e+32,1.1617e+32,208
96,4,0.3500,0.5500,0.0000e+00,2.8700e+28,0.0000e+00,4.9300e+27,3.0501e+32,6.0573e+31,208
96,5,0.5500,1.0100,0.0000e+00,6.1940e+28,0.0000e+00,5.1580e+28,1.0855e+32,4.9426e+31,208
97,0,0.0000,0.0500,0.0000e+00,2.0000e+25,0.0000e+00,0.0000e+00,6.4998e+32,3.2274e+32,209
97,1,0.0500,0.1000,0.0000e+00,2.6300e+27,0.0000e+00,1.0000e+25,4.2601e+32,1.7789e+32,209
97,2,0.1000,0.2000,0.0000e+00,1.7960e+28,0.0000e+00,1.2000e+26,7.3094e+32,2.0134e+32,209
97,3,0.2000,0.3500,0.0000e+00,4.3100e+28,0.0000e+00,1.0800e+27,6.2753e+32,1.1584e+32,209
97,4,0.3500,0.5500,0.0000e+00,3.4020e+28,0.0000e+00,5.1600e+27,3.2797e+32,6.1252e+31,209
97,5,0.5500,1.0100,0.0000e+00,5.8740e+28,0.0000e+00,5.0420e+28,1.1283e+32,4.9281e+31,209
98,0,0.0000,0.0500,0.0000e+00,2.0000e+25,0.0000e+00,0.0000e+00,6.4685e+32,3.3242e+32,210
98,1,0.0500,0.1000,0.0000e+00,2.1500e+27,0.0000e+00,0.0000e+00,3.8381e+32,1.7487e+32,210
98,2,0.1000,0.2000,0.0000e+00,1.7270e+28,0.0000e+00,1.1000e+26,7.6220e+32,2.0146e+32,210
98,3,0.2000,0.3500,0.0000e+00,3.9050e+28,0.0000e+00,9.6000e+26,6.1539e+32,1.1417e+32,210
98,4,0.3500,0.5500,0.0000e+00,4.0770e+28,0.0000e+00,6.0100e+27,3.6533e+32,6.2049e+31,210
98,5,0.5500,1.0100,0.0000e+00,6.0470e+28,0.0000e+00,5.1690e+28,1.1551e+32,4.9030e+31,210
99,0,0.0000,0.0500,0.0000e+00,3.0000e+25,0.0000e+00,0.0000e+00,6.4140e+32,3.5255e+32,212
99,1,0.0500,0.1000,0.0000e+00,2.1300e+27,0.0000e+00,0.0000e+00,3.7870e+32,1.6359e+32,212
99,2,0.1000,0.2000,0.0000e+00,1.6990e+28,0.0000e+00,1.2000e+26,7.4896e+32,2.0153e+32,212
99,3,0.2000,0.3500,0.0000e+00,3.9310e+28,0.0000e+00,1.1300e+27,6.3156e+32,1.1452e+32,212
99,4,0.3500,0.5500,0.0000e+00,4.3450e+28,0.0000e+00,5.2500e+27,3.9560e+32,6.3840e+31,212
99,5,0.5500,1.0100,0.0000e+00,6.2350e+28,0.0000e+00,4.7250e+28,1.2044e+32,4.8071e+31,212
100,0,0.0000,0.0500,0.0000e+00,2.0000e+25,0.0000e+00,0.0000e+00,6.4821e+32,3.8069e+32,214
100,1,0.0500,0.1000,0.0000e+00,2.0900e+27,0.0000e+00,0.0000e+00,3.6594e+32,1.4298e+32,214
100,2,0.1000,0.2000,0.0000e+00,1.4330e+28,0.0000e+00,1.3000e+26,6.9673e+32,2.0304e+32,214
100,3,0.2000,0.3500,0.0000e+00,4.2880e+28,0.0000e+00,6.8000e+26,7.0483e+32,1.1546e+32,214
100,4,0.3500,0.5500,0.0000e+00,4.8780e+28,0.0000e+00,5.0500e+27,4.0574e+32,6.4086e+31,214
100,5,0.5500,1.0100,0.0000e+00,6.3620e+28,0.0000e+00,4.6650e+28,1.2329e+32,4.7866e+31,214
101,0,0.0000,0.0500,0.0000e+00,2.0000e+25,0.0000e+00,0.0000e+00,6.1180e+32,4.0614e+32,215
101,1,0.0500,0.1000,0.0000e+00,1.5200e+27,0.0000e+00,0.0000e+00,3.5620e+32,1.3602e+32,215
101,2,0.1000,0.2000,0.0000e+00,1.3480e+28,0.0000e+00,8.0000e+25,7.1471e+32,1.9384e+32,215
101,3,0.2000,0.3500,0.0000e+00,4.3840e+28,0.0000e+00,5.8000e+26,7.3445e+32,1.1082e+32,215
101,4,0.3500,0.5500,0.0000e+00,4.9740e+28,0.0000e+00,4.4600e+27,4.1728e+32,6.4093e+31,215
101,5,0.5500,1.0100,0.0000e+00,5.8750e+28,0.0000e+00,4.2420e+28,1.2392e+32,4.8685e+31,215
102,0,0.0000,0.0500,0.0000e+00,3.0000e+25,0.0000e+00,0.0000e+00,5.6455e+32,4.1061e+32,216
102,1,0.0500,0.1000,0.0000e+00,1.5500e+27,0.0000e+00,1.0000e+25,3.9046e+32,1.4035e+32,216
102,2,0.1000,0.2000,0.0000e+00,1.2950e+28,0.0000e+00,7.0000e+25,7.1943e+32,1.9783e+32,216
102,3,0.2000,0.3500,0.0000e+00,4.6650e+28,0.0000e+00,6.1000e+26,7.4345e+32,1.0302e+32,216
102,4,0.3500,0.5500,0.0000e+00,5.0930e+28,0.0000e+00,3.6900e+27,4.2521e+32,6.3766e+31,216
102,5,0.5500,1.0100,0.0000e+00,5.9650e+28,0.0000e+00,3.8050e+28,1.2899e+32,4.9351e+31,216
103,0,0.0000,0.0500,0.0000e+00,0.0000e+00,0.0000e+00,0.0000e+00,5.2833e+32,4.2026e+32,219
103,1,0.0500,0.1000,0.0000e+00,1.8000e+27,0.0000e+00,0.0000e+00,4.2602e+32,1.4495e+32,219
103,2,0.1000,0.2000,0.0000e+00,1.4600e+28,0.0000e+00,9.0000e+25,7.3222e+32,2.0521e+32,219
103,3,0.2000,0.3500,0.0000e+00,4.7050e+28,0.0000e+00,9.2000e+26,7.4572e+32,9.6572e+31,219
103,4,0.3500,0.5500,0.0000e+00,5.1850e+28,0.0000e+00,4.2500e+27,4.3197e+32,6.2449e+31,219
103,5,0.5500,1.0100,0.0000e+00,6.2510e+28,0.0000e+00,3.7130e+28,1.4887e+32,4.9822e+31,219
104,0,0.0000,0.0500,0.0000e+00,1.0000e+25,0.0000e+00,0.0000e+00,5.1274e+32,4.2679e+32,220
104,1,0.0500,0.1000,0.0000e+00,1.6800e+27,0.0000e+00,1.0000e+25,4.3284e+32,1.5530e+32,220
104,2,0.1000,0.2000,0.0000e+00,1.4250e+28,0.0000e+00,1.8000e+26,7.2472e+32,1.9511e+32,220
104,3,0.2000,0.3500,0.0000e+00,5.2530e+28,0.0000e+00,6.3000e+26,7.6726e+32,9.9345e+31,220
104,4,0.3500,0.5500,0.0000e+00,5.3030e+28,0.0000e+00,3.3800e+27,4.2886e+32,5.8028e+31,220
104,5,0.5500,1.0100,0.0000e+00,6.5370e+28,0.0000e+00,3.6680e+28,1.6044e+32,5.0209e+31,220
105,0,0.0000,0.0500,0.0000e+00,1.0000e+25,0.0000e+00,0.0000e+00,5.2876e+32,3.9403e+32,221
105,1,0.0500,0.1000,0.0000e+00,1.5900e+27,0.0000e+00,2.0000e+25,4.3312e+32,1.6067e+32,221
105,2,0.1000,0.2000,0.0000e+00,1.5240e+28,0.0000e+00,5.0000e+25,7.3912e+32,1.9030e+32,221
105,3,0.2000,0.3500,0.0000e+00,5.5570e+28,0.0000e+00,9.1000e+26,7.7378e+32,1.0182e+32,221
105,4,0.3500,0.5500,0.0000e+00,5.6270e+28,0.0000e+00,3.4600e+27,4.4106e+32,5.7424e+31,221
105,5,0.5500,1.0100,0.0000e+00,6.6970e+28,0.0000e+00,4.0850e+28,1.6703e+32,5.1687e+31,221
106,0,0.0000,0.0500,0.0000e+00,2.0000e+25,0.0000e+00,0.0000e+00,6.3522e+32,3.1680e+32,224
106,1,0.0500,0.1000,0.0000e+00,1.6300e+27,0.0000e+00,0.0000e+00,4.1420e+32,1.6387e+32,224
106,2,0.1000,0.2000,0.0000e+00,1.6470e+28,0.0000e+00,4.0000e+25,7.7803e+32,1.8799e+32,224
106,3,0.2000,0.3500,0.0000e+00,5.6070e+28,0.0000e+00,5.6000e+26,7.5925e+32,1.0694e+32,224
106,4,0.3500,0.5500,0.0000e+00,5.7910e+28,0.0000e+00,3.0800e+27,4.6009e+32,6.0478e+31,224
106,5,0.5500,1.0100,0.0000e+00,6.2790e+28,0.0000e+00,4.3110e+28,1.7391e+32,5.5701e+31,224
107,0,0.0000,0.0500,0.0000e+00,0.0000e+00,0.0000e+00,0.0000e+00,6.2808e+32,3.2913e+32,224
107,1,0.0500,0.1000,0.0000e+00,1.5800e+27,0.0000e+00,0.0000e+00,3.7754e+32,1.5904e+32,224
107,2,0.1000,0.2000,0.0000e+00,1.6360e+28,0.0000e+00,9.0000e+25,7.8394e+32,1.8423e+32,224
107,3,0.2000,0.3500,0.0000e+00,5.3590e+28,0.0000e+00,6.7000e+26,7.4138e+32,1.0522e+32,224
107,4,0.3500,0.5500,0.0000e+00,6.5140e+28,0.0000e+00,3.3000e+27,5.0946e+32,6.0600e+31,224
107,5,0.5500,1.0100,0.0000e+00,6.4640e+28,0.0000e+00,3.9350e+28,1.8038e+32,5.4562e+31,224
108,0,0.0000,0.0500,0.0000e+00,0.0000e+00,0.0000e+00,0.0000e+00,6.2493e+32,3.4907e+32,227
108,1,0.0500,0.1000,0.0000e+00,1.6300e+27,0.0000e+00,2.0000e+25,3.7425e+32,1.4875e+32,227
108,2,0.1000,0.2000,0.0000e+00,1.5720e+28,0.0000e+00,1.8000e+26,7.6899e+32,1.8598e+32,227
108,3,0.2000,0.3500,0.0000e+00,5.0780e+28,0.0000e+00,7.6000e+26,7.4977e+32,1.0559e+32,227
108,4,0.3500,0.5500,0.0000e+00,7.2410e+28,0.0000e+00,3.6100e+27,5.5725e+32,6.2757e+31,227
108,5,0.5500,1.0100,0.0000e+00,6.4190e+28,0.0000e+00,3.8700e+28,1.8880e+32,5.3644e+31,227
109,0,0.0000,0.0500,0.0000e+00,1.0000e+25,0.0000e+00,0.0000e+00,6.2277e+32,3.7576e+32,228
109,1,0.0500,0.1000,0.0000e+00,1.3600e+27,0.0000e+00,0.0000e+00,3.6182e+32,1.2930e+32,228
109,2,0.1000,0.2000,0.0000e+00,1.3170e+28,0.0000e+00,9.0000e+25,7.1194e+32,1.8460e+32,228
109,3,0.2000,0.3500,0.0000e+00,5.2540e+28,0.0000e+00,7.2000e+26,8.1950e+32,1.0488e+32,228
109,4,0.3500,0.5500,0.0000e+00,7.7180e+28,0.0000e+00,3.3800e+27,5.7046e+32,6.2948e+31,228
109,5,0.5500,1.0100,0.0000e+00,6.7110e+28,0.0000e+00,3.8330e+28,1.9211e+32,5.3381e+31,228
110,0,0.0000,0.0500,0.0000e+00,0.0000e+00,0.0000e+00,0.0000e+00,5.7491e+32,3.9756e+32,230
110,1,0.0500,0.1000,0.0000e+00,1.1800e+27,0.0000e+00,2.0000e+25,3.6561e+32,1.2638e+32,230
110,2,0.1000,0.2000,0.0000e+00,1.2160e+28,0.0000e+00,7.0000e+25,7.3878e+32,1.7875e+32,230
110,3,0.2000,0.3500,0.0000e+00,5.2500e+28,0.0000e+00,7.0000e+26,8.5182e+32,9.9963e+31,230
110,4,0.3500,0.5500,0.0000e+00,8.0480e+28,0.0000e+00,3.8500e+27,5.8220e+32,6.2846e+31,230
110,5,0.5500,1.0100,0.0000e+00,6.5000e+28,0.0000e+00,3.7020e+28,1.9370e+32,5.4500e+31,230
111,0,0.0000,0.0500,0.0000e+00,1.0000e+25,0.0000e+00,0.0000e+00,5.3034e+32,4.0024e+32,231
111,1,0.0500,0.1000,0.0000e+00,1.0900e+27,0.0000e+00,0.0000e+00,4.0468e+32,1.3135e+32,231
111,2,0.1000,0.2000,0.0000e+00,1.2340e+28,0.0000e+00,6.0000e+25,7.4095e+32,1.8597e+32,231
111,3,0.2000,0.3500,0.0000e+00,5.1170e+28,0.0000e+00,4.7000e+26,8.3311e+32,9.0030e+31,231
111,4,0.3500,0.5500,0.0000e+00,8.5340e+28,0.0000e+00,3.3000e+27,5.9362e+32,6.2582e+31,231
111,5,0.5500,1.0100,0.0000e+00,7.2840e+28,0.0000e+00,3.2790e+28,2.1853e+32,5.4826e+31,231
112,0,0.0000,0.0500,0.0000e+00,1.0000e+25,0.0000e+00,0.0000e+00,5.1307e+32,4.0991e+32,233
112,1,0.0500,0.1000,0.0000e+00,1.4800e+27,0.0000e+00,1.0000e+25,4.1963e+32,1.3689e+32,233
112,2,0.1000,0.2000,0.0000e+00,1.2460e+28,0.0000e+00,4.0000e+25,7.3606e+32,1.8126e+32,233
112,3,0.2000,0.3500,0.0000e+00,5.4500e+28,0.0000e+00,5.4000e+26,8.5662e+32,9.2558e+31,233
112,4,0.3500,0.5500,0.0000e+00,8.1170e+28,0.0000e+00,3.2600e+27,5.8012e+32,5.8021e+31,233
112,5,0.5500,1.0100,0.0000e+00,7.8220e+28,0.0000e+00,3.2750e+28,2.4442e+32,5.5401e+31,233
113,0,0.0000,0.0500,0.0000e+00,0.0000e+00,0.0000e+00,0.0000e+00,5.2441e+32,3.8508e+32,235
113,1,0.0500,0.1000,0.0000e+00,1.2700e+27,0.0000e+00,1.0000e+25,4.1125e+32,1.4564e+32,235
113,2,0.1000,0.2000,0.0000e+00,1.2660e+28,0.0000e+00,6.0000e+25,7.5893e+32,1.7682e+32,235
113,3,0.2000,0.3500,0.0000e+00,5.5080e+28,0.0000e+00,4.8000e+26,8.5718e+32,9.5037e+31,235
113,4,0.3500,0.5500,0.0000e+00,8.2730e+28,0.0000e+00,3.1000e+27,5.9829e+32,5.7437e+31,235
113,5,0.5500,1.0100,0.0000e+00,8.1020e+28,0.0000e+00,3.6400e+28,2.5839e+32,5.7240e+31,235
114,0,0.0000,0.0500,0.0000e+00,1.0000e+25,0.0000e+00,0.0000e+00,6.1101e+32,3.1655e+32,237
114,1,0.0500,0.1000,0.0000e+00,1.1800e+27,0.0000e+00,0.0000e+00,3.8821e+32,1.4857e+32,237
114,2,0.1000,0.2000,0.0000e+00,1.3700e+28,0.0000e+00,4.0000e+25,7.8643e+32,1.7316e+32,237
114,3,0.2000,0.3500,0.0000e+00,5.4320e+28,0.0000e+00,9.3000e+26,8.3795e+32,1.0022e+32,237
114,4,0.3500,0.5500,0.0000e+00,8.5590e+28,0.0000e+00,3.5500e+27,6.2028e+32,6.1032e+31,237
114,5,0.5500,1.0100,0.0000e+00,7.5340e+28,0.0000e+00,3.5950e+28,2.6971e+32,6.1697e+31,237
115,0,0.0000,0.0500,0.0000e+00,1.0000e+25,0.0000e+00,0.0000e+00,6.0492e+32,3.2826e+32,238
115,1,0.0500,0.1000,0.0000e+00,1.1400e+27,0.0000e+00,0.0000e+00,3.6415e+32,1.4473e+32,238
115,2,0.1000,0.2000,0.0000e+00,1.4240e+28,0.0000e+00,7.0000e+25,7.8986e+32,1.7159e+32,238
115,3,0.2000,0.3500,0.0000e+00,5.0350e+28,0.0000e+00,5.6000e+26,8.0351e+32,9.8744e+31,238
115,4,0.3500,0.5500,0.0000e+00,9.7360e+28,0.0000e+00,2.8600e+27,6.8677e+32,6.1912e+31,238
115,5,0.5500,1.0100,0.0000e+00,8.3530e+28,0.0000e+00,3.5750e+28,2.7841e+32,6.0759e+31,238
116,0,0.0000,0.0500,0.0000e+00,1.0000e+25,0.0000e+00,0.0000e+00,6.0395e+32,3.5171e+32,240
116,1,0.0500,0.1000,0.0000e+00,1.4000e+27,0.0000e+00,0.0000e+00,3.5998e+32,1.2846e+32,240
116,2,0.1000,0.2000,0.0000e+00,1.2610e+28,0.0000e+00,2.0000e+25,7.2808e+32,1.7175e+32,240
116,3,0.2000,0.3500,0.0000e+00,5.0710e+28,0.0000e+00,5.8000e+26,8.5106e+32,9.9755e+31,240
116,4,0.3500,0.5500,0.0000e+00,1.0288e+29,0.0000e+00,3.2900e+27,7.2200e+32,6.3388e+31,240
116,5,0.5500,1.0100,0.0000e+00,8.9070e+28,0.0000e+00,3.5120e+28,2.9212e+32,5.9283e+31,240
117,0,0.0000,0.0500,0.0000e+00,0.0000e+00,0.0000e+00,0.0000e+00,5.7541e+32,3.7640e+32,241
117,1,0.0500,0.1000,0.0000e+00,9.5000e+26,0.0000e+00,0.0000e+00,3.5042e+32,1.1521e+32,241
117,2,0.1000,0.2000,0.0000e+00,1.0890e+28,0.0000e+00,1.0000e+25,7.1916e+32,1.6806e+32,241
117,3,0.2000,0.3500,0.0000e+00,5.3600e+28,0.0000e+00,3.8000e+26,8.9340e+32,9.6270e+31,241
117,4,0.3500,0.5500,0.0000e+00,1.0579e+29,0.0000e+00,3.0700e+27,7.4106e+32,6.3310e+31,241
117,5,0.5500,1.0100,0.0000e+00,8.4840e+28,0.0000e+00,3.3360e+28,2.9268e+32,5.9778e+31,241
118,0,0.0000,0.0500,0.0000e+00,0.0000e+00,0.0000e+00,0.0000e+00,5.3063e+32,3.8517e+32,243
118,1,0.0500,0.1000,0.0000e+00,9.3000e+26,0.0000e+00,1.0000e+25,3.7870e+32,1.1731e+32,243
118,2,0.1000,0.2000,0.0000e+00,1.0520e+28,0.0000e+00,9.0000e+25,7.3509e+32,1.7338e+32,243
118,3,0.2000,0.3500,0.0000e+00,5.2050e+28,0.0000e+00,5.1000e+26,8.9337e+32,8.7760e+31,243
118,4,0.3500,0.5500,0.0000e+00,1.1081e+29,0.0000e+00,2.7100e+27,7.4987e+32,6.3107e+31,243
118,5,0.5500,1.0100,0.0000e+00,8.9780e+28,0.0000e+00,3.1900e+28,3.1333e+32,6.0752e+31,243
119,0,0.0000,0.0500,0.0000e+00,2.0000e+25,0.0000e+00,0.0000e+00,5.0859e+32,3.9375e+32,245
119,1,0.0500,0.1000,0.0000e+00,9.5000e+26,0.0000e+00,0.0000e+00,4.0169e+32,1.2110e+32,245
119,2,0.1000,0.2000,0.0000e+00,1.0620e+28,0.0000e+00,7.0000e+25,7.3072e+32,1.7304e+32,245
119,3,0.2000,0.3500,0.0000e+00,5.1520e+28,0.0000e+00,5.6000e+26,8.9879e+32,8.7055e+31,245
119,4,0.3500,0.5500,0.0000e+00,1.0288e+29,0.0000e+00,3.1000e+27,7.3102e+32,5.9675e+31,245
119,5,0.5500,1.0100,0.0000e+00,1.0493e+29,0.0000e+00,3.0030e+28,3.5941e+32,6.1349e+31,245
120,0,0.0000,0.0500,0.0000e+00,0.0000e+00,0.0000e+00,0.0000e+00,5.1722e+32,3.7393e+32,247
120,1,0.0500,0.1000,0.0000e+00,9.2000e+26,0.0000e+00,0.0000e+00,3.8899e+32,1.3062e+32,247
120,2,0.1000,0.2000,0.0000e+00,1.0870e+28,0.0000e+00,5.0000e+25,7.5477e+32,1.6828e+32,247
120,3,0.2000,0.3500,0.0000e+00,5.1160e+28,0.0000e+00,5.7000e+26,8.9389e+32,9.0969e+31,247
120,4,0.3500,0.5500,0.0000e+00,1.0341e+29,0.0000e+00,2.5100e+27,7.4297e+32,5.8252e+31,247
120,5,0.5500,1.0100,0.0000e+00,1.0491e+29,0.0000e+00,2.9160e+28,3.8275e+32,6.3375e+31,247
121,0,0.0000,0.0500,0.0000e+00,0.0000e+00,0.0000e+00,0.0000e+00,5.9005e+32,3.1500e+32,249
121,1,0.0500,0.1000,0.0000e+00,1.0800e+27,0.0000e+00,0.0000e+00,3.6386e+32,1.3414e+32,249
121,2,0.1000,0.2000,0.0000e+00,1.0550e+28,0.0000e+00,5.0000e+25,7.7793e+32,1.6571e+32,249
121,3,0.2000,0.3500,0.0000e+00,5.0640e+28,0.0000e+00,6.5000e+26,8.6933e+32,9.6729e+31,249
121,4,0.3500,0.5500,0.0000e+00,1.0683e+29,0.0000e+00,3.1700e+27,7.6647e+32,6.2528e+31,249
121,5,0.5500,1.0100,0.0000e+00,1.1265e+29,0.0000e+00,3.4080e+28,4.0072e+32,6.8421e+31,249
122,0,0.0000,0.0500,0.0000e+00,1.0000e+25,0.0000e+00,0.0000e+00,5.8425e+32,3.2650e+32,250
122,1,0.0500,0.1000,0.0000e+00,9.3000e+26,0.0000e+00,0.0000e+00,3.4795e+32,1.2960e+32,250
122,2,0.1000,0.2000,0.0000e+00,1.1730e+28,0.0000e+00,9.0000e+25,7.6763e+32,1.6445e+32,250
122,3,0.2000,0.3500,0.0000e+00,4.5780e+28,0.0000e+00,4.7000e+26,8.2796e+32,9.5513e+31,250
122,4,0.3500,0.5500,0.0000e+00,1.1836e+29,0.0000e+00,2.4400e+27,8.4051e+32,6.3994e+31,250
122,5,0.5500,1.0100,0.0000e+00,1.1280e+29,0.0000e+00,3.1930e+28,4.1430e+32,6.7143e+31,250
123,0,0.0000,0.0500,0.0000e+00,1.0000e+25,0.0000e+00,0.0000e+00,5.8294e+32,3.4889e+32,251
123,1,0.0500,0.1000,0.0000e+00,9.4000e+26,0.0000e+00,2.0000e+25,3.4172e+32,1.1226e+32,251
123,2,0.1000,0.2000,0.0000e+00,1.0120e+28,0.0000e+00,3.0000e+25,6.9283e+32,1.6399e+32,251
123,3,0.2000,0.3500,0.0000e+00,4.5890e+28,0.0000e+00,6.3000e+26,8.9140e+32,9.5956e+31,251
123,4,0.3500,0.5500,0.0000e+00,1.1848e+29,0.0000e+00,2.5800e+27,8.6215e+32,6.5043e+31,251
123,5,0.5500,1.0100,0.0000e+00,1.1968e+29,0.0000e+00,2.9630e+28,4.2570e+32,6.5618e+31,251
124,0,0.0000,0.0500,0.0000e+00,0.0000e+00,0.0000e+00,0.0000e+00,5.4218e+32,3.7334e+32,254
124,1,0.0500,0.1000,0.0000e+00,6.6000e+26,0.0000e+00,0.0000e+00,3.4276e+32,1.0403e+32,254
124,2,0.1000,0.2000,0.0000e+00,1.0210e+28,0.0000e+00,5.0000e+25,7.1720e+32,1.6280e+32,254
124,3,0.2000,0.3500,0.0000e+00,4.9730e+28,0.0000e+00,4.2000e+26,9.2824e+32,9.0535e+31,254
124,4,0.3500,0.5500,0.0000e+00,1.2708e+29,0.0000e+00,3.1600e+27,8.8030e+32,6.5257e+31,254
124,5,0.5500,1.0100,0.0000e+00,1.2242e+29,0.0000e+00,2.6930e+28,4.3031e+32,6.7072e+31,254
125,0,0.0000,0.0500,0.0000e+00,0.0000e+00,0.0000e+00,1.0000e+25,5.0769e+32,3.7708e+32,255
125,1,0.0500,0.1000,0.0000e+00,5.3000e+26,0.0000e+00,0.0000e+00,3.7424e+32,1.0705e+32,255
125,2,0.1000,0.2000,0.0000e+00,9.8200e+27,0.0000e+00,1.1000e+26,7.1989e+32,1.6874e+32,255
125,3,0.2000,0.3500,0.0000e+00,4.6810e+28,0.0000e+00,4.9000e+26,9.0363e+32,8.3751e+31,255
125,4,0.3500,0.5500,0.0000e+00,1.2175e+29,0.0000e+00,2.7000e+27,8.5958e+32,6.3635e+31,255
125,5,0.5500,1.0100,0.0000e+00,1.3941e+29,0.0000e+00,2.8310e+28,4.9038e+32,6.7501e+31,255
126,0,0.0000,0.0500,0.0000e+00,0.0000e+00,0.0000e+00,0.0000e+00,4.9324e+32,3.8432e+32,257
126,1,0.0500,0.1000,0.0000e+00,6.6000e+26,0.0000e+00,0.0000e+00,3.7482e+32,1.1426e+32,257
126,2,0.1000,0.2000,0.0000e+00,9.3900e+27,0.0000e+00,6.0000e+25,7.2480e+32,1.6304e+32,257
126,3,0.2000,0.3500,0.0000e+00,4.7730e+28,0.0000e+00,4.8000e+26,9.0938e+32,8.6604e+31,257
126,4,0.3500,0.5500,0.0000e+00,1.1835e+29,0.0000e+00,2.9000e+27,8.4626e+32,5.9702e+31,257
126,5,0.5500,1.0100,0.0000e+00,1.4796e+29,0.0000e+00,2.8190e+28,5.3603e+32,6.7988e+31,257
127,0,0.0000,0.0500,0.0000e+00,1.0000e+25,0.0000e+00,0.0000e+00,5.7282e+32,3.1264e+32,259
127,1,0.0500,0.1000,0.0000e+00,7.7000e+26,0.0000e+00,1.0000e+25,3.4493e+32,1.2248e+32,259
127,2,0.1000,0.2000,0.0000e+00,9.7200e+27,0.0000e+00,5.0000e+25,7.5915e+32,1.6230e+32,259
127,3,0.2000,0.3500,0.0000e+00,4.6240e+28,0.0000e+00,6.3000e+26,8.7434e+32,9.5882e+31,259
127,4,0.3500,0.5500,0.0000e+00,1.1933e+29,0.0000e+00,2.5400e+27,8.6499e+32,6.5208e+31,259
127,5,0.5500,1.0100,0.0000e+00,1.5035e+29,0.0000e+00,3.0620e+28,5.5533e+32,7.6417e+31,259
128,0,0.0000,0.0500,0.0000e+00,0.0000e+00,0.0000e+00,0.0000e+00,5.7091e+32,3.2124e+32,260
128,1,0.0500,0.1000,0.0000e+00,6.8000e+26,0.0000e+00,0.0000e+00,3.2737e+32,1.1797e+32,260
128,2,0.1000,0.2000,0.0000e+00,1.0140e+28,0.0000e+00,4.0000e+25,7.5397e+32,1.6145e+32,260
128,3,0.2000,0.3500,0.0000e+00,4.1140e+28,0.0000e+00,4.5000e+26,8.3135e+32,9.5249e+31,260
128,4,0.3500,0.5500,0.0000e+00,1.2673e+29,0.0000e+00,2.8200e+27,9.2582e+32,6.6599e+31,260
128,5,0.5500,1.0100,0.0000e+00,1.5945e+29,0.0000e+00,2.9370e+28,5.7825e+32,7.5241e+31,260
129,0,0.0000,0.0500,0.0000e+00,0.0000e+00,0.0000e+00,0.0000e+00,5.7150e+32,3.4315e+32,262
129,1,0.0500,0.1000,0.0000e+00,6.5000e+26,0.0000e+00,0.0000e+00,3.2439e+32,1.0237e+32,262
129,2,0.1000,0.2000,0.0000e+00,8.1300e+27,0.0000e+00,7.0000e+25,6.8282e+32,1.6188e+32,262
129,3,0.2000,0.3500,0.0000e+00,4.1930e+28,0.0000e+00,5.8000e+26,8.8721e+32,9.5971e+31,262
129,4,0.3500,0.5500,0.0000e+00,1.2922e+29,0.0000e+00,2.6700e+27,9.5434e+32,6.8338e+31,262
129,5,0.5500,1.0100,0.0000e+00,1.6887e+29,0.0000e+00,2.6150e+28,5.9704e+32,7.3658e+31,262
130,0,0.0000,0.0500,0.0000e+00,0.0000e+00,0.0000e+00,0.0000e+00,5.2958e+32,3.6381e+32,263
130,1,0.0500,0.1000,0.0000e+00,4.5000e+26,0.0000e+00,0.0000e+00,3.2557e+32,9.3401e+31,263
130,2,0.1000,0.2000,0.0000e+00,7.9200e+27,0.0000e+00,7.0000e+25,6.9427e+32,1.6034e+32,263
130,3,0.2000,0.3500,0.0000e+00,4.2660e+28,0.0000e+00,2.2000e+26,9.1733e+32,8.9575e+31,263
130,4,0.3500,0.5500,0.0000e+00,1.3449e+29,0.0000e+00,2.5100e+27,9.6398e+32,6.8084e+31,263
130,5,0.5500,1.0100,0.0000e+00,1.7069e+29,0.0000e+00,2.6320e+28,6.0048e+32,7.4458e+31,263
131,0,0.0000,0.0500,0.0000e+00,0.0000e+00,0.0000e+00,0.0000e+00,5.0122e+32,3.6895e+32,265
131,1,0.0500,0.1000,0.0000e+00,5.7000e+26,0.0000e+00,0.0000e+00,3.5520e+32,9.6629e+31,265
131,2,0.1000,0.2000,0.0000e+00,8.5900e+27,0.0000e+00,5.0000e+25,6.9847e+32,1.6617e+32,265
131,3,0.2000,0.3500,0.0000e+00,4.1750e+28,0.0000e+00,4.2000e+26,9.0444e+32,8.4504e+31,265
131,4,0.3500,0.5500,0.0000e+00,1.2600e+29,0.0000e+00,2.2000e+27,9.2623e+32,6.6053e+31,265
131,5,0.5500,1.0100,0.0000e+00,1.9057e+29,0.0000e+00,2.8530e+28,6.7488e+32,7.5193e+31,265
132,0,0.0000,0.0500,0.0000e+00,0.0000e+00,0.0000e+00,0.0000e+00,5.0339e+32,3.6139e+32,267
132,1,0.0500,0.1000,0.0000e+00,7.2000e+26,0.0000e+00,0.0000e+00,3.4875e+32,1.0530e+32,267
132,2,0.1000,0.2000,0.0000e+00,7.9200e+27,0.0000e+00,7.0000e+25,7.1224e+32,1.6181e+32,267
132,3,0.2000,0.3500,0.0000e+00,4.3460e+28,0.0000e+00,6.3000e+26,8.9129e+32,8.9527e+31,267
132,4,0.3500,0.5500,0.0000e+00,1.2423e+29,0.0000e+00,2.0300e+27,9.1533e+32,6.3535e+31,267
132,5,0.5500,1.0100,0.0000e+00,2.0806e+29,0.0000e+00,2.6050e+28,7.2661e+32,7.7539e+31,267
133,0,0.0000,0.0500,0.0000e+00,1.0000e+25,0.0000e+00,0.0000e+00,5.6226e+32,3.1453e+32,269
133,1,0.0500,0.1000,0.0000e+00,3.5000e+26,0.0000e+00,0.0000e+00,3.1610e+32,1.0957e+32,269
133,2,0.1000,0.2000,0.0000e+00,8.7200e+27,0.0000e+00,4.0000e+25,7.4039e+32,1.6309e+32,269
133,3,0.2000,0.3500,0.0000e+00,3.8650e+28,0.0000e+00,6.3000e+26,8.5208e+32,9.8537e+31,269
133,4,0.3500,0.5500,0.0000e+00,1.2392e+29,0.0000e+00,2.6700e+27,9.3585e+32,6.9618e+31,269
133,5,0.5500,1.0100,0.0000e+00,2.1340e+29,0.0000e+00,2.8750e+28,7.5372e+32,8.5869e+31,269
134,0,0.0000,0.0500,0.0000e+00,0.0000e+00,0.0000e+00,0.0000e+00,5.5769e+32,3.2587e+32,270
134,1,0.0500,0.1000,0.0000e+00,6.7000e+26,0.0000e+00,0.0000e+00,3.0765e+32,1.0340e+32,270
134,2,0.1000,0.2000,0.0000e+00,7.9300e+27,0.0000e+00,4.0000e+25,7.1321e+32,1.6262e+32,270
134,3,0.2000,0.3500,0.0000e+00,3.4490e+28,0.0000e+00,5.5000e+26,8.2286e+32,9.8412e+31,270
134,4,0.3500,0.5500,0.0000e+00,1.2749e+29,0.0000e+00,2.9200e+27,9.9581e+32,7.1649e+31,270
134,5,0.5500,1.0100,0.0000e+00,2.1979e+29,0.0000e+00,2.6130e+28,7.7667e+32,8.3687e+31,270
135,0,0.0000,0.0500,0.0000e+00,1.0000e+25,0.0000e+00,0.0000e+00,5.4650e+32,3.4829e+32,272
135,1,0.0500,0.1000,0.0000e+00,5.3000e+26,0.0000e+00,1.0000e+25,3.0365e+32,8.9631e+31,272
135,2,0.1000,0.2000,0.0000e+00,7.1800e+27,0.0000e+00,5.0000e+25,6.6811e+32,1.6240e+32,272
135,3,0.2000,0.3500,0.0000e+00,3.7440e+28,0.0000e+00,3.5000e+26,8.8830e+32,9.6899e+31,272
135,4,0.3500,0.5500,0.0000e+00,1.3101e+29,0.0000e+00,2.4200e+27,1.0081e+33,7.2628e+31,272
135,5,0.5500,1.0100,0.0000e+00,2.2473e+29,0.0000e+00,2.5290e+28,7.8788e+32,8.3404e+31,272
136,0,0.0000,0.0500,0.0000e+00,0.0000e+00,0.0000e+00,0.0000e+00,5.0789e+32,3.5824e+32,273
136,1,0.0500,0.1000,0.0000e+00,3.8000e+26,0.0000e+00,1.0000e+25,3.2171e+32,8.7928e+31,273
136,2,0.1000,0.2000,0.0000e+00,7.4300e+27,0.0000e+00,3.0000e+25,6.7751e+32,1.6611e+32,273
136,3,0.2000,0.3500,0.0000e+00,3.8720e+28,0.0000e+00,5.2000e+26,8.9383e+32,8.9114e+31,273
136,4,0.3500,0.5500,0.0000e+00,1.2986e+29,0.0000e+00,2.4000e+27,9.9110e+32,7.2127e+31,273
136,5,0.5500,1.0100,0.0000e+00,2.3198e+29,0.0000e+00,2.5460e+28,8.2435e+32,8.4130e+31,273
137,0,0.0000,0.0500,0.0000e+00,0.0000e+00,0.0000e+00,0.0000e+00,4.9183e+32,3.6486e+32,275
137,1,0.0500,0.1000,0.0000e+00,4.3000e+26,0.0000e+00,1.0000e+25,3.3301e+32,9.2383e+31,275
137,2,0.1000,0.2000,0.0000e+00,7.1100e+27,0.0000e+00,8.0000e+25,6.8335e+32,1.6502e+32,275
137,3,0.2000,0.3500,0.0000e+00,3.7520e+28,0.0000e+00,5.0000e+26,8.8311e+32,9.1044e+31,275
137,4,0.3500,0.5500,0.0000e+00,1.1960e+29,0.0000e+00,1.8300e+27,9.4848e+32,6.7312e+31,275
137,5,0.5500,1.0100,0.0000e+00,2.4919e+29,0.0000e+00,2.1170e+28,9.0508e+32,8.4626e+31,275
138,0,0.0000,0.0500,0.0000e+00,1.0000e+25,0.0000e+00,0.0000e+00,5.3741e+32,3.1922e+32,276
138,1,0.0500,0.1000,0.0000e+00,5.3000e+26,0.0000e+00,0.0000e+00,3.0186e+32,1.0180e+32,276
138,2,0.1000,0.2000,0.0000e+00,7.6200e+27,0.0000e+00,4.0000e+25,7.1277e+32,1.6598e+32,276
138,3,0.2000,0.3500,0.0000e+00,3.6630e+28,0.0000e+00,4.6000e+26,8.4024e+32,1.0564e+32,276
138,4,0.3500,0.5500,0.0000e+00,1.1781e+29,0.0000e+00,2.2000e+27,9.4489e+32,7.5956e+31,276
138,5,0.5500,1.0100,0.0000e+00,2.6124e+29,0.0000e+00,2.6700e+28,9.3208e+32,9.6175e+31,276
139,0,0.0000,0.0500,0.0000e+00,0.0000e+00,0.0000e+00,0.0000e+00,5.4900e+32,3.1822e+32,278
139,1,0.0500,0.1000,0.0000e+00,3.0000e+26,0.0000e+00,0.0000e+00,2.8381e+32,1.0011e+32,278
139,2,0.1000,0.2000,0.0000e+00,7.4400e+27,0.0000e+00,3.0000e+25,7.1247e+32,1.6679e+32,278
139,3,0.2000,0.3500,0.0000e+00,3.1920e+28,0.0000e+00,5.9000e+26,7.9762e+32,1.0898e+32,278
139,4,0.3500,0.5500,0.0000e+00,1.2035e+29,0.0000e+00,2.3500e+27,9.9492e+32,7.9917e+31,278
139,5,0.5500,1.0100,0.0000e+00,2.7490e+29,0.0000e+00,2.6040e+28,9.6221e+32,9.7364e+31,278
140,0,0.0000,0.0500,0.0000e+00,1.0000e+25,0.0000e+00,0.0000e+00,5.4374e+32,3.3751e+32,280
140,1,0.0500,0.1000,0.0000e+00,5.2000e+26,0.0000e+00,1.0000e+25,2.8120e+32,8.7321e+31,280
140,2,0.1000,0.2000,0.0000e+00,5.9500e+27,0.0000e+00,4.0000e+25,6.5534e+32,1.6753e+32,280
140,3,0.2000,0.3500,0.0000e+00,3.2740e+28,0.0000e+00,4.9000e+26,8.5404e+32,1.0884e+32,280
140,4,0.3500,0.5500,0.0000e+00,1.2247e+29,0.0000e+00,2.6900e+27,1.0169e+33,8.1807e+31,280
140,5,0.5500,1.0100,0.0000e+00,2.8602e+29,0.0000e+00,2.6790e+28,9.7740e+32,9.6134e+31,280
141,0,0.0000,0.0500,0.0000e+00,1.0000e+25,0.0000e+00,0.0000e+00,5.0706e+32,3.5049e+32,281
141,1,0.0500,0.1000,0.0000e+00,3.8000e+26,0.0000e+00,0.0000e+00,2.9425e+32,8.2949e+31,281
141,2,0.1000,0.2000,0.0000e+00,6.3800e+27,0.0000e+00,6.0000e+25,6.5953e+32,1.7088e+32,281
141,3,0.2000,0.3500,0.0000e+00,3.2530e+28,0.0000e+00,5.1000e+26,8.7257e+32,1.0076e+32,281
141,4,0.3500,0.5500,0.0000e+00,1.2151e+29,0.0000e+00,2.4500e+27,1.0058e+33,8.1543e+31,281
141,5,0.5500,1.0100,0.0000e+00,2.9566e+29,0.0000e+00,2.4740e+28,1.0021e+33,9.7121e+31,281
142,0,0.0000,0.0500,0.0000e+00,0.0000e+00,0.0000e+00,0.0000e+00,4.8993e+32,3.5568e+32,283
142,1,0.0500,0.1000,0.0000e+00,4.5000e+26,0.0000e+00,0.0000e+00,3.0925e+32,8.7391e+31,283
142,2,0.1000,0.2000,0.0000e+00,6.0400e+27,0.0000e+00,5.0000e+25,6.6435e+32,1.7231e+32,283
142,3,0.2000,0.3500,0.0000e+00,3.3430e+28,0.0000e+00,4.5000e+26,8.6017e+32,1.0133e+32,283
142,4,0.3500,0.5500,0.0000e+00,1.1211e+29,0.0000e+00,2.2400e+27,9.5985e+32,7.7031e+31,283
142,5,0.5500,1.0100,0.0000e+00,3.1506e+29,0.0000e+00,2.6310e+28,1.0856e+33,9.7811e+31,283
143,0,0.0000,0.0500,0.0000e+00,0.0000e+00,0.0000e+00,0.0000e+00,5.2737e+32,3.1760e+32,284
143,1,0.0500,0.1000,0.0000e+00,2.8000e+26,0.0000e+00,0.0000e+00,2.7836e+32,9.7448e+31,284
143,2,0.1000,0.2000,0.0000e+00,6.4400e+27,0.0000e+00,9.0000e+25,6.9354e+32,1.7424e+32,284
143,3,0.2000,0.3500,0.0000e+00,3.2400e+28,0.0000e+00,4.6000e+26,8.1543e+32,1.1864e+32,284
143,4,0.3500,0.5500,0.0000e+00,1.0851e+29,0.0000e+00,2.6600e+27,9.4104e+32,8.8338e+31,284
143,5,0.5500,1.0100,0.0000e+00,3.1756e+29,0.0000e+00,2.9540e+28,1.1203e+33,1.1256e+32,284
144,0,0.0000,0.0500,0.0000e+00,1.0000e+25,0.0000e+00,0.0000e+00,5.4044e+32,3.1224e+32,285
144,1,0.0500,0.1000,0.0000e+00,2.5000e+26,0.0000e+00,1.0000e+25,2.5708e+32,9.7030e+31,285
144,2,0.1000,0.2000,0.0000e+00,6.4100e+27,0.0000e+00,2.0000e+25,6.9458e+32,1.7520e+32,285
144,3,0.2000,0.3500,0.0000e+00,2.7650e+28,0.0000e+00,5.5000e+26,7.7238e+32,1.2369e+32,285
144,4,0.3500,0.5500,0.0000e+00,1.1043e+29,0.0000e+00,3.1700e+27,9.7976e+32,9.4243e+31,285
144,5,0.5500,1.0100,0.0000e+00,3.3165e+29,0.0000e+00,2.9340e+28,1.1420e+33,1.1530e+32,285
145,0,0.0000,0.0500,0.0000e+00,1.0000e+25,0.0000e+00,0.0000e+00,5.3441e+32,3.3064e+32,287
145,1,0.0500,0.1000,0.0000e+00,3.0000e+26,0.0000e+00,0.0000e+00,2.5431e+32,8.5179e+31,287
145,2,0.1000,0.2000,0.0000e+00,5.3800e+27,0.0000e+00,3.0000e+25,6.4695e+32,1.7638e+32,287
145,3,0.2000,0.3500,0.0000e+00,2.8940e+28,0.0000e+00,4.7000e+26,8.2263e+32,1.2301e+32,287
145,4,0.3500,0.5500,0.0000e+00,1.1174e+29,0.0000e+00,2.7100e+27,9.9985e+32,9.6574e+31,287
145,5,0.5500,1.0100,0.0000e+00,3.4004e+29,0.0000e+00,3.0550e+28,1.1553e+33,1.1418e+32,287
146,0,0.0000,0.0500,0.0000e+00,0.0000e+00,0.0000e+00,0.0000e+00,4.9994e+32,3.4206e+32,288
146,1,0.0500,0.1000,0.0000e+00,4.1000e+26,0.0000e+00,0.0000e+00,2.6980e+32,8.1694e+31,288
146,2,0.1000,0.2000,0.0000e+00,5.7100e+27,0.0000e+00,7.0000e+25,6.4738e+32,1.8091e+32,288
146,3,0.2000,0.3500,0.0000e+00,2.8800e+28,0.0000e+00,6.5000e+26,8.4122e+32,1.1482e+32,288
146,4,0.3500,0.5500,0.0000e+00,1.1055e+29,0.0000e+00,2.9500e+27,9.8287e+32,9.6268e+31,288
146,5,0.5500,1.0100,0.0000e+00,3.5215e+29,0.0000e+00,2.8610e+28,1.1843e+33,1.1532e+32,288
147,0,0.0000,0.0500,0.0000e+00,0.0000e+00,0.0000e+00,0.0000e+00,4.8496e+32,3.4689e+32,290
147,1,0.0500,0.1000,0.0000e+00,3.2000e+26,0.0000e+00,0.0000e+00,2.8120e+32,8.6803e+31,290
147,2,0.1000,0.2000,0.0000e+00,5.7000e+27,0.0000e+00,1.0000e+26,6.5389e+32,1.8109e+32,290
147,3,0.2000,0.3500,0.0000e+00,2.8060e+28,0.0000e+00,6.3000e+26,8.2621e+32,1.1742e+32,290
147,4,0.3500,0.5500,0.0000e+00,9.8980e+28,0.0000e+00,2.7700e+27,9.4321e+32,9.1101e+31,290
147,5,0.5500,1.0100,0.0000e+00,3.6644e+29,0.0000e+00,2.7910e+28,1.2632e+33,1.1601e+32,290
148,0,0.0000,0.0500,0.0000e+00,0.0000e+00,0.0000e+00,0.0000e+00,5.3066e+32,3.1312e+32,291
148,1,0.0500,0.1000,0.0000e+00,2.0000e+26,0.0000e+00,1.0000e+25,2.4028e+32,9.8640e+31,291
148,2,0.1000,0.2000,0.0000e+00,5.9400e+27,0.0000e+00,4.0000e+25,6.8379e+32,1.8580e+32,291
148,3,0.2000,0.3500,0.0000e+00,2.5850e+28,0.0000e+00,6.2000e+26,7.7506e+32,1.4228e+32,291
148,4,0.3500,0.5500,0.0000e+00,9.9430e+28,0.0000e+00,3.1800e+27,9.1763e+32,1.1198e+32,291
148,5,0.5500,1.0100,0.0000e+00,3.7321e+29,0.0000e+00,3.3370e+28,1.2818e+33,1.4185e+32,291
149,0,0.0000,0.0500,0.0000e+00,0.0000e+00,0.0000e+00,0.0000e+00,5.3102e+32,3.1976e+32,292
149,1,0.0500,0.1000,0.0000e+00,3.0000e+26,0.0000e+00,0.0000e+00,2.2870e+32,9.4891e+31,292
149,2,0.1000,0.2000,0.0000e+00,5.4800e+27,0.0000e+00,2.0000e+25,6.7099e+32,1.8640e+32,292
149,3,0.2000,0.3500,0.0000e+00,2.3950e+28,0.0000e+00,7.0000e+26,7.4608e+32,1.4404e+32,292
149,4,0.3500,0.5500,0.0000e+00,9.9890e+28,0.0000e+00,3.6200e+27,9.6216e+32,1.1589e+32,292
149,5,0.5500,1.0100,0.0000e+00,3.8993e+29,0.0000e+00,3.7100e+28,1.2984e+33,1.4105e+32,292
150,0,0.0000,0.0500,0.0000e+00,0.0000e+00,0.0000e+00,0.0000e+00,5.1735e+32,3.3982e+32,294
150,1,0.0500,0.1000,0.0000e+00,2.2000e+26,0.0000e+00,0.0000e+00,2.2882e+32,8.3167e+31,294
150,2,0.1000,0.2000,0.0000e+00,4.9000e+27,0.0000e+00,1.0000e+26,6.3764e+32,1.8797e+32,294
150,3,0.2000,0.3500,0.0000e+00,2.5920e+28,0.0000e+00,5.9000e+26,7.9809e+32,1.4115e+32,294
150,4,0.3500,0.5500,0.0000e+00,1.0370e+29,0.0000e+00,3.2600e+27,9.7478e+32,1.1754e+32,294
150,5,0.5500,1.0100,0.0000e+00,3.9460e+29,0.0000e+00,3.6810e+28,1.3072e+33,1.4177e+32,294
151,0,0.0000,0.0500,0.0000e+00,0.0000e+00,0.0000e+00,0.0000e+00,4.8500e+32,3.4535e+32,294
151,1,0.0500,0.1000,0.0000e+00,2.0000e+26,0.0000e+00,0.0000e+00,2.4921e+32,8.3413e+31,294
151,2,0.1000,0.2000,0.0000e+00,5.1700e+27,0.0000e+00,1.0000e+26,6.3434e+32,1.9331e+32,294
151,3,0.2000,0.3500,0.0000e+00,2.6960e+28,0.0000e+00,7.7000e+26,8.0461e+32,1.3383e+32,294
151,4,0.3500,0.5500,0.0000e+00,9.4110e+28,0.0000e+00,3.2500e+27,9.3784e+32,1.1514e+32,294
151,5,0.5500,1.0100,0.0000e+00,4.0922e+29,0.0000e+00,3.1900e+28,1.3488e+33,1.4235e+32,294
152,0,0.0000,0.0500,0.0000e+00,0.0000e+00,0.0000e+00,0.0000e+00,4.9243e+32,3.3796e+32,296
152,1,0.0500,0.1000,0.0000e+00,2.6000e+26,0.0000e+00,0.0000e+00,2.4023e+32,9.3214e+31,296
152,2,0.1000,0.2000,0.0000e+00,5.1600e+27,0.0000e+00,4.0000e+25,6.4988e+32,1.9435e+32,296
152,3,0.2000,0.3500,0.0000e+00,2.5100e+28,0.0000e+00,6.1000e+26,7.7134e+32,1.4800e+32,296
152,4,0.3500,0.5500,0.0000e+00,8.7570e+28,0.0000e+00,3.2100e+27,9.0320e+32,1.2046e+32,296
152,5,0.5500,1.0100,0.0000e+00,4.2274e+29,0.0000e+00,3.6530e+28,1.4059e+33,1.5699e+32,296
153,0,0.0000,0.0500,0.0000e+00,0.0000e+00,0.0000e+00,0.0000e+00,5.2510e+32,3.2240e+32,298
153,1,0.0500,0.1000,0.0000e+00,2.1000e+26,0.0000e+00,0.0000e+00,2.1116e+32,9.9912e+31,298
153,2,0.1000,0.2000,0.0000e+00,5.5100e+27,0.0000e+00,8.0000e+25,6.6926e+32,2.0010e+32,298
153,3,0.2000,0.3500,0.0000e+00,2.2160e+28,0.0000e+00,6.4000e+26,7.2423e+32,1.6935e+32,298
153,4,0.3500,0.5500,0.0000e+00,8.6710e+28,0.0000e+00,4.1600e+27,9.0110e+32,1.4294e+32,298
153,5,0.5500,1.0100,0.0000e+00,4.1895e+29,0.0000e+00,4.3920e+28,1.4111e+33,1.8315e+32,298
154,0,0.0000,0.0500,0.0000e+00,0.0000e+00,0.0000e+00,0.0000e+00,5.2093e+32,3.3430e+32,298
154,1,0.0500,0.1000,0.0000e+00,1.3000e+26,0.0000e+00,0.0000e+00,2.0399e+32,9.0977e+31,298
154,2,0.1000,0.2000,0.0000e+00,4.7800e+27,0.0000e+00,1.2000e+26,6.3357e+32,2.0001e+32,298
154,3,0.2000,0.3500,0.0000e+00,2.0930e+28,0.0000e+00,6.4000e+26,7.3013e+32,1.6881e+32,298
154,4,0.3500,0.5500,0.0000e+00,9.0020e+28,0.0000e+00,4.3400e+27,9.3094e+32,1.4560e+32,298
154,5,0.5500,1.0100,0.0000e+00,4.2812e+29,0.0000e+00,4.2910e+28,1.4167e+33,1.8057e+32,298
155,0,0.0000,0.0500,0.0000e+00,1.0000e+25,0.0000e+00,1.0000e+25,4.9042e+32,3.5048e+32,299
155,1,0.0500,0.1000,0.0000e+00,1.5000e+26,0.0000e+00,1.0000e+25,2.1496e+32,8.3329e+31,299
155,2,0.1000,0.2000,0.0000e+00,4.5700e+27,0.0000e+00,1.1000e+26,6.1493e+32,2.0466e+32,299
155,3,0.2000,0.3500,0.0000e+00,2.3570e+28,0.0000e+00,7.5000e+26,7.7040e+32,1.6002e+32,299
155,4,0.3500,0.5500,0.0000e+00,8.8470e+28,0.0000e+00,4.4900e+27,9.2601e+32,1.4589e+32,299
155,5,0.5500,1.0100,0.0000e+00,4.4340e+29,0.0000e+00,4.2930e+28,1.4297e+33,1.8219e+32,299
156,0,0.0000,0.0500,0.0000e+00,0.0000e+00,0.0000e+00,0.0000e+00,4.7415e+32,3.5493e+32,301
156,1,0.0500,0.1000,0.0000e+00,2.0000e+26,0.0000e+00,0.0000e+00,2.2984e+32,8.7819e+31,301
156,2,0.1000,0.2000,0.0000e+00,4.6500e+27,0.0000e+00,9.0000e+25,6.2015e+32,2.0781e+32,301
156,3,0.2000,0.3500,0.0000e+00,2.3080e+28,0.0000e+00,9.2000e+26,7.6283e+32,1.6174e+32,301
156,4,0.3500,0.5500,0.0000e+00,8.1160e+28,0.0000e+00,3.3600e+27,8.9655e+32,1.4047e+32,301
156,5,0.5500,1.0100,0.0000e+00,4.4920e+29,0.0000e+00,4.1510e+28,1.4878e+33,1.8400e+32,301
157,0,0.0000,0.0500,0.0000e+00,0.0000e+00,0.0000e+00,0.0000e+00,5.1098e+32,3.3215e+32,302
157,1,0.0500,0.1000,0.0000e+00,1.6000e+26,0.0000e+00,1.0000e+25,2.0017e+32,1.0084e+32,302
157,2,0.1000,0.2000,0.0000e+00,4.8100e+27,0.0000e+00,9.0000e+25,6.3557e+32,2.1584e+32,302
157,3,0.2000,0.3500,0.0000e+00,2.1380e+28,0.0000e+00,8.6000e+26,7.1249e+32,1.9641e+32,302
157,4,0.3500,0.5500,0.0000e+00,7.7010e+28,0.0000e+00,5.4700e+27,8.4016e+32,1.7514e+32,302
157,5,0.5500,1.0100,0.0000e+00,4.4518e+29,0.0000e+00,5.3930e+28,1.4832e+33,2.3686e+32,302
158,0,0.0000,0.0500,0.0000e+00,0.0000e+00,0.0000e+00,0.0000e+00,5.1326e+32,3.3601e+32,302
158,1,0.0500,0.1000,0.0000e+00,9.0000e+25,0.0000e+00,0.0000e+00,1.8627e+32,9.7829e+31,302
158,2,0.1000,0.2000,0.0000e+00,4.8700e+27,0.0000e+00,1.4000e+26,6.2670e+32,2.1690e+32,302
158,3,0.2000,0.3500,0.0000e+00,1.9580e+28,0.0000e+00,9.6000e+26,6.7532e+32,2.0099e+32,302
158,4,0.3500,0.5500,0.0000e+00,7.8180e+28,0.0000e+00,5.2600e+27,8.8020e+32,1.8285e+32,302
158,5,0.5500,1.0100,0.0000e+00,4.4232e+29,0.0000e+00,5.2030e+28,1.4812e+33,2.4092e+32,302
159,0,0.0000,0.0500,0.0000e+00,0.0000e+00,0.0000e+00,0.0000e+00,4.9902e+32,3.5605e+32,304
159,1,0.0500,0.1000,0.0000e+00,1.2000e+26,0.0000e+00,0.0000e+00,1.8813e+32,8.6862e+31,304
159,2,0.1000,0.2000,0.0000e+00,4.3400e+27,0.0000e+00,1.3000e+26,5.9444e+32,2.2215e+32,304
159,3,0.2000,0.3500,0.0000e+00,1.9710e+28,0.0000e+00,1.0200e+27,7.2374e+32,1.9443e+32,304
159,4,0.3500,0.5500,0.0000e+00,7.7050e+28,0.0000e+00,4.7900e+27,8.9111e+32,1.8489e+32,304
159,5,0.5500,1.0100,0.0000e+00,4.5635e+29,0.0000e+00,5.3100e+28,1.4886e+33,2.4227e+32,304
160,0,0.0000,0.0500,0.0000e+00,0.0000e+00,0.0000e+00,0.0000e+00,4.7077e+32,3.6080e+32,304
160,1,0.0500,0.1000,0.0000e+00,1.5000e+26,0.0000e+00,0.0000e+00,2.0784e+32,8.8229e+31,304
160,2,0.1000,0.2000,0.0000e+00,4.4300e+27,0.0000e+00,1.2000e+26,5.8768e+32,2.2946e+32,304
160,3,0.2000,0.3500,0.0000e+00,2.1060e+28,0.0000e+00,8.0000e+26,7.2948e+32,1.8763e+32,304
160,4,0.3500,0.5500,0.0000e+00,7.4030e+28,0.0000e+00,4.7600e+27,8.6803e+32,1.8023e+32,304
160,5,0.5500,1.0100,0.0000e+00,4.6784e+29,0.0000e+00,5.3120e+28,1.5158e+33,2.4319e+32,304
161,0,0.0000,0.0500,0.0000e+00,0.0000e+00,0.0000e+00,0.0000e+00,4.8668e+32,3.4928e+32,305
161,1,0.0500,0.1000,0.0000e+00,1.7000e+26,0.0000e+00,0.0000e+00,1.9298e+32,9.9667e+31,305
161,2,0.1000,0.2000,0.0000e+00,4.2500e+27,0.0000e+00,2.1000e+26,5.9698e+32,2.3469e+32,305
161,3,0.2000,0.3500,0.0000e+00,2.0130e+28,0.0000e+00,1.1600e+27,6.9050e+32,2.1677e+32,305
161,4,0.3500,0.5500,0.0000e+00,6.8090e+28,0.0000e+00,6.3200e+27,8.0877e+32,2.0355e+32,305
161,5,0.5500,1.0100,0.0000e+00,4.5347e+29,0.0000e+00,6.0040e+28,1.5233e+33,2.9096e+32,305
162,0,0.0000,0.0500,0.0000e+00,0.0000e+00,0.0000e+00,0.0000e+00,5.0671e+32,3.4518e+32,307
162,1,0.0500,0.1000,0.0000e+00,1.6000e+26,0.0000e+00,0.0000e+00,1.7247e+32,1.0471e+32,307
162,2,0.1000,0.2000,0.0000e+00,4.7200e+27,0.0000e+00,2.2000e+26,6.0253e+32,2.4046e+32,307
162,3,0.2000,0.3500,0.0000e+00,1.8060e+28,0.0000e+00,1.4100e+27,6.4389e+32,2.3850e+32,307
162,4,0.3500,0.5500,0.0000e+00,6.9500e+28,0.0000e+00,6.7900e+27,8.2052e+32,2.3097e+32,307
162,5,0.5500,1.0100,0.0000e+00,4.5603e+29,0.0000e+00,6.8930e+28,1.5024e+33,3.2780e+32,307
163,0,0.0000,0.0500,0.0000e+00,1.0000e+25,0.0000e+00,0.0000e+00,4.9696e+32,3.6162e+32,307
163,1,0.0500,0.1000,0.0000e+00,1.1000e+26,0.0000e+00,0.0000e+00,1.6830e+32,9.2491e+31,307
163,2,0.1000,0.2000,0.0000e+00,4.0700e+27,0.0000e+00,1.3000e+26,5.6849e+32,2.4394e+32,307
163,3,0.2000,0.3500,0.0000e+00,1.8010e+28,0.0000e+00,1.2500e+27,6.6918e+32,2.3362e+32,307
163,4,0.3500,0.5500,0.0000e+00,7.1130e+28,0.0000e+00,7.0800e+27,8.3880e+32,2.3303e+32,307
163,5,0.5500,1.0100,0.0000e+00,4.5948e+29,0.0000e+00,6.7230e+28,1.5003e+33,3.2576e+32,307
164,0,0.0000,0.0500,0.0000e+00,0.0000e+00,0.0000e+00,0.0000e+00,4.6643e+32,3.7066e+32,307
164,1,0.0500,0.1000,0.0000e+00,1.3000e+26,0.0000e+00,0.0000e+00,1.8637e+32,8.9757e+31,307
164,2,0.1000,0.2000,0.0000e+00,3.7200e+27,0.0000e+00,1.8000e+26,5.5567e+32,2.5417e+32,307
164,3,0.2000,0.3500,0.0000e+00,1.8690e+28,0.0000e+00,1.0800e+27,6.8918e+32,2.2184e+32,307
164,4,0.3500,0.5500,0.0000e+00,6.9840e+28,0.0000e+00,6.4500e+27,8.2589e+32,2.2974e+32,307
164,5,0.5500,1.0100,0.0000e+00,4.5615e+29,0.0000e+00,6.6530e+28,1.5116e+33,3.2737e+32,307
165,0,0.0000,0.0500,0.0000e+00,0.0000e+00,0.0000e+00,0.0000e+00,4.7078e+32,3.6729e+32,309
165,1,0.0500,0.1000,0.0000e+00,1.4000e+26,0.0000e+00,1.0000e+25,1.8427e+32,1.0024e+32,309
165,2,0.1000,0.2000,0.0000e+00,4.1300e+27,0.0000e+00,1.8000e+26,5.6094e+32,2.5932e+32,309
165,3,0.2000,0.3500,0.0000e+00,1.8660e+28,0.0000e+00,1.5100e+27,6.6493e+32,2.4514e+32,309
165,4,0.3500,0.5500,0.0000e+00,6.2040e+28,0.0000e+00,7.3800e+27,7.8591e+32,2.4176e+32,309
165,5,0.5500,1.0100,0.0000e+00,4.6169e+29,0.0000e+00,7.5930e+28,1.5216e+33,3.6675e+32,309
166,0,0.0000,0.0500,0.0000e+00,0.0000e+00,0.0000e+00,0.0000e+00,4.9574e+32,3.5575e+32,309
166,1,0.0500,0.1000,0.0000e+00,9.0000e+25,0.0000e+00,0.0000e+00,1.6020e+32,1.0907e+32,309
166,2,0.1000,0.2000,0.0000e+00,4.2600e+27,0.0000e+00,1.8000e+26,5.6422e+32,2.6852e+32,309
166,3,0.2000,0.3500,0.0000e+00,1.6390e+28,0.0000e+00,1.6100e+27,6.0855e+32,2.7984e+32,309
166,4,0.3500,0.5500,0.0000e+00,6.0880e+28,0.0000e+00,8.1600e+27,7.5084e+32,2.8858e+32,309
166,5,0.5500,1.0100,0.0000e+00,4.4744e+29,0.0000e+00,9.6320e+28,1.4563e+33,4.4114e+32,309
167,0,0.0000,0.0500,0.0000e+00,0.0000e+00,0.0000e+00,0.0000e+00,4.9139e+32,3.7086e+32,310
167,1,0.0500,0.1000,0.0000e+00,5.0000e+25,0.0000e+00,0.0000e+00,1.5399e+32,9.9246e+31,310
167,2,0.1000,0.2000,0.0000e+00,3.4000e+27,0.0000e+00,1.8000e+26,5.4042e+32,2.7146e+32,310
167,3,0.2000,0.3500,0.0000e+00,1.6980e+28,0.0000e+00,1.5100e+27,6.1832e+32,2.7787e+32,310
167,4,0.3500,0.5500,0.0000e+00,6.4120e+28,0.0000e+00,9.3600e+27,7.7802e+32,2.9272e+32,310
167,5,0.5500,1.0100,0.0000e+00,4.4843e+29,0.0000e+00,9.3360e+28,1.4605e+33,4.3943e+32,310
168,0,0.0000,0.0500,0.0000e+00,0.0000e+00,0.0000e+00,0.0000e+00,4.6192e+32,3.8366e+32,310
168,1,0.0500,0.1000,0.0000e+00,8.0000e+25,0.0000e+00,1.0000e+25,1.6795e+32,9.3569e+31,310
168,2,0.1000,0.2000,0.0000e+00,3.6800e+27,0.0000e+00,1.7000e+26,5.2350e+32,2.8342e+32,310
168,3,0.2000,0.3500,0.0000e+00,1.7290e+28,0.0000e+00,1.4100e+27,6.4647e+32,2.6235e+32,310
168,4,0.3500,0.5500,0.0000e+00,6.0700e+28,0.0000e+00,8.2300e+27,7.7184e+32,2.9074e+32,310
168,5,0.5500,1.0100,0.0000e+00,4.5716e+29,0.0000e+00,8.9390e+28,1.4653e+33,4.4116e+32,310
169,0,0.0000,0.0500,0.0000e+00,0.0000e+00,0.0000e+00,0.0000e+00,4.5479e+32,3.8346e+32,311
169,1,0.0500,0.1000,0.0000e+00,1.3000e+26,0.0000e+00,0.0000e+00,1.7422e+32,1.0179e+32,311
169,2,0.1000,0.2000,0.0000e+00,3.7800e+27,0.0000e+00,1.8000e+26,5.2468e+32,2.8713e+32,311
169,3,0.2000,0.3500,0.0000e+00,1.6920e+28,0.0000e+00,1.5500e+27,6.3151e+32,2.8035e+32,311
169,4,0.3500,0.5500,0.0000e+00,5.8260e+28,0.0000e+00,8.8500e+27,7.4262e+32,2.8961e+32,311
169,5,0.5500,1.0100,0.0000e+00,4.6299e+29,0.0000e+00,9.6630e+28,1.4743e+33,4.6638e+32,311
170,0,0.0000,0.0500,0.0000e+00,0.0000e+00,0.0000e+00,0.0000e+00,4.8513e+32,3.6893e+32,311
170,1,0.0500,0.1000,0.0000e+00,1.3000e+26,0.0000e+00,3.0000e+25,1.4961e+32,1.1560e+32,311
170,2,0.1000,0.2000,0.0000e+00,3.8200e+27,0.0000e+00,1.9000e+26,5.2262e+32,2.9996e+32,311
170,3,0.2000,0.3500,0.0000e+00,1.5780e+28,0.0000e+00,2.3900e+27,5.6730e+32,3.2950e+32,311
170,4,0.3500,0.5500,0.0000e+00,5.3800e+28,0.0000e+00,1.0870e+28,6.7937e+32,3.5670e+32,311
170,5,0.5500,1.0100,0.0000e+00,4.2683e+29,0.0000e+00,1.1978e+29,1.3640e+33,5.8631e+32,311
171,0,0.0000,0.0500,0.0000e+00,0.0000e+00,0.0000e+00,2.0000e+25,4.8255e+32,3.8181e+32,312
171,1,0.0500,0.1000,0.0000e+00,1.1000e+26,0.0000e+00,0.0000e+00,1.4222e+32,1.0783e+32,312
171,2,0.1000,0.2000,0.0000e+00,3.2500e+27,0.0000e+00,2.9000e+26,5.0851e+32,3.0203e+32,312
171,3,0.2000,0.3500,0.0000e+00,1.4510e+28,0.0000e+00,2.0500e+27,5.6343e+32,3.2943e+32,312
171,4,0.3500,0.5500,0.0000e+00,5.7060e+28,0.0000e+00,1.0930e+28,7.0982e+32,3.6221e+32,312
171,5,0.5500,1.0100,0.0000e+00,4.2877e+29,0.0000e+00,1.1837e+29,1.3677e+33,5.8245e+32,312
172,0,0.0000,0.0500,0.0000e+00,0.0000e+00,0.0000e+00,0.0000e+00,4.5460e+32,3.9850e+32,312
172,1,0.0500,0.1000,0.0000e+00,9.0000e+25,0.0000e+00,0.0000e+00,1.5482e+32,9.9129e+31,312
172,2,0.1000,0.2000,0.0000e+00,3.1900e+27,0.0000e+00,2.8000e+26,4.8724e+32,3.1595e+32,312
172,3,0.2000,0.3500,0.0000e+00,1.6190e+28,0.0000e+00,2.0400e+27,5.9596e+32,3.0980e+32,312
172,4,0.3500,0.5500,0.0000e+00,5.5720e+28,0.0000e+00,1.0500e+28,7.0731e+32,3.6189e+32,312
172,5,0.5500,1.0100,0.0000e+00,4.2646e+29,0.0000e+00,1.1111e+29,1.3684e+33,5.8315e+32,312
173,0,0.0000,0.0500,0.0000e+00,0.0000e+00,0.0000e+00,0.0000e+00,4.4071e+32,4.0118e+32,313
173,1,0.0500,0.1000,0.0000e+00,1.1000e+26,0.0000e+00,0.0000e+00,1.6601e+32,1.0519e+32,313
173,2,0.1000,0.2000,0.0000e+00,3.5100e+27,0.0000e+00,2.6000e+26,4.8912e+32,3.2029e+32,313
173,3,0.2000,0.3500,0.0000e+00,1.5900e+28,0.0000e+00,1.9400e+27,5.8981e+32,3.2365e+32,313
173,4,0.3500,0.5500,0.0000e+00,5.3050e+28,0.0000e+00,1.0150e+28,6.9017e+32,3.4984e+32,313
173,5,0.5500,1.0100,0.0000e+00,4.3180e+29,0.0000e+00,1.1363e+29,1.3837e+33,5.9332e+32,313
174,0,0.0000,0.0500,0.0000e+00,0.0000e+00,0.0000e+00,2.0000e+25,4.7362e+32,3.8621e+32,313
174,1,0.0500,0.1000,0.0000e+00,1.4000e+26,0.0000e+00,0.0000e+00,1.4246e+32,1.2358e+32,313
174,2,0.1000,0.2000,0.0000e+00,3.5000e+27,0.0000e+00,2.9000e+26,4.7952e+32,3.3688e+32,313
174,3,0.2000,0.3500,0.0000e+00,1.4680e+28,0.0000e+00,2.3500e+27,5.1785e+32,3.8680e+32,313
174,4,0.3500,0.5500,0.0000e+00,4.8400e+28,0.0000e+00,1.3850e+28,6.0270e+32,4.3645e+32,313
174,5,0.5500,1.0100,0.0000e+00,3.9348e+29,0.0000e+00,1.4723e+29,1.2276e+33,7.5694e+32,313
175,0,0.0000,0.0500,0.0000e+00,0.0000e+00,0.0000e+00,0.0000e+00,4.7040e+32,3.9639e+32,313
175,1,0.0500,0.1000,0.0000e+00,5.0000e+25,0.0000e+00,1.0000e+25,1.3377e+32,1.1677e+32,313
175,2,0.1000,0.2000,0.0000e+00,3.3000e+27,0.0000e+00,2.9000e+26,4.7091e+32,3.3702e+32,313
175,3,0.2000,0.3500,0.0000e+00,1.3240e+28,0.0000e+00,2.2900e+27,5.0581e+32,3.8779e+32,313
175,4,0.3500,0.5500,0.0000e+00,4.9560e+28,0.0000e+00,1.3330e+28,6.3023e+32,4.4214e+32,313
175,5,0.5500,1.0100,0.0000e+00,3.9405e+29,0.0000e+00,1.4484e+29,1.2272e+33,7.4846e+32,313
176,0,0.0000,0.0500,0.0000e+00,0.0000e+00,0.0000e+00,0.0000e+00,4.4396e+32,4.1612e+32,313
176,1,0.0500,0.1000,0.0000e+00,1.4000e+26,0.0000e+00,0.0000e+00,1.4447e+32,1.0588e+32,313
176,2,0.1000,0.2000,0.0000e+00,3.0800e+27,0.0000e+00,3.2000e+26,4.5016e+32,3.5400e+32,313
176,3,0.2000,0.3500,0.0000e+00,1.4490e+28,0.0000e+00,1.9600e+27,5.3861e+32,3.6401e+32,313
176,4,0.3500,0.5500,0.0000e+00,5.1230e+28,0.0000e+00,1.3370e+28,6.2962e+32,4.4223e+32,313
176,5,0.5500,1.0100,0.0000e+00,3.9963e+29,0.0000e+00,1.3874e+29,1.2272e+33,7.4800e+32,313
177,0,0.0000,0.0500,0.0000e+00,0.0000e+00,0.0000e+00,0.0000e+00,4.2618e+32,4.1968e+32,314
177,1,0.0500,0.1000,0.0000e+00,6.0000e+25,0.0000e+00,1.0000e+25,1.5877e+32,1.1084e+32,314
177,2,0.1000,0.2000,0.0000e+00,3.4800e+27,0.0000e+00,3.3000e+26,4.5231e+32,3.6012e+32,314
177,3,0.2000,0.3500,0.0000e+00,1.5090e+28,0.0000e+00,2.2100e+27,5.3714e+32,3.7482e+32,314
177,4,0.3500,0.5500,0.0000e+00,4.9710e+28,0.0000e+00,1.2580e+28,6.2024e+32,4.2439e+32,314
177,5,0.5500,1.0100,0.0000e+00,4.0315e+29,0.0000e+00,1.3381e+29,1.2458e+33,7.4963e+32,314
178,0,0.0000,0.0500,0.0000e+00,0.0000e+00,0.0000e+00,0.0000e+00,4.5607e+32,4.0420e+32,313
178,1,0.0500,0.1000,0.0000e+00,4.0000e+25,0.0000e+00,0.0000e+00,1.3867e+32,1.3145e+32,313
178,2,0.1000,0.2000,0.0000e+00,3.7300e+27,0.0000e+00,3.4000e+26,4.3478e+32,3.7737e+32,313
178,3,0.2000,0.3500,0.0000e+00,1.3670e+28,0.0000e+00,2.5400e+27,4.6086e+32,4.4600e+32,313
178,4,0.3500,0.5500,0.0000e+00,4.2240e+28,0.0000e+00,1.6430e+28,5.1991e+32,5.1798e+32,313
178,5,0.5500,1.0100,0.0000e+00,3.6266e+29,0.0000e+00,1.7522e+29,1.0582e+33,9.3498e+32,313
179,0,0.0000,0.0500,0.0000e+00,0.0000e+00,0.0000e+00,0.0000e+00,4.5523e+32,4.1454e+32,314
179,1,0.0500,0.1000,0.0000e+00,1.5000e+26,0.0000e+00,0.0000e+00,1.2884e+32,1.2643e+32,314
179,2,0.1000,0.2000,0.0000e+00,3.0300e+27,0.0000e+00,4.4000e+26,4.3119e+32,3.7919e+32,314
179,3,0.2000,0.3500,0.0000e+00,1.2270e+28,0.0000e+00,2.3400e+27,4.4661e+32,4.5249e+32,314
179,4,0.3500,0.5500,0.0000e+00,4.5560e+28,0.0000e+00,1.5820e+28,5.4430e+32,5.3096e+32,314
179,5,0.5500,1.0100,0.0000e+00,3.5939e+29,0.0000e+00,1.7031e+29,1.0551e+33,9.3272e+32,314
180,0,0.0000,0.0500,0.0000e+00,0.0000e+00,0.0000e+00,0.0000e+00,4.3073e+32,4.3373e+32,313
180,1,0.0500,0.1000,0.0000e+00,1.1000e+26,0.0000e+00,0.0000e+00,1.3677e+32,1.1460e+32,313
180,2,0.1000,0.2000,0.0000e+00,2.8100e+27,0.0000e+00,3.0000e+26,4.1062e+32,3.9631e+32,313
180,3,0.2000,0.3500,0.0000e+00,1.2920e+28,0.0000e+00,2.7100e+27,4.7556e+32,4.2572e+32,313
180,4,0.3500,0.5500,0.0000e+00,4.6300e+28,0.0000e+00,1.4190e+28,5.4288e+32,5.2994e+32,313
180,5,0.5500,1.0100,0.0000e+00,3.5923e+29,0.0000e+00,1.6491e+29,1.0517e+33,9.2719e+32,313
181,0,0.0000,0.0500,0.0000e+00,0.0000e+00,0.0000e+00,0.0000e+00,4.1080e+32,4.3803e+32,314
181,1,0.0500,0.1000,0.0000e+00,1.1000e+26,0.0000e+00,0.0000e+00,1.5248e+32,1.1930e+32,314
181,2,0.1000,0.2000,0.0000e+00,3.2600e+27,0.0000e+00,3.4000e+26,4.1167e+32,4.0705e+32,314
181,3,0.2000,0.3500,0.0000e+00,1.3830e+28,0.0000e+00,2.5000e+27,4.7687e+32,4.3322e+32,314
181,4,0.3500,0.5500,0.0000e+00,4.3190e+28,0.0000e+00,1.4630e+28,5.3480e+32,5.1096e+32,314
181,5,0.5500,1.0100,0.0000e+00,3.6535e+29,0.0000e+00,1.5635e+29,1.0685e+33,9.2830e+32,314
182,0,0.0000,0.0500,0.0000e+00,0.0000e+00,0.0000e+00,0.0000e+00,4.3838e+32,4.2281e+32,313
182,1,0.0500,0.1000,0.0000e+00,5.0000e+25,0.0000e+00,1.0000e+25,1.3616e+32,1.4067e+32,313
182,2,0.1000,0.2000,0.0000e+00,3.1500e+27,0.0000e+00,4.3000e+26,3.9461e+32,4.1983e+32,313
182,3,0.2000,0.3500,0.0000e+00,1.2250e+28,0.0000e+00,2.9500e+27,4.1032e+32,5.0043e+32,313
182,4,0.3500,0.5500,0.0000e+00,3.8060e+28,0.0000e+00,1.7500e+28,4.4369e+32,5.9288e+32,313
182,5,0.5500,1.0100,0.0000e+00,3.1441e+29,0.0000e+00,1.9290e+29,8.9509e+32,1.0947e+33,313
183,0,0.0000,0.0500,0.0000e+00,0.0000e+00,0.0000e+00,0.0000e+00,4.3906e+32,4.3020e+32,313
183,1,0.0500,0.1000,0.0000e+00,7.0000e+25,0.0000e+00,0.0000e+00,1.2416e+32,1.3730e+32,313
183,2,0.1000,0.2000,0.0000e+00,2.8000e+27,0.0000e+00,4.4000e+26,3.9125e+32,4.2168e+32,313
183,3,0.2000,0.3500,0.0000e+00,1.1130e+28,0.0000e+00,3.3200e+27,3.9147e+32,5.1192e+32,313
183,4,0.3500,0.5500,0.0000e+00,4.0230e+28,0.0000e+00,1.7550e+28,4.5542e+32,6.1345e+32,313
183,5,0.5500,1.0100,0.0000e+00,3.1445e+29,0.0000e+00,1.8796e+29,8.7373e+32,1.0991e+33,313
184,0,0.0000,0.0500,0.0000e+00,0.0000e+00,0.0000e+00,0.0000e+00,4.2039e+32,4.5361e+32,314
184,1,0.0500,0.1000,0.0000e+00,8.0000e+25,0.0000e+00,0.0000e+00,1.3039e+32,1.2474e+32,314
184,2,0.1000,0.2000,0.0000e+00,2.7700e+27,0.0000e+00,2.4000e+26,3.7582e+32,4.4183e+32,314
184,3,0.2000,0.3500,0.0000e+00,1.2170e+28,0.0000e+00,2.8100e+27,4.1903e+32,4.8795e+32,314
184,4,0.3500,0.5500,0.0000e+00,4.0960e+28,0.0000e+00,1.7420e+28,4.5906e+32,6.1687e+32,314
184,5,0.5500,1.0100,0.0000e+00,3.2124e+29,0.0000e+00,1.9119e+29,8.7709e+32,1.0975e+33,314
185,0,0.0000,0.0500,0.0000e+00,0.0000e+00,0.0000e+00,0.0000e+00,3.9496e+32,4.5477e+32,312
185,1,0.0500,0.1000,0.0000e+00,7.0000e+25,0.0000e+00,2.0000e+25,1.4568e+32,1.2750e+32,312
185,2,0.1000,0.2000,0.0000e+00,2.6800e+27,0.0000e+00,3.8000e+26,3.7231e+32,4.5418e+32,312
185,3,0.2000,0.3500,0.0000e+00,1.2850e+28,0.0000e+00,3.2800e+27,4.1791e+32,4.8692e+32,312
185,4,0.3500,0.5500,0.0000e+00,3.9950e+28,0.0000e+00,1.6560e+28,4.4900e+32,5.9023e+32,312
185,5,0.5500,1.0100,0.0000e+00,3.2054e+29,0.0000e+00,1.7715e+29,8.8309e+32,1.0878e+33,312
186,0,0.0000,0.0500,0.0000e+00,0.0000e+00,0.0000e+00,0.0000e+00,4.2420e+32,4.4141e+32,313
186,1,0.0500,0.1000,0.0000e+00,6.0000e+25,0.0000e+00,0.0000e+00,1.3425e+32,1.5015e+32,313
186,2,0.1000,0.2000,0.0000e+00,3.3500e+27,0.0000e+00,5.0000e+26,3.6230e+32,4.6212e+32,313
186,3,0.2000,0.3500,0.0000e+00,1.2610e+28,0.0000e+00,3.5100e+27,3.6833e+32,5.4881e+32,313
186,4,0.3500,0.5500,0.0000e+00,3.4570e+28,0.0000e+00,1.9540e+28,3.8113e+32,6.5323e+32,313
186,5,0.5500,1.0100,0.0000e+00,2.8256e+29,0.0000e+00,2.0831e+29,7.5192e+32,1.2211e+33,313
187,0,0.0000,0.0500,0.0000e+00,0.0000e+00,0.0000e+00,0.0000e+00,4.2826e+32,4.4435e+32,312
187,1,0.0500,0.1000,0.0000e+00,1.4000e+26,0.0000e+00,0.0000e+00,1.2022e+32,1.4972e+32,312
187,2,0.1000,0.2000,0.0000e+00,2.9100e+27,0.0000e+00,4.5000e+26,3.5900e+32,4.6270e+32,312
187,3,0.2000,0.3500,0.0000e+00,1.0840e+28,0.0000e+00,3.4900e+27,3.4568e+32,5.6508e+32,312
187,4,0.3500,0.5500,0.0000e+00,3.5190e+28,0.0000e+00,1.9230e+28,3.8303e+32,6.8021e+32,312
187,5,0.5500,1.0100,0.0000e+00,2.7710e+29,0.0000e+00,2.1163e+29,7.1667e+32,1.2268e+33,312
188,0,0.0000,0.0500,0.0000e+00,0.0000e+00,0.0000e+00,0.0000e+00,4.1117e+32,4.6699e+32,312
188,1,0.0500,0.1000,0.0000e+00,8.0000e+25,0.0000e+00,0.0000e+00,1.2383e+32,1.3626e+32,312
188,2,0.1000,0.2000,0.0000e+00,2.5300e+27,0.0000e+00,4.0000e+26,3.4342e+32,4.7958e+32,312
188,3,0.2000,0.3500,0.0000e+00,1.1010e+28,0.0000e+00,3.4100e+27,3.6928e+32,5.4166e+32,312
188,4,0.3500,0.5500,0.0000e+00,3.7500e+28,0.0000e+00,1.8900e+28,3.8725e+32,6.8380e+32,312
188,5,0.5500,1.0100,0.0000e+00,2.7710e+29,0.0000e+00,2.0495e+29,7.1713e+32,1.2186e+33,312
189,0,0.0000,0.0500,0.0000e+00,0.0000e+00,0.0000e+00,0.0000e+00,3.8372e+32,4.7105e+32,311
189,1,0.0500,0.1000,0.0000e+00,1.2000e+26,0.0000e+00,1.0000e+25,1.4260e+32,1.3845e+32,311
189,2,0.1000,0.2000,0.0000e+00,3.1600e+27,0.0000e+00,3.9000e+26,3.4092e+32,5.0098e+32,311
189,3,0.2000,0.3500,0.0000e+00,1.2580e+28,0.0000e+00,3.3300e+27,3.7140e+32,5.3326e+32,311
189,4,0.3500,0.5500,0.0000e+00,3.6290e+28,0.0000e+00,1.8280e+28,3.8018e+32,6.5969e+32,311
189,5,0.5500,1.0100,0.0000e+00,2.7847e+29,0.0000e+00,1.9434e+29,7.2439e+32,1.2105e+33,311
190,0,0.0000,0.0500,0.0000e+00,1.0000e+25,0.0000e+00,0.0000e+00,4.0790e+32,4.5661e+32,311
190,1,0.0500,0.1000,0.0000e+00,1.2000e+26,0.0000e+00,1.0000e+25,1.3536e+32,1.6085e+32,311
190,2,0.1000,0.2000,0.0000e+00,2.7500e+27,0.0000e+00,3.8000e+26,3.3331e+32,5.0125e+32,311
190,3,0.2000,0.3500,0.0000e+00,1.1940e+28,0.0000e+00,3.7300e+27,3.3371e+32,5.8738e+32,311
190,4,0.3500,0.5500,0.0000e+00,3.4190e+28,0.0000e+00,2.0100e+28,3.2886e+32,6.9620e+32,311
190,5,0.5500,1.0100,0.0000e+00,2.5021e+29,0.0000e+00,2.1390e+29,6.3033e+32,1.3003e+33,311
191,0,0.0000,0.0500,0.0000e+00,0.0000e+00,0.0000e+00,0.0000e+00,4.1847e+32,4.5544e+32,310
191,1,0.0500,0.1000,0.0000e+00,7.0000e+25,0.0000e+00,0.0000e+00,1.1938e+32,1.6550e+32,310
191,2,0.1000,0.2000,0.0000e+00,3.0100e+27,0.0000e+00,4.6000e+26,3.3175e+32,5.0008e+32,310
191,3,0.2000,0.3500,0.0000e+00,9.4300e+27,0.0000e+00,3.7000e+27,3.0711e+32,6.1236e+32,310
191,4,0.3500,0.5500,0.0000e+00,3.3070e+28,0.0000e+00,2.0790e+28,3.2383e+32,7.3088e+32,310
191,5,0.5500,1.0100,0.0000e+00,2.3993e+29,0.0000e+00,2.2127e+29,5.8403e+32,1.3096e+33,310
192,0,0.0000,0.0500,0.0000e+00,0.0000e+00,0.0000e+00,1.0000e+25,4.0553e+32,4.7926e+32,310
192,1,0.0500,0.1000,0.0000e+00,7.0000e+25,0.0000e+00,0.0000e+00,1.1955e+32,1.5216e+32,310
192,2,0.1000,0.2000,0.0000e+00,2.6900e+27,0.0000e+00,4.0000e+26,3.1771e+32,5.1233e+32,310
192,3,0.2000,0.3500,0.0000e+00,1.0580e+28,0.0000e+00,3.7200e+27,3.2685e+32,5.9328e+32,310
192,4,0.3500,0.5500,0.0000e+00,3.4390e+28,0.0000e+00,2.0630e+28,3.3011e+32,7.3878e+32,310
192,5,0.5500,1.0100,0.0000e+00,2.4386e+29,0.0000e+00,2.1582e+29,5.8481e+32,1.2958e+33,310
193,0,0.0000,0.0500,0.0000e+00,0.0000e+00,0.0000e+00,0.0000e+00,3.7560e+32,4.8640e+32,309
193,1,0.0500,0.1000,0.0000e+00,1.1000e+26,0.0000e+00,0.0000e+00,1.4019e+32,1.5335e+32,309
193,2,0.1000,0.2000,0.0000e+00,3.0800e+27,0.0000e+00,5.4000e+26,3.1453e+32,5.4065e+32,309
193,3,0.2000,0.3500,0.0000e+00,1.1120e+28,0.0000e+00,3.6000e+27,3.3073e+32,5.7199e+32,309
193,4,0.3500,0.5500,0.0000e+00,3.3740e+28,0.0000e+00,1.9130e+28,3.2512e+32,7.1750e+32,309
193,5,0.5500,1.0100,0.0000e+00,2.4755e+29,0.0000e+00,2.0457e+29,5.9208e+32,1.2873e+33,309
194,0,0.0000,0.0500,0.0000e+00,0.0000e+00,0.0000e+00,0.0000e+00,3.9210e+32,4.7367e+32,309
194,1,0.0500,0.1000,0.0000e+00,1.3000e+26,0.0000e+00,0.0000e+00,1.3681e+32,1.7443e+32,309
194,2,0.1000,0.2000,0.0000e+00,3.1800e+27,0.0000e+00,4.1000e+26,3.1230e+32,5.4023e+32,309
194,3,0.2000,0.3500,0.0000e+00,1.1720e+28,0.0000e+00,4.0400e+27,3.0566e+32,6.1943e+32,309
194,4,0.3500,0.5500,0.0000e+00,2.9710e+28,0.0000e+00,1.9670e+28,2.9100e+32,7.2438e+32,309
194,5,0.5500,1.0100,0.0000e+00,2.2764e+29,0.0000e+00,2.1368e+29,5.3684e+32,1.3396e+33,309
195,0,0.0000,0.0500,0.0000e+00,0.0000e+00,0.0000e+00,1.0000e+25,4.1200e+32,4.6570e+32,308
195,1,0.0500,0.1000,0.0000e+00,1.0000e+26,0.0000e+00,0.0000e+00,1.2116e+32,1.8715e+32,308
195,2,0.1000,0.2000,0.0000e+00,2.9700e+27,0.0000e+00,4.5000e+26,3.1142e+32,5.3456e+32,308
195,3,0.2000,0.3500,0.0000e+00,8.9500e+27,0.0000e+00,4.1200e+27,2.7509e+32,6.5362e+32,308
195,4,0.3500,0.5500,0.0000e+00,3.0330e+28,0.0000e+00,2.1100e+28,2.7608e+32,7.6863e+32,308
195,5,0.5500,1.0100,0.0000e+00,2.1288e+29,0.0000e+00,2.2282e+29,4.7904e+32,1.3519e+33,308
196,0,0.0000,0.0500,0.0000e+00,0.0000e+00,0.0000e+00,0.0000e+00,4.0196e+32,4.8735e+32,307
196,1,0.0500,0.1000,0.0000e+00,1.4000e+26,0.0000e+00,1.0000e+25,1.1648e+32,1.7232e+32,307
196,2,0.1000,0.2000,0.0000e+00,2.9300e+27,0.0000e+00,4.8000e+26,2.9799e+32,5.4175e+32,307
196,3,0.2000,0.3500,0.0000e+00,1.0300e+28,0.0000e+00,4.1200e+27,2.9067e+32,6.4009e+32,307
196,4,0.3500,0.5500,0.0000e+00,3.1410e+28,0.0000e+00,2.0280e+28,2.8302e+32,7.7990e+32,307
196,5,0.5500,1.0100,0.0000e+00,2.1570e+29,0.0000e+00,2.1050e+29,4.7917e+32,1.3241e+33,307
197,0,0.0000,0.0500,0.0000e+00,0.0000e+00,0.0000e+00,0.0000e+00,3.7102e+32,4.9977e+32,306
197,1,0.0500,0.1000,0.0000e+00,1.3000e+26,0.0000e+00,3.0000e+25,1.3550e+32,1.7060e+32,306
197,2,0.1000,0.2000,0.0000e+00,2.8800e+27,0.0000e+00,5.2000e+26,2.9483e+32,5.7462e+32,306
197,3,0.2000,0.3500,0.0000e+00,1.0380e+28,0.0000e+00,3.7400e+27,2.9831e+32,6.0449e+32,306
197,4,0.3500,0.5500,0.0000e+00,3.1710e+28,0.0000e+00,1.9670e+28,2.8016e+32,7.6507e+32,306
197,5,0.5500,1.0100,0.0000e+00,2.1534e+29,0.0000e+00,1.9274e+29,4.8359e+32,1.3149e+33,306
198,0,0.0000,0.0500,0.0000e+00,0.0000e+00,0.0000e+00,0.0000e+00,3.7288e+32,4.9094e+32,305
198,1,0.0500,0.1000,0.0000e+00,8.0000e+25,0.0000e+00,2.0000e+25,1.3902e+32,1.8744e+32,305
198,2,0.1000,0.2000,0.0000e+00,3.1000e+27,0.0000e+00,5.0000e+26,2.9318e+32,5.7771e+32,305
198,3,0.2000,0.3500,0.0000e+00,1.1080e+28,0.0000e+00,4.4800e+27,2.8519e+32,6.4212e+32,305
198,4,0.3500,0.5500,0.0000e+00,2.8240e+28,0.0000e+00,1.9690e+28,2.6171e+32,7.3656e+32,305
198,5,0.5500,1.0100,0.0000e+00,2.1189e+29,0.0000e+00,2.0032e+29,4.6441e+32,1.3276e+33,305
199,0,0.0000,0.0500,0.0000e+00,0.0000e+00,0.0000e+00,0.0000e+00,4.0991e+32,4.7378e+32,305
199,1,0.0500,0.1000,0.0000e+00,8.0000e+25,0.0000e+00,1.0000e+25,1.2517e+32,2.1134e+32,305
199,2,0.1000,0.2000,0.0000e+00,3.1100e+27,0.0000e+00,4.9000e+26,2.9309e+32,5.6840e+32,305
199,3,0.2000,0.3500,0.0000e+00,9.8400e+27,0.0000e+00,4.0300e+27,2.5100e+32,6.8640e+32,305
199,4,0.3500,0.5500,0.0000e+00,2.7560e+28,0.0000e+00,2.2960e+28,2.3748e+32,7.9163e+32,305
199,5,0.5500,1.0100,0.0000e+00,1.9103e+29,0.0000e+00,2.1939e+29,3.9968e+32,1.3485e+33,305
200,0,0.0000,0.0500,0.0000e+00,0.0000e+00,0.0000e+00,0.0000e+00,4.0245e+32,4.8882e+32,303
200,1,0.0500,0.1000,0.0000e+00,8.0000e+25,0.0000e+00,1.0000e+25,1.1661e+32,1.9889e+32,303
200,2,0.1000,0.2000,0.0000e+00,2.8300e+27,0.0000e+00,4.8000e+26,2.8259e+32,5.6689e+32,303
200,3,0.2000,0.3500,0.0000e+00,9.8500e+27,0.0000e+00,4.2300e+27,2.5706e+32,6.8521e+32,303
200,4,0.3500,0.5500,0.0000e+00,2.8290e+28,0.0000e+00,2.1470e+28,2.4750e+32,8.0595e+32,303
200,5,0.5500,1.0100,0.0000e+00,1.9580e+29,0.0000e+00,2.0486e+29,4.0028e+32,1.3047e+33,303
201,0,0.0000,0.0500,0.0000e+00,0.0000e+00,0.0000e+00,0.0000e+00,3.7422e+32,5.1252e+32,303
201,1,0.0500,0.1000,0.0000e+00,9.0000e+25,0.0000e+00,0.0000e+00,1.3025e+32,1.9302e+32,303
201,2,0.1000,0.2000,0.0000e+00,2.9200e+27,0.0000e+00,6.3000e+26,2.7897e+32,5.9826e+32,303
201,3,0.2000,0.3500,0.0000e+00,1.1130e+28,0.0000e+00,3.9100e+27,2.7238e+32,6.4016e+32,303
201,4,0.3500,0.5500,0.0000e+00,3.1840e+28,0.0000e+00,2.1440e+28,2.4822e+32,8.0669e+32,303
201,5,0.5500,1.0100,0.0000e+00,1.9917e+29,0.0000e+00,1.9722e+29,4.0397e+32,1.2968e+33,303
202,0,0.0000,0.0500,0.0000e+00,0.0000e+00,0.0000e+00,0.0000e+00,3.5165e+32,5.1274e+32,301
202,1,0.0500,0.1000,0.0000e+00,1.5000e+26,0.0000e+00,0.0000e+00,1.4337e+32,1.9889e+32,301
202,2,0.1000,0.2000,0.0000e+00,2.9900e+27,0.0000e+00,6.1000e+26,2.7847e+32,6.1615e+32,301
202,3,0.2000,0.3500,0.0000e+00,1.1090e+28,0.0000e+00,4.1200e+27,2.7061e+32,6.5787e+32,301
202,4,0.3500,0.5500,0.0000e+00,2.8970e+28,0.0000e+00,1.8920e+28,2.4095e+32,7.5563e+32,301
202,5,0.5500,1.0100,0.0000e+00,2.0147e+29,0.0000e+00,1.8809e+29,4.1277e+32,1.2769e+33,301
203,0,0.0000,0.0500,0.0000e+00,0.0000e+00,0.0000e+00,0.0000e+00,4.0798e+32,4.8051e+32,301
203,1,0.0500,0.1000,0.0000e+00,1.1000e+26,0.0000e+00,0.0000e+00,1.3164e+32,2.3837e+32,301
203,2,0.1000,0.2000,0.0000e+00,2.7000e+27,0.0000e+00,6.4000e+26,2.7604e+32,5.9841e+32,301
203,3,0.2000,0.3500,0.0000e+00,1.1010e+28,0.0000e+00,4.2000e+27,2.3703e+32,7.1089e+32,301
203,4,0.3500,0.5500,0.0000e+00,2.6680e+28,0.0000e+00,2.0960e+28,2.0843e+32,7.9283e+32,301
203,5,0.5500,1.0100,0.0000e+00,1.7395e+29,0.0000e+00,2.0688e+29,3.4677e+32,1.3134e+33,301
204,0,0.0000,0.0500,0.0000e+00,0.0000e+00,0.0000e+00,0.0000e+00,4.0360e+32,4.8981e+32,299
204,1,0.0500,0.1000,0.0000e+00,1.2000e+26,0.0000e+00,1.0000e+25,1.1991e+32,2.3199e+32,299
204,2,0.1000,0.2000,0.0000e+00,2.9000e+27,0.0000e+00,6.0000e+26,2.7626e+32,5.9273e+32,299
204,3,0.2000,0.3500,0.0000e+00,9.4300e+27,0.0000e+00,3.9600e+27,2.3024e+32,7.2153e+32,299
204,4,0.3500,0.5500,0.0000e+00,2.8650e+28,0.0000e+00,1.9650e+28,2.1953e+32,8.1821e+32,299
204,5,0.5500,1.0100,0.0000e+00,1.6859e+29,0.0000e+00,1.9517e+29,3.4382e+32,1.2552e+33,299
205,0,0.0000,0.0500,0.0000e+00,0.0000e+00,0.0000e+00,0.0000e+00,3.8674e+32,5.2197e+32,299
205,1,0.0500,0.1000,0.0000e+00,1.1000e+26,0.0000e+00,3.0000e+25,1.2238e+32,2.1890e+32,299
205,2,0.1000,0.2000,0.0000e+00,2.8500e+27,0.0000e+00,6.3000e+26,2.6840e+32,6.0222e+32,299
205,3,0.2000,0.3500,0.0000e+00,1.0670e+28,0.0000e+00,4.1600e+27,2.4915e+32,6.9967e+32,299
205,4,0.3500,0.5500,0.0000e+00,3.0890e+28,0.0000e+00,2.2120e+28,2.2283e+32,8.2841e+32,299
205,5,0.5500,1.0100,0.0000e+00,1.7856e+29,0.0000e+00,1.8953e+29,3.4474e+32,1.2358e+33,299
206,0,0.0000,0.0500,0.0000e+00,1.0000e+25,0.0000e+00,0.0000e+00,3.5447e+32,5.2641e+32,297
206,1,0.0500,0.1000,0.0000e+00,1.7000e+26,0.0000e+00,1.0000e+25,1.4435e+32,2.2236e+32,297
206,2,0.1000,0.2000,0.0000e+00,3.1500e+27,0.0000e+00,4.7000e+26,2.6741e+32,6.4276e+32,297
206,3,0.2000,0.3500,0.0000e+00,1.2110e+28,0.0000e+00,3.7500e+27,2.4941e+32,6.6684e+32,297
206,4,0.3500,0.5500,0.0000e+00,2.8830e+28,0.0000e+00,2.0690e+28,2.1715e+32,8.0095e+32,297
206,5,0.5500,1.0100,0.0000e+00,1.8493e+29,0.0000e+00,1.8230e+29,3.5183e+32,1.2183e+33,297
207,0,0.0000,0.0500,0.0000e+00,0.0000e+00,0.0000e+00,0.0000e+00,3.7763e+32,5.0626e+32,296
207,1,0.0500,0.1000,0.0000e+00,1.3000e+26,0.0000e+00,0.0000e+00,1.4217e+32,2.4988e+32,296
207,2,0.1000,0.2000,0.0000e+00,3.0500e+27,0.0000e+00,5.9000e+26,2.6908e+32,6.3243e+32,296
207,3,0.2000,0.3500,0.0000e+00,1.1710e+28,0.0000e+00,4.2900e+27,2.3432e+32,7.1264e+32,296
207,4,0.3500,0.5500,0.0000e+00,2.7440e+28,0.0000e+00,2.0910e+28,1.9970e+32,7.8062e+32,296
207,5,0.5500,1.0100,0.0000e+00,1.7148e+29,0.0000e+00,1.8518e+29,3.3013e+32,1.2233e+33,296
208,0,0.0000,0.0500,0.0000e+00,0.0000e+00,0.0000e+00,0.0000e+00,4.0956e+32,4.9303e+32,295
208,1,0.0500,0.1000,0.0000e+00,1.4000e+26,0.0000e+00,0.0000e+00,1.2808e+32,2.7248e+32,295
208,2,0.1000,0.2000,0.0000e+00,3.0500e+27,0.0000e+00,6.7000e+26,2.7289e+32,6.1242e+32,295
208,3,0.2000,0.3500,0.0000e+00,1.0250e+28,0.0000e+00,4.3900e+27,2.1233e+32,7.4665e+32,295
208,4,0.3500,0.5500,0.0000e+00,2.7760e+28,0.0000e+00,2.1840e+28,1.9502e+32,8.1601e+32,295
208,5,0.5500,1.0100,0.0000e+00,1.6196e+29,0.0000e+00,1.8611e+29,3.0236e+32,1.1922e+33,295
209,0,0.0000,0.0500,0.0000e+00,1.0000e+25,0.0000e+00,0.0000e+00,4.0067e+32,5.1911e+32,293
209,1,0.0500,0.1000,0.0000e+00,1.5000e+26,0.0000e+00,0.0000e+00,1.2052e+32,2.5053e+32,293
209,2,0.1000,0.2000,0.0000e+00,3.0300e+27,0.0000e+00,7.9000e+26,2.6094e+32,6.1010e+32,293
209,3,0.2000,0.3500,0.0000e+00,1.0360e+28,0.0000e+00,4.0900e+27,2.2457e+32,7.4576e+32,293
209,4,0.3500,0.5500,0.0000e+00,2.8380e+28,0.0000e+00,2.0980e+28,2.0173e+32,8.3998e+32,293
209,5,0.5500,1.0100,0.0000e+00,1.6149e+29,0.0000e+00,1.7731e+29,3.0215e+32,1.1372e+33,293
210,0,0.0000,0.0500,0.0000e+00,0.0000e+00,0.0000e+00,0.0000e+00,3.6962e+32,5.4422e+32,293
210,1,0.0500,0.1000,0.0000e+00,1.5000e+26,0.0000e+00,1.0000e+25,1.3706e+32,2.4885e+32,293
210,2,0.1000,0.2000,0.0000e+00,3.1300e+27,0.0000e+00,5.1000e+26,2.6207e+32,6.3918e+32,293
210,3,0.2000,0.3500,0.0000e+00,1.1190e+28,0.0000e+00,3.3500e+27,2.3516e+32,6.9948e+32,293
210,4,0.3500,0.5500,0.0000e+00,2.9670e+28,0.0000e+00,2.0420e+28,2.0242e+32,8.3835e+32,293
210,5,0.5500,1.0100,0.0000e+00,1.5632e+29,0.0000e+00,1.6927e+29,3.0409e+32,1.1303e+33,293
211,0,0.0000,0.0500,0.0000e+00,0.0000e+00,0.0000e+00,0.0000e+00,3.4414e+32,5.4435e+32,290
211,1,0.0500,0.1000,0.0000e+00,2.0000e+26,0.0000e+00,1.0000e+25,1.5110e+32,2.5460e+32,290
211,2,0.1000,0.2000,0.0000e+00,3.3500e+27,0.0000e+00,6.9000e+26,2.6067e+32,6.6228e+32,290
211,3,0.2000,0.3500,0.0000e+00,1.2320e+28,0.0000e+00,3.8400e+27,2.3370e+32,7.0752e+32,290
211,4,0.3500,0.5500,0.0000e+00,2.7830e+28,0.0000e+00,1.9130e+28,1.9522e+32,7.8371e+32,290
211,5,0.5500,1.0100,0.0000e+00,1.6669e+29,0.0000e+00,1.6082e+29,3.1065e+32,1.1036e+33,290
212,0,0.0000,0.0500,0.0000e+00,0.0000e+00,0.0000e+00,0.0000e+00,4.0769e+32,5.0576e+32,290
212,1,0.0500,0.1000,0.0000e+00,1.6000e+26,0.0000e+00,6.0000e+25,1.4392e+32,3.0053e+32,290
212,2,0.1000,0.2000,0.0000e+00,3.4200e+27,0.0000e+00,7.9000e+26,2.6246e+32,6.3320e+32,290
212,3,0.2000,0.3500,0.0000e+00,1.1520e+28,0.0000e+00,4.3200e+27,2.1175e+32,7.5557e+32,290
212,4,0.3500,0.5500,0.0000e+00,2.6210e+28,0.0000e+00,2.0530e+28,1.7622e+32,7.9574e+32,290
212,5,0.5500,1.0100,0.0000e+00,1.5573e+29,0.0000e+00,1.7282e+29,2.7651e+32,1.1095e+33,290
213,0,0.0000,0.0500,0.0000e+00,0.0000e+00,0.0000e+00,0.0000e+00,4.0995e+32,5.1242e+32,288
213,1,0.0500,0.1000,0.0000e+00,1.2000e+26,0.0000e+00,0.0000e+00,1.2937e+32,2.9955e+32,288
213,2,0.1000,0.2000,0.0000e+00,3.9100e+27,0.0000e+00,6.4000e+26,2.6765e+32,6.2430e+32,288
213,3,0.2000,0.3500,0.0000e+00,1.0310e+28,0.0000e+00,4.2500e+27,2.0305e+32,7.7136e+32,288
213,4,0.3500,0.5500,0.0000e+00,2.9270e+28,0.0000e+00,2.1140e+28,1.8513e+32,8.1921e+32,288
213,5,0.5500,1.0100,0.0000e+00,1.5549e+29,0.0000e+00,1.6865e+29,2.7126e+32,1.0502e+33,288
214,0,0.0000,0.0500,0.0000e+00,0.0000e+00,0.0000e+00,0.0000e+00,3.9766e+32,5.4948e+32,287
214,1,0.0500,0.1000,0.0000e+00,2.3000e+26,0.0000e+00,4.0000e+25,1.2605e+32,2.7853e+32,287
214,2,0.1000,0.2000,0.0000e+00,3.1400e+27,0.0000e+00,6.7000e+26,2.5742e+32,6.2125e+32,287
214,3,0.2000,0.3500,0.0000e+00,1.1450e+28,0.0000e+00,4.0000e+27,2.2100e+32,7.6393e+32,287
214,4,0.3500,0.5500,0.0000e+00,2.9340e+28,0.0000e+00,2.1140e+28,1.8881e+32,8.3796e+32,287
214,5,0.5500,1.0100,0.0000e+00,1.5912e+29,0.0000e+00,1.5617e+29,2.7093e+32,1.0104e+33,287
215,0,0.0000,0.0500,0.0000e+00,0.0000e+00,0.0000e+00,0.0000e+00,3.6073e+32,5.6545e+32,286
215,1,0.0500,0.1000,0.0000e+00,2.0000e+26,0.0000e+00,3.0000e+25,1.4961e+32,2.8012e+32,286
215,2,0.1000,0.2000,0.0000e+00,3.3500e+27,0.0000e+00,7.1000e+26,2.5926e+32,6.6369e+32,286
215,3,0.2000,0.3500,0.0000e+00,1.1370e+28,0.0000e+00,4.0000e+27,2.2575e+32,7.1235e+32,286
215,4,0.3500,0.5500,0.0000e+00,2.8400e+28,0.0000e+00,1.9760e+28,1.8651e+32,8.2506e+32,286
215,5,0.5500,1.0100,0.0000e+00,1.5918e+29,0.0000e+00,1.5163e+29,2.7507e+32,9.9896e+32,286
216,0,0.0000,0.0500,0.0000e+00,0.0000e+00,0.0000e+00,0.0000e+00,3.4472e+32,5.6410e+32,284
216,1,0.0500,0.1000,0.0000e+00,2.5000e+26,0.0000e+00,1.0000e+25,1.5903e+32,2.9450e+32,284
216,2,0.1000,0.2000,0.0000e+00,3.1000e+27,0.0000e+00,6.9000e+26,2.5968e+32,6.7491e+32,284
216,3,0.2000,0.3500,0.0000e+00,1.2880e+28,0.0000e+00,4.1900e+27,2.2436e+32,7.3624e+32,284
216,4,0.3500,0.5500,0.0000e+00,2.7670e+28,0.0000e+00,1.9180e+28,1.7999e+32,7.7271e+32,284
216,5,0.5500,1.0100,0.0000e+00,1.5993e+29,0.0000e+00,1.4311e+29,2.7941e+32,9.7461e+32,284
217,0,0.0000,0.0500,0.0000e+00,0.0000e+00,0.0000e+00,0.0000e+00,4.2450e+32,5.0653e+32,282
217,1,0.0500,0.1000,0.0000e+00,3.0000e+26,0.0000e+00,2.0000e+25,1.4664e+32,3.3604e+32,282
217,2,0.1000,0.2000,0.0000e+00,3.3500e+27,0.0000e+00,6.5000e+26,2.6255e+32,6.3878e+32,282
217,3,0.2000,0.3500,0.0000e+00,1.1830e+28,0.0000e+00,4.5000e+27,2.0196e+32,7.7659e+32,282
217,4,0.3500,0.5500,0.0000e+00,2.7120e+28,0.0000e+00,1.9480e+28,1.6471e+32,7.7849e+32,282
217,5,0.5500,1.0100,0.0000e+00,1.4835e+29,0.0000e+00,1.6297e+29,2.4604e+32,9.6830e+32,282
218,0,0.0000,0.0500,0.0000e+00,0.0000e+00,0.0000e+00,1.0000e+25,4.1644e+32,5.2553e+32,281
218,1,0.0500,0.1000,0.0000e+00,1.9000e+26,0.0000e+00,5.0000e+25,1.3409e+32,3.2791e+32,281
218,2,0.1000,0.2000,0.0000e+00,3.7700e+27,0.0000e+00,6.4000e+26,2.6809e+32,6.3623e+32,281
218,3,0.2000,0.3500,0.0000e+00,1.0760e+28,0.0000e+00,4.0600e+27,1.9846e+32,7.8716e+32,281
218,4,0.3500,0.5500,0.0000e+00,3.0860e+28,0.0000e+00,1.9970e+28,1.7740e+32,8.0768e+32,281
218,5,0.5500,1.0100,0.0000e+00,1.5307e+29,0.0000e+00,1.5106e+29,2.4698e+32,9.0522e+32,281
219,0,0.0000,0.0500,0.0000e+00,0.0000e+00,0.0000e+00,0.0000e+00,4.0248e+32,5.6845e+32,280
219,1,0.0500,0.1000,0.0000e+00,1.4000e+26,0.0000e+00,1.0000e+25,1.3139e+32,3.0636e+32,280
219,2,0.1000,0.2000,0.0000e+00,3.6100e+27,0.0000e+00,7.4000e+26,2.5897e+32,6.2970e+32,280
219,3,0.2000,0.3500,0.0000e+00,1.1970e+28,0.0000e+00,3.9400e+27,2.1737e+32,7.7894e+32,280
219,4,0.3500,0.5500,0.0000e+00,3.1470e+28,0.0000e+00,1.9820e+28,1.8031e+32,8.1967e+32,280
219,5,0.5500,1.0100,0.0000e+00,1.5380e+29,0.0000e+00,1.4760e+29,2.4647e+32,8.7126e+32,280
220,0,0.0000,0.0500,0.0000e+00,0.0000e+00,0.0000e+00,0.0000e+00,3.6210e+32,5.8175e+32,278
220,1,0.0500,0.1000,0.0000e+00,2.9000e+26,0.0000e+00,2.0000e+25,1.5680e+32,3.0889e+32,278
220,2,0.1000,0.2000,0.0000e+00,3.8300e+27,0.0000e+00,6.1000e+26,2.6034e+32,6.7609e+32,278
220,3,0.2000,0.3500,0.0000e+00,1.3080e+28,0.0000e+00,3.6700e+27,2.2032e+32,7.1834e+32,278
220,4,0.3500,0.5500,0.0000e+00,2.9740e+28,0.0000e+00,1.8970e+28,1.7780e+32,8.0251e+32,278
220,5,0.5500,1.0100,0.0000e+00,1.5532e+29,0.0000e+00,1.4124e+29,2.4966e+32,8.5753e+32,278
221,0,0.0000,0.0500,0.0000e+00,0.0000e+00,0.0000e+00,0.0000e+00,3.3947e+32,5.8560e+32,276
221,1,0.0500,0.1000,0.0000e+00,2.3000e+26,0.0000e+00,3.0000e+25,1.6737e+32,3.2265e+32,276
221,2,0.1000,0.2000,0.0000e+00,3.5900e+27,0.0000e+00,9.8000e+26,2.6094e+32,6.8863e+32,276
221,3,0.2000,0.3500,0.0000e+00,1.3260e+28,0.0000e+00,4.0800e+27,2.2052e+32,7.4160e+32,276
221,4,0.3500,0.5500,0.0000e+00,3.0540e+28,0.0000e+00,1.8930e+28,1.7263e+32,7.4520e+32,276
221,5,0.5500,1.0100,0.0000e+00,1.5590e+29,0.0000e+00,1.3912e+29,2.5598e+32,8.3243e+32,276
222,0,0.0000,0.0500,0.0000e+00,0.0000e+00,0.0000e+00,0.0000e+00,4.3595e+32,5.1406e+32,275
222,1,0.0500,0.1000,0.0000e+00,2.7000e+26,0.0000e+00,4.0000e+25,1.5797e+32,3.6350e+32,275
222,2,0.1000,0.2000,0.0000e+00,4.0300e+27,0.0000e+00,6.0000e+26,2.6484e+32,6.5553e+32,275
222,3,0.2000,0.3500,0.0000e+00,1.2900e+28,0.0000e+00,4.0400e+27,2.0081e+32,7.8390e+32,275
222,4,0.3500,0.5500,0.0000e+00,2.9580e+28,0.0000e+00,2.0100e+28,1.5945e+32,7.4543e+32,275
222,5,0.5500,1.0100,0.0000e+00,1.4040e+29,0.0000e+00,1.4277e+29,2.2883e+32,8.2875e+32,275
223,0,0.0000,0.0500,0.0000e+00,0.0000e+00,0.0000e+00,0.0000e+00,4.2946e+32,5.3296e+32,274
223,1,0.0500,0.1000,0.0000e+00,3.2000e+26,0.0000e+00,2.0000e+25,1.4345e+32,3.5851e+32,274
223,2,0.1000,0.2000,0.0000e+00,3.9700e+27,0.0000e+00,5.2000e+26,2.7456e+32,6.5235e+32,274
223,3,0.2000,0.3500,0.0000e+00,1.1730e+28,0.0000e+00,4.4600e+27,1.9473e+32,7.8998e+32,274
223,4,0.3500,0.5500,0.0000e+00,3.2550e+28,0.0000e+00,2.0540e+28,1.7201e+32,7.6845e+32,274
223,5,0.5500,1.0100,0.0000e+00,1.5230e+29,0.0000e+00,1.4570e+29,2.2948e+32,7.7410e+32,274
224,0,0.0000,0.0500,0.0000e+00,0.0000e+00,0.0000e+00,0.0000e+00,4.1673e+32,5.7313e+32,271
224,1,0.0500,0.1000,0.0000e+00,2.5000e+26,0.0000e+00,4.0000e+25,1.3636e+32,3.2827e+32,271
224,2,0.1000,0.2000,0.0000e+00,4.0500e+27,0.0000e+00,6.4000e+26,2.6035e+32,6.4017e+32,271
224,3,0.2000,0.3500,0.0000e+00,1.2180e+28,0.0000e+00,3.9000e+27,2.1254e+32,7.8659e+32,271
224,4,0.3500,0.5500,0.0000e+00,3.3390e+28,0.0000e+00,2.0780e+28,1.7488e+32,7.8060e+32,271
224,5,0.5500,1.0100,0.0000e+00,1.5556e+29,0.0000e+00,1.3976e+29,2.2779e+32,7.2508e+32,271
225,0,0.0000,0.0500,0.0000e+00,1.0000e+25,0.0000e+00,1.0000e+25,3.7778e+32,5.9874e+32,270
225,1,0.0500,0.1000,0.0000e+00,2.2000e+26,0.0000e+00,3.0000e+25,1.5744e+32,3.3203e+32,270
225,2,0.1000,0.2000,0.0000e+00,3.9600e+27,0.0000e+00,8.4000e+26,2.6513e+32,6.6970e+32,270
225,3,0.2000,0.3500,0.0000e+00,1.3580e+28,0.0000e+00,3.9000e+27,2.1918e+32,7.2988e+32,270
225,4,0.3500,0.5500,0.0000e+00,3.3880e+28,0.0000e+00,2.0020e+28,1.7538e+32,7.7104e+32,270
225,5,0.5500,1.0100,0.0000e+00,1.5407e+29,0.0000e+00,1.2973e+29,2.2889e+32,7.1784e+32,270
226,0,0.0000,0.0500,0.0000e+00,0.0000e+00,0.0000e+00,0.0000e+00,3.5123e+32,6.0579e+32,269
226,1,0.0500,0.1000,0.0000e+00,2.0000e+26,0.0000e+00,3.0000e+25,1.7579e+32,3.4392e+32,269
226,2,0.1000,0.2000,0.0000e+00,4.4400e+27,0.0000e+00,7.3000e+26,2.6459e+32,7.0400e+32,269
226,3,0.2000,0.3500,0.0000e+00,1.3790e+28,0.0000e+00,3.9600e+27,2.2052e+32,7.3152e+32,269
226,4,0.3500,0.5500,0.0000e+00,3.3390e+28,0.0000e+00,1.9550e+28,1.7060e+32,7.1932e+32,269
226,5,0.5500,1.0100,0.0000e+00,1.5865e+29,0.0000e+00,1.2595e+29,2.3570e+32,6.9999e+32,269
227,0,0.0000,0.0500,0.0000e+00,0.0000e+00,0.0000e+00,0.0000e+00,4.0407e+32,5.5120e+32,267
227,1,0.0500,0.1000,0.0000e+00,3.4000e+26,0.0000e+00,2.0000e+25,1.7572e+32,3.7206e+32,267
227,2,0.1000,0.2000,0.0000e+00,4.5000e+27,0.0000e+00,6.8000e+26,2.6925e+32,6.8384e+32,267
227,3,0.2000,0.3500,0.0000e+00,1.4330e+28,0.0000e+00,4.2500e+27,2.1104e+32,7.6439e+32,267
227,4,0.3500,0.5500,0.0000e+00,3.3630e+28,0.0000e+00,1.8610e+28,1.6164e+32,6.9299e+32,267
227,5,0.5500,1.0100,0.0000e+00,1.5381e+29,0.0000e+00,1.2694e+29,2.2425e+32,6.8633e+32,267
228,0,0.0000,0.0500,0.0000e+00,0.0000e+00,0.0000e+00,0.0000e+00,4.4421e+32,5.2996e+32,265
228,1,0.0500,0.1000,0.0000e+00,2.8000e+26,0.0000e+00,4.0000e+25,1.5927e+32,3.8686e+32,265
228,2,0.1000,0.2000,0.0000e+00,4.9800e+27,0.0000e+00,7.1000e+26,2.7904e+32,6.5946e+32,265
228,3,0.2000,0.3500,0.0000e+00,1.3270e+28,0.0000e+00,4.1000e+27,1.9850e+32,7.7586e+32,265
228,4,0.3500,0.5500,0.0000e+00,3.4920e+28,0.0000e+00,2.0220e+28,1.6576e+32,6.9902e+32,265
228,5,0.5500,1.0100,0.0000e+00,1.4954e+29,0.0000e+00,1.3323e+29,2.1417e+32,6.5461e+32,265
229,0,0.0000,0.0500,0.0000e+00,0.0000e+00,0.0000e+00,0.0000e+00,4.3651e+32,5.6205e+32,264
229,1,0.0500,0.1000,0.0000e+00,2.6000e+26,0.0000e+00,2.0000e+25,1.4879e+32,3.6094e+32,264
229,2,0.1000,0.2000,0.0000e+00,4.8400e+27,0.0000e+00,5.7000e+26,2.7420e+32,6.6132e+32,264
229,3,0.2000,0.3500,0.0000e+00,1.2970e+28,0.0000e+00,3.7200e+27,2.0694e+32,7.8089e+32,264
229,4,0.3500,0.5500,0.0000e+00,3.5800e+28,0.0000e+00,2.0270e+28,1.7494e+32,7.2481e+32,264
229,5,0.5500,1.0100,0.0000e+00,1.4997e+29,0.0000e+00,1.2825e+29,2.1438e+32,6.0143e+32,264
230,0,0.0000,0.0500,0.0000e+00,1.0000e+25,0.0000e+00,0.0000e+00,4.1330e+32,6.1230e+32,262
230,1,0.0500,0.1000,0.0000e+00,2.9000e+26,0.0000e+00,3.0000e+25,1.4853e+32,3.4379e+32,262
230,2,0.1000,0.2000,0.0000e+00,4.5900e+27,0.0000e+00,7.3000e+26,2.7103e+32,6.4300e+32,262
230,3,0.2000,0.3500,0.0000e+00,1.4970e+28,0.0000e+00,4.5300e+27,2.2354e+32,7.6189e+32,262
230,4,0.3500,0.5500,0.0000e+00,3.8550e+28,0.0000e+00,2.0450e+28,1.7692e+32,7.1737e+32,262
230,5,0.5500,1.0100,0.0000e+00,1.5285e+29,0.0000e+00,1.2451e+29,2.1160e+32,5.8496e+32,262
231,0,0.0000,0.0500,0.0000e+00,0.0000e+00,0.0000e+00,0.0000e+00,3.6899e+32,6.2027e+32,260
231,1,0.0500,0.1000,0.0000e+00,3.5000e+26,0.0000e+00,3.0000e+25,1.7900e+32,3.5074e+32,260
231,2,0.1000,0.2000,0.0000e+00,4.9800e+27,0.0000e+00,7.4000e+26,2.7263e+32,7.0044e+32,260
231,3,0.2000,0.3500,0.0000e+00,1.5490e+28,0.0000e+00,3.9100e+27,2.2422e+32,6.9353e+32,260
231,4,0.3500,0.5500,0.0000e+00,3.7040e+28,0.0000e+00,1.8270e+28,1.7399e+32,6.9757e+32,260
231,5,0.5500,1.0100,0.0000e+00,1.6201e+29,0.0000e+00,1.1670e+29,2.1533e+32,5.7229e+32,260
232,0,0.0000,0.0500,0.0000e+00,1.0000e+25,0.0000e+00,0.0000e+00,3.4508e+32,6.2684e+32,258
232,1,0.0500,0.1000,0.0000e+00,4.6000e+26,0.0000e+00,1.0000e+25,1.9020e+32,3.6956e+32,258
232,2,0.1000,0.2000,0.0000e+00,4.5800e+27,0.0000e+00,7.4000e+26,2.7242e+32,7.0213e+32,258
232,3,0.2000,0.3500,0.0000e+00,1.5990e+28,0.0000e+00,3.9900e+27,2.2607e+32,7.1798e+32,258
232,4,0.3500,0.5500,0.0000e+00,3.7100e+28,0.0000e+00,1.8260e+28,1.6923e+32,6.3599e+32,258
232,5,0.5500,1.0100,0.0000e+00,1.5761e+29,0.0000e+00,1.1179e+29,2.2025e+32,5.5402e+32,258
233,0,0.0000,0.0500,0.0000e+00,1.0000e+25,0.0000e+00,0.0000e+00,4.3882e+32,5.4060e+32,257
233,1,0.0500,0.1000,0.0000e+00,3.4000e+26,0.0000e+00,2.0000e+25,1.8772e+32,4.0015e+32,257
233,2,0.1000,0.2000,0.0000e+00,5.1800e+27,0.0000e+00,8.1000e+26,2.7859e+32,6.7540e+32,257
233,3,0.2000,0.3500,0.0000e+00,1.4610e+28,0.0000e+00,4.4800e+27,2.1445e+32,7.4684e+32,257
233,4,0.3500,0.5500,0.0000e+00,3.4800e+28,0.0000e+00,1.9450e+28,1.6061e+32,6.2472e+32,257
233,5,0.5500,1.0100,0.0000e+00,1.4896e+29,0.0000e+00,1.2646e+29,2.0510e+32,5.4831e+32,257
234,0,0.0000,0.0500,0.0000e+00,0.0000e+00,0.0000e+00,1.0000e+25,4.5574e+32,5.3953e+32,255
234,1,0.0500,0.1000,0.0000e+00,3.9000e+26,0.0000e+00,3.0000e+25,1.6846e+32,4.0326e+32,255
234,2,0.1000,0.2000,0.0000e+00,5.6200e+27,0.0000e+00,5.5000e+26,2.9136e+32,6.6116e+32,255
234,3,0.2000,0.3500,0.0000e+00,1.3830e+28,0.0000e+00,4.2600e+27,2.0492e+32,7.4504e+32,255
234,4,0.3500,0.5500,0.0000e+00,3.6650e+28,0.0000e+00,1.9240e+28,1.6892e+32,6.2783e+32,255
234,5,0.5500,1.0100,0.0000e+00,1.5821e+29,0.0000e+00,1.2488e+29,2.0092e+32,5.1768e+32,255
235,0,0.0000,0.0500,0.0000e+00,0.0000e+00,0.0000e+00,0.0000e+00,4.4827e+32,5.7815e+32,254
235,1,0.0500,0.1000,0.0000e+00,3.3000e+26,0.0000e+00,5.0000e+25,1.5839e+32,3.7205e+32,254
235,2,0.1000,0.2000,0.0000e+00,5.3700e+27,0.0000e+00,6.9000e+26,2.8415e+32,6.6134e+32,254
235,3,0.2000,0.3500,0.0000e+00,1.4950e+28,0.0000e+00,4.1500e+27,2.1611e+32,7.5001e+32,254
235,4,0.3500,0.5500,0.0000e+00,3.9450e+28,0.0000e+00,2.0530e+28,1.7650e+32,6.4559e+32,254
235,5,0.5500,1.0100,0.0000e+00,1.5433e+29,0.0000e+00,1.2541e+29,2.0100e+32,4.7370e+32,254
236,0,0.0000,0.0500,0.0000e+00,1.0000e+25,0.0000e+00,1.0000e+25,4.2622e+32,6.3274e+32,252
236,1,0.0500,0.1000,0.0000e+00,3.9000e+26,0.0000e+00,3.0000e+25,1.5566e+32,3.5252e+32,252
236,2,0.1000,0.2000,0.0000e+00,5.0200e+27,0.0000e+00,7.4000e+26,2.8208e+32,6.3946e+32,252
236,3,0.2000,0.3500,0.0000e+00,1.6270e+28,0.0000e+00,3.7600e+27,2.3219e+32,7.3102e+32,252
236,4,0.3500,0.5500,0.0000e+00,4.1150e+28,0.0000e+00,1.9310e+28,1.7865e+32,6.3644e+32,252
236,5,0.5500,1.0100,0.0000e+00,1.6219e+29,0.0000e+00,1.2560e+29,1.9784e+32,4.6162e+32,252
237,0,0.0000,0.0500,0.0000e+00,1.0000e+25,0.0000e+00,0.0000e+00,3.7985e+32,6.4099e+32,250
237,1,0.0500,0.1000,0.0000e+00,4.5000e+26,0.0000e+00,2.0000e+25,1.8654e+32,3.6190e+32,250
237,2,0.1000,0.2000,0.0000e+00,4.8900e+27,0.0000e+00,8.3000e+26,2.8426e+32,6.8928e+32,250
237,3,0.2000,0.3500,0.0000e+00,1.7650e+28,0.0000e+00,3.8000e+27,2.3363e+32,6.5890e+32,250
237,4,0.3500,0.5500,0.0000e+00,4.4110e+28,0.0000e+00,2.0370e+28,1.7685e+32,6.2303e+32,250
237,5,0.5500,1.0100,0.0000e+00,1.6212e+29,0.0000e+00,1.1551e+29,2.0027e+32,4.5252e+32,250
238,0,0.0000,0.0500,0.0000e+00,1.0000e+25,0.0000e+00,0.0000e+00,3.5488e+32,6.4943e+32,248
238,1,0.0500,0.1000,0.0000e+00,5.9000e+26,0.0000e+00,1.0000e+25,2.0038e+32,3.7951e+32,248
238,2,0.1000,0.2000,0.0000e+00,5.3200e+27,0.0000e+00,8.0000e+26,2.8306e+32,6.9380e+32,248
238,3,0.2000,0.3500,0.0000e+00,1.7590e+28,0.0000e+00,4.2800e+27,2.3515e+32,6.7550e+32,248
238,4,0.3500,0.5500,0.0000e+00,3.9920e+28,0.0000e+00,1.7160e+28,1.7113e+32,5.6159e+32,248
238,5,0.5500,1.0100,0.0000e+00,1.6598e+29,0.0000e+00,1.2015e+29,2.0515e+32,4.3929e+32,248
239,0,0.0000,0.0500,0.0000e+00,0.0000e+00,0.0000e+00,0.0000e+00,4.0640e+32,5.8680e+32,247
239,1,0.0500,0.1000,0.0000e+00,6.0000e+26,0.0000e+00,1.0000e+25,2.0262e+32,4.0750e+32,247
239,2,0.1000,0.2000,0.0000e+00,5.3700e+27,0.0000e+00,8.5000e+26,2.8935e+32,6.7615e+32,247
239,3,0.2000,0.3500,0.0000e+00,1.7550e+28,0.0000e+00,4.3100e+27,2.3062e+32,6.9477e+32,247
239,4,0.3500,0.5500,0.0000e+00,4.0070e+28,0.0000e+00,1.8740e+28,1.6611e+32,5.3895e+32,247
239,5,0.5500,1.0100,0.0000e+00,1.6582e+29,0.0000e+00,1.2821e+29,1.9958e+32,4.3187e+32,247
240,0,0.0000,0.0500,0.0000e+00,0.0000e+00,0.0000e+00,1.0000e+25,4.7414e+32,5.3486e+32,245
240,1,0.0500,0.1000,0.0000e+00,4.3000e+26,0.0000e+00,4.0000e+25,1.8999e+32,4.1562e+32,245
240,2,0.1000,0.2000,0.0000e+00,5.2400e+27,0.0000e+00,9.2000e+26,2.9724e+32,6.5133e+32,245
240,3,0.2000,0.3500,0.0000e+00,1.7190e+28,0.0000e+00,4.1400e+27,2.2058e+32,6.9907e+32,245
240,4,0.3500,0.5500,0.0000e+00,3.9380e+28,0.0000e+00,1.9710e+28,1.6592e+32,5.3434e+32,245
240,5,0.5500,1.0100,0.0000e+00,1.6513e+29,0.0000e+00,1.3258e+29,1.8989e+32,4.2035e+32,245
241,0,0.0000,0.0500,0.0000e+00,0.0000e+00,0.0000e+00,0.0000e+00,4.6234e+32,5.5856e+32,243
241,1,0.0500,0.1000,0.0000e+00,5.2000e+26,0.0000e+00,5.0000e+25,1.7353e+32,3.9998e+32,243
241,2,0.1000,0.2000,0.0000e+00,6.6300e+27,0.0000e+00,6.2000e+26,3.0728e+32,6.5004e+32,243
241,3,0.2000,0.3500,0.0000e+00,1.5310e+28,0.0000e+00,4.5200e+27,2.1363e+32,6.8617e+32,243
241,4,0.3500,0.5500,0.0000e+00,4.5410e+28,0.0000e+00,1.9370e+28,1.7960e+32,5.4604e+32,243
241,5,0.5500,1.0100,0.0000e+00,1.7038e+29,0.0000e+00,1.2558e+29,1.8910e+32,3.8818e+32,243
242,0,0.0000,0.0500,0.0000e+00,0.0000e+00,0.0000e+00,0.0000e+00,4.5825e+32,6.1205e+32,242
242,1,0.0500,0.1000,0.0000e+00,5.7000e+26,0.0000e+00,2.0000e+25,1.6332e+32,3.5753e+32,242
242,2,0.1000,0.2000,0.0000e+00,5.5700e+27,0.0000e+00,6.6000e+26,2.8991e+32,6.4439e+32,242
242,3,0.2000,0.3500,0.0000e+00,1.8260e+28,0.0000e+00,4.4500e+27,2.3770e+32,6.9519e+32,242
242,4,0.3500,0.5500,0.0000e+00,4.7030e+28,0.0000e+00,1.9530e+28,1.8196e+32,5.4411e+32,242
242,5,0.5500,1.0100,0.0000e+00,1.6584e+29,0.0000e+00,1.2401e+29,1.8816e+32,3.6228e+32,242
243,0,0.0000,0.0500,0.0000e+00,0.0000e+00,0.0000e+00,0.0000e+00,4.2113e+32,6.6231e+32,240
243,1,0.0500,0.1000,0.0000e+00,4.8000e+26,0.0000e+00,3.0000e+25,1.7210e+32,3.5058e+32,240
243,2,0.1000,0.2000,0.0000e+00,5.6000e+27,0.0000e+00,8.9000e+26,2.9607e+32,6.2613e+32,240
243,3,0.2000,0.3500,0.0000e+00,1.9240e+28,0.0000e+00,4.1000e+27,2.4984e+32,6.5966e+32,240
243,4,0.3500,0.5500,0.0000e+00,4.9990e+28,0.0000e+00,1.8760e+28,1.8287e+32,5.3177e+32,240
243,5,0.5500,1.0100,0.0000e+00,1.7504e+29,0.0000e+00,1.2255e+29,1.8484e+32,3.5847e+32,240
244,0,0.0000,0.0500,0.0000e+00,0.0000e+00,0.0000e+00,0.0000e+00,3.7729e+32,6.6063e+32,238
244,1,0.0500,0.1000,0.0000e+00,7.0000e+26,0.0000e+00,3.0000e+25,2.0486e+32,3.6150e+32,238
244,2,0.1000,0.2000,0.0000e+00,5.7400e+27,0.0000e+00,1.0900e+27,2.9612e+32,6.8249e+32,238
244,3,0.2000,0.3500,0.0000e+00,1.9660e+28,0.0000e+00,4.4800e+27,2.4635e+32,5.9351e+32,238
244,4,0.3500,0.5500,0.0000e+00,5.1530e+28,0.0000e+00,1.9960e+28,1.8018e+32,5.1502e+32,238
244,5,0.5500,1.0100,0.0000e+00,1.7879e+29,0.0000e+00,1.2685e+29,1.8962e+32,3.4955e+32,238
245,0,0.0000,0.0500,0.0000e+00,0.0000e+00,0.0000e+00,0.0000e+00,3.5546e+32,6.6788e+32,236
245,1,0.0500,0.1000,0.0000e+00,7.8000e+26,0.0000e+00,4.0000e+25,2.1504e+32,3.8663e+32,236
245,2,0.1000,0.2000,0.0000e+00,5.6600e+27,0.0000e+00,1.0100e+27,2.9415e+32,6.6545e+32,236
245,3,0.2000,0.3500,0.0000e+00,2.0230e+28,0.0000e+00,4.2400e+27,2.4922e+32,6.1470e+32,236
245,4,0.3500,0.5500,0.0000e+00,4.8280e+28,0.0000e+00,1.9240e+28,1.7491e+32,4.6193e+32,236
245,5,0.5500,1.0100,0.0000e+00,1.8179e+29,0.0000e+00,1.2599e+29,1.9291e+32,3.3996e+32,236
246,0,0.0000,0.0500,0.0000e+00,0.0000e+00,0.0000e+00,0.0000e+00,4.0539e+32,6.0095e+32,235
246,1,0.0500,0.1000,0.0000e+00,8.4000e+26,0.0000e+00,3.0000e+25,2.1832e+32,4.1121e+32,235
246,2,0.1000,0.2000,0.0000e+00,6.0000e+27,0.0000e+00,7.9000e+26,3.0052e+32,6.4642e+32,235
246,3,0.2000,0.3500,0.0000e+00,2.0460e+28,0.0000e+00,4.9600e+27,2.4562e+32,6.2895e+32,235
246,4,0.3500,0.5500,0.0000e+00,4.7880e+28,0.0000e+00,2.1040e+28,1.7119e+32,4.4295e+32,235
246,5,0.5500,1.0100,0.0000e+00,1.8257e+29,0.0000e+00,1.2731e+29,1.8883e+32,3.3418e+32,235
247,0,0.0000,0.0500,0.0000e+00,0.0000e+00,0.0000e+00,0.0000e+00,4.8693e+32,5.2795e+32,233
247,1,0.0500,0.1000,0.0000e+00,8.1000e+26,0.0000e+00,9.0000e+25,2.0803e+32,4.1461e+32,233
247,2,0.1000,0.2000,0.0000e+00,7.2100e+27,0.0000e+00,1.0300e+27,3.0788e+32,6.2149e+32,233
247,3,0.2000,0.3500,0.0000e+00,2.0820e+28,0.0000e+00,4.7400e+27,2.3479e+32,6.3176e+32,233
247,4,0.3500,0.5500,0.0000e+00,5.0560e+28,0.0000e+00,2.0890e+28,1.6997e+32,4.3858e+32,233
247,5,0.5500,1.0100,0.0000e+00,1.7741e+29,0.0000e+00,1.3171e+29,1.7987e+32,3.2805e+32,233
248,0,0.0000,0.0500,0.0000e+00,0.0000e+00,0.0000e+00,0.0000e+00,4.7815e+32,5.4868e+32,232
248,1,0.0500,0.1000,0.0000e+00,6.1000e+26,0.0000e+00,3.0000e+25,1.8725e+32,4.0833e+32,232
248,2,0.1000,0.2000,0.0000e+00,7.4800e+27,0.0000e+00,7.9000e+26,3.2613e+32,6.2344e+32,232
248,3,0.2000,0.3500,0.0000e+00,2.1420e+28,0.0000e+00,4.7000e+27,2.2641e+32,6.1546e+32,232
248,4,0.3500,0.5500,0.0000e+00,5.3640e+28,0.0000e+00,2.1530e+28,1.8397e+32,4.4430e+32,232
248,5,0.5500,1.0100,0.0000e+00,1.7512e+29,0.0000e+00,1.3124e+29,1.7907e+32,3.0963e+32,232
249,0,0.0000,0.0500,0.0000e+00,1.0000e+25,0.0000e+00,0.0000e+00,4.6789e+32,5.9457e+32,229
249,1,0.0500,0.1000,0.0000e+00,8.3000e+26,0.0000e+00,5.0000e+25,1.7753e+32,3.6200e+32,229
249,2,0.1000,0.2000,0.0000e+00,6.9600e+27,0.0000e+00,9.9000e+26,3.0806e+32,6.1391e+32,229
249,3,0.2000,0.3500,0.0000e+00,2.1190e+28,0.0000e+00,4.8800e+27,2.4290e+32,6.1765e+32,229
249,4,0.3500,0.5500,0.0000e+00,5.4650e+28,0.0000e+00,2.2060e+28,1.8690e+32,4.4352e+32,229
249,5,0.5500,1.0100,0.0000e+00,1.8073e+29,0.0000e+00,1.2911e+29,1.7738e+32,2.8036e+32,229
250,0,0.0000,0.0500,0.0000e+00,0.0000e+00,0.0000e+00,1.0000e+25,4.5336e+32,6.5201e+32,228
250,1,0.0500,0.1000,0.0000e+00,7.5000e+26,0.0000e+00,6.0000e+25,1.7088e+32,3.3659e+32,228
250,2,0.1000,0.2000,0.0000e+00,6.1500e+27,0.0000e+00,9.0000e+26,3.0545e+32,5.9284e+32,228
250,3,0.2000,0.3500,0.0000e+00,2.2910e+28,0.0000e+00,5.1600e+27,2.5990e+32,6.0394e+32,228
250,4,0.3500,0.5500,0.0000e+00,6.1260e+28,0.0000e+00,2.2990e+28,1.8968e+32,4.3838e+32,228
250,5,0.5500,1.0100,0.0000e+00,1.8174e+29,0.0000e+00,1.2696e+29,1.7460e+32,2.7592e+32,228
251,0,0.0000,0.0500,0.0000e+00,0.0000e+00,0.0000e+00,1.0000e+25,4.1147e+32,6.6974e+32,227
251,1,0.0500,0.1000,0.0000e+00,8.2000e+26,0.0000e+00,8.0000e+25,1.9505e+32,3.4535e+32,227
251,2,0.1000,0.2000,0.0000e+00,6.6000e+27,0.0000e+00,7.8000e+26,3.1217e+32,6.1183e+32,227
251,3,0.2000,0.3500,0.0000e+00,2.3780e+28,0.0000e+00,4.8000e+27,2.6541e+32,5.5799e+32,227
251,4,0.3500,0.5500,0.0000e+00,5.9480e+28,0.0000e+00,2.1990e+28,1.8958e+32,4.2841e+32,227
251,5,0.5500,1.0100,0.0000e+00,1.9048e+29,0.0000e+00,1.2877e+29,1.7350e+32,2.7409e+32,227
252,0,0.0000,0.0500,0.0000e+00,0.0000e+00,0.0000e+00,0.0000e+00,3.7422e+32,6.7185e+32,225
252,1,0.0500,0.1000,0.0000e+00,7.3000e+26,0.0000e+00,5.0000e+25,2.2046e+32,3.5289e+32,225
252,2,0.1000,0.2000,0.0000e+00,6.0900e+27,0.0000e+00,8.8000e+26,3.1247e+32,6.4902e+32,225
252,3,0.2000,0.3500,0.0000e+00,2.3630e+28,0.0000e+00,5.0300e+27,2.6243e+32,5.1646e+32,225
252,4,0.3500,0.5500,0.0000e+00,5.8730e+28,0.0000e+00,2.0740e+28,1.8501e+32,4.0706e+32,225
252,5,0.5500,1.0100,0.0000e+00,1.9410e+29,0.0000e+00,1.2414e+29,1.7880e+32,2.6502e+32,225
253,0,0.0000,0.0500,0.0000e+00,0.0000e+00,0.0000e+00,1.0000e+25,3.5572e+32,6.7555e+32,223
253,1,0.0500,0.1000,0.0000e+00,9.1000e+26,0.0000e+00,2.0000e+25,2.2723e+32,3.8731e+32,223
253,2,0.1000,0.2000,0.0000e+00,7.1600e+27,0.0000e+00,1.1200e+27,3.0975e+32,6.1640e+32,223
253,3,0.2000,0.3500,0.0000e+00,2.5820e+28,0.0000e+00,5.0200e+27,2.6541e+32,5.3293e+32,223
253,4,0.3500,0.5500,0.0000e+00,5.7760e+28,0.0000e+00,2.1670e+28,1.8122e+32,3.6645e+32,223
253,5,0.5500,1.0100,0.0000e+00,1.9607e+29,0.0000e+00,1.2501e+29,1.8022e+32,2.5861e+32,223
254,0,0.0000,0.0500,0.0000e+00,0.0000e+00,0.0000e+00,0.0000e+00,3.9611e+32,6.1094e+32,221
254,1,0.0500,0.1000,0.0000e+00,9.2000e+26,0.0000e+00,7.0000e+25,2.3095e+32,4.0176e+32,221
254,2,0.1000,0.2000,0.0000e+00,7.7700e+27,0.0000e+00,1.0400e+27,3.1428e+32,5.9488e+32,221
254,3,0.2000,0.3500,0.0000e+00,2.7500e+28,0.0000e+00,5.6700e+27,2.6180e+32,5.4075e+32,221
254,4,0.3500,0.5500,0.0000e+00,5.7530e+28,0.0000e+00,2.2140e+28,1.7768e+32,3.5082e+32,221
254,5,0.5500,1.0100,0.0000e+00,1.9731e+29,0.0000e+00,1.3112e+29,1.7613e+32,2.5321e+32,221
255,0,0.0000,0.0500,0.0000e+00,0.0000e+00,0.0000e+00,0.0000e+00,4.9741e+32,5.0665e+32,220
255,1,0.0500,0.1000,0.0000e+00,1.1100e+27,0.0000e+00,1.5000e+26,2.2381e+32,4.0553e+32,220
255,2,0.1000,0.2000,0.0000e+00,8.6900e+27,0.0000e+00,1.0600e+27,3.2268e+32,5.7545e+32,220
255,3,0.2000,0.3500,0.0000e+00,2.8360e+28,0.0000e+00,5.3000e+27,2.5086e+32,5.4534e+32,220
255,4,0.3500,0.5500,0.0000e+00,6.0720e+28,0.0000e+00,2.3770e+28,1.7597e+32,3.4987e+32,220
255,5,0.5500,1.0100,0.0000e+00,1.9092e+29,0.0000e+00,1.4421e+29,1.6759e+32,2.5397e+32,220
256,0,0.0000,0.0500,0.0000e+00,0.0000e+00,0.0000e+00,2.0000e+25,4.9084e+32,5.3178e+32,219
256,1,0.0500,0.1000,0.0000e+00,1.1400e+27,0.0000e+00,8.0000e+25,1.9931e+32,4.0000e+32,219
256,2,0.1000,0.2000,0.0000e+00,8.6300e+27,0.0000e+00,1.2300e+27,3.3909e+32,5.7032e+32,219
256,3,0.2000,0.3500,0.0000e+00,2.5860e+28,0.0000e+00,5.8400e+27,2.4751e+32,5.3316e+32,219
256,4,0.3500,0.5500,0.0000e+00,6.2910e+28,0.0000e+00,2.3990e+28,1.8727e+32,3.4902e+32,219
256,5,0.5500,1.0100,0.0000e+00,1.9448e+29,0.0000e+00,1.4297e+29,1.6740e+32,2.4123e+32,219
257,0,0.0000,0.0500,0.0000e+00,0.0000e+00,0.0000e+00,0.0000e+00,4.7750e+32,5.5879e+32,217
257,1,0.0500,0.1000,0.0000e+00,8.9000e+26,0.0000e+00,1.8000e+26,1.9287e+32,3.7500e+32,217
257,2,0.1000,0.2000,0.0000e+00,8.5400e+27,0.0000e+00,1.1600e+27,3.3863e+32,5.6751e+32,217
257,3,0.2000,0.3500,0.0000e+00,2.4400e+28,0.0000e+00,6.3400e+27,2.4467e+32,5.2206e+32,217
257,4,0.3500,0.5500,0.0000e+00,6.8690e+28,0.0000e+00,2.2250e+28,1.9703e+32,3.5574e+32,217
257,5,0.5500,1.0100,0.0000e+00,1.9970e+29,0.0000e+00,1.3535e+29,1.6549e+32,2.2293e+32,217
258,0,0.0000,0.0500,0.0000e+00,2.0000e+25,0.0000e+00,0.0000e+00,4.7352e+32,6.0890e+32,215
258,1,0.0500,0.1000,0.0000e+00,1.1400e+27,0.0000e+00,7.0000e+25,1.8146e+32,3.2571e+32,215
258,2,0.1000,0.2000,0.0000e+00,7.7900e+27,0.0000e+00,8.6000e+26,3.1772e+32,5.6195e+32,215
258,3,0.2000,0.3500,0.0000e+00,2.6880e+28,0.0000e+00,5.9400e+27,2.6873e+32,5.2285e+32,215
258,4,0.3500,0.5500,0.0000e+00,7.0910e+28,0.0000e+00,2.5090e+28,1.9688e+32,3.4854e+32,215
258,5,0.5500,1.0100,0.0000e+00,1.9971e+29,0.0000e+00,1.3618e+29,1.6286e+32,2.1044e+32,215
259,0,0.0000,0.0500,0.0000e+00,0.0000e+00,0.0000e+00,0.0000e+00,4.4977e+32,6.5494e+32,213
259,1,0.0500,0.1000,0.0000e+00,9.1000e+26,0.0000e+00,7.0000e+25,1.7799e+32,3.1253e+32,213
259,2,0.1000,0.2000,0.0000e+00,6.9800e+27,0.0000e+00,1.0300e+27,3.2245e+32,5.3413e+32,213
259,3,0.2000,0.3500,0.0000e+00,2.7960e+28,0.0000e+00,5.5100e+27,2.7857e+32,5.0260e+32,213
259,4,0.3500,0.5500,0.0000e+00,7.0680e+28,0.0000e+00,2.2690e+28,1.9832e+32,3.4273e+32,213
259,5,0.5500,1.0100,0.0000e+00,2.0091e+29,0.0000e+00,1.3567e+29,1.5938e+32,2.0770e+32,213
260,0,0.0000,0.0500,0.0000e+00,0.0000e+00,0.0000e+00,1.0000e+25,4.1126e+32,6.5979e+32,212
260,1,0.0500,0.1000,0.0000e+00,9.8000e+26,0.0000e+00,7.0000e+25,2.0341e+32,3.2320e+32,212
260,2,0.1000,0.2000,0.0000e+00,7.3100e+27,0.0000e+00,1.1100e+27,3.2561e+32,5.5442e+32,212
260,3,0.2000,0.3500,0.0000e+00,2.9750e+28,0.0000e+00,5.4100e+27,2.8260e+32,4.6394e+32,212
260,4,0.3500,0.5500,0.0000e+00,7.7050e+28,0.0000e+00,2.4080e+28,1.9787e+32,3.3580e+32,212
260,5,0.5500,1.0100,0.0000e+00,1.9680e+29,0.0000e+00,1.3808e+29,1.5782e+32,2.0599e+32,212
261,0,0.0000,0.0500,0.0000e+00,2.0000e+25,0.0000e+00,0.0000e+00,3.7815e+32,6.6163e+32,211
261,1,0.0500,0.1000,0.0000e+00,1.0900e+27,0.0000e+00,8.0000e+25,2.2747e+32,3.3264e+32,211
261,2,0.1000,0.2000,0.0000e+00,8.1200e+27,0.0000e+00,1.2500e+27,3.2793e+32,5.8761e+32,211
261,3,0.2000,0.3500,0.0000e+00,3.1490e+28,0.0000e+00,5.6600e+27,2.7897e+32,4.2411e+32,211
261,4,0.3500,0.5500,0.0000e+00,7.3230e+28,0.0000e+00,2.4200e+28,1.9547e+32,3.2564e+32,211
261,5,0.5500,1.0100,0.0000e+00,2.0508e+29,0.0000e+00,1.3194e+29,1.6293e+32,2.0019e+32,211
262,0,0.0000,0.0500,0.0000e+00,1.0000e+25,0.0000e+00,1.0000e+25,3.6052e+32,6.6898e+32,209
262,1,0.0500,0.1000,0.0000e+00,1.1200e+27,0.0000e+00,5.0000e+25,2.3853e+32,3.5142e+32,209
262,2,0.1000,0.2000,0.0000e+00,8.4200e+27,0.0000e+00,1.2400e+27,3.2045e+32,5.5544e+32,209
262,3,0.2000,0.3500,0.0000e+00,3.2670e+28,0.0000e+00,6.2900e+27,2.8306e+32,4.4060e+32,209
262,4,0.3500,0.5500,0.0000e+00,7.1990e+28,0.0000e+00,2.1390e+28,1.8956e+32,2.9542e+32,209
262,5,0.5500,1.0100,0.0000e+00,2.1063e+29,0.0000e+00,1.3280e+29,1.6374e+32,1.9633e+32,209
263,0,0.0000,0.0500,0.0000e+00,0.0000e+00,0.0000e+00,1.0000e+25,3.3926e+32,6.7052e+32,207
263,1,0.0500,0.1000,0.0000e+00,9.3000e+26,0.0000e+00,6.0000e+25,2.3683e+32,3.7423e+32,207
263,2,0.1000,0.2000,0.0000e+00,8.9900e+27,0.0000e+00,1.1200e+27,3.2873e+32,5.3843e+32,207
263,3,0.2000,0.3500,0.0000e+00,3.3930e+28,0.0000e+00,6.4100e+27,2.8205e+32,4.3803e+32,207
263,4,0.3500,0.5500,0.0000e+00,7.0980e+28,0.0000e+00,2.2310e+28,1.8912e+32,2.7391e+32,207
263,5,0.5500,1.0100,0.0000e+00,2.0814e+29,0.0000e+00,1.2769e+29,1.6491e+32,1.8957e+32,207
264,0,0.0000,0.0500,0.0000e+00,0.0000e+00,0.0000e+00,0.0000e+00,4.5851e+32,5.2018e+32,206
264,1,0.0500,0.1000,0.0000e+00,1.4600e+27,0.0000e+00,8.0000e+25,2.3533e+32,3.9003e+32,206
264,2,0.1000,0.2000,0.0000e+00,9.5700e+27,0.0000e+00,1.3400e+27,3.3202e+32,5.1311e+32,206
264,3,0.2000,0.3500,0.0000e+00,3.5470e+28,0.0000e+00,6.3400e+27,2.7523e+32,4.5023e+32,206
264,4,0.3500,0.5500,0.0000e+00,7.2150e+28,0.0000e+00,2.3770e+28,1.8435e+32,2.7361e+32,206
264,5,0.5500,1.0100,0.0000e+00,2.0279e+29,0.0000e+00,1.3877e+29,1.5587e+32,1.9144e+32,206
265,0,0.0000,0.0500,0.0000e+00,1.0000e+25,0.0000e+00,1.0000e+25,4.9462e+32,4.8450e+32,204
265,1,0.0500,0.1000,0.0000e+00,1.5200e+27,0.0000e+00,6.0000e+25,2.3393e+32,3.7544e+32,204
265,2,0.1000,0.2000,0.0000e+00,9.9500e+27,0.0000e+00,1.3600e+27,3.3586e+32,5.0152e+32,204
265,3,0.2000,0.3500,0.0000e+00,3.5680e+28,0.0000e+00,6.1500e+27,2.6621e+32,4.4428e+32,204
265,4,0.3500,0.5500,0.0000e+00,7.5160e+28,0.0000e+00,2.7170e+28,1.8529e+32,2.7109e+32,204
265,5,0.5500,1.0100,0.0000e+00,1.9904e+29,0.0000e+00,1.4443e+29,1.5155e+32,1.8733e+32,204
266,0,0.0000,0.0500,0.0000e+00,0.0000e+00,0.0000e+00,0.0000e+00,4.9223e+32,5.0281e+32,203
266,1,0.0500,0.1000,0.0000e+00,1.3500e+27,0.0000e+00,1.0000e+26,2.0548e+32,3.6996e+32,203
266,2,0.1000,0.2000,0.0000e+00,1.0600e+28,0.0000e+00,1.3100e+27,3.5169e+32,4.9679e+32,203
266,3,0.2000,0.3500,0.0000e+00,3.3870e+28,0.0000e+00,6.9900e+27,2.6552e+32,4.3484e+32,203
266,4,0.3500,0.5500,0.0000e+00,7.5110e+28,0.0000e+00,2.6590e+28,1.9369e+32,2.6999e+32,203
266,5,0.5500,1.0100,0.0000e+00,2.0546e+29,0.0000e+00,1.4317e+29,1.5086e+32,1.7926e+32,203
267,0,0.0000,0.0500,0.0000e+00,1.0000e+25,0.0000e+00,0.0000e+00,4.7841e+32,5.1913e+32,202
267,1,0.0500,0.1000,0.0000e+00,1.3800e+27,0.0000e+00,7.0000e+25,2.0296e+32,3.5551e+32,202
267,2,0.1000,0.2000,0.0000e+00,1.0250e+28,0.0000e+00,1.3200e+27,3.6048e+32,4.9954e+32,202
267,3,0.2000,0.3500,0.0000e+00,3.0800e+28,0.0000e+00,7.7300e+27,2.5383e+32,4.2235e+32,202
267,4,0.3500,0.5500,0.0000e+00,8.1050e+28,0.0000e+00,2.8830e+28,2.0671e+32,2.7650e+32,202
267,5,0.5500,1.0100,0.0000e+00,2.1028e+29,0.0000e+00,1.4630e+29,1.4902e+32,1.7035e+32,202
268,0,0.0000,0.0500,0.0000e+00,1.0000e+25,0.0000e+00,0.0000e+00,4.7421e+32,5.5830e+32,200
268,1,0.0500,0.1000,0.0000e+00,1.4800e+27,0.0000e+00,5.0000e+25,1.9295e+32,3.1689e+32,200
268,2,0.1000,0.2000,0.0000e+00,8.8100e+27,0.0000e+00,1.2700e+27,3.3823e+32,4.8995e+32,200
268,3,0.2000,0.3500,0.0000e+00,3.3630e+28,0.0000e+00,7.0700e+27,2.7666e+32,4.2829e+32,200
268,4,0.3500,0.5500,0.0000e+00,8.2090e+28,0.0000e+00,2.7520e+28,2.0548e+32,2.7095e+32,200
268,5,0.5500,1.0100,0.0000e+00,2.0444e+29,0.0000e+00,1.3839e+29,1.4722e+32,1.5730e+32,200
269,0,0.0000,0.0500,0.0000e+00,2.0000e+25,0.0000e+00,3.0000e+25,4.6998e+32,5.9521e+32,198
269,1,0.0500,0.1000,0.0000e+00,1.3500e+27,0.0000e+00,8.0000e+25,1.8398e+32,2.8111e+32,198
269,2,0.1000,0.2000,0.0000e+00,8.8000e+27,0.0000e+00,1.1600e+27,3.2671e+32,4.8300e+32,198
269,3,0.2000,0.3500,0.0000e+00,3.5960e+28,0.0000e+00,7.0000e+27,2.8866e+32,4.1878e+32,198
269,4,0.3500,0.5500,0.0000e+00,8.3900e+28,0.0000e+00,2.7830e+28,2.0561e+32,2.6772e+32,198
269,5,0.5500,1.0100,0.0000e+00,2.0019e+29,0.0000e+00,1.3071e+29,1.4323e+32,1.5403e+32,198
270,0,0.0000,0.0500,0.0000e+00,1.0000e+25,0.0000e+00,2.0000e+25,4.4598e+32,6.3711e+32,198
270,1,0.0500,0.1000,0.0000e+00,1.0600e+27,0.0000e+00,7.0000e+25,1.8427e+32,2.7797e+32,198
270,2,0.1000,0.2000,0.0000e+00,8.6200e+27,0.0000e+00,1.3200e+27,3.3943e+32,4.6126e+32,198
270,3,0.2000,0.3500,0.0000e+00,3.7950e+28,0.0000e+00,7.0900e+27,2.9993e+32,4.0535e+32,198
270,4,0.3500,0.5500,0.0000e+00,8.7010e+28,0.0000e+00,2.8390e+28,2.0722e+32,2.6559e+32,198
270,5,0.5500,1.0100,0.0000e+00,2.1091e+29,0.0000e+00,1.3911e+29,1.4088e+32,1.5324e+32,198
271,0,0.0000,0.0500,0.0000e+00,1.0000e+25,0.0000e+00,2.0000e+25,4.1162e+32,6.2768e+32,195
271,1,0.0500,0.1000,0.0000e+00,1.1200e+27,0.0000e+00,1.0000e+26,2.0271e+32,2.8463e+32,195
271,2,0.1000,0.2000,0.0000e+00,9.5600e+27,0.0000e+00,1.5200e+27,3.3785e+32,4.7037e+32,195
271,3,0.2000,0.3500,0.0000e+00,3.9510e+28,0.0000e+00,7.7600e+27,3.0007e+32,3.7728e+32,195
271,4,0.3500,0.5500,0.0000e+00,8.8890e+28,0.0000e+00,2.9270e+28,2.0397e+32,2.5789e+32,195
271,5,0.5500,1.0100,0.0000e+00,2.1013e+29,0.0000e+00,1.3340e+29,1.3691e+32,1.5014e+32,195
272,0,0.0000,0.0500,0.0000e+00,3.0000e+25,0.0000e+00,2.0000e+25,3.8300e+32,6.2783e+32,195
272,1,0.0500,0.1000,0.0000e+00,1.1700e+27,0.0000e+00,1.1000e+26,2.2863e+32,2.9661e+32,195
272,2,0.1000,0.2000,0.0000e+00,1.0010e+28,0.0000e+00,1.3600e+27,3.4038e+32,4.9954e+32,195
272,3,0.2000,0.3500,0.0000e+00,4.1660e+28,0.0000e+00,6.7200e+27,2.9430e+32,3.4122e+32,195
272,4,0.3500,0.5500,0.0000e+00,8.8150e+28,0.0000e+00,3.0300e+28,2.0540e+32,2.5604e+32,195
272,5,0.5500,1.0100,0.0000e+00,2.1358e+29,0.0000e+00,1.3812e+29,1.4146e+32,1.4776e+32,195
273,0,0.0000,0.0500,0.0000e+00,0.0000e+00,0.0000e+00,1.0000e+25,3.6398e+32,6.3415e+32,193
273,1,0.0500,0.1000,0.0000e+00,1.2400e+27,0.0000e+00,1.6000e+26,2.3689e+32,2.9509e+32,193
273,2,0.1000,0.2000,0.0000e+00,1.0420e+28,0.0000e+00,1.5900e+27,3.3761e+32,4.9286e+32,193
273,3,0.2000,0.3500,0.0000e+00,4.1780e+28,0.0000e+00,7.1900e+27,2.9686e+32,3.4078e+32,193
273,4,0.3500,0.5500,0.0000e+00,8.3820e+28,0.0000e+00,2.7920e+28,1.9861e+32,2.4076e+32,193
273,5,0.5500,1.0100,0.0000e+00,2.1561e+29,0.0000e+00,1.3205e+29,1.4266e+32,1.4397e+32,193
274,0,0.0000,0.0500,0.0000e+00,3.0000e+25,0.0000e+00,0.0000e+00,3.5097e+32,6.3347e+32,191
274,1,0.0500,0.1000,0.0000e+00,1.3900e+27,0.0000e+00,9.0000e+25,2.4477e+32,3.2093e+32,191
274,2,0.1000,0.2000,0.0000e+00,1.1000e+28,0.0000e+00,1.4600e+27,3.2937e+32,4.5990e+32,191
274,3,0.2000,0.3500,0.0000e+00,4.4090e+28,0.0000e+00,7.4400e+27,2.9889e+32,3.4708e+32,191
274,4,0.3500,0.5500,0.0000e+00,8.3990e+28,0.0000e+00,2.6460e+28,1.9461e+32,2.2354e+32,191
274,5,0.5500,1.0100,0.0000e+00,2.1366e+29,0.0000e+00,1.3497e+29,1.4152e+32,1.4100e+32,191
275,0,0.0000,0.0500,0.0000e+00,0.0000e+00,0.0000e+00,1.0000e+25,3.3770e+32,6.3813e+32,191
275,1,0.0500,0.1000,0.0000e+00,1.3100e+27,0.0000e+00,8.0000e+25,2.4083e+32,3.4096e+32,191
275,2,0.1000,0.2000,0.0000e+00,1.0910e+28,0.0000e+00,1.4200e+27,3.4233e+32,4.5190e+32,191
275,3,0.2000,0.3500,0.0000e+00,4.4250e+28,0.0000e+00,8.5800e+27,2.9960e+32,3.4767e+32,191
275,4,0.3500,0.5500,0.0000e+00,8.7250e+28,0.0000e+00,2.7830e+28,1.9580e+32,2.0977e+32,191
275,5,0.5500,1.0100,0.0000e+00,2.2379e+29,0.0000e+00,1.3822e+29,1.4341e+32,1.3846e+32,191
276,0,0.0000,0.0500,0.0000e+00,1.0000e+25,0.0000e+00,0.0000e+00,3.6815e+32,5.8242e+32,189
276,1,0.0500,0.1000,0.0000e+00,1.8600e+27,0.0000e+00,1.2000e+26,2.5037e+32,3.3884e+32,189
276,2,0.1000,0.2000,0.0000e+00,1.1140e+28,0.0000e+00,1.4800e+27,3.3839e+32,4.3514e+32,189
276,3,0.2000,0.3500,0.0000e+00,4.4540e+28,0.0000e+00,8.8400e+27,2.9776e+32,3.5146e+32,189
276,4,0.3500,0.5500,0.0000e+00,8.6170e+28,0.0000e+00,2.8710e+28,1.9148e+32,2.0805e+32,189
276,5,0.5500,1.0100,0.0000e+00,2.1716e+29,0.0000e+00,1.3165e+29,1.3891e+32,1.3489e+32,189
277,0,0.0000,0.0500,0.0000e+00,2.0000e+25,0.0000e+00,1.0000e+25,4.9497e+32,4.1637e+32,187
277,1,0.0500,0.1000,0.0000e+00,1.9400e+27,0.0000e+00,1.2000e+26,2.3551e+32,3.4114e+32,187
277,2,0.1000,0.2000,0.0000e+00,1.1920e+28,0.0000e+00,1.4600e+27,3.4671e+32,4.2475e+32,187
277,3,0.2000,0.3500,0.0000e+00,4.3910e+28,0.0000e+00,8.3000e+27,2.8564e+32,3.5468e+32,187
277,4,0.3500,0.5500,0.0000e+00,8.4970e+28,0.0000e+00,2.9420e+28,1.8762e+32,2.0859e+32,187
277,5,0.5500,1.0100,0.0000e+00,2.0467e+29,0.0000e+00,1.4225e+29,1.3102e+32,1.3805e+32,187
278,0,0.0000,0.0500,0.0000e+00,1.0000e+25,0.0000e+00,3.0000e+25,4.8693e+32,4.4354e+32,187
278,1,0.0500,0.1000,0.0000e+00,1.9700e+27,0.0000e+00,7.0000e+25,2.4212e+32,3.3076e+32,187
278,2,0.1000,0.2000,0.0000e+00,1.2050e+28,0.0000e+00,1.4400e+27,3.4818e+32,4.1783e+32,187
278,3,0.2000,0.3500,0.0000e+00,4.4250e+28,0.0000e+00,8.4800e+27,2.8201e+32,3.5158e+32,187
278,4,0.3500,0.5500,0.0000e+00,8.8550e+28,0.0000e+00,3.2310e+28,1.9212e+32,2.0663e+32,187
278,5,0.5500,1.0100,0.0000e+00,2.0270e+29,0.0000e+00,1.4380e+29,1.3008e+32,1.3399e+32,187
279,0,0.0000,0.0500,0.0000e+00,1.0000e+25,0.0000e+00,2.0000e+25,4.8235e+32,4.5266e+32,185
279,1,0.0500,0.1000,0.0000e+00,1.7500e+27,0.0000e+00,1.4000e+26,2.1397e+32,3.2531e+32,185
279,2,0.1000,0.2000,0.0000e+00,1.2880e+28,0.0000e+00,1.3600e+27,3.5815e+32,4.1025e+32,185
279,3,0.2000,0.3500,0.0000e+00,4.2130e+28,0.0000e+00,8.9800e+27,2.8405e+32,3.4436e+32,185
279,4,0.3500,0.5500,0.0000e+00,8.9880e+28,0.0000e+00,3.4720e+28,1.9640e+32,2.0439e+32,185
279,5,0.5500,1.0100,0.0000e+00,2.0032e+29,0.0000e+00,1.4549e+29,1.2867e+32,1.2800e+32,185
280,0,0.0000,0.0500,0.0000e+00,1.0000e+25,0.0000e+00,1.0000e+25,4.7409e+32,4.6130e+32,184
280,1,0.0500,0.1000,0.0000e+00,1.5400e+27,0.0000e+00,1.0000e+26,2.0714e+32,3.1271e+32,184
280,2,0.1000,0.2000,0.0000e+00,1.3080e+28,0.0000e+00,1.5000e+27,3.6991e+32,4.1341e+32,184
280,3,0.2000,0.3500,0.0000e+00,4.0320e+28,0.0000e+00,9.9000e+27,2.7048e+32,3.3801e+32,184
280,4,0.3500,0.5500,0.0000e+00,9.3890e+28,0.0000e+00,3.4580e+28,2.0731e+32,2.0641e+32,184
280,5,0.5500,1.0100,0.0000e+00,2.0542e+29,0.0000e+00,1.4026e+29,1.2533e+32,1.2387e+32,184
281,0,0.0000,0.0500,0.0000e+00,1.0000e+25,0.0000e+00,0.0000e+00,4.6357e+32,4.7279e+32,182
281,1,0.0500,0.1000,0.0000e+00,1.4900e+27,0.0000e+00,1.7000e+26,2.0352e+32,3.0114e+32,182
281,2,0.1000,0.2000,0.0000e+00,1.3650e+28,0.0000e+00,1.6200e+27,3.6772e+32,4.0763e+32,182
281,3,0.2000,0.3500,0.0000e+00,4.1340e+28,0.0000e+00,8.8000e+27,2.6793e+32,3.2868e+32,182
281,4,0.3500,0.5500,0.0000e+00,9.6100e+28,0.0000e+00,3.4290e+28,2.1069e+32,2.0828e+32,182
281,5,0.5500,1.0100,0.0000e+00,2.0253e+29,0.0000e+00,1.3840e+29,1.2291e+32,1.1785e+32,182
282,0,0.0000,0.0500,0.0000e+00,1.0000e+25,0.0000e+00,1.0000e+25,4.6422e+32,5.0331e+32,182
282,1,0.0500,0.1000,0.0000e+00,1.6100e+27,0.0000e+00,1.0000e+26,1.9776e+32,2.7605e+32,182
282,2,0.1000,0.2000,0.0000e+00,1.2080e+28,0.0000e+00,1.3800e+27,3.5009e+32,4.0292e+32,182
282,3,0.2000,0.3500,0.0000e+00,4.3110e+28,0.0000e+00,9.6800e+27,2.9079e+32,3.3880e+32,182
282,4,0.3500,0.5500,0.0000e+00,1.0088e+29,0.0000e+00,3.5870e+28,2.1124e+32,2.0576e+32,182
282,5,0.5500,1.0100,0.0000e+00,2.0938e+29,0.0000e+00,1.3308e+29,1.2211e+32,1.1028e+32,182
283,0,0.0000,0.0500,0.0000e+00,5.0000e+25,0.0000e+00,1.0000e+25,4.5981e+32,5.3054e+32,180
283,1,0.0500,0.1000,0.0000e+00,1.3400e+27,0.0000e+00,1.4000e+26,1.9247e+32,2.4203e+32,180
283,2,0.1000,0.2000,0.0000e+00,1.1790e+28,0.0000e+00,1.2300e+27,3.3813e+32,4.0505e+32,180
283,3,0.2000,0.3500,0.0000e+00,4.5080e+28,0.0000e+00,9.4600e+27,3.0112e+32,3.2954e+32,180
283,4,0.3500,0.5500,0.0000e+00,1.0102e+29,0.0000e+00,3.4330e+28,2.0829e+32,2.0278e+32,180
283,5,0.5500,1.0100,0.0000e+00,2.0484e+29,0.0000e+00,1.3481e+29,1.1832e+32,1.0749e+32,180
284,0,0.0000,0.0500,0.0000e+00,7.0000e+25,0.0000e+00,3.0000e+25,4.5787e+32,5.4656e+32,179
284,1,0.0500,0.1000,0.0000e+00,1.4500e+27,0.0000e+00,1.4000e+26,1.8388e+32,2.3479e+32,179
284,2,0.1000,0.2000,0.0000e+00,1.1280e+28,0.0000e+00,1.6600e+27,3.3419e+32,3.9147e+32,179
284,3,0.2000,0.3500,0.0000e+00,4.7230e+28,0.0000e+00,9.0600e+27,3.0654e+32,3.2707e+32,179
284,4,0.3500,0.5500,0.0000e+00,1.0534e+29,0.0000e+00,3.7620e+28,2.1140e+32,2.0202e+32,179
284,5,0.5500,1.0100,0.0000e+00,2.0324e+29,0.0000e+00,1.3729e+29,1.1520e+32,1.0604e+32,179
285,0,0.0000,0.0500,0.0000e+00,9.0000e+25,0.0000e+00,1.0000e+25,4.3115e+32,5.7464e+32,178
285,1,0.0500,0.1000,0.0000e+00,1.2500e+27,0.0000e+00,1.3000e+26,1.8744e+32,2.2594e+32,178
285,2,0.1000,0.2000,0.0000e+00,1.2220e+28,0.0000e+00,1.4400e+27,3.4398e+32,3.7670e+32,178
285,3,0.2000,0.3500,0.0000e+00,4.9850e+28,0.0000e+00,9.0600e+27,3.1550e+32,3.1610e+32,178
285,4,0.3500,0.5500,0.0000e+00,1.0519e+29,0.0000e+00,3.8710e+28,2.0986e+32,2.0057e+32,178
285,5,0.5500,1.0100,0.0000e+00,2.0140e+29,0.0000e+00,1.3681e+29,1.1208e+32,1.0479e+32,178
286,0,0.0000,0.0500,0.0000e+00,4.0000e+25,0.0000e+00,3.0000e+25,4.1623e+32,5.6836e+32,176
286,1,0.0500,0.1000,0.0000e+00,1.2400e+27,0.0000e+00,1.5000e+26,1.8817e+32,2.3387e+32,176
286,2,0.1000,0.2000,0.0000e+00,1.3350e+28,0.0000e+00,1.6300e+27,3.4948e+32,3.7651e+32,176
286,3,0.2000,0.3500,0.0000e+00,4.9830e+28,0.0000e+00,1.0090e+28,3.1304e+32,3.0372e+32,176
286,4,0.3500,0.5500,0.0000e+00,1.0419e+29,0.0000e+00,3.8120e+28,2.0654e+32,1.9411e+32,176
286,5,0.5500,1.0100,0.0000e+00,1.9469e+29,0.0000e+00,1.3308e+29,1.0847e+32,1.0287e+32,176
287,0,0.0000,0.0500,0.0000e+00,3.0000e+25,0.0000e+00,0.0000e+00,3.9542e+32,5.6854e+32,176
287,1,0.0500,0.1000,0.0000e+00,1.1900e+27,0.0000e+00,1.2000e+26,2.0939e+32,2.3742e+32,176
287,2,0.1000,0.2000,0.0000e+00,1.3200e+28,0.0000e+00,1.5900e+27,3.4480e+32,3.8610e+32,176
287,3,0.2000,0.3500,0.0000e+00,5.1700e+28,0.0000e+00,8.9600e+27,3.1971e+32,2.9164e+32,176
287,4,0.3500,0.5500,0.0000e+00,1.0727e+29,0.0000e+00,3.7060e+28,2.0599e+32,1.9438e+32,176
287,5,0.5500,1.0100,0.0000e+00,1.9786e+29,0.0000e+00,1.3759e+29,1.0640e+32,1.0209e+32,176
288,0,0.0000,0.0500,0.0000e+00,4.0000e+25,0.0000e+00,1.0000e+25,3.7165e+32,5.6226e+32,174
288,1,0.0500,0.1000,0.0000e+00,1.2700e+27,0.0000e+00,1.6000e+26,2.2744e+32,2.4122e+32,174
288,2,0.1000,0.2000,0.0000e+00,1.3780e+28,0.0000e+00,1.7200e+27,3.4190e+32,3.9826e+32,174
288,3,0.2000,0.3500,0.0000e+00,5.0950e+28,0.0000e+00,9.5600e+27,3.0803e+32,2.6744e+32,174
288,4,0.3500,0.5500,0.0000e+00,1.0883e+29,0.0000e+00,3.6860e+28,2.0582e+32,1.9176e+32,174
288,5,0.5500,1.0100,0.0000e+00,2.0150e+29,0.0000e+00,1.3450e+29,1.0863e+32,9.9775e+31,174
289,0,0.0000,0.0500,0.0000e+00,6.0000e+25,0.0000e+00,1.0000e+25,3.5705e+32,5.5919e+32,173
289,1,0.0500,0.1000,0.0000e+00,1.3200e+27,0.0000e+00,1.2000e+26,2.3031e+32,2.4811e+32,173
289,2,0.1000,0.2000,0.0000e+00,1.3490e+28,0.0000e+00,2.1500e+27,3.4966e+32,4.0456e+32,173
289,3,0.2000,0.3500,0.0000e+00,5.0610e+28,0.0000e+00,8.9000e+27,3.0656e+32,2.5511e+32,173
289,4,0.3500,0.5500,0.0000e+00,1.0400e+29,0.0000e+00,3.8470e+28,2.0242e+32,1.8790e+32,173
289,5,0.5500,1.0100,0.0000e+00,2.0525e+29,0.0000e+00,1.3722e+29,1.0859e+32,9.6604e+31,173
290,0,0.0000,0.0500,0.0000e+00,1.0000e+25,0.0000e+00,5.0000e+25,3.5049e+32,5.7263e+32,173
290,1,0.0500,0.1000,0.0000e+00,1.5300e+27,0.0000e+00,1.8000e+26,2.3794e+32,2.4213e+32,173
290,2,0.1000,0.2000,0.0000e+00,1.3870e+28,0.0000e+00,2.2000e+27,3.4439e+32,3.9788e+32,173
290,3,0.2000,0.3500,0.0000e+00,5.2360e+28,0.0000e+00,1.0430e+28,3.1386e+32,2.6406e+32,173
290,4,0.3500,0.5500,0.0000e+00,9.8480e+28,0.0000e+00,3.5660e+28,1.9790e+32,1.7972e+32,173
290,5,0.5500,1.0100,0.0000e+00,2.1400e+29,0.0000e+00,1.3894e+29,1.0957e+32,9.5937e+31,173
291,0,0.0000,0.0500,0.0000e+00,3.0000e+25,0.0000e+00,1.0000e+25,3.4107e+32,5.6894e+32,171
291,1,0.0500,0.1000,0.0000e+00,1.9300e+27,0.0000e+00,1.3000e+26,2.4173e+32,2.5004e+32,171
291,2,0.1000,0.2000,0.0000e+00,1.4380e+28,0.0000e+00,1.9600e+27,3.4131e+32,3.8040e+32,171
291,3,0.2000,0.3500,0.0000e+00,5.2930e+28,0.0000e+00,1.0760e+28,3.1132e+32,2.7107e+32,171
291,4,0.3500,0.5500,0.0000e+00,1.0224e+29,0.0000e+00,3.5910e+28,1.9280e+32,1.6837e+32,171
291,5,0.5500,1.0100,0.0000e+00,1.9798e+29,0.0000e+00,1.4038e+29,1.0771e+32,9.4242e+31,171
292,0,0.0000,0.0500,0.0000e+00,4.0000e+25,0.0000e+00,2.0000e+25,3.3237e+32,5.6578e+32,170
292,1,0.0500,0.1000,0.0000e+00,2.2300e+27,0.0000e+00,8.0000e+25,2.4818e+32,2.7688e+32,170
292,2,0.1000,0.2000,0.0000e+00,1.3060e+28,0.0000e+00,2.2300e+27,3.3206e+32,3.5843e+32,170
292,3,0.2000,0.3500,0.0000e+00,5.2290e+28,0.0000e+00,1.1540e+28,3.1663e+32,2.6534e+32,170
292,4,0.3500,0.5500,0.0000e+00,9.9700e+28,0.0000e+00,3.6270e+28,1.9112e+32,1.6529e+32,170
292,5,0.5500,1.0100,0.0000e+00,2.0160e+29,0.0000e+00,1.3946e+29,1.0613e+32,9.2136e+31,170
293,0,0.0000,0.0500,0.0000e+00,3.0000e+25,0.0000e+00,0.0000e+00,3.2653e+32,5.6261e+32,169
293,1,0.0500,0.1000,0.0000e+00,1.6400e+27,0.0000e+00,1.1000e+26,2.3513e+32,2.8492e+32,169
293,2,0.1000,0.2000,0.0000e+00,1.3910e+28,0.0000e+00,2.0500e+27,3.4781e+32,3.5616e+32,169
293,3,0.2000,0.3500,0.0000e+00,5.1220e+28,0.0000e+00,1.1650e+28,3.1146e+32,2.6539e+32,169
293,4,0.3500,0.5500,0.0000e+00,1.0090e+29,0.0000e+00,3.6640e+28,1.9061e+32,1.5560e+32,169
293,5,0.5500,1.0100,0.0000e+00,2.0863e+29,0.0000e+00,1.4151e+29,1.0560e+32,8.9935e+31,169
294,0,0.0000,0.0500,0.0000e+00,3.0000e+25,0.0000e+00,2.0000e+25,3.0895e+32,5.6937e+32,168
294,1,0.0500,0.1000,0.0000e+00,2.2200e+27,0.0000e+00,1.0000e+26,2.4562e+32,2.7350e+32,168
294,2,0.1000,0.2000,0.0000e+00,1.4260e+28,0.0000e+00,2.1800e+27,3.4417e+32,3.5450e+32,168
294,3,0.2000,0.3500,0.0000e+00,5.3110e+28,0.0000e+00,1.1600e+28,3.1443e+32,2.6727e+32,168
294,4,0.3500,0.5500,0.0000e+00,9.8440e+28,0.0000e+00,3.5590e+28,1.8942e+32,1.5204e+32,168
294,5,0.5500,1.0100,0.0000e+00,2.0928e+29,0.0000e+00,1.3683e+29,1.0506e+32,8.8656e+31,168
295,0,0.0000,0.0500,0.0000e+00,3.0000e+25,0.0000e+00,5.0000e+25,3.0088e+32,5.7123e+32,167
295,1,0.0500,0.1000,0.0000e+00,2.2000e+27,0.0000e+00,1.1000e+26,2.5147e+32,2.7512e+32,167
295,2,0.1000,0.2000,0.0000e+00,1.4420e+28,0.0000e+00,2.0800e+27,3.4300e+32,3.4471e+32,167
295,3,0.2000,0.3500,0.0000e+00,5.3500e+28,0.0000e+00,1.1630e+28,3.1346e+32,2.6774e+32,167
295,4,0.3500,0.5500,0.0000e+00,9.9180e+28,0.0000e+00,3.8620e+28,1.8685e+32,1.5240e+32,167
295,5,0.5500,1.0100,0.0000e+00,2.1458e+29,0.0000e+00,1.3959e+29,1.0248e+32,8.4809e+31,167
296,0,0.0000,0.0500,0.0000e+00,4.0000e+25,0.0000e+00,2.0000e+25,4.5314e+32,3.7625e+32,166
296,1,0.0500,0.1000,0.0000e+00,2.1400e+27,0.0000e+00,2.1000e+26,2.4347e+32,2.8576e+32,166
296,2,0.1000,0.2000,0.0000e+00,1.5480e+28,0.0000e+00,2.1700e+27,3.4394e+32,3.3650e+32,166
296,3,0.2000,0.3500,0.0000e+00,5.2570e+28,0.0000e+00,1.3420e+28,3.0550e+32,2.7436e+32,166
296,4,0.3500,0.5500,0.0000e+00,9.7660e+28,0.0000e+00,3.8030e+28,1.8172e+32,1.5330e+32,166
296,5,0.5500,1.0100,0.0000e+00,1.9024e+29,0.0000e+00,1.5160e+29,9.5171e+31,8.8192e+31,166
297,0,0.0000,0.0500,0.0000e+00,6.0000e+25,0.0000e+00,4.0000e+25,4.7565e+32,3.4632e+32,165
297,1,0.0500,0.1000,0.0000e+00,2.0700e+27,0.0000e+00,1.4000e+26,2.3035e+32,2.8228e+32,165
297,2,0.1000,0.2000,0.0000e+00,1.6040e+28,0.0000e+00,2.1000e+27,3.5459e+32,3.3487e+32,165
297,3,0.2000,0.3500,0.0000e+00,5.4410e+28,0.0000e+00,1.2630e+28,3.0015e+32,2.7407e+32,165
297,4,0.3500,0.5500,0.0000e+00,1.0089e+29,0.0000e+00,3.9490e+28,1.8040e+32,1.5320e+32,165
297,5,0.5500,1.0100,0.0000e+00,1.9043e+29,0.0000e+00,1.4741e+29,9.3594e+31,8.7677e+31,165
298,0,0.0000,0.0500,0.0000e+00,3.0000e+25,0.0000e+00,1.0000e+25,4.6306e+32,3.5962e+32,164
298,1,0.0500,0.1000,0.0000e+00,2.1600e+27,0.0000e+00,1.5000e+26,2.4022e+32,2.6548e+32,164
298,2,0.1000,0.2000,0.0000e+00,1.6310e+28,0.0000e+00,2.3800e+27,3.5361e+32,3.3779e+32,164
298,3,0.2000,0.3500,0.0000e+00,5.4490e+28,0.0000e+00,1.3000e+28,2.9904e+32,2.6887e+32,164
298,4,0.3500,0.5500,0.0000e+00,9.4880e+28,0.0000e+00,4.1430e+28,1.7696e+32,1.5279e+32,164
298,5,0.5500,1.0100,0.0000e+00,1.8693e+29,0.0000e+00,1.5466e+29,9.2095e+31,8.5703e+31,164
299,0,0.0000,0.0500,0.0000e+00,3.0000e+25,0.0000e+00,4.0000e+25,4.6002e+32,3.6595e+32,163
299,1,0.0500,0.1000,0.0000e+00,1.8200e+27,0.0000e+00,2.1000e+26,2.4055e+32,2.6820e+32,163
299,2,0.1000,0.2000,0.0000e+00,1.6670e+28,0.0000e+00,2.5200e+27,3.5261e+32,3.2698e+32,163
299,3,0.2000,0.3500,0.0000e+00,5.4170e+28,0.0000e+00,1.3080e+28,2.9248e+32,2.6888e+32,163
299,4,0.3500,0.5500,0.0000e+00,9.8480e+28,0.0000e+00,4.0610e+28,1.7984e+32,1.4913e+32,163
299,5,0.5500,1.0100,0.0000e+00,1.9582e+29,0.0000e+00,1.5496e+29,8.9735e+31,8.2952e+31,163
300,0,0.0000,0.0500,0.0000e+00,3.0000e+25,0.0000e+00,6.0000e+25,4.5790e+32,3.6764e+32,162
300,1,0.0500,0.1000,0.0000e+00,2.1600e+27,0.0000e+00,2.1000e+26,2.3112e+32,2.7211e+32,162
300,2,0.1000,0.2000,0.0000e+00,1.6490e+28,0.0000e+00,2.2800e+27,3.4924e+32,3.1625e+32,162
300,3,0.2000,0.3500,0.0000e+00,5.2880e+28,0.0000e+00,1.3770e+28,2.9227e+32,2.6940e+32,162
300,4,0.3500,0.5500,0.0000e+00,1.0238e+29,0.0000e+00,4.0230e+28,1.8600e+32,1.4827e+32,162
300,5,0.5500,1.0100,0.0000e+00,1.9976e+29,0.0000e+00,1.5765e+29,8.8973e+31,8.0331e+31,162
301,0,0.0000,0.0500,0.0000e+00,7.0000e+25,0.0000e+00,6.0000e+25,4.5862e+32,3.7584e+32,162
301,1,0.0500,0.1000,0.0000e+00,1.9600e+27,0.0000e+00,1.7000e+26,2.1366e+32,2.6424e+32,162
301,2,0.1000,0.2000,0.0000e+00,1.6410e+28,0.0000e+00,2.4200e+27,3.6312e+32,3.2375e+32,162
301,3,0.2000,0.3500,0.0000e+00,5.3640e+28,0.0000e+00,1.2890e+28,2.9765e+32,2.6394e+32,162
301,4,0.3500,0.5500,0.0000e+00,9.9780e+28,0.0000e+00,4.1540e+28,1.8462e+32,1.4827e+32,162
301,5,0.5500,1.0100,0.0000e+00,1.9799e+29,0.0000e+00,1.6184e+29,8.8022e+31,7.8800e+31,162
302,0,0.0000,0.0500,0.0000e+00,7.0000e+25,0.0000e+00,4.0000e+25,4.5368e+32,3.7134e+32,160
302,1,0.0500,0.1000,0.0000e+00,1.8000e+27,0.0000e+00,2.5000e+26,2.0481e+32,2.6117e+32,160
302,2,0.1000,0.2000,0.0000e+00,1.7490e+28,0.0000e+00,2.5200e+27,3.6691e+32,3.2099e+32,160
302,3,0.2000,0.3500,0.0000e+00,5.3890e+28,0.0000e+00,1.4690e+28,2.9086e+32,2.6050e+32,160
302,4,0.3500,0.5500,0.0000e+00,9.8420e+28,0.0000e+00,4.1630e+28,1.8438e+32,1.4651e+32,160
302,5,0.5500,1.0100,0.0000e+00,1.8482e+29,0.0000e+00,1.5466e+29,8.5241e+31,7.7177e+31,160
303,0,0.0000,0.0500,0.0000e+00,9.0000e+25,0.0000e+00,5.0000e+25,4.5355e+32,3.8103e+32,160
303,1,0.0500,0.1000,0.0000e+00,1.8000e+27,0.0000e+00,1.9000e+26,2.0241e+32,2.5182e+32,160
303,2,0.1000,0.2000,0.0000e+00,1.7310e+28,0.0000e+00,2.5100e+27,3.7214e+32,3.2145e+32,160
303,3,0.2000,0.3500,0.0000e+00,5.1920e+28,0.0000e+00,1.3920e+28,2.8415e+32,2.6119e+32,160
303,4,0.3500,0.5500,0.0000e+00,1.0365e+29,0.0000e+00,4.3780e+28,1.8987e+32,1.4796e+32,160
303,5,0.5500,1.0100,0.0000e+00,1.8960e+29,0.0000e+00,1.5654e+29,8.3524e+31,7.5178e+31,160
304,0,0.0000,0.0500,0.0000e+00,5.0000e+25,0.0000e+00,4.0000e+25,4.3990e+32,3.8045e+32,159
304,1,0.0500,0.1000,0.0000e+00,1.8100e+27,0.0000e+00,1.5000e+26,2.0692e+32,2.4876e+32,159
304,2,0.1000,0.2000,0.0000e+00,1.9610e+28,0.0000e+00,2.5300e+27,3.7764e+32,3.2380e+32,159
304,3,0.2000,0.3500,0.0000e+00,4.9930e+28,0.0000e+00,1.4220e+28,2.7337e+32,2.5632e+32,159
304,4,0.3500,0.5500,0.0000e+00,1.0594e+29,0.0000e+00,4.2420e+28,1.9649e+32,1.4828e+32,159
304,5,0.5500,1.0100,0.0000e+00,1.8752e+29,0.0000e+00,1.5822e+29,8.1335e+31,7.3004e+31,159
305,0,0.0000,0.0500,0.0000e+00,1.4000e+26,0.0000e+00,2.0000e+25,4.3512e+32,3.8306e+32,157
305,1,0.0500,0.1000,0.0000e+00,1.8600e+27,0.0000e+00,1.6000e+26,2.0484e+32,2.3853e+32,157
305,2,0.1000,0.2000,0.0000e+00,1.8830e+28,0.0000e+00,2.1000e+27,3.7445e+32,3.2320e+32,157
305,3,0.2000,0.3500,0.0000e+00,4.8730e+28,0.0000e+00,1.4300e+28,2.7025e+32,2.5069e+32,157
305,4,0.3500,0.5500,0.0000e+00,1.0649e+29,0.0000e+00,4.2070e+28,1.9242e+32,1.4794e+32,157
305,5,0.5500,1.0100,0.0000e+00,1.8139e+29,0.0000e+00,1.5402e+29,7.8765e+31,6.9937e+31,157
306,0,0.0000,0.0500,0.0000e+00,7.0000e+25,0.0000e+00,4.0000e+25,4.3857e+32,3.8830e+32,158
306,1,0.0500,0.1000,0.0000e+00,1.6000e+27,0.0000e+00,2.0000e+26,1.9940e+32,2.4660e+32,158
306,2,0.1000,0.2000,0.0000e+00,1.7290e+28,0.0000e+00,2.4200e+27,3.7712e+32,3.1667e+32,158
306,3,0.2000,0.3500,0.0000e+00,5.0330e+28,0.0000e+00,1.3870e+28,2.7746e+32,2.5271e+32,158
306,4,0.3500,0.5500,0.0000e+00,1.0475e+29,0.0000e+00,4.3490e+28,1.9406e+32,1.4899e+32,158
306,5,0.5500,1.0100,0.0000e+00,1.9092e+29,0.0000e+00,1.5260e+29,7.8892e+31,6.9738e+31,158
307,0,0.0000,0.0500,0.0000e+00,5.0000e+25,0.0000e+00,2.0000e+25,4.3376e+32,3.9804e+32,156
307,1,0.0500,0.1000,0.0000e+00,1.6400e+27,0.0000e+00,2.0000e+26,1.9735e+32,2.3023e+32,156
307,2,0.1000,0.2000,0.0000e+00,1.6850e+28,0.0000e+00,2.5400e+27,3.6249e+32,3.1203e+32,156
307,3,0.2000,0.3500,0.0000e+00,5.0100e+28,0.0000e+00,1.4700e+28,2.8282e+32,2.5167e+32,156
307,4,0.3500,0.5500,0.0000e+00,1.0426e+29,0.0000e+00,4.4950e+28,1.9149e+32,1.4811e+32,156
307,5,0.5500,1.0100,0.0000e+00,1.9289e+29,0.0000e+00,1.5133e+29,7.7558e+31,6.5678e+31,156
308,0,0.0000,0.0500,0.0000e+00,7.0000e+25,0.0000e+00,5.0000e+25,4.3173e+32,4.0468e+32,155
308,1,0.0500,0.1000,0.0000e+00,2.0800e+27,0.0000e+00,1.7000e+26,1.9663e+32,2.1988e+32,155
308,2,0.1000,0.2000,0.0000e+00,1.6400e+28,0.0000e+00,2.5500e+27,3.5259e+32,3.1049e+32,155
308,3,0.2000,0.3500,0.0000e+00,5.0700e+28,0.0000e+00,1.4110e+28,2.9003e+32,2.5496e+32,155
308,4,0.3500,0.5500,0.0000e+00,1.0439e+29,0.0000e+00,4.5300e+28,1.8883e+32,1.4501e+32,155
308,5,0.5500,1.0100,0.0000e+00,1.9034e+29,0.0000e+00,1.5497e+29,7.5637e+31,6.2506e+31,155
309,0,0.0000,0.0500,0.0000e+00,1.0000e+26,0.0000e+00,7.0000e+25,4.3248e+32,4.1049e+32,155
309,1,0.0500,0.1000,0.0000e+00,1.9300e+27,0.0000e+00,1.3000e+26,1.8953e+32,2.1437e+32,155
309,2,0.1000,0.2000,0.0000e+00,1.6750e+28,0.0000e+00,2.2800e+27,3.5056e+32,3.1098e+32,155
309,3,0.2000,0.3500,0.0000e+00,5.2010e+28,0.0000e+00,1.6620e+28,3.0142e+32,2.5784e+32,155
309,4,0.3500,0.5500,0.0000e+00,1.0448e+29,0.0000e+00,4.8450e+28,1.8737e+32,1.4348e+32,155
309,5,0.5500,1.0100,0.0000e+00,1.8855e+29,0.0000e+00,1.5227e+29,7.4236e+31,6.1203e+31,155
310,0,0.0000,0.0500,0.0000e+00,1.9000e+26,0.0000e+00,2.0000e+25,4.3044e+32,4.1527e+32,154
310,1,0.0500,0.1000,0.0000e+00,1.9500e+27,0.0000e+00,2.1000e+26,1.8857e+32,2.0590e+32,154
310,2,0.1000,0.2000,0.0000e+00,1.5850e+28,0.0000e+00,2.7400e+27,3.4466e+32,3.1151e+32,154
310,3,0.2000,0.3500,0.0000e+00,5.3310e+28,0.0000e+00,1.5700e+28,3.0499e+32,2.5463e+32,154
310,4,0.3500,0.5500,0.0000e+00,1.0452e+29,0.0000e+00,4.9430e+28,1.8482e+32,1.4263e+32,154
310,5,0.5500,1.0100,0.0000e+00,1.8165e+29,0.0000e+00,1.5626e+29,7.2383e+31,6.0340e+31,154
311,0,0.0000,0.0500,0.0000e+00,1.1000e+26,0.0000e+00,4.0000e+25,4.2842e+32,4.2334e+32,153
311,1,0.0500,0.1000,0.0000e+00,1.6800e+27,0.0000e+00,2.7000e+26,1.8776e+32,1.9414e+32,153
311,2,0.1000,0.2000,0.0000e+00,1.4760e+28,0.0000e+00,2.8600e+27,3.4364e+32,3.1405e+32,153
311,3,0.2000,0.3500,0.0000e+00,5.4980e+28,0.0000e+00,1.6290e+28,3.0351e+32,2.4943e+32,153
311,4,0.3500,0.5500,0.0000e+00,1.0150e+29,0.0000e+00,4.7140e+28,1.8216e+32,1.4178e+32,153
311,5,0.5500,1.0100,0.0000e+00,1.7967e+29,0.0000e+00,1.4948e+29,7.0581e+31,5.9434e+31,153
312,0,0.0000,0.0500,0.0000e+00,8.0000e+25,0.0000e+00,4.0000e+25,4.2915e+32,4.3992e+32,153
312,1,0.0500,0.1000,0.0000e+00,1.9100e+27,0.0000e+00,2.2000e+26,1.8818e+32,1.7787e+32,153
312,2,0.1000,0.2000,0.0000e+00,1.4550e+28,0.0000e+00,2.7100e+27,3.3883e+32,3.1459e+32,153
312,3,0.2000,0.3500,0.0000e+00,5.6170e+28,0.0000e+00,1.7410e+28,3.1003e+32,2.5004e+32,153
312,4,0.3500,0.5500,0.0000e+00,1.0296e+29,0.0000e+00,4.7790e+28,1.8063e+32,1.4178e+32,153
312,5,0.5500,1.0100,0.0000e+00,1.7790e+29,0.0000e+00,1.5046e+29,6.9324e+31,5.8771e+31,153
313,0,0.0000,0.0500,0.0000e+00,1.1000e+26,0.0000e+00,3.0000e+25,4.2711e+32,4.4301e+32,152
313,1,0.0500,0.1000,0.0000e+00,2.2100e+27,0.0000e+00,2.2000e+26,1.8610e+32,1.7690e+32,152
313,2,0.1000,0.2000,0.0000e+00,1.4500e+28,0.0000e+00,3.0400e+27,3.3382e+32,3.0722e+32,152
313,3,0.2000,0.3500,0.0000e+00,5.5840e+28,0.0000e+00,1.6300e+28,3.1359e+32,2.4901e+32,152
313,4,0.3500,0.5500,0.0000e+00,1.0091e+29,0.0000e+00,4.7800e+28,1.7792e+32,1.4082e+32,152
313,5,0.5500,1.0100,0.0000e+00,1.7981e+29,0.0000e+00,1.5086e+29,6.7607e+31,5.7811e+31,152
314,0,0.0000,0.0500,0.0000e+00,1.2000e+26,0.0000e+00,4.0000e+25,4.2500e+32,4.4027e+32,151
314,1,0.0500,0.1000,0.0000e+00,1.7200e+27,0.0000e+00,2.4000e+26,1.7806e+32,1.7956e+32,151
314,2,0.1000,0.2000,0.0000e+00,1.3620e+28,0.0000e+00,2.7200e+27,3.3490e+32,3.0196e+32,151
314,3,0.2000,0.3500,0.0000e+00,5.4290e+28,0.0000e+00,1.6040e+28,3.1214e+32,2.4791e+32,151
314,4,0.3500,0.5500,0.0000e+00,1.0195e+29,0.0000e+00,5.1480e+28,1.8030e+32,1.3997e+32,151
314,5,0.5500,1.0100,0.0000e+00,1.8159e+29,0.0000e+00,1.5426e+29,6.6014e+31,5.6904e+31,151
315,0,0.0000,0.0500,0.0000e+00,1.1000e+26,0.0000e+00,4.0000e+25,4.2287e+32,4.3754e+32,150
315,1,0.0500,0.1000,0.0000e+00,1.8400e+27,0.0000e+00,1.9000e+26,1.7733e+32,1.7850e+32,150
315,2,0.1000,0.2000,0.0000e+00,1.4120e+28,0.0000e+00,2.8000e+27,3.3380e+32,3.0046e+32,150
315,3,0.2000,0.3500,0.0000e+00,5.3450e+28,0.0000e+00,1.7330e+28,3.0971e+32,2.4684e+32,150
315,4,0.3500,0.5500,0.0000e+00,1.0282e+29,0.0000e+00,5.2670e+28,1.7847e+32,1.3919e+32,150
315,5,0.5500,1.0100,0.0000e+00,1.8368e+29,0.0000e+00,1.5758e+29,6.4433e+31,5.6053e+31,150
316,0,0.0000,0.0500,0.0000e+00,2.0000e+26,0.0000e+00,4.0000e+25,4.2361e+32,4.3773e+32,150
316,1,0.0500,0.1000,0.0000e+00,1.7200e+27,0.0000e+00,2.7000e+26,1.7777e+32,1.7864e+32,150
316,2,0.1000,0.2000,0.0000e+00,1.4500e+28,0.0000e+00,2.7900e+27,3.3493e+32,3.0096e+32,150
316,3,0.2000,0.3500,0.0000e+00,5.3770e+28,0.0000e+00,1.7390e+28,3.1006e+32,2.4748e+32,150
316,4,0.3500,0.5500,0.0000e+00,1.0389e+29,0.0000e+00,5.1500e+28,1.7718e+32,1.3930e+32,150
316,5,0.5500,1.0100,0.0000e+00,1.8325e+29,0.0000e+00,1.5287e+29,6.3274e+31,5.5431e+31,150
317,0,0.0000,0.0500,0.0000e+00,1.5000e+26,0.0000e+00,7.0000e+25,4.1863e+32,4.5052e+32,149
317,1,0.0500,0.1000,0.0000e+00,1.8800e+27,0.0000e+00,2.1000e+26,1.7680e+32,1.7195e+32,149
317,2,0.1000,0.2000,0.0000e+00,1.3210e+28,0.0000e+00,2.8300e+27,3.3444e+32,2.9398e+32,149
317,3,0.2000,0.3500,0.0000e+00,5.4450e+28,0.0000e+00,1.6560e+28,3.1073e+32,2.4192e+32,149
317,4,0.3500,0.5500,0.0000e+00,1.0240e+29,0.0000e+00,4.7990e+28,1.7467e+32,1.3832e+32,149
317,5,0.5500,1.0100,0.0000e+00,1.7659e+29,0.0000e+00,1.5587e+29,6.1685e+31,5.4577e+31,149
318,0,0.0000,0.0500,0.0000e+00,1.2000e+26,0.0000e+00,5.0000e+25,3.9832e+32,4.6061e+32,149
318,1,0.0500,0.1000,0.0000e+00,1.8000e+27,0.0000e+00,2.4000e+26,1.8069e+32,1.7025e+32,149
318,2,0.1000,0.2000,0.0000e+00,1.4050e+28,0.0000e+00,2.9000e+27,3.4450e+32,2.9066e+32,149
318,3,0.2000,0.3500,0.0000e+00,5.4150e+28,0.0000e+00,1.6110e+28,3.1959e+32,2.3816e+32,149
318,4,0.3500,0.5500,0.0000e+00,1.0275e+29,0.0000e+00,4.9100e+28,1.7338e+32,1.3825e+32,149
318,5,0.5500,1.0100,0.0000e+00,1.7949e+29,0.0000e+00,1.5699e+29,6.0648e+31,5.4168e+31,149
319,0,0.0000,0.0500,0.0000e+00,5.0000e+25,0.0000e+00,6.0000e+25,3.9574e+32,4.5772e+32,148
319,1,0.0500,0.1000,0.0000e+00,1.6000e+27,0.0000e+00,2.8000e+26,1.8040e+32,1.6926e+32,148
319,2,0.1000,0.2000,0.0000e+00,1.2850e+28,0.0000e+00,3.3200e+27,3.4310e+32,2.8919e+32,148
319,3,0.2000,0.3500,0.0000e+00,5.4250e+28,0.0000e+00,1.7990e+28,3.1798e+32,2.3714e+32,148
319,4,0.3500,0.5500,0.0000e+00,9.9370e+28,0.0000e+00,5.0580e+28,1.7101e+32,1.3734e+32,148
319,5,0.5500,1.0100,0.0000e+00,1.8129e+29,0.0000e+00,1.5153e+29,5.9377e+31,5.3256e+31,148
320,0,0.0000,0.0500,0.0000e+00,1.8000e+26,0.0000e+00,8.0000e+25,3.9367e+32,4.5485e+32,147
320,1,0.0500,0.1000,0.0000e+00,1.6200e+27,0.0000e+00,2.3000e+26,1.7951e+32,1.6828e+32,147
320,2,0.1000,0.2000,0.0000e+00,1.3060e+28,0.0000e+00,3.0800e+27,3.4187e+32,2.8771e+32,147
320,3,0.2000,0.3500,0.0000e+00,5.6660e+28,0.0000e+00,1.7490e+28,3.1615e+32,2.3607e+32,147
320,4,0.3500,0.5500,0.0000e+00,1.0152e+29,0.0000e+00,5.0540e+28,1.6880e+32,1.3649e+32,147
320,5,0.5500,1.0100,0.0000e+00,1.7163e+29,0.0000e+00,1.5461e+29,5.8052e+31,5.2387e+31,147
321,0,0.0000,0.0500,0.0000e+00,2.2000e+26,0.0000e+00,1.0000e+26,3.9428e+32,4.5508e+32,147
321,1,0.0500,0.1000,0.0000e+00,1.5900e+27,0.0000e+00,2.8000e+26,1.7983e+32,1.6841e+32,147
321,2,0.1000,0.2000,0.0000e+00,1.3560e+28,0.0000e+00,3.2700e+27,3.4300e+32,2.8818e+32,147
321,3,0.2000,0.3500,0.0000e+00,5.4310e+28,0.0000e+00,1.8000e+28,3.1630e+32,2.3664e+32,147
321,4,0.3500,0.5500,0.0000e+00,9.7270e+28,0.0000e+00,5.1070e+28,1.6784e+32,1.3648e+32,147
321,5,0.5500,1.0100,0.0000e+00,1.7314e+29,0.0000e+00,1.4997e+29,5.7068e+31,5.1911e+31,147
322,0,0.0000,0.0500,0.0000e+00,1.8000e+26,0.0000e+00,9.0000e+25,3.9487e+32,4.5530e+32,147
322,1,0.0500,0.1000,0.0000e+00,1.6500e+27,0.0000e+00,2.6000e+26,1.8018e+32,1.6857e+32,147
322,2,0.1000,0.2000,0.0000e+00,1.3500e+28,0.0000e+00,3.3900e+27,3.4412e+32,2.8863e+32,147
322,3,0.2000,0.3500,0.0000e+00,5.4340e+28,0.0000e+00,1.8420e+28,3.1630e+32,2.3931e+32,147
322,4,0.3500,0.5500,0.0000e+00,9.9570e+28,0.0000e+00,5.3520e+28,1.6678e+32,1.3439e+32,147
322,5,0.5500,1.0100,0.0000e+00,1.7475e+29,0.0000e+00,1.5468e+29,5.6084e+31,5.1434e+31,147
323,0,0.0000,0.0500,0.0000e+00,2.5000e+26,0.0000e+00,1.2000e+26,3.9007e+32,4.4930e+32,145
323,1,0.0500,0.1000,0.0000e+00,1.6900e+27,0.0000e+00,2.8000e+26,1.7808e+32,1.7467e+32,145
323,2,0.1000,0.2000,0.0000e+00,1.2570e+28,0.0000e+00,3.2900e+27,3.4045e+32,2.7970e+32,145
323,3,0.2000,0.3500,0.0000e+00,5.3980e+28,0.0000e+00,1.8780e+28,3.1210e+32,2.3581e+32,145
323,4,0.3500,0.5500,0.0000e+00,9.5580e+28,0.0000e+00,5.0160e+28,1.6348e+32,1.3059e+32,145
323,5,0.5500,1.0100,0.0000e+00,1.7722e+29,0.0000e+00,1.5595e+29,5.4440e+31,5.0304e+31,145
324,0,0.0000,0.0500,0.0000e+00,2.5000e+26,0.0000e+00,8.0000e+25,3.9064e+32,4.4950e+32,145
324,1,0.0500,0.1000,0.0000e+00,1.4500e+27,0.0000e+00,2.4000e+26,1.6985e+32,1.7495e+32,145
324,2,0.1000,0.2000,0.0000e+00,1.3190e+28,0.0000e+00,3.4000e+27,3.5005e+32,2.8440e+32,145
324,3,0.2000,0.3500,0.0000e+00,5.6660e+28,0.0000e+00,1.7450e+28,3.1225e+32,2.3189e+32,145
324,4,0.3500,0.5500,0.0000e+00,9.3020e+28,0.0000e+00,5.3550e+28,1.6250e+32,1.3060e+32,145
324,5,0.5500,1.0100,0.0000e+00,1.7263e+29,0.0000e+00,1.5940e+29,5.3687e+31,4.9966e+31,145
325,0,0.0000,0.0500,0.0000e+00,2.8000e+26,0.0000e+00,2.0000e+25,3.9126e+32,4.4970e+32,145
325,1,0.0500,0.1000,0.0000e+00,1.5900e+27,0.0000e+00,2.6000e+26,1.6963e+32,1.7509e+32,145
325,2,0.1000,0.2000,0.0000e+00,1.3420e+28,0.0000e+00,3.3600e+27,3.5160e+32,2.8483e+32,145
325,3,0.2000,0.3500,0.0000e+00,5.5570e+28,0.0000e+00,1.8860e+28,3.1228e+32,2.3240e+32,145
325,4,0.3500,0.5500,0.0000e+00,9.7150e+28,0.0000e+00,5.4310e+28,1.6168e+32,1.3061e+32,145
325,5,0.5500,1.0100,0.0000e+00,1.7984e+29,0.0000e+00,1.5753e+29,5.2818e+31,4.9573e+31,145
326,0,0.0000,0.0500,0.0000e+00,2.6000e+26,0.0000e+00,7.0000e+25,3.8669e+32,4.4680e+32,144
326,1,0.0500,0.1000,0.0000e+00,1.2800e+27,0.0000e+00,2.7000e+26,1.7119e+32,1.7403e+32,144
326,2,0.1000,0.2000,0.0000e+00,1.3690e+28,0.0000e+00,3.9900e+27,3.5023e+32,2.8333e+32,144
326,3,0.2000,0.3500,0.0000e+00,5.4480e+28,0.0000e+00,1.8980e+28,3.1025e+32,2.3127e+32,144
326,4,0.3500,0.5500,0.0000e+00,9.6140e+28,0.0000e+00,5.3150e+28,1.5965e+32,1.2976e+32,144
326,5,0.5500,1.0100,0.0000e+00,1.7873e+29,0.0000e+00,1.6105e+29,5.1742e+31,4.8831e+31,144
327,0,0.0000,0.0500,0.0000e+00,2.9000e+26,0.0000e+00,8.0000e+25,3.8061e+32,4.4701e+32,144
327,1,0.0500,0.1000,0.0000e+00,1.7800e+27,0.0000e+00,3.0000e+26,1.7809e+32,1.7416e+32,144
327,2,0.1000,0.2000,0.0000e+00,1.2850e+28,0.0000e+00,4.0300e+27,3.5133e+32,2.8517e+32,144
327,3,0.2000,0.3500,0.0000e+00,5.6400e+28,0.0000e+00,1.9200e+28,3.1037e+32,2.3042e+32,144
327,4,0.3500,0.5500,0.0000e+00,9.2150e+28,0.0000e+00,5.3250e+28,1.5872e+32,1.2985e+32,144
327,5,0.5500,1.0100,0.0000e+00,1.7455e+29,0.0000e+00,1.6768e+29,5.0936e+31,4.8431e+31,144
328,0,0.0000,0.0500,0.0000e+00,3.3000e+26,0.0000e+00,7.0000e+25,3.7454e+32,4.4409e+32,143
328,1,0.0500,0.1000,0.0000e+00,1.3700e+27,0.0000e+00,3.5000e+26,1.8106e+32,1.7312e+32,143
328,2,0.1000,0.2000,0.0000e+00,1.3160e+28,0.0000e+00,3.7500e+27,3.4993e+32,2.8913e+32,143
328,3,0.2000,0.3500,0.0000e+00,5.7610e+28,0.0000e+00,1.8360e+28,3.0838e+32,2.2381e+32,143
328,4,0.3500,0.5500,0.0000e+00,9.4120e+28,0.0000e+00,5.2400e+28,1.5684e+32,1.2891e+32,143
328,5,0.5500,1.0100,0.0000e+00,1.8323e+29,0.0000e+00,1.6954e+29,4.9802e+31,4.7806e+31,143
329,0,0.0000,0.0500,0.0000e+00,2.6000e+26,0.0000e+00,9.0000e+25,3.7501e+32,4.4429e+32,143
329,1,0.0500,0.1000,0.0000e+00,1.4400e+27,0.0000e+00,3.2000e+26,1.8138e+32,1.7326e+32,143
329,2,0.1000,0.2000,0.0000e+00,1.2710e+28,0.0000e+00,4.1600e+27,3.5082e+32,2.8956e+32,143
329,3,0.2000,0.3500,0.0000e+00,5.3870e+28,0.0000e+00,1.9070e+28,3.0848e+32,2.2430e+32,143
329,4,0.3500,0.5500,0.0000e+00,9.2370e+28,0.0000e+00,5.7010e+28,1.5620e+32,1.2888e+32,143
329,5,0.5500,1.0100,0.0000e+00,1.8059e+29,0.0000e+00,1.7564e+29,4.9115e+31,4.7478e+31,143
330,0,0.0000,0.0500,0.0000e+00,2.7000e+26,0.0000e+00,6.0000e+25,3.6844e+32,4.4138e+32,142
330,1,0.0500,0.1000,0.0000e+00,1.3200e+27,0.0000e+00,2.9000e+26,1.8479e+32,1.7220e+32,142
330,2,0.1000,0.2000,0.0000e+00,1.2900e+28,0.0000e+00,3.8200e+27,3.4927e+32,2.8797e+32,142
330,3,0.2000,0.3500,0.0000e+00,5.4570e+28,0.0000e+00,2.0040e+28,3.0631e+32,2.2327e+32,142
330,4,0.3500,0.5500,0.0000e+00,9.2370e+28,0.0000e+00,5.5590e+28,1.5446e+32,1.2812e+32,142
330,5,0.5500,1.0100,0.0000e+00,1.8486e+29,0.0000e+00,1.7501e+29,4.8172e+31,4.6923e+31,142
331,0,0.0000,0.0500,0.0000e+00,2.4000e+26,0.0000e+00,5.0000e+25,3.6646e+32,4.4153e+32,142
331,1,0.0500,0.1000,0.0000e+00,1.5100e+27,0.0000e+00,1.4000e+26,1.8751e+32,1.7235e+32,142
331,2,0.1000,0.2000,0.0000e+00,1.3110e+28,0.0000e+00,3.5800e+27,3.5016e+32,2.8841e+32,142
331,3,0.2000,0.3500,0.0000e+00,5.4300e+28,0.0000e+00,1.8760e+28,3.0630e+32,2.2372e+32,142
331,4,0.3500,0.5500,0.0000e+00,8.8100e+28,0.0000e+00,5.5660e+28,1.5378e+32,1.2824e+32,142
331,5,0.5500,1.0100,0.0000e+00,1.9103e+29,0.0000e+00,1.6977e+29,4.7607e+31,4.6605e+31,142
332,0,0.0000,0.0500,0.0000e+00,2.3000e+26,0.0000e+00,8.0000e+25,3.6682e+32,4.4168e+32,142
332,1,0.0500,0.1000,0.0000e+00,1.5700e+27,0.0000e+00,2.7000e+26,1.8782e+32,1.7248e+32,142
332,2,0.1000,0.2000,0.0000e+00,1.2240e+28,0.0000e+00,3.5800e+27,3.5103e+32,2.8877e+32,142
332,3,0.2000,0.3500,0.0000e+00,5.3590e+28,0.0000e+00,2.1030e+28,3.0631e+32,2.2415e+32,142
332,4,0.3500,0.5500,0.0000e+00,8.9710e+28,0.0000e+00,5.7700e+28,1.5307e+32,1.2831e+32,142
332,5,0.5500,1.0100,0.0000e+00,1.8021e+29,0.0000e+00,1.7208e+29,4.6962e+31,4.6317e+31,142
333,0,0.0000,0.0500,0.0000e+00,2.0000e+26,0.0000e+00,1.1000e+26,3.6457e+32,4.3877e+32,141
333,1,0.0500,0.1000,0.0000e+00,1.4300e+27,0.0000e+00,3.7000e+26,1.8681e+32,1.7142e+32,141
333,2,0.1000,0.2000,0.0000e+00,1.3040e+28,0.0000e+00,4.6100e+27,3.4932e+32,2.8713e+32,141
333,3,0.2000,0.3500,0.0000e+00,5.3910e+28,0.0000e+00,1.9910e+28,3.0406e+32,2.2304e+32,141
333,4,0.3500,0.5500,0.0000e+00,8.8890e+28,0.0000e+00,5.6660e+28,1.5142e+32,1.2749e+32,141
333,5,0.5500,1.0100,0.0000e+00,1.8144e+29,0.0000e+00,1.7411e+29,4.6053e+31,4.5703e+31,141
334,0,0.0000,0.0500,0.0000e+00,2.0000e+26,0.0000e+00,5.0000e+25,3.6492e+32,4.3893e+32,141
334,1,0.0500,0.1000,0.0000e+00,1.3500e+27,0.0000e+00,3.8000e+26,1.8710e+32,1.7154e+32,141
334,2,0.1000,0.2000,0.0000e+00,1.3140e+28,0.0000e+00,4.3300e+27,3.5010e+32,2.8758e+32,141
334,3,0.2000,0.3500,0.0000e+00,5.1720e+28,0.0000e+00,1.9330e+28,3.0402e+32,2.2351e+32,141
334,4,0.3500,0.5500,0.0000e+00,8.8480e+28,0.0000e+00,5.5660e+28,1.5089e+32,1.2745e+32,141
334,5,0.5500,1.0100,0.0000e+00,1.9206e+29,0.0000e+00,1.7404e+29,4.5576e+31,4.5405e+31,141
335,0,0.0000,0.0500,0.0000e+00,2.5000e+26,0.0000e+00,6.0000e+25,3.6265e+32,4.3596e+32,140
335,1,0.0500,0.1000,0.0000e+00,1.4200e+27,0.0000e+00,3.5000e+26,1.8606e+32,1.7045e+32,140
335,2,0.1000,0.2000,0.0000e+00,1.2550e+28,0.0000e+00,3.9100e+27,3.4835e+32,2.8588e+32,140
335,3,0.2000,0.3500,0.0000e+00,5.1760e+28,0.0000e+00,1.9870e+28,3.0178e+32,2.2236e+32,140
335,4,0.3500,0.5500,0.0000e+00,9.2270e+28,0.0000e+00,5.8270e+28,1.4930e+32,1.2652e+32,140
335,5,0.5500,1.0100,0.0000e+00,1.9792e+29,0.0000e+00,1.8485e+29,4.4939e+31,4.4891e+31,140
336,0,0.0000,0.0500,0.0000e+00,2.1000e+26,0.0000e+00,6.0000e+25,3.6294e+32,4.3610e+32,140
336,1,0.0500,0.1000,0.0000e+00,1.1600e+27,0.0000e+00,3.3000e+26,1.8631e+32,1.7057e+32,140
336,2,0.1000,0.2000,0.0000e+00,1.2390e+28,0.0000e+00,4.1000e+27,3.4904e+32,2.8622e+32,140
336,3,0.2000,0.3500,0.0000e+00,5.1350e+28,0.0000e+00,1.9590e+28,3.0175e+32,2.2278e+32,140
336,4,0.3500,0.5500,0.0000e+00,9.2870e+28,0.0000e+00,5.8300e+28,1.4890e+32,1.2665e+32,140
336,5,0.5500,1.0100,0.0000e+00,2.0209e+29,0.0000e+00,1.9521e+29,4.4561e+31,4.4752e+31,140
337,0,0.0000,0.0500,0.0000e+00,1.9000e+26,0.0000e+00,3.0000e+25,3.6320e+32,4.3625e+32,140
337,1,0.0500,0.1000,0.0000e+00,1.2600e+27,0.0000e+00,2.0000e+26,1.8654e+32,1.7066e+32,140
337,2,0.1000,0.2000,0.0000e+00,1.2040e+28,0.0000e+00,4.2300e+27,3.4969e+32,2.8659e+32,140
337,3,0.2000,0.3500,0.0000e+00,5.1430e+28,0.0000e+00,2.0470e+28,3.0185e+32,2.2318e+32,140
337,4,0.3500,0.5500,0.0000e+00,9.3350e+28,0.0000e+00,6.0820e+28,1.4844e+32,1.2671e+32,140
337,5,0.5500,1.0100,0.0000e+00,2.0906e+29,0.0000e+00,1.9433e+29,4.4147e+31,4.4578e+31,140
338,0,0.0000,0.0500,0.0000e+00,2.3000e+26,0.0000e+00,1.0000e+26,3.6087e+32,4.3328e+32,139
338,1,0.0500,0.1000,0.0000e+00,1.2500e+27,0.0000e+00,3.1000e+26,1.8544e+32,1.6953e+32,139
338,2,0.1000,0.2000,0.0000e+00,1.2440e+28,0.0000e+00,4.1700e+27,3.4786e+32,2.8487e+32,139
338,3,0.2000,0.3500,0.0000e+00,5.1640e+28,0.0000e+00,2.0350e+28,2.9969e+32,2.2208e+32,139
338,4,0.3500,0.5500,0.0000e+00,9.2480e+28,0.0000e+00,6.0370e+28,1.4708e+32,1.2589e+32,139
338,5,0.5500,1.0100,0.0000e+00,2.1087e+29,0.0000e+00,1.9500e+29,4.3517e+31,4.4137e+31,139
339,0,0.0000,0.0500,0.0000e+00,2.8000e+26,0.0000e+00,4.0000e+25,3.6978e+32,4.3652e+32,140
339,1,0.0500,0.1000,0.0000e+00,1.2300e+27,0.0000e+00,3.5000e+26,1.8098e+32,1.7085e+32,140
339,2,0.1000,0.2000,0.0000e+00,1.1900e+28,0.0000e+00,4.0700e+27,3.5103e+32,2.8722e+32,140
339,3,0.2000,0.3500,0.0000e+00,4.9520e+28,0.0000e+00,2.0580e+28,3.0189e+32,2.2411e+32,140
339,4,0.3500,0.5500,0.0000e+00,9.0650e+28,0.0000e+00,5.8890e+28,1.4782e+32,1.2686e+32,140
339,5,0.5500,1.0100,0.0000e+00,2.0564e+29,0.0000e+00,1.9377e+29,4.3452e+31,4.4248e+31,140
340,0,0.0000,0.0500,0.0000e+00,3.1000e+26,0.0000e+00,4.0000e+25,3.6554e+32,4.3040e+32,138
340,1,0.0500,0.1000,0.0000e+00,1.2100e+27,0.0000e+00,3.4000e+26,1.7785e+32,1.6852e+32,138
340,2,0.1000,0.2000,0.0000e+00,1.1480e+28,0.0000e+00,3.7500e+27,3.4659e+32,2.8337e+32,138
340,3,0.2000,0.3500,0.0000e+00,4.8070e+28,0.0000e+00,2.0110e+28,2.9753e+32,2.2125e+32,138
340,4,0.3500,0.5500,0.0000e+00,9.1510e+28,0.0000e+00,6.0890e+28,1.4526e+32,1.2512e+32,138
340,5,0.5500,1.0100,0.0000e+00,2.1529e+29,0.0000e+00,2.0270e+29,4.2635e+31,4.3487e+31,138
341,0,0.0000,0.0500,0.0000e+00,2.6000e+26,0.0000e+00,5.0000e+25,3.6845e+32,4.3366e+32,139
341,1,0.0500,0.1000,0.0000e+00,1.1900e+27,0.0000e+00,2.4000e+26,1.7932e+32,1.6982e+32,139
341,2,0.1000,0.2000,0.0000e+00,1.1440e+28,0.0000e+00,3.5300e+27,3.4964e+32,2.8571e+32,139
341,3,0.2000,0.3500,0.0000e+00,4.8660e+28,0.0000e+00,1.9810e+28,2.9964e+32,2.2314e+32,139
341,4,0.3500,0.5500,0.0000e+00,9.1010e+28,0.0000e+00,6.4790e+28,1.4597e+32,1.2614e+32,139
341,5,0.5500,1.0100,0.0000e+00,2.3154e+29,0.0000e+00,2.0745e+29,4.2784e+31,4.3725e+31,139
342,0,0.0000,0.0500,0.0000e+00,3.1000e+26,0.0000e+00,7.0000e+25,3.7042e+32,4.3065e+32,138
342,1,0.0500,0.1000,0.0000e+00,1.0800e+27,0.0000e+00,3.1000e+26,1.7386e+32,1.6870e+32,138
342,2,0.1000,0.2000,0.0000e+00,1.0850e+28,0.0000e+00,3.6900e+27,3.4754e+32,2.7772e+32,138
342,3,0.2000,0.3500,0.0000e+00,4.5470e+28,0.0000e+00,2.0970e+28,2.9737e+32,2.2807e+32,138
342,4,0.3500,0.5500,0.0000e+00,8.9060e+28,0.0000e+00,6.3250e+28,1.4459e+32,1.2536e+32,138
342,5,0.5500,1.0100,0.0000e+00,2.2687e+29,0.0000e+00,2.1675e+29,4.2307e+31,4.3275e+31,138
343,0,0.0000,0.0500,0.0000e+00,2.3000e+26,0.0000e+00,7.0000e+25,3.7577e+32,4.3075e+32,138
343,1,0.0500,0.1000,0.0000e+00,1.0200e+27,0.0000e+00,2.8000e+26,1.6890e+32,1.6881e+32,138
343,2,0.1000,0.2000,0.0000e+00,1.1020e+28,0.0000e+00,3.8900e+27,3.4795e+32,2.7734e+32,138
343,3,0.2000,0.3500,0.0000e+00,4.5660e+28,0.0000e+00,2.0930e+28,2.9728e+32,2.2904e+32,138
343,4,0.3500,0.5500,0.0000e+00,9.1580e+28,0.0000e+00,6.1080e+28,1.4431e+32,1.2536e+32,138
343,5,0.5500,1.0100,0.0000e+00,2.4102e+29,0.0000e+00,2.2118e+29,4.2057e+31,4.3244e+31,138
344,0,0.0000,0.0500,0.0000e+00,2.9000e+26,0.0000e+00,1.1000e+26,3.7974e+32,4.3088e+32,138
344,1,0.0500,0.1000,0.0000e+00,1.0300e+27,0.0000e+00,2.5000e+26,1.6531e+32,1.6892e+32,138
344,2,0.1000,0.2000,0.0000e+00,1.0730e+28,0.0000e+00,3.5400e+27,3.4840e+32,2.7756e+32,138
344,3,0.2000,0.3500,0.0000e+00,4.7020e+28,0.0000e+00,1.9320e+28,2.9725e+32,2.2934e+32,138
344,4,0.3500,0.5500,0.0000e+00,9.1810e+28,0.0000e+00,6.2060e+28,1.4412e+32,1.2529e+32,138
344,5,0.5500,1.0100,0.0000e+00,2.4022e+29,0.0000e+00,2.2604e+29,4.1895e+31,4.3128e+31,138
345,0,0.0000,0.0500,0.0000e+00,2.8000e+26,0.0000e+00,7.0000e+25,3.8000e+32,4.3098e+32,138
345,1,0.0500,0.1000,0.0000e+00,1.2400e+27,0.0000e+00,4.3000e+26,1.6545e+32,1.6901e+32,138
345,2,0.1000,0.2000,0.0000e+00,1.0600e+28,0.0000e+00,3.6800e+27,3.4881e+32,2.7774e+32,138
345,3,0.2000,0.3500,0.0000e+00,4.3570e+28,0.0000e+00,2.0430e+28,2.9720e+32,2.2959e+32,138
345,4,0.3500,0.5500,0.0000e+00,8.8630e+28,0.0000e+00,6.5710e+28,1.4386e+32,1.2536e+32,138
345,5,0.5500,1.0100,0.0000e+00,2.4388e+29,0.0000e+00,2.3362e+29,4.1769e+31,4.3127e+31,138
346,0,0.0000,0.0500,0.0000e+00,2.5000e+26,0.0000e+00,1.1000e+26,3.7746e+32,4.2796e+32,137
346,1,0.0500,0.1000,0.0000e+00,9.3000e+26,0.0000e+00,3.4000e+26,1.6486e+32,1.6789e+32,137
346,2,0.1000,0.2000,0.0000e+00,1.0160e+28,0.0000e+00,3.5500e+27,3.4622e+32,2.7596e+32,137
346,3,0.2000,0.3500,0.0000e+00,4.3970e+28,0.0000e+00,2.0110e+28,2.9505e+32,2.2820e+32,137
346,4,0.3500,0.5500,0.0000e+00,8.7900e+28,0.0000e+00,6.4810e+28,1.4248e+32,1.2455e+32,137
346,5,0.5500,1.0100,0.0000e+00,2.4132e+29,0.0000e+00,2.3240e+29,4.1381e+31,4.2778e+31,137
347,0,0.0000,0.0500,0.0000e+00,2.9000e+26,0.0000e+00,7.0000e+25,3.8045e+32,4.3119e+32,138
347,1,0.0500,0.1000,0.0000e+00,1.1000e+27,0.0000e+00,4.4000e+26,1.7499e+32,1.6923e+32,138
347,2,0.1000,0.2000,0.0000e+00,1.0660e+28,0.0000e+00,3.9900e+27,3.4035e+32,2.7507e+32,138
347,3,0.2000,0.3500,0.0000e+00,4.1530e+28,0.0000e+00,2.0220e+28,2.9727e+32,2.3331e+32,138
347,4,0.3500,0.5500,0.0000e+00,8.8190e+28,0.0000e+00,6.7320e+28,1.4332e+32,1.2553e+32,138
347,5,0.5500,1.0100,0.0000e+00,2.4518e+29,0.0000e+00,2.3820e+29,4.1487e+31,4.3023e+31,138
348,0,0.0000,0.0500,0.0000e+00,2.8000e+26,0.0000e+00,4.0000e+25,3.7793e+32,4.2817e+32,137
348,1,0.0500,0.1000,0.0000e+00,8.8000e+26,0.0000e+00,2.4000e+26,1.7388e+32,1.6324e+32,137
348,2,0.1000,0.2000,0.0000e+00,1.0120e+28,0.0000e+00,3.6300e+27,3.3825e+32,2.7420e+32,137
348,3,0.2000,0.3500,0.0000e+00,4.2710e+28,0.0000e+00,2.0860e+28,2.9507e+32,2.3590e+32,137
348,4,0.3500,0.5500,0.0000e+00,8.7610e+28,0.0000e+00,6.2100e+28,1.4200e+32,1.2463e+32,137
348,5,0.5500,1.0100,0.0000e+00,2.4655e+29,0.0000e+00,2.4134e+29,4.1156e+31,4.2624e+31,137
349,0,0.0000,0.0500,0.0000e+00,2.3000e+26,0.0000e+00,9.0000e+25,3.7814e+32,4.2828e+32,137
349,1,0.0500,0.1000,0.0000e+00,1.2800e+27,0.0000e+00,3.1000e+26,1.7402e+32,1.6007e+32,137
349,2,0.1000,0.2000,0.0000e+00,9.5900e+27,0.0000e+00,3.7300e+27,3.3862e+32,2.7767e+32,137
349,3,0.2000,0.3500,0.0000e+00,4.1130e+28,0.0000e+00,2.0330e+28,2.9506e+32,2.3273e+32,137
349,4,0.3500,0.5500,0.0000e+00,8.8260e+28,0.0000e+00,6.6310e+28,1.4181e+32,1.2814e+32,137
349,5,0.5500,1.0100,0.0000e+00,2.4992e+29,0.0000e+00,2.4380e+29,4.1062e+31,4.2624e+31,137
350,0,0.0000,0.0500,0.0000e+00,3.1000e+26,0.0000e+00,4.0000e+25,3.7559e+32,4.2523e+32,136
350,1,0.0500,0.1000,0.0000e+00,1.1300e+27,0.0000e+00,3.4000e+26,1.7291e+32,1.5898e+32,136
350,2,0.1000,0.2000,0.0000e+00,9.2100e+27,0.0000e+00,3.6500e+27,3.3644e+32,2.7587e+32,136
350,3,0.2000,0.3500,0.0000e+00,4.1130e+28,0.0000e+00,2.0460e+28,2.9287e+32,2.3053e+32,136
350,4,0.3500,0.5500,0.0000e+00,8.2850e+28,0.0000e+00,6.5540e+28,1.4056e+32,1.2800e+32,136
350,5,0.5500,1.0100,0.0000e+00,2.5393e+29,0.0000e+00,2.5003e+29,4.0699e+31,4.2359e+31,136
351,0,0.0000,0.0500,0.0000e+00,2.1000e+26,0.0000e+00,8.0000e+25,3.7858e+32,4.2846e+32,137
351,1,0.0500,0.1000,0.0000e+00,9.0000e+26,0.0000e+00,3.5000e+26,1.7434e+32,1.6023e+32,137
351,2,0.1000,0.2000,0.0000e+00,9.4900e+27,0.0000e+00,3.7000e+27,3.3925e+32,2.7811e+32,137
351,3,0.2000,0.3500,0.0000e+00,3.9670e+28,0.0000e+00,2.0500e+28,2.9501e+32,2.3246e+32,137
351,4,0.3500,0.5500,0.0000e+00,8.3050e+28,0.0000e+00,6.6170e+28,1.4137e+32,1.2903e+32,137
351,5,0.5500,1.0100,0.0000e+00,2.6004e+29,0.0000e+00,2.6003e+29,4.0989e+31,4.2740e+31,137
352,0,0.0000,0.0500,0.0000e+00,1.6000e+26,0.0000e+00,8.0000e+25,3.7601e+32,4.2545e+32,136
352,1,0.0500,0.1000,0.0000e+00,9.8000e+26,0.0000e+00,2.8000e+26,1.7319e+32,1.5916e+32,136
352,2,0.1000,0.2000,0.0000e+00,8.7600e+27,0.0000e+00,3.5200e+27,3.3714e+32,2.7630e+32,136
352,3,0.2000,0.3500,0.0000e+00,3.8320e+28,0.0000e+00,1.9810e+28,2.9284e+32,2.3101e+32,136
352,4,0.3500,0.5500,0.0000e+00,8.5420e+28,0.0000e+00,6.6510e+28,1.4018e+32,1.2812e+32,136
352,5,0.5500,1.0100,0.0000e+00,2.5600e+29,0.0000e+00,2.5853e+29,4.0653e+31,4.2549e+31,136
353,0,0.0000,0.0500,0.0000e+00,2.1000e+26,0.0000e+00,7.0000e+25,3.7897e+32,4.2869e+32,137
353,1,0.0500,0.1000,0.0000e+00,7.3000e+26,0.0000e+00,3.7000e+26,1.7460e+32,1.6043e+32,137
353,2,0.1000,0.2000,0.0000e+00,8.7700e+27,0.0000e+00,4.2400e+27,3.3990e+32,2.7857e+32,137
353,3,0.2000,0.3500,0.0000e+00,3.8080e+28,0.0000e+00,1.9930e+28,2.9500e+32,2.3294e+32,137
353,4,0.3500,0.5500,0.0000e+00,8.7090e+28,0.0000e+00,6.5110e+28,1.4101e+32,1.2918e+32,137
353,5,0.5500,1.0100,0.0000e+00,2.6328e+29,0.0000e+00,2.5073e+29,4.0909e+31,4.2749e+31,137
354,0,0.0000,0.0500,0.0000e+00,1.6000e+26,0.0000e+00,1.0000e+26,3.7638e+32,4.2566e+32,136
354,1,0.0500,0.1000,0.0000e+00,7.4000e+26,0.0000e+00,3.4000e+26,1.7344e+32,1.5934e+32,136
354,2,0.1000,0.2000,0.0000e+00,8.5900e+27,0.0000e+00,3.7800e+27,3.3770e+32,2.7679e+32,136
354,3,0.2000,0.3500,0.0000e+00,3.5640e+28,0.0000e+00,1.9260e+28,2.9292e+32,2.3142e+32,136
354,4,0.3500,0.5500,0.0000e+00,8.1780e+28,0.0000e+00,6.4060e+28,1.3973e+32,1.2824e+32,136
354,5,0.5500,1.0100,0.0000e+00,2.6445e+29,0.0000e+00,2.5790e+29,4.0650e+31,4.2453e+31,136
355,0,0.0000,0.0500,0.0000e+00,1.8000e+26,0.0000e+00,8.0000e+25,3.7931e+32,4.2890e+32,137
355,1,0.0500,0.1000,0.0000e+00,6.8000e+26,0.0000e+00,3.2000e+26,1.7484e+32,1.6057e+32,137
355,2,0.1000,0.2000,0.0000e+00,8.6900e+27,0.0000e+00,3.8600e+27,3.4041e+32,2.7902e+32,137
355,3,0.2000,0.3500,0.0000e+00,3.4730e+28,0.0000e+00,1.9700e+28,2.9503e+32,2.3337e+32,137
355,4,0.3500,0.5500,0.0000e+00,8.1770e+28,0.0000e+00,6.5680e+28,1.4048e+32,1.2909e+32,137
355,5,0.5500,1.0100,0.0000e+00,2.6223e+29,0.0000e+00,2.5905e+29,4.0937e+31,4.2698e+31,137
356,0,0.0000,0.0500,0.0000e+00,2.0000e+26,0.0000e+00,1.2000e+26,3.8537e+32,4.2590e+32,136
356,1,0.0500,0.1000,0.0000e+00,7.5000e+26,0.0000e+00,3.2000e+26,1.7054e+32,1.5948e+32,136
356,2,0.1000,0.2000,0.0000e+00,8.3300e+27,0.0000e+00,3.7300e+27,3.3460e+32,2.7718e+32,136
356,3,0.2000,0.3500,0.0000e+00,3.3440e+28,0.0000e+00,1.9300e+28,2.9094e+32,2.3191e+32,136
356,4,0.3500,0.5500,0.0000e+00,7.8390e+28,0.0000e+00,6.4850e+28,1.3917e+32,1.2808e+32,136
356,5,0.5500,1.0100,0.0000e+00,2.4936e+29,0.0000e+00,2.6300e+29,4.0594e+31,4.2316e+31,136
357,0,0.0000,0.0500,0.0000e+00,2.7000e+26,0.0000e+00,1.4000e+26,3.9992e+32,4.1615e+32,136
357,1,0.0500,0.1000,0.0000e+00,1.0400e+27,0.0000e+00,2.3000e+26,1.7095e+32,1.6038e+32,136
357,2,0.1000,0.2000,0.0000e+00,8.7000e+27,0.0000e+00,3.6800e+27,3.2874e+32,2.8109e+32,136
357,3,0.2000,0.3500,0.0000e+00,3.2780e+28,0.0000e+00,2.0220e+28,2.8245e+32,2.3751e+32,136
357,4,0.3500,0.5500,0.0000e+00,7.3590e+28,0.0000e+00,6.6880e+28,1.3880e+32,1.2814e+32,136
357,5,0.5500,1.0100,0.0000e+00,2.5539e+29,0.0000e+00,2.6296e+29,4.0598e+31,4.2401e+31,136
358,0,0.0000,0.0500,0.0000e+00,1.4000e+26,0.0000e+00,9.0000e+25,4.0012e+32,4.0258e+32,136
358,1,0.0500,0.1000,0.0000e+00,8.0000e+26,0.0000e+00,3.0000e+26,1.7108e+32,1.6628e+32,136
358,2,0.1000,0.2000,0.0000e+00,8.2700e+27,0.0000e+00,3.8300e+27,3.2916e+32,2.8623e+32,136
358,3,0.2000,0.3500,0.0000e+00,3.1840e+28,0.0000e+00,2.0710e+28,2.8225e+32,2.4076e+32,136
358,4,0.3500,0.5500,0.0000e+00,7.6390e+28,0.0000e+00,6.3810e+28,1.3858e+32,1.2810e+32,136
358,5,0.5500,1.0100,0.0000e+00,2.6047e+29,0.0000e+00,2.6235e+29,4.0581e+31,4.2303e+31,136
359,0,0.0000,0.0500,0.0000e+00,1.2000e+26,0.0000e+00,1.3000e+26,4.0438e+32,3.9880e+32,136
359,1,0.0500,0.1000,0.0000e+00,7.7000e+26,0.0000e+00,2.8000e+26,1.7216e+32,1.6460e+32,136
359,2,0.1000,0.2000,0.0000e+00,9.1800e+27,0.0000e+00,3.7200e+27,3.2973e+32,2.8271e+32,136
359,3,0.2000,0.3500,0.0000e+00,3.1850e+28,0.0000e+00,2.1170e+28,2.7946e+32,2.3588e+32,136
359,4,0.3500,0.5500,0.0000e+00,7.6390e+28,0.0000e+00,6.4260e+28,1.3544e+32,1.2431e+32,136
359,5,0.5500,1.0100,0.0000e+00,2.6343e+29,0.0000e+00,2.6523e+29,3.9578e+31,4.1066e+31,136
