TAA_Bin,Band_Index,EffCos_Lo,EffCos_Hi,Gen_PSD_Dawn,Gen_TD_Dawn,Gen_PSD_Dusk,Gen_TD_Dusk,Stock_Dawn,Stock_Dusk,Step_Count
0,0,0.0000,0.0500,2.1800e+27,9.0000e+25,1.5600e+27,9.0000e+25,1.7092e+32,1.1541e+32,136
0,1,0.0500,0.1000,2.6400e+27,6.2000e+26,1.5800e+27,2.9000e+26,6.6675e+31,4.7305e+31,136
0,2,0.1000,0.2000,8.5200e+27,6.9800e+27,6.2000e+27,4.8000e+27,1.4395e+32,1.0191e+32,136
0,3,0.2000,0.3500,1.4850e+28,3.5570e+28,1.1160e+28,2.9840e+28,1.3615e+32,1.0098e+32,136
0,4,0.3500,0.5500,1.4450e+28,1.0893e+29,1.1160e+28,9.6760e+28,7.8537e+31,6.0268e+31,136
0,5,0.5500,1.0100,8.2500e+27,3.8457e+29,6.9200e+27,3.6274e+29,2.8027e+31,2.4535e+31,136
1,0,0.0000,0.0500,2.0800e+27,6.0000e+25,1.4400e+27,6.0000e+25,1.7111e+32,1.1558e+32,136
1,1,0.0500,0.1000,2.3700e+27,6.8000e+26,1.4500e+27,3.2000e+26,6.6703e+31,4.7336e+31,136
1,2,0.1000,0.2000,8.5700e+27,6.7200e+27,5.8200e+27,5.4100e+27,1.4395e+32,1.0200e+32,136
1,3,0.2000,0.3500,1.4280e+28,3.5730e+28,1.0870e+28,2.9710e+28,1.3577e+32,1.0085e+32,136
1,4,0.3500,0.5500,1.4320e+28,1.0788e+29,1.0710e+28,9.8450e+28,7.7932e+31,6.0075e+31,136
1,5,0.5500,1.0100,8.1600e+27,3.7202e+29,7.5700e+27,3.7126e+29,2.7793e+31,2.4568e+31,136
2,0,0.0000,0.0500,2.1800e+27,7.0000e+25,1.5500e+27,1.2000e+26,1.7131e+32,1.1575e+32,136
2,1,0.0500,0.1000,2.1400e+27,5.4000e+26,1.4100e+27,2.9000e+26,6.6742e+31,4.7367e+31,136
2,2,0.1000,0.2000,8.9100e+27,7.6200e+27,5.9900e+27,5.4300e+27,1.4400e+32,1.0208e+32,136
2,3,0.2000,0.3500,1.4280e+28,3.5080e+28,1.1430e+28,2.9420e+28,1.3542e+32,1.0071e+32,136
2,4,0.3500,0.5500,1.3540e+28,1.0545e+29,1.1260e+28,9.4730e+28,7.7354e+31,5.9843e+31,136
2,5,0.5500,1.0100,7.9400e+27,3.7654e+29,7.3300e+27,3.6932e+29,2.7573e+31,2.4420e+31,136
3,0,0.0000,0.0500,2.1100e+27,3.0000e+25,1.5000e+27,1.0000e+26,1.7277e+32,1.1675e+32,137
3,1,0.0500,0.1000,2.3000e+27,5.5000e+26,1.5400e+27,3.2000e+26,6.7295e+31,4.7742e+31,137
3,2,0.1000,0.2000,9.6700e+27,6.6900e+27,6.1500e+27,4.9000e+27,1.4511e+32,1.0292e+32,137
3,3,0.2000,0.3500,1.5170e+28,3.4890e+28,1.0770e+28,2.8460e+28,1.3621e+32,1.0133e+32,137
3,4,0.3500,0.5500,1.3570e+28,1.0640e+29,1.1480e+28,9.4940e+28,7.7348e+31,6.0035e+31,137
3,5,0.5500,1.0100,8.3300e+27,3.7481e+29,6.9000e+27,3.5894e+29,2.7566e+31,2.4371e+31,137
4,0,0.0000,0.0500,2.3700e+27,9.0000e+25,1.4300e+27,2.0000e+25,1.7171e+32,1.1604e+32,136
4,1,0.0500,0.1000,2.2100e+27,6.2000e+26,1.5100e+27,4.3000e+26,6.6865e+31,4.7407e+31,136
4,2,0.1000,0.2000,8.4900e+27,6.7700e+27,6.4200e+27,4.8100e+27,1.4403e+32,1.0227e+32,136
4,3,0.2000,0.3500,1.5100e+28,3.7230e+28,1.1100e+28,2.9030e+28,1.3633e+32,1.0039e+32,136
4,4,0.3500,0.5500,1.3480e+28,1.0363e+29,1.0780e+28,9.5300e+28,7.4907e+31,5.9321e+31,136
4,5,0.5500,1.0100,7.5200e+27,3.6715e+29,7.0500e+27,3.6591e+29,2.7122e+31,2.4020e+31,136
5,0,0.0000,0.0500,2.0700e+27,4.0000e+25,1.5300e+27,7.0000e+25,1.7191e+32,1.1614e+32,136
5,1,0.0500,0.1000,2.4000e+27,5.6000e+26,1.4700e+27,4.2000e+26,7.1365e+31,4.7469e+31,136
5,2,0.1000,0.2000,8.3500e+27,6.8500e+27,6.4500e+27,4.8200e+27,1.4043e+32,1.0234e+32,136
5,3,0.2000,0.3500,1.5140e+28,3.5390e+28,1.1200e+28,2.9020e+28,1.3632e+32,1.0023e+32,136
5,4,0.3500,0.5500,1.3540e+28,1.0086e+29,1.0430e+28,9.1210e+28,7.3383e+31,5.9032e+31,136
5,5,0.5500,1.0100,8.5100e+27,3.7790e+29,6.5400e+27,3.5894e+29,2.6992e+31,2.3809e+31,136
6,0,0.0000,0.0500,1.9300e+27,6.0000e+25,1.2600e+27,1.2000e+26,1.7340e+32,1.1712e+32,137
6,1,0.0500,0.1000,2.5900e+27,7.7000e+26,1.5300e+27,3.3000e+26,7.2437e+31,4.5608e+31,137
6,2,0.1000,0.2000,8.4300e+27,7.1000e+27,6.7400e+27,5.2500e+27,1.4404e+32,1.0542e+32,137
6,3,0.2000,0.3500,1.4820e+28,3.5950e+28,1.1360e+28,2.9340e+28,1.3399e+32,1.0087e+32,137
6,4,0.3500,0.5500,1.2890e+28,1.0429e+29,1.0730e+28,9.3900e+28,7.3461e+31,5.9100e+31,137
6,5,0.5500,1.0100,8.3000e+27,3.8017e+29,6.9100e+27,3.6207e+29,2.7061e+31,2.3811e+31,137
7,0,0.0000,0.0500,1.7200e+27,1.1000e+26,1.4000e+27,9.0000e+25,1.7235e+32,1.1644e+32,136
7,1,0.0500,0.1000,2.4900e+27,4.9000e+26,1.2400e+27,3.7000e+26,7.1965e+31,4.4480e+31,136
7,2,0.1000,0.2000,8.7700e+27,7.2400e+27,5.7300e+27,5.3100e+27,1.4307e+32,1.0559e+32,136
7,3,0.2000,0.3500,1.4290e+28,3.5270e+28,1.1620e+28,3.0310e+28,1.3281e+32,1.0001e+32,136
7,4,0.3500,0.5500,1.3400e+28,9.9860e+28,1.0420e+28,9.2420e+28,7.2432e+31,5.8374e+31,136
7,5,0.5500,1.0100,7.7300e+27,3.6668e+29,6.9000e+27,3.5946e+29,2.6650e+31,2.3557e+31,136
8,0,0.0000,0.0500,2.0300e+27,4.0000e+25,1.4500e+27,1.1000e+26,1.7382e+32,1.1661e+32,137
8,1,0.0500,0.1000,2.4500e+27,5.4000e+26,1.3900e+27,4.6000e+26,7.2552e+31,4.5671e+31,137
8,2,0.1000,0.2000,8.2800e+27,7.0000e+27,5.9700e+27,5.1700e+27,1.4414e+32,1.0643e+32,137
8,3,0.2000,0.3500,1.5500e+28,3.4220e+28,1.1580e+28,3.0900e+28,1.3347e+32,1.0071e+32,137
8,4,0.3500,0.5500,1.3390e+28,1.0047e+29,1.0520e+28,9.0860e+28,7.2582e+31,5.8529e+31,137
8,5,0.5500,1.0100,8.2000e+27,3.6334e+29,7.1200e+27,3.5409e+29,2.6699e+31,2.3684e+31,137
9,0,0.0000,0.0500,1.8700e+27,8.0000e+25,1.5100e+27,1.1000e+26,1.7402e+32,1.1299e+32,137
9,1,0.0500,0.1000,2.2800e+27,6.4000e+26,1.5000e+27,4.0000e+26,7.2591e+31,4.9460e+31,137
9,2,0.1000,0.2000,8.9500e+27,7.1600e+27,6.6100e+27,5.5300e+27,1.4564e+32,1.0649e+32,137
9,3,0.2000,0.3500,1.4320e+28,3.3040e+28,1.1380e+28,3.0700e+28,1.3167e+32,1.0070e+32,137
9,4,0.3500,0.5500,1.3250e+28,9.7110e+28,1.0990e+28,9.2000e+28,7.2186e+31,5.8233e+31,137
9,5,0.5500,1.0100,8.1100e+27,3.6766e+29,7.3100e+27,3.5827e+29,2.6642e+31,2.3554e+31,137
10,0,0.0000,0.0500,2.3700e+27,4.0000e+25,1.4400e+27,1.3000e+26,1.7422e+32,1.1163e+32,137
10,1,0.0500,0.1000,2.2000e+27,5.7000e+26,1.6800e+27,3.3000e+26,7.2635e+31,5.0993e+31,137
10,2,0.1000,0.2000,8.6700e+27,6.4500e+27,6.1500e+27,5.4100e+27,1.4842e+32,1.0657e+32,137
10,3,0.2000,0.3500,1.4960e+28,3.2960e+28,1.1130e+28,2.9990e+28,1.2857e+32,1.0064e+32,137
10,4,0.3500,0.5500,1.2660e+28,1.0072e+29,1.1400e+28,8.8290e+28,7.1805e+31,5.8098e+31,137
10,5,0.5500,1.0100,7.4800e+27,3.6513e+29,7.4500e+27,3.6268e+29,2.6551e+31,2.3529e+31,137
11,0,0.0000,0.0500,1.9300e+27,4.0000e+25,1.1500e+27,1.0000e+26,1.7442e+32,1.0904e+32,137
11,1,0.0500,0.1000,2.6800e+27,5.2000e+26,1.5900e+27,4.7000e+26,7.2675e+31,5.3751e+31,137
11,2,0.1000,0.2000,7.9200e+27,7.1300e+27,6.4100e+27,4.8200e+27,1.4837e+32,1.0664e+32,137
11,3,0.2000,0.3500,1.3550e+28,3.2590e+28,1.1220e+28,2.9810e+28,1.2834e+32,1.0051e+32,137
11,4,0.3500,0.5500,1.3330e+28,9.5580e+28,1.0440e+28,8.8390e+28,7.1535e+31,5.7856e+31,137
11,5,0.5500,1.0100,7.9300e+27,3.6502e+29,6.4000e+27,3.5179e+29,2.6469e+31,2.3405e+31,137
12,0,0.0000,0.0500,1.8700e+27,2.0000e+25,1.5300e+27,9.0000e+25,1.7463e+32,1.0874e+32,137
12,1,0.0500,0.1000,2.3000e+27,5.8000e+26,1.4700e+27,4.3000e+26,7.2713e+31,5.4248e+31,137
12,2,0.1000,0.2000,9.0100e+27,6.9800e+27,6.5300e+27,4.6800e+27,1.4841e+32,1.0671e+32,137
12,3,0.2000,0.3500,1.4090e+28,3.1110e+28,1.1200e+28,2.7970e+28,1.2799e+32,1.0033e+32,137
12,4,0.3500,0.5500,1.3300e+28,9.6680e+28,1.0510e+28,8.8380e+28,7.1221e+31,5.7606e+31,137
12,5,0.5500,1.0100,8.0900e+27,3.5574e+29,6.8000e+27,3.4915e+29,2.6391e+31,2.3237e+31,137
13,0,0.0000,0.0500,1.8800e+27,2.0000e+25,1.2100e+27,8.0000e+25,1.7485e+32,1.0872e+32,137
13,1,0.0500,0.1000,2.4400e+27,5.0000e+26,1.5900e+27,3.9000e+26,7.2702e+31,5.4420e+31,137
13,2,0.1000,0.2000,9.5600e+27,6.3100e+27,6.2200e+27,4.9800e+27,1.4839e+32,1.0680e+32,137
13,3,0.2000,0.3500,1.3920e+28,3.1860e+28,1.1230e+28,2.7370e+28,1.2767e+32,1.0016e+32,137
13,4,0.3500,0.5500,1.2310e+28,9.2150e+28,1.0460e+28,8.9920e+28,7.0679e+31,5.7296e+31,137
13,5,0.5500,1.0100,7.7100e+27,3.4663e+29,6.6000e+27,3.4986e+29,2.6253e+31,2.3094e+31,137
14,0,0.0000,0.0500,1.7100e+27,6.0000e+25,1.4100e+27,7.0000e+25,1.7632e+32,1.0659e+32,138
14,1,0.0500,0.1000,2.2700e+27,6.5000e+26,1.6800e+27,3.1000e+26,7.3250e+31,5.7919e+31,138
14,2,0.1000,0.2000,9.5100e+27,6.2800e+27,6.4100e+27,5.0700e+27,1.4940e+32,1.0758e+32,138
14,3,0.2000,0.3500,1.4700e+28,3.1700e+28,1.1550e+28,2.7430e+28,1.2837e+32,1.0071e+32,138
14,4,0.3500,0.5500,1.2600e+28,9.3470e+28,1.1070e+28,9.0640e+28,7.0709e+31,5.7500e+31,138
14,5,0.5500,1.0100,7.9800e+27,3.5370e+29,6.9900e+27,3.5148e+29,2.6338e+31,2.3289e+31,138
15,0,0.0000,0.0500,1.6400e+27,6.0000e+25,1.3700e+27,8.0000e+25,1.7653e+32,1.0668e+32,138
15,1,0.0500,0.1000,2.6000e+27,4.8000e+26,1.7300e+27,3.3000e+26,7.3257e+31,5.7969e+31,138
15,2,0.1000,0.2000,9.0400e+27,6.2500e+27,6.0400e+27,5.1800e+27,1.4936e+32,1.0514e+32,138
15,3,0.2000,0.3500,1.4240e+28,2.9680e+28,1.1670e+28,2.8090e+28,1.2818e+32,1.0315e+32,138
15,4,0.3500,0.5500,1.2150e+28,9.1890e+28,1.0580e+28,8.6830e+28,7.0352e+31,5.7263e+31,138
15,5,0.5500,1.0100,7.5000e+27,3.6057e+29,6.9200e+27,3.6058e+29,2.6330e+31,2.3344e+31,138
16,0,0.0000,0.0500,1.9100e+27,5.0000e+25,1.3200e+27,3.0000e+25,1.7674e+32,1.0677e+32,138
16,1,0.0500,0.1000,2.4300e+27,5.3000e+26,1.8000e+27,4.1000e+26,7.3277e+31,5.8022e+31,138
16,2,0.1000,0.2000,9.2200e+27,6.3300e+27,6.4600e+27,4.7500e+27,1.4930e+32,1.0482e+32,138
16,3,0.2000,0.3500,1.4190e+28,3.0740e+28,1.1690e+28,2.9280e+28,1.2787e+32,1.0338e+32,138
16,4,0.3500,0.5500,1.2640e+28,9.2740e+28,1.0490e+28,8.5780e+28,6.9996e+31,5.7096e+31,138
16,5,0.5500,1.0100,7.5700e+27,3.6136e+29,6.9400e+27,3.5802e+29,2.6288e+31,2.3418e+31,138
17,0,0.0000,0.0500,2.0400e+27,3.0000e+25,1.4000e+27,7.0000e+25,1.7695e+32,1.0685e+32,138
17,1,0.0500,0.1000,2.5400e+27,5.1000e+26,1.6700e+27,3.2000e+26,7.3339e+31,5.8099e+31,138
17,2,0.1000,0.2000,8.4100e+27,6.1300e+27,6.0300e+27,5.2700e+27,1.4926e+32,1.0488e+32,138
17,3,0.2000,0.3500,1.3940e+28,3.0010e+28,1.1330e+28,2.8160e+28,1.2758e+32,1.0323e+32,138
17,4,0.3500,0.5500,1.2530e+28,9.0760e+28,1.0110e+28,8.7380e+28,6.9726e+31,5.6896e+31,138
17,5,0.5500,1.0100,7.4300e+27,3.5558e+29,7.0300e+27,3.4583e+29,2.6269e+31,2.3271e+31,138
18,0,0.0000,0.0500,2.0900e+27,8.0000e+25,1.1200e+27,7.0000e+25,1.7843e+32,1.0773e+32,139
18,1,0.0500,0.1000,2.2100e+27,4.2000e+26,1.7200e+27,4.0000e+26,7.3895e+31,5.8603e+31,139
18,2,0.1000,0.2000,8.4300e+27,6.2500e+27,6.4300e+27,4.9000e+27,1.5033e+32,1.0570e+32,139
18,3,0.2000,0.3500,1.4240e+28,2.9740e+28,1.1600e+28,2.8890e+28,1.2820e+32,1.0379e+32,139
18,4,0.3500,0.5500,1.2660e+28,9.0630e+28,1.0450e+28,8.5890e+28,6.9909e+31,5.7116e+31,139
18,5,0.5500,1.0100,7.9000e+27,3.6035e+29,6.8800e+27,3.4559e+29,2.6472e+31,2.3435e+31,139
19,0,0.0000,0.0500,1.6200e+27,3.0000e+25,1.4200e+27,6.0000e+25,1.7858e+32,1.0505e+32,139
19,1,0.0500,0.1000,2.3600e+27,4.4000e+26,1.7700e+27,3.6000e+26,7.3901e+31,6.1421e+31,139
19,2,0.1000,0.2000,8.9300e+27,6.5800e+27,6.3600e+27,4.7400e+27,1.5030e+32,1.0579e+32,139
19,3,0.2000,0.3500,1.3790e+28,2.9110e+28,1.2180e+28,2.8400e+28,1.2786e+32,1.0371e+32,139
19,4,0.3500,0.5500,1.2020e+28,8.9660e+28,1.0620e+28,8.3420e+28,6.9677e+31,5.6866e+31,139
19,5,0.5500,1.0100,7.5900e+27,3.5868e+29,6.6000e+27,3.4338e+29,2.6524e+31,2.3360e+31,139
20,0,0.0000,0.0500,2.0200e+27,3.0000e+25,1.2300e+27,5.0000e+25,1.7878e+32,1.0471e+32,139
20,1,0.0500,0.1000,2.4700e+27,4.7000e+26,1.8600e+27,4.5000e+26,7.3904e+31,6.1906e+31,139
20,2,0.1000,0.2000,8.7000e+27,5.7800e+27,6.0500e+27,4.7900e+27,1.5030e+32,1.0581e+32,139
20,3,0.2000,0.3500,1.3340e+28,2.9820e+28,1.1290e+28,2.7920e+28,1.2762e+32,1.0364e+32,139
20,4,0.3500,0.5500,1.2370e+28,8.7860e+28,1.1040e+28,8.3040e+28,6.9378e+31,5.6587e+31,139
20,5,0.5500,1.0100,7.9000e+27,3.5315e+29,6.3500e+27,3.3378e+29,2.6435e+31,2.3194e+31,139
21,0,0.0000,0.0500,2.0200e+27,0.0000e+00,1.3900e+27,1.3000e+26,1.7900e+32,1.0480e+32,139
21,1,0.0500,0.1000,2.2700e+27,5.8000e+26,1.6300e+27,4.9000e+26,7.3895e+31,6.1994e+31,139
21,2,0.1000,0.2000,8.7800e+27,6.1800e+27,6.2200e+27,4.4700e+27,1.5028e+32,1.0583e+32,139
21,3,0.2000,0.3500,1.3550e+28,2.8140e+28,1.1800e+28,2.7300e+28,1.2730e+32,1.0354e+32,139
21,4,0.3500,0.5500,1.1890e+28,8.4640e+28,9.6000e+27,7.7790e+28,6.9077e+31,5.6352e+31,139
21,5,0.5500,1.0100,7.4200e+27,3.4817e+29,6.5200e+27,3.3891e+29,2.6354e+31,2.3147e+31,139
22,0,0.0000,0.0500,1.9900e+27,2.0000e+25,1.3300e+27,4.0000e+25,1.8050e+32,1.0565e+32,140
22,1,0.0500,0.1000,2.3900e+27,4.6000e+26,1.9700e+27,4.3000e+26,7.4454e+31,6.2515e+31,140
22,2,0.1000,0.2000,9.2600e+27,6.6400e+27,6.2900e+27,4.6900e+27,1.5142e+32,1.0662e+32,140
22,3,0.2000,0.3500,1.3090e+28,2.7210e+28,1.0940e+28,2.7040e+28,1.2785e+32,1.0412e+32,140
22,4,0.3500,0.5500,1.2730e+28,8.2410e+28,1.0770e+28,8.1010e+28,6.9203e+31,5.6570e+31,140
22,5,0.5500,1.0100,8.0400e+27,3.4091e+29,6.8200e+27,3.4077e+29,2.6544e+31,2.3362e+31,140
23,0,0.0000,0.0500,1.8500e+27,5.0000e+25,1.2600e+27,1.0000e+26,1.8068e+32,1.0575e+32,140
23,1,0.0500,0.1000,2.3400e+27,4.0000e+26,1.9200e+27,3.7000e+26,7.4488e+31,6.2556e+31,140
23,2,0.1000,0.2000,9.1000e+27,6.0400e+27,6.3400e+27,4.2900e+27,1.5148e+32,1.0667e+32,140
23,3,0.2000,0.3500,1.4050e+28,2.8390e+28,1.1750e+28,2.6410e+28,1.2756e+32,1.0402e+32,140
23,4,0.3500,0.5500,1.2330e+28,8.5940e+28,1.0380e+28,8.1110e+28,6.8883e+31,5.6429e+31,140
23,5,0.5500,1.0100,7.6700e+27,3.4164e+29,6.7500e+27,3.2720e+29,2.6459e+31,2.3372e+31,140
24,0,0.0000,0.0500,2.1100e+27,3.0000e+25,1.2200e+27,1.0000e+25,1.8087e+32,1.0583e+32,140
24,1,0.0500,0.1000,2.3500e+27,5.1000e+26,1.9000e+27,4.3000e+26,7.4516e+31,6.2604e+31,140
24,2,0.1000,0.2000,9.3100e+27,6.8200e+27,6.3800e+27,4.1400e+27,1.5481e+32,1.0672e+32,140
24,3,0.2000,0.3500,1.3330e+28,2.6570e+28,1.1440e+28,2.6940e+28,1.2404e+32,1.0401e+32,140
24,4,0.3500,0.5500,1.1870e+28,8.2270e+28,1.0000e+28,7.3750e+28,6.8659e+31,5.6181e+31,140
24,5,0.5500,1.0100,7.6000e+27,3.2941e+29,6.5400e+27,3.2396e+29,2.6411e+31,2.3316e+31,140
25,0,0.0000,0.0500,2.2100e+27,5.0000e+25,1.1200e+27,6.0000e+25,1.8238e+32,1.0670e+32,141
25,1,0.0500,0.1000,2.4600e+27,4.0000e+26,2.0200e+27,4.2000e+26,7.5101e+31,6.3096e+31,141
25,2,0.1000,0.2000,8.3700e+27,6.2800e+27,6.0300e+27,4.0600e+27,1.5603e+32,1.0750e+32,141
25,3,0.2000,0.3500,1.3510e+28,2.7190e+28,1.0580e+28,2.5210e+28,1.2449e+32,1.0457e+32,141
25,4,0.3500,0.5500,1.1920e+28,7.9590e+28,1.0400e+28,7.2900e+28,6.8836e+31,5.6338e+31,141
25,5,0.5500,1.0100,7.8900e+27,3.1882e+29,6.6600e+27,3.2286e+29,2.6419e+31,2.3495e+31,141
26,0,0.0000,0.0500,1.8600e+27,4.0000e+25,1.5000e+27,7.0000e+25,1.8255e+32,1.0677e+32,141
26,1,0.0500,0.1000,2.4400e+27,4.8000e+26,1.7600e+27,3.2000e+26,7.5126e+31,6.3160e+31,141
26,2,0.1000,0.2000,9.1100e+27,5.3500e+27,6.5500e+27,4.2100e+27,1.5498e+32,1.0750e+32,141
26,3,0.2000,0.3500,1.3430e+28,2.5620e+28,1.0980e+28,2.5110e+28,1.2511e+32,1.0433e+32,141
26,4,0.3500,0.5500,1.1960e+28,7.7370e+28,9.8800e+27,7.2810e+28,6.8476e+31,5.6031e+31,141
26,5,0.5500,1.0100,7.0600e+27,3.2970e+29,6.5700e+27,3.1781e+29,2.6379e+31,2.3426e+31,141
27,0,0.0000,0.0500,1.9000e+27,3.0000e+25,1.4800e+27,5.0000e+25,1.8403e+32,1.0762e+32,142
27,1,0.0500,0.1000,2.6300e+27,3.6000e+26,1.8000e+27,4.3000e+26,7.5673e+31,6.3671e+31,142
27,2,0.1000,0.2000,8.6900e+27,5.5700e+27,6.2200e+27,4.3100e+27,1.5342e+32,1.0830e+32,142
27,3,0.2000,0.3500,1.3610e+28,2.6630e+28,1.1060e+28,2.4720e+28,1.2818e+32,1.0496e+32,142
27,4,0.3500,0.5500,1.2170e+28,7.9680e+28,9.8500e+27,7.5770e+28,6.8630e+31,5.6189e+31,142
27,5,0.5500,1.0100,7.6200e+27,3.3041e+29,6.4600e+27,3.2722e+29,2.6689e+31,2.3638e+31,142
28,0,0.0000,0.0500,1.6500e+27,3.0000e+25,1.4400e+27,3.0000e+25,1.8420e+32,1.0772e+32,142
28,1,0.0500,0.1000,2.5900e+27,3.7000e+26,1.9300e+27,3.2000e+26,7.5671e+31,6.3717e+31,142
28,2,0.1000,0.2000,8.8400e+27,5.3000e+27,6.4400e+27,4.0100e+27,1.5334e+32,1.0833e+32,142
28,3,0.2000,0.3500,1.3620e+28,2.6960e+28,1.0910e+28,2.5190e+28,1.2789e+32,1.0485e+32,142
28,4,0.3500,0.5500,1.1530e+28,8.0490e+28,1.0720e+28,7.5880e+28,6.8400e+31,5.6050e+31,142
28,5,0.5500,1.0100,7.2000e+27,3.3513e+29,6.8200e+27,3.2308e+29,2.6796e+31,2.3798e+31,142
29,0,0.0000,0.0500,1.8200e+27,4.0000e+25,1.6000e+27,5.0000e+25,1.8441e+32,1.0779e+32,142
29,1,0.0500,0.1000,2.3600e+27,4.1000e+26,1.9100e+27,2.3000e+26,7.5700e+31,6.3776e+31,142
29,2,0.1000,0.2000,8.8500e+27,5.8500e+27,5.6800e+27,3.7100e+27,1.5328e+32,1.0833e+32,142
29,3,0.2000,0.3500,1.3300e+28,2.6560e+28,1.1200e+28,2.4200e+28,1.2762e+32,1.0482e+32,142
29,4,0.3500,0.5500,1.1650e+28,7.9570e+28,9.9500e+27,7.4220e+28,6.8250e+31,5.5970e+31,142
29,5,0.5500,1.0100,7.5800e+27,3.3045e+29,6.7100e+27,3.1134e+29,2.6901e+31,2.3789e+31,142
30,0,0.0000,0.0500,1.7900e+27,6.0000e+25,1.2700e+27,7.0000e+25,1.8592e+32,1.0864e+32,143
30,1,0.0500,0.1000,2.5500e+27,4.4000e+26,1.5800e+27,3.1000e+26,7.6259e+31,6.4283e+31,143
30,2,0.1000,0.2000,9.0000e+27,5.9900e+27,6.4100e+27,4.0000e+27,1.5432e+32,1.0912e+32,143
30,3,0.2000,0.3500,1.3810e+28,2.5720e+28,1.1510e+28,2.3700e+28,1.2825e+32,1.0528e+32,143
30,4,0.3500,0.5500,1.2080e+28,7.6270e+28,1.0090e+28,7.3250e+28,6.8564e+31,5.6274e+31,143
30,5,0.5500,1.0100,6.9100e+27,3.2426e+29,6.9500e+27,3.1412e+29,2.7053e+31,2.3907e+31,143
31,0,0.0000,0.0500,1.9200e+27,5.0000e+25,1.1200e+27,8.0000e+25,1.8615e+32,1.1150e+32,143
31,1,0.0500,0.1000,2.4000e+27,5.1000e+26,1.5600e+27,2.6000e+26,7.6268e+31,6.1510e+31,143
31,2,0.1000,0.2000,9.2800e+27,5.5100e+27,6.0900e+27,3.8200e+27,1.5431e+32,1.0914e+32,143
31,3,0.2000,0.3500,1.3480e+28,2.4880e+28,1.1430e+28,2.5360e+28,1.2795e+32,1.0523e+32,143
31,4,0.3500,0.5500,1.2230e+28,7.9960e+28,1.0060e+28,7.2710e+28,6.8476e+31,5.6207e+31,143
31,5,0.5500,1.0100,7.3800e+27,3.1769e+29,6.6000e+27,3.1943e+29,2.7013e+31,2.3952e+31,143
32,0,0.0000,0.0500,1.8500e+27,4.0000e+25,1.2400e+27,3.0000e+25,1.8765e+32,1.1291e+32,144
32,1,0.0500,0.1000,2.4500e+27,4.3000e+26,1.7600e+27,2.2000e+26,7.6804e+31,6.1404e+31,144
32,2,0.1000,0.2000,9.2500e+27,5.5700e+27,6.2900e+27,3.4100e+27,1.5535e+32,1.0989e+32,144
32,3,0.2000,0.3500,1.3910e+28,2.4780e+28,1.1480e+28,2.3370e+28,1.2854e+32,1.0595e+32,144
32,4,0.3500,0.5500,1.1420e+28,7.4540e+28,1.0010e+28,7.3270e+28,6.8747e+31,5.6573e+31,144
32,5,0.5500,1.0100,7.2600e+27,3.0828e+29,7.1400e+27,3.0720e+29,2.7062e+31,2.4143e+31,144
33,0,0.0000,0.0500,2.0100e+27,3.0000e+25,1.3200e+27,2.0000e+25,1.8785e+32,1.1300e+32,144
33,1,0.0500,0.1000,2.4500e+27,4.9000e+26,1.7600e+27,3.2000e+26,7.6836e+31,6.1412e+31,144
33,2,0.1000,0.2000,8.6200e+27,4.8900e+27,6.2100e+27,3.7700e+27,1.5522e+32,1.0991e+32,144
33,3,0.2000,0.3500,1.3580e+28,2.4340e+28,1.1620e+28,2.3680e+28,1.2826e+32,1.0581e+32,144
33,4,0.3500,0.5500,1.1780e+28,7.3840e+28,9.8000e+27,7.0660e+28,6.8417e+31,5.6540e+31,144
33,5,0.5500,1.0100,7.9600e+27,3.0961e+29,7.1600e+27,3.0263e+29,2.7007e+31,2.4114e+31,144
34,0,0.0000,0.0500,1.9400e+27,4.0000e+25,1.4100e+27,5.0000e+25,1.8933e+32,1.1390e+32,145
34,1,0.0500,0.1000,2.5300e+27,4.3000e+26,1.7600e+27,2.7000e+26,7.7347e+31,6.1906e+31,145
34,2,0.1000,0.2000,9.0900e+27,5.0000e+27,6.5300e+27,4.3000e+27,1.5621e+32,1.1248e+32,145
34,3,0.2000,0.3500,1.4010e+28,2.5220e+28,1.1270e+28,2.1880e+28,1.2891e+32,1.0446e+32,145
34,4,0.3500,0.5500,1.2060e+28,7.2990e+28,9.4500e+27,6.8050e+28,6.8553e+31,5.6856e+31,145
34,5,0.5500,1.0100,7.5000e+27,3.1232e+29,7.0300e+27,2.9047e+29,2.7212e+31,2.4356e+31,145
35,0,0.0000,0.0500,2.0400e+27,5.0000e+25,1.4000e+27,6.0000e+25,1.8946e+32,1.1659e+32,145
35,1,0.0500,0.1000,2.1800e+27,4.1000e+26,1.5800e+27,2.1000e+26,7.7347e+31,5.9368e+31,145
35,2,0.1000,0.2000,9.3700e+27,5.3400e+27,6.8700e+27,3.5600e+27,1.5616e+32,1.1369e+32,145
35,3,0.2000,0.3500,1.3250e+28,2.4820e+28,1.0680e+28,2.1030e+28,1.2864e+32,1.0300e+32,145
35,4,0.3500,0.5500,1.1490e+28,7.2570e+28,1.0180e+28,6.8540e+28,6.8244e+31,5.6693e+31,145
35,5,0.5500,1.0100,7.9200e+27,3.1055e+29,7.0500e+27,2.9591e+29,2.7270e+31,2.4544e+31,145
36,0,0.0000,0.0500,2.0700e+27,3.0000e+25,1.2600e+27,6.0000e+25,1.9094e+32,1.1847e+32,146
36,1,0.0500,0.1000,2.5600e+27,5.6000e+26,1.3900e+27,1.7000e+26,7.7874e+31,5.8812e+31,146
36,2,0.1000,0.2000,9.1600e+27,5.3300e+27,6.2600e+27,3.4600e+27,1.5714e+32,1.1444e+32,146
36,3,0.2000,0.3500,1.3070e+28,2.4600e+28,1.1130e+28,2.1220e+28,1.2924e+32,1.0359e+32,146
36,4,0.3500,0.5500,1.1370e+28,7.5020e+28,9.8300e+27,7.0150e+28,6.8559e+31,5.6968e+31,146
36,5,0.5500,1.0100,7.4100e+27,3.1223e+29,6.6200e+27,3.1090e+29,2.7598e+31,2.4871e+31,146
37,0,0.0000,0.0500,2.4300e+27,3.0000e+25,1.3700e+27,7.0000e+25,1.9113e+32,1.2116e+32,146
37,1,0.0500,0.1000,2.2600e+27,3.3000e+26,1.6300e+27,2.8000e+26,7.7881e+31,5.6272e+31,146
37,2,0.1000,0.2000,8.9600e+27,5.5100e+27,6.3100e+27,3.4900e+27,1.5700e+32,1.1439e+32,146
37,3,0.2000,0.3500,1.3230e+28,2.5210e+28,1.1110e+28,2.0730e+28,1.2892e+32,1.0346e+32,146
37,4,0.3500,0.5500,1.1070e+28,7.1200e+28,9.8600e+27,6.5760e+28,6.8416e+31,5.6893e+31,146
37,5,0.5500,1.0100,7.7300e+27,3.1073e+29,6.8300e+27,3.0770e+29,2.7760e+31,2.5050e+31,146
38,0,0.0000,0.0500,2.0500e+27,3.0000e+25,1.7600e+27,7.0000e+25,1.9264e+32,1.2573e+32,147
38,1,0.0500,0.1000,2.5000e+27,2.4000e+26,1.5500e+27,2.6000e+26,7.8398e+31,5.3112e+31,147
38,2,0.1000,0.2000,8.7500e+27,4.9600e+27,6.5700e+27,3.3100e+27,1.5472e+32,1.1513e+32,147
38,3,0.2000,0.3500,1.3340e+28,2.3390e+28,1.0890e+28,2.0190e+28,1.3279e+32,1.0408e+32,147
38,4,0.3500,0.5500,1.1870e+28,7.1240e+28,1.0310e+28,6.8460e+28,6.8645e+31,5.7333e+31,147
38,5,0.5500,1.0100,8.1400e+27,3.1067e+29,7.1300e+27,3.0202e+29,2.8082e+31,2.5307e+31,147
39,0,0.0000,0.0500,2.0600e+27,6.0000e+25,1.3700e+27,1.0000e+25,1.9277e+32,1.3040e+32,147
39,1,0.0500,0.1000,2.5100e+27,3.8000e+26,1.4200e+27,1.9000e+26,7.8384e+31,4.8586e+31,147
39,2,0.1000,0.2000,8.5000e+27,4.9600e+27,6.4800e+27,2.7800e+27,1.5328e+32,1.1506e+32,147
39,3,0.2000,0.3500,1.4210e+28,2.3790e+28,1.0890e+28,1.9860e+28,1.3388e+32,1.0401e+32,147
39,4,0.3500,0.5500,1.2080e+28,6.9390e+28,9.4500e+27,6.5900e+28,6.8491e+31,5.7375e+31,147
39,5,0.5500,1.0100,7.5500e+27,3.0823e+29,6.7400e+27,3.0330e+29,2.8248e+31,2.5402e+31,147
40,0,0.0000,0.0500,2.2600e+27,3.0000e+25,1.5400e+27,7.0000e+25,1.9422e+32,1.3141e+32,148
40,1,0.0500,0.1000,2.6500e+27,4.0000e+26,1.3300e+27,1.8000e+26,7.8914e+31,5.0993e+31,148
40,2,0.1000,0.2000,8.1200e+27,4.6400e+27,6.2400e+27,3.2500e+27,1.5310e+32,1.1378e+32,148
40,3,0.2000,0.3500,1.4290e+28,2.5180e+28,1.0240e+28,1.9590e+28,1.3569e+32,1.0456e+32,148
40,4,0.3500,0.5500,1.1600e+28,6.8240e+28,1.0190e+28,6.3940e+28,6.8618e+31,5.7635e+31,148
40,5,0.5500,1.0100,7.7100e+27,3.0720e+29,6.9200e+27,2.9253e+29,2.8611e+31,2.5686e+31,148
41,0,0.0000,0.0500,2.1500e+27,6.0000e+25,1.3600e+27,2.0000e+25,1.9571e+32,1.3240e+32,149
41,1,0.0500,0.1000,2.4500e+27,4.3000e+26,1.6400e+27,2.4000e+26,7.4530e+31,5.2883e+31,149
41,2,0.1000,0.2000,8.2400e+27,4.7500e+27,6.8100e+27,3.4900e+27,1.5594e+32,1.1298e+32,149
41,3,0.2000,0.3500,1.3310e+28,2.3380e+28,1.0420e+28,1.7560e+28,1.3799e+32,1.0499e+32,149
41,4,0.3500,0.5500,1.1250e+28,7.3930e+28,1.0060e+28,6.2840e+28,7.0219e+31,5.7889e+31,149
41,5,0.5500,1.0100,7.7500e+27,3.0574e+29,7.1500e+27,2.8488e+29,2.8980e+31,2.6015e+31,149
42,0,0.0000,0.0500,2.1000e+27,4.0000e+25,1.4400e+27,1.0000e+25,1.9591e+32,1.3249e+32,149
42,1,0.0500,0.1000,2.3100e+27,3.2000e+26,1.7600e+27,2.3000e+26,7.3783e+31,5.2895e+31,149
42,2,0.1000,0.2000,8.7100e+27,4.6000e+27,5.9300e+27,3.0800e+27,1.5646e+32,1.1295e+32,149
42,3,0.2000,0.3500,1.3320e+28,2.2750e+28,1.0820e+28,1.8360e+28,1.3638e+32,1.0484e+32,149
42,4,0.3500,0.5500,1.1430e+28,7.1130e+28,9.1400e+27,5.8560e+28,7.1364e+31,5.7765e+31,149
42,5,0.5500,1.0100,8.2900e+27,3.0213e+29,6.7300e+27,2.7905e+29,2.9073e+31,2.6067e+31,149
43,0,0.0000,0.0500,2.2000e+27,4.0000e+25,1.4400e+27,1.0000e+25,1.9737e+32,1.3350e+32,150
43,1,0.0500,0.1000,2.3300e+27,3.8000e+26,1.4600e+27,1.6000e+26,7.4243e+31,5.3257e+31,150
43,2,0.1000,0.2000,8.5900e+27,4.3500e+27,6.0300e+27,2.6900e+27,1.5737e+32,1.1372e+32,150
43,3,0.2000,0.3500,1.3760e+28,2.0130e+28,1.0690e+28,1.7790e+28,1.3684e+32,1.0538e+32,150
43,4,0.3500,0.5500,1.1880e+28,6.9490e+28,9.7400e+27,5.8020e+28,7.1560e+31,5.8024e+31,150
43,5,0.5500,1.0100,8.3500e+27,2.9612e+29,7.1600e+27,2.7420e+29,2.9391e+31,2.6266e+31,150
44,0,0.0000,0.0500,1.9800e+27,9.0000e+25,1.3800e+27,2.0000e+25,1.9751e+32,1.3396e+32,150
44,1,0.0500,0.1000,2.1200e+27,3.3000e+26,1.6200e+27,1.1000e+26,7.4221e+31,5.2982e+31,150
44,2,0.1000,0.2000,8.0900e+27,4.4600e+27,6.1200e+27,2.7000e+27,1.5729e+32,1.1375e+32,150
44,3,0.2000,0.3500,1.3710e+28,2.2320e+28,9.9800e+27,1.6690e+28,1.3643e+32,1.0505e+32,150
44,4,0.3500,0.5500,1.1900e+28,6.7810e+28,9.5500e+27,5.8410e+28,7.1365e+31,5.7833e+31,150
44,5,0.5500,1.0100,8.1800e+27,3.0003e+29,7.3300e+27,2.7000e+29,2.9498e+31,2.6380e+31,150
45,0,0.0000,0.0500,2.0900e+27,5.0000e+25,1.5900e+27,3.0000e+25,1.9316e+32,1.4101e+32,151
45,1,0.0500,0.1000,2.3500e+27,2.4000e+26,1.6500e+27,3.0000e+26,7.5172e+31,5.2876e+31,151
45,2,0.1000,0.2000,8.4900e+27,4.6900e+27,6.2200e+27,2.5600e+27,1.5928e+32,1.1237e+32,151
45,3,0.2000,0.3500,1.3540e+28,2.2490e+28,1.0420e+28,1.6250e+28,1.4119e+32,1.0213e+32,151
45,4,0.3500,0.5500,1.1910e+28,7.1120e+28,9.7800e+27,5.7730e+28,7.1764e+31,5.8159e+31,151
45,5,0.5500,1.0100,7.6400e+27,2.8620e+29,7.7800e+27,2.7313e+29,2.9613e+31,2.6766e+31,151
46,0,0.0000,0.0500,2.0700e+27,9.0000e+25,1.3800e+27,6.0000e+25,1.9064e+32,1.4246e+32,152
46,1,0.0500,0.1000,2.0600e+27,3.5000e+26,1.6500e+27,2.3000e+26,7.6443e+31,5.3221e+31,152
46,2,0.1000,0.2000,8.3900e+27,4.6000e+27,6.0100e+27,3.1500e+27,1.6150e+32,1.1326e+32,152
46,3,0.2000,0.3500,1.4090e+28,2.4050e+28,9.6800e+27,1.5840e+28,1.4378e+32,1.0210e+32,152
46,4,0.3500,0.5500,1.2550e+28,7.2240e+28,1.0000e+28,5.3920e+28,7.2115e+31,5.8561e+31,152
46,5,0.5500,1.0100,7.9900e+27,2.8429e+29,7.2800e+27,2.7560e+29,2.9821e+31,2.7124e+31,152
47,0,0.0000,0.0500,2.2400e+27,7.0000e+25,1.6100e+27,5.0000e+25,1.9207e+32,1.4353e+32,153
47,1,0.0500,0.1000,1.9100e+27,4.0000e+26,1.7300e+27,1.9000e+26,7.6925e+31,5.3583e+31,153
47,2,0.1000,0.2000,8.8300e+27,3.9100e+27,5.9700e+27,2.7100e+27,1.6238e+32,1.1398e+32,153
47,3,0.2000,0.3500,1.4030e+28,2.3510e+28,1.0480e+28,1.5970e+28,1.4447e+32,1.0264e+32,153
47,4,0.3500,0.5500,1.1770e+28,6.8110e+28,1.0440e+28,5.4480e+28,7.2527e+31,5.8859e+31,153
47,5,0.5500,1.0100,7.6900e+27,2.8491e+29,7.1900e+27,2.6822e+29,3.0083e+31,2.7375e+31,153
48,0,0.0000,0.0500,2.1400e+27,7.0000e+25,1.4800e+27,1.0000e+25,1.9224e+32,1.4366e+32,153
48,1,0.0500,0.1000,2.2200e+27,3.9000e+26,1.7400e+27,2.5000e+26,7.5899e+31,5.5789e+31,153
48,2,0.1000,0.2000,9.1500e+27,4.4000e+27,6.1300e+27,3.0000e+27,1.6315e+32,1.1278e+32,153
48,3,0.2000,0.3500,1.3730e+28,2.3760e+28,9.9900e+27,1.5810e+28,1.4418e+32,1.0302e+32,153
48,4,0.3500,0.5500,1.1540e+28,6.4720e+28,9.9000e+27,5.2870e+28,7.2269e+31,5.7439e+31,153
48,5,0.5500,1.0100,7.6900e+27,2.7521e+29,6.9200e+27,2.6016e+29,3.0111e+31,2.7510e+31,153
49,0,0.0000,0.0500,2.2000e+27,1.1000e+26,1.3400e+27,1.0000e+25,1.9014e+32,1.4469e+32,154
49,1,0.0500,0.1000,1.7500e+27,2.6000e+26,1.7400e+27,2.2000e+26,7.4915e+31,5.7733e+31,154
49,2,0.1000,0.2000,8.9200e+27,4.2400e+27,5.8200e+27,2.5800e+27,1.6897e+32,1.1407e+32,154
49,3,0.2000,0.3500,1.4070e+28,2.2570e+28,9.8200e+27,1.4830e+28,1.4484e+32,1.0167e+32,154
49,4,0.3500,0.5500,1.1480e+28,6.5250e+28,9.2800e+27,5.1980e+28,7.2653e+31,5.7460e+31,154
49,5,0.5500,1.0100,7.7400e+27,2.7078e+29,7.7600e+27,2.6112e+29,3.0314e+31,2.7813e+31,154
50,0,0.0000,0.0500,2.1600e+27,6.0000e+25,1.3500e+27,3.0000e+25,1.7708e+32,1.4574e+32,155
50,1,0.0500,0.1000,2.1800e+27,4.3000e+26,1.7200e+27,1.9000e+26,8.9729e+31,5.8128e+31,155
50,2,0.1000,0.2000,8.8000e+27,4.3300e+27,6.3700e+27,2.7600e+27,1.6986e+32,1.1745e+32,155
50,3,0.2000,0.3500,1.4320e+28,2.3760e+28,9.8100e+27,1.4230e+28,1.4535e+32,9.9416e+31,155
50,4,0.3500,0.5500,1.2220e+28,6.3140e+28,9.3900e+27,5.3160e+28,7.2781e+31,5.7952e+31,155
50,5,0.5500,1.0100,8.2900e+27,2.6582e+29,7.6000e+27,2.7029e+29,3.0528e+31,2.8362e+31,155
51,0,0.0000,0.0500,1.7500e+27,1.0000e+26,1.2600e+27,1.0000e+25,1.6821e+32,1.4584e+32,155
51,1,0.0500,0.1000,2.6300e+27,4.6000e+26,1.7700e+27,1.8000e+26,9.8704e+31,5.8158e+31,155
51,2,0.1000,0.2000,8.4500e+27,3.7600e+27,6.5800e+27,2.7400e+27,1.6606e+32,1.1744e+32,155
51,3,0.2000,0.3500,1.5330e+28,2.3140e+28,9.8800e+27,1.3830e+28,1.4864e+32,9.9260e+31,155
51,4,0.3500,0.5500,1.1800e+28,6.5400e+28,8.9200e+27,4.9700e+28,7.2578e+31,5.7928e+31,155
51,5,0.5500,1.0100,7.7300e+27,2.6222e+29,7.6700e+27,2.6171e+29,3.0519e+31,2.8702e+31,155
52,0,0.0000,0.0500,1.8200e+27,5.0000e+25,1.5100e+27,2.0000e+25,1.6403e+32,1.4787e+32,157
52,1,0.0500,0.1000,2.8100e+27,5.3000e+26,1.9100e+27,9.0000e+25,1.0644e+32,5.9891e+31,157
52,2,0.1000,0.2000,8.5300e+27,4.2500e+27,6.4600e+27,2.8600e+27,1.6679e+32,1.2091e+32,157
52,3,0.2000,0.3500,1.4380e+28,2.3980e+28,9.0900e+27,1.4460e+28,1.5139e+32,9.7509e+31,157
52,4,0.3500,0.5500,1.1350e+28,6.4160e+28,9.0500e+27,4.8970e+28,7.3418e+31,5.8620e+31,157
52,5,0.5500,1.0100,8.2800e+27,2.5120e+29,7.6500e+27,2.4981e+29,3.0989e+31,2.9223e+31,157
53,0,0.0000,0.0500,1.7500e+27,4.0000e+25,1.1800e+27,0.0000e+00,1.5777e+32,1.4797e+32,157
53,1,0.0500,0.1000,2.9000e+27,4.6000e+26,1.7000e+27,1.6000e+26,1.1277e+32,6.2581e+31,157
53,2,0.1000,0.2000,8.9500e+27,4.6500e+27,6.4100e+27,2.9600e+27,1.6663e+32,1.2152e+32,157
53,3,0.2000,0.3500,1.3770e+28,2.3920e+28,9.2700e+27,1.3180e+28,1.4893e+32,9.4005e+31,157
53,4,0.3500,0.5500,1.2390e+28,6.7000e+28,9.2100e+27,5.0500e+28,7.4807e+31,5.8766e+31,157
53,5,0.5500,1.0100,8.4100e+27,2.5470e+29,8.0200e+27,2.4126e+29,3.1715e+31,2.9403e+31,157
54,0,0.0000,0.0500,1.6000e+27,3.0000e+25,1.3700e+27,1.0000e+25,1.5067e+32,1.4905e+32,158
54,1,0.0500,0.1000,3.2900e+27,5.9000e+26,1.6500e+27,1.7000e+26,1.2169e+32,6.2979e+31,158
54,2,0.1000,0.2000,8.8000e+27,4.3900e+27,7.0500e+27,3.0600e+27,1.6752e+32,1.2642e+32,158
54,3,0.2000,0.3500,1.3810e+28,2.2270e+28,9.0300e+27,1.3080e+28,1.4681e+32,9.0309e+31,158
54,4,0.3500,0.5500,1.1880e+28,6.2980e+28,9.3900e+27,4.4910e+28,7.6515e+31,5.9180e+31,158
54,5,0.5500,1.0100,8.6200e+27,2.6048e+29,7.6300e+27,2.3523e+29,3.3436e+31,2.9814e+31,158
55,0,0.0000,0.0500,1.5200e+27,3.0000e+25,1.1100e+27,1.0000e+25,1.4632e+32,1.4920e+32,158
55,1,0.0500,0.1000,3.2300e+27,5.1000e+26,1.9500e+27,1.8000e+26,1.2263e+32,6.4778e+31,158
55,2,0.1000,0.2000,8.6700e+27,4.4100e+27,7.2700e+27,2.8900e+27,1.7090e+32,1.2999e+32,158
55,3,0.2000,0.3500,1.4360e+28,2.2640e+28,8.2500e+27,1.3280e+28,1.4644e+32,8.6412e+31,158
55,4,0.3500,0.5500,1.1400e+28,6.5090e+28,9.1200e+27,4.6030e+28,7.5917e+31,5.8228e+31,158
55,5,0.5500,1.0100,8.7400e+27,2.7193e+29,7.1600e+27,2.3415e+29,3.4191e+31,2.9260e+31,158
56,0,0.0000,0.0500,1.5900e+27,4.0000e+25,1.1600e+27,1.0000e+25,1.4259e+32,1.5123e+32,160
56,1,0.0500,0.1000,3.5000e+27,6.9000e+26,1.7300e+27,1.6000e+26,1.2724e+32,6.7738e+31,160
56,2,0.1000,0.2000,9.0600e+27,4.8200e+27,7.0300e+27,3.1700e+27,1.7541e+32,1.3004e+32,160
56,3,0.2000,0.3500,1.4280e+28,2.3910e+28,8.7400e+27,1.1960e+28,1.4814e+32,8.6968e+31,160
56,4,0.3500,0.5500,1.2530e+28,6.4040e+28,9.2700e+27,4.6640e+28,7.6589e+31,5.8860e+31,160
56,5,0.5500,1.0100,9.2000e+27,2.6263e+29,7.1100e+27,2.3085e+29,3.5154e+31,2.9787e+31,160
57,0,0.0000,0.0500,1.4200e+27,2.0000e+25,1.1600e+27,0.0000e+00,1.4118e+32,1.5359e+32,160
57,1,0.0500,0.1000,3.4400e+27,6.5000e+26,1.7200e+27,2.4000e+26,1.2874e+32,6.7594e+31,160
57,2,0.1000,0.2000,8.8800e+27,4.2500e+27,6.7900e+27,2.7200e+27,1.7022e+32,1.2790e+32,160
57,3,0.2000,0.3500,1.4490e+28,2.1790e+28,8.3100e+27,1.2230e+28,1.5288e+32,8.8035e+31,160
57,4,0.3500,0.5500,1.0900e+28,5.8890e+28,9.2400e+27,4.4030e+28,7.5656e+31,5.7587e+31,160
57,5,0.5500,1.0100,9.2600e+27,2.6074e+29,7.5100e+27,2.2276e+29,3.5941e+31,2.9883e+31,160
58,0,0.0000,0.0500,1.3500e+27,3.0000e+25,1.3300e+27,1.0000e+25,1.3718e+32,1.5755e+32,162
58,1,0.0500,0.1000,3.2900e+27,8.8000e+26,2.1400e+27,2.2000e+26,1.3616e+32,6.9100e+31,162
58,2,0.1000,0.2000,9.1400e+27,4.7600e+27,6.7700e+27,2.6200e+27,1.7215e+32,1.2689e+32,162
58,3,0.2000,0.3500,1.4610e+28,2.3730e+28,8.4400e+27,1.3130e+28,1.5448e+32,9.2170e+31,162
58,4,0.3500,0.5500,1.2020e+28,6.0140e+28,9.0000e+27,4.3760e+28,7.5825e+31,5.5379e+31,162
58,5,0.5500,1.0100,9.5300e+27,2.7417e+29,7.6900e+27,2.2700e+29,3.7261e+31,3.0488e+31,162
59,0,0.0000,0.0500,1.5500e+27,3.0000e+25,1.1700e+27,2.0000e+25,1.3577e+32,1.5770e+32,162
59,1,0.0500,0.1000,3.3700e+27,9.7000e+26,2.1800e+27,1.4000e+26,1.3758e+32,7.3262e+31,162
59,2,0.1000,0.2000,9.0400e+27,4.8000e+27,6.4100e+27,2.3800e+27,1.7201e+32,1.2270e+32,162
59,3,0.2000,0.3500,1.4320e+28,2.3000e+28,8.8300e+27,1.3060e+28,1.5417e+32,9.3676e+31,162
59,4,0.3500,0.5500,1.2270e+28,6.0960e+28,8.1100e+27,3.8880e+28,7.5576e+31,5.3814e+31,162
59,5,0.5500,1.0100,1.0320e+28,2.6901e+29,8.1400e+27,2.1297e+29,3.7702e+31,3.0578e+31,162
60,0,0.0000,0.0500,1.3400e+27,3.0000e+25,1.1000e+27,0.0000e+00,1.3312e+32,1.5882e+32,163
60,1,0.0500,0.1000,3.7300e+27,9.7000e+26,2.1200e+27,1.9000e+26,1.4186e+32,8.1747e+31,163
60,2,0.1000,0.2000,8.8000e+27,4.5900e+27,6.3300e+27,2.2500e+27,1.6894e+32,1.1642e+32,163
60,3,0.2000,0.3500,1.4170e+28,2.2930e+28,8.7300e+27,1.2050e+28,1.5833e+32,9.2936e+31,163
60,4,0.3500,0.5500,1.1810e+28,5.7550e+28,8.3900e+27,3.6790e+28,7.6084e+31,5.4223e+31,163
60,5,0.5500,1.0100,9.6000e+27,2.6825e+29,7.8900e+27,2.2362e+29,3.8391e+31,3.0925e+31,163
61,0,0.0000,0.0500,1.1400e+27,3.0000e+25,1.0400e+27,0.0000e+00,1.2996e+32,1.5993e+32,164
61,1,0.0500,0.1000,3.8500e+27,9.4000e+26,2.4500e+27,2.2000e+26,1.4391e+32,8.8600e+31,164
61,2,0.1000,0.2000,9.1700e+27,4.8800e+27,5.8400e+27,2.0600e+27,1.7196e+32,1.1488e+32,164
61,3,0.2000,0.3500,1.5230e+28,2.3710e+28,9.0500e+27,1.1340e+28,1.5820e+32,9.1885e+31,164
61,4,0.3500,0.5500,1.1460e+28,5.8770e+28,8.1000e+27,3.8740e+28,7.6779e+31,5.2367e+31,164
61,5,0.5500,1.0100,9.3300e+27,2.6160e+29,7.8500e+27,2.2024e+29,3.9704e+31,3.0991e+31,164
62,0,0.0000,0.0500,1.1600e+27,3.0000e+25,9.2000e+26,0.0000e+00,1.2779e+32,1.6107e+32,165
62,1,0.0500,0.1000,3.3100e+27,1.2000e+27,2.4100e+27,2.4000e+26,1.3965e+32,8.9134e+31,165
62,2,0.1000,0.2000,9.2300e+27,5.1400e+27,5.9100e+27,2.1100e+27,1.7921e+32,1.1566e+32,165
62,3,0.2000,0.3500,1.5080e+28,2.1460e+28,8.4700e+27,1.3810e+28,1.5815e+32,9.4108e+31,165
62,4,0.3500,0.5500,1.2410e+28,5.4780e+28,7.2100e+27,3.8470e+28,7.8646e+31,5.0684e+31,165
62,5,0.5500,1.0100,9.1300e+27,2.6201e+29,8.2700e+27,2.2452e+29,4.0780e+31,3.1529e+31,165
63,0,0.0000,0.0500,9.6000e+26,1.0000e+25,8.0000e+26,0.0000e+00,1.2022e+32,1.6640e+32,166
63,1,0.0500,0.1000,4.0300e+27,1.4600e+27,2.3300e+27,1.5000e+26,1.4882e+32,8.5503e+31,166
63,2,0.1000,0.2000,8.7600e+27,4.7200e+27,5.8400e+27,1.8400e+27,1.7648e+32,1.1620e+32,166
63,3,0.2000,0.3500,1.4850e+28,2.1970e+28,8.2400e+27,1.1530e+28,1.6166e+32,9.4646e+31,166
63,4,0.3500,0.5500,1.2160e+28,5.5680e+28,7.6400e+27,3.7080e+28,7.8983e+31,5.1234e+31,166
63,5,0.5500,1.0100,9.7800e+27,2.6635e+29,7.7900e+27,2.1755e+29,4.1684e+31,3.1919e+31,166
64,0,0.0000,0.0500,1.0100e+27,2.0000e+25,7.4000e+26,0.0000e+00,1.3437e+32,1.5754e+32,167
64,1,0.0500,0.1000,4.1300e+27,1.1400e+27,2.2600e+27,8.0000e+25,1.5182e+32,8.9497e+31,167
64,2,0.1000,0.2000,8.6400e+27,4.7900e+27,6.0200e+27,1.9500e+27,1.7728e+32,1.1348e+32,167
64,3,0.2000,0.3500,1.5160e+28,2.1760e+28,9.2200e+27,1.1480e+28,1.6177e+32,9.6265e+31,167
64,4,0.3500,0.5500,1.1350e+28,5.4200e+28,7.4600e+27,3.7180e+28,7.9078e+31,5.1423e+31,167
64,5,0.5500,1.0100,1.0090e+28,2.6100e+29,7.7800e+27,2.1027e+29,4.1830e+31,3.2131e+31,167
65,0,0.0000,0.0500,1.1800e+27,5.0000e+25,7.1000e+26,2.0000e+25,2.4539e+32,8.7669e+31,168
65,1,0.0500,0.1000,4.0400e+27,1.5700e+27,2.3300e+27,1.7000e+26,1.4819e+32,9.2220e+31,168
65,2,0.1000,0.2000,9.4500e+27,5.5800e+27,5.6400e+27,1.7700e+27,1.8088e+32,1.1358e+32,168
65,3,0.2000,0.3500,1.5300e+28,2.2830e+28,9.0800e+27,1.1300e+28,1.5898e+32,9.9156e+31,168
65,4,0.3500,0.5500,1.2340e+28,5.3460e+28,8.0000e+27,3.5900e+28,7.8983e+31,5.2892e+31,168
65,5,0.5500,1.0100,9.1300e+27,2.2423e+29,8.5300e+27,2.2763e+29,4.0083e+31,3.4716e+31,168
66,0,0.0000,0.0500,1.2600e+27,0.0000e+00,1.0000e+27,0.0000e+00,2.4414e+32,9.1015e+31,169
66,1,0.0500,0.1000,3.7300e+27,1.3400e+27,2.3000e+27,1.9000e+26,1.4847e+32,8.9989e+31,169
66,2,0.1000,0.2000,9.7000e+27,5.6900e+27,5.7600e+27,1.9700e+27,1.8538e+32,1.1450e+32,169
66,3,0.2000,0.3500,1.5450e+28,2.3560e+28,9.7200e+27,1.1400e+28,1.5888e+32,9.9289e+31,169
66,4,0.3500,0.5500,1.1660e+28,5.2310e+28,8.5300e+27,3.6100e+28,7.9145e+31,5.3384e+31,169
66,5,0.5500,1.0100,1.0050e+28,2.3234e+29,8.7000e+27,2.2517e+29,4.1524e+31,3.5153e+31,169
67,0,0.0000,0.0500,1.4700e+27,2.0000e+25,1.0400e+27,1.0000e+25,2.4116e+32,9.6713e+31,170
67,1,0.0500,0.1000,3.8300e+27,1.4200e+27,1.9400e+27,1.8000e+26,1.5412e+32,8.7606e+31,170
67,2,0.1000,0.2000,9.9600e+27,6.0000e+27,5.7200e+27,1.7500e+27,1.8625e+32,1.1563e+32,170
67,3,0.2000,0.3500,1.5120e+28,2.3290e+28,9.1700e+27,1.1500e+28,1.5737e+32,9.8279e+31,170
67,4,0.3500,0.5500,1.2510e+28,5.5190e+28,7.7900e+27,3.5860e+28,8.1587e+31,5.3380e+31,170
67,5,0.5500,1.0100,9.7000e+27,2.2550e+29,8.6500e+27,2.3026e+29,4.1935e+31,3.5029e+31,170
68,0,0.0000,0.0500,1.6600e+27,1.0000e+25,1.0600e+27,0.0000e+00,2.4433e+32,9.9765e+31,172
68,1,0.0500,0.1000,4.1200e+27,1.3400e+27,2.2100e+27,1.3000e+26,1.4694e+32,9.1444e+31,172
68,2,0.1000,0.2000,9.5800e+27,6.1500e+27,5.7600e+27,1.6500e+27,1.9127e+32,1.1247e+32,172
68,3,0.2000,0.3500,1.4550e+28,2.0920e+28,1.0040e+28,1.1040e+28,1.5859e+32,1.0029e+32,172
68,4,0.3500,0.5500,1.3210e+28,5.7490e+28,8.0300e+27,3.6340e+28,8.8120e+31,5.3610e+31,172
68,5,0.5500,1.0100,1.0400e+28,2.3151e+29,9.0600e+27,2.2297e+29,4.3261e+31,3.5252e+31,172
69,0,0.0000,0.0500,1.6800e+27,2.0000e+25,1.0200e+27,0.0000e+00,2.4466e+32,1.0238e+32,172
69,1,0.0500,0.1000,3.3300e+27,1.0800e+27,2.1500e+27,9.0000e+25,1.2595e+32,8.8857e+31,172
69,2,0.1000,0.2000,1.0790e+28,6.2200e+27,5.4800e+27,1.7100e+27,2.0826e+32,1.1492e+32,172
69,3,0.2000,0.3500,1.4550e+28,2.2130e+28,8.2300e+27,1.0920e+28,1.5996e+32,9.8068e+31,172
69,4,0.3500,0.5500,1.3250e+28,5.5870e+28,7.4900e+27,3.2550e+28,8.9495e+31,5.3470e+31,172
69,5,0.5500,1.0100,9.8100e+27,2.2285e+29,8.2600e+27,2.1856e+29,4.3773e+31,3.5394e+31,172
70,0,0.0000,0.0500,1.5900e+27,0.0000e+00,9.2000e+26,1.0000e+25,2.4371e+32,1.0650e+32,173
70,1,0.0500,0.1000,3.0100e+27,9.4000e+26,2.2500e+27,1.0000e+26,1.1949e+32,8.5776e+31,173
70,2,0.1000,0.2000,1.1170e+28,6.8200e+27,5.3200e+27,1.4000e+27,2.1908e+32,1.1571e+32,173
70,3,0.2000,0.3500,1.4480e+28,1.9740e+28,8.5400e+27,9.7400e+27,1.5429e+32,9.8357e+31,173
70,4,0.3500,0.5500,1.3700e+28,5.4170e+28,7.3600e+27,3.3780e+28,9.6007e+31,5.4417e+31,173
70,5,0.5500,1.0100,1.0120e+28,2.2587e+29,8.5200e+27,2.1592e+29,4.4056e+31,3.5543e+31,173
71,0,0.0000,0.0500,1.6300e+27,1.0000e+25,9.8000e+26,0.0000e+00,2.4027e+32,1.1073e+32,174
71,1,0.0500,0.1000,2.8500e+27,8.9000e+26,2.0100e+27,9.0000e+25,1.1818e+32,8.3484e+31,174
71,2,0.1000,0.2000,1.1610e+28,7.3500e+27,5.8100e+27,1.4400e+27,2.2661e+32,1.1825e+32,174
71,3,0.2000,0.3500,1.3500e+28,1.9550e+28,8.5200e+27,9.0800e+27,1.5150e+32,9.6065e+31,174
71,4,0.3500,0.5500,1.4320e+28,5.7570e+28,8.3100e+27,3.3900e+28,1.0006e+32,5.5704e+31,174
71,5,0.5500,1.0100,9.9100e+27,2.2952e+29,8.4100e+27,2.0978e+29,4.4547e+31,3.5346e+31,174
72,0,0.0000,0.0500,1.8400e+27,2.0000e+25,8.4000e+26,0.0000e+00,2.4331e+32,1.1897e+32,176
72,1,0.0500,0.1000,3.0500e+27,1.1100e+27,1.7900e+27,3.0000e+25,1.1360e+32,8.0654e+31,176
72,2,0.1000,0.2000,1.1170e+28,7.3800e+27,5.4900e+27,1.1300e+27,2.2056e+32,1.1632e+32,176
72,3,0.2000,0.3500,1.4170e+28,1.9770e+28,8.1000e+27,8.9400e+27,1.6346e+32,9.7935e+31,176
72,4,0.3500,0.5500,1.4570e+28,5.6720e+28,7.3600e+27,3.2030e+28,1.0349e+32,5.6461e+31,176
72,5,0.5500,1.0100,1.0860e+28,2.2803e+29,9.0500e+27,2.1019e+29,4.6448e+31,3.5247e+31,176
73,0,0.0000,0.0500,2.2700e+27,1.0000e+25,1.2100e+27,1.0000e+25,2.4494e+32,1.2961e+32,177
73,1,0.0500,0.1000,3.0000e+27,8.2000e+26,1.5900e+27,6.0000e+25,1.0706e+32,7.1161e+31,177
73,2,0.1000,0.2000,9.5500e+27,6.7900e+27,5.4500e+27,1.1100e+27,2.1470e+32,1.1763e+32,177
73,3,0.2000,0.3500,1.5350e+28,2.0070e+28,8.7400e+27,8.5700e+27,1.7782e+32,9.9710e+31,177
73,4,0.3500,0.5500,1.3840e+28,5.9750e+28,7.5400e+27,3.3330e+28,1.0382e+32,5.5903e+31,177
73,5,0.5500,1.0100,1.1530e+28,2.3377e+29,8.8800e+27,2.0271e+29,4.6982e+31,3.4675e+31,177
74,0,0.0000,0.0500,2.1600e+27,3.0000e+25,1.4000e+27,0.0000e+00,2.4520e+32,1.4485e+32,177
74,1,0.0500,0.1000,2.8800e+27,9.0000e+26,1.3600e+27,5.0000e+25,1.0436e+32,5.7345e+31,177
74,2,0.1000,0.2000,9.3300e+27,7.0900e+27,5.4500e+27,1.1900e+27,2.0816e+32,1.1817e+32,177
74,3,0.2000,0.3500,1.5810e+28,2.1310e+28,8.5300e+27,8.0000e+27,1.8551e+32,9.7581e+31,177
74,4,0.3500,0.5500,1.4790e+28,5.9100e+28,8.0100e+27,3.2270e+28,1.0424e+32,5.6039e+31,177
74,5,0.5500,1.0100,1.0720e+28,2.3509e+29,8.2600e+27,1.9595e+29,4.7457e+31,3.5243e+31,177
75,0,0.0000,0.0500,2.2500e+27,1.0000e+25,1.3200e+27,0.0000e+00,2.4546e+32,1.5194e+32,179
75,1,0.0500,0.1000,2.4600e+27,9.4000e+26,1.2600e+27,7.0000e+25,9.9653e+31,5.6920e+31,179
75,2,0.1000,0.2000,9.2000e+27,7.5300e+27,5.2700e+27,1.0100e+27,2.1112e+32,1.1626e+32,179
75,3,0.2000,0.3500,1.5220e+28,2.3190e+28,7.9000e+27,8.1400e+27,1.9129e+32,9.7380e+31,179
75,4,0.3500,0.5500,1.5550e+28,6.1110e+28,8.1500e+27,3.1300e+28,1.0875e+32,5.6777e+31,179
75,5,0.5500,1.0100,1.1620e+28,2.2096e+29,8.3200e+27,1.8801e+29,4.8273e+31,3.6029e+31,179
76,0,0.0000,0.0500,2.3600e+27,3.0000e+25,1.5700e+27,0.0000e+00,2.3835e+32,1.5870e+32,181
76,1,0.0500,0.1000,2.5500e+27,6.5000e+26,1.4900e+27,1.2000e+26,1.0062e+32,5.8061e+31,181
76,2,0.1000,0.2000,9.9100e+27,6.8300e+27,5.5600e+27,1.0800e+27,2.1710e+32,1.1553e+32,181
76,3,0.2000,0.3500,1.7380e+28,2.4320e+28,8.4600e+27,7.1700e+27,1.9925e+32,9.5440e+31,181
76,4,0.3500,0.5500,1.4890e+28,6.0490e+28,8.0300e+27,3.2730e+28,1.0971e+32,5.7049e+31,181
76,5,0.5500,1.0100,1.1240e+28,2.1513e+29,8.8900e+27,1.8333e+29,4.8821e+31,3.6811e+31,181
77,0,0.0000,0.0500,2.3000e+27,2.0000e+25,1.4500e+27,2.0000e+25,2.1354e+32,1.5880e+32,181
77,1,0.0500,0.1000,2.7100e+27,7.4000e+26,1.3900e+27,5.0000e+25,1.1920e+32,6.0565e+31,181
77,2,0.1000,0.2000,1.0330e+28,7.4300e+27,5.2100e+27,1.3200e+27,2.2064e+32,1.1736e+32,181
77,3,0.2000,0.3500,1.7410e+28,2.3770e+28,7.6400e+27,7.3900e+27,2.0139e+32,9.1920e+31,181
77,4,0.3500,0.5500,1.5230e+28,6.0510e+28,7.8200e+27,3.0590e+28,1.0948e+32,5.6363e+31,181
77,5,0.5500,1.0100,1.0810e+28,2.2324e+29,9.0900e+27,1.8131e+29,4.8951e+31,3.7183e+31,181
78,0,0.0000,0.0500,1.7400e+27,4.0000e+25,1.2000e+27,0.0000e+00,1.9250e+32,1.6062e+32,183
78,1,0.0500,0.1000,2.8900e+27,7.6000e+26,1.6500e+27,3.0000e+25,1.4416e+32,6.4337e+31,183
78,2,0.1000,0.2000,1.0530e+28,8.0900e+27,5.4200e+27,1.3800e+27,2.1852e+32,1.2230e+32,183
78,3,0.2000,0.3500,1.7300e+28,2.3060e+28,7.0500e+27,6.1500e+27,2.0325e+32,8.5925e+31,183
78,4,0.3500,0.5500,1.5050e+28,6.0600e+28,7.6400e+27,2.8820e+28,1.1288e+32,5.7165e+31,183
78,5,0.5500,1.0100,1.1860e+28,2.2395e+29,9.3000e+27,1.8302e+29,5.1212e+31,3.8086e+31,183
79,0,0.0000,0.0500,1.5400e+27,0.0000e+00,1.1500e+27,0.0000e+00,1.7505e+32,1.6070e+32,183
79,1,0.0500,0.1000,3.5200e+27,8.9000e+26,1.4700e+27,6.0000e+25,1.5544e+32,6.7623e+31,183
79,2,0.1000,0.2000,1.0020e+28,8.1500e+27,5.4000e+27,1.5900e+27,2.2399e+32,1.2693e+32,183
79,3,0.2000,0.3500,1.6410e+28,2.1960e+28,6.7400e+27,7.2900e+27,1.9955e+32,7.9130e+31,183
79,4,0.3500,0.5500,1.5190e+28,5.7680e+28,7.6800e+27,2.6520e+28,1.1326e+32,5.6589e+31,183
79,5,0.5500,1.0100,1.2390e+28,2.3069e+29,8.7800e+27,1.7575e+29,5.4531e+31,3.7879e+31,183
80,0,0.0000,0.0500,1.5700e+27,1.0000e+25,8.0000e+26,0.0000e+00,1.6771e+32,1.6629e+32,185
80,1,0.0500,0.1000,3.5900e+27,9.4000e+26,1.6300e+27,5.0000e+25,1.6456e+32,6.9834e+31,185
80,2,0.1000,0.2000,9.9600e+27,7.4400e+27,5.7000e+27,1.0800e+27,2.2174e+32,1.2347e+32,185
80,3,0.2000,0.3500,1.7300e+28,2.3950e+28,7.1100e+27,6.6400e+27,2.0734e+32,8.2770e+31,185
80,4,0.3500,0.5500,1.5810e+28,5.4140e+28,7.4300e+27,2.5630e+28,1.1201e+32,5.4075e+31,185
80,5,0.5500,1.0100,1.2790e+28,2.2984e+29,8.4400e+27,1.7242e+29,5.7522e+31,3.8573e+31,185
81,0,0.0000,0.0500,1.4900e+27,3.0000e+25,1.1000e+27,0.0000e+00,1.6186e+32,1.6869e+32,187
81,1,0.0500,0.1000,3.9200e+27,1.2200e+27,1.9900e+27,5.0000e+25,1.7408e+32,8.1215e+31,187
81,2,0.1000,0.2000,9.9900e+27,7.2300e+27,4.8900e+27,1.0900e+27,2.1982e+32,1.1488e+32,187
81,3,0.2000,0.3500,1.7770e+28,2.4430e+28,7.3800e+27,7.0500e+27,2.1218e+32,8.4756e+31,187
81,4,0.3500,0.5500,1.5560e+28,5.3720e+28,7.4000e+27,2.4720e+28,1.1233e+32,5.2524e+31,187
81,5,0.5500,1.0100,1.3020e+28,2.3317e+29,8.8100e+27,1.7107e+29,5.9426e+31,3.9290e+31,187
82,0,0.0000,0.0500,1.4800e+27,1.0000e+25,8.2000e+26,0.0000e+00,1.5389e+32,1.7048e+32,188
82,1,0.0500,0.1000,3.8400e+27,1.3400e+27,2.0700e+27,9.0000e+25,1.7184e+32,8.8134e+31,188
82,2,0.1000,0.2000,9.9300e+27,7.0300e+27,5.1900e+27,9.1000e+26,2.2797e+32,1.1170e+32,188
82,3,0.2000,0.3500,1.7760e+28,2.4460e+28,6.7900e+27,7.1700e+27,2.1337e+32,8.4983e+31,188
82,4,0.3500,0.5500,1.5460e+28,5.3610e+28,6.2300e+27,2.3140e+28,1.1435e+32,4.9999e+31,188
82,5,0.5500,1.0100,1.3660e+28,2.3868e+29,8.7000e+27,1.6103e+29,6.2291e+31,3.9351e+31,188
83,0,0.0000,0.0500,1.2100e+27,1.0000e+25,7.3000e+26,0.0000e+00,1.6206e+32,1.5913e+32,188
83,1,0.0500,0.1000,3.8800e+27,1.8700e+27,2.0300e+27,8.0000e+25,1.8203e+32,8.7051e+31,188
83,2,0.1000,0.2000,1.0360e+28,7.5000e+27,4.7800e+27,1.0900e+27,2.2569e+32,1.0946e+32,188
83,3,0.2000,0.3500,1.8540e+28,2.6410e+28,7.3300e+27,7.2300e+27,2.1498e+32,8.6532e+31,188
83,4,0.3500,0.5500,1.5170e+28,5.5030e+28,7.1600e+27,2.2800e+28,1.1462e+32,5.0037e+31,188
83,5,0.5500,1.0100,1.3370e+28,2.3180e+29,9.0300e+27,1.6378e+29,6.2961e+31,3.9717e+31,188
84,0,0.0000,0.0500,1.2500e+27,1.0000e+25,8.6000e+26,0.0000e+00,2.6081e+32,9.3747e+31,191
84,1,0.0500,0.1000,4.1100e+27,2.3200e+27,2.2100e+27,9.0000e+25,1.7865e+32,9.0182e+31,191
84,2,0.1000,0.2000,1.0610e+28,7.7700e+27,4.8700e+27,9.5000e+26,2.3538e+32,1.0985e+32,191
84,3,0.2000,0.3500,1.8010e+28,2.6080e+28,7.5300e+27,7.2100e+27,2.1297e+32,9.0585e+31,191
84,4,0.3500,0.5500,1.5310e+28,5.1970e+28,7.0800e+27,2.3280e+28,1.1588e+32,5.2400e+31,191
84,5,0.5500,1.0100,1.3170e+28,2.1251e+29,9.6300e+27,1.7252e+29,6.2294e+31,4.3500e+31,191
85,0,0.0000,0.0500,1.3900e+27,0.0000e+00,9.0000e+26,0.0000e+00,2.5408e+32,1.0042e+32,191
85,1,0.0500,0.1000,4.0600e+27,2.4800e+27,1.9200e+27,4.0000e+25,1.8217e+32,8.7439e+31,191
85,2,0.1000,0.2000,1.1550e+28,8.5200e+27,4.8200e+27,9.4000e+26,2.3638e+32,1.0818e+32,191
85,3,0.2000,0.3500,1.6450e+28,2.5150e+28,7.6100e+27,6.4300e+27,2.0777e+32,8.9489e+31,191
85,4,0.3500,0.5500,1.6700e+28,5.2260e+28,6.9200e+27,2.4530e+28,1.2121e+32,5.2254e+31,191
85,5,0.5500,1.0100,1.3660e+28,2.0787e+29,9.4200e+27,1.6966e+29,6.3568e+31,4.2697e+31,191
86,0,0.0000,0.0500,1.4800e+27,0.0000e+00,9.9000e+26,0.0000e+00,2.5720e+32,1.0612e+32,193
86,1,0.0500,0.1000,3.6000e+27,2.1200e+27,1.8600e+27,2.0000e+25,1.5118e+32,8.6383e+31,193
86,2,0.1000,0.2000,1.1400e+28,8.6100e+27,4.6100e+27,8.3000e+26,2.6119e+32,1.0870e+32,193
86,3,0.2000,0.3500,1.6320e+28,2.4110e+28,7.1500e+27,6.2600e+27,2.1026e+32,8.9305e+31,193
86,4,0.3500,0.5500,1.6650e+28,5.2750e+28,7.2500e+27,2.3810e+28,1.2981e+32,5.2751e+31,193
86,5,0.5500,1.0100,1.3450e+28,2.0911e+29,9.7100e+27,1.7089e+29,6.5704e+31,4.2937e+31,193
87,0,0.0000,0.0500,1.7100e+27,1.0000e+25,8.6000e+26,0.0000e+00,2.5297e+32,1.1257e+32,195
87,1,0.0500,0.1000,3.2300e+27,1.5700e+27,1.7500e+27,5.0000e+25,1.4298e+32,8.2299e+31,195
87,2,0.1000,0.2000,1.1820e+28,9.3100e+27,4.7200e+27,8.0000e+26,2.8031e+32,1.1116e+32,195
87,3,0.2000,0.3500,1.6480e+28,2.2080e+28,6.6500e+27,6.4200e+27,1.9975e+32,8.8346e+31,195
87,4,0.3500,0.5500,1.8330e+28,5.9900e+28,6.8700e+27,2.3700e+28,1.4296e+32,5.4469e+31,195
87,5,0.5500,1.0100,1.4220e+28,2.0537e+29,9.4400e+27,1.6231e+29,6.6535e+31,4.2907e+31,195
88,0,0.0000,0.0500,1.8300e+27,0.0000e+00,1.0800e+27,0.0000e+00,2.5302e+32,1.2329e+32,196
88,1,0.0500,0.1000,2.8500e+27,1.3800e+27,1.3100e+27,4.0000e+25,1.3370e+32,7.5900e+31,196
88,2,0.1000,0.2000,1.1870e+28,9.4000e+27,4.5700e+27,8.0000e+26,2.6927e+32,1.0912e+32,196
88,3,0.2000,0.3500,1.6480e+28,2.4190e+28,6.7100e+27,5.8900e+27,2.1735e+32,8.9397e+31,196
88,4,0.3500,0.5500,1.8540e+28,5.7750e+28,7.6100e+27,2.4000e+28,1.4763e+32,5.5077e+31,196
88,5,0.5500,1.0100,1.3850e+28,2.0681e+29,8.8800e+27,1.5685e+29,6.8935e+31,4.2059e+31,196
89,0,0.0000,0.0500,1.8200e+27,0.0000e+00,1.1800e+27,0.0000e+00,2.5470e+32,1.4173e+32,197
89,1,0.0500,0.1000,2.8300e+27,1.2000e+27,1.1500e+27,5.0000e+25,1.2603e+32,5.9555e+31,197
89,2,0.1000,0.2000,1.0560e+28,7.5100e+27,4.9100e+27,7.9000e+26,2.5633e+32,1.1065e+32,197
89,3,0.2000,0.3500,1.8050e+28,2.5900e+28,6.8800e+27,5.8100e+27,2.3917e+32,8.8938e+31,197
89,4,0.3500,0.5500,1.8630e+28,5.8650e+28,7.1000e+27,2.3660e+28,1.4869e+32,5.5031e+31,197
89,5,0.5500,1.0100,1.4350e+28,2.2030e+29,8.9200e+27,1.5160e+29,6.9732e+31,4.2064e+31,197
90,0,0.0000,0.0500,2.1700e+27,1.0000e+25,1.2700e+27,0.0000e+00,2.4808e+32,1.5322e+32,198
90,1,0.0500,0.1000,2.5400e+27,9.7000e+26,1.3600e+27,5.0000e+25,1.2010e+32,5.5312e+31,198
90,2,0.1000,0.2000,1.1330e+28,7.9500e+27,4.5400e+27,7.4000e+26,2.5713e+32,1.0732e+32,198
90,3,0.2000,0.3500,1.8930e+28,2.7130e+28,6.5700e+27,5.8700e+27,2.4951e+32,8.7106e+31,198
90,4,0.3500,0.5500,1.9700e+28,6.1770e+28,6.7300e+27,2.3410e+28,1.5375e+32,5.5511e+31,198
90,5,0.5500,1.0100,1.5280e+28,2.0437e+29,9.2500e+27,1.4554e+29,7.0295e+31,4.2604e+31,198
91,0,0.0000,0.0500,2.0400e+27,0.0000e+00,1.2000e+27,0.0000e+00,2.2729e+32,1.5782e+32,200
91,1,0.0500,0.1000,2.7100e+27,9.5000e+26,1.3400e+27,3.0000e+25,1.3066e+32,5.8651e+31,200
91,2,0.1000,0.2000,1.0880e+28,8.3400e+27,4.5000e+27,8.6000e+26,2.6648e+32,1.0742e+32,200
91,3,0.2000,0.3500,1.9630e+28,3.0900e+28,6.2900e+27,5.0500e+27,2.5843e+32,8.4285e+31,200
91,4,0.3500,0.5500,2.0200e+28,6.5170e+28,7.3000e+27,2.1820e+28,1.5493e+32,5.5064e+31,200
91,5,0.5500,1.0100,1.5050e+28,2.1228e+29,9.6600e+27,1.4262e+29,7.1153e+31,4.3547e+31,200
92,0,0.0000,0.0500,1.5500e+27,0.0000e+00,1.0100e+27,0.0000e+00,1.9640e+32,1.5947e+32,202
92,1,0.0500,0.1000,3.4000e+27,9.9000e+26,1.3600e+27,4.0000e+25,1.6239e+32,6.2964e+31,202
92,2,0.1000,0.2000,1.1270e+28,8.7900e+27,5.0600e+27,9.6000e+26,2.6549e+32,1.1355e+32,202
92,3,0.2000,0.3500,2.0060e+28,2.9780e+28,5.7800e+27,4.6600e+27,2.5931e+32,7.6636e+31,202
92,4,0.3500,0.5500,1.9200e+28,6.4620e+28,6.7400e+27,1.8650e+28,1.5977e+32,5.5578e+31,202
92,5,0.5500,1.0100,1.5970e+28,2.1314e+29,9.2700e+27,1.4010e+29,7.5714e+31,4.4407e+31,202
93,0,0.0000,0.0500,1.4200e+27,1.0000e+25,1.0900e+27,0.0000e+00,1.7842e+32,1.6258e+32,203
93,1,0.0500,0.1000,3.5600e+27,9.5000e+26,1.7500e+27,8.0000e+25,1.7451e+32,6.6207e+31,203
93,2,0.1000,0.2000,1.0990e+28,9.0200e+27,5.0600e+27,6.5000e+26,2.6814e+32,1.1392e+32,203
93,3,0.2000,0.3500,2.0120e+28,3.2380e+28,5.8700e+27,4.8800e+27,2.6249e+32,7.4604e+31,203
93,4,0.3500,0.5500,1.9430e+28,5.9700e+28,6.2500e+27,1.9120e+28,1.5786e+32,5.3721e+31,203
93,5,0.5500,1.0100,1.7480e+28,2.2400e+29,9.8400e+27,1.3865e+29,8.1782e+31,4.4494e+31,203
94,0,0.0000,0.0500,1.3200e+27,3.0000e+25,7.9000e+26,0.0000e+00,1.6952e+32,1.6534e+32,204
94,1,0.0500,0.1000,3.7800e+27,1.0100e+27,1.6200e+27,4.0000e+25,1.8412e+32,7.6133e+31,204
94,2,0.1000,0.2000,1.1040e+28,9.6800e+27,4.2000e+27,6.9000e+26,2.6277e+32,1.0465e+32,204
94,3,0.2000,0.3500,2.1440e+28,3.2440e+28,5.9400e+27,4.7200e+27,2.6945e+32,7.7012e+31,204
94,4,0.3500,0.5500,1.9600e+28,6.0870e+28,6.5800e+27,1.8250e+28,1.5625e+32,5.0702e+31,204
94,5,0.5500,1.0100,1.7200e+28,2.2492e+29,9.5500e+27,1.3462e+29,8.5869e+31,4.5099e+31,204
95,0,0.0000,0.0500,1.3100e+27,0.0000e+00,6.5000e+26,0.0000e+00,1.5636e+32,1.6954e+32,206
95,1,0.0500,0.1000,4.0900e+27,1.1000e+27,1.5400e+27,7.0000e+25,1.8551e+32,8.0367e+31,206
95,2,0.1000,0.2000,1.0490e+28,9.7500e+27,4.4300e+27,7.2000e+26,2.7135e+32,1.0223e+32,206
95,3,0.2000,0.3500,2.0560e+28,3.3400e+28,6.3500e+27,5.1600e+27,2.7309e+32,7.8122e+31,206
95,4,0.3500,0.5500,1.9590e+28,6.1410e+28,6.0900e+27,1.7420e+28,1.6068e+32,4.9070e+31,206
95,5,0.5500,1.0100,1.7530e+28,2.2995e+29,8.9100e+27,1.3186e+29,9.0539e+31,4.5480e+31,206
96,0,0.0000,0.0500,1.1600e+27,0.0000e+00,5.9000e+26,0.0000e+00,2.4736e+32,1.0464e+32,208
96,1,0.0500,0.1000,4.2100e+27,1.4400e+27,1.5800e+27,3.0000e+25,1.8663e+32,8.3267e+31,208
96,2,0.1000,0.2000,1.1840e+28,9.7700e+27,4.0500e+27,7.4000e+26,2.7721e+32,1.0056e+32,208
96,3,0.2000,0.3500,2.0670e+28,3.5390e+28,5.9800e+27,5.0300e+27,2.7139e+32,8.2202e+31,208
96,4,0.3500,0.5500,1.9670e+28,6.3790e+28,6.4800e+27,1.6890e+28,1.6146e+32,5.1335e+31,208
96,5,0.5500,1.0100,1.7740e+28,2.1160e+29,9.7600e+27,1.4517e+29,8.9415e+31,4.9759e+31,208
97,0,0.0000,0.0500,1.5100e+27,1.0000e+25,7.8000e+26,0.0000e+00,2.5599e+32,1.0302e+32,209
97,1,0.0500,0.1000,3.9500e+27,1.6900e+27,1.6700e+27,3.0000e+25,1.8205e+32,8.0533e+31,209
97,2,0.1000,0.2000,1.2340e+28,9.9700e+27,3.8600e+27,4.7000e+26,2.8417e+32,9.9030e+31,209
97,3,0.2000,0.3500,1.9460e+28,3.4340e+28,6.3200e+27,4.3500e+27,2.6523e+32,8.1838e+31,209
97,4,0.3500,0.5500,2.0940e+28,6.4700e+28,6.3200e+27,1.7240e+28,1.7120e+32,5.2014e+31,209
97,5,0.5500,1.0100,1.7770e+28,2.0767e+29,1.0690e+28,1.4698e+29,9.2307e+31,4.9801e+31,209
98,0,0.0000,0.0500,1.4800e+27,0.0000e+00,7.8000e+26,0.0000e+00,2.5470e+32,1.0867e+32,210
98,1,0.0500,0.1000,3.1800e+27,1.2500e+27,1.5400e+27,2.0000e+25,1.5196e+32,7.7644e+31,210
98,2,0.1000,0.2000,1.2760e+28,1.0140e+28,4.2000e+27,5.8000e+26,3.0970e+32,9.9790e+31,210
98,3,0.2000,0.3500,1.9380e+28,2.9590e+28,5.6900e+27,4.1200e+27,2.5744e+32,8.0723e+31,210
98,4,0.3500,0.5500,2.2930e+28,6.8160e+28,6.9900e+27,1.8310e+28,1.8792e+32,5.2786e+31,210
98,5,0.5500,1.0100,1.8220e+28,2.1211e+29,1.0260e+28,1.4112e+29,9.4130e+31,4.9718e+31,210
99,0,0.0000,0.0500,1.4100e+27,0.0000e+00,1.0100e+27,0.0000e+00,2.5229e+32,1.1983e+32,212
99,1,0.0500,0.1000,3.3200e+27,1.2300e+27,1.4100e+27,4.0000e+25,1.4363e+32,7.0835e+31,212
99,2,0.1000,0.2000,1.3080e+28,9.4100e+27,3.7200e+27,6.0000e+26,3.0784e+32,9.9635e+31,212
99,3,0.2000,0.3500,1.8950e+28,2.9410e+28,5.5600e+27,4.1900e+27,2.6440e+32,8.0855e+31,212
99,4,0.3500,0.5500,2.3600e+28,7.0140e+28,6.6500e+27,1.7440e+28,2.0108e+32,5.4343e+31,212
99,5,0.5500,1.0100,1.8650e+28,2.1211e+29,1.0030e+28,1.2926e+29,9.7511e+31,4.8818e+31,212
100,0,0.0000,0.0500,2.0900e+27,1.0000e+25,1.0300e+27,0.0000e+00,2.5514e+32,1.3849e+32,214
100,1,0.0500,0.1000,3.0100e+27,1.1000e+27,1.2300e+27,2.0000e+25,1.3420e+32,5.5829e+31,214
100,2,0.1000,0.2000,1.1660e+28,7.6500e+27,3.8400e+27,5.2000e+26,2.8546e+32,1.0037e+32,214
100,3,0.2000,0.3500,2.1480e+28,3.1720e+28,5.8100e+27,3.4800e+27,2.9789e+32,8.1392e+31,214
100,4,0.3500,0.5500,2.4870e+28,7.3890e+28,6.5300e+27,1.7510e+28,2.0540e+32,5.4582e+31,214
100,5,0.5500,1.0100,1.8720e+28,2.1196e+29,1.0080e+28,1.3199e+29,9.9385e+31,4.8681e+31,214
101,0,0.0000,0.0500,2.1300e+27,2.0000e+25,1.0200e+27,1.0000e+25,2.4176e+32,1.4982e+32,215
101,1,0.0500,0.1000,2.6200e+27,8.1000e+26,1.0000e+27,1.0000e+25,1.2853e+32,5.3153e+31,215
101,2,0.1000,0.2000,1.1130e+28,7.5800e+27,4.0000e+27,5.5000e+26,2.8858e+32,9.6984e+31,215
101,3,0.2000,0.3500,2.2940e+28,3.3040e+28,5.2300e+27,3.7200e+27,3.1264e+32,7.8314e+31,215
101,4,0.3500,0.5500,2.4120e+28,7.5620e+28,6.8600e+27,1.6610e+28,2.1067e+32,5.4655e+31,215
101,5,0.5500,1.0100,1.9270e+28,2.1483e+29,1.0120e+28,1.2556e+29,9.9969e+31,4.9409e+31,215
102,0,0.0000,0.0500,1.6400e+27,1.0000e+25,1.0100e+27,0.0000e+00,2.0680e+32,1.5145e+32,216
102,1,0.0500,0.1000,3.0200e+27,7.3000e+26,1.0900e+27,4.0000e+25,1.5677e+32,5.6516e+31,216
102,2,0.1000,0.2000,1.1270e+28,7.0700e+27,3.8700e+27,5.6000e+26,2.8856e+32,1.0020e+32,216
102,3,0.2000,0.3500,2.3380e+28,3.2710e+28,5.5400e+27,3.6400e+27,3.1838e+32,7.2626e+31,216
102,4,0.3500,0.5500,2.4670e+28,7.4930e+28,6.3200e+27,1.6130e+28,2.1302e+32,5.4456e+31,216
102,5,0.5500,1.0100,2.0190e+28,2.0927e+29,1.0090e+28,1.2243e+29,1.0323e+32,5.0151e+31,216
103,0,0.0000,0.0500,1.7400e+27,0.0000e+00,8.9000e+26,0.0000e+00,1.8447e+32,1.5539e+32,219
103,1,0.0500,0.1000,3.1600e+27,7.5000e+26,1.0800e+27,0.0000e+00,1.7624e+32,6.0647e+31,219
103,2,0.1000,0.2000,1.1780e+28,7.9400e+27,4.1600e+27,5.6000e+26,2.9346e+32,1.0402e+32,219
103,3,0.2000,0.3500,2.1550e+28,3.3750e+28,4.7100e+27,3.3600e+27,3.2036e+32,6.8421e+31,219
103,4,0.3500,0.5500,2.4270e+28,7.4820e+28,5.6300e+27,1.5840e+28,2.1351e+32,5.3714e+31,219
103,5,0.5500,1.0100,2.1660e+28,2.1633e+29,9.9600e+27,1.2115e+29,1.1445e+32,5.0865e+31,219
104,0,0.0000,0.0500,1.3000e+27,1.0000e+25,8.4000e+26,0.0000e+00,1.7396e+32,1.5828e+32,220
104,1,0.0500,0.1000,3.5500e+27,7.1000e+26,1.6000e+27,1.0000e+25,1.8321e+32,6.9678e+31,220
104,2,0.1000,0.2000,1.1590e+28,8.4800e+27,4.2300e+27,6.1000e+26,2.8859e+32,9.5771e+31,220
104,3,0.2000,0.3500,2.3290e+28,3.6190e+28,5.2100e+27,3.4900e+27,3.2918e+32,7.0804e+31,220
104,4,0.3500,0.5500,2.4350e+28,7.1470e+28,6.3500e+27,1.4060e+28,2.1043e+32,5.0362e+31,220
104,5,0.5500,1.0100,2.1850e+28,2.2153e+29,9.5200e+27,1.1414e+29,1.2108e+32,5.1286e+31,220
105,0,0.0000,0.0500,1.1700e+27,0.0000e+00,7.4000e+26,0.0000e+00,1.8839e+32,1.4096e+32,221
105,1,0.0500,0.1000,3.6600e+27,7.7000e+26,1.3800e+27,0.0000e+00,1.8630e+32,7.2510e+31,221
105,2,0.1000,0.2000,1.1810e+28,7.9700e+27,3.5500e+27,4.9000e+26,2.9112e+32,9.2846e+31,221
105,3,0.2000,0.3500,2.3450e+28,3.8280e+28,5.0400e+27,3.6800e+27,3.3240e+32,7.2889e+31,221
105,4,0.3500,0.5500,2.5440e+28,7.2430e+28,5.8500e+27,1.3110e+28,2.1349e+32,4.9908e+31,221
105,5,0.5500,1.0100,2.2830e+28,2.2249e+29,1.0260e+28,1.1917e+29,1.2451e+32,5.3015e+31,221
106,0,0.0000,0.0500,1.3600e+27,0.0000e+00,5.9000e+26,0.0000e+00,2.5295e+32,9.9248e+31,224
106,1,0.0500,0.1000,3.6100e+27,1.1300e+27,1.5000e+27,2.0000e+25,1.8218e+32,7.3248e+31,224
106,2,0.1000,0.2000,1.2530e+28,8.9100e+27,3.3500e+27,4.7000e+26,3.0508e+32,9.1907e+31,224
106,3,0.2000,0.3500,2.3900e+28,3.8810e+28,5.3300e+27,3.6300e+27,3.2470e+32,7.6042e+31,224
106,4,0.3500,0.5500,2.5230e+28,7.3510e+28,6.5800e+27,1.4620e+28,2.1996e+32,5.2626e+31,224
106,5,0.5500,1.0100,2.2440e+28,2.1314e+29,1.1080e+28,1.3558e+29,1.2654e+32,5.7230e+31,224
107,0,0.0000,0.0500,1.4600e+27,1.0000e+25,8.9000e+26,0.0000e+00,2.4957e+32,1.0615e+32,224
107,1,0.0500,0.1000,2.9100e+27,7.1000e+26,1.3400e+27,1.0000e+25,1.5405e+32,7.0125e+31,224
107,2,0.1000,0.2000,1.2920e+28,9.7000e+27,3.3100e+27,3.7000e+26,3.2098e+32,9.0761e+31,224
107,3,0.2000,0.3500,2.2120e+28,3.3740e+28,5.2200e+27,3.3300e+27,3.1327e+32,7.4974e+31,224
107,4,0.3500,0.5500,2.7150e+28,7.8820e+28,6.6000e+27,1.5300e+28,2.4224e+32,5.3026e+31,224
107,5,0.5500,1.0100,2.3450e+28,2.1037e+29,1.1230e+28,1.2467e+29,1.2978e+32,5.6486e+31,224
108,0,0.0000,0.0500,1.5700e+27,1.0000e+25,7.4000e+26,1.0000e+25,2.4750e+32,1.1689e+32,227
108,1,0.0500,0.1000,2.8200e+27,7.5000e+26,1.2400e+27,0.0000e+00,1.4489e+32,6.3888e+31,227
108,2,0.1000,0.2000,1.2390e+28,9.2700e+27,3.2900e+27,3.8000e+26,3.2027e+32,9.1472e+31,227
108,3,0.2000,0.3500,2.1540e+28,3.3130e+28,5.1400e+27,3.4300e+27,3.1648e+32,7.5384e+31,227
108,4,0.3500,0.5500,2.8910e+28,8.3350e+28,5.8100e+27,1.4990e+28,2.6319e+32,5.5190e+31,227
108,5,0.5500,1.0100,2.3910e+28,2.1424e+29,1.1040e+28,1.2394e+29,1.3463e+32,5.5784e+31,227
109,0,0.0000,0.0500,1.8000e+27,1.0000e+25,8.8000e+26,0.0000e+00,2.4710e+32,1.3399e+32,228
109,1,0.0500,0.1000,2.6000e+27,7.6000e+26,1.0900e+27,1.0000e+25,1.3490e+32,5.0626e+31,228
109,2,0.1000,0.2000,1.0820e+28,7.3700e+27,3.1600e+27,3.7000e+26,2.9355e+32,9.1000e+31,228
109,3,0.2000,0.3500,2.3520e+28,3.3900e+28,5.0100e+27,3.4900e+27,3.5014e+32,7.4873e+31,228
109,4,0.3500,0.5500,2.9830e+28,8.5610e+28,6.2900e+27,1.4060e+28,2.6920e+32,5.5395e+31,228
109,5,0.5500,1.0100,2.4760e+28,2.1784e+29,1.0660e+28,1.1589e+29,1.3645e+32,5.5444e+31,228
110,0,0.0000,0.0500,1.6200e+27,0.0000e+00,1.0100e+27,0.0000e+00,2.2388e+32,1.4270e+32,230
110,1,0.0500,0.1000,2.5100e+27,5.3000e+26,1.1000e+27,1.0000e+25,1.3897e+32,5.0994e+31,230
110,2,0.1000,0.2000,1.0910e+28,7.1500e+27,3.4000e+27,3.6000e+26,3.0006e+32,8.9235e+31,230
110,3,0.2000,0.3500,2.4250e+28,3.5050e+28,4.6000e+27,2.9200e+27,3.6700e+32,7.1467e+31,230
110,4,0.3500,0.5500,3.1460e+28,8.9090e+28,5.8300e+27,1.3980e+28,2.7463e+32,5.5254e+31,230
110,5,0.5500,1.0100,2.4160e+28,2.2063e+29,1.1300e+28,1.0881e+29,1.3782e+32,5.6629e+31,230
111,0,0.0000,0.0500,1.1400e+27,0.0000e+00,7.9000e+26,0.0000e+00,1.9153e+32,1.4384e+32,231
111,1,0.0500,0.1000,2.8300e+27,4.7000e+26,1.1800e+27,1.0000e+25,1.6670e+32,5.5057e+31,231
111,2,0.1000,0.2000,1.1330e+28,6.8800e+27,3.3900e+27,6.6000e+26,2.9969e+32,9.3953e+31,231
111,3,0.2000,0.3500,2.4880e+28,3.4050e+28,4.3400e+27,2.6200e+27,3.6054e+32,6.4244e+31,231
111,4,0.3500,0.5500,3.1110e+28,8.7160e+28,5.5000e+27,1.2420e+28,2.7772e+32,5.4977e+31,231
111,5,0.5500,1.0100,2.7620e+28,2.3551e+29,1.0660e+28,1.0664e+29,1.5069e+32,5.6991e+31,231
112,0,0.0000,0.0500,1.2700e+27,0.0000e+00,6.2000e+26,0.0000e+00,1.7787e+32,1.4810e+32,233
112,1,0.0500,0.1000,3.4200e+27,7.0000e+26,1.1000e+27,1.0000e+25,1.7810e+32,6.0866e+31,233
112,2,0.1000,0.2000,1.0870e+28,6.8000e+27,3.0400e+27,4.6000e+26,2.9548e+32,8.9439e+31,233
112,3,0.2000,0.3500,2.5030e+28,3.6510e+28,4.5100e+27,2.9400e+27,3.7224e+32,6.6764e+31,233
112,4,0.3500,0.5500,3.0370e+28,8.3750e+28,5.7400e+27,1.1520e+28,2.7002e+32,5.1259e+31,233
112,5,0.5500,1.0100,2.7740e+28,2.3452e+29,1.1150e+28,1.0306e+29,1.6398e+32,5.7689e+31,233
113,0,0.0000,0.0500,1.2900e+27,2.0000e+25,7.1000e+26,0.0000e+00,1.8835e+32,1.3492e+32,235
113,1,0.0500,0.1000,3.2900e+27,5.6000e+26,1.2800e+27,0.0000e+00,1.7811e+32,6.5761e+31,235
113,2,0.1000,0.2000,1.1430e+28,6.8800e+27,3.0500e+27,3.9000e+26,3.0145e+32,8.6242e+31,235
113,3,0.2000,0.3500,2.4930e+28,3.5730e+28,4.5500e+27,3.3400e+27,3.7384e+32,6.9140e+31,235
113,4,0.3500,0.5500,3.0580e+28,8.4270e+28,5.6300e+27,1.2410e+28,2.7563e+32,5.0709e+31,235
113,5,0.5500,1.0100,2.8880e+28,2.3782e+29,1.0850e+28,1.0677e+29,1.7081e+32,5.9823e+31,235
114,0,0.0000,0.0500,1.2900e+27,0.0000e+00,6.5000e+26,0.0000e+00,2.4470e+32,9.8866e+31,237
114,1,0.0500,0.1000,3.4100e+27,7.2000e+26,1.2700e+27,2.0000e+25,1.7196e+32,6.5722e+31,237
114,2,0.1000,0.2000,1.1600e+28,7.5600e+27,2.9200e+27,3.1000e+26,3.1187e+32,8.4624e+31,237
114,3,0.2000,0.3500,2.4230e+28,3.6680e+28,4.8000e+27,2.9100e+27,3.6349e+32,7.2239e+31,237
114,4,0.3500,0.5500,3.1280e+28,8.1960e+28,5.5800e+27,1.2430e+28,2.8315e+32,5.3884e+31,237
114,5,0.5500,1.0100,2.9640e+28,2.2514e+29,1.1860e+28,1.1691e+29,1.7375e+32,6.4493e+31,237
115,0,0.0000,0.0500,1.2000e+27,0.0000e+00,9.1000e+26,0.0000e+00,2.4128e+32,1.0567e+32,238
115,1,0.0500,0.1000,3.0200e+27,6.2000e+26,1.2000e+27,1.0000e+25,1.4891e+32,6.2677e+31,238
115,2,0.1000,0.2000,1.1490e+28,8.6500e+27,2.9000e+27,4.1000e+26,3.2686e+32,8.4532e+31,238
115,3,0.2000,0.3500,2.3690e+28,3.4440e+28,4.9100e+27,2.7100e+27,3.4412e+32,7.1184e+31,238
115,4,0.3500,0.5500,3.3970e+28,9.1230e+28,5.7600e+27,1.1920e+28,3.1427e+32,5.4890e+31,238
115,5,0.5500,1.0100,3.0150e+28,2.3054e+29,1.1380e+28,1.0816e+29,1.7806e+32,6.3543e+31,238
116,0,0.0000,0.0500,1.4600e+27,0.0000e+00,8.5000e+26,0.0000e+00,2.4030e+32,1.1932e+32,240
116,1,0.0500,0.1000,2.7000e+27,5.6000e+26,8.7000e+26,0.0000e+00,1.4066e+32,5.2768e+31,240
116,2,0.1000,0.2000,1.0430e+28,8.0000e+27,3.0500e+27,3.1000e+26,3.0247e+32,8.4402e+31,240
116,3,0.2000,0.3500,2.2930e+28,3.2870e+28,4.4300e+27,2.8700e+27,3.6565e+32,7.1979e+31,240
116,4,0.3500,0.5500,3.5100e+28,9.4410e+28,6.0700e+27,1.2880e+28,3.3056e+32,5.6524e+31,240
116,5,0.5500,1.0100,3.0420e+28,2.3079e+29,1.1820e+28,1.0491e+29,1.8462e+32,6.1947e+31,240
117,0,0.0000,0.0500,1.5600e+27,0.0000e+00,7.6000e+26,0.0000e+00,2.2911e+32,1.3239e+32,241
117,1,0.0500,0.1000,2.5400e+27,3.4000e+26,9.0000e+26,2.0000e+25,1.3236e+32,4.6042e+31,241
117,2,0.1000,0.2000,9.7500e+27,6.4400e+27,2.7800e+27,3.4000e+26,2.9384e+32,8.2540e+31,241
117,3,0.2000,0.3500,2.5250e+28,3.5730e+28,4.2500e+27,2.7800e+27,3.8742e+32,6.9712e+31,241
117,4,0.3500,0.5500,3.6800e+28,1.0000e+29,5.4600e+27,1.0950e+28,3.4045e+32,5.6536e+31,241
117,5,0.5500,1.0100,3.2070e+28,2.3896e+29,1.1200e+28,1.0134e+29,1.8483e+32,6.2297e+31,241
118,0,0.0000,0.0500,1.3600e+27,0.0000e+00,7.8000e+26,0.0000e+00,1.9700e+32,1.3557e+32,243
118,1,0.0500,0.1000,2.8200e+27,4.3000e+26,9.5000e+26,0.0000e+00,1.5532e+32,4.8910e+31,243
118,2,0.1000,0.2000,1.1230e+28,6.2700e+27,2.8100e+27,2.9000e+26,2.9818e+32,8.6247e+31,243
118,3,0.2000,0.3500,2.5620e+28,3.4910e+28,4.1000e+27,2.1000e+27,3.8917e+32,6.3727e+31,243
118,4,0.3500,0.5500,3.5990e+28,1.0170e+29,5.9900e+27,1.0490e+28,3.4430e+32,5.6335e+31,243
118,5,0.5500,1.0100,3.2790e+28,2.4838e+29,1.1310e+28,9.5810e+28,1.9517e+32,6.3066e+31,243
119,0,0.0000,0.0500,1.0200e+27,0.0000e+00,6.5000e+26,0.0000e+00,1.8006e+32,1.3957e+32,245
119,1,0.0500,0.1000,3.0800e+27,4.6000e+26,9.6000e+26,3.0000e+25,1.7045e+32,5.3246e+31,245
119,2,0.1000,0.2000,1.0500e+28,5.7900e+27,3.0300e+27,2.4000e+26,2.9411e+32,8.4856e+31,245
119,3,0.2000,0.3500,2.6340e+28,3.5910e+28,4.2500e+27,2.3400e+27,3.9417e+32,6.3982e+31,245
119,4,0.3500,0.5500,3.4950e+28,9.4030e+28,5.4400e+27,1.0780e+28,3.3433e+32,5.3432e+31,245
119,5,0.5500,1.0100,3.6010e+28,2.5729e+29,1.1720e+28,9.8060e+28,2.1697e+32,6.3497e+31,245
120,0,0.0000,0.0500,1.0300e+27,0.0000e+00,7.0000e+26,0.0000e+00,1.8704e+32,1.2903e+32,247
120,1,0.0500,0.1000,2.9800e+27,4.3000e+26,1.0000e+27,2.0000e+25,1.6921e+32,5.9098e+31,247
120,2,0.1000,0.2000,1.1140e+28,6.5500e+27,2.5900e+27,3.2000e+26,3.0113e+32,8.1122e+31,247
120,3,0.2000,0.3500,2.5370e+28,3.4650e+28,4.2800e+27,2.4600e+27,3.9407e+32,6.7127e+31,247
120,4,0.3500,0.5500,3.5620e+28,9.2980e+28,5.2800e+27,9.9100e+27,3.3685e+32,5.2329e+31,247
120,5,0.5500,1.0100,3.7710e+28,2.7057e+29,1.1140e+28,1.0032e+29,2.2794e+32,6.5869e+31,247
121,0,0.0000,0.0500,1.0800e+27,0.0000e+00,6.6000e+26,0.0000e+00,2.3644e+32,9.7960e+31,249
121,1,0.0500,0.1000,2.8200e+27,4.2000e+26,1.0000e+27,0.0000e+00,1.6159e+32,5.9293e+31,249
121,2,0.1000,0.2000,1.1220e+28,7.0500e+27,2.7300e+27,2.9000e+26,3.1069e+32,7.9696e+31,249
121,3,0.2000,0.3500,2.5520e+28,3.3650e+28,4.3000e+27,2.3100e+27,3.8179e+32,7.0541e+31,249
121,4,0.3500,0.5500,3.5210e+28,9.0780e+28,5.7800e+27,1.0790e+28,3.4506e+32,5.6008e+31,249
121,5,0.5500,1.0100,3.8760e+28,2.6363e+29,1.2350e+28,1.1068e+29,2.3381e+32,7.1309e+31,249
122,0,0.0000,0.0500,1.3000e+27,0.0000e+00,6.2000e+26,0.0000e+00,2.3247e+32,1.0483e+32,250
122,1,0.0500,0.1000,2.5700e+27,4.4000e+26,9.6000e+26,1.0000e+25,1.4317e+32,5.5937e+31,250
122,2,0.1000,0.2000,1.1820e+28,7.4500e+27,2.4300e+27,3.0000e+26,3.1832e+32,7.9521e+31,250
122,3,0.2000,0.3500,2.2030e+28,2.9900e+28,4.4300e+27,1.9900e+27,3.5781e+32,6.9810e+31,250
122,4,0.3500,0.5500,3.8880e+28,9.8660e+28,5.8400e+27,1.1030e+28,3.8143e+32,5.7472e+31,250
122,5,0.5500,1.0100,3.9340e+28,2.6983e+29,1.1920e+28,1.0123e+29,2.4014e+32,7.0145e+31,250
123,0,0.0000,0.0500,1.3900e+27,0.0000e+00,7.4000e+26,0.0000e+00,2.3146e+32,1.1850e+32,251
123,1,0.0500,0.1000,2.3900e+27,3.8000e+26,7.8000e+26,1.0000e+25,1.3432e+32,4.5254e+31,251
123,2,0.1000,0.2000,9.7300e+27,6.2700e+27,2.6300e+27,2.9000e+26,2.8684e+32,7.9087e+31,251
123,3,0.2000,0.3500,2.4200e+28,3.0160e+28,4.1600e+27,2.5400e+27,3.8602e+32,7.0385e+31,251
123,4,0.3500,0.5500,3.9820e+28,1.0376e+29,6.1000e+27,1.2300e+28,3.9319e+32,5.8650e+31,251
123,5,0.5500,1.0100,4.0210e+28,2.7101e+29,1.1660e+28,9.6480e+28,2.4555e+32,6.8517e+31,251
124,0,0.0000,0.0500,1.3800e+27,0.0000e+00,7.2000e+26,0.0000e+00,2.1034e+32,1.2880e+32,254
124,1,0.0500,0.1000,2.2800e+27,2.9000e+26,8.3000e+26,1.0000e+25,1.3573e+32,4.3424e+31,254
124,2,0.1000,0.2000,9.6400e+27,6.3300e+27,2.0800e+27,2.6000e+26,2.9280e+32,7.8769e+31,254
124,3,0.2000,0.3500,2.5460e+28,3.3220e+28,3.7700e+27,2.1300e+27,4.0482e+32,6.6838e+31,254
124,4,0.3500,0.5500,4.0870e+28,1.1029e+29,6.2200e+27,1.1790e+28,4.0264e+32,5.9086e+31,254
124,5,0.5500,1.0100,4.0220e+28,2.7814e+29,1.2140e+28,9.5150e+28,2.4823e+32,6.9826e+31,254
125,0,0.0000,0.0500,1.2500e+27,1.0000e+25,8.7000e+26,0.0000e+00,1.8393e+32,1.3060e+32,255
125,1,0.0500,0.1000,2.5500e+27,3.5000e+26,7.4000e+26,2.0000e+25,1.5771e+32,4.6322e+31,255
125,2,0.1000,0.2000,9.3700e+27,5.8000e+27,2.7000e+27,3.8000e+26,2.9278e+32,8.2841e+31,255
125,3,0.2000,0.3500,2.4040e+28,3.1660e+28,3.7600e+27,2.0200e+27,3.9457e+32,6.1891e+31,255
125,4,0.3500,0.5500,4.1370e+28,1.0455e+29,5.8200e+27,1.1220e+28,3.9439e+32,5.7862e+31,255
125,5,0.5500,1.0100,4.3100e+28,2.9570e+29,1.1820e+28,9.1850e+28,2.7548e+32,7.0386e+31,255
126,0,0.0000,0.0500,1.1500e+27,0.0000e+00,5.9000e+26,0.0000e+00,1.7175e+32,1.3418e+32,257
126,1,0.0500,0.1000,2.7200e+27,3.3000e+26,8.4000e+26,2.0000e+25,1.6216e+32,5.2271e+31,257
126,2,0.1000,0.2000,1.0090e+28,5.2100e+27,2.3300e+27,4.2000e+26,2.9100e+32,7.8224e+31,257
126,3,0.2000,0.3500,2.4850e+28,3.2330e+28,3.9500e+27,2.0700e+27,4.0184e+32,6.4648e+31,257
126,4,0.3500,0.5500,3.8410e+28,9.8310e+28,5.5800e+27,1.0400e+28,3.8566e+32,5.4599e+31,257
126,5,0.5500,1.0100,4.5970e+28,3.0454e+29,1.1620e+28,9.4270e+28,2.9691e+32,7.0897e+31,257
127,0,0.0000,0.0500,1.2500e+27,0.0000e+00,8.1000e+26,0.0000e+00,2.2924e+32,9.6508e+31,259
127,1,0.0500,0.1000,2.8300e+27,4.3000e+26,9.1000e+26,2.0000e+25,1.5536e+32,5.4574e+31,259
127,2,0.1000,0.2000,1.0440e+28,5.9400e+27,2.4300e+27,2.8000e+26,3.0266e+32,7.6836e+31,259
127,3,0.2000,0.3500,2.4690e+28,3.2300e+28,4.5500e+27,2.2000e+27,3.8687e+32,7.0186e+31,259
127,4,0.3500,0.5500,3.8150e+28,1.0044e+29,6.1600e+27,1.0750e+28,3.8982e+32,5.9534e+31,259
127,5,0.5500,1.0100,4.8000e+28,2.9845e+29,1.4140e+28,1.1289e+29,3.0119e+32,8.0261e+31,259
128,0,0.0000,0.0500,1.1800e+27,0.0000e+00,6.4000e+26,0.0000e+00,2.2735e+32,1.0165e+32,260
128,1,0.0500,0.1000,2.2900e+27,4.4000e+26,8.8000e+26,1.0000e+25,1.3767e+32,5.1881e+31,260
128,2,0.1000,0.2000,1.0290e+28,5.9200e+27,2.0900e+27,3.1000e+26,3.1001e+32,7.6559e+31,260
128,3,0.2000,0.3500,2.2410e+28,2.7360e+28,4.1500e+27,2.5100e+27,3.6256e+32,6.9789e+31,260
128,4,0.3500,0.5500,4.1540e+28,1.0448e+29,6.5500e+27,1.0360e+28,4.2179e+32,6.1226e+31,260
128,5,0.5500,1.0100,4.8720e+28,3.0678e+29,1.3330e+28,1.0827e+29,3.1123e+32,7.9440e+31,260
129,0,0.0000,0.0500,1.3700e+27,0.0000e+00,7.8000e+26,0.0000e+00,2.2664e+32,1.1420e+32,262
129,1,0.0500,0.1000,2.1200e+27,2.9000e+26,7.6000e+26,1.0000e+25,1.3083e+32,4.2690e+31,262
129,2,0.1000,0.2000,9.0300e+27,5.4700e+27,2.5100e+27,2.1000e+26,2.8058e+32,7.6557e+31,262
129,3,0.2000,0.3500,2.2410e+28,2.8700e+28,4.0600e+27,2.0400e+27,3.8471e+32,7.0721e+31,262
129,4,0.3500,0.5500,4.3470e+28,1.0618e+29,6.2500e+27,1.1590e+28,4.3834e+32,6.2961e+31,262
129,5,0.5500,1.0100,4.9000e+28,3.1085e+29,1.3310e+28,9.7450e+28,3.1997e+32,7.7993e+31,262
130,0,0.0000,0.0500,1.3200e+27,0.0000e+00,5.9000e+26,0.0000e+00,2.0455e+32,1.2336e+32,263
130,1,0.0500,0.1000,2.0100e+27,2.9000e+26,8.3000e+26,1.0000e+25,1.3203e+32,4.0478e+31,263
130,2,0.1000,0.2000,8.5700e+27,5.3800e+27,2.2100e+27,3.5000e+26,2.8234e+32,7.6025e+31,263
130,3,0.2000,0.3500,2.3450e+28,2.8700e+28,3.6700e+27,1.6700e+27,3.9989e+32,6.6492e+31,263
130,4,0.3500,0.5500,4.4380e+28,1.0931e+29,5.7300e+27,9.8700e+27,4.4436e+32,6.2850e+31,263
130,5,0.5500,1.0100,4.9650e+28,3.1166e+29,1.3670e+28,9.7450e+28,3.2090e+32,7.8945e+31,263
131,0,0.0000,0.0500,1.0700e+27,0.0000e+00,7.8000e+26,0.0000e+00,1.8140e+32,1.2575e+32,265
131,1,0.0500,0.1000,2.6500e+27,3.1000e+26,7.8000e+26,1.0000e+25,1.5251e+32,4.3487e+31,265
131,2,0.1000,0.2000,8.7700e+27,5.0400e+27,2.4100e+27,2.0000e+26,2.8266e+32,8.0052e+31,265
131,3,0.2000,0.3500,2.3560e+28,2.9370e+28,3.3400e+27,2.0100e+27,3.9324e+32,6.2733e+31,265
131,4,0.3500,0.5500,4.2320e+28,1.0525e+29,5.5900e+27,8.9700e+27,4.2883e+32,6.1261e+31,265
131,5,0.5500,1.0100,5.4570e+28,3.2816e+29,1.3280e+28,9.5120e+28,3.5528e+32,7.9737e+31,265
132,0,0.0000,0.0500,1.0100e+27,1.0000e+25,6.1000e+26,0.0000e+00,1.8156e+32,1.2157e+32,267
132,1,0.0500,0.1000,2.7700e+27,2.8000e+26,7.6000e+26,0.0000e+00,1.5391e+32,4.9439e+31,267
132,2,0.1000,0.2000,9.1000e+27,5.1300e+27,2.5900e+27,1.7000e+26,2.8507e+32,7.6163e+31,267
132,3,0.2000,0.3500,2.4230e+28,2.9330e+28,4.1600e+27,2.5000e+27,3.9324e+32,6.6790e+31,267
132,4,0.3500,0.5500,3.9990e+28,9.9480e+28,5.8400e+27,1.0240e+28,4.1933e+32,5.9175e+31,267
132,5,0.5500,1.0100,5.8800e+28,3.3862e+29,1.3660e+28,9.6950e+28,3.7873e+32,8.2467e+31,267
133,0,0.0000,0.0500,1.1200e+27,0.0000e+00,5.1000e+26,0.0000e+00,2.2576e+32,9.6401e+31,269
133,1,0.0500,0.1000,2.2500e+27,3.3000e+26,8.5000e+26,0.0000e+00,1.4237e+32,5.0181e+31,269
133,2,0.1000,0.2000,9.8900e+27,5.0300e+27,2.5600e+27,2.6000e+26,2.9697e+32,7.5384e+31,269
133,3,0.2000,0.3500,2.2590e+28,2.8920e+28,4.1700e+27,1.9400e+27,3.7549e+32,7.1864e+31,269
133,4,0.3500,0.5500,4.0170e+28,9.8240e+28,6.0400e+27,1.0330e+28,4.2527e+32,6.4625e+31,269
133,5,0.5500,1.0100,5.8080e+28,3.3255e+29,1.5270e+28,1.0677e+29,3.8573e+32,9.1380e+31,269
134,0,0.0000,0.0500,1.3500e+27,0.0000e+00,6.1000e+26,0.0000e+00,2.2171e+32,1.0358e+32,270
134,1,0.0500,0.1000,2.3000e+27,1.8000e+26,7.5000e+26,0.0000e+00,1.2982e+32,4.5992e+31,270
134,2,0.1000,0.2000,9.1200e+27,5.0100e+27,2.1600e+27,2.6000e+26,2.9322e+32,7.5445e+31,270
134,3,0.2000,0.3500,2.0780e+28,2.5120e+28,3.8100e+27,1.8100e+27,3.5682e+32,7.1845e+31,270
134,4,0.3500,0.5500,4.4520e+28,1.0552e+29,6.5400e+27,1.1910e+28,4.5782e+32,6.6922e+31,270
134,5,0.5500,1.0100,6.0160e+28,3.4267e+29,1.4600e+28,1.0477e+29,3.9561e+32,8.9462e+31,270
135,0,0.0000,0.0500,1.2300e+27,0.0000e+00,6.1000e+26,0.0000e+00,2.1650e+32,1.1653e+32,272
135,1,0.0500,0.1000,2.1700e+27,2.4000e+26,7.1000e+26,0.0000e+00,1.2354e+32,3.7931e+31,272
135,2,0.1000,0.2000,8.4500e+27,4.6300e+27,2.2300e+27,2.3000e+26,2.7119e+32,7.5132e+31,272
135,3,0.2000,0.3500,2.2570e+28,2.6210e+28,3.9300e+27,2.0100e+27,3.8683e+32,7.1198e+31,272
135,4,0.3500,0.5500,4.4460e+28,1.0960e+29,6.5400e+27,1.0210e+28,4.6640e+32,6.8189e+31,272
135,5,0.5500,1.0100,6.0340e+28,3.4387e+29,1.4440e+28,9.6500e+28,4.0080e+32,8.9271e+31,272
136,0,0.0000,0.0500,1.0600e+27,0.0000e+00,7.5000e+26,0.0000e+00,1.8889e+32,1.2055e+32,273
136,1,0.0500,0.1000,2.0000e+27,2.1000e+26,7.5000e+26,1.0000e+25,1.3865e+32,3.9318e+31,273
136,2,0.1000,0.2000,8.2200e+27,4.5600e+27,2.6300e+27,2.8000e+26,2.7518e+32,7.8514e+31,273
136,3,0.2000,0.3500,2.2930e+28,2.7050e+28,3.6100e+27,2.2900e+27,3.8697e+32,6.5299e+31,273
136,4,0.3500,0.5500,4.3570e+28,1.0480e+29,6.1700e+27,9.7600e+27,4.6080e+32,6.7688e+31,273
136,5,0.5500,1.0100,6.4420e+28,3.6877e+29,1.4710e+28,9.7150e+28,4.1822e+32,9.0090e+31,273
137,0,0.0000,0.0500,9.1000e+26,0.0000e+00,6.4000e+26,0.0000e+00,1.7435e+32,1.2392e+32,275
137,1,0.0500,0.1000,2.3600e+27,2.4000e+26,6.2000e+26,0.0000e+00,1.4843e+32,4.3751e+31,275
137,2,0.1000,0.2000,8.5300e+27,4.3300e+27,2.0300e+27,1.9000e+26,2.7475e+32,7.7141e+31,275
137,3,0.2000,0.3500,2.2060e+28,2.7040e+28,4.0300e+27,2.0500e+27,3.8584e+32,6.7534e+31,275
137,4,0.3500,0.5500,4.0340e+28,9.5370e+28,5.9900e+27,8.3600e+27,4.3785e+32,6.3357e+31,275
137,5,0.5500,1.0100,6.9870e+28,3.8344e+29,1.4740e+28,9.4550e+28,4.5723e+32,9.0864e+31,275
138,0,0.0000,0.0500,1.0700e+27,0.0000e+00,5.1000e+26,0.0000e+00,2.1113e+32,9.9610e+31,276
138,1,0.0500,0.1000,2.0300e+27,1.8000e+26,7.7000e+26,0.0000e+00,1.4075e+32,4.7428e+31,276
138,2,0.1000,0.2000,9.1700e+27,4.2700e+27,2.3900e+27,2.2000e+26,2.8490e+32,7.5475e+31,276
138,3,0.2000,0.3500,2.2320e+28,2.6170e+28,4.2000e+27,1.9300e+27,3.6920e+32,7.3919e+31,276
138,4,0.3500,0.5500,4.0930e+28,9.2360e+28,6.3700e+27,9.9600e+27,4.3337e+32,6.8342e+31,276
138,5,0.5500,1.0100,6.8730e+28,3.7745e+29,1.6310e+28,1.1107e+29,4.6310e+32,1.0210e+32,276
139,0,0.0000,0.0500,1.1200e+27,0.0000e+00,7.5000e+26,0.0000e+00,2.1882e+32,9.9832e+31,278
139,1,0.0500,0.1000,2.3300e+27,2.0000e+26,6.2000e+26,2.0000e+25,1.2482e+32,4.5595e+31,278
139,2,0.1000,0.2000,9.0300e+27,4.6800e+27,1.9500e+27,2.0000e+26,2.9134e+32,7.5645e+31,278
139,3,0.2000,0.3500,2.0150e+28,2.3650e+28,4.1400e+27,1.8000e+27,3.4627e+32,7.5304e+31,278
139,4,0.3500,0.5500,4.3010e+28,1.0127e+29,6.7900e+27,1.0960e+28,4.5997e+32,7.1688e+31,278
139,5,0.5500,1.0100,7.0850e+28,3.8031e+29,1.6720e+28,1.1240e+29,4.7595e+32,1.0317e+32,278
140,0,0.0000,0.0500,1.1800e+27,0.0000e+00,5.9000e+26,1.0000e+25,2.1565e+32,1.1191e+32,280
140,1,0.0500,0.1000,1.9800e+27,1.9000e+26,6.5000e+26,2.0000e+25,1.1840e+32,3.7301e+31,280
140,2,0.1000,0.2000,7.8400e+27,3.8700e+27,2.3200e+27,1.6000e+26,2.6549e+32,7.5798e+31,280
140,3,0.2000,0.3500,2.0840e+28,2.3800e+28,4.2000e+27,1.7600e+27,3.7140e+32,7.5631e+31,280
140,4,0.3500,0.5500,4.3840e+28,1.0115e+29,6.7100e+27,1.0220e+28,4.7254e+32,7.3814e+31,280
140,5,0.5500,1.0100,7.0940e+28,3.8701e+29,1.6400e+28,1.0940e+29,4.8325e+32,1.0203e+32,280
141,0,0.0000,0.0500,1.1700e+27,0.0000e+00,6.0000e+26,0.0000e+00,1.9106e+32,1.1784e+32,281
141,1,0.0500,0.1000,1.9900e+27,1.9000e+26,6.3000e+26,1.0000e+25,1.2803e+32,3.7118e+31,281
141,2,0.1000,0.2000,8.4700e+27,3.7900e+27,2.1500e+27,1.6000e+26,2.6920e+32,7.8408e+31,281
141,3,0.2000,0.3500,2.2190e+28,2.4880e+28,3.8200e+27,1.7800e+27,3.7733e+32,6.9863e+31,281
141,4,0.3500,0.5500,4.4580e+28,1.0438e+29,6.5600e+27,1.0480e+28,4.6968e+32,7.3613e+31,281
141,5,0.5500,1.0100,7.2630e+28,3.9718e+29,1.6730e+28,1.0446e+29,4.9433e+32,1.0320e+32,281
142,0,0.0000,0.0500,1.2300e+27,0.0000e+00,7.2000e+26,0.0000e+00,1.7512e+32,1.2078e+32,283
142,1,0.0500,0.1000,2.1700e+27,3.1000e+26,7.0000e+26,0.0000e+00,1.4013e+32,4.1175e+31,283
142,2,0.1000,0.2000,7.7500e+27,3.9400e+27,2.2800e+27,3.7000e+26,2.6884e+32,7.8828e+31,283
142,3,0.2000,0.3500,2.1500e+28,2.4730e+28,4.0700e+27,2.2200e+27,3.7491e+32,7.0932e+31,283
142,4,0.3500,0.5500,4.2220e+28,9.4720e+28,6.3200e+27,1.0200e+28,4.4476e+32,6.9736e+31,283
142,5,0.5500,1.0100,7.8590e+28,4.1201e+29,1.6000e+28,9.9520e+28,5.3564e+32,1.0405e+32,283
143,0,0.0000,0.0500,9.9000e+26,0.0000e+00,5.4000e+26,0.0000e+00,2.0614e+32,1.0051e+32,284
143,1,0.0500,0.1000,2.2400e+27,2.0000e+26,5.8000e+26,2.0000e+25,1.3270e+32,4.5421e+31,284
143,2,0.1000,0.2000,8.8600e+27,4.3600e+27,2.2900e+27,1.6000e+26,2.7932e+32,7.7202e+31,284
143,3,0.2000,0.3500,2.0070e+28,2.3830e+28,4.0100e+27,2.3300e+27,3.5819e+32,7.8244e+31,284
143,4,0.3500,0.5500,4.0260e+28,9.2310e+28,6.6000e+27,1.0360e+28,4.3641e+32,7.4952e+31,284
143,5,0.5500,1.0100,7.8210e+28,4.0613e+29,1.8430e+28,1.1386e+29,5.4234e+32,1.1687e+32,284
144,0,0.0000,0.0500,1.2200e+27,0.0000e+00,6.0000e+26,0.0000e+00,2.1586e+32,9.8815e+31,285
144,1,0.0500,0.1000,2.2700e+27,1.5000e+26,7.0000e+26,0.0000e+00,1.1648e+32,4.3921e+31,285
144,2,0.1000,0.2000,8.4100e+27,4.1700e+27,2.0500e+27,1.7000e+26,2.8465e+32,7.7185e+31,285
144,3,0.2000,0.3500,1.8810e+28,1.9910e+28,4.2000e+27,2.1800e+27,3.3561e+32,8.0108e+31,285
144,4,0.3500,0.5500,4.1620e+28,9.1350e+28,7.4400e+27,1.0700e+28,4.5734e+32,7.9104e+31,285
144,5,0.5500,1.0100,8.0890e+28,4.1005e+29,1.8600e+28,1.1268e+29,5.5152e+32,1.1905e+32,285
145,0,0.0000,0.0500,1.2100e+27,0.0000e+00,6.4000e+26,0.0000e+00,2.1232e+32,1.1046e+32,287
145,1,0.0500,0.1000,1.8700e+27,1.8000e+26,4.4000e+26,1.0000e+25,1.1034e+32,3.6266e+31,287
145,2,0.1000,0.2000,7.7000e+27,3.4300e+27,2.1100e+27,2.7000e+26,2.6141e+32,7.7443e+31,287
145,3,0.2000,0.3500,2.0170e+28,2.0460e+28,4.6100e+27,1.6000e+27,3.5980e+32,8.0106e+31,287
145,4,0.3500,0.5500,4.3260e+28,9.7720e+28,7.1100e+27,1.0420e+28,4.6873e+32,8.1502e+31,287
145,5,0.5500,1.0100,8.3910e+28,4.2597e+29,1.8780e+28,1.1506e+29,5.5823e+32,1.1787e+32,287
146,0,0.0000,0.0500,1.1100e+27,0.0000e+00,7.2000e+26,0.0000e+00,1.8730e+32,1.1564e+32,288
146,1,0.0500,0.1000,1.9300e+27,2.4000e+26,5.8000e+26,2.0000e+25,1.2268e+32,3.6679e+31,288
146,2,0.1000,0.2000,7.3900e+27,3.5900e+27,2.3900e+27,2.7000e+26,2.6381e+32,8.1059e+31,288
146,3,0.2000,0.3500,2.0040e+28,2.2390e+28,4.0400e+27,1.7500e+27,3.6492e+32,7.3885e+31,288
146,4,0.3500,0.5500,4.3180e+28,9.7280e+28,7.4200e+27,1.0740e+28,4.6205e+32,8.1166e+31,288
146,5,0.5500,1.0100,8.4520e+28,4.3576e+29,1.7690e+28,1.1261e+29,5.7264e+32,1.1940e+32,288
147,0,0.0000,0.0500,8.8000e+26,0.0000e+00,6.8000e+26,0.0000e+00,1.7259e+32,1.1856e+32,290
147,1,0.0500,0.1000,2.1400e+27,1.6000e+26,6.3000e+26,0.0000e+00,1.3308e+32,4.1256e+31,290
147,2,0.1000,0.2000,7.8300e+27,3.7800e+27,2.3800e+27,1.2000e+26,2.6413e+32,8.0586e+31,290
147,3,0.2000,0.3500,1.9570e+28,2.2640e+28,4.4100e+27,1.8000e+27,3.6189e+32,7.6239e+31,290
147,4,0.3500,0.5500,3.9800e+28,8.7790e+28,6.5800e+27,1.0350e+28,4.3833e+32,7.6716e+31,290
147,5,0.5500,1.0100,8.9130e+28,4.5814e+29,1.8490e+28,1.0376e+29,6.1288e+32,1.2000e+32,290
148,0,0.0000,0.0500,9.8000e+26,0.0000e+00,5.6000e+26,0.0000e+00,2.1131e+32,9.6466e+31,291
148,1,0.0500,0.1000,1.8600e+27,9.0000e+25,5.6000e+26,0.0000e+00,1.2003e+32,4.5260e+31,291
148,2,0.1000,0.2000,8.6300e+27,3.9000e+27,2.3100e+27,2.0000e+26,2.7642e+32,8.0068e+31,291
148,3,0.2000,0.3500,1.9210e+28,2.0710e+28,4.9000e+27,2.1300e+27,3.4172e+32,8.5229e+31,291
148,4,0.3500,0.5500,3.9330e+28,8.5940e+28,7.2900e+27,1.1360e+28,4.2929e+32,8.5929e+31,291
148,5,0.5500,1.0100,8.8860e+28,4.3901e+29,2.1790e+28,1.2552e+29,6.1146e+32,1.3990e+32,291
149,0,0.0000,0.0500,1.1500e+27,0.0000e+00,5.7000e+26,0.0000e+00,2.1066e+32,1.0158e+32,292
149,1,0.0500,0.1000,1.6700e+27,1.6000e+26,7.0000e+26,0.0000e+00,1.0714e+32,4.1884e+31,292
149,2,0.1000,0.2000,8.2500e+27,3.8100e+27,2.3100e+27,2.2000e+26,2.7487e+32,8.0422e+31,292
149,3,0.2000,0.3500,1.7370e+28,1.8960e+28,4.2400e+27,1.9500e+27,3.2651e+32,8.6176e+31,292
149,4,0.3500,0.5500,4.1120e+28,8.7940e+28,8.1700e+27,1.1780e+28,4.5261e+32,8.9337e+31,292
149,5,0.5500,1.0100,8.9970e+28,4.5394e+29,2.1790e+28,1.3044e+29,6.2071e+32,1.3846e+32,292
150,0,0.0000,0.0500,9.8000e+26,0.0000e+00,6.1000e+26,0.0000e+00,2.0250e+32,1.1357e+32,294
150,1,0.0500,0.1000,1.4500e+27,1.3000e+26,5.0000e+26,0.0000e+00,1.0378e+32,3.5232e+31,294
150,2,0.1000,0.2000,7.6100e+27,3.2500e+27,2.1700e+27,2.3000e+26,2.5794e+32,8.0823e+31,294
150,3,0.2000,0.3500,1.9360e+28,2.0420e+28,4.1800e+27,2.1900e+27,3.5334e+32,8.4799e+31,294
150,4,0.3500,0.5500,4.1180e+28,9.2270e+28,7.7400e+27,1.1880e+28,4.5975e+32,9.1031e+31,294
150,5,0.5500,1.0100,9.0840e+28,4.5707e+29,2.1260e+28,1.2398e+29,6.2353e+32,1.3895e+32,294
151,0,0.0000,0.0500,1.1400e+27,0.0000e+00,5.1000e+26,0.0000e+00,1.7738e+32,1.1623e+32,294
151,1,0.0500,0.1000,1.8300e+27,2.0000e+26,6.8000e+26,0.0000e+00,1.2058e+32,3.7492e+31,294
151,2,0.1000,0.2000,7.5700e+27,3.9900e+27,2.6000e+27,2.2000e+26,2.5804e+32,8.5263e+31,294
151,3,0.2000,0.3500,2.0110e+28,1.9630e+28,4.5600e+27,2.1000e+27,3.5272e+32,7.9259e+31,294
151,4,0.3500,0.5500,3.9290e+28,8.3670e+28,7.8200e+27,9.8000e+27,4.3947e+32,8.9074e+31,294
151,5,0.5500,1.0100,9.3590e+28,4.7222e+29,2.1380e+28,1.2284e+29,6.4667e+32,1.3979e+32,294
152,0,0.0000,0.0500,9.2000e+26,1.0000e+25,5.5000e+26,0.0000e+00,1.8249e+32,1.1070e+32,296
152,1,0.0500,0.1000,1.5700e+27,9.0000e+25,6.3000e+26,0.0000e+00,1.2062e+32,4.3814e+31,296
152,2,0.1000,0.2000,7.5700e+27,3.4500e+27,2.2400e+27,2.3000e+26,2.6367e+32,8.3368e+31,296
152,3,0.2000,0.3500,1.9580e+28,2.0320e+28,4.5200e+27,2.0200e+27,3.4308e+32,8.6202e+31,296
152,4,0.3500,0.5500,3.7820e+28,7.8340e+28,7.8200e+27,1.0040e+28,4.2109e+32,8.8607e+31,296
152,5,0.5500,1.0100,9.6580e+28,4.7945e+29,2.3300e+28,1.2598e+29,6.7050e+32,1.4971e+32,296
153,0,0.0000,0.0500,9.4000e+26,0.0000e+00,5.4000e+26,0.0000e+00,2.0966e+32,9.9485e+31,298
153,1,0.0500,0.1000,1.7900e+27,1.2000e+26,5.7000e+26,1.0000e+25,1.0700e+32,4.4783e+31,298
153,2,0.1000,0.2000,7.6800e+27,3.3500e+27,2.3500e+27,2.1000e+26,2.7514e+32,8.4042e+31,298
153,3,0.2000,0.3500,1.7460e+28,1.8240e+28,4.8900e+27,2.1400e+27,3.2059e+32,9.3752e+31,298
153,4,0.3500,0.5500,3.7420e+28,7.7430e+28,8.6900e+27,1.1840e+28,4.2593e+32,9.8764e+31,298
153,5,0.5500,1.0100,9.3880e+28,4.6062e+29,2.4620e+28,1.4211e+29,6.6762e+32,1.6603e+32,298
154,0,0.0000,0.0500,1.2000e+27,0.0000e+00,5.2000e+26,0.0000e+00,2.0661e+32,1.0855e+32,298
154,1,0.0500,0.1000,1.5600e+27,7.0000e+25,5.3000e+26,0.0000e+00,9.7236e+31,3.8343e+31,298
154,2,0.1000,0.2000,8.1000e+27,3.3500e+27,2.3600e+27,1.5000e+26,2.5757e+32,8.3883e+31,298
154,3,0.2000,0.3500,1.7190e+28,1.7270e+28,4.8900e+27,1.9700e+27,3.2655e+32,9.4099e+31,298
154,4,0.3500,0.5500,3.8500e+28,8.0270e+28,9.1100e+27,1.2790e+28,4.4027e+32,1.0154e+32,298
154,5,0.5500,1.0100,9.6770e+28,4.6942e+29,2.3720e+28,1.3635e+29,6.7077e+32,1.6258e+32,298
155,0,0.0000,0.0500,1.0200e+27,0.0000e+00,5.7000e+26,0.0000e+00,1.8594e+32,1.1663e+32,299
155,1,0.0500,0.1000,1.4200e+27,1.1000e+26,4.5000e+26,0.0000e+00,1.0418e+32,3.6493e+31,299
155,2,0.1000,0.2000,7.0200e+27,3.2400e+27,2.4700e+27,2.9000e+26,2.5334e+32,8.6739e+31,299
155,3,0.2000,0.3500,1.7610e+28,1.8030e+28,4.3800e+27,1.8800e+27,3.4185e+32,8.8419e+31,299
155,4,0.3500,0.5500,3.9830e+28,8.3520e+28,8.7900e+27,1.3060e+28,4.3865e+32,1.0180e+32,299
155,5,0.5500,1.0100,9.7070e+28,4.9030e+29,2.4200e+28,1.3592e+29,6.7578e+32,1.6387e+32,299
156,0,0.0000,0.0500,1.0700e+27,0.0000e+00,5.1000e+26,0.0000e+00,1.6979e+32,1.1924e+32,301
156,1,0.0500,0.1000,1.6800e+27,7.0000e+25,6.6000e+26,0.0000e+00,1.1668e+32,4.0993e+31,301
156,2,0.1000,0.2000,6.9800e+27,3.7000e+27,2.6300e+27,2.0000e+26,2.5410e+32,8.8243e+31,301
156,3,0.2000,0.3500,1.7590e+28,1.8720e+28,4.5500e+27,1.9300e+27,3.3898e+32,8.9848e+31,301
156,4,0.3500,0.5500,3.6050e+28,7.6780e+28,7.9800e+27,1.1540e+28,4.1752e+32,9.7126e+31,301
156,5,0.5500,1.0100,1.0151e+29,5.0409e+29,2.5030e+28,1.3554e+29,7.1036e+32,1.6546e+32,301
157,0,0.0000,0.0500,9.8000e+26,0.0000e+00,6.0000e+26,0.0000e+00,2.0205e+32,1.0162e+32,302
157,1,0.0500,0.1000,1.4700e+27,8.0000e+25,7.2000e+26,0.0000e+00,1.0668e+32,4.5864e+31,302
157,2,0.1000,0.2000,7.0900e+27,3.0900e+27,2.4300e+27,2.2000e+26,2.6283e+32,8.7988e+31,302
157,3,0.2000,0.3500,1.7090e+28,1.7700e+28,5.5900e+27,2.1900e+27,3.1970e+32,1.0151e+32,302
157,4,0.3500,0.5500,3.5160e+28,7.3480e+28,9.4500e+27,1.1350e+28,4.0019e+32,1.0844e+32,302
157,5,0.5500,1.0100,9.7920e+28,4.8344e+29,2.7680e+28,1.5863e+29,7.0131e+32,1.9368e+32,302
158,0,0.0000,0.0500,1.0200e+27,0.0000e+00,6.2000e+26,0.0000e+00,2.0402e+32,1.0523e+32,302
158,1,0.0500,0.1000,1.3700e+27,1.0000e+26,5.2000e+26,1.0000e+25,9.3619e+31,4.2510e+31,302
158,2,0.1000,0.2000,7.3700e+27,3.1900e+27,2.5700e+27,2.9000e+26,2.6095e+32,8.8394e+31,302
158,3,0.2000,0.3500,1.5700e+28,1.5610e+28,5.4900e+27,2.0900e+27,3.0395e+32,1.0323e+32,302
158,4,0.3500,0.5500,3.6890e+28,7.4680e+28,9.5100e+27,1.2560e+28,4.2040e+32,1.1330e+32,302
158,5,0.5500,1.0100,1.0047e+29,4.8096e+29,2.9360e+28,1.5886e+29,7.0126e+32,1.9384e+32,302
159,0,0.0000,0.0500,1.0800e+27,0.0000e+00,5.6000e+26,0.0000e+00,1.9467e+32,1.1718e+32,304
159,1,0.0500,0.1000,1.3700e+27,7.0000e+25,4.7000e+26,0.0000e+00,9.1671e+31,3.6503e+31,304
159,2,0.1000,0.2000,6.7800e+27,2.5700e+27,2.4300e+27,1.1000e+26,2.4571e+32,8.9617e+31,304
159,3,0.2000,0.3500,1.6620e+28,1.6360e+28,4.8700e+27,2.3900e+27,3.2920e+32,1.0084e+32,304
159,4,0.3500,0.5500,3.8700e+28,7.8430e+28,1.0470e+28,1.3920e+28,4.2725e+32,1.1503e+32,304
159,5,0.5500,1.0100,9.8870e+28,4.8935e+29,2.8240e+28,1.5111e+29,7.0245e+32,1.9390e+32,304
160,0,0.0000,0.0500,9.1000e+26,0.0000e+00,4.2000e+26,0.0000e+00,1.7196e+32,1.1964e+32,304
160,1,0.0500,0.1000,1.5000e+27,1.2000e+26,6.8000e+26,0.0000e+00,1.0751e+32,3.9707e+31,304
160,2,0.1000,0.2000,6.1300e+27,3.3400e+27,2.5400e+27,3.2000e+26,2.4427e+32,9.4528e+31,304
160,3,0.2000,0.3500,1.6950e+28,1.7060e+28,5.0200e+27,2.0200e+27,3.2829e+32,9.5938e+31,304
160,4,0.3500,0.5500,3.5260e+28,7.2130e+28,1.0260e+28,1.2630e+28,4.0915e+32,1.1200e+32,304
160,5,0.5500,1.0100,1.0355e+29,5.0518e+29,2.8070e+28,1.4908e+29,7.2321e+32,1.9431e+32,304
161,0,0.0000,0.0500,8.8000e+26,0.0000e+00,6.0000e+26,0.0000e+00,1.8692e+32,1.0994e+32,305
161,1,0.0500,0.1000,1.7200e+27,6.0000e+25,5.5000e+26,1.0000e+25,1.0388e+32,4.5202e+31,305
161,2,0.1000,0.2000,7.0600e+27,3.2700e+27,2.7100e+27,3.2000e+26,2.5036e+32,9.3730e+31,305
161,3,0.2000,0.3500,1.6240e+28,1.7140e+28,5.4600e+27,2.3800e+27,3.1500e+32,1.0700e+32,305
161,4,0.3500,0.5500,3.2300e+28,6.7820e+28,9.6100e+27,1.3370e+28,3.8562e+32,1.1681e+32,305
161,5,0.5500,1.0100,1.0370e+29,5.0458e+29,3.1690e+28,1.7525e+29,7.2771e+32,2.1654e+32,305
162,0,0.0000,0.0500,1.1400e+27,0.0000e+00,6.0000e+26,0.0000e+00,2.0423e+32,1.0568e+32,307
162,1,0.0500,0.1000,1.2600e+27,8.0000e+25,5.9000e+26,0.0000e+00,9.0785e+31,4.5497e+31,307
162,2,0.1000,0.2000,7.6300e+27,3.2200e+27,2.5100e+27,3.3000e+26,2.5663e+32,9.4467e+31,307
162,3,0.2000,0.3500,1.5460e+28,1.4780e+28,5.5300e+27,2.6200e+27,2.9365e+32,1.1406e+32,307
162,4,0.3500,0.5500,3.3460e+28,6.9070e+28,1.0620e+28,1.4000e+28,3.9834e+32,1.2807e+32,307
162,5,0.5500,1.0100,1.0239e+29,5.0094e+29,3.3600e+28,1.7711e+29,7.2024e+32,2.3116e+32,307
163,0,0.0000,0.0500,1.0000e+27,0.0000e+00,8.4000e+26,0.0000e+00,1.9856e+32,1.1717e+32,307
163,1,0.0500,0.1000,1.2800e+27,1.0000e+26,4.1000e+26,0.0000e+00,8.4174e+31,3.7673e+31,307
163,2,0.1000,0.2000,6.2600e+27,2.6300e+27,2.3600e+27,3.5000e+26,2.3805e+32,9.5239e+31,307
163,3,0.2000,0.3500,1.5810e+28,1.4790e+28,5.6700e+27,2.2200e+27,3.1148e+32,1.1256e+32,307
163,4,0.3500,0.5500,3.4510e+28,7.0410e+28,1.0870e+28,1.4980e+28,4.0748e+32,1.3098e+32,307
163,5,0.5500,1.0100,1.0244e+29,5.0279e+29,3.4500e+28,1.7793e+29,7.1814e+32,2.2783e+32,307
164,0,0.0000,0.0500,9.6000e+26,0.0000e+00,6.0000e+26,0.0000e+00,1.7430e+32,1.2145e+32,307
164,1,0.0500,0.1000,1.6100e+27,4.0000e+25,5.6000e+26,1.0000e+25,9.9151e+31,3.8892e+31,307
164,2,0.1000,0.2000,6.5300e+27,2.9200e+27,2.5700e+27,2.9000e+26,2.3556e+32,1.0084e+32,307
164,3,0.2000,0.3500,1.6210e+28,1.5480e+28,5.6600e+27,1.7900e+27,3.1736e+32,1.0545e+32,307
164,4,0.3500,0.5500,3.4010e+28,6.9160e+28,1.1110e+28,1.4080e+28,3.9696e+32,1.2898e+32,307
164,5,0.5500,1.0100,1.0498e+29,5.0799e+29,3.3900e+28,1.6328e+29,7.2837e+32,2.2889e+32,307
165,0,0.0000,0.0500,1.1800e+27,0.0000e+00,5.7000e+26,0.0000e+00,1.7745e+32,1.1749e+32,309
165,1,0.0500,0.1000,1.3700e+27,1.0000e+26,6.7000e+26,2.0000e+25,1.0199e+32,4.5733e+31,309
165,2,0.1000,0.2000,6.6600e+27,2.6600e+27,2.5600e+27,1.9000e+26,2.3838e+32,1.0054e+32,309
165,3,0.2000,0.3500,1.6250e+28,1.6870e+28,5.9700e+27,2.2600e+27,3.0886e+32,1.1441e+32,309
165,4,0.3500,0.5500,3.2820e+28,6.3070e+28,1.1020e+28,1.4350e+28,3.7758e+32,1.2912e+32,309
165,5,0.5500,1.0100,1.0487e+29,5.0092e+29,3.6330e+28,1.7622e+29,7.3970e+32,2.4478e+32,309
166,0,0.0000,0.0500,9.4000e+26,0.0000e+00,6.2000e+26,0.0000e+00,2.0160e+32,1.0781e+32,309
166,1,0.0500,0.1000,1.2900e+27,4.0000e+25,7.3000e+26,0.0000e+00,8.9181e+31,4.7369e+31,309
166,2,0.1000,0.2000,6.4100e+27,2.8100e+27,2.8100e+27,1.9000e+26,2.4610e+32,1.0172e+32,309
166,3,0.2000,0.3500,1.4310e+28,1.5070e+28,6.6800e+27,2.6300e+27,2.8405e+32,1.2468e+32,309
166,4,0.3500,0.5500,3.1030e+28,6.2960e+28,1.1520e+28,1.6610e+28,3.7396e+32,1.4507e+32,309
166,5,0.5500,1.0100,1.0021e+29,4.8167e+29,3.9610e+28,1.9643e+29,7.1399e+32,2.7190e+32,309
167,0,0.0000,0.0500,1.0200e+27,1.0000e+25,6.5000e+26,0.0000e+00,1.9850e+32,1.1892e+32,310
167,1,0.0500,0.1000,1.0700e+27,6.0000e+25,6.3000e+26,0.0000e+00,8.0404e+31,4.0131e+31,310
167,2,0.1000,0.2000,6.2800e+27,2.3800e+27,2.8000e+27,2.9000e+26,2.3208e+32,1.0239e+32,310
167,3,0.2000,0.3500,1.4670e+28,1.4100e+28,6.5800e+27,2.3000e+27,2.9329e+32,1.2520e+32,310
167,4,0.3500,0.5500,3.3310e+28,6.4820e+28,1.2830e+28,1.6280e+28,3.8885e+32,1.4939e+32,310
167,5,0.5500,1.0100,1.0317e+29,4.8369e+29,3.9330e+28,1.9569e+29,7.1499e+32,2.6757e+32,310
168,0,0.0000,0.0500,8.8000e+26,0.0000e+00,8.5000e+26,0.0000e+00,1.7637e+32,1.2552e+32,310
168,1,0.0500,0.1000,1.2200e+27,6.0000e+25,4.8000e+26,0.0000e+00,9.1056e+31,3.9698e+31,310
168,2,0.1000,0.2000,6.4600e+27,2.4700e+27,2.8900e+27,2.5000e+26,2.2757e+32,1.0805e+32,310
168,3,0.2000,0.3500,1.5170e+28,1.4750e+28,6.1300e+27,1.9900e+27,3.0421e+32,1.1689e+32,310
168,4,0.3500,0.5500,3.2600e+28,6.6230e+28,1.2600e+28,1.6080e+28,3.8407e+32,1.4830e+32,310
168,5,0.5500,1.0100,1.0170e+29,4.9784e+29,3.7840e+28,1.8696e+29,7.1772e+32,2.6759e+32,310
169,0,0.0000,0.0500,1.0200e+27,0.0000e+00,6.7000e+26,0.0000e+00,1.6935e+32,1.2469e+32,311
169,1,0.0500,0.1000,1.3100e+27,7.0000e+25,6.3000e+26,0.0000e+00,9.8977e+31,4.5987e+31,311
169,2,0.1000,0.2000,6.1300e+27,2.7500e+27,2.7000e+27,1.7000e+26,2.2806e+32,1.0850e+32,311
169,3,0.2000,0.3500,1.6210e+28,1.5070e+28,6.3400e+27,2.8000e+27,2.9839e+32,1.2379e+32,311
169,4,0.3500,0.5500,3.1340e+28,6.0740e+28,1.1880e+28,1.5260e+28,3.6558e+32,1.4418e+32,311
169,5,0.5500,1.0100,1.0526e+29,5.0848e+29,4.0570e+28,1.9043e+29,7.3222e+32,2.7568e+32,311
170,0,0.0000,0.0500,1.0200e+27,0.0000e+00,5.7000e+26,0.0000e+00,2.0054e+32,1.1113e+32,311
170,1,0.0500,0.1000,1.1900e+27,5.0000e+25,6.6000e+26,0.0000e+00,8.6895e+31,4.9487e+31,311
170,2,0.1000,0.2000,5.9800e+27,2.9500e+27,2.9500e+27,2.6000e+26,2.3457e+32,1.1049e+32,311
170,3,0.2000,0.3500,1.3620e+28,1.4700e+28,6.9800e+27,3.0700e+27,2.7349e+32,1.3849e+32,311
170,4,0.3500,0.5500,2.9710e+28,5.6610e+28,1.4390e+28,1.9070e+28,3.5041e+32,1.6421e+32,311
170,5,0.5500,1.0100,1.0131e+29,4.6883e+29,4.7430e+28,2.2540e+29,6.9570e+32,3.1634e+32,311
171,0,0.0000,0.0500,1.1500e+27,0.0000e+00,7.5000e+26,0.0000e+00,1.9808e+32,1.2118e+32,312
171,1,0.0500,0.1000,1.4600e+27,3.0000e+25,7.5000e+26,0.0000e+00,7.7242e+31,4.3280e+31,312
171,2,0.1000,0.2000,5.6700e+27,2.5100e+27,3.1100e+27,2.8000e+26,2.2634e+32,1.1118e+32,312
171,3,0.2000,0.3500,1.4370e+28,1.2780e+28,7.4600e+27,2.6300e+27,2.7491e+32,1.3952e+32,312
171,4,0.3500,0.5500,3.1000e+28,6.1740e+28,1.4340e+28,1.8830e+28,3.6743e+32,1.7000e+32,312
171,5,0.5500,1.0100,9.9510e+28,4.7253e+29,4.5050e+28,2.1405e+29,6.9697e+32,3.0998e+32,312
172,0,0.0000,0.0500,1.0400e+27,0.0000e+00,8.1000e+26,1.0000e+25,1.7741e+32,1.2985e+32,312
172,1,0.0500,0.1000,1.2100e+27,6.0000e+25,6.7000e+26,0.0000e+00,8.5600e+31,4.1477e+31,312
172,2,0.1000,0.2000,5.8500e+27,2.3300e+27,3.1500e+27,3.7000e+26,2.1893e+32,1.1635e+32,312
172,3,0.2000,0.3500,1.3710e+28,1.3450e+28,6.3200e+27,3.1000e+27,2.9012e+32,1.3065e+32,312
172,4,0.3500,0.5500,3.0700e+28,6.2200e+28,1.4460e+28,1.7620e+28,3.6539e+32,1.6987e+32,312
172,5,0.5500,1.0100,1.0132e+29,4.8835e+29,4.5760e+28,2.0682e+29,6.9769e+32,3.0972e+32,312
173,0,0.0000,0.0500,8.8000e+26,0.0000e+00,7.9000e+26,0.0000e+00,1.6341e+32,1.3162e+32,313
173,1,0.0500,0.1000,1.4900e+27,7.0000e+25,6.7000e+26,0.0000e+00,9.6916e+31,4.7068e+31,313
173,2,0.1000,0.2000,6.0500e+27,2.6800e+27,3.0900e+27,3.6000e+26,2.1908e+32,1.1827e+32,313
173,3,0.2000,0.3500,1.4130e+28,1.4490e+28,7.0500e+27,3.2600e+27,2.8697e+32,1.3582e+32,313
173,4,0.3500,0.5500,2.9350e+28,5.7340e+28,1.3850e+28,1.8170e+28,3.5043e+32,1.6263e+32,313
173,5,0.5500,1.0100,1.0287e+29,4.9907e+29,4.5460e+28,2.0143e+29,7.1532e+32,3.1158e+32,313
174,0,0.0000,0.0500,8.9000e+26,0.0000e+00,6.2000e+26,0.0000e+00,1.9779e+32,1.1590e+32,313
174,1,0.0500,0.1000,1.3000e+27,8.0000e+25,7.6000e+26,0.0000e+00,8.6481e+31,5.2538e+31,313
174,2,0.1000,0.2000,5.9000e+27,2.9100e+27,2.6600e+27,2.5000e+26,2.2325e+32,1.2052e+32,313
174,3,0.2000,0.3500,1.3320e+28,1.3320e+28,7.5800e+27,3.1800e+27,2.6174e+32,1.5389e+32,313
174,4,0.3500,0.5500,2.7610e+28,5.2840e+28,1.6210e+28,1.9390e+28,3.2780e+32,1.8626e+32,313
174,5,0.5500,1.0100,9.4630e+28,4.5184e+29,5.3320e+28,2.4355e+29,6.6589e+32,3.6425e+32,313
175,0,0.0000,0.0500,1.0100e+27,0.0000e+00,6.4000e+26,0.0000e+00,1.9463e+32,1.2517e+32,313
175,1,0.0500,0.1000,1.1000e+27,8.0000e+25,6.0000e+26,0.0000e+00,7.5912e+31,4.6474e+31,313
175,2,0.1000,0.2000,5.6900e+27,2.4300e+27,3.1500e+27,3.0000e+26,2.1840e+32,1.2107e+32,313
175,3,0.2000,0.3500,1.2730e+28,1.2580e+28,8.4000e+27,3.0600e+27,2.5745e+32,1.5499e+32,313
175,4,0.3500,0.5500,2.9220e+28,5.4980e+28,1.6370e+28,1.9880e+28,3.4528e+32,1.9248e+32,313
175,5,0.5500,1.0100,9.6360e+28,4.6362e+29,5.1990e+28,2.3596e+29,6.6626e+32,3.5505e+32,313
176,0,0.0000,0.0500,8.1000e+26,0.0000e+00,6.5000e+26,0.0000e+00,1.7568e+32,1.3560e+32,313
176,1,0.0500,0.1000,1.2300e+27,9.0000e+25,7.8000e+26,2.0000e+25,8.2262e+31,4.3366e+31,313
176,2,0.1000,0.2000,5.7100e+27,2.4500e+27,2.9300e+27,4.0000e+26,2.0935e+32,1.2636e+32,313
176,3,0.2000,0.3500,1.3480e+28,1.3520e+28,7.0200e+27,3.6300e+27,2.7517e+32,1.4589e+32,313
176,4,0.3500,0.5500,2.9280e+28,5.8740e+28,1.5940e+28,1.9340e+28,3.4483e+32,1.9236e+32,313
176,5,0.5500,1.0100,9.7610e+28,4.6770e+29,5.1480e+28,2.3260e+29,6.6569e+32,3.5305e+32,313
177,0,0.0000,0.0500,9.9000e+26,0.0000e+00,7.6000e+26,0.0000e+00,1.5867e+32,1.3832e+32,314
177,1,0.0500,0.1000,1.4400e+27,4.0000e+25,7.8000e+26,0.0000e+00,9.4910e+31,4.8842e+31,314
177,2,0.1000,0.2000,6.0200e+27,2.3700e+27,3.4900e+27,2.8000e+26,2.0984e+32,1.2965e+32,314
177,3,0.2000,0.3500,1.4170e+28,1.3510e+28,7.0600e+27,3.2100e+27,2.7418e+32,1.4929e+32,314
177,4,0.3500,0.5500,2.7020e+28,5.2900e+28,1.5320e+28,1.8970e+28,3.3219e+32,1.8329e+32,314
177,5,0.5500,1.0100,9.9410e+28,4.8687e+29,5.0730e+28,2.2677e+29,6.8404e+32,3.5221e+32,314
178,0,0.0000,0.0500,8.5000e+26,0.0000e+00,8.4000e+26,0.0000e+00,1.9176e+32,1.2190e+32,313
178,1,0.0500,0.1000,1.1500e+27,4.0000e+25,7.7000e+26,0.0000e+00,8.5275e+31,5.5373e+31,313
178,2,0.1000,0.2000,5.5000e+27,2.2400e+27,3.3800e+27,4.2000e+26,2.1135e+32,1.3173e+32,313
178,3,0.2000,0.3500,1.3130e+28,1.2720e+28,8.8600e+27,3.6500e+27,2.4944e+32,1.7000e+32,313
178,4,0.3500,0.5500,2.5690e+28,4.9010e+28,1.7330e+28,2.1430e+28,3.0413e+32,2.0634e+32,313
178,5,0.5500,1.0100,8.9980e+28,4.4638e+29,5.8830e+28,2.6948e+29,6.2632e+32,4.0908e+32,313
179,0,0.0000,0.0500,1.0500e+27,0.0000e+00,6.8000e+26,0.0000e+00,1.9067e+32,1.3063e+32,314
179,1,0.0500,0.1000,1.1300e+27,7.0000e+25,6.2000e+26,0.0000e+00,7.3991e+31,5.0133e+31,314
179,2,0.1000,0.2000,5.3000e+27,2.0400e+27,4.0500e+27,2.6000e+26,2.1014e+32,1.3289e+32,314
179,3,0.2000,0.3500,1.1690e+28,1.2000e+28,8.6800e+27,3.6500e+27,2.4233e+32,1.7258e+32,314
179,4,0.3500,0.5500,2.6860e+28,5.3130e+28,1.8050e+28,2.3200e+28,3.2253e+32,2.1539e+32,314
179,5,0.5500,1.0100,8.9780e+28,4.4701e+29,5.8020e+28,2.5643e+29,6.2626e+32,4.0102e+32,314
180,0,0.0000,0.0500,1.0500e+27,0.0000e+00,8.9000e+26,0.0000e+00,1.7368e+32,1.4178e+32,313
180,1,0.0500,0.1000,1.0800e+27,6.0000e+25,6.9000e+26,0.0000e+00,7.8041e+31,4.5950e+31,313
180,2,0.1000,0.2000,5.4000e+27,2.2100e+27,3.7200e+27,3.1000e+26,1.9926e+32,1.3730e+32,313
180,3,0.2000,0.3500,1.2720e+28,1.3130e+28,8.0000e+27,3.1700e+27,2.5982e+32,1.6326e+32,313
180,4,0.3500,0.5500,2.6850e+28,5.4830e+28,1.8440e+28,2.2060e+28,3.2188e+32,2.1537e+32,313
180,5,0.5500,1.0100,8.9530e+28,4.6094e+29,5.7940e+28,2.6005e+29,6.2322e+32,3.9658e+32,313
181,0,0.0000,0.0500,8.7000e+26,1.0000e+25,8.6000e+26,0.0000e+00,1.5514e+32,1.4481e+32,314
181,1,0.0500,0.1000,1.1300e+27,6.0000e+25,6.8000e+26,0.0000e+00,9.1975e+31,5.1635e+31,314
181,2,0.1000,0.2000,5.1600e+27,2.1900e+27,3.7900e+27,4.2000e+26,1.9943e+32,1.4249e+32,314
181,3,0.2000,0.3500,1.2300e+28,1.3030e+28,8.5500e+27,3.1400e+27,2.5972e+32,1.6458e+32,314
181,4,0.3500,0.5500,2.6220e+28,5.1050e+28,1.7850e+28,1.9510e+28,3.1136e+32,2.0633e+32,314
181,5,0.5500,1.0100,9.0570e+28,4.6207e+29,5.6850e+28,2.5261e+29,6.3910e+32,3.9543e+32,314
182,0,0.0000,0.0500,8.0000e+26,0.0000e+00,6.6000e+26,0.0000e+00,1.8523e+32,1.2882e+32,313
182,1,0.0500,0.1000,1.2800e+27,8.0000e+25,7.7000e+26,1.0000e+25,8.5151e+31,5.8843e+31,313
182,2,0.1000,0.2000,5.1600e+27,2.5100e+27,3.5500e+27,4.8000e+26,1.9968e+32,1.4350e+32,313
182,3,0.2000,0.3500,1.2710e+28,1.3120e+28,9.0100e+27,3.6300e+27,2.3726e+32,1.8609e+32,313
182,4,0.3500,0.5500,2.4360e+28,4.8230e+28,1.8780e+28,2.1760e+28,2.8320e+32,2.2670e+32,313
182,5,0.5500,1.0100,8.3040e+28,4.2561e+29,6.5380e+28,2.9295e+29,5.8560e+32,4.4804e+32,313
183,0,0.0000,0.0500,9.8000e+26,0.0000e+00,7.8000e+26,0.0000e+00,1.8666e+32,1.3560e+32,313
183,1,0.0500,0.1000,1.1200e+27,0.0000e+00,7.4000e+26,0.0000e+00,7.2754e+31,5.3829e+31,313
183,2,0.1000,0.2000,5.3600e+27,2.2500e+27,3.7400e+27,3.3000e+26,2.0036e+32,1.4468e+32,313
183,3,0.2000,0.3500,1.0730e+28,1.0150e+28,9.1700e+27,3.8800e+27,2.2744e+32,1.8950e+32,313
183,4,0.3500,0.5500,2.4960e+28,5.0000e+28,1.9920e+28,2.4400e+28,2.9761e+32,2.3743e+32,313
183,5,0.5500,1.0100,8.3860e+28,4.2588e+29,6.4720e+28,2.8889e+29,5.7893e+32,4.4172e+32,313
184,0,0.0000,0.0500,9.5000e+26,0.0000e+00,7.3000e+26,0.0000e+00,1.7303e+32,1.4908e+32,314
184,1,0.0500,0.1000,9.5000e+26,1.3000e+26,8.0000e+26,0.0000e+00,7.5559e+31,4.8585e+31,314
184,2,0.1000,0.2000,4.8900e+27,2.1700e+27,4.1500e+27,5.3000e+26,1.9063e+32,1.4957e+32,314
184,3,0.2000,0.3500,1.1780e+28,1.2360e+28,8.9200e+27,3.3800e+27,2.4527e+32,1.8183e+32,314
184,4,0.3500,0.5500,2.4800e+28,5.2320e+28,2.0440e+28,2.4560e+28,3.0074e+32,2.3968e+32,314
184,5,0.5500,1.0100,8.4730e+28,4.3318e+29,6.4720e+28,2.8723e+29,5.7968e+32,4.3900e+32,314
185,0,0.0000,0.0500,8.9000e+26,0.0000e+00,7.3000e+26,0.0000e+00,1.5152e+32,1.5093e+32,312
185,1,0.0500,0.1000,1.5000e+27,8.0000e+25,8.0000e+26,0.0000e+00,8.9499e+31,5.4021e+31,312
185,2,0.1000,0.2000,5.0800e+27,2.3300e+27,4.3400e+27,3.8000e+26,1.8916e+32,1.5533e+32,312
185,3,0.2000,0.3500,1.2730e+28,1.2620e+28,8.7100e+27,3.4900e+27,2.4403e+32,1.7916e+32,312
185,4,0.3500,0.5500,2.4510e+28,4.9820e+28,1.9320e+28,2.1880e+28,2.8937e+32,2.2835e+32,312
185,5,0.5500,1.0100,8.4680e+28,4.3638e+29,6.3430e+28,2.7543e+29,5.8708e+32,4.3319e+32,312
186,0,0.0000,0.0500,7.2000e+26,0.0000e+00,8.4000e+26,0.0000e+00,1.8032e+32,1.3587e+32,313
186,1,0.0500,0.1000,1.3500e+27,4.0000e+25,9.9000e+26,1.0000e+25,8.5662e+31,6.2231e+31,313
186,2,0.1000,0.2000,5.2600e+27,2.0000e+27,4.1600e+27,4.7000e+26,1.9036e+32,1.5539e+32,313
186,3,0.2000,0.3500,1.1200e+28,1.2360e+28,1.0470e+28,4.0300e+27,2.2673e+32,2.0128e+32,313
186,4,0.3500,0.5500,2.1760e+28,4.5550e+28,2.0620e+28,2.6020e+28,2.6526e+32,2.4578e+32,313
186,5,0.5500,1.0100,7.8710e+28,4.1980e+29,7.0390e+28,3.1390e+29,5.4419e+32,4.8176e+32,313
187,0,0.0000,0.0500,9.0000e+26,0.0000e+00,9.1000e+26,0.0000e+00,1.8567e+32,1.3935e+32,312
187,1,0.0500,0.1000,1.1800e+27,3.0000e+25,7.7000e+26,1.0000e+25,7.2034e+31,5.8558e+31,312
187,2,0.1000,0.2000,5.1200e+27,2.4000e+27,4.2100e+27,4.6000e+26,1.9250e+32,1.5603e+32,312
187,3,0.2000,0.3500,1.0600e+28,1.1040e+28,1.0450e+28,4.0300e+27,2.1399e+32,2.0608e+32,312
187,4,0.3500,0.5500,2.3610e+28,4.7370e+28,2.2380e+28,2.5660e+28,2.7539e+32,2.5831e+32,312
187,5,0.5500,1.0100,7.6810e+28,4.0979e+29,6.9090e+28,3.0789e+29,5.3161e+32,4.7788e+32,312
188,0,0.0000,0.0500,9.9000e+26,0.0000e+00,7.8000e+26,0.0000e+00,1.7379e+32,1.5388e+32,312
188,1,0.0500,0.1000,8.9000e+26,8.0000e+25,7.6000e+26,0.0000e+00,7.2290e+31,5.1887e+31,312
188,2,0.1000,0.2000,4.5600e+27,2.0400e+27,4.0000e+27,5.7000e+26,1.8175e+32,1.5945e+32,312
188,3,0.2000,0.3500,1.2060e+28,1.1740e+28,1.0010e+28,4.2000e+27,2.3102e+32,1.9913e+32,312
188,4,0.3500,0.5500,2.3720e+28,4.8070e+28,2.1860e+28,2.5010e+28,2.7941e+32,2.6050e+32,312
188,5,0.5500,1.0100,7.7150e+28,4.0277e+29,6.7760e+28,3.0047e+29,5.2985e+32,4.7025e+32,312
189,0,0.0000,0.0500,8.1000e+26,0.0000e+00,8.2000e+26,0.0000e+00,1.5023e+32,1.5659e+32,311
189,1,0.0500,0.1000,1.0800e+27,4.0000e+25,8.8000e+26,0.0000e+00,8.8883e+31,5.7438e+31,311
189,2,0.1000,0.2000,5.0500e+27,2.1700e+27,4.4400e+27,4.5000e+26,1.8114e+32,1.6841e+32,311
189,3,0.2000,0.3500,1.2330e+28,1.2630e+28,1.0150e+28,4.3900e+27,2.3061e+32,1.9331e+32,311
189,4,0.3500,0.5500,2.3130e+28,4.8560e+28,2.0320e+28,2.4140e+28,2.7096e+32,2.5023e+32,311
189,5,0.5500,1.0100,7.7510e+28,4.1791e+29,6.5490e+28,2.8256e+29,5.3795e+32,4.6405e+32,311
190,0,0.0000,0.0500,9.8000e+26,0.0000e+00,8.4000e+26,0.0000e+00,1.7339e+32,1.4291e+32,311
190,1,0.0500,0.1000,1.1700e+27,8.0000e+25,9.4000e+26,2.0000e+25,8.7526e+31,6.5922e+31,311
190,2,0.1000,0.2000,5.1400e+27,2.3800e+27,4.2400e+27,4.2000e+26,1.8193e+32,1.6677e+32,311
190,3,0.2000,0.3500,1.1780e+28,1.1850e+28,1.0680e+28,4.8000e+27,2.1589e+32,2.1416e+32,311
190,4,0.3500,0.5500,2.0400e+28,4.1590e+28,2.1490e+28,2.5650e+28,2.4842e+32,2.6017e+32,311
190,5,0.5500,1.0100,7.1370e+28,3.9213e+29,7.1360e+28,3.2214e+29,5.0347e+32,5.0036e+32,311
191,0,0.0000,0.0500,7.3000e+26,1.0000e+25,7.5000e+26,0.0000e+00,1.8428e+32,1.4259e+32,310
191,1,0.0500,0.1000,9.8000e+26,3.0000e+25,8.0000e+26,2.0000e+25,7.2724e+31,6.4584e+31,310
191,2,0.1000,0.2000,5.2700e+27,2.4700e+27,4.2600e+27,3.0000e+26,1.8679e+32,1.6697e+32,310
191,3,0.2000,0.3500,1.0740e+28,1.0650e+28,1.0820e+28,4.8300e+27,2.0104e+32,2.2122e+32,310
191,4,0.3500,0.5500,2.1170e+28,4.5570e+28,2.4090e+28,2.7810e+28,2.5515e+32,2.7533e+32,310
191,5,0.5500,1.0100,7.0100e+28,3.7898e+29,7.3470e+28,3.2283e+29,4.8331e+32,5.0088e+32,310
192,0,0.0000,0.0500,1.1300e+27,0.0000e+00,9.2000e+26,0.0000e+00,1.7547e+32,1.5856e+32,310
192,1,0.0500,0.1000,1.1800e+27,1.1000e+26,9.4000e+26,0.0000e+00,7.0001e+31,5.5815e+31,310
192,2,0.1000,0.2000,4.7400e+27,2.3400e+27,4.5000e+27,3.6000e+26,1.7606e+32,1.6962e+32,310
192,3,0.2000,0.3500,1.0680e+28,1.1740e+28,1.0930e+28,4.1700e+27,2.1692e+32,2.1620e+32,310
192,4,0.3500,0.5500,2.2040e+28,4.8100e+28,2.3820e+28,2.9000e+28,2.6040e+32,2.7923e+32,310
192,5,0.5500,1.0100,6.9980e+28,3.8116e+29,7.0440e+28,3.0971e+29,4.8176e+32,4.8985e+32,310
193,0,0.0000,0.0500,8.7000e+26,0.0000e+00,1.0600e+27,0.0000e+00,1.4963e+32,1.6219e+32,309
193,1,0.0500,0.1000,1.2600e+27,4.0000e+25,9.5000e+26,1.0000e+25,8.8547e+31,6.1005e+31,309
193,2,0.1000,0.2000,4.8000e+27,2.3100e+27,4.7900e+27,5.0000e+26,1.7457e+32,1.8057e+32,309
193,3,0.2000,0.3500,1.1190e+28,1.2100e+28,1.0300e+28,4.4700e+27,2.1847e+32,2.0582e+32,309
193,4,0.3500,0.5500,2.1670e+28,4.6690e+28,2.2020e+28,2.6480e+28,2.5353e+32,2.7001e+32,309
193,5,0.5500,1.0100,7.2120e+28,3.9760e+29,6.9410e+28,3.0196e+29,4.8916e+32,4.8339e+32,309
194,0,0.0000,0.0500,7.5000e+26,0.0000e+00,8.3000e+26,0.0000e+00,1.6466e+32,1.5088e+32,309
194,1,0.0500,0.1000,1.4200e+27,5.0000e+25,9.4000e+26,2.0000e+25,8.9291e+31,7.1046e+31,309
194,2,0.1000,0.2000,5.1700e+27,2.5500e+27,4.6200e+27,3.7000e+26,1.7634e+32,1.7827e+32,309
194,3,0.2000,0.3500,1.0790e+28,1.1910e+28,1.1850e+28,5.2200e+27,2.0829e+32,2.2562e+32,309
194,4,0.3500,0.5500,1.9590e+28,4.4230e+28,2.3290e+28,2.6970e+28,2.3533e+32,2.7025e+32,309
194,5,0.5500,1.0100,6.9670e+28,3.8790e+29,7.5170e+28,3.2020e+29,4.6802e+32,5.0752e+32,309
195,0,0.0000,0.0500,9.5000e+26,0.0000e+00,8.7000e+26,0.0000e+00,1.8368e+32,1.4483e+32,308
195,1,0.0500,0.1000,1.0300e+27,7.0000e+25,1.1300e+27,0.0000e+00,7.5789e+31,7.2069e+31,308
195,2,0.1000,0.2000,4.7000e+27,2.2800e+27,4.9100e+27,5.7000e+26,1.8219e+32,1.7729e+32,308
195,3,0.2000,0.3500,9.6200e+27,1.0780e+28,1.2080e+28,5.6100e+27,1.9080e+32,2.3597e+32,308
195,4,0.3500,0.5500,1.9870e+28,4.3140e+28,2.3800e+28,2.7680e+28,2.3579e+32,2.8791e+32,308
195,5,0.5500,1.0100,6.3110e+28,3.6386e+29,7.3610e+28,3.3637e+29,4.4004e+32,5.1668e+32,308
196,0,0.0000,0.0500,1.1600e+27,0.0000e+00,9.8000e+26,0.0000e+00,1.7778e+32,1.6171e+32,307
196,1,0.0500,0.1000,1.0100e+27,7.0000e+25,8.1000e+26,0.0000e+00,6.8191e+31,6.0731e+31,307
196,2,0.1000,0.2000,4.8400e+27,1.9300e+27,4.7800e+27,4.2000e+26,1.7134e+32,1.7888e+32,307
196,3,0.2000,0.3500,1.0000e+28,1.1160e+28,1.1320e+28,4.7000e+27,2.0455e+32,2.3288e+32,307
196,4,0.3500,0.5500,2.1190e+28,4.5960e+28,2.5080e+28,3.0690e+28,2.4235e+32,2.9348e+32,307
196,5,0.5500,1.0100,6.3650e+28,3.6390e+29,7.1330e+28,3.2387e+29,4.3879e+32,4.9988e+32,307
197,0,0.0000,0.0500,7.0000e+26,0.0000e+00,7.6000e+26,0.0000e+00,1.5137e+32,1.6763e+32,306
197,1,0.0500,0.1000,1.1200e+27,5.0000e+25,8.3000e+26,1.0000e+25,8.5270e+31,6.3586e+31,306
197,2,0.1000,0.2000,4.6700e+27,2.4900e+27,4.9300e+27,5.7000e+26,1.6987e+32,1.9164e+32,306
197,3,0.2000,0.3500,1.0500e+28,1.1820e+28,1.1710e+28,4.5300e+27,2.0914e+32,2.1754e+32,306
197,4,0.3500,0.5500,1.9580e+28,4.5680e+28,2.4790e+28,2.9470e+28,2.3828e+32,2.8645e+32,306
197,5,0.5500,1.0100,6.5570e+28,3.6942e+29,7.1550e+28,3.1472e+29,4.4243e+32,4.9371e+32,306
198,0,0.0000,0.0500,6.2000e+26,0.0000e+00,8.0000e+26,0.0000e+00,1.5314e+32,1.6115e+32,305
198,1,0.0500,0.1000,1.2300e+27,8.0000e+25,1.2700e+27,3.0000e+25,9.0236e+31,7.4918e+31,305
198,2,0.1000,0.2000,4.5400e+27,2.4900e+27,4.8600e+27,6.8000e+26,1.6968e+32,1.8924e+32,305
198,3,0.2000,0.3500,1.0660e+28,1.2970e+28,1.2280e+28,5.9100e+27,2.0338e+32,2.3263e+32,305
198,4,0.3500,0.5500,1.9420e+28,4.2440e+28,2.3560e+28,2.8160e+28,2.2449e+32,2.7549e+32,305
198,5,0.5500,1.0100,6.4300e+28,3.7841e+29,7.2790e+28,3.3111e+29,4.3653e+32,5.0121e+32,305
199,0,0.0000,0.0500,8.7000e+26,0.0000e+00,8.9000e+26,0.0000e+00,1.8502e+32,1.4627e+32,305
199,1,0.0500,0.1000,1.3100e+27,5.0000e+25,1.1400e+27,0.0000e+00,8.0363e+31,7.8928e+31,305
199,2,0.1000,0.2000,5.2900e+27,2.7400e+27,5.1300e+27,5.4000e+26,1.7611e+32,1.8840e+32,305
199,3,0.2000,0.3500,9.3900e+27,1.0650e+28,1.3400e+28,5.3000e+27,1.8530e+32,2.4748e+32,305
199,4,0.3500,0.5500,1.8660e+28,4.1430e+28,2.5790e+28,3.3260e+28,2.1535e+32,2.9654e+32,305
199,5,0.5500,1.0100,5.8680e+28,3.4518e+29,7.5570e+28,3.5482e+29,4.0161e+32,5.2336e+32,305
200,0,0.0000,0.0500,1.0900e+27,0.0000e+00,1.1300e+27,0.0000e+00,1.8059e+32,1.6103e+32,303
200,1,0.0500,0.1000,1.1200e+27,2.0000e+25,1.0700e+27,1.0000e+25,6.9382e+31,6.8280e+31,303
200,2,0.1000,0.2000,4.7400e+27,2.1700e+27,4.9700e+27,5.4000e+26,1.6870e+32,1.8788e+32,303
200,3,0.2000,0.3500,9.6800e+27,1.0930e+28,1.3030e+28,5.3600e+27,1.9095e+32,2.4682e+32,303
200,4,0.3500,0.5500,1.8920e+28,4.4460e+28,2.5830e+28,3.2190e+28,2.2445e+32,3.0411e+32,303
200,5,0.5500,1.0100,6.0180e+28,3.4645e+29,7.4670e+28,3.3645e+29,4.0092e+32,5.0057e+32,303
201,0,0.0000,0.0500,7.7000e+26,0.0000e+00,7.6000e+26,0.0000e+00,1.5862e+32,1.7286e+32,303
201,1,0.0500,0.1000,9.5000e+26,3.0000e+25,1.0600e+27,1.0000e+25,7.9724e+31,6.7799e+31,303
201,2,0.1000,0.2000,4.8600e+27,2.4700e+27,5.4300e+27,6.5000e+26,1.6630e+32,1.9847e+32,303
201,3,0.2000,0.3500,1.0440e+28,1.1590e+28,1.2050e+28,5.3100e+27,2.0161e+32,2.2958e+32,303
201,4,0.3500,0.5500,1.9170e+28,4.5340e+28,2.5580e+28,3.0170e+28,2.2463e+32,3.0221e+32,303
201,5,0.5500,1.0100,6.1260e+28,3.5732e+29,7.3850e+28,3.2336e+29,4.0304e+32,4.9511e+32,303
202,0,0.0000,0.0500,8.6000e+26,0.0000e+00,8.0000e+26,0.0000e+00,1.3928e+32,1.7523e+32,301
202,1,0.0500,0.1000,1.2600e+27,8.0000e+25,1.0200e+27,0.0000e+00,9.2243e+31,7.6528e+31,301
202,2,0.1000,0.2000,4.7400e+27,2.5800e+27,5.7900e+27,5.6000e+26,1.6506e+32,2.0110e+32,301
202,3,0.2000,0.3500,1.0800e+28,1.3130e+28,1.2680e+28,5.5100e+27,2.0036e+32,2.3583e+32,301
202,4,0.3500,0.5500,1.8680e+28,4.1300e+28,2.3360e+28,3.0160e+28,2.1521e+32,2.8149e+32,301
202,5,0.5500,1.0100,6.1330e+28,3.7438e+29,7.0600e+28,3.1208e+29,4.1205e+32,4.8401e+32,301
203,0,0.0000,0.0500,5.7000e+26,0.0000e+00,9.8000e+26,0.0000e+00,1.8550e+32,1.4794e+32,301
203,1,0.0500,0.1000,1.2100e+27,7.0000e+25,1.4400e+27,0.0000e+00,8.6343e+31,8.7443e+31,301
203,2,0.1000,0.2000,4.7900e+27,2.4000e+27,5.6700e+27,5.7000e+26,1.6839e+32,1.9682e+32,301
203,3,0.2000,0.3500,9.9000e+27,1.2150e+28,1.3390e+28,5.8500e+27,1.8383e+32,2.5630e+32,301
203,4,0.3500,0.5500,1.6410e+28,4.1290e+28,2.6070e+28,3.2140e+28,1.9751e+32,2.9822e+32,301
203,5,0.5500,1.0100,5.5540e+28,3.4256e+29,7.6120e+28,3.4916e+29,3.6918e+32,5.1925e+32,301
204,0,0.0000,0.0500,9.1000e+26,0.0000e+00,1.0200e+27,0.0000e+00,1.8306e+32,1.5793e+32,299
204,1,0.0500,0.1000,1.1800e+27,1.2000e+26,1.1700e+27,1.0000e+25,7.2847e+31,8.0063e+31,299
204,2,0.1000,0.2000,4.8000e+27,2.3600e+27,5.5100e+27,4.8000e+26,1.7161e+32,1.9681e+32,299
204,3,0.2000,0.3500,8.6800e+27,1.0640e+28,1.3400e+28,6.4800e+27,1.7652e+32,2.5715e+32,299
204,4,0.3500,0.5500,1.8790e+28,4.3360e+28,2.7150e+28,3.3870e+28,2.0985e+32,3.0828e+32,299
204,5,0.5500,1.0100,5.5500e+28,3.4436e+29,7.3880e+28,3.4045e+29,3.6725e+32,4.9521e+32,299
205,0,0.0000,0.0500,8.8000e+26,0.0000e+00,1.2800e+27,0.0000e+00,1.7114e+32,1.7721e+32,299
205,1,0.0500,0.1000,9.4000e+26,9.0000e+25,9.9000e+26,3.0000e+25,7.2447e+31,7.1532e+31,299
205,2,0.1000,0.2000,4.9400e+27,2.2700e+27,6.2700e+27,5.3000e+26,1.6349e+32,1.9950e+32,299
205,3,0.2000,0.3500,1.0050e+28,1.1530e+28,1.3050e+28,5.6800e+27,1.9329e+32,2.4938e+32,299
205,4,0.3500,0.5500,1.8930e+28,4.6310e+28,2.7040e+28,3.4420e+28,2.1324e+32,3.1006e+32,299
205,5,0.5500,1.0100,5.7030e+28,3.5441e+29,7.3440e+28,3.3413e+29,3.6746e+32,4.8505e+32,299
206,0,0.0000,0.0500,8.3000e+26,0.0000e+00,8.9000e+26,0.0000e+00,1.4379e+32,1.7998e+32,297
206,1,0.0500,0.1000,1.4900e+27,8.0000e+25,1.1100e+27,3.0000e+25,9.2184e+31,7.8572e+31,297
206,2,0.1000,0.2000,5.0900e+27,2.6400e+27,5.8200e+27,6.4000e+26,1.6243e+32,2.1270e+32,297
206,3,0.2000,0.3500,9.7600e+27,1.3000e+28,1.2980e+28,5.2500e+27,1.9305e+32,2.3612e+32,297
206,4,0.3500,0.5500,1.8640e+28,4.2270e+28,2.6580e+28,3.4600e+28,2.0648e+32,2.9768e+32,297
206,5,0.5500,1.0100,5.6840e+28,3.6055e+29,7.1080e+28,3.2613e+29,3.7445e+32,4.7540e+32,297
207,0,0.0000,0.0500,6.6000e+26,0.0000e+00,8.3000e+26,0.0000e+00,1.6165e+32,1.6444e+32,296
207,1,0.0500,0.1000,1.5700e+27,1.0000e+26,1.2400e+27,1.0000e+25,9.2966e+31,9.0664e+31,296
207,2,0.1000,0.2000,4.5700e+27,2.5300e+27,6.0800e+27,6.7000e+26,1.6438e+32,2.0643e+32,296
207,3,0.2000,0.3500,9.7700e+27,1.2970e+28,1.3890e+28,5.7000e+27,1.8571e+32,2.5508e+32,296
207,4,0.3500,0.5500,1.7520e+28,4.1120e+28,2.5000e+28,3.2010e+28,1.9281e+32,2.9086e+32,296
207,5,0.5500,1.0100,5.4140e+28,3.4567e+29,7.1990e+28,3.3438e+29,3.5983e+32,4.8675e+32,296
208,0,0.0000,0.0500,8.7000e+26,0.0000e+00,9.6000e+26,0.0000e+00,1.8671e+32,1.5346e+32,295
208,1,0.0500,0.1000,1.2100e+27,8.0000e+25,1.4100e+27,1.0000e+25,8.0371e+31,9.3534e+31,295
208,2,0.1000,0.2000,4.9000e+27,2.5700e+27,5.3100e+27,5.1000e+26,1.7227e+32,2.0268e+32,295
208,3,0.2000,0.3500,9.6500e+27,1.0980e+28,1.4170e+28,6.2600e+27,1.7037e+32,2.6410e+32,295
208,4,0.3500,0.5500,1.7520e+28,4.3230e+28,2.6820e+28,3.3350e+28,1.9411e+32,3.0617e+32,295
208,5,0.5500,1.0100,5.0220e+28,3.2932e+29,7.1950e+28,3.5056e+29,3.3822e+32,4.8722e+32,295
209,0,0.0000,0.0500,1.1800e+27,0.0000e+00,9.3000e+26,0.0000e+00,1.8188e+32,1.7293e+32,293
209,1,0.0500,0.1000,1.2800e+27,1.3000e+26,1.4200e+27,2.0000e+25,7.0376e+31,7.8317e+31,293
209,2,0.1000,0.2000,4.8200e+27,2.2800e+27,5.5800e+27,4.9000e+26,1.6331e+32,2.0236e+32,293
209,3,0.2000,0.3500,9.4300e+27,1.1130e+28,1.3920e+28,6.4700e+27,1.8014e+32,2.6331e+32,293
209,4,0.3500,0.5500,1.7140e+28,4.4600e+28,2.7730e+28,3.5920e+28,2.0088e+32,3.1279e+32,293
209,5,0.5500,1.0100,5.2400e+28,3.4300e+29,7.0650e+28,3.4644e+29,3.3750e+32,4.6422e+32,293
210,0,0.0000,0.0500,9.7000e+26,0.0000e+00,1.1100e+27,0.0000e+00,1.5761e+32,1.8426e+32,293
210,1,0.0500,0.1000,1.1900e+27,1.0000e+26,1.3600e+27,3.0000e+25,8.3321e+31,7.9889e+31,293
210,2,0.1000,0.2000,4.5200e+27,2.9200e+27,6.3100e+27,4.9000e+26,1.6342e+32,2.1384e+32,293
210,3,0.2000,0.3500,1.0180e+28,1.3080e+28,1.3100e+28,6.0300e+27,1.8825e+32,2.4391e+32,293
210,4,0.3500,0.5500,1.7830e+28,4.6010e+28,2.8250e+28,3.5150e+28,2.0116e+32,3.0959e+32,293
210,5,0.5500,1.0100,5.2770e+28,3.4738e+29,6.9050e+28,3.3501e+29,3.3987e+32,4.5951e+32,293
211,0,0.0000,0.0500,8.8000e+26,0.0000e+00,9.3000e+26,0.0000e+00,1.3729e+32,1.8645e+32,290
211,1,0.0500,0.1000,1.4600e+27,1.2000e+26,1.3900e+27,0.0000e+00,9.5998e+31,8.9497e+31,290
211,2,0.1000,0.2000,4.2300e+27,2.7100e+27,6.6500e+27,5.9000e+26,1.6149e+32,2.1558e+32,290
211,3,0.2000,0.3500,1.0610e+28,1.2870e+28,1.3300e+28,6.7200e+27,1.8703e+32,2.4857e+32,290
211,4,0.3500,0.5500,1.7740e+28,4.2060e+28,2.5640e+28,3.2310e+28,1.9213e+32,2.8642e+32,290
211,5,0.5500,1.0100,5.3010e+28,3.6184e+29,6.8240e+28,3.1600e+29,3.4705e+32,4.4691e+32,290
212,0,0.0000,0.0500,6.4000e+26,0.0000e+00,1.0600e+27,0.0000e+00,1.8405e+32,1.5484e+32,290
212,1,0.0500,0.1000,1.4500e+27,8.0000e+25,1.5300e+27,3.0000e+25,9.3042e+31,1.0202e+32,290
212,2,0.1000,0.2000,4.6900e+27,2.5600e+27,5.9700e+27,6.5000e+26,1.6451e+32,2.0822e+32,290
212,3,0.2000,0.3500,9.7700e+27,1.2760e+28,1.4580e+28,6.3900e+27,1.7443e+32,2.6690e+32,290
212,4,0.3500,0.5500,1.5680e+28,4.0620e+28,2.7020e+28,3.6990e+28,1.7871e+32,2.9611e+32,290
212,5,0.5500,1.0100,4.8320e+28,3.3035e+29,7.1420e+28,3.5949e+29,3.1720e+32,4.6955e+32,290
213,0,0.0000,0.0500,9.8000e+26,0.0000e+00,9.2000e+26,0.0000e+00,1.8685e+32,1.6046e+32,288
213,1,0.0500,0.1000,1.3200e+27,1.5000e+26,1.6100e+27,2.0000e+25,7.7132e+31,9.6913e+31,288
213,2,0.1000,0.2000,5.2400e+27,2.8600e+27,6.1200e+27,6.7000e+26,1.7227e+32,2.0727e+32,288
213,3,0.2000,0.3500,8.5500e+27,1.1640e+28,1.5060e+28,7.0200e+27,1.6512e+32,2.6845e+32,288
213,4,0.3500,0.5500,1.6020e+28,4.3760e+28,2.7460e+28,3.7800e+28,1.8904e+32,3.0523e+32,288
213,5,0.5500,1.0100,4.8500e+28,3.3639e+29,6.8570e+28,3.4976e+29,3.1228e+32,4.5023e+32,288
214,0,0.0000,0.0500,1.0800e+27,0.0000e+00,1.1300e+27,1.0000e+25,1.8010e+32,1.8362e+32,287
214,1,0.0500,0.1000,1.1200e+27,8.0000e+25,1.1500e+27,2.0000e+25,7.1074e+31,8.2322e+31,287
214,2,0.1000,0.2000,5.0700e+27,2.7500e+27,5.4200e+27,6.4000e+26,1.6218e+32,2.0723e+32,287
214,3,0.2000,0.3500,1.0160e+28,1.2260e+28,1.3570e+28,6.2000e+27,1.8070e+32,2.6427e+32,287
214,4,0.3500,0.5500,1.7390e+28,4.5460e+28,2.8030e+28,3.7520e+28,1.9297e+32,3.0854e+32,287
214,5,0.5500,1.0100,4.8590e+28,3.4852e+29,6.7280e+28,3.4186e+29,3.1162e+32,4.3429e+32,287
215,0,0.0000,0.0500,7.5000e+26,0.0000e+00,1.0100e+27,0.0000e+00,1.5024e+32,1.8945e+32,286
215,1,0.0500,0.1000,1.3000e+27,9.0000e+25,1.3400e+27,1.0000e+25,9.1320e+31,8.7576e+31,286
215,2,0.1000,0.2000,4.7800e+27,2.8400e+27,6.8400e+27,6.3000e+26,1.6235e+32,2.2168e+32,286
215,3,0.2000,0.3500,1.0170e+28,1.3320e+28,1.3870e+28,6.4100e+27,1.8410e+32,2.4407e+32,286
215,4,0.3500,0.5500,1.7940e+28,4.6650e+28,2.6510e+28,3.7050e+28,1.9061e+32,3.0198e+32,286
215,5,0.5500,1.0100,5.0780e+28,3.4979e+29,6.5380e+28,3.3725e+29,3.1541e+32,4.2820e+32,286
216,0,0.0000,0.0500,1.0000e+27,0.0000e+00,8.5000e+26,0.0000e+00,1.3805e+32,1.8968e+32,284
216,1,0.0500,0.1000,1.4400e+27,7.0000e+25,1.8400e+27,2.0000e+25,9.9650e+31,1.0103e+32,284
216,2,0.1000,0.2000,5.4900e+27,3.3100e+27,6.3300e+27,6.8000e+26,1.6160e+32,2.1655e+32,284
216,3,0.2000,0.3500,9.9800e+27,1.3180e+28,1.3700e+28,6.7300e+27,1.8309e+32,2.5480e+32,284
216,4,0.3500,0.5500,1.6670e+28,4.4770e+28,2.5710e+28,3.4560e+28,1.8299e+32,2.8095e+32,284
216,5,0.5500,1.0100,5.0460e+28,3.6349e+29,6.3350e+28,3.3464e+29,3.2080e+32,4.1854e+32,284
217,0,0.0000,0.0500,9.1000e+26,0.0000e+00,8.1000e+26,0.0000e+00,1.9433e+32,1.5129e+32,282
217,1,0.0500,0.1000,1.6500e+27,1.6000e+26,1.8300e+27,1.0000e+25,9.2689e+31,1.0989e+32,282
217,2,0.1000,0.2000,5.2400e+27,3.0000e+27,6.2500e+27,7.1000e+26,1.6575e+32,2.0834e+32,282
217,3,0.2000,0.3500,9.4500e+27,1.2970e+28,1.4550e+28,7.1600e+27,1.6855e+32,2.6954e+32,282
217,4,0.3500,0.5500,1.5580e+28,4.2220e+28,2.7020e+28,3.7770e+28,1.7077e+32,2.9058e+32,282
217,5,0.5500,1.0100,4.5260e+28,3.2550e+29,6.6440e+28,3.6673e+29,2.8881e+32,4.3638e+32,282
218,0,0.0000,0.0500,1.2500e+27,0.0000e+00,9.3000e+26,2.0000e+25,1.8938e+32,1.6439e+32,281
218,1,0.0500,0.1000,1.3000e+27,1.5000e+26,1.5300e+27,0.0000e+00,7.8176e+31,1.0235e+32,281
218,2,0.1000,0.2000,5.4500e+27,3.2900e+27,6.6600e+27,7.7000e+26,1.7277e+32,2.0892e+32,281
218,3,0.2000,0.3500,9.4500e+27,1.1930e+28,1.4760e+28,7.0200e+27,1.6259e+32,2.6962e+32,281
218,4,0.3500,0.5500,1.7140e+28,4.4690e+28,2.7700e+28,3.9470e+28,1.8373e+32,2.9980e+32,281
218,5,0.5500,1.0100,4.6490e+28,3.3001e+29,6.3990e+28,3.5385e+29,2.9009e+32,4.1328e+32,281
219,0,0.0000,0.0500,1.1000e+27,0.0000e+00,1.3500e+27,0.0000e+00,1.8163e+32,1.8905e+32,280
219,1,0.0500,0.1000,9.8000e+26,1.5000e+26,1.2600e+27,2.0000e+25,7.2897e+31,8.7569e+31,280
219,2,0.1000,0.2000,4.4200e+27,2.8400e+27,6.0700e+27,8.1000e+26,1.6340e+32,2.0799e+32,280
219,3,0.2000,0.3500,1.0280e+28,1.3320e+28,1.4110e+28,6.8100e+27,1.7889e+32,2.6480e+32,280
219,4,0.3500,0.5500,1.7300e+28,4.9410e+28,2.6810e+28,4.1650e+28,1.8653e+32,3.0146e+32,280
219,5,0.5500,1.0100,4.5510e+28,3.4223e+29,6.2840e+28,3.3396e+29,2.8859e+32,3.9958e+32,280
220,0,0.0000,0.0500,9.9000e+26,0.0000e+00,9.4000e+26,0.0000e+00,1.5048e+32,1.9343e+32,278
220,1,0.0500,0.1000,1.3800e+27,1.6000e+26,1.5400e+27,1.0000e+25,9.3789e+31,9.3464e+31,278
220,2,0.1000,0.2000,4.4100e+27,2.9900e+27,7.3500e+27,9.0000e+26,1.6302e+32,2.2267e+32,278
220,3,0.2000,0.3500,1.0110e+28,1.4360e+28,1.3770e+28,6.7300e+27,1.8093e+32,2.4252e+32,278
220,4,0.3500,0.5500,1.7080e+28,4.9320e+28,2.7560e+28,3.8860e+28,1.8341e+32,2.9361e+32,278
220,5,0.5500,1.0100,4.7210e+28,3.5359e+29,6.1100e+28,3.3313e+29,2.9175e+32,3.9158e+32,278
221,0,0.0000,0.0500,8.7000e+26,0.0000e+00,1.0400e+27,0.0000e+00,1.3440e+32,1.9661e+32,276
221,1,0.0500,0.1000,1.6400e+27,1.5000e+26,1.8200e+27,1.0000e+25,1.0238e+32,1.0634e+32,276
221,2,0.1000,0.2000,5.1200e+27,2.9600e+27,6.6800e+27,7.7000e+26,1.6181e+32,2.1752e+32,276
221,3,0.2000,0.3500,1.0430e+28,1.3930e+28,1.4550e+28,7.3000e+27,1.8087e+32,2.5191e+32,276
221,4,0.3500,0.5500,1.7320e+28,4.4950e+28,2.5580e+28,3.6530e+28,1.7688e+32,2.7168e+32,276
221,5,0.5500,1.0100,4.8060e+28,3.6141e+29,5.8940e+28,3.3196e+29,2.9826e+32,3.8116e+32,276
222,0,0.0000,0.0500,9.3000e+26,0.0000e+00,9.9000e+26,0.0000e+00,1.9768e+32,1.5198e+32,275
222,1,0.0500,0.1000,1.5100e+27,1.5000e+26,1.9800e+27,0.0000e+00,9.7901e+31,1.1586e+32,275
222,2,0.1000,0.2000,5.0300e+27,3.0200e+27,6.3200e+27,8.9000e+26,1.6538e+32,2.0960e+32,275
222,3,0.2000,0.3500,1.0150e+28,1.3590e+28,1.5600e+28,7.7700e+27,1.6818e+32,2.6696e+32,275
222,4,0.3500,0.5500,1.6410e+28,4.5220e+28,2.6420e+28,4.1230e+28,1.6585e+32,2.7996e+32,275
222,5,0.5500,1.0100,4.3660e+28,3.2914e+29,6.4040e+28,3.6279e+29,2.6979e+32,3.9932e+32,275
223,0,0.0000,0.0500,9.6000e+26,0.0000e+00,9.5000e+26,0.0000e+00,1.9397e+32,1.6328e+32,274
223,1,0.0500,0.1000,1.3400e+27,1.0000e+26,1.7700e+27,2.0000e+25,8.2101e+31,1.0976e+32,274
223,2,0.1000,0.2000,5.3400e+27,3.4800e+27,6.6900e+27,6.7000e+26,1.7579e+32,2.0993e+32,274
223,3,0.2000,0.3500,8.6800e+27,1.2340e+28,1.4990e+28,7.7600e+27,1.6013e+32,2.6636e+32,274
223,4,0.3500,0.5500,1.6390e+28,4.6240e+28,2.7360e+28,4.2460e+28,1.7842e+32,2.8729e+32,274
223,5,0.5500,1.0100,4.4260e+28,3.4646e+29,6.0520e+28,3.5197e+29,2.7030e+32,3.7920e+32,274
224,0,0.0000,0.0500,1.1800e+27,0.0000e+00,1.1300e+27,0.0000e+00,1.8776e+32,1.8729e+32,271
224,1,0.0500,0.1000,1.1400e+27,7.0000e+25,1.3900e+27,1.0000e+25,7.4019e+31,9.1043e+31,271
224,2,0.1000,0.2000,4.6900e+27,2.7600e+27,6.4600e+27,8.8000e+26,1.6324e+32,2.0712e+32,271
224,3,0.2000,0.3500,1.0070e+28,1.3810e+28,1.4950e+28,7.5000e+27,1.7483e+32,2.6312e+32,271
224,4,0.3500,0.5500,1.7480e+28,4.8820e+28,2.7320e+28,4.0580e+28,1.8107e+32,2.8837e+32,271
224,5,0.5500,1.0100,4.4100e+28,3.4546e+29,5.6610e+28,3.4614e+29,2.6745e+32,3.6038e+32,271
225,0,0.0000,0.0500,9.7000e+26,0.0000e+00,1.1200e+27,2.0000e+25,1.5936e+32,1.9580e+32,270
225,1,0.0500,0.1000,1.3700e+27,2.3000e+26,1.3800e+27,3.0000e+25,9.0183e+31,9.5139e+31,270
225,2,0.1000,0.2000,4.9200e+27,3.1600e+27,6.9000e+27,9.1000e+26,1.6522e+32,2.1785e+32,270
225,3,0.2000,0.3500,1.0190e+28,1.4510e+28,1.4440e+28,7.2300e+27,1.7939e+32,2.4192e+32,270
225,4,0.3500,0.5500,1.7630e+28,5.0420e+28,2.6930e+28,4.0650e+28,1.8073e+32,2.8309e+32,270
225,5,0.5500,1.0100,4.4230e+28,3.6402e+29,5.7020e+28,3.4301e+29,2.6852e+32,3.5563e+32,270
226,0,0.0000,0.0500,8.0000e+26,0.0000e+00,9.3000e+26,0.0000e+00,1.3990e+32,1.9934e+32,269
226,1,0.0500,0.1000,1.6400e+27,1.8000e+26,1.9300e+27,6.0000e+25,1.0421e+32,1.0629e+32,269
226,2,0.1000,0.2000,5.3100e+27,3.0700e+27,7.0300e+27,7.9000e+26,1.6352e+32,2.2062e+32,269
226,3,0.2000,0.3500,1.0890e+28,1.4870e+28,1.4060e+28,7.7800e+27,1.8030e+32,2.4427e+32,269
226,4,0.3500,0.5500,1.7000e+28,4.7700e+28,2.5370e+28,3.7370e+28,1.7392e+32,2.6389e+32,269
226,5,0.5500,1.0100,4.4880e+28,3.7292e+29,5.5600e+28,3.3753e+29,2.7696e+32,3.4825e+32,269
227,0,0.0000,0.0500,8.4000e+26,0.0000e+00,9.2000e+26,0.0000e+00,1.7374e+32,1.6940e+32,267
227,1,0.0500,0.1000,1.8600e+27,1.9000e+26,1.8600e+27,2.0000e+25,1.0519e+32,1.1633e+32,267
227,2,0.1000,0.2000,5.4800e+27,3.2500e+27,6.7200e+27,1.0300e+27,1.6518e+32,2.1217e+32,267
227,3,0.2000,0.3500,1.0660e+28,1.5150e+28,1.4970e+28,8.3900e+27,1.7380e+32,2.5626e+32,267
227,4,0.3500,0.5500,1.6060e+28,4.7680e+28,2.4440e+28,4.0100e+28,1.6388e+32,2.5836e+32,267
227,5,0.5500,1.0100,4.3970e+28,3.6097e+29,5.7470e+28,3.6049e+29,2.6438e+32,3.5424e+32,267
228,0,0.0000,0.0500,9.3000e+26,0.0000e+00,8.4000e+26,0.0000e+00,1.9948e+32,1.5582e+32,265
228,1,0.0500,0.1000,1.6000e+27,2.3000e+26,2.0000e+27,2.0000e+25,9.1816e+31,1.1758e+32,265
228,2,0.1000,0.2000,5.6500e+27,3.5100e+27,6.6600e+27,9.3000e+26,1.7431e+32,2.0672e+32,265
228,3,0.2000,0.3500,9.6000e+27,1.4110e+28,1.5630e+28,8.0700e+27,1.6200e+32,2.5977e+32,265
228,4,0.3500,0.5500,1.5610e+28,4.8920e+28,2.4860e+28,4.2530e+28,1.6805e+32,2.6411e+32,265
228,5,0.5500,1.0100,4.1620e+28,3.5079e+29,5.7870e+28,3.6145e+29,2.5359e+32,3.4735e+32,265
229,0,0.0000,0.0500,1.1400e+27,0.0000e+00,1.0100e+27,0.0000e+00,1.9535e+32,1.7417e+32,264
229,1,0.0500,0.1000,1.2400e+27,2.2000e+26,1.6000e+27,4.0000e+25,8.0213e+31,1.0283e+32,264
229,2,0.1000,0.2000,5.2700e+27,3.5200e+27,6.5200e+27,9.0000e+26,1.7157e+32,2.0786e+32,264
229,3,0.2000,0.3500,9.8100e+27,1.4590e+28,1.4590e+28,8.2100e+27,1.6686e+32,2.5961e+32,264
229,4,0.3500,0.5500,1.6670e+28,5.1590e+28,2.7310e+28,4.5070e+28,1.7633e+32,2.7100e+32,264
229,5,0.5500,1.0100,4.1730e+28,3.6164e+29,5.5310e+28,3.5653e+29,2.5361e+32,3.2826e+32,264
230,0,0.0000,0.0500,1.2700e+27,0.0000e+00,1.2300e+27,0.0000e+00,1.8257e+32,1.9548e+32,262
230,1,0.0500,0.1000,1.4000e+27,1.9000e+26,1.6600e+27,0.0000e+00,7.7750e+31,9.3140e+31,262
230,2,0.1000,0.2000,5.4000e+27,3.4300e+27,6.5600e+27,8.5000e+26,1.6631e+32,2.0446e+32,262
230,3,0.2000,0.3500,1.0370e+28,1.5770e+28,1.4800e+28,8.3700e+27,1.7985e+32,2.5089e+32,262
230,4,0.3500,0.5500,1.7510e+28,5.6550e+28,2.5810e+28,4.4560e+28,1.7795e+32,2.6737e+32,262
230,5,0.5500,1.0100,4.2680e+28,3.6610e+29,5.4630e+28,3.5417e+29,2.5054e+32,3.2095e+32,262
231,0,0.0000,0.0500,7.0000e+26,0.0000e+00,1.1500e+27,0.0000e+00,1.5078e+32,1.9779e+32,260
231,1,0.0500,0.1000,1.7100e+27,1.4000e+26,1.8800e+27,3.0000e+25,1.0099e+32,9.9367e+31,260
231,2,0.1000,0.2000,5.2900e+27,3.3000e+27,6.8400e+27,1.2300e+27,1.6624e+32,2.2065e+32,260
231,3,0.2000,0.3500,1.1070e+28,1.5530e+28,1.3990e+28,7.9200e+27,1.7922e+32,2.2828e+32,260
231,4,0.3500,0.5500,1.7480e+28,5.4590e+28,2.5280e+28,4.5390e+28,1.7451e+32,2.6024e+32,260
231,5,0.5500,1.0100,4.3490e+28,3.8644e+29,5.2330e+28,3.4415e+29,2.5483e+32,3.1444e+32,260
232,0,0.0000,0.0500,8.8000e+26,0.0000e+00,1.0000e+27,0.0000e+00,1.3546e+32,2.0075e+32,258
232,1,0.0500,0.1000,1.6100e+27,2.8000e+26,2.1800e+27,5.0000e+25,1.0891e+32,1.1266e+32,258
232,2,0.1000,0.2000,5.4800e+27,3.5700e+27,7.3300e+27,1.1200e+27,1.6444e+32,2.1235e+32,258
232,3,0.2000,0.3500,1.0950e+28,1.5870e+28,1.5140e+28,9.1100e+27,1.7999e+32,2.3813e+32,258
232,4,0.3500,0.5500,1.6540e+28,5.1130e+28,2.4230e+28,4.1070e+28,1.6806e+32,2.3940e+32,258
232,5,0.5500,1.0100,4.4010e+28,3.8980e+29,5.0380e+28,3.3595e+29,2.6027e+32,3.0613e+32,258
233,0,0.0000,0.0500,1.1300e+27,0.0000e+00,8.4000e+26,0.0000e+00,1.9148e+32,1.5785e+32,257
233,1,0.0500,0.1000,2.0600e+27,3.5000e+26,2.2800e+27,4.0000e+25,1.0863e+32,1.2071e+32,257
233,2,0.1000,0.2000,5.9700e+27,3.8900e+27,7.2200e+27,1.0500e+27,1.6733e+32,2.0513e+32,257
233,3,0.2000,0.3500,1.1120e+28,1.5870e+28,1.5390e+28,9.6800e+27,1.7180e+32,2.4955e+32,257
233,4,0.3500,0.5500,1.5650e+28,5.0770e+28,2.3700e+28,4.2840e+28,1.5925e+32,2.4127e+32,257
233,5,0.5500,1.0100,4.1350e+28,3.7263e+29,5.1530e+28,3.6502e+29,2.4316e+32,3.1631e+32,257
234,0,0.0000,0.0500,1.2100e+27,0.0000e+00,1.1100e+27,0.0000e+00,2.0219e+32,1.5580e+32,255
234,1,0.0500,0.1000,1.3800e+27,2.1000e+26,1.9700e+27,2.0000e+25,9.2570e+31,1.1829e+32,255
234,2,0.1000,0.2000,6.0100e+27,4.3000e+27,6.8400e+27,1.0200e+27,1.7841e+32,2.0259e+32,255
234,3,0.2000,0.3500,1.0110e+28,1.5220e+28,1.5480e+28,8.9900e+27,1.6154e+32,2.4938e+32,255
234,4,0.3500,0.5500,1.7380e+28,5.4580e+28,2.5630e+28,4.5590e+28,1.6685e+32,2.4410e+32,255
234,5,0.5500,1.0100,4.0910e+28,3.7105e+29,5.2810e+28,3.7287e+29,2.3837e+32,3.0577e+32,255
235,0,0.0000,0.0500,1.0900e+27,0.0000e+00,9.6000e+26,0.0000e+00,1.9829e+32,1.7460e+32,254
235,1,0.0500,0.1000,1.4700e+27,2.5000e+26,1.6000e+27,1.0000e+25,8.2298e+31,1.0324e+32,254
235,2,0.1000,0.2000,5.6900e+27,4.3800e+27,6.7200e+27,9.4000e+26,1.7364e+32,2.0258e+32,254
235,3,0.2000,0.3500,1.0220e+28,1.4210e+28,1.5140e+28,9.2000e+27,1.6841e+32,2.4936e+32,254
235,4,0.3500,0.5500,1.7010e+28,5.5220e+28,2.4820e+28,4.7880e+28,1.7372e+32,2.5043e+32,254
235,5,0.5500,1.0100,4.2970e+28,3.8802e+29,4.8500e+28,3.6039e+29,2.3855e+32,2.8948e+32,254
236,0,0.0000,0.0500,1.3800e+27,0.0000e+00,1.1700e+27,0.0000e+00,1.8703e+32,1.9593e+32,252
236,1,0.0500,0.1000,1.5500e+27,2.1000e+26,1.7900e+27,3.0000e+25,7.8565e+31,9.2772e+31,252
236,2,0.1000,0.2000,5.4200e+27,3.9700e+27,6.9600e+27,9.2000e+26,1.6872e+32,1.9871e+32,252
236,3,0.2000,0.3500,1.0970e+28,1.6300e+28,1.4500e+28,8.5100e+27,1.8039e+32,2.4082e+32,252
236,4,0.3500,0.5500,1.8690e+28,6.1660e+28,2.5500e+28,4.5750e+28,1.7533e+32,2.4697e+32,252
236,5,0.5500,1.0100,4.1200e+28,3.9307e+29,4.8330e+28,3.5434e+29,2.3544e+32,2.8245e+32,252
237,0,0.0000,0.0500,1.0700e+27,0.0000e+00,1.1600e+27,0.0000e+00,1.5512e+32,1.9798e+32,250
237,1,0.0500,0.1000,1.6600e+27,2.9000e+26,1.9700e+27,3.0000e+25,1.0141e+32,9.8760e+31,250
237,2,0.1000,0.2000,5.5500e+27,3.6000e+27,7.6700e+27,1.2000e+27,1.6854e+32,2.1295e+32,250
237,3,0.2000,0.3500,1.1270e+28,1.7480e+28,1.3870e+28,8.6300e+27,1.8093e+32,2.1782e+32,250
237,4,0.3500,0.5500,1.8070e+28,6.0390e+28,2.4480e+28,4.5670e+28,1.7259e+32,2.4200e+32,250
237,5,0.5500,1.0100,4.1980e+28,3.9776e+29,4.7390e+28,3.5188e+29,2.3746e+32,2.7664e+32,250
238,0,0.0000,0.0500,9.4000e+26,0.0000e+00,1.0800e+27,0.0000e+00,1.3934e+32,2.0094e+32,248
238,1,0.0500,0.1000,1.9600e+27,3.3000e+26,2.0400e+27,4.0000e+25,1.1097e+32,1.1011e+32,248
238,2,0.1000,0.2000,5.4400e+27,3.9900e+27,7.5900e+27,1.0900e+27,1.6655e+32,2.0786e+32,248
238,3,0.2000,0.3500,1.1490e+28,1.7920e+28,1.4900e+28,8.7200e+27,1.8145e+32,2.2439e+32,248
238,4,0.3500,0.5500,1.6650e+28,6.0080e+28,2.3150e+28,4.3070e+28,1.6567e+32,2.2193e+32,248
238,5,0.5500,1.0100,4.2740e+28,4.2246e+29,4.7180e+28,3.4852e+29,2.4222e+32,2.6959e+32,248
239,0,0.0000,0.0500,8.3000e+26,0.0000e+00,9.3000e+26,0.0000e+00,1.6897e+32,1.7399e+32,247
239,1,0.0500,0.1000,2.3100e+27,3.9000e+26,2.2100e+27,2.0000e+25,1.1260e+32,1.1922e+32,247
239,2,0.1000,0.2000,5.4600e+27,3.8600e+27,6.4300e+27,1.0200e+27,1.6848e+32,2.0087e+32,247
239,3,0.2000,0.3500,1.1370e+28,1.8320e+28,1.5020e+28,9.0400e+27,1.7779e+32,2.3292e+32,247
239,4,0.3500,0.5500,1.6880e+28,5.7370e+28,2.2870e+28,4.4170e+28,1.5992e+32,2.1708e+32,247
239,5,0.5500,1.0100,4.2310e+28,4.1813e+29,4.7670e+28,3.6890e+29,2.3581e+32,2.7309e+32,247
240,0,0.0000,0.0500,8.7000e+26,0.0000e+00,1.0400e+27,0.0000e+00,2.0772e+32,1.4933e+32,245
240,1,0.0500,0.1000,1.9300e+27,4.4000e+26,2.0900e+27,1.0000e+25,1.0441e+32,1.1944e+32,245
240,2,0.1000,0.2000,6.2100e+27,4.1500e+27,6.6600e+27,1.2000e+27,1.7401e+32,1.9580e+32,245
240,3,0.2000,0.3500,1.0830e+28,1.8060e+28,1.4920e+28,9.6700e+27,1.6881e+32,2.3571e+32,245
240,4,0.3500,0.5500,1.6370e+28,5.8360e+28,2.3420e+28,4.8230e+28,1.5902e+32,2.2065e+32,245
240,5,0.5500,1.0100,3.9860e+28,3.8961e+29,4.8490e+28,3.7781e+29,2.2412e+32,2.7217e+32,245
241,0,0.0000,0.0500,1.1600e+27,0.0000e+00,1.3400e+27,0.0000e+00,2.0204e+32,1.5973e+32,243
241,1,0.0500,0.1000,1.6600e+27,4.1000e+26,1.9500e+27,4.0000e+25,8.9011e+31,1.1170e+32,243
241,2,0.1000,0.2000,6.4600e+27,4.7900e+27,6.6600e+27,1.1400e+27,1.8328e+32,1.9575e+32,243
241,3,0.2000,0.3500,1.0590e+28,1.6780e+28,1.5430e+28,1.0200e+28,1.6028e+32,2.3152e+32,243
241,4,0.3500,0.5500,1.8080e+28,6.3520e+28,2.3620e+28,4.8780e+28,1.7110e+32,2.2494e+32,243
241,5,0.5500,1.0100,3.9050e+28,3.8455e+29,4.5840e+28,3.6386e+29,2.2180e+32,2.5743e+32,243
242,0,0.0000,0.0500,1.2300e+27,0.0000e+00,1.3300e+27,0.0000e+00,2.0026e+32,1.8291e+32,242
242,1,0.0500,0.1000,1.5500e+27,2.8000e+26,1.7500e+27,4.0000e+25,8.0886e+31,9.2772e+31,242
242,2,0.1000,0.2000,5.7400e+27,4.6500e+27,6.6700e+27,1.3500e+27,1.6994e+32,1.9453e+32,242
242,3,0.2000,0.3500,1.1180e+28,1.8540e+28,1.4900e+28,9.6600e+27,1.7729e+32,2.3257e+32,242
242,4,0.3500,0.5500,1.8210e+28,6.8000e+28,2.3460e+28,5.0580e+28,1.7302e+32,2.2590e+32,242
242,5,0.5500,1.0100,3.9570e+28,3.9526e+29,4.3570e+28,3.6596e+29,2.1997e+32,2.4558e+32,242
243,0,0.0000,0.0500,1.3700e+27,1.0000e+25,1.5400e+27,1.0000e+25,1.7984e+32,1.9713e+32,240
243,1,0.0500,0.1000,1.7100e+27,2.3000e+26,1.7800e+27,3.0000e+25,8.5651e+31,9.0952e+31,240
243,2,0.1000,0.2000,5.6200e+27,4.3500e+27,6.8900e+27,1.1900e+27,1.7099e+32,1.9221e+32,240
243,3,0.2000,0.3500,1.1550e+28,1.9760e+28,1.4250e+28,9.9800e+27,1.8549e+32,2.1959e+32,240
243,4,0.3500,0.5500,1.9340e+28,7.1550e+28,2.3040e+28,4.6990e+28,1.7358e+32,2.2084e+32,240
243,5,0.5500,1.0100,3.8160e+28,4.0822e+29,4.3360e+28,3.6038e+29,2.1574e+32,2.4203e+32,240
244,0,0.0000,0.0500,9.9000e+26,0.0000e+00,1.0400e+27,0.0000e+00,1.5094e+32,1.9683e+32,238
244,1,0.0500,0.1000,1.7300e+27,4.3000e+26,1.6400e+27,7.0000e+25,1.0810e+32,9.6859e+31,238
244,2,0.1000,0.2000,6.1400e+27,3.9700e+27,7.1300e+27,1.7500e+27,1.7035e+32,2.0737e+32,238
244,3,0.2000,0.3500,1.2230e+28,1.9880e+28,1.3610e+28,9.5000e+27,1.8201e+32,1.9906e+32,238
244,4,0.3500,0.5500,1.9330e+28,7.0370e+28,2.3290e+28,4.9170e+28,1.6965e+32,2.1517e+32,238
244,5,0.5500,1.0100,4.0900e+28,4.2436e+29,4.2350e+28,3.6224e+29,2.2012e+32,2.3603e+32,238
245,0,0.0000,0.0500,8.7000e+26,0.0000e+00,1.1700e+27,0.0000e+00,1.3792e+32,1.9905e+32,236
245,1,0.0500,0.1000,2.2800e+27,3.7000e+26,2.2000e+27,2.0000e+25,1.1502e+32,1.0919e+32,236
245,2,0.1000,0.2000,6.1200e+27,4.2800e+27,7.1700e+27,1.3800e+27,1.6790e+32,1.9730e+32,236
245,3,0.2000,0.3500,1.1980e+28,2.0090e+28,1.4140e+28,1.0560e+28,1.8366e+32,2.0738e+32,236
245,4,0.3500,0.5500,1.7820e+28,6.9290e+28,2.1290e+28,4.7640e+28,1.6371e+32,1.9736e+32,236
245,5,0.5500,1.0100,4.1260e+28,4.3683e+29,4.1930e+28,3.5578e+29,2.2304e+32,2.3016e+32,236
246,0,0.0000,0.0500,1.0000e+27,1.0000e+25,9.7000e+26,0.0000e+00,1.6491e+32,1.7340e+32,235
246,1,0.0500,0.1000,2.4800e+27,3.9000e+26,2.1700e+27,2.0000e+25,1.1693e+32,1.1662e+32,235
246,2,0.1000,0.2000,5.9700e+27,4.3500e+27,7.0700e+27,1.4200e+27,1.6968e+32,1.9118e+32,235
246,3,0.2000,0.3500,1.1700e+28,2.1070e+28,1.4680e+28,1.0810e+28,1.8051e+32,2.1433e+32,235
246,4,0.3500,0.5500,1.7730e+28,6.9200e+28,2.1320e+28,4.7080e+28,1.5906e+32,1.9345e+32,235
246,5,0.5500,1.0100,3.9160e+28,4.3830e+29,4.1690e+28,3.6845e+29,2.1761e+32,2.3208e+32,235
247,0,0.0000,0.0500,8.9000e+26,0.0000e+00,9.6000e+26,0.0000e+00,2.0875e+32,1.4360e+32,233
247,1,0.0500,0.1000,2.3000e+27,6.6000e+26,2.2600e+27,4.0000e+25,1.1118e+32,1.1651e+32,233
247,2,0.1000,0.2000,6.2100e+27,4.8200e+27,6.4900e+27,1.0500e+27,1.7352e+32,1.8582e+32,233
247,3,0.2000,0.3500,1.1830e+28,1.9750e+28,1.4260e+28,1.1330e+28,1.7141e+32,2.1734e+32,233
247,4,0.3500,0.5500,1.6890e+28,6.8590e+28,2.1750e+28,5.1360e+28,1.5738e+32,1.9653e+32,233
247,5,0.5500,1.0100,3.7840e+28,4.1506e+29,4.3320e+28,3.9051e+29,2.0624e+32,2.3315e+32,233
248,0,0.0000,0.0500,1.1600e+27,0.0000e+00,8.9000e+26,0.0000e+00,2.0471e+32,1.5133e+32,232
248,1,0.0500,0.1000,1.7000e+27,3.8000e+26,2.0400e+27,6.0000e+25,9.3639e+31,1.1256e+32,232
248,2,0.1000,0.2000,6.8900e+27,5.3900e+27,6.8200e+27,1.3600e+27,1.8779e+32,1.8674e+32,232
248,3,0.2000,0.3500,1.0810e+28,1.9740e+28,1.5030e+28,1.1980e+28,1.6218e+32,2.1355e+32,232
248,4,0.3500,0.5500,1.8820e+28,7.1140e+28,2.2020e+28,5.1220e+28,1.6922e+32,1.9894e+32,232
248,5,0.5500,1.0100,3.8030e+28,4.2363e+29,4.2240e+28,3.9168e+29,2.0492e+32,2.2369e+32,232
249,0,0.0000,0.0500,1.2000e+27,0.0000e+00,1.0700e+27,0.0000e+00,2.0020e+32,1.6885e+32,229
249,1,0.0500,0.1000,1.6700e+27,6.0000e+26,1.6000e+27,4.0000e+25,8.5858e+31,9.5540e+31,229
249,2,0.1000,0.2000,6.1700e+27,4.9400e+27,6.9100e+27,1.2900e+27,1.7539e+32,1.8408e+32,229
249,3,0.2000,0.3500,1.1960e+28,2.0140e+28,1.4450e+28,1.0740e+28,1.7246e+32,2.1341e+32,229
249,4,0.3500,0.5500,1.8830e+28,7.6030e+28,2.1990e+28,5.6040e+28,1.7111e+32,2.0012e+32,229
249,5,0.5500,1.0100,3.8790e+28,4.3585e+29,3.9930e+28,3.8831e+29,2.0260e+32,2.0939e+32,229
250,0,0.0000,0.0500,1.4800e+27,0.0000e+00,1.3200e+27,0.0000e+00,1.9404e+32,1.8861e+32,228
250,1,0.0500,0.1000,1.4600e+27,4.7000e+26,1.5200e+27,6.0000e+25,8.0028e+31,8.4906e+31,228
250,2,0.1000,0.2000,6.3000e+27,4.3700e+27,6.6700e+27,1.1400e+27,1.7087e+32,1.7976e+32,228
250,3,0.2000,0.3500,1.2120e+28,2.1550e+28,1.4430e+28,1.0890e+28,1.8368e+32,2.0790e+32,228
250,4,0.3500,0.5500,1.9790e+28,7.9930e+28,2.1710e+28,5.2950e+28,1.7354e+32,1.9835e+32,228
250,5,0.5500,1.0100,3.8500e+28,4.4353e+29,3.8760e+28,3.7343e+29,1.9964e+32,2.0589e+32,228
251,0,0.0000,0.0500,1.2100e+27,1.0000e+25,1.3200e+27,0.0000e+00,1.6763e+32,1.9271e+32,227
251,1,0.0500,0.1000,1.7400e+27,2.8000e+26,1.7400e+27,1.0000e+25,9.6642e+31,8.8905e+31,227
251,2,0.1000,0.2000,6.3300e+27,3.8500e+27,6.6300e+27,1.3200e+27,1.7314e+32,1.8571e+32,227
251,3,0.2000,0.3500,1.2790e+28,2.1820e+28,1.2680e+28,9.9700e+27,1.8695e+32,1.9399e+32,227
251,4,0.3500,0.5500,1.9650e+28,8.5430e+28,2.2080e+28,5.4410e+28,1.7297e+32,1.9440e+32,227
251,5,0.5500,1.0100,3.7440e+28,4.5827e+29,3.8220e+28,3.7914e+29,1.9845e+32,2.0357e+32,227
252,0,0.0000,0.0500,1.0500e+27,0.0000e+00,1.2400e+27,0.0000e+00,1.4576e+32,1.9338e+32,225
252,1,0.0500,0.1000,1.9600e+27,3.3000e+26,1.8500e+27,3.0000e+25,1.1212e+32,9.3561e+31,225
252,2,0.1000,0.2000,6.2200e+27,4.3500e+27,7.4100e+27,1.7700e+27,1.7254e+32,1.9519e+32,225
252,3,0.2000,0.3500,1.2690e+28,2.2290e+28,1.2880e+28,1.0510e+28,1.8379e+32,1.8112e+32,225
252,4,0.3500,0.5500,1.8530e+28,8.3230e+28,2.1250e+28,5.4320e+28,1.6766e+32,1.8766e+32,225
252,5,0.5500,1.0100,3.8620e+28,4.5638e+29,3.6820e+28,3.6104e+29,2.0297e+32,1.9738e+32,225
253,0,0.0000,0.0500,1.0500e+27,0.0000e+00,1.1100e+27,0.0000e+00,1.3569e+32,1.9450e+32,223
253,1,0.0500,0.1000,2.1800e+27,3.8000e+26,2.2500e+27,7.0000e+25,1.1636e+32,1.0694e+32,223
253,2,0.1000,0.2000,6.6500e+27,4.9500e+27,7.3300e+27,1.7700e+27,1.6964e+32,1.8213e+32,223
253,3,0.2000,0.3500,1.3150e+28,2.4220e+28,1.3400e+28,1.0970e+28,1.8512e+32,1.8823e+32,223
253,4,0.3500,0.5500,1.8820e+28,8.1430e+28,1.9760e+28,4.9510e+28,1.6300e+32,1.7347e+32,223
253,5,0.5500,1.0100,3.8790e+28,4.8493e+29,3.6120e+28,3.5357e+29,2.0395e+32,1.9215e+32,223
254,0,0.0000,0.0500,9.1000e+26,0.0000e+00,8.9000e+26,0.0000e+00,1.5745e+32,1.7225e+32,221
254,1,0.0500,0.1000,2.3500e+27,5.3000e+26,1.9800e+27,1.0000e+26,1.1830e+32,1.1096e+32,221
254,2,0.1000,0.2000,6.4100e+27,5.4500e+27,7.0200e+27,1.8100e+27,1.7059e+32,1.7628e+32,221
254,3,0.2000,0.3500,1.2890e+28,2.4900e+28,1.4090e+28,1.1370e+28,1.8192e+32,1.9279e+32,221
254,4,0.3500,0.5500,1.8570e+28,8.0320e+28,1.9800e+28,4.9690e+28,1.5832e+32,1.6950e+32,221
254,5,0.5500,1.0100,3.7960e+28,4.7808e+29,3.6660e+28,3.7466e+29,1.9880e+32,1.9162e+32,221
255,0,0.0000,0.0500,9.8000e+26,0.0000e+00,1.0800e+27,0.0000e+00,2.1052e+32,1.3532e+32,220
255,1,0.0500,0.1000,2.3000e+27,7.1000e+26,2.1400e+27,9.0000e+25,1.1550e+32,1.1171e+32,220
255,2,0.1000,0.2000,7.1500e+27,5.6300e+27,6.3000e+27,1.7800e+27,1.7406e+32,1.7214e+32,220
255,3,0.2000,0.3500,1.2190e+28,2.4990e+28,1.4040e+28,1.2140e+28,1.7319e+32,1.9651e+32,220
255,4,0.3500,0.5500,1.8480e+28,7.9220e+28,2.0000e+28,5.3710e+28,1.5567e+32,1.7296e+32,220
255,5,0.5500,1.0100,3.7420e+28,4.5657e+29,3.7390e+28,4.0869e+29,1.8861e+32,1.9566e+32,220
256,0,0.0000,0.0500,1.2400e+27,0.0000e+00,1.2200e+27,0.0000e+00,2.0755e+32,1.4283e+32,219
256,1,0.0500,0.1000,2.0200e+27,5.5000e+26,1.8900e+27,7.0000e+25,9.7839e+31,1.0899e+32,219
256,2,0.1000,0.2000,7.2100e+27,6.1300e+27,6.4900e+27,1.6500e+27,1.8560e+32,1.7123e+32,219
256,3,0.2000,0.3500,1.1510e+28,2.3330e+28,1.4100e+28,1.2680e+28,1.6780e+32,1.9464e+32,219
256,4,0.3500,0.5500,1.9530e+28,8.5840e+28,2.0440e+28,5.7370e+28,1.6443e+32,1.7298e+32,219
256,5,0.5500,1.0100,3.7020e+28,4.6807e+29,3.6700e+28,3.9736e+29,1.8813e+32,1.8754e+32,219
257,0,0.0000,0.0500,1.1600e+27,0.0000e+00,1.1800e+27,0.0000e+00,2.0153e+32,1.5189e+32,217
257,1,0.0500,0.1000,1.9500e+27,6.0000e+26,1.9700e+27,7.0000e+25,9.1314e+31,1.0076e+32,217
257,2,0.1000,0.2000,7.1300e+27,5.1400e+27,6.9300e+27,1.5500e+27,1.8602e+32,1.7054e+32,217
257,3,0.2000,0.3500,1.2030e+28,2.2200e+28,1.3860e+28,1.2180e+28,1.6401e+32,1.9108e+32,217
257,4,0.3500,0.5500,1.9990e+28,8.8140e+28,2.1450e+28,5.8980e+28,1.7157e+32,1.7611e+32,217
257,5,0.5500,1.0100,3.8330e+28,4.8316e+29,3.5850e+28,4.0496e+29,1.8625e+32,1.7758e+32,217
258,0,0.0000,0.0500,1.4200e+27,0.0000e+00,1.2700e+27,1.0000e+25,2.0001e+32,1.7044e+32,215
258,1,0.0500,0.1000,1.7700e+27,5.1000e+26,1.7700e+27,9.0000e+25,8.3835e+31,8.2773e+31,215
258,2,0.1000,0.2000,6.7300e+27,5.0200e+27,6.3700e+27,1.6500e+27,1.7203e+32,1.6921e+32,215
258,3,0.2000,0.3500,1.3260e+28,2.3550e+28,1.3790e+28,1.2330e+28,1.7943e+32,1.9138e+32,215
258,4,0.3500,0.5500,2.0190e+28,9.1550e+28,2.1660e+28,5.9970e+28,1.7076e+32,1.7451e+32,215
258,5,0.5500,1.0100,3.6300e+28,4.8993e+29,3.4370e+28,4.0379e+29,1.8381e+32,1.6998e+32,215
259,0,0.0000,0.0500,1.7300e+27,0.0000e+00,1.2000e+27,0.0000e+00,1.9009e+32,1.8320e+32,213
259,1,0.0500,0.1000,1.6400e+27,4.7000e+26,1.7700e+27,1.2000e+26,8.0290e+31,7.8734e+31,213
259,2,0.1000,0.2000,7.0200e+27,4.4600e+27,6.4700e+27,1.6200e+27,1.7195e+32,1.6354e+32,213
259,3,0.2000,0.3500,1.3510e+28,2.5360e+28,1.3530e+28,1.1700e+28,1.8525e+32,1.8398e+32,213
259,4,0.3500,0.5500,2.0620e+28,9.8680e+28,2.0630e+28,5.8810e+28,1.7157e+32,1.7164e+32,213
259,5,0.5500,1.0100,3.6230e+28,4.9666e+29,3.3320e+28,4.0538e+29,1.8006e+32,1.6751e+32,213
260,0,0.0000,0.0500,1.1200e+27,1.0000e+25,1.1800e+27,0.0000e+00,1.6490e+32,1.8431e+32,212
260,1,0.0500,0.1000,1.7400e+27,4.2000e+26,1.7500e+27,3.0000e+25,9.8873e+31,8.2611e+31,212
260,2,0.1000,0.2000,6.5300e+27,5.0900e+27,6.7400e+27,1.5000e+27,1.7222e+32,1.6932e+32,212
260,3,0.2000,0.3500,1.3880e+28,2.5660e+28,1.2490e+28,1.1050e+28,1.8757e+32,1.7273e+32,212
260,4,0.3500,0.5500,2.1550e+28,9.8830e+28,2.0510e+28,5.8900e+28,1.7071e+32,1.6874e+32,212
260,5,0.5500,1.0100,3.6720e+28,5.1496e+29,3.2870e+28,4.1172e+29,1.7861e+32,1.6577e+32,212
261,0,0.0000,0.0500,1.2400e+27,0.0000e+00,1.1400e+27,0.0000e+00,1.4617e+32,1.8477e+32,211
261,1,0.0500,0.1000,2.3700e+27,5.6000e+26,1.7500e+27,1.5000e+26,1.1254e+32,8.6660e+31,211
261,2,0.1000,0.2000,7.0900e+27,5.6300e+27,7.2800e+27,1.9100e+27,1.7291e+32,1.7919e+32,211
261,3,0.2000,0.3500,1.4740e+28,2.6260e+28,1.1570e+28,1.0790e+28,1.8412e+32,1.6017e+32,211
261,4,0.3500,0.5500,2.0120e+28,9.5100e+28,2.0120e+28,5.6790e+28,1.6696e+32,1.6555e+32,211
261,5,0.5500,1.0100,3.8120e+28,5.2486e+29,3.2880e+28,4.0050e+29,1.8350e+32,1.6165e+32,211
262,0,0.0000,0.0500,9.9000e+26,2.0000e+25,1.0200e+27,0.0000e+00,1.3655e+32,1.8651e+32,209
262,1,0.0500,0.1000,2.5100e+27,5.2000e+26,1.9600e+27,7.0000e+25,1.1902e+32,9.4316e+31,209
262,2,0.1000,0.2000,7.1200e+27,5.6000e+27,7.3000e+27,1.9900e+27,1.6784e+32,1.6832e+32,209
262,3,0.2000,0.3500,1.4320e+28,3.0170e+28,1.3200e+28,1.2760e+28,1.8633e+32,1.6723e+32,209
262,4,0.3500,0.5500,1.9870e+28,9.6070e+28,1.8460e+28,5.8870e+28,1.6122e+32,1.5374e+32,209
262,5,0.5500,1.0100,3.8080e+28,5.3216e+29,3.2770e+28,3.9389e+29,1.8381e+32,1.5806e+32,209
263,0,0.0000,0.0500,1.1700e+27,0.0000e+00,1.0200e+27,0.0000e+00,1.2664e+32,1.8694e+32,207
263,1,0.0500,0.1000,2.5100e+27,6.1000e+26,2.2800e+27,5.0000e+25,1.1779e+32,1.0137e+32,207
263,2,0.1000,0.2000,7.0700e+27,5.6800e+27,7.0100e+27,1.7300e+27,1.7044e+32,1.6307e+32,207
263,3,0.2000,0.3500,1.4100e+28,3.0780e+28,1.3180e+28,1.4260e+28,1.8473e+32,1.6779e+32,207
263,4,0.3500,0.5500,1.9090e+28,9.9930e+28,1.7360e+28,5.5340e+28,1.5950e+32,1.4627e+32,207
263,5,0.5500,1.0100,3.7770e+28,5.3810e+29,3.0790e+28,3.9471e+29,1.8437e+32,1.5316e+32,207
264,0,0.0000,0.0500,1.0800e+27,0.0000e+00,9.4000e+26,1.0000e+25,1.8750e+32,1.3979e+32,206
264,1,0.0500,0.1000,2.6900e+27,6.6000e+26,2.0900e+27,1.5000e+26,1.1742e+32,1.0539e+32,206
264,2,0.1000,0.2000,6.9900e+27,6.2400e+27,6.3300e+27,1.6100e+27,1.7119e+32,1.5731e+32,206
264,3,0.2000,0.3500,1.3460e+28,3.1250e+28,1.3820e+28,1.3770e+28,1.8000e+32,1.7412e+32,206
264,4,0.3500,0.5500,1.8180e+28,9.2050e+28,1.9090e+28,5.7650e+28,1.5431e+32,1.4797e+32,206
264,5,0.5500,1.0100,3.6230e+28,5.2084e+29,3.3170e+28,4.3573e+29,1.7338e+32,1.5887e+32,206
265,0,0.0000,0.0500,1.1400e+27,0.0000e+00,1.0800e+27,0.0000e+00,2.0645e+32,1.2703e+32,204
265,1,0.0500,0.1000,2.8700e+27,1.1100e+27,2.0400e+27,1.1000e+26,1.1684e+32,1.0201e+32,204
265,2,0.1000,0.2000,7.1200e+27,6.7100e+27,6.5400e+27,2.2500e+27,1.7240e+32,1.5461e+32,204
265,3,0.2000,0.3500,1.3400e+28,3.0570e+28,1.3130e+28,1.4580e+28,1.7294e+32,1.7335e+32,204
265,4,0.3500,0.5500,1.9330e+28,9.5720e+28,1.9440e+28,6.1670e+28,1.5363e+32,1.4895e+32,204
265,5,0.5500,1.0100,3.4890e+28,5.0464e+29,3.1830e+28,4.4045e+29,1.6828e+32,1.5616e+32,204
266,0,0.0000,0.0500,1.3000e+27,0.0000e+00,1.0600e+27,0.0000e+00,2.0551e+32,1.3214e+32,203
266,1,0.0500,0.1000,2.2300e+27,5.8000e+26,2.0200e+27,1.6000e+26,9.7804e+31,1.0022e+32,203
266,2,0.1000,0.2000,7.5200e+27,6.5900e+27,6.7700e+27,1.8900e+27,1.8356e+32,1.5392e+32,203
266,3,0.2000,0.3500,1.2800e+28,2.9700e+28,1.3880e+28,1.4690e+28,1.6991e+32,1.7173e+32,203
266,4,0.3500,0.5500,1.9550e+28,9.9270e+28,1.7870e+28,6.3220e+28,1.5958e+32,1.4818e+32,203
266,5,0.5500,1.0100,3.4960e+28,5.1313e+29,3.1270e+28,4.3943e+29,1.6727e+32,1.5063e+32,203
267,0,0.0000,0.0500,1.4400e+27,1.0000e+25,1.1000e+27,0.0000e+00,1.9919e+32,1.3749e+32,202
267,1,0.0500,0.1000,2.0600e+27,6.8000e+26,2.0700e+27,1.2000e+26,9.3309e+31,9.5491e+31,202
267,2,0.1000,0.2000,8.2100e+27,7.1900e+27,6.1400e+27,1.8500e+27,1.8999e+32,1.5494e+32,202
267,3,0.2000,0.3500,1.3180e+28,2.7690e+28,1.3130e+28,1.3410e+28,1.6054e+32,1.6765e+32,202
267,4,0.3500,0.5500,2.1500e+28,1.0475e+29,1.8690e+28,6.5240e+28,1.6860e+32,1.5117e+32,202
267,5,0.5500,1.0100,3.3940e+28,5.2128e+29,3.1420e+28,4.3778e+29,1.6484e+32,1.4482e+32,202
268,0,0.0000,0.0500,1.5500e+27,0.0000e+00,1.2900e+27,0.0000e+00,1.9754e+32,1.4957e+32,200
268,1,0.0500,0.1000,2.0500e+27,6.9000e+26,1.9100e+27,8.0000e+25,8.6907e+31,8.3684e+31,200
268,2,0.1000,0.2000,7.6700e+27,5.8500e+27,6.2600e+27,1.8300e+27,1.7661e+32,1.5248e+32,200
268,3,0.2000,0.3500,1.2750e+28,2.8720e+28,1.3840e+28,1.4890e+28,1.7374e+32,1.7002e+32,200
268,4,0.3500,0.5500,2.1580e+28,1.0766e+29,1.9270e+28,6.7970e+28,1.6712e+32,1.4981e+32,200
268,5,0.5500,1.0100,3.3630e+28,5.3125e+29,2.9490e+28,4.1609e+29,1.6269e+32,1.3628e+32,200
269,0,0.0000,0.0500,1.6800e+27,2.0000e+25,1.4200e+27,1.0000e+25,1.9584e+32,1.6285e+32,198
269,1,0.0500,0.1000,2.0000e+27,6.0000e+26,1.6800e+27,3.0000e+25,8.1645e+31,7.0898e+31,198
269,2,0.1000,0.2000,6.9800e+27,5.5100e+27,6.7600e+27,1.8700e+27,1.6905e+32,1.5089e+32,198
269,3,0.2000,0.3500,1.4120e+28,2.9990e+28,1.2890e+28,1.5370e+28,1.8071e+32,1.6665e+32,198
269,4,0.3500,0.5500,2.2220e+28,1.1485e+29,1.8690e+28,6.3320e+28,1.6705e+32,1.4800e+32,198
269,5,0.5500,1.0100,3.3720e+28,5.3277e+29,2.8310e+28,4.1244e+29,1.5857e+32,1.3279e+32,198
270,0,0.0000,0.0500,1.6800e+27,1.0000e+25,1.6000e+27,0.0000e+00,1.8597e+32,1.7286e+32,198
270,1,0.0500,0.1000,1.8200e+27,6.2000e+26,1.8000e+27,4.0000e+25,8.0186e+31,7.1436e+31,198
270,2,0.1000,0.2000,7.1600e+27,5.6100e+27,6.0700e+27,1.9800e+27,1.7300e+32,1.4712e+32,198
270,3,0.2000,0.3500,1.3960e+28,3.2240e+28,1.2630e+28,1.4370e+28,1.8714e+32,1.6146e+32,198
270,4,0.3500,0.5500,2.2280e+28,1.1629e+29,1.8940e+28,6.6100e+28,1.6823e+32,1.4678e+32,198
270,5,0.5500,1.0100,3.3660e+28,5.4250e+29,2.7450e+28,4.0923e+29,1.5612e+32,1.3111e+32,198
271,0,0.0000,0.0500,1.4200e+27,1.0000e+25,1.3400e+27,0.0000e+00,1.6432e+32,1.7048e+32,195
271,1,0.0500,0.1000,2.1200e+27,6.4000e+26,1.7100e+27,4.0000e+25,9.4077e+31,7.3584e+31,195
271,2,0.1000,0.2000,8.0900e+27,5.6800e+27,6.5900e+27,1.9000e+27,1.7150e+32,1.4971e+32,195
271,3,0.2000,0.3500,1.4880e+28,3.4100e+28,1.2610e+28,1.4290e+28,1.8695e+32,1.5278e+32,195
271,4,0.3500,0.5500,2.2190e+28,1.1694e+29,1.8280e+28,6.7360e+28,1.6539e+32,1.4288e+32,195
271,5,0.5500,1.0100,3.2920e+28,5.2505e+29,2.8440e+28,4.1188e+29,1.5131e+32,1.2781e+32,195
272,0,0.0000,0.0500,1.3600e+27,1.0000e+25,1.2100e+27,1.0000e+25,1.4833e+32,1.7069e+32,195
272,1,0.0500,0.1000,2.3500e+27,5.7000e+26,1.8200e+27,1.1000e+26,1.0837e+32,7.7519e+31,195
272,2,0.1000,0.2000,7.2700e+27,6.0000e+27,7.1500e+27,2.3500e+27,1.7219e+32,1.5944e+32,195
272,3,0.2000,0.3500,1.4170e+28,3.3720e+28,1.1330e+28,1.3150e+28,1.8246e+32,1.4073e+32,195
272,4,0.3500,0.5500,2.1950e+28,1.1842e+29,1.8520e+28,6.6770e+28,1.6454e+32,1.4265e+32,195
272,5,0.5500,1.0100,3.3740e+28,5.4904e+29,2.8430e+28,4.1871e+29,1.5443e+32,1.2557e+32,195
273,0,0.0000,0.0500,1.3200e+27,1.0000e+25,1.1700e+27,0.0000e+00,1.3836e+32,1.7203e+32,193
273,1,0.0500,0.1000,2.2200e+27,7.5000e+26,1.7500e+27,1.2000e+26,1.1300e+32,7.8678e+31,193
273,2,0.1000,0.2000,7.7300e+27,7.0000e+27,7.2700e+27,2.3900e+27,1.6990e+32,1.5721e+32,193
273,3,0.2000,0.3500,1.5230e+28,3.4420e+28,1.1690e+28,1.3930e+28,1.8366e+32,1.4143e+32,193
273,4,0.3500,0.5500,2.1540e+28,1.1428e+29,1.7820e+28,6.5060e+28,1.5846e+32,1.3567e+32,193
273,5,0.5500,1.0100,3.3870e+28,5.6692e+29,2.7600e+28,4.1614e+29,1.5482e+32,1.2221e+32,193
274,0,0.0000,0.0500,1.2200e+27,0.0000e+00,1.1000e+27,0.0000e+00,1.3171e+32,1.7183e+32,191
274,1,0.0500,0.1000,2.4000e+27,7.2000e+26,2.0300e+27,5.0000e+25,1.1731e+32,8.7194e+31,191
274,2,0.1000,0.2000,6.9400e+27,6.8600e+27,6.7100e+27,2.2400e+27,1.6505e+32,1.4695e+32,191
274,3,0.2000,0.3500,1.4710e+28,3.6230e+28,1.1730e+28,1.5630e+28,1.8404e+32,1.4471e+32,191
274,4,0.3500,0.5500,2.0680e+28,1.1244e+29,1.7130e+28,6.2910e+28,1.5467e+32,1.2820e+32,191
274,5,0.5500,1.0100,3.2560e+28,5.6466e+29,2.6560e+28,4.1018e+29,1.5309e+32,1.1936e+32,191
275,0,0.0000,0.0500,1.2100e+27,0.0000e+00,8.4000e+26,1.0000e+25,1.2538e+32,1.7310e+32,191
275,1,0.0500,0.1000,2.6000e+27,9.1000e+26,2.2900e+27,1.2000e+26,1.1519e+32,9.3157e+31,191
275,2,0.1000,0.2000,7.4200e+27,7.1800e+27,7.2300e+27,2.1600e+27,1.7019e+32,1.4504e+32,191
275,3,0.2000,0.3500,1.5000e+28,3.7030e+28,1.2190e+28,1.5560e+28,1.8343e+32,1.4627e+32,191
275,4,0.3500,0.5500,2.1570e+28,1.1077e+29,1.6740e+28,6.2310e+28,1.5431e+32,1.2285e+32,191
275,5,0.5500,1.0100,3.4480e+28,6.0172e+29,2.5540e+28,4.2375e+29,1.5466e+32,1.1688e+32,191
276,0,0.0000,0.0500,9.2000e+26,2.0000e+25,9.5000e+26,0.0000e+00,1.4176e+32,1.5675e+32,189
276,1,0.0500,0.1000,2.7000e+27,1.1700e+27,1.9000e+27,1.6000e+26,1.1961e+32,9.3182e+31,189
276,2,0.1000,0.2000,7.9300e+27,6.9700e+27,6.3400e+27,2.3000e+27,1.6727e+32,1.4042e+32,189
276,3,0.2000,0.3500,1.5280e+28,3.8750e+28,1.1900e+28,1.7170e+28,1.8163e+32,1.4818e+32,189
276,4,0.3500,0.5500,2.0960e+28,1.1040e+29,1.6650e+28,6.6890e+28,1.5038e+32,1.2224e+32,189
276,5,0.5500,1.0100,3.2270e+28,5.8677e+29,2.5490e+28,4.2605e+29,1.4971e+32,1.1572e+32,189
277,0,0.0000,0.0500,1.0400e+27,1.0000e+25,9.9000e+26,1.0000e+25,2.0641e+32,1.0914e+32,187
277,1,0.0500,0.1000,2.3700e+27,1.0400e+27,2.1600e+27,1.0000e+26,1.1337e+32,9.4255e+31,187
277,2,0.1000,0.2000,7.7000e+27,7.5700e+27,5.8500e+27,2.8400e+27,1.7021e+32,1.3780e+32,187
277,3,0.2000,0.3500,1.4540e+28,3.8910e+28,1.2970e+28,1.6790e+28,1.7364e+32,1.5060e+32,187
277,4,0.3500,0.5500,2.0380e+28,1.1452e+29,1.6850e+28,6.8820e+28,1.4596e+32,1.2382e+32,187
277,5,0.5500,1.0100,3.1440e+28,5.4797e+29,2.6870e+28,4.6645e+29,1.4045e+32,1.1992e+32,187
278,0,0.0000,0.0500,1.0500e+27,1.0000e+25,1.1700e+27,0.0000e+00,2.0251e+32,1.1557e+32,187
278,1,0.0500,0.1000,2.6100e+27,1.3000e+27,1.9400e+27,1.6000e+26,1.1653e+32,9.2568e+31,187
278,2,0.1000,0.2000,8.2300e+27,7.5400e+27,6.3100e+27,2.2000e+27,1.7041e+32,1.3637e+32,187
278,3,0.2000,0.3500,1.4100e+28,3.9340e+28,1.2900e+28,1.7150e+28,1.7023e+32,1.5023e+32,187
278,4,0.3500,0.5500,2.0390e+28,1.1651e+29,1.6930e+28,7.1470e+28,1.4897e+32,1.2418e+32,187
278,5,0.5500,1.0100,2.9610e+28,5.6061e+29,2.6560e+28,4.6890e+29,1.3941e+32,1.1592e+32,187
279,0,0.0000,0.0500,1.2500e+27,1.0000e+25,1.0700e+27,1.0000e+25,2.0068e+32,1.1811e+32,185
279,1,0.0500,0.1000,2.4100e+27,9.5000e+26,1.9000e+27,8.0000e+25,9.9223e+31,9.1185e+31,185
279,2,0.1000,0.2000,8.8900e+27,7.7000e+27,6.4300e+27,2.6200e+27,1.7792e+32,1.3454e+32,185
279,3,0.2000,0.3500,1.4840e+28,3.6170e+28,1.2670e+28,1.7250e+28,1.6903e+32,1.4855e+32,185
279,4,0.3500,0.5500,2.0710e+28,1.2418e+29,1.6490e+28,7.2440e+28,1.5169e+32,1.2205e+32,185
279,5,0.5500,1.0100,3.1330e+28,5.6801e+29,2.5420e+28,4.6735e+29,1.3760e+32,1.1158e+32,185
280,0,0.0000,0.0500,1.4200e+27,0.0000e+00,1.0600e+27,0.0000e+00,1.9710e+32,1.2067e+32,184
280,1,0.0500,0.1000,2.4700e+27,8.5000e+26,2.0100e+27,8.0000e+25,9.3340e+31,8.7647e+31,184
280,2,0.1000,0.2000,8.7600e+27,8.9900e+27,6.0900e+27,2.1400e+27,1.8554e+32,1.3554e+32,184
280,3,0.2000,0.3500,1.3120e+28,3.3480e+28,1.2130e+28,1.7260e+28,1.5945e+32,1.4622e+32,184
280,4,0.3500,0.5500,2.1820e+28,1.2637e+29,1.7300e+28,7.6490e+28,1.5928e+32,1.2337e+32,184
280,5,0.5500,1.0100,3.0440e+28,5.8012e+29,2.5290e+28,4.5707e+29,1.3473e+32,1.0794e+32,184
281,0,0.0000,0.0500,1.5400e+27,1.0000e+25,1.1400e+27,1.0000e+25,1.9257e+32,1.2423e+32,182
281,1,0.0500,0.1000,2.2700e+27,9.0000e+26,1.9000e+27,1.4000e+26,9.0095e+31,8.4093e+31,182
281,2,0.1000,0.2000,8.8900e+27,8.9800e+27,6.3200e+27,2.2100e+27,1.8472e+32,1.3410e+32,182
281,3,0.2000,0.3500,1.3330e+28,3.3680e+28,1.2030e+28,1.6680e+28,1.5695e+32,1.4255e+32,182
281,4,0.3500,0.5500,2.2760e+28,1.2831e+29,1.7050e+28,7.8350e+28,1.6095e+32,1.2389e+32,182
281,5,0.5500,1.0100,3.0460e+28,5.6846e+29,2.3640e+28,4.4656e+29,1.3232e+32,1.0357e+32,182
282,0,0.0000,0.0500,1.5400e+27,2.0000e+25,1.0100e+27,0.0000e+00,1.9288e+32,1.3335e+32,182
282,1,0.0500,0.1000,2.3100e+27,7.5000e+26,1.6500e+27,6.0000e+25,8.6345e+31,7.6544e+31,182
282,2,0.1000,0.2000,7.9100e+27,7.6200e+27,6.1900e+27,2.5300e+27,1.7427e+32,1.3284e+32,182
282,3,0.2000,0.3500,1.4370e+28,3.5520e+28,1.2230e+28,1.7310e+28,1.6953e+32,1.4689e+32,182
282,4,0.3500,0.5500,2.2570e+28,1.3345e+29,1.7690e+28,8.2580e+28,1.6116e+32,1.2354e+32,182
282,5,0.5500,1.0100,2.9050e+28,5.7206e+29,2.2920e+28,4.4038e+29,1.3124e+32,9.8457e+31,182
283,0,0.0000,0.0500,1.5200e+27,3.0000e+25,1.3400e+27,1.0000e+25,1.9107e+32,1.4287e+32,180
283,1,0.0500,0.1000,2.0600e+27,9.1000e+26,1.7200e+27,1.0000e+26,8.3346e+31,6.5317e+31,180
283,2,0.1000,0.2000,7.7100e+27,7.7000e+27,6.0700e+27,2.2800e+27,1.6700e+32,1.3395e+32,180
283,3,0.2000,0.3500,1.5190e+28,3.8170e+28,1.2110e+28,1.7550e+28,1.7537e+32,1.4336e+32,180
283,4,0.3500,0.5500,2.2870e+28,1.3624e+29,1.7550e+28,8.0000e+28,1.5901e+32,1.2168e+32,180
283,5,0.5500,1.0100,2.9580e+28,5.7081e+29,2.1740e+28,4.2947e+29,1.2710e+32,9.5538e+31,180
284,0,0.0000,0.0500,1.8000e+27,5.0000e+25,1.1900e+27,1.0000e+25,1.9027e+32,1.4803e+32,179
284,1,0.0500,0.1000,2.0000e+27,6.4000e+26,1.6500e+27,9.0000e+25,7.8411e+31,6.2655e+31,179
284,2,0.1000,0.2000,7.7600e+27,7.1500e+27,5.6100e+27,2.2000e+27,1.6427e+32,1.3028e+32,179
284,3,0.2000,0.3500,1.5620e+28,3.8850e+28,1.2680e+28,1.7230e+28,1.7775e+32,1.4221e+32,179
284,4,0.3500,0.5500,2.3040e+28,1.3380e+29,1.7150e+28,7.9130e+28,1.6098e+32,1.2087e+32,179
284,5,0.5500,1.0100,2.8520e+28,5.6867e+29,2.2120e+28,4.3905e+29,1.2373e+32,9.3782e+31,179
285,0,0.0000,0.0500,1.6100e+27,3.0000e+25,1.5500e+27,3.0000e+25,1.7960e+32,1.5467e+32,178
285,1,0.0500,0.1000,1.9800e+27,6.2000e+26,1.6000e+27,1.4000e+26,7.9047e+31,6.1479e+31,178
285,2,0.1000,0.2000,7.7700e+27,7.2800e+27,5.6100e+27,2.4700e+27,1.6641e+32,1.2758e+32,178
285,3,0.2000,0.3500,1.5560e+28,4.1940e+28,1.1320e+28,1.7130e+28,1.8256e+32,1.3721e+32,178
285,4,0.3500,0.5500,2.2820e+28,1.4148e+29,1.6760e+28,8.0520e+28,1.5961e+32,1.1979e+32,178
285,5,0.5500,1.0100,2.8030e+28,5.7459e+29,2.2530e+28,4.4935e+29,1.2048e+32,9.2314e+31,178
286,0,0.0000,0.0500,1.7600e+27,4.0000e+25,1.4100e+27,4.0000e+25,1.7037e+32,1.5308e+32,176
286,1,0.0500,0.1000,1.9800e+27,6.3000e+26,1.6100e+27,1.7000e+26,8.1208e+31,6.3943e+31,176
286,2,0.1000,0.2000,7.8400e+27,7.4900e+27,6.1100e+27,2.3200e+27,1.6909e+32,1.2767e+32,176
286,3,0.2000,0.3500,1.6230e+28,4.1040e+28,1.1300e+28,1.6820e+28,1.8074e+32,1.3320e+32,176
286,4,0.3500,0.5500,2.2870e+28,1.4409e+29,1.6450e+28,7.8720e+28,1.5723e+32,1.1628e+32,176
286,5,0.5500,1.0100,2.8290e+28,5.9205e+29,2.1450e+28,4.5253e+29,1.1683e+32,9.0433e+31,176
287,0,0.0000,0.0500,1.4900e+27,1.0000e+25,1.2000e+27,1.0000e+25,1.5577e+32,1.5324e+32,176
287,1,0.0500,0.1000,2.4000e+27,7.0000e+26,1.6900e+27,1.0000e+26,9.5737e+31,6.5076e+31,176
287,2,0.1000,0.2000,7.4600e+27,8.0500e+27,6.3800e+27,2.8600e+27,1.6550e+32,1.3099e+32,176
287,3,0.2000,0.3500,1.6790e+28,4.3080e+28,1.1630e+28,1.7400e+28,1.8444e+32,1.2901e+32,176
287,4,0.3500,0.5500,2.3790e+28,1.4599e+29,1.7760e+28,8.2400e+28,1.5673e+32,1.1630e+32,176
287,5,0.5500,1.0100,2.7090e+28,5.8310e+29,2.1000e+28,4.3830e+29,1.1495e+32,8.9537e+31,176
288,0,0.0000,0.0500,1.4100e+27,5.0000e+25,1.2400e+27,1.0000e+25,1.4356e+32,1.5171e+32,174
288,1,0.0500,0.1000,2.5400e+27,8.1000e+26,1.7900e+27,1.5000e+26,1.0541e+32,6.6419e+31,174
288,2,0.1000,0.2000,7.6100e+27,8.5900e+27,6.5100e+27,2.9100e+27,1.6379e+32,1.3573e+32,174
288,3,0.2000,0.3500,1.4970e+28,4.1780e+28,1.0520e+28,1.6140e+28,1.7674e+32,1.1997e+32,174
288,4,0.3500,0.5500,2.2980e+28,1.4340e+29,1.6580e+28,8.1850e+28,1.5488e+32,1.1491e+32,174
288,5,0.5500,1.0100,2.8140e+28,5.7474e+29,2.0740e+28,4.3989e+29,1.1617e+32,8.7160e+31,174
289,0,0.0000,0.0500,1.3400e+27,1.0000e+25,9.9000e+26,1.0000e+25,1.3600e+32,1.5099e+32,173
289,1,0.0500,0.1000,2.4100e+27,6.9000e+26,1.6800e+27,2.1000e+26,1.0685e+32,6.8903e+31,173
289,2,0.1000,0.2000,8.7500e+27,7.8800e+27,6.7400e+27,2.9700e+27,1.6755e+32,1.3819e+32,173
289,3,0.2000,0.3500,1.6030e+28,4.1830e+28,1.0690e+28,1.6880e+28,1.7531e+32,1.1538e+32,173
289,4,0.3500,0.5500,2.3350e+28,1.4323e+29,1.5800e+28,8.2410e+28,1.5183e+32,1.1343e+32,173
289,5,0.5500,1.0100,2.8150e+28,5.9433e+29,2.0580e+28,4.4136e+29,1.1584e+32,8.4674e+31,173
290,0,0.0000,0.0500,1.4400e+27,1.0000e+25,1.0500e+27,1.0000e+25,1.3216e+32,1.5448e+32,173
290,1,0.0500,0.1000,2.5400e+27,8.9000e+26,1.8500e+27,2.2000e+26,1.1096e+32,6.8198e+31,173
290,2,0.1000,0.2000,8.2800e+27,8.2000e+27,6.7100e+27,2.7000e+27,1.6386e+32,1.3569e+32,173
290,3,0.2000,0.3500,1.6720e+28,4.3290e+28,1.1550e+28,1.7670e+28,1.7926e+32,1.1988e+32,173
290,4,0.3500,0.5500,2.1980e+28,1.4227e+29,1.5860e+28,7.7810e+28,1.4829e+32,1.0879e+32,173
290,5,0.5500,1.0100,2.6890e+28,5.9906e+29,2.0050e+28,4.2447e+29,1.1642e+32,8.3650e+31,173
291,0,0.0000,0.0500,1.4000e+27,3.0000e+25,1.2000e+27,1.0000e+25,1.2758e+32,1.5357e+32,171
291,1,0.0500,0.1000,2.6200e+27,1.0700e+27,1.6900e+27,2.3000e+26,1.1301e+32,7.0846e+31,171
291,2,0.1000,0.2000,8.1200e+27,8.6500e+27,6.5300e+27,3.1400e+27,1.6214e+32,1.3013e+32,171
291,3,0.2000,0.3500,1.6420e+28,4.4340e+28,1.1340e+28,1.8400e+28,1.7739e+32,1.2297e+32,171
291,4,0.3500,0.5500,2.2020e+28,1.4198e+29,1.5220e+28,7.7460e+28,1.4441e+32,1.0297e+32,171
291,5,0.5500,1.0100,2.6900e+28,6.0529e+29,1.9420e+28,4.1946e+29,1.1405e+32,8.1488e+31,171
292,0,0.0000,0.0500,1.2800e+27,3.0000e+25,9.2000e+26,1.0000e+25,1.2328e+32,1.5287e+32,170
292,1,0.0500,0.1000,2.4100e+27,1.0800e+27,2.3000e+27,1.3000e+26,1.1618e+32,7.9108e+31,170
292,2,0.1000,0.2000,7.4700e+27,8.0500e+27,6.4100e+27,2.7700e+27,1.5703e+32,1.2360e+32,170
292,3,0.2000,0.3500,1.6720e+28,4.7490e+28,1.1580e+28,2.0390e+28,1.7974e+32,1.2095e+32,170
292,4,0.3500,0.5500,2.2420e+28,1.4124e+29,1.5200e+28,7.8140e+28,1.4294e+32,1.0137e+32,170
292,5,0.5500,1.0100,2.7000e+28,6.1410e+29,1.9310e+28,4.2202e+29,1.1265e+32,7.9272e+31,170
293,0,0.0000,0.0500,1.1900e+27,4.0000e+25,9.8000e+26,0.0000e+00,1.2064e+32,1.5216e+32,169
293,1,0.0500,0.1000,2.9600e+27,1.4700e+27,2.1900e+27,2.7000e+26,1.1039e+32,8.1585e+31,169
293,2,0.1000,0.2000,8.4000e+27,8.3400e+27,6.5500e+27,3.4300e+27,1.6348e+32,1.2331e+32,169
293,3,0.2000,0.3500,1.6870e+28,4.7260e+28,1.1600e+28,2.0510e+28,1.7635e+32,1.2180e+32,169
293,4,0.3500,0.5500,2.1400e+28,1.4043e+29,1.5720e+28,7.9800e+28,1.4180e+32,9.6950e+31,169
293,5,0.5500,1.0100,2.6260e+28,6.1212e+29,1.8870e+28,4.3012e+29,1.1168e+32,7.7078e+31,169
294,0,0.0000,0.0500,1.0400e+27,2.0000e+25,1.0700e+27,0.0000e+00,1.1318e+32,1.5396e+32,168
294,1,0.0500,0.1000,2.7300e+27,1.2500e+27,2.1400e+27,1.4000e+26,1.1453e+32,7.8734e+31,168
294,2,0.1000,0.2000,8.2900e+27,7.9200e+27,6.0200e+27,3.1600e+27,1.6067e+32,1.2268e+32,168
294,3,0.2000,0.3500,1.6690e+28,4.7140e+28,1.1160e+28,2.1430e+28,1.7733e+32,1.2239e+32,168
294,4,0.3500,0.5500,2.1490e+28,1.4064e+29,1.4330e+28,7.6740e+28,1.4041e+32,9.5059e+31,168
294,5,0.5500,1.0100,2.6850e+28,6.1765e+29,1.7790e+28,4.2319e+29,1.1102e+32,7.5597e+31,168
295,0,0.0000,0.0500,1.0300e+27,1.0000e+25,9.1000e+26,0.0000e+00,1.0929e+32,1.5449e+32,167
295,1,0.0500,0.1000,3.0400e+27,1.3000e+27,2.1000e+27,2.1000e+26,1.1731e+32,7.9368e+31,167
295,2,0.1000,0.2000,8.1500e+27,8.9300e+27,6.3900e+27,3.3100e+27,1.5974e+32,1.1982e+32,167
295,3,0.2000,0.3500,1.6810e+28,4.5880e+28,1.1810e+28,2.0920e+28,1.7657e+32,1.2260e+32,167
295,4,0.3500,0.5500,2.1760e+28,1.3816e+29,1.5110e+28,7.7580e+28,1.3843e+32,9.4674e+31,167
295,5,0.5500,1.0100,2.6740e+28,6.3471e+29,1.8110e+28,4.2269e+29,1.0826e+32,7.2897e+31,167
296,0,0.0000,0.0500,1.1400e+27,2.0000e+25,8.8000e+26,1.0000e+25,1.9097e+32,1.0087e+32,166
296,1,0.0500,0.1000,3.0300e+27,1.2500e+27,2.3000e+27,1.2000e+26,1.1411e+32,8.2614e+31,166
296,2,0.1000,0.2000,8.3300e+27,8.9600e+27,6.0100e+27,3.2400e+27,1.5952e+32,1.1775e+32,166
296,3,0.2000,0.3500,1.6470e+28,4.5440e+28,1.1840e+28,2.2700e+28,1.7160e+32,1.2625e+32,166
296,4,0.3500,0.5500,2.1330e+28,1.3589e+29,1.4440e+28,8.4180e+28,1.3396e+32,9.6352e+31,166
296,5,0.5500,1.0100,2.4600e+28,5.7644e+29,1.9280e+28,4.7135e+29,1.0045e+32,7.6800e+31,166
297,0,0.0000,0.0500,1.1000e+27,0.0000e+00,8.4000e+26,0.0000e+00,2.0331e+32,9.2672e+31,165
297,1,0.0500,0.1000,3.0100e+27,1.2800e+27,1.9800e+27,2.5000e+26,1.0838e+32,8.1657e+31,165
297,2,0.1000,0.2000,8.2000e+27,9.6100e+27,5.8500e+27,2.7800e+27,1.6359e+32,1.1719e+32,165
297,3,0.2000,0.3500,1.6160e+28,4.5190e+28,1.2290e+28,2.2950e+28,1.6817e+32,1.2605e+32,165
297,4,0.3500,0.5500,2.0950e+28,1.3469e+29,1.4880e+28,8.3570e+28,1.3227e+32,9.6105e+31,165
297,5,0.5500,1.0100,2.4560e+28,5.7059e+29,1.8650e+28,4.7719e+29,9.8491e+31,7.6241e+31,165
298,0,0.0000,0.0500,1.1900e+27,2.0000e+25,8.0000e+26,1.0000e+25,1.9738e+32,9.6339e+31,164
298,1,0.0500,0.1000,3.1000e+27,1.2000e+27,2.2200e+27,2.7000e+26,1.1296e+32,7.7097e+31,164
298,2,0.1000,0.2000,9.0100e+27,1.0040e+28,6.3600e+27,3.4100e+27,1.6272e+32,1.1821e+32,164
298,3,0.2000,0.3500,1.6670e+28,4.6800e+28,1.1000e+28,2.2870e+28,1.6715e+32,1.2393e+32,164
298,4,0.3500,0.5500,2.0030e+28,1.3963e+29,1.4810e+28,8.4160e+28,1.2979e+32,9.5895e+31,164
298,5,0.5500,1.0100,2.3280e+28,5.5710e+29,1.8280e+28,4.7469e+29,9.6469e+31,7.4100e+31,164
299,0,0.0000,0.0500,1.2800e+27,0.0000e+00,1.0700e+27,0.0000e+00,1.9610e+32,9.7946e+31,163
299,1,0.0500,0.1000,3.0800e+27,1.3000e+27,2.0000e+27,1.0000e+26,1.1296e+32,7.8356e+31,163
299,2,0.1000,0.2000,8.5400e+27,1.0100e+28,5.6900e+27,3.3800e+27,1.6187e+32,1.1503e+32,163
299,3,0.2000,0.3500,1.6180e+28,4.5730e+28,1.2190e+28,2.3960e+28,1.6262e+32,1.2427e+32,163
299,4,0.3500,0.5500,2.0620e+28,1.4233e+29,1.5050e+28,8.7660e+28,1.3180e+32,9.4443e+31,163
299,5,0.5500,1.0100,2.3220e+28,5.6828e+29,1.7670e+28,4.6955e+29,9.3697e+31,7.1329e+31,163
300,0,0.0000,0.0500,1.3100e+27,1.0000e+25,1.1400e+27,0.0000e+00,1.9521e+32,9.8476e+31,162
300,1,0.0500,0.1000,2.8300e+27,1.0600e+27,2.0400e+27,2.8000e+26,1.0766e+32,7.9656e+31,162
300,2,0.1000,0.2000,8.8500e+27,1.0130e+28,5.7800e+27,2.9900e+27,1.6057e+32,1.1165e+32,162
300,3,0.2000,0.3500,1.5940e+28,4.5620e+28,1.1630e+28,2.2810e+28,1.6063e+32,1.2480e+32,162
300,4,0.3500,0.5500,2.0960e+28,1.4448e+29,1.3790e+28,8.7260e+28,1.3518e+32,9.3325e+31,162
300,5,0.5500,1.0100,2.2920e+28,5.5361e+29,1.8070e+28,4.5446e+29,9.2481e+31,6.8946e+31,162
301,0,0.0000,0.0500,1.3600e+27,3.0000e+25,8.7000e+26,2.0000e+25,1.9550e+32,1.0080e+32,162
301,1,0.0500,0.1000,2.8900e+27,1.1100e+27,2.0100e+27,2.7000e+26,9.6704e+31,7.7517e+31,162
301,2,0.1000,0.2000,8.8600e+27,1.0660e+28,5.5800e+27,3.3200e+27,1.6915e+32,1.1449e+32,162
301,3,0.2000,0.3500,1.6230e+28,4.5830e+28,1.2310e+28,2.4430e+28,1.6311e+32,1.2286e+32,162
301,4,0.3500,0.5500,2.0530e+28,1.4035e+29,1.5030e+28,8.8600e+28,1.3406e+32,9.2792e+31,162
301,5,0.5500,1.0100,2.2050e+28,5.5143e+29,1.7400e+28,4.6904e+29,9.1061e+31,6.7436e+31,162
302,0,0.0000,0.0500,1.4800e+27,1.0000e+25,1.1000e+27,1.0000e+25,1.9340e+32,9.9620e+31,160
302,1,0.0500,0.1000,2.3300e+27,9.2000e+26,2.0700e+27,1.9000e+26,9.1168e+31,7.6641e+31,160
302,2,0.1000,0.2000,8.9900e+27,1.0270e+28,5.6600e+27,3.8100e+27,1.7182e+32,1.1354e+32,160
302,3,0.2000,0.3500,1.5800e+28,4.4770e+28,1.1010e+28,2.4700e+28,1.5880e+32,1.2109e+32,160
302,4,0.3500,0.5500,2.1810e+28,1.4432e+29,1.4520e+28,9.1530e+28,1.3355e+32,9.1512e+31,160
302,5,0.5500,1.0100,2.2130e+28,5.5782e+29,1.6430e+28,4.6800e+29,8.7810e+31,6.5785e+31,160
303,0,0.0000,0.0500,1.5100e+27,6.0000e+25,1.0000e+27,2.0000e+25,1.9334e+32,1.0239e+32,160
303,1,0.0500,0.1000,2.6100e+27,9.1000e+26,2.0000e+27,2.7000e+26,8.9210e+31,7.4006e+31,160
303,2,0.1000,0.2000,9.7600e+27,1.1150e+28,6.5000e+27,3.1900e+27,1.7454e+32,1.1367e+32,160
303,3,0.2000,0.3500,1.5440e+28,4.3190e+28,1.1030e+28,2.3620e+28,1.5443e+32,1.2117e+32,160
303,4,0.3500,0.5500,2.1490e+28,1.4935e+29,1.4810e+28,9.1750e+28,1.3680e+32,9.2196e+31,160
303,5,0.5500,1.0100,2.2310e+28,5.7051e+29,1.6650e+28,4.5026e+29,8.6106e+31,6.3884e+31,160
304,0,0.0000,0.0500,1.3700e+27,1.0000e+25,1.0700e+27,0.0000e+00,1.8745e+32,1.0231e+32,159
304,1,0.0500,0.1000,2.6400e+27,9.6000e+26,1.8600e+27,2.2000e+26,8.9699e+31,7.3164e+31,159
304,2,0.1000,0.2000,9.5000e+27,1.1560e+28,6.1500e+27,3.4600e+27,1.7785e+32,1.1458e+32,159
304,3,0.2000,0.3500,1.4850e+28,4.1420e+28,1.1160e+28,2.4190e+28,1.4779e+32,1.1898e+32,159
304,4,0.3500,0.5500,2.1740e+28,1.5536e+29,1.5160e+28,9.3230e+28,1.4060e+32,9.1997e+31,159
304,5,0.5500,1.0100,2.0920e+28,5.5823e+29,1.6340e+28,4.4133e+29,8.3643e+31,6.1858e+31,159
305,0,0.0000,0.0500,1.5600e+27,2.0000e+25,1.0900e+27,2.0000e+25,1.8543e+32,1.0335e+32,157
305,1,0.0500,0.1000,2.2700e+27,1.0500e+27,1.9500e+27,2.4000e+26,8.8628e+31,7.0094e+31,157
305,2,0.1000,0.2000,9.6800e+27,1.1380e+28,5.8600e+27,3.4400e+27,1.7600e+32,1.1443e+32,157
305,3,0.2000,0.3500,1.4260e+28,4.2530e+28,1.1720e+28,2.2960e+28,1.4595e+32,1.1647e+32,157
305,4,0.3500,0.5500,2.2160e+28,1.5394e+29,1.4810e+28,9.2520e+28,1.3789e+32,9.1290e+31,157
305,5,0.5500,1.0100,2.0620e+28,5.5606e+29,1.5730e+28,4.5362e+29,8.0748e+31,5.9451e+31,157
306,0,0.0000,0.0500,1.8000e+27,4.0000e+25,1.0700e+27,2.0000e+25,1.8693e+32,1.0492e+32,158
306,1,0.0500,0.1000,2.5600e+27,8.6000e+26,1.9900e+27,1.7000e+26,8.4787e+31,7.2678e+31,158
306,2,0.1000,0.2000,9.2500e+27,1.1700e+28,6.0800e+27,3.8300e+27,1.7786e+32,1.1245e+32,158
306,3,0.2000,0.3500,1.4850e+28,4.0950e+28,1.1570e+28,2.3580e+28,1.4883e+32,1.1736e+32,158
306,4,0.3500,0.5500,2.1740e+28,1.5601e+29,1.4300e+28,9.5000e+28,1.3871e+32,9.1543e+31,158
306,5,0.5500,1.0100,2.0310e+28,5.5434e+29,1.5640e+28,4.5818e+29,8.0418e+31,5.9147e+31,158
307,0,0.0000,0.0500,1.6100e+27,1.0000e+25,1.1000e+27,2.0000e+25,1.8490e+32,1.0804e+32,156
307,1,0.0500,0.1000,2.4800e+27,9.1000e+26,1.7000e+27,2.0000e+26,8.3754e+31,6.7817e+31,156
307,2,0.1000,0.2000,9.6600e+27,1.1050e+28,6.0400e+27,3.3400e+27,1.6961e+32,1.1087e+32,156
307,3,0.2000,0.3500,1.5790e+28,4.2970e+28,1.1440e+28,2.2770e+28,1.5153e+32,1.1679e+32,156
307,4,0.3500,0.5500,2.2390e+28,1.5578e+29,1.4050e+28,9.5230e+28,1.3655e+32,9.0581e+31,156
307,5,0.5500,1.0100,2.0990e+28,5.5478e+29,1.5430e+28,4.3944e+29,7.8855e+31,5.6265e+31,156
308,0,0.0000,0.0500,1.4800e+27,4.0000e+25,1.2800e+27,4.0000e+25,1.8402e+32,1.1012e+32,155
308,1,0.0500,0.1000,2.3700e+27,1.0400e+27,1.9400e+27,2.6000e+26,8.3320e+31,6.4724e+31,155
308,2,0.1000,0.2000,8.9000e+27,1.0320e+28,5.6500e+27,3.0000e+27,1.6445e+32,1.1032e+32,155
308,3,0.2000,0.3500,1.5610e+28,4.5340e+28,1.1870e+28,2.4020e+28,1.5500e+32,1.1827e+32,155
308,4,0.3500,0.5500,2.1850e+28,1.5483e+29,1.4470e+28,9.7570e+28,1.3453e+32,8.8908e+31,155
308,5,0.5500,1.0100,2.0300e+28,5.4740e+29,1.4490e+28,4.4708e+29,7.6619e+31,5.3874e+31,155
309,0,0.0000,0.0500,1.9200e+27,1.0000e+25,1.1100e+27,1.0000e+25,1.8434e+32,1.1225e+32,155
309,1,0.0500,0.1000,2.2500e+27,9.6000e+26,1.7500e+27,2.2000e+26,7.9053e+31,6.2765e+31,155
309,2,0.1000,0.2000,8.6800e+27,1.0190e+28,5.9300e+27,3.1400e+27,1.6317e+32,1.1046e+32,155
309,3,0.2000,0.3500,1.5530e+28,4.6360e+28,1.2640e+28,2.6100e+28,1.6087e+32,1.1955e+32,155
309,4,0.3500,0.5500,2.1210e+28,1.5815e+29,1.4760e+28,1.0224e+29,1.3351e+32,8.8061e+31,155
309,5,0.5500,1.0100,1.9830e+28,5.4591e+29,1.4460e+28,4.3058e+29,7.4887e+31,5.2618e+31,155
310,0,0.0000,0.0500,1.7500e+27,1.0000e+25,1.3600e+27,2.0000e+25,1.8345e+32,1.1428e+32,154
310,1,0.0500,0.1000,2.1500e+27,9.8000e+26,1.4200e+27,2.4000e+26,7.8493e+31,5.9752e+31,154
310,2,0.1000,0.2000,8.7700e+27,9.6900e+27,5.7000e+27,3.6700e+27,1.5992e+32,1.1086e+32,154
310,3,0.2000,0.3500,1.6100e+28,4.6870e+28,1.2350e+28,2.6010e+28,1.6224e+32,1.1809e+32,154
310,4,0.3500,0.5500,2.1780e+28,1.6200e+29,1.4640e+28,1.0192e+29,1.3181e+32,8.7358e+31,154
310,5,0.5500,1.0100,1.9760e+28,5.4797e+29,1.3990e+28,4.3057e+29,7.2828e+31,5.1344e+31,154
311,0,0.0000,0.0500,2.1400e+27,5.0000e+25,1.4900e+27,2.0000e+25,1.8254e+32,1.1696e+32,153
311,1,0.0500,0.1000,2.5000e+27,1.0200e+27,1.5900e+27,2.1000e+26,7.8046e+31,5.6132e+31,153
311,2,0.1000,0.2000,8.9400e+27,1.0400e+28,5.9800e+27,3.7900e+27,1.5917e+32,1.1207e+32,153
311,3,0.2000,0.3500,1.6580e+28,4.6740e+28,1.1390e+28,2.4960e+28,1.6124e+32,1.1568e+32,153
311,4,0.3500,0.5500,2.1770e+28,1.5844e+29,1.4330e+28,9.7090e+28,1.3004e+32,8.6485e+31,153
311,5,0.5500,1.0100,1.8790e+28,5.3826e+29,1.3440e+28,4.3106e+29,7.0900e+31,5.0199e+31,153
312,0,0.0000,0.0500,1.9000e+27,4.0000e+25,1.2600e+27,5.0000e+25,1.8286e+32,1.2252e+32,153
312,1,0.0500,0.1000,2.5900e+27,1.1800e+27,1.6300e+27,3.2000e+26,7.8142e+31,5.0788e+31,153
312,2,0.1000,0.2000,8.4600e+27,8.9300e+27,5.8500e+27,3.8300e+27,1.5597e+32,1.1217e+32,153
312,3,0.2000,0.3500,1.6910e+28,4.8210e+28,1.2160e+28,2.6420e+28,1.6468e+32,1.1583e+32,153
312,4,0.3500,0.5500,2.1880e+28,1.6087e+29,1.4380e+28,9.9890e+28,1.2890e+32,8.6121e+31,153
312,5,0.5500,1.0100,1.8530e+28,5.3928e+29,1.3760e+28,4.4003e+29,6.9384e+31,4.9633e+31,153
313,0,0.0000,0.0500,1.8600e+27,1.1000e+26,1.3400e+27,5.0000e+25,1.8197e+32,1.2379e+32,152
313,1,0.0500,0.1000,2.3200e+27,9.7000e+26,1.5200e+27,2.2000e+26,7.7000e+31,5.0315e+31,152
313,2,0.1000,0.2000,8.3300e+27,8.7900e+27,6.1300e+27,3.7800e+27,1.5324e+32,1.0982e+32,152
313,3,0.2000,0.3500,1.7180e+28,4.9550e+28,1.1650e+28,2.6860e+28,1.6634e+32,1.1516e+32,152
313,4,0.3500,0.5500,2.1260e+28,1.5801e+29,1.4500e+28,1.0057e+29,1.2704e+32,8.5238e+31,152
313,5,0.5500,1.0100,1.8010e+28,5.4207e+29,1.3100e+28,4.4271e+29,6.7496e+31,4.8591e+31,152
314,0,0.0000,0.0500,1.7100e+27,6.0000e+25,1.3900e+27,1.0000e+25,1.8108e+32,1.2310e+32,151
314,1,0.0500,0.1000,2.2500e+27,8.7000e+26,1.3300e+27,2.3000e+26,7.2608e+31,5.1170e+31,151
314,2,0.1000,0.2000,8.1100e+27,8.9500e+27,5.8600e+27,3.4000e+27,1.5396e+32,1.0816e+32,151
314,3,0.2000,0.3500,1.6770e+28,4.6740e+28,1.1800e+28,2.5390e+28,1.6464e+32,1.1449e+32,151
314,4,0.3500,0.5500,2.0680e+28,1.5521e+29,1.3910e+28,1.0134e+29,1.2798e+32,8.4407e+31,151
314,5,0.5500,1.0100,1.7670e+28,5.3935e+29,1.2940e+28,4.3457e+29,6.5727e+31,4.7772e+31,151
315,0,0.0000,0.0500,1.9800e+27,1.2000e+26,1.4200e+27,4.0000e+25,1.8018e+32,1.2245e+32,150
315,1,0.0500,0.1000,2.3400e+27,9.0000e+26,1.3700e+27,2.0000e+26,7.2169e+31,5.0856e+31,150
315,2,0.1000,0.2000,8.5900e+27,9.0300e+27,5.9100e+27,3.0800e+27,1.5313e+32,1.0748e+32,150
315,3,0.2000,0.3500,1.6900e+28,4.5560e+28,1.1600e+28,2.6880e+28,1.6298e+32,1.1379e+32,150
315,4,0.3500,0.5500,2.1760e+28,1.5744e+29,1.3310e+28,9.7810e+28,1.2637e+32,8.3538e+31,150
315,5,0.5500,1.0100,1.7810e+28,5.3978e+29,1.2350e+28,4.2650e+29,6.4205e+31,4.6746e+31,150
316,0,0.0000,0.0500,1.8300e+27,7.0000e+25,1.5400e+27,5.0000e+25,1.8047e+32,1.2259e+32,150
316,1,0.0500,0.1000,2.2800e+27,8.2000e+26,1.7000e+27,1.9000e+26,7.2213e+31,5.0902e+31,150
316,2,0.1000,0.2000,8.7900e+27,8.9800e+27,5.7700e+27,3.3800e+27,1.5340e+32,1.0758e+32,150
316,3,0.2000,0.3500,1.6550e+28,4.8750e+28,1.1600e+28,2.5920e+28,1.6299e+32,1.1388e+32,150
316,4,0.3500,0.5500,2.1100e+28,1.6201e+29,1.3620e+28,9.9950e+28,1.2530e+32,8.3160e+31,150
316,5,0.5500,1.0100,1.6550e+28,5.4065e+29,1.2220e+28,4.3256e+29,6.2955e+31,4.6092e+31,150
317,0,0.0000,0.0500,2.0800e+27,6.0000e+25,1.5100e+27,3.0000e+25,1.7838e+32,1.2592e+32,149
317,1,0.0500,0.1000,2.1600e+27,8.3000e+26,1.3500e+27,2.4000e+26,7.1712e+31,4.9699e+31,149
317,2,0.1000,0.2000,8.5300e+27,9.0200e+27,5.8900e+27,3.5600e+27,1.5255e+32,1.0604e+32,149
317,3,0.2000,0.3500,1.7480e+28,4.7970e+28,1.1760e+28,2.5840e+28,1.6318e+32,1.1110e+32,149
317,4,0.3500,0.5500,2.1020e+28,1.6458e+29,1.3990e+28,1.0134e+29,1.2340e+32,8.2225e+31,149
317,5,0.5500,1.0100,1.6210e+28,5.2674e+29,1.2650e+28,4.3156e+29,6.1231e+31,4.5184e+31,149
318,0,0.0000,0.0500,2.0000e+27,4.0000e+25,1.3600e+27,1.0000e+25,1.7060e+32,1.2869e+32,149
318,1,0.0500,0.1000,2.1600e+27,8.2000e+26,1.4300e+27,4.0000e+26,7.2834e+31,4.9666e+31,149
318,2,0.1000,0.2000,8.5000e+27,8.1300e+27,5.6700e+27,4.1600e+27,1.5534e+32,1.0562e+32,149
318,3,0.2000,0.3500,1.6740e+28,4.8910e+28,1.1500e+28,2.6640e+28,1.6757e+32,1.0929e+32,149
318,4,0.3500,0.5500,2.0830e+28,1.6319e+29,1.4660e+28,1.0094e+29,1.2238e+32,8.1951e+31,149
318,5,0.5500,1.0100,1.6910e+28,5.2052e+29,1.2390e+28,4.2474e+29,5.9984e+31,4.4411e+31,149
319,0,0.0000,0.0500,1.7200e+27,1.4000e+26,1.4400e+27,4.0000e+25,1.6953e+32,1.2798e+32,148
319,1,0.0500,0.1000,2.4400e+27,7.2000e+26,1.3800e+27,3.7000e+26,7.2588e+31,4.9387e+31,148
319,2,0.1000,0.2000,8.2500e+27,8.2400e+27,6.1000e+27,3.9000e+27,1.5444e+32,1.0505e+32,148
319,3,0.2000,0.3500,1.6920e+28,4.9830e+28,1.1020e+28,2.5650e+28,1.6634e+32,1.0855e+32,148
319,4,0.3500,0.5500,2.0980e+28,1.6038e+29,1.4260e+28,9.8640e+28,1.2060e+32,8.1073e+31,148
319,5,0.5500,1.0100,1.5830e+28,5.1988e+29,1.2470e+28,4.4011e+29,5.8354e+31,4.3532e+31,148
320,0,0.0000,0.0500,1.9200e+27,5.0000e+25,1.5100e+27,4.0000e+25,1.6861e+32,1.2729e+32,147
320,1,0.0500,0.1000,2.0200e+27,9.1000e+26,1.5200e+27,3.6000e+26,7.2170e+31,4.9126e+31,147
320,2,0.1000,0.2000,8.8900e+27,8.7500e+27,5.9600e+27,4.1200e+27,1.5362e+32,1.0450e+32,147
320,3,0.2000,0.3500,1.7330e+28,4.9990e+28,1.0740e+28,2.7660e+28,1.6517e+32,1.0794e+32,147
320,4,0.3500,0.5500,2.0750e+28,1.5781e+29,1.3580e+28,1.0041e+29,1.1879e+32,8.0318e+31,147
320,5,0.5500,1.0100,1.6460e+28,5.1122e+29,1.1470e+28,4.2880e+29,5.6712e+31,4.2580e+31,147
321,0,0.0000,0.0500,2.1800e+27,6.0000e+25,1.5800e+27,3.0000e+25,1.6887e+32,1.2743e+32,147
321,1,0.0500,0.1000,2.1000e+27,9.5000e+26,1.5200e+27,2.7000e+26,7.2234e+31,4.9187e+31,147
321,2,0.1000,0.2000,8.4700e+27,7.9500e+27,6.1100e+27,3.9000e+27,1.5387e+32,1.0471e+32,147
321,3,0.2000,0.3500,1.7620e+28,4.8810e+28,1.1860e+28,2.7170e+28,1.6498e+32,1.0805e+32,147
321,4,0.3500,0.5500,2.0350e+28,1.5570e+29,1.4000e+28,9.9340e+28,1.1774e+32,8.0066e+31,147
321,5,0.5500,1.0100,1.5070e+28,5.0994e+29,1.1620e+28,4.2627e+29,5.5543e+31,4.1946e+31,147
322,0,0.0000,0.0500,2.0700e+27,8.0000e+25,1.5400e+27,5.0000e+25,1.6911e+32,1.2761e+32,147
322,1,0.0500,0.1000,2.0200e+27,5.6000e+26,1.5300e+27,2.7000e+26,7.2289e+31,4.9254e+31,147
322,2,0.1000,0.2000,8.4300e+27,8.6700e+27,5.7400e+27,4.8200e+27,1.5407e+32,1.0490e+32,147
322,3,0.2000,0.3500,1.6840e+28,4.8850e+28,1.1360e+28,2.7020e+28,1.6461e+32,1.0908e+32,147
322,4,0.3500,0.5500,2.0340e+28,1.5295e+29,1.3930e+28,1.0088e+29,1.1651e+32,7.8612e+31,147
322,5,0.5500,1.0100,1.5020e+28,5.1451e+29,1.2330e+28,4.1777e+29,5.4359e+31,4.1506e+31,147
323,0,0.0000,0.0500,1.8700e+27,2.0000e+26,1.3900e+27,1.0000e+25,1.6706e+32,1.2605e+32,145
323,1,0.0500,0.1000,2.3600e+27,9.4000e+26,1.5800e+27,2.8000e+26,7.1376e+31,5.1496e+31,145
323,2,0.1000,0.2000,8.0900e+27,8.5800e+27,5.7800e+27,4.0700e+27,1.5219e+32,1.0174e+32,145
323,3,0.2000,0.3500,1.6930e+28,4.8340e+28,1.1180e+28,2.7150e+28,1.6213e+32,1.0752e+32,145
323,4,0.3500,0.5500,2.0290e+28,1.5381e+29,1.3150e+28,9.8890e+28,1.1374e+32,7.6337e+31,145
323,5,0.5500,1.0100,1.4520e+28,4.9751e+29,1.0790e+28,4.1623e+29,5.2574e+31,4.0336e+31,145
324,0,0.0000,0.0500,2.3000e+27,1.3000e+26,1.2900e+27,1.0000e+25,1.6733e+32,1.2620e+32,145
324,1,0.0500,0.1000,2.0300e+27,7.2000e+26,1.6900e+27,3.4000e+26,6.7008e+31,5.1582e+31,145
324,2,0.1000,0.2000,8.7500e+27,9.0300e+27,5.9400e+27,4.3100e+27,1.5682e+32,1.0341e+32,145
324,3,0.2000,0.3500,1.7710e+28,4.8500e+28,1.0950e+28,2.7890e+28,1.6197e+32,1.0591e+32,145
324,4,0.3500,0.5500,1.9560e+28,1.5527e+29,1.2960e+28,9.7450e+28,1.1272e+32,7.5934e+31,145
324,5,0.5500,1.0100,1.4230e+28,5.0462e+29,1.1180e+28,4.1735e+29,5.1582e+31,3.9798e+31,145
325,0,0.0000,0.0500,2.1900e+27,1.1000e+26,1.2500e+27,2.0000e+25,1.6757e+32,1.2635e+32,145
325,1,0.0500,0.1000,1.9000e+27,7.3000e+26,1.5400e+27,2.7000e+26,6.6807e+31,5.1619e+31,145
325,2,0.1000,0.2000,9.1500e+27,9.0600e+27,5.6700e+27,4.4900e+27,1.5726e+32,1.0355e+32,145
325,3,0.2000,0.3500,1.6920e+28,5.0130e+28,1.1340e+28,2.8000e+28,1.6186e+32,1.0589e+32,145
325,4,0.3500,0.5500,1.9710e+28,1.5696e+29,1.3420e+28,9.9620e+28,1.1179e+32,7.5556e+31,145
325,5,0.5500,1.0100,1.3600e+28,4.9696e+29,1.1350e+28,4.1686e+29,5.0584e+31,3.9280e+31,145
326,0,0.0000,0.0500,2.1200e+27,1.2000e+26,1.3400e+27,3.0000e+25,1.6486e+32,1.2569e+32,144
326,1,0.0500,0.1000,1.9600e+27,6.9000e+26,1.6800e+27,4.1000e+26,6.8221e+31,5.1309e+31,144
326,2,0.1000,0.2000,8.4400e+27,9.0000e+27,5.8900e+27,3.8400e+27,1.5641e+32,1.0298e+32,144
326,3,0.2000,0.3500,1.8260e+28,5.0090e+28,1.1560e+28,2.9470e+28,1.6058e+32,1.0519e+32,144
326,4,0.3500,0.5500,1.9970e+28,1.5651e+29,1.2990e+28,9.9530e+28,1.1014e+32,7.4771e+31,144
326,5,0.5500,1.0100,1.3710e+28,4.8879e+29,1.0560e+28,4.1081e+29,4.9172e+31,3.8504e+31,144
327,0,0.0000,0.0500,1.9200e+27,1.8000e+26,1.4100e+27,1.0000e+25,1.6020e+32,1.2587e+32,144
327,1,0.0500,0.1000,2.3600e+27,7.8000e+26,1.5600e+27,3.4000e+26,7.3132e+31,5.1385e+31,144
327,2,0.1000,0.2000,8.6200e+27,8.3500e+27,6.0200e+27,4.1500e+27,1.5660e+32,1.0361e+32,144
327,3,0.2000,0.3500,1.7540e+28,5.0820e+28,1.1380e+28,2.8740e+28,1.6045e+32,1.0479e+32,144
327,4,0.3500,0.5500,1.9090e+28,1.5559e+29,1.2740e+28,9.8980e+28,1.0928e+32,7.4405e+31,144
327,5,0.5500,1.0100,1.3960e+28,4.8403e+29,1.0460e+28,4.1272e+29,4.8208e+31,3.7945e+31,144
328,0,0.0000,0.0500,2.0500e+27,1.0000e+26,1.4300e+27,3.0000e+25,1.5644e+32,1.2517e+32,143
328,1,0.0500,0.1000,1.9200e+27,9.7000e+26,1.5300e+27,2.6000e+26,7.5554e+31,5.1073e+31,143
328,2,0.1000,0.2000,9.2800e+27,8.9700e+27,6.4800e+27,4.8500e+27,1.5574e+32,1.0502e+32,143
328,3,0.2000,0.3500,1.7110e+28,5.2450e+28,1.1070e+28,2.9210e+28,1.5918e+32,1.0212e+32,143
328,4,0.3500,0.5500,1.9300e+28,1.5475e+29,1.3100e+28,9.9440e+28,1.0778e+32,7.3448e+31,143
328,5,0.5500,1.0100,1.3450e+28,4.8628e+29,1.0240e+28,4.2894e+29,4.7010e+31,3.7176e+31,143
329,0,0.0000,0.0500,1.6200e+27,2.0000e+26,1.3400e+27,1.0000e+25,1.5663e+32,1.2531e+32,143
329,1,0.0500,0.1000,2.1400e+27,8.0000e+26,1.5400e+27,4.3000e+26,7.5637e+31,5.1145e+31,143
329,2,0.1000,0.2000,9.1400e+27,8.6200e+27,5.9100e+27,4.9100e+27,1.5605e+32,1.0521e+32,143
329,3,0.2000,0.3500,1.6470e+28,4.9670e+28,1.0530e+28,3.0010e+28,1.5892e+32,1.0227e+32,143
329,4,0.3500,0.5500,1.9060e+28,1.5663e+29,1.3080e+28,9.8840e+28,1.0689e+32,7.3116e+31,143
329,5,0.5500,1.0100,1.3020e+28,4.8143e+29,1.0530e+28,4.1921e+29,4.6188e+31,3.6750e+31,143
330,0,0.0000,0.0500,1.5500e+27,2.0000e+26,1.1300e+27,0.0000e+00,1.5259e+32,1.2458e+32,142
330,1,0.0500,0.1000,2.5000e+27,8.4000e+26,1.6000e+27,3.2000e+26,7.8331e+31,5.0852e+31,142
330,2,0.1000,0.2000,9.2400e+27,9.3800e+27,6.9400e+27,4.7900e+27,1.5511e+32,1.0466e+32,142
330,3,0.2000,0.3500,1.6780e+28,5.0400e+28,1.1440e+28,2.8690e+28,1.5765e+32,1.0153e+32,142
330,4,0.3500,0.5500,1.8690e+28,1.5173e+29,1.2450e+28,9.8510e+28,1.0534e+32,7.2205e+31,142
330,5,0.5500,1.0100,1.3470e+28,4.9099e+29,1.0440e+28,4.0786e+29,4.4981e+31,3.5993e+31,142
331,0,0.0000,0.0500,2.2400e+27,2.1000e+26,1.3500e+27,2.0000e+25,1.5112e+32,1.2474e+32,142
331,1,0.0500,0.1000,2.4800e+27,9.1000e+26,1.5700e+27,2.8000e+26,8.0200e+31,5.0908e+31,142
331,2,0.1000,0.2000,8.6500e+27,8.2000e+27,6.6800e+27,5.2900e+27,1.5526e+32,1.0482e+32,142
331,3,0.2000,0.3500,1.6860e+28,4.9590e+28,1.1030e+28,2.8010e+28,1.5735e+32,1.0150e+32,142
331,4,0.3500,0.5500,1.8490e+28,1.5309e+29,1.2180e+28,9.9500e+28,1.0444e+32,7.1842e+31,142
331,5,0.5500,1.0100,1.2700e+28,4.9290e+29,1.0890e+28,4.2168e+29,4.4232e+31,3.5582e+31,142
332,0,0.0000,0.0500,1.9100e+27,1.5000e+26,1.1800e+27,4.0000e+25,1.5134e+32,1.2491e+32,142
332,1,0.0500,0.1000,2.1200e+27,7.2000e+26,1.7200e+27,3.4000e+26,8.0304e+31,5.0958e+31,142
332,2,0.1000,0.2000,8.9600e+27,8.1300e+27,5.9400e+27,4.8000e+27,1.5538e+32,1.0500e+32,142
332,3,0.2000,0.3500,1.6170e+28,5.1260e+28,1.1020e+28,2.7350e+28,1.5711e+32,1.0140e+32,142
332,4,0.3500,0.5500,1.8940e+28,1.5164e+29,1.3070e+28,9.9200e+28,1.0358e+32,7.1451e+31,142
332,5,0.5500,1.0100,1.2500e+28,4.8171e+29,1.0400e+28,4.1503e+29,4.3434e+31,3.5182e+31,142
333,0,0.0000,0.0500,1.7200e+27,1.0000e+26,1.1500e+27,1.0000e+25,1.5047e+32,1.2419e+32,141
333,1,0.0500,0.1000,2.5200e+27,8.8000e+26,1.7000e+27,5.1000e+26,7.9853e+31,5.0676e+31,141
333,2,0.1000,0.2000,9.4400e+27,9.0900e+27,6.3900e+27,4.8800e+27,1.5440e+32,1.0441e+32,141
333,3,0.2000,0.3500,1.7280e+28,4.7480e+28,1.0670e+28,2.8830e+28,1.5562e+32,1.0067e+32,141
333,4,0.3500,0.5500,1.8990e+28,1.4611e+29,1.3250e+28,1.0040e+29,1.0197e+32,7.0634e+31,141
333,5,0.5500,1.0100,1.1890e+28,4.6693e+29,9.8000e+27,4.1954e+29,4.2147e+31,3.4544e+31,141
334,0,0.0000,0.0500,1.8800e+27,1.6000e+26,1.1300e+27,8.0000e+25,1.5068e+32,1.2435e+32,141
334,1,0.0500,0.1000,2.3100e+27,8.3000e+26,1.4700e+27,3.6000e+26,7.9993e+31,5.0748e+31,141
334,2,0.1000,0.2000,9.4200e+27,8.5000e+27,6.6800e+27,5.1000e+27,1.5467e+32,1.0462e+32,141
334,3,0.2000,0.3500,1.7210e+28,4.9940e+28,1.1070e+28,2.8140e+28,1.5519e+32,1.0061e+32,141
334,4,0.3500,0.5500,1.8640e+28,1.5092e+29,1.2100e+28,1.0327e+29,1.0118e+32,7.0453e+31,141
334,5,0.5500,1.0100,1.1680e+28,4.7585e+29,9.7900e+27,4.0518e+29,4.1397e+31,3.4124e+31,141
335,0,0.0000,0.0500,1.8700e+27,9.0000e+25,1.1400e+27,3.0000e+25,1.4977e+32,1.2364e+32,140
335,1,0.0500,0.1000,2.2100e+27,7.3000e+26,1.5500e+27,2.9000e+26,7.9495e+31,5.0442e+31,140
335,2,0.1000,0.2000,9.1300e+27,8.6100e+27,6.3500e+27,4.9100e+27,1.5376e+32,1.0406e+32,140
335,3,0.2000,0.3500,1.7290e+28,4.9260e+28,1.0980e+28,3.0090e+28,1.5380e+32,9.9911e+31,140
335,4,0.3500,0.5500,1.8420e+28,1.4731e+29,1.2640e+28,1.0058e+29,9.9701e+31,6.9524e+31,140
335,5,0.5500,1.0100,1.1040e+28,4.5397e+29,9.0600e+27,3.9457e+29,4.0286e+31,3.3301e+31,140
336,0,0.0000,0.0500,1.8300e+27,1.6000e+26,1.4300e+27,6.0000e+25,1.4995e+32,1.2384e+32,140
336,1,0.0500,0.1000,2.3600e+27,8.7000e+26,1.5300e+27,4.1000e+26,7.9604e+31,5.0506e+31,140
336,2,0.1000,0.2000,8.3000e+27,8.7600e+27,5.7900e+27,5.1000e+27,1.5389e+32,1.0418e+32,140
336,3,0.2000,0.3500,1.7760e+28,4.8170e+28,1.0460e+28,2.8440e+28,1.5360e+32,9.9871e+31,140
336,4,0.3500,0.5500,1.8100e+28,1.4557e+29,1.2930e+28,1.0350e+29,9.9000e+31,6.9141e+31,140
336,5,0.5500,1.0100,1.0940e+28,4.5920e+29,9.4400e+27,4.0459e+29,3.9575e+31,3.2910e+31,140
337,0,0.0000,0.0500,2.0500e+27,1.4000e+26,1.1700e+27,4.0000e+25,1.5011e+32,1.2401e+32,140
337,1,0.0500,0.1000,2.3400e+27,8.9000e+26,1.5700e+27,4.3000e+26,7.9699e+31,5.0585e+31,140
337,2,0.1000,0.2000,9.1300e+27,8.3600e+27,6.2500e+27,5.4900e+27,1.5401e+32,1.0432e+32,140
337,3,0.2000,0.3500,1.6970e+28,4.8680e+28,1.0730e+28,3.1370e+28,1.5336e+32,9.9802e+31,140
337,4,0.3500,0.5500,1.7720e+28,1.4601e+29,1.2600e+28,1.0545e+29,9.8153e+31,6.8925e+31,140
337,5,0.5500,1.0100,1.0520e+28,4.4939e+29,9.3100e+27,4.0957e+29,3.8830e+31,3.2553e+31,140
338,0,0.0000,0.0500,1.7900e+27,1.3000e+26,1.5500e+27,5.0000e+25,1.4923e+32,1.2329e+32,139
338,1,0.0500,0.1000,2.3100e+27,9.6000e+26,1.5400e+27,4.4000e+26,7.9236e+31,5.0327e+31,139
338,2,0.1000,0.2000,8.9100e+27,8.6300e+27,5.9300e+27,4.9900e+27,1.5306e+32,1.0370e+32,139
338,3,0.2000,0.3500,1.6630e+28,4.8450e+28,1.1110e+28,2.8800e+28,1.5199e+32,9.9063e+31,139
338,4,0.3500,0.5500,1.8050e+28,1.4246e+29,1.1850e+28,9.9740e+28,9.6688e+31,6.8009e+31,139
338,5,0.5500,1.0100,1.0810e+28,4.4431e+29,8.9600e+27,4.0424e+29,3.7903e+31,3.1933e+31,139
339,0,0.0000,0.0500,1.9100e+27,1.5000e+26,1.4300e+27,5.0000e+25,1.5487e+32,1.2435e+32,140
339,1,0.0500,0.1000,2.1300e+27,6.0000e+26,1.6400e+27,4.5000e+26,7.5506e+31,5.0752e+31,140
339,2,0.1000,0.2000,9.0300e+27,8.8700e+27,6.1700e+27,5.1300e+27,1.5426e+32,1.0455e+32,140
339,3,0.2000,0.3500,1.6860e+28,4.8280e+28,1.1030e+28,3.0110e+28,1.5277e+32,9.9735e+31,140
339,4,0.3500,0.5500,1.7420e+28,1.3874e+29,1.2210e+28,1.0090e+29,9.6502e+31,6.8093e+31,140
339,5,0.5500,1.0100,1.0730e+28,4.4451e+29,8.8400e+27,3.9273e+29,3.7617e+31,3.1723e+31,140
340,0,0.0000,0.0500,1.9000e+27,1.3000e+26,1.2600e+27,4.0000e+25,1.5339e+32,1.2274e+32,138
340,1,0.0500,0.1000,2.2700e+27,7.1000e+26,1.6300e+27,4.8000e+26,7.3937e+31,5.0119e+31,138
340,2,0.1000,0.2000,9.1100e+27,7.9900e+27,6.3900e+27,5.5100e+27,1.5223e+32,1.0316e+32,138
340,3,0.2000,0.3500,1.7130e+28,4.7430e+28,1.0890e+28,2.8690e+28,1.5030e+32,9.8303e+31,138
340,4,0.3500,0.5500,1.7560e+28,1.3880e+29,1.2110e+28,1.0096e+29,9.4315e+31,6.6847e+31,138
340,5,0.5500,1.0100,1.0630e+28,4.3628e+29,8.6500e+27,3.8656e+29,3.6388e+31,3.0741e+31,138
341,0,0.0000,0.0500,1.7600e+27,1.3000e+26,1.4300e+27,2.0000e+25,1.5470e+32,1.2382e+32,139
341,1,0.0500,0.1000,2.1500e+27,6.6000e+26,1.5900e+27,4.2000e+26,7.4518e+31,5.0550e+31,139
341,2,0.1000,0.2000,9.7500e+27,8.6100e+27,6.3100e+27,5.2200e+27,1.5345e+32,1.0398e+32,139
341,3,0.2000,0.3500,1.7560e+28,4.8420e+28,1.0980e+28,3.0780e+28,1.5119e+32,9.9027e+31,139
341,4,0.3500,0.5500,1.7200e+28,1.3792e+29,1.1680e+28,1.0381e+29,9.4222e+31,6.6994e+31,139
341,5,0.5500,1.0100,1.0370e+28,4.4235e+29,9.0200e+27,3.8866e+29,3.5996e+31,3.0620e+31,139
342,0,0.0000,0.0500,1.8400e+27,1.7000e+26,1.3500e+27,6.0000e+25,1.5698e+32,1.2308e+32,138
342,1,0.0500,0.1000,2.2200e+27,7.7000e+26,1.6000e+27,4.2000e+26,7.0857e+31,5.0229e+31,138
342,2,0.1000,0.2000,8.4300e+27,8.1000e+27,6.0100e+27,4.8200e+27,1.5252e+32,1.0118e+32,138
342,3,0.2000,0.3500,1.6590e+28,4.8610e+28,1.0970e+28,3.0420e+28,1.4981e+32,1.0049e+32,138
342,4,0.3500,0.5500,1.6840e+28,1.3522e+29,1.1980e+28,9.5660e+28,9.2709e+31,6.6103e+31,138
342,5,0.5500,1.0100,9.9900e+27,4.3469e+29,8.5700e+27,4.0261e+29,3.5187e+31,3.0048e+31,138
343,0,0.0000,0.0500,2.1000e+27,1.6000e+26,1.3700e+27,3.0000e+25,1.6098e+32,1.2324e+32,138
343,1,0.0500,0.1000,2.0100e+27,5.7000e+26,1.5300e+27,5.0000e+26,6.7110e+31,5.0280e+31,138
343,2,0.1000,0.2000,9.2600e+27,8.5400e+27,6.1500e+27,4.9500e+27,1.5267e+32,1.0108e+32,138
343,3,0.2000,0.3500,1.7260e+28,4.8040e+28,1.1250e+28,2.9790e+28,1.4954e+32,1.0060e+32,138
343,4,0.3500,0.5500,1.6950e+28,1.3611e+29,1.1580e+28,9.4630e+28,9.1903e+31,6.5663e+31,138
343,5,0.5500,1.0100,1.0550e+28,4.4061e+29,8.7800e+27,3.9812e+29,3.4754e+31,2.9705e+31,138
344,0,0.0000,0.0500,1.9800e+27,2.5000e+26,1.4100e+27,7.0000e+25,1.6399e+32,1.2342e+32,138
344,1,0.0500,0.1000,2.1400e+27,5.4000e+26,1.7600e+27,3.8000e+26,6.4367e+31,5.0337e+31,138
344,2,0.1000,0.2000,9.0500e+27,8.1300e+27,5.7200e+27,5.9700e+27,1.5278e+32,1.0123e+32,138
344,3,0.2000,0.3500,1.6730e+28,4.6710e+28,1.1410e+28,3.1890e+28,1.4934e+32,1.0049e+32,138
344,4,0.3500,0.5500,1.7210e+28,1.3804e+29,1.1660e+28,9.6840e+28,9.1225e+31,6.5160e+31,138
344,5,0.5500,1.0100,1.0490e+28,4.3826e+29,8.8200e+27,3.9019e+29,3.4270e+31,2.9320e+31,138
345,0,0.0000,0.0500,2.1500e+27,1.6000e+26,1.4100e+27,2.0000e+25,1.6425e+32,1.2361e+32,138
345,1,0.0500,0.1000,2.1600e+27,6.5000e+26,2.0800e+27,3.7000e+26,6.4402e+31,5.0414e+31,138
345,2,0.1000,0.2000,9.8800e+27,8.2900e+27,6.0100e+27,5.2000e+27,1.5288e+32,1.0140e+32,138
345,3,0.2000,0.3500,1.6790e+28,4.7090e+28,1.1520e+28,3.1070e+28,1.4910e+32,1.0053e+32,138
345,4,0.3500,0.5500,1.6770e+28,1.3195e+29,1.2130e+28,9.6580e+28,9.0448e+31,6.4790e+31,138
345,5,0.5500,1.0100,9.4900e+27,4.2843e+29,8.4900e+27,4.0045e+29,3.3802e+31,2.9058e+31,138
346,0,0.0000,0.0500,2.1700e+27,2.1000e+26,1.5200e+27,8.0000e+25,1.6330e+32,1.2288e+32,137
346,1,0.0500,0.1000,2.0000e+27,5.9000e+26,1.5800e+27,6.1000e+26,6.4216e+31,5.0103e+31,137
346,2,0.1000,0.2000,8.7300e+27,7.8500e+27,5.8800e+27,5.8100e+27,1.5171e+32,1.0080e+32,137
346,3,0.2000,0.3500,1.6780e+28,4.5770e+28,1.1050e+28,3.0710e+28,1.4771e+32,9.9787e+31,137
346,4,0.3500,0.5500,1.6590e+28,1.2710e+29,1.1620e+28,9.9300e+28,8.8930e+31,6.3933e+31,137
346,5,0.5500,1.0100,1.0070e+28,4.2477e+29,8.5500e+27,4.0191e+29,3.3081e+31,2.8599e+31,137
347,0,0.0000,0.0500,2.0600e+27,2.2000e+26,1.3200e+27,9.0000e+25,1.6473e+32,1.2395e+32,138
347,1,0.0500,0.1000,2.1300e+27,4.3000e+26,1.6400e+27,5.7000e+26,6.9135e+31,5.0524e+31,138
347,2,0.1000,0.2000,9.3500e+27,8.0500e+27,6.3100e+27,5.5900e+27,1.4855e+32,1.0047e+32,138
347,3,0.2000,0.3500,1.6140e+28,4.5470e+28,1.0960e+28,3.0870e+28,1.4850e+32,1.0161e+32,138
347,4,0.3500,0.5500,1.6320e+28,1.2889e+29,1.1470e+28,1.0080e+29,8.8754e+31,6.4199e+31,138
347,5,0.5500,1.0100,9.5300e+27,4.3213e+29,8.5600e+27,4.0191e+29,3.2878e+31,2.8557e+31,138
348,0,0.0000,0.0500,2.1800e+27,9.0000e+25,1.4100e+27,6.0000e+25,1.6376e+32,1.2323e+32,137
348,1,0.0500,0.1000,2.2300e+27,5.2000e+26,1.6100e+27,4.6000e+26,6.8664e+31,4.8431e+31,137
348,2,0.1000,0.2000,8.4100e+27,7.9700e+27,6.2000e+27,5.2500e+27,1.4754e+32,1.0016e+32,137
348,3,0.2000,0.3500,1.6980e+28,4.5190e+28,1.0990e+28,3.0640e+28,1.4712e+32,1.0226e+32,137
348,4,0.3500,0.5500,1.5390e+28,1.2802e+29,1.1760e+28,9.8100e+28,8.7321e+31,6.3433e+31,137
348,5,0.5500,1.0100,9.0200e+27,4.2960e+29,8.2600e+27,3.9398e+29,3.2226e+31,2.8020e+31,137
349,0,0.0000,0.0500,2.1000e+27,1.5000e+26,1.2800e+27,3.0000e+25,1.6397e+32,1.2340e+32,137
349,1,0.0500,0.1000,2.3900e+27,5.0000e+26,1.5200e+27,3.6000e+26,6.8705e+31,4.7285e+31,137
349,2,0.1000,0.2000,9.1600e+27,8.4700e+27,6.6500e+27,4.5500e+27,1.4761e+32,1.0147e+32,137
349,3,0.2000,0.3500,1.6040e+28,4.6670e+28,1.1380e+28,3.0050e+28,1.4692e+32,1.0072e+32,137
349,4,0.3500,0.5500,1.5720e+28,1.2441e+29,1.1880e+28,9.7670e+28,8.6452e+31,6.4579e+31,137
349,5,0.5500,1.0100,9.0700e+27,4.1782e+29,7.6100e+27,3.8312e+29,3.1862e+31,2.7677e+31,137
350,0,0.0000,0.0500,2.3300e+27,1.4000e+26,1.4900e+27,4.0000e+25,1.6298e+32,1.2267e+32,136
350,1,0.0500,0.1000,2.1100e+27,6.6000e+26,1.7100e+27,4.1000e+26,6.8263e+31,4.6991e+31,136
350,2,0.1000,0.2000,8.9800e+27,8.4000e+27,5.6700e+27,4.9300e+27,1.4664e+32,1.0082e+32,136
350,3,0.2000,0.3500,1.6740e+28,4.3170e+28,1.1450e+28,3.1180e+28,1.4557e+32,9.9636e+31,136
350,4,0.3500,0.5500,1.5110e+28,1.2255e+29,1.1830e+28,9.6590e+28,8.5189e+31,6.4016e+31,136
350,5,0.5500,1.0100,8.6900e+27,4.1084e+29,7.7100e+27,3.8583e+29,3.1095e+31,2.7116e+31,136
351,0,0.0000,0.0500,2.0900e+27,1.2000e+26,1.4900e+27,2.0000e+25,1.6440e+32,1.2374e+32,137
351,1,0.0500,0.1000,2.2400e+27,5.7000e+26,1.4000e+27,5.0000e+26,6.8829e+31,4.7390e+31,137
351,2,0.1000,0.2000,8.5400e+27,7.2200e+27,6.1800e+27,4.9000e+27,1.4780e+32,1.0168e+32,137
351,3,0.2000,0.3500,1.7250e+28,4.2610e+28,1.1840e+28,3.1110e+28,1.4640e+32,1.0039e+32,137
351,4,0.3500,0.5500,1.5460e+28,1.2629e+29,1.1700e+28,9.8620e+28,8.5124e+31,6.4154e+31,137
351,5,0.5500,1.0100,9.3700e+27,4.0927e+29,7.5800e+27,3.7642e+29,3.0952e+31,2.7056e+31,137
352,0,0.0000,0.0500,1.8400e+27,9.0000e+25,1.4800e+27,3.0000e+25,1.6342e+32,1.2302e+32,136
352,1,0.0500,0.1000,2.3300e+27,7.1000e+26,1.5100e+27,5.5000e+26,6.8391e+31,4.7100e+31,136
352,2,0.1000,0.2000,9.1100e+27,7.6300e+27,6.1100e+27,5.2300e+27,1.4684e+32,1.0110e+32,136
352,3,0.2000,0.3500,1.5890e+28,4.3120e+28,1.0770e+28,3.1030e+28,1.4501e+32,9.9619e+31,136
352,4,0.3500,0.5500,1.5840e+28,1.2618e+29,1.1920e+28,9.7670e+28,8.3930e+31,6.3335e+31,136
352,5,0.5500,1.0100,8.9400e+27,3.9505e+29,7.9900e+27,3.7350e+29,3.0354e+31,2.6496e+31,136
353,0,0.0000,0.0500,1.9600e+27,6.0000e+25,1.4000e+27,8.0000e+25,1.6487e+32,1.2409e+32,137
353,1,0.0500,0.1000,2.4100e+27,5.3000e+26,1.8100e+27,3.4000e+26,6.8943e+31,4.7495e+31,137
353,2,0.1000,0.2000,8.3700e+27,7.1000e+27,6.6400e+27,6.1200e+27,1.4800e+32,1.0192e+32,137
353,3,0.2000,0.3500,1.5830e+28,4.2870e+28,1.1130e+28,3.0610e+28,1.4578e+32,1.0039e+32,137
353,4,0.3500,0.5500,1.5090e+28,1.2172e+29,1.1410e+28,9.8060e+28,8.4001e+31,6.3466e+31,137
353,5,0.5500,1.0100,8.8800e+27,4.0469e+29,7.5300e+27,3.8417e+29,3.0291e+31,2.6332e+31,137
354,0,0.0000,0.0500,2.2600e+27,6.0000e+25,1.4200e+27,2.0000e+25,1.6389e+32,1.2336e+32,136
354,1,0.0500,0.1000,2.2100e+27,5.5000e+26,1.7900e+27,5.0000e+26,6.8472e+31,4.7218e+31,136
354,2,0.1000,0.2000,8.8400e+27,7.4300e+27,6.2000e+27,5.5400e+27,1.4698e+32,1.0131e+32,136
354,3,0.2000,0.3500,1.6030e+28,4.2300e+28,1.1160e+28,3.0660e+28,1.4442e+32,9.9539e+31,136
354,4,0.3500,0.5500,1.5330e+28,1.2125e+29,1.1560e+28,9.5660e+28,8.2780e+31,6.2737e+31,136
354,5,0.5500,1.0100,8.9700e+27,4.0861e+29,7.8100e+27,3.7969e+29,2.9709e+31,2.5837e+31,136
355,0,0.0000,0.0500,2.3100e+27,1.3000e+26,1.5100e+27,1.0000e+26,1.6533e+32,1.2444e+32,137
355,1,0.0500,0.1000,2.3600e+27,5.5000e+26,1.6300e+27,3.9000e+26,6.8988e+31,4.7612e+31,137
355,2,0.1000,0.2000,9.0000e+27,7.2800e+27,6.3900e+27,5.7000e+27,1.4819e+32,1.0223e+32,137
355,3,0.2000,0.3500,1.6360e+28,3.9440e+28,1.0950e+28,3.0150e+28,1.4523e+32,1.0019e+32,137
355,4,0.3500,0.5500,1.4870e+28,1.1621e+29,1.1550e+28,9.6120e+28,8.2720e+31,6.2842e+31,137
355,5,0.5500,1.0100,8.5500e+27,3.9849e+29,7.9500e+27,3.8315e+29,2.9610e+31,2.5750e+31,137
356,0,0.0000,0.0500,2.0100e+27,5.0000e+25,1.6500e+27,8.0000e+25,1.6744e+32,1.2370e+32,136
356,1,0.0500,0.1000,2.5500e+27,5.4000e+26,1.4000e+27,4.4000e+26,6.7428e+31,4.7297e+31,136
356,2,0.1000,0.2000,8.5000e+27,6.9100e+27,6.3700e+27,5.6100e+27,1.4605e+32,1.0159e+32,136
356,3,0.2000,0.3500,1.5460e+28,3.9100e+28,1.1530e+28,2.9620e+28,1.4290e+32,9.9375e+31,136
356,4,0.3500,0.5500,1.5740e+28,1.1890e+29,1.0900e+28,9.6080e+28,8.1552e+31,6.1911e+31,136
356,5,0.5500,1.0100,8.5900e+27,3.8893e+29,7.4200e+27,3.6897e+29,2.9178e+31,2.5363e+31,136
357,0,0.0000,0.0500,2.2100e+27,1.5000e+26,1.8500e+27,9.0000e+25,1.7334e+32,1.2125e+32,136
357,1,0.0500,0.1000,2.1400e+27,6.6000e+26,1.4800e+27,4.4000e+26,6.7432e+31,4.7103e+31,136
357,2,0.1000,0.2000,8.8000e+27,8.1700e+27,5.9100e+27,5.4400e+27,1.4509e+32,1.0223e+32,136
357,3,0.2000,0.3500,1.5460e+28,3.9740e+28,1.0690e+28,3.1950e+28,1.3801e+32,1.0163e+32,136
357,4,0.3500,0.5500,1.4440e+28,1.1746e+29,1.1430e+28,9.5750e+28,8.0964e+31,6.1654e+31,136
357,5,0.5500,1.0100,9.0100e+27,3.9388e+29,7.8500e+27,3.6069e+29,2.8872e+31,2.5076e+31,136
358,0,0.0000,0.0500,2.0800e+27,8.0000e+25,1.3000e+27,3.0000e+25,1.7356e+32,1.1792e+32,136
358,1,0.0500,0.1000,2.2900e+27,6.5000e+26,1.6500e+27,3.9000e+26,6.7485e+31,4.8116e+31,136
358,2,0.1000,0.2000,9.0900e+27,7.3400e+27,5.9200e+27,5.4500e+27,1.4526e+32,1.0335e+32,136
358,3,0.2000,0.3500,1.6110e+28,3.8430e+28,1.1490e+28,3.0340e+28,1.3768e+32,1.0302e+32,136
358,4,0.3500,0.5500,1.4620e+28,1.1235e+29,1.1090e+28,9.4920e+28,8.0431e+31,6.1284e+31,136
358,5,0.5500,1.0100,8.0200e+27,3.9683e+29,7.0500e+27,3.5975e+29,2.8624e+31,2.4884e+31,136
359,0,0.0000,0.0500,2.1200e+27,1.1000e+26,1.2300e+27,7.0000e+25,1.7366e+32,1.1794e+32,136
359,1,0.0500,0.1000,2.5500e+27,6.9000e+26,1.4700e+27,3.9000e+26,6.7495e+31,4.8132e+31,136
359,2,0.1000,0.2000,8.7700e+27,7.3800e+27,5.9300e+27,4.8900e+27,1.4519e+32,1.0335e+32,136
359,3,0.2000,0.3500,1.5800e+28,3.7750e+28,1.1060e+28,3.0680e+28,1.3734e+32,1.0282e+32,136
359,4,0.3500,0.5500,1.4700e+28,1.1302e+29,1.0850e+28,9.5930e+28,7.9860e+31,6.0918e+31,136
359,5,0.5500,1.0100,8.2600e+27,3.9067e+29,7.0400e+27,3.6179e+29,2.8385e+31,2.4715e+31,136
