TAA_Bin,Band_Index,EffCos_Lo,EffCos_Hi,Gen_PSD_Dawn,Gen_TD_Dawn,Gen_PSD_Dusk,Gen_TD_Dusk,Stock_Dawn,Stock_Dusk,Step_Count
0,0,0.0000,0.0500,3.7400e+27,4.0000e+25,2.3800e+27,0.0000e+00,2.9138e+32,1.8154e+32,136
0,1,0.0500,0.1000,3.2200e+27,1.9000e+26,1.8600e+27,1.1000e+26,9.9270e+31,5.9420e+31,136
0,2,0.1000,0.2000,1.3800e+28,3.0600e+27,7.3500e+27,2.0900e+27,2.3138e+32,1.2824e+32,136
0,3,0.2000,0.3500,2.3150e+28,1.6620e+28,1.2580e+28,9.9000e+27,2.0814e+32,1.1675e+32,136
0,4,0.3500,0.5500,2.2750e+28,5.0680e+28,1.4800e+28,3.8080e+28,1.2518e+32,7.8095e+31,136
0,5,0.5500,1.0100,1.7380e+28,1.9532e+29,1.4840e+28,1.7780e+29,5.7360e+31,4.8168e+31,136
1,0,0.0000,0.0500,3.4500e+27,3.0000e+25,2.1500e+27,3.0000e+25,2.9158e+32,1.8166e+32,136
1,1,0.0500,0.1000,3.2500e+27,2.7000e+26,1.6100e+27,9.0000e+25,9.9233e+31,5.9394e+31,136
1,2,0.1000,0.2000,1.3670e+28,3.2200e+27,7.8500e+27,1.7200e+27,2.3122e+32,1.2825e+32,136
1,3,0.2000,0.3500,2.2540e+28,1.6510e+28,1.3110e+28,1.0550e+28,2.0765e+32,1.1660e+32,136
1,4,0.3500,0.5500,2.2840e+28,5.1040e+28,1.5330e+28,3.7800e+28,1.2472e+32,7.8053e+31,136
1,5,0.5500,1.0100,1.7540e+28,1.9787e+29,1.5210e+28,1.8359e+29,5.7493e+31,4.8357e+31,136
2,0,0.0000,0.0500,3.6400e+27,3.0000e+25,2.5500e+27,1.0000e+25,2.9177e+32,1.8178e+32,136
2,1,0.0500,0.1000,3.4200e+27,1.4000e+26,1.8500e+27,7.0000e+25,9.9182e+31,5.9361e+31,136
2,2,0.1000,0.2000,1.3390e+28,3.3000e+27,7.1600e+27,1.9100e+27,2.3096e+32,1.2818e+32,136
2,3,0.2000,0.3500,2.3620e+28,1.5730e+28,1.2500e+28,1.0570e+28,2.0718e+32,1.1651e+32,136
2,4,0.3500,0.5500,2.2300e+28,5.0820e+28,1.4280e+28,3.7180e+28,1.2425e+32,7.7970e+31,136
2,5,0.5500,1.0100,1.7670e+28,1.9579e+29,1.4950e+28,1.8125e+29,5.7700e+31,4.8504e+31,136
3,0,0.0000,0.0500,3.6300e+27,2.0000e+25,2.4800e+27,2.0000e+25,2.9414e+32,1.8324e+32,137
3,1,0.0500,0.1000,3.5800e+27,1.7000e+26,1.7900e+27,6.0000e+25,9.9849e+31,5.9784e+31,137
3,2,0.1000,0.2000,1.3860e+28,2.9700e+27,7.6100e+27,1.6100e+27,2.3249e+32,1.2906e+32,137
3,3,0.2000,0.3500,2.2640e+28,1.6380e+28,1.3060e+28,1.0650e+28,2.0825e+32,1.1720e+32,137
3,4,0.3500,0.5500,2.2650e+28,5.0750e+28,1.4880e+28,3.7700e+28,1.2478e+32,7.8432e+31,137
3,5,0.5500,1.0100,1.7360e+28,1.9148e+29,1.5690e+28,1.8406e+29,5.8173e+31,4.9158e+31,137
4,0,0.0000,0.0500,3.4500e+27,2.0000e+25,2.3900e+27,2.0000e+25,2.9219e+32,1.8200e+32,136
4,1,0.0500,0.1000,3.1200e+27,1.6000e+26,1.8500e+27,9.0000e+25,9.9087e+31,5.9334e+31,136
4,2,0.1000,0.2000,1.3350e+28,2.9800e+27,7.2900e+27,1.5800e+27,2.3050e+32,1.2806e+32,136
4,3,0.2000,0.3500,2.3830e+28,1.5560e+28,1.2520e+28,1.0380e+28,2.0885e+32,1.1620e+32,136
4,4,0.3500,0.5500,2.3020e+28,5.0530e+28,1.4990e+28,4.0280e+28,1.2102e+32,7.7886e+31,136
4,5,0.5500,1.0100,1.7720e+28,1.9638e+29,1.5570e+28,1.8689e+29,5.7858e+31,4.9018e+31,136
5,0,0.0000,0.0500,3.1500e+27,2.0000e+25,2.6200e+27,3.0000e+25,2.9241e+32,1.8212e+32,136
5,1,0.0500,0.1000,3.7500e+27,2.1000e+26,2.0800e+27,8.0000e+25,1.0675e+32,5.9327e+31,136
5,2,0.1000,0.2000,1.3550e+28,2.7000e+27,7.5800e+27,1.9500e+27,2.2392e+32,1.2798e+32,136
5,3,0.2000,0.3500,2.3180e+28,1.6370e+28,1.3200e+28,1.0910e+28,2.0902e+32,1.1607e+32,136
5,4,0.3500,0.5500,2.1800e+28,5.0020e+28,1.4400e+28,3.8820e+28,1.1882e+32,7.7980e+31,136
5,5,0.5500,1.0100,1.7780e+28,1.9468e+29,1.5150e+28,1.8774e+29,5.8028e+31,4.9306e+31,136
6,0,0.0000,0.0500,3.6500e+27,2.0000e+25,2.4500e+27,3.0000e+25,2.9479e+32,1.8356e+32,137
6,1,0.0500,0.1000,3.6500e+27,2.2000e+26,1.7000e+27,6.0000e+25,1.0831e+32,5.6688e+31,137
6,2,0.1000,0.2000,1.3480e+28,3.1600e+27,7.7700e+27,1.5500e+27,2.2940e+32,1.3195e+32,137
6,3,0.2000,0.3500,2.2600e+28,1.5840e+28,1.2770e+28,1.1050e+28,2.0521e+32,1.1690e+32,137
6,4,0.3500,0.5500,2.2250e+28,4.8930e+28,1.4480e+28,3.8050e+28,1.1936e+32,7.8434e+31,137
6,5,0.5500,1.0100,1.7160e+28,1.9847e+29,1.5170e+28,1.8465e+29,5.8568e+31,4.9926e+31,137
7,0,0.0000,0.0500,3.6600e+27,0.0000e+00,2.1900e+27,3.0000e+25,2.9294e+32,1.8233e+32,136
7,1,0.0500,0.1000,3.9500e+27,1.7000e+26,1.8200e+27,7.0000e+25,1.0749e+32,5.5110e+31,136
7,2,0.1000,0.2000,1.3990e+28,2.6300e+27,7.3700e+27,1.6500e+27,2.2752e+32,1.3209e+32,136
7,3,0.2000,0.3500,2.2580e+28,1.5440e+28,1.2960e+28,1.0780e+28,2.0324e+32,1.1596e+32,136
7,4,0.3500,0.5500,2.0910e+28,4.7350e+28,1.4170e+28,3.6590e+28,1.1807e+32,7.7793e+31,136
7,5,0.5500,1.0100,1.8330e+28,1.9503e+29,1.5500e+28,1.8689e+29,5.8411e+31,4.9797e+31,136
8,0,0.0000,0.0500,3.5600e+27,2.0000e+25,2.6200e+27,3.0000e+25,2.9534e+32,1.8195e+32,137
8,1,0.0500,0.1000,3.9300e+27,1.9000e+26,1.6700e+27,1.3000e+26,1.0828e+32,5.7334e+31,137
8,2,0.1000,0.2000,1.3950e+28,2.6500e+27,8.0400e+27,1.9100e+27,2.2895e+32,1.3301e+32,137
8,3,0.2000,0.3500,2.3510e+28,1.5060e+28,1.3080e+28,1.0330e+28,2.0420e+32,1.1673e+32,137
8,4,0.3500,0.5500,2.2150e+28,4.7250e+28,1.4340e+28,3.7190e+28,1.1856e+32,7.8235e+31,137
8,5,0.5500,1.0100,1.7870e+28,2.0038e+29,1.5580e+28,1.8638e+29,5.9052e+31,5.0309e+31,137
9,0,0.0000,0.0500,3.3500e+27,1.0000e+25,2.0700e+27,2.0000e+25,2.9555e+32,1.7377e+32,137
9,1,0.0500,0.1000,3.7400e+27,1.7000e+26,1.9100e+27,1.1000e+26,1.0827e+32,6.5618e+31,137
9,2,0.1000,0.2000,1.3640e+28,2.9900e+27,7.5200e+27,1.7300e+27,2.3183e+32,1.3298e+32,137
9,3,0.2000,0.3500,2.2610e+28,1.4220e+28,1.2930e+28,9.9400e+27,2.0076e+32,1.1661e+32,137
9,4,0.3500,0.5500,2.1530e+28,4.6410e+28,1.4440e+28,3.9510e+28,1.1823e+32,7.8157e+31,137
9,5,0.5500,1.0100,1.6710e+28,1.9555e+29,1.4690e+28,1.9057e+29,5.9164e+31,5.0563e+31,137
10,0,0.0000,0.0500,3.3800e+27,1.0000e+25,2.3500e+27,4.0000e+25,2.9578e+32,1.7060e+32,137
10,1,0.0500,0.1000,4.1600e+27,2.0000e+26,2.0400e+27,1.2000e+26,1.0825e+32,6.8902e+31,137
10,2,0.1000,0.2000,1.5050e+28,2.6900e+27,8.3700e+27,1.7800e+27,2.3710e+32,1.3294e+32,137
10,3,0.2000,0.3500,2.1330e+28,1.5290e+28,1.3600e+28,1.0960e+28,1.9472e+32,1.1646e+32,137
10,4,0.3500,0.5500,2.1300e+28,4.5920e+28,1.4590e+28,3.8110e+28,1.1786e+32,7.8307e+31,137
10,5,0.5500,1.0100,1.7980e+28,1.9595e+29,1.5830e+28,1.8445e+29,5.9342e+31,5.0767e+31,137
11,0,0.0000,0.0500,3.1800e+27,5.0000e+25,2.0400e+27,1.0000e+25,2.9598e+32,1.6498e+32,137
11,1,0.0500,0.1000,3.7000e+27,1.2000e+26,2.2500e+27,8.0000e+25,1.0821e+32,7.4608e+31,137
11,2,0.1000,0.2000,1.4220e+28,2.9900e+27,7.5700e+27,1.8500e+27,2.3698e+32,1.3287e+32,137
11,3,0.2000,0.3500,2.0780e+28,1.4660e+28,1.2830e+28,1.0920e+28,1.9419e+32,1.1644e+32,137
11,4,0.3500,0.5500,2.1380e+28,4.5540e+28,1.4740e+28,3.8020e+28,1.1764e+32,7.8351e+31,137
11,5,0.5500,1.0100,1.7930e+28,1.9162e+29,1.5980e+28,1.7831e+29,5.9445e+31,5.0787e+31,137
12,0,0.0000,0.0500,3.8200e+27,1.0000e+25,1.8400e+27,1.0000e+25,2.9621e+32,1.6413e+32,137
12,1,0.0500,0.1000,3.5000e+27,1.8000e+26,2.0800e+27,9.0000e+25,1.0821e+32,7.5531e+31,137
12,2,0.1000,0.2000,1.4520e+28,2.8300e+27,8.2000e+27,1.8200e+27,2.3679e+32,1.3282e+32,137
12,3,0.2000,0.3500,2.2590e+28,1.3880e+28,1.3100e+28,1.0110e+28,1.9372e+32,1.1632e+32,137
12,4,0.3500,0.5500,2.1480e+28,4.4620e+28,1.4010e+28,3.8700e+28,1.1734e+32,7.8333e+31,137
12,5,0.5500,1.0100,1.7790e+28,1.9273e+29,1.5720e+28,1.8191e+29,5.9445e+31,5.0927e+31,137
13,0,0.0000,0.0500,3.5600e+27,3.0000e+25,2.0400e+27,2.0000e+25,2.9644e+32,1.6391e+32,137
13,1,0.0500,0.1000,3.5200e+27,1.6000e+26,2.1300e+27,9.0000e+25,1.0819e+32,7.5834e+31,137
13,2,0.1000,0.2000,1.4700e+28,2.7000e+27,8.0400e+27,1.8100e+27,2.3662e+32,1.3280e+32,137
13,3,0.2000,0.3500,2.2070e+28,1.3870e+28,1.3760e+28,9.8400e+27,1.9337e+32,1.1621e+32,137
13,4,0.3500,0.5500,2.1940e+28,4.5090e+28,1.4500e+28,3.6480e+28,1.1704e+32,7.8329e+31,137
13,5,0.5500,1.0100,1.7860e+28,1.8323e+29,1.6920e+28,1.8333e+29,5.9301e+31,5.1091e+31,137
14,0,0.0000,0.0500,3.3300e+27,1.0000e+25,1.9300e+27,3.0000e+25,2.9882e+32,1.5915e+32,138
14,1,0.0500,0.1000,3.8100e+27,1.3000e+26,2.6600e+27,1.2000e+26,1.0893e+32,8.2452e+31,138
14,2,0.1000,0.2000,1.4110e+28,2.2300e+27,8.0300e+27,1.6600e+27,2.3809e+32,1.3380e+32,138
14,3,0.2000,0.3500,2.1180e+28,1.4020e+28,1.3000e+28,9.9800e+27,1.9440e+32,1.1689e+32,138
14,4,0.3500,0.5500,2.1020e+28,4.4550e+28,1.5240e+28,3.9260e+28,1.1752e+32,7.8919e+31,138
14,5,0.5500,1.0100,1.7690e+28,1.8298e+29,1.5690e+28,1.7888e+29,5.9698e+31,5.1540e+31,138
15,0,0.0000,0.0500,3.2000e+27,2.0000e+25,1.8900e+27,1.0000e+25,2.9903e+32,1.5918e+32,138
15,1,0.0500,0.1000,3.7200e+27,1.7000e+26,2.3600e+27,9.0000e+25,1.0884e+32,8.2454e+31,138
15,2,0.1000,0.2000,1.4810e+28,2.5300e+27,7.7300e+27,1.5900e+27,2.3790e+32,1.3030e+32,138
15,3,0.2000,0.3500,2.1320e+28,1.3230e+28,1.2740e+28,1.0730e+28,1.9391e+32,1.2022e+32,138
15,4,0.3500,0.5500,2.1230e+28,4.3950e+28,1.4760e+28,3.6690e+28,1.1716e+32,7.8944e+31,138
15,5,0.5500,1.0100,1.7770e+28,1.8576e+29,1.5880e+28,1.7964e+29,5.9638e+31,5.1663e+31,138
16,0,0.0000,0.0500,3.1900e+27,1.0000e+25,2.0400e+27,2.0000e+25,2.9927e+32,1.5924e+32,138
16,1,0.0500,0.1000,3.4200e+27,2.0000e+26,2.3900e+27,1.2000e+26,1.0875e+32,8.2476e+31,138
16,2,0.1000,0.2000,1.4340e+28,2.5800e+27,7.4000e+27,1.6500e+27,2.3772e+32,1.2975e+32,138
16,3,0.2000,0.3500,2.1400e+28,1.4130e+28,1.3460e+28,9.9100e+27,1.9347e+32,1.2068e+32,138
16,4,0.3500,0.5500,2.1660e+28,4.5590e+28,1.5010e+28,3.6610e+28,1.1686e+32,7.8875e+31,138
16,5,0.5500,1.0100,1.7910e+28,1.9085e+29,1.5390e+28,1.7585e+29,5.9800e+31,5.1733e+31,138
17,0,0.0000,0.0500,3.5100e+27,1.0000e+25,1.6900e+27,0.0000e+00,2.9952e+32,1.5930e+32,138
17,1,0.0500,0.1000,3.7200e+27,9.0000e+25,2.1900e+27,8.0000e+25,1.0869e+32,8.2511e+31,138
17,2,0.1000,0.2000,1.3930e+28,2.9300e+27,7.5100e+27,1.6400e+27,2.3755e+32,1.2968e+32,138
17,3,0.2000,0.3500,2.0620e+28,1.2060e+28,1.3080e+28,9.8200e+27,1.9307e+32,1.2057e+32,138
17,4,0.3500,0.5500,2.1550e+28,4.3900e+28,1.4380e+28,3.5050e+28,1.1653e+32,7.8765e+31,138
17,5,0.5500,1.0100,1.7290e+28,1.8561e+29,1.6640e+28,1.7729e+29,5.9970e+31,5.1880e+31,138
18,0,0.0000,0.0500,3.2900e+27,0.0000e+00,1.9500e+27,2.0000e+25,3.0196e+32,1.6051e+32,139
18,1,0.0500,0.1000,3.5800e+27,1.5000e+26,2.4200e+27,9.0000e+25,1.0944e+32,8.3133e+31,139
18,2,0.1000,0.2000,1.4270e+28,2.6700e+27,7.7800e+27,1.4100e+27,2.3905e+32,1.3056e+32,139
18,3,0.2000,0.3500,2.1590e+28,1.2950e+28,1.3900e+28,1.0680e+28,1.9400e+32,1.2131e+32,139
18,4,0.3500,0.5500,2.1440e+28,4.3030e+28,1.4710e+28,3.4840e+28,1.1710e+32,7.9306e+31,139
18,5,0.5500,1.0100,1.8490e+28,1.8213e+29,1.6560e+28,1.7819e+29,6.0258e+31,5.2361e+31,139
19,0,0.0000,0.0500,3.3400e+27,2.0000e+25,2.0800e+27,1.0000e+25,3.0222e+32,1.5552e+32,139
19,1,0.0500,0.1000,4.0100e+27,1.4000e+26,2.4600e+27,1.0000e+26,1.0940e+32,8.8231e+31,139
19,2,0.1000,0.2000,1.4710e+28,2.2400e+27,7.5100e+27,1.3300e+27,2.3888e+32,1.3053e+32,139
19,3,0.2000,0.3500,2.1340e+28,1.3040e+28,1.3690e+28,9.4500e+27,1.9357e+32,1.2124e+32,139
19,4,0.3500,0.5500,2.1430e+28,4.3120e+28,1.4300e+28,3.4500e+28,1.1685e+32,7.9184e+31,139
19,5,0.5500,1.0100,1.7780e+28,1.8353e+29,1.5460e+28,1.7381e+29,6.0375e+31,5.2487e+31,139
20,0,0.0000,0.0500,3.2800e+27,2.0000e+25,1.8100e+27,3.0000e+25,3.0250e+32,1.5483e+32,139
20,1,0.0500,0.1000,3.4700e+27,1.6000e+26,2.5900e+27,6.0000e+25,1.0936e+32,8.9003e+31,139
20,2,0.1000,0.2000,1.4390e+28,2.3800e+27,7.4900e+27,1.5100e+27,2.3878e+32,1.3046e+32,139
20,3,0.2000,0.3500,2.1680e+28,1.3580e+28,1.2770e+28,9.9500e+27,1.9313e+32,1.2118e+32,139
20,4,0.3500,0.5500,2.0400e+28,4.3330e+28,1.4860e+28,3.3720e+28,1.1666e+32,7.9035e+31,139
20,5,0.5500,1.0100,1.8700e+28,1.7958e+29,1.5950e+28,1.7070e+29,6.0486e+31,5.2375e+31,139
21,0,0.0000,0.0500,3.1800e+27,2.0000e+25,1.9200e+27,0.0000e+00,3.0277e+32,1.5487e+32,139
21,1,0.0500,0.1000,3.8600e+27,1.2000e+26,2.5400e+27,1.3000e+26,1.0932e+32,8.9007e+31,139
21,2,0.1000,0.2000,1.3780e+28,2.6000e+27,7.9300e+27,1.3800e+27,2.3864e+32,1.3046e+32,139
21,3,0.2000,0.3500,2.1140e+28,1.3110e+28,1.3120e+28,9.8700e+27,1.9275e+32,1.2109e+32,139
21,4,0.3500,0.5500,2.0440e+28,4.1970e+28,1.4380e+28,3.5120e+28,1.1639e+32,7.8876e+31,139
21,5,0.5500,1.0100,1.8440e+28,1.8242e+29,1.5740e+28,1.6839e+29,6.0662e+31,5.2307e+31,139
22,0,0.0000,0.0500,3.1200e+27,0.0000e+00,1.5800e+27,3.0000e+25,3.0524e+32,1.5604e+32,140
22,1,0.0500,0.1000,3.5300e+27,1.2000e+26,2.6100e+27,7.0000e+25,1.1009e+32,8.9690e+31,140
22,2,0.1000,0.2000,1.3640e+28,2.4300e+27,7.7000e+27,1.4500e+27,2.4015e+32,1.3143e+32,140
22,3,0.2000,0.3500,2.0330e+28,1.2480e+28,1.3870e+28,9.8100e+27,1.9369e+32,1.2182e+32,140
22,4,0.3500,0.5500,2.1490e+28,4.1960e+28,1.5020e+28,3.4520e+28,1.1684e+32,7.9423e+31,140
22,5,0.5500,1.0100,1.7980e+28,1.7881e+29,1.5890e+28,1.6822e+29,6.1287e+31,5.2698e+31,140
23,0,0.0000,0.0500,3.2300e+27,0.0000e+00,1.9500e+27,1.0000e+25,3.0552e+32,1.5607e+32,140
23,1,0.0500,0.1000,3.3300e+27,2.2000e+26,2.6600e+27,9.0000e+25,1.1003e+32,8.9720e+31,140
23,2,0.1000,0.2000,1.3510e+28,2.2800e+27,7.5900e+27,1.5000e+27,2.3989e+32,1.3137e+32,140
23,3,0.2000,0.3500,2.0760e+28,1.2870e+28,1.3510e+28,9.3200e+27,1.9326e+32,1.2176e+32,140
23,4,0.3500,0.5500,2.1080e+28,4.2750e+28,1.4420e+28,3.6530e+28,1.1668e+32,7.9366e+31,140
23,5,0.5500,1.0100,1.8500e+28,1.7668e+29,1.6190e+28,1.7351e+29,6.1251e+31,5.2825e+31,140
24,0,0.0000,0.0500,3.2800e+27,1.0000e+25,1.7000e+27,1.0000e+25,3.0578e+32,1.5613e+32,140
24,1,0.0500,0.1000,3.5400e+27,1.4000e+26,2.2500e+27,6.0000e+25,1.0999e+32,8.9752e+31,140
24,2,0.1000,0.2000,1.4640e+28,2.4400e+27,7.7000e+27,1.4500e+27,2.4449e+32,1.3132e+32,140
24,3,0.2000,0.3500,1.9400e+28,1.3160e+28,1.3230e+28,9.5400e+27,1.8810e+32,1.2174e+32,140
24,4,0.3500,0.5500,2.0390e+28,4.0650e+28,1.3910e+28,3.4410e+28,1.1632e+32,7.9456e+31,140
24,5,0.5500,1.0100,1.8280e+28,1.6968e+29,1.5010e+28,1.6618e+29,6.1161e+31,5.2780e+31,140
25,0,0.0000,0.0500,3.3700e+27,2.0000e+25,2.0400e+27,0.0000e+00,3.0827e+32,1.5731e+32,141
25,1,0.0500,0.1000,3.4000e+27,1.6000e+26,2.5400e+27,1.2000e+26,1.1076e+32,9.0439e+31,141
25,2,0.1000,0.2000,1.3570e+28,2.3000e+27,7.5100e+27,1.5500e+27,2.4620e+32,1.3228e+32,141
25,3,0.2000,0.3500,2.0820e+28,1.2250e+28,1.3710e+28,9.6400e+27,1.8877e+32,1.2251e+32,141
25,4,0.3500,0.5500,2.0160e+28,4.1560e+28,1.4430e+28,3.3420e+28,1.1687e+32,7.9955e+31,141
25,5,0.5500,1.0100,1.8880e+28,1.7240e+29,1.5150e+28,1.6415e+29,6.1420e+31,5.2983e+31,141
26,0,0.0000,0.0500,3.4700e+27,0.0000e+00,1.8600e+27,2.0000e+25,3.0856e+32,1.5740e+32,141
26,1,0.0500,0.1000,3.5400e+27,1.8000e+26,2.4700e+27,4.0000e+25,1.1072e+32,9.0498e+31,141
26,2,0.1000,0.2000,1.4350e+28,2.6500e+27,7.9000e+27,1.3500e+27,2.4468e+32,1.3231e+32,141
26,3,0.2000,0.3500,2.0940e+28,1.3030e+28,1.3050e+28,1.0080e+28,1.8976e+32,1.2239e+32,141
26,4,0.3500,0.5500,2.0860e+28,3.9800e+28,1.4520e+28,3.4520e+28,1.1666e+32,7.9925e+31,141
26,5,0.5500,1.0100,1.8320e+28,1.6617e+29,1.6250e+28,1.6073e+29,6.1361e+31,5.2792e+31,141
27,0,0.0000,0.0500,3.4300e+27,0.0000e+00,1.6200e+27,1.0000e+25,3.1104e+32,1.5857e+32,142
27,1,0.0500,0.1000,3.6500e+27,1.8000e+26,2.4700e+27,7.0000e+25,1.1149e+32,9.1226e+31,142
27,2,0.1000,0.2000,1.4440e+28,2.3900e+27,7.4900e+27,1.6100e+27,2.4263e+32,1.3329e+32,142
27,3,0.2000,0.3500,2.0560e+28,1.3060e+28,1.3640e+28,9.6600e+27,1.9448e+32,1.2320e+32,142
27,4,0.3500,0.5500,2.1460e+28,4.0860e+28,1.4920e+28,3.2740e+28,1.1725e+32,8.0499e+31,142
27,5,0.5500,1.0100,1.7700e+28,1.7105e+29,1.6140e+28,1.5914e+29,6.1645e+31,5.3002e+31,142
28,0,0.0000,0.0500,3.2600e+27,1.0000e+25,1.9200e+27,0.0000e+00,3.1133e+32,1.5865e+32,142
28,1,0.0500,0.1000,3.5500e+27,1.1000e+26,2.4900e+27,1.0000e+26,1.1150e+32,9.1302e+31,142
28,2,0.1000,0.2000,1.3540e+28,2.2300e+27,7.4500e+27,1.2300e+27,2.4245e+32,1.3319e+32,142
28,3,0.2000,0.3500,2.0300e+28,1.1600e+28,1.3060e+28,8.6300e+27,1.9406e+32,1.2316e+32,142
28,4,0.3500,0.5500,2.0520e+28,3.8590e+28,1.4370e+28,3.1510e+28,1.1691e+32,8.0315e+31,142
28,5,0.5500,1.0100,1.7830e+28,1.6443e+29,1.5730e+28,1.5322e+29,6.1531e+31,5.2806e+31,142
29,0,0.0000,0.0500,2.9800e+27,1.0000e+25,1.8400e+27,1.0000e+25,3.1161e+32,1.5874e+32,142
29,1,0.0500,0.1000,3.7700e+27,1.1000e+26,2.7700e+27,7.0000e+25,1.1151e+32,9.1364e+31,142
29,2,0.1000,0.2000,1.4490e+28,2.3900e+27,7.6500e+27,1.2700e+27,2.4234e+32,1.3317e+32,142
29,3,0.2000,0.3500,2.1170e+28,1.1660e+28,1.3370e+28,8.8500e+27,1.9362e+32,1.2308e+32,142
29,4,0.3500,0.5500,2.0760e+28,3.8790e+28,1.4050e+28,3.0330e+28,1.1651e+32,8.0092e+31,142
29,5,0.5500,1.0100,1.7930e+28,1.6090e+29,1.6230e+28,1.5336e+29,6.1278e+31,5.2711e+31,142
30,0,0.0000,0.0500,3.3500e+27,1.0000e+25,1.6500e+27,1.0000e+25,3.1414e+32,1.5993e+32,143
30,1,0.0500,0.1000,3.4900e+27,1.4000e+26,2.3700e+27,7.0000e+25,1.1230e+32,9.2055e+31,143
30,2,0.1000,0.2000,1.4060e+28,1.9600e+27,7.2800e+27,1.2200e+27,2.4391e+32,1.3417e+32,143
30,3,0.2000,0.3500,2.1170e+28,1.1500e+28,1.3990e+28,8.0700e+27,1.9465e+32,1.2385e+32,143
30,4,0.3500,0.5500,2.0350e+28,3.6620e+28,1.4930e+28,3.1640e+28,1.1677e+32,8.0584e+31,143
30,5,0.5500,1.0100,1.8150e+28,1.5541e+29,1.6310e+28,1.5502e+29,6.1398e+31,5.2957e+31,143
31,0,0.0000,0.0500,3.4400e+27,1.0000e+25,1.8900e+27,0.0000e+00,3.1450e+32,1.6513e+32,143
31,1,0.0500,0.1000,3.1400e+27,1.3000e+26,2.3800e+27,7.0000e+25,1.1228e+32,8.6975e+31,143
31,2,0.1000,0.2000,1.3980e+28,2.2500e+27,7.6900e+27,1.1300e+27,2.4376e+32,1.3420e+32,143
31,3,0.2000,0.3500,2.0320e+28,1.2310e+28,1.3620e+28,8.8700e+27,1.9427e+32,1.2382e+32,143
31,4,0.3500,0.5500,2.0640e+28,3.6810e+28,1.4600e+28,3.1740e+28,1.1622e+32,8.0585e+31,143
31,5,0.5500,1.0100,1.7110e+28,1.5049e+29,1.5140e+28,1.4552e+29,6.1059e+31,5.2886e+31,143
32,0,0.0000,0.0500,2.9800e+27,2.0000e+25,1.7400e+27,2.0000e+25,3.1708e+32,1.6745e+32,144
32,1,0.0500,0.1000,3.5000e+27,1.4000e+26,2.6100e+27,1.1000e+26,1.1306e+32,8.6587e+31,144
32,2,0.1000,0.2000,1.3840e+28,2.1800e+27,7.3900e+27,1.0600e+27,2.4532e+32,1.3515e+32,144
32,3,0.2000,0.3500,2.0630e+28,1.1990e+28,1.3280e+28,8.8400e+27,1.9520e+32,1.2469e+32,144
32,4,0.3500,0.5500,2.0850e+28,3.6120e+28,1.4060e+28,3.1380e+28,1.1665e+32,8.1065e+31,144
32,5,0.5500,1.0100,1.7710e+28,1.5030e+29,1.5920e+28,1.4353e+29,6.0996e+31,5.2929e+31,144
33,0,0.0000,0.0500,3.3700e+27,0.0000e+00,2.0700e+27,2.0000e+25,3.1744e+32,1.6757e+32,144
33,1,0.0500,0.1000,3.6900e+27,1.4000e+26,2.1100e+27,8.0000e+25,1.1309e+32,8.6627e+31,144
33,2,0.1000,0.2000,1.4010e+28,2.0400e+27,7.4100e+27,1.2100e+27,2.4520e+32,1.3521e+32,144
33,3,0.2000,0.3500,2.0570e+28,1.2250e+28,1.3150e+28,8.6000e+27,1.9483e+32,1.2466e+32,144
33,4,0.3500,0.5500,2.0850e+28,3.5670e+28,1.4470e+28,3.0370e+28,1.1630e+32,8.0965e+31,144
33,5,0.5500,1.0100,1.6970e+28,1.4577e+29,1.6150e+28,1.4018e+29,6.0758e+31,5.2788e+31,144
34,0,0.0000,0.0500,3.3900e+27,2.0000e+25,1.9600e+27,0.0000e+00,3.2004e+32,1.6886e+32,145
34,1,0.0500,0.1000,3.6500e+27,1.3000e+26,2.2800e+27,6.0000e+25,1.1388e+32,8.7312e+31,145
34,2,0.1000,0.2000,1.4140e+28,2.5600e+27,7.6200e+27,1.2600e+27,2.4677e+32,1.3855e+32,145
34,3,0.2000,0.3500,2.0170e+28,1.1540e+28,1.2720e+28,8.2600e+27,1.9578e+32,1.2301e+32,145
34,4,0.3500,0.5500,2.0680e+28,3.4900e+28,1.4360e+28,2.8990e+28,1.1658e+32,8.1423e+31,145
34,5,0.5500,1.0100,1.7490e+28,1.4220e+29,1.5210e+28,1.3260e+29,6.0787e+31,5.2887e+31,145
35,0,0.0000,0.0500,3.6600e+27,2.0000e+25,1.8200e+27,1.0000e+25,3.2043e+32,1.7398e+32,145
35,1,0.0500,0.1000,3.5900e+27,7.0000e+25,2.2600e+27,3.0000e+25,1.1386e+32,8.2345e+31,145
35,2,0.1000,0.2000,1.3960e+28,2.2400e+27,8.0400e+27,1.1100e+27,2.4668e+32,1.4014e+32,145
35,3,0.2000,0.3500,2.0310e+28,1.0920e+28,1.2660e+28,7.9600e+27,1.9531e+32,1.2126e+32,145
35,4,0.3500,0.5500,2.0510e+28,3.5530e+28,1.3780e+28,2.7920e+28,1.1617e+32,8.1224e+31,145
35,5,0.5500,1.0100,1.7870e+28,1.4647e+29,1.5110e+28,1.3456e+29,6.0532e+31,5.2458e+31,145
36,0,0.0000,0.0500,3.4000e+27,0.0000e+00,1.7700e+27,0.0000e+00,3.2301e+32,1.7722e+32,146
36,1,0.0500,0.1000,3.2700e+27,1.4000e+26,2.0200e+27,7.0000e+25,1.1467e+32,8.1020e+31,146
36,2,0.1000,0.2000,1.4620e+28,2.1800e+27,7.9300e+27,1.1900e+27,2.4828e+32,1.4118e+32,146
36,3,0.2000,0.3500,2.0900e+28,1.1800e+28,1.2710e+28,7.7000e+27,1.9633e+32,1.2202e+32,146
36,4,0.3500,0.5500,2.0260e+28,3.5810e+28,1.4290e+28,2.8090e+28,1.1655e+32,8.1623e+31,146
36,5,0.5500,1.0100,1.7370e+28,1.3687e+29,1.5810e+28,1.3272e+29,6.0637e+31,5.2606e+31,146
37,0,0.0000,0.0500,3.4600e+27,0.0000e+00,2.1000e+27,0.0000e+00,3.2338e+32,1.8260e+32,146
37,1,0.0500,0.1000,3.6300e+27,1.6000e+26,2.0700e+27,6.0000e+25,1.1475e+32,7.5843e+31,146
37,2,0.1000,0.2000,1.4180e+28,2.4000e+27,7.4000e+27,1.0100e+27,2.4824e+32,1.4120e+32,146
37,3,0.2000,0.3500,2.0080e+28,1.1250e+28,1.2420e+28,7.5700e+27,1.9600e+32,1.2182e+32,146
37,4,0.3500,0.5500,1.9700e+28,3.4080e+28,1.4200e+28,2.7380e+28,1.1603e+32,8.1424e+31,146
37,5,0.5500,1.0100,1.7730e+28,1.3837e+29,1.4450e+28,1.2951e+29,6.0356e+31,5.2350e+31,146
38,0,0.0000,0.0500,3.1300e+27,0.0000e+00,2.2400e+27,0.0000e+00,3.2602e+32,1.9148e+32,147
38,1,0.0500,0.1000,3.3700e+27,1.7000e+26,2.0500e+27,7.0000e+25,1.1557e+32,6.8898e+31,147
38,2,0.1000,0.2000,1.3870e+28,1.8800e+27,7.8700e+27,1.2500e+27,2.4363e+32,1.4218e+32,147
38,3,0.2000,0.3500,2.0940e+28,1.1660e+28,1.2420e+28,6.8800e+27,2.0305e+32,1.2252e+32,147
38,4,0.3500,0.5500,1.9730e+28,3.3900e+28,1.4320e+28,2.7290e+28,1.1638e+32,8.1844e+31,147
38,5,0.5500,1.0100,1.6860e+28,1.3144e+29,1.5480e+28,1.2545e+29,6.0404e+31,5.2483e+31,147
39,0,0.0000,0.0500,3.3500e+27,1.0000e+25,2.5200e+27,2.0000e+25,3.2644e+32,2.0136e+32,147
39,1,0.0500,0.1000,3.6200e+27,1.1000e+26,1.5900e+27,3.0000e+25,1.1556e+32,5.9197e+31,147
39,2,0.1000,0.2000,1.3550e+28,1.9200e+27,7.8500e+27,1.1300e+27,2.4095e+32,1.4222e+32,147
39,3,0.2000,0.3500,2.1500e+28,1.1270e+28,1.2250e+28,6.7500e+27,2.0521e+32,1.2245e+32,147
39,4,0.3500,0.5500,1.9760e+28,3.2840e+28,1.4510e+28,2.5630e+28,1.1591e+32,8.1701e+31,147
39,5,0.5500,1.0100,1.6350e+28,1.3300e+29,1.5320e+28,1.3227e+29,6.0034e+31,5.2404e+31,147
40,0,0.0000,0.0500,3.6300e+27,2.0000e+25,2.3400e+27,1.0000e+25,3.2911e+32,2.0294e+32,148
40,1,0.0500,0.1000,3.9100e+27,1.5000e+26,1.7600e+27,7.0000e+25,1.1637e+32,6.2335e+31,148
40,2,0.1000,0.2000,1.3600e+28,2.0000e+27,8.0200e+27,1.2800e+27,2.4061e+32,1.4048e+32,148
40,3,0.2000,0.3500,2.1380e+28,1.0630e+28,1.2770e+28,6.7600e+27,2.0791e+32,1.2319e+32,148
40,4,0.3500,0.5500,1.9760e+28,3.2870e+28,1.4720e+28,2.5720e+28,1.1615e+32,8.2076e+31,148
40,5,0.5500,1.0100,1.6840e+28,1.2707e+29,1.5470e+28,1.1775e+29,6.0003e+31,5.2542e+31,148
41,0,0.0000,0.0500,3.9700e+27,0.0000e+00,2.0700e+27,1.0000e+25,3.3182e+32,2.0453e+32,149
41,1,0.0500,0.1000,3.3700e+27,1.4000e+26,1.9000e+27,7.0000e+25,1.0876e+32,6.4810e+31,149
41,2,0.1000,0.2000,1.3880e+28,2.0200e+27,7.2800e+27,1.0200e+27,2.4577e+32,1.3936e+32,149
41,3,0.2000,0.3500,2.1570e+28,1.1010e+28,1.2160e+28,6.5400e+27,2.1123e+32,1.2399e+32,149
41,4,0.3500,0.5500,1.9200e+28,3.2830e+28,1.4300e+28,2.6800e+28,1.1884e+32,8.2456e+31,149
41,5,0.5500,1.0100,1.7250e+28,1.2873e+29,1.5050e+28,1.1974e+29,6.0068e+31,5.2570e+31,149
42,0,0.0000,0.0500,3.8800e+27,2.0000e+25,2.1600e+27,1.0000e+25,3.3222e+32,2.0471e+32,149
42,1,0.0500,0.1000,3.2300e+27,1.2000e+26,1.8400e+27,1.0000e+26,1.0757e+32,6.4822e+31,149
42,2,0.1000,0.2000,1.3360e+28,1.9400e+27,7.5900e+27,1.0000e+27,2.4679e+32,1.3937e+32,149
42,3,0.2000,0.3500,2.0850e+28,1.0040e+28,1.2570e+28,6.6100e+27,2.0846e+32,1.2395e+32,149
42,4,0.3500,0.5500,1.9820e+28,3.2280e+28,1.3540e+28,2.5860e+28,1.2062e+32,8.2282e+31,149
42,5,0.5500,1.0100,1.6890e+28,1.2359e+29,1.5380e+28,1.1402e+29,5.9708e+31,5.2307e+31,149
43,0,0.0000,0.0500,4.3000e+27,2.0000e+25,2.3600e+27,1.0000e+25,3.3490e+32,2.0632e+32,150
43,1,0.0500,0.1000,3.3700e+27,1.3000e+26,1.8000e+27,5.0000e+25,1.0827e+32,6.5273e+31,150
43,2,0.1000,0.2000,1.3940e+28,1.8400e+27,7.6500e+27,9.6000e+26,2.4827e+32,1.4037e+32,150
43,3,0.2000,0.3500,2.1260e+28,1.0760e+28,1.2550e+28,7.1000e+27,2.0935e+32,1.2477e+32,150
43,4,0.3500,0.5500,1.9570e+28,3.2150e+28,1.4740e+28,2.6320e+28,1.2079e+32,8.2687e+31,150
43,5,0.5500,1.0100,1.6640e+28,1.2218e+29,1.4720e+28,1.1082e+29,5.9690e+31,5.2243e+31,150
44,0,0.0000,0.0500,3.8000e+27,1.0000e+25,2.4300e+27,1.0000e+25,3.3530e+32,2.0713e+32,150
44,1,0.0500,0.1000,3.3700e+27,8.0000e+25,1.8300e+27,3.0000e+25,1.0827e+32,6.4820e+31,150
44,2,0.1000,0.2000,1.3080e+28,2.0900e+27,7.2000e+27,1.2200e+27,2.4815e+32,1.4041e+32,150
44,3,0.2000,0.3500,2.1450e+28,1.0380e+28,1.2190e+28,6.7100e+27,2.0892e+32,1.2462e+32,150
44,4,0.3500,0.5500,2.0510e+28,3.0370e+28,1.4390e+28,2.4890e+28,1.2019e+32,8.2632e+31,150
44,5,0.5500,1.0100,1.6210e+28,1.1975e+29,1.4790e+28,1.1081e+29,5.9334e+31,5.2048e+31,150
45,0,0.0000,0.0500,3.6800e+27,4.0000e+25,2.2600e+27,1.0000e+25,3.2959e+32,2.1651e+32,151
45,1,0.0500,0.1000,3.5700e+27,1.4000e+26,1.6500e+27,7.0000e+25,1.1004e+32,6.3240e+31,151
45,2,0.1000,0.2000,1.2420e+28,1.8300e+27,7.9900e+27,8.5000e+26,2.4995e+32,1.3997e+32,151
45,3,0.2000,0.3500,2.2150e+28,1.0790e+28,1.2130e+28,6.4200e+27,2.1679e+32,1.2107e+32,151
45,4,0.3500,0.5500,1.9420e+28,3.1240e+28,1.3550e+28,2.3690e+28,1.2042e+32,8.3000e+31,151
45,5,0.5500,1.0100,1.6800e+28,1.1883e+29,1.5030e+28,1.0818e+29,5.9313e+31,5.2090e+31,151
46,0,0.0000,0.0500,3.9600e+27,0.0000e+00,2.3600e+27,1.0000e+25,3.2635e+32,2.1862e+32,152
46,1,0.0500,0.1000,3.4600e+27,1.9000e+26,1.9500e+27,8.0000e+25,1.1233e+32,6.3658e+31,152
46,2,0.1000,0.2000,1.3280e+28,1.7900e+27,7.4600e+27,9.7000e+26,2.5313e+32,1.4128e+32,152
46,3,0.2000,0.3500,2.2380e+28,9.9200e+27,1.2100e+28,5.8700e+27,2.2032e+32,1.2101e+32,152
46,4,0.3500,0.5500,2.0270e+28,2.9950e+28,1.3840e+28,2.3610e+28,1.2066e+32,8.3412e+31,152
46,5,0.5500,1.0100,1.6270e+28,1.1643e+29,1.5700e+28,1.0899e+29,5.9292e+31,5.2132e+31,152
47,0,0.0000,0.0500,3.8600e+27,1.0000e+25,2.2100e+27,1.0000e+25,3.2894e+32,2.2030e+32,153
47,1,0.0500,0.1000,3.1600e+27,1.6000e+26,1.6900e+27,1.0000e+25,1.1309e+32,6.4092e+31,153
47,2,0.1000,0.2000,1.3840e+28,2.2100e+27,7.6600e+27,8.9000e+26,2.5462e+32,1.4219e+32,153
47,3,0.2000,0.3500,2.1800e+28,1.0710e+28,1.1880e+28,5.5400e+27,2.2116e+32,1.2169e+32,153
47,4,0.3500,0.5500,2.0000e+28,3.1850e+28,1.3410e+28,2.0940e+28,1.2091e+32,8.3814e+31,153
47,5,0.5500,1.0100,1.6630e+28,1.1456e+29,1.4440e+28,1.0465e+29,5.9316e+31,5.2288e+31,153
48,0,0.0000,0.0500,3.8000e+27,2.0000e+25,2.2300e+27,0.0000e+00,3.2934e+32,2.2051e+32,153
48,1,0.0500,0.1000,3.2000e+27,1.7000e+26,2.0000e+27,6.0000e+25,1.1145e+32,6.7093e+31,153
48,2,0.1000,0.2000,1.4110e+28,1.8200e+27,7.2800e+27,9.5000e+26,2.5609e+32,1.4042e+32,153
48,3,0.2000,0.3500,2.1760e+28,1.0560e+28,1.1900e+28,5.6900e+27,2.2074e+32,1.2276e+32,153
48,4,0.3500,0.5500,2.0040e+28,3.1140e+28,1.3150e+28,2.0960e+28,1.2035e+32,8.1021e+31,153
48,5,0.5500,1.0100,1.6070e+28,1.1326e+29,1.4300e+28,1.0556e+29,5.8795e+31,5.2040e+31,153
49,0,0.0000,0.0500,4.0500e+27,4.0000e+25,2.4400e+27,0.0000e+00,3.2376e+32,2.2217e+32,154
49,1,0.0500,0.1000,3.1100e+27,9.0000e+25,2.0800e+27,7.0000e+25,1.1218e+32,6.9715e+31,154
49,2,0.1000,0.2000,1.4150e+28,1.7600e+27,7.6600e+27,8.6000e+26,2.6566e+32,1.4204e+32,154
49,3,0.2000,0.3500,2.1190e+28,1.0440e+28,1.2280e+28,5.5700e+27,2.2158e+32,1.2122e+32,154
49,4,0.3500,0.5500,1.9260e+28,2.7920e+28,1.3770e+28,1.9890e+28,1.2050e+32,8.0713e+31,154
49,5,0.5500,1.0100,1.6490e+28,1.1380e+29,1.4070e+28,1.0015e+29,5.8887e+31,5.2269e+31,154
50,0,0.0000,0.0500,3.8000e+27,0.0000e+00,2.0600e+27,1.0000e+25,2.9307e+32,2.2385e+32,155
50,1,0.0500,0.1000,3.6800e+27,1.5000e+26,1.9200e+27,1.0000e+25,1.4604e+32,7.0191e+31,155
50,2,0.1000,0.2000,1.3850e+28,2.1000e+27,7.6100e+27,9.4000e+26,2.6723e+32,1.4759e+32,155
50,3,0.2000,0.3500,2.2220e+28,1.0680e+28,1.1800e+28,5.5700e+27,2.2231e+32,1.1737e+32,155
50,4,0.3500,0.5500,2.0040e+28,2.8230e+28,1.2930e+28,2.0060e+28,1.2056e+32,8.1062e+31,155
50,5,0.5500,1.0100,1.5960e+28,1.1160e+29,1.4440e+28,1.0076e+29,5.8955e+31,5.2387e+31,155
51,0,0.0000,0.0500,2.7900e+27,1.0000e+25,2.3500e+27,0.0000e+00,2.7325e+32,2.2413e+32,155
51,1,0.0500,0.1000,4.5100e+27,8.0000e+25,1.9700e+27,7.0000e+25,1.6625e+32,7.0197e+31,155
51,2,0.1000,0.2000,1.3470e+28,1.6900e+27,7.5400e+27,9.6000e+26,2.6049e+32,1.4765e+32,155
51,3,0.2000,0.3500,2.3160e+28,1.0550e+28,1.1810e+28,5.1500e+27,2.2834e+32,1.1722e+32,155
51,4,0.3500,0.5500,2.0490e+28,2.9150e+28,1.2490e+28,1.9780e+28,1.2012e+32,8.0932e+31,155
51,5,0.5500,1.0100,1.6800e+28,1.1002e+29,1.3920e+28,9.3770e+28,5.8590e+31,5.2162e+31,155
52,0,0.0000,0.0500,2.9200e+27,2.0000e+25,2.0600e+27,0.0000e+00,2.6387e+32,2.2730e+32,157
52,1,0.0500,0.1000,4.6800e+27,7.0000e+25,2.3200e+27,3.0000e+25,1.8168e+32,7.2543e+31,157
52,2,0.1000,0.2000,1.3270e+28,2.0000e+27,8.6700e+27,1.0100e+27,2.6145e+32,1.5206e+32,157
52,3,0.2000,0.3500,2.2740e+28,1.0490e+28,1.1120e+28,5.1200e+27,2.3291e+32,1.1471e+32,157
52,4,0.3500,0.5500,1.9400e+28,2.9530e+28,1.3010e+28,1.8930e+28,1.2114e+32,8.1744e+31,157
52,5,0.5500,1.0100,1.6550e+28,1.1044e+29,1.4680e+28,9.8660e+28,5.9070e+31,5.2658e+31,157
53,0,0.0000,0.0500,2.8300e+27,2.0000e+25,2.0400e+27,1.0000e+25,2.5187e+32,2.2760e+32,157
53,1,0.0500,0.1000,4.8700e+27,8.0000e+25,2.2700e+27,4.0000e+25,1.9394e+32,7.6555e+31,157
53,2,0.1000,0.2000,1.3620e+28,1.7400e+27,8.2000e+27,9.1000e+26,2.6128e+32,1.5274e+32,157
53,3,0.2000,0.3500,2.2220e+28,1.1010e+28,1.1300e+28,5.1000e+27,2.2834e+32,1.0991e+32,157
53,4,0.3500,0.5500,2.0800e+28,2.8700e+28,1.3260e+28,1.9130e+28,1.2319e+32,8.1610e+31,157
53,5,0.5500,1.0100,1.6170e+28,1.0685e+29,1.4370e+28,9.3870e+28,6.0149e+31,5.2597e+31,157
54,0,0.0000,0.0500,2.4400e+27,1.0000e+25,2.1300e+27,0.0000e+00,2.4075e+32,2.2937e+32,158
54,1,0.0500,0.1000,5.1400e+27,2.1000e+26,2.1400e+27,3.0000e+25,2.0822e+32,7.7083e+31,158
54,2,0.1000,0.2000,1.3730e+28,1.9500e+27,8.2300e+27,1.0000e+27,2.6278e+32,1.5952e+32,158
54,3,0.2000,0.3500,2.1170e+28,1.0060e+28,9.9900e+27,4.7500e+27,2.2450e+32,1.0483e+32,158
54,4,0.3500,0.5500,2.0160e+28,2.8770e+28,1.2620e+28,1.8880e+28,1.2532e+32,8.1931e+31,158
54,5,0.5500,1.0100,1.6420e+28,1.0044e+29,1.3190e+28,9.1110e+28,6.2831e+31,5.2671e+31,158
55,0,0.0000,0.0500,2.5100e+27,0.0000e+00,2.0500e+27,0.0000e+00,2.3318e+32,2.2967e+32,158
55,1,0.0500,0.1000,5.4800e+27,3.2000e+26,2.2100e+27,5.0000e+25,2.1048e+32,7.9685e+31,158
55,2,0.1000,0.2000,1.3670e+28,1.9100e+27,8.2700e+27,9.2000e+26,2.6814e+32,1.6470e+32,158
55,3,0.2000,0.3500,2.1450e+28,1.0580e+28,9.9800e+27,4.1100e+27,2.2366e+32,9.9617e+31,158
55,4,0.3500,0.5500,1.8470e+28,2.7180e+28,1.2480e+28,1.8910e+28,1.2362e+32,8.0185e+31,158
55,5,0.5500,1.0100,1.6890e+28,1.0199e+29,1.3680e+28,9.4190e+28,6.3451e+31,5.1427e+31,158
56,0,0.0000,0.0500,2.6700e+27,2.0000e+25,1.7800e+27,1.0000e+25,2.2595e+32,2.3285e+32,160
56,1,0.0500,0.1000,5.0800e+27,2.5000e+26,2.4800e+27,3.0000e+25,2.1944e+32,8.3745e+31,160
56,2,0.1000,0.2000,1.4780e+28,2.3200e+27,9.2300e+27,8.1000e+26,2.7526e+32,1.6430e+32,160
56,3,0.2000,0.3500,2.2200e+28,9.8500e+27,1.0290e+28,4.3200e+27,2.2607e+32,1.0046e+32,160
56,4,0.3500,0.5500,1.9550e+28,2.6260e+28,1.2770e+28,1.8040e+28,1.2397e+32,8.0815e+31,160
56,5,0.5500,1.0100,1.6840e+28,1.0557e+29,1.3350e+28,8.8270e+28,6.4447e+31,5.1983e+31,160
57,0,0.0000,0.0500,2.3400e+27,0.0000e+00,1.9200e+27,1.0000e+25,2.2339e+32,2.3570e+32,160
57,1,0.0500,0.1000,5.3400e+27,3.2000e+26,2.4700e+27,4.0000e+25,2.2230e+32,8.4345e+31,160
57,2,0.1000,0.2000,1.4130e+28,1.9300e+27,8.2600e+27,8.1000e+26,2.6654e+32,1.6115e+32,160
57,3,0.2000,0.3500,2.2190e+28,1.0100e+28,9.7100e+27,4.1000e+27,2.3383e+32,1.0200e+32,160
57,4,0.3500,0.5500,1.8430e+28,2.4880e+28,1.1840e+28,1.6350e+28,1.2167e+32,7.8955e+31,160
57,5,0.5500,1.0100,1.7670e+28,1.0183e+29,1.3770e+28,8.7380e+28,6.5834e+31,5.1939e+31,160
58,0,0.0000,0.0500,2.0200e+27,1.0000e+25,1.5800e+27,0.0000e+00,2.1603e+32,2.4114e+32,162
58,1,0.0500,0.1000,5.5900e+27,2.9000e+26,2.2800e+27,4.0000e+25,2.3540e+32,8.7213e+31,162
58,2,0.1000,0.2000,1.3410e+28,2.0500e+27,8.2800e+27,9.7000e+26,2.6964e+32,1.5913e+32,162
58,3,0.2000,0.3500,2.1750e+28,1.0270e+28,1.1110e+28,4.5200e+27,2.3611e+32,1.0700e+32,162
58,4,0.3500,0.5500,1.8690e+28,2.4250e+28,1.1710e+28,1.5680e+28,1.2120e+32,7.5847e+31,162
58,5,0.5500,1.0100,1.6910e+28,9.9720e+28,1.4240e+28,8.5330e+28,6.7473e+31,5.2587e+31,162
59,0,0.0000,0.0500,2.3400e+27,2.0000e+25,1.4600e+27,0.0000e+00,2.1354e+32,2.4144e+32,162
59,1,0.0500,0.1000,6.5700e+27,3.1000e+26,2.3500e+27,1.1000e+26,2.3804e+32,9.4322e+31,162
59,2,0.1000,0.2000,1.3630e+28,2.2600e+27,7.6400e+27,7.4000e+26,2.6933e+32,1.5206e+32,162
59,3,0.2000,0.3500,2.2060e+28,1.0940e+28,1.0760e+28,4.7700e+27,2.3545e+32,1.0965e+32,162
59,4,0.3500,0.5500,1.8700e+28,2.4150e+28,1.1460e+28,1.5520e+28,1.2014e+32,7.2923e+31,162
59,5,0.5500,1.0100,1.7430e+28,9.9240e+28,1.3510e+28,8.2220e+28,6.7412e+31,5.2573e+31,162
60,0,0.0000,0.0500,2.4600e+27,3.0000e+25,1.5700e+27,0.0000e+00,2.0917e+32,2.4325e+32,163
60,1,0.0500,0.1000,6.0800e+27,3.1000e+26,3.2400e+27,3.0000e+25,2.4545e+32,1.0874e+32,163
60,2,0.1000,0.2000,1.4460e+28,2.1400e+27,7.0100e+27,7.1000e+26,2.6487e+32,1.4062e+32,163
60,3,0.2000,0.3500,2.3740e+28,1.0670e+28,1.0560e+28,4.4500e+27,2.4169e+32,1.0884e+32,163
60,4,0.3500,0.5500,1.8390e+28,2.4460e+28,1.1360e+28,1.4560e+28,1.2019e+32,7.3367e+31,163
60,5,0.5500,1.0100,1.7270e+28,1.0017e+29,1.3550e+28,8.2640e+28,6.7862e+31,5.2599e+31,163
61,0,0.0000,0.0500,2.1300e+27,0.0000e+00,1.7000e+27,0.0000e+00,2.0386e+32,2.4506e+32,164
61,1,0.0500,0.1000,6.8400e+27,3.4000e+26,3.4100e+27,7.0000e+25,2.4970e+32,1.1908e+32,164
61,2,0.1000,0.2000,1.4360e+28,2.1600e+27,7.4800e+27,7.8000e+26,2.6956e+32,1.3664e+32,164
61,3,0.2000,0.3500,2.2960e+28,1.0620e+28,1.0980e+28,4.2700e+27,2.4160e+32,1.0865e+32,164
61,4,0.3500,0.5500,1.9190e+28,2.3360e+28,1.1510e+28,1.4780e+28,1.2035e+32,7.0536e+31,164
61,5,0.5500,1.0100,1.8170e+28,9.7660e+28,1.3070e+28,8.0990e+28,6.9659e+31,5.1944e+31,164
62,0,0.0000,0.0500,2.0900e+27,1.0000e+25,1.5600e+27,0.0000e+00,2.0111e+32,2.4690e+32,165
62,1,0.0500,0.1000,6.5000e+27,2.6000e+26,3.1300e+27,2.0000e+25,2.4331e+32,1.1992e+32,165
62,2,0.1000,0.2000,1.5290e+28,2.2800e+27,7.2600e+27,7.7000e+26,2.8030e+32,1.3776e+32,165
62,3,0.2000,0.3500,2.1830e+28,1.0240e+28,1.0920e+28,4.4800e+27,2.4101e+32,1.1227e+32,165
62,4,0.3500,0.5500,1.8770e+28,2.2830e+28,1.0180e+28,1.3320e+28,1.2359e+32,6.7441e+31,165
62,5,0.5500,1.0100,1.7930e+28,9.5530e+28,1.3170e+28,7.6310e+28,7.0534e+31,5.2148e+31,165
63,0,0.0000,0.0500,1.6800e+27,1.0000e+25,1.4500e+27,0.0000e+00,1.8958e+32,2.5373e+32,166
63,1,0.0500,0.1000,7.1200e+27,4.6000e+26,3.0500e+27,5.0000e+25,2.5771e+32,1.1577e+32,166
63,2,0.1000,0.2000,1.3940e+28,2.3700e+27,7.7800e+27,7.2000e+26,2.7578e+32,1.3858e+32,166
63,3,0.2000,0.3500,2.3730e+28,1.0270e+28,1.1130e+28,4.3200e+27,2.4675e+32,1.1295e+32,166
63,4,0.3500,0.5500,1.8710e+28,2.2870e+28,1.0910e+28,1.2220e+28,1.2403e+32,6.7910e+31,166
63,5,0.5500,1.0100,1.7320e+28,9.1700e+28,1.3850e+28,7.7960e+28,7.0986e+31,5.2134e+31,166
64,0,0.0000,0.0500,1.6200e+27,1.0000e+25,1.3200e+27,0.0000e+00,2.1506e+32,2.3982e+32,167
64,1,0.0500,0.1000,6.7800e+27,4.6000e+26,3.1100e+27,5.0000e+25,2.6282e+32,1.2031e+32,167
64,2,0.1000,0.2000,1.4070e+28,2.4600e+27,6.9300e+27,6.3000e+26,2.7709e+32,1.3589e+32,167
64,3,0.2000,0.3500,2.2990e+28,1.0170e+28,1.1230e+28,4.2700e+27,2.4728e+32,1.1482e+32,167
64,4,0.3500,0.5500,1.8830e+28,2.2500e+28,1.0300e+28,1.2580e+28,1.2384e+32,6.7974e+31,167
64,5,0.5500,1.0100,1.8280e+28,9.2500e+28,1.2530e+28,7.8870e+28,7.0498e+31,5.2122e+31,167
65,0,0.0000,0.0500,2.0400e+27,1.0000e+25,1.3000e+27,0.0000e+00,4.1324e+32,1.3020e+32,168
65,1,0.0500,0.1000,6.8600e+27,5.1000e+26,3.1600e+27,2.0000e+25,2.5819e+32,1.2399e+32,168
65,2,0.1000,0.2000,1.5280e+28,2.4500e+27,7.2000e+27,5.7000e+26,2.8244e+32,1.3606e+32,168
65,3,0.2000,0.3500,2.2890e+28,1.0680e+28,1.0340e+28,3.9900e+27,2.4478e+32,1.1699e+32,168
65,4,0.3500,0.5500,1.8240e+28,2.1600e+28,1.1290e+28,1.2920e+28,1.2444e+32,6.9050e+31,168
65,5,0.5500,1.0100,1.5490e+28,7.8770e+28,1.4140e+28,8.2410e+28,6.6957e+31,5.5873e+31,168
66,0,0.0000,0.0500,2.1300e+27,3.0000e+25,1.2800e+27,0.0000e+00,4.1173e+32,1.3457e+32,169
66,1,0.0500,0.1000,6.8000e+27,5.6000e+26,3.0300e+27,3.0000e+25,2.5979e+32,1.2126e+32,169
66,2,0.1000,0.2000,1.5110e+28,2.6900e+27,6.6500e+27,5.4000e+26,2.8871e+32,1.3720e+32,169
66,3,0.2000,0.3500,2.2830e+28,1.1210e+28,1.0730e+28,4.5100e+27,2.4409e+32,1.1704e+32,169
66,4,0.3500,0.5500,1.8060e+28,2.1910e+28,1.0400e+28,1.2720e+28,1.2337e+32,6.9522e+31,169
66,5,0.5500,1.0100,1.6940e+28,8.1240e+28,1.3900e+28,7.8470e+28,6.9094e+31,5.6085e+31,169
67,0,0.0000,0.0500,2.2000e+27,0.0000e+00,1.3200e+27,0.0000e+00,4.0736e+32,1.4104e+32,170
67,1,0.0500,0.1000,7.1600e+27,6.2000e+26,3.0300e+27,5.0000e+25,2.6907e+32,1.1887e+32,170
67,2,0.1000,0.2000,1.5050e+28,2.7800e+27,7.0900e+27,5.5000e+26,2.9005e+32,1.3887e+32,170
67,3,0.2000,0.3500,2.2460e+28,1.0020e+28,1.1330e+28,3.7800e+27,2.4049e+32,1.1577e+32,170
67,4,0.3500,0.5500,1.9330e+28,2.2280e+28,1.0630e+28,1.1830e+28,1.2743e+32,6.8962e+31,170
67,5,0.5500,1.0100,1.6480e+28,8.0980e+28,1.4100e+28,7.3340e+28,6.9207e+31,5.5402e+31,170
68,0,0.0000,0.0500,2.5100e+27,0.0000e+00,1.3100e+27,0.0000e+00,4.1295e+32,1.4517e+32,172
68,1,0.0500,0.1000,6.9300e+27,5.7000e+26,3.0100e+27,5.0000e+25,2.5452e+32,1.2309e+32,172
68,2,0.1000,0.2000,1.6150e+28,2.8100e+27,6.4500e+27,4.8000e+26,3.0199e+32,1.3566e+32,172
68,3,0.2000,0.3500,2.1560e+28,9.9400e+27,1.0830e+28,3.5500e+27,2.4002e+32,1.1773e+32,172
68,4,0.3500,0.5500,2.0810e+28,2.3050e+28,1.0220e+28,1.2560e+28,1.3831e+32,6.9404e+31,172
68,5,0.5500,1.0100,1.6830e+28,7.6660e+28,1.4140e+28,7.6120e+28,7.0688e+31,5.5037e+31,172
69,0,0.0000,0.0500,2.4900e+27,1.0000e+25,1.5700e+27,0.0000e+00,4.1376e+32,1.4857e+32,172
69,1,0.0500,0.1000,5.7600e+27,4.9000e+26,2.6700e+27,2.0000e+25,2.0901e+32,1.1977e+32,172
69,2,0.1000,0.2000,1.6210e+28,3.5800e+27,6.6400e+27,5.3000e+26,3.4140e+32,1.3846e+32,172
69,3,0.2000,0.3500,2.1370e+28,1.0310e+28,1.0130e+28,3.8000e+27,2.4133e+32,1.1492e+32,172
69,4,0.3500,0.5500,2.0480e+28,2.3030e+28,1.0530e+28,1.1010e+28,1.4034e+32,6.9450e+31,172
69,5,0.5500,1.0100,1.6200e+28,7.8460e+28,1.2880e+28,7.5330e+28,7.0815e+31,5.4568e+31,172
70,0,0.0000,0.0500,2.9600e+27,0.0000e+00,1.2600e+27,0.0000e+00,4.1282e+32,1.5415e+32,173
70,1,0.0500,0.1000,5.3300e+27,4.2000e+26,2.6800e+27,5.0000e+25,1.9271e+32,1.1579e+32,173
70,2,0.1000,0.2000,1.7610e+28,3.8300e+27,6.6300e+27,4.3000e+26,3.6467e+32,1.3940e+32,173
70,3,0.2000,0.3500,2.0800e+28,8.9900e+27,9.9000e+27,3.3800e+27,2.3184e+32,1.1512e+32,173
70,4,0.3500,0.5500,2.2000e+28,2.3560e+28,9.8900e+27,1.1720e+28,1.5035e+32,7.0453e+31,173
70,5,0.5500,1.0100,1.6920e+28,7.9240e+28,1.3950e+28,7.4900e+28,7.0814e+31,5.4304e+31,173
71,0,0.0000,0.0500,3.2300e+27,0.0000e+00,1.3400e+27,0.0000e+00,4.0823e+32,1.6004e+32,174
71,1,0.0500,0.1000,4.7700e+27,3.2000e+26,2.6600e+27,3.0000e+25,1.8734e+32,1.1253e+32,174
71,2,0.1000,0.2000,1.8610e+28,3.8200e+27,6.8800e+27,4.0000e+26,3.8017e+32,1.4302e+32,174
71,3,0.2000,0.3500,2.0440e+28,9.0800e+27,9.9100e+27,2.9900e+27,2.2750e+32,1.1177e+32,174
71,4,0.3500,0.5500,2.2630e+28,2.4020e+28,1.0550e+28,1.2300e+28,1.5577e+32,7.2115e+31,174
71,5,0.5500,1.0100,1.6800e+28,7.6190e+28,1.3120e+28,7.0960e+28,7.0855e+31,5.3274e+31,174
72,0,0.0000,0.0500,2.8000e+27,0.0000e+00,1.4500e+27,1.0000e+25,4.1368e+32,1.7126e+32,176
72,1,0.0500,0.1000,4.5100e+27,3.6000e+26,2.4200e+27,5.0000e+25,1.7802e+32,1.0840e+32,176
72,2,0.1000,0.2000,1.7650e+28,3.6800e+27,6.2900e+27,3.6000e+26,3.6803e+32,1.4074e+32,176
72,3,0.2000,0.3500,2.1640e+28,8.8800e+27,9.9500e+27,2.7200e+27,2.4984e+32,1.1414e+32,176
72,4,0.3500,0.5500,2.3190e+28,2.3470e+28,1.0640e+28,1.1690e+28,1.6125e+32,7.3121e+31,176
72,5,0.5500,1.0100,1.7930e+28,7.8100e+28,1.3170e+28,7.0600e+28,7.3621e+31,5.2402e+31,176
73,0,0.0000,0.0500,3.4800e+27,1.0000e+25,1.6600e+27,0.0000e+00,4.1673e+32,1.8659e+32,177
73,1,0.0500,0.1000,3.9700e+27,2.6000e+26,2.1600e+27,1.0000e+25,1.6561e+32,9.4802e+31,177
73,2,0.1000,0.2000,1.6280e+28,3.0300e+27,6.6600e+27,2.9000e+26,3.5760e+32,1.4251e+32,177
73,3,0.2000,0.3500,2.3730e+28,9.4800e+27,9.9400e+27,2.8600e+27,2.7593e+32,1.1683e+32,177
73,4,0.3500,0.5500,2.3250e+28,2.4540e+28,1.0720e+28,1.2300e+28,1.6134e+32,7.1774e+31,177
73,5,0.5500,1.0100,1.8170e+28,7.9140e+28,1.2870e+28,7.1880e+28,7.3714e+31,5.1373e+31,177
74,0,0.0000,0.0500,3.8900e+27,1.0000e+25,2.2100e+27,0.0000e+00,4.1741e+32,2.1315e+32,177
74,1,0.0500,0.1000,3.9500e+27,3.2000e+26,1.6500e+27,4.0000e+25,1.6068e+32,7.0260e+31,177
74,2,0.1000,0.2000,1.6100e+28,3.9000e+27,6.6300e+27,4.6000e+26,3.4541e+32,1.4356e+32,177
74,3,0.2000,0.3500,2.5050e+28,1.0100e+28,9.7500e+27,2.8500e+27,2.9075e+32,1.1379e+32,177
74,4,0.3500,0.5500,2.2860e+28,2.3640e+28,1.0350e+28,1.1630e+28,1.6139e+32,7.1606e+31,177
74,5,0.5500,1.0100,1.6690e+28,7.3350e+28,1.2540e+28,6.6230e+28,7.3225e+31,5.1577e+31,177
75,0,0.0000,0.0500,4.1300e+27,1.0000e+25,1.9100e+27,0.0000e+00,4.1859e+32,2.2431e+32,179
75,1,0.0500,0.1000,3.7900e+27,2.0000e+26,1.6900e+27,2.0000e+25,1.5176e+32,6.7777e+31,179
75,2,0.1000,0.2000,1.6330e+28,3.3400e+27,6.6200e+27,3.9000e+26,3.5079e+32,1.4119e+32,179
75,3,0.2000,0.3500,2.5150e+28,9.9500e+27,9.7000e+27,2.5300e+27,3.0034e+32,1.1345e+32,179
75,4,0.3500,0.5500,2.4160e+28,2.5050e+28,1.0460e+28,1.1160e+28,1.6816e+32,7.2344e+31,179
75,5,0.5500,1.0100,1.7160e+28,7.4660e+28,1.3110e+28,6.5080e+28,7.3660e+31,5.2152e+31,179
76,0,0.0000,0.0500,4.6600e+27,1.0000e+25,2.3300e+27,1.0000e+25,4.0843e+32,2.3331e+32,181
76,1,0.0500,0.1000,3.4700e+27,2.5000e+26,1.8900e+27,0.0000e+00,1.5379e+32,6.8594e+31,181
76,2,0.1000,0.2000,1.6340e+28,3.4500e+27,6.0800e+27,2.4000e+26,3.5931e+32,1.4081e+32,181
76,3,0.2000,0.3500,2.7420e+28,1.0280e+28,9.4200e+27,2.7500e+27,3.1286e+32,1.1118e+32,181
76,4,0.3500,0.5500,2.4130e+28,2.5180e+28,1.0360e+28,1.0100e+28,1.6910e+32,7.2085e+31,181
76,5,0.5500,1.0100,1.6710e+28,7.5160e+28,1.2440e+28,6.2260e+28,7.4063e+31,5.2712e+31,181
77,0,0.0000,0.0500,3.5100e+27,0.0000e+00,1.9300e+27,0.0000e+00,3.5191e+32,2.3349e+32,181
77,1,0.0500,0.1000,4.2700e+27,1.7000e+26,1.6700e+27,0.0000e+00,1.9952e+32,7.2010e+31,181
77,2,0.1000,0.2000,1.6600e+28,3.9100e+27,6.3000e+27,3.8000e+26,3.6555e+32,1.4365e+32,181
77,3,0.2000,0.3500,2.6060e+28,1.1270e+28,8.7800e+27,2.5400e+27,3.1665e+32,1.0601e+32,181
77,4,0.3500,0.5500,2.3320e+28,2.3710e+28,9.5700e+27,1.0110e+28,1.6794e+32,7.0573e+31,181
77,5,0.5500,1.0100,1.6620e+28,7.2310e+28,1.2260e+28,6.2270e+28,7.3645e+31,5.2830e+31,181
78,0,0.0000,0.0500,3.1100e+27,1.0000e+25,1.9400e+27,0.0000e+00,3.0788e+32,2.3625e+32,183
78,1,0.0500,0.1000,5.5200e+27,2.7000e+26,1.7500e+27,3.0000e+25,2.5031e+32,7.7285e+31,183
78,2,0.1000,0.2000,1.6830e+28,3.6200e+27,6.4700e+27,3.8000e+26,3.6153e+32,1.5006e+32,183
78,3,0.2000,0.3500,2.6910e+28,1.1520e+28,8.2700e+27,1.7800e+27,3.2006e+32,9.7633e+31,183
78,4,0.3500,0.5500,2.3520e+28,2.2770e+28,1.0170e+28,9.1600e+27,1.7275e+32,7.1191e+31,183
78,5,0.5500,1.0100,1.7230e+28,7.7010e+28,1.2650e+28,6.2340e+28,7.6629e+31,5.3576e+31,183
79,0,0.0000,0.0500,2.4000e+27,0.0000e+00,1.6700e+27,0.0000e+00,2.7749e+32,2.3645e+32,183
79,1,0.0500,0.1000,5.8400e+27,2.7000e+26,2.0800e+27,1.0000e+25,2.7050e+32,8.2069e+31,183
79,2,0.1000,0.2000,1.7110e+28,3.9600e+27,7.1900e+27,3.6000e+26,3.7070e+32,1.5633e+32,183
79,3,0.2000,0.3500,2.5430e+28,1.0600e+28,7.5000e+27,2.1100e+27,3.1395e+32,8.8563e+31,183
79,4,0.3500,0.5500,2.2900e+28,2.3820e+28,9.4700e+27,9.1700e+27,1.7251e+32,7.0003e+31,183
79,5,0.5500,1.0100,1.8470e+28,7.6640e+28,1.2400e+28,5.9700e+28,8.1482e+31,5.2702e+31,183
80,0,0.0000,0.0500,2.4100e+27,0.0000e+00,1.6200e+27,0.0000e+00,2.6417e+32,2.4351e+32,185
80,1,0.0500,0.1000,5.8700e+27,3.7000e+26,2.1300e+27,4.0000e+25,2.8699e+32,8.6943e+31,185
80,2,0.1000,0.2000,1.6810e+28,3.4700e+27,6.5100e+27,3.7000e+26,3.6622e+32,1.5030e+32,185
80,3,0.2000,0.3500,2.7540e+28,1.1710e+28,7.7000e+27,2.7400e+27,3.2752e+32,9.3137e+31,185
80,4,0.3500,0.5500,2.3750e+28,2.2350e+28,9.2100e+27,8.7700e+27,1.6983e+32,6.6449e+31,185
80,5,0.5500,1.0100,1.9390e+28,7.5090e+28,1.2180e+28,5.6960e+28,8.5508e+31,5.3217e+31,185
81,0,0.0000,0.0500,2.5700e+27,0.0000e+00,1.3400e+27,0.0000e+00,2.5400e+32,2.4696e+32,187
81,1,0.0500,0.1000,7.0500e+27,3.9000e+26,2.4900e+27,4.0000e+25,3.0360e+32,1.0502e+32,187
81,2,0.1000,0.2000,1.6990e+28,3.7700e+27,6.6000e+27,2.6000e+26,3.6396e+32,1.3597e+32,187
81,3,0.2000,0.3500,2.8980e+28,1.2520e+28,8.3800e+27,2.1500e+27,3.3497e+32,9.5860e+31,187
81,4,0.3500,0.5500,2.2760e+28,2.2470e+28,9.1100e+27,8.2500e+27,1.6953e+32,6.3753e+31,187
81,5,0.5500,1.0100,2.0050e+28,7.6400e+28,1.2260e+28,5.4080e+28,8.7943e+31,5.3512e+31,187
82,0,0.0000,0.0500,2.0600e+27,1.0000e+25,1.1400e+27,0.0000e+00,2.4169e+32,2.4942e+32,188
82,1,0.0500,0.1000,7.0000e+27,6.0000e+26,2.7800e+27,2.0000e+25,3.0087e+32,1.1534e+32,188
82,2,0.1000,0.2000,1.7430e+28,3.8600e+27,6.0400e+27,2.7000e+26,3.7618e+32,1.3023e+32,188
82,3,0.2000,0.3500,2.8330e+28,1.2610e+28,8.0800e+27,2.1200e+27,3.3719e+32,9.6870e+31,188
82,4,0.3500,0.5500,2.3430e+28,2.2880e+28,7.9000e+27,7.5400e+27,1.7243e+32,5.9780e+31,188
82,5,0.5500,1.0100,2.0420e+28,7.8480e+28,1.2210e+28,5.5440e+28,9.1120e+31,5.3283e+31,188
83,0,0.0000,0.0500,1.7400e+27,1.0000e+25,1.2300e+27,0.0000e+00,2.5740e+32,2.3216e+32,188
83,1,0.0500,0.1000,6.7000e+27,6.6000e+26,2.9500e+27,1.0000e+25,3.1699e+32,1.1398e+32,188
83,2,0.1000,0.2000,1.6230e+28,3.6500e+27,5.7100e+27,2.6000e+26,3.7205e+32,1.2784e+32,188
83,3,0.2000,0.3500,2.8790e+28,1.3040e+28,7.8500e+27,2.0700e+27,3.4066e+32,9.8366e+31,188
83,4,0.3500,0.5500,2.3620e+28,2.1750e+28,7.6900e+27,7.2900e+27,1.7302e+32,5.9448e+31,188
83,5,0.5500,1.0100,1.9140e+28,7.3280e+28,1.2370e+28,5.1190e+28,9.0924e+31,5.3251e+31,188
84,0,0.0000,0.0500,2.2200e+27,0.0000e+00,1.2200e+27,0.0000e+00,4.2504e+32,1.3810e+32,191
84,1,0.0500,0.1000,7.7500e+27,7.5000e+26,3.1300e+27,2.0000e+25,3.1369e+32,1.1781e+32,191
84,2,0.1000,0.2000,1.7840e+28,3.8600e+27,5.6800e+27,3.0000e+26,3.8690e+32,1.2835e+32,191
84,3,0.2000,0.3500,2.8740e+28,1.3190e+28,8.0300e+27,2.2500e+27,3.3952e+32,1.0160e+32,191
84,4,0.3500,0.5500,2.3040e+28,2.1470e+28,7.8100e+27,7.9300e+27,1.7557e+32,6.1009e+31,191
84,5,0.5500,1.0100,1.8740e+28,6.7300e+28,1.3130e+28,6.0360e+28,8.9868e+31,5.7595e+31,191
85,0,0.0000,0.0500,2.1600e+27,1.0000e+25,1.1800e+27,0.0000e+00,4.1498e+32,1.4551e+32,191
85,1,0.0500,0.1000,7.4800e+27,1.1400e+27,2.6400e+27,2.0000e+25,3.1921e+32,1.1481e+32,191
85,2,0.1000,0.2000,1.8300e+28,3.9600e+27,5.6400e+27,2.8000e+26,3.8909e+32,1.2714e+32,191
85,3,0.2000,0.3500,2.7210e+28,1.1850e+28,8.1100e+27,1.7900e+27,3.2872e+32,9.9942e+31,191
85,4,0.3500,0.5500,2.4160e+28,2.2060e+28,8.0300e+27,7.4400e+27,1.8519e+32,6.0187e+31,191
85,5,0.5500,1.0100,1.9780e+28,7.0090e+28,1.2930e+28,5.6020e+28,9.1317e+31,5.6800e+31,191
86,0,0.0000,0.0500,2.3400e+27,2.0000e+25,1.3800e+27,0.0000e+00,4.2031e+32,1.5281e+32,193
86,1,0.0500,0.1000,6.0000e+27,6.1000e+26,2.5300e+27,1.0000e+25,2.5188e+32,1.1320e+32,193
86,2,0.1000,0.2000,2.0180e+28,4.7200e+27,5.3000e+27,2.9000e+26,4.4765e+32,1.2809e+32,193
86,3,0.2000,0.3500,2.7120e+28,1.2300e+28,7.9200e+27,1.9400e+27,3.2991e+32,9.9124e+31,193
86,4,0.3500,0.5500,2.5980e+28,2.4090e+28,7.6300e+27,6.7000e+27,2.0069e+32,6.1011e+31,193
86,5,0.5500,1.0100,1.9660e+28,6.9000e+28,1.3010e+28,5.6350e+28,9.3756e+31,5.6477e+31,193
87,0,0.0000,0.0500,2.7800e+27,1.0000e+25,1.5000e+27,0.0000e+00,4.1458e+32,1.6158e+32,195
87,1,0.0500,0.1000,5.6100e+27,6.7000e+26,2.1600e+27,1.0000e+25,2.2897e+32,1.0771e+32,195
87,2,0.1000,0.2000,2.1640e+28,5.3300e+27,5.6200e+27,2.8000e+26,4.8847e+32,1.3150e+32,195
87,3,0.2000,0.3500,2.5570e+28,1.1820e+28,7.7800e+27,1.9700e+27,3.1310e+32,9.7347e+31,195
87,4,0.3500,0.5500,2.8320e+28,2.4810e+28,7.9200e+27,7.6800e+27,2.2073e+32,6.2964e+31,195
87,5,0.5500,1.0100,2.0700e+28,6.6770e+28,1.1750e+28,5.0980e+28,9.4122e+31,5.5721e+31,195
88,0,0.0000,0.0500,3.0400e+27,1.0000e+25,1.5700e+27,0.0000e+00,4.1522e+32,1.7584e+32,196
88,1,0.0500,0.1000,4.9800e+27,5.0000e+26,2.1700e+27,1.0000e+25,2.0933e+32,9.8996e+31,196
88,2,0.1000,0.2000,1.9370e+28,4.7600e+27,5.7600e+27,3.1000e+26,4.6574e+32,1.2931e+32,196
88,3,0.2000,0.3500,2.7460e+28,1.2710e+28,7.5200e+27,1.8400e+27,3.4980e+32,9.8439e+31,196
88,4,0.3500,0.5500,2.9700e+28,2.5230e+28,8.2500e+27,7.7200e+27,2.2920e+32,6.3510e+31,196
88,5,0.5500,1.0100,1.9760e+28,6.8780e+28,1.2140e+28,5.0660e+28,9.7184e+31,5.3804e+31,196
89,0,0.0000,0.0500,3.3100e+27,0.0000e+00,1.8700e+27,1.0000e+25,4.1839e+32,2.0472e+32,197
89,1,0.0500,0.1000,4.5800e+27,3.3000e+26,1.6200e+27,2.0000e+25,1.9478e+32,7.3055e+31,197
89,2,0.1000,0.2000,1.8860e+28,4.0400e+27,5.1700e+27,2.8000e+26,4.3936e+32,1.3166e+32,197
89,3,0.2000,0.3500,2.9510e+28,1.4470e+28,7.5700e+27,1.8600e+27,3.9298e+32,9.7546e+31,197
89,4,0.3500,0.5500,2.9410e+28,2.5570e+28,8.0900e+27,7.7700e+27,2.3031e+32,6.2952e+31,197
89,5,0.5500,1.0100,2.0300e+28,6.5690e+28,1.1910e+28,4.8890e+28,9.6956e+31,5.3337e+31,197
90,0,0.0000,0.0500,3.5700e+27,0.0000e+00,1.8400e+27,0.0000e+00,4.0949e+32,2.2163e+32,198
90,1,0.0500,0.1000,3.9500e+27,3.0000e+26,1.6800e+27,3.0000e+25,1.8352e+32,6.4675e+31,198
90,2,0.1000,0.2000,1.8420e+28,3.9300e+27,5.0600e+27,1.8000e+26,4.3745e+32,1.2801e+32,198
90,3,0.2000,0.3500,3.0570e+28,1.5480e+28,6.9200e+27,1.7300e+27,4.1294e+32,9.5078e+31,198
90,4,0.3500,0.5500,2.9970e+28,2.7000e+28,8.0000e+27,6.4300e+27,2.3863e+32,6.3263e+31,198
90,5,0.5500,1.0100,2.0880e+28,6.3260e+28,1.1770e+28,5.0760e+28,9.6812e+31,5.3878e+31,198
91,0,0.0000,0.0500,3.2500e+27,0.0000e+00,1.8500e+27,0.0000e+00,3.7031e+32,2.2769e+32,200
91,1,0.0500,0.1000,4.2800e+27,3.1000e+26,1.6900e+27,1.0000e+25,2.0631e+32,6.8505e+31,200
91,2,0.1000,0.2000,1.9210e+28,3.8400e+27,5.1600e+27,2.3000e+26,4.5147e+32,1.2903e+32,200
91,3,0.2000,0.3500,3.2720e+28,1.6800e+28,7.4800e+27,1.4500e+27,4.2915e+32,9.1194e+31,200
91,4,0.3500,0.5500,2.9700e+28,2.7290e+28,7.7200e+27,6.6300e+27,2.3944e+32,6.1893e+31,200
91,5,0.5500,1.0100,2.0350e+28,6.7910e+28,1.2150e+28,4.8740e+28,9.7114e+31,5.4665e+31,200
92,0,0.0000,0.0500,2.7200e+27,0.0000e+00,1.3500e+27,0.0000e+00,3.1236e+32,2.3010e+32,202
92,1,0.0500,0.1000,5.2800e+27,3.0000e+26,1.7300e+27,2.0000e+25,2.6572e+32,7.4449e+31,202
92,2,0.1000,0.2000,1.8520e+28,4.5700e+27,5.2200e+27,2.6000e+26,4.4823e+32,1.3673e+32,202
92,3,0.2000,0.3500,3.2920e+28,1.6960e+28,6.4300e+27,1.1400e+27,4.3205e+32,8.0791e+31,202
92,4,0.3500,0.5500,3.1110e+28,2.7070e+28,7.2900e+27,6.0900e+27,2.4669e+32,6.2164e+31,202
92,5,0.5500,1.0100,2.0850e+28,6.7000e+28,1.2500e+28,4.7670e+28,1.0341e+32,5.5283e+31,202
93,0,0.0000,0.0500,2.2300e+27,1.0000e+25,1.3900e+27,0.0000e+00,2.8293e+32,2.3391e+32,203
93,1,0.0500,0.1000,5.5600e+27,2.3000e+26,1.6900e+27,2.0000e+25,2.8544e+32,8.0072e+31,203
93,2,0.1000,0.2000,1.9350e+28,5.0300e+27,5.6200e+27,2.6000e+26,4.5170e+32,1.3598e+32,203
93,3,0.2000,0.3500,3.4320e+28,1.7890e+28,6.1700e+27,1.2700e+27,4.3918e+32,7.8277e+31,203
93,4,0.3500,0.5500,3.0510e+28,2.6010e+28,7.7800e+27,6.3200e+27,2.4261e+32,5.9612e+31,203
93,5,0.5500,1.0100,2.2920e+28,6.8700e+28,1.1590e+28,4.4070e+28,1.1225e+32,5.5048e+31,203
94,0,0.0000,0.0500,2.2800e+27,2.0000e+25,1.1600e+27,0.0000e+00,2.6828e+32,2.3736e+32,204
94,1,0.0500,0.1000,6.6100e+27,4.2000e+26,2.1800e+27,0.0000e+00,3.0179e+32,9.6247e+31,204
94,2,0.1000,0.2000,1.7890e+28,4.9600e+27,5.0200e+27,2.6000e+26,4.4259e+32,1.2089e+32,204
94,3,0.2000,0.3500,3.5340e+28,1.8790e+28,6.5300e+27,1.4500e+27,4.5127e+32,8.1252e+31,204
94,4,0.3500,0.5500,2.8590e+28,2.5390e+28,6.9200e+27,5.9700e+27,2.3841e+32,5.5440e+31,204
94,5,0.5500,1.0100,2.2770e+28,6.9320e+28,1.2170e+28,4.5460e+28,1.1716e+32,5.5238e+31,204
95,0,0.0000,0.0500,2.1300e+27,0.0000e+00,1.1900e+27,0.0000e+00,2.4870e+32,2.4272e+32,206
95,1,0.0500,0.1000,6.1600e+27,4.9000e+26,2.4200e+27,1.0000e+25,3.0369e+32,1.0295e+32,206
95,2,0.1000,0.2000,1.8690e+28,4.7800e+27,4.5700e+27,2.2000e+26,4.5417e+32,1.1655e+32,206
95,3,0.2000,0.3500,3.5780e+28,1.8470e+28,6.1400e+27,1.5700e+27,4.5950e+32,8.2744e+31,206
95,4,0.3500,0.5500,3.0490e+28,2.5430e+28,6.4700e+27,4.8800e+27,2.4532e+32,5.2880e+31,206
95,5,0.5500,1.0100,2.4170e+28,6.9500e+28,1.1450e+28,4.1330e+28,1.2242e+32,5.5122e+31,206
96,0,0.0000,0.0500,2.0300e+27,0.0000e+00,1.1400e+27,0.0000e+00,3.9710e+32,1.5225e+32,208
96,1,0.0500,0.1000,6.7800e+27,4.2000e+26,2.4000e+27,0.0000e+00,3.0617e+32,1.0651e+32,208
96,2,0.1000,0.2000,1.9780e+28,4.7100e+27,4.6500e+27,1.5000e+26,4.6333e+32,1.1480e+32,208
96,3,0.2000,0.3500,3.5170e+28,2.0340e+28,6.6900e+27,1.4200e+27,4.6062e+32,8.5815e+31,208
96,4,0.3500,0.5500,3.0030e+28,2.5460e+28,6.7300e+27,5.9400e+27,2.4696e+32,5.4305e+31,208
96,5,0.5500,1.0100,2.3600e+28,6.4910e+28,1.3080e+28,4.5800e+28,1.2067e+32,5.9625e+31,208
97,0,0.0000,0.0500,2.1100e+27,0.0000e+00,1.0500e+27,0.0000e+00,4.1236e+32,1.4780e+32,209
97,1,0.0500,0.1000,6.6800e+27,6.4000e+26,2.1300e+27,3.0000e+25,2.9692e+32,1.0358e+32,209
97,2,0.1000,0.2000,2.0470e+28,5.1800e+27,4.2700e+27,1.6000e+26,4.7664e+32,1.1376e+32,209
97,3,0.2000,0.3500,3.4200e+28,1.7940e+28,6.4000e+27,1.3800e+27,4.4648e+32,8.4821e+31,209
97,4,0.3500,0.5500,3.2230e+28,2.7410e+28,6.5800e+27,5.7800e+27,2.6615e+32,5.4488e+31,209
97,5,0.5500,1.0100,2.4170e+28,6.5760e+28,1.2860e+28,4.5670e+28,1.2410e+32,5.9600e+31,209
98,0,0.0000,0.0500,2.3700e+27,0.0000e+00,1.2500e+27,0.0000e+00,4.1114e+32,1.5493e+32,210
98,1,0.0500,0.1000,5.3600e+27,2.9000e+26,1.9500e+27,0.0000e+00,2.3655e+32,9.9726e+31,210
98,2,0.1000,0.2000,2.2420e+28,5.2200e+27,4.5900e+27,2.1000e+26,5.2940e+32,1.1497e+32,210
98,3,0.2000,0.3500,3.1640e+28,1.5840e+28,6.2600e+27,1.3000e+27,4.2975e+32,8.3004e+31,210
98,4,0.3500,0.5500,3.4010e+28,3.0400e+28,6.4900e+27,5.2300e+27,2.9627e+32,5.5503e+31,210
98,5,0.5500,1.0100,2.5710e+28,6.4160e+28,1.2270e+28,4.6600e+28,1.2602e+32,5.9014e+31,210
99,0,0.0000,0.0500,2.9100e+27,0.0000e+00,1.2400e+27,0.0000e+00,4.0837e+32,1.6938e+32,212
99,1,0.0500,0.1000,4.7300e+27,3.6000e+26,1.7500e+27,0.0000e+00,2.1816e+32,9.1049e+31,212
99,2,0.1000,0.2000,2.0900e+28,4.7200e+27,4.7100e+27,1.7000e+26,5.2284e+32,1.1496e+32,212
99,3,0.2000,0.3500,3.2880e+28,1.5690e+28,5.8700e+27,1.2500e+27,4.4716e+32,8.2712e+31,212
99,4,0.3500,0.5500,3.6690e+28,3.2210e+28,6.8900e+27,4.9800e+27,3.1844e+32,5.7168e+31,212
99,5,0.5500,1.0100,2.5570e+28,6.5630e+28,1.2210e+28,4.5470e+28,1.2995e+32,5.7603e+31,212
100,0,0.0000,0.0500,3.0300e+27,0.0000e+00,1.4200e+27,0.0000e+00,4.1336e+32,1.9783e+32,214
100,1,0.0500,0.1000,4.4000e+27,3.4000e+26,1.2800e+27,0.0000e+00,2.0138e+32,6.7487e+31,214
100,2,0.1000,0.2000,1.8550e+28,3.8200e+27,4.1200e+27,1.3000e+26,4.7515e+32,1.1617e+32,214
100,3,0.2000,0.3500,3.7660e+28,1.6280e+28,6.1800e+27,1.2900e+27,5.1344e+32,8.3012e+31,214
100,4,0.3500,0.5500,3.7680e+28,3.2480e+28,6.8400e+27,4.6500e+27,3.2580e+32,5.7001e+31,214
100,5,0.5500,1.0100,2.4390e+28,6.4400e+28,1.1790e+28,4.3060e+28,1.3167e+32,5.7257e+31,214
101,0,0.0000,0.0500,3.0300e+27,1.0000e+25,1.4700e+27,0.0000e+00,3.9283e+32,2.1354e+32,215
101,1,0.0500,0.1000,4.0500e+27,1.8000e+26,1.2200e+27,0.0000e+00,1.9293e+32,6.1758e+31,215
101,2,0.1000,0.2000,1.8250e+28,3.3800e+27,4.1300e+27,1.5000e+26,4.7375e+32,1.1232e+32,215
101,3,0.2000,0.3500,3.7430e+28,1.8270e+28,5.6900e+27,1.1400e+27,5.4093e+32,7.9711e+31,215
101,4,0.3500,0.5500,3.9340e+28,3.4330e+28,6.6300e+27,5.0100e+27,3.3468e+32,5.6543e+31,215
101,5,0.5500,1.0100,2.4960e+28,6.6070e+28,1.1590e+28,4.1180e+28,1.3131e+32,5.7629e+31,215
102,0,0.0000,0.0500,2.4100e+27,0.0000e+00,1.3200e+27,0.0000e+00,3.2865e+32,2.1568e+32,216
102,1,0.0500,0.1000,4.3000e+27,1.7000e+26,1.5900e+27,0.0000e+00,2.4674e+32,6.6405e+31,216
102,2,0.1000,0.2000,1.8070e+28,3.4900e+27,4.4700e+27,9.0000e+25,4.6976e+32,1.1644e+32,216
102,3,0.2000,0.3500,3.9020e+28,1.9460e+28,5.0600e+27,1.1000e+27,5.5328e+32,7.2116e+31,216
102,4,0.3500,0.5500,3.9530e+28,3.4440e+28,6.5000e+27,4.6300e+27,3.3879e+32,5.5837e+31,216
102,5,0.5500,1.0100,2.5810e+28,6.6940e+28,1.1790e+28,3.7570e+28,1.3521e+32,5.8063e+31,216
103,0,0.0000,0.0500,2.2200e+27,0.0000e+00,1.3400e+27,0.0000e+00,2.9284e+32,2.2072e+32,219
103,1,0.0500,0.1000,5.3100e+27,1.9000e+26,1.5100e+27,1.0000e+25,2.7862e+32,7.3029e+31,219
103,2,0.1000,0.2000,1.9240e+28,3.6000e+27,4.3400e+27,1.7000e+26,4.7521e+32,1.1948e+32,219
103,3,0.2000,0.3500,4.0080e+28,1.9980e+28,4.8100e+27,1.3800e+27,5.5850e+32,6.7261e+31,219
103,4,0.3500,0.5500,4.0180e+28,3.4910e+28,6.4800e+27,4.2600e+27,3.3940e+32,5.4314e+31,219
103,5,0.5500,1.0100,2.8330e+28,6.9270e+28,1.1740e+28,3.6610e+28,1.5287e+32,5.8195e+31,219
104,0,0.0000,0.0500,2.2100e+27,0.0000e+00,1.0600e+27,0.0000e+00,2.7611e+32,2.2419e+32,220
104,1,0.0500,0.1000,5.2800e+27,2.0000e+26,1.9000e+27,1.0000e+25,2.9072e+32,8.7677e+31,220
104,2,0.1000,0.2000,1.7780e+28,3.7400e+27,3.8500e+27,1.3000e+26,4.6552e+32,1.0585e+32,220
104,3,0.2000,0.3500,4.2000e+28,2.1980e+28,5.1400e+27,9.9000e+26,5.7513e+32,7.0183e+31,220
104,4,0.3500,0.5500,3.8490e+28,3.3790e+28,5.7200e+27,4.0500e+27,3.3343e+32,4.9857e+31,220
104,5,0.5500,1.0100,2.9230e+28,7.0490e+28,1.1470e+28,3.7270e+28,1.6229e+32,5.8282e+31,220
105,0,0.0000,0.0500,1.8000e+27,0.0000e+00,1.0100e+27,0.0000e+00,3.0168e+32,2.0023e+32,221
105,1,0.0500,0.1000,5.6900e+27,1.8000e+26,1.8900e+27,1.0000e+25,2.9519e+32,9.1644e+31,221
105,2,0.1000,0.2000,1.8380e+28,4.0100e+27,3.8000e+27,1.5000e+26,4.6595e+32,1.0198e+32,221
105,3,0.2000,0.3500,4.0880e+28,2.1700e+28,5.0000e+27,9.3000e+26,5.8323e+32,7.1929e+31,221
105,4,0.3500,0.5500,3.9070e+28,3.2480e+28,5.4200e+27,3.9800e+27,3.4077e+32,4.8459e+31,221
105,5,0.5500,1.0100,3.0310e+28,6.8750e+28,1.1530e+28,3.4200e+28,1.6601e+32,5.9467e+31,221
106,0,0.0000,0.0500,1.9300e+27,0.0000e+00,1.1600e+27,0.0000e+00,4.0660e+32,1.4289e+32,224
106,1,0.0500,0.1000,5.8200e+27,4.4000e+26,2.0600e+27,1.0000e+25,2.9083e+32,9.2500e+31,224
106,2,0.1000,0.2000,1.9380e+28,4.2900e+27,3.4500e+27,8.0000e+25,4.8708e+32,1.0160e+32,224
106,3,0.2000,0.3500,4.1070e+28,2.3280e+28,5.0500e+27,7.6000e+26,5.6958e+32,7.3569e+31,224
106,4,0.3500,0.5500,4.0070e+28,3.4930e+28,6.0500e+27,4.5800e+27,3.5523e+32,5.0155e+31,224
106,5,0.5500,1.0100,3.0180e+28,6.6220e+28,1.1940e+28,3.5980e+28,1.6999e+32,6.3367e+31,224
107,0,0.0000,0.0500,2.2700e+27,0.0000e+00,9.9000e+26,0.0000e+00,4.0208e+32,1.5125e+32,224
107,1,0.0500,0.1000,4.8900e+27,3.0000e+26,1.5400e+27,0.0000e+00,2.3740e+32,8.8092e+31,224
107,2,0.1000,0.2000,2.0250e+28,4.7200e+27,3.7400e+27,1.2000e+26,5.2005e+32,1.0087e+32,224
107,3,0.2000,0.3500,3.8550e+28,2.0040e+28,5.1500e+27,8.0000e+26,5.4005e+32,7.1628e+31,224
107,4,0.3500,0.5500,4.4720e+28,3.8120e+28,6.0700e+27,3.7700e+27,4.0169e+32,5.0648e+31,224
107,5,0.5500,1.0100,3.1320e+28,7.0720e+28,1.1910e+28,3.7140e+28,1.7407e+32,6.1801e+31,224
108,0,0.0000,0.0500,2.3800e+27,0.0000e+00,1.1300e+27,0.0000e+00,4.0041e+32,1.6573e+32,227
108,1,0.0500,0.1000,4.2800e+27,2.2000e+26,1.6500e+27,0.0000e+00,2.1738e+32,7.9518e+31,227
108,2,0.1000,0.2000,1.9410e+28,4.5600e+27,3.9900e+27,1.2000e+26,5.1904e+32,1.0183e+32,227
108,3,0.2000,0.3500,3.8090e+28,2.0070e+28,4.8800e+27,9.0000e+26,5.4517e+32,7.1467e+31,227
108,4,0.3500,0.5500,4.8760e+28,4.1470e+28,5.9500e+27,4.1000e+27,4.4008e+32,5.2845e+31,227
108,5,0.5500,1.0100,3.1600e+28,6.8320e+28,1.2040e+28,3.6090e+28,1.8017e+32,6.0363e+31,227
109,0,0.0000,0.0500,2.9400e+27,1.0000e+25,1.3100e+27,0.0000e+00,4.0045e+32,1.9140e+32,228
109,1,0.0500,0.1000,3.6900e+27,1.5000e+26,1.0500e+27,1.0000e+25,2.0028e+32,5.8634e+31,228
109,2,0.1000,0.2000,1.7440e+28,3.2400e+27,3.2700e+27,1.5000e+26,4.6765e+32,1.0134e+32,228
109,3,0.2000,0.3500,4.0280e+28,2.0150e+28,4.7200e+27,9.6000e+26,6.0579e+32,7.0659e+31,228
109,4,0.3500,0.5500,5.0600e+28,4.3640e+28,6.3100e+27,4.4900e+27,4.5262e+32,5.2757e+31,228
109,5,0.5500,1.0100,3.2180e+28,6.9390e+28,1.1570e+28,3.5380e+28,1.8150e+32,5.9680e+31,228
110,0,0.0000,0.0500,2.3500e+27,0.0000e+00,1.6100e+27,0.0000e+00,3.6137e+32,2.0276e+32,230
110,1,0.0500,0.1000,4.0000e+27,1.9000e+26,9.9000e+26,1.0000e+25,2.1162e+32,5.7774e+31,230
110,2,0.1000,0.2000,1.6780e+28,2.8800e+27,3.6800e+27,1.1000e+26,4.7325e+32,9.9640e+31,230
110,3,0.2000,0.3500,4.4200e+28,2.0420e+28,4.1300e+27,6.8000e+26,6.3392e+32,6.6738e+31,230
110,4,0.3500,0.5500,5.1820e+28,4.4080e+28,5.7900e+27,3.3200e+27,4.6222e+32,5.2102e+31,230
110,5,0.5500,1.0100,3.1680e+28,7.1360e+28,1.1720e+28,3.2940e+28,1.8190e+32,6.0462e+31,230
111,0,0.0000,0.0500,2.2800e+27,0.0000e+00,1.3200e+27,0.0000e+00,3.0518e+32,2.0428e+32,231
111,1,0.0500,0.1000,4.9300e+27,1.4000e+26,1.4000e+27,0.0000e+00,2.6108e+32,6.3549e+31,231
111,2,0.1000,0.2000,1.6770e+28,3.1800e+27,3.5500e+27,1.7000e+26,4.7086e+32,1.0427e+32,231
111,3,0.2000,0.3500,4.1660e+28,1.8890e+28,3.6300e+27,8.1000e+26,6.2172e+32,5.8276e+31,231
111,4,0.3500,0.5500,5.3220e+28,4.6820e+28,5.8100e+27,3.5500e+27,4.6979e+32,5.1461e+31,231
111,5,0.5500,1.0100,3.4820e+28,7.2040e+28,1.1880e+28,3.2230e+28,2.0184e+32,6.0486e+31,231
112,0,0.0000,0.0500,2.0100e+27,0.0000e+00,8.7000e+26,0.0000e+00,2.8329e+32,2.0945e+32,233
112,1,0.0500,0.1000,5.2800e+27,2.8000e+26,1.3400e+27,1.0000e+25,2.8042e+32,7.3364e+31,233
112,2,0.1000,0.2000,1.6200e+28,3.1300e+27,3.5500e+27,1.4000e+26,4.6202e+32,9.5923e+31,233
112,3,0.2000,0.3500,4.3490e+28,2.0780e+28,3.9400e+27,8.3000e+26,6.4289e+32,6.0877e+31,233
112,4,0.3500,0.5500,4.9130e+28,4.3920e+28,5.6200e+27,3.4300e+27,4.5455e+32,4.7238e+31,233
112,5,0.5500,1.0100,3.7350e+28,7.7820e+28,1.1220e+28,3.1130e+28,2.2275e+32,6.0653e+31,233
113,0,0.0000,0.0500,1.9000e+27,0.0000e+00,9.0000e+26,0.0000e+00,3.0186e+32,1.9160e+32,235
113,1,0.0500,0.1000,5.2100e+27,2.1000e+26,1.3900e+27,0.0000e+00,2.8133e+32,8.0392e+31,235
113,2,0.1000,0.2000,1.7100e+28,3.2500e+27,3.1600e+27,1.1000e+26,4.6825e+32,9.0955e+31,235
113,3,0.2000,0.3500,4.4370e+28,2.2000e+28,4.3900e+27,8.0000e+26,6.4605e+32,6.3091e+31,235
113,4,0.3500,0.5500,4.9840e+28,4.2240e+28,4.9200e+27,3.8900e+27,4.6631e+32,4.5702e+31,235
113,5,0.5500,1.0100,3.8940e+28,7.7420e+28,1.2450e+28,3.1400e+28,2.3218e+32,6.2281e+31,235
114,0,0.0000,0.0500,2.0500e+27,0.0000e+00,9.0000e+26,0.0000e+00,3.9339e+32,1.4236e+32,237
114,1,0.0500,0.1000,4.9800e+27,2.0000e+26,1.6700e+27,0.0000e+00,2.7203e+32,8.0554e+31,237
114,2,0.1000,0.2000,1.7160e+28,4.0500e+27,2.9900e+27,9.0000e+25,4.8466e+32,8.9829e+31,237
114,3,0.2000,0.3500,4.4760e+28,2.1120e+28,4.4000e+27,8.8000e+26,6.2654e+32,6.4731e+31,237
114,4,0.3500,0.5500,5.1940e+28,4.3260e+28,5.1800e+27,3.6200e+27,4.8476e+32,4.7687e+31,237
114,5,0.5500,1.0100,4.1110e+28,7.9210e+28,1.2310e+28,3.4270e+28,2.3956e+32,6.6497e+31,237
115,0,0.0000,0.0500,2.3800e+27,0.0000e+00,1.1600e+27,0.0000e+00,3.8935e+32,1.5064e+32,238
115,1,0.0500,0.1000,4.3200e+27,2.4000e+26,1.2600e+27,0.0000e+00,2.2671e+32,7.6335e+31,238
115,2,0.1000,0.2000,1.9120e+28,3.9800e+27,2.7800e+27,1.2000e+26,5.1666e+32,9.0280e+31,238
115,3,0.2000,0.3500,3.8650e+28,1.9650e+28,3.9900e+27,7.9000e+26,5.8014e+32,6.2900e+31,238
115,4,0.3500,0.5500,5.9140e+28,4.8890e+28,4.9600e+27,3.5400e+27,5.4927e+32,4.8890e+31,238
115,5,0.5500,1.0100,4.2070e+28,7.8800e+28,1.2580e+28,3.3770e+28,2.4547e+32,6.5368e+31,238
116,0,0.0000,0.0500,2.2200e+27,0.0000e+00,1.1700e+27,0.0000e+00,3.8906e+32,1.6905e+32,240
116,1,0.0500,0.1000,3.8400e+27,1.8000e+26,1.3700e+27,0.0000e+00,2.0986e+32,6.2616e+31,240
116,2,0.1000,0.2000,1.7540e+28,3.3800e+27,3.1800e+27,8.0000e+25,4.7425e+32,9.0326e+31,240
116,3,0.2000,0.3500,4.0440e+28,1.8270e+28,3.9900e+27,6.5000e+26,6.1319e+32,6.3302e+31,240
116,4,0.3500,0.5500,6.0760e+28,5.0980e+28,5.2900e+27,3.6000e+27,5.8261e+32,5.0327e+31,240
116,5,0.5500,1.0100,4.1940e+28,8.1610e+28,1.2010e+28,2.9500e+28,2.5509e+32,6.3390e+31,240
117,0,0.0000,0.0500,2.6400e+27,0.0000e+00,1.4500e+27,0.0000e+00,3.7189e+32,1.8719e+32,241
117,1,0.0500,0.1000,3.6300e+27,1.5000e+26,9.5000e+26,3.0000e+25,1.9836e+32,5.1501e+31,241
117,2,0.1000,0.2000,1.6250e+28,2.8900e+27,2.6900e+27,3.0000e+25,4.5570e+32,8.8507e+31,241
117,3,0.2000,0.3500,4.1530e+28,1.9530e+28,3.9300e+27,4.4000e+26,6.4713e+32,6.0818e+31,241
117,4,0.3500,0.5500,6.3750e+28,5.5230e+28,5.3400e+27,3.2300e+27,6.0279e+32,5.0028e+31,241
117,5,0.5500,1.0100,4.3940e+28,7.8820e+28,1.2240e+28,2.9050e+28,2.5394e+32,6.3466e+31,241
118,0,0.0000,0.0500,1.9400e+27,0.0000e+00,9.1000e+26,0.0000e+00,3.1540e+32,1.9111e+32,243
118,1,0.0500,0.1000,4.1500e+27,1.8000e+26,9.5000e+26,1.0000e+25,2.4162e+32,5.5159e+31,243
118,2,0.1000,0.2000,1.5770e+28,2.7900e+27,3.0300e+27,9.0000e+25,4.6051e+32,9.2644e+31,243
118,3,0.2000,0.3500,4.1170e+28,1.8920e+28,3.3800e+27,5.7000e+26,6.4804e+32,5.3734e+31,243
118,4,0.3500,0.5500,6.5390e+28,5.5830e+28,5.5300e+27,3.1400e+27,6.1062e+32,4.9636e+31,243
118,5,0.5500,1.0100,4.5290e+28,8.5230e+28,1.1280e+28,3.0290e+28,2.7013e+32,6.4140e+31,243
119,0,0.0000,0.0500,1.8800e+27,0.0000e+00,1.0500e+27,0.0000e+00,2.8817e+32,1.9572e+32,245
119,1,0.0500,0.1000,4.6800e+27,1.5000e+26,1.2700e+27,0.0000e+00,2.6635e+32,6.2299e+31,245
119,2,0.1000,0.2000,1.6300e+28,2.3200e+27,2.9100e+27,8.0000e+25,4.5248e+32,8.8714e+31,245
119,3,0.2000,0.3500,4.3130e+28,1.8920e+28,3.4000e+27,5.1000e+26,6.5591e+32,5.3823e+31,245
119,4,0.3500,0.5500,6.1160e+28,5.3670e+28,4.9500e+27,3.3400e+27,5.9034e+32,4.6505e+31,245
119,5,0.5500,1.0100,4.9650e+28,8.9790e+28,1.1560e+28,2.8030e+28,3.0937e+32,6.4346e+31,245
120,0,0.0000,0.0500,1.8000e+27,0.0000e+00,8.9000e+26,0.0000e+00,3.0102e+32,1.8193e+32,247
120,1,0.0500,0.1000,4.3600e+27,1.0000e+26,1.2000e+27,1.0000e+25,2.6501e+32,7.0187e+31,247
120,2,0.1000,0.2000,1.6480e+28,2.7500e+27,3.1100e+27,1.1000e+26,4.6082e+32,8.3010e+31,247
120,3,0.2000,0.3500,4.4080e+28,1.9830e+28,4.1000e+27,6.3000e+26,6.5587e+32,5.6726e+31,247
120,4,0.3500,0.5500,6.1220e+28,5.2480e+28,4.4800e+27,3.0300e+27,5.9762e+32,4.4570e+31,247
120,5,0.5500,1.0100,5.2830e+28,8.9410e+28,1.2020e+28,3.0930e+28,3.2598e+32,6.6249e+31,247
121,0,0.0000,0.0500,2.1600e+27,0.0000e+00,9.1000e+26,0.0000e+00,3.8089e+32,1.4060e+32,249
121,1,0.0500,0.1000,4.6300e+27,1.3000e+26,1.3300e+27,1.0000e+25,2.5344e+32,7.0625e+31,249
121,2,0.1000,0.2000,1.6900e+28,3.1100e+27,2.5200e+27,4.0000e+25,4.7533e+32,8.2101e+31,249
121,3,0.2000,0.3500,4.1540e+28,1.8940e+28,3.5700e+27,6.9000e+26,6.3415e+32,5.8687e+31,249
121,4,0.3500,0.5500,6.3820e+28,5.2420e+28,4.7900e+27,2.8500e+27,6.1594e+32,4.6817e+31,249
121,5,0.5500,1.0100,5.2920e+28,9.3790e+28,1.2750e+28,3.2620e+28,3.3905e+32,7.1239e+31,249
122,0,0.0000,0.0500,1.9500e+27,0.0000e+00,7.2000e+26,0.0000e+00,3.7583e+32,1.4893e+32,250
122,1,0.0500,0.1000,3.8200e+27,1.4000e+26,1.1500e+27,0.0000e+00,2.1783e+32,6.6189e+31,250
122,2,0.1000,0.2000,1.7220e+28,3.6500e+27,2.9000e+27,3.0000e+25,4.9306e+32,8.2170e+31,250
122,3,0.2000,0.3500,3.7100e+28,1.6360e+28,3.2600e+27,7.4000e+26,5.8371e+32,5.7194e+31,250
122,4,0.3500,0.5500,7.0250e+28,5.7790e+28,5.0500e+27,2.8000e+27,6.8620e+32,4.8428e+31,250
122,5,0.5500,1.0100,5.5300e+28,9.2300e+28,1.1880e+28,2.9440e+28,3.4787e+32,6.9767e+31,250
123,0,0.0000,0.0500,2.3000e+27,0.0000e+00,1.1100e+27,0.0000e+00,3.7508e+32,1.6714e+32,251
123,1,0.0500,0.1000,3.8700e+27,1.1000e+26,1.0400e+27,0.0000e+00,2.0183e+32,5.1664e+31,251
123,2,0.1000,0.2000,1.4970e+28,2.7700e+27,2.6100e+27,5.0000e+25,4.3944e+32,8.1747e+31,251
123,3,0.2000,0.3500,3.9440e+28,1.7250e+28,3.1400e+27,5.3000e+26,6.2941e+32,5.7539e+31,251
123,4,0.3500,0.5500,7.3770e+28,5.9940e+28,5.2200e+27,3.3000e+27,7.0844e+32,4.9335e+31,251
123,5,0.5500,1.0100,5.6920e+28,9.6880e+28,1.1490e+28,2.9120e+28,3.5620e+32,6.7774e+31,251
124,0,0.0000,0.0500,2.2500e+27,0.0000e+00,1.0000e+27,0.0000e+00,3.3986e+32,1.8075e+32,254
124,1,0.0500,0.1000,3.2000e+27,6.0000e+25,8.9000e+26,0.0000e+00,2.0960e+32,4.7196e+31,254
124,2,0.1000,0.2000,1.4440e+28,2.6000e+27,2.4400e+27,1.0000e+26,4.4430e+32,8.1709e+31,254
124,3,0.2000,0.3500,4.1170e+28,1.7360e+28,3.3600e+27,4.0000e+26,6.5885e+32,5.3804e+31,254
124,4,0.3500,0.5500,7.5920e+28,6.2470e+28,5.0900e+27,2.9600e+27,7.2632e+32,4.9319e+31,254
124,5,0.5500,1.0100,5.6770e+28,9.8680e+28,1.2040e+28,3.0160e+28,3.5839e+32,6.9033e+31,254
125,0,0.0000,0.0500,1.8600e+27,0.0000e+00,7.9000e+26,0.0000e+00,2.9529e+32,1.8285e+32,255
125,1,0.0500,0.1000,4.0800e+27,7.0000e+25,8.2000e+26,0.0000e+00,2.4745e+32,5.1548e+31,255
125,2,0.1000,0.2000,1.4810e+28,2.6300e+27,2.7400e+27,5.0000e+25,4.4341e+32,8.4695e+31,255
125,3,0.2000,0.3500,3.9590e+28,1.7250e+28,2.8200e+27,3.8000e+26,6.3808e+32,4.8476e+31,255
125,4,0.3500,0.5500,7.0710e+28,6.0640e+28,4.8800e+27,2.7600e+27,7.0707e+32,4.7851e+31,255
125,5,0.5500,1.0100,6.4760e+28,1.0639e+29,1.1430e+28,2.5870e+28,4.1122e+32,6.8989e+31,255
126,0,0.0000,0.0500,2.0100e+27,0.0000e+00,9.0000e+26,0.0000e+00,2.7619e+32,1.8699e+32,257
126,1,0.0500,0.1000,4.3400e+27,6.0000e+25,1.0600e+27,0.0000e+00,2.5586e+32,6.0278e+31,257
126,2,0.1000,0.2000,1.5040e+28,2.2900e+27,2.5800e+27,7.0000e+25,4.3909e+32,7.7109e+31,257
126,3,0.2000,0.3500,4.2250e+28,1.8260e+28,3.3700e+27,3.9000e+26,6.5096e+32,5.1335e+31,257
126,4,0.3500,0.5500,6.9440e+28,5.6440e+28,4.7700e+27,2.7100e+27,6.8594e+32,4.4411e+31,257
126,5,0.5500,1.0100,6.9880e+28,1.1099e+29,1.1620e+28,2.6810e+28,4.5012e+32,6.9033e+31,257
127,0,0.0000,0.0500,1.7800e+27,0.0000e+00,8.1000e+26,0.0000e+00,3.6736e+32,1.3883e+32,259
127,1,0.0500,0.1000,4.1600e+27,2.0000e+26,1.0600e+27,0.0000e+00,2.4558e+32,6.2959e+31,259
127,2,0.1000,0.2000,1.5980e+28,2.7100e+27,2.4600e+27,5.0000e+25,4.5683e+32,7.6515e+31,259
127,3,0.2000,0.3500,3.9550e+28,1.7310e+28,3.2100e+27,5.1000e+26,6.2839e+32,5.4790e+31,259
127,4,0.3500,0.5500,6.9140e+28,5.6930e+28,4.4500e+27,2.7200e+27,6.9714e+32,4.7376e+31,259
127,5,0.5500,1.0100,7.0260e+28,1.1401e+29,1.3780e+28,2.9370e+28,4.6431e+32,7.6960e+31,259
128,0,0.0000,0.0500,2.1000e+27,0.0000e+00,8.9000e+26,0.0000e+00,3.6548e+32,1.4487e+32,260
128,1,0.0500,0.1000,3.4100e+27,9.0000e+25,1.0000e+27,0.0000e+00,2.1327e+32,5.8911e+31,260
128,2,0.1000,0.2000,1.5810e+28,2.3400e+27,2.5200e+27,5.0000e+25,4.7249e+32,7.6760e+31,260
128,3,0.2000,0.3500,3.6090e+28,1.5260e+28,3.1500e+27,6.4000e+26,5.7956e+32,5.3684e+31,260
128,4,0.3500,0.5500,7.3890e+28,5.8130e+28,4.6000e+27,2.9800e+27,7.5453e+32,4.9112e+31,260
128,5,0.5500,1.0100,7.3860e+28,1.1710e+29,1.3080e+28,3.1170e+28,4.8167e+32,7.5870e+31,260
129,0,0.0000,0.0500,2.3800e+27,0.0000e+00,8.5000e+26,0.0000e+00,3.6541e+32,1.6092e+32,262
129,1,0.0500,0.1000,3.5300e+27,9.0000e+25,6.8000e+26,0.0000e+00,1.9918e+32,4.7016e+31,262
129,2,0.1000,0.2000,1.3770e+28,2.2700e+27,2.2100e+27,7.0000e+25,4.2518e+32,7.6760e+31,262
129,3,0.2000,0.3500,3.6460e+28,1.5110e+28,2.9500e+27,4.1000e+26,6.1348e+32,5.4238e+31,262
129,4,0.3500,0.5500,7.8190e+28,6.3800e+28,5.2700e+27,3.0500e+27,7.8284e+32,5.0683e+31,262
129,5,0.5500,1.0100,7.5470e+28,1.2102e+29,1.3000e+28,2.9250e+28,4.9697e+32,7.4355e+31,262
130,0,0.0000,0.0500,2.2200e+27,0.0000e+00,1.0900e+27,0.0000e+00,3.3027e+32,1.7279e+32,263
130,1,0.0500,0.1000,3.1200e+27,9.0000e+25,7.2000e+26,0.0000e+00,2.0390e+32,4.1794e+31,263
130,2,0.1000,0.2000,1.3560e+28,2.0900e+27,2.2600e+27,2.0000e+25,4.2529e+32,7.6592e+31,263
130,3,0.2000,0.3500,3.8200e+28,1.5940e+28,2.9600e+27,5.1000e+26,6.3670e+32,5.0399e+31,263
130,4,0.3500,0.5500,7.8800e+28,6.6520e+28,4.6700e+27,2.7800e+27,7.9496e+32,5.0272e+31,263
130,5,0.5500,1.0100,7.5230e+28,1.2174e+29,1.3030e+28,2.7230e+28,4.9711e+32,7.5011e+31,263
131,0,0.0000,0.0500,2.1800e+27,0.0000e+00,1.1100e+27,0.0000e+00,2.9218e+32,1.7552e+32,265
131,1,0.0500,0.1000,4.0400e+27,4.0000e+25,7.8000e+26,0.0000e+00,2.3793e+32,4.6225e+31,265
131,2,0.1000,0.2000,1.3670e+28,1.9900e+27,2.6000e+27,9.0000e+25,4.2516e+32,7.9111e+31,265
131,3,0.2000,0.3500,3.7610e+28,1.4710e+28,2.7000e+27,5.2000e+26,6.2424e+32,4.6697e+31,265
131,4,0.3500,0.5500,7.5070e+28,5.9090e+28,4.6400e+27,2.3900e+27,7.5677e+32,4.8648e+31,265
131,5,0.5500,1.0100,8.3430e+28,1.3032e+29,1.2280e+28,2.7340e+28,5.6704e+32,7.5281e+31,265
132,0,0.0000,0.0500,1.5400e+27,0.0000e+00,7.8000e+26,0.0000e+00,2.9240e+32,1.7007e+32,267
132,1,0.0500,0.1000,3.8800e+27,5.0000e+25,9.2000e+26,0.0000e+00,2.4159e+32,5.4454e+31,267
132,2,0.1000,0.2000,1.4020e+28,1.8600e+27,2.4900e+27,3.0000e+25,4.2628e+32,7.2950e+31,267
132,3,0.2000,0.3500,3.7070e+28,1.5700e+28,3.0000e+27,5.2000e+26,6.2588e+32,5.0310e+31,267
132,4,0.3500,0.5500,7.1690e+28,5.6370e+28,4.7400e+27,2.5300e+27,7.3432e+32,4.6220e+31,267
132,5,0.5500,1.0100,9.0680e+28,1.3901e+29,1.2610e+28,2.6170e+28,6.1184e+32,7.7271e+31,267
133,0,0.0000,0.0500,1.5600e+27,0.0000e+00,8.5000e+26,0.0000e+00,3.6026e+32,1.3824e+32,269
133,1,0.0500,0.1000,3.5900e+27,6.0000e+25,7.6000e+26,0.0000e+00,2.2341e+32,5.5037e+31,269
133,2,0.1000,0.2000,1.4580e+28,2.1400e+27,2.0500e+27,6.0000e+25,4.4512e+32,7.3436e+31,269
133,3,0.2000,0.3500,3.6050e+28,1.5380e+28,3.1800e+27,4.0000e+26,5.9531e+32,5.3446e+31,269
133,4,0.3500,0.5500,7.3020e+28,5.5530e+28,4.7800e+27,2.7500e+27,7.4740e+32,4.9976e+31,269
133,5,0.5500,1.0100,9.3060e+28,1.4306e+29,1.3760e+28,2.9350e+28,6.3507e+32,8.4969e+31,269
134,0,0.0000,0.0500,2.0600e+27,0.0000e+00,9.8000e+26,0.0000e+00,3.5517e+32,1.4620e+32,270
134,1,0.0500,0.1000,3.5600e+27,1.4000e+26,9.3000e+26,0.0000e+00,1.9946e+32,5.0168e+31,270
134,2,0.1000,0.2000,1.4350e+28,2.0700e+27,2.2300e+27,3.0000e+25,4.4286e+32,7.3821e+31,270
134,3,0.2000,0.3500,3.2320e+28,1.2680e+28,3.1500e+27,4.4000e+26,5.5714e+32,5.2979e+31,270
134,4,0.3500,0.5500,7.7290e+28,5.9970e+28,4.5300e+27,2.8100e+27,8.0229e+32,5.2142e+31,270
134,5,0.5500,1.0100,9.5980e+28,1.4774e+29,1.3630e+28,2.8570e+28,6.5352e+32,8.2697e+31,270
135,0,0.0000,0.0500,2.1600e+27,0.0000e+00,1.0700e+27,0.0000e+00,3.4796e+32,1.6254e+32,272
135,1,0.0500,0.1000,3.2900e+27,7.0000e+25,6.9000e+26,0.0000e+00,1.8892e+32,3.8936e+31,272
135,2,0.1000,0.2000,1.2390e+28,1.6100e+27,2.0400e+27,2.0000e+25,4.0660e+32,7.3837e+31,272
135,3,0.2000,0.3500,3.6230e+28,1.3830e+28,2.9800e+27,4.6000e+26,6.0368e+32,5.2360e+31,272
135,4,0.3500,0.5500,7.8360e+28,6.1520e+28,5.0100e+27,2.8600e+27,8.1604e+32,5.3053e+31,272
135,5,0.5500,1.0100,9.8720e+28,1.5159e+29,1.3960e+28,2.7960e+28,6.6243e+32,8.2206e+31,272
136,0,0.0000,0.0500,1.9300e+27,0.0000e+00,1.0600e+27,0.0000e+00,3.0468e+32,1.6726e+32,273
136,1,0.0500,0.1000,3.3600e+27,1.2000e+26,6.6000e+26,0.0000e+00,2.1394e+32,3.9807e+31,273
136,2,0.1000,0.2000,1.2770e+28,2.1500e+27,1.9200e+27,3.0000e+25,4.1108e+32,7.6670e+31,273
136,3,0.2000,0.3500,3.5990e+28,1.3990e+28,2.7200e+27,4.4000e+26,6.0305e+32,4.7128e+31,273
136,4,0.3500,0.5500,7.6430e+28,6.0420e+28,4.9600e+27,2.7500e+27,8.0119e+32,5.2463e+31,273
136,5,0.5500,1.0100,1.0269e+29,1.5860e+29,1.3890e+28,2.7010e+28,6.9553e+32,8.2867e+31,273
137,0,0.0000,0.0500,1.7900e+27,0.0000e+00,8.6000e+26,0.0000e+00,2.8306e+32,1.7095e+32,275
137,1,0.0500,0.1000,3.5000e+27,4.0000e+25,8.2000e+26,0.0000e+00,2.2883e+32,4.5787e+31,275
137,2,0.1000,0.2000,1.2830e+28,1.7600e+27,2.1200e+27,1.1000e+26,4.0892e+32,7.3427e+31,275
137,3,0.2000,0.3500,3.5830e+28,1.3950e+28,2.9900e+27,3.9000e+26,6.0189e+32,4.9105e+31,275
137,4,0.3500,0.5500,7.1800e+28,5.5420e+28,4.3200e+27,2.5000e+27,7.4994e+32,4.8648e+31,275
137,5,0.5500,1.0100,1.1278e+29,1.7081e+29,1.3240e+28,2.6610e+28,7.7199e+32,8.3227e+31,275
138,0,0.0000,0.0500,1.5200e+27,0.0000e+00,7.6000e+26,0.0000e+00,3.3907e+32,1.4161e+32,276
138,1,0.0500,0.1000,3.4900e+27,5.0000e+25,7.4000e+26,0.0000e+00,2.1738e+32,5.0024e+31,276
138,2,0.1000,0.2000,1.2840e+28,1.8700e+27,2.2300e+27,9.0000e+25,4.2372e+32,7.2538e+31,276
138,3,0.2000,0.3500,3.3070e+28,1.3100e+28,2.9700e+27,4.8000e+26,5.7749e+32,5.3894e+31,276
138,4,0.3500,0.5500,7.0050e+28,5.3860e+28,4.6500e+27,2.4400e+27,7.4648e+32,5.2072e+31,276
138,5,0.5500,1.0100,1.1499e+29,1.7142e+29,1.4980e+28,3.0890e+28,7.9266e+32,9.2787e+31,276
139,0,0.0000,0.0500,1.6900e+27,0.0000e+00,9.9000e+26,0.0000e+00,3.5123e+32,1.4095e+32,278
139,1,0.0500,0.1000,2.8300e+27,5.0000e+25,8.0000e+26,0.0000e+00,1.9154e+32,4.7739e+31,278
139,2,0.1000,0.2000,1.3850e+28,1.9200e+27,2.2500e+27,5.0000e+25,4.3494e+32,7.3452e+31,278
139,3,0.2000,0.3500,3.0190e+28,1.1930e+28,2.8300e+27,4.1000e+26,5.3361e+32,5.4438e+31,278
139,4,0.3500,0.5500,7.3210e+28,5.7470e+28,4.8900e+27,2.7500e+27,7.8939e+32,5.5107e+31,278
139,5,0.5500,1.0100,1.1793e+29,1.7640e+29,1.6120e+28,3.0440e+28,8.2051e+32,9.3812e+31,278
140,0,0.0000,0.0500,1.8400e+27,0.0000e+00,9.2000e+26,0.0000e+00,3.4699e+32,1.5460e+32,280
140,1,0.0500,0.1000,3.0000e+27,6.0000e+25,4.9000e+26,0.0000e+00,1.8128e+32,3.7927e+31,280
140,2,0.1000,0.2000,1.2130e+28,1.5000e+27,2.3100e+27,1.0000e+26,3.9411e+32,7.3919e+31,280
140,3,0.2000,0.3500,3.1670e+28,1.1850e+28,3.2100e+27,4.5000e+26,5.6966e+32,5.4636e+31,280
140,4,0.3500,0.5500,7.4710e+28,5.7890e+28,5.2800e+27,2.8000e+27,8.0893e+32,5.6928e+31,280
140,5,0.5500,1.0100,1.2143e+29,1.8054e+29,1.5300e+28,2.8640e+28,8.3374e+32,9.2748e+31,280
141,0,0.0000,0.0500,1.9000e+27,0.0000e+00,8.5000e+26,0.0000e+00,3.0924e+32,1.6153e+32,281
141,1,0.0500,0.1000,3.1900e+27,6.0000e+25,6.4000e+26,0.0000e+00,1.9798e+32,3.6528e+31,281
141,2,0.1000,0.2000,1.1410e+28,1.5600e+27,2.2200e+27,7.0000e+25,3.9776e+32,7.6288e+31,281
141,3,0.2000,0.3500,3.3280e+28,1.2580e+28,2.6600e+27,3.7000e+26,5.7675e+32,4.9809e+31,281
141,4,0.3500,0.5500,7.4390e+28,5.7890e+28,4.8400e+27,2.7400e+27,8.0106e+32,5.6516e+31,281
141,5,0.5500,1.0100,1.2469e+29,1.8828e+29,1.5010e+28,2.9250e+28,8.5408e+32,9.3757e+31,281
142,0,0.0000,0.0500,1.8300e+27,0.0000e+00,6.6000e+26,0.0000e+00,2.8526e+32,1.6453e+32,283
142,1,0.0500,0.1000,3.6400e+27,5.0000e+25,8.0000e+26,0.0000e+00,2.1673e+32,4.2001e+31,283
142,2,0.1000,0.2000,1.1540e+28,1.5400e+27,1.8700e+27,1.3000e+26,3.9592e+32,7.4838e+31,283
142,3,0.2000,0.3500,3.2880e+28,1.2830e+28,2.9900e+27,2.6000e+26,5.7161e+32,5.0729e+31,283
142,4,0.3500,0.5500,7.1240e+28,5.3950e+28,4.9500e+27,2.5200e+27,7.4598e+32,5.3179e+31,283
142,5,0.5500,1.0100,1.3547e+29,1.9841e+29,1.4920e+28,2.8070e+28,9.3528e+32,9.4613e+31,283
143,0,0.0000,0.0500,1.5200e+27,0.0000e+00,8.1000e+26,0.0000e+00,3.3047e+32,1.4123e+32,284
143,1,0.0500,0.1000,3.4600e+27,1.0000e+26,8.6000e+26,0.0000e+00,2.0476e+32,4.6784e+31,284
143,2,0.1000,0.2000,1.2110e+28,1.6600e+27,2.0200e+27,3.0000e+25,4.1193e+32,7.4200e+31,284
143,3,0.2000,0.3500,3.1700e+28,1.2200e+28,3.0500e+27,4.8000e+26,5.4733e+32,5.6443e+31,284
143,4,0.3500,0.5500,6.9120e+28,5.0570e+28,5.0100e+27,2.5100e+27,7.3545e+32,5.7281e+31,284
143,5,0.5500,1.0100,1.3677e+29,2.0522e+29,1.6760e+28,3.1950e+28,9.5835e+32,1.0631e+32,284
144,0,0.0000,0.0500,1.8900e+27,0.0000e+00,8.4000e+26,0.0000e+00,3.4499e+32,1.3842e+32,285
144,1,0.0500,0.1000,2.8100e+27,1.0000e+26,6.3000e+26,0.0000e+00,1.7859e+32,4.5225e+31,285
144,2,0.1000,0.2000,1.2240e+28,1.5600e+27,1.5600e+27,8.0000e+25,4.2133e+32,7.5081e+31,285
144,3,0.2000,0.3500,2.8410e+28,1.0450e+28,3.0300e+27,4.4000e+26,5.0643e+32,5.7481e+31,285
144,4,0.3500,0.5500,7.0060e+28,5.1500e+28,5.4000e+27,3.1400e+27,7.6879e+32,6.1226e+31,285
144,5,0.5500,1.0100,1.4203e+29,2.1169e+29,1.8180e+28,3.3610e+28,9.8071e+32,1.0858e+32,285
145,0,0.0000,0.0500,1.6100e+27,0.0000e+00,9.0000e+26,0.0000e+00,3.3988e+32,1.5142e+32,287
145,1,0.0500,0.1000,2.4800e+27,7.0000e+25,5.8000e+26,0.0000e+00,1.6873e+32,3.6079e+31,287
145,2,0.1000,0.2000,1.1940e+28,1.2900e+27,2.0900e+27,2.0000e+25,3.8562e+32,7.5737e+31,287
145,3,0.2000,0.3500,2.8410e+28,1.1270e+28,3.1800e+27,6.2000e+26,5.4072e+32,5.7581e+31,287
145,4,0.3500,0.5500,7.0740e+28,5.4180e+28,5.8300e+27,2.9700e+27,7.8576e+32,6.3473e+31,287
145,5,0.5500,1.0100,1.4465e+29,2.1196e+29,1.7040e+28,3.2780e+28,9.9241e+32,1.0759e+32,287
146,0,0.0000,0.0500,1.7500e+27,0.0000e+00,9.1000e+26,0.0000e+00,3.0232e+32,1.5733e+32,288
146,1,0.0500,0.1000,2.7000e+27,3.0000e+25,5.4000e+26,1.0000e+25,1.8763e+32,3.5329e+31,288
146,2,0.1000,0.2000,1.1500e+28,1.5100e+27,2.3300e+27,4.0000e+25,3.8944e+32,7.9054e+31,288
146,3,0.2000,0.3500,3.1380e+28,1.1260e+28,2.9700e+27,5.0000e+26,5.4537e+32,5.2585e+31,288
146,4,0.3500,0.5500,7.0470e+28,5.2730e+28,5.4300e+27,2.8900e+27,7.6987e+32,6.3177e+31,288
146,5,0.5500,1.0100,1.4792e+29,2.2498e+29,1.7480e+28,3.2310e+28,1.0200e+33,1.0889e+32,288
147,0,0.0000,0.0500,1.9700e+27,0.0000e+00,6.6000e+26,0.0000e+00,2.8143e+32,1.6012e+32,290
147,1,0.0500,0.1000,3.5600e+27,2.0000e+25,5.4000e+26,0.0000e+00,2.0247e+32,4.1110e+31,290
147,2,0.1000,0.2000,1.1350e+28,1.5100e+27,2.2100e+27,6.0000e+25,3.8892e+32,7.7088e+31,290
147,3,0.2000,0.3500,2.9710e+28,1.0790e+28,3.1500e+27,3.8000e+26,5.3851e+32,5.4801e+31,290
147,4,0.3500,0.5500,6.3890e+28,4.8070e+28,5.2900e+27,2.7000e+27,7.1860e+32,5.9536e+31,290
147,5,0.5500,1.0100,1.5657e+29,2.3567e+29,1.6960e+28,3.1080e+28,1.0975e+33,1.0994e+32,290
148,0,0.0000,0.0500,1.6500e+27,0.0000e+00,8.4000e+26,0.0000e+00,3.3689e+32,1.3722e+32,291
148,1,0.0500,0.1000,2.9900e+27,1.0000e+25,6.0000e+26,0.0000e+00,1.8123e+32,4.5907e+31,291
148,2,0.1000,0.2000,1.1740e+28,1.4200e+27,2.4100e+27,1.4000e+26,4.0784e+32,7.8401e+31,291
148,3,0.2000,0.3500,2.8360e+28,1.0990e+28,3.4900e+27,6.7000e+26,5.0935e+32,6.2384e+31,291
148,4,0.3500,0.5500,6.3940e+28,4.7880e+28,5.7600e+27,2.7500e+27,7.0849e+32,6.7523e+31,291
148,5,0.5500,1.0100,1.5783e+29,2.3836e+29,1.9900e+28,3.7920e+28,1.1104e+33,1.3004e+32,291
149,0,0.0000,0.0500,1.9200e+27,0.0000e+00,7.6000e+26,0.0000e+00,3.3603e+32,1.4194e+32,292
149,1,0.0500,0.1000,2.3800e+27,6.0000e+25,5.6000e+26,0.0000e+00,1.6161e+32,4.2742e+31,292
149,2,0.1000,0.2000,1.1880e+28,1.3400e+27,2.1600e+27,1.1000e+26,4.0547e+32,7.9224e+31,292
149,3,0.2000,0.3500,2.5550e+28,9.1900e+27,3.3800e+27,6.4000e+26,4.8103e+32,6.2807e+31,292
149,4,0.3500,0.5500,6.5200e+28,4.7740e+28,6.2200e+27,3.0500e+27,7.4257e+32,7.0924e+31,292
149,5,0.5500,1.0100,1.5983e+29,2.4004e+29,2.0710e+28,3.8720e+28,1.1284e+33,1.2932e+32,292
150,0,0.0000,0.0500,1.7400e+27,0.0000e+00,8.8000e+26,0.0000e+00,3.2395e+32,1.5507e+32,294
150,1,0.0500,0.1000,2.5400e+27,2.0000e+25,6.0000e+26,0.0000e+00,1.5783e+32,3.4490e+31,294
150,2,0.1000,0.2000,1.0550e+28,1.1600e+27,1.9300e+27,3.0000e+25,3.7961e+32,7.9875e+31,294
150,3,0.2000,0.3500,2.7780e+28,9.9100e+27,3.2300e+27,4.5000e+26,5.1788e+32,6.1873e+31,294
150,4,0.3500,0.5500,6.7610e+28,4.9220e+28,6.2500e+27,3.5300e+27,7.5253e+32,7.2464e+31,294
150,5,0.5500,1.0100,1.6368e+29,2.4604e+29,2.0450e+28,3.7470e+28,1.1336e+33,1.2993e+32,294
151,0,0.0000,0.0500,1.8200e+27,0.0000e+00,9.0000e+26,0.0000e+00,2.8758e+32,1.5772e+32,294
151,1,0.0500,0.1000,2.6500e+27,5.0000e+25,6.6000e+26,1.0000e+25,1.8228e+32,3.6604e+31,294
151,2,0.1000,0.2000,1.0730e+28,1.0100e+27,2.3200e+27,8.0000e+25,3.7935e+32,8.3240e+31,294
151,3,0.2000,0.3500,2.8530e+28,9.3200e+27,3.1600e+27,4.9000e+26,5.1277e+32,5.7457e+31,294
151,4,0.3500,0.5500,6.3660e+28,4.5530e+28,6.3300e+27,3.0800e+27,7.1120e+32,7.0768e+31,294
151,5,0.5500,1.0100,1.6888e+29,2.5433e+29,1.9920e+28,3.4880e+28,1.1804e+33,1.3060e+32,294
152,0,0.0000,0.0500,1.4300e+27,0.0000e+00,7.9000e+26,0.0000e+00,2.9457e+32,1.5255e+32,296
152,1,0.0500,0.1000,2.9900e+27,4.0000e+25,6.8000e+26,0.0000e+00,1.8155e+32,4.3723e+31,296
152,2,0.1000,0.2000,1.1250e+28,1.3000e+27,2.2500e+27,6.0000e+25,3.8645e+32,8.1110e+31,296
152,3,0.2000,0.3500,2.6690e+28,9.8000e+27,3.5400e+27,5.3000e+26,4.9764e+32,6.3906e+31,296
152,4,0.3500,0.5500,6.1130e+28,4.3470e+28,6.2700e+27,3.7100e+27,6.7699e+32,7.0984e+31,296
152,5,0.5500,1.0100,1.7526e+29,2.6302e+29,2.1840e+28,3.7680e+28,1.2306e+33,1.4134e+32,296
153,0,0.0000,0.0500,1.6000e+27,0.0000e+00,8.6000e+26,0.0000e+00,3.3223e+32,1.4170e+32,298
153,1,0.0500,0.1000,2.3500e+27,4.0000e+25,5.6000e+26,0.0000e+00,1.6011e+32,4.5362e+31,298
153,2,0.1000,0.2000,1.0840e+28,1.3900e+27,2.1600e+27,2.0000e+25,4.0429e+32,8.3734e+31,298
153,3,0.2000,0.3500,2.5140e+28,8.8600e+27,3.6300e+27,6.6000e+26,4.6339e+32,7.0044e+31,298
153,4,0.3500,0.5500,6.1120e+28,4.3530e+28,6.9500e+27,3.9300e+27,6.8578e+32,8.0446e+31,298
153,5,0.5500,1.0100,1.7774e+29,2.6336e+29,2.4660e+28,4.3810e+28,1.2389e+33,1.6049e+32,298
154,0,0.0000,0.0500,1.9100e+27,0.0000e+00,9.8000e+26,0.0000e+00,3.2818e+32,1.5053e+32,298
154,1,0.0500,0.1000,2.4400e+27,7.0000e+25,5.7000e+26,0.0000e+00,1.4584e+32,3.8844e+31,298
154,2,0.1000,0.2000,1.0780e+28,1.1400e+27,2.2600e+27,4.0000e+25,3.7746e+32,8.3909e+31,298
154,3,0.2000,0.3500,2.4720e+28,8.6800e+27,3.4100e+27,6.8000e+26,4.6917e+32,7.0428e+31,298
154,4,0.3500,0.5500,6.0350e+28,4.4210e+28,7.3500e+27,3.7400e+27,7.0556e+32,8.3548e+31,298
154,5,0.5500,1.0100,1.7995e+29,2.6717e+29,2.4040e+28,4.4700e+28,1.2459e+33,1.5804e+32,298
155,0,0.0000,0.0500,1.7500e+27,0.0000e+00,9.7000e+26,0.0000e+00,2.9908e+32,1.5934e+32,299
155,1,0.0500,0.1000,2.3000e+27,4.0000e+25,4.6000e+26,0.0000e+00,1.5578e+32,3.5216e+31,299
155,2,0.1000,0.2000,9.7400e+27,1.0800e+27,2.1700e+27,7.0000e+25,3.7203e+32,8.6781e+31,299
155,3,0.2000,0.3500,2.5150e+28,9.1400e+27,3.4700e+27,5.5000e+26,4.8840e+32,6.5890e+31,299
155,4,0.3500,0.5500,6.2280e+28,4.4660e+28,7.2900e+27,3.5200e+27,6.9930e+32,8.3704e+31,299
155,5,0.5500,1.0100,1.8522e+29,2.7248e+29,2.4770e+28,4.3060e+28,1.2563e+33,1.5980e+32,299
156,0,0.0000,0.0500,1.6000e+27,0.0000e+00,8.6000e+26,0.0000e+00,2.7694e+32,1.6189e+32,301
156,1,0.0500,0.1000,2.8900e+27,3.0000e+25,5.5000e+26,0.0000e+00,1.7334e+32,4.0361e+31,301
156,2,0.1000,0.2000,1.0000e+28,1.1800e+27,2.1800e+27,5.0000e+25,3.7206e+32,8.7223e+31,301
156,3,0.2000,0.3500,2.5460e+28,9.0800e+27,3.6300e+27,6.1000e+26,4.8229e+32,6.7464e+31,301
156,4,0.3500,0.5500,5.8900e+28,3.9420e+28,7.0300e+27,3.0600e+27,6.5523e+32,7.9907e+31,301
156,5,0.5500,1.0100,1.8891e+29,2.8499e+29,2.4520e+28,4.4210e+28,1.3204e+33,1.6187e+32,301
157,0,0.0000,0.0500,1.4100e+27,0.0000e+00,7.6000e+26,0.0000e+00,3.2061e+32,1.4628e+32,302
157,1,0.0500,0.1000,2.4400e+27,5.0000e+25,6.5000e+26,0.0000e+00,1.5700e+32,4.6314e+31,302
157,2,0.1000,0.2000,1.0500e+28,1.2700e+27,2.2900e+27,7.0000e+25,3.8526e+32,8.9207e+31,302
157,3,0.2000,0.3500,2.3850e+28,9.3000e+27,4.0700e+27,6.8000e+26,4.5572e+32,7.8128e+31,302
157,4,0.3500,0.5500,5.4910e+28,3.8790e+28,7.7500e+27,3.7500e+27,6.3200e+32,9.1177e+31,302
157,5,0.5500,1.0100,1.8916e+29,2.8085e+29,2.9860e+28,5.2490e+28,1.3188e+33,1.9703e+32,302
158,0,0.0000,0.0500,1.7800e+27,0.0000e+00,8.5000e+26,0.0000e+00,3.2332e+32,1.4927e+32,302
158,1,0.0500,0.1000,2.0500e+27,0.0000e+00,6.1000e+26,0.0000e+00,1.3789e+32,4.3387e+31,302
158,2,0.1000,0.2000,1.0620e+28,1.0100e+27,2.0700e+27,6.0000e+25,3.8228e+32,9.0200e+31,302
158,3,0.2000,0.3500,2.3310e+28,6.7300e+27,3.9600e+27,6.8000e+26,4.2882e+32,7.9636e+31,302
158,4,0.3500,0.5500,5.6800e+28,4.0370e+28,8.3000e+27,4.1300e+27,6.6030e+32,9.6548e+31,302
158,5,0.5500,1.0100,1.8771e+29,2.8377e+29,3.1480e+28,5.4920e+28,1.3215e+33,1.9924e+32,302
159,0,0.0000,0.0500,1.6700e+27,0.0000e+00,1.0400e+27,0.0000e+00,3.1017e+32,1.6191e+32,304
159,1,0.0500,0.1000,1.8000e+27,2.0000e+25,6.1000e+26,0.0000e+00,1.3587e+32,3.5918e+31,304
159,2,0.1000,0.2000,9.6700e+27,1.0900e+27,2.3400e+27,6.0000e+25,3.6095e+32,9.1767e+31,304
159,3,0.2000,0.3500,2.4260e+28,7.6900e+27,3.8700e+27,7.6000e+26,4.6189e+32,7.8117e+31,304
159,4,0.3500,0.5500,5.7160e+28,4.1960e+28,8.1800e+27,3.9800e+27,6.6820e+32,9.8256e+31,304
159,5,0.5500,1.0100,1.9135e+29,2.9006e+29,3.0250e+28,5.2440e+28,1.3242e+33,2.0045e+32,304
160,0,0.0000,0.0500,1.7700e+27,0.0000e+00,8.8000e+26,0.0000e+00,2.7894e+32,1.6428e+32,304
160,1,0.0500,0.1000,2.3900e+27,2.0000e+25,6.7000e+26,0.0000e+00,1.5769e+32,3.9061e+31,304
160,2,0.1000,0.2000,9.6000e+27,8.6000e+26,2.4400e+27,9.0000e+25,3.5934e+32,9.5487e+31,304
160,3,0.2000,0.3500,2.3910e+28,7.6000e+27,3.8200e+27,6.6000e+26,4.5728e+32,7.4271e+31,304
160,4,0.3500,0.5500,5.3430e+28,3.8310e+28,8.2500e+27,3.8600e+27,6.3152e+32,9.5765e+31,304
160,5,0.5500,1.0100,1.9671e+29,3.0099e+29,2.9790e+28,5.2360e+28,1.3626e+33,2.0164e+32,304
161,0,0.0000,0.0500,1.5300e+27,0.0000e+00,7.9000e+26,0.0000e+00,2.9878e+32,1.5621e+32,305
161,1,0.0500,0.1000,2.2100e+27,2.0000e+25,6.6000e+26,0.0000e+00,1.5084e+32,4.6040e+31,305
161,2,0.1000,0.2000,9.8200e+27,1.1700e+27,2.5800e+27,0.0000e+00,3.6723e+32,9.5307e+31,305
161,3,0.2000,0.3500,2.2430e+28,8.0800e+27,4.2500e+27,7.3000e+26,4.3871e+32,8.4669e+31,305
161,4,0.3500,0.5500,5.1400e+28,3.4160e+28,8.6100e+27,4.6200e+27,5.9378e+32,1.0146e+32,305
161,5,0.5500,1.0100,1.9883e+29,2.9719e+29,3.5160e+28,6.1370e+28,1.3772e+33,2.3244e+32,305
162,0,0.0000,0.0500,1.4200e+27,0.0000e+00,9.4000e+26,0.0000e+00,3.2196e+32,1.5287e+32,307
162,1,0.0500,0.1000,2.0300e+27,4.0000e+25,6.1000e+26,1.0000e+25,1.3135e+32,4.7011e+31,307
162,2,0.1000,0.2000,1.0780e+28,1.0200e+27,2.1300e+27,1.0000e+25,3.7537e+32,9.8132e+31,307
162,3,0.2000,0.3500,2.1360e+28,6.5700e+27,4.8300e+27,7.3000e+26,4.0680e+32,9.0710e+31,307
162,4,0.3500,0.5500,5.3560e+28,3.5900e+28,9.3200e+27,4.9800e+27,6.1282e+32,1.1306e+32,307
162,5,0.5500,1.0100,1.9655e+29,2.9446e+29,3.9040e+28,6.7920e+28,1.3705e+33,2.5544e+32,307
163,0,0.0000,0.0500,1.9100e+27,0.0000e+00,9.2000e+26,0.0000e+00,3.1380e+32,1.6432e+32,307
163,1,0.0500,0.1000,1.9200e+27,0.0000e+00,5.3000e+26,0.0000e+00,1.2294e+32,3.8509e+31,307
163,2,0.1000,0.2000,9.0600e+27,9.7000e+26,2.6600e+27,8.0000e+25,3.4818e+32,9.9335e+31,307
163,3,0.2000,0.3500,2.0920e+28,6.9800e+27,4.3300e+27,6.6000e+26,4.2968e+32,9.0075e+31,307
163,4,0.3500,0.5500,5.2600e+28,3.7810e+28,1.0020e+28,4.8800e+27,6.2369e+32,1.1551e+32,307
163,5,0.5500,1.0100,1.9904e+29,2.9521e+29,3.7810e+28,6.7290e+28,1.3650e+33,2.5390e+32,307
164,0,0.0000,0.0500,1.5900e+27,0.0000e+00,8.0000e+26,0.0000e+00,2.8047e+32,1.6902e+32,307
164,1,0.0500,0.1000,1.9500e+27,4.0000e+25,4.9000e+26,0.0000e+00,1.4362e+32,3.8616e+31,307
164,2,0.1000,0.2000,8.7000e+27,9.2000e+26,2.5000e+27,9.0000e+25,3.4519e+32,1.0439e+32,307
164,3,0.2000,0.3500,2.1990e+28,7.2800e+27,4.4800e+27,6.5000e+26,4.3478e+32,8.4269e+31,307
164,4,0.3500,0.5500,5.2190e+28,3.6080e+28,9.4700e+27,4.1300e+27,6.0244e+32,1.1356e+32,307
164,5,0.5500,1.0100,2.0238e+29,3.0718e+29,3.9850e+28,6.6360e+28,1.3825e+33,2.5587e+32,307
165,0,0.0000,0.0500,1.6500e+27,0.0000e+00,8.5000e+26,0.0000e+00,2.8520e+32,1.6606e+32,309
165,1,0.0500,0.1000,2.1200e+27,3.0000e+25,7.0000e+26,0.0000e+00,1.4627e+32,4.6571e+31,309
165,2,0.1000,0.2000,9.0400e+27,9.5000e+26,2.8000e+27,9.0000e+25,3.4853e+32,1.0426e+32,309
165,3,0.2000,0.3500,2.1710e+28,7.5800e+27,4.7300e+27,6.6000e+26,4.2191e+32,9.3189e+31,309
165,4,0.3500,0.5500,4.8480e+28,3.2550e+28,9.7700e+27,5.0700e+27,5.6850e+32,1.1470e+32,309
165,5,0.5500,1.0100,2.0504e+29,3.0804e+29,4.3220e+28,7.2620e+28,1.4081e+33,2.8095e+32,309
166,0,0.0000,0.0500,1.4300e+27,0.0000e+00,8.3000e+26,0.0000e+00,3.1750e+32,1.5755e+32,309
166,1,0.0500,0.1000,1.8600e+27,2.0000e+25,7.7000e+26,0.0000e+00,1.2723e+32,4.9341e+31,309
166,2,0.1000,0.2000,1.0160e+28,1.1200e+27,2.6900e+27,7.0000e+25,3.5785e+32,1.0841e+32,309
166,3,0.2000,0.3500,1.9390e+28,7.1700e+27,5.1100e+27,8.6000e+26,3.8772e+32,1.0297e+32,309
166,4,0.3500,0.5500,4.7910e+28,3.1900e+28,1.1010e+28,5.8400e+27,5.6392e+32,1.3105e+32,309
166,5,0.5500,1.0100,1.9891e+29,3.0370e+29,5.1290e+28,8.6970e+28,1.3719e+33,3.2706e+32,309
167,0,0.0000,0.0500,1.9200e+27,0.0000e+00,1.0300e+27,0.0000e+00,3.1343e+32,1.6826e+32,310
167,1,0.0500,0.1000,1.7800e+27,3.0000e+25,5.5000e+26,0.0000e+00,1.1582e+32,4.2085e+31,310
167,2,0.1000,0.2000,8.2500e+27,7.3000e+26,2.9800e+27,6.0000e+25,3.3675e+32,1.0967e+32,310
167,3,0.2000,0.3500,2.0470e+28,6.1400e+27,5.2800e+27,7.9000e+26,3.9912e+32,1.0336e+32,310
167,4,0.3500,0.5500,4.9260e+28,3.3610e+28,1.2040e+28,5.8000e+27,5.8240e+32,1.3581e+32,310
167,5,0.5500,1.0100,2.0006e+29,3.0666e+29,4.9050e+28,8.5290e+28,1.3738e+33,3.2508e+32,310
168,0,0.0000,0.0500,1.7800e+27,0.0000e+00,1.0100e+27,0.0000e+00,2.8233e+32,1.7540e+32,310
168,1,0.0500,0.1000,1.5900e+27,0.0000e+00,5.6000e+26,0.0000e+00,1.3147e+32,4.0060e+31,310
168,2,0.1000,0.2000,8.7000e+27,7.9000e+26,2.9900e+27,1.2000e+26,3.3160e+32,1.1489e+32,310
168,3,0.2000,0.3500,2.1280e+28,6.5300e+27,4.8800e+27,6.9000e+26,4.1162e+32,9.6871e+31,310
168,4,0.3500,0.5500,4.9330e+28,3.3310e+28,1.1890e+28,5.2500e+27,5.7127e+32,1.3495e+32,310
168,5,0.5500,1.0100,2.0428e+29,3.0967e+29,4.9290e+28,8.2470e+28,1.3788e+33,3.2697e+32,310
169,0,0.0000,0.0500,1.4500e+27,0.0000e+00,9.0000e+26,0.0000e+00,2.7336e+32,1.7504e+32,311
169,1,0.0500,0.1000,1.9300e+27,4.0000e+25,7.9000e+26,0.0000e+00,1.4138e+32,4.7271e+31,311
169,2,0.1000,0.2000,8.9500e+27,9.2000e+26,3.1300e+27,9.0000e+25,3.3183e+32,1.1494e+32,311
169,3,0.2000,0.3500,2.0910e+28,6.7400e+27,5.1800e+27,7.4000e+26,4.0210e+32,1.0422e+32,311
169,4,0.3500,0.5500,4.4850e+28,3.0260e+28,1.0840e+28,5.3400e+27,5.3835e+32,1.3181e+32,311
169,5,0.5500,1.0100,2.0437e+29,3.1198e+29,5.2210e+28,8.3990e+28,1.4029e+33,3.4266e+32,311
170,0,0.0000,0.0500,1.4800e+27,0.0000e+00,1.0100e+27,0.0000e+00,3.1307e+32,1.6462e+32,311
170,1,0.0500,0.1000,1.6900e+27,5.0000e+25,8.2000e+26,0.0000e+00,1.2300e+32,5.2358e+31,311
170,2,0.1000,0.2000,8.5200e+27,9.6000e+26,3.0600e+27,1.0000e+26,3.4030e+32,1.2040e+32,311
170,3,0.2000,0.3500,1.9030e+28,6.3700e+27,6.0100e+27,8.8000e+26,3.6943e+32,1.1801e+32,311
170,4,0.3500,0.5500,4.4830e+28,2.9350e+28,1.2920e+28,6.5900e+27,5.1910e+32,1.5376e+32,311
170,5,0.5500,1.0100,1.9566e+29,2.9269e+29,6.3750e+28,1.0229e+29,1.3402e+33,4.1527e+32,311
171,0,0.0000,0.0500,1.7200e+27,0.0000e+00,1.0200e+27,0.0000e+00,3.0999e+32,1.7423e+32,312
171,1,0.0500,0.1000,1.4700e+27,6.0000e+25,7.4000e+26,0.0000e+00,1.1028e+32,4.6241e+31,312
171,2,0.1000,0.2000,8.9200e+27,8.8000e+26,3.6400e+27,1.4000e+26,3.2726e+32,1.2178e+32,312
171,3,0.2000,0.3500,1.8570e+28,5.7400e+27,6.1400e+27,5.5000e+26,3.6948e+32,1.1855e+32,312
171,4,0.3500,0.5500,4.5660e+28,3.0370e+28,1.2920e+28,6.5600e+27,5.4144e+32,1.5959e+32,312
171,5,0.5500,1.0100,1.9635e+29,3.0271e+29,6.1420e+28,1.0354e+29,1.3419e+33,4.1137e+32,312
172,0,0.0000,0.0500,1.6200e+27,0.0000e+00,9.7000e+26,0.0000e+00,2.8208e+32,1.8366e+32,312
172,1,0.0500,0.1000,1.7400e+27,1.0000e+25,4.6000e+26,0.0000e+00,1.2231e+32,4.2482e+31,312
172,2,0.1000,0.2000,8.0300e+27,9.2000e+26,2.8200e+27,1.2000e+26,3.1746e+32,1.2720e+32,312
172,3,0.2000,0.3500,1.8650e+28,5.9500e+27,4.9000e+27,7.4000e+26,3.8769e+32,1.1080e+32,312
172,4,0.3500,0.5500,4.3820e+28,2.9730e+28,1.3280e+28,5.6900e+27,5.3497e+32,1.5952e+32,312
172,5,0.5500,1.0100,1.9516e+29,3.0159e+29,6.2490e+28,9.9940e+28,1.3406e+33,4.1249e+32,312
173,0,0.0000,0.0500,1.4300e+27,0.0000e+00,1.0400e+27,0.0000e+00,2.6444e+32,1.8537e+32,313
173,1,0.0500,0.1000,2.0300e+27,1.0000e+25,7.5000e+26,0.0000e+00,1.3664e+32,4.8874e+31,313
173,2,0.1000,0.2000,8.2800e+27,7.4000e+26,3.2500e+27,3.0000e+25,3.1737e+32,1.2815e+32,313
173,3,0.2000,0.3500,1.9030e+28,6.1500e+27,5.9300e+27,7.5000e+26,3.8201e+32,1.1595e+32,313
173,4,0.3500,0.5500,4.2930e+28,2.8000e+28,1.3070e+28,5.7400e+27,5.0615e+32,1.5299e+32,313
173,5,0.5500,1.0100,2.0034e+29,3.0979e+29,6.1710e+28,1.0000e+29,1.3676e+33,4.1865e+32,313
174,0,0.0000,0.0500,1.3700e+27,0.0000e+00,8.2000e+26,0.0000e+00,3.0802e+32,1.7328e+32,313
174,1,0.0500,0.1000,1.7400e+27,0.0000e+00,7.9000e+26,0.0000e+00,1.1999e+32,5.6187e+31,313
174,2,0.1000,0.2000,8.5800e+27,6.9000e+26,3.7700e+27,6.0000e+25,3.2220e+32,1.3486e+32,313
174,3,0.2000,0.3500,1.7920e+28,5.7400e+27,6.5600e+27,9.3000e+26,3.5014e+32,1.3392e+32,313
174,4,0.3500,0.5500,4.0520e+28,2.6400e+28,1.4680e+28,7.2800e+27,4.7697e+32,1.7986e+32,313
174,5,0.5500,1.0100,1.8650e+29,2.8776e+29,8.0590e+28,1.2565e+29,1.2773e+33,5.1866e+32,313
175,0,0.0000,0.0500,1.6600e+27,0.0000e+00,1.0200e+27,0.0000e+00,3.0403e+32,1.8168e+32,313
175,1,0.0500,0.1000,1.5400e+27,0.0000e+00,6.6000e+26,0.0000e+00,1.0625e+32,5.0533e+31,313
175,2,0.1000,0.2000,7.8000e+27,8.8000e+26,3.4800e+27,9.0000e+25,3.1464e+32,1.3584e+32,313
175,3,0.2000,0.3500,1.7300e+28,5.3600e+27,6.6200e+27,9.3000e+26,3.4223e+32,1.3463e+32,313
175,4,0.3500,0.5500,4.1200e+28,2.7430e+28,1.5820e+28,7.0800e+27,4.9912e+32,1.8633e+32,313
175,5,0.5500,1.0100,1.8728e+29,2.9041e+29,7.6680e+28,1.1907e+29,1.2754e+33,5.1013e+32,313
176,0,0.0000,0.0500,1.5300e+27,0.0000e+00,1.2400e+27,0.0000e+00,2.7840e+32,1.9297e+32,313
176,1,0.0500,0.1000,1.7100e+27,2.0000e+25,6.1000e+26,0.0000e+00,1.1568e+32,4.5577e+31,313
176,2,0.1000,0.2000,7.1200e+27,8.3000e+26,3.0600e+27,7.0000e+25,3.0234e+32,1.4075e+32,313
176,3,0.2000,0.3500,1.7410e+28,6.0100e+27,6.0100e+27,8.5000e+26,3.6367e+32,1.2679e+32,313
176,4,0.3500,0.5500,4.2580e+28,2.8650e+28,1.4930e+28,6.8400e+27,4.9581e+32,1.8664e+32,313
176,5,0.5500,1.0100,1.8847e+29,2.9636e+29,7.5980e+28,1.1946e+29,1.2730e+33,5.0900e+32,313
177,0,0.0000,0.0500,1.4800e+27,0.0000e+00,9.5000e+26,0.0000e+00,2.5680e+32,1.9545e+32,314
177,1,0.0500,0.1000,1.8900e+27,0.0000e+00,6.7000e+26,0.0000e+00,1.3225e+32,5.1995e+31,314
177,2,0.1000,0.2000,8.0400e+27,7.6000e+26,3.6700e+27,1.2000e+26,3.0224e+32,1.4278e+32,314
177,3,0.2000,0.3500,1.7930e+28,5.8100e+27,6.4400e+27,8.8000e+26,3.5996e+32,1.3031e+32,314
177,4,0.3500,0.5500,3.9830e+28,2.5870e+28,1.4860e+28,5.8800e+27,4.7299e+32,1.7803e+32,314
177,5,0.5500,1.0100,1.9206e+29,2.9765e+29,7.7390e+28,1.1625e+29,1.3002e+33,5.0944e+32,314
178,0,0.0000,0.0500,1.3800e+27,0.0000e+00,1.3900e+27,0.0000e+00,2.9900e+32,1.8286e+32,313
178,1,0.0500,0.1000,1.7500e+27,1.0000e+25,7.1000e+26,0.0000e+00,1.1852e+32,6.0584e+31,313
178,2,0.1000,0.2000,7.7200e+27,7.4000e+26,3.9700e+27,1.1000e+26,3.0135e+32,1.5020e+32,313
178,3,0.2000,0.3500,1.6810e+28,6.0300e+27,7.5500e+27,1.2100e+27,3.2912e+32,1.5116e+32,313
178,4,0.3500,0.5500,3.6740e+28,2.4980e+28,1.7340e+28,7.9400e+27,4.3548e+32,2.0655e+32,313
178,5,0.5500,1.0100,1.7205e+29,2.6871e+29,9.4830e+28,1.4302e+29,1.1871e+33,6.2422e+32,313
179,0,0.0000,0.0500,1.4900e+27,0.0000e+00,1.2400e+27,0.0000e+00,2.9797e+32,1.9128e+32,314
179,1,0.0500,0.1000,1.6000e+27,1.0000e+25,7.5000e+26,0.0000e+00,1.0388e+32,5.5672e+31,314
179,2,0.1000,0.2000,8.1300e+27,6.7000e+26,3.7500e+27,5.0000e+25,2.9905e+32,1.5194e+32,314
179,3,0.2000,0.3500,1.5860e+28,4.9800e+27,7.0700e+27,9.3000e+26,3.1795e+32,1.5352e+32,314
179,4,0.3500,0.5500,3.8100e+28,2.5460e+28,1.8700e+28,8.3400e+27,4.5853e+32,2.1577e+32,314
179,5,0.5500,1.0100,1.7484e+29,2.7492e+29,9.2940e+28,1.3875e+29,1.1843e+33,6.1900e+32,314
180,0,0.0000,0.0500,1.4900e+27,0.0000e+00,1.1000e+27,0.0000e+00,2.7450e+32,2.0349e+32,313
180,1,0.0500,0.1000,1.4100e+27,0.0000e+00,5.5000e+26,0.0000e+00,1.1035e+32,4.8981e+31,313
180,2,0.1000,0.2000,7.3100e+27,6.2000e+26,4.0500e+27,8.0000e+25,2.8497e+32,1.5659e+32,313
180,3,0.2000,0.3500,1.7030e+28,5.1700e+27,6.7800e+27,8.5000e+26,3.3926e+32,1.4512e+32,313
180,4,0.3500,0.5500,3.8700e+28,2.6340e+28,1.7970e+28,8.0000e+27,4.5534e+32,2.1573e+32,313
180,5,0.5500,1.0100,1.7621e+29,2.8019e+29,9.2210e+28,1.3405e+29,1.1773e+33,6.1316e+32,313
181,0,0.0000,0.0500,1.5000e+27,0.0000e+00,1.0500e+27,0.0000e+00,2.5050e+32,2.0639e+32,314
181,1,0.0500,0.1000,1.9900e+27,0.0000e+00,8.3000e+26,1.0000e+25,1.2882e+32,5.5081e+31,314
181,2,0.1000,0.2000,7.9200e+27,7.2000e+26,3.8200e+27,1.1000e+26,2.8488e+32,1.6054e+32,314
181,3,0.2000,0.3500,1.7020e+28,5.5900e+27,7.3400e+27,1.0900e+27,3.3725e+32,1.4708e+32,314
181,4,0.3500,0.5500,3.7040e+28,2.4820e+28,1.6510e+28,7.4700e+27,4.3650e+32,2.0718e+32,314
181,5,0.5500,1.0100,1.7957e+29,2.9141e+29,9.1790e+28,1.3327e+29,1.2015e+33,6.1186e+32,314
182,0,0.0000,0.0500,1.4700e+27,0.0000e+00,9.6000e+26,0.0000e+00,2.8827e+32,1.9400e+32,313
182,1,0.0500,0.1000,1.8100e+27,4.0000e+25,1.0000e+27,0.0000e+00,1.1817e+32,6.4765e+31,313
182,2,0.1000,0.2000,7.6200e+27,7.4000e+26,4.5700e+27,8.0000e+25,2.8279e+32,1.6602e+32,313
182,3,0.2000,0.3500,1.5910e+28,5.4600e+27,8.1400e+27,1.2200e+27,3.0996e+32,1.6862e+32,313
182,4,0.3500,0.5500,3.3400e+28,2.2310e+28,1.9380e+28,8.2400e+27,3.9931e+32,2.3340e+32,313
182,5,0.5500,1.0100,1.5929e+29,2.5513e+29,1.0921e+29,1.6280e+29,1.0892e+33,7.2342e+32,313
183,0,0.0000,0.0500,1.6200e+27,0.0000e+00,1.0000e+27,0.0000e+00,2.9034e+32,2.0033e+32,313
183,1,0.0500,0.1000,1.6700e+27,1.0000e+25,7.5000e+26,0.0000e+00,1.0176e+32,6.0730e+31,313
183,2,0.1000,0.2000,7.4000e+27,8.6000e+26,4.1800e+27,6.0000e+25,2.8285e+32,1.6805e+32,313
183,3,0.2000,0.3500,1.5010e+28,4.8400e+27,8.7700e+27,1.2200e+27,2.9556e+32,1.7200e+32,313
183,4,0.3500,0.5500,3.4230e+28,2.3560e+28,2.0160e+28,8.9800e+27,4.1785e+32,2.4542e+32,313
183,5,0.5500,1.0100,1.5968e+29,2.6282e+29,1.1174e+29,1.6541e+29,1.0738e+33,7.2376e+32,313
184,0,0.0000,0.0500,1.6100e+27,0.0000e+00,1.2900e+27,0.0000e+00,2.7163e+32,2.1506e+32,314
184,1,0.0500,0.1000,1.7500e+27,0.0000e+00,9.0000e+26,0.0000e+00,1.0678e+32,5.3372e+31,314
184,2,0.1000,0.2000,6.9100e+27,7.8000e+26,4.2600e+27,9.0000e+25,2.7082e+32,1.7329e+32,314
184,3,0.2000,0.3500,1.6250e+28,5.0000e+27,8.5500e+27,9.7000e+26,3.1746e+32,1.6507e+32,314
184,4,0.3500,0.5500,3.5750e+28,2.4810e+28,2.0940e+28,8.7400e+27,4.2043e+32,2.4729e+32,314
184,5,0.5500,1.0100,1.5871e+29,2.6489e+29,1.0784e+29,1.5997e+29,1.0742e+33,7.2056e+32,314
185,0,0.0000,0.0500,1.2700e+27,0.0000e+00,1.1300e+27,0.0000e+00,2.4318e+32,2.1630e+32,312
185,1,0.0500,0.1000,1.8400e+27,4.0000e+25,7.9000e+26,0.0000e+00,1.2549e+32,5.9155e+31,312
185,2,0.1000,0.2000,6.9100e+27,7.8000e+26,4.6100e+27,1.5000e+26,2.6873e+32,1.7776e+32,312
185,3,0.2000,0.3500,1.5800e+28,5.2200e+27,8.2000e+27,1.2400e+27,3.1399e+32,1.6339e+32,312
185,4,0.3500,0.5500,3.4340e+28,2.3620e+28,1.9810e+28,8.8800e+27,4.0148e+32,2.3594e+32,312
185,5,0.5500,1.0100,1.6093e+29,2.6499e+29,1.0752e+29,1.5340e+29,1.0835e+33,7.1127e+32,312
186,0,0.0000,0.0500,1.1000e+27,0.0000e+00,1.1700e+27,0.0000e+00,2.7861e+32,2.0503e+32,313
186,1,0.0500,0.1000,1.6800e+27,4.0000e+25,9.1000e+26,1.0000e+25,1.1920e+32,6.9890e+31,313
186,2,0.1000,0.2000,7.0900e+27,6.7000e+26,4.5600e+27,8.0000e+25,2.6867e+32,1.8120e+32,313
186,3,0.2000,0.3500,1.4620e+28,5.5200e+27,9.2500e+27,1.1800e+27,2.9266e+32,1.8581e+32,313
186,4,0.3500,0.5500,3.0620e+28,2.2280e+28,2.1780e+28,9.4100e+27,3.6891e+32,2.5908e+32,313
186,5,0.5500,1.0100,1.4629e+29,2.4361e+29,1.2299e+29,1.8077e+29,9.8928e+32,8.1516e+32,313
187,0,0.0000,0.0500,1.3300e+27,0.0000e+00,1.3300e+27,0.0000e+00,2.8499e+32,2.0864e+32,312
187,1,0.0500,0.1000,1.3400e+27,5.0000e+25,1.0000e+27,0.0000e+00,1.0074e+32,6.7039e+31,312
187,2,0.1000,0.2000,7.2900e+27,8.0000e+26,4.5500e+27,1.3000e+26,2.7066e+32,1.8296e+32,312
187,3,0.2000,0.3500,1.3940e+28,4.6200e+27,9.4400e+27,1.3500e+27,2.7562e+32,1.9016e+32,312
187,4,0.3500,0.5500,3.2140e+28,2.3140e+28,2.3690e+28,1.1170e+28,3.8213e+32,2.7483e+32,312
187,5,0.5500,1.0100,1.4247e+29,2.3642e+29,1.2495e+29,1.7993e+29,9.5944e+32,8.2089e+32,312
188,0,0.0000,0.0500,1.7000e+27,0.0000e+00,1.2900e+27,0.0000e+00,2.6880e+32,2.2430e+32,312
188,1,0.0500,0.1000,1.5200e+27,2.0000e+25,7.6000e+26,0.0000e+00,1.0213e+32,5.8148e+31,312
188,2,0.1000,0.2000,6.6400e+27,8.1000e+26,4.6500e+27,2.1000e+26,2.5645e+32,1.8655e+32,312
188,3,0.2000,0.3500,1.4570e+28,4.9200e+27,9.2300e+27,1.1600e+27,2.9658e+32,1.8396e+32,312
188,4,0.3500,0.5500,3.1660e+28,2.2080e+28,2.2870e+28,9.9300e+27,3.8626e+32,2.7776e+32,312
188,5,0.5500,1.0100,1.4316e+29,2.4067e+29,1.2490e+29,1.7317e+29,9.5580e+32,8.1098e+32,312
189,0,0.0000,0.0500,1.3000e+27,0.0000e+00,1.4000e+27,0.0000e+00,2.3897e+32,2.2675e+32,311
189,1,0.0500,0.1000,1.5600e+27,1.0000e+25,1.0100e+27,0.0000e+00,1.2322e+32,6.3713e+31,311
189,2,0.1000,0.2000,6.8200e+27,8.7000e+26,4.5100e+27,7.0000e+25,2.5537e+32,1.9435e+32,311
189,3,0.2000,0.3500,1.5340e+28,5.0800e+27,9.5000e+27,1.2500e+27,2.9484e+32,1.7964e+32,311
189,4,0.3500,0.5500,3.2090e+28,2.1720e+28,2.3070e+28,1.0100e+28,3.7149e+32,2.6744e+32,311
189,5,0.5500,1.0100,1.4486e+29,2.4459e+29,1.1936e+29,1.6931e+29,9.6714e+32,8.0144e+32,311
190,0,0.0000,0.0500,1.3500e+27,0.0000e+00,1.2300e+27,0.0000e+00,2.6832e+32,2.1515e+32,311
190,1,0.0500,0.1000,1.8000e+27,3.0000e+25,1.0100e+27,0.0000e+00,1.1962e+32,7.5094e+31,311
190,2,0.1000,0.2000,6.5100e+27,6.4000e+26,5.0100e+27,1.0000e+26,2.5529e+32,1.9444e+32,311
190,3,0.2000,0.3500,1.3940e+28,4.9400e+27,1.0620e+28,1.2700e+27,2.7720e+32,2.0105e+32,311
190,4,0.3500,0.5500,2.8370e+28,2.0400e+28,2.4660e+28,1.0550e+28,3.4024e+32,2.8302e+32,311
190,5,0.5500,1.0100,1.3278e+29,2.2780e+29,1.3275e+29,1.8699e+29,8.9060e+32,8.8058e+32,311
191,0,0.0000,0.0500,1.3700e+27,0.0000e+00,1.2600e+27,0.0000e+00,2.8202e+32,2.1501e+32,310
191,1,0.0500,0.1000,1.5100e+27,3.0000e+25,1.1900e+27,1.0000e+25,9.9782e+31,7.4797e+31,310
191,2,0.1000,0.2000,6.5200e+27,7.4000e+26,4.7700e+27,1.4000e+26,2.6069e+32,1.9621e+32,310
191,3,0.2000,0.3500,1.2830e+28,4.8200e+27,1.0220e+28,1.6000e+27,2.5787e+32,2.0814e+32,310
191,4,0.3500,0.5500,2.9250e+28,2.1030e+28,2.5670e+28,1.0890e+28,3.4860e+32,3.0292e+32,310
191,5,0.5500,1.0100,1.2611e+29,2.1729e+29,1.3469e+29,1.9486e+29,8.4776e+32,8.9519e+32,310
192,0,0.0000,0.0500,1.6400e+27,0.0000e+00,1.4700e+27,0.0000e+00,2.6998e+32,2.3226e+32,310
192,1,0.0500,0.1000,1.3200e+27,1.0000e+25,8.9000e+26,0.0000e+00,9.7690e+31,6.3922e+31,310
192,2,0.1000,0.2000,6.7000e+27,6.5000e+26,5.2100e+27,8.0000e+25,2.4576e+32,1.9921e+32,310
192,3,0.2000,0.3500,1.3830e+28,4.6900e+27,1.0760e+28,1.5000e+27,2.7772e+32,2.0399e+32,310
192,4,0.3500,0.5500,3.0180e+28,2.1750e+28,2.5530e+28,1.0930e+28,3.5507e+32,3.0781e+32,310
192,5,0.5500,1.0100,1.2540e+29,2.2161e+29,1.3409e+29,1.9327e+29,8.4494e+32,8.8103e+32,310
193,0,0.0000,0.0500,1.1700e+27,0.0000e+00,1.1900e+27,0.0000e+00,2.3668e+32,2.3602e+32,309
193,1,0.0500,0.1000,1.8900e+27,1.0000e+25,9.8000e+26,0.0000e+00,1.2181e+32,6.8346e+31,309
193,2,0.1000,0.2000,6.6600e+27,7.4000e+26,5.4500e+27,1.8000e+26,2.4364e+32,2.0950e+32,309
193,3,0.2000,0.3500,1.4070e+28,5.0400e+27,1.0340e+28,1.4800e+27,2.7897e+32,1.9498e+32,309
193,4,0.3500,0.5500,2.8960e+28,2.1930e+28,2.4780e+28,1.0430e+28,3.4349e+32,2.9829e+32,309
193,5,0.5500,1.0100,1.2869e+29,2.2516e+29,1.3165e+29,1.8417e+29,8.5394e+32,8.7008e+32,309
194,0,0.0000,0.0500,1.1800e+27,0.0000e+00,1.3400e+27,0.0000e+00,2.5564e+32,2.2631e+32,309
194,1,0.0500,0.1000,1.5900e+27,1.0000e+25,1.3000e+27,0.0000e+00,1.2132e+32,8.0447e+31,309
194,2,0.1000,0.2000,6.9100e+27,7.8000e+26,5.3300e+27,1.0000e+26,2.4530e+32,2.0822e+32,309
194,3,0.2000,0.3500,1.3440e+28,5.1800e+27,1.1960e+28,1.4100e+27,2.6626e+32,2.1609e+32,309
194,4,0.3500,0.5500,2.6770e+28,1.9830e+28,2.4940e+28,1.1620e+28,3.1765e+32,3.0172e+32,309
194,5,0.5500,1.0100,1.2180e+29,2.1475e+29,1.3938e+29,1.9797e+29,8.0467e+32,9.2196e+32,309
195,0,0.0000,0.0500,1.1500e+27,0.0000e+00,1.2700e+27,0.0000e+00,2.7895e+32,2.2106e+32,308
195,1,0.0500,0.1000,1.4100e+27,2.0000e+25,1.2700e+27,0.0000e+00,1.0339e+32,8.3292e+31,308
195,2,0.1000,0.2000,6.9000e+27,7.3000e+26,5.2200e+27,2.0000e+26,2.5205e+32,2.0885e+32,308
195,3,0.2000,0.3500,1.2510e+28,4.4200e+27,1.1790e+28,1.6700e+27,2.4352e+32,2.2647e+32,308
195,4,0.3500,0.5500,2.7540e+28,1.9450e+28,2.8470e+28,1.2430e+28,3.1895e+32,3.2672e+32,308
195,5,0.5500,1.0100,1.1124e+29,1.9910e+29,1.4452e+29,2.0750e+29,7.4708e+32,9.5049e+32,308
196,0,0.0000,0.0500,1.5300e+27,0.0000e+00,1.2800e+27,0.0000e+00,2.7078e+32,2.3820e+32,307
196,1,0.0500,0.1000,1.4100e+27,3.0000e+25,1.0100e+27,0.0000e+00,9.4902e+31,7.1177e+31,307
196,2,0.1000,0.2000,6.3200e+27,8.4000e+26,5.6400e+27,1.3000e+26,2.3735e+32,2.1050e+32,307
196,3,0.2000,0.3500,1.3720e+28,4.6700e+27,1.2110e+28,1.7800e+27,2.6019e+32,2.2450e+32,307
196,4,0.3500,0.5500,2.7740e+28,2.2840e+28,2.9530e+28,1.2140e+28,3.2677e+32,3.3536e+32,307
196,5,0.5500,1.0100,1.1314e+29,2.0465e+29,1.4041e+29,2.0025e+29,7.4441e+32,9.2502e+32,307
197,0,0.0000,0.0500,1.3000e+27,0.0000e+00,1.1800e+27,0.0000e+00,2.3657e+32,2.4507e+32,306
197,1,0.0500,0.1000,1.6900e+27,2.0000e+25,1.1000e+27,1.0000e+25,1.1739e+32,7.2883e+31,306
197,2,0.1000,0.2000,6.1200e+27,7.1000e+26,5.8600e+27,1.2000e+26,2.3576e+32,2.2244e+32,306
197,3,0.2000,0.3500,1.3860e+28,4.4600e+27,1.0950e+28,1.5200e+27,2.6531e+32,2.1085e+32,306
197,4,0.3500,0.5500,2.7140e+28,2.1250e+28,2.7830e+28,1.1360e+28,3.1987e+32,3.2825e+32,306
197,5,0.5500,1.0100,1.1328e+29,2.0756e+29,1.3873e+29,1.9242e+29,7.4979e+32,9.1334e+32,306
198,0,0.0000,0.0500,1.2300e+27,0.0000e+00,1.3000e+27,0.0000e+00,2.3927e+32,2.3883e+32,305
198,1,0.0500,0.1000,1.6300e+27,3.0000e+25,1.2700e+27,1.0000e+25,1.2271e+32,8.6705e+31,305
198,2,0.1000,0.2000,6.8500e+27,9.3000e+26,6.0500e+27,5.0000e+25,2.3498e+32,2.1933e+32,305
198,3,0.2000,0.3500,1.3780e+28,4.9000e+27,1.2430e+28,1.6200e+27,2.5785e+32,2.2810e+32,305
198,4,0.3500,0.5500,2.6060e+28,2.0200e+28,2.7290e+28,1.2110e+28,3.0033e+32,3.1820e+32,305
198,5,0.5500,1.0100,1.0974e+29,2.0293e+29,1.3961e+29,2.0226e+29,7.3176e+32,9.2937e+32,305
199,0,0.0000,0.0500,1.3500e+27,0.0000e+00,1.3500e+27,0.0000e+00,2.7961e+32,2.2493e+32,305
199,1,0.0500,0.1000,1.5000e+27,1.0000e+25,1.3800e+27,0.0000e+00,1.0879e+32,9.3686e+31,305
199,2,0.1000,0.2000,7.4100e+27,8.1000e+26,5.8100e+27,1.3000e+26,2.4278e+32,2.1971e+32,305
199,3,0.2000,0.3500,1.2150e+28,4.4900e+27,1.2280e+28,1.7500e+27,2.3536e+32,2.4395e+32,305
199,4,0.3500,0.5500,2.4500e+28,1.8930e+28,3.0640e+28,1.3520e+28,2.8980e+32,3.4737e+32,305
199,5,0.5500,1.0100,1.0010e+29,1.8362e+29,1.4797e+29,2.1574e+29,6.5907e+32,9.8071e+32,305
200,0,0.0000,0.0500,1.2900e+27,0.0000e+00,1.4200e+27,0.0000e+00,2.7371e+32,2.3968e+32,303
200,1,0.0500,0.1000,1.5400e+27,2.0000e+25,1.0400e+27,0.0000e+00,9.5336e+31,8.2313e+31,303
200,2,0.1000,0.2000,6.6000e+27,6.6000e+26,5.5300e+27,1.4000e+26,2.3184e+32,2.1959e+32,303
200,3,0.2000,0.3500,1.2200e+28,4.8800e+27,1.2480e+28,2.0000e+27,2.4230e+32,2.4392e+32,303
200,4,0.3500,0.5500,2.5070e+28,1.9930e+28,3.0770e+28,1.3990e+28,3.0140e+32,3.6004e+32,303
200,5,0.5500,1.0100,1.0009e+29,1.8169e+29,1.4362e+29,2.0431e+29,6.5627e+32,9.4375e+32,303
201,0,0.0000,0.0500,1.4500e+27,0.0000e+00,1.4200e+27,0.0000e+00,2.4427e+32,2.5332e+32,303
201,1,0.0500,0.1000,1.5800e+27,1.0000e+25,1.1600e+27,0.0000e+00,1.1072e+32,7.9274e+31,303
201,2,0.1000,0.2000,6.2600e+27,7.1000e+26,6.4800e+27,1.4000e+26,2.2845e+32,2.3114e+32,303
201,3,0.2000,0.3500,1.3560e+28,5.0000e+27,1.1280e+28,1.7600e+27,2.5522e+32,2.2775e+32,303
201,4,0.3500,0.5500,2.6680e+28,2.0170e+28,3.0670e+28,1.3420e+28,3.0110e+32,3.5841e+32,303
201,5,0.5500,1.0100,9.9490e+28,1.8937e+29,1.4199e+29,2.0280e+29,6.5815e+32,9.3302e+32,303
202,0,0.0000,0.0500,1.3800e+27,0.0000e+00,1.2900e+27,0.0000e+00,2.2003e+32,2.5521e+32,301
202,1,0.0500,0.1000,1.8000e+27,2.0000e+25,1.4900e+27,0.0000e+00,1.2629e+32,8.9183e+31,301
202,2,0.1000,0.2000,6.0100e+27,7.1000e+26,6.1400e+27,1.0000e+26,2.2688e+32,2.3323e+32,301
202,3,0.2000,0.3500,1.3000e+28,4.9300e+27,1.2420e+28,2.2000e+27,2.5249e+32,2.3670e+32,301
202,4,0.3500,0.5500,2.5020e+28,1.8750e+28,2.9410e+28,1.1560e+28,2.8738e+32,3.3621e+32,301
202,5,0.5500,1.0100,1.0274e+29,1.8974e+29,1.3912e+29,1.9428e+29,6.6887e+32,9.1312e+32,301
203,0,0.0000,0.0500,1.4400e+27,0.0000e+00,1.3800e+27,0.0000e+00,2.7855e+32,2.2718e+32,301
203,1,0.0500,0.1000,1.9800e+27,2.0000e+25,1.3900e+27,0.0000e+00,1.1693e+32,1.0449e+32,301
203,2,0.1000,0.2000,6.7400e+27,9.0000e+26,6.0700e+27,1.0000e+26,2.3047e+32,2.2943e+32,301
203,3,0.2000,0.3500,1.2650e+28,5.0600e+27,1.3270e+28,1.9700e+27,2.3297e+32,2.5966e+32,301
203,4,0.3500,0.5500,2.2940e+28,1.8590e+28,3.1570e+28,1.4140e+28,2.6493e+32,3.5999e+32,301
203,5,0.5500,1.0100,8.9030e+28,1.6713e+29,1.5199e+29,2.1681e+29,5.8462e+32,9.8206e+32,301
204,0,0.0000,0.0500,1.5100e+27,0.0000e+00,1.4700e+27,0.0000e+00,2.7540e+32,2.3652e+32,299
204,1,0.0500,0.1000,1.4900e+27,1.0000e+25,1.3200e+27,0.0000e+00,9.9743e+31,9.7315e+31,299
204,2,0.1000,0.2000,6.6200e+27,7.4000e+26,6.1700e+27,1.7000e+26,2.3401e+32,2.2958e+32,299
204,3,0.2000,0.3500,1.1950e+28,4.1900e+27,1.4030e+28,2.2100e+27,2.2338e+32,2.6159e+32,299
204,4,0.3500,0.5500,2.3620e+28,1.9770e+28,3.3750e+28,1.5070e+28,2.8036e+32,3.7861e+32,299
204,5,0.5500,1.0100,8.8030e+28,1.6441e+29,1.4491e+29,2.0706e+29,5.7910e+32,9.4357e+32,299
205,0,0.0000,0.0500,1.4200e+27,0.0000e+00,1.6000e+27,0.0000e+00,2.5952e+32,2.5850e+32,299
205,1,0.0500,0.1000,1.4100e+27,0.0000e+00,1.3000e+27,0.0000e+00,1.0051e+32,8.5889e+31,299
205,2,0.1000,0.2000,5.7100e+27,7.5000e+26,6.0500e+27,1.7000e+26,2.2380e+32,2.3319e+32,299
205,3,0.2000,0.3500,1.2270e+28,4.5900e+27,1.3160e+28,1.9000e+27,2.4353e+32,2.5517e+32,299
205,4,0.3500,0.5500,2.5040e+28,1.9700e+28,3.3650e+28,1.5190e+28,2.8392e+32,3.8261e+32,299
205,5,0.5500,1.0100,8.9970e+28,1.7117e+29,1.4330e+29,2.0355e+29,5.7747e+32,9.2528e+32,299
206,0,0.0000,0.0500,1.3400e+27,0.0000e+00,1.2600e+27,0.0000e+00,2.2512e+32,2.6121e+32,297
206,1,0.0500,0.1000,1.8200e+27,2.0000e+25,1.2500e+27,1.0000e+25,1.2528e+32,9.3565e+31,297
206,2,0.1000,0.2000,6.3500e+27,9.3000e+26,7.0200e+27,1.8000e+26,2.2251e+32,2.4717e+32,297
206,3,0.2000,0.3500,1.2630e+28,5.0400e+27,1.3340e+28,2.0600e+27,2.4238e+32,2.4386e+32,297
206,4,0.3500,0.5500,2.3900e+28,1.8680e+28,3.2470e+28,1.4100e+28,2.7326e+32,3.6813e+32,297
206,5,0.5500,1.0100,9.1160e+28,1.7329e+29,1.4062e+29,1.9566e+29,5.8575e+32,9.0682e+32,297
207,0,0.0000,0.0500,1.1800e+27,0.0000e+00,1.3100e+27,0.0000e+00,2.4814e+32,2.4545e+32,296
207,1,0.0500,0.1000,1.8000e+27,1.0000e+25,1.4800e+27,0.0000e+00,1.2512e+32,1.0993e+32,296
207,2,0.1000,0.2000,5.9900e+27,9.6000e+26,6.6000e+27,3.4000e+26,2.2486e+32,2.3947e+32,296
207,3,0.2000,0.3500,1.2900e+28,5.1000e+27,1.4800e+28,2.4100e+27,2.3350e+32,2.6837e+32,296
207,4,0.3500,0.5500,2.2450e+28,1.8630e+28,3.2520e+28,1.3910e+28,2.5470e+32,3.6135e+32,296
207,5,0.5500,1.0100,8.6400e+28,1.6435e+29,1.4214e+29,2.0062e+29,5.5457e+32,9.2631e+32,296
208,0,0.0000,0.0500,1.2500e+27,0.0000e+00,1.2900e+27,0.0000e+00,2.7995e+32,2.3415e+32,295
208,1,0.0500,0.1000,1.4600e+27,1.0000e+25,1.7600e+27,0.0000e+00,1.0847e+32,1.1509e+32,295
208,2,0.1000,0.2000,6.7100e+27,9.1000e+26,6.6600e+27,2.3000e+26,2.3457e+32,2.3656e+32,295
208,3,0.2000,0.3500,1.1680e+28,4.9500e+27,1.4800e+28,2.1100e+27,2.1402e+32,2.7858e+32,295
208,4,0.3500,0.5500,2.2800e+28,1.8990e+28,3.4010e+28,1.5880e+28,2.5669e+32,3.8573e+32,295
208,5,0.5500,1.0100,7.9730e+28,1.5769e+29,1.4648e+29,2.1225e+29,5.1412e+32,9.3153e+32,295
209,0,0.0000,0.0500,1.6300e+27,0.0000e+00,1.5500e+27,0.0000e+00,2.7337e+32,2.5547e+32,293
209,1,0.0500,0.1000,1.5800e+27,3.0000e+25,1.3700e+27,0.0000e+00,9.6651e+31,9.7883e+31,293
209,2,0.1000,0.2000,6.0800e+27,9.1000e+26,7.1900e+27,2.6000e+26,2.2180e+32,2.3712e+32,293
209,3,0.2000,0.3500,1.2350e+28,5.0100e+27,1.5220e+28,2.1300e+27,2.2706e+32,2.7900e+32,293
209,4,0.3500,0.5500,2.3290e+28,2.0150e+28,3.6330e+28,1.7590e+28,2.6488e+32,4.0119e+32,293
209,5,0.5500,1.0100,8.0180e+28,1.6045e+29,1.3996e+29,2.0223e+29,5.1162e+32,8.9082e+32,293
210,0,0.0000,0.0500,1.5000e+27,0.0000e+00,1.5000e+27,0.0000e+00,2.4112e+32,2.6979e+32,293
210,1,0.0500,0.1000,1.6800e+27,2.0000e+25,1.3600e+27,1.0000e+25,1.1491e+32,9.6685e+31,293
210,2,0.1000,0.2000,5.9200e+27,7.6000e+26,6.8500e+27,1.4000e+26,2.2229e+32,2.5140e+32,293
210,3,0.2000,0.3500,1.2610e+28,5.2000e+27,1.4160e+28,1.7300e+27,2.3637e+32,2.5967e+32,293
210,4,0.3500,0.5500,2.3240e+28,2.0400e+28,3.4410e+28,1.4880e+28,2.6475e+32,3.9698e+32,293
210,5,0.5500,1.0100,7.9610e+28,1.6411e+29,1.3615e+29,2.0121e+29,5.1393e+32,8.8120e+32,293
211,0,0.0000,0.0500,1.3700e+27,0.0000e+00,1.2200e+27,0.0000e+00,2.1572e+32,2.7117e+32,290
211,1,0.0500,0.1000,1.7700e+27,4.0000e+25,1.7600e+27,1.0000e+25,1.3061e+32,1.0924e+32,290
211,2,0.1000,0.2000,6.3800e+27,8.8000e+26,7.2200e+27,2.4000e+26,2.1954e+32,2.5235e+32,290
211,3,0.2000,0.3500,1.2600e+28,5.4000e+27,1.5780e+28,2.4500e+27,2.3405e+32,2.6951e+32,290
211,4,0.3500,0.5500,2.2490e+28,1.8890e+28,3.2980e+28,1.4460e+28,2.5197e+32,3.6903e+32,290
211,5,0.5500,1.0100,8.1220e+28,1.6361e+29,1.3185e+29,1.9217e+29,5.2222e+32,8.5696e+32,290
212,0,0.0000,0.0500,1.0800e+27,0.0000e+00,1.5100e+27,0.0000e+00,2.7716e+32,2.3709e+32,290
212,1,0.0500,0.1000,1.8500e+27,2.0000e+25,1.9000e+27,1.0000e+25,1.2562e+32,1.2767e+32,290
212,2,0.1000,0.2000,6.5300e+27,6.7000e+26,6.7100e+27,1.8000e+26,2.2334e+32,2.4306e+32,290
212,3,0.2000,0.3500,1.2040e+28,5.3200e+27,1.6480e+28,2.6400e+27,2.1921e+32,2.9308e+32,290
212,4,0.3500,0.5500,2.1600e+28,1.8330e+28,3.4210e+28,1.5870e+28,2.3491e+32,3.8335e+32,290
212,5,0.5500,1.0100,7.3950e+28,1.4689e+29,1.3835e+29,2.0773e+29,4.6801e+32,8.9405e+32,290
213,0,0.0000,0.0500,1.5500e+27,0.0000e+00,1.4700e+27,0.0000e+00,2.8083e+32,2.4220e+32,288
213,1,0.0500,0.1000,1.9300e+27,5.0000e+25,1.7700e+27,0.0000e+00,1.0506e+32,1.2290e+32,288
213,2,0.1000,0.2000,6.8200e+27,8.1000e+26,6.7200e+27,2.3000e+26,2.3319e+32,2.4315e+32,288
213,3,0.2000,0.3500,1.1120e+28,5.0300e+27,1.6740e+28,2.3500e+27,2.0758e+32,2.9507e+32,288
213,4,0.3500,0.5500,2.2530e+28,1.9890e+28,3.7680e+28,1.7610e+28,2.4759e+32,4.0331e+32,288
213,5,0.5500,1.0100,7.0680e+28,1.5035e+29,1.3622e+29,2.0219e+29,4.5812e+32,8.5862e+32,288
214,0,0.0000,0.0500,1.4300e+27,0.0000e+00,1.5400e+27,0.0000e+00,2.7128e+32,2.7028e+32,287
214,1,0.0500,0.1000,1.5100e+27,3.0000e+25,1.5000e+27,0.0000e+00,9.8679e+31,1.0368e+32,287
214,2,0.1000,0.2000,6.3300e+27,8.0000e+26,7.2500e+27,2.7000e+26,2.2021e+32,2.4484e+32,287
214,3,0.2000,0.3500,1.2720e+28,4.9300e+27,1.6050e+28,2.1900e+27,2.2737e+32,2.9228e+32,287
214,4,0.3500,0.5500,2.3310e+28,2.0000e+28,3.8020e+28,1.7110e+28,2.5182e+32,4.1239e+32,287
214,5,0.5500,1.0100,7.2200e+28,1.5213e+29,1.3169e+29,1.9604e+29,4.5610e+32,8.2899e+32,287
215,0,0.0000,0.0500,1.1000e+27,0.0000e+00,1.5000e+27,0.0000e+00,2.3128e+32,2.7797e+32,286
215,1,0.0500,0.1000,1.9700e+27,2.0000e+25,1.8200e+27,0.0000e+00,1.2657e+32,1.0850e+32,286
215,2,0.1000,0.2000,6.2800e+27,8.2000e+26,7.6800e+27,2.9000e+26,2.2067e+32,2.6384e+32,286
215,3,0.2000,0.3500,1.2780e+28,5.5200e+27,1.4520e+28,2.1300e+27,2.3133e+32,2.7017e+32,286
215,4,0.3500,0.5500,2.1970e+28,2.0450e+28,3.7320e+28,1.6160e+28,2.4734e+32,4.0356e+32,286
215,5,0.5500,1.0100,7.3650e+28,1.5286e+29,1.2676e+29,1.9120e+29,4.6075e+32,8.1444e+32,286
216,0,0.0000,0.0500,1.2900e+27,0.0000e+00,1.2200e+27,0.0000e+00,2.1636e+32,2.7774e+32,284
216,1,0.0500,0.1000,2.3100e+27,2.0000e+25,1.9200e+27,3.0000e+25,1.3674e+32,1.2708e+32,284
216,2,0.1000,0.2000,6.5500e+27,9.7000e+26,7.4600e+27,1.9000e+26,2.1965e+32,2.5606e+32,284
216,3,0.2000,0.3500,1.2350e+28,5.1300e+27,1.6600e+28,2.7500e+27,2.2920e+32,2.8880e+32,284
216,4,0.3500,0.5500,2.1870e+28,2.0140e+28,3.4560e+28,1.5130e+28,2.3649e+32,3.7582e+32,284
216,5,0.5500,1.0100,7.4320e+28,1.5620e+29,1.2508e+29,1.8180e+29,4.6569e+32,7.9453e+32,284
217,0,0.0000,0.0500,1.4600e+27,0.0000e+00,1.3700e+27,0.0000e+00,2.9125e+32,2.3333e+32,282
217,1,0.0500,0.1000,1.9400e+27,5.0000e+25,2.2300e+27,0.0000e+00,1.2624e+32,1.4196e+32,282
217,2,0.1000,0.2000,7.0400e+27,9.7000e+26,7.0200e+27,2.7000e+26,2.2475e+32,2.4636e+32,282
217,3,0.2000,0.3500,1.2350e+28,5.2600e+27,1.7560e+28,2.8300e+27,2.1206e+32,3.0717e+32,282
217,4,0.3500,0.5500,2.0950e+28,1.7770e+28,3.6900e+28,1.7020e+28,2.2170e+32,3.9004e+32,282
217,5,0.5500,1.0100,6.6500e+28,1.4197e+29,1.2890e+29,1.9677e+29,4.1247e+32,8.1907e+32,282
218,0,0.0000,0.0500,1.4800e+27,0.0000e+00,1.7000e+27,0.0000e+00,2.8494e+32,2.4783e+32,281
218,1,0.0500,0.1000,1.8400e+27,5.0000e+25,2.1800e+27,0.0000e+00,1.0721e+32,1.3325e+32,281
218,2,0.1000,0.2000,7.3000e+27,1.0500e+27,6.9400e+27,1.9000e+26,2.3412e+32,2.4877e+32,281
218,3,0.2000,0.3500,1.0960e+28,4.7200e+27,1.6600e+28,2.5800e+27,2.0475e+32,3.0777e+32,281
218,4,0.3500,0.5500,2.2760e+28,2.0080e+28,3.8310e+28,1.7970e+28,2.3749e+32,4.1074e+32,281
218,5,0.5500,1.0100,6.6030e+28,1.4142e+29,1.2283e+29,1.9020e+29,4.1335e+32,7.7586e+32,281
219,0,0.0000,0.0500,1.7800e+27,0.0000e+00,1.8200e+27,0.0000e+00,2.7404e+32,2.7999e+32,280
219,1,0.0500,0.1000,1.6500e+27,1.0000e+25,1.9700e+27,0.0000e+00,1.0206e+32,1.1163e+32,280
219,2,0.1000,0.2000,6.6400e+27,9.2000e+26,7.0300e+27,2.4000e+26,2.2153e+32,2.4990e+32,280
219,3,0.2000,0.3500,1.2820e+28,5.3500e+27,1.6730e+28,2.4100e+27,2.2571e+32,3.0394e+32,280
219,4,0.3500,0.5500,2.3120e+28,2.0470e+28,3.9260e+28,1.8690e+28,2.4073e+32,4.1549e+32,280
219,5,0.5500,1.0100,6.5880e+28,1.4605e+29,1.2054e+29,1.8129e+29,4.1048e+32,7.4906e+32,280
220,0,0.0000,0.0500,1.3000e+27,0.0000e+00,1.5800e+27,0.0000e+00,2.3103e+32,2.8543e+32,278
220,1,0.0500,0.1000,2.0700e+27,4.0000e+25,1.8600e+27,1.0000e+25,1.3212e+32,1.1790e+32,278
220,2,0.1000,0.2000,6.8100e+27,9.5000e+26,8.0200e+27,2.7000e+26,2.2175e+32,2.7031e+32,278
220,3,0.2000,0.3500,1.3060e+28,5.1200e+27,1.5380e+28,2.2700e+27,2.2786e+32,2.7859e+32,278
220,4,0.3500,0.5500,2.2380e+28,2.0410e+28,3.7380e+28,1.7190e+28,2.3533e+32,4.0433e+32,278
220,5,0.5500,1.0100,6.6970e+28,1.4757e+29,1.1754e+29,1.8007e+29,4.1366e+32,7.3288e+32,278
221,0,0.0000,0.0500,1.4400e+27,1.0000e+25,1.6200e+27,0.0000e+00,2.1075e+32,2.8840e+32,276
221,1,0.0500,0.1000,2.4700e+27,4.0000e+25,2.0100e+27,0.0000e+00,1.4239e+32,1.3853e+32,276
221,2,0.1000,0.2000,6.6300e+27,1.0400e+27,8.0600e+27,2.6000e+26,2.2085e+32,2.6016e+32,276
221,3,0.2000,0.3500,1.2620e+28,5.4300e+27,1.7720e+28,2.8500e+27,2.2697e+32,2.9778e+32,276
221,4,0.3500,0.5500,2.1220e+28,1.9960e+28,3.5830e+28,1.5940e+28,2.2570e+32,3.7319e+32,276
221,5,0.5500,1.0100,7.0350e+28,1.5384e+29,1.1446e+29,1.7310e+29,4.2163e+32,7.1116e+32,276
222,0,0.0000,0.0500,1.3000e+27,0.0000e+00,1.4600e+27,0.0000e+00,2.9818e+32,2.3417e+32,275
222,1,0.0500,0.1000,2.0600e+27,3.0000e+25,2.5000e+27,4.0000e+25,1.3476e+32,1.5415e+32,275
222,2,0.1000,0.2000,7.2900e+27,1.0400e+27,7.3000e+27,2.1000e+26,2.2593e+32,2.5041e+32,275
222,3,0.2000,0.3500,1.2430e+28,5.7800e+27,1.9070e+28,2.8900e+27,2.1228e+32,3.1754e+32,275
222,4,0.3500,0.5500,2.0040e+28,1.8850e+28,3.7140e+28,1.7860e+28,2.1234e+32,3.8501e+32,275
222,5,0.5500,1.0100,6.1140e+28,1.3553e+29,1.1783e+29,1.8959e+29,3.7552e+32,7.3462e+32,275
223,0,0.0000,0.0500,1.5300e+27,0.0000e+00,1.6100e+27,0.0000e+00,2.9346e+32,2.4677e+32,274
223,1,0.0500,0.1000,1.9400e+27,4.0000e+25,2.2700e+27,0.0000e+00,1.1261e+32,1.4693e+32,274
223,2,0.1000,0.2000,7.5200e+27,1.2500e+27,7.3100e+27,2.1000e+26,2.4089e+32,2.5296e+32,274
223,3,0.2000,0.3500,1.0960e+28,5.5300e+27,1.8120e+28,3.1600e+27,2.0257e+32,3.1666e+32,274
223,4,0.3500,0.5500,2.2130e+28,2.0550e+28,3.9390e+28,1.8470e+28,2.2773e+32,4.0323e+32,274
223,5,0.5500,1.0100,6.1540e+28,1.3833e+29,1.1542e+29,1.8364e+29,3.7526e+32,6.9655e+32,274
224,0,0.0000,0.0500,1.7000e+27,0.0000e+00,1.7300e+27,0.0000e+00,2.8472e+32,2.7971e+32,271
224,1,0.0500,0.1000,1.4400e+27,3.0000e+25,2.0200e+27,1.0000e+25,1.0269e+32,1.1930e+32,271
224,2,0.1000,0.2000,6.6900e+27,1.0100e+27,7.7700e+27,1.9000e+26,2.2360e+32,2.5160e+32,271
224,3,0.2000,0.3500,1.2120e+28,5.8600e+27,1.7930e+28,2.5300e+27,2.2247e+32,3.1453e+32,271
224,4,0.3500,0.5500,2.2020e+28,2.0350e+28,3.9480e+28,2.0080e+28,2.3046e+32,4.1000e+32,271
224,5,0.5500,1.0100,6.3180e+28,1.4329e+29,1.0743e+29,1.7286e+29,3.7082e+32,6.5998e+32,271
225,0,0.0000,0.0500,1.3000e+27,0.0000e+00,1.9900e+27,0.0000e+00,2.4392e+32,2.9195e+32,270
225,1,0.0500,0.1000,2.0300e+27,3.0000e+25,1.9000e+27,0.0000e+00,1.2811e+32,1.2156e+32,270
225,2,0.1000,0.2000,7.2100e+27,9.4000e+26,8.0200e+27,3.2000e+26,2.2657e+32,2.6906e+32,270
225,3,0.2000,0.3500,1.2420e+28,6.1500e+27,1.6960e+28,2.3800e+27,2.2781e+32,2.8877e+32,270
225,4,0.3500,0.5500,2.2220e+28,2.1840e+28,3.8630e+28,1.9390e+28,2.2976e+32,4.0186e+32,270
225,5,0.5500,1.0100,6.0800e+28,1.4050e+29,1.0632e+29,1.7177e+29,3.7112e+32,6.4916e+32,270
226,0,0.0000,0.0500,1.2800e+27,0.0000e+00,1.6000e+27,0.0000e+00,2.1798e+32,2.9562e+32,269
226,1,0.0500,0.1000,2.3600e+27,9.0000e+25,2.3700e+27,0.0000e+00,1.4729e+32,1.4088e+32,269
226,2,0.1000,0.2000,7.2100e+27,9.9000e+26,8.7400e+27,2.9000e+26,2.2451e+32,2.6971e+32,269
226,3,0.2000,0.3500,1.3070e+28,6.2700e+27,1.8390e+28,3.1200e+27,2.2850e+32,2.9663e+32,269
226,4,0.3500,0.5500,2.1770e+28,2.1490e+28,3.6590e+28,1.7780e+28,2.2077e+32,3.7433e+32,269
226,5,0.5500,1.0100,6.3900e+28,1.4744e+29,1.0458e+29,1.6516e+29,3.8003e+32,6.3295e+32,269
227,0,0.0000,0.0500,1.2000e+27,0.0000e+00,1.4200e+27,0.0000e+00,2.6621e+32,2.5729e+32,267
227,1,0.0500,0.1000,2.5700e+27,5.0000e+25,2.6400e+27,1.0000e+25,1.4740e+32,1.5796e+32,267
227,2,0.1000,0.2000,7.2500e+27,1.1200e+27,7.8000e+27,3.3000e+26,2.2729e+32,2.5662e+32,267
227,3,0.2000,0.3500,1.3250e+28,5.9200e+27,1.8890e+28,3.3800e+27,2.2054e+32,3.1711e+32,267
227,4,0.3500,0.5500,2.0070e+28,2.1200e+28,3.7130e+28,1.8250e+28,2.0886e+32,3.6632e+32,267
227,5,0.5500,1.0100,5.9310e+28,1.4048e+29,1.0382e+29,1.7342e+29,3.5901e+32,6.3431e+32,267
228,0,0.0000,0.0500,1.3300e+27,0.0000e+00,1.3600e+27,0.0000e+00,3.0254e+32,2.3858e+32,265
228,1,0.0500,0.1000,2.2900e+27,8.0000e+25,2.6600e+27,1.0000e+25,1.2770e+32,1.6039e+32,265
228,2,0.1000,0.2000,7.8100e+27,1.1200e+27,7.9800e+27,3.7000e+26,2.4066e+32,2.5264e+32,265
228,3,0.2000,0.3500,1.2100e+28,6.1500e+27,1.9790e+28,3.0500e+27,2.0525e+32,3.2102e+32,265
228,4,0.3500,0.5500,2.0980e+28,2.0640e+28,3.7230e+28,1.9080e+28,2.1476e+32,3.7768e+32,265
228,5,0.5500,1.0100,5.7480e+28,1.3532e+29,1.0116e+29,1.7400e+29,3.4106e+32,6.1824e+32,265
229,0,0.0000,0.0500,1.7600e+27,0.0000e+00,1.7100e+27,0.0000e+00,2.9738e+32,2.6307e+32,264
229,1,0.0500,0.1000,2.0200e+27,9.0000e+25,2.5100e+27,0.0000e+00,1.1097e+32,1.4048e+32,264
229,2,0.1000,0.2000,7.6500e+27,1.3200e+27,7.4900e+27,2.8000e+26,2.3756e+32,2.5580e+32,264
229,3,0.2000,0.3500,1.2520e+28,5.6700e+27,1.9000e+28,2.8000e+27,2.1312e+32,3.2105e+32,264
229,4,0.3500,0.5500,2.2870e+28,2.1430e+28,3.8590e+28,2.1310e+28,2.2525e+32,3.9617e+32,264
229,5,0.5500,1.0100,5.7660e+28,1.3873e+29,9.8700e+28,1.6874e+29,3.4051e+32,5.7957e+32,264
230,0,0.0000,0.0500,1.7600e+27,0.0000e+00,2.0700e+27,0.0000e+00,2.7821e+32,2.9584e+32,262
230,1,0.0500,0.1000,1.8500e+27,5.0000e+25,2.0900e+27,1.0000e+25,1.1002e+32,1.2004e+32,262
230,2,0.1000,0.2000,6.9000e+27,1.1500e+27,8.1600e+27,3.8000e+26,2.3075e+32,2.5562e+32,262
230,3,0.2000,0.3500,1.3630e+28,6.4500e+27,1.7650e+28,3.4300e+27,2.3020e+32,3.1080e+32,262
230,4,0.3500,0.5500,2.2350e+28,2.3240e+28,3.8920e+28,2.0480e+28,2.2703e+32,3.9066e+32,262
230,5,0.5500,1.0100,5.7130e+28,1.4031e+29,9.4230e+28,1.6857e+29,3.3494e+32,5.6360e+32,262
231,0,0.0000,0.0500,1.4500e+27,0.0000e+00,1.7200e+27,0.0000e+00,2.3193e+32,2.9865e+32,260
231,1,0.0500,0.1000,2.1000e+27,3.0000e+25,2.3500e+27,0.0000e+00,1.4503e+32,1.2893e+32,260
231,2,0.1000,0.2000,7.2600e+27,1.1400e+27,9.1300e+27,3.0000e+26,2.3063e+32,2.8088e+32,260
231,3,0.2000,0.3500,1.3980e+28,6.4500e+27,1.6850e+28,3.0700e+27,2.2976e+32,2.8057e+32,260
231,4,0.3500,0.5500,2.2980e+28,2.3560e+28,3.7100e+28,1.9310e+28,2.2170e+32,3.7874e+32,260
231,5,0.5500,1.0100,5.8590e+28,1.4319e+29,9.2180e+28,1.5866e+29,3.3887e+32,5.4947e+32,260
232,0,0.0000,0.0500,1.2100e+27,0.0000e+00,1.4300e+27,0.0000e+00,2.1186e+32,3.0163e+32,258
232,1,0.0500,0.1000,2.5900e+27,7.0000e+25,2.5100e+27,0.0000e+00,1.5536e+32,1.5371e+32,258
232,2,0.1000,0.2000,7.5600e+27,1.3000e+27,9.2300e+27,3.7000e+26,2.2861e+32,2.6462e+32,258
232,3,0.2000,0.3500,1.4780e+28,7.3200e+27,1.9430e+28,3.7900e+27,2.3058e+32,3.0105e+32,258
232,4,0.3500,0.5500,2.2150e+28,2.3000e+28,3.4270e+28,1.7860e+28,2.1345e+32,3.4457e+32,258
232,5,0.5500,1.0100,5.9460e+28,1.5031e+29,8.8350e+28,1.5558e+29,3.4478e+32,5.3259e+32,258
233,0,0.0000,0.0500,1.3100e+27,0.0000e+00,1.3900e+27,0.0000e+00,2.9583e+32,2.4289e+32,257
233,1,0.0500,0.1000,2.6600e+27,4.0000e+25,2.5800e+27,2.0000e+25,1.5379e+32,1.6681e+32,257
233,2,0.1000,0.2000,8.0400e+27,1.3200e+27,8.7300e+27,3.4000e+26,2.3273e+32,2.5531e+32,257
233,3,0.2000,0.3500,1.4080e+28,7.2200e+27,1.9970e+28,4.0200e+27,2.2136e+32,3.1801e+32,257
233,4,0.3500,0.5500,2.1140e+28,2.2740e+28,3.4430e+28,1.9330e+28,2.0380e+32,3.4581e+32,257
233,5,0.5500,1.0100,5.4380e+28,1.3636e+29,9.1730e+28,1.6147e+29,3.1865e+32,5.4114e+32,257
234,0,0.0000,0.0500,1.6900e+27,0.0000e+00,1.7400e+27,0.0000e+00,3.1237e+32,2.3804e+32,255
234,1,0.0500,0.1000,2.5400e+27,5.0000e+25,2.5900e+27,2.0000e+25,1.2925e+32,1.6421e+32,255
234,2,0.1000,0.2000,8.3600e+27,1.6100e+27,8.1500e+27,3.9000e+26,2.5062e+32,2.5450e+32,255
234,3,0.2000,0.3500,1.2850e+28,6.4500e+27,1.9970e+28,3.5100e+27,2.0743e+32,3.1681e+32,255
234,4,0.3500,0.5500,2.2190e+28,2.3100e+28,3.6180e+28,1.9500e+28,2.1437e+32,3.5399e+32,255
234,5,0.5500,1.0100,5.3510e+28,1.3574e+29,8.9760e+28,1.6203e+29,3.1059e+32,5.1911e+32,255
235,0,0.0000,0.0500,1.8600e+27,0.0000e+00,1.9300e+27,0.0000e+00,3.0741e+32,2.6467e+32,254
235,1,0.0500,0.1000,2.2800e+27,8.0000e+25,2.3900e+27,0.0000e+00,1.1419e+32,1.4256e+32,254
235,2,0.1000,0.2000,7.7900e+27,1.6200e+27,8.4800e+27,3.2000e+26,2.4434e+32,2.5631e+32,254
235,3,0.2000,0.3500,1.3770e+28,6.5200e+27,1.9630e+28,4.0000e+27,2.1830e+32,3.1754e+32,254
235,4,0.3500,0.5500,2.1690e+28,2.4370e+28,3.8080e+28,2.1890e+28,2.2286e+32,3.6880e+32,254
235,5,0.5500,1.0100,5.5180e+28,1.4458e+29,8.4400e+28,1.5880e+29,3.1010e+32,4.8542e+32,254
236,0,0.0000,0.0500,1.7100e+27,0.0000e+00,2.0700e+27,0.0000e+00,2.9016e+32,2.9926e+32,252
236,1,0.0500,0.1000,2.0100e+27,7.0000e+25,2.2100e+27,0.0000e+00,1.1121e+32,1.1990e+32,252
236,2,0.1000,0.2000,7.4500e+27,1.2600e+27,8.2000e+27,3.7000e+26,2.3785e+32,2.5567e+32,252
236,3,0.2000,0.3500,1.4540e+28,6.9500e+27,1.9800e+28,3.4900e+27,2.3466e+32,3.0721e+32,252
236,4,0.3500,0.5500,2.2840e+28,2.4940e+28,3.7510e+28,2.1150e+28,2.2473e+32,3.6305e+32,252
236,5,0.5500,1.0100,5.3810e+28,1.4090e+29,8.2230e+28,1.5935e+29,3.0461e+32,4.7229e+32,252
237,0,0.0000,0.0500,1.7600e+27,0.0000e+00,1.7700e+27,1.0000e+25,2.3944e+32,3.0190e+32,250
237,1,0.0500,0.1000,2.3600e+27,7.0000e+25,2.2300e+27,2.0000e+25,1.4983e+32,1.2844e+32,250
237,2,0.1000,0.2000,7.8900e+27,1.7100e+27,9.1900e+27,5.6000e+26,2.3748e+32,2.7988e+32,250
237,3,0.2000,0.3500,1.4590e+28,6.7800e+27,1.7520e+28,3.2900e+27,2.3509e+32,2.7447e+32,250
237,4,0.3500,0.5500,2.2840e+28,2.5570e+28,3.6260e+28,1.9520e+28,2.2044e+32,3.5370e+32,250
237,5,0.5500,1.0100,5.4620e+28,1.4440e+29,7.9770e+28,1.5048e+29,3.0664e+32,4.6066e+32,250
238,0,0.0000,0.0500,1.3100e+27,0.0000e+00,1.6300e+27,0.0000e+00,2.1714e+32,3.0500e+32,248
238,1,0.0500,0.1000,2.5900e+27,1.2000e+26,2.7300e+27,4.0000e+25,1.6388e+32,1.5244e+32,248
238,2,0.1000,0.2000,8.2800e+27,1.3500e+27,9.2900e+27,3.9000e+26,2.3447e+32,2.6677e+32,248
238,3,0.2000,0.3500,1.5370e+28,7.4600e+27,1.8700e+28,3.7400e+27,2.3567e+32,2.8785e+32,248
238,4,0.3500,0.5500,2.2370e+28,2.4400e+28,3.4140e+28,1.9320e+28,2.1114e+32,3.2218e+32,248
238,5,0.5500,1.0100,5.6060e+28,1.4748e+29,7.7750e+28,1.4718e+29,3.1254e+32,4.4652e+32,248
239,0,0.0000,0.0500,1.4400e+27,0.0000e+00,1.4800e+27,0.0000e+00,2.6425e+32,2.6602e+32,247
239,1,0.0500,0.1000,2.5100e+27,1.2000e+26,2.9700e+27,0.0000e+00,1.6597e+32,1.6938e+32,247
239,2,0.1000,0.2000,8.2600e+27,1.8000e+27,8.6800e+27,2.9000e+26,2.3692e+32,2.5411e+32,247
239,3,0.2000,0.3500,1.4640e+28,8.0400e+27,2.0710e+28,3.9700e+27,2.3166e+32,3.0495e+32,247
239,4,0.3500,0.5500,2.0220e+28,2.4290e+28,3.3920e+28,2.0100e+28,2.0393e+32,3.1235e+32,247
239,5,0.5500,1.0100,5.2370e+28,1.4414e+29,7.9840e+28,1.5571e+29,3.0204e+32,4.4485e+32,247
240,0,0.0000,0.0500,1.6600e+27,0.0000e+00,1.4900e+27,0.0000e+00,3.2429e+32,2.2886e+32,245
240,1,0.0500,0.1000,2.9000e+27,9.0000e+25,3.0700e+27,2.0000e+25,1.5227e+32,1.7053e+32,245
240,2,0.1000,0.2000,8.4200e+27,1.7700e+27,8.4900e+27,3.0000e+26,2.4648e+32,2.4984e+32,245
240,3,0.2000,0.3500,1.4360e+28,7.2400e+27,2.0130e+28,3.5800e+27,2.1956e+32,3.0782e+32,245
240,4,0.3500,0.5500,2.1460e+28,2.4660e+28,3.2950e+28,2.0850e+28,2.0425e+32,3.1718e+32,245
240,5,0.5500,1.0100,5.0780e+28,1.3369e+29,7.8620e+28,1.5704e+29,2.8510e+32,4.3952e+32,245
241,0,0.0000,0.0500,1.7900e+27,0.0000e+00,1.5900e+27,0.0000e+00,3.1661e+32,2.4250e+32,243
241,1,0.0500,0.1000,2.1500e+27,1.2000e+26,2.7100e+27,1.0000e+25,1.2629e+32,1.5970e+32,243
241,2,0.1000,0.2000,9.1600e+27,1.9800e+27,8.4100e+27,3.1000e+26,2.6379e+32,2.5167e+32,243
241,3,0.2000,0.3500,1.3370e+28,7.0400e+27,1.9560e+28,3.6100e+27,2.0896e+32,3.0159e+32,243
241,4,0.3500,0.5500,2.2770e+28,2.6300e+28,3.5320e+28,2.1370e+28,2.1955e+32,3.2817e+32,243
241,5,0.5500,1.0100,5.1280e+28,1.4357e+29,7.4180e+28,1.5526e+29,2.8269e+32,4.1181e+32,243
242,0,0.0000,0.0500,2.0400e+27,0.0000e+00,1.9300e+27,0.0000e+00,3.1412e+32,2.8192e+32,242
242,1,0.0500,0.1000,2.0800e+27,1.8000e+26,2.3300e+27,0.0000e+00,1.1423e+32,1.2586e+32,242
242,2,0.1000,0.2000,8.2900e+27,1.4700e+27,8.5700e+27,2.6000e+26,2.4462e+32,2.5225e+32,242
242,3,0.2000,0.3500,1.4770e+28,7.9200e+27,1.9220e+28,3.8200e+27,2.3412e+32,3.0350e+32,242
242,4,0.3500,0.5500,2.3240e+28,2.7530e+28,3.5620e+28,2.2450e+28,2.2182e+32,3.3186e+32,242
242,5,0.5500,1.0100,5.0540e+28,1.4221e+29,6.9380e+28,1.4418e+29,2.8049e+32,3.8929e+32,242
243,0,0.0000,0.0500,1.9500e+27,0.0000e+00,1.9900e+27,0.0000e+00,2.8126e+32,3.0533e+32,240
243,1,0.0500,0.1000,2.0700e+27,3.0000e+25,2.0800e+27,5.0000e+25,1.2544e+32,1.1654e+32,240
243,2,0.1000,0.2000,8.9600e+27,1.7900e+27,8.9100e+27,2.9000e+26,2.4641e+32,2.5409e+32,240
243,3,0.2000,0.3500,1.5480e+28,8.3300e+27,1.8150e+28,3.7900e+27,2.4479e+32,2.8598e+32,240
243,4,0.3500,0.5500,2.3730e+28,2.8770e+28,3.4910e+28,2.2400e+28,2.2217e+32,3.2323e+32,240
243,5,0.5500,1.0100,4.9670e+28,1.4728e+29,6.7480e+28,1.4438e+29,2.7518e+32,3.8153e+32,240
244,0,0.0000,0.0500,1.5600e+27,0.0000e+00,1.6700e+27,0.0000e+00,2.3466e+32,3.0450e+32,238
244,1,0.0500,0.1000,2.9700e+27,1.5000e+26,2.4700e+27,1.0000e+25,1.6300e+32,1.2696e+32,238
244,2,0.1000,0.2000,8.5500e+27,1.4200e+27,9.7400e+27,5.2000e+26,2.4544e+32,2.7862e+32,238
244,3,0.2000,0.3500,1.4810e+28,8.5200e+27,1.6600e+28,3.3600e+27,2.4025e+32,2.5553e+32,238
244,4,0.3500,0.5500,2.4550e+28,2.7800e+28,3.2910e+28,2.1450e+28,2.1674e+32,3.1340e+32,238
244,5,0.5500,1.0100,5.1500e+28,1.4990e+29,6.6560e+28,1.3839e+29,2.8077e+32,3.6990e+32,238
245,0,0.0000,0.0500,1.6100e+27,0.0000e+00,1.6500e+27,0.0000e+00,2.1590e+32,3.0662e+32,236
245,1,0.0500,0.1000,2.9900e+27,9.0000e+25,2.7700e+27,0.0000e+00,1.7326e+32,1.5403e+32,236
245,2,0.1000,0.2000,7.8800e+27,1.7200e+27,9.1500e+27,4.5000e+26,2.4215e+32,2.5642e+32,236
245,3,0.2000,0.3500,1.6030e+28,8.9900e+27,1.7950e+28,3.7400e+27,2.4217e+32,2.7214e+32,236
245,4,0.3500,0.5500,2.3160e+28,2.7010e+28,3.1440e+28,1.9380e+28,2.0838e+32,2.8327e+32,236
245,5,0.5500,1.0100,5.2610e+28,1.5217e+29,6.5170e+28,1.4113e+29,2.8408e+32,3.5889e+32,236
246,0,0.0000,0.0500,1.3200e+27,0.0000e+00,1.7300e+27,0.0000e+00,2.6117e+32,2.6788e+32,235
246,1,0.0500,0.1000,3.0600e+27,1.7000e+26,3.1000e+27,1.0000e+25,1.7552e+32,1.6749e+32,235
246,2,0.1000,0.2000,8.5000e+27,1.6000e+27,8.8100e+27,5.2000e+26,2.4441e+32,2.4522e+32,235
246,3,0.2000,0.3500,1.6200e+28,9.0900e+27,1.9940e+28,4.3200e+27,2.3923e+32,2.8591e+32,235
246,4,0.3500,0.5500,2.2780e+28,2.5750e+28,3.0750e+28,1.9440e+28,2.0259e+32,2.7389e+32,235
246,5,0.5500,1.0100,5.1330e+28,1.4357e+29,6.4160e+28,1.4435e+29,2.7568e+32,3.5658e+32,235
247,0,0.0000,0.0500,1.5800e+27,0.0000e+00,1.4900e+27,0.0000e+00,3.3154e+32,2.2115e+32,233
247,1,0.0500,0.1000,3.0000e+27,1.9000e+26,3.1200e+27,3.0000e+25,1.6619e+32,1.6776e+32,233
247,2,0.1000,0.2000,9.3200e+27,1.7700e+27,8.7300e+27,5.1000e+26,2.5113e+32,2.4058e+32,233
247,3,0.2000,0.3500,1.5920e+28,9.1900e+27,1.9890e+28,4.5200e+27,2.2765e+32,2.8812e+32,233
247,4,0.3500,0.5500,2.2050e+28,2.7910e+28,3.0170e+28,2.0970e+28,2.0142e+32,2.7637e+32,233
247,5,0.5500,1.0100,4.8030e+28,1.4238e+29,6.5210e+28,1.5153e+29,2.6061e+32,3.5456e+32,233
248,0,0.0000,0.0500,1.8000e+27,0.0000e+00,1.7200e+27,0.0000e+00,3.2604e+32,2.3142e+32,232
248,1,0.0500,0.1000,2.3500e+27,1.6000e+26,2.9200e+27,0.0000e+00,1.3509e+32,1.6174e+32,232
248,2,0.1000,0.2000,9.9000e+27,1.9500e+27,8.6500e+27,4.4000e+26,2.7787e+32,2.4356e+32,232
248,3,0.2000,0.3500,1.4690e+28,8.1900e+27,1.9620e+28,4.7800e+27,2.1484e+32,2.8229e+32,232
248,4,0.3500,0.5500,2.3430e+28,2.9970e+28,3.0680e+28,2.1880e+28,2.1712e+32,2.8244e+32,232
248,5,0.5500,1.0100,4.7960e+28,1.4038e+29,6.3310e+28,1.4703e+29,2.5866e+32,3.3712e+32,232
249,0,0.0000,0.0500,2.4000e+27,0.0000e+00,1.8800e+27,0.0000e+00,3.1947e+32,2.5838e+32,229
249,1,0.0500,0.1000,2.6900e+27,1.5000e+26,2.7000e+27,0.0000e+00,1.2227e+32,1.3534e+32,229
249,2,0.1000,0.2000,9.4800e+27,1.9900e+27,8.9400e+27,5.2000e+26,2.5860e+32,2.4172e+32,229
249,3,0.2000,0.3500,1.5290e+28,8.4200e+27,1.8990e+28,4.2100e+27,2.3266e+32,2.8229e+32,229
249,4,0.3500,0.5500,2.4670e+28,3.1360e+28,3.2430e+28,2.3350e+28,2.1971e+32,2.8710e+32,229
249,5,0.5500,1.0100,4.8680e+28,1.4445e+29,5.8850e+28,1.4346e+29,2.5499e+32,3.1034e+32,229
250,0,0.0000,0.0500,2.2600e+27,0.0000e+00,2.1400e+27,0.0000e+00,3.1060e+32,2.9532e+32,228
250,1,0.0500,0.1000,2.1800e+27,1.0000e+26,2.1700e+27,3.0000e+25,1.1393e+32,1.0943e+32,228
250,2,0.1000,0.2000,8.8500e+27,1.7200e+27,8.1200e+27,4.8000e+26,2.5181e+32,2.3888e+32,228
250,3,0.2000,0.3500,1.6570e+28,8.9100e+27,1.9460e+28,4.0900e+27,2.4884e+32,2.7461e+32,228
250,4,0.3500,0.5500,2.4280e+28,3.2580e+28,3.2130e+28,2.1790e+28,2.2247e+32,2.8340e+32,228
250,5,0.5500,1.0100,4.8150e+28,1.4753e+29,5.6490e+28,1.3970e+29,2.5052e+32,3.0399e+32,228
251,0,0.0000,0.0500,1.9700e+27,0.0000e+00,2.0500e+27,0.0000e+00,2.6274e+32,3.0116e+32,227
251,1,0.0500,0.1000,2.7300e+27,1.8000e+26,2.1100e+27,1.0000e+25,1.4851e+32,1.1445e+32,227
251,2,0.1000,0.2000,9.2800e+27,1.6100e+27,9.3100e+27,4.7000e+26,2.5454e+32,2.5178e+32,227
251,3,0.2000,0.3500,1.7620e+28,9.2500e+27,1.7480e+28,3.8900e+27,2.5334e+32,2.5340e+32,227
251,4,0.3500,0.5500,2.5180e+28,3.4900e+28,3.1730e+28,2.2640e+28,2.2119e+32,2.7608e+32,227
251,5,0.5500,1.0100,4.8900e+28,1.5074e+29,5.6980e+28,1.4054e+29,2.4864e+32,2.9907e+32,227
252,0,0.0000,0.0500,1.6100e+27,0.0000e+00,1.8000e+27,0.0000e+00,2.2802e+32,3.0158e+32,225
252,1,0.0500,0.1000,3.1300e+27,8.0000e+25,2.6600e+27,0.0000e+00,1.7406e+32,1.2420e+32,225
252,2,0.1000,0.2000,9.2700e+27,1.6500e+27,1.0260e+28,6.0000e+26,2.5365e+32,2.6788e+32,225
252,3,0.2000,0.3500,1.7250e+28,9.5500e+27,1.6810e+28,3.9300e+27,2.4954e+32,2.3393e+32,225
252,4,0.3500,0.5500,2.4540e+28,3.2010e+28,2.9730e+28,2.0980e+28,2.1312e+32,2.6415e+32,225
252,5,0.5500,1.0100,4.9180e+28,1.5965e+29,5.4390e+28,1.4403e+29,2.5502e+32,2.8861e+32,225
253,0,0.0000,0.0500,1.6300e+27,0.0000e+00,1.6700e+27,0.0000e+00,2.1316e+32,3.0253e+32,223
253,1,0.0500,0.1000,3.3000e+27,9.0000e+25,3.1800e+27,1.0000e+25,1.8091e+32,1.5356e+32,223
253,2,0.1000,0.2000,9.0700e+27,1.9500e+27,9.2700e+27,4.8000e+26,2.4942e+32,2.3957e+32,223
253,3,0.2000,0.3500,1.7700e+28,1.0120e+28,1.7790e+28,4.6500e+27,2.5121e+32,2.4883e+32,223
253,4,0.3500,0.5500,2.3610e+28,3.1710e+28,2.7690e+28,2.0760e+28,2.0671e+32,2.3945e+32,223
253,5,0.5500,1.0100,5.0460e+28,1.5842e+29,5.3020e+28,1.3905e+29,2.5655e+32,2.8108e+32,223
254,0,0.0000,0.0500,1.5400e+27,0.0000e+00,1.6400e+27,0.0000e+00,2.5131e+32,2.6723e+32,221
254,1,0.0500,0.1000,3.6500e+27,1.4000e+26,3.2600e+27,5.0000e+25,1.8334e+32,1.6129e+32,221
254,2,0.1000,0.2000,9.6600e+27,1.9300e+27,8.9100e+27,6.0000e+26,2.4992e+32,2.3028e+32,221
254,3,0.2000,0.3500,1.7980e+28,1.1270e+28,1.8380e+28,4.7400e+27,2.4787e+32,2.5804e+32,221
254,4,0.3500,0.5500,2.3430e+28,3.2130e+28,2.7160e+28,2.0690e+28,2.0148e+32,2.3087e+32,221
254,5,0.5500,1.0100,4.8190e+28,1.5516e+29,5.3930e+28,1.4099e+29,2.4942e+32,2.7699e+32,221
255,0,0.0000,0.0500,1.6600e+27,0.0000e+00,1.3300e+27,0.0000e+00,3.3835e+32,2.0805e+32,220
255,1,0.0500,0.1000,3.5000e+27,2.0000e+26,3.0600e+27,1.0000e+25,1.7918e+32,1.6314e+32,220
255,2,0.1000,0.2000,9.7500e+27,2.2700e+27,8.6800e+27,5.1000e+26,2.5460e+32,2.2676e+32,220
255,3,0.2000,0.3500,1.7260e+28,1.1230e+28,1.9300e+28,4.8800e+27,2.3693e+32,2.6124e+32,220
255,4,0.3500,0.5500,2.4000e+28,3.2310e+28,2.7420e+28,2.1440e+28,1.9915e+32,2.3347e+32,220
255,5,0.5500,1.0100,4.6740e+28,1.4690e+29,5.4330e+28,1.4779e+29,2.3688e+32,2.8004e+32,220
256,0,0.0000,0.0500,1.7900e+27,1.0000e+25,1.8900e+27,0.0000e+00,3.3436e+32,2.1763e+32,219
256,1,0.0500,0.1000,2.9500e+27,2.1000e+26,3.1200e+27,1.0000e+25,1.4553e+32,1.5890e+32,219
256,2,0.1000,0.2000,1.0800e+28,2.2800e+27,8.7600e+27,4.3000e+26,2.7994e+32,2.2711e+32,219
256,3,0.2000,0.3500,1.6550e+28,1.0910e+28,1.8360e+28,5.3000e+27,2.2882e+32,2.5784e+32,219
256,4,0.3500,0.5500,2.4850e+28,3.4690e+28,2.7710e+28,2.2030e+28,2.1177e+32,2.3523e+32,219
256,5,0.5500,1.0100,4.7730e+28,1.5665e+29,5.2370e+28,1.4712e+29,2.3577e+32,2.6672e+32,219
257,0,0.0000,0.0500,2.0600e+27,0.0000e+00,1.7400e+27,0.0000e+00,3.2591e+32,2.3041e+32,217
257,1,0.0500,0.1000,2.8100e+27,1.6000e+26,2.7500e+27,3.0000e+25,1.3209e+32,1.4725e+32,217
257,2,0.1000,0.2000,1.1130e+28,2.4900e+27,8.4800e+27,4.6000e+26,2.8270e+32,2.2734e+32,217
257,3,0.2000,0.3500,1.5470e+28,9.3800e+27,1.8560e+28,4.4700e+27,2.2547e+32,2.5234e+32,217
257,4,0.3500,0.5500,2.5680e+28,3.5980e+28,2.9060e+28,2.2910e+28,2.2122e+32,2.4149e+32,217
257,5,0.5500,1.0100,4.5870e+28,1.5658e+29,4.9690e+28,1.3938e+29,2.3318e+32,2.4902e+32,217
258,0,0.0000,0.0500,2.4900e+27,0.0000e+00,2.2600e+27,0.0000e+00,3.2345e+32,2.6516e+32,215
258,1,0.0500,0.1000,2.5200e+27,8.0000e+25,2.1200e+27,1.0000e+25,1.2044e+32,1.1351e+32,215
258,2,0.1000,0.2000,1.0430e+28,2.2400e+27,9.1900e+27,5.6000e+26,2.6024e+32,2.2673e+32,215
258,3,0.2000,0.3500,1.7340e+28,1.0610e+28,1.8130e+28,4.6000e+27,2.5071e+32,2.5237e+32,215
258,4,0.3500,0.5500,2.5970e+28,3.7070e+28,2.8210e+28,2.3830e+28,2.2029e+32,2.3877e+32,215
258,5,0.5500,1.0100,4.5660e+28,1.5830e+29,4.7640e+28,1.3819e+29,2.2921e+32,2.3641e+32,215
259,0,0.0000,0.0500,2.6800e+27,0.0000e+00,2.0200e+27,0.0000e+00,3.0820e+32,2.8795e+32,213
259,1,0.0500,0.1000,2.3400e+27,1.1000e+26,2.0500e+27,0.0000e+00,1.1631e+32,1.0055e+32,213
259,2,0.1000,0.2000,9.8900e+27,2.1700e+27,8.5800e+27,3.7000e+26,2.5942e+32,2.2218e+32,213
259,3,0.2000,0.3500,1.8330e+28,1.0830e+28,1.7360e+28,4.4500e+27,2.5917e+32,2.4204e+32,213
259,4,0.3500,0.5500,2.6650e+28,3.7380e+28,2.7760e+28,2.2270e+28,2.2137e+32,2.3398e+32,213
259,5,0.5500,1.0100,4.5150e+28,1.5810e+29,4.7390e+28,1.3781e+29,2.2386e+32,2.3132e+32,213
260,0,0.0000,0.0500,2.1500e+27,1.0000e+25,2.0500e+27,0.0000e+00,2.5895e+32,2.8952e+32,212
260,1,0.0500,0.1000,3.0900e+27,2.6000e+26,2.1000e+27,0.0000e+00,1.5583e+32,1.0625e+32,212
260,2,0.1000,0.2000,1.0420e+28,1.9500e+27,9.1000e+27,5.3000e+26,2.5964e+32,2.3432e+32,212
260,3,0.2000,0.3500,1.9660e+28,1.1700e+28,1.6620e+28,4.7600e+27,2.6277e+32,2.2349e+32,212
260,4,0.3500,0.5500,2.6790e+28,4.0330e+28,2.7440e+28,2.2630e+28,2.2012e+32,2.2840e+32,212
260,5,0.5500,1.0100,4.6230e+28,1.6370e+29,4.6740e+28,1.3689e+29,2.2154e+32,2.2756e+32,212
261,0,0.0000,0.0500,1.9100e+27,0.0000e+00,1.9100e+27,0.0000e+00,2.2914e+32,2.9011e+32,211
261,1,0.0500,0.1000,3.8300e+27,1.7000e+26,2.7500e+27,3.0000e+25,1.7871e+32,1.1455e+32,211
261,2,0.1000,0.2000,1.0780e+28,2.4200e+27,1.0160e+28,7.2000e+26,2.6023e+32,2.5096e+32,211
261,3,0.2000,0.3500,1.8770e+28,1.2520e+28,1.5590e+28,4.3700e+27,2.5862e+32,2.0329e+32,211
261,4,0.3500,0.5500,2.5930e+28,3.9330e+28,2.6880e+28,2.3360e+28,2.1449e+32,2.2208e+32,211
261,5,0.5500,1.0100,4.6500e+28,1.6685e+29,4.5210e+28,1.3446e+29,2.2816e+32,2.2040e+32,211
262,0,0.0000,0.0500,1.8000e+27,0.0000e+00,1.6600e+27,0.0000e+00,2.1432e+32,2.9185e+32,209
262,1,0.0500,0.1000,3.8600e+27,2.3000e+26,2.7800e+27,1.0000e+25,1.8890e+32,1.3405e+32,209
262,2,0.1000,0.2000,1.0530e+28,2.3900e+27,9.6400e+27,6.6000e+26,2.5272e+32,2.2809e+32,209
262,3,0.2000,0.3500,1.9860e+28,1.3220e+28,1.7300e+28,5.2500e+27,2.6197e+32,2.1515e+32,209
262,4,0.3500,0.5500,2.6400e+28,3.7930e+28,2.4530e+28,2.0990e+28,2.0630e+32,2.0317e+32,209
262,5,0.5500,1.0100,4.6500e+28,1.6841e+29,4.5040e+28,1.3530e+29,2.2883e+32,2.1499e+32,209
263,0,0.0000,0.0500,1.8200e+27,0.0000e+00,1.4500e+27,0.0000e+00,1.9988e+32,2.9212e+32,207
263,1,0.0500,0.1000,3.8400e+27,2.9000e+26,3.3700e+27,2.0000e+25,1.8801e+32,1.5004e+32,207
263,2,0.1000,0.2000,1.0350e+28,2.4300e+27,8.7700e+27,6.2000e+26,2.5566e+32,2.1471e+32,207
263,3,0.2000,0.3500,1.8390e+28,1.4700e+28,1.6940e+28,5.5200e+27,2.5985e+32,2.2088e+32,207
263,4,0.3500,0.5500,2.4690e+28,3.7800e+28,2.2980e+28,2.1010e+28,2.0372e+32,1.8807e+32,207
263,5,0.5500,1.0100,4.7980e+28,1.7558e+29,4.1350e+28,1.3244e+29,2.2988e+32,2.0732e+32,207
264,0,0.0000,0.0500,1.7000e+27,0.0000e+00,1.4800e+27,0.0000e+00,3.0398e+32,2.1747e+32,206
264,1,0.0500,0.1000,4.2600e+27,3.6000e+26,3.2800e+27,5.0000e+25,1.8737e+32,1.5531e+32,206
264,2,0.1000,0.2000,1.0740e+28,2.7200e+27,9.0600e+27,6.6000e+26,2.5645e+32,2.0831e+32,206
264,3,0.2000,0.3500,2.0710e+28,1.4360e+28,1.7880e+28,5.4600e+27,2.5472e+32,2.2754e+32,206
264,4,0.3500,0.5500,2.5520e+28,3.7620e+28,2.4370e+28,2.2290e+28,1.9885e+32,1.8954e+32,206
264,5,0.5500,1.0100,4.4350e+28,1.6423e+29,4.2970e+28,1.4007e+29,2.1697e+32,2.1132e+32,206
265,0,0.0000,0.0500,1.5900e+27,1.0000e+25,1.5300e+27,0.0000e+00,3.3786e+32,1.9446e+32,204
265,1,0.0500,0.1000,4.0800e+27,4.6000e+26,3.1900e+27,1.0000e+25,1.8617e+32,1.5183e+32,204
265,2,0.1000,0.2000,1.1380e+28,2.6500e+27,8.4300e+27,5.6000e+26,2.5844e+32,2.0607e+32,204
265,3,0.2000,0.3500,1.9520e+28,1.4470e+28,1.8080e+28,5.2800e+27,2.4417e+32,2.2567e+32,204
265,4,0.3500,0.5500,2.4720e+28,3.9040e+28,2.3710e+28,2.0900e+28,1.9982e+32,1.8851e+32,204
265,5,0.5500,1.0100,4.3370e+28,1.6542e+29,4.3110e+28,1.4307e+29,2.1088e+32,2.0727e+32,204
266,0,0.0000,0.0500,1.9400e+27,0.0000e+00,1.6100e+27,0.0000e+00,3.3664e+32,2.0140e+32,203
266,1,0.0500,0.1000,3.3500e+27,3.4000e+26,3.0500e+27,1.0000e+25,1.4921e+32,1.4867e+32,203
266,2,0.1000,0.2000,1.1450e+28,3.2900e+27,8.4100e+27,3.6000e+26,2.8450e+32,2.0566e+32,203
266,3,0.2000,0.3500,1.9400e+28,1.3260e+28,1.7690e+28,5.2000e+27,2.3808e+32,2.2267e+32,203
266,4,0.3500,0.5500,2.6290e+28,3.9960e+28,2.4160e+28,2.1820e+28,2.0957e+32,1.8863e+32,203
266,5,0.5500,1.0100,4.3930e+28,1.6628e+29,4.1900e+28,1.4068e+29,2.0968e+32,1.9838e+32,203
267,0,0.0000,0.0500,2.4800e+27,0.0000e+00,1.7600e+27,0.0000e+00,3.2839e+32,2.0935e+32,202
267,1,0.0500,0.1000,2.9000e+27,2.7000e+26,2.8000e+27,1.0000e+25,1.3762e+32,1.4166e+32,202
267,2,0.1000,0.2000,1.2820e+28,3.3900e+27,8.8500e+27,4.8000e+26,2.9773e+32,2.0801e+32,202
267,3,0.2000,0.3500,1.7490e+28,1.2800e+28,1.7040e+28,5.6300e+27,2.2556e+32,2.1634e+32,202
267,4,0.3500,0.5500,2.8450e+28,4.2200e+28,2.4390e+28,2.2570e+28,2.2234e+32,1.9302e+32,202
267,5,0.5500,1.0100,4.2930e+28,1.6327e+29,3.9920e+28,1.3958e+29,2.0629e+32,1.8898e+32,202
268,0,0.0000,0.0500,2.7600e+27,0.0000e+00,1.9600e+27,2.0000e+25,3.2589e+32,2.2787e+32,200
268,1,0.0500,0.1000,2.9900e+27,2.1000e+26,2.6500e+27,3.0000e+25,1.2704e+32,1.2355e+32,200
268,2,0.1000,0.2000,1.1740e+28,2.6500e+27,7.7000e+27,7.3000e+26,2.7480e+32,2.0510e+32,200
268,3,0.2000,0.3500,1.9750e+28,1.3030e+28,1.6580e+28,4.9900e+27,2.4870e+32,2.1955e+32,200
268,4,0.3500,0.5500,2.7820e+28,4.3030e+28,2.4670e+28,2.4050e+28,2.2096e+32,1.9170e+32,200
268,5,0.5500,1.0100,4.3230e+28,1.6676e+29,3.7650e+28,1.3660e+29,2.0342e+32,1.7614e+32,200
269,0,0.0000,0.0500,2.6600e+27,0.0000e+00,2.2000e+27,0.0000e+00,3.2341e+32,2.5902e+32,198
269,1,0.0500,0.1000,3.0000e+27,2.5000e+26,2.2300e+27,0.0000e+00,1.1883e+32,9.3472e+31,198
269,2,0.1000,0.2000,1.1120e+28,2.3100e+27,8.1300e+27,5.8000e+26,2.6178e+32,2.0339e+32,198
269,3,0.2000,0.3500,2.0710e+28,1.4590e+28,1.6380e+28,5.2700e+27,2.6097e+32,2.1425e+32,198
269,4,0.3500,0.5500,2.8880e+28,4.5080e+28,2.4880e+28,2.4190e+28,2.2099e+32,1.8885e+32,198
269,5,0.5500,1.0100,4.2800e+28,1.6934e+29,3.7280e+28,1.2883e+29,1.9801e+32,1.7140e+32,198
270,0,0.0000,0.0500,2.6800e+27,0.0000e+00,2.2100e+27,0.0000e+00,3.0896e+32,2.7370e+32,198
270,1,0.0500,0.1000,2.6800e+27,1.9000e+26,2.3200e+27,2.0000e+25,1.1770e+32,9.1012e+31,198
270,2,0.1000,0.2000,1.1070e+28,2.5400e+27,8.6400e+27,6.6000e+26,2.6640e+32,2.0109e+32,198
270,3,0.2000,0.3500,2.0920e+28,1.6200e+28,1.6190e+28,5.0500e+27,2.7096e+32,2.0711e+32,198
270,4,0.3500,0.5500,2.9760e+28,4.6530e+28,2.4490e+28,2.3630e+28,2.2247e+32,1.8651e+32,198
270,5,0.5500,1.0100,4.2230e+28,1.7066e+29,3.7180e+28,1.3596e+29,1.9485e+32,1.6919e+32,198
271,0,0.0000,0.0500,2.2100e+27,0.0000e+00,1.9000e+27,0.0000e+00,2.6220e+32,2.7002e+32,195
271,1,0.0500,0.1000,2.8500e+27,1.9000e+26,2.2300e+27,6.0000e+25,1.5251e+32,9.4910e+31,195
271,2,0.1000,0.2000,1.0790e+28,2.7700e+27,8.7300e+27,7.4000e+26,2.6383e+32,2.0709e+32,195
271,3,0.2000,0.3500,2.1090e+28,1.6510e+28,1.4710e+28,5.3900e+27,2.7142e+32,1.9305e+32,195
271,4,0.3500,0.5500,2.9690e+28,4.6400e+28,2.4040e+28,2.3690e+28,2.1866e+32,1.8044e+32,195
271,5,0.5500,1.0100,4.1480e+28,1.7122e+29,3.5880e+28,1.3056e+29,1.8892e+32,1.6467e+32,195
272,0,0.0000,0.0500,1.9400e+27,0.0000e+00,2.0300e+27,0.0000e+00,2.3412e+32,2.7050e+32,195
272,1,0.0500,0.1000,3.6500e+27,1.6000e+26,2.5800e+27,3.0000e+25,1.7836e+32,1.0173e+32,195
272,2,0.1000,0.2000,1.0500e+28,2.7600e+27,9.3200e+27,7.1000e+26,2.6465e+32,2.2271e+32,195
272,3,0.2000,0.3500,2.1280e+28,1.6500e+28,1.3780e+28,4.6500e+27,2.6491e+32,1.7377e+32,195
272,4,0.3500,0.5500,2.9120e+28,4.6270e+28,2.2160e+28,2.3580e+28,2.1800e+32,1.7868e+32,195
272,5,0.5500,1.0100,4.2740e+28,1.7142e+29,3.5150e+28,1.2714e+29,1.9431e+32,1.6116e+32,195
273,0,0.0000,0.0500,1.8400e+27,1.0000e+25,1.7900e+27,0.0000e+00,2.1796e+32,2.7163e+32,193
273,1,0.0500,0.1000,4.0500e+27,2.3000e+26,2.8800e+27,5.0000e+25,1.8653e+32,1.0664e+32,193
273,2,0.1000,0.2000,1.2010e+28,3.0600e+27,9.8200e+27,7.5000e+26,2.6083e+32,2.1827e+32,193
273,3,0.2000,0.3500,2.1210e+28,1.6600e+28,1.4100e+28,5.0300e+27,2.6727e+32,1.7397e+32,193
273,4,0.3500,0.5500,2.7000e+28,4.4280e+28,2.1830e+28,2.3520e+28,2.0879e+32,1.6877e+32,193
273,5,0.5500,1.0100,4.3760e+28,1.7629e+29,3.5040e+28,1.2810e+29,1.9578e+32,1.5605e+32,193
274,0,0.0000,0.0500,1.8400e+27,2.0000e+25,1.8000e+27,0.0000e+00,2.0771e+32,2.7089e+32,191
274,1,0.0500,0.1000,4.3900e+27,2.4000e+26,3.2100e+27,3.0000e+25,1.9338e+32,1.2672e+32,191
274,2,0.1000,0.2000,1.1400e+28,3.3400e+27,9.1400e+27,7.6000e+26,2.5372e+32,1.9622e+32,191
274,3,0.2000,0.3500,2.2200e+28,1.7360e+28,1.5380e+28,6.0500e+27,2.6794e+32,1.7985e+32,191
274,4,0.3500,0.5500,2.7570e+28,4.4130e+28,2.0600e+28,2.2520e+28,2.0315e+32,1.5701e+32,191
274,5,0.5500,1.0100,4.2950e+28,1.7604e+29,3.3680e+28,1.2652e+29,1.9390e+32,1.5200e+32,191
275,0,0.0000,0.0500,1.6300e+27,0.0000e+00,1.5800e+27,0.0000e+00,1.9875e+32,2.7275e+32,191
275,1,0.0500,0.1000,4.2400e+27,3.4000e+26,3.6800e+27,2.0000e+25,1.9086e+32,1.3908e+32,191
275,2,0.1000,0.2000,1.2180e+28,2.9500e+27,9.1800e+27,8.0000e+26,2.6078e+32,1.8931e+32,191
275,3,0.2000,0.3500,2.1730e+28,1.7730e+28,1.6360e+28,6.4200e+27,2.6702e+32,1.8495e+32,191
275,4,0.3500,0.5500,2.6820e+28,4.3490e+28,2.0250e+28,2.3690e+28,2.0288e+32,1.4707e+32,191
275,5,0.5500,1.0100,4.2500e+28,1.8383e+29,3.3330e+28,1.2766e+29,1.9593e+32,1.4837e+32,191
276,0,0.0000,0.0500,1.5700e+27,0.0000e+00,1.5200e+27,0.0000e+00,2.2990e+32,2.4572e+32,189
276,1,0.0500,0.1000,4.7600e+27,3.4000e+26,3.2700e+27,8.0000e+25,1.9699e+32,1.3883e+32,189
276,2,0.1000,0.2000,1.2180e+28,3.0200e+27,8.4800e+27,7.3000e+26,2.5642e+32,1.8408e+32,189
276,3,0.2000,0.3500,2.1120e+28,1.8590e+28,1.5250e+28,5.8500e+27,2.6519e+32,1.8713e+32,189
276,4,0.3500,0.5500,2.7830e+28,4.4710e+28,1.9920e+28,2.3540e+28,1.9838e+32,1.4619e+32,189
276,5,0.5500,1.0100,4.1740e+28,1.7729e+29,3.2270e+28,1.3253e+29,1.8953e+32,1.4518e+32,189
277,0,0.0000,0.0500,1.9400e+27,0.0000e+00,1.3700e+27,0.0000e+00,3.4346e+32,1.6907e+32,187
277,1,0.0500,0.1000,4.3000e+27,3.7000e+26,3.3200e+27,1.0000e+25,1.8773e+32,1.4043e+32,187
277,2,0.1000,0.2000,1.1910e+28,3.4400e+27,8.1000e+27,7.0000e+26,2.6070e+32,1.8076e+32,187
277,3,0.2000,0.3500,2.2680e+28,1.7430e+28,1.6340e+28,6.1900e+27,2.5542e+32,1.8873e+32,187
277,4,0.3500,0.5500,2.7180e+28,4.4530e+28,1.9620e+28,2.3640e+28,1.9378e+32,1.4676e+32,187
277,5,0.5500,1.0100,3.9830e+28,1.6684e+29,3.3810e+28,1.3883e+29,1.7871e+32,1.4942e+32,187
278,0,0.0000,0.0500,1.8600e+27,0.0000e+00,1.5700e+27,0.0000e+00,3.3830e+32,1.7647e+32,187
278,1,0.0500,0.1000,4.8600e+27,5.1000e+26,3.0300e+27,4.0000e+25,1.9240e+32,1.3850e+32,187
278,2,0.1000,0.2000,1.2030e+28,3.5000e+27,8.0000e+27,8.2000e+26,2.6131e+32,1.8021e+32,187
278,3,0.2000,0.3500,2.1380e+28,1.7990e+28,1.6390e+28,6.2800e+27,2.4860e+32,1.8785e+32,187
278,4,0.3500,0.5500,2.7420e+28,4.5950e+28,1.9990e+28,2.3750e+28,1.9895e+32,1.4583e+32,187
278,5,0.5500,1.0100,3.9960e+28,1.6790e+29,3.2270e+28,1.3851e+29,1.7749e+32,1.4475e+32,187
279,0,0.0000,0.0500,2.1200e+27,0.0000e+00,1.5200e+27,0.0000e+00,3.3555e+32,1.7997e+32,185
279,1,0.0500,0.1000,4.0200e+27,3.7000e+26,3.4500e+27,3.0000e+25,1.5750e+32,1.3549e+32,185
279,2,0.1000,0.2000,1.2580e+28,4.1700e+27,8.3800e+27,7.2000e+26,2.8162e+32,1.7842e+32,185
279,3,0.2000,0.3500,2.1330e+28,1.7850e+28,1.4790e+28,6.4800e+27,2.4587e+32,1.8483e+32,185
279,4,0.3500,0.5500,2.8780e+28,4.7960e+28,1.9970e+28,2.3140e+28,2.0373e+32,1.4446e+32,185
279,5,0.5500,1.0100,3.9830e+28,1.7135e+29,3.1250e+28,1.3539e+29,1.7500e+32,1.3835e+32,185
280,0,0.0000,0.0500,2.2600e+27,0.0000e+00,1.4000e+27,0.0000e+00,3.3054e+32,1.8395e+32,184
280,1,0.0500,0.1000,3.4000e+27,2.7000e+26,3.1800e+27,2.0000e+25,1.4290e+32,1.3024e+32,184
280,2,0.1000,0.2000,1.3350e+28,4.2100e+27,7.9800e+27,5.3000e+26,2.9881e+32,1.8002e+32,184
280,3,0.2000,0.3500,1.9540e+28,1.7020e+28,1.5930e+28,6.6000e+27,2.3174e+32,1.8158e+32,184
280,4,0.3500,0.5500,2.9790e+28,5.1560e+28,2.0440e+28,2.5210e+28,2.1446e+32,1.4539e+32,184
280,5,0.5500,1.0100,3.9190e+28,1.7022e+29,3.0850e+28,1.3017e+29,1.7098e+32,1.3358e+32,184
281,0,0.0000,0.0500,2.5500e+27,1.0000e+25,1.5200e+27,0.0000e+00,3.2396e+32,1.8961e+32,182
281,1,0.0500,0.1000,3.3000e+27,2.9000e+26,2.7600e+27,2.0000e+25,1.3569e+32,1.2465e+32,182
281,2,0.1000,0.2000,1.3510e+28,4.0300e+27,8.1700e+27,6.0000e+26,2.9839e+32,1.7854e+32,182
281,3,0.2000,0.3500,1.9880e+28,1.6240e+28,1.5280e+28,6.1700e+27,2.2893e+32,1.7649e+32,182
281,4,0.3500,0.5500,3.0160e+28,5.1300e+28,2.0420e+28,2.4870e+28,2.1700e+32,1.4662e+32,182
281,5,0.5500,1.0100,3.7760e+28,1.6495e+29,2.9210e+28,1.3055e+29,1.6722e+32,1.2691e+32,182
282,0,0.0000,0.0500,2.4300e+27,2.0000e+25,1.9700e+27,0.0000e+00,3.2473e+32,2.0285e+32,182
282,1,0.0500,0.1000,3.3600e+27,3.1000e+26,2.6600e+27,0.0000e+00,1.2880e+32,1.1382e+32,182
282,2,0.1000,0.2000,1.2810e+28,3.7800e+27,8.4600e+27,7.4000e+26,2.7965e+32,1.7681e+32,182
282,3,0.2000,0.3500,2.1000e+28,1.7990e+28,1.4830e+28,5.7900e+27,2.5184e+32,1.8237e+32,182
282,4,0.3500,0.5500,3.1020e+28,5.2500e+28,2.0770e+28,2.7260e+28,2.1723e+32,1.4580e+32,182
282,5,0.5500,1.0100,3.8220e+28,1.7101e+29,2.8380e+28,1.3366e+29,1.6582e+32,1.2001e+32,182
283,0,0.0000,0.0500,2.7700e+27,0.0000e+00,2.0200e+27,0.0000e+00,3.2194e+32,2.2458e+32,180
283,1,0.0500,0.1000,3.2200e+27,3.1000e+26,2.1400e+27,0.0000e+00,1.2364e+32,8.9658e+31,180
283,2,0.1000,0.2000,1.2020e+28,3.5100e+27,8.2900e+27,7.7000e+26,2.6751e+32,1.7916e+32,180
283,3,0.2000,0.3500,2.1920e+28,1.8010e+28,1.4870e+28,5.7200e+27,2.6234e+32,1.7672e+32,180
283,4,0.3500,0.5500,2.9080e+28,5.3580e+28,2.0990e+28,2.6820e+28,2.1373e+32,1.4321e+32,180
283,5,0.5500,1.0100,3.6850e+28,1.6779e+29,2.7710e+28,1.2611e+29,1.6075e+32,1.1656e+32,180
284,0,0.0000,0.0500,3.0600e+27,1.0000e+25,2.0800e+27,0.0000e+00,3.2084e+32,2.3692e+32,179
284,1,0.0500,0.1000,3.1200e+27,2.2000e+26,1.6500e+27,4.0000e+25,1.1539e+32,8.0906e+31,179
284,2,0.1000,0.2000,1.1560e+28,3.7400e+27,7.8800e+27,6.5000e+26,2.6330e+32,1.7413e+32,179
284,3,0.2000,0.3500,2.2170e+28,1.8890e+28,1.4550e+28,5.9000e+27,2.6622e+32,1.7498e+32,179
284,4,0.3500,0.5500,3.1300e+28,5.4610e+28,2.0160e+28,2.5870e+28,2.1709e+32,1.4209e+32,179
284,5,0.5500,1.0100,3.6210e+28,1.6996e+29,2.8020e+28,1.2740e+29,1.5648e+32,1.1432e+32,179
285,0,0.0000,0.0500,2.8700e+27,0.0000e+00,2.0600e+27,0.0000e+00,3.0523e+32,2.4596e+32,178
285,1,0.0500,0.1000,3.0200e+27,2.3000e+26,1.9100e+27,7.0000e+25,1.1727e+32,7.7351e+31,178
285,2,0.1000,0.2000,1.2300e+28,3.0300e+27,7.4700e+27,8.4000e+26,2.6480e+32,1.7271e+32,178
285,3,0.2000,0.3500,2.3920e+28,1.9260e+28,1.4040e+28,5.6600e+27,2.7382e+32,1.6828e+32,178
285,4,0.3500,0.5500,3.1340e+28,5.6010e+28,2.0280e+28,2.7190e+28,2.1523e+32,1.4039e+32,178
285,5,0.5500,1.0100,3.5590e+28,1.7356e+29,2.7310e+28,1.2965e+29,1.5250e+32,1.1226e+32,178
286,0,0.0000,0.0500,2.8000e+27,2.0000e+25,1.8300e+27,1.0000e+25,2.8445e+32,2.4356e+32,176
286,1,0.0500,0.1000,3.0500e+27,2.3000e+26,2.2100e+27,4.0000e+25,1.2700e+32,8.1243e+31,176
286,2,0.1000,0.2000,1.2200e+28,3.9700e+27,7.9800e+27,8.2000e+26,2.6938e+32,1.7345e+32,176
286,3,0.2000,0.3500,2.3320e+28,2.0600e+28,1.4370e+28,6.0900e+27,2.7074e+32,1.6257e+32,176
286,4,0.3500,0.5500,3.1200e+28,5.6330e+28,2.0020e+28,2.7010e+28,2.1170e+32,1.3535e+32,176
286,5,0.5500,1.0100,3.6040e+28,1.6773e+29,2.6360e+28,1.2365e+29,1.4787e+32,1.0942e+32,176
287,0,0.0000,0.0500,2.4200e+27,0.0000e+00,2.2500e+27,0.0000e+00,2.5076e+32,2.4398e+32,176
287,1,0.0500,0.1000,3.3900e+27,2.0000e+26,2.2300e+27,4.0000e+25,1.6092e+32,8.3159e+31,176
287,2,0.1000,0.2000,1.2930e+28,3.5800e+27,7.9100e+27,8.4000e+26,2.6312e+32,1.7912e+32,176
287,3,0.2000,0.3500,2.4420e+28,2.1220e+28,1.3460e+28,6.2400e+27,2.7731e+32,1.5544e+32,176
287,4,0.3500,0.5500,3.2610e+28,5.8790e+28,1.9670e+28,2.6130e+28,2.1097e+32,1.3500e+32,176
287,5,0.5500,1.0100,3.5380e+28,1.7494e+29,2.6370e+28,1.2561e+29,1.4502e+32,1.0781e+32,176
288,0,0.0000,0.0500,2.0700e+27,1.0000e+25,1.7500e+27,0.0000e+00,2.2951e+32,2.4165e+32,174
288,1,0.0500,0.1000,4.0500e+27,2.3000e+26,2.2800e+27,6.0000e+25,1.7828e+32,8.5668e+31,174
288,2,0.1000,0.2000,1.2980e+28,4.0800e+27,8.9300e+27,9.2000e+26,2.6066e+32,1.8684e+32,174
288,3,0.2000,0.3500,2.3890e+28,1.9610e+28,1.2910e+28,5.4500e+27,2.6555e+32,1.4170e+32,174
288,4,0.3500,0.5500,3.1000e+28,5.7050e+28,2.0100e+28,2.6370e+28,2.0920e+32,1.3278e+32,174
288,5,0.5500,1.0100,3.5460e+28,1.7150e+29,2.5690e+28,1.2772e+29,1.4730e+32,1.0490e+32,174
289,0,0.0000,0.0500,1.9600e+27,0.0000e+00,2.1400e+27,0.0000e+00,2.1676e+32,2.4071e+32,173
289,1,0.0500,0.1000,4.3200e+27,3.6000e+26,2.2900e+27,2.0000e+25,1.8190e+32,9.0228e+31,173
289,2,0.1000,0.2000,1.2930e+28,3.9000e+27,9.0300e+27,9.8000e+26,2.6654e+32,1.9049e+32,173
289,3,0.2000,0.3500,2.3850e+28,2.0440e+28,1.2970e+28,5.7300e+27,2.6343e+32,1.3504e+32,173
289,4,0.3500,0.5500,2.9970e+28,5.6510e+28,1.8760e+28,2.7390e+28,2.0433e+32,1.2991e+32,173
289,5,0.5500,1.0100,3.3470e+28,1.6981e+29,2.4490e+28,1.2170e+29,1.4704e+32,1.0123e+32,173
290,0,0.0000,0.0500,2.0500e+27,1.0000e+25,1.7000e+27,0.0000e+00,2.1008e+32,2.4486e+32,173
290,1,0.0500,0.1000,4.5900e+27,3.7000e+26,2.3300e+27,2.0000e+25,1.8937e+32,9.1550e+31,173
290,2,0.1000,0.2000,1.3540e+28,4.4600e+27,9.2300e+27,1.2000e+27,2.6055e+32,1.8590e+32,173
290,3,0.2000,0.3500,2.4720e+28,1.9960e+28,1.3020e+28,5.7200e+27,2.6995e+32,1.3998e+32,173
290,4,0.3500,0.5500,2.9090e+28,5.7070e+28,1.8470e+28,2.5900e+28,1.9897e+32,1.2462e+32,173
290,5,0.5500,1.0100,3.6590e+28,1.7237e+29,2.4040e+28,1.2399e+29,1.4797e+32,9.9718e+31,173
291,0,0.0000,0.0500,1.9000e+27,2.0000e+25,1.5900e+27,0.0000e+00,2.0253e+32,2.4327e+32,171
291,1,0.0500,0.1000,4.9900e+27,3.3000e+26,2.5200e+27,5.0000e+25,1.9303e+32,9.8883e+31,171
291,2,0.1000,0.2000,1.2710e+28,3.9600e+27,8.0700e+27,8.8000e+26,2.5785e+32,1.7494e+32,171
291,3,0.2000,0.3500,2.5050e+28,2.1020e+28,1.3330e+28,6.8400e+27,2.6693e+32,1.4451e+32,171
291,4,0.3500,0.5500,2.8290e+28,5.4040e+28,1.6590e+28,2.4330e+28,1.9354e+32,1.1663e+32,171
291,5,0.5500,1.0100,3.6100e+28,1.7476e+29,2.3620e+28,1.2304e+29,1.4505e+32,9.7305e+31,171
292,0,0.0000,0.0500,1.8500e+27,0.0000e+00,1.4300e+27,0.0000e+00,1.9560e+32,2.4233e+32,170
292,1,0.0500,0.1000,5.0800e+27,4.8000e+26,3.4700e+27,8.0000e+25,1.9847e+32,1.1629e+32,170
292,2,0.1000,0.2000,1.2910e+28,4.1200e+27,8.0600e+27,1.1000e+27,2.5065e+32,1.5982e+32,170
292,3,0.2000,0.3500,2.4350e+28,2.1070e+28,1.3280e+28,6.7900e+27,2.6970e+32,1.4232e+32,170
292,4,0.3500,0.5500,2.8400e+28,5.5070e+28,1.7080e+28,2.6650e+28,1.9086e+32,1.1412e+32,170
292,5,0.5500,1.0100,3.4520e+28,1.7554e+29,2.3720e+28,1.2330e+29,1.4332e+32,9.4781e+31,170
293,0,0.0000,0.0500,1.8800e+27,1.0000e+25,1.4700e+27,0.0000e+00,1.9148e+32,2.4136e+32,169
293,1,0.0500,0.1000,4.7900e+27,4.8000e+26,3.1400e+27,6.0000e+25,1.9037e+32,1.2072e+32,169
293,2,0.1000,0.2000,1.2640e+28,4.0200e+27,8.0500e+27,1.2600e+27,2.6019e+32,1.5791e+32,169
293,3,0.2000,0.3500,2.5310e+28,2.1240e+28,1.3710e+28,7.1000e+27,2.6420e+32,1.4455e+32,169
293,4,0.3500,0.5500,2.8360e+28,5.5270e+28,1.5980e+28,2.5090e+28,1.8938e+32,1.0723e+32,169
293,5,0.5500,1.0100,3.5260e+28,1.7419e+29,2.3180e+28,1.2561e+29,1.4230e+32,9.2329e+31,169
294,0,0.0000,0.0500,1.8500e+27,1.0000e+25,1.4000e+27,0.0000e+00,1.8105e+32,2.4349e+32,168
294,1,0.0500,0.1000,5.2000e+27,5.7000e+26,3.1900e+27,9.0000e+25,1.9599e+32,1.1718e+32,168
294,2,0.1000,0.2000,1.2970e+28,3.6900e+27,8.2500e+27,1.0500e+27,2.5556e+32,1.5715e+32,168
294,3,0.2000,0.3500,2.4320e+28,2.0720e+28,1.4770e+28,7.3300e+27,2.6587e+32,1.4580e+32,168
294,4,0.3500,0.5500,2.8570e+28,5.2410e+28,1.6530e+28,2.4430e+28,1.8820e+32,1.0414e+32,168
294,5,0.5500,1.0100,3.4970e+28,1.7660e+29,2.1850e+28,1.1849e+29,1.4072e+32,9.0586e+31,168
295,0,0.0000,0.0500,1.5900e+27,0.0000e+00,1.3200e+27,0.0000e+00,1.7505e+32,2.4411e+32,167
295,1,0.0500,0.1000,5.6400e+27,5.8000e+26,3.4400e+27,8.0000e+25,2.0045e+32,1.1766e+32,167
295,2,0.1000,0.2000,1.3500e+28,4.2900e+27,7.4400e+27,1.2100e+27,2.5419e+32,1.5381e+32,167
295,3,0.2000,0.3500,2.5080e+28,2.1830e+28,1.3870e+28,7.8600e+27,2.6446e+32,1.4589e+32,167
295,4,0.3500,0.5500,2.8700e+28,5.4450e+28,1.6310e+28,2.5620e+28,1.8549e+32,1.0437e+32,167
295,5,0.5500,1.0100,3.4200e+28,1.7592e+29,2.0800e+28,1.2025e+29,1.3721e+32,8.6632e+31,167
296,0,0.0000,0.0500,1.6600e+27,1.0000e+25,1.2300e+27,2.0000e+25,3.1980e+32,1.5681e+32,166
296,1,0.0500,0.1000,4.9800e+27,5.6000e+26,3.3700e+27,8.0000e+25,1.9536e+32,1.2234e+32,166
296,2,0.1000,0.2000,1.3480e+28,4.3600e+27,7.3400e+27,9.1000e+26,2.5421e+32,1.5124e+32,166
296,3,0.2000,0.3500,2.5640e+28,2.2500e+28,1.3820e+28,7.4200e+27,2.5887e+32,1.4880e+32,166
296,4,0.3500,0.5500,2.8140e+28,5.6250e+28,1.6100e+28,2.6890e+28,1.8160e+32,1.0497e+32,166
296,5,0.5500,1.0100,3.2660e+28,1.6386e+29,2.3020e+28,1.3169e+29,1.2801e+32,9.0646e+31,166
297,0,0.0000,0.0500,2.0900e+27,0.0000e+00,1.2900e+27,0.0000e+00,3.4197e+32,1.4319e+32,165
297,1,0.0500,0.1000,4.6700e+27,5.6000e+26,3.3300e+27,6.0000e+25,1.8735e+32,1.2121e+32,165
297,2,0.1000,0.2000,1.3870e+28,4.6700e+27,7.9000e+27,1.0200e+27,2.5987e+32,1.5063e+32,165
297,3,0.2000,0.3500,2.3760e+28,2.3040e+28,1.3660e+28,7.7300e+27,2.5393e+32,1.4816e+32,165
297,4,0.3500,0.5500,2.8480e+28,5.6150e+28,1.5830e+28,2.4910e+28,1.7946e+32,1.0439e+32,165
297,5,0.5500,1.0100,3.0330e+28,1.6187e+29,2.2990e+28,1.3201e+29,1.2583e+32,8.9784e+31,165
298,0,0.0000,0.0500,1.8600e+27,0.0000e+00,1.4200e+27,0.0000e+00,3.3332e+32,1.4741e+32,164
298,1,0.0500,0.1000,5.6700e+27,6.1000e+26,2.8600e+27,8.0000e+25,1.9432e+32,1.1565e+32,164
298,2,0.1000,0.2000,1.3890e+28,4.8800e+27,7.6500e+27,9.4000e+26,2.5875e+32,1.5221e+32,164
298,3,0.2000,0.3500,2.4820e+28,2.1890e+28,1.3790e+28,7.5500e+27,2.5208e+32,1.4506e+32,164
298,4,0.3500,0.5500,2.8090e+28,5.3710e+28,1.5220e+28,2.5920e+28,1.7569e+32,1.0384e+32,164
298,5,0.5500,1.0100,3.1250e+28,1.6641e+29,2.2090e+28,1.3210e+29,1.2393e+32,8.7661e+31,164
299,0,0.0000,0.0500,2.0100e+27,1.0000e+25,1.6200e+27,0.0000e+00,3.3161e+32,1.4887e+32,163
299,1,0.0500,0.1000,6.1300e+27,5.3000e+26,3.4200e+27,9.0000e+25,1.9442e+32,1.1728e+32,163
299,2,0.1000,0.2000,1.3470e+28,5.0000e+27,8.0300e+27,1.1700e+27,2.5750e+32,1.4883e+32,163
299,3,0.2000,0.3500,2.4020e+28,2.3230e+28,1.4470e+28,8.3800e+27,2.4358e+32,1.4512e+32,163
299,4,0.3500,0.5500,2.7910e+28,5.6500e+28,1.5940e+28,2.6220e+28,1.7988e+32,1.0124e+32,163
299,5,0.5500,1.0100,2.9640e+28,1.6482e+29,2.1520e+28,1.3209e+29,1.2073e+32,8.4822e+31,163
300,0,0.0000,0.0500,2.0200e+27,1.0000e+25,1.4400e+27,0.0000e+00,3.3047e+32,1.4955e+32,162
300,1,0.0500,0.1000,5.2100e+27,5.6000e+26,3.0300e+27,1.2000e+26,1.8444e+32,1.1838e+32,162
300,2,0.1000,0.2000,1.3720e+28,4.7500e+27,7.5500e+27,8.3000e+26,2.5762e+32,1.4511e+32,162
300,3,0.2000,0.3500,2.3820e+28,2.1770e+28,1.3980e+28,8.5300e+27,2.3931e+32,1.4511e+32,162
300,4,0.3500,0.5500,2.9600e+28,5.5820e+28,1.6100e+28,2.7160e+28,1.8598e+32,1.0068e+32,162
300,5,0.5500,1.0100,2.9730e+28,1.6352e+29,2.1320e+28,1.3326e+29,1.1937e+32,8.2097e+31,162
301,0,0.0000,0.0500,2.0000e+27,0.0000e+00,1.5100e+27,0.0000e+00,3.3135e+32,1.5281e+32,162
301,1,0.0500,0.1000,4.9500e+27,3.8000e+26,3.0000e+27,7.0000e+25,1.5972e+32,1.1540e+32,162
301,2,0.1000,0.2000,1.4850e+28,5.2600e+27,7.0700e+27,1.0800e+27,2.7876e+32,1.4833e+32,162
301,3,0.2000,0.3500,2.4690e+28,2.2180e+28,1.3890e+28,8.2600e+27,2.4289e+32,1.4264e+32,162
301,4,0.3500,0.5500,3.0350e+28,5.5110e+28,1.6350e+28,2.7760e+28,1.8448e+32,1.0068e+32,162
301,5,0.5500,1.0100,2.9680e+28,1.6572e+29,2.1500e+28,1.2873e+29,1.1778e+32,8.0358e+31,162
302,0,0.0000,0.0500,2.4300e+27,0.0000e+00,1.6700e+27,0.0000e+00,3.2812e+32,1.5103e+32,160
302,1,0.0500,0.1000,4.2600e+27,3.6000e+26,3.1800e+27,7.0000e+25,1.4729e+32,1.1420e+32,160
302,2,0.1000,0.2000,1.5100e+28,5.7100e+27,7.0200e+27,8.5000e+26,2.8669e+32,1.4701e+32,160
302,3,0.2000,0.3500,2.2950e+28,2.0590e+28,1.3560e+28,8.3000e+27,2.3541e+32,1.4062e+32,160
302,4,0.3500,0.5500,2.8850e+28,5.8090e+28,1.5520e+28,2.7050e+28,1.8488e+32,9.9077e+31,160
302,5,0.5500,1.0100,2.9790e+28,1.6386e+29,2.0750e+28,1.2568e+29,1.1391e+32,7.8154e+31,160
303,0,0.0000,0.0500,2.5400e+27,0.0000e+00,1.6100e+27,0.0000e+00,3.2846e+32,1.5508e+32,160
303,1,0.0500,0.1000,3.9800e+27,4.8000e+26,2.8600e+27,6.0000e+25,1.4240e+32,1.1051e+32,160
303,2,0.1000,0.2000,1.5460e+28,5.4700e+27,7.6500e+27,9.8000e+26,2.9294e+32,1.4721e+32,160
303,3,0.2000,0.3500,2.2250e+28,2.1250e+28,1.3550e+28,8.5500e+27,2.2856e+32,1.4075e+32,160
303,4,0.3500,0.5500,3.0600e+28,5.8900e+28,1.5900e+28,2.6980e+28,1.8991e+32,9.9680e+31,160
303,5,0.5500,1.0100,2.9280e+28,1.6226e+29,2.0260e+28,1.2983e+29,1.1149e+32,7.6242e+31,160
304,0,0.0000,0.0500,2.3000e+27,0.0000e+00,1.5600e+27,0.0000e+00,3.2010e+32,1.5488e+32,159
304,1,0.0500,0.1000,4.3100e+27,3.0000e+26,2.5400e+27,4.0000e+25,1.4037e+32,1.0934e+32,159
304,2,0.1000,0.2000,1.5900e+28,5.3900e+27,7.4200e+27,1.0700e+27,3.0025e+32,1.4859e+32,159
304,3,0.2000,0.3500,2.1180e+28,2.0220e+28,1.2740e+28,7.2600e+27,2.1896e+32,1.3771e+32,159
304,4,0.3500,0.5500,3.0390e+28,6.0170e+28,1.6750e+28,2.8220e+28,1.9498e+32,9.9639e+31,159
304,5,0.5500,1.0100,2.8350e+28,1.5979e+29,2.0190e+28,1.2763e+29,1.0847e+32,7.4003e+31,159
305,0,0.0000,0.0500,2.5200e+27,0.0000e+00,1.6400e+27,0.0000e+00,3.1689e+32,1.5649e+32,157
305,1,0.0500,0.1000,3.9500e+27,4.9000e+26,2.3900e+27,2.0000e+25,1.3883e+32,1.0473e+32,157
305,2,0.1000,0.2000,1.6350e+28,6.1000e+27,7.7500e+27,9.6000e+26,2.9704e+32,1.4854e+32,157
305,3,0.2000,0.3500,2.1430e+28,2.0060e+28,1.2830e+28,7.8800e+27,2.1604e+32,1.3432e+32,157
305,4,0.3500,0.5500,3.0070e+28,5.9850e+28,1.5810e+28,2.8980e+28,1.9091e+32,9.9396e+31,157
305,5,0.5500,1.0100,2.6620e+28,1.5427e+29,1.9590e+28,1.2410e+29,1.0470e+32,7.0918e+31,157
306,0,0.0000,0.0500,2.6900e+27,1.0000e+25,1.7500e+27,0.0000e+00,3.1977e+32,1.5891e+32,158
306,1,0.0500,0.1000,3.4400e+27,4.2000e+26,2.9100e+27,6.0000e+25,1.3107e+32,1.0819e+32,158
306,2,0.1000,0.2000,1.6580e+28,6.1400e+27,7.3700e+27,1.1300e+27,3.0123e+32,1.4579e+32,158
306,3,0.2000,0.3500,2.2860e+28,1.9970e+28,1.4000e+28,8.6700e+27,2.2075e+32,1.3523e+32,158
306,4,0.3500,0.5500,3.0480e+28,5.9010e+28,1.6150e+28,3.0160e+28,1.9260e+32,9.9747e+31,158
306,5,0.5500,1.0100,2.6940e+28,1.5816e+29,1.9840e+28,1.3084e+29,1.0463e+32,7.0553e+31,158
307,0,0.0000,0.0500,2.8500e+27,0.0000e+00,1.8200e+27,0.0000e+00,3.1661e+32,1.6312e+32,156
307,1,0.0500,0.1000,3.9800e+27,4.3000e+26,2.7800e+27,9.0000e+25,1.2964e+32,1.0133e+32,156
307,2,0.1000,0.2000,1.5270e+28,4.9100e+27,7.4500e+27,1.0500e+27,2.8428e+32,1.4367e+32,156
307,3,0.2000,0.3500,2.2580e+28,2.0480e+28,1.2900e+28,7.6000e+27,2.2803e+32,1.3458e+32,156
307,4,0.3500,0.5500,3.1270e+28,6.0860e+28,1.6390e+28,2.9880e+28,1.9007e+32,9.9243e+31,156
307,5,0.5500,1.0100,2.7120e+28,1.6130e+29,1.7570e+28,1.1988e+29,1.0277e+32,6.6711e+31,156
308,0,0.0000,0.0500,3.0300e+27,2.0000e+25,1.6300e+27,1.0000e+25,3.1542e+32,1.6592e+32,155
308,1,0.0500,0.1000,3.7400e+27,4.5000e+26,2.5800e+27,5.0000e+25,1.2905e+32,9.7217e+31,155
308,2,0.1000,0.2000,1.5030e+28,5.1400e+27,7.1900e+27,1.1000e+27,2.7539e+32,1.4293e+32,155
308,3,0.2000,0.3500,2.3030e+28,2.0870e+28,1.3080e+28,8.0600e+27,2.3398e+32,1.3634e+32,155
308,4,0.3500,0.5500,2.9950e+28,6.1210e+28,1.5330e+28,2.8270e+28,1.8745e+32,9.7153e+31,155
308,5,0.5500,1.0100,2.6620e+28,1.6122e+29,1.6940e+28,1.1984e+29,1.0029e+32,6.3589e+31,155
309,0,0.0000,0.0500,3.0500e+27,3.0000e+25,1.9400e+27,0.0000e+00,3.1627e+32,1.6981e+32,155
309,1,0.0500,0.1000,3.3300e+27,4.2000e+26,2.5200e+27,2.0000e+25,1.2079e+32,9.3696e+31,155
309,2,0.1000,0.2000,1.4730e+28,5.0300e+27,7.5300e+27,1.3700e+27,2.7282e+32,1.4311e+32,155
309,3,0.2000,0.3500,2.4180e+28,2.2800e+28,1.3090e+28,8.7800e+27,2.4551e+32,1.3785e+32,155
309,4,0.3500,0.5500,3.0500e+28,6.0650e+28,1.6660e+28,3.1260e+28,1.8598e+32,9.5751e+31,155
309,5,0.5500,1.0100,2.5870e+28,1.6036e+29,1.7320e+28,1.2234e+29,9.8345e+31,6.2166e+31,155
310,0,0.0000,0.0500,3.3800e+27,2.0000e+25,1.8100e+27,0.0000e+00,3.1499e+32,1.7435e+32,154
310,1,0.0500,0.1000,3.3500e+27,4.0000e+26,2.0900e+27,8.0000e+25,1.2001e+32,8.7856e+31,154
310,2,0.1000,0.2000,1.4820e+28,4.3700e+27,7.5600e+27,1.3000e+27,2.6759e+32,1.4375e+32,154
310,3,0.2000,0.3500,2.5090e+28,2.2000e+28,1.4220e+28,8.5000e+27,2.4794e+32,1.3574e+32,154
310,4,0.3500,0.5500,3.0350e+28,6.2690e+28,1.6660e+28,3.0480e+28,1.8336e+32,9.4936e+31,154
310,5,0.5500,1.0100,2.5410e+28,1.5615e+29,1.6540e+28,1.2171e+29,9.5704e+31,6.0985e+31,154
311,0,0.0000,0.0500,3.0500e+27,2.0000e+25,2.2200e+27,0.0000e+00,3.1378e+32,1.8094e+32,153
311,1,0.0500,0.1000,3.6700e+27,3.1000e+26,2.2100e+27,5.0000e+25,1.1945e+32,7.9913e+31,153
311,2,0.1000,0.2000,1.5270e+28,4.7800e+27,8.1100e+27,1.0300e+27,2.6632e+32,1.4567e+32,153
311,3,0.2000,0.3500,2.5660e+28,2.2070e+28,1.3140e+28,8.3400e+27,2.4619e+32,1.3227e+32,153
311,4,0.3500,0.5500,2.8880e+28,6.2180e+28,1.5960e+28,3.0000e+28,1.8070e+32,9.4003e+31,153
311,5,0.5500,1.0100,2.4030e+28,1.5825e+29,1.6580e+28,1.2118e+29,9.3185e+31,5.9959e+31,153
312,0,0.0000,0.0500,3.5900e+27,1.0000e+25,2.1700e+27,1.0000e+25,3.1456e+32,1.9400e+32,153
312,1,0.0500,0.1000,3.7600e+27,5.1000e+26,1.8400e+27,9.0000e+25,1.1970e+32,6.7239e+31,153
312,2,0.1000,0.2000,1.3280e+28,4.6600e+27,7.2300e+27,1.2000e+27,2.5932e+32,1.4588e+32,153
312,3,0.2000,0.3500,2.4500e+28,2.1730e+28,1.2940e+28,8.3700e+27,2.5345e+32,1.3227e+32,153
312,4,0.3500,0.5500,2.9190e+28,6.2020e+28,1.5760e+28,3.1220e+28,1.7905e+32,9.3614e+31,153
312,5,0.5500,1.0100,2.4780e+28,1.4902e+29,1.6630e+28,1.2409e+29,9.1277e+31,5.9267e+31,153
313,0,0.0000,0.0500,3.4600e+27,1.0000e+25,2.3300e+27,1.0000e+25,3.1329e+32,1.9763e+32,152
313,1,0.0500,0.1000,3.8200e+27,3.6000e+26,1.6700e+27,5.0000e+25,1.1780e+32,6.4901e+31,152
313,2,0.1000,0.2000,1.4060e+28,4.2900e+27,7.6900e+27,1.2000e+27,2.5479e+32,1.4245e+32,152
313,3,0.2000,0.3500,2.6160e+28,2.3100e+28,1.3830e+28,8.0100e+27,2.5620e+32,1.3133e+32,152
313,4,0.3500,0.5500,2.9310e+28,6.0960e+28,1.5290e+28,3.0250e+28,1.7631e+32,9.2690e+31,152
313,5,0.5500,1.0100,2.4080e+28,1.5228e+29,1.6490e+28,1.2240e+29,8.8745e+31,5.8192e+31,152
314,0,0.0000,0.0500,3.5400e+27,0.0000e+00,2.2600e+27,2.0000e+25,3.1199e+32,1.9666e+32,151
314,1,0.0500,0.1000,3.4900e+27,3.9000e+26,2.0600e+27,2.0000e+25,1.0982e+32,6.6187e+31,151
314,2,0.1000,0.2000,1.3490e+28,4.4800e+27,7.9400e+27,1.2800e+27,2.5697e+32,1.4005e+32,151
314,3,0.2000,0.3500,2.6450e+28,2.2130e+28,1.1830e+28,8.2900e+27,2.5290e+32,1.3043e+32,151
314,4,0.3500,0.5500,2.9860e+28,6.1950e+28,1.5490e+28,3.0870e+28,1.7907e+32,9.1826e+31,151
314,5,0.5500,1.0100,2.2680e+28,1.4860e+29,1.6210e+28,1.2247e+29,8.6291e+31,5.7162e+31,151
315,0,0.0000,0.0500,3.4100e+27,5.0000e+25,2.1900e+27,2.0000e+25,3.1063e+32,1.9565e+32,150
315,1,0.0500,0.1000,3.3600e+27,4.8000e+26,2.1100e+27,1.0000e+26,1.0926e+32,6.5808e+31,150
315,2,0.1000,0.2000,1.3780e+28,4.4400e+27,7.1900e+27,1.4600e+27,2.5565e+32,1.3932e+32,150
315,3,0.2000,0.3500,2.5430e+28,2.2800e+28,1.2980e+28,8.2300e+27,2.5050e+32,1.2957e+32,150
315,4,0.3500,0.5500,2.9570e+28,6.3190e+28,1.5860e+28,3.2780e+28,1.7711e+32,9.1045e+31,150
315,5,0.5500,1.0100,2.2580e+28,1.4848e+29,1.5520e+28,1.2232e+29,8.3904e+31,5.6022e+31,150
316,0,0.0000,0.0500,3.6300e+27,7.0000e+25,2.1500e+27,1.0000e+25,3.1140e+32,1.9596e+32,150
316,1,0.0500,0.1000,3.3400e+27,4.4000e+26,1.8100e+27,5.0000e+25,1.0942e+32,6.5875e+31,150
316,2,0.1000,0.2000,1.3710e+28,4.7900e+27,7.7000e+27,1.3700e+27,2.5606e+32,1.3956e+32,150
316,3,0.2000,0.3500,2.5250e+28,2.2460e+28,1.3200e+28,8.2900e+27,2.5040e+32,1.2959e+32,150
316,4,0.3500,0.5500,2.9640e+28,6.0580e+28,1.5600e+28,3.0930e+28,1.7560e+32,9.0851e+31,150
316,5,0.5500,1.0100,2.2830e+28,1.5046e+29,1.5900e+28,1.2500e+29,8.2372e+31,5.5475e+31,150
317,0,0.0000,0.0500,3.3600e+27,6.0000e+25,2.1900e+27,1.0000e+25,3.0835e+32,2.0059e+32,149
317,1,0.0500,0.1000,3.4000e+27,3.5000e+26,1.8100e+27,9.0000e+25,1.0869e+32,6.3145e+31,149
317,2,0.1000,0.2000,1.4260e+28,4.3200e+27,6.9600e+27,1.2900e+27,2.5388e+32,1.3787e+32,149
317,3,0.2000,0.3500,2.6330e+28,2.2480e+28,1.2840e+28,8.9500e+27,2.5123e+32,1.2639e+32,149
317,4,0.3500,0.5500,2.9760e+28,6.1780e+28,1.4880e+28,3.1960e+28,1.7293e+32,8.9938e+31,149
317,5,0.5500,1.0100,2.2250e+28,1.4546e+29,1.6040e+28,1.2035e+29,8.0239e+31,5.4443e+31,149
318,0,0.0000,0.0500,3.4000e+27,4.0000e+25,2.1800e+27,1.0000e+25,2.9682e+32,2.0421e+32,149
318,1,0.0500,0.1000,3.0100e+27,4.4000e+26,1.8800e+27,9.0000e+25,1.1104e+32,6.2630e+31,149
318,2,0.1000,0.2000,1.3610e+28,3.9200e+27,7.4700e+27,1.3800e+27,2.5725e+32,1.3806e+32,149
318,3,0.2000,0.3500,2.5670e+28,2.3570e+28,1.2920e+28,9.0500e+27,2.5807e+32,1.2371e+32,149
318,4,0.3500,0.5500,3.0040e+28,6.2070e+28,1.5910e+28,3.1500e+28,1.7163e+32,8.9681e+31,149
318,5,0.5500,1.0100,2.1830e+28,1.5225e+29,1.4970e+28,1.2055e+29,7.8760e+31,5.3725e+31,149
319,0,0.0000,0.0500,3.6100e+27,3.0000e+25,2.2800e+27,1.0000e+25,2.9518e+32,2.0311e+32,148
319,1,0.0500,0.1000,2.8700e+27,2.8000e+26,2.0100e+27,9.0000e+25,1.1076e+32,6.2313e+31,148
319,2,0.1000,0.2000,1.4050e+28,3.8700e+27,7.6000e+27,1.1300e+27,2.5583e+32,1.3728e+32,148
319,3,0.2000,0.3500,2.6010e+28,2.3480e+28,1.2880e+28,8.2400e+27,2.5620e+32,1.2298e+32,148
319,4,0.3500,0.5500,2.9290e+28,6.0890e+28,1.5250e+28,2.9840e+28,1.6914e+32,8.8826e+31,148
319,5,0.5500,1.0100,2.1930e+28,1.5360e+29,1.4190e+28,1.1873e+29,7.6922e+31,5.2630e+31,148
320,0,0.0000,0.0500,3.6000e+27,5.0000e+25,2.0800e+27,1.0000e+25,2.9382e+32,2.0206e+32,147
320,1,0.0500,0.1000,3.1800e+27,4.7000e+26,2.1400e+27,9.0000e+25,1.1017e+32,6.2009e+31,147
320,2,0.1000,0.2000,1.3640e+28,4.0500e+27,7.1900e+27,1.3200e+27,2.5452e+32,1.3643e+32,147
320,3,0.2000,0.3500,2.5660e+28,2.3270e+28,1.2780e+28,8.9300e+27,2.5405e+32,1.2217e+32,147
320,4,0.3500,0.5500,2.9020e+28,6.0230e+28,1.4640e+28,3.0540e+28,1.6676e+32,8.7921e+31,147
320,5,0.5500,1.0100,2.0670e+28,1.5080e+29,1.4080e+28,1.1811e+29,7.5251e+31,5.1547e+31,147
321,0,0.0000,0.0500,3.4000e+27,9.0000e+25,2.1600e+27,0.0000e+00,2.9450e+32,2.0238e+32,147
321,1,0.0500,0.1000,3.4700e+27,2.4000e+26,1.6200e+27,7.0000e+25,1.1032e+32,6.2106e+31,147
321,2,0.1000,0.2000,1.4670e+28,4.2800e+27,7.2600e+27,1.2200e+27,2.5500e+32,1.3658e+32,147
321,3,0.2000,0.3500,2.6170e+28,2.3820e+28,1.2710e+28,8.4900e+27,2.5366e+32,1.2218e+32,147
321,4,0.3500,0.5500,2.8010e+28,5.9480e+28,1.5330e+28,3.1880e+28,1.6529e+32,8.7624e+31,147
321,5,0.5500,1.0100,2.0780e+28,1.4653e+29,1.4480e+28,1.2410e+29,7.3938e+31,5.1055e+31,147
322,0,0.0000,0.0500,4.0000e+27,3.0000e+25,2.2800e+27,0.0000e+00,2.9513e+32,2.0268e+32,147
322,1,0.0500,0.1000,3.2300e+27,3.6000e+26,1.9900e+27,3.0000e+25,1.1052e+32,6.2168e+31,147
322,2,0.1000,0.2000,1.4360e+28,4.0700e+27,7.8100e+27,1.4700e+27,2.5544e+32,1.3682e+32,147
322,3,0.2000,0.3500,2.6340e+28,2.3270e+28,1.2930e+28,9.2100e+27,2.5337e+32,1.2369e+32,147
322,4,0.3500,0.5500,2.8010e+28,5.9240e+28,1.4810e+28,3.1670e+28,1.6370e+32,8.5922e+31,147
322,5,0.5500,1.0100,2.0220e+28,1.4532e+29,1.4300e+28,1.2999e+29,7.2603e+31,5.0672e+31,147
323,0,0.0000,0.0500,3.5600e+27,2.0000e+25,2.5900e+27,1.0000e+25,2.9174e+32,2.0027e+32,145
323,1,0.0500,0.1000,3.2800e+27,2.9000e+26,2.1300e+27,6.0000e+25,1.0916e+32,6.5544e+31,145
323,2,0.1000,0.2000,1.4000e+28,4.1900e+27,7.5000e+27,1.2600e+27,2.5230e+32,1.3227e+32,145
323,3,0.2000,0.3500,2.6600e+28,2.3640e+28,1.2520e+28,9.8900e+27,2.4952e+32,1.2218e+32,145
323,4,0.3500,0.5500,2.8060e+28,5.7830e+28,1.4520e+28,3.1070e+28,1.6001e+32,8.3224e+31,145
323,5,0.5500,1.0100,1.9790e+28,1.4866e+29,1.4400e+28,1.2731e+29,7.0262e+31,4.9715e+31,145
324,0,0.0000,0.0500,3.5900e+27,5.0000e+25,2.0300e+27,0.0000e+00,2.9238e+32,2.0057e+32,145
324,1,0.0500,0.1000,2.9500e+27,2.3000e+26,2.1100e+27,1.1000e+26,1.0131e+32,6.5705e+31,145
324,2,0.1000,0.2000,1.4330e+28,4.4200e+27,7.7600e+27,1.3200e+27,2.6067e+32,1.3425e+32,145
324,3,0.2000,0.3500,2.5810e+28,2.4230e+28,1.2630e+28,9.3400e+27,2.4914e+32,1.2030e+32,145
324,4,0.3500,0.5500,2.7680e+28,5.8580e+28,1.4850e+28,3.0820e+28,1.5884e+32,8.2993e+31,145
324,5,0.5500,1.0100,1.9020e+28,1.4378e+29,1.4580e+28,1.2996e+29,6.8991e+31,4.9404e+31,145
325,0,0.0000,0.0500,3.7300e+27,9.0000e+25,2.2800e+27,2.0000e+25,2.9296e+32,2.0085e+32,145
325,1,0.0500,0.1000,3.3100e+27,2.8000e+26,2.1000e+27,1.0000e+26,1.0096e+32,6.5805e+31,145
325,2,0.1000,0.2000,1.5000e+28,3.8400e+27,7.9700e+27,1.3600e+27,2.6141e+32,1.3440e+32,145
325,3,0.2000,0.3500,2.5770e+28,2.3680e+28,1.2460e+28,9.2300e+27,2.4878e+32,1.2036e+32,145
325,4,0.3500,0.5500,2.6430e+28,5.7120e+28,1.4350e+28,3.1660e+28,1.5754e+32,8.2895e+31,145
325,5,0.5500,1.0100,1.9600e+28,1.4020e+29,1.4810e+28,1.2217e+29,6.7787e+31,4.8914e+31,145
326,0,0.0000,0.0500,3.8700e+27,8.0000e+25,2.0200e+27,0.0000e+00,2.8691e+32,1.9975e+32,144
326,1,0.0500,0.1000,3.0000e+27,4.0000e+26,1.9700e+27,1.1000e+26,1.0502e+32,6.5415e+31,144
326,2,0.1000,0.2000,1.4790e+28,4.2000e+27,7.2700e+27,1.4200e+27,2.5987e+32,1.3360e+32,144
326,3,0.2000,0.3500,2.7280e+28,2.3870e+28,1.2580e+28,9.3400e+27,2.4667e+32,1.1954e+32,144
326,4,0.3500,0.5500,2.8110e+28,5.6090e+28,1.4320e+28,2.9960e+28,1.5526e+32,8.2033e+31,144
326,5,0.5500,1.0100,1.9750e+28,1.4858e+29,1.3960e+28,1.2549e+29,6.6271e+31,4.8155e+31,144
327,0,0.0000,0.0500,3.6300e+27,3.0000e+25,2.1100e+27,0.0000e+00,2.7515e+32,2.0004e+32,144
327,1,0.0500,0.1000,3.6000e+27,2.2000e+26,1.9300e+27,9.0000e+25,1.1755e+32,6.5499e+31,144
327,2,0.1000,0.2000,1.5100e+28,4.6200e+27,7.8600e+27,1.5600e+27,2.6022e+32,1.3464e+32,144
327,3,0.2000,0.3500,2.5760e+28,2.3310e+28,1.2740e+28,9.8700e+27,2.4631e+32,1.1875e+32,144
327,4,0.3500,0.5500,2.7490e+28,5.9360e+28,1.5260e+28,3.2400e+28,1.5417e+32,8.1797e+31,144
327,5,0.5500,1.0100,1.8220e+28,1.5484e+29,1.4260e+28,1.2532e+29,6.5511e+31,4.7740e+31,144
328,0,0.0000,0.0500,3.3000e+27,6.0000e+25,1.9900e+27,0.0000e+00,2.6652e+32,1.9892e+32,143
328,1,0.0500,0.1000,3.5900e+27,2.8000e+26,1.9900e+27,9.0000e+25,1.2417e+32,6.5096e+31,143
328,2,0.1000,0.2000,1.5390e+28,3.9500e+27,8.0600e+27,1.6600e+27,2.5868e+32,1.3740e+32,143
328,3,0.2000,0.3500,2.6690e+28,2.3200e+28,1.2110e+28,9.4700e+27,2.4429e+32,1.1443e+32,143
328,4,0.3500,0.5500,2.6980e+28,5.9110e+28,1.3770e+28,3.2550e+28,1.5201e+32,8.1060e+31,143
328,5,0.5500,1.0100,1.8210e+28,1.4830e+29,1.3470e+28,1.2651e+29,6.4277e+31,4.7121e+31,143
329,0,0.0000,0.0500,3.4000e+27,3.0000e+25,2.4500e+27,1.0000e+25,2.6706e+32,1.9923e+32,143
329,1,0.0500,0.1000,3.5200e+27,2.7000e+26,2.0700e+27,6.0000e+25,1.2432e+32,6.5180e+31,143
329,2,0.1000,0.2000,1.5390e+28,4.4300e+27,7.9400e+27,1.7100e+27,2.5900e+32,1.3753e+32,143
329,3,0.2000,0.3500,2.5420e+28,2.4840e+28,1.1670e+28,9.0300e+27,2.4399e+32,1.1442e+32,143
329,4,0.3500,0.5500,2.7280e+28,5.9220e+28,1.4430e+28,3.1010e+28,1.5103e+32,8.0835e+31,143
329,5,0.5500,1.0100,1.8200e+28,1.4328e+29,1.3820e+28,1.2923e+29,6.3188e+31,4.6843e+31,143
330,0,0.0000,0.0500,3.0200e+27,3.0000e+25,2.2200e+27,0.0000e+00,2.5786e+32,1.9815e+32,142
330,1,0.0500,0.1000,3.6500e+27,2.8000e+26,2.4400e+27,9.0000e+25,1.3139e+32,6.4772e+31,142
330,2,0.1000,0.2000,1.4500e+28,4.2900e+27,7.4500e+27,1.6700e+27,2.5749e+32,1.3666e+32,142
330,3,0.2000,0.3500,2.6790e+28,2.3500e+28,1.2160e+28,9.5200e+27,2.4188e+32,1.1362e+32,142
330,4,0.3500,0.5500,2.6720e+28,5.7990e+28,1.4460e+28,3.2250e+28,1.4892e+32,8.0144e+31,142
330,5,0.5500,1.0100,1.7330e+28,1.4549e+29,1.3800e+28,1.2821e+29,6.1867e+31,4.6203e+31,142
331,0,0.0000,0.0500,2.8900e+27,6.0000e+25,2.3400e+27,0.0000e+00,2.5399e+32,1.9846e+32,142
331,1,0.0500,0.1000,3.7900e+27,3.6000e+26,2.0300e+27,1.6000e+26,1.3578e+32,6.4846e+31,142
331,2,0.1000,0.2000,1.4440e+28,4.0800e+27,8.2200e+27,1.5800e+27,2.5783e+32,1.3677e+32,142
331,3,0.2000,0.3500,2.6920e+28,2.3630e+28,1.2820e+28,9.3500e+27,2.4142e+32,1.1362e+32,142
331,4,0.3500,0.5500,2.6940e+28,5.9630e+28,1.3610e+28,3.3900e+28,1.4802e+32,8.0074e+31,142
331,5,0.5500,1.0100,1.8260e+28,1.4924e+29,1.3440e+28,1.2665e+29,6.1095e+31,4.5958e+31,142
332,0,0.0000,0.0500,3.3600e+27,8.0000e+25,2.2000e+27,0.0000e+00,2.5434e+32,1.9871e+32,142
332,1,0.0500,0.1000,4.0300e+27,3.3000e+26,1.8500e+27,1.0000e+26,1.3597e+32,6.4898e+31,142
332,2,0.1000,0.2000,1.5650e+28,4.6600e+27,7.6200e+27,1.5400e+27,2.5807e+32,1.3687e+32,142
332,3,0.2000,0.3500,2.6180e+28,2.3660e+28,1.2440e+28,9.6200e+27,2.4101e+32,1.1358e+32,142
332,4,0.3500,0.5500,2.6510e+28,5.7750e+28,1.4450e+28,3.2820e+28,1.4719e+32,8.0064e+31,142
332,5,0.5500,1.0100,1.7850e+28,1.4858e+29,1.3080e+28,1.3160e+29,6.0383e+31,4.5760e+31,142
333,0,0.0000,0.0500,3.2200e+27,3.0000e+25,2.5500e+27,1.0000e+25,2.5289e+32,1.9755e+32,141
333,1,0.0500,0.1000,3.8500e+27,3.1000e+26,2.0700e+27,5.0000e+25,1.3518e+32,6.4506e+31,141
333,2,0.1000,0.2000,1.5070e+28,4.3900e+27,8.1300e+27,1.9300e+27,2.5656e+32,1.3600e+32,141
333,3,0.2000,0.3500,2.6160e+28,2.3890e+28,1.3050e+28,9.7800e+27,2.3902e+32,1.1286e+32,141
333,4,0.3500,0.5500,2.6550e+28,5.8990e+28,1.5050e+28,3.4010e+28,1.4528e+32,7.9502e+31,141
333,5,0.5500,1.0100,1.7250e+28,1.5114e+29,1.3470e+28,1.3188e+29,5.9337e+31,4.5337e+31,141
334,0,0.0000,0.0500,3.1100e+27,3.0000e+25,1.9700e+27,2.0000e+25,2.5320e+32,1.9781e+32,141
334,1,0.0500,0.1000,3.8800e+27,2.7000e+26,2.2400e+27,1.1000e+26,1.3534e+32,6.4573e+31,141
334,2,0.1000,0.2000,1.5470e+28,4.3800e+27,8.1200e+27,1.6300e+27,2.5675e+32,1.3615e+32,141
334,3,0.2000,0.3500,2.6740e+28,2.3280e+28,1.2740e+28,1.0040e+28,2.3876e+32,1.1302e+32,141
334,4,0.3500,0.5500,2.5930e+28,5.9370e+28,1.3940e+28,3.4340e+28,1.4441e+32,7.9465e+31,141
334,5,0.5500,1.0100,1.7000e+28,1.5916e+29,1.3060e+28,1.3533e+29,5.8823e+31,4.5099e+31,141
335,0,0.0000,0.0500,3.0300e+27,7.0000e+25,2.2400e+27,1.0000e+25,2.5170e+32,1.9664e+32,140
335,1,0.0500,0.1000,3.9500e+27,3.3000e+26,2.1900e+27,1.1000e+26,1.3453e+32,6.4160e+31,140
335,2,0.1000,0.2000,1.4320e+28,4.2900e+27,7.7600e+27,1.7100e+27,2.5498e+32,1.3534e+32,140
335,3,0.2000,0.3500,2.5750e+28,2.4660e+28,1.2120e+28,1.0050e+28,2.3670e+32,1.1231e+32,140
335,4,0.3500,0.5500,2.5730e+28,5.7650e+28,1.4160e+28,3.2890e+28,1.4257e+32,7.8705e+31,140
335,5,0.5500,1.0100,1.7340e+28,1.5864e+29,1.3130e+28,1.3628e+29,5.8139e+31,4.4768e+31,140
336,0,0.0000,0.0500,2.9800e+27,6.0000e+25,1.8800e+27,1.0000e+25,2.5197e+32,1.9686e+32,140
336,1,0.0500,0.1000,3.9800e+27,2.8000e+26,2.1900e+27,1.1000e+26,1.3467e+32,6.4206e+31,140
336,2,0.1000,0.2000,1.5700e+28,3.7800e+27,8.4000e+27,1.6200e+27,2.5504e+32,1.3545e+32,140
336,3,0.2000,0.3500,2.5190e+28,2.2400e+28,1.2120e+28,9.4100e+27,2.3638e+32,1.1228e+32,140
336,4,0.3500,0.5500,2.6120e+28,5.9510e+28,1.4160e+28,3.4270e+28,1.4181e+32,7.8533e+31,140
336,5,0.5500,1.0100,1.6640e+28,1.5616e+29,1.3360e+28,1.3851e+29,5.7830e+31,4.4690e+31,140
337,0,0.0000,0.0500,3.0100e+27,7.0000e+25,2.5600e+27,1.0000e+25,2.5223e+32,1.9706e+32,140
337,1,0.0500,0.1000,3.8800e+27,3.4000e+26,2.1000e+27,1.6000e+26,1.3484e+32,6.4230e+31,140
337,2,0.1000,0.2000,1.5280e+28,3.9800e+27,8.0200e+27,1.7400e+27,2.5501e+32,1.3557e+32,140
337,3,0.2000,0.3500,2.6480e+28,2.2570e+28,1.2620e+28,1.0020e+28,2.3598e+32,1.1232e+32,140
337,4,0.3500,0.5500,2.5540e+28,5.8870e+28,1.3920e+28,3.2170e+28,1.4113e+32,7.8282e+31,140
337,5,0.5500,1.0100,1.7130e+28,1.6259e+29,1.3130e+28,1.3635e+29,5.7552e+31,4.4610e+31,140
338,0,0.0000,0.0500,3.3400e+27,8.0000e+25,2.2900e+27,1.0000e+25,2.5068e+32,1.9588e+32,139
338,1,0.0500,0.1000,3.7700e+27,2.3000e+26,1.9500e+27,1.6000e+26,1.3397e+32,6.3834e+31,139
338,2,0.1000,0.2000,1.4820e+28,4.0200e+27,7.6800e+27,2.0000e+27,2.5329e+32,1.3470e+32,139
338,3,0.2000,0.3500,2.5370e+28,2.3240e+28,1.2480e+28,1.0330e+28,2.3393e+32,1.1149e+32,139
338,4,0.3500,0.5500,2.4930e+28,5.7990e+28,1.3830e+28,3.2890e+28,1.3947e+32,7.7548e+31,139
338,5,0.5500,1.0100,1.6850e+28,1.6174e+29,1.2630e+28,1.3688e+29,5.6927e+31,4.4188e+31,139
339,0,0.0000,0.0500,3.5200e+27,8.0000e+25,1.8900e+27,2.0000e+25,2.6351e+32,1.9751e+32,140
339,1,0.0500,0.1000,4.0000e+27,3.4000e+26,2.1900e+27,5.0000e+25,1.2429e+32,6.4298e+31,140
339,2,0.1000,0.2000,1.4850e+28,4.3400e+27,7.8800e+27,1.6300e+27,2.5517e+32,1.3568e+32,140
339,3,0.2000,0.3500,2.5700e+28,2.2860e+28,1.2490e+28,1.0270e+28,2.3520e+32,1.1225e+32,140
339,4,0.3500,0.5500,2.5040e+28,5.8300e+28,1.4420e+28,3.5380e+28,1.3962e+32,7.8010e+31,140
339,5,0.5500,1.0100,1.6890e+28,1.6439e+29,1.3060e+28,1.4167e+29,5.6977e+31,4.4551e+31,140
340,0,0.0000,0.0500,3.5100e+27,6.0000e+25,1.9200e+27,1.0000e+25,2.6146e+32,1.9489e+32,138
340,1,0.0500,0.1000,3.5200e+27,4.2000e+26,2.1000e+27,9.0000e+25,1.2122e+32,6.3399e+31,138
340,2,0.1000,0.2000,1.4320e+28,3.8000e+27,7.9200e+27,1.6900e+27,2.5152e+32,1.3382e+32,138
340,3,0.2000,0.3500,2.5770e+28,2.2170e+28,1.2620e+28,1.0050e+28,2.3137e+32,1.1060e+32,138
340,4,0.3500,0.5500,2.4400e+28,5.4390e+28,1.3310e+28,3.2700e+28,1.3687e+32,7.6794e+31,138
340,5,0.5500,1.0100,1.6430e+28,1.6354e+29,1.3140e+28,1.4224e+29,5.5928e+31,4.3968e+31,138
341,0,0.0000,0.0500,3.3800e+27,3.0000e+25,2.2400e+27,1.0000e+25,2.6365e+32,1.9649e+32,139
341,1,0.0500,0.1000,3.8400e+27,2.8000e+26,2.4000e+27,1.2000e+26,1.2217e+32,6.3927e+31,139
341,2,0.1000,0.2000,1.4850e+28,4.3400e+27,7.9100e+27,1.7400e+27,2.5333e+32,1.3482e+32,139
341,3,0.2000,0.3500,2.5830e+28,2.1320e+28,1.2500e+28,1.0040e+28,2.3252e+32,1.1139e+32,139
341,4,0.3500,0.5500,2.5220e+28,5.6970e+28,1.3760e+28,3.3700e+28,1.3717e+32,7.7183e+31,139
341,5,0.5500,1.0100,1.6430e+28,1.6568e+29,1.3280e+28,1.4825e+29,5.6160e+31,4.4414e+31,139
342,0,0.0000,0.0500,3.6100e+27,6.0000e+25,1.9100e+27,0.0000e+00,2.7011e+32,1.9525e+32,138
342,1,0.0500,0.1000,3.6500e+27,2.3000e+26,2.2200e+27,8.0000e+25,1.1328e+32,6.3492e+31,138
342,2,0.1000,0.2000,1.5420e+28,4.0100e+27,7.1700e+27,1.7200e+27,2.5150e+32,1.2985e+32,138
342,3,0.2000,0.3500,2.5410e+28,2.2050e+28,1.2070e+28,1.0100e+28,2.3033e+32,1.1449e+32,138
342,4,0.3500,0.5500,2.5580e+28,5.7440e+28,1.3780e+28,3.3940e+28,1.3573e+32,7.6489e+31,138
342,5,0.5500,1.0100,1.6120e+28,1.6441e+29,1.3240e+28,1.4574e+29,5.5642e+31,4.4160e+31,138
343,0,0.0000,0.0500,3.6700e+27,1.2000e+26,2.1100e+27,0.0000e+00,2.7984e+32,1.9543e+32,138
343,1,0.0500,0.1000,3.0900e+27,3.0000e+26,2.3300e+27,1.1000e+26,1.0383e+32,6.3497e+31,138
343,2,0.1000,0.2000,1.5150e+28,3.9500e+27,8.1000e+27,1.7100e+27,2.5148e+32,1.2947e+32,138
343,3,0.2000,0.3500,2.5900e+28,2.0780e+28,1.2170e+28,1.0900e+28,2.2982e+32,1.1480e+32,138
343,4,0.3500,0.5500,2.5100e+28,5.6780e+28,1.4280e+28,3.5720e+28,1.3522e+32,7.6490e+31,138
343,5,0.5500,1.0100,1.6850e+28,1.6930e+29,1.3810e+28,1.5461e+29,5.5557e+31,4.4418e+31,138
344,0,0.0000,0.0500,3.6600e+27,6.0000e+25,2.2300e+27,3.0000e+25,2.8699e+32,1.9559e+32,138
344,1,0.0500,0.1000,3.2400e+27,2.3000e+26,2.1400e+27,1.0000e+26,9.7001e+31,6.3514e+31,138
344,2,0.1000,0.2000,1.5460e+28,3.8000e+27,7.4600e+27,1.8300e+27,2.5139e+32,1.2952e+32,138
344,3,0.2000,0.3500,2.4690e+28,2.1170e+28,1.2520e+28,9.9100e+27,2.2926e+32,1.1467e+32,138
344,4,0.3500,0.5500,2.5020e+28,5.6030e+28,1.4010e+28,3.5470e+28,1.3470e+32,7.6442e+31,138
344,5,0.5500,1.0100,1.6120e+28,1.7333e+29,1.3670e+28,1.5769e+29,5.5528e+31,4.4794e+31,138
345,0,0.0000,0.0500,3.9000e+27,6.0000e+25,2.1200e+27,1.0000e+25,2.8729e+32,1.9571e+32,138
345,1,0.0500,0.1000,2.8300e+27,2.0000e+26,2.1500e+27,8.0000e+25,9.7027e+31,6.3502e+31,138
345,2,0.1000,0.2000,1.4570e+28,4.4500e+27,7.3800e+27,1.6600e+27,2.5124e+32,1.2953e+32,138
345,3,0.2000,0.3500,2.5170e+28,2.1660e+28,1.3030e+28,1.0100e+28,2.2871e+32,1.1459e+32,138
345,4,0.3500,0.5500,2.5340e+28,5.9330e+28,1.3780e+28,3.4360e+28,1.3420e+32,7.6483e+31,138
345,5,0.5500,1.0100,1.6140e+28,1.7361e+29,1.4360e+28,1.5842e+29,5.5445e+31,4.5033e+31,138
346,0,0.0000,0.0500,4.2500e+27,4.0000e+25,2.2100e+27,3.0000e+25,2.8548e+32,1.9444e+32,137
346,1,0.0500,0.1000,3.3600e+27,1.8000e+26,2.0200e+27,1.1000e+26,9.6725e+31,6.3041e+31,137
346,2,0.1000,0.2000,1.5210e+28,4.0600e+27,8.1100e+27,1.6600e+27,2.4904e+32,1.2854e+32,137
346,3,0.2000,0.3500,2.5890e+28,2.0790e+28,1.2710e+28,1.0060e+28,2.2658e+32,1.1363e+32,137
346,4,0.3500,0.5500,2.4760e+28,5.7030e+28,1.4060e+28,3.6490e+28,1.3274e+32,7.5929e+31,137
346,5,0.5500,1.0100,1.6430e+28,1.6943e+29,1.3760e+28,1.5936e+29,5.5063e+31,4.5023e+31,137
347,0,0.0000,0.0500,3.5300e+27,2.0000e+25,2.2900e+27,3.0000e+25,2.8780e+32,1.9601e+32,138
347,1,0.0500,0.1000,3.3600e+27,1.5000e+26,2.2600e+27,2.1000e+26,1.0546e+32,6.3505e+31,138
347,2,0.1000,0.2000,1.4470e+28,3.5300e+27,7.4400e+27,1.7900e+27,2.4274e+32,1.2813e+32,138
347,3,0.2000,0.3500,2.5360e+28,2.0770e+28,1.2250e+28,1.0990e+28,2.2792e+32,1.1577e+32,138
347,4,0.3500,0.5500,2.5270e+28,5.6440e+28,1.3660e+28,3.5940e+28,1.3313e+32,7.6413e+31,138
347,5,0.5500,1.0100,1.6600e+28,1.8042e+29,1.3390e+28,1.5695e+29,5.5480e+31,4.5483e+31,138
348,0,0.0000,0.0500,3.7800e+27,7.0000e+25,2.1200e+27,2.0000e+25,2.8595e+32,1.9472e+32,137
348,1,0.0500,0.1000,3.3900e+27,2.8000e+26,1.7000e+27,8.0000e+25,1.0468e+32,6.0541e+31,137
348,2,0.1000,0.2000,1.4170e+28,3.7700e+27,7.2500e+27,1.5400e+27,2.4081e+32,1.2795e+32,137
348,3,0.2000,0.3500,2.4850e+28,2.0160e+28,1.3130e+28,1.0090e+28,2.2579e+32,1.1654e+32,137
348,4,0.3500,0.5500,2.4520e+28,5.6390e+28,1.4030e+28,3.6020e+28,1.3171e+32,7.5782e+31,137
348,5,0.5500,1.0100,1.6400e+28,1.8375e+29,1.4150e+28,1.6202e+29,5.5437e+31,4.5274e+31,137
349,0,0.0000,0.0500,3.7800e+27,4.0000e+25,2.2600e+27,0.0000e+00,2.8620e+32,1.9486e+32,137
349,1,0.0500,0.1000,3.2200e+27,1.9000e+26,1.8900e+27,9.0000e+25,1.0466e+32,5.8862e+31,137
349,2,0.1000,0.2000,1.4530e+28,3.6500e+27,7.7400e+27,1.7700e+27,2.4068e+32,1.2961e+32,137
349,3,0.2000,0.3500,2.4500e+28,2.0270e+28,1.2560e+28,9.9500e+27,2.2522e+32,1.1424e+32,137
349,4,0.3500,0.5500,2.4690e+28,5.7340e+28,1.4560e+28,3.9220e+28,1.3138e+32,7.8086e+31,137
349,5,0.5500,1.0100,1.7110e+28,1.8763e+29,1.4150e+28,1.6758e+29,5.5605e+31,4.5577e+31,137
350,0,0.0000,0.0500,4.0800e+27,9.0000e+25,2.3000e+27,2.0000e+25,2.8437e+32,1.9353e+32,136
350,1,0.0500,0.1000,3.4300e+27,2.0000e+26,1.9200e+27,1.1000e+26,1.0382e+32,5.8425e+31,136
350,2,0.1000,0.2000,1.4050e+28,3.6700e+27,7.4900e+27,1.5900e+27,2.3876e+32,1.2871e+32,136
350,3,0.2000,0.3500,2.4130e+28,1.8570e+28,1.2620e+28,9.6800e+27,2.2305e+32,1.1281e+32,136
350,4,0.3500,0.5500,2.4500e+28,5.3900e+28,1.4150e+28,3.7900e+28,1.3001e+32,7.7997e+31,136
350,5,0.5500,1.0100,1.6420e+28,1.8896e+29,1.3740e+28,1.7331e+29,5.5449e+31,4.5653e+31,136
351,0,0.0000,0.0500,3.7600e+27,6.0000e+25,2.3500e+27,2.0000e+25,2.8668e+32,1.9510e+32,137
351,1,0.0500,0.1000,3.5900e+27,2.2000e+26,2.0900e+27,1.2000e+26,1.0456e+32,5.8828e+31,137
351,2,0.1000,0.2000,1.4410e+28,3.6100e+27,7.7400e+27,1.5400e+27,2.4035e+32,1.2961e+32,137
351,3,0.2000,0.3500,2.4310e+28,1.8830e+28,1.2590e+28,1.0460e+28,2.2416e+32,1.1356e+32,137
351,4,0.3500,0.5500,2.3740e+28,5.6480e+28,1.4520e+28,3.6630e+28,1.3046e+32,7.8613e+31,137
351,5,0.5500,1.0100,1.6460e+28,1.8786e+29,1.4270e+28,1.7284e+29,5.6078e+31,4.6246e+31,137
352,0,0.0000,0.0500,3.9700e+27,4.0000e+25,2.2900e+27,2.0000e+25,2.8484e+32,1.9382e+32,136
352,1,0.0500,0.1000,3.4000e+27,1.9000e+26,1.9300e+27,7.0000e+25,1.0378e+32,5.8409e+31,136
352,2,0.1000,0.2000,1.4190e+28,3.3100e+27,7.8000e+27,1.6500e+27,2.3842e+32,1.2864e+32,136
352,3,0.2000,0.3500,2.4680e+28,1.8800e+28,1.2920e+28,1.0960e+28,2.2206e+32,1.1268e+32,136
352,4,0.3500,0.5500,2.4530e+28,5.4570e+28,1.4380e+28,3.7480e+28,1.2894e+32,7.7968e+31,136
352,5,0.5500,1.0100,1.6580e+28,1.8280e+29,1.4820e+28,1.6711e+29,5.5691e+31,4.6191e+31,136
353,0,0.0000,0.0500,3.3600e+27,6.0000e+25,2.3600e+27,4.0000e+25,2.8716e+32,1.9540e+32,137
353,1,0.0500,0.1000,3.4100e+27,1.7000e+26,2.1500e+27,1.0000e+26,1.0452e+32,5.8805e+31,137
353,2,0.1000,0.2000,1.3800e+28,3.1800e+27,7.3400e+27,1.7600e+27,2.3999e+32,1.2956e+32,137
353,3,0.2000,0.3500,2.4480e+28,1.8810e+28,1.3050e+28,9.4100e+27,2.2322e+32,1.1347e+32,137
353,4,0.3500,0.5500,2.3900e+28,5.4200e+28,1.4810e+28,3.6980e+28,1.2936e+32,7.8514e+31,137
353,5,0.5500,1.0100,1.6810e+28,1.8842e+29,1.4760e+28,1.7829e+29,5.6183e+31,4.6821e+31,137
354,0,0.0000,0.0500,3.8800e+27,4.0000e+25,2.2900e+27,2.0000e+25,2.8530e+32,1.9411e+32,136
354,1,0.0500,0.1000,3.2400e+27,1.0000e+26,2.2700e+27,1.4000e+26,1.0370e+32,5.8341e+31,136
354,2,0.1000,0.2000,1.3370e+28,3.0100e+27,7.2900e+27,1.7000e+27,2.3797e+32,1.2854e+32,136
354,3,0.2000,0.3500,2.4100e+28,1.8440e+28,1.2140e+28,9.7400e+27,2.2104e+32,1.1253e+32,136
354,4,0.3500,0.5500,2.3710e+28,5.3950e+28,1.4330e+28,3.6460e+28,1.2787e+32,7.7857e+31,136
354,5,0.5500,1.0100,1.6130e+28,1.8854e+29,1.5170e+28,1.7618e+29,5.5908e+31,4.6817e+31,136
355,0,0.0000,0.0500,3.6400e+27,9.0000e+25,2.6800e+27,1.0000e+25,2.8761e+32,1.9564e+32,137
355,1,0.0500,0.1000,3.2100e+27,1.5000e+26,1.8200e+27,1.1000e+26,1.0441e+32,5.8769e+31,137
355,2,0.1000,0.2000,1.4420e+28,3.1000e+27,7.7400e+27,1.9600e+27,2.3945e+32,1.2945e+32,137
355,3,0.2000,0.3500,2.5300e+28,1.8510e+28,1.2530e+28,9.9100e+27,2.2215e+32,1.1320e+32,137
355,4,0.3500,0.5500,2.4480e+28,5.5660e+28,1.4350e+28,3.7390e+28,1.2855e+32,7.8323e+31,137
355,5,0.5500,1.0100,1.7070e+28,1.9113e+29,1.3880e+28,1.7787e+29,5.6439e+31,4.7423e+31,137
356,0,0.0000,0.0500,3.7600e+27,1.0000e+25,2.3500e+27,2.0000e+25,2.9054e+32,1.9435e+32,136
356,1,0.0500,0.1000,3.2800e+27,2.7000e+26,2.1200e+27,1.5000e+26,1.0158e+32,5.8337e+31,136
356,2,0.1000,0.2000,1.4100e+28,3.2700e+27,7.5400e+27,2.1500e+27,2.3528e+32,1.2852e+32,136
356,3,0.2000,0.3500,2.4260e+28,1.8090e+28,1.2260e+28,1.0590e+28,2.1944e+32,1.1225e+32,136
356,4,0.3500,0.5500,2.3750e+28,5.4280e+28,1.4430e+28,3.6300e+28,1.2729e+32,7.7580e+31,136
356,5,0.5500,1.0100,1.6310e+28,1.8614e+29,1.4320e+28,1.7886e+29,5.6178e+31,4.7353e+31,136
357,0,0.0000,0.0500,3.9200e+27,4.0000e+25,2.1600e+27,3.0000e+25,2.9907e+32,1.9118e+32,136
357,1,0.0500,0.1000,3.1200e+27,2.6000e+26,1.9100e+27,8.0000e+25,1.0141e+32,5.8484e+31,136
357,2,0.1000,0.2000,1.3850e+28,3.2600e+27,7.6900e+27,1.7000e+27,2.3513e+32,1.2812e+32,136
357,3,0.2000,0.3500,2.3220e+28,1.6730e+28,1.2700e+28,1.0820e+28,2.1071e+32,1.1565e+32,136
357,4,0.3500,0.5500,2.3770e+28,5.3440e+28,1.4330e+28,3.7100e+28,1.2694e+32,7.7549e+31,136
357,5,0.5500,1.0100,1.7300e+28,1.8994e+29,1.5070e+28,1.7323e+29,5.6347e+31,4.7464e+31,136
358,0,0.0000,0.0500,3.7800e+27,3.0000e+25,2.3800e+27,3.0000e+25,2.9928e+32,1.8627e+32,136
358,1,0.0500,0.1000,3.7800e+27,2.2000e+26,2.0400e+27,8.0000e+25,1.0139e+32,6.0950e+31,136
358,2,0.1000,0.2000,1.4090e+28,3.1000e+27,8.4200e+27,1.6000e+27,2.3520e+32,1.2939e+32,136
358,3,0.2000,0.3500,2.4080e+28,1.6250e+28,1.2940e+28,9.7000e+27,2.0994e+32,1.1683e+32,136
358,4,0.3500,0.5500,2.3180e+28,5.3090e+28,1.4670e+28,3.4990e+28,1.2659e+32,7.7457e+31,136
358,5,0.5500,1.0100,1.7040e+28,1.9154e+29,1.4680e+28,1.8293e+29,5.6496e+31,4.7602e+31,136
359,0,0.0000,0.0500,3.1800e+27,3.0000e+25,1.8800e+27,0.0000e+00,2.9909e+32,1.8620e+32,136
359,1,0.0500,0.1000,3.1600e+27,2.6000e+26,1.9900e+27,1.0000e+26,1.0126e+32,6.0878e+31,136
359,2,0.1000,0.2000,1.3330e+28,3.1700e+27,7.1600e+27,1.5300e+27,2.3478e+32,1.2930e+32,136
359,3,0.2000,0.3500,2.2320e+28,1.5900e+28,1.2720e+28,1.1070e+28,2.0930e+32,1.1670e+32,136
359,4,0.3500,0.5500,2.3000e+28,5.1620e+28,1.4770e+28,3.7030e+28,1.2624e+32,7.7296e+31,136
359,5,0.5500,1.0100,1.6820e+28,1.9173e+29,1.4600e+28,1.8104e+29,5.6730e+31,4.7949e+31,136
