TAA_Bin,Band_Index,EffCos_Lo,EffCos_Hi,Gen_PSD_Dawn,Gen_TD_Dawn,Gen_PSD_Dusk,Gen_TD_Dusk,Stock_Dawn,Stock_Dusk,Step_Count
0,0,0.0000,0.0500,2.2000e+27,3.0000e+25,1.5500e+27,7.0000e+25,2.6863e+32,1.6672e+32,136
0,1,0.0500,0.1000,5.8500e+27,1.1600e+27,3.0900e+27,5.0000e+26,1.9019e+32,1.0185e+32,136
0,2,0.1000,0.2000,1.4720e+28,1.0740e+28,7.4500e+27,6.5500e+27,2.5746e+32,1.2271e+32,136
0,3,0.2000,0.3500,1.7320e+28,3.9310e+28,8.4400e+27,2.1640e+28,1.6147e+32,7.0620e+31,136
0,4,0.3500,0.5500,9.9000e+27,7.5650e+28,5.8300e+27,5.1930e+28,5.5528e+31,3.1244e+31,136
0,5,0.5500,1.0100,4.5000e+27,2.0027e+29,3.8000e+27,1.9141e+29,1.5902e+31,1.4003e+31,136
1,0,0.0000,0.0500,2.5100e+27,1.5000e+26,1.7200e+27,7.0000e+25,2.6886e+32,1.6682e+32,136
1,1,0.0500,0.1000,6.0300e+27,9.6000e+26,3.1400e+27,6.0000e+26,1.9204e+32,1.0165e+32,136
1,2,0.1000,0.2000,1.6150e+28,1.1170e+28,7.5600e+27,6.2200e+27,2.5641e+32,1.2291e+32,136
1,3,0.2000,0.3500,1.7990e+28,3.6340e+28,7.3100e+27,2.1350e+28,1.6015e+32,7.0279e+31,136
1,4,0.3500,0.5500,9.9000e+27,7.1230e+28,5.3900e+27,5.4000e+28,5.4720e+31,3.1601e+31,136
1,5,0.5500,1.0100,4.6800e+27,1.9484e+29,4.3100e+27,1.9593e+29,1.6068e+31,1.4154e+31,136
2,0,0.0000,0.0500,2.7800e+27,8.0000e+25,1.6900e+27,3.0000e+25,2.6914e+32,1.6693e+32,136
2,1,0.0500,0.1000,5.6200e+27,1.0500e+27,3.1600e+27,6.4000e+26,1.9379e+32,1.0098e+32,136
2,2,0.1000,0.2000,1.6330e+28,1.1580e+28,7.3900e+27,5.9700e+27,2.5592e+32,1.2300e+32,136
2,3,0.2000,0.3500,1.7930e+28,3.6360e+28,7.9700e+27,2.0700e+28,1.5770e+32,7.0551e+31,136
2,4,0.3500,0.5500,9.6900e+27,6.8310e+28,5.9000e+27,5.1200e+28,5.4662e+31,3.1674e+31,136
2,5,0.5500,1.0100,4.6600e+27,1.9310e+29,4.2000e+27,1.8615e+29,1.5917e+31,1.4265e+31,136
3,0,0.0000,0.0500,2.7200e+27,9.0000e+25,1.5800e+27,5.0000e+25,2.7356e+32,1.6730e+32,137
3,1,0.0500,0.1000,6.0300e+27,1.1100e+27,2.7500e+27,8.5000e+26,1.9515e+32,1.0268e+32,137
3,2,0.1000,0.2000,1.5550e+28,1.0920e+28,7.5800e+27,5.6100e+27,2.5624e+32,1.2362e+32,137
3,3,0.2000,0.3500,1.7390e+28,3.7730e+28,8.0700e+27,2.1380e+28,1.5722e+32,7.1098e+31,137
3,4,0.3500,0.5500,9.7700e+27,7.1600e+28,5.6200e+27,5.1110e+28,5.4857e+31,3.1889e+31,137
3,5,0.5500,1.0100,4.3400e+27,1.9339e+29,4.6000e+27,1.8913e+29,1.6069e+31,1.4464e+31,137
4,0,0.0000,0.0500,2.5100e+27,6.0000e+25,1.5000e+27,7.0000e+25,2.7206e+32,1.6457e+32,136
4,1,0.0500,0.1000,5.8700e+27,1.1400e+27,3.1800e+27,6.8000e+26,1.9475e+32,1.0352e+32,136
4,2,0.1000,0.2000,1.5920e+28,1.1050e+28,7.7400e+27,5.8100e+27,2.5413e+32,1.2259e+32,136
4,3,0.2000,0.3500,1.7090e+28,3.7650e+28,7.8100e+27,2.1180e+28,1.5454e+32,7.0240e+31,136
4,4,0.3500,0.5500,9.1800e+27,7.0760e+28,5.6700e+27,4.9320e+28,5.3741e+31,3.1866e+31,136
4,5,0.5500,1.0100,4.9100e+27,1.9373e+29,4.3100e+27,1.8171e+29,1.6040e+31,1.4419e+31,136
5,0,0.0000,0.0500,2.5000e+27,9.0000e+25,1.4600e+27,5.0000e+25,2.7257e+32,1.6406e+32,136
5,1,0.0500,0.1000,5.8300e+27,1.1000e+27,3.3200e+27,5.5000e+26,1.9628e+32,1.0412e+32,136
5,2,0.1000,0.2000,1.5510e+28,1.1300e+28,7.5200e+27,5.3800e+27,2.5314e+32,1.2242e+32,136
5,3,0.2000,0.3500,1.7050e+28,3.6920e+28,8.0700e+27,2.0860e+28,1.5270e+32,6.9955e+31,136
5,4,0.3500,0.5500,9.2200e+27,6.9560e+28,6.3400e+27,4.9830e+28,5.3531e+31,3.2057e+31,136
5,5,0.5500,1.0100,4.4700e+27,1.9655e+29,4.3200e+27,1.8702e+29,1.6161e+31,1.4466e+31,136
6,0,0.0000,0.0500,2.5600e+27,1.1000e+26,1.4400e+27,6.0000e+25,2.7815e+32,1.6537e+32,137
6,1,0.0500,0.1000,5.9300e+27,1.3000e+27,3.3200e+27,6.9000e+26,1.9596e+32,1.0435e+32,137
6,2,0.1000,0.2000,1.5710e+28,1.0550e+28,7.3100e+27,5.6400e+27,2.5350e+32,1.2306e+32,137
6,3,0.2000,0.3500,1.6690e+28,3.6370e+28,8.0300e+27,1.9710e+28,1.5267e+32,7.0855e+31,137
6,4,0.3500,0.5500,9.5000e+27,6.7920e+28,5.9500e+27,4.8190e+28,5.3891e+31,3.2458e+31,137
6,5,0.5500,1.0100,5.2900e+27,2.0224e+29,4.3700e+27,1.8633e+29,1.6318e+31,1.4723e+31,137
7,0,0.0000,0.0500,2.5700e+27,1.0000e+26,1.3500e+27,6.0000e+25,2.7760e+32,1.6423e+32,136
7,1,0.0500,0.1000,5.7900e+27,1.2500e+27,3.1200e+27,7.1000e+26,1.9514e+32,1.0322e+32,136
7,2,0.1000,0.2000,1.5240e+28,1.0870e+28,7.4400e+27,5.7400e+27,2.4946e+32,1.2179e+32,136
7,3,0.2000,0.3500,1.7040e+28,3.6190e+28,8.1100e+27,2.0670e+28,1.5104e+32,7.0738e+31,136
7,4,0.3500,0.5500,9.2100e+27,7.0070e+28,6.0900e+27,5.0520e+28,5.3345e+31,3.2327e+31,136
7,5,0.5500,1.0100,4.7900e+27,1.9589e+29,4.0300e+27,1.8779e+29,1.6148e+31,1.4595e+31,136
8,0,0.0000,0.0500,2.5400e+27,7.0000e+25,1.4700e+27,8.0000e+25,2.7985e+32,1.6556e+32,137
8,1,0.0500,0.1000,5.8500e+27,9.4000e+26,3.3400e+27,6.0000e+26,1.9863e+32,1.0396e+32,137
8,2,0.1000,0.2000,1.5100e+28,9.8600e+27,7.4900e+27,5.7600e+27,2.4879e+32,1.2214e+32,137
8,3,0.2000,0.3500,1.7110e+28,3.5690e+28,8.4500e+27,2.1900e+28,1.5220e+32,7.1697e+31,137
8,4,0.3500,0.5500,9.0900e+27,6.9060e+28,5.8400e+27,5.1540e+28,5.3022e+31,3.2609e+31,137
8,5,0.5500,1.0100,4.8300e+27,1.9445e+29,4.5100e+27,1.8366e+29,1.6329e+31,1.4774e+31,137
9,0,0.0000,0.0500,2.3500e+27,7.0000e+25,1.4100e+27,7.0000e+25,2.8084e+32,1.6532e+32,137
9,1,0.0500,0.1000,6.2000e+27,1.0600e+27,3.1000e+27,7.9000e+26,1.9851e+32,1.0424e+32,137
9,2,0.1000,0.2000,1.4750e+28,1.0740e+28,7.4400e+27,6.0000e+27,2.4777e+32,1.2189e+32,137
9,3,0.2000,0.3500,1.6890e+28,3.5450e+28,8.0200e+27,1.9740e+28,1.5163e+32,7.1793e+31,137
9,4,0.3500,0.5500,9.6300e+27,6.6880e+28,5.6800e+27,4.9360e+28,5.2969e+31,3.2578e+31,137
9,5,0.5500,1.0100,4.7700e+27,1.9586e+29,4.4600e+27,1.8680e+29,1.6246e+31,1.4906e+31,137
10,0,0.0000,0.0500,2.4200e+27,3.0000e+25,1.9300e+27,5.0000e+25,2.8293e+32,1.6465e+32,137
10,1,0.0500,0.1000,6.4900e+27,1.1600e+27,3.4200e+27,6.4000e+26,1.9941e+32,1.0500e+32,137
10,2,0.1000,0.2000,1.4770e+28,9.7800e+27,7.9600e+27,5.6000e+27,2.4468e+32,1.2159e+32,137
10,3,0.2000,0.3500,1.6520e+28,3.5210e+28,7.6500e+27,2.1220e+28,1.5109e+32,7.1562e+31,137
10,4,0.3500,0.5500,9.6600e+27,6.7720e+28,6.3700e+27,4.8310e+28,5.2766e+31,3.2853e+31,137
10,5,0.5500,1.0100,4.5900e+27,1.8997e+29,4.3500e+27,1.8605e+29,1.6285e+31,1.5029e+31,137
11,0,0.0000,0.0500,2.5600e+27,1.1000e+26,1.7100e+27,3.0000e+25,2.8319e+32,1.6369e+32,137
11,1,0.0500,0.1000,6.1000e+27,1.0500e+27,3.0300e+27,6.8000e+26,2.0342e+32,1.0553e+32,137
11,2,0.1000,0.2000,1.5020e+28,9.6100e+27,7.4500e+27,5.3100e+27,2.4027e+32,1.2153e+32,137
11,3,0.2000,0.3500,1.7260e+28,3.5040e+28,8.0200e+27,2.0250e+28,1.5060e+32,7.1412e+31,137
11,4,0.3500,0.5500,9.8500e+27,6.7510e+28,6.3900e+27,5.0370e+28,5.2716e+31,3.3489e+31,137
11,5,0.5500,1.0100,4.6700e+27,1.9632e+29,4.5200e+27,1.8851e+29,1.6405e+31,1.5172e+31,137
12,0,0.0000,0.0500,2.4100e+27,7.0000e+25,1.9000e+27,5.0000e+25,2.8369e+32,1.6343e+32,137
12,1,0.0500,0.1000,6.2300e+27,1.2400e+27,2.9100e+27,7.3000e+26,2.0528e+32,1.0431e+32,137
12,2,0.1000,0.2000,1.4300e+28,1.0060e+28,7.1400e+27,5.9800e+27,2.3779e+32,1.2296e+32,137
12,3,0.2000,0.3500,1.7080e+28,3.4080e+28,8.1900e+27,1.9970e+28,1.5018e+32,7.1165e+31,137
12,4,0.3500,0.5500,1.0080e+28,6.6060e+28,6.4300e+27,5.0890e+28,5.2575e+31,3.3771e+31,137
12,5,0.5500,1.0100,4.8400e+27,1.9533e+29,4.4600e+27,1.9183e+29,1.6491e+31,1.5215e+31,137
13,0,0.0000,0.0500,2.9000e+27,8.0000e+25,1.4000e+27,4.0000e+25,2.8625e+32,1.6352e+32,137
13,1,0.0500,0.1000,6.6100e+27,1.2100e+27,3.2700e+27,6.0000e+26,2.0582e+32,1.0374e+32,137
13,2,0.1000,0.2000,1.4420e+28,9.5400e+27,7.5000e+27,5.7800e+27,2.3469e+32,1.2346e+32,137
13,3,0.2000,0.3500,1.6900e+28,3.2700e+28,8.0200e+27,2.1060e+28,1.4968e+32,7.1202e+31,137
13,4,0.3500,0.5500,8.8200e+27,6.7660e+28,5.8300e+27,5.3500e+28,5.2321e+31,3.3909e+31,137
13,5,0.5500,1.0100,5.1600e+27,1.9767e+29,4.4000e+27,1.8831e+29,1.6588e+31,1.5296e+31,137
14,0,0.0000,0.0500,2.5400e+27,7.0000e+25,1.3500e+27,4.0000e+25,2.8859e+32,1.6480e+32,138
14,1,0.0500,0.1000,6.7500e+27,1.3500e+27,3.1700e+27,5.0000e+26,2.1127e+32,1.0451e+32,138
14,2,0.1000,0.2000,1.4510e+28,9.3000e+27,7.4600e+27,5.5500e+27,2.3213e+32,1.2395e+32,138
14,3,0.2000,0.3500,1.6210e+28,3.3110e+28,8.6300e+27,1.8530e+28,1.5083e+32,7.2077e+31,138
14,4,0.3500,0.5500,8.9700e+27,6.4890e+28,6.3700e+27,4.8660e+28,5.1992e+31,3.4132e+31,138
14,5,0.5500,1.0100,4.8200e+27,1.9017e+29,4.6200e+27,1.8420e+29,1.6734e+31,1.5442e+31,138
15,0,0.0000,0.0500,2.6600e+27,3.0000e+25,1.5400e+27,6.0000e+25,2.8885e+32,1.6490e+32,138
15,1,0.0500,0.1000,6.8400e+27,1.1100e+27,3.0200e+27,5.8000e+26,2.1162e+32,1.0449e+32,138
15,2,0.1000,0.2000,1.3660e+28,9.0500e+27,7.4500e+27,5.5200e+27,2.3134e+32,1.2357e+32,138
15,3,0.2000,0.3500,1.6590e+28,3.1850e+28,8.0600e+27,1.9660e+28,1.5096e+32,7.2253e+31,138
15,4,0.3500,0.5500,9.4700e+27,6.6240e+28,6.4700e+27,4.8390e+28,5.1192e+31,3.4143e+31,138
15,5,0.5500,1.0100,4.9000e+27,1.8916e+29,4.5600e+27,1.7927e+29,1.6757e+31,1.5452e+31,138
16,0,0.0000,0.0500,2.7700e+27,8.0000e+25,1.4600e+27,5.0000e+25,2.9103e+32,1.6497e+32,138
16,1,0.0500,0.1000,6.8000e+27,1.1000e+27,3.1000e+27,5.6000e+26,2.0973e+32,1.0448e+32,138
16,2,0.1000,0.2000,1.3570e+28,8.3600e+27,7.4000e+27,5.6700e+27,2.3131e+32,1.2325e+32,138
16,3,0.2000,0.3500,1.6730e+28,3.2330e+28,7.8700e+27,1.8670e+28,1.5002e+32,7.2350e+31,138
16,4,0.3500,0.5500,9.5400e+27,6.4430e+28,6.2500e+27,4.9420e+28,5.1090e+31,3.4239e+31,138
16,5,0.5500,1.0100,4.6800e+27,1.9066e+29,4.9400e+27,1.8062e+29,1.6878e+31,1.5401e+31,138
17,0,0.0000,0.0500,2.5200e+27,5.0000e+25,1.5800e+27,3.0000e+25,2.9200e+32,1.6505e+32,138
17,1,0.0500,0.1000,6.6600e+27,1.1700e+27,3.4100e+27,6.2000e+26,2.0903e+32,1.0447e+32,138
17,2,0.1000,0.2000,1.4850e+28,9.1000e+27,7.5200e+27,5.0100e+27,2.3220e+32,1.2274e+32,138
17,3,0.2000,0.3500,1.5770e+28,3.1160e+28,8.5800e+27,1.9220e+28,1.4825e+32,7.2715e+31,138
17,4,0.3500,0.5500,9.2700e+27,6.4230e+28,6.2300e+27,4.7510e+28,5.1068e+31,3.4245e+31,138
17,5,0.5500,1.0100,4.7400e+27,1.8280e+29,4.4500e+27,1.7610e+29,1.6920e+31,1.5403e+31,138
18,0,0.0000,0.0500,2.7000e+27,2.0000e+25,1.8700e+27,4.0000e+25,2.9439e+32,1.6620e+32,139
18,1,0.0500,0.1000,6.5900e+27,1.0700e+27,2.9900e+27,5.1000e+26,2.1051e+32,1.0533e+32,139
18,2,0.1000,0.2000,1.5060e+28,9.1400e+27,7.2400e+27,5.6400e+27,2.3354e+32,1.2354e+32,139
18,3,0.2000,0.3500,1.6540e+28,3.2610e+28,8.0700e+27,2.0390e+28,1.4887e+32,7.3215e+31,139
18,4,0.3500,0.5500,8.9200e+27,6.2540e+28,6.4000e+27,5.0000e+28,5.1329e+31,3.4546e+31,139
18,5,0.5500,1.0100,4.7700e+27,1.8466e+29,4.3300e+27,1.7637e+29,1.7053e+31,1.5480e+31,139
19,0,0.0000,0.0500,2.6800e+27,3.0000e+25,1.6200e+27,3.0000e+25,2.9470e+32,1.6525e+32,139
19,1,0.0500,0.1000,6.4700e+27,1.1000e+27,3.2300e+27,5.1000e+26,2.1045e+32,1.0634e+32,139
19,2,0.1000,0.2000,1.3570e+28,8.6400e+27,7.2900e+27,5.4700e+27,2.3319e+32,1.2324e+32,139
19,3,0.2000,0.3500,1.5930e+28,3.0720e+28,7.9100e+27,1.9220e+28,1.4834e+32,7.3423e+31,139
19,4,0.3500,0.5500,9.1300e+27,6.5390e+28,6.1600e+27,4.7790e+28,5.1233e+31,3.4533e+31,139
19,5,0.5500,1.0100,4.8400e+27,1.8481e+29,4.4300e+27,1.7537e+29,1.7093e+31,1.5451e+31,139
20,0,0.0000,0.0500,2.5200e+27,9.0000e+25,1.4400e+27,3.0000e+25,2.9664e+32,1.6533e+32,139
20,1,0.0500,0.1000,6.2400e+27,9.6000e+26,3.1600e+27,6.4000e+26,2.0894e+32,1.0631e+32,139
20,2,0.1000,0.2000,1.4050e+28,9.0400e+27,6.9900e+27,4.3800e+27,2.3263e+32,1.2270e+32,139
20,3,0.2000,0.3500,1.7150e+28,2.9510e+28,7.8700e+27,1.9300e+28,1.4783e+32,7.3846e+31,139
20,4,0.3500,0.5500,9.0100e+27,5.8720e+28,6.2800e+27,5.0060e+28,5.1094e+31,3.4569e+31,139
20,5,0.5500,1.0100,4.7600e+27,1.7797e+29,4.5800e+27,1.7774e+29,1.7066e+31,1.5465e+31,139
21,0,0.0000,0.0500,2.3400e+27,9.0000e+25,1.8500e+27,7.0000e+25,2.9795e+32,1.6543e+32,139
21,1,0.0500,0.1000,6.7400e+27,9.0000e+26,3.3100e+27,6.5000e+26,2.0942e+32,1.0546e+32,139
21,2,0.1000,0.2000,1.4780e+28,8.2800e+27,7.1000e+27,5.3000e+27,2.3115e+32,1.2319e+32,139
21,3,0.2000,0.3500,1.5700e+28,2.9050e+28,8.5600e+27,1.9790e+28,1.4688e+32,7.4186e+31,139
21,4,0.3500,0.5500,8.6000e+27,5.9290e+28,5.9100e+27,4.6360e+28,5.0905e+31,3.4503e+31,139
21,5,0.5500,1.0100,5.0500e+27,1.7319e+29,4.1900e+27,1.7276e+29,1.7065e+31,1.5461e+31,139
22,0,0.0000,0.0500,2.6300e+27,7.0000e+25,1.6700e+27,3.0000e+25,3.0042e+32,1.6673e+32,140
22,1,0.0500,0.1000,6.6000e+27,1.2500e+27,3.1400e+27,6.2000e+26,2.1091e+32,1.0611e+32,140
22,2,0.1000,0.2000,1.4050e+28,8.1900e+27,7.2000e+27,5.1800e+27,2.3273e+32,1.2311e+32,140
22,3,0.2000,0.3500,1.6480e+28,3.0900e+28,7.9200e+27,1.8990e+28,1.4797e+32,7.5731e+31,140
22,4,0.3500,0.5500,9.1000e+27,5.6170e+28,6.2700e+27,4.5720e+28,5.0431e+31,3.4691e+31,140
22,5,0.5500,1.0100,4.8400e+27,1.7185e+29,4.4600e+27,1.7379e+29,1.7048e+31,1.5597e+31,140
23,0,0.0000,0.0500,2.3100e+27,7.0000e+25,1.7000e+27,1.0000e+25,3.0074e+32,1.6683e+32,140
23,1,0.0500,0.1000,6.6600e+27,1.1000e+27,2.7500e+27,5.2000e+26,2.1089e+32,1.0611e+32,140
23,2,0.1000,0.2000,1.4090e+28,7.9600e+27,6.8600e+27,4.7800e+27,2.3227e+32,1.2305e+32,140
23,3,0.2000,0.3500,1.5910e+28,3.1100e+28,8.1300e+27,1.9860e+28,1.4760e+32,7.5655e+31,140
23,4,0.3500,0.5500,8.5400e+27,5.8530e+28,6.0200e+27,4.5220e+28,5.0355e+31,3.4719e+31,140
23,5,0.5500,1.0100,4.6700e+27,1.7156e+29,4.4600e+27,1.7422e+29,1.6953e+31,1.5655e+31,140
24,0,0.0000,0.0500,2.5600e+27,4.0000e+25,1.7600e+27,8.0000e+25,3.0109e+32,1.6696e+32,140
24,1,0.0500,0.1000,6.1800e+27,1.1700e+27,3.3800e+27,4.8000e+26,2.1085e+32,1.0608e+32,140
24,2,0.1000,0.2000,1.4190e+28,7.9800e+27,7.6700e+27,4.3600e+27,2.3186e+32,1.2295e+32,140
24,3,0.2000,0.3500,1.6120e+28,2.7710e+28,7.5900e+27,1.8150e+28,1.4709e+32,7.5543e+31,140
24,4,0.3500,0.5500,8.6700e+27,5.4430e+28,6.5200e+27,4.4070e+28,5.0130e+31,3.4707e+31,140
24,5,0.5500,1.0100,4.6900e+27,1.6967e+29,4.4700e+27,1.6281e+29,1.6850e+31,1.5651e+31,140
25,0,0.0000,0.0500,2.5300e+27,4.0000e+25,1.6900e+27,1.0000e+25,3.0360e+32,1.6825e+32,141
25,1,0.0500,0.1000,6.5100e+27,1.1500e+27,3.2500e+27,5.6000e+26,2.1236e+32,1.0682e+32,141
25,2,0.1000,0.2000,1.4360e+28,8.4200e+27,7.0400e+27,5.5000e+27,2.3318e+32,1.2381e+32,141
25,3,0.2000,0.3500,1.5570e+28,2.8570e+28,8.6100e+27,1.9670e+28,1.4756e+32,7.6057e+31,141
25,4,0.3500,0.5500,8.5600e+27,5.6280e+28,6.3700e+27,4.4620e+28,5.0217e+31,3.4935e+31,141
25,5,0.5500,1.0100,4.6200e+27,1.6439e+29,4.2900e+27,1.6435e+29,1.6897e+31,1.5712e+31,141
26,0,0.0000,0.0500,2.5100e+27,5.0000e+25,1.5700e+27,0.0000e+00,3.0396e+32,1.6834e+32,141
26,1,0.0500,0.1000,6.3200e+27,1.0300e+27,3.4500e+27,5.0000e+26,2.1240e+32,1.0686e+32,141
26,2,0.1000,0.2000,1.3650e+28,8.9300e+27,7.4000e+27,4.9300e+27,2.3291e+32,1.2387e+32,141
26,3,0.2000,0.3500,1.6120e+28,2.7180e+28,8.8200e+27,1.8860e+28,1.4698e+32,7.6136e+31,141
26,4,0.3500,0.5500,8.8400e+27,5.3570e+28,5.9300e+27,4.3220e+28,4.9994e+31,3.4909e+31,141
26,5,0.5500,1.0100,4.9600e+27,1.6259e+29,4.6700e+27,1.6560e+29,1.6813e+31,1.5627e+31,141
27,0,0.0000,0.0500,2.5500e+27,6.0000e+25,1.4900e+27,3.0000e+25,3.0643e+32,1.6961e+32,142
27,1,0.0500,0.1000,6.2800e+27,9.3000e+26,3.2700e+27,6.0000e+26,2.1386e+32,1.0764e+32,142
27,2,0.1000,0.2000,1.4150e+28,8.1100e+27,7.1200e+27,4.8000e+27,2.3424e+32,1.2478e+32,142
27,3,0.2000,0.3500,1.5320e+28,2.7420e+28,8.4000e+27,1.9680e+28,1.4748e+32,7.6717e+31,142
27,4,0.3500,0.5500,8.2700e+27,5.2060e+28,6.1000e+27,4.4090e+28,5.0059e+31,3.5136e+31,142
27,5,0.5500,1.0100,4.7800e+27,1.6074e+29,4.3000e+27,1.5946e+29,1.6873e+31,1.5693e+31,142
28,0,0.0000,0.0500,2.7800e+27,5.0000e+25,1.6000e+27,5.0000e+25,3.0676e+32,1.6972e+32,142
28,1,0.0500,0.1000,6.2600e+27,1.0400e+27,3.4000e+27,6.8000e+26,2.1385e+32,1.0768e+32,142
28,2,0.1000,0.2000,1.3870e+28,8.2300e+27,7.2900e+27,4.9300e+27,2.3390e+32,1.2508e+32,142
28,3,0.2000,0.3500,1.5590e+28,2.9000e+28,8.5000e+27,1.8930e+28,1.4678e+32,7.6474e+31,142
28,4,0.3500,0.5500,8.8800e+27,5.3980e+28,5.8500e+27,4.4420e+28,5.0080e+31,3.5098e+31,142
28,5,0.5500,1.0100,5.1500e+27,1.5991e+29,4.6400e+27,1.5801e+29,1.6810e+31,1.5636e+31,142
29,0,0.0000,0.0500,2.3700e+27,5.0000e+25,1.5200e+27,2.0000e+25,3.0712e+32,1.6987e+32,142
29,1,0.0500,0.1000,6.3100e+27,1.0100e+27,3.1200e+27,5.8000e+26,2.1324e+32,1.0828e+32,142
29,2,0.1000,0.2000,1.3330e+28,7.6500e+27,7.2900e+27,4.7800e+27,2.3361e+32,1.2561e+32,142
29,3,0.2000,0.3500,1.6010e+28,2.7750e+28,8.3800e+27,1.7590e+28,1.4643e+32,7.5468e+31,142
29,4,0.3500,0.5500,8.5800e+27,5.2120e+28,6.1900e+27,4.2500e+28,5.0243e+31,3.5145e+31,142
29,5,0.5500,1.0100,4.6700e+27,1.5342e+29,4.3800e+27,1.5680e+29,1.6783e+31,1.5544e+31,142
30,0,0.0000,0.0500,2.8200e+27,8.0000e+25,1.4400e+27,3.0000e+25,3.0711e+32,1.7121e+32,143
30,1,0.0500,0.1000,5.8700e+27,1.1300e+27,3.3800e+27,6.0000e+26,2.1612e+32,1.0952e+32,143
30,2,0.1000,0.2000,1.4230e+28,7.7900e+27,7.3400e+27,4.9600e+27,2.3588e+32,1.2626e+32,143
30,3,0.2000,0.3500,1.4700e+28,2.7630e+28,8.4600e+27,1.8320e+28,1.4715e+32,7.5780e+31,143
30,4,0.3500,0.5500,8.7300e+27,5.2290e+28,6.2900e+27,4.3060e+28,5.0457e+31,3.5397e+31,143
30,5,0.5500,1.0100,5.1200e+27,1.4383e+29,4.2200e+27,1.5329e+29,1.6670e+31,1.5606e+31,143
31,0,0.0000,0.0500,2.4500e+27,7.0000e+25,1.6100e+27,3.0000e+25,3.0722e+32,1.7211e+32,143
31,1,0.0500,0.1000,6.6100e+27,1.2200e+27,2.9500e+27,4.7000e+26,2.1640e+32,1.0878e+32,143
31,2,0.1000,0.2000,1.4230e+28,7.9300e+27,7.3200e+27,4.8400e+27,2.3560e+32,1.2676e+32,143
31,3,0.2000,0.3500,1.5210e+28,2.6730e+28,8.5200e+27,1.7580e+28,1.4664e+32,7.5283e+31,143
31,4,0.3500,0.5500,8.5200e+27,5.0540e+28,6.0800e+27,4.0930e+28,5.0279e+31,3.5403e+31,143
31,5,0.5500,1.0100,4.6500e+27,1.4486e+29,4.4400e+27,1.4615e+29,1.6526e+31,1.5542e+31,143
32,0,0.0000,0.0500,2.3000e+27,9.0000e+25,1.6800e+27,4.0000e+25,3.0978e+32,1.7391e+32,144
32,1,0.0500,0.1000,6.4100e+27,9.4000e+26,2.8900e+27,5.4000e+26,2.1797e+32,1.0913e+32,144
32,2,0.1000,0.2000,1.3940e+28,7.4500e+27,7.4900e+27,4.6600e+27,2.3694e+32,1.2764e+32,144
32,3,0.2000,0.3500,1.5750e+28,2.6950e+28,8.2000e+27,1.6740e+28,1.4711e+32,7.5773e+31,144
32,4,0.3500,0.5500,8.1700e+27,4.9000e+28,5.8600e+27,4.0160e+28,5.0273e+31,3.5551e+31,144
32,5,0.5500,1.0100,4.6600e+27,1.4347e+29,4.1500e+27,1.4163e+29,1.6498e+31,1.5535e+31,144
33,0,0.0000,0.0500,2.4700e+27,2.0000e+25,1.4900e+27,4.0000e+25,3.0875e+32,1.7405e+32,144
33,1,0.0500,0.1000,6.4200e+27,9.5000e+26,3.4900e+27,4.3000e+26,2.1943e+32,1.0914e+32,144
33,2,0.1000,0.2000,1.3310e+28,7.5100e+27,7.5600e+27,4.2600e+27,2.3510e+32,1.2820e+32,144
33,3,0.2000,0.3500,1.6360e+28,2.6420e+28,8.0400e+27,1.6350e+28,1.4805e+32,7.5152e+31,144
33,4,0.3500,0.5500,8.8400e+27,4.5370e+28,6.3600e+27,3.8430e+28,4.9969e+31,3.5444e+31,144
33,5,0.5500,1.0100,4.4600e+27,1.4066e+29,4.1300e+27,1.3936e+29,1.6350e+31,1.5354e+31,144
34,0,0.0000,0.0500,2.6400e+27,4.0000e+25,1.5500e+27,3.0000e+25,3.0985e+32,1.7541e+32,145
34,1,0.0500,0.1000,6.5200e+27,1.1700e+27,3.1400e+27,4.8000e+26,2.2252e+32,1.0991e+32,145
34,2,0.1000,0.2000,1.3910e+28,7.7200e+27,7.4000e+27,4.0700e+27,2.3622e+32,1.2932e+32,145
34,3,0.2000,0.3500,1.5080e+28,2.6400e+28,8.2100e+27,1.5770e+28,1.4857e+32,7.5403e+31,145
34,4,0.3500,0.5500,8.0800e+27,4.8200e+28,6.3800e+27,3.9460e+28,5.0308e+31,3.5601e+31,145
34,5,0.5500,1.0100,4.7600e+27,1.3692e+29,4.4000e+27,1.4050e+29,1.6298e+31,1.5401e+31,145
35,0,0.0000,0.0500,2.6400e+27,4.0000e+25,1.3900e+27,2.0000e+25,3.1026e+32,1.7557e+32,145
35,1,0.0500,0.1000,5.9400e+27,1.0300e+27,2.7800e+27,5.4000e+26,2.1877e+32,1.0994e+32,145
35,2,0.1000,0.2000,1.4130e+28,7.7600e+27,7.4500e+27,4.0000e+27,2.3978e+32,1.3002e+32,145
35,3,0.2000,0.3500,1.5230e+28,2.5110e+28,7.8600e+27,1.5750e+28,1.4710e+32,7.4661e+31,145
35,4,0.3500,0.5500,7.9000e+27,4.9080e+28,5.9400e+27,4.0560e+28,5.0882e+31,3.5654e+31,145
35,5,0.5500,1.0100,4.4100e+27,1.3766e+29,4.1700e+27,1.3204e+29,1.6221e+31,1.5254e+31,145
36,0,0.0000,0.0500,2.2800e+27,1.4000e+26,1.5900e+27,0.0000e+00,3.1013e+32,1.7692e+32,146
36,1,0.0500,0.1000,6.8300e+27,1.0900e+27,3.2300e+27,4.9000e+26,2.1904e+32,1.1176e+32,146
36,2,0.1000,0.2000,1.4420e+28,8.2800e+27,7.1800e+27,4.2600e+27,2.4518e+32,1.2987e+32,146
36,3,0.2000,0.3500,1.5460e+28,2.5730e+28,7.9500e+27,1.4740e+28,1.4751e+32,7.5080e+31,146
36,4,0.3500,0.5500,8.7600e+27,4.5310e+28,6.2800e+27,3.8600e+28,5.1008e+31,3.5917e+31,146
36,5,0.5500,1.0100,4.6100e+27,1.2843e+29,4.2500e+27,1.2896e+29,1.6265e+31,1.5278e+31,146
37,0,0.0000,0.0500,2.5400e+27,7.0000e+25,1.4800e+27,4.0000e+25,3.1044e+32,1.7826e+32,146
37,1,0.0500,0.1000,6.3500e+27,9.9000e+26,3.3200e+27,4.2000e+26,2.1428e+32,1.1242e+32,146
37,2,0.1000,0.2000,1.4280e+28,7.8500e+27,7.0900e+27,4.0700e+27,2.4982e+32,1.2836e+32,146
37,3,0.2000,0.3500,1.5560e+28,2.4470e+28,7.4400e+27,1.5880e+28,1.4688e+32,7.5360e+31,146
37,4,0.3500,0.5500,8.5300e+27,4.4710e+28,6.0600e+27,3.5580e+28,5.0652e+31,3.5227e+31,146
37,5,0.5500,1.0100,4.1200e+27,1.2382e+29,4.3600e+27,1.2770e+29,1.6124e+31,1.5121e+31,146
38,0,0.0000,0.0500,2.6000e+27,2.0000e+25,1.7000e+27,1.0000e+25,3.1074e+32,1.8088e+32,147
38,1,0.0500,0.1000,6.3300e+27,9.5000e+26,3.2500e+27,3.6000e+26,2.1385e+32,1.1210e+32,147
38,2,0.1000,0.2000,1.4690e+28,8.0600e+27,7.5400e+27,4.0200e+27,2.5555e+32,1.2962e+32,147
38,3,0.2000,0.3500,1.5810e+28,2.5450e+28,7.6400e+27,1.5610e+28,1.4735e+32,7.5995e+31,147
38,4,0.3500,0.5500,8.4500e+27,4.6460e+28,6.0200e+27,3.6970e+28,5.0703e+31,3.4818e+31,147
38,5,0.5500,1.0100,4.2800e+27,1.2126e+29,3.8900e+27,1.2476e+29,1.6061e+31,1.5120e+31,147
39,0,0.0000,0.0500,2.8200e+27,4.0000e+25,1.5800e+27,2.0000e+25,3.1048e+32,1.8138e+32,147
39,1,0.0500,0.1000,6.4100e+27,8.5000e+26,3.0100e+27,4.0000e+26,2.1258e+32,1.1177e+32,147
39,2,0.1000,0.2000,1.4510e+28,8.7300e+27,7.2100e+27,3.9300e+27,2.5739e+32,1.3029e+32,147
39,3,0.2000,0.3500,1.5080e+28,2.4280e+28,7.7000e+27,1.5530e+28,1.4647e+32,7.5368e+31,147
39,4,0.3500,0.5500,8.4000e+27,4.5330e+28,5.4200e+27,3.6210e+28,5.0689e+31,3.4905e+31,147
39,5,0.5500,1.0100,4.1600e+27,1.1706e+29,4.0300e+27,1.2300e+29,1.5932e+31,1.4908e+31,147
40,0,0.0000,0.0500,2.7700e+27,4.0000e+25,1.4000e+27,1.0000e+25,3.1003e+32,1.8278e+32,148
40,1,0.0500,0.1000,6.1000e+27,1.0400e+27,3.1500e+27,3.7000e+26,2.1382e+32,1.1329e+32,148
40,2,0.1000,0.2000,1.4650e+28,7.6800e+27,7.4600e+27,4.2500e+27,2.6199e+32,1.3161e+32,148
40,3,0.2000,0.3500,1.4710e+28,2.3100e+28,7.8600e+27,1.4330e+28,1.4657e+32,7.4790e+31,148
40,4,0.3500,0.5500,9.0000e+27,4.1660e+28,5.4000e+27,3.3270e+28,5.0934e+31,3.4962e+31,148
40,5,0.5500,1.0100,4.3600e+27,1.1586e+29,4.1800e+27,1.1354e+29,1.6006e+31,1.4874e+31,148
41,0,0.0000,0.0500,2.3200e+27,6.0000e+25,1.7400e+27,2.0000e+25,3.0992e+32,1.8511e+32,149
41,1,0.0500,0.1000,5.8600e+27,9.6000e+26,3.4100e+27,4.5000e+26,2.1434e+32,1.1355e+32,149
41,2,0.1000,0.2000,1.4710e+28,8.1200e+27,7.5000e+27,4.4900e+27,2.6522e+32,1.3254e+32,149
41,3,0.2000,0.3500,1.5080e+28,2.4830e+28,7.5000e+27,1.3690e+28,1.4869e+32,7.5207e+31,149
41,4,0.3500,0.5500,7.7200e+27,3.9580e+28,5.7200e+27,3.2940e+28,5.0903e+31,3.4784e+31,149
41,5,0.5500,1.0100,4.3200e+27,1.1014e+29,4.3300e+27,1.0851e+29,1.5951e+31,1.4771e+31,149
42,0,0.0000,0.0500,2.6400e+27,4.0000e+25,1.3400e+27,4.0000e+25,3.0806e+32,1.8782e+32,149
42,1,0.0500,0.1000,6.3600e+27,1.0100e+27,2.8700e+27,3.8000e+26,2.1370e+32,1.1110e+32,149
42,2,0.1000,0.2000,1.4940e+28,7.5800e+27,7.2700e+27,3.8600e+27,2.6552e+32,1.3270e+32,149
42,3,0.2000,0.3500,1.5710e+28,2.2950e+28,6.7600e+27,1.3850e+28,1.4997e+32,7.5232e+31,149
42,4,0.3500,0.5500,8.5600e+27,3.9530e+28,5.8500e+27,3.2140e+28,5.0884e+31,3.4440e+31,149
42,5,0.5500,1.0100,4.0900e+27,1.0920e+29,3.7500e+27,1.1648e+29,1.5754e+31,1.4725e+31,149
43,0,0.0000,0.0500,2.5000e+27,2.0000e+25,1.5600e+27,2.0000e+25,3.0977e+32,1.8943e+32,150
43,1,0.0500,0.1000,6.1900e+27,1.0200e+27,3.2200e+27,5.2000e+26,2.1161e+32,1.1267e+32,150
43,2,0.1000,0.2000,1.4740e+28,7.3500e+27,6.5900e+27,3.5400e+27,2.6832e+32,1.3305e+32,150
43,3,0.2000,0.3500,1.5340e+28,2.3630e+28,7.4400e+27,1.2910e+28,1.5290e+32,7.5344e+31,150
43,4,0.3500,0.5500,8.4500e+27,3.9120e+28,5.8900e+27,3.0990e+28,5.1121e+31,3.4364e+31,150
43,5,0.5500,1.0100,3.9300e+27,1.0993e+29,3.6200e+27,1.0629e+29,1.5854e+31,1.4729e+31,150
44,0,0.0000,0.0500,2.3300e+27,6.0000e+25,1.7700e+27,0.0000e+00,3.0772e+32,1.9049e+32,150
44,1,0.0500,0.1000,5.8800e+27,7.7000e+26,2.9700e+27,2.6000e+26,2.1066e+32,1.1190e+32,150
44,2,0.1000,0.2000,1.5010e+28,7.6100e+27,7.3700e+27,3.3900e+27,2.7072e+32,1.3287e+32,150
44,3,0.2000,0.3500,1.5360e+28,2.3490e+28,7.3900e+27,1.3260e+28,1.5294e+32,7.5384e+31,150
44,4,0.3500,0.5500,8.8000e+27,3.8760e+28,6.0800e+27,2.9130e+28,5.0768e+31,3.4154e+31,150
44,5,0.5500,1.0100,4.2200e+27,1.0822e+29,3.8100e+27,1.0333e+29,1.5916e+31,1.4454e+31,150
45,0,0.0000,0.0500,2.8000e+27,5.0000e+25,1.8200e+27,1.0000e+25,3.0971e+32,1.9237e+32,151
45,1,0.0500,0.1000,6.1600e+27,7.6000e+26,2.8400e+27,3.7000e+26,2.0900e+32,1.1368e+32,151
45,2,0.1000,0.2000,1.5210e+28,7.7100e+27,7.2500e+27,3.8500e+27,2.7581e+32,1.3235e+32,151
45,3,0.2000,0.3500,1.5150e+28,2.2530e+28,7.7900e+27,1.2800e+28,1.5328e+32,7.5969e+31,151
45,4,0.3500,0.5500,8.2800e+27,3.7630e+28,5.8800e+27,2.8440e+28,5.0825e+31,3.4129e+31,151
45,5,0.5500,1.0100,4.1100e+27,1.0289e+29,3.7400e+27,1.0264e+29,1.5792e+31,1.4481e+31,151
46,0,0.0000,0.0500,2.6300e+27,4.0000e+25,1.5000e+27,5.0000e+25,3.0919e+32,1.9488e+32,152
46,1,0.0500,0.1000,5.7700e+27,9.5000e+26,3.0500e+27,4.2000e+26,2.1193e+32,1.1472e+32,152
46,2,0.1000,0.2000,1.5580e+28,7.8700e+27,7.2400e+27,3.6500e+27,2.7880e+32,1.3219e+32,152
46,3,0.2000,0.3500,1.5290e+28,2.2190e+28,7.6600e+27,1.3120e+28,1.5321e+32,7.6243e+31,152
46,4,0.3500,0.5500,7.6500e+27,3.5590e+28,5.4300e+27,2.9150e+28,5.0888e+31,3.4190e+31,152
46,5,0.5500,1.0100,4.0900e+27,1.0215e+29,4.0800e+27,1.0864e+29,1.5894e+31,1.4476e+31,152
47,0,0.0000,0.0500,2.8000e+27,3.0000e+25,1.6000e+27,0.0000e+00,3.1066e+32,1.9698e+32,153
47,1,0.0500,0.1000,5.9200e+27,9.3000e+26,3.6100e+27,3.2000e+26,2.1199e+32,1.1767e+32,153
47,2,0.1000,0.2000,1.5360e+28,8.1300e+27,7.6900e+27,3.6100e+27,2.8145e+32,1.3180e+32,153
47,3,0.2000,0.3500,1.5750e+28,2.1980e+28,7.5200e+27,1.2500e+28,1.5405e+32,7.5500e+31,153
47,4,0.3500,0.5500,8.2700e+27,3.5220e+28,5.8400e+27,2.8190e+28,5.1161e+31,3.4102e+31,153
47,5,0.5500,1.0100,4.2200e+27,1.0648e+29,3.8900e+27,1.0347e+29,1.6072e+31,1.4469e+31,153
48,0,0.0000,0.0500,2.7500e+27,8.0000e+25,1.8000e+27,2.0000e+25,3.0423e+32,1.9853e+32,153
48,1,0.0500,0.1000,5.8400e+27,8.3000e+26,3.4000e+27,2.8000e+26,2.1804e+32,1.1856e+32,153
48,2,0.1000,0.2000,1.5640e+28,7.7700e+27,7.1000e+27,3.0700e+27,2.8075e+32,1.3129e+32,153
48,3,0.2000,0.3500,1.5230e+28,2.1220e+28,7.2600e+27,1.1930e+28,1.5365e+32,7.4053e+31,153
48,4,0.3500,0.5500,8.1200e+27,3.6930e+28,5.5300e+27,2.7720e+28,5.1554e+31,3.3693e+31,153
48,5,0.5500,1.0100,4.2300e+27,1.0429e+29,3.6600e+27,9.7710e+28,1.6098e+31,1.4322e+31,153
49,0,0.0000,0.0500,2.8500e+27,5.0000e+25,1.7200e+27,1.0000e+25,3.0565e+32,2.0223e+32,154
49,1,0.0500,0.1000,5.5800e+27,7.8000e+26,3.5100e+27,2.7000e+26,2.1793e+32,1.1968e+32,154
49,2,0.1000,0.2000,1.5410e+28,7.7100e+27,7.3100e+27,3.2100e+27,2.7981e+32,1.3025e+32,154
49,3,0.2000,0.3500,1.5830e+28,2.1920e+28,7.4900e+27,1.2690e+28,1.5826e+32,7.4222e+31,154
49,4,0.3500,0.5500,8.4200e+27,3.7150e+28,5.5900e+27,2.8480e+28,5.1916e+31,3.3809e+31,154
49,5,0.5500,1.0100,4.2700e+27,1.0491e+29,3.6700e+27,9.9030e+28,1.6144e+31,1.4168e+31,154
50,0,0.0000,0.0500,2.4800e+27,8.0000e+25,1.3800e+27,0.0000e+00,3.0367e+32,2.0517e+32,155
50,1,0.0500,0.1000,5.8900e+27,9.4000e+26,3.2400e+27,3.2000e+26,2.2065e+32,1.2301e+32,155
50,2,0.1000,0.2000,1.5000e+28,8.1700e+27,6.7500e+27,2.7100e+27,2.8151e+32,1.2716e+32,155
50,3,0.2000,0.3500,1.5260e+28,2.1700e+28,7.5500e+27,1.1080e+28,1.5957e+32,7.4754e+31,155
50,4,0.3500,0.5500,8.6200e+27,3.5890e+28,5.5200e+27,2.7150e+28,5.3627e+31,3.3915e+31,155
50,5,0.5500,1.0100,4.4000e+27,1.0538e+29,3.5400e+27,9.5970e+28,1.6283e+31,1.4130e+31,155
51,0,0.0000,0.0500,2.6200e+27,3.0000e+25,1.6600e+27,1.0000e+25,3.0284e+32,2.0688e+32,155
51,1,0.0500,0.1000,5.9500e+27,8.6000e+26,3.2400e+27,3.3000e+26,2.1839e+32,1.2536e+32,155
51,2,0.1000,0.2000,1.5360e+28,7.2600e+27,6.2900e+27,2.8100e+27,2.8140e+32,1.2361e+32,155
51,3,0.2000,0.3500,1.5480e+28,1.9910e+28,7.2900e+27,1.1230e+28,1.6133e+32,7.4939e+31,155
51,4,0.3500,0.5500,8.4400e+27,3.6110e+28,5.7500e+27,2.5080e+28,5.3749e+31,3.3295e+31,155
51,5,0.5500,1.0100,4.1600e+27,1.0098e+29,3.7100e+27,9.2000e+28,1.6194e+31,1.4062e+31,155
52,0,0.0000,0.0500,2.9100e+27,7.0000e+25,1.7400e+27,0.0000e+00,3.0421e+32,2.1193e+32,157
52,1,0.0500,0.1000,5.7300e+27,8.3000e+26,3.1100e+27,2.7000e+26,2.2062e+32,1.2604e+32,157
52,2,0.1000,0.2000,1.5640e+28,7.3800e+27,6.1500e+27,2.7300e+27,2.8252e+32,1.2460e+32,157
52,3,0.2000,0.3500,1.6170e+28,2.2830e+28,7.3800e+27,1.1090e+28,1.6828e+32,7.5482e+31,157
52,4,0.3500,0.5500,7.8800e+27,3.5180e+28,5.6200e+27,2.4040e+28,5.3906e+31,3.3251e+31,157
52,5,0.5500,1.0100,4.4100e+27,1.0514e+29,3.8600e+27,8.9470e+28,1.6436e+31,1.4254e+31,157
53,0,0.0000,0.0500,3.0400e+27,6.0000e+25,1.2900e+27,0.0000e+00,3.0433e+32,2.1716e+32,157
53,1,0.0500,0.1000,5.8400e+27,9.7000e+26,3.6200e+27,3.7000e+26,2.1736e+32,1.2237e+32,157
53,2,0.1000,0.2000,1.4920e+28,7.4800e+27,6.7000e+27,2.7000e+27,2.8352e+32,1.2344e+32,157
53,3,0.2000,0.3500,1.5170e+28,2.1440e+28,7.4300e+27,1.1980e+28,1.6931e+32,7.6184e+31,157
53,4,0.3500,0.5500,8.8400e+27,3.4220e+28,5.4800e+27,2.5090e+28,5.3412e+31,3.2490e+31,157
53,5,0.5500,1.0100,4.2100e+27,1.0265e+29,3.3600e+27,8.9570e+28,1.6723e+31,1.4114e+31,157
54,0,0.0000,0.0500,2.9500e+27,1.0000e+26,1.4900e+27,2.0000e+25,3.0060e+32,2.2621e+32,158
54,1,0.0500,0.1000,6.1500e+27,1.0000e+27,3.1700e+27,2.4000e+26,2.2200e+32,1.1716e+32,158
54,2,0.1000,0.2000,1.4730e+28,7.6100e+27,6.7300e+27,2.6000e+27,2.8526e+32,1.2401e+32,158
54,3,0.2000,0.3500,1.6810e+28,2.2010e+28,7.4800e+27,1.0890e+28,1.7106e+32,7.6077e+31,158
54,4,0.3500,0.5500,7.6600e+27,3.3140e+28,5.3800e+27,2.2660e+28,5.4051e+31,3.2113e+31,158
54,5,0.5500,1.0100,4.2300e+27,9.7220e+28,3.2700e+27,8.7260e+28,1.6945e+31,1.4090e+31,158
55,0,0.0000,0.0500,2.9900e+27,6.0000e+25,1.5300e+27,4.0000e+25,2.9886e+32,2.2908e+32,158
55,1,0.0500,0.1000,6.0100e+27,1.0000e+27,2.9900e+27,2.7000e+26,2.2110e+32,1.1498e+32,158
55,2,0.1000,0.2000,1.5440e+28,7.4000e+27,6.5700e+27,2.7300e+27,2.8444e+32,1.2380e+32,158
55,3,0.2000,0.3500,1.6900e+28,2.1790e+28,7.5000e+27,1.0900e+28,1.7353e+32,7.6088e+31,158
55,4,0.3500,0.5500,7.8300e+27,3.2850e+28,5.2500e+27,2.4370e+28,5.3492e+31,3.1928e+31,158
55,5,0.5500,1.0100,4.2000e+27,9.3780e+28,3.3700e+27,8.9710e+28,1.6732e+31,1.4021e+31,158
56,0,0.0000,0.0500,2.9300e+27,9.0000e+25,1.6000e+27,1.0000e+25,2.9529e+32,2.3369e+32,160
56,1,0.0500,0.1000,5.6200e+27,1.2400e+27,3.2300e+27,2.3000e+26,2.2768e+32,1.1597e+32,160
56,2,0.1000,0.2000,1.5360e+28,7.3700e+27,6.4700e+27,2.4700e+27,2.8718e+32,1.2608e+32,160
56,3,0.2000,0.3500,1.6800e+28,2.1780e+28,6.8200e+27,1.0450e+28,1.7875e+32,7.5368e+31,160
56,4,0.3500,0.5500,8.4100e+27,3.4310e+28,4.9200e+27,2.4510e+28,5.4249e+31,3.2300e+31,160
56,5,0.5500,1.0100,4.0300e+27,9.6800e+28,3.6700e+27,9.2960e+28,1.6971e+31,1.4237e+31,160
57,0,0.0000,0.0500,2.6800e+27,7.0000e+25,1.4500e+27,0.0000e+00,3.8519e+32,1.8855e+32,160
57,1,0.0500,0.1000,6.1300e+27,1.0900e+27,2.9800e+27,3.0000e+26,2.2657e+32,1.1696e+32,160
57,2,0.1000,0.2000,1.4640e+28,7.3900e+27,7.1100e+27,2.3300e+27,2.8540e+32,1.2735e+32,160
57,3,0.2000,0.3500,1.6980e+28,2.1300e+28,7.1600e+27,1.1230e+28,1.7752e+32,7.5654e+31,160
57,4,0.3500,0.5500,8.2000e+27,3.2660e+28,4.7400e+27,2.4380e+28,5.4709e+31,3.2351e+31,160
57,5,0.5500,1.0100,4.1000e+27,9.0440e+28,3.8700e+27,9.6660e+28,1.6751e+31,1.4652e+31,160
58,0,0.0000,0.0500,3.2100e+27,1.5000e+26,1.4700e+27,0.0000e+00,4.1330e+32,1.8238e+32,162
58,1,0.0500,0.1000,6.2500e+27,1.4500e+27,2.8900e+27,2.0000e+26,2.2897e+32,1.1663e+32,162
58,2,0.1000,0.2000,1.4860e+28,7.4600e+27,6.3600e+27,2.1100e+27,2.8638e+32,1.2909e+32,162
58,3,0.2000,0.3500,1.6450e+28,2.1420e+28,7.6200e+27,1.0660e+28,1.8266e+32,7.5813e+31,162
58,4,0.3500,0.5500,8.4700e+27,3.1290e+28,4.7500e+27,2.3740e+28,5.4851e+31,3.2312e+31,162
58,5,0.5500,1.0100,4.2800e+27,9.1650e+28,4.0200e+27,8.8900e+28,1.6938e+31,1.4877e+31,162
59,0,0.0000,0.0500,3.5500e+27,1.3000e+26,1.5200e+27,2.0000e+25,4.0808e+32,1.8468e+32,162
59,1,0.0500,0.1000,6.1400e+27,1.2900e+27,3.0700e+27,2.1000e+26,2.3345e+32,1.1599e+32,162
59,2,0.1000,0.2000,1.4390e+28,7.5200e+27,6.6200e+27,2.4100e+27,2.8543e+32,1.2922e+32,162
59,3,0.2000,0.3500,1.6720e+28,2.0610e+28,6.7200e+27,8.9700e+27,1.8271e+32,7.4162e+31,162
59,4,0.3500,0.5500,8.0500e+27,2.9740e+28,5.0400e+27,2.2820e+28,5.4843e+31,3.2268e+31,162
59,5,0.5500,1.0100,4.5100e+27,9.0640e+28,3.7200e+27,9.0580e+28,1.6939e+31,1.4822e+31,162
60,0,0.0000,0.0500,2.7300e+27,8.0000e+25,1.6100e+27,2.0000e+25,3.8607e+32,1.8895e+32,163
60,1,0.0500,0.1000,6.7100e+27,1.3400e+27,2.8800e+27,2.0000e+26,2.5583e+32,1.1507e+32,163
60,2,0.1000,0.2000,1.4780e+28,7.4800e+27,6.5500e+27,2.3000e+27,2.8729e+32,1.2989e+32,163
60,3,0.2000,0.3500,1.7890e+28,2.0130e+28,6.8000e+27,8.6000e+27,1.8475e+32,7.3708e+31,163
60,4,0.3500,0.5500,8.3900e+27,3.1900e+28,4.9600e+27,2.1150e+28,5.6247e+31,3.2089e+31,163
60,5,0.5500,1.0100,4.0100e+27,9.1490e+28,3.8900e+27,8.7950e+28,1.7202e+31,1.4882e+31,163
61,0,0.0000,0.0500,2.5000e+27,1.3000e+26,1.7700e+27,0.0000e+00,3.7371e+32,1.9097e+32,164
61,1,0.0500,0.1000,6.6200e+27,2.0000e+27,2.8700e+27,2.8000e+26,2.6799e+32,1.1739e+32,164
61,2,0.1000,0.2000,1.5220e+28,8.0100e+27,6.5800e+27,2.2400e+27,2.9187e+32,1.3019e+32,164
61,3,0.2000,0.3500,1.6960e+28,2.0470e+28,6.7100e+27,8.1000e+27,1.8411e+32,7.2259e+31,164
61,4,0.3500,0.5500,8.1700e+27,3.0630e+28,4.8000e+27,2.2750e+28,5.8042e+31,3.2475e+31,164
61,5,0.5500,1.0100,4.1500e+27,9.1030e+28,3.9200e+27,9.4360e+28,1.7425e+31,1.4875e+31,164
62,0,0.0000,0.0500,2.9600e+27,9.0000e+25,1.6200e+27,0.0000e+00,3.6835e+32,1.9419e+32,165
62,1,0.0500,0.1000,7.0100e+27,1.7500e+27,3.1300e+27,1.4000e+26,2.6216e+32,1.1882e+32,165
62,2,0.1000,0.2000,1.5200e+28,8.4200e+27,6.3800e+27,1.7700e+27,3.0689e+32,1.3064e+32,165
62,3,0.2000,0.3500,1.6570e+28,2.0810e+28,6.5900e+27,9.3700e+27,1.8427e+32,7.0843e+31,165
62,4,0.3500,0.5500,8.5400e+27,3.3580e+28,5.0600e+27,2.0920e+28,5.9712e+31,3.2214e+31,165
62,5,0.5500,1.0100,4.2100e+27,8.9540e+28,4.0900e+27,9.3220e+28,1.7466e+31,1.5182e+31,165
63,0,0.0000,0.0500,3.0400e+27,7.0000e+25,1.4500e+27,0.0000e+00,3.6223e+32,1.9831e+32,166
63,1,0.0500,0.1000,6.3000e+27,1.7900e+27,2.7700e+27,2.2000e+26,2.5664e+32,1.1852e+32,166
63,2,0.1000,0.2000,1.6030e+28,8.4400e+27,6.2100e+27,2.1600e+27,3.2219e+32,1.3178e+32,166
63,3,0.2000,0.3500,1.7150e+28,2.0180e+28,6.5900e+27,8.8600e+27,1.8514e+32,6.9991e+31,166
63,4,0.3500,0.5500,9.0300e+27,3.0540e+28,4.6400e+27,2.0340e+28,6.0487e+31,3.1616e+31,166
63,5,0.5500,1.0100,4.2100e+27,8.6470e+28,3.5000e+27,8.6110e+28,1.7832e+31,1.5236e+31,166
64,0,0.0000,0.0500,3.0900e+27,4.0000e+25,1.4100e+27,0.0000e+00,3.5815e+32,2.0299e+32,167
64,1,0.0500,0.1000,6.2300e+27,1.8200e+27,2.7400e+27,2.1000e+26,2.5194e+32,1.1736e+32,167
64,2,0.1000,0.2000,1.6570e+28,9.7800e+27,6.4100e+27,2.0100e+27,3.2917e+32,1.3202e+32,167
64,3,0.2000,0.3500,1.7360e+28,2.0770e+28,6.7300e+27,8.4900e+27,1.9122e+32,7.0060e+31,167
64,4,0.3500,0.5500,8.6400e+27,3.1560e+28,4.6200e+27,1.8770e+28,6.1306e+31,3.1393e+31,167
64,5,0.5500,1.0100,4.6200e+27,8.5410e+28,3.9000e+27,8.2880e+28,1.8142e+31,1.5126e+31,167
65,0,0.0000,0.0500,2.5400e+27,8.0000e+25,1.5000e+27,2.0000e+25,3.5585e+32,2.0620e+32,168
65,1,0.0500,0.1000,5.8800e+27,1.9300e+27,2.8600e+27,9.0000e+25,2.4973e+32,1.1994e+32,168
65,2,0.1000,0.2000,1.7040e+28,9.5300e+27,6.5100e+27,1.9400e+27,3.3800e+32,1.2976e+32,168
65,3,0.2000,0.3500,1.7720e+28,2.1710e+28,6.3500e+27,7.6400e+27,1.9151e+32,6.9992e+31,168
65,4,0.3500,0.5500,9.5800e+27,2.9160e+28,4.6400e+27,1.9430e+28,6.1844e+31,3.1406e+31,168
65,5,0.5500,1.0100,4.4700e+27,8.8660e+28,3.4300e+27,8.2660e+28,1.8580e+31,1.5145e+31,168
66,0,0.0000,0.0500,2.7300e+27,4.0000e+25,1.4000e+27,0.0000e+00,3.4797e+32,2.1092e+32,169
66,1,0.0500,0.1000,6.4400e+27,2.4000e+27,3.0600e+27,2.3000e+26,2.5739e+32,1.2274e+32,169
66,2,0.1000,0.2000,1.7200e+28,9.8100e+27,6.2200e+27,1.8500e+27,3.3794e+32,1.2767e+32,169
66,3,0.2000,0.3500,1.7780e+28,2.1920e+28,6.0500e+27,6.8200e+27,1.9565e+32,6.8166e+31,169
66,4,0.3500,0.5500,8.9400e+27,3.0810e+28,4.6900e+27,1.8110e+28,6.3201e+31,3.1246e+31,169
66,5,0.5500,1.0100,4.6800e+27,8.7950e+28,3.6800e+27,7.4080e+28,1.9001e+31,1.4990e+31,169
67,0,0.0000,0.0500,2.9400e+27,7.0000e+25,1.7100e+27,1.0000e+25,3.4395e+32,2.1593e+32,170
67,1,0.0500,0.1000,6.2500e+27,2.5600e+27,3.2900e+27,1.6000e+26,2.5773e+32,1.2715e+32,170
67,2,0.1000,0.2000,1.6260e+28,1.0540e+28,5.7200e+27,1.8000e+27,3.3771e+32,1.2146e+32,170
67,3,0.2000,0.3500,1.7710e+28,2.1820e+28,6.5200e+27,7.6300e+27,2.0206e+32,6.8568e+31,170
67,4,0.3500,0.5500,9.5800e+27,3.0200e+28,5.0800e+27,1.8430e+28,6.5945e+31,3.1085e+31,170
67,5,0.5500,1.0100,4.4200e+27,8.2530e+28,3.4700e+27,7.9930e+28,1.9219e+31,1.5039e+31,170
68,0,0.0000,0.0500,2.9900e+27,6.0000e+25,1.5600e+27,0.0000e+00,3.4463e+32,2.2446e+32,172
68,1,0.0500,0.1000,6.3900e+27,2.9100e+27,3.1000e+27,1.1000e+26,2.5636e+32,1.2623e+32,172
68,2,0.1000,0.2000,1.7010e+28,9.9900e+27,5.5200e+27,1.7000e+27,3.3915e+32,1.2032e+32,172
68,3,0.2000,0.3500,1.8360e+28,2.1580e+28,6.1300e+27,7.0200e+27,2.1306e+32,6.9426e+31,172
68,4,0.3500,0.5500,9.5900e+27,2.8640e+28,4.5100e+27,1.7940e+28,6.6126e+31,3.0623e+31,172
68,5,0.5500,1.0100,4.4900e+27,8.1110e+28,4.1700e+27,8.2270e+28,1.9632e+31,1.5321e+31,172
69,0,0.0000,0.0500,3.2400e+27,8.0000e+25,1.5500e+27,0.0000e+00,3.3674e+32,2.3569e+32,172
69,1,0.0500,0.1000,6.9000e+27,2.5500e+27,3.1700e+27,1.6000e+26,2.5818e+32,1.1723e+32,172
69,2,0.1000,0.2000,1.6320e+28,1.0410e+28,5.8700e+27,1.7600e+27,3.3918e+32,1.1938e+32,172
69,3,0.2000,0.3500,1.7980e+28,2.2040e+28,6.0900e+27,6.6200e+27,2.1610e+32,6.9077e+31,172
69,4,0.3500,0.5500,9.3000e+27,3.0020e+28,4.5800e+27,1.8670e+28,6.6505e+31,3.0008e+31,172
69,5,0.5500,1.0100,4.7400e+27,8.3440e+28,3.5600e+27,7.2840e+28,1.9980e+31,1.5258e+31,172
70,0,0.0000,0.0500,2.8800e+27,5.0000e+25,1.5600e+27,1.0000e+25,3.5126e+32,2.2800e+32,173
70,1,0.0500,0.1000,7.1200e+27,3.0300e+27,2.8300e+27,1.2000e+26,2.6268e+32,1.1664e+32,173
70,2,0.1000,0.2000,1.7150e+28,1.0850e+28,6.0400e+27,1.4300e+27,3.3872e+32,1.2093e+32,173
70,3,0.2000,0.3500,1.9300e+28,2.2430e+28,6.0400e+27,7.0900e+27,2.2256e+32,6.8073e+31,173
70,4,0.3500,0.5500,9.2500e+27,2.9900e+28,4.5200e+27,1.8440e+28,6.7456e+31,3.0147e+31,173
70,5,0.5500,1.0100,4.8000e+27,8.3860e+28,3.5800e+27,8.0720e+28,2.0148e+31,1.5545e+31,173
71,0,0.0000,0.0500,3.3000e+27,1.0000e+26,1.3900e+27,1.0000e+25,4.3711e+32,1.8545e+32,174
71,1,0.0500,0.1000,6.6300e+27,3.0200e+27,2.7800e+27,1.5000e+26,2.6346e+32,1.1663e+32,174
71,2,0.1000,0.2000,1.6570e+28,1.0780e+28,5.6400e+27,1.6100e+27,3.3672e+32,1.2283e+32,174
71,3,0.2000,0.3500,1.9680e+28,2.2970e+28,6.0300e+27,6.8400e+27,2.2614e+32,6.8119e+31,174
71,4,0.3500,0.5500,9.8200e+27,3.0850e+28,4.3000e+27,1.8480e+28,6.8091e+31,3.0175e+31,174
71,5,0.5500,1.0100,4.8800e+27,8.3650e+28,3.8200e+27,7.8540e+28,2.0154e+31,1.6010e+31,174
72,0,0.0000,0.0500,2.8700e+27,9.0000e+25,1.5100e+27,0.0000e+00,4.2309e+32,1.9224e+32,176
72,1,0.0500,0.1000,7.4800e+27,3.2100e+27,3.0700e+27,1.0000e+26,2.8184e+32,1.1591e+32,176
72,2,0.1000,0.2000,1.6650e+28,1.0570e+28,5.8400e+27,1.7900e+27,3.3866e+32,1.2405e+32,176
72,3,0.2000,0.3500,1.9500e+28,2.3380e+28,6.1400e+27,6.4400e+27,2.3164e+32,6.6905e+31,176
72,4,0.3500,0.5500,1.0180e+28,3.1060e+28,4.3000e+27,1.6500e+28,6.9628e+31,3.0323e+31,176
72,5,0.5500,1.0100,4.8400e+27,8.0400e+28,3.8900e+27,8.3200e+28,2.0613e+31,1.6257e+31,176
73,0,0.0000,0.0500,3.1900e+27,8.0000e+25,1.7400e+27,0.0000e+00,3.9518e+32,1.9564e+32,177
73,1,0.0500,0.1000,7.4700e+27,2.7400e+27,2.9700e+27,1.3000e+26,3.0551e+32,1.1717e+32,177
73,2,0.1000,0.2000,1.6580e+28,1.1340e+28,5.4900e+27,1.2400e+27,3.4459e+32,1.2422e+32,177
73,3,0.2000,0.3500,1.9580e+28,2.3920e+28,5.4200e+27,5.9600e+27,2.3128e+32,6.5165e+31,177
73,4,0.3500,0.5500,1.0120e+28,3.0440e+28,4.3800e+27,1.5980e+28,7.3820e+31,3.0537e+31,177
73,5,0.5500,1.0100,5.0200e+27,7.7450e+28,3.9700e+27,7.8570e+28,2.1034e+31,1.6259e+31,177
74,0,0.0000,0.0500,2.5800e+27,2.0000e+25,1.4400e+27,1.0000e+25,3.8212e+32,1.9915e+32,177
74,1,0.0500,0.1000,6.8100e+27,2.4700e+27,2.9900e+27,1.3000e+26,2.9105e+32,1.1767e+32,177
74,2,0.1000,0.2000,1.7360e+28,1.3340e+28,5.6700e+27,1.2800e+27,3.6933e+32,1.2313e+32,177
74,3,0.2000,0.3500,2.0320e+28,2.2970e+28,5.5500e+27,6.3700e+27,2.2999e+32,6.3134e+31,177
74,4,0.3500,0.5500,1.0570e+28,3.1660e+28,4.2300e+27,1.5570e+28,7.5673e+31,2.9745e+31,177
74,5,0.5500,1.0100,4.3700e+27,7.4620e+28,3.9400e+27,7.8470e+28,2.1171e+31,1.6368e+31,177
75,0,0.0000,0.0500,2.9100e+27,4.0000e+25,1.6700e+27,0.0000e+00,3.7494e+32,2.0623e+32,179
75,1,0.0500,0.1000,6.8300e+27,2.4000e+27,2.9200e+27,9.0000e+25,2.8369e+32,1.1642e+32,179
75,2,0.1000,0.2000,1.8430e+28,1.3410e+28,5.8200e+27,1.5700e+27,3.8570e+32,1.2397e+32,179
75,3,0.2000,0.3500,2.0880e+28,2.4170e+28,5.5400e+27,6.1600e+27,2.3879e+32,6.3017e+31,179
75,4,0.3500,0.5500,1.0760e+28,3.0550e+28,4.0800e+27,1.5460e+28,7.7873e+31,2.9619e+31,179
75,5,0.5500,1.0100,4.9000e+27,7.1890e+28,3.8500e+27,7.0620e+28,2.1750e+31,1.6463e+31,179
76,0,0.0000,0.0500,2.8900e+27,1.0000e+25,1.6500e+27,0.0000e+00,3.6881e+32,2.1189e+32,181
76,1,0.0500,0.1000,6.4000e+27,2.2800e+27,2.7600e+27,5.0000e+25,2.8574e+32,1.2021e+32,181
76,2,0.1000,0.2000,1.9080e+28,1.3980e+28,5.1100e+27,1.3500e+27,3.9697e+32,1.2148e+32,181
76,3,0.2000,0.3500,1.9750e+28,2.3870e+28,5.4400e+27,5.7000e+27,2.4193e+32,6.2331e+31,181
76,4,0.3500,0.5500,1.0800e+28,3.2340e+28,4.4000e+27,1.4470e+28,7.9930e+31,2.9695e+31,181
76,5,0.5500,1.0100,4.6700e+27,7.7110e+28,3.6200e+27,6.1820e+28,2.2571e+31,1.6458e+31,181
77,0,0.0000,0.0500,3.0000e+27,5.0000e+25,1.6500e+27,0.0000e+00,3.5745e+32,2.1686e+32,181
77,1,0.0500,0.1000,6.9800e+27,2.6500e+27,2.8400e+27,1.6000e+26,2.8776e+32,1.2363e+32,181
77,2,0.1000,0.2000,1.7770e+28,1.3770e+28,5.1300e+27,1.1000e+27,3.9121e+32,1.1467e+32,181
77,3,0.2000,0.3500,2.0340e+28,2.4340e+28,5.3700e+27,5.1100e+27,2.5101e+32,6.1434e+31,181
77,4,0.3500,0.5500,1.1470e+28,3.2170e+28,4.1100e+27,1.3390e+28,8.3290e+31,2.9201e+31,181
77,5,0.5500,1.0100,5.3400e+27,7.1830e+28,3.6600e+27,7.1320e+28,2.2841e+31,1.6386e+31,181
78,0,0.0000,0.0500,2.9400e+27,3.0000e+25,1.7200e+27,1.0000e+25,3.5439e+32,2.2855e+32,183
78,1,0.0500,0.1000,6.7300e+27,3.0800e+27,2.9900e+27,1.1000e+26,2.8575e+32,1.2062e+32,183
78,2,0.1000,0.2000,1.8130e+28,1.3920e+28,4.8100e+27,1.0500e+27,3.9293e+32,1.1202e+32,183
78,3,0.2000,0.3500,2.2430e+28,2.7770e+28,5.4900e+27,4.8700e+27,2.6513e+32,6.2273e+31,183
78,4,0.3500,0.5500,1.1190e+28,3.1830e+28,3.8100e+27,1.5330e+28,8.4775e+31,2.8632e+31,183
78,5,0.5500,1.0100,4.9100e+27,7.6400e+28,3.4300e+27,7.0250e+28,2.3573e+31,1.6761e+31,183
79,0,0.0000,0.0500,2.7400e+27,2.0000e+25,1.3100e+27,0.0000e+00,3.4175e+32,2.3788e+32,183
79,1,0.0500,0.1000,6.5400e+27,3.7000e+27,2.4200e+27,1.0000e+26,2.8897e+32,1.1337e+32,183
79,2,0.1000,0.2000,1.8200e+28,1.4110e+28,5.2100e+27,1.1400e+27,3.9088e+32,1.1157e+32,183
79,3,0.2000,0.3500,2.1520e+28,2.8990e+28,4.9500e+27,5.4900e+27,2.7289e+32,6.1439e+31,183
79,4,0.3500,0.5500,1.1070e+28,3.1740e+28,3.7600e+27,1.3990e+28,8.5599e+31,2.8237e+31,183
79,5,0.5500,1.0100,5.2300e+27,7.8040e+28,3.6800e+27,6.4450e+28,2.3920e+31,1.6764e+31,183
80,0,0.0000,0.0500,3.1500e+27,4.0000e+25,1.3100e+27,0.0000e+00,4.4016e+32,1.8643e+32,185
80,1,0.0500,0.1000,7.3500e+27,3.8600e+27,2.6700e+27,6.0000e+25,2.9265e+32,1.1399e+32,185
80,2,0.1000,0.2000,1.8370e+28,1.4610e+28,5.1000e+27,1.1400e+27,3.8979e+32,1.1447e+32,185
80,3,0.2000,0.3500,2.2980e+28,2.8350e+28,5.3900e+27,4.8700e+27,2.7999e+32,6.1382e+31,185
80,4,0.3500,0.5500,1.1670e+28,3.1460e+28,4.2800e+27,1.2750e+28,8.7837e+31,2.8564e+31,185
80,5,0.5500,1.0100,5.1200e+27,7.2170e+28,3.8200e+27,6.6990e+28,2.4037e+31,1.7367e+31,185
81,0,0.0000,0.0500,2.9800e+27,3.0000e+25,1.5800e+27,0.0000e+00,4.1946e+32,1.9334e+32,187
81,1,0.0500,0.1000,7.4500e+27,3.9900e+27,2.4700e+27,6.0000e+25,3.1565e+32,1.1275e+32,187
81,2,0.1000,0.2000,1.7920e+28,1.4870e+28,4.9200e+27,9.7000e+26,3.9286e+32,1.1517e+32,187
81,3,0.2000,0.3500,2.2910e+28,3.0230e+28,5.0300e+27,4.8300e+27,2.8597e+32,5.9969e+31,187
81,4,0.3500,0.5500,1.2160e+28,3.3450e+28,3.8400e+27,1.2650e+28,9.1027e+31,2.8653e+31,187
81,5,0.5500,1.0100,5.5500e+27,7.4010e+28,4.0500e+27,6.4450e+28,2.4717e+31,1.7597e+31,187
82,0,0.0000,0.0500,2.7300e+27,4.0000e+25,1.3700e+27,0.0000e+00,3.9604e+32,1.9758e+32,188
82,1,0.0500,0.1000,7.4600e+27,3.4400e+27,2.5000e+27,8.0000e+25,3.2052e+32,1.1425e+32,188
82,2,0.1000,0.2000,1.8810e+28,1.5880e+28,5.2000e+27,9.8000e+26,4.1223e+32,1.1477e+32,188
82,3,0.2000,0.3500,2.3650e+28,2.9600e+28,4.7100e+27,3.6300e+27,2.8449e+32,5.7588e+31,188
82,4,0.3500,0.5500,1.2760e+28,3.3190e+28,3.8300e+27,1.3020e+28,9.7294e+31,2.8561e+31,188
82,5,0.5500,1.0100,5.8600e+27,7.4810e+28,3.9800e+27,6.5010e+28,2.5226e+31,1.7567e+31,188
83,0,0.0000,0.0500,2.8200e+27,0.0000e+00,1.3900e+27,0.0000e+00,3.8130e+32,2.0282e+32,188
83,1,0.0500,0.1000,6.8900e+27,2.9500e+27,2.2800e+27,5.0000e+25,3.0087e+32,1.1215e+32,188
83,2,0.1000,0.2000,1.9150e+28,1.6750e+28,4.4600e+27,1.0800e+27,4.3625e+32,1.1402e+32,188
83,3,0.2000,0.3500,2.3530e+28,3.0720e+28,4.5600e+27,4.5300e+27,2.8896e+32,5.6457e+31,188
83,4,0.3500,0.5500,1.2370e+28,3.2400e+28,3.8100e+27,1.3530e+28,9.9684e+31,2.7676e+31,188
83,5,0.5500,1.0100,5.8900e+27,7.1940e+28,3.9800e+27,6.6010e+28,2.6075e+31,1.7497e+31,188
84,0,0.0000,0.0500,2.7300e+27,4.0000e+25,1.3500e+27,0.0000e+00,3.7517e+32,2.1044e+32,191
84,1,0.0500,0.1000,6.8500e+27,2.6800e+27,2.4000e+27,5.0000e+25,3.0105e+32,1.1576e+32,191
84,2,0.1000,0.2000,1.9980e+28,1.7710e+28,4.4400e+27,9.7000e+26,4.5090e+32,1.1151e+32,191
84,3,0.2000,0.3500,2.3730e+28,3.0580e+28,4.4900e+27,4.1800e+27,2.9698e+32,5.6083e+31,191
84,4,0.3500,0.5500,1.3760e+28,3.3970e+28,3.7000e+27,1.3170e+28,1.0334e+32,2.8048e+31,191
84,5,0.5500,1.0100,5.3700e+27,7.0230e+28,4.0900e+27,6.0340e+28,2.7295e+31,1.7588e+31,191
85,0,0.0000,0.0500,2.7800e+27,0.0000e+00,1.3500e+27,1.0000e+25,3.6221e+32,2.1656e+32,191
85,1,0.0500,0.1000,6.0500e+27,2.6200e+27,2.5100e+27,4.0000e+25,2.9938e+32,1.1876e+32,191
85,2,0.1000,0.2000,1.9500e+28,1.6640e+28,4.5600e+27,8.6000e+26,4.4341e+32,1.0376e+32,191
85,3,0.2000,0.3500,2.5720e+28,3.3740e+28,4.4300e+27,3.7900e+27,3.1093e+32,5.5429e+31,191
85,4,0.3500,0.5500,1.3400e+28,3.4740e+28,3.3400e+27,1.1260e+28,1.0822e+32,2.7541e+31,191
85,5,0.5500,1.0100,5.8100e+27,7.2890e+28,3.8400e+27,5.6240e+28,2.7709e+31,1.7456e+31,191
86,0,0.0000,0.0500,3.1300e+27,3.0000e+25,1.1400e+27,0.0000e+00,3.5504e+32,2.3111e+32,193
86,1,0.0500,0.1000,7.0300e+27,3.1500e+27,2.2400e+27,4.0000e+25,2.9930e+32,1.1134e+32,193
86,2,0.1000,0.2000,1.9510e+28,1.6440e+28,4.3700e+27,9.7000e+26,4.4450e+32,1.0247e+32,193
86,3,0.2000,0.3500,2.6130e+28,3.7080e+28,4.4000e+27,4.0700e+27,3.2763e+32,5.5961e+31,193
86,4,0.3500,0.5500,1.3420e+28,3.2470e+28,3.3900e+27,1.1460e+28,1.0998e+32,2.6879e+31,193
86,5,0.5500,1.0100,5.9500e+27,7.1490e+28,3.5900e+27,5.7330e+28,2.8732e+31,1.7566e+31,193
87,0,0.0000,0.0500,2.7500e+27,3.0000e+25,1.2700e+27,0.0000e+00,4.1616e+32,1.9795e+32,195
87,1,0.0500,0.1000,7.2700e+27,3.3300e+27,2.3200e+27,9.0000e+25,3.0414e+32,1.1027e+32,195
87,2,0.1000,0.2000,1.9490e+28,1.6980e+28,4.7400e+27,8.3000e+26,4.4304e+32,1.0503e+32,195
87,3,0.2000,0.3500,2.8490e+28,3.8430e+28,4.1800e+27,4.5600e+27,3.4023e+32,5.5360e+31,195
87,4,0.3500,0.5500,1.4300e+28,3.5070e+28,3.2900e+27,1.1420e+28,1.1312e+32,2.7146e+31,195
87,5,0.5500,1.0100,6.1600e+27,7.3090e+28,4.1700e+27,5.7580e+28,2.9074e+31,1.8186e+31,195
88,0,0.0000,0.0500,3.0600e+27,3.0000e+25,1.2500e+27,0.0000e+00,4.1911e+32,1.8995e+32,196
88,1,0.0500,0.1000,6.8300e+27,3.9100e+27,2.3600e+27,1.0000e+25,3.2276e+32,1.0815e+32,196
88,2,0.1000,0.2000,1.9930e+28,1.7260e+28,4.3500e+27,9.9000e+26,4.4276e+32,1.0543e+32,196
88,3,0.2000,0.3500,2.7770e+28,3.7920e+28,3.9900e+27,3.1600e+27,3.4541e+32,5.3666e+31,196
88,4,0.3500,0.5500,1.4290e+28,3.5390e+28,3.9500e+27,1.0050e+28,1.1729e+32,2.7137e+31,196
88,5,0.5500,1.0100,6.2700e+27,7.2730e+28,4.2900e+27,5.6120e+28,2.9649e+31,1.8449e+31,196
89,0,0.0000,0.0500,2.6000e+27,2.0000e+25,1.2500e+27,0.0000e+00,3.9402e+32,1.9494e+32,197
89,1,0.0500,0.1000,6.8400e+27,3.2200e+27,2.2200e+27,3.0000e+25,3.2257e+32,1.0884e+32,197
89,2,0.1000,0.2000,2.0760e+28,1.8160e+28,4.2900e+27,9.0000e+26,4.6696e+32,1.0495e+32,197
89,3,0.2000,0.3500,2.7060e+28,3.8640e+28,4.0600e+27,3.8700e+27,3.4296e+32,5.1384e+31,197
89,4,0.3500,0.5500,1.5950e+28,3.7390e+28,3.4300e+27,1.1240e+28,1.2604e+32,2.6964e+31,197
89,5,0.5500,1.0100,6.2500e+27,7.7930e+28,3.9000e+27,5.8900e+28,3.0560e+31,1.8572e+31,197
90,0,0.0000,0.0500,2.6800e+27,1.0000e+25,1.1300e+27,0.0000e+00,3.8229e+32,2.0145e+32,198
90,1,0.0500,0.1000,6.4100e+27,2.7000e+27,2.1700e+27,6.0000e+25,3.0342e+32,1.0764e+32,198
90,2,0.1000,0.2000,2.0260e+28,1.8980e+28,4.3100e+27,7.7000e+26,4.8912e+32,1.0367e+32,198
90,3,0.2000,0.3500,2.7330e+28,4.0410e+28,4.2700e+27,3.4200e+27,3.5164e+32,5.0856e+31,198
90,4,0.3500,0.5500,1.5720e+28,3.7340e+28,2.9600e+27,9.7000e+27,1.3023e+32,2.6513e+31,198
90,5,0.5500,1.0100,6.5700e+27,7.2320e+28,3.5100e+27,5.6610e+28,3.2214e+31,1.8537e+31,198
91,0,0.0000,0.0500,2.7200e+27,1.0000e+25,1.3200e+27,0.0000e+00,3.6923e+32,2.0861e+32,200
91,1,0.0500,0.1000,6.8000e+27,2.5700e+27,2.1500e+27,8.0000e+25,3.0867e+32,1.1235e+32,200
91,2,0.1000,0.2000,2.1200e+28,1.8600e+28,4.1500e+27,7.3000e+26,4.8859e+32,9.8173e+31,200
91,3,0.2000,0.3500,2.7750e+28,4.1250e+28,3.8200e+27,3.0600e+27,3.6480e+32,4.9936e+31,200
91,4,0.3500,0.5500,1.6490e+28,3.9490e+28,3.3500e+27,1.0860e+28,1.3771e+32,2.6492e+31,200
91,5,0.5500,1.0100,7.1600e+27,7.6710e+28,3.5900e+27,5.6230e+28,3.3660e+31,1.8573e+31,200
92,0,0.0000,0.0500,2.6900e+27,1.0000e+25,1.3800e+27,0.0000e+00,3.6206e+32,2.2138e+32,202
92,1,0.0500,0.1000,6.9400e+27,2.5100e+27,2.1800e+27,7.0000e+25,3.0402e+32,1.0866e+32,202
92,2,0.1000,0.2000,2.0460e+28,1.9020e+28,3.4800e+27,5.9000e+26,4.8384e+32,9.4340e+31,202
92,3,0.2000,0.3500,2.9060e+28,4.4460e+28,3.7000e+27,3.2000e+27,3.8969e+32,5.0660e+31,202
92,4,0.3500,0.5500,1.7170e+28,4.0660e+28,3.3700e+27,9.9200e+27,1.4173e+32,2.5893e+31,202
92,5,0.5500,1.0100,6.5000e+27,6.9690e+28,3.9500e+27,5.6580e+28,3.4837e+31,1.8753e+31,202
93,0,0.0000,0.0500,2.7500e+27,1.0000e+25,1.2400e+27,0.0000e+00,4.0367e+32,1.9737e+32,203
93,1,0.0500,0.1000,6.7800e+27,2.6800e+27,2.1500e+27,6.0000e+25,3.0938e+32,1.0485e+32,203
93,2,0.1000,0.2000,1.9940e+28,1.7860e+28,3.9600e+27,5.9000e+26,4.7685e+32,9.5880e+31,203
93,3,0.2000,0.3500,3.0010e+28,4.5030e+28,3.9900e+27,3.3300e+27,4.0474e+32,4.9911e+31,203
93,4,0.3500,0.5500,1.7300e+28,3.8430e+28,3.1200e+27,9.3000e+27,1.4480e+32,2.5942e+31,203
93,5,0.5500,1.0100,6.3400e+27,6.5470e+28,4.2500e+27,5.8260e+28,3.5090e+31,1.9296e+31,203
94,0,0.0000,0.0500,2.6200e+27,2.0000e+25,1.2000e+27,0.0000e+00,4.1343e+32,1.8516e+32,204
94,1,0.0500,0.1000,7.0100e+27,3.2700e+27,2.0500e+27,3.0000e+25,3.2741e+32,1.0278e+32,204
94,2,0.1000,0.2000,2.0680e+28,1.7930e+28,3.6600e+27,7.2000e+26,4.7425e+32,9.6403e+31,204
94,3,0.2000,0.3500,3.1430e+28,4.7950e+28,3.7900e+27,2.6600e+27,4.1058e+32,4.8319e+31,204
94,4,0.3500,0.5500,1.8270e+28,4.1770e+28,3.1500e+27,9.1200e+27,1.5091e+32,2.6085e+31,204
94,5,0.5500,1.0100,6.4600e+27,6.6810e+28,3.9400e+27,5.7690e+28,3.5749e+31,1.9758e+31,204
95,0,0.0000,0.0500,2.4900e+27,4.0000e+25,1.1900e+27,0.0000e+00,3.9209e+32,1.9176e+32,206
95,1,0.0500,0.1000,6.2500e+27,2.6700e+27,2.0900e+27,2.0000e+25,3.1993e+32,1.0326e+32,206
95,2,0.1000,0.2000,2.1630e+28,1.9110e+28,4.1400e+27,4.9000e+26,5.0416e+32,9.6226e+31,206
95,3,0.2000,0.3500,3.0180e+28,4.4970e+28,3.2800e+27,2.9300e+27,4.1043e+32,4.6575e+31,206
95,4,0.3500,0.5500,1.8520e+28,4.2730e+28,3.1800e+27,9.5300e+27,1.6306e+32,2.5866e+31,206
95,5,0.5500,1.0100,7.3200e+27,7.0780e+28,4.2500e+27,5.9490e+28,3.7008e+31,1.9972e+31,206
96,0,0.0000,0.0500,2.8400e+27,1.0000e+25,9.6000e+26,0.0000e+00,3.8097e+32,1.9900e+32,208
96,1,0.0500,0.1000,6.1700e+27,2.4000e+27,1.9900e+27,3.0000e+25,3.0767e+32,1.0385e+32,208
96,2,0.1000,0.2000,2.0710e+28,2.0650e+28,3.7700e+27,6.9000e+26,5.2167e+32,9.4168e+31,208
96,3,0.2000,0.3500,3.1150e+28,4.8840e+28,3.3900e+27,3.0000e+27,4.2184e+32,4.6152e+31,208
96,4,0.3500,0.5500,1.9100e+28,4.6480e+28,3.2200e+27,1.0160e+28,1.6919e+32,2.5824e+31,208
96,5,0.5500,1.0100,7.4400e+27,7.1320e+28,4.2100e+27,5.2460e+28,3.9423e+31,1.9951e+31,208
97,0,0.0000,0.0500,2.3500e+27,1.0000e+25,1.2000e+27,0.0000e+00,3.6716e+32,2.0699e+32,209
97,1,0.0500,0.1000,6.0800e+27,2.2000e+27,2.1500e+27,3.0000e+25,3.0702e+32,1.0603e+32,209
97,2,0.1000,0.2000,2.1200e+28,1.9380e+28,3.2700e+27,6.0000e+26,5.0870e+32,8.7489e+31,209
97,3,0.2000,0.3500,3.2620e+28,5.0790e+28,3.4800e+27,3.0600e+27,4.4355e+32,4.5877e+31,209
97,4,0.3500,0.5500,2.1830e+28,4.8410e+28,2.9200e+27,1.0860e+28,1.7855e+32,2.5560e+31,209
97,5,0.5500,1.0100,7.7400e+27,6.9740e+28,4.2700e+27,5.5000e+28,4.0746e+31,2.0009e+31,209
98,0,0.0000,0.0500,2.6300e+27,0.0000e+00,1.1300e+27,0.0000e+00,3.7541e+32,2.0395e+32,210
98,1,0.0500,0.1000,6.0900e+27,2.1900e+27,1.8300e+27,2.0000e+25,3.0965e+32,1.0002e+32,210
98,2,0.1000,0.2000,2.0760e+28,1.8330e+28,3.5400e+27,5.0000e+26,5.0010e+32,8.7064e+31,210
98,3,0.2000,0.3500,3.4030e+28,5.3420e+28,3.2000e+27,2.7700e+27,4.6448e+32,4.5833e+31,210
98,4,0.3500,0.5500,2.1190e+28,4.8630e+28,3.1000e+27,9.6000e+27,1.8214e+32,2.5196e+31,210
98,5,0.5500,1.0100,8.2700e+27,7.3880e+28,3.8500e+27,5.2590e+28,4.1941e+31,2.0406e+31,210
99,0,0.0000,0.0500,2.6100e+27,0.0000e+00,1.0900e+27,0.0000e+00,4.1677e+32,1.7935e+32,212
99,1,0.0500,0.1000,6.8400e+27,2.7100e+27,2.0300e+27,5.0000e+25,3.2348e+32,9.7713e+31,212
99,2,0.1000,0.2000,1.9760e+28,1.8570e+28,3.2500e+27,4.1000e+26,4.9250e+32,8.9038e+31,212
99,3,0.2000,0.3500,3.5090e+28,5.5880e+28,3.2200e+27,2.5000e+27,4.7874e+32,4.4797e+31,212
99,4,0.3500,0.5500,2.1850e+28,5.2780e+28,2.7400e+27,8.7700e+27,1.8937e+32,2.5368e+31,212
99,5,0.5500,1.0100,8.3300e+27,7.2320e+28,3.8500e+27,5.5640e+28,4.3143e+31,2.1248e+31,212
100,0,0.0000,0.0500,2.4600e+27,0.0000e+00,9.3000e+26,0.0000e+00,3.9102e+32,1.8587e+32,214
100,1,0.0500,0.1000,6.7100e+27,2.2800e+27,1.8800e+27,5.0000e+25,3.2356e+32,9.7948e+31,214
100,2,0.1000,0.2000,2.0910e+28,1.9300e+28,3.2300e+27,4.9000e+26,5.1696e+32,8.8808e+31,214
100,3,0.2000,0.3500,3.3310e+28,5.4270e+28,3.0400e+27,2.3900e+27,4.7634e+32,4.2947e+31,214
100,4,0.3500,0.5500,2.3890e+28,5.7370e+28,3.0400e+27,8.6400e+27,2.0598e+32,2.5351e+31,214
100,5,0.5500,1.0100,7.9900e+27,7.2590e+28,4.5300e+27,5.4290e+28,4.4973e+31,2.1364e+31,214
101,0,0.0000,0.0500,2.4400e+27,0.0000e+00,9.5000e+26,0.0000e+00,3.7704e+32,1.9219e+32,215
101,1,0.0500,0.1000,6.2100e+27,1.9000e+27,2.0700e+27,2.0000e+25,3.0788e+32,9.7813e+31,215
101,2,0.1000,0.2000,2.1040e+28,1.9580e+28,2.9300e+27,4.2000e+26,5.3124e+32,8.6277e+31,215
101,3,0.2000,0.3500,3.4460e+28,5.5360e+28,2.9900e+27,2.6100e+27,4.8592e+32,4.2343e+31,215
101,4,0.3500,0.5500,2.4490e+28,5.4900e+28,3.3300e+27,8.0500e+27,2.1371e+32,2.5076e+31,215
101,5,0.5500,1.0100,8.9700e+27,7.3760e+28,4.0600e+27,5.1160e+28,4.8163e+31,2.1184e+31,215
102,0,0.0000,0.0500,2.4600e+27,3.0000e+25,1.0500e+27,0.0000e+00,3.6211e+32,2.0038e+32,216
102,1,0.0500,0.1000,6.2700e+27,1.7700e+27,2.0000e+27,4.0000e+25,3.0722e+32,9.8963e+31,216
102,2,0.1000,0.2000,2.1290e+28,1.8320e+28,3.0800e+27,4.0000e+26,5.1817e+32,8.0161e+31,216
102,3,0.2000,0.3500,3.6270e+28,5.4380e+28,2.8900e+27,1.9900e+27,5.0610e+32,4.2138e+31,216
102,4,0.3500,0.5500,2.5580e+28,5.8600e+28,2.7200e+27,9.0200e+27,2.2476e+32,2.4643e+31,216
102,5,0.5500,1.0100,8.9400e+27,7.6700e+28,4.3600e+27,5.2680e+28,5.0520e+31,2.1304e+31,216
103,0,0.0000,0.0500,2.6600e+27,1.0000e+25,9.8000e+26,0.0000e+00,3.8929e+32,1.8930e+32,219
103,1,0.0500,0.1000,6.3400e+27,1.6300e+27,1.7100e+27,1.0000e+25,3.1327e+32,9.4901e+31,219
103,2,0.1000,0.2000,2.0010e+28,1.8020e+28,2.8700e+27,3.7000e+26,5.0990e+32,8.1525e+31,219
103,3,0.2000,0.3500,3.9020e+28,6.1000e+28,3.0400e+27,2.3900e+27,5.3343e+32,4.2350e+31,219
103,4,0.3500,0.5500,2.5060e+28,6.1700e+28,2.7400e+27,8.0400e+27,2.3159e+32,2.4777e+31,219
103,5,0.5500,1.0100,1.0010e+28,7.6920e+28,4.1900e+27,4.9090e+28,5.2589e+31,2.2196e+31,219
104,0,0.0000,0.0500,2.2100e+27,0.0000e+00,8.7000e+26,0.0000e+00,4.0008e+32,1.7607e+32,220
104,1,0.0500,0.1000,6.4800e+27,2.1300e+27,1.5400e+27,1.0000e+25,3.2868e+32,9.2838e+31,220
104,2,0.1000,0.2000,1.9620e+28,1.8050e+28,2.8100e+27,4.2000e+26,5.0545e+32,8.2333e+31,220
104,3,0.2000,0.3500,3.9010e+28,6.0620e+28,2.8700e+27,2.1500e+27,5.3701e+32,4.0816e+31,220
104,4,0.3500,0.5500,2.7420e+28,6.5520e+28,2.8000e+27,7.6000e+27,2.4456e+32,2.4989e+31,220
104,5,0.5500,1.0100,9.9600e+27,7.6660e+28,4.2000e+27,4.9990e+28,5.4333e+31,2.2682e+31,220
105,0,0.0000,0.0500,2.3400e+27,1.0000e+25,9.1000e+26,0.0000e+00,3.8046e+32,1.8217e+32,221
105,1,0.0500,0.1000,5.6300e+27,1.6700e+27,1.7000e+27,3.0000e+25,3.0871e+32,9.1928e+31,221
105,2,0.1000,0.2000,2.1110e+28,1.9190e+28,2.9800e+27,3.8000e+26,5.3308e+32,8.1371e+31,221
105,3,0.2000,0.3500,3.6370e+28,6.0300e+28,2.7700e+27,2.2900e+27,5.3562e+32,3.9705e+31,221
105,4,0.3500,0.5500,2.8310e+28,6.9890e+28,2.6300e+27,6.8300e+27,2.6016e+32,2.4552e+31,221
105,5,0.5500,1.0100,1.0810e+28,7.5580e+28,4.3900e+27,5.0960e+28,5.7681e+31,2.2644e+31,221
106,0,0.0000,0.0500,2.2800e+27,0.0000e+00,1.0300e+27,0.0000e+00,3.6735e+32,1.8973e+32,224
106,1,0.0500,0.1000,5.7100e+27,1.5200e+27,1.8500e+27,2.0000e+25,3.0890e+32,9.5444e+31,224
106,2,0.1000,0.2000,2.1140e+28,1.8050e+28,2.8800e+27,5.9000e+26,5.3384e+32,7.7257e+31,224
106,3,0.2000,0.3500,3.8290e+28,6.0150e+28,2.7400e+27,2.0100e+27,5.5135e+32,3.9157e+31,224
106,4,0.3500,0.5500,3.0940e+28,7.4740e+28,2.9100e+27,7.6400e+27,2.7618e+32,2.4718e+31,224
106,5,0.5500,1.0100,1.1030e+28,8.1840e+28,4.4000e+27,4.6220e+28,6.2207e+31,2.2760e+31,224
107,0,0.0000,0.0500,2.3200e+27,0.0000e+00,9.4000e+26,1.0000e+25,3.6174e+32,1.9179e+32,224
107,1,0.0500,0.1000,5.9500e+27,1.6700e+27,1.8500e+27,3.0000e+25,3.0732e+32,9.0890e+31,224
107,2,0.1000,0.2000,1.9120e+28,1.6810e+28,2.4800e+27,4.8000e+26,5.1666e+32,7.4758e+31,224
107,3,0.2000,0.3500,4.0090e+28,6.1540e+28,2.8100e+27,1.7400e+27,5.7302e+32,3.9173e+31,224
107,4,0.3500,0.5500,3.1450e+28,7.3110e+28,2.4600e+27,6.0200e+27,2.8317e+32,2.4123e+31,224
107,5,0.5500,1.0100,1.1410e+28,8.3290e+28,4.4300e+27,4.2810e+28,6.4928e+31,2.2897e+31,224
108,0,0.0000,0.0500,2.2200e+27,2.0000e+25,7.6000e+26,0.0000e+00,4.0137e+32,1.6935e+32,227
108,1,0.0500,0.1000,6.4000e+27,2.2300e+27,1.5300e+27,1.0000e+25,3.2224e+32,8.8734e+31,227
108,2,0.1000,0.2000,1.9060e+28,1.7340e+28,2.7000e+27,4.1000e+26,5.0814e+32,7.7302e+31,227
108,3,0.2000,0.3500,4.0160e+28,6.6030e+28,2.5800e+27,1.8900e+27,5.8923e+32,3.8529e+31,227
108,4,0.3500,0.5500,3.2160e+28,7.4980e+28,2.7000e+27,6.9900e+27,2.9596e+32,2.4554e+31,227
108,5,0.5500,1.0100,1.1250e+28,7.8540e+28,4.2500e+27,4.6520e+28,6.7474e+31,2.4070e+31,227
109,0,0.0000,0.0500,1.8800e+27,1.0000e+25,9.9000e+26,0.0000e+00,3.7742e+32,1.7521e+32,228
109,1,0.0500,0.1000,5.2400e+27,1.5300e+27,1.5500e+27,2.0000e+25,3.1136e+32,8.7799e+31,228
109,2,0.1000,0.2000,1.9850e+28,1.7080e+28,2.2700e+27,4.7000e+26,5.3042e+32,7.6600e+31,228
109,3,0.2000,0.3500,3.9910e+28,6.3110e+28,2.3000e+27,1.9600e+27,5.8050e+32,3.6972e+31,228
109,4,0.3500,0.5500,3.4910e+28,8.0960e+28,2.6100e+27,6.6600e+27,3.1857e+32,2.4418e+31,228
109,5,0.5500,1.0100,1.2040e+28,8.1530e+28,4.8900e+27,4.4720e+28,7.1354e+31,2.3984e+31,228
110,0,0.0000,0.0500,2.4900e+27,0.0000e+00,8.0000e+26,0.0000e+00,3.6301e+32,1.8157e+32,230
110,1,0.0500,0.1000,5.9900e+27,1.5100e+27,1.6300e+27,1.0000e+25,3.0545e+32,8.9917e+31,230
110,2,0.1000,0.2000,1.9910e+28,1.6930e+28,2.3200e+27,3.7000e+26,5.3392e+32,7.2984e+31,230
110,3,0.2000,0.3500,4.0390e+28,6.3890e+28,2.0300e+27,1.9100e+27,5.8874e+32,3.6505e+31,230
110,4,0.3500,0.5500,3.6440e+28,8.5560e+28,2.5400e+27,6.8300e+27,3.3537e+32,2.4441e+31,230
110,5,0.5500,1.0100,1.3330e+28,8.3480e+28,4.7600e+27,4.5450e+28,7.7627e+31,2.3950e+31,230
111,0,0.0000,0.0500,2.5700e+27,0.0000e+00,9.0000e+26,0.0000e+00,3.5724e+32,1.8398e+32,231
111,1,0.0500,0.1000,5.6600e+27,1.2800e+27,1.6900e+27,0.0000e+00,3.0614e+32,8.7075e+31,231
111,2,0.1000,0.2000,1.9200e+28,1.6660e+28,2.3000e+27,2.5000e+26,5.1763e+32,7.0607e+31,231
111,3,0.2000,0.3500,4.2520e+28,6.4560e+28,2.4700e+27,1.5800e+27,6.1057e+32,3.6693e+31,231
111,4,0.3500,0.5500,3.7890e+28,8.7820e+28,2.6800e+27,6.6200e+27,3.4644e+32,2.4138e+31,231
111,5,0.5500,1.0100,1.4040e+28,8.2890e+28,4.1500e+27,4.3810e+28,8.1754e+31,2.4150e+31,231
112,0,0.0000,0.0500,2.3700e+27,1.0000e+25,8.8000e+26,0.0000e+00,3.9027e+32,1.6379e+32,233
112,1,0.0500,0.1000,5.9000e+27,1.6100e+27,1.4000e+27,3.0000e+25,3.1960e+32,8.4493e+31,233
112,2,0.1000,0.2000,1.8600e+28,1.5820e+28,2.4600e+27,4.4000e+26,5.0589e+32,7.2811e+31,233
112,3,0.2000,0.3500,4.2170e+28,6.6650e+28,2.6300e+27,1.8200e+27,6.2124e+32,3.6203e+31,233
112,4,0.3500,0.5500,3.9460e+28,9.3910e+28,2.6900e+27,6.4600e+27,3.6175e+32,2.4594e+31,233
112,5,0.5500,1.0100,1.4100e+28,8.2300e+28,4.7700e+27,4.5360e+28,8.4680e+31,2.5258e+31,233
113,0,0.0000,0.0500,2.2600e+27,1.0000e+25,8.7000e+26,0.0000e+00,3.7072e+32,1.7027e+32,235
113,1,0.0500,0.1000,5.3800e+27,1.1400e+27,1.4800e+27,3.0000e+25,3.0603e+32,8.4048e+31,235
113,2,0.1000,0.2000,2.0170e+28,1.6310e+28,2.3900e+27,4.2000e+26,5.3007e+32,7.2083e+31,235
113,3,0.2000,0.3500,4.1190e+28,6.3770e+28,2.3100e+27,1.4200e+27,6.1316e+32,3.5270e+31,235
113,4,0.3500,0.5500,4.1930e+28,9.9000e+28,2.6900e+27,5.7600e+27,3.8752e+32,2.4457e+31,235
113,5,0.5500,1.0100,1.4970e+28,8.7230e+28,4.8900e+27,4.4460e+28,9.0983e+31,2.5336e+31,235
114,0,0.0000,0.0500,2.0300e+27,0.0000e+00,7.7000e+26,0.0000e+00,3.5617e+32,1.7644e+32,237
114,1,0.0500,0.1000,5.7400e+27,1.2500e+27,1.5300e+27,1.0000e+25,3.0273e+32,8.6292e+31,237
114,2,0.1000,0.2000,1.9170e+28,1.6940e+28,2.3900e+27,3.5000e+26,5.2778e+32,6.8349e+31,237
114,3,0.2000,0.3500,4.0330e+28,6.5920e+28,2.0400e+27,1.8900e+27,6.1976e+32,3.4873e+31,237
114,4,0.3500,0.5500,4.3310e+28,1.0092e+29,2.4300e+27,6.3100e+27,4.0792e+32,2.4423e+31,237
114,5,0.5500,1.0100,1.6330e+28,9.8290e+28,4.4400e+27,4.2960e+28,9.9220e+31,2.5258e+31,237
115,0,0.0000,0.0500,2.2000e+27,0.0000e+00,8.4000e+26,0.0000e+00,3.6454e+32,1.7061e+32,238
115,1,0.0500,0.1000,5.8600e+27,1.1800e+27,1.3400e+27,0.0000e+00,3.0607e+32,8.3098e+31,238
115,2,0.1000,0.2000,1.8440e+28,1.5890e+28,2.1900e+27,2.7000e+26,5.0968e+32,6.7872e+31,238
115,3,0.2000,0.3500,4.2840e+28,6.5530e+28,2.5200e+27,1.5600e+27,6.4048e+32,3.5222e+31,238
115,4,0.3500,0.5500,4.4740e+28,1.0676e+29,2.7000e+27,5.9000e+27,4.1871e+32,2.4251e+31,238
115,5,0.5500,1.0100,1.6550e+28,9.7060e+28,4.4100e+27,3.9970e+28,1.0406e+32,2.5704e+31,238
116,0,0.0000,0.0500,1.9100e+27,0.0000e+00,9.8000e+26,0.0000e+00,3.7553e+32,1.6112e+32,240
116,1,0.0500,0.1000,5.5500e+27,1.5300e+27,1.3500e+27,4.0000e+25,3.1590e+32,8.1370e+31,240
116,2,0.1000,0.2000,1.8870e+28,1.5790e+28,2.3000e+27,3.5000e+26,5.0933e+32,6.9186e+31,240
116,3,0.2000,0.3500,4.2650e+28,6.4790e+28,2.3000e+27,1.6200e+27,6.3763e+32,3.4339e+31,240
116,4,0.3500,0.5500,4.6920e+28,1.1271e+29,2.5500e+27,5.8600e+27,4.4149e+32,2.4642e+31,240
116,5,0.5500,1.0100,1.6880e+28,9.7270e+28,4.7400e+27,4.2310e+28,1.0935e+32,2.6390e+31,240
117,0,0.0000,0.0500,1.8600e+27,0.0000e+00,8.6000e+26,0.0000e+00,3.5936e+32,1.6663e+32,241
117,1,0.0500,0.1000,5.0900e+27,1.3800e+27,1.3400e+27,1.0000e+25,2.9711e+32,8.1191e+31,241
117,2,0.1000,0.2000,1.8440e+28,1.6600e+28,2.0600e+27,3.0000e+26,5.2416e+32,6.7311e+31,241
117,3,0.2000,0.3500,4.1770e+28,6.2330e+28,2.2700e+27,1.4000e+27,6.3389e+32,3.3718e+31,241
117,4,0.3500,0.5500,4.6830e+28,1.1420e+29,2.4400e+27,5.4500e+27,4.6000e+32,2.4507e+31,241
117,5,0.5500,1.0100,1.8670e+28,1.0572e+29,4.8500e+27,4.2320e+28,1.1983e+32,2.6046e+31,241
118,0,0.0000,0.0500,2.2800e+27,0.0000e+00,8.3000e+26,0.0000e+00,3.4329e+32,1.7371e+32,243
118,1,0.0500,0.1000,5.1700e+27,9.4000e+26,1.4600e+27,3.0000e+25,2.9917e+32,8.2077e+31,243
118,2,0.1000,0.2000,1.7990e+28,1.4810e+28,2.1000e+27,2.1000e+26,5.1231e+32,6.3588e+31,243
118,3,0.2000,0.3500,4.2770e+28,6.5000e+28,2.3100e+27,1.7700e+27,6.4554e+32,3.3841e+31,243
118,4,0.3500,0.5500,5.0020e+28,1.1915e+29,2.9500e+27,5.6300e+27,4.7982e+32,2.4305e+31,243
118,5,0.5500,1.0100,2.0710e+28,1.0898e+29,4.4900e+27,3.8920e+28,1.2875e+32,2.6047e+31,243
119,0,0.0000,0.0500,2.2600e+27,0.0000e+00,6.6000e+26,0.0000e+00,3.7574e+32,1.5546e+32,245
119,1,0.0500,0.1000,5.3600e+27,1.1000e+27,1.2100e+27,2.0000e+25,3.1066e+32,7.9297e+31,245
119,2,0.1000,0.2000,1.7260e+28,1.4580e+28,2.3100e+27,2.5000e+26,4.9745e+32,6.6415e+31,245
119,3,0.2000,0.3500,4.2190e+28,6.6580e+28,2.1400e+27,1.4300e+27,6.5797e+32,3.3978e+31,245
119,4,0.3500,0.5500,5.2140e+28,1.2278e+29,2.8000e+27,5.3400e+27,4.9422e+32,2.4786e+31,245
119,5,0.5500,1.0100,2.0950e+28,1.1111e+29,4.5300e+27,4.5500e+28,1.3553e+32,2.7598e+31,245
120,0,0.0000,0.0500,2.1000e+27,0.0000e+00,6.9000e+26,0.0000e+00,3.5985e+32,1.6063e+32,247
120,1,0.0500,0.1000,5.3900e+27,9.3000e+26,1.2400e+27,3.0000e+25,3.0156e+32,7.8355e+31,247
120,2,0.1000,0.2000,1.8000e+28,1.5520e+28,2.2300e+27,3.2000e+26,5.1392e+32,6.5933e+31,247
120,3,0.2000,0.3500,4.2050e+28,6.2400e+28,2.1100e+27,1.6100e+27,6.4856e+32,3.3047e+31,247
120,4,0.3500,0.5500,5.1490e+28,1.2598e+29,2.4600e+27,4.5000e+27,5.1939e+32,2.4898e+31,247
120,5,0.5500,1.0100,2.2160e+28,1.1057e+29,4.7200e+27,3.8300e+28,1.4539e+32,2.7681e+31,247
121,0,0.0000,0.0500,2.0500e+27,0.0000e+00,7.8000e+26,0.0000e+00,3.4524e+32,1.6669e+32,249
121,1,0.0500,0.1000,5.0400e+27,9.3000e+26,1.1500e+27,1.0000e+25,2.9810e+32,8.0016e+31,249
121,2,0.1000,0.2000,1.8080e+28,1.4440e+28,2.3700e+27,2.4000e+26,5.1150e+32,6.2658e+31,249
121,3,0.2000,0.3500,4.0780e+28,6.3130e+28,2.1100e+27,1.6800e+27,6.4839e+32,3.2886e+31,249
121,4,0.3500,0.5500,5.4530e+28,1.3011e+29,2.3800e+27,5.1800e+27,5.3979e+32,2.4821e+31,249
121,5,0.5500,1.0100,2.3800e+28,1.1675e+29,4.9400e+27,4.0320e+28,1.5950e+32,2.7566e+31,249
122,0,0.0000,0.0500,1.9900e+27,0.0000e+00,7.5000e+26,0.0000e+00,3.5772e+32,1.5822e+32,250
122,1,0.0500,0.1000,4.6100e+27,1.1100e+27,1.2500e+27,2.0000e+25,3.0514e+32,7.6901e+31,250
122,2,0.1000,0.2000,1.6510e+28,1.3590e+28,2.1400e+27,3.5000e+26,4.9090e+32,6.3633e+31,250
122,3,0.2000,0.3500,4.1980e+28,6.4480e+28,1.8700e+27,1.2400e+27,6.6507e+32,3.3226e+31,250
122,4,0.3500,0.5500,5.5020e+28,1.3210e+29,2.3200e+27,5.3300e+27,5.4973e+32,2.4797e+31,250
122,5,0.5500,1.0100,2.6350e+28,1.2285e+29,4.6900e+27,3.8230e+28,1.6734e+32,2.8419e+31,250
123,0,0.0000,0.0500,1.8200e+27,0.0000e+00,7.4000e+26,0.0000e+00,3.5421e+32,1.5533e+32,251
123,1,0.0500,0.1000,5.0100e+27,8.7000e+26,1.0900e+27,3.0000e+25,3.0466e+32,7.5298e+31,251
123,2,0.1000,0.2000,1.7030e+28,1.3480e+28,1.8800e+27,2.8000e+26,4.9643e+32,6.4289e+31,251
123,3,0.2000,0.3500,4.1330e+28,6.1230e+28,2.0000e+27,1.5500e+27,6.5128e+32,3.2312e+31,251
123,4,0.3500,0.5500,5.8570e+28,1.3929e+29,2.7500e+27,5.3900e+27,5.7303e+32,2.5052e+31,251
123,5,0.5500,1.0100,2.6930e+28,1.2683e+29,4.8200e+27,4.2470e+28,1.7793e+32,2.8952e+31,251
124,0,0.0000,0.0500,1.9000e+27,0.0000e+00,6.8000e+26,0.0000e+00,3.4294e+32,1.6130e+32,254
124,1,0.0500,0.1000,5.0800e+27,9.0000e+26,1.0500e+27,2.0000e+25,2.9483e+32,7.7215e+31,254
124,2,0.1000,0.2000,1.6970e+28,1.3570e+28,1.8600e+27,2.2000e+26,5.0446e+32,6.1806e+31,254
124,3,0.2000,0.3500,4.0800e+28,6.1540e+28,1.5500e+27,1.3400e+27,6.5117e+32,3.2231e+31,254
124,4,0.3500,0.5500,5.8890e+28,1.4106e+29,2.5400e+27,5.3500e+27,5.9192e+32,2.5163e+31,254
124,5,0.5500,1.0100,2.9500e+28,1.3748e+29,4.8400e+27,4.0850e+28,1.9705e+32,2.9125e+31,254
125,0,0.0000,0.0500,2.0000e+27,0.0000e+00,8.2000e+26,0.0000e+00,3.4690e+32,1.5705e+32,255
125,1,0.0500,0.1000,4.8600e+27,7.0000e+26,1.3000e+27,1.0000e+25,3.0078e+32,7.4882e+31,255
125,2,0.1000,0.2000,1.6200e+28,1.2550e+28,2.0600e+27,2.2000e+26,4.8605e+32,6.1767e+31,255
125,3,0.2000,0.3500,4.0290e+28,6.2680e+28,1.9200e+27,1.2200e+27,6.6238e+32,3.2596e+31,255
125,4,0.3500,0.5500,6.0000e+28,1.4429e+29,2.6800e+27,5.9300e+27,6.0298e+32,2.5254e+31,255
125,5,0.5500,1.0100,3.1260e+28,1.4662e+29,4.8900e+27,4.0310e+28,2.0881e+32,2.9969e+31,255
126,0,0.0000,0.0500,1.8700e+27,0.0000e+00,7.2000e+26,0.0000e+00,3.5052e+32,1.5217e+32,257
126,1,0.0500,0.1000,4.9700e+27,9.3000e+26,1.1200e+27,3.0000e+25,3.0558e+32,7.3158e+31,257
126,2,0.1000,0.2000,1.6330e+28,1.2790e+28,1.9400e+27,3.0000e+26,4.8781e+32,6.3372e+31,257
126,3,0.2000,0.3500,4.0590e+28,6.0730e+28,1.7900e+27,1.5300e+27,6.5386e+32,3.1994e+31,257
126,4,0.3500,0.5500,6.1110e+28,1.4809e+29,2.8400e+27,5.8600e+27,6.2414e+32,2.6044e+31,257
126,5,0.5500,1.0100,3.2840e+28,1.5115e+29,5.4700e+27,3.9830e+28,2.2207e+32,3.0810e+31,257
127,0,0.0000,0.0500,1.8600e+27,0.0000e+00,7.3000e+26,0.0000e+00,3.3806e+32,1.5719e+32,259
127,1,0.0500,0.1000,5.0000e+27,5.5000e+26,1.3300e+27,1.0000e+25,2.9267e+32,7.4782e+31,259
127,2,0.1000,0.2000,1.6810e+28,1.2600e+28,2.0200e+27,2.4000e+26,4.9598e+32,6.1070e+31,259
127,3,0.2000,0.3500,4.2080e+28,6.0930e+28,1.8600e+27,1.5500e+27,6.4958e+32,3.1844e+31,259
127,4,0.3500,0.5500,6.3940e+28,1.5494e+29,2.4900e+27,6.0400e+27,6.3799e+32,2.6186e+31,259
127,5,0.5500,1.0100,3.6330e+28,1.6653e+29,5.2400e+27,3.9200e+28,2.4483e+32,3.0651e+31,259
128,0,0.0000,0.0500,1.6900e+27,1.0000e+25,5.3000e+26,0.0000e+00,3.4124e+32,1.5351e+32,260
128,1,0.0500,0.1000,4.8000e+27,7.3000e+26,1.0700e+27,2.0000e+25,2.9833e+32,7.3104e+31,260
128,2,0.1000,0.2000,1.5900e+28,1.1740e+28,1.9200e+27,2.0000e+26,4.7881e+32,6.1120e+31,260
128,3,0.2000,0.3500,4.0310e+28,5.9030e+28,1.8700e+27,1.5400e+27,6.5651e+32,3.2463e+31,260
128,4,0.3500,0.5500,6.2730e+28,1.5648e+29,2.4300e+27,5.6500e+27,6.4863e+32,2.6225e+31,260
128,5,0.5500,1.0100,3.7460e+28,1.7276e+29,5.3700e+27,4.0340e+28,2.5947e+32,3.1517e+31,260
129,0,0.0000,0.0500,1.7700e+27,0.0000e+00,7.3000e+26,0.0000e+00,3.4514e+32,1.4929e+32,262
129,1,0.0500,0.1000,5.0800e+27,6.9000e+26,1.2100e+27,1.0000e+25,3.0098e+32,7.1548e+31,262
129,2,0.1000,0.2000,1.5630e+28,1.1670e+28,1.9800e+27,2.9000e+26,4.8105e+32,6.3002e+31,262
129,3,0.2000,0.3500,3.9660e+28,5.8960e+28,1.9300e+27,1.5500e+27,6.4853e+32,3.2029e+31,262
129,4,0.3500,0.5500,6.5450e+28,1.5779e+29,2.5900e+27,4.7500e+27,6.6675e+32,2.6780e+31,262
129,5,0.5500,1.0100,4.0280e+28,1.7612e+29,5.4200e+27,3.9380e+28,2.7530e+32,3.2591e+31,262
130,0,0.0000,0.0500,1.7300e+27,0.0000e+00,7.9000e+26,0.0000e+00,3.3191e+32,1.5360e+32,263
130,1,0.0500,0.1000,4.7200e+27,5.4000e+26,9.7000e+26,2.0000e+25,2.8765e+32,7.2977e+31,263
130,2,0.1000,0.2000,1.6110e+28,1.1270e+28,1.6800e+27,3.9000e+26,4.8607e+32,6.0497e+31,263
130,3,0.2000,0.3500,3.7990e+28,5.8410e+28,2.0700e+27,1.4700e+27,6.3973e+32,3.1789e+31,263
130,4,0.3500,0.5500,6.6990e+28,1.5887e+29,2.4700e+27,5.7100e+27,6.7547e+32,2.6808e+31,263
130,5,0.5500,1.0100,4.3800e+28,1.9132e+29,5.0000e+27,3.8100e+28,3.0107e+32,3.2293e+31,263
131,0,0.0000,0.0500,1.6500e+27,0.0000e+00,7.3000e+26,0.0000e+00,3.3829e+32,1.4916e+32,265
131,1,0.0500,0.1000,4.7300e+27,5.4000e+26,1.0900e+27,0.0000e+00,2.9653e+32,7.1409e+31,265
131,2,0.1000,0.2000,1.4670e+28,1.1170e+28,2.0000e+27,2.6000e+26,4.7069e+32,6.1753e+31,265
131,3,0.2000,0.3500,3.8350e+28,5.8510e+28,1.7900e+27,1.2600e+27,6.4814e+32,3.2613e+31,265
131,4,0.3500,0.5500,6.5960e+28,1.6105e+29,2.6800e+27,5.0600e+27,6.8472e+32,2.7033e+31,265
131,5,0.5500,1.0100,4.5680e+28,1.9630e+29,5.4800e+27,3.9160e+28,3.1884e+32,3.3650e+31,265
132,0,0.0000,0.0500,1.4600e+27,0.0000e+00,5.1000e+26,0.0000e+00,3.3800e+32,1.4746e+32,267
132,1,0.0500,0.1000,4.7000e+27,5.4000e+26,9.4000e+26,0.0000e+00,2.9410e+32,7.0517e+31,267
132,2,0.1000,0.2000,1.6320e+28,1.1500e+28,1.9100e+27,3.8000e+26,4.7598e+32,6.2879e+31,267
132,3,0.2000,0.3500,3.8570e+28,5.6170e+28,1.7900e+27,1.5000e+27,6.4090e+32,3.2469e+31,267
132,4,0.3500,0.5500,6.7650e+28,1.6255e+29,2.6000e+27,6.1700e+27,6.9762e+32,2.7701e+31,267
132,5,0.5500,1.0100,4.7880e+28,2.0734e+29,5.5100e+27,3.8820e+28,3.3845e+32,3.4525e+31,267
133,0,0.0000,0.0500,1.6400e+27,0.0000e+00,5.7000e+26,0.0000e+00,3.2541e+32,1.5259e+32,269
133,1,0.0500,0.1000,4.7300e+27,5.7000e+26,1.1600e+27,2.0000e+25,2.8668e+32,7.2081e+31,269
133,2,0.1000,0.2000,1.5230e+28,1.0830e+28,1.5400e+27,3.6000e+26,4.7804e+32,6.0225e+31,269
133,3,0.2000,0.3500,3.8390e+28,5.3980e+28,2.0500e+27,1.4700e+27,6.3297e+32,3.2684e+31,269
133,4,0.3500,0.5500,6.8670e+28,1.6191e+29,2.6900e+27,5.1300e+27,7.0823e+32,2.7827e+31,269
133,5,0.5500,1.0100,5.2530e+28,2.2003e+29,5.8700e+27,3.8210e+28,3.6682e+32,3.4421e+31,269
134,0,0.0000,0.0500,1.7900e+27,0.0000e+00,7.3000e+26,0.0000e+00,3.3631e+32,1.4385e+32,270
134,1,0.0500,0.1000,4.3900e+27,5.3000e+26,1.1200e+27,0.0000e+00,2.9754e+32,7.0265e+31,270
134,2,0.1000,0.2000,1.4490e+28,1.0080e+28,1.8500e+27,3.3000e+26,4.6106e+32,6.2980e+31,270
134,3,0.2000,0.3500,3.7040e+28,5.4900e+28,1.7200e+27,1.4700e+27,6.3488e+32,3.3557e+31,270
134,4,0.3500,0.5500,6.8800e+28,1.6340e+29,2.4800e+27,5.9400e+27,7.1269e+32,2.8575e+31,270
134,5,0.5500,1.0100,5.5060e+28,2.3463e+29,5.7200e+27,4.1360e+28,3.8560e+32,3.6454e+31,270
135,0,0.0000,0.0500,1.6700e+27,0.0000e+00,5.6000e+26,0.0000e+00,3.2951e+32,1.4604e+32,272
135,1,0.0500,0.1000,4.6500e+27,4.1000e+26,1.0400e+27,1.0000e+25,2.8692e+32,7.0425e+31,272
135,2,0.1000,0.2000,1.4990e+28,1.0290e+28,1.7000e+27,2.2000e+26,4.7131e+32,6.2946e+31,272
135,3,0.2000,0.3500,3.6300e+28,5.4690e+28,2.0500e+27,1.7600e+27,6.2853e+32,3.3161e+31,272
135,4,0.3500,0.5500,6.8990e+28,1.6345e+29,2.7700e+27,5.6500e+27,7.1974e+32,2.9139e+31,272
135,5,0.5500,1.0100,5.7490e+28,2.5227e+29,5.9600e+27,3.9280e+28,4.1127e+32,3.6815e+31,272
136,0,0.0000,0.0500,1.7000e+27,0.0000e+00,5.5000e+26,0.0000e+00,3.1813e+32,1.4839e+32,273
136,1,0.0500,0.1000,4.7800e+27,4.3000e+26,1.2300e+27,1.0000e+25,2.8578e+32,7.1241e+31,273
136,2,0.1000,0.2000,1.4230e+28,9.3600e+27,1.7000e+27,2.2000e+26,4.6463e+32,6.1058e+31,273
136,3,0.2000,0.3500,3.6460e+28,5.2440e+28,1.9200e+27,1.4300e+27,6.1997e+32,3.3633e+31,273
136,4,0.3500,0.5500,6.9220e+28,1.6233e+29,2.5500e+27,5.4100e+27,7.2754e+32,2.9363e+31,273
136,5,0.5500,1.0100,6.2560e+28,2.6371e+29,5.7300e+27,3.6910e+28,4.3865e+32,3.6904e+31,273
137,0,0.0000,0.0500,1.3700e+27,1.0000e+25,5.5000e+26,0.0000e+00,3.3382e+32,1.4047e+32,275
137,1,0.0500,0.1000,4.4100e+27,5.3000e+26,8.6000e+26,0.0000e+00,2.9507e+32,6.9524e+31,275
137,2,0.1000,0.2000,1.4460e+28,9.7300e+27,1.8500e+27,3.1000e+26,4.5527e+32,6.4708e+31,275
137,3,0.2000,0.3500,3.6090e+28,5.2500e+28,1.9600e+27,1.3400e+27,6.1891e+32,3.4652e+31,275
137,4,0.3500,0.5500,6.9700e+28,1.6450e+29,2.7500e+27,5.5000e+27,7.3203e+32,3.0477e+31,275
137,5,0.5500,1.0100,6.5520e+28,2.8087e+29,6.1400e+27,4.0350e+28,4.5990e+32,3.9118e+31,275
138,0,0.0000,0.0500,1.5500e+27,0.0000e+00,6.3000e+26,0.0000e+00,3.1982e+32,1.4447e+32,276
138,1,0.0500,0.1000,4.7200e+27,3.4000e+26,1.2100e+27,0.0000e+00,2.8051e+32,7.0686e+31,276
138,2,0.1000,0.2000,1.4230e+28,9.6500e+27,2.0500e+27,2.8000e+26,4.6336e+32,6.2877e+31,276
138,3,0.2000,0.3500,3.5980e+28,4.9160e+28,1.8900e+27,1.3400e+27,6.1161e+32,3.4560e+31,276
138,4,0.3500,0.5500,6.9320e+28,1.6265e+29,2.6600e+27,5.0100e+27,7.3277e+32,3.0708e+31,276
138,5,0.5500,1.0100,6.8210e+28,2.9558e+29,6.0100e+27,4.0280e+28,4.8996e+32,3.8859e+31,276
139,0,0.0000,0.0500,1.4800e+27,1.0000e+25,4.2000e+26,0.0000e+00,3.2203e+32,1.4224e+32,278
139,1,0.0500,0.1000,4.3200e+27,5.2000e+26,9.5000e+26,2.0000e+25,2.8805e+32,7.0347e+31,278
139,2,0.1000,0.2000,1.3550e+28,8.5800e+27,1.6900e+27,3.6000e+26,4.5195e+32,6.4012e+31,278
139,3,0.2000,0.3500,3.5100e+28,5.2160e+28,2.1000e+27,1.3100e+27,6.0976e+32,3.6033e+31,278
139,4,0.3500,0.5500,6.9400e+28,1.6498e+29,2.6500e+27,4.9800e+27,7.3734e+32,3.1251e+31,278
139,5,0.5500,1.0100,7.1990e+28,3.1181e+29,6.2600e+27,3.9330e+28,5.1671e+32,4.0473e+31,278
140,0,0.0000,0.0500,1.5400e+27,0.0000e+00,5.0000e+26,0.0000e+00,3.2235e+32,1.4028e+32,280
140,1,0.0500,0.1000,4.1900e+27,4.5000e+26,1.1900e+27,1.0000e+25,2.8690e+32,7.0185e+31,280
140,2,0.1000,0.2000,1.3820e+28,9.0800e+27,1.7400e+27,1.6000e+26,4.5488e+32,6.5831e+31,280
140,3,0.2000,0.3500,3.4770e+28,5.0220e+28,1.9500e+27,1.3500e+27,6.0495e+32,3.6361e+31,280
140,4,0.3500,0.5500,6.8730e+28,1.6870e+29,2.9700e+27,5.5300e+27,7.4130e+32,3.2353e+31,280
140,5,0.5500,1.0100,7.5320e+28,3.2075e+29,6.7000e+27,4.2950e+28,5.4178e+32,4.1942e+31,280
141,0,0.0000,0.0500,1.6100e+27,0.0000e+00,5.6000e+26,0.0000e+00,3.0769e+32,1.4435e+32,281
141,1,0.0500,0.1000,4.3400e+27,4.1000e+26,1.2000e+27,1.0000e+25,2.8110e+32,7.1542e+31,281
141,2,0.1000,0.2000,1.3830e+28,9.2200e+27,1.7400e+27,2.9000e+26,4.5517e+32,6.3545e+31,281
141,3,0.2000,0.3500,3.4240e+28,4.8070e+28,2.0800e+27,1.5300e+27,5.9424e+32,3.6492e+31,281
141,4,0.3500,0.5500,6.7890e+28,1.6240e+29,2.9800e+27,6.2000e+27,7.4273e+32,3.2398e+31,281
141,5,0.5500,1.0100,7.9110e+28,3.3987e+29,6.4500e+27,4.2040e+28,5.7299e+32,4.2037e+31,281
142,0,0.0000,0.0500,1.5500e+27,0.0000e+00,6.1000e+26,0.0000e+00,3.2394e+32,1.3583e+32,283
142,1,0.0500,0.1000,4.8500e+27,3.9000e+26,1.0900e+27,0.0000e+00,2.9086e+32,7.1174e+31,283
142,2,0.1000,0.2000,1.3640e+28,8.7300e+27,1.9000e+27,3.9000e+26,4.4403e+32,6.8362e+31,283
142,3,0.2000,0.3500,3.2670e+28,4.7060e+28,2.2100e+27,1.6300e+27,5.9133e+32,3.8444e+31,283
142,4,0.3500,0.5500,6.9800e+28,1.6433e+29,3.1300e+27,6.7800e+27,7.4358e+32,3.4428e+31,283
142,5,0.5500,1.0100,8.3760e+28,3.4930e+29,7.0200e+27,4.6540e+28,5.9642e+32,4.5973e+31,283
143,0,0.0000,0.0500,1.6200e+27,0.0000e+00,4.8000e+26,0.0000e+00,3.0988e+32,1.4001e+32,284
143,1,0.0500,0.1000,4.1800e+27,3.2000e+26,9.7000e+26,1.0000e+25,2.7739e+32,7.2147e+31,284
143,2,0.1000,0.2000,1.3770e+28,8.4200e+27,2.0400e+27,3.7000e+26,4.5180e+32,6.7025e+31,284
143,3,0.2000,0.3500,3.3140e+28,4.4750e+28,2.3500e+27,1.4100e+27,5.8649e+32,3.8240e+31,284
143,4,0.3500,0.5500,6.7670e+28,1.6007e+29,3.1400e+27,6.1800e+27,7.4003e+32,3.4764e+31,284
143,5,0.5500,1.0100,8.7580e+28,3.6701e+29,6.8800e+27,4.6880e+28,6.2570e+32,4.6025e+31,284
144,0,0.0000,0.0500,1.4600e+27,0.0000e+00,6.5000e+26,0.0000e+00,3.0992e+32,1.3796e+32,285
144,1,0.0500,0.1000,4.3300e+27,3.9000e+26,9.7000e+26,1.0000e+25,2.8356e+32,7.1916e+31,285
144,2,0.1000,0.2000,1.4150e+28,8.0000e+27,1.9800e+27,3.6000e+26,4.4029e+32,6.8682e+31,285
144,3,0.2000,0.3500,3.3050e+28,4.5750e+28,2.3100e+27,1.7400e+27,5.8031e+32,3.9740e+31,285
144,4,0.3500,0.5500,6.7730e+28,1.5813e+29,3.4300e+27,6.8600e+27,7.3617e+32,3.5867e+31,285
144,5,0.5500,1.0100,9.0600e+28,3.8882e+29,7.4800e+27,4.8700e+28,6.5331e+32,4.8611e+31,285
145,0,0.0000,0.0500,1.5000e+27,0.0000e+00,6.5000e+26,0.0000e+00,3.0952e+32,1.3700e+32,287
145,1,0.0500,0.1000,4.1600e+27,3.1000e+26,1.0500e+27,0.0000e+00,2.8143e+32,7.2125e+31,287
145,2,0.1000,0.2000,1.3430e+28,7.8900e+27,1.7200e+27,4.1000e+26,4.4330e+32,7.0884e+31,287
145,3,0.2000,0.3500,3.1720e+28,4.2180e+28,2.3800e+27,1.4600e+27,5.7612e+32,4.0521e+31,287
145,4,0.3500,0.5500,6.7540e+28,1.6154e+29,3.3100e+27,7.0100e+27,7.3639e+32,3.7619e+31,287
145,5,0.5500,1.0100,9.5290e+28,3.9840e+29,7.8900e+27,4.8790e+28,6.7846e+32,5.0574e+31,287
146,0,0.0000,0.0500,1.4100e+27,0.0000e+00,5.9000e+26,0.0000e+00,2.9894e+32,1.3943e+32,288
146,1,0.0500,0.1000,3.9800e+27,3.5000e+26,1.0600e+27,0.0000e+00,2.7683e+32,7.3745e+31,288
146,2,0.1000,0.2000,1.3230e+28,8.2800e+27,2.0000e+27,3.4000e+26,4.4237e+32,6.9492e+31,288
146,3,0.2000,0.3500,3.0680e+28,4.1920e+28,2.1700e+27,1.6800e+27,5.6545e+32,4.1201e+31,288
146,4,0.3500,0.5500,6.6640e+28,1.5579e+29,3.3900e+27,6.6000e+27,7.3426e+32,3.8160e+31,288
146,5,0.5500,1.0100,1.0112e+29,4.2001e+29,7.8200e+27,4.7900e+28,7.0965e+32,5.1294e+31,288
147,0,0.0000,0.0500,1.3900e+27,0.0000e+00,6.1000e+26,0.0000e+00,3.0915e+32,1.3541e+32,290
147,1,0.0500,0.1000,4.2700e+27,4.0000e+26,1.1300e+27,1.0000e+25,2.8440e+32,7.3008e+31,290
147,2,0.1000,0.2000,1.2670e+28,7.1400e+27,2.0200e+27,3.7000e+26,4.3337e+32,7.4517e+31,290
147,3,0.2000,0.3500,3.0900e+28,4.1130e+28,2.4900e+27,1.9100e+27,5.6213e+32,4.3304e+31,290
147,4,0.3500,0.5500,6.5970e+28,1.5788e+29,4.1100e+27,6.6600e+27,7.3087e+32,4.0697e+31,290
147,5,0.5500,1.0100,1.0194e+29,4.3881e+29,8.6100e+27,5.7030e+28,7.3364e+32,5.6251e+31,290
148,0,0.0000,0.0500,1.4500e+27,0.0000e+00,6.2000e+26,0.0000e+00,2.9679e+32,1.3909e+32,291
148,1,0.0500,0.1000,4.1300e+27,2.8000e+26,1.1500e+27,0.0000e+00,2.7215e+32,7.4889e+31,291
148,2,0.1000,0.2000,1.3640e+28,7.6600e+27,1.9700e+27,3.0000e+26,4.4049e+32,7.2522e+31,291
148,3,0.2000,0.3500,3.0760e+28,4.1310e+28,2.2400e+27,2.0000e+27,5.5568e+32,4.3518e+31,291
148,4,0.3500,0.5500,6.4380e+28,1.5267e+29,3.7400e+27,7.5200e+27,7.2395e+32,4.1371e+31,291
148,5,0.5500,1.0100,1.0717e+29,4.5048e+29,8.5600e+27,5.5220e+28,7.6385e+32,5.6481e+31,291
149,0,0.0000,0.0500,1.4400e+27,0.0000e+00,4.9000e+26,0.0000e+00,3.0113e+32,1.3566e+32,292
149,1,0.0500,0.1000,4.2000e+27,3.6000e+26,1.1100e+27,1.0000e+25,2.8142e+32,7.4837e+31,292
149,2,0.1000,0.2000,1.2270e+28,7.3000e+27,1.8900e+27,2.8000e+26,4.2621e+32,7.6518e+31,292
149,3,0.2000,0.3500,2.9770e+28,4.0010e+28,2.3700e+27,2.3700e+27,5.4897e+32,4.5976e+31,292
149,4,0.3500,0.5500,6.3870e+28,1.5123e+29,4.3300e+27,8.2400e+27,7.1910e+32,4.3898e+31,292
149,5,0.5500,1.0100,1.0998e+29,4.6647e+29,9.2000e+27,6.1680e+28,7.8647e+32,6.1734e+31,292
150,0,0.0000,0.0500,1.4100e+27,0.0000e+00,6.3000e+26,0.0000e+00,2.9540e+32,1.3811e+32,294
150,1,0.0500,0.1000,4.0200e+27,3.2000e+26,1.2200e+27,2.0000e+25,2.7202e+32,7.6544e+31,294
150,2,0.1000,0.2000,1.3090e+28,7.6000e+27,2.0800e+27,2.9000e+26,4.3434e+32,7.6593e+31,294
150,3,0.2000,0.3500,3.0740e+28,3.8900e+28,2.4300e+27,1.8500e+27,5.4527e+32,4.6547e+31,294
150,4,0.3500,0.5500,6.4350e+28,1.4828e+29,4.2100e+27,8.2700e+27,7.1524e+32,4.5550e+31,294
150,5,0.5500,1.0100,1.1241e+29,4.8364e+29,9.9300e+27,6.2800e+28,8.1302e+32,6.3477e+31,294
151,0,0.0000,0.0500,1.5100e+27,0.0000e+00,5.6000e+26,0.0000e+00,2.9258e+32,1.3746e+32,294
151,1,0.0500,0.1000,3.8700e+27,2.4000e+26,1.1800e+27,2.0000e+25,2.7332e+32,7.6808e+31,294
151,2,0.1000,0.2000,1.2520e+28,7.0900e+27,2.0600e+27,2.8000e+26,4.2431e+32,7.7969e+31,294
151,3,0.2000,0.3500,2.8560e+28,3.7260e+28,2.5800e+27,1.7700e+27,5.3671e+32,4.8287e+31,294
151,4,0.3500,0.5500,6.2000e+28,1.4510e+29,4.1600e+27,7.5200e+27,7.0494e+32,4.7212e+31,294
151,5,0.5500,1.0100,1.1637e+29,5.0937e+29,9.8000e+27,6.4420e+28,8.3753e+32,6.7463e+31,294
152,0,0.0000,0.0500,1.2900e+27,0.0000e+00,5.2000e+26,0.0000e+00,2.9246e+32,1.3729e+32,296
152,1,0.0500,0.1000,3.7600e+27,2.5000e+26,1.1300e+27,1.0000e+25,2.7364e+32,7.7362e+31,296
152,2,0.1000,0.2000,1.2260e+28,6.8500e+27,2.1600e+27,2.8000e+26,4.2392e+32,8.0958e+31,296
152,3,0.2000,0.3500,2.9050e+28,3.7250e+28,2.7500e+27,2.2300e+27,5.3257e+32,4.9835e+31,296
152,4,0.3500,0.5500,6.2410e+28,1.4510e+29,3.9600e+27,8.6100e+27,7.0082e+32,4.9904e+31,296
152,5,0.5500,1.0100,1.1941e+29,5.1551e+29,1.1180e+28,7.0460e+28,8.5970e+32,7.1879e+31,296
153,0,0.0000,0.0500,1.4700e+27,0.0000e+00,5.2000e+26,0.0000e+00,2.8560e+32,1.3977e+32,298
153,1,0.0500,0.1000,3.6100e+27,2.2000e+26,1.0700e+27,1.0000e+25,2.6984e+32,7.9592e+31,298
153,2,0.1000,0.2000,1.2120e+28,6.1700e+27,1.9300e+27,3.5000e+26,4.2456e+32,8.0547e+31,298
153,3,0.2000,0.3500,2.8340e+28,3.5840e+28,2.6800e+27,2.0400e+27,5.2615e+32,5.1276e+31,298
153,4,0.3500,0.5500,6.1440e+28,1.4100e+29,4.5600e+27,8.4300e+27,6.9668e+32,5.1341e+31,298
153,5,0.5500,1.0100,1.2454e+29,5.4001e+29,1.1280e+28,7.1180e+28,8.8975e+32,7.4807e+31,298
154,0,0.0000,0.0500,1.2100e+27,0.0000e+00,6.4000e+26,0.0000e+00,2.9056e+32,1.3747e+32,298
154,1,0.0500,0.1000,4.0100e+27,2.6000e+26,9.7000e+26,3.0000e+25,2.7279e+32,7.8534e+31,298
154,2,0.1000,0.2000,1.1770e+28,6.2400e+27,2.5600e+27,2.5000e+26,4.1465e+32,8.6009e+31,298
154,3,0.2000,0.3500,2.7390e+28,3.4270e+28,2.9800e+27,2.0400e+27,5.1721e+32,5.3551e+31,298
154,4,0.3500,0.5500,5.9440e+28,1.4161e+29,4.7800e+27,8.8500e+27,6.8770e+32,5.4583e+31,298
154,5,0.5500,1.0100,1.2544e+29,5.4730e+29,1.2360e+28,8.0500e+28,9.0195e+32,8.2243e+31,298
155,0,0.0000,0.0500,1.5200e+27,0.0000e+00,5.0000e+26,0.0000e+00,2.7772e+32,1.4146e+32,299
155,1,0.0500,0.1000,3.4600e+27,1.6000e+26,1.0600e+27,0.0000e+00,2.6427e+32,8.0665e+31,299
155,2,0.1000,0.2000,1.1830e+28,6.6200e+27,2.3700e+27,3.2000e+26,4.1977e+32,8.3673e+31,299
155,3,0.2000,0.3500,2.6960e+28,3.4990e+28,2.6300e+27,2.0000e+27,5.1111e+32,5.3893e+31,299
155,4,0.3500,0.5500,5.8000e+28,1.3656e+29,4.9200e+27,8.3800e+27,6.7842e+32,5.5349e+31,299
155,5,0.5500,1.0100,1.2811e+29,5.6938e+29,1.2250e+28,7.9940e+28,9.2985e+32,8.3222e+31,299
156,0,0.0000,0.0500,1.1600e+27,0.0000e+00,5.3000e+26,0.0000e+00,2.8897e+32,1.3786e+32,301
156,1,0.0500,0.1000,3.8700e+27,1.9000e+26,1.0400e+27,2.0000e+25,2.7123e+32,8.1136e+31,301
156,2,0.1000,0.2000,1.1480e+28,5.8800e+27,2.4800e+27,4.7000e+26,4.0883e+32,9.0967e+31,301
156,3,0.2000,0.3500,2.5690e+28,3.2050e+28,3.2500e+27,2.4000e+27,5.0311e+32,5.8139e+31,301
156,4,0.3500,0.5500,5.9830e+28,1.3551e+29,5.4400e+27,1.0190e+28,6.7284e+32,6.0358e+31,301
156,5,0.5500,1.0100,1.3033e+29,5.7392e+29,1.4010e+28,8.7210e+28,9.4525e+32,9.4407e+31,301
157,0,0.0000,0.0500,1.1900e+27,0.0000e+00,5.7000e+26,0.0000e+00,2.7732e+32,1.4192e+32,302
157,1,0.0500,0.1000,3.7300e+27,2.7000e+26,1.1100e+27,0.0000e+00,2.6026e+32,8.3040e+31,302
157,2,0.1000,0.2000,1.1430e+28,5.7500e+27,2.3300e+27,3.0000e+26,4.1616e+32,8.9330e+31,302
157,3,0.2000,0.3500,2.6110e+28,3.1670e+28,2.8700e+27,2.3400e+27,4.9904e+32,5.8433e+31,302
157,4,0.3500,0.5500,5.7410e+28,1.3436e+29,5.1800e+27,9.9200e+27,6.6321e+32,6.1637e+31,302
157,5,0.5500,1.0100,1.3381e+29,5.9178e+29,1.4410e+28,9.1630e+28,9.6951e+32,9.5355e+31,302
158,0,0.0000,0.0500,1.2700e+27,0.0000e+00,4.9000e+26,0.0000e+00,2.8094e+32,1.3933e+32,302
158,1,0.0500,0.1000,3.7100e+27,2.4000e+26,1.0700e+27,1.0000e+25,2.6578e+32,8.3334e+31,302
158,2,0.1000,0.2000,1.1300e+28,5.8000e+27,2.4900e+27,3.7000e+26,4.0233e+32,9.4726e+31,302
158,3,0.2000,0.3500,2.5390e+28,3.1970e+28,3.5300e+27,2.4300e+27,4.8827e+32,6.2078e+31,302
158,4,0.3500,0.5500,5.6550e+28,1.2899e+29,5.5300e+27,1.0870e+28,6.5395e+32,6.5802e+31,302
158,5,0.5500,1.0100,1.3742e+29,5.9329e+29,1.6510e+28,9.9330e+28,9.7854e+32,1.0628e+32,302
159,0,0.0000,0.0500,1.0000e+27,0.0000e+00,4.6000e+26,0.0000e+00,2.7540e+32,1.4240e+32,304
159,1,0.0500,0.1000,3.6300e+27,2.0000e+26,1.0200e+27,1.0000e+25,2.5628e+32,8.5629e+31,304
159,2,0.1000,0.2000,1.1380e+28,5.7300e+27,2.8600e+27,3.9000e+26,4.1028e+32,9.4978e+31,304
159,3,0.2000,0.3500,2.5400e+28,2.9800e+28,3.0400e+27,2.6300e+27,4.8527e+32,6.3338e+31,304
159,4,0.3500,0.5500,5.5860e+28,1.2645e+29,5.9900e+27,1.0840e+28,6.4732e+32,6.8525e+31,304
159,5,0.5500,1.0100,1.4091e+29,6.2916e+29,1.6560e+28,9.6060e+28,1.0008e+33,1.0982e+32,304
160,0,0.0000,0.0500,1.3100e+27,0.0000e+00,4.9000e+26,0.0000e+00,2.7623e+32,1.4147e+32,304
160,1,0.0500,0.1000,3.3300e+27,1.5000e+26,1.2600e+27,3.0000e+25,2.5812e+32,8.6041e+31,304
160,2,0.1000,0.2000,1.1300e+28,5.7100e+27,2.4600e+27,2.9000e+26,3.9962e+32,9.9171e+31,304
160,3,0.2000,0.3500,2.4960e+28,3.1370e+28,3.7100e+27,2.4000e+27,4.7535e+32,6.6694e+31,304
160,4,0.3500,0.5500,5.3550e+28,1.2394e+29,6.5700e+27,1.0890e+28,6.3516e+32,7.2293e+31,304
160,5,0.5500,1.0100,1.4388e+29,6.3412e+29,1.8230e+28,1.0976e+29,1.0128e+33,1.2021e+32,304
161,0,0.0000,0.0500,1.0200e+27,0.0000e+00,5.1000e+26,0.0000e+00,2.7281e+32,1.4281e+32,305
161,1,0.0500,0.1000,3.6200e+27,1.7000e+26,1.1300e+27,0.0000e+00,2.5260e+32,8.8018e+31,305
161,2,0.1000,0.2000,1.1620e+28,5.5700e+27,2.8000e+27,3.8000e+26,4.0225e+32,1.0093e+32,305
161,3,0.2000,0.3500,2.4570e+28,2.8570e+28,3.8000e+27,2.4400e+27,4.6895e+32,6.8462e+31,305
161,4,0.3500,0.5500,5.3680e+28,1.2134e+29,6.5800e+27,1.1280e+28,6.2875e+32,7.5888e+31,305
161,5,0.5500,1.0100,1.4334e+29,6.4342e+29,1.8710e+28,1.0966e+29,1.0249e+33,1.2628e+32,305
162,0,0.0000,0.0500,1.1100e+27,0.0000e+00,5.7000e+26,0.0000e+00,2.7301e+32,1.4396e+32,307
162,1,0.0500,0.1000,3.3000e+27,2.2000e+26,1.1600e+27,3.0000e+25,2.5164e+32,8.9832e+31,307
162,2,0.1000,0.2000,1.0990e+28,5.0200e+27,2.8900e+27,4.2000e+26,3.9837e+32,1.0406e+32,307
162,3,0.2000,0.3500,2.4200e+28,2.8940e+28,3.4200e+27,2.5300e+27,4.6348e+32,7.1952e+31,307
162,4,0.3500,0.5500,5.2940e+28,1.1825e+29,6.4500e+27,1.2010e+28,6.1940e+32,7.9694e+31,307
162,5,0.5500,1.0100,1.4542e+29,6.5541e+29,2.0600e+28,1.1889e+29,1.0431e+33,1.3654e+32,307
163,0,0.0000,0.0500,1.0600e+27,0.0000e+00,5.8000e+26,0.0000e+00,2.7120e+32,1.4426e+32,307
163,1,0.0500,0.1000,3.5900e+27,2.5000e+26,1.0900e+27,1.0000e+25,2.4911e+32,9.0948e+31,307
163,2,0.1000,0.2000,1.1420e+28,5.5600e+27,2.8900e+27,3.9000e+26,3.9584e+32,1.0737e+32,307
163,3,0.2000,0.3500,2.3420e+28,2.8240e+28,3.9300e+27,3.1000e+27,4.5513e+32,7.4420e+31,307
163,4,0.3500,0.5500,5.2580e+28,1.1694e+29,7.2700e+27,1.3050e+28,6.0972e+32,8.4506e+31,307
163,5,0.5500,1.0100,1.4659e+29,6.5277e+29,2.1590e+28,1.2681e+29,1.0462e+33,1.4573e+32,307
164,0,0.0000,0.0500,1.1700e+27,0.0000e+00,6.4000e+26,0.0000e+00,2.6780e+32,1.4536e+32,307
164,1,0.0500,0.1000,3.3400e+27,2.5000e+26,1.3100e+27,4.0000e+25,2.4367e+32,9.2955e+31,307
164,2,0.1000,0.2000,1.0980e+28,5.2200e+27,2.7400e+27,4.6000e+26,3.9298e+32,1.0843e+32,307
164,3,0.2000,0.3500,2.2890e+28,2.7900e+28,4.1000e+27,2.7800e+27,4.4780e+32,7.7129e+31,307
164,4,0.3500,0.5500,5.0100e+28,1.1338e+29,7.1900e+27,1.3450e+28,5.9730e+32,8.7599e+31,307
164,5,0.5500,1.0100,1.4758e+29,6.7555e+29,2.3550e+28,1.3362e+29,1.0572e+33,1.5429e+32,307
165,0,0.0000,0.0500,1.1700e+27,0.0000e+00,5.1000e+26,0.0000e+00,2.7090e+32,1.4584e+32,309
165,1,0.0500,0.1000,3.4100e+27,1.6000e+26,1.1500e+27,3.0000e+25,2.4498e+32,9.4436e+31,309
165,2,0.1000,0.2000,1.0240e+28,5.2600e+27,3.1200e+27,4.6000e+26,3.8922e+32,1.1437e+32,309
165,3,0.2000,0.3500,2.3460e+28,2.7530e+28,4.3600e+27,3.0000e+27,4.4248e+32,8.1148e+31,309
165,4,0.3500,0.5500,5.0130e+28,1.1118e+29,8.3300e+27,1.4100e+28,5.9131e+32,9.3789e+31,309
165,5,0.5500,1.0100,1.4857e+29,6.7529e+29,2.4150e+28,1.4468e+29,1.0621e+33,1.6828e+32,309
166,0,0.0000,0.0500,1.1200e+27,0.0000e+00,6.2000e+26,0.0000e+00,2.6510e+32,1.4760e+32,309
166,1,0.0500,0.1000,3.5100e+27,2.0000e+26,1.5300e+27,1.0000e+25,2.3832e+32,9.7108e+31,309
166,2,0.1000,0.2000,1.0500e+28,4.9100e+27,2.9200e+27,5.4000e+26,3.8881e+32,1.1434e+32,309
166,3,0.2000,0.3500,2.2780e+28,2.6130e+28,4.3200e+27,2.8800e+27,4.3569e+32,8.3462e+31,309
166,4,0.3500,0.5500,4.7890e+28,1.0703e+29,8.3800e+27,1.3540e+28,5.7897e+32,9.6923e+31,309
166,5,0.5500,1.0100,1.5097e+29,6.7558e+29,2.5270e+28,1.4476e+29,1.0717e+33,1.7541e+32,309
167,0,0.0000,0.0500,1.0300e+27,0.0000e+00,6.0000e+26,0.0000e+00,2.6894e+32,1.4746e+32,310
167,1,0.0500,0.1000,3.5100e+27,1.7000e+26,1.2700e+27,0.0000e+00,2.4012e+32,9.7920e+31,310
167,2,0.1000,0.2000,1.0600e+28,5.0300e+27,2.7700e+27,5.9000e+26,3.8181e+32,1.2146e+32,310
167,3,0.2000,0.3500,2.1330e+28,2.6610e+28,4.5800e+27,3.6200e+27,4.2749e+32,8.8215e+31,310
167,4,0.3500,0.5500,4.8160e+28,1.0321e+29,8.5800e+27,1.3930e+28,5.7142e+32,1.0387e+32,310
167,5,0.5500,1.0100,1.4977e+29,6.8269e+29,2.8750e+28,1.5854e+29,1.0665e+33,1.9343e+32,310
168,0,0.0000,0.0500,1.0100e+27,0.0000e+00,5.2000e+26,0.0000e+00,2.6054e+32,1.4992e+32,310
168,1,0.0500,0.1000,3.0800e+27,1.7000e+26,1.4600e+27,0.0000e+00,2.3388e+32,1.0085e+32,310
168,2,0.1000,0.2000,1.0470e+28,4.8000e+27,3.0800e+27,4.8000e+26,3.8289e+32,1.2069e+32,310
168,3,0.2000,0.3500,2.2180e+28,2.4490e+28,4.3000e+27,3.3600e+27,4.2172e+32,8.9882e+31,310
168,4,0.3500,0.5500,4.8720e+28,1.0126e+29,8.6800e+27,1.4990e+28,5.5956e+32,1.0664e+32,310
168,5,0.5500,1.0100,1.5108e+29,6.9985e+29,3.0060e+28,1.6254e+29,1.0769e+33,1.9885e+32,310
169,0,0.0000,0.0500,9.3000e+26,0.0000e+00,6.2000e+26,0.0000e+00,2.6713e+32,1.4945e+32,311
169,1,0.0500,0.1000,3.2300e+27,1.5000e+26,1.1200e+27,1.0000e+25,2.3595e+32,1.0161e+32,311
169,2,0.1000,0.2000,1.0670e+28,4.4500e+27,3.4200e+27,4.1000e+26,3.7376e+32,1.2934e+32,311
169,3,0.2000,0.3500,2.0370e+28,2.4750e+28,4.9000e+27,3.2900e+27,4.1311e+32,9.5563e+31,311
169,4,0.3500,0.5500,4.6060e+28,1.0283e+29,1.0420e+28,1.6270e+28,5.5132e+32,1.1481e+32,311
169,5,0.5500,1.0100,1.5071e+29,6.9209e+29,3.2790e+28,1.8145e+29,1.0660e+33,2.2165e+32,311
170,0,0.0000,0.0500,9.5000e+26,0.0000e+00,5.8000e+26,0.0000e+00,2.5717e+32,1.5228e+32,311
170,1,0.0500,0.1000,3.0900e+27,9.0000e+25,1.3500e+27,0.0000e+00,2.2919e+32,1.0490e+32,311
170,2,0.1000,0.2000,1.0810e+28,5.0600e+27,3.4900e+27,5.2000e+26,3.7642e+32,1.2785e+32,311
170,3,0.2000,0.3500,2.0610e+28,2.4400e+28,5.1500e+27,3.2600e+27,4.0822e+32,9.6693e+31,311
170,4,0.3500,0.5500,4.6230e+28,9.8300e+28,1.0000e+28,1.6400e+28,5.4040e+32,1.1760e+32,311
170,5,0.5500,1.0100,1.5451e+29,7.0161e+29,3.3850e+28,1.8353e+29,1.0770e+33,2.2499e+32,311
171,0,0.0000,0.0500,1.1600e+27,0.0000e+00,5.0000e+26,0.0000e+00,2.6588e+32,1.5184e+32,312
171,1,0.0500,0.1000,3.0900e+27,1.2000e+26,1.4700e+27,2.0000e+25,2.3144e+32,1.0577e+32,312
171,2,0.1000,0.2000,9.3800e+27,4.7200e+27,3.8800e+27,5.7000e+26,3.6536e+32,1.3816e+32,312
171,3,0.2000,0.3500,2.0840e+28,2.5870e+28,5.4600e+27,3.7300e+27,3.9951e+32,1.0328e+32,312
171,4,0.3500,0.5500,4.3340e+28,9.5120e+28,1.0630e+28,1.6730e+28,5.3155e+32,1.2698e+32,312
171,5,0.5500,1.0100,1.5154e+29,6.8763e+29,3.6690e+28,2.0409e+29,1.0609e+33,2.5253e+32,312
172,0,0.0000,0.0500,1.2000e+27,0.0000e+00,5.1000e+26,0.0000e+00,2.5448e+32,1.5539e+32,312
172,1,0.0500,0.1000,3.0100e+27,1.6000e+26,1.5100e+27,1.0000e+25,2.2447e+32,1.0917e+32,312
172,2,0.1000,0.2000,9.8400e+27,4.9200e+27,3.5100e+27,4.3000e+26,3.6953e+32,1.3594e+32,312
172,3,0.2000,0.3500,2.1170e+28,2.3950e+28,5.2700e+27,3.3700e+27,3.9616e+32,1.0392e+32,312
172,4,0.3500,0.5500,4.3490e+28,9.1440e+28,1.0440e+28,1.6860e+28,5.2068e+32,1.2942e+32,312
172,5,0.5500,1.0100,1.5258e+29,6.9964e+29,3.6990e+28,1.9204e+29,1.0700e+33,2.5331e+32,312
173,0,0.0000,0.0500,9.8000e+26,0.0000e+00,5.5000e+26,0.0000e+00,2.6439e+32,1.5444e+32,313
173,1,0.0500,0.1000,2.9800e+27,1.9000e+26,1.5900e+27,3.0000e+25,2.2698e+32,1.1093e+32,313
173,2,0.1000,0.2000,9.7200e+27,4.3900e+27,3.6400e+27,6.2000e+26,3.5732e+32,1.4717e+32,313
173,3,0.2000,0.3500,2.0010e+28,2.3270e+28,5.8800e+27,3.9000e+27,3.8641e+32,1.1174e+32,313
173,4,0.3500,0.5500,4.2870e+28,9.3100e+28,1.2170e+28,1.8620e+28,5.1020e+32,1.3980e+32,313
173,5,0.5500,1.0100,1.4923e+29,6.8569e+29,4.2060e+28,2.2056e+29,1.0466e+33,2.8583e+32,313
174,0,0.0000,0.0500,1.2100e+27,0.0000e+00,6.1000e+26,0.0000e+00,2.5163e+32,1.5868e+32,313
174,1,0.0500,0.1000,3.0300e+27,1.0000e+26,1.5800e+27,2.0000e+25,2.2020e+32,1.1449e+32,313
174,2,0.1000,0.2000,9.1600e+27,4.9400e+27,3.6600e+27,5.2000e+26,3.6247e+32,1.4411e+32,313
174,3,0.2000,0.3500,1.8980e+28,2.3190e+28,5.9300e+27,3.5700e+27,3.8344e+32,1.1198e+32,313
174,4,0.3500,0.5500,4.2480e+28,9.1700e+28,1.1640e+28,1.7980e+28,5.0105e+32,1.4186e+32,313
174,5,0.5500,1.0100,1.5086e+29,6.9911e+29,4.1250e+28,2.1529e+29,1.0566e+33,2.8462e+32,313
175,0,0.0000,0.0500,1.0500e+27,0.0000e+00,6.0000e+26,0.0000e+00,2.6253e+32,1.5665e+32,313
175,1,0.0500,0.1000,3.0700e+27,2.4000e+26,1.7300e+27,1.0000e+25,2.2198e+32,1.1617e+32,313
175,2,0.1000,0.2000,9.5400e+27,4.3300e+27,4.5600e+27,5.7000e+26,3.4754e+32,1.5608e+32,313
175,3,0.2000,0.3500,1.9180e+28,2.2240e+28,5.8600e+27,3.7500e+27,3.7145e+32,1.2041e+32,313
175,4,0.3500,0.5500,3.9910e+28,8.9940e+28,1.2640e+28,1.9340e+28,4.8904e+32,1.5293e+32,313
175,5,0.5500,1.0100,1.4704e+29,6.7524e+29,4.5380e+28,2.3619e+29,1.0241e+33,3.1989e+32,313
176,0,0.0000,0.0500,1.1800e+27,0.0000e+00,5.0000e+26,0.0000e+00,2.4965e+32,1.6148e+32,313
176,1,0.0500,0.1000,2.7600e+27,1.3000e+26,1.6100e+27,2.0000e+25,2.1488e+32,1.1935e+32,313
176,2,0.1000,0.2000,9.8300e+27,4.3400e+27,3.8900e+27,5.6000e+26,3.5341e+32,1.5284e+32,313
176,3,0.2000,0.3500,1.8450e+28,2.1970e+28,6.4100e+27,3.7100e+27,3.6968e+32,1.2079e+32,313
176,4,0.3500,0.5500,4.0370e+28,8.6850e+28,1.2850e+28,2.0880e+28,4.8117e+32,1.5503e+32,313
176,5,0.5500,1.0100,1.4921e+29,6.8860e+29,4.6170e+28,2.3557e+29,1.0333e+33,3.1683e+32,313
177,0,0.0000,0.0500,8.3000e+26,0.0000e+00,7.7000e+26,0.0000e+00,2.6111e+32,1.6018e+32,314
177,1,0.0500,0.1000,2.9100e+27,9.0000e+25,1.5000e+27,1.0000e+25,2.1761e+32,1.2195e+32,314
177,2,0.1000,0.2000,9.2200e+27,4.2200e+27,4.4300e+27,5.9000e+26,3.3843e+32,1.6624e+32,314
177,3,0.2000,0.3500,1.7670e+28,2.2990e+28,6.6700e+27,4.3300e+27,3.5905e+32,1.2994e+32,314
177,4,0.3500,0.5500,3.8290e+28,8.6420e+28,1.3260e+28,2.1120e+28,4.7005e+32,1.6700e+32,314
177,5,0.5500,1.0100,1.4149e+29,6.6302e+29,5.2890e+28,2.5837e+29,1.0010e+33,3.5656e+32,314
178,0,0.0000,0.0500,1.1400e+27,0.0000e+00,6.1000e+26,0.0000e+00,2.4766e+32,1.6452e+32,313
178,1,0.0500,0.1000,2.8700e+27,1.2000e+26,1.7500e+27,1.0000e+25,2.1077e+32,1.2509e+32,313
178,2,0.1000,0.2000,9.0800e+27,4.7700e+27,4.2400e+27,5.0000e+26,3.4299e+32,1.6251e+32,313
178,3,0.2000,0.3500,1.7710e+28,2.1420e+28,6.2900e+27,3.9000e+27,3.5607e+32,1.2985e+32,313
178,4,0.3500,0.5500,3.8600e+28,8.4790e+28,1.4100e+28,2.0820e+28,4.6098e+32,1.6864e+32,313
178,5,0.5500,1.0100,1.4290e+29,6.7177e+29,5.1850e+28,2.5224e+29,1.0042e+33,3.5222e+32,313
179,0,0.0000,0.0500,1.1800e+27,0.0000e+00,4.7000e+26,0.0000e+00,2.5824e+32,1.6351e+32,314
179,1,0.0500,0.1000,3.3100e+27,9.0000e+25,1.6500e+27,1.0000e+25,2.1354e+32,1.2785e+32,314
179,2,0.1000,0.2000,8.8700e+27,3.9100e+27,4.9200e+27,5.7000e+26,3.2762e+32,1.7623e+32,314
179,3,0.2000,0.3500,1.7530e+28,2.0760e+28,7.0200e+27,4.2500e+27,3.4548e+32,1.3908e+32,314
179,4,0.3500,0.5500,3.7270e+28,8.1570e+28,1.5610e+28,2.3270e+28,4.4944e+32,1.8132e+32,314
179,5,0.5500,1.0100,1.3867e+29,6.5602e+29,5.8130e+28,2.7694e+29,9.6889e+32,3.9294e+32,314
180,0,0.0000,0.0500,9.9000e+26,0.0000e+00,7.6000e+26,0.0000e+00,2.4624e+32,1.6804e+32,313
180,1,0.0500,0.1000,2.9200e+27,1.4000e+26,1.6500e+27,3.0000e+25,2.0568e+32,1.3082e+32,313
180,2,0.1000,0.2000,8.7100e+27,4.4700e+27,4.7900e+27,6.9000e+26,3.3242e+32,1.7298e+32,313
180,3,0.2000,0.3500,1.8050e+28,2.0450e+28,7.1800e+27,4.4200e+27,3.4261e+32,1.3956e+32,313
180,4,0.3500,0.5500,3.5600e+28,7.9010e+28,1.4990e+28,2.3250e+28,4.4046e+32,1.8368e+32,313
180,5,0.5500,1.0100,1.3787e+29,6.6052e+29,5.7470e+28,2.7085e+29,9.7010e+32,3.8879e+32,313
181,0,0.0000,0.0500,1.0700e+27,0.0000e+00,6.7000e+26,0.0000e+00,2.5479e+32,1.6768e+32,314
181,1,0.0500,0.1000,2.6800e+27,1.7000e+26,1.6900e+27,1.0000e+25,2.0911e+32,1.3366e+32,314
181,2,0.1000,0.2000,8.4000e+27,4.2700e+27,4.8900e+27,8.1000e+26,3.1708e+32,1.8651e+32,314
181,3,0.2000,0.3500,1.6540e+28,2.0360e+28,7.8900e+27,5.0000e+27,3.3261e+32,1.4919e+32,314
181,4,0.3500,0.5500,3.5980e+28,8.0070e+28,1.6200e+28,2.3890e+28,4.2973e+32,1.9541e+32,314
181,5,0.5500,1.0100,1.3517e+29,6.4344e+29,6.3340e+28,3.0152e+29,9.3475e+32,4.2917e+32,314
182,0,0.0000,0.0500,9.8000e+26,0.0000e+00,5.7000e+26,0.0000e+00,2.4371e+32,1.7208e+32,313
182,1,0.0500,0.1000,2.7100e+27,1.4000e+26,1.7700e+27,3.0000e+25,2.0118e+32,1.3705e+32,313
182,2,0.1000,0.2000,8.7600e+27,4.3500e+27,4.9500e+27,6.9000e+26,3.2186e+32,1.8366e+32,313
182,3,0.2000,0.3500,1.6280e+28,2.0460e+28,7.4100e+27,4.5300e+27,3.2968e+32,1.5016e+32,313
182,4,0.3500,0.5500,3.4730e+28,7.6080e+28,1.6200e+28,2.5130e+28,4.2175e+32,1.9813e+32,313
182,5,0.5500,1.0100,1.3416e+29,6.3796e+29,6.1180e+28,2.8216e+29,9.3323e+32,4.2484e+32,313
183,0,0.0000,0.0500,1.0600e+27,0.0000e+00,6.2000e+26,1.0000e+25,2.5128e+32,1.7128e+32,313
183,1,0.0500,0.1000,2.7200e+27,1.2000e+26,1.7100e+27,1.0000e+25,2.0395e+32,1.3898e+32,313
183,2,0.1000,0.2000,8.5600e+27,4.3200e+27,5.3100e+27,7.2000e+26,3.0717e+32,1.9546e+32,313
183,3,0.2000,0.3500,1.5860e+28,2.0490e+28,8.3600e+27,5.3400e+27,3.1991e+32,1.5871e+32,313
183,4,0.3500,0.5500,3.3270e+28,7.5170e+28,1.7370e+28,2.4600e+28,4.0946e+32,2.0893e+32,313
183,5,0.5500,1.0100,1.2772e+29,6.2271e+29,6.7160e+28,3.1683e+29,8.9443e+32,4.6134e+32,313
184,0,0.0000,0.0500,8.2000e+26,0.0000e+00,8.7000e+26,0.0000e+00,2.4319e+32,1.7666e+32,314
184,1,0.0500,0.1000,2.4600e+27,9.0000e+25,2.1500e+27,2.0000e+25,1.9703e+32,1.4376e+32,314
184,2,0.1000,0.2000,8.6900e+27,4.4100e+27,5.1500e+27,5.1000e+26,3.1393e+32,1.9414e+32,314
184,3,0.2000,0.3500,1.6470e+28,1.9060e+28,8.0800e+27,4.5400e+27,3.1887e+32,1.6092e+32,314
184,4,0.3500,0.5500,3.4490e+28,7.5480e+28,1.7360e+28,2.5720e+28,4.0415e+32,2.1356e+32,314
184,5,0.5500,1.0100,1.3042e+29,6.2488e+29,6.7560e+28,3.1335e+29,8.9590e+32,4.6105e+32,314
185,0,0.0000,0.0500,7.6000e+26,0.0000e+00,7.0000e+26,0.0000e+00,2.4962e+32,1.7459e+32,312
185,1,0.0500,0.1000,2.8900e+27,1.4000e+26,1.9600e+27,1.0000e+25,1.9915e+32,1.4456e+32,312
185,2,0.1000,0.2000,7.5700e+27,4.3400e+27,6.0700e+27,7.0000e+26,2.9773e+32,2.0378e+32,312
185,3,0.2000,0.3500,1.6220e+28,1.9210e+28,9.2500e+27,5.2900e+27,3.0818e+32,1.6824e+32,312
185,4,0.3500,0.5500,3.2840e+28,7.3060e+28,1.9020e+28,2.6840e+28,3.8992e+32,2.2246e+32,312
185,5,0.5500,1.0100,1.2432e+29,6.1392e+29,7.3180e+28,3.3872e+29,8.5387e+32,4.9335e+32,312
186,0,0.0000,0.0500,9.1000e+26,0.0000e+00,8.7000e+26,0.0000e+00,2.4255e+32,1.8012e+32,313
186,1,0.0500,0.1000,2.3000e+27,1.4000e+26,1.8800e+27,2.0000e+25,1.9299e+32,1.4882e+32,313
186,2,0.1000,0.2000,8.2000e+27,4.2700e+27,5.4700e+27,8.7000e+26,3.0386e+32,2.0318e+32,313
186,3,0.2000,0.3500,1.5950e+28,1.8510e+28,8.3300e+27,4.9800e+27,3.0650e+32,1.7094e+32,313
186,4,0.3500,0.5500,3.2730e+28,7.4410e+28,1.8620e+28,2.7280e+28,3.8540e+32,2.2765e+32,313
186,5,0.5500,1.0100,1.2461e+29,6.1287e+29,7.2220e+28,3.2663e+29,8.5443e+32,4.9414e+32,313
187,0,0.0000,0.0500,1.1500e+27,0.0000e+00,8.4000e+26,0.0000e+00,2.4843e+32,1.7936e+32,312
187,1,0.0500,0.1000,2.7300e+27,1.6000e+26,1.8600e+27,5.0000e+25,1.9541e+32,1.4954e+32,312
187,2,0.1000,0.2000,7.9600e+27,4.1700e+27,5.5400e+27,6.9000e+26,2.9001e+32,2.1230e+32,312
187,3,0.2000,0.3500,1.6090e+28,1.9880e+28,9.2300e+27,5.3500e+27,2.9803e+32,1.7811e+32,312
187,4,0.3500,0.5500,3.1240e+28,7.0220e+28,2.0320e+28,2.8520e+28,3.7384e+32,2.3586e+32,312
187,5,0.5500,1.0100,1.2061e+29,5.8776e+29,7.6560e+28,3.4727e+29,8.1738e+32,5.2316e+32,312
188,0,0.0000,0.0500,1.1400e+27,0.0000e+00,6.7000e+26,0.0000e+00,2.4125e+32,1.8378e+32,312
188,1,0.0500,0.1000,2.5600e+27,1.2000e+26,1.9400e+27,2.0000e+25,1.8931e+32,1.5402e+32,312
188,2,0.1000,0.2000,7.7000e+27,4.1800e+27,6.0700e+27,1.0100e+27,2.9472e+32,2.1163e+32,312
188,3,0.2000,0.3500,1.4970e+28,1.9400e+28,9.5200e+27,5.6200e+27,2.9553e+32,1.8071e+32,312
188,4,0.3500,0.5500,3.0740e+28,7.1420e+28,2.0830e+28,2.9440e+28,3.6855e+32,2.4142e+32,312
188,5,0.5500,1.0100,1.1797e+29,5.9515e+29,7.6800e+28,3.4268e+29,8.1199e+32,5.2215e+32,312
189,0,0.0000,0.0500,1.0900e+27,0.0000e+00,8.7000e+26,0.0000e+00,2.4633e+32,1.8308e+32,311
189,1,0.0500,0.1000,2.5800e+27,1.7000e+26,1.9600e+27,2.0000e+25,1.9172e+32,1.5488e+32,311
189,2,0.1000,0.2000,7.6000e+27,4.3000e+27,5.7000e+27,9.4000e+26,2.8158e+32,2.1954e+32,311
189,3,0.2000,0.3500,1.5210e+28,1.8950e+28,9.8600e+27,5.6400e+27,2.8862e+32,1.8771e+32,311
189,4,0.3500,0.5500,2.9700e+28,6.9610e+28,2.0150e+28,2.9290e+28,3.5747e+32,2.4873e+32,311
189,5,0.5500,1.0100,1.1195e+29,5.6572e+29,8.0180e+28,3.5907e+29,7.7801e+32,5.4724e+32,311
190,0,0.0000,0.0500,1.0000e+27,0.0000e+00,7.5000e+26,0.0000e+00,2.4075e+32,1.8692e+32,311
190,1,0.0500,0.1000,2.6800e+27,1.6000e+26,2.1000e+27,1.0000e+25,1.8657e+32,1.5996e+32,311
190,2,0.1000,0.2000,7.4900e+27,4.1700e+27,5.9200e+27,8.0000e+26,2.8555e+32,2.1945e+32,311
190,3,0.2000,0.3500,1.5430e+28,1.8440e+28,9.4100e+27,6.2400e+27,2.8574e+32,1.9083e+32,311
190,4,0.3500,0.5500,2.8190e+28,6.6900e+28,2.1260e+28,2.9730e+28,3.5193e+32,2.5435e+32,311
190,5,0.5500,1.0100,1.1287e+29,5.6565e+29,8.1680e+28,3.6733e+29,7.6854e+32,5.4843e+32,311
191,0,0.0000,0.0500,9.3000e+26,0.0000e+00,6.8000e+26,0.0000e+00,2.4469e+32,1.8701e+32,310
191,1,0.0500,0.1000,2.6400e+27,1.3000e+26,2.0500e+27,1.0000e+25,1.8812e+32,1.6068e+32,310
191,2,0.1000,0.2000,7.3800e+27,3.5800e+27,5.8800e+27,9.4000e+26,2.7478e+32,2.2574e+32,310
191,3,0.2000,0.3500,1.3940e+28,1.8100e+28,9.8000e+27,6.3000e+27,2.7992e+32,1.9718e+32,310
191,4,0.3500,0.5500,2.9120e+28,6.7250e+28,2.2190e+28,3.1660e+28,3.4081e+32,2.6008e+32,310
191,5,0.5500,1.0100,1.0850e+29,5.5602e+29,8.5260e+28,3.7813e+29,7.4005e+32,5.6944e+32,310
192,0,0.0000,0.0500,1.0500e+27,0.0000e+00,7.7000e+26,0.0000e+00,2.4063e+32,1.9074e+32,310
192,1,0.0500,0.1000,2.7300e+27,9.0000e+25,2.1300e+27,2.0000e+25,1.8399e+32,1.6528e+32,310
192,2,0.1000,0.2000,7.4300e+27,4.0000e+27,5.7300e+27,8.7000e+26,2.7788e+32,2.2640e+32,310
192,3,0.2000,0.3500,1.4280e+28,1.9060e+28,9.9300e+27,6.1200e+27,2.7558e+32,2.0048e+32,310
192,4,0.3500,0.5500,2.7300e+28,6.7270e+28,2.3130e+28,3.3350e+28,3.3700e+32,2.6658e+32,310
192,5,0.5500,1.0100,1.0462e+29,5.5514e+29,8.4330e+28,3.7506e+29,7.2741e+32,5.7213e+32,310
193,0,0.0000,0.0500,1.0000e+27,0.0000e+00,8.1000e+26,0.0000e+00,2.4308e+32,1.9174e+32,309
193,1,0.0500,0.1000,2.5200e+27,1.6000e+26,2.0400e+27,3.0000e+25,1.8434e+32,1.6615e+32,309
193,2,0.1000,0.2000,6.8100e+27,3.7900e+27,6.2500e+27,8.8000e+26,2.6896e+32,2.3088e+32,309
193,3,0.2000,0.3500,1.4060e+28,1.7530e+28,1.1260e+28,6.0400e+27,2.7146e+32,2.0598e+32,309
193,4,0.3500,0.5500,2.7970e+28,6.6550e+28,2.2880e+28,3.2130e+28,3.2727e+32,2.7147e+32,309
193,5,0.5500,1.0100,1.0201e+29,5.4054e+29,8.5820e+28,3.7925e+29,7.0452e+32,5.8574e+32,309
194,0,0.0000,0.0500,9.8000e+26,1.0000e+25,6.5000e+26,0.0000e+00,2.4080e+32,1.9501e+32,309
194,1,0.0500,0.1000,2.5600e+27,1.5000e+26,2.3900e+27,2.0000e+25,1.8216e+32,1.6992e+32,309
194,2,0.1000,0.2000,7.2600e+27,4.3100e+27,6.3800e+27,9.8000e+26,2.7054e+32,2.3378e+32,309
194,3,0.2000,0.3500,1.2820e+28,1.8320e+28,1.1120e+28,6.5800e+27,2.6654e+32,2.1016e+32,309
194,4,0.3500,0.5500,2.6850e+28,6.6080e+28,2.3360e+28,3.4470e+28,3.2362e+32,2.7811e+32,309
194,5,0.5500,1.0100,1.0071e+29,5.3139e+29,8.5610e+28,3.7570e+29,6.8709e+32,5.9003e+32,309
195,0,0.0000,0.0500,9.6000e+26,0.0000e+00,7.3000e+26,0.0000e+00,2.4129e+32,1.9665e+32,308
195,1,0.0500,0.1000,2.3600e+27,8.0000e+25,2.5400e+27,2.0000e+25,1.8148e+32,1.7185e+32,308
195,2,0.1000,0.2000,7.0300e+27,3.9700e+27,6.1600e+27,9.9000e+26,2.6419e+32,2.3619e+32,308
195,3,0.2000,0.3500,1.3720e+28,1.8160e+28,1.1040e+28,6.2200e+27,2.6395e+32,2.1478e+32,308
195,4,0.3500,0.5500,2.6040e+28,6.4220e+28,2.3970e+28,3.5280e+28,3.1426e+32,2.8171e+32,308
195,5,0.5500,1.0100,9.9060e+28,5.2330e+29,8.8020e+28,3.8616e+29,6.6998e+32,5.9668e+32,308
196,0,0.0000,0.0500,1.0400e+27,0.0000e+00,9.4000e+26,0.0000e+00,2.4102e+32,1.9830e+32,307
196,1,0.0500,0.1000,2.6200e+27,1.8000e+26,2.3400e+27,3.0000e+25,1.8116e+32,1.7377e+32,307
196,2,0.1000,0.2000,7.5400e+27,4.1000e+27,6.4400e+27,8.1000e+26,2.6230e+32,2.4015e+32,307
196,3,0.2000,0.3500,1.3560e+28,1.8660e+28,1.1660e+28,7.0300e+27,2.5769e+32,2.1875e+32,307
196,4,0.3500,0.5500,2.5990e+28,6.5860e+28,2.5170e+28,3.6430e+28,3.0911e+32,2.8844e+32,307
196,5,0.5500,1.0100,9.3400e+28,5.0191e+29,8.7140e+28,3.8479e+29,6.4600e+32,6.0241e+32,307
197,0,0.0000,0.0500,9.6000e+26,0.0000e+00,7.7000e+26,0.0000e+00,2.3965e+32,2.0092e+32,306
197,1,0.0500,0.1000,2.5300e+27,1.9000e+26,2.6400e+27,1.0000e+25,1.7799e+32,1.7782e+32,306
197,2,0.1000,0.2000,7.4700e+27,4.0700e+27,6.5000e+27,9.6000e+26,2.5941e+32,2.3908e+32,306
197,3,0.2000,0.3500,1.3550e+28,1.7370e+28,1.1490e+28,6.8100e+27,2.5634e+32,2.2245e+32,306
197,4,0.3500,0.5500,2.5570e+28,6.3380e+28,2.5190e+28,3.6800e+28,3.0252e+32,2.9069e+32,306
197,5,0.5500,1.0100,9.3450e+28,5.1167e+29,9.0760e+28,3.9155e+29,6.3455e+32,6.0183e+32,306
198,0,0.0000,0.0500,1.0000e+27,0.0000e+00,6.4000e+26,0.0000e+00,2.4339e+32,2.0153e+32,305
198,1,0.0500,0.1000,2.6100e+27,2.0000e+26,2.6300e+27,2.0000e+25,1.7967e+32,1.7807e+32,305
198,2,0.1000,0.2000,6.8900e+27,4.5700e+27,6.7700e+27,9.2000e+26,2.5507e+32,2.4540e+32,305
198,3,0.2000,0.3500,1.3230e+28,1.8430e+28,1.2090e+28,6.8700e+27,2.5059e+32,2.2726e+32,305
198,4,0.3500,0.5500,2.5680e+28,6.3780e+28,2.5990e+28,3.7600e+28,2.9678e+32,2.9748e+32,305
198,5,0.5500,1.0100,9.0240e+28,4.9243e+29,9.1770e+28,4.0811e+29,6.0758e+32,6.1240e+32,305
199,0,0.0000,0.0500,9.9000e+26,0.0000e+00,9.4000e+26,0.0000e+00,2.3787e+32,2.0642e+32,305
199,1,0.0500,0.1000,2.3900e+27,1.9000e+26,2.4700e+27,2.0000e+25,1.7671e+32,1.8418e+32,305
199,2,0.1000,0.2000,7.0300e+27,3.9800e+27,6.4600e+27,1.0100e+27,2.5621e+32,2.4281e+32,305
199,3,0.2000,0.3500,1.2870e+28,1.8540e+28,1.2450e+28,6.5600e+27,2.5063e+32,2.2990e+32,305
199,4,0.3500,0.5500,2.5700e+28,6.1870e+28,2.6830e+28,3.8540e+28,2.9321e+32,3.0081e+32,305
199,5,0.5500,1.0100,9.1330e+28,4.9662e+29,9.1380e+28,3.9856e+29,6.0575e+32,6.0660e+32,305
200,0,0.0000,0.0500,1.0800e+27,0.0000e+00,7.7000e+26,0.0000e+00,2.4629e+32,2.0490e+32,303
200,1,0.0500,0.1000,2.4100e+27,1.5000e+26,2.3900e+27,1.0000e+25,1.7872e+32,1.8201e+32,303
200,2,0.1000,0.2000,6.6100e+27,3.9600e+27,7.1900e+27,1.0700e+27,2.4791e+32,2.5085e+32,303
200,3,0.2000,0.3500,1.2470e+28,1.7620e+28,1.2450e+28,7.1200e+27,2.4432e+32,2.3500e+32,303
200,4,0.3500,0.5500,2.4140e+28,6.0340e+28,2.5810e+28,3.8530e+28,2.8475e+32,3.0606e+32,303
200,5,0.5500,1.0100,8.5790e+28,4.6624e+29,9.2440e+28,4.1285e+29,5.7231e+32,6.1969e+32,303
201,0,0.0000,0.0500,1.0300e+27,0.0000e+00,9.9000e+26,0.0000e+00,2.3470e+32,2.1206e+32,303
201,1,0.0500,0.1000,2.3000e+27,1.2000e+26,2.5200e+27,2.0000e+25,1.7544e+32,1.8940e+32,303
201,2,0.1000,0.2000,7.6300e+27,4.0800e+27,7.1900e+27,1.1900e+27,2.5250e+32,2.4579e+32,303
201,3,0.2000,0.3500,1.2740e+28,1.8820e+28,1.2240e+28,7.1100e+27,2.4544e+32,2.3635e+32,303
201,4,0.3500,0.5500,2.4390e+28,5.8800e+28,2.7170e+28,3.9070e+28,2.8287e+32,3.0856e+32,303
201,5,0.5500,1.0100,8.6930e+28,4.7928e+29,9.0270e+28,3.9295e+29,5.7608e+32,6.0374e+32,303
202,0,0.0000,0.0500,1.0600e+27,0.0000e+00,8.5000e+26,0.0000e+00,2.4922e+32,2.0784e+32,301
202,1,0.0500,0.1000,2.6800e+27,1.6000e+26,2.6600e+27,3.0000e+25,1.7776e+32,1.8654e+32,301
202,2,0.1000,0.2000,6.8900e+27,3.6900e+27,7.0100e+27,1.0300e+27,2.4182e+32,2.5516e+32,301
202,3,0.2000,0.3500,1.2530e+28,1.8530e+28,1.2510e+28,7.4300e+27,2.3843e+32,2.4271e+32,301
202,4,0.3500,0.5500,2.3780e+28,6.0780e+28,2.6410e+28,4.0670e+28,2.7395e+32,3.1413e+32,301
202,5,0.5500,1.0100,8.0600e+28,4.5061e+29,9.3740e+28,4.1353e+29,5.3834e+32,6.2094e+32,301
203,0,0.0000,0.0500,1.1600e+27,0.0000e+00,8.8000e+26,0.0000e+00,2.3604e+32,2.1659e+32,301
203,1,0.0500,0.1000,2.4400e+27,1.4000e+26,2.9700e+27,7.0000e+25,1.7283e+32,1.9330e+32,301
203,2,0.1000,0.2000,6.9900e+27,4.2700e+27,7.0400e+27,1.2600e+27,2.4983e+32,2.5021e+32,301
203,3,0.2000,0.3500,1.2520e+28,1.7820e+28,1.2850e+28,7.2400e+27,2.3937e+32,2.4375e+32,301
203,4,0.3500,0.5500,2.2780e+28,6.1140e+28,2.7090e+28,4.1780e+28,2.7314e+32,3.1632e+32,301
203,5,0.5500,1.0100,8.1870e+28,4.5957e+29,9.1110e+28,3.9840e+29,5.4320e+32,6.0207e+32,301
204,0,0.0000,0.0500,1.0100e+27,0.0000e+00,9.6000e+26,0.0000e+00,2.4816e+32,2.1253e+32,299
204,1,0.0500,0.1000,2.6300e+27,1.6000e+26,2.4500e+27,2.0000e+25,1.7721e+32,1.9113e+32,299
204,2,0.1000,0.2000,6.3100e+27,4.4600e+27,7.4000e+27,1.1900e+27,2.3861e+32,2.5781e+32,299
204,3,0.2000,0.3500,1.1710e+28,1.8500e+28,1.3630e+28,8.5500e+27,2.3364e+32,2.4894e+32,299
204,4,0.3500,0.5500,2.2930e+28,6.1560e+28,2.7300e+28,4.0800e+28,2.6548e+32,3.2017e+32,299
204,5,0.5500,1.0100,7.6070e+28,4.3630e+29,9.1140e+28,4.0193e+29,5.1201e+32,6.1346e+32,299
205,0,0.0000,0.0500,9.6000e+26,0.0000e+00,8.9000e+26,0.0000e+00,2.3921e+32,2.1985e+32,299
205,1,0.0500,0.1000,2.3500e+27,1.7000e+26,2.9000e+27,3.0000e+25,1.7288e+32,1.9680e+32,299
205,2,0.1000,0.2000,6.9800e+27,4.5600e+27,7.1600e+27,1.0100e+27,2.4581e+32,2.5564e+32,299
205,3,0.2000,0.3500,1.2450e+28,1.7830e+28,1.3300e+28,7.4900e+27,2.3317e+32,2.5124e+32,299
205,4,0.3500,0.5500,2.3750e+28,6.1490e+28,2.8500e+28,4.0590e+28,2.6459e+32,3.2294e+32,299
205,5,0.5500,1.0100,7.8060e+28,4.2908e+29,8.9250e+28,3.9141e+29,5.1026e+32,5.9798e+32,299
206,0,0.0000,0.0500,9.9000e+26,0.0000e+00,9.5000e+26,0.0000e+00,2.4534e+32,2.1941e+32,297
206,1,0.0500,0.1000,2.7200e+27,2.1000e+26,2.5900e+27,3.0000e+25,1.7542e+32,1.9555e+32,297
206,2,0.1000,0.2000,6.8100e+27,4.2500e+27,6.9600e+27,1.2400e+27,2.3709e+32,2.5860e+32,297
206,3,0.2000,0.3500,1.2520e+28,1.9250e+28,1.4040e+28,8.5400e+27,2.3078e+32,2.5591e+32,297
206,4,0.3500,0.5500,2.1950e+28,6.2510e+28,2.8820e+28,4.2900e+28,2.5783e+32,3.2398e+32,297
206,5,0.5500,1.0100,7.5260e+28,4.2593e+29,9.0030e+28,3.9347e+29,4.9040e+32,5.9863e+32,297
207,0,0.0000,0.0500,1.1100e+27,0.0000e+00,7.1000e+26,0.0000e+00,2.4219e+32,2.2301e+32,296
207,1,0.0500,0.1000,2.2500e+27,2.4000e+26,2.8300e+27,7.0000e+25,1.7380e+32,1.9791e+32,296
207,2,0.1000,0.2000,7.2000e+27,4.5400e+27,7.0800e+27,1.2200e+27,2.4108e+32,2.6066e+32,296
207,3,0.2000,0.3500,1.2330e+28,1.8290e+28,1.3510e+28,7.9800e+27,2.2740e+32,2.5760e+32,296
207,4,0.3500,0.5500,2.3010e+28,5.9380e+28,2.9480e+28,4.3390e+28,2.5631e+32,3.2744e+32,296
207,5,0.5500,1.0100,7.2030e+28,4.1754e+29,8.8690e+28,3.8334e+29,4.7879e+32,5.8837e+32,296
208,0,0.0000,0.0500,1.2900e+27,0.0000e+00,9.6000e+26,0.0000e+00,2.4195e+32,2.2656e+32,295
208,1,0.0500,0.1000,2.1700e+27,1.1000e+26,2.9900e+27,3.0000e+25,1.7244e+32,2.0108e+32,295
208,2,0.1000,0.2000,6.9300e+27,4.6200e+27,7.1400e+27,1.0400e+27,2.3815e+32,2.5883e+32,295
208,3,0.2000,0.3500,1.2300e+28,1.8260e+28,1.4490e+28,8.0800e+27,2.2799e+32,2.6169e+32,295
208,4,0.3500,0.5500,2.2350e+28,6.0510e+28,2.8840e+28,4.3010e+28,2.5217e+32,3.2806e+32,295
208,5,0.5500,1.0100,7.3130e+28,4.1491e+29,8.8750e+28,3.7901e+29,4.7031e+32,5.7973e+32,295
209,0,0.0000,0.0500,1.0100e+27,0.0000e+00,1.0800e+27,0.0000e+00,2.4725e+32,2.2583e+32,293
209,1,0.0500,0.1000,2.5100e+27,2.2000e+26,2.8600e+27,6.0000e+25,1.7411e+32,1.9800e+32,293
209,2,0.1000,0.2000,6.2400e+27,4.7100e+27,7.3900e+27,1.3700e+27,2.3556e+32,2.6548e+32,293
209,3,0.2000,0.3500,1.2680e+28,1.8140e+28,1.4440e+28,9.0200e+27,2.2270e+32,2.6411e+32,293
209,4,0.3500,0.5500,2.2600e+28,6.1410e+28,2.9680e+28,4.4950e+28,2.4843e+32,3.3103e+32,293
209,5,0.5500,1.0100,6.9290e+28,4.0976e+29,8.7740e+28,3.8874e+29,4.4972e+32,5.7620e+32,293
210,0,0.0000,0.0500,1.0000e+27,0.0000e+00,9.4000e+26,0.0000e+00,2.3629e+32,2.3503e+32,293
210,1,0.0500,0.1000,2.5600e+27,2.0000e+26,3.2200e+27,5.0000e+25,1.7081e+32,2.0574e+32,293
210,2,0.1000,0.2000,7.6000e+27,4.5500e+27,7.3700e+27,1.1400e+27,2.4033e+32,2.5987e+32,293
210,3,0.2000,0.3500,1.2130e+28,1.9280e+28,1.4560e+28,8.4600e+27,2.2492e+32,2.6604e+32,293
210,4,0.3500,0.5500,2.1970e+28,6.0780e+28,2.9400e+28,4.4090e+28,2.4800e+32,3.3189e+32,293
210,5,0.5500,1.0100,6.8750e+28,4.1378e+29,8.4070e+28,3.7333e+29,4.5384e+32,5.5789e+32,293
211,0,0.0000,0.0500,9.3000e+26,0.0000e+00,1.1900e+27,0.0000e+00,2.5479e+32,2.2751e+32,290
211,1,0.0500,0.1000,2.6800e+27,1.9000e+26,2.9100e+27,8.0000e+25,1.7379e+32,1.9986e+32,290
211,2,0.1000,0.2000,6.7200e+27,4.3500e+27,8.0800e+27,1.3400e+27,2.3018e+32,2.6854e+32,290
211,3,0.2000,0.3500,1.1660e+28,1.8910e+28,1.4730e+28,9.2100e+27,2.1935e+32,2.6990e+32,290
211,4,0.3500,0.5500,2.0810e+28,5.9880e+28,2.9700e+28,4.3210e+28,2.4050e+32,3.3277e+32,290
211,5,0.5500,1.0100,6.5790e+28,3.9154e+29,8.5420e+28,3.7733e+29,4.2367e+32,5.6231e+32,290
212,0,0.0000,0.0500,8.9000e+26,0.0000e+00,1.0000e+27,0.0000e+00,2.4109e+32,2.3788e+32,290
212,1,0.0500,0.1000,2.8800e+27,2.6000e+26,2.8100e+27,4.0000e+25,1.6874e+32,2.0679e+32,290
212,2,0.1000,0.2000,7.0800e+27,5.1000e+27,8.0700e+27,1.3400e+27,2.3914e+32,2.6438e+32,290
212,3,0.2000,0.3500,1.2140e+28,1.9320e+28,1.5500e+28,9.7500e+27,2.2109e+32,2.7185e+32,290
212,4,0.3500,0.5500,2.1590e+28,6.2160e+28,2.9610e+28,4.6960e+28,2.4182e+32,3.3340e+32,290
212,5,0.5500,1.0100,6.5760e+28,3.8984e+29,8.2960e+28,3.6499e+29,4.2690e+32,5.4056e+32,290
213,0,0.0000,0.0500,1.1800e+27,0.0000e+00,1.0300e+27,0.0000e+00,2.5171e+32,2.3566e+32,288
213,1,0.0500,0.1000,2.5500e+27,1.9000e+26,2.9700e+27,1.0000e+25,1.7296e+32,2.0346e+32,288
213,2,0.1000,0.2000,6.5700e+27,4.6600e+27,7.6800e+27,1.3000e+27,2.3003e+32,2.6832e+32,288
213,3,0.2000,0.3500,1.1890e+28,1.9430e+28,1.5010e+28,9.7300e+27,2.1975e+32,2.7590e+32,288
213,4,0.3500,0.5500,2.2000e+28,6.1740e+28,3.1140e+28,4.5770e+28,2.3674e+32,3.3255e+32,288
213,5,0.5500,1.0100,6.3710e+28,3.6834e+29,8.2110e+28,3.6194e+29,4.0751e+32,5.3790e+32,288
214,0,0.0000,0.0500,1.0400e+27,0.0000e+00,1.2200e+27,0.0000e+00,2.4723e+32,2.4019e+32,287
214,1,0.0500,0.1000,2.8600e+27,1.8000e+26,2.9100e+27,6.0000e+25,1.7123e+32,2.0558e+32,287
214,2,0.1000,0.2000,6.5200e+27,5.0600e+27,7.9500e+27,1.2400e+27,2.3600e+32,2.7026e+32,287
214,3,0.2000,0.3500,1.1520e+28,1.9780e+28,1.5620e+28,9.2400e+27,2.1744e+32,2.7668e+32,287
214,4,0.3500,0.5500,2.1030e+28,6.2260e+28,3.0820e+28,4.8060e+28,2.3674e+32,3.3338e+32,287
214,5,0.5500,1.0100,6.2760e+28,3.7539e+29,8.2140e+28,3.4832e+29,3.9923e+32,5.2313e+32,287
215,0,0.0000,0.0500,1.0100e+27,0.0000e+00,1.1300e+27,0.0000e+00,2.4510e+32,2.4537e+32,286
215,1,0.0500,0.1000,2.6600e+27,2.5000e+26,3.0800e+27,3.0000e+25,1.7010e+32,2.1009e+32,286
215,2,0.1000,0.2000,6.8800e+27,4.3700e+27,7.8900e+27,1.1700e+27,2.3458e+32,2.6563e+32,286
215,3,0.2000,0.3500,1.2230e+28,1.9680e+28,1.5860e+28,9.4100e+27,2.1915e+32,2.8020e+32,286
215,4,0.3500,0.5500,2.1130e+28,6.1130e+28,3.0390e+28,4.8790e+28,2.3450e+32,3.3183e+32,286
215,5,0.5500,1.0100,6.1060e+28,3.7201e+29,8.0010e+28,3.4720e+29,3.9442e+32,5.1008e+32,286
216,0,0.0000,0.0500,1.0100e+27,0.0000e+00,9.5000e+26,0.0000e+00,2.5578e+32,2.4221e+32,284
216,1,0.0500,0.1000,2.5800e+27,2.0000e+26,2.9900e+27,7.0000e+25,1.7413e+32,2.0427e+32,284
216,2,0.1000,0.2000,7.1100e+27,4.9900e+27,8.2500e+27,1.3400e+27,2.3086e+32,2.7428e+32,284
216,3,0.2000,0.3500,1.2050e+28,1.9530e+28,1.6380e+28,1.0270e+28,2.1510e+32,2.8089e+32,284
216,4,0.3500,0.5500,2.1930e+28,6.3920e+28,3.0800e+28,4.8060e+28,2.3111e+32,3.3241e+32,284
216,5,0.5500,1.0100,5.8370e+28,3.5320e+29,7.6540e+28,3.4915e+29,3.7511e+32,5.0480e+32,284
217,0,0.0000,0.0500,1.1800e+27,0.0000e+00,1.1700e+27,0.0000e+00,2.4117e+32,2.5183e+32,282
217,1,0.0500,0.1000,2.3200e+27,2.3000e+26,3.5100e+27,8.0000e+25,1.6867e+32,2.1126e+32,282
217,2,0.1000,0.2000,6.6800e+27,5.3800e+27,8.6100e+27,1.3900e+27,2.3696e+32,2.6609e+32,282
217,3,0.2000,0.3500,1.1920e+28,1.9620e+28,1.5970e+28,9.6800e+27,2.1546e+32,2.8059e+32,282
217,4,0.3500,0.5500,2.1850e+28,6.2430e+28,3.0120e+28,4.8620e+28,2.2972e+32,3.2979e+32,282
217,5,0.5500,1.0100,5.8050e+28,3.6361e+29,7.3890e+28,3.2925e+29,3.7600e+32,4.8097e+32,282
218,0,0.0000,0.0500,1.1400e+27,0.0000e+00,9.5000e+26,0.0000e+00,2.5970e+32,2.4529e+32,281
218,1,0.0500,0.1000,2.5100e+27,2.6000e+26,3.1900e+27,9.0000e+25,1.7473e+32,2.0646e+32,281
218,2,0.1000,0.2000,6.5300e+27,4.8600e+27,8.3500e+27,1.3300e+27,2.2832e+32,2.7354e+32,281
218,3,0.2000,0.3500,1.2510e+28,1.9560e+28,1.6390e+28,1.1040e+28,2.1505e+32,2.8453e+32,281
218,4,0.3500,0.5500,2.0670e+28,6.4400e+28,3.0160e+28,4.7810e+28,2.2604e+32,3.3018e+32,281
218,5,0.5500,1.0100,5.5440e+28,3.5183e+29,7.4670e+28,3.3987e+29,3.5869e+32,4.7997e+32,281
219,0,0.0000,0.0500,1.1000e+27,0.0000e+00,1.3000e+27,0.0000e+00,2.5090e+32,2.5220e+32,280
219,1,0.0500,0.1000,2.5000e+27,1.8000e+26,3.3000e+27,1.2000e+26,1.7169e+32,2.0912e+32,280
219,2,0.1000,0.2000,7.3900e+27,4.8800e+27,8.3700e+27,1.4400e+27,2.3672e+32,2.7399e+32,280
219,3,0.2000,0.3500,1.2140e+28,2.0650e+28,1.5920e+28,9.8000e+27,2.1419e+32,2.8442e+32,280
219,4,0.3500,0.5500,2.0620e+28,6.5220e+28,3.0590e+28,4.9880e+28,2.2641e+32,3.2865e+32,280
219,5,0.5500,1.0100,5.5180e+28,3.4864e+29,7.0450e+28,3.2856e+29,3.5457e+32,4.6197e+32,280
220,0,0.0000,0.0500,1.3000e+27,0.0000e+00,1.1400e+27,1.0000e+25,2.4865e+32,2.5633e+32,278
220,1,0.0500,0.1000,2.5900e+27,2.7000e+26,2.9800e+27,1.0000e+26,1.7098e+32,2.1222e+32,278
220,2,0.1000,0.2000,6.8200e+27,5.4100e+27,8.0700e+27,1.2200e+27,2.3388e+32,2.6821e+32,278
220,3,0.2000,0.3500,1.2030e+28,2.1560e+28,1.6420e+28,1.0690e+28,2.1639e+32,2.8617e+32,278
220,4,0.3500,0.5500,2.0800e+28,6.3590e+28,3.0130e+28,4.8760e+28,2.2368e+32,3.2444e+32,278
220,5,0.5500,1.0100,5.5720e+28,3.4574e+29,6.9840e+28,3.1603e+29,3.4916e+32,4.4701e+32,278
221,0,0.0000,0.0500,1.1300e+27,0.0000e+00,1.1900e+27,0.0000e+00,2.6173e+32,2.4984e+32,276
221,1,0.0500,0.1000,2.8200e+27,2.7000e+26,3.3200e+27,4.0000e+25,1.7669e+32,2.0610e+32,276
221,2,0.1000,0.2000,6.7600e+27,4.8100e+27,8.1100e+27,1.2900e+27,2.2971e+32,2.7734e+32,276
221,3,0.2000,0.3500,1.2070e+28,2.0660e+28,1.6150e+28,9.9000e+27,2.1283e+32,2.8527e+32,276
221,4,0.3500,0.5500,2.0560e+28,6.5150e+28,2.9880e+28,4.8730e+28,2.2149e+32,3.2299e+32,276
221,5,0.5500,1.0100,5.2500e+28,3.3401e+29,6.9000e+28,3.2074e+29,3.3272e+32,4.4096e+32,276
222,0,0.0000,0.0500,1.1600e+27,0.0000e+00,1.2000e+27,0.0000e+00,2.4751e+32,2.6051e+32,275
222,1,0.0500,0.1000,2.5600e+27,2.5000e+26,3.3400e+27,1.1000e+26,1.7129e+32,2.1402e+32,275
222,2,0.1000,0.2000,7.4600e+27,5.2800e+27,8.5700e+27,1.5400e+27,2.3757e+32,2.7038e+32,275
222,3,0.2000,0.3500,1.2600e+28,2.0420e+28,1.6530e+28,1.0650e+28,2.1392e+32,2.8549e+32,275
222,4,0.3500,0.5500,2.0970e+28,6.6220e+28,2.9280e+28,5.0340e+28,2.2159e+32,3.1983e+32,275
222,5,0.5500,1.0100,5.3310e+28,3.3203e+29,6.5740e+28,3.0690e+29,3.3359e+32,4.2029e+32,275
223,0,0.0000,0.0500,1.1900e+27,0.0000e+00,1.3500e+27,1.0000e+25,2.6344e+32,2.5649e+32,274
223,1,0.0500,0.1000,2.7400e+27,3.6000e+26,3.3300e+27,7.0000e+25,1.7625e+32,2.0964e+32,274
223,2,0.1000,0.2000,7.3700e+27,5.3200e+27,8.5200e+27,1.4000e+27,2.3038e+32,2.7413e+32,274
223,3,0.2000,0.3500,1.2200e+28,2.2090e+28,1.7600e+28,1.0200e+28,2.1545e+32,2.8952e+32,274
223,4,0.3500,0.5500,2.1540e+28,6.5210e+28,2.9900e+28,4.6920e+28,2.1876e+32,3.1649e+32,274
223,5,0.5500,1.0100,4.9800e+28,3.3360e+29,6.6030e+28,3.0579e+29,3.2154e+32,4.1549e+32,274
224,0,0.0000,0.0500,1.2900e+27,0.0000e+00,1.2000e+27,0.0000e+00,2.5840e+32,2.5718e+32,271
224,1,0.0500,0.1000,2.8400e+27,3.9000e+26,3.2600e+27,2.0000e+25,1.7569e+32,2.0805e+32,271
224,2,0.1000,0.2000,7.1000e+27,6.1000e+27,8.4100e+27,1.7500e+27,2.3488e+32,2.7701e+32,271
224,3,0.2000,0.3500,1.2200e+28,2.1830e+28,1.6830e+28,1.0940e+28,2.1227e+32,2.8497e+32,271
224,4,0.3500,0.5500,2.0400e+28,6.6390e+28,2.8330e+28,5.1110e+28,2.1784e+32,3.1241e+32,271
224,5,0.5500,1.0100,5.0430e+28,3.3084e+29,6.4050e+28,3.0682e+29,3.1266e+32,3.9970e+32,271
225,0,0.0000,0.0500,1.1400e+27,0.0000e+00,1.2500e+27,0.0000e+00,2.4422e+32,2.7000e+32,270
225,1,0.0500,0.1000,2.6100e+27,3.9000e+26,3.2900e+27,1.2000e+26,1.7401e+32,2.1588e+32,270
225,2,0.1000,0.2000,7.1700e+27,5.4100e+27,8.3500e+27,1.7000e+27,2.3740e+32,2.6728e+32,270
225,3,0.2000,0.3500,1.2560e+28,2.1280e+28,1.7150e+28,1.1240e+28,2.1557e+32,2.8540e+32,270
225,4,0.3500,0.5500,2.0650e+28,6.6160e+28,2.9850e+28,5.0000e+28,2.1787e+32,3.0840e+32,270
225,5,0.5500,1.0100,5.1110e+28,3.2966e+29,6.1780e+28,2.8877e+29,3.1419e+32,3.8166e+32,270
226,0,0.0000,0.0500,8.6000e+26,0.0000e+00,1.3100e+27,0.0000e+00,2.7616e+32,2.5424e+32,269
226,1,0.0500,0.1000,2.9800e+27,3.8000e+26,3.4900e+27,7.0000e+25,1.8058e+32,2.0943e+32,269
226,2,0.1000,0.2000,7.7100e+27,5.6400e+27,8.7700e+27,1.2500e+27,2.2926e+32,2.7693e+32,269
226,3,0.2000,0.3500,1.2570e+28,2.2470e+28,1.7010e+28,1.2270e+28,2.1422e+32,2.8771e+32,269
226,4,0.3500,0.5500,2.0710e+28,6.9460e+28,2.9700e+28,4.9840e+28,2.1505e+32,3.0804e+32,269
226,5,0.5500,1.0100,4.9040e+28,3.2748e+29,6.1520e+28,2.9738e+29,2.9746e+32,3.8203e+32,269
227,0,0.0000,0.0500,1.3800e+27,0.0000e+00,1.3500e+27,0.0000e+00,2.5834e+32,2.6455e+32,267
227,1,0.0500,0.1000,2.8200e+27,2.9000e+26,3.5900e+27,7.0000e+25,1.7593e+32,2.1172e+32,267
227,2,0.1000,0.2000,7.9600e+27,5.6300e+27,8.7200e+27,1.5200e+27,2.3987e+32,2.7532e+32,267
227,3,0.2000,0.3500,1.2160e+28,2.2460e+28,1.6770e+28,1.1270e+28,2.1375e+32,2.8464e+32,267
227,4,0.3500,0.5500,2.1490e+28,6.7550e+28,2.9600e+28,4.7120e+28,2.1565e+32,3.0243e+32,267
227,5,0.5500,1.0100,4.7790e+28,3.2116e+29,5.7800e+28,2.7859e+29,2.9623e+32,3.6209e+32,267
228,0,0.0000,0.0500,1.4300e+27,0.0000e+00,1.2600e+27,0.0000e+00,2.5322e+32,2.7112e+32,265
228,1,0.0500,0.1000,2.6300e+27,3.7000e+26,3.5400e+27,4.0000e+25,1.7552e+32,2.1568e+32,265
228,2,0.1000,0.2000,8.0800e+27,5.7400e+27,8.3000e+27,1.7200e+27,2.3753e+32,2.6628e+32,265
228,3,0.2000,0.3500,1.3030e+28,2.3220e+28,1.7260e+28,1.1380e+28,2.1631e+32,2.8567e+32,265
228,4,0.3500,0.5500,2.1270e+28,7.1230e+28,2.8930e+28,5.0160e+28,2.1491e+32,2.9610e+32,265
228,5,0.5500,1.0100,4.7910e+28,3.1882e+29,5.6520e+28,2.6940e+29,2.9283e+32,3.4774e+32,265
229,0,0.0000,0.0500,1.3300e+27,1.0000e+25,1.5800e+27,0.0000e+00,2.7700e+32,2.5963e+32,264
229,1,0.0500,0.1000,3.0000e+27,4.1000e+26,3.2700e+27,7.0000e+25,1.8305e+32,2.0880e+32,264
229,2,0.1000,0.2000,7.1100e+27,5.6900e+27,9.2800e+27,1.6700e+27,2.3262e+32,2.7648e+32,264
229,3,0.2000,0.3500,1.2820e+28,2.2490e+28,1.6690e+28,1.1270e+28,2.1476e+32,2.8399e+32,264
229,4,0.3500,0.5500,2.0750e+28,7.1290e+28,2.9050e+28,5.0430e+28,2.1383e+32,2.9507e+32,264
229,5,0.5500,1.0100,4.7000e+28,3.1264e+29,5.7550e+28,2.8143e+29,2.8005e+32,3.4468e+32,264
230,0,0.0000,0.0500,1.2400e+27,0.0000e+00,1.4000e+27,1.0000e+25,2.5952e+32,2.6951e+32,262
230,1,0.0500,0.1000,2.6400e+27,4.1000e+26,3.4700e+27,7.0000e+25,1.7636e+32,2.1367e+32,262
230,2,0.1000,0.2000,8.1600e+27,6.3300e+27,9.3000e+27,1.8200e+27,2.4265e+32,2.7170e+32,262
230,3,0.2000,0.3500,1.3090e+28,2.2620e+28,1.7610e+28,1.1740e+28,2.1554e+32,2.8150e+32,262
230,4,0.3500,0.5500,2.0750e+28,7.1730e+28,2.9370e+28,5.0070e+28,2.1440e+32,2.8975e+32,262
230,5,0.5500,1.0100,4.7420e+28,3.2436e+29,5.3040e+28,2.7285e+29,2.7943e+32,3.2598e+32,262
231,0,0.0000,0.0500,1.4300e+27,0.0000e+00,1.1600e+27,0.0000e+00,2.6081e+32,2.7391e+32,260
231,1,0.0500,0.1000,2.8200e+27,3.9000e+26,3.5300e+27,6.0000e+25,1.7654e+32,2.1355e+32,260
231,2,0.1000,0.2000,7.9600e+27,6.7600e+27,8.3400e+27,1.7600e+27,2.3869e+32,2.6472e+32,260
231,3,0.2000,0.3500,1.3060e+28,2.3080e+28,1.7300e+28,1.1410e+28,2.1877e+32,2.8271e+32,260
231,4,0.3500,0.5500,2.1720e+28,7.1850e+28,2.7910e+28,5.0610e+28,2.1242e+32,2.8307e+32,260
231,5,0.5500,1.0100,4.6520e+28,3.2243e+29,5.0870e+28,2.6352e+29,2.7559e+32,3.1471e+32,260
232,0,0.0000,0.0500,1.3000e+27,0.0000e+00,1.4200e+27,0.0000e+00,2.7787e+32,2.6239e+32,258
232,1,0.0500,0.1000,3.0500e+27,4.7000e+26,3.4700e+27,1.1000e+26,1.8423e+32,2.0724e+32,258
232,2,0.1000,0.2000,7.9700e+27,6.3700e+27,9.2800e+27,1.7800e+27,2.3532e+32,2.7334e+32,258
232,3,0.2000,0.3500,1.3430e+28,2.4310e+28,1.7190e+28,1.1660e+28,2.1582e+32,2.7755e+32,258
232,4,0.3500,0.5500,2.0600e+28,7.2730e+28,2.8040e+28,5.0570e+28,2.1134e+32,2.8057e+32,258
232,5,0.5500,1.0100,4.3690e+28,2.9780e+29,5.2510e+28,2.7037e+29,2.6350e+32,3.0872e+32,258
233,0,0.0000,0.0500,1.1600e+27,0.0000e+00,1.3300e+27,0.0000e+00,2.6200e+32,2.7309e+32,257
233,1,0.0500,0.1000,2.8000e+27,4.9000e+26,3.4600e+27,1.3000e+26,1.7805e+32,2.1296e+32,257
233,2,0.1000,0.2000,8.1900e+27,6.5500e+27,8.7700e+27,1.7800e+27,2.4599e+32,2.6896e+32,257
233,3,0.2000,0.3500,1.3200e+28,2.4480e+28,1.7210e+28,1.1450e+28,2.1750e+32,2.7602e+32,257
233,4,0.3500,0.5500,2.1420e+28,7.2440e+28,2.7410e+28,5.0720e+28,2.1217e+32,2.7620e+32,257
233,5,0.5500,1.0100,4.4030e+28,3.0384e+29,4.7740e+28,2.5223e+29,2.6353e+32,2.9274e+32,257
234,0,0.0000,0.0500,1.5600e+27,0.0000e+00,1.3000e+27,0.0000e+00,2.6311e+32,2.7772e+32,255
234,1,0.0500,0.1000,3.2100e+27,5.3000e+26,3.6900e+27,1.1000e+26,1.7820e+32,2.1223e+32,255
234,2,0.1000,0.2000,8.0900e+27,6.4500e+27,8.1800e+27,1.5900e+27,2.4158e+32,2.6162e+32,255
234,3,0.2000,0.3500,1.3680e+28,2.4500e+28,1.6890e+28,1.0920e+28,2.2094e+32,2.7691e+32,255
234,4,0.3500,0.5500,2.1250e+28,7.4580e+28,2.6770e+28,5.0430e+28,2.1029e+32,2.6897e+32,255
234,5,0.5500,1.0100,4.3490e+28,3.0149e+29,4.5860e+28,2.4344e+29,2.5892e+32,2.8207e+32,255
235,0,0.0000,0.0500,1.3500e+27,0.0000e+00,1.1900e+27,0.0000e+00,2.8469e+32,2.6437e+32,254
235,1,0.0500,0.1000,2.9100e+27,6.1000e+26,3.3400e+27,1.1000e+26,1.8687e+32,2.0628e+32,254
235,2,0.1000,0.2000,7.7000e+27,6.6900e+27,9.6200e+27,2.1500e+27,2.3860e+32,2.7111e+32,254
235,3,0.2000,0.3500,1.4100e+28,2.5410e+28,1.7320e+28,1.2020e+28,2.1910e+32,2.7244e+32,254
235,4,0.3500,0.5500,2.1760e+28,7.3040e+28,2.7480e+28,4.9390e+28,2.1010e+32,2.6713e+32,254
235,5,0.5500,1.0100,4.2430e+28,2.8584e+29,4.6240e+28,2.4104e+29,2.4791e+32,2.7706e+32,254
236,0,0.0000,0.0500,1.2400e+27,0.0000e+00,1.4700e+27,0.0000e+00,2.6696e+32,2.7431e+32,252
236,1,0.0500,0.1000,2.9000e+27,4.5000e+26,3.5200e+27,1.5000e+26,1.7980e+32,2.0920e+32,252
236,2,0.1000,0.2000,8.1800e+27,7.2100e+27,8.9600e+27,1.7600e+27,2.4925e+32,2.6717e+32,252
236,3,0.2000,0.3500,1.3890e+28,2.5770e+28,1.6810e+28,1.2280e+28,2.1993e+32,2.6946e+32,252
236,4,0.3500,0.5500,2.2110e+28,7.3820e+28,2.5710e+28,4.9830e+28,2.1022e+32,2.6086e+32,252
236,5,0.5500,1.0100,4.0950e+28,2.9020e+29,4.4690e+28,2.3417e+29,2.4585e+32,2.6080e+32,252
237,0,0.0000,0.0500,1.4200e+27,0.0000e+00,1.4700e+27,0.0000e+00,2.5933e+32,2.8374e+32,250
237,1,0.0500,0.1000,3.0900e+27,5.0000e+26,3.5800e+27,9.0000e+25,1.7971e+32,2.1101e+32,250
237,2,0.1000,0.2000,8.7900e+27,6.5700e+27,9.2500e+27,1.8600e+27,2.4624e+32,2.5702e+32,250
237,3,0.2000,0.3500,1.3670e+28,2.6350e+28,1.7310e+28,1.2460e+28,2.2356e+32,2.6902e+32,250
237,4,0.3500,0.5500,2.1780e+28,7.3660e+28,2.7060e+28,5.1120e+28,2.0972e+32,2.5395e+32,250
237,5,0.5500,1.0100,4.1400e+28,2.9485e+29,4.1850e+28,2.2958e+29,2.4294e+32,2.5009e+32,250
238,0,0.0000,0.0500,1.3300e+27,0.0000e+00,1.4400e+27,0.0000e+00,2.9273e+32,2.6204e+32,248
238,1,0.0500,0.1000,3.0800e+27,5.1000e+26,3.3400e+27,8.0000e+25,1.8743e+32,2.0278e+32,248
238,2,0.1000,0.2000,8.0700e+27,7.1300e+27,9.3500e+27,1.9100e+27,2.3868e+32,2.6556e+32,248
238,3,0.2000,0.3500,1.3530e+28,2.6990e+28,1.6520e+28,1.2520e+28,2.2233e+32,2.6543e+32,248
238,4,0.3500,0.5500,2.2000e+28,7.7990e+28,2.6920e+28,5.1310e+28,2.0722e+32,2.5143e+32,248
238,5,0.5500,1.0100,3.9020e+28,2.8827e+29,4.1970e+28,2.2866e+29,2.3117e+32,2.4695e+32,248
239,0,0.0000,0.0500,1.5000e+27,0.0000e+00,1.6500e+27,0.0000e+00,2.7422e+32,2.7325e+32,247
239,1,0.0500,0.1000,3.2200e+27,6.0000e+26,3.5100e+27,7.0000e+25,1.8298e+32,2.0386e+32,247
239,2,0.1000,0.2000,8.6300e+27,7.1800e+27,8.9500e+27,1.9600e+27,2.5188e+32,2.6630e+32,247
239,3,0.2000,0.3500,1.4770e+28,2.6660e+28,1.7340e+28,1.3290e+28,2.2300e+32,2.6150e+32,247
239,4,0.3500,0.5500,2.2350e+28,8.1530e+28,2.6120e+28,5.0530e+28,2.0899e+32,2.4597e+32,247
239,5,0.5500,1.0100,4.1100e+28,2.9696e+29,4.0300e+28,2.2703e+29,2.3041e+32,2.3413e+32,247
240,0,0.0000,0.0500,1.3100e+27,0.0000e+00,1.2800e+27,0.0000e+00,2.6019e+32,2.8552e+32,245
240,1,0.0500,0.1000,3.1500e+27,5.8000e+26,3.8500e+27,1.6000e+26,1.8125e+32,2.1011e+32,245
240,2,0.1000,0.2000,8.0600e+27,7.4100e+27,8.7600e+27,2.0300e+27,2.5111e+32,2.5294e+32,245
240,3,0.2000,0.3500,1.4480e+28,2.7210e+28,1.6520e+28,1.2440e+28,2.2544e+32,2.5967e+32,245
240,4,0.3500,0.5500,2.2480e+28,7.8830e+28,2.4070e+28,5.0290e+28,2.0960e+32,2.3964e+32,245
240,5,0.5500,1.0100,3.9440e+28,2.9123e+29,3.8120e+28,2.1462e+29,2.2911e+32,2.2149e+32,245
241,0,0.0000,0.0500,1.5100e+27,0.0000e+00,1.5400e+27,0.0000e+00,2.9248e+32,2.6648e+32,243
241,1,0.0500,0.1000,3.3500e+27,6.6000e+26,3.3800e+27,8.0000e+25,1.8628e+32,2.0054e+32,243
241,2,0.1000,0.2000,8.5600e+27,8.0200e+27,8.7100e+27,1.8600e+27,2.4254e+32,2.5819e+32,243
241,3,0.2000,0.3500,1.4730e+28,2.8940e+28,1.6680e+28,1.3320e+28,2.2744e+32,2.5867e+32,243
241,4,0.3500,0.5500,2.1590e+28,8.1050e+28,2.4800e+28,4.8300e+28,2.0665e+32,2.3489e+32,243
241,5,0.5500,1.0100,3.8990e+28,2.8629e+29,3.8020e+28,2.1699e+29,2.1878e+32,2.1809e+32,243
242,0,0.0000,0.0500,1.5800e+27,0.0000e+00,1.3800e+27,0.0000e+00,2.8338e+32,2.6929e+32,242
242,1,0.0500,0.1000,3.0300e+27,7.5000e+26,3.9100e+27,1.0000e+26,1.9000e+32,1.9891e+32,242
242,2,0.1000,0.2000,8.4300e+27,7.7500e+27,9.0300e+27,1.8700e+27,2.5039e+32,2.6291e+32,242
242,3,0.2000,0.3500,1.5070e+28,2.8770e+28,1.6750e+28,1.3180e+28,2.2604e+32,2.5211e+32,242
242,4,0.3500,0.5500,2.2560e+28,8.1240e+28,2.4440e+28,4.9280e+28,2.0897e+32,2.3101e+32,242
242,5,0.5500,1.0100,3.7780e+28,2.8303e+29,3.6240e+28,2.1984e+29,2.1460e+32,2.0925e+32,242
243,0,0.0000,0.0500,1.5500e+27,0.0000e+00,1.6800e+27,0.0000e+00,2.6920e+32,2.7805e+32,240
243,1,0.0500,0.1000,3.0000e+27,6.8000e+26,3.6700e+27,1.6000e+26,1.8386e+32,2.0572e+32,240
243,2,0.1000,0.2000,8.8100e+27,8.3200e+27,9.1500e+27,2.0500e+27,2.5644e+32,2.5352e+32,240
243,3,0.2000,0.3500,1.5100e+28,2.8900e+28,1.6440e+28,1.2140e+28,2.2700e+32,2.4877e+32,240
243,4,0.3500,0.5500,2.2390e+28,8.4190e+28,2.4280e+28,5.1310e+28,2.0843e+32,2.2517e+32,240
243,5,0.5500,1.0100,3.8120e+28,2.7811e+29,3.5460e+28,2.1273e+29,2.1317e+32,1.9747e+32,240
244,0,0.0000,0.0500,1.3200e+27,0.0000e+00,1.4500e+27,0.0000e+00,2.7292e+32,2.8196e+32,238
244,1,0.0500,0.1000,3.2200e+27,6.1000e+26,3.4700e+27,9.0000e+25,1.8408e+32,2.0016e+32,238
244,2,0.1000,0.2000,9.1700e+27,7.4900e+27,8.9500e+27,2.0500e+27,2.5147e+32,2.4735e+32,238
244,3,0.2000,0.3500,1.4950e+28,3.0070e+28,1.6690e+28,1.3670e+28,2.3153e+32,2.4968e+32,238
244,4,0.3500,0.5500,2.1950e+28,8.4720e+28,2.3140e+28,5.0760e+28,2.0661e+32,2.1792e+32,238
244,5,0.5500,1.0100,3.6540e+28,2.8374e+29,3.3050e+28,2.0470e+29,2.0907e+32,1.9028e+32,238
245,0,0.0000,0.0500,1.5100e+27,0.0000e+00,1.7700e+27,0.0000e+00,2.9890e+32,2.6205e+32,236
245,1,0.0500,0.1000,3.3200e+27,8.7000e+26,3.5600e+27,5.0000e+25,1.9333e+32,1.9365e+32,236
245,2,0.1000,0.2000,9.2100e+27,8.5400e+27,9.1000e+27,2.3300e+27,2.4565e+32,2.5409e+32,236
245,3,0.2000,0.3500,1.6110e+28,2.9550e+28,1.6160e+28,1.3560e+28,2.2973e+32,2.4363e+32,236
245,4,0.3500,0.5500,2.2710e+28,8.6500e+28,2.4030e+28,4.9400e+28,2.0582e+32,2.1526e+32,236
245,5,0.5500,1.0100,3.4130e+28,2.6670e+29,3.3060e+28,2.0841e+29,1.9970e+32,1.8636e+32,236
246,0,0.0000,0.0500,1.5800e+27,0.0000e+00,1.5200e+27,0.0000e+00,2.8123e+32,2.7207e+32,235
246,1,0.0500,0.1000,3.2000e+27,6.4000e+26,3.6400e+27,1.0000e+26,1.8754e+32,1.9383e+32,235
246,2,0.1000,0.2000,9.4800e+27,8.2400e+27,8.9700e+27,2.1100e+27,2.5961e+32,2.5457e+32,235
246,3,0.2000,0.3500,1.5520e+28,3.1140e+28,1.5890e+28,1.3510e+28,2.3050e+32,2.4012e+32,235
246,4,0.3500,0.5500,2.2760e+28,8.8430e+28,2.2920e+28,4.8860e+28,2.0674e+32,2.0909e+32,235
246,5,0.5500,1.0100,3.4640e+28,2.7183e+29,3.0800e+28,2.0033e+29,1.9784e+32,1.7664e+32,235
247,0,0.0000,0.0500,1.7600e+27,0.0000e+00,1.5400e+27,1.0000e+25,2.6730e+32,2.8209e+32,233
247,1,0.0500,0.1000,3.4100e+27,8.4000e+26,3.6200e+27,1.3000e+26,1.8591e+32,2.0124e+32,233
247,2,0.1000,0.2000,9.5200e+27,7.9900e+27,8.9000e+27,2.2000e+27,2.5899e+32,2.4173e+32,233
247,3,0.2000,0.3500,1.5790e+28,3.2460e+28,1.6580e+28,1.3730e+28,2.3248e+32,2.3670e+32,233
247,4,0.3500,0.5500,2.3240e+28,8.9090e+28,2.2620e+28,4.6830e+28,2.0700e+32,2.0385e+32,233
247,5,0.5500,1.0100,3.5580e+28,2.8197e+29,3.0390e+28,1.9285e+29,1.9658e+32,1.6645e+32,233
248,0,0.0000,0.0500,1.6100e+27,0.0000e+00,1.5900e+27,1.0000e+25,2.8910e+32,2.7364e+32,232
248,1,0.0500,0.1000,3.5900e+27,7.7000e+26,3.3100e+27,1.8000e+26,1.8893e+32,1.9296e+32,232
248,2,0.1000,0.2000,8.6800e+27,8.1900e+27,9.3400e+27,2.0600e+27,2.5251e+32,2.4302e+32,232
248,3,0.2000,0.3500,1.5830e+28,3.2320e+28,1.6360e+28,1.4590e+28,2.3806e+32,2.3777e+32,232
248,4,0.3500,0.5500,2.1370e+28,8.9890e+28,2.1840e+28,4.7570e+28,2.0530e+32,1.9876e+32,232
248,5,0.5500,1.0100,3.4800e+28,2.7414e+29,2.8830e+28,1.9330e+29,1.9060e+32,1.6292e+32,232
249,0,0.0000,0.0500,1.6500e+27,0.0000e+00,1.5700e+27,0.0000e+00,2.9586e+32,2.6096e+32,229
249,1,0.0500,0.1000,3.5600e+27,9.7000e+26,3.2300e+27,1.4000e+26,1.9797e+32,1.8815e+32,229
249,2,0.1000,0.2000,9.0500e+27,8.6300e+27,9.2300e+27,2.6900e+27,2.5022e+32,2.4659e+32,229
249,3,0.2000,0.3500,1.5770e+28,3.1510e+28,1.6020e+28,1.3660e+28,2.3374e+32,2.2898e+32,229
249,4,0.3500,0.5500,2.3140e+28,9.2330e+28,2.0960e+28,4.9320e+28,2.0504e+32,1.9494e+32,229
249,5,0.5500,1.0100,3.3630e+28,2.6203e+29,3.0160e+28,1.9326e+29,1.8272e+32,1.5736e+32,229
250,0,0.0000,0.0500,1.5800e+27,0.0000e+00,1.5500e+27,0.0000e+00,2.8105e+32,2.7038e+32,228
250,1,0.0500,0.1000,3.2600e+27,7.6000e+26,3.5300e+27,1.5000e+26,1.8947e+32,1.8844e+32,228
250,2,0.1000,0.2000,9.8700e+27,9.1600e+27,9.2900e+27,2.3000e+27,2.6372e+32,2.4568e+32,228
250,3,0.2000,0.3500,1.7120e+28,3.3790e+28,1.5650e+28,1.4070e+28,2.3542e+32,2.2611e+32,228
250,4,0.3500,0.5500,2.3620e+28,9.3430e+28,2.1060e+28,4.8140e+28,2.0515e+32,1.8948e+32,228
250,5,0.5500,1.0100,3.1740e+28,2.6567e+29,2.6800e+28,1.8562e+29,1.8094e+32,1.4877e+32,228
251,0,0.0000,0.0500,1.5000e+27,2.0000e+25,1.6700e+27,1.0000e+25,2.6893e+32,2.8131e+32,227
251,1,0.0500,0.1000,3.7800e+27,7.6000e+26,3.5700e+27,2.1000e+26,1.8916e+32,1.9608e+32,227
251,2,0.1000,0.2000,9.5900e+27,8.6400e+27,8.8500e+27,2.4300e+27,2.6325e+32,2.3307e+32,227
251,3,0.2000,0.3500,1.6900e+28,3.4570e+28,1.5910e+28,1.4210e+28,2.3834e+32,2.2424e+32,227
251,4,0.3500,0.5500,2.2600e+28,9.3110e+28,2.0410e+28,4.9060e+28,2.0646e+32,1.8500e+32,227
251,5,0.5500,1.0100,3.2190e+28,2.5532e+29,2.5990e+28,1.8047e+29,1.7944e+32,1.4131e+32,227
252,0,0.0000,0.0500,1.9400e+27,0.0000e+00,1.6300e+27,1.0000e+25,2.8903e+32,2.7153e+32,225
252,1,0.0500,0.1000,3.9400e+27,1.0300e+27,3.4300e+27,9.0000e+25,1.9063e+32,1.8637e+32,225
252,2,0.1000,0.2000,8.9700e+27,9.0400e+27,8.7800e+27,2.3400e+27,2.5616e+32,2.3322e+32,225
252,3,0.2000,0.3500,1.6380e+28,3.6010e+28,1.6290e+28,1.3230e+28,2.4310e+32,2.2398e+32,225
252,4,0.3500,0.5500,2.3080e+28,9.2780e+28,2.0220e+28,4.8990e+28,2.0315e+32,1.7963e+32,225
252,5,0.5500,1.0100,3.2020e+28,2.5956e+29,2.5640e+28,1.7871e+29,1.7254e+32,1.3752e+32,225
253,0,0.0000,0.0500,1.5800e+27,0.0000e+00,1.7000e+27,0.0000e+00,3.0112e+32,2.5698e+32,223
253,1,0.0500,0.1000,3.5700e+27,1.1200e+27,3.4700e+27,2.3000e+26,2.0058e+32,1.8214e+32,223
253,2,0.1000,0.2000,9.3700e+27,9.7200e+27,9.4400e+27,2.5700e+27,2.5333e+32,2.3726e+32,223
253,3,0.2000,0.3500,1.7520e+28,3.6820e+28,1.5310e+28,1.4210e+28,2.4042e+32,2.1689e+32,223
253,4,0.3500,0.5500,2.2920e+28,9.6870e+28,2.0150e+28,4.7730e+28,2.0293e+32,1.7680e+32,223
253,5,0.5500,1.0100,3.0220e+28,2.5258e+29,2.4890e+28,1.7366e+29,1.6618e+32,1.3322e+32,223
254,0,0.0000,0.0500,1.5200e+27,0.0000e+00,1.4900e+27,0.0000e+00,2.8483e+32,2.6450e+32,221
254,1,0.0500,0.1000,3.7300e+27,9.4000e+26,3.1800e+27,2.3000e+26,1.9118e+32,1.8067e+32,221
254,2,0.1000,0.2000,1.0040e+28,1.0000e+28,9.0100e+27,2.7300e+27,2.6650e+32,2.3628e+32,221
254,3,0.2000,0.3500,1.7490e+28,3.7060e+28,1.5300e+28,1.3930e+28,2.4033e+32,2.1249e+32,221
254,4,0.3500,0.5500,2.3590e+28,9.8900e+28,1.9110e+28,4.7630e+28,2.0263e+32,1.7059e+32,221
254,5,0.5500,1.0100,2.9920e+28,2.5516e+29,2.3510e+28,1.7334e+29,1.6314e+32,1.2548e+32,221
255,0,0.0000,0.0500,1.6900e+27,2.0000e+25,1.6200e+27,2.0000e+25,2.7256e+32,2.7260e+32,220
255,1,0.0500,0.1000,3.6700e+27,1.2000e+27,3.8100e+27,2.2000e+26,1.9087e+32,1.8912e+32,220
255,2,0.1000,0.2000,9.6800e+27,1.0650e+28,8.4700e+27,2.1600e+27,2.6769e+32,2.2589e+32,220
255,3,0.2000,0.3500,1.6930e+28,3.7380e+28,1.4140e+28,1.3390e+28,2.4171e+32,2.0879e+32,220
255,4,0.3500,0.5500,2.3750e+28,9.8280e+28,1.9180e+28,4.3680e+28,2.0424e+32,1.6676e+32,220
255,5,0.5500,1.0100,3.0440e+28,2.5293e+29,2.2800e+28,1.6916e+29,1.6164e+32,1.1903e+32,220
256,0,0.0000,0.0500,1.7500e+27,0.0000e+00,1.7000e+27,0.0000e+00,2.7017e+32,2.8221e+32,219
256,1,0.0500,0.1000,3.9100e+27,1.1300e+27,3.7700e+27,2.4000e+26,1.9146e+32,1.8164e+32,219
256,2,0.1000,0.2000,1.0450e+28,1.0070e+28,8.1200e+27,2.4100e+27,2.6435e+32,2.2146e+32,219
256,3,0.2000,0.3500,1.7330e+28,3.8350e+28,1.5380e+28,1.3820e+28,2.4809e+32,2.0962e+32,219
256,4,0.3500,0.5500,2.4240e+28,1.0247e+29,1.8740e+28,4.5150e+28,2.0348e+32,1.6050e+32,219
256,5,0.5500,1.0100,3.0120e+28,2.5136e+29,2.1960e+28,1.6591e+29,1.5884e+32,1.1452e+32,219
257,0,0.0000,0.0500,1.7000e+27,1.0000e+25,1.5800e+27,2.0000e+25,3.1572e+32,2.4934e+32,217
257,1,0.0500,0.1000,3.9300e+27,1.4300e+27,3.2500e+27,1.7000e+26,1.9743e+32,1.7565e+32,217
257,2,0.1000,0.2000,9.5200e+27,9.5500e+27,8.4100e+27,2.4100e+27,2.5659e+32,2.2644e+32,217
257,3,0.2000,0.3500,1.8520e+28,4.0950e+28,1.4750e+28,1.5580e+28,2.4734e+32,2.0622e+32,217
257,4,0.3500,0.5500,2.3440e+28,9.8700e+28,1.8510e+28,4.5710e+28,2.0058e+32,1.5783e+32,217
257,5,0.5500,1.0100,2.8780e+28,2.3893e+29,2.1320e+28,1.6392e+29,1.5103e+32,1.1296e+32,217
258,0,0.0000,0.0500,1.6300e+27,1.0000e+25,1.7000e+27,0.0000e+00,2.9332e+32,2.5569e+32,215
258,1,0.0500,0.1000,4.0500e+27,1.4500e+27,3.3600e+27,1.3000e+26,2.0079e+32,1.7469e+32,215
258,2,0.1000,0.2000,1.0770e+28,1.0570e+28,8.3100e+27,2.4300e+27,2.6488e+32,2.2719e+32,215
258,3,0.2000,0.3500,1.7360e+28,4.1530e+28,1.5100e+28,1.4500e+28,2.4392e+32,1.9761e+32,215
258,4,0.3500,0.5500,2.4760e+28,1.0178e+29,1.7860e+28,4.4770e+28,2.0235e+32,1.5374e+32,215
258,5,0.5500,1.0100,2.7360e+28,2.4263e+29,2.0010e+28,1.6212e+29,1.4709e+32,1.0661e+32,215
259,0,0.0000,0.0500,1.6200e+27,0.0000e+00,1.7600e+27,2.0000e+25,2.8122e+32,2.6196e+32,213
259,1,0.0500,0.1000,3.4500e+27,1.1100e+27,3.6200e+27,1.0000e+26,1.9165e+32,1.7471e+32,213
259,2,0.1000,0.2000,1.0850e+28,1.1290e+28,8.7800e+27,2.7500e+27,2.7295e+32,2.2268e+32,213
259,3,0.2000,0.3500,1.7560e+28,4.2100e+28,1.4440e+28,1.4390e+28,2.4521e+32,1.9488e+32,213
259,4,0.3500,0.5500,2.4060e+28,1.0043e+29,1.8040e+28,4.4940e+28,1.9977e+32,1.4873e+32,213
259,5,0.5500,1.0100,2.8570e+28,2.4217e+29,1.9320e+28,1.5624e+29,1.4527e+32,1.0016e+32,213
260,0,0.0000,0.0500,1.8300e+27,0.0000e+00,1.6700e+27,0.0000e+00,2.7046e+32,2.7142e+32,212
260,1,0.0500,0.1000,3.6800e+27,1.2600e+27,3.6700e+27,2.4000e+26,1.9176e+32,1.8073e+32,212
260,2,0.1000,0.2000,1.0430e+28,1.0390e+28,8.7800e+27,2.6100e+27,2.7110e+32,2.1088e+32,212
260,3,0.2000,0.3500,1.8260e+28,4.2010e+28,1.3890e+28,1.4840e+28,2.4780e+32,1.9324e+32,212
260,4,0.3500,0.5500,2.4340e+28,1.0436e+29,1.7810e+28,4.6700e+28,2.0169e+32,1.4452e+32,212
260,5,0.5500,1.0100,2.8200e+28,2.4847e+29,1.8130e+28,1.4330e+29,1.4361e+32,9.5074e+31,212
261,0,0.0000,0.0500,1.8300e+27,0.0000e+00,1.7200e+27,0.0000e+00,2.8205e+32,2.6838e+32,211
261,1,0.0500,0.1000,3.6700e+27,1.6100e+27,3.5100e+27,2.1000e+26,1.9418e+32,1.7214e+32,211
261,2,0.1000,0.2000,1.0690e+28,1.0000e+28,8.3400e+27,2.5500e+27,2.6656e+32,2.1112e+32,211
261,3,0.2000,0.3500,1.8960e+28,4.4420e+28,1.4200e+28,1.5060e+28,2.5350e+32,1.9315e+32,211
261,4,0.3500,0.5500,2.4130e+28,1.1184e+29,1.6910e+28,4.3300e+28,2.0001e+32,1.4040e+32,211
261,5,0.5500,1.0100,2.7850e+28,2.4256e+29,1.8030e+28,1.4681e+29,1.3983e+32,9.1984e+31,211
262,0,0.0000,0.0500,1.7900e+27,1.0000e+25,1.6400e+27,0.0000e+00,3.1400e+32,2.4354e+32,209
262,1,0.0500,0.1000,4.2500e+27,1.6900e+27,3.2400e+27,1.4000e+26,2.0110e+32,1.6653e+32,209
262,2,0.1000,0.2000,1.0430e+28,1.0840e+28,8.9600e+27,3.0500e+27,2.5984e+32,2.1493e+32,209
262,3,0.2000,0.3500,1.9080e+28,4.5320e+28,1.4020e+28,1.5130e+28,2.5251e+32,1.8849e+32,209
262,4,0.3500,0.5500,2.4070e+28,1.0694e+29,1.6530e+28,4.3970e+28,1.9764e+32,1.3784e+32,209
262,5,0.5500,1.0100,2.6250e+28,2.2786e+29,1.8290e+28,1.5452e+29,1.3357e+32,9.0191e+31,209
263,0,0.0000,0.0500,1.5600e+27,1.0000e+25,1.4900e+27,0.0000e+00,2.9317e+32,2.4815e+32,207
263,1,0.0500,0.1000,4.2300e+27,1.5700e+27,3.4200e+27,1.9000e+26,2.0284e+32,1.6607e+32,207
263,2,0.1000,0.2000,1.1100e+28,1.0750e+28,8.5500e+27,2.5200e+27,2.6890e+32,2.1527e+32,207
263,3,0.2000,0.3500,1.7880e+28,4.3320e+28,1.3450e+28,1.4300e+28,2.4786e+32,1.8076e+32,207
263,4,0.3500,0.5500,2.5040e+28,1.0967e+29,1.6280e+28,4.3300e+28,1.9933e+32,1.3399e+32,207
263,5,0.5500,1.0100,2.6100e+28,2.3297e+29,1.6400e+28,1.4294e+29,1.2974e+32,8.5456e+31,207
264,0,0.0000,0.0500,1.8000e+27,2.0000e+25,1.7800e+27,0.0000e+00,2.8332e+32,2.5462e+32,206
264,1,0.0500,0.1000,4.2600e+27,1.2600e+27,3.1700e+27,1.4000e+26,1.9377e+32,1.6578e+32,206
264,2,0.1000,0.2000,1.1830e+28,1.2080e+28,8.2600e+27,3.0300e+27,2.7844e+32,2.1277e+32,206
264,3,0.2000,0.3500,1.8030e+28,4.6340e+28,1.3740e+28,1.4890e+28,2.4992e+32,1.7931e+32,206
264,4,0.3500,0.5500,2.3750e+28,1.0741e+29,1.7150e+28,4.3620e+28,1.9764e+32,1.2987e+32,206
264,5,0.5500,1.0100,2.5780e+28,2.3323e+29,1.5810e+28,1.4275e+29,1.2834e+32,8.0776e+31,206
265,0,0.0000,0.0500,1.8400e+27,0.0000e+00,1.6700e+27,0.0000e+00,2.7144e+32,2.6008e+32,204
265,1,0.0500,0.1000,4.1300e+27,1.2700e+27,3.5500e+27,2.0000e+26,1.9404e+32,1.7211e+32,204
265,2,0.1000,0.2000,1.1470e+28,1.2070e+28,8.7100e+27,2.9300e+27,2.7539e+32,2.0128e+32,204
265,3,0.2000,0.3500,1.8870e+28,4.6790e+28,1.3650e+28,1.5280e+28,2.5021e+32,1.7566e+32,204
265,4,0.3500,0.5500,2.5030e+28,1.1225e+29,1.5790e+28,4.5230e+28,1.9834e+32,1.2624e+32,204
265,5,0.5500,1.0100,2.5430e+28,2.2961e+29,1.5220e+28,1.3772e+29,1.2578e+32,7.6334e+31,204
266,0,0.0000,0.0500,1.9400e+27,0.0000e+00,1.6800e+27,1.0000e+25,2.6145e+32,2.7398e+32,203
266,1,0.0500,0.1000,4.2500e+27,1.4100e+27,3.3000e+27,2.2000e+26,1.9443e+32,1.6368e+32,203
266,2,0.1000,0.2000,1.1620e+28,1.1500e+28,7.9500e+27,2.6500e+27,2.7266e+32,1.9759e+32,203
266,3,0.2000,0.3500,2.0420e+28,4.8450e+28,1.3350e+28,1.4740e+28,2.5673e+32,1.7602e+32,203
266,4,0.3500,0.5500,2.4990e+28,1.0791e+29,1.4430e+28,4.1970e+28,1.9643e+32,1.2110e+32,203
266,5,0.5500,1.0100,2.4610e+28,2.2334e+29,1.4760e+28,1.2825e+29,1.2345e+32,7.2909e+31,203
267,0,0.0000,0.0500,2.0400e+27,0.0000e+00,1.8000e+27,0.0000e+00,3.2093e+32,2.3410e+32,202
267,1,0.0500,0.1000,4.2100e+27,1.7600e+27,3.7100e+27,1.9000e+26,1.9674e+32,1.6065e+32,202
267,2,0.1000,0.2000,1.1530e+28,1.1610e+28,8.5300e+27,2.7300e+27,2.6599e+32,2.0249e+32,202
267,3,0.2000,0.3500,1.9540e+28,4.9380e+28,1.3540e+28,1.5380e+28,2.5759e+32,1.7446e+32,202
267,4,0.3500,0.5500,2.4780e+28,1.0891e+29,1.5040e+28,4.2150e+28,1.9378e+32,1.1995e+32,202
267,5,0.5500,1.0100,2.4240e+28,2.1343e+29,1.4690e+28,1.3730e+29,1.1754e+32,7.2645e+31,202
268,0,0.0000,0.0500,1.6400e+27,0.0000e+00,1.8800e+27,0.0000e+00,3.0191e+32,2.3669e+32,200
268,1,0.0500,0.1000,4.6300e+27,1.7300e+27,3.4000e+27,2.4000e+26,2.0925e+32,1.5762e+32,200
268,2,0.1000,0.2000,1.1280e+28,1.1470e+28,8.2400e+27,2.8900e+27,2.6531e+32,2.0294e+32,200
268,3,0.2000,0.3500,2.0580e+28,5.0670e+28,1.3220e+28,1.5880e+28,2.5438e+32,1.6791e+32,200
268,4,0.3500,0.5500,2.5420e+28,1.0944e+29,1.4940e+28,4.5550e+28,1.9416e+32,1.1750e+32,200
268,5,0.5500,1.0100,2.3550e+28,2.1029e+29,1.5120e+28,1.3703e+29,1.1367e+32,6.9115e+31,200
269,0,0.0000,0.0500,1.9300e+27,1.0000e+25,1.5700e+27,2.0000e+25,2.8845e+32,2.4135e+32,198
269,1,0.0500,0.1000,4.3900e+27,1.4800e+27,3.1100e+27,1.7000e+26,1.9960e+32,1.5584e+32,198
269,2,0.1000,0.2000,1.2150e+28,1.2240e+28,8.5100e+27,2.7100e+27,2.7754e+32,2.0203e+32,198
269,3,0.2000,0.3500,2.0300e+28,4.8440e+28,1.2120e+28,1.5240e+28,2.5229e+32,1.6369e+32,198
269,4,0.3500,0.5500,2.4310e+28,1.1239e+29,1.4510e+28,4.3390e+28,1.9327e+32,1.1263e+32,198
269,5,0.5500,1.0100,2.2430e+28,2.0658e+29,1.4270e+28,1.4020e+29,1.1034e+32,6.5612e+31,198
270,0,0.0000,0.0500,1.6400e+27,1.0000e+25,1.7700e+27,0.0000e+00,2.8149e+32,2.4687e+32,198
270,1,0.0500,0.1000,4.2200e+27,1.4700e+27,3.0800e+27,2.7000e+26,1.9628e+32,1.5886e+32,198
270,2,0.1000,0.2000,1.2270e+28,1.3190e+28,8.1500e+27,2.9300e+27,2.8390e+32,1.9886e+32,198
270,3,0.2000,0.3500,2.0570e+28,5.1950e+28,1.2910e+28,1.5590e+28,2.5443e+32,1.6205e+32,198
270,4,0.3500,0.5500,2.4470e+28,1.1227e+29,1.4330e+28,4.1570e+28,1.9223e+32,1.1063e+32,198
270,5,0.5500,1.0100,2.3040e+28,2.0504e+29,1.2620e+28,1.2605e+29,1.0934e+32,6.2608e+31,198
271,0,0.0000,0.0500,2.1100e+27,2.0000e+25,1.4500e+27,0.0000e+00,2.6918e+32,2.4994e+32,195
271,1,0.0500,0.1000,4.0500e+27,1.5500e+27,3.6600e+27,2.5000e+26,1.9490e+32,1.6333e+32,195
271,2,0.1000,0.2000,1.1680e+28,1.2270e+28,8.2500e+27,2.8900e+27,2.7825e+32,1.8694e+32,195
271,3,0.2000,0.3500,1.9780e+28,5.1330e+28,1.2730e+28,1.4790e+28,2.5403e+32,1.5828e+32,195
271,4,0.3500,0.5500,2.4560e+28,1.1121e+29,1.3640e+28,4.2500e+28,1.9184e+32,1.0673e+32,195
271,5,0.5500,1.0100,2.1110e+28,2.0527e+29,1.2850e+28,1.2619e+29,1.0549e+32,5.8971e+31,195
272,0,0.0000,0.0500,1.7200e+27,4.0000e+25,1.6000e+27,0.0000e+00,2.6229e+32,2.6373e+32,195
272,1,0.0500,0.1000,4.2700e+27,1.5200e+27,3.3000e+27,2.2000e+26,1.9570e+32,1.5561e+32,195
272,2,0.1000,0.2000,1.1610e+28,1.3260e+28,8.2100e+27,3.1000e+27,2.7706e+32,1.8503e+32,195
272,3,0.2000,0.3500,2.0580e+28,5.4290e+28,1.2550e+28,1.5750e+28,2.6097e+32,1.5909e+32,195
272,4,0.3500,0.5500,2.4980e+28,1.1152e+29,1.3270e+28,4.0620e+28,1.9003e+32,1.0283e+32,195
272,5,0.5500,1.0100,2.1730e+28,2.0679e+29,1.2190e+28,1.2267e+29,1.0383e+32,5.6840e+31,195
273,0,0.0000,0.0500,1.9000e+27,2.0000e+25,1.7300e+27,1.0000e+25,3.0947e+32,2.2952e+32,193
273,1,0.0500,0.1000,4.4400e+27,1.7400e+27,3.3400e+27,2.2000e+26,1.9675e+32,1.5217e+32,193
273,2,0.1000,0.2000,1.2490e+28,1.3160e+28,8.3200e+27,3.0600e+27,2.7016e+32,1.8771e+32,193
273,3,0.2000,0.3500,2.0970e+28,5.4410e+28,1.2630e+28,1.5730e+28,2.6041e+32,1.5680e+32,193
273,4,0.3500,0.5500,2.4990e+28,1.1183e+29,1.3530e+28,4.1320e+28,1.8710e+32,1.0123e+32,193
273,5,0.5500,1.0100,2.0100e+28,1.9471e+29,1.1570e+28,1.2627e+29,9.8712e+31,5.5898e+31,193
274,0,0.0000,0.0500,1.9600e+27,1.0000e+25,1.4000e+27,0.0000e+00,3.1011e+32,2.2362e+32,191
274,1,0.0500,0.1000,4.6100e+27,2.5400e+27,3.2500e+27,2.6000e+26,2.0536e+32,1.4800e+32,191
274,2,0.1000,0.2000,1.2000e+28,1.3970e+28,8.7900e+27,2.8000e+27,2.6660e+32,1.8825e+32,191
274,3,0.2000,0.3500,2.1360e+28,5.6490e+28,1.2810e+28,1.5620e+28,2.5834e+32,1.5208e+32,191
274,4,0.3500,0.5500,2.5120e+28,1.1119e+29,1.2780e+28,4.2080e+28,1.8477e+32,9.8799e+31,191
274,5,0.5500,1.0100,2.0600e+28,1.9283e+29,1.1090e+28,1.2539e+29,9.5110e+31,5.3750e+31,191
275,0,0.0000,0.0500,1.8900e+27,2.0000e+25,1.6900e+27,3.0000e+25,2.9648e+32,2.2806e+32,191
275,1,0.0500,0.1000,4.4500e+27,1.9700e+27,3.4100e+27,2.5000e+26,2.0831e+32,1.4965e+32,191
275,2,0.1000,0.2000,1.1580e+28,1.4060e+28,8.1600e+27,3.5700e+27,2.7670e+32,1.8956e+32,191
275,3,0.2000,0.3500,2.0730e+28,5.5190e+28,1.2190e+28,1.5670e+28,2.5549e+32,1.4747e+32,191
275,4,0.3500,0.5500,2.4510e+28,1.1388e+29,1.2890e+28,4.2040e+28,1.8735e+32,9.7147e+31,191
275,5,0.5500,1.0100,1.9090e+28,1.8887e+29,1.0410e+28,1.2533e+29,9.2502e+31,5.1426e+31,191
276,0,0.0000,0.0500,1.7900e+27,0.0000e+00,1.5000e+27,1.0000e+25,2.8647e+32,2.3208e+32,189
276,1,0.0500,0.1000,4.0900e+27,1.7700e+27,3.4500e+27,2.2000e+26,1.9731e+32,1.4597e+32,189
276,2,0.1000,0.2000,1.2550e+28,1.4740e+28,8.3600e+27,3.1800e+27,2.8464e+32,1.8802e+32,189
276,3,0.2000,0.3500,2.2530e+28,5.5150e+28,1.2060e+28,1.5710e+28,2.5686e+32,1.4578e+32,189
276,4,0.3500,0.5500,2.4590e+28,1.1233e+29,1.2120e+28,3.9600e+28,1.8420e+32,9.2795e+31,189
276,5,0.5500,1.0100,1.9720e+28,1.8471e+29,1.0020e+28,1.2076e+29,9.0164e+31,4.8527e+31,189
277,0,0.0000,0.0500,1.9200e+27,1.0000e+25,1.5400e+27,2.0000e+25,2.7743e+32,2.3375e+32,187
277,1,0.0500,0.1000,4.4700e+27,1.7800e+27,3.5200e+27,3.3000e+26,1.9566e+32,1.4907e+32,187
277,2,0.1000,0.2000,1.2680e+28,1.5130e+28,8.0100e+27,3.6400e+27,2.8543e+32,1.8236e+32,187
277,3,0.2000,0.3500,2.1010e+28,5.6120e+28,1.1500e+28,1.5080e+28,2.5413e+32,1.4177e+32,187
277,4,0.3500,0.5500,2.4250e+28,1.1238e+29,1.2390e+28,4.0700e+28,1.8136e+32,9.0399e+31,187
277,5,0.5500,1.0100,1.8930e+28,1.8555e+29,1.0130e+28,1.0999e+29,8.8360e+31,4.5742e+31,187
278,0,0.0000,0.0500,1.7900e+27,2.0000e+25,1.5700e+27,1.0000e+25,2.7075e+32,2.3933e+32,187
278,1,0.0500,0.1000,4.4500e+27,1.7600e+27,3.4100e+27,3.6000e+26,1.9648e+32,1.5480e+32,187
278,2,0.1000,0.2000,1.2540e+28,1.4180e+28,8.2700e+27,3.1700e+27,2.8412e+32,1.7447e+32,187
278,3,0.2000,0.3500,2.0970e+28,5.8160e+28,1.1320e+28,1.5870e+28,2.5761e+32,1.4098e+32,187
278,4,0.3500,0.5500,2.4780e+28,1.1241e+29,1.1630e+28,3.8050e+28,1.8372e+32,8.8303e+31,187
278,5,0.5500,1.0100,1.7850e+28,1.7810e+29,9.8400e+27,1.1103e+29,8.5794e+31,4.3943e+31,187
279,0,0.0000,0.0500,1.9300e+27,0.0000e+00,1.3200e+27,1.0000e+25,2.6362e+32,2.4864e+32,185
279,1,0.0500,0.1000,4.7000e+27,1.8600e+27,3.6000e+27,2.0000e+26,1.9347e+32,1.4623e+32,185
279,2,0.1000,0.2000,1.2460e+28,1.4750e+28,7.4700e+27,3.3000e+27,2.8049e+32,1.7058e+32,185
279,3,0.2000,0.3500,2.2090e+28,5.9230e+28,1.2080e+28,1.6520e+28,2.6081e+32,1.4045e+32,185
279,4,0.3500,0.5500,2.4960e+28,1.1054e+29,1.2440e+28,3.7750e+28,1.7887e+32,8.4066e+31,185
279,5,0.5500,1.0100,1.8300e+28,1.8193e+29,9.8800e+27,1.0869e+29,8.3553e+31,4.1891e+31,185
280,0,0.0000,0.0500,2.0500e+27,2.0000e+25,1.7100e+27,2.0000e+25,2.8438e+32,2.3332e+32,184
280,1,0.0500,0.1000,4.5100e+27,2.0200e+27,3.5000e+27,3.4000e+26,1.9687e+32,1.4335e+32,184
280,2,0.1000,0.2000,1.2670e+28,1.4750e+28,8.0600e+27,3.0700e+27,2.7614e+32,1.7258e+32,184
280,3,0.2000,0.3500,2.1860e+28,6.0250e+28,1.2080e+28,1.6330e+28,2.6271e+32,1.3843e+32,184
280,4,0.3500,0.5500,2.4240e+28,1.1335e+29,1.1040e+28,3.7440e+28,1.7699e+32,8.2717e+31,184
280,5,0.5500,1.0100,1.7480e+28,1.7595e+29,9.3900e+27,1.0637e+29,7.9964e+31,4.0881e+31,184
281,0,0.0000,0.0500,2.1500e+27,4.0000e+25,1.3700e+27,1.0000e+25,3.2292e+32,2.0928e+32,182
281,1,0.0500,0.1000,4.6900e+27,2.4500e+27,3.1900e+27,3.0000e+26,1.9642e+32,1.3965e+32,182
281,2,0.1000,0.2000,1.2340e+28,1.5330e+28,7.4700e+27,3.4000e+27,2.6993e+32,1.7354e+32,182
281,3,0.2000,0.3500,2.1990e+28,6.1620e+28,1.1240e+28,1.5830e+28,2.6162e+32,1.3577e+32,182
281,4,0.3500,0.5500,2.4040e+28,1.1175e+29,1.0280e+28,3.7610e+28,1.7257e+32,8.0587e+31,182
281,5,0.5500,1.0100,1.5950e+28,1.6752e+29,8.7200e+27,1.0925e+29,7.5818e+31,3.9984e+31,182
282,0,0.0000,0.0500,2.0500e+27,0.0000e+00,1.6600e+27,0.0000e+00,3.0515e+32,2.1365e+32,182
282,1,0.0500,0.1000,4.6000e+27,2.5300e+27,3.2400e+27,3.0000e+26,2.1135e+32,1.3875e+32,182
282,2,0.1000,0.2000,1.2400e+28,1.6610e+28,8.1400e+27,3.3400e+27,2.7205e+32,1.7465e+32,182
282,3,0.2000,0.3500,2.2050e+28,5.8940e+28,1.0640e+28,1.6070e+28,2.5959e+32,1.3281e+32,182
282,4,0.3500,0.5500,2.5680e+28,1.1206e+29,1.0660e+28,3.7100e+28,1.7417e+32,7.9279e+31,182
282,5,0.5500,1.0100,1.6130e+28,1.6700e+29,9.1600e+27,1.1464e+29,7.3776e+31,3.8446e+31,182
283,0,0.0000,0.0500,1.9700e+27,3.0000e+25,1.6100e+27,2.0000e+25,2.9381e+32,2.1452e+32,180
283,1,0.0500,0.1000,5.1300e+27,2.2600e+27,3.1400e+27,3.2000e+26,2.0672e+32,1.3888e+32,180
283,2,0.1000,0.2000,1.3580e+28,1.6120e+28,8.0100e+27,3.5800e+27,2.8009e+32,1.7330e+32,180
283,3,0.2000,0.3500,2.3100e+28,5.8340e+28,1.0720e+28,1.6080e+28,2.5385e+32,1.2784e+32,180
283,4,0.3500,0.5500,2.4700e+28,1.1172e+29,1.0710e+28,3.7320e+28,1.7366e+32,7.6784e+31,180
283,5,0.5500,1.0100,1.5020e+28,1.6365e+29,8.0100e+27,1.1103e+29,7.0400e+31,3.6752e+31,180
284,0,0.0000,0.0500,2.2100e+27,1.0000e+25,1.6200e+27,1.0000e+25,2.8611e+32,2.1851e+32,179
284,1,0.0500,0.1000,4.7600e+27,2.1200e+27,3.3600e+27,2.3000e+26,1.9872e+32,1.3602e+32,179
284,2,0.1000,0.2000,1.4020e+28,1.7020e+28,7.8900e+27,4.1500e+27,2.8737e+32,1.7303e+32,179
284,3,0.2000,0.3500,2.2460e+28,6.0790e+28,1.1650e+28,1.6310e+28,2.5606e+32,1.2661e+32,179
284,4,0.3500,0.5500,2.3950e+28,1.0852e+29,1.0400e+28,3.6730e+28,1.7091e+32,7.3719e+31,179
284,5,0.5500,1.0100,1.4810e+28,1.6704e+29,8.2400e+27,1.0555e+29,6.8649e+31,3.5020e+31,179
285,0,0.0000,0.0500,2.0100e+27,0.0000e+00,1.5700e+27,1.0000e+25,2.8085e+32,2.2017e+32,178
285,1,0.0500,0.1000,4.8600e+27,1.5900e+27,2.9400e+27,2.8000e+26,1.9539e+32,1.3777e+32,178
285,2,0.1000,0.2000,1.3230e+28,1.7180e+28,7.8600e+27,3.9900e+27,2.9169e+32,1.6941e+32,178
285,3,0.2000,0.3500,2.2780e+28,6.2120e+28,1.0740e+28,1.6550e+28,2.5457e+32,1.2508e+32,178
285,4,0.3500,0.5500,2.4040e+28,1.1114e+29,1.0420e+28,3.7500e+28,1.6803e+32,7.2105e+31,178
285,5,0.5500,1.0100,1.5070e+28,1.6460e+29,7.9200e+27,1.0573e+29,6.7200e+31,3.3399e+31,178
286,0,0.0000,0.0500,2.0900e+27,0.0000e+00,1.5200e+27,3.0000e+25,2.7119e+32,2.2186e+32,176
286,1,0.0500,0.1000,4.6700e+27,1.8400e+27,2.9900e+27,3.5000e+26,1.9727e+32,1.4065e+32,176
286,2,0.1000,0.2000,1.3570e+28,1.7640e+28,7.9900e+27,3.6500e+27,2.8719e+32,1.6330e+32,176
286,3,0.2000,0.3500,2.2480e+28,6.2280e+28,1.0550e+28,1.6490e+28,2.5257e+32,1.2101e+32,176
286,4,0.3500,0.5500,2.4460e+28,1.1160e+29,1.0010e+28,3.8380e+28,1.6737e+32,7.0346e+31,176
286,5,0.5500,1.0100,1.4620e+28,1.6263e+29,7.0800e+27,1.0717e+29,6.5151e+31,3.1782e+31,176
287,0,0.0000,0.0500,1.9500e+27,5.0000e+25,1.5600e+27,0.0000e+00,2.6788e+32,2.2623e+32,176
287,1,0.0500,0.1000,4.8300e+27,2.1100e+27,3.5600e+27,3.9000e+26,1.9591e+32,1.4329e+32,176
287,2,0.1000,0.2000,1.3270e+28,1.6630e+28,7.7500e+27,3.8600e+27,2.8597e+32,1.5817e+32,176
287,3,0.2000,0.3500,2.2770e+28,6.1600e+28,1.1020e+28,1.6800e+28,2.5803e+32,1.2155e+32,176
287,4,0.3500,0.5500,2.4100e+28,1.1132e+29,9.6200e+27,3.8290e+28,1.6675e+32,6.8335e+31,176
287,5,0.5500,1.0100,1.3860e+28,1.6378e+29,7.0700e+27,1.0590e+29,6.3015e+31,3.1002e+31,176
288,0,0.0000,0.0500,2.0400e+27,4.0000e+25,1.5300e+27,0.0000e+00,2.6123e+32,2.3354e+32,174
288,1,0.0500,0.1000,4.8300e+27,2.2800e+27,3.2200e+27,4.7000e+26,1.9392e+32,1.3518e+32,174
288,2,0.1000,0.2000,1.3440e+28,1.7700e+28,7.5200e+27,3.5800e+27,2.8273e+32,1.5520e+32,174
288,3,0.2000,0.3500,2.2990e+28,6.2150e+28,1.0840e+28,1.7100e+28,2.5852e+32,1.2079e+32,174
288,4,0.3500,0.5500,2.3430e+28,1.0923e+29,9.5600e+27,3.7220e+28,1.6235e+32,6.5303e+31,174
288,5,0.5500,1.0100,1.3510e+28,1.6461e+29,7.0400e+27,1.0581e+29,6.1355e+31,2.9627e+31,174
289,0,0.0000,0.0500,2.3300e+27,2.0000e+25,1.4200e+27,0.0000e+00,2.5321e+32,2.3658e+32,173
289,1,0.0500,0.1000,5.3600e+27,2.3600e+27,3.3300e+27,3.7000e+26,1.9661e+32,1.3181e+32,173
289,2,0.1000,0.2000,1.4630e+28,1.6810e+28,7.7600e+27,3.6900e+27,2.7939e+32,1.5534e+32,173
289,3,0.2000,0.3500,2.3710e+28,6.0790e+28,1.0490e+28,1.5420e+28,2.6192e+32,1.1872e+32,173
289,4,0.3500,0.5500,2.2850e+28,1.0634e+29,8.9500e+27,3.6080e+28,1.5974e+32,6.3863e+31,173
289,5,0.5500,1.0100,1.3030e+28,1.5769e+29,6.5700e+27,9.8850e+28,5.8783e+31,2.8573e+31,173
290,0,0.0000,0.0500,2.2300e+27,3.0000e+25,1.7100e+27,1.0000e+25,3.2680e+32,1.9408e+32,173
290,1,0.0500,0.1000,4.8800e+27,2.7600e+27,3.5600e+27,4.6000e+26,1.9718e+32,1.3235e+32,173
290,2,0.1000,0.2000,1.3780e+28,1.7920e+28,7.7600e+27,3.6600e+27,2.7657e+32,1.5860e+32,173
290,3,0.2000,0.3500,2.3420e+28,6.3740e+28,1.0580e+28,1.6890e+28,2.6061e+32,1.1929e+32,173
290,4,0.3500,0.5500,2.2970e+28,1.1131e+29,9.7500e+27,3.6340e+28,1.5749e+32,6.3639e+31,173
290,5,0.5500,1.0100,1.3380e+28,1.5194e+29,6.7300e+27,1.0404e+29,5.6162e+31,2.8651e+31,173
291,0,0.0000,0.0500,1.9900e+27,7.0000e+25,1.4900e+27,0.0000e+00,3.2114e+32,1.9582e+32,171
291,1,0.0500,0.1000,5.0900e+27,2.4400e+27,3.3600e+27,3.7000e+26,1.9890e+32,1.2853e+32,171
291,2,0.1000,0.2000,1.3540e+28,1.7970e+28,7.3100e+27,4.1600e+27,2.7216e+32,1.5820e+32,171
291,3,0.2000,0.3500,2.3390e+28,6.3810e+28,1.0250e+28,1.5890e+28,2.5967e+32,1.1517e+32,171
291,4,0.3500,0.5500,2.2190e+28,1.0443e+29,9.1600e+27,3.3910e+28,1.5325e+32,6.1751e+31,171
291,5,0.5500,1.0100,1.2090e+28,1.4047e+29,6.4200e+27,1.0747e+29,5.3541e+31,2.7557e+31,171
292,0,0.0000,0.0500,2.3400e+27,1.0000e+25,1.4800e+27,1.0000e+25,3.0371e+32,1.9757e+32,170
292,1,0.0500,0.1000,5.8300e+27,2.7700e+27,3.0200e+27,4.4000e+26,2.1149e+32,1.2737e+32,170
292,2,0.1000,0.2000,1.3470e+28,1.8360e+28,7.5600e+27,4.0800e+27,2.7233e+32,1.5751e+32,170
292,3,0.2000,0.3500,2.3530e+28,6.1830e+28,9.5800e+27,1.7280e+28,2.5636e+32,1.1311e+32,170
292,4,0.3500,0.5500,2.2630e+28,1.0500e+29,9.4500e+27,3.5580e+28,1.5283e+32,6.0243e+31,170
292,5,0.5500,1.0100,1.2160e+28,1.4217e+29,6.4100e+27,1.0407e+29,5.1729e+31,2.6423e+31,170
293,0,0.0000,0.0500,2.1100e+27,5.0000e+25,1.5800e+27,0.0000e+00,2.9545e+32,1.9814e+32,169
293,1,0.0500,0.1000,5.2000e+27,2.4100e+27,3.3800e+27,4.0000e+26,2.1220e+32,1.2833e+32,169
293,2,0.1000,0.2000,1.3580e+28,1.9360e+28,7.8400e+27,4.0300e+27,2.7587e+32,1.5734e+32,169
293,3,0.2000,0.3500,2.3300e+28,6.1960e+28,9.8700e+27,1.5390e+28,2.5255e+32,1.0899e+32,169
293,4,0.3500,0.5500,2.2280e+28,1.0671e+29,9.0500e+27,3.6970e+28,1.5240e+32,5.9491e+31,169
293,5,0.5500,1.0100,1.1740e+28,1.4212e+29,6.3000e+27,1.0256e+29,4.9506e+31,2.5306e+31,169
294,0,0.0000,0.0500,1.8900e+27,3.0000e+25,1.5800e+27,2.0000e+25,2.8953e+32,2.0023e+32,168
294,1,0.0500,0.1000,5.6800e+27,2.2100e+27,3.1000e+27,3.4000e+26,2.0417e+32,1.2764e+32,168
294,2,0.1000,0.2000,1.4380e+28,2.0720e+28,7.8100e+27,4.1200e+27,2.8714e+32,1.5623e+32,168
294,3,0.2000,0.3500,2.3100e+28,6.2640e+28,1.0260e+28,1.6600e+28,2.4931e+32,1.0750e+32,168
294,4,0.3500,0.5500,2.1810e+28,1.0174e+29,8.6700e+27,3.4860e+28,1.4970e+32,5.7007e+31,168
294,5,0.5500,1.0100,1.1500e+28,1.4031e+29,5.7700e+27,1.0862e+29,4.7834e+31,2.4503e+31,168
295,0,0.0000,0.0500,2.2800e+27,2.0000e+25,1.4800e+27,3.0000e+25,2.8384e+32,2.0278e+32,167
295,1,0.0500,0.1000,4.7600e+27,2.0700e+27,3.1800e+27,3.4000e+26,1.9921e+32,1.2471e+32,167
295,2,0.1000,0.2000,1.4130e+28,1.9930e+28,8.0300e+27,3.7000e+27,2.8872e+32,1.5596e+32,167
295,3,0.2000,0.3500,2.2850e+28,6.1440e+28,1.0110e+28,1.6430e+28,2.5181e+32,1.0643e+32,167
295,4,0.3500,0.5500,2.1460e+28,1.0230e+29,8.1500e+27,3.6080e+28,1.4698e+32,5.5356e+31,167
295,5,0.5500,1.0100,1.0890e+28,1.3613e+29,5.8400e+27,1.0536e+29,4.6497e+31,2.3532e+31,167
296,0,0.0000,0.0500,2.1200e+27,9.0000e+25,1.4900e+27,1.0000e+25,2.8042e+32,2.0326e+32,166
296,1,0.0500,0.1000,4.6300e+27,2.1100e+27,3.2300e+27,5.5000e+26,1.9512e+32,1.2498e+32,166
296,2,0.1000,0.2000,1.4750e+28,2.0800e+28,7.7000e+27,3.6900e+27,2.9266e+32,1.5330e+32,166
296,3,0.2000,0.3500,2.4880e+28,6.2870e+28,9.7100e+27,1.5270e+28,2.4984e+32,1.0582e+32,166
296,4,0.3500,0.5500,2.2020e+28,1.0250e+29,8.1900e+27,3.7230e+28,1.4359e+32,5.4240e+31,166
296,5,0.5500,1.0100,1.0230e+28,1.4080e+29,5.4400e+27,1.0471e+29,4.5139e+31,2.2668e+31,166
297,0,0.0000,0.0500,2.2000e+27,3.0000e+25,1.5000e+27,2.0000e+25,2.7451e+32,2.0413e+32,165
297,1,0.0500,0.1000,5.1700e+27,2.1800e+27,3.1800e+27,4.2000e+26,1.9715e+32,1.2761e+32,165
297,2,0.1000,0.2000,1.4930e+28,1.9840e+28,7.6700e+27,4.4100e+27,2.9242e+32,1.5066e+32,165
297,3,0.2000,0.3500,2.3300e+28,6.4210e+28,9.6200e+27,1.7340e+28,2.4695e+32,1.0271e+32,165
297,4,0.3500,0.5500,2.1480e+28,1.0260e+29,7.8900e+27,3.6640e+28,1.4147e+32,5.3128e+31,165
297,5,0.5500,1.0100,1.0410e+28,1.3826e+29,5.3000e+27,1.0341e+29,4.4027e+31,2.1794e+31,165
298,0,0.0000,0.0500,2.1200e+27,4.0000e+25,1.6600e+27,2.0000e+25,2.6917e+32,2.0589e+32,164
298,1,0.0500,0.1000,4.9700e+27,2.6500e+27,3.5400e+27,5.3000e+26,1.9856e+32,1.2912e+32,164
298,2,0.1000,0.2000,1.5140e+28,2.0160e+28,7.6300e+27,4.2300e+27,2.8843e+32,1.4647e+32,164
298,3,0.2000,0.3500,2.3470e+28,6.1330e+28,9.7000e+27,1.5890e+28,2.4711e+32,1.0122e+32,164
298,4,0.3500,0.5500,2.1320e+28,9.9180e+28,7.9100e+27,3.4750e+28,1.4038e+32,5.2038e+31,164
298,5,0.5500,1.0100,9.0000e+27,1.3339e+29,5.3800e+27,9.9230e+28,4.2424e+31,2.0887e+31,164
299,0,0.0000,0.0500,2.2300e+27,8.0000e+25,1.4900e+27,0.0000e+00,2.6511e+32,2.0709e+32,163
299,1,0.0500,0.1000,5.0900e+27,2.5600e+27,3.1900e+27,4.9000e+26,1.9680e+32,1.3130e+32,163
299,2,0.1000,0.2000,1.5110e+28,2.0220e+28,7.4500e+27,3.9200e+27,2.8707e+32,1.4131e+32,163
299,3,0.2000,0.3500,2.2240e+28,6.0650e+28,9.9200e+27,1.6400e+28,2.4694e+32,1.0060e+32,163
299,4,0.3500,0.5500,2.1080e+28,1.0133e+29,7.7300e+27,3.6800e+28,1.3918e+32,5.0562e+31,163
299,5,0.5500,1.0100,9.2400e+27,1.3497e+29,4.9700e+27,9.7500e+28,4.0493e+31,2.0205e+31,163
300,0,0.0000,0.0500,2.2700e+27,8.0000e+25,1.4900e+27,1.0000e+25,2.6291e+32,2.0959e+32,162
300,1,0.0500,0.1000,5.3100e+27,2.3800e+27,3.2300e+27,4.2000e+26,1.9338e+32,1.2921e+32,162
300,2,0.1000,0.2000,1.5040e+28,1.9550e+28,7.7400e+27,4.0800e+27,2.8482e+32,1.3943e+32,162
300,3,0.2000,0.3500,2.4950e+28,6.0260e+28,9.5900e+27,1.6420e+28,2.5021e+32,9.9980e+31,162
300,4,0.3500,0.5500,2.0310e+28,9.5060e+28,7.3800e+27,3.5410e+28,1.3442e+32,4.9046e+31,162
300,5,0.5500,1.0100,9.5200e+27,1.3546e+29,5.2800e+27,9.5600e+28,3.9280e+31,1.9580e+31,162
301,0,0.0000,0.0500,2.4600e+27,3.0000e+25,1.3700e+27,4.0000e+25,2.6013e+32,2.1685e+32,162
301,1,0.0500,0.1000,5.3200e+27,2.8100e+27,3.1100e+27,5.4000e+26,1.9531e+32,1.2424e+32,162
301,2,0.1000,0.2000,1.4840e+28,1.9210e+28,7.0900e+27,4.2600e+27,2.8490e+32,1.3899e+32,162
301,3,0.2000,0.3500,2.4760e+28,6.2990e+28,9.9400e+27,1.7060e+28,2.5015e+32,9.9977e+31,162
301,4,0.3500,0.5500,1.9720e+28,9.2920e+28,7.2500e+27,3.4360e+28,1.3278e+32,4.7716e+31,162
301,5,0.5500,1.0100,9.1200e+27,1.2956e+29,4.6400e+27,9.2380e+28,3.8357e+31,1.9106e+31,162
302,0,0.0000,0.0500,2.3700e+27,4.0000e+25,1.6300e+27,3.0000e+25,2.5495e+32,2.1763e+32,160
302,1,0.0500,0.1000,5.0300e+27,2.7200e+27,3.1600e+27,5.1000e+26,1.9392e+32,1.2040e+32,160
302,2,0.1000,0.2000,1.4840e+28,1.9370e+28,7.2900e+27,4.4100e+27,2.8084e+32,1.3732e+32,160
302,3,0.2000,0.3500,2.5030e+28,6.1150e+28,9.1400e+27,1.6220e+28,2.4966e+32,9.8550e+31,160
302,4,0.3500,0.5500,2.0090e+28,9.5110e+28,7.4500e+27,3.3840e+28,1.2817e+32,4.6176e+31,160
302,5,0.5500,1.0100,8.9700e+27,1.3055e+29,4.6200e+27,9.2900e+28,3.6419e+31,1.8365e+31,160
303,0,0.0000,0.0500,2.2500e+27,1.1000e+26,1.4400e+27,2.0000e+25,2.4834e+32,2.1930e+32,160
303,1,0.0500,0.1000,5.5600e+27,2.5400e+27,3.3300e+27,4.7000e+26,1.9868e+32,1.2014e+32,160
303,2,0.1000,0.2000,1.4900e+28,1.8940e+28,7.2000e+27,4.2500e+27,2.8011e+32,1.3852e+32,160
303,3,0.2000,0.3500,2.3910e+28,6.2990e+28,8.7100e+27,1.7450e+28,2.5194e+32,9.6602e+31,160
303,4,0.3500,0.5500,2.0570e+28,9.5750e+28,7.4100e+27,3.5120e+28,1.2654e+32,4.5741e+31,160
303,5,0.5500,1.0100,8.6200e+27,1.3287e+29,4.6100e+27,9.7580e+28,3.5421e+31,1.7981e+31,160
304,0,0.0000,0.0500,2.4900e+27,9.0000e+25,1.8000e+27,2.0000e+25,3.1355e+32,1.8254e+32,159
304,1,0.0500,0.1000,4.8800e+27,2.3800e+27,3.1500e+27,5.8000e+26,1.9675e+32,1.2068e+32,159
304,2,0.1000,0.2000,1.4850e+28,1.8920e+28,7.5600e+27,4.7800e+27,2.7706e+32,1.3993e+32,159
304,3,0.2000,0.3500,2.4250e+28,6.2990e+28,9.7800e+27,1.7370e+28,2.4716e+32,9.6878e+31,159
304,4,0.3500,0.5500,2.0130e+28,9.5780e+28,6.9300e+27,3.5890e+28,1.2426e+32,4.5409e+31,159
304,5,0.5500,1.0100,8.4800e+27,1.3055e+29,4.8700e+27,1.0318e+29,3.3835e+31,1.8028e+31,159
305,0,0.0000,0.0500,2.3100e+27,1.3000e+26,1.5200e+27,0.0000e+00,3.2497e+32,1.7551e+32,157
305,1,0.0500,0.1000,5.0500e+27,2.7400e+27,2.8200e+27,4.7000e+26,1.9452e+32,1.1772e+32,157
305,2,0.1000,0.2000,1.4800e+28,1.9170e+28,7.2600e+27,4.6000e+27,2.7178e+32,1.3856e+32,157
305,3,0.2000,0.3500,2.4130e+28,6.3290e+28,9.2200e+27,1.7860e+28,2.4619e+32,9.5463e+31,157
305,4,0.3500,0.5500,1.9820e+28,9.0230e+28,7.0700e+27,3.3450e+28,1.1956e+32,4.3842e+31,157
305,5,0.5500,1.0100,8.1100e+27,1.2475e+29,4.7200e+27,1.0008e+29,3.2283e+31,1.7487e+31,157
306,0,0.0000,0.0500,2.2900e+27,2.2000e+26,1.4500e+27,2.0000e+25,3.2642e+32,1.7885e+32,158
306,1,0.0500,0.1000,5.3000e+27,2.7700e+27,3.2100e+27,3.6000e+26,1.9781e+32,1.1763e+32,158
306,2,0.1000,0.2000,1.4420e+28,1.9770e+28,7.3000e+27,4.5400e+27,2.7279e+32,1.4075e+32,158
306,3,0.2000,0.3500,2.4420e+28,6.4290e+28,9.1000e+27,1.8240e+28,2.4785e+32,9.3869e+31,158
306,4,0.3500,0.5500,1.9170e+28,9.2600e+28,6.8500e+27,3.2650e+28,1.1835e+32,4.3610e+31,158
306,5,0.5500,1.0100,7.7300e+27,1.2675e+29,4.4400e+27,1.0024e+29,3.1468e+31,1.7140e+31,158
307,0,0.0000,0.0500,2.3700e+27,1.3000e+26,1.5700e+27,3.0000e+25,3.1588e+32,1.7887e+32,156
307,1,0.0500,0.1000,5.2600e+27,3.0000e+27,2.9100e+27,4.9000e+26,2.0218e+32,1.1518e+32,156
307,2,0.1000,0.2000,1.4400e+28,1.9670e+28,7.6200e+27,4.8100e+27,2.6999e+32,1.3893e+32,156
307,3,0.2000,0.3500,2.3910e+28,6.2180e+28,9.1400e+27,1.7540e+28,2.4415e+32,9.1983e+31,156
307,4,0.3500,0.5500,1.8410e+28,8.8240e+28,7.2500e+27,3.3860e+28,1.1481e+32,4.2622e+31,156
307,5,0.5500,1.0100,7.7000e+27,1.2499e+29,4.3600e+27,9.4900e+28,3.0265e+31,1.6530e+31,156
308,0,0.0000,0.0500,2.4300e+27,5.0000e+25,1.5400e+27,2.0000e+25,3.0403e+32,1.7911e+32,155
308,1,0.0500,0.1000,6.1200e+27,2.7800e+27,3.3000e+27,3.9000e+26,2.1021e+32,1.1435e+32,155
308,2,0.1000,0.2000,1.4570e+28,1.9320e+28,7.3400e+27,5.2300e+27,2.6930e+32,1.3845e+32,155
308,3,0.2000,0.3500,2.4210e+28,6.2820e+28,8.8300e+27,1.6800e+28,2.4056e+32,9.0658e+31,155
308,4,0.3500,0.5500,1.7980e+28,8.7180e+28,7.0000e+27,3.3420e+28,1.1390e+32,4.1500e+31,155
308,5,0.5500,1.0100,7.4900e+27,1.2296e+29,4.1800e+27,9.6130e+28,2.9259e+31,1.6011e+31,155
309,0,0.0000,0.0500,2.2200e+27,1.3000e+26,1.6300e+27,2.0000e+25,2.9890e+32,1.7947e+32,155
309,1,0.0500,0.1000,6.6600e+27,3.0300e+27,2.8400e+27,4.8000e+26,2.1485e+32,1.1582e+32,155
309,2,0.1000,0.2000,1.4850e+28,1.8830e+28,7.5000e+27,4.9000e+27,2.7209e+32,1.3803e+32,155
309,3,0.2000,0.3500,2.3000e+28,6.3340e+28,9.1500e+27,1.8010e+28,2.3723e+32,8.9555e+31,155
309,4,0.3500,0.5500,1.8450e+28,8.6750e+28,6.5000e+27,3.3890e+28,1.1333e+32,4.1325e+31,155
309,5,0.5500,1.0100,7.3700e+27,1.2532e+29,3.8500e+27,9.9640e+28,2.8587e+31,1.5503e+31,155
310,0,0.0000,0.0500,2.5800e+27,6.0000e+25,1.5500e+27,2.0000e+25,2.9488e+32,1.7960e+32,154
310,1,0.0500,0.1000,6.1600e+27,2.7400e+27,3.2800e+27,4.0000e+26,2.1588e+32,1.1524e+32,154
310,2,0.1000,0.2000,1.5360e+28,1.9280e+28,7.2200e+27,4.7000e+27,2.7055e+32,1.3821e+32,154
310,3,0.2000,0.3500,2.3900e+28,6.2020e+28,8.9700e+27,1.7220e+28,2.3503e+32,8.6910e+31,154
310,4,0.3500,0.5500,1.7760e+28,8.6050e+28,6.5500e+27,3.4490e+28,1.1124e+32,4.0793e+31,154
310,5,0.5500,1.0100,7.3000e+27,1.2440e+29,3.9400e+27,1.0262e+29,2.7443e+31,1.5169e+31,154
311,0,0.0000,0.0500,2.4500e+27,9.0000e+25,1.5500e+27,1.0000e+25,2.9151e+32,1.7928e+32,153
311,1,0.0500,0.1000,6.0300e+27,2.9300e+27,3.1700e+27,5.0000e+26,2.1062e+32,1.1566e+32,153
311,2,0.1000,0.2000,1.4880e+28,2.0450e+28,7.3700e+27,4.6500e+27,2.7610e+32,1.3663e+32,153
311,3,0.2000,0.3500,2.3490e+28,6.1560e+28,8.3100e+27,1.6410e+28,2.3088e+32,8.5539e+31,153
311,4,0.3500,0.5500,1.7810e+28,8.5380e+28,6.1300e+27,3.5530e+28,1.1001e+32,3.9982e+31,153
311,5,0.5500,1.0100,6.7000e+27,1.2351e+29,3.7600e+27,1.0652e+29,2.6280e+31,1.4960e+31,153
312,0,0.0000,0.0500,2.3600e+27,9.0000e+25,1.4500e+27,2.0000e+25,2.9025e+32,1.8159e+32,153
312,1,0.0500,0.1000,5.5700e+27,2.7200e+27,2.8900e+27,4.1000e+26,2.0641e+32,1.1503e+32,153
312,2,0.1000,0.2000,1.5960e+28,2.0100e+28,7.1400e+27,5.0300e+27,2.8407e+32,1.3613e+32,153
312,3,0.2000,0.3500,2.3460e+28,6.2310e+28,8.4000e+27,1.6730e+28,2.2932e+32,8.5534e+31,153
312,4,0.3500,0.5500,1.7780e+28,8.2830e+28,5.9700e+27,3.4210e+28,1.0762e+32,3.8834e+31,153
312,5,0.5500,1.0100,6.6000e+27,1.2443e+29,4.0100e+27,1.0660e+29,2.5607e+31,1.4664e+31,153
313,0,0.0000,0.0500,2.5900e+27,1.2000e+26,1.4800e+27,0.0000e+00,2.8630e+32,1.8079e+32,152
313,1,0.0500,0.1000,5.9500e+27,2.6600e+27,3.3000e+27,2.7000e+26,2.0454e+32,1.1477e+32,152
313,2,0.1000,0.2000,1.5960e+28,1.9350e+28,7.3000e+27,5.0700e+27,2.8653e+32,1.3609e+32,152
313,3,0.2000,0.3500,2.3010e+28,6.0660e+28,9.1800e+27,1.6880e+28,2.2594e+32,8.3840e+31,152
313,4,0.3500,0.5500,1.7140e+28,8.5170e+28,6.3500e+27,3.5740e+28,1.0515e+32,3.8197e+31,152
313,5,0.5500,1.0100,6.3600e+27,1.2582e+29,4.1200e+27,1.0173e+29,2.5081e+31,1.4291e+31,152
314,0,0.0000,0.0500,2.3600e+27,7.0000e+25,1.7300e+27,4.0000e+25,2.8265e+32,1.8195e+32,151
314,1,0.0500,0.1000,5.8200e+27,2.9900e+27,3.3700e+27,3.4000e+26,2.0272e+32,1.1235e+32,151
314,2,0.1000,0.2000,1.5480e+28,1.9930e+28,7.7500e+27,5.3400e+27,2.8589e+32,1.3549e+32,151
314,3,0.2000,0.3500,2.2810e+28,5.9080e+28,8.7700e+27,1.7410e+28,2.2567e+32,8.3366e+31,151
314,4,0.3500,0.5500,1.6980e+28,8.0810e+28,6.0300e+27,3.5220e+28,1.0266e+32,3.7063e+31,151
314,5,0.5500,1.0100,6.1500e+27,1.2653e+29,3.6700e+27,1.0041e+29,2.4258e+31,1.3895e+31,151
315,0,0.0000,0.0500,2.2300e+27,1.6000e+26,1.5600e+27,4.0000e+25,2.8013e+32,1.8219e+32,150
315,1,0.0500,0.1000,5.5300e+27,2.7100e+27,3.1400e+27,4.9000e+26,1.9946e+32,1.1118e+32,150
315,2,0.1000,0.2000,1.6730e+28,1.9850e+28,7.6600e+27,4.8300e+27,2.8479e+32,1.3480e+32,150
315,3,0.2000,0.3500,2.2870e+28,5.7760e+28,7.9000e+27,1.7880e+28,2.2587e+32,8.2253e+31,150
315,4,0.3500,0.5500,1.6230e+28,8.2620e+28,6.3900e+27,3.3480e+28,1.0035e+32,3.6366e+31,150
315,5,0.5500,1.0100,5.6600e+27,1.1550e+29,3.8900e+27,1.0221e+29,2.3542e+31,1.3643e+31,150
316,0,0.0000,0.0500,2.3900e+27,1.0000e+26,1.4200e+27,5.0000e+25,2.7982e+32,1.8279e+32,150
316,1,0.0500,0.1000,5.6300e+27,2.7700e+27,3.0300e+27,5.4000e+26,1.9794e+32,1.1123e+32,150
316,2,0.1000,0.2000,1.5770e+28,1.9040e+28,7.1700e+27,5.1800e+27,2.8681e+32,1.3471e+32,150
316,3,0.2000,0.3500,2.3900e+28,5.9900e+28,8.2800e+27,1.8050e+28,2.2578e+32,8.2239e+31,150
316,4,0.3500,0.5500,1.6440e+28,7.9870e+28,6.1000e+27,3.6690e+28,9.8689e+31,3.6076e+31,150
316,5,0.5500,1.0100,5.6300e+27,1.1764e+29,3.6200e+27,1.0564e+29,2.2998e+31,1.3436e+31,150
317,0,0.0000,0.0500,2.5000e+27,1.3000e+26,1.6100e+27,6.0000e+25,2.7784e+32,1.8241e+32,149
317,1,0.0500,0.1000,5.6000e+27,2.8200e+27,3.3000e+27,4.6000e+26,1.9611e+32,1.1060e+32,149
317,2,0.1000,0.2000,1.6050e+28,2.0000e+28,7.1400e+27,4.8000e+27,2.8769e+32,1.3341e+32,149
317,3,0.2000,0.3500,2.3260e+28,5.9250e+28,7.7500e+27,1.8050e+28,2.2281e+32,8.1781e+31,149
317,4,0.3500,0.5500,1.5850e+28,7.7360e+28,5.7200e+27,3.6330e+28,9.5781e+31,3.5369e+31,149
317,5,0.5500,1.0100,5.7400e+27,1.1560e+29,3.2900e+27,1.0734e+29,2.2176e+31,1.3132e+31,149
318,0,0.0000,0.0500,2.5200e+27,1.4000e+26,1.5400e+27,4.0000e+25,2.7811e+32,1.8275e+32,149
318,1,0.0500,0.1000,5.6300e+27,2.7600e+27,3.3800e+27,5.7000e+26,1.9478e+32,1.1172e+32,149
318,2,0.1000,0.2000,1.6820e+28,1.9220e+28,7.5100e+27,5.1300e+27,2.9093e+32,1.3245e+32,149
318,3,0.2000,0.3500,2.3210e+28,5.8020e+28,8.1500e+27,1.7850e+28,2.2069e+32,8.1638e+31,149
318,4,0.3500,0.5500,1.5600e+28,7.4590e+28,5.8000e+27,3.6860e+28,9.4086e+31,3.5174e+31,149
318,5,0.5500,1.0100,5.6600e+27,1.1319e+29,3.6700e+27,1.0628e+29,2.1520e+31,1.3007e+31,149
319,0,0.0000,0.0500,2.5200e+27,7.0000e+25,1.4600e+27,1.0000e+25,2.7535e+32,1.8271e+32,148
319,1,0.0500,0.1000,5.5500e+27,2.6500e+27,2.7600e+27,5.0000e+26,1.9571e+32,1.1086e+32,148
319,2,0.1000,0.2000,1.6150e+28,2.0220e+28,7.6600e+27,4.9500e+27,2.8956e+32,1.3122e+32,148
319,3,0.2000,0.3500,2.2380e+28,5.6190e+28,8.3900e+27,1.6700e+28,2.1724e+32,8.0735e+31,148
319,4,0.3500,0.5500,1.5120e+28,7.3370e+28,5.9100e+27,3.5780e+28,9.1348e+31,3.4822e+31,148
319,5,0.5500,1.0100,5.8700e+27,1.1710e+29,3.4400e+27,1.0731e+29,2.1069e+31,1.2722e+31,148
320,0,0.0000,0.0500,2.7900e+27,1.3000e+26,1.4700e+27,1.0000e+25,2.7432e+32,1.8177e+32,147
320,1,0.0500,0.1000,5.3200e+27,2.5500e+27,2.9500e+27,6.1000e+26,1.9386e+32,1.1189e+32,147
320,2,0.1000,0.2000,1.6320e+28,2.0320e+28,7.1700e+27,5.2900e+27,2.8894e+32,1.2967e+32,147
320,3,0.2000,0.3500,2.2390e+28,5.7470e+28,8.4200e+27,1.9230e+28,2.1349e+32,7.9553e+31,147
320,4,0.3500,0.5500,1.5110e+28,7.3400e+28,5.2900e+27,3.5580e+28,8.9931e+31,3.4056e+31,147
320,5,0.5500,1.0100,5.5500e+27,1.2223e+29,3.2000e+27,1.0835e+29,2.0543e+31,1.2502e+31,147
321,0,0.0000,0.0500,2.7400e+27,1.6000e+26,1.4200e+27,2.0000e+25,2.7407e+32,1.8258e+32,147
321,1,0.0500,0.1000,5.7300e+27,2.3900e+27,3.2700e+27,5.6000e+26,1.9428e+32,1.1280e+32,147
321,2,0.1000,0.2000,1.5740e+28,1.9700e+28,7.2800e+27,5.2400e+27,2.8888e+32,1.2941e+32,147
321,3,0.2000,0.3500,2.1790e+28,5.2700e+28,8.1700e+27,1.7950e+28,2.1347e+32,7.8558e+31,147
321,4,0.3500,0.5500,1.5030e+28,7.2430e+28,5.4200e+27,3.6360e+28,8.8081e+31,3.3847e+31,147
321,5,0.5500,1.0100,5.0300e+27,1.3283e+29,3.5300e+27,1.0762e+29,2.0150e+31,1.2278e+31,147
322,0,0.0000,0.0500,2.6800e+27,1.0000e+26,1.2600e+27,5.0000e+25,2.7026e+32,1.8330e+32,147
322,1,0.0500,0.1000,6.0100e+27,2.6900e+27,3.5500e+27,6.8000e+26,1.9937e+32,1.1338e+32,147
322,2,0.1000,0.2000,1.6730e+28,1.9340e+28,7.7000e+27,5.6100e+27,2.8929e+32,1.2931e+32,147
322,3,0.2000,0.3500,2.1860e+28,5.7320e+28,8.4700e+27,1.7880e+28,2.1117e+32,7.8032e+31,147
322,4,0.3500,0.5500,1.4390e+28,7.4210e+28,5.7200e+27,3.5680e+28,8.7086e+31,3.3361e+31,147
322,5,0.5500,1.0100,4.8900e+27,1.2793e+29,3.4700e+27,1.1215e+29,1.9727e+31,1.2240e+31,147
323,0,0.0000,0.0500,2.3500e+27,1.3000e+26,1.4400e+27,2.0000e+25,2.6602e+32,1.8145e+32,145
323,1,0.0500,0.1000,5.4400e+27,2.9000e+27,3.1600e+27,5.6000e+26,1.9853e+32,1.1263e+32,145
323,2,0.1000,0.2000,1.7090e+28,1.9860e+28,7.0300e+27,5.8900e+27,2.8552e+32,1.2772e+32,145
323,3,0.2000,0.3500,2.2070e+28,5.5520e+28,8.1000e+27,1.8530e+28,2.0636e+32,7.5975e+31,145
323,4,0.3500,0.5500,1.4520e+28,7.1230e+28,5.6400e+27,3.7530e+28,8.5038e+31,3.2788e+31,145
323,5,0.5500,1.0100,5.1000e+27,1.2135e+29,3.3000e+27,1.0732e+29,1.9004e+31,1.1979e+31,145
324,0,0.0000,0.0500,2.4000e+27,1.4000e+26,1.7600e+27,2.0000e+25,2.6675e+32,1.8316e+32,145
324,1,0.0500,0.1000,5.7700e+27,2.4200e+27,3.0600e+27,4.7000e+26,1.9729e+32,1.1206e+32,145
324,2,0.1000,0.2000,1.6860e+28,1.8800e+28,7.5300e+27,5.7100e+27,2.8482e+32,1.2736e+32,145
324,3,0.2000,0.3500,2.1520e+28,5.5410e+28,8.7700e+27,1.7690e+28,2.0737e+32,7.5681e+31,145
324,4,0.3500,0.5500,1.3750e+28,7.0490e+28,5.5300e+27,3.5800e+28,8.3744e+31,3.2711e+31,145
324,5,0.5500,1.0100,5.1400e+27,1.2615e+29,3.2200e+27,1.0099e+29,1.8557e+31,1.1655e+31,145
325,0,0.0000,0.0500,2.6000e+27,1.2000e+26,1.6200e+27,0.0000e+00,2.6743e+32,1.8371e+32,145
325,1,0.0500,0.1000,6.0600e+27,2.6700e+27,3.4000e+27,6.0000e+26,1.9741e+32,1.1279e+32,145
325,2,0.1000,0.2000,1.6330e+28,1.9000e+28,7.3100e+27,5.7300e+27,2.8440e+32,1.2655e+32,145
325,3,0.2000,0.3500,2.2520e+28,5.5300e+28,7.8000e+27,1.8100e+28,2.0726e+32,7.5688e+31,145
325,4,0.3500,0.5500,1.4380e+28,6.9270e+28,4.8800e+27,3.6290e+28,8.2179e+31,3.2351e+31,145
325,5,0.5500,1.0100,4.5200e+27,1.2385e+29,3.2800e+27,1.0391e+29,1.8204e+31,1.1486e+31,145
326,0,0.0000,0.0500,2.6700e+27,1.8000e+26,1.5800e+27,6.0000e+25,2.6625e+32,1.8269e+32,144
326,1,0.0500,0.1000,5.2700e+27,2.6200e+27,3.1300e+27,6.8000e+26,1.9654e+32,1.1262e+32,144
326,2,0.1000,0.2000,1.6300e+28,1.9600e+28,6.9700e+27,5.2200e+27,2.8103e+32,1.2532e+32,144
326,3,0.2000,0.3500,2.2030e+28,5.2980e+28,8.4200e+27,1.9600e+28,2.0624e+32,7.5233e+31,144
326,4,0.3500,0.5500,1.3550e+28,6.6120e+28,5.3600e+27,3.6610e+28,7.9866e+31,3.1740e+31,144
326,5,0.5500,1.0100,4.9100e+27,1.2023e+29,3.1100e+27,1.1194e+29,1.7828e+31,1.1441e+31,144
327,0,0.0000,0.0500,2.2200e+27,2.0000e+26,1.8600e+27,2.0000e+25,2.6658e+32,1.8303e+32,144
327,1,0.0500,0.1000,5.5300e+27,2.2700e+27,3.3600e+27,7.6000e+26,1.9733e+32,1.1272e+32,144
327,2,0.1000,0.2000,1.6720e+28,1.7720e+28,7.9100e+27,5.7700e+27,2.8098e+32,1.2545e+32,144
327,3,0.2000,0.3500,2.1680e+28,5.5480e+28,8.3600e+27,1.9670e+28,2.0523e+32,7.5218e+31,144
327,4,0.3500,0.5500,1.2760e+28,6.8150e+28,5.2000e+27,3.8940e+28,7.8483e+31,3.1645e+31,144
327,5,0.5500,1.0100,4.4900e+27,1.2414e+29,3.2600e+27,1.1409e+29,1.7476e+31,1.1378e+31,144
328,0,0.0000,0.0500,2.5100e+27,1.7000e+26,1.5000e+27,0.0000e+00,2.6331e+32,1.8284e+32,143
328,1,0.0500,0.1000,5.5400e+27,2.4700e+27,3.1600e+27,5.8000e+26,1.9844e+32,1.1214e+32,143
328,2,0.1000,0.2000,1.6480e+28,1.8310e+28,7.8600e+27,5.5600e+27,2.7919e+32,1.2384e+32,143
328,3,0.2000,0.3500,2.2470e+28,5.1880e+28,8.3600e+27,1.8940e+28,2.0239e+32,7.4708e+31,143
328,4,0.3500,0.5500,1.2980e+28,6.6470e+28,5.5400e+27,3.7380e+28,7.6615e+31,3.1277e+31,143
328,5,0.5500,1.0100,4.5100e+27,1.3162e+29,3.1400e+27,1.1392e+29,1.7014e+31,1.1280e+31,143
329,0,0.0000,0.0500,2.3800e+27,9.0000e+25,1.6400e+27,3.0000e+25,2.6390e+32,1.8307e+32,143
329,1,0.0500,0.1000,5.7800e+27,2.6600e+27,3.4600e+27,8.5000e+26,1.9883e+32,1.1290e+32,143
329,2,0.1000,0.2000,1.6830e+28,1.7770e+28,6.9700e+27,5.4200e+27,2.7840e+32,1.2336e+32,143
329,3,0.2000,0.3500,2.1260e+28,5.2140e+28,8.2800e+27,1.9400e+28,2.0042e+32,7.4669e+31,143
329,4,0.3500,0.5500,1.3250e+28,6.7050e+28,5.6300e+27,3.8080e+28,7.7030e+31,3.1235e+31,143
329,5,0.5500,1.0100,4.3800e+27,1.2956e+29,2.9100e+27,1.1395e+29,1.6766e+31,1.1225e+31,143
330,0,0.0000,0.0500,2.9000e+27,1.5000e+26,1.7500e+27,4.0000e+25,2.6174e+32,1.8204e+32,142
330,1,0.0500,0.1000,5.9100e+27,2.4200e+27,3.4200e+27,6.8000e+26,1.9875e+32,1.1285e+32,142
330,2,0.1000,0.2000,1.6080e+28,1.8090e+28,7.3900e+27,6.1000e+27,2.7560e+32,1.2203e+32,142
330,3,0.2000,0.3500,1.9980e+28,5.2000e+28,7.5900e+27,1.9700e+28,1.9846e+32,7.4121e+31,142
330,4,0.3500,0.5500,1.2660e+28,6.7790e+28,5.4400e+27,3.8700e+28,7.5510e+31,3.0908e+31,142
330,5,0.5500,1.0100,4.3700e+27,1.3445e+29,3.1800e+27,1.1927e+29,1.6384e+31,1.1163e+31,142
331,0,0.0000,0.0500,2.0800e+27,1.4000e+26,1.4900e+27,3.0000e+25,2.6083e+32,1.8226e+32,142
331,1,0.0500,0.1000,5.8000e+27,2.3700e+27,3.4700e+27,7.6000e+26,1.9847e+32,1.1409e+32,142
331,2,0.1000,0.2000,1.6470e+28,1.7310e+28,7.0500e+27,5.4100e+27,2.7788e+32,1.2098e+32,142
331,3,0.2000,0.3500,2.0220e+28,5.2090e+28,8.0100e+27,1.9790e+28,1.9595e+32,7.4079e+31,142
331,4,0.3500,0.5500,1.2970e+28,7.0590e+28,5.0000e+27,4.0880e+28,7.5758e+31,3.0875e+31,142
331,5,0.5500,1.0100,4.5100e+27,1.3405e+29,3.3200e+27,1.1971e+29,1.6110e+31,1.1232e+31,142
332,0,0.0000,0.0500,2.3700e+27,1.5000e+26,1.4600e+27,1.0000e+25,2.6133e+32,1.8246e+32,142
332,1,0.0500,0.1000,5.6200e+27,2.2600e+27,3.1500e+27,5.9000e+26,1.9875e+32,1.1424e+32,142
332,2,0.1000,0.2000,1.5890e+28,1.7150e+28,6.7500e+27,5.5200e+27,2.7808e+32,1.2105e+32,142
332,3,0.2000,0.3500,2.0950e+28,5.1280e+28,7.6700e+27,2.0920e+28,1.9482e+32,7.4072e+31,142
332,4,0.3500,0.5500,1.3620e+28,6.7880e+28,5.3400e+27,3.9150e+28,7.4655e+31,3.0867e+31,142
332,5,0.5500,1.0100,3.9400e+27,1.2767e+29,3.2900e+27,1.2229e+29,1.5763e+31,1.1253e+31,142
333,0,0.0000,0.0500,2.6000e+27,1.9000e+26,1.5100e+27,3.0000e+25,2.5998e+32,1.8138e+32,141
333,1,0.0500,0.1000,5.4600e+27,2.0300e+27,3.1300e+27,6.7000e+26,1.9772e+32,1.1352e+32,141
333,2,0.1000,0.2000,1.6700e+28,1.7480e+28,7.3100e+27,5.5100e+27,2.7614e+32,1.2027e+32,141
333,3,0.2000,0.3500,2.0410e+28,5.0160e+28,8.0500e+27,2.0120e+28,1.9212e+32,7.3464e+31,141
333,4,0.3500,0.5500,1.2930e+28,6.7080e+28,5.6000e+27,4.1590e+28,7.3212e+31,3.0592e+31,141
333,5,0.5500,1.0100,4.3900e+27,1.3053e+29,3.1900e+27,1.1840e+29,1.5400e+31,1.1195e+31,141
334,0,0.0000,0.0500,2.5600e+27,1.8000e+26,1.8600e+27,5.0000e+25,2.6046e+32,1.8163e+32,141
334,1,0.0500,0.1000,6.3000e+27,2.3500e+27,3.3700e+27,8.1000e+26,1.9806e+32,1.1363e+32,141
334,2,0.1000,0.2000,1.6490e+28,1.6860e+28,7.1000e+27,6.0800e+27,2.7625e+32,1.2031e+32,141
334,3,0.2000,0.3500,1.9960e+28,5.1580e+28,7.9300e+27,2.0450e+28,1.9099e+32,7.3497e+31,141
334,4,0.3500,0.5500,1.2300e+28,7.0760e+28,5.5100e+27,4.1640e+28,7.2352e+31,3.0586e+31,141
334,5,0.5500,1.0100,4.3400e+27,1.3380e+29,3.3600e+27,1.2742e+29,1.5267e+31,1.1239e+31,141
335,0,0.0000,0.0500,2.4600e+27,1.3000e+26,1.6000e+27,0.0000e+00,2.5903e+32,1.8056e+32,140
335,1,0.0500,0.1000,5.7600e+27,2.3100e+27,3.2500e+27,7.0000e+26,1.9693e+32,1.1297e+32,140
335,2,0.1000,0.2000,1.6380e+28,1.7160e+28,7.0800e+27,6.2300e+27,2.7434e+32,1.1958e+32,140
335,3,0.2000,0.3500,2.0470e+28,5.0640e+28,8.1400e+27,1.9390e+28,1.8870e+32,7.2909e+31,140
335,4,0.3500,0.5500,1.2820e+28,7.2150e+28,5.6400e+27,4.0930e+28,7.1205e+31,3.0373e+31,140
335,5,0.5500,1.0100,3.9700e+27,1.3700e+29,3.1000e+27,1.2243e+29,1.5046e+31,1.1140e+31,140
336,0,0.0000,0.0500,2.4700e+27,1.9000e+26,1.4600e+27,5.0000e+25,2.5945e+32,1.8078e+32,140
336,1,0.0500,0.1000,5.7000e+27,2.1700e+27,3.6800e+27,8.1000e+26,1.9716e+32,1.1305e+32,140
336,2,0.1000,0.2000,1.5860e+28,1.6160e+28,7.1000e+27,5.4800e+27,2.7442e+32,1.1964e+32,140
336,3,0.2000,0.3500,1.9710e+28,5.0020e+28,8.1600e+27,1.9770e+28,1.8775e+32,7.2823e+31,140
336,4,0.3500,0.5500,1.2420e+28,6.9970e+28,5.2200e+27,4.2650e+28,7.0474e+31,3.0319e+31,140
336,5,0.5500,1.0100,4.1100e+27,1.3808e+29,2.9900e+27,1.2795e+29,1.4945e+31,1.1069e+31,140
337,0,0.0000,0.0500,2.8400e+27,8.0000e+25,1.7100e+27,3.0000e+25,2.5986e+32,1.8097e+32,140
337,1,0.0500,0.1000,5.9700e+27,1.8500e+27,3.4800e+27,7.4000e+26,1.9732e+32,1.1316e+32,140
337,2,0.1000,0.2000,1.7190e+28,1.6360e+28,7.2500e+27,6.0100e+27,2.7436e+32,1.1971e+32,140
337,3,0.2000,0.3500,2.0950e+28,4.8390e+28,8.0900e+27,2.0030e+28,1.8685e+32,7.2697e+31,140
337,4,0.3500,0.5500,1.2330e+28,7.1820e+28,5.2500e+27,4.3600e+28,6.9678e+31,3.0302e+31,140
337,5,0.5500,1.0100,4.5900e+27,1.4088e+29,3.2900e+27,1.3183e+29,1.4921e+31,1.1076e+31,140
338,0,0.0000,0.0500,2.4200e+27,1.8000e+26,1.3500e+27,1.0000e+25,2.5882e+32,1.7986e+32,139
338,1,0.0500,0.1000,5.7700e+27,2.0000e+27,3.3500e+27,5.2000e+26,1.9724e+32,1.1185e+32,139
338,2,0.1000,0.2000,1.5860e+28,1.7100e+28,7.1500e+27,5.5100e+27,2.7095e+32,1.1940e+32,139
338,3,0.2000,0.3500,2.0060e+28,5.0730e+28,7.6300e+27,1.8810e+28,1.8539e+32,7.2097e+31,139
338,4,0.3500,0.5500,1.2000e+28,7.0950e+28,5.1800e+27,4.5650e+28,6.7797e+31,3.0211e+31,139
338,5,0.5500,1.0100,4.3900e+27,1.4239e+29,3.3300e+27,1.3433e+29,1.4795e+31,1.1100e+31,139
339,0,0.0000,0.0500,2.4300e+27,2.2000e+26,1.5600e+27,0.0000e+00,2.6289e+32,1.8134e+32,140
339,1,0.0500,0.1000,6.2900e+27,2.0700e+27,3.5100e+27,6.1000e+26,1.9787e+32,1.1161e+32,140
339,2,0.1000,0.2000,1.6650e+28,1.6960e+28,6.8700e+27,6.1000e+27,2.7203e+32,1.2129e+32,140
339,3,0.2000,0.3500,2.0320e+28,4.8400e+28,8.3600e+27,2.1080e+28,1.8654e+32,7.2550e+31,140
339,4,0.3500,0.5500,1.2160e+28,7.2180e+28,5.7700e+27,4.6100e+28,6.6945e+31,3.0429e+31,140
339,5,0.5500,1.0100,4.0300e+27,1.5042e+29,3.3000e+27,1.3572e+29,1.4900e+31,1.1255e+31,140
340,0,0.0000,0.0500,2.5300e+27,1.1000e+26,1.7200e+27,7.0000e+25,2.5953e+32,1.7894e+32,138
340,1,0.0500,0.1000,5.9700e+27,1.9800e+27,3.6700e+27,6.7000e+26,1.9525e+32,1.0986e+32,138
340,2,0.1000,0.2000,1.5520e+28,1.6910e+28,7.1500e+27,5.8700e+27,2.6998e+32,1.1977e+32,138
340,3,0.2000,0.3500,2.0300e+28,4.8150e+28,8.0300e+27,2.0330e+28,1.8156e+32,7.1544e+31,138
340,4,0.3500,0.5500,1.1410e+28,7.2190e+28,5.3800e+27,4.4390e+28,6.4939e+31,2.9991e+31,138
340,5,0.5500,1.0100,4.0400e+27,1.5253e+29,3.3500e+27,1.3971e+29,1.4685e+31,1.1161e+31,138
341,0,0.0000,0.0500,2.3000e+27,1.2000e+26,1.5100e+27,6.0000e+25,2.6176e+32,1.8037e+32,139
341,1,0.0500,0.1000,6.3000e+27,1.8400e+27,3.0800e+27,6.6000e+26,1.9678e+32,1.1005e+32,139
341,2,0.1000,0.2000,1.6800e+28,1.5900e+28,7.1400e+27,5.9700e+27,2.7179e+32,1.2137e+32,139
341,3,0.2000,0.3500,2.0200e+28,4.9080e+28,8.2700e+27,2.1200e+28,1.8290e+32,7.2102e+31,139
341,4,0.3500,0.5500,1.1340e+28,7.3540e+28,5.4900e+27,4.3050e+28,6.4023e+31,3.0182e+31,139
341,5,0.5500,1.0100,4.3800e+27,1.6248e+29,3.3000e+27,1.3991e+29,1.4855e+31,1.1342e+31,139
342,0,0.0000,0.0500,2.5800e+27,7.0000e+25,1.4900e+27,5.0000e+25,2.6257e+32,1.7832e+32,138
342,1,0.0500,0.1000,5.7600e+27,1.9500e+27,3.1600e+27,7.7000e+26,1.9318e+32,1.0938e+32,138
342,2,0.1000,0.2000,1.5660e+28,1.4990e+28,7.1800e+27,5.9400e+27,2.6949e+32,1.2127e+32,138
342,3,0.2000,0.3500,2.0130e+28,4.7800e+28,7.7300e+27,2.1330e+28,1.8086e+32,7.1545e+31,138
342,4,0.3500,0.5500,1.1130e+28,7.4350e+28,5.5400e+27,4.4550e+28,6.3201e+31,2.9941e+31,138
342,5,0.5500,1.0100,4.0800e+27,1.6215e+29,3.2300e+27,1.4240e+29,1.4856e+31,1.1371e+31,138
343,0,0.0000,0.0500,2.2300e+27,1.4000e+26,1.5800e+27,4.0000e+25,2.6290e+32,1.7851e+32,138
343,1,0.0500,0.1000,5.3800e+27,1.6500e+27,3.6000e+27,8.1000e+26,1.9326e+32,1.0943e+32,138
343,2,0.1000,0.2000,1.6750e+28,1.4900e+28,7.2500e+27,6.2100e+27,2.6913e+32,1.2129e+32,138
343,3,0.2000,0.3500,1.9910e+28,4.7490e+28,7.8200e+27,2.0610e+28,1.8001e+32,7.1466e+31,138
343,4,0.3500,0.5500,1.0860e+28,7.1830e+28,5.7300e+27,4.2890e+28,6.2815e+31,2.9893e+31,138
343,5,0.5500,1.0100,4.0700e+27,1.6226e+29,3.0000e+27,1.4826e+29,1.4896e+31,1.1560e+31,138
344,0,0.0000,0.0500,2.3400e+27,2.0000e+26,1.5800e+27,3.0000e+25,2.6318e+32,1.7866e+32,138
344,1,0.0500,0.1000,5.7200e+27,1.6600e+27,3.1100e+27,8.4000e+26,1.9335e+32,1.0943e+32,138
344,2,0.1000,0.2000,1.5970e+28,1.5450e+28,6.9200e+27,5.6700e+27,2.7054e+32,1.2130e+32,138
344,3,0.2000,0.3500,1.9430e+28,4.7750e+28,7.9000e+27,2.1530e+28,1.7745e+32,7.1274e+31,138
344,4,0.3500,0.5500,1.1010e+28,7.3540e+28,5.5700e+27,4.6550e+28,6.2480e+31,2.9981e+31,138
344,5,0.5500,1.0100,4.0800e+27,1.6308e+29,3.4400e+27,1.5002e+29,1.4813e+31,1.1697e+31,138
345,0,0.0000,0.0500,2.5600e+27,1.0000e+26,1.4800e+27,8.0000e+25,2.6343e+32,1.7881e+32,138
345,1,0.0500,0.1000,5.6500e+27,1.8300e+27,3.0000e+27,6.3000e+26,1.9349e+32,1.0860e+32,138
345,2,0.1000,0.2000,1.6390e+28,1.4800e+28,7.2600e+27,6.5800e+27,2.7070e+32,1.2203e+32,138
345,3,0.2000,0.3500,1.9280e+28,4.8220e+28,7.5500e+27,2.0700e+28,1.7629e+32,7.0955e+31,138
345,4,0.3500,0.5500,1.0920e+28,7.2850e+28,5.4300e+27,4.6550e+28,6.2117e+31,3.0270e+31,138
345,5,0.5500,1.0100,3.9200e+27,1.6240e+29,3.8000e+27,1.5524e+29,1.4790e+31,1.1869e+31,138
346,0,0.0000,0.0500,2.6800e+27,1.6000e+26,1.5100e+27,1.0000e+25,2.6182e+32,1.7732e+32,137
346,1,0.0500,0.1000,5.9700e+27,1.6000e+27,3.4200e+27,6.6000e+26,1.9272e+32,1.0758e+32,137
346,2,0.1000,0.2000,1.6770e+28,1.5340e+28,7.0000e+27,6.6200e+27,2.6952e+32,1.2172e+32,137
346,3,0.2000,0.3500,1.9700e+28,4.6540e+28,8.0200e+27,2.0280e+28,1.7275e+32,7.0338e+31,137
346,4,0.3500,0.5500,1.0830e+28,7.3640e+28,5.5000e+27,4.5920e+28,6.1208e+31,3.0118e+31,137
346,5,0.5500,1.0100,4.2400e+27,1.7184e+29,3.6300e+27,1.6284e+29,1.4745e+31,1.1936e+31,137
347,0,0.0000,0.0500,2.6500e+27,9.0000e+25,1.6200e+27,3.0000e+25,2.6402e+32,1.7751e+32,138
347,1,0.0500,0.1000,5.8500e+27,1.7000e+27,3.2900e+27,6.9000e+26,1.9601e+32,1.0933e+32,138
347,2,0.1000,0.2000,1.6330e+28,1.5870e+28,7.5100e+27,6.8600e+27,2.7158e+32,1.2278e+32,138
347,3,0.2000,0.3500,1.9040e+28,4.5350e+28,8.4400e+27,2.0380e+28,1.7146e+32,7.0862e+31,138
347,4,0.3500,0.5500,1.0860e+28,7.2560e+28,5.5600e+27,4.7190e+28,6.0958e+31,3.0345e+31,138
347,5,0.5500,1.0100,4.2500e+27,1.7436e+29,3.9100e+27,1.6155e+29,1.4976e+31,1.2317e+31,138
348,0,0.0000,0.0500,2.6700e+27,8.0000e+25,1.4700e+27,4.0000e+25,2.6240e+32,1.7588e+32,137
348,1,0.0500,0.1000,6.3500e+27,1.5600e+27,3.4100e+27,7.1000e+26,1.9470e+32,1.0818e+32,137
348,2,0.1000,0.2000,1.6960e+28,1.4300e+28,7.2400e+27,6.0000e+27,2.6955e+32,1.2202e+32,137
348,3,0.2000,0.3500,1.9460e+28,4.5310e+28,7.8500e+27,2.1660e+28,1.6932e+32,7.0993e+31,137
348,4,0.3500,0.5500,1.0770e+28,7.5370e+28,5.6100e+27,4.5700e+28,6.0179e+31,3.0144e+31,137
348,5,0.5500,1.0100,4.3100e+27,1.8969e+29,4.1300e+27,1.6419e+29,1.5045e+31,1.2378e+31,137
349,0,0.0000,0.0500,2.4900e+27,1.1000e+26,1.7300e+27,3.0000e+25,2.6510e+32,1.7600e+32,137
349,1,0.0500,0.1000,5.6600e+27,1.4500e+27,3.0900e+27,5.4000e+26,1.9235e+32,1.0757e+32,137
349,2,0.1000,0.2000,1.6510e+28,1.3620e+28,7.1700e+27,6.0200e+27,2.6920e+32,1.2223e+32,137
349,3,0.2000,0.3500,1.9200e+28,4.4320e+28,8.0300e+27,2.1360e+28,1.6926e+32,7.1250e+31,137
349,4,0.3500,0.5500,1.0270e+28,7.5040e+28,4.9300e+27,4.6170e+28,5.9173e+31,3.0146e+31,137
349,5,0.5500,1.0100,4.5200e+27,1.8188e+29,3.7500e+27,1.6334e+29,1.5205e+31,1.2461e+31,137
350,0,0.0000,0.0500,2.5000e+27,1.7000e+26,1.5000e+27,2.0000e+25,2.6656e+32,1.7457e+32,136
350,1,0.0500,0.1000,5.8100e+27,1.5200e+27,3.1200e+27,5.2000e+26,1.8793e+32,1.0670e+32,136
350,2,0.1000,0.2000,1.6240e+28,1.3930e+28,7.1200e+27,5.7700e+27,2.6683e+32,1.2103e+32,136
350,3,0.2000,0.3500,1.8560e+28,4.2910e+28,7.6200e+27,2.1170e+28,1.6757e+32,7.0875e+31,136
350,4,0.3500,0.5500,1.0350e+28,7.4080e+28,5.8900e+27,4.6850e+28,5.8288e+31,3.0183e+31,136
350,5,0.5500,1.0100,4.6100e+27,1.8703e+29,3.4100e+27,1.6554e+29,1.5276e+31,1.2434e+31,136
351,0,0.0000,0.0500,2.7200e+27,1.6000e+26,1.4900e+27,3.0000e+25,2.7005e+32,1.7525e+32,137
351,1,0.0500,0.1000,5.9800e+27,1.4300e+27,3.4000e+27,7.4000e+26,1.8808e+32,1.0733e+32,137
351,2,0.1000,0.2000,1.6240e+28,1.3470e+28,7.6300e+27,6.1700e+27,2.6900e+32,1.2229e+32,137
351,3,0.2000,0.3500,1.9220e+28,4.4540e+28,8.0500e+27,2.2050e+28,1.6748e+32,7.1804e+31,137
351,4,0.3500,0.5500,1.0570e+28,7.2380e+28,5.4100e+27,4.9020e+28,5.8468e+31,3.0416e+31,137
351,5,0.5500,1.0100,4.2100e+27,1.8952e+29,3.3500e+27,1.7182e+29,1.5477e+31,1.2676e+31,137
352,0,0.0000,0.0500,2.3800e+27,8.0000e+25,1.4700e+27,8.0000e+25,2.6830e+32,1.7408e+32,136
352,1,0.0500,0.1000,5.6300e+27,1.5100e+27,3.1900e+27,7.9000e+26,1.8855e+32,1.0560e+32,136
352,2,0.1000,0.2000,1.6130e+28,1.3780e+28,7.4200e+27,5.9100e+27,2.6605e+32,1.2152e+32,136
352,3,0.2000,0.3500,1.8650e+28,4.2130e+28,7.9200e+27,2.1590e+28,1.6440e+32,7.1860e+31,136
352,4,0.3500,0.5500,9.9100e+27,7.1810e+28,5.2200e+27,4.9560e+28,5.7890e+31,3.0182e+31,136
352,5,0.5500,1.0100,4.5300e+27,1.9177e+29,3.6400e+27,1.7720e+29,1.5375e+31,1.2873e+31,136
353,0,0.0000,0.0500,2.6800e+27,7.0000e+25,1.6100e+27,4.0000e+25,2.7053e+32,1.7549e+32,137
353,1,0.0500,0.1000,5.8700e+27,1.5900e+27,3.3900e+27,6.4000e+26,1.9049e+32,1.0539e+32,137
353,2,0.1000,0.2000,1.5990e+28,1.2920e+28,7.1400e+27,6.2000e+27,2.6702e+32,1.2277e+32,137
353,3,0.2000,0.3500,1.9120e+28,4.2120e+28,7.6200e+27,2.1070e+28,1.6563e+32,7.2534e+31,137
353,4,0.3500,0.5500,1.0340e+28,7.2840e+28,5.6300e+27,4.7740e+28,5.7338e+31,3.0708e+31,137
353,5,0.5500,1.0100,4.2300e+27,1.8836e+29,3.7500e+27,1.8628e+29,1.5597e+31,1.3123e+31,137
354,0,0.0000,0.0500,2.4200e+27,1.3000e+26,1.6400e+27,4.0000e+25,2.6878e+32,1.7409e+32,136
354,1,0.0500,0.1000,5.6800e+27,1.2500e+27,2.9600e+27,8.5000e+26,1.8915e+32,1.0428e+32,136
354,2,0.1000,0.2000,1.5990e+28,1.2750e+28,7.3300e+27,5.8200e+27,2.6454e+32,1.2209e+32,136
354,3,0.2000,0.3500,1.8830e+28,4.1150e+28,7.7700e+27,2.1070e+28,1.6366e+32,7.2102e+31,136
354,4,0.3500,0.5500,9.8200e+27,6.7920e+28,5.4400e+27,5.0270e+28,5.6683e+31,3.0523e+31,136
354,5,0.5500,1.0100,4.5600e+27,1.8915e+29,3.9600e+27,1.8162e+29,1.5447e+31,1.3275e+31,136
355,0,0.0000,0.0500,2.7100e+27,9.0000e+25,1.7100e+27,4.0000e+25,2.7317e+32,1.7468e+32,137
355,1,0.0500,0.1000,6.0800e+27,1.3200e+27,3.0200e+27,7.1000e+26,1.8842e+32,1.0564e+32,137
355,2,0.1000,0.2000,1.6580e+28,1.2450e+28,7.5700e+27,6.2500e+27,2.6611e+32,1.2312e+32,137
355,3,0.2000,0.3500,1.9290e+28,4.1700e+28,7.5400e+27,2.2610e+28,1.6429e+32,7.2641e+31,137
355,4,0.3500,0.5500,1.0570e+28,7.2170e+28,5.6100e+27,5.0220e+28,5.6945e+31,3.0810e+31,137
355,5,0.5500,1.0100,4.3200e+27,1.8820e+29,3.8900e+27,1.8419e+29,1.5513e+31,1.3495e+31,137
356,0,0.0000,0.0500,2.5800e+27,1.1000e+26,1.6200e+27,5.0000e+25,2.7172e+32,1.7348e+32,136
356,1,0.0500,0.1000,5.7200e+27,1.2500e+27,2.9500e+27,7.0000e+26,1.8816e+32,1.0418e+32,136
356,2,0.1000,0.2000,1.5840e+28,1.2160e+28,7.7200e+27,5.5800e+27,2.6245e+32,1.2282e+32,136
356,3,0.2000,0.3500,1.8450e+28,4.1100e+28,8.4000e+27,2.1360e+28,1.6286e+32,7.2042e+31,136
356,4,0.3500,0.5500,1.0140e+28,7.1020e+28,5.6100e+27,4.8940e+28,5.5892e+31,3.0612e+31,136
356,5,0.5500,1.0100,5.1800e+27,1.9403e+29,4.0100e+27,1.7777e+29,1.5494e+31,1.3522e+31,136
357,0,0.0000,0.0500,2.3700e+27,1.7000e+26,1.4400e+27,9.0000e+25,2.7191e+32,1.7358e+32,136
357,1,0.0500,0.1000,5.5600e+27,1.4200e+27,3.1000e+27,6.1000e+26,1.8936e+32,1.0377e+32,136
357,2,0.1000,0.2000,1.5700e+28,1.2450e+28,7.7200e+27,6.4400e+27,2.6097e+32,1.2320e+32,136
357,3,0.2000,0.3500,1.7940e+28,4.1680e+28,8.1900e+27,2.1080e+28,1.6222e+32,7.1921e+31,136
357,4,0.3500,0.5500,9.8100e+27,7.0040e+28,5.5100e+27,4.9190e+28,5.5578e+31,3.0683e+31,136
357,5,0.5500,1.0100,4.4000e+27,1.9207e+29,3.9600e+27,1.8362e+29,1.5583e+31,1.3652e+31,136
358,0,0.0000,0.0500,2.5600e+27,1.1000e+26,1.4500e+27,8.0000e+25,2.7212e+32,1.7371e+32,136
358,1,0.0500,0.1000,5.6200e+27,1.2600e+27,3.1900e+27,6.0000e+26,1.9135e+32,1.0310e+32,136
358,2,0.1000,0.2000,1.5620e+28,1.2050e+28,7.5700e+27,5.5600e+27,2.5868e+32,1.2383e+32,136
358,3,0.2000,0.3500,1.7840e+28,4.0430e+28,8.4200e+27,2.1930e+28,1.6151e+32,7.1590e+31,136
358,4,0.3500,0.5500,9.9200e+27,6.8710e+28,5.9100e+27,5.0350e+28,5.5266e+31,3.0958e+31,136
358,5,0.5500,1.0100,4.6000e+27,1.9240e+29,4.1500e+27,1.8369e+29,1.5673e+31,1.3730e+31,136
359,0,0.0000,0.0500,2.5400e+27,1.0000e+26,1.6100e+27,3.0000e+25,2.7350e+32,1.7262e+32,136
359,1,0.0500,0.1000,5.8600e+27,1.2700e+27,3.3300e+27,7.7000e+26,1.9016e+32,1.0388e+32,136
359,2,0.1000,0.2000,1.6000e+28,1.1930e+28,7.2300e+27,6.1400e+27,2.5815e+32,1.2372e+32,136
359,3,0.2000,0.3500,1.8120e+28,3.9940e+28,7.5800e+27,2.1490e+28,1.6089e+32,7.1325e+31,136
359,4,0.3500,0.5500,9.6100e+27,6.8130e+28,5.8300e+27,5.0890e+28,5.5129e+31,3.1022e+31,136
359,5,0.5500,1.0100,4.5300e+27,1.9417e+29,4.2200e+27,1.8623e+29,1.5773e+31,1.3902e+31,136
