TAA_Bin,Gen_Total,Gen_PSD,Gen_TD,Gen_SWS,Gen_MMV,Gen_PSD_Dawn,Gen_PSD_Dusk,Gen_TD_Dawn,Gen_TD_Dusk,Gen_SWS_Dawn,Gen_SWS_Dusk,Gen_MMV_Dawn,Gen_MMV_Dusk,Gen_PSD_Dawn_Terminator,Gen_TD_Dawn_Terminator,Max_Flux_PSD,Min_Flux_PSD,Max_Flux_TD,Min_Flux_TD,Max_Flux_SWS,Min_Flux_SWS,Max_Flux_MMV,Min_Flux_MMV,Pct_PSD,Pct_TD,Pct_SWS,Pct_MMV,Loss_Total,Loss_Stuck,Loss_Ionized,Loss_Escaped,Supply_Internal,Trans_Inward,Pct_Stuck,Pct_Ionized,Pct_Escaped
0,6.9840e+29,8.4650e+28,5.9926e+29,7.7000e+27,6.7900e+27,5.4490e+28,3.0160e+28,3.2716e+29,2.7210e+29,4.0700e+27,3.6300e+27,3.5500e+27,3.2400e+27,1.5640e+28,5.4100e+27,1.4600e+08,4.3290e+05,4.5404e+09,1.2394e-11,9.2453e+07,1.9958e+05,6.6625e+05,6.6622e+05,12.1,85.8,1.1,1.0,6.9828e+29,6.7620e+29,2.0880e+28,1.2000e+27,2.4900e+28,0.0000e+00,96.8,3.0,0.2
1,6.9441e+29,8.6690e+28,5.9286e+29,8.0800e+27,6.7800e+27,5.7260e+28,2.9430e+28,3.1469e+29,2.7817e+29,4.3600e+27,3.7200e+27,3.2300e+27,3.5500e+27,1.7280e+28,5.2300e+27,1.4537e+08,3.9905e+05,4.5394e+09,9.1966e-12,9.0610e+07,1.8378e+05,6.6622e+05,6.6612e+05,12.5,85.4,1.2,1.0,6.9505e+29,6.7240e+29,2.1210e+28,1.4400e+27,2.4893e+28,0.0000e+00,96.7,3.1,0.2
2,6.7645e+29,8.7320e+28,5.7517e+29,7.1700e+27,6.7900e+27,5.7010e+28,3.0310e+28,3.1048e+29,2.6469e+29,3.9100e+27,3.2600e+27,3.3500e+27,3.4400e+27,1.7500e+28,5.6000e+27,1.4473e+08,3.9789e+05,4.6357e+09,6.7703e-12,8.9129e+07,2.1006e+05,6.6611e+05,6.6595e+05,12.9,85.0,1.1,1.0,6.7677e+29,6.5475e+29,2.0610e+28,1.4100e+27,2.4877e+28,0.0000e+00,96.7,3.0,0.2
3,6.8297e+29,8.6000e+28,5.8297e+29,7.1900e+27,6.8100e+27,5.5800e+28,3.0200e+28,3.1484e+29,2.6813e+29,3.8700e+27,3.3200e+27,3.6100e+27,3.2000e+27,1.7140e+28,5.1000e+27,1.4443e+08,3.0926e+05,4.5622e+09,4.9369e-12,8.8026e+07,2.3423e+05,6.6595e+05,6.6572e+05,12.6,85.4,1.1,1.0,6.8304e+29,6.6075e+29,2.1070e+28,1.2200e+27,2.5037e+28,0.0000e+00,96.7,3.1,0.2
4,6.7289e+29,8.5690e+28,5.7316e+29,7.2600e+27,6.7800e+27,5.5480e+28,3.0210e+28,3.1439e+29,2.5877e+29,3.9700e+27,3.2900e+27,3.2200e+27,3.5600e+27,1.7070e+28,5.2900e+27,1.4415e+08,3.5585e+05,4.5355e+09,3.5848e-12,8.6710e+07,1.7990e+05,6.6572e+05,6.6543e+05,12.7,85.2,1.1,1.0,6.7373e+29,6.5178e+29,2.0470e+28,1.4800e+27,2.4824e+28,0.0000e+00,96.7,3.0,0.2
5,6.7873e+29,8.5610e+28,5.7921e+29,7.1300e+27,6.7800e+27,5.4580e+28,3.1030e+28,3.1552e+29,2.6369e+29,3.9800e+27,3.1500e+27,3.5100e+27,3.2700e+27,1.6420e+28,5.4500e+27,1.4382e+08,4.4324e+05,4.6302e+09,2.5886e-12,8.6162e+07,2.3598e+05,6.6542e+05,6.6507e+05,12.6,85.3,1.1,1.0,6.7750e+29,6.5542e+29,2.0720e+28,1.3600e+27,2.4785e+28,0.0000e+00,96.7,3.1,0.2
6,6.7963e+29,8.6100e+28,5.7911e+29,7.6100e+27,6.8100e+27,5.5680e+28,3.0420e+28,3.1849e+29,2.6062e+29,4.2900e+27,3.3200e+27,3.3800e+27,3.4300e+27,1.6640e+28,5.2300e+27,1.4358e+08,4.5340e+05,5.4996e+09,1.8562e-12,8.4703e+07,3.0558e+05,6.6506e+05,6.6464e+05,12.7,85.2,1.1,1.0,6.7917e+29,6.5694e+29,2.0950e+28,1.2800e+27,2.4921e+28,0.0000e+00,96.7,3.1,0.2
7,6.7829e+29,8.4780e+28,5.7986e+29,6.9000e+27,6.7500e+27,5.4640e+28,3.0140e+28,3.1437e+29,2.6549e+29,3.8300e+27,3.0700e+27,3.2800e+27,3.4700e+27,1.5800e+28,5.1900e+27,1.4321e+08,3.7637e+05,4.6718e+09,1.3296e-12,8.3785e+07,2.7105e+05,6.6464e+05,6.6415e+05,12.5,85.5,1.0,1.0,6.7938e+29,6.5704e+29,2.0970e+28,1.3700e+27,2.4686e+28,0.0000e+00,96.7,3.1,0.2
8,6.7311e+29,8.5620e+28,5.7361e+29,7.0700e+27,6.8100e+27,5.4520e+28,3.1100e+28,3.1007e+29,2.6354e+29,4.0800e+27,2.9900e+27,3.2400e+27,3.5700e+27,1.6010e+28,4.4500e+27,1.4270e+08,5.7672e+05,5.5232e+09,9.4791e-13,8.2330e+07,2.5394e+05,6.6415e+05,6.6359e+05,12.7,85.2,1.1,1.0,6.7263e+29,6.5044e+29,2.0870e+28,1.3200e+27,2.4806e+28,0.0000e+00,96.7,3.1,0.2
9,6.7205e+29,8.4700e+28,5.7282e+29,7.7300e+27,6.8000e+27,5.4590e+28,3.0110e+28,3.1006e+29,2.6276e+29,4.2500e+27,3.4800e+27,3.4400e+27,3.3600e+27,1.5990e+28,4.9800e+27,1.4209e+08,5.5881e+05,4.5732e+09,6.7529e-13,8.2478e+07,2.3222e+05,6.6359e+05,6.6297e+05,12.6,85.2,1.2,1.0,6.7286e+29,6.5128e+29,2.0190e+28,1.3900e+27,2.4737e+28,0.0000e+00,96.8,3.0,0.2
10,6.6601e+29,8.6130e+28,5.6574e+29,7.3100e+27,6.8300e+27,5.4450e+28,3.1680e+28,3.0387e+29,2.6187e+29,3.9100e+27,3.4000e+27,3.3000e+27,3.5300e+27,1.6060e+28,4.4500e+27,1.4217e+08,5.2036e+05,4.8204e+09,4.8148e-13,8.1973e+07,2.2907e+05,6.6297e+05,6.6229e+05,12.9,84.9,1.1,1.0,6.6477e+29,6.4366e+29,1.9630e+28,1.4800e+27,2.4661e+28,0.0000e+00,96.8,3.0,0.2
11,6.7532e+29,8.6580e+28,5.7479e+29,7.1700e+27,6.7800e+27,5.5460e+28,3.1120e+28,3.0964e+29,2.6515e+29,4.0700e+27,3.1000e+27,3.3700e+27,3.4100e+27,1.6270e+28,4.2900e+27,1.4174e+08,5.9831e+05,4.5642e+09,3.4421e-13,8.0873e+07,2.8837e+05,6.6228e+05,6.6154e+05,12.8,85.1,1.1,1.0,6.7611e+29,6.5409e+29,2.0620e+28,1.4000e+27,2.4577e+28,0.0000e+00,96.7,3.0,0.2
12,6.7649e+29,8.5970e+28,5.7629e+29,7.5100e+27,6.7200e+27,5.4940e+28,3.1030e+28,3.0684e+29,2.6945e+29,4.3000e+27,3.2100e+27,3.5300e+27,3.1900e+27,1.5720e+28,4.9000e+27,1.4094e+08,5.0577e+05,5.4887e+09,2.4725e-13,8.0056e+07,2.7309e+05,6.6153e+05,6.6073e+05,12.7,85.2,1.1,1.0,6.7639e+29,6.5488e+29,1.9880e+28,1.6300e+27,2.4487e+28,0.0000e+00,96.8,2.9,0.2
13,6.7767e+29,8.5230e+28,5.7815e+29,7.5400e+27,6.7500e+27,5.4810e+28,3.0420e+28,3.0886e+29,2.6929e+29,4.2200e+27,3.3200e+27,3.4000e+27,3.3500e+27,1.6980e+28,4.9300e+27,1.4020e+08,4.6817e+05,4.5668e+09,1.7882e-13,7.8146e+07,2.4686e+05,6.6072e+05,6.5985e+05,12.6,85.3,1.1,1.0,6.7781e+29,6.5574e+29,2.0480e+28,1.5900e+27,2.4389e+28,0.0000e+00,96.7,3.0,0.2
14,6.5627e+29,8.5400e+28,5.5637e+29,7.6500e+27,6.8500e+27,5.3800e+28,3.1600e+28,2.9889e+29,2.5748e+29,3.9600e+27,3.6900e+27,3.4300e+27,3.4200e+27,1.6170e+28,4.5600e+27,1.3970e+08,4.1640e+05,4.5724e+09,1.3025e-13,7.6745e+07,2.2350e+05,6.5985e+05,6.5891e+05,13.0,84.8,1.2,1.0,6.5740e+29,6.3541e+29,2.0060e+28,1.9300e+27,2.4461e+28,0.0000e+00,96.7,3.1,0.3
15,6.5045e+29,8.5220e+28,5.5092e+29,7.5800e+27,6.7300e+27,5.4120e+28,3.1100e+28,2.9744e+29,2.5348e+29,4.1700e+27,3.4100e+27,3.3200e+27,3.4100e+27,1.6140e+28,4.4000e+27,1.3929e+08,3.6549e+05,4.5269e+09,9.6019e-14,7.6949e+07,2.5839e+05,6.5891e+05,6.5791e+05,13.1,84.7,1.2,1.0,6.5195e+29,6.3022e+29,1.9900e+28,1.8300e+27,2.4349e+28,0.0000e+00,96.7,3.1,0.3
16,6.5096e+29,8.5110e+28,5.5195e+29,7.1500e+27,6.7500e+27,5.4090e+28,3.1020e+28,2.9696e+29,2.5499e+29,4.0000e+27,3.1500e+27,3.4500e+27,3.3000e+27,1.6160e+28,4.2000e+27,1.3935e+08,3.9970e+05,4.3865e+09,7.1847e-14,7.6876e+07,2.1479e+05,6.5790e+05,6.5685e+05,13.1,84.8,1.1,1.0,6.4999e+29,6.2833e+29,1.9840e+28,1.8200e+27,2.4229e+28,0.0000e+00,96.7,3.1,0.3
17,6.3656e+29,8.5580e+28,5.3700e+29,7.2000e+27,6.7800e+27,5.3810e+28,3.1770e+28,2.8851e+29,2.4849e+29,4.1700e+27,3.0300e+27,3.5000e+27,3.2800e+27,1.6140e+28,4.3300e+27,1.3870e+08,5.2002e+05,4.9316e+09,5.4726e-14,7.6427e+07,2.2731e+05,6.5684e+05,6.5572e+05,13.4,84.4,1.1,1.1,6.3836e+29,6.1808e+29,1.8280e+28,2.0000e+27,2.4103e+28,0.0000e+00,96.8,2.9,0.3
18,6.4254e+29,8.5480e+28,5.4299e+29,7.2000e+27,6.8700e+27,5.4580e+28,3.0900e+28,2.9004e+29,2.5295e+29,3.8500e+27,3.3500e+27,3.3800e+27,3.4900e+27,1.6910e+28,4.4200e+27,1.3787e+08,5.5635e+05,4.5656e+09,4.2491e-14,7.5417e+07,2.2999e+05,6.5572e+05,6.5454e+05,13.3,84.5,1.1,1.1,6.4193e+29,6.2130e+29,1.8510e+28,2.1200e+27,2.4143e+28,0.0000e+00,96.8,2.9,0.3
19,6.3679e+29,8.3260e+28,5.3908e+29,7.6300e+27,6.8200e+27,5.2620e+28,3.0640e+28,2.9069e+29,2.4839e+29,4.1800e+27,3.4500e+27,3.3400e+27,3.4800e+27,1.6040e+28,4.5200e+27,1.3761e+08,4.5720e+05,4.7540e+09,3.3805e-14,7.4870e+07,2.2877e+05,6.5453e+05,6.5329e+05,13.1,84.7,1.2,1.1,6.3748e+29,6.1609e+29,1.9190e+28,2.2000e+27,2.4003e+28,0.0000e+00,96.6,3.0,0.3
20,6.2651e+29,8.4050e+28,5.2844e+29,7.2100e+27,6.8100e+27,5.3730e+28,3.0320e+28,2.7629e+29,2.5215e+29,3.9500e+27,3.2600e+27,3.7000e+27,3.1100e+27,1.5880e+28,4.1800e+27,1.3689e+08,6.2167e+05,4.5588e+09,2.7644e-14,7.4028e+07,2.2920e+05,6.5328e+05,6.5198e+05,13.4,84.3,1.2,1.1,6.2696e+29,6.0668e+29,1.7890e+28,2.3900e+27,2.3856e+28,0.0000e+00,96.8,2.9,0.4
21,6.1385e+29,8.4130e+28,5.1573e+29,7.2000e+27,6.7900e+27,5.3210e+28,3.0920e+28,2.7080e+29,2.4493e+29,3.9200e+27,3.2800e+27,3.5600e+27,3.2300e+27,1.6710e+28,3.8900e+27,1.3634e+08,6.1942e+05,4.4938e+09,2.3309e-14,7.4189e+07,2.2659e+05,6.5197e+05,6.5062e+05,13.7,84.0,1.2,1.1,6.1478e+29,5.9483e+29,1.7590e+28,2.3600e+27,2.3703e+28,0.0000e+00,96.8,2.9,0.4
22,6.1144e+29,8.4360e+28,5.1276e+29,7.4600e+27,6.8600e+27,5.3700e+28,3.0660e+28,2.6843e+29,2.4433e+29,4.1700e+27,3.2900e+27,3.2700e+27,3.5900e+27,1.6200e+28,4.2400e+27,1.3553e+08,5.5475e+05,4.5715e+09,2.0304e-14,7.3401e+07,2.5971e+05,6.5061e+05,6.4919e+05,13.8,83.9,1.2,1.1,6.1107e+29,5.9202e+29,1.6630e+28,2.4200e+27,2.3713e+28,0.0000e+00,96.9,2.7,0.4
23,6.1121e+29,8.2100e+28,5.1493e+29,7.4500e+27,6.7300e+27,5.2180e+28,2.9920e+28,2.7032e+29,2.4461e+29,4.1900e+27,3.2600e+27,3.4400e+27,3.2900e+27,1.6310e+28,3.9500e+27,1.3532e+08,5.4168e+05,4.5664e+09,1.8346e-14,7.3233e+07,2.2444e+05,6.4918e+05,6.4771e+05,13.4,84.2,1.2,1.1,6.1340e+29,5.9387e+29,1.6880e+28,2.6500e+27,2.3546e+28,0.0000e+00,96.8,2.8,0.4
24,5.8869e+29,8.3800e+28,4.9095e+29,7.1900e+27,6.7500e+27,5.2410e+28,3.1390e+28,2.6100e+29,2.2995e+29,4.0700e+27,3.1200e+27,3.2600e+27,3.4900e+27,1.6250e+28,4.0300e+27,1.3436e+08,5.6587e+05,4.8996e+09,1.7237e-14,7.1769e+07,2.1798e+05,6.4770e+05,6.4618e+05,14.2,83.4,1.2,1.1,5.8819e+29,5.6931e+29,1.6290e+28,2.5900e+27,2.3374e+28,0.0000e+00,96.8,2.8,0.4
25,5.9059e+29,8.3400e+28,4.9356e+29,6.8800e+27,6.7500e+27,5.2150e+28,3.1250e+28,2.5885e+29,2.3471e+29,3.9700e+27,2.9100e+27,3.3800e+27,3.3700e+27,1.6160e+28,4.2600e+27,1.3378e+08,5.3331e+05,5.5033e+09,1.6867e-14,7.0738e+07,2.5275e+05,6.4616e+05,6.4457e+05,14.1,83.6,1.2,1.1,5.9107e+29,5.7214e+29,1.6160e+28,2.7700e+27,2.3362e+28,0.0000e+00,96.8,2.7,0.5
26,5.8451e+29,8.4240e+28,4.8646e+29,6.9800e+27,6.8300e+27,5.2400e+28,3.1840e+28,2.5335e+29,2.3311e+29,3.8300e+27,3.1500e+27,3.2500e+27,3.5800e+27,1.5750e+28,4.0100e+27,1.3284e+08,4.5882e+05,4.5089e+09,1.6868e-14,7.0682e+07,2.0647e+05,6.4456e+05,6.4292e+05,14.4,83.2,1.2,1.2,5.8534e+29,5.6659e+29,1.5390e+28,3.3600e+27,2.3177e+28,0.0000e+00,96.8,2.6,0.6
27,5.7376e+29,8.2030e+28,4.7798e+29,6.9500e+27,6.8000e+27,5.1350e+28,3.0680e+28,2.4932e+29,2.2866e+29,3.7600e+27,3.1900e+27,3.3600e+27,3.4400e+27,1.6380e+28,4.0100e+27,1.3227e+08,5.4370e+05,4.5310e+09,1.7233e-14,6.9528e+07,1.9353e+05,6.4291e+05,6.4121e+05,14.3,83.3,1.2,1.2,5.7408e+29,5.5596e+29,1.5190e+28,2.9300e+27,2.3150e+28,0.0000e+00,96.8,2.6,0.5
28,5.7705e+29,8.3810e+28,4.7923e+29,7.1500e+27,6.8600e+27,5.2530e+28,3.1280e+28,2.5221e+29,2.2702e+29,4.1200e+27,3.0300e+27,3.3000e+27,3.5600e+27,1.6080e+28,3.8400e+27,1.3134e+08,4.9324e+05,4.4051e+09,1.8399e-14,6.8071e+07,1.8698e+05,6.4120e+05,6.3944e+05,14.5,83.0,1.2,1.2,5.7700e+29,5.5903e+29,1.4530e+28,3.4400e+27,2.2953e+28,0.0000e+00,96.9,2.5,0.6
29,5.5986e+29,8.2150e+28,4.6427e+29,6.6200e+27,6.8200e+27,5.1270e+28,3.0880e+28,2.4200e+29,2.2227e+29,3.6900e+27,2.9300e+27,3.3200e+27,3.5000e+27,1.5730e+28,3.9000e+27,1.3041e+08,3.5961e+05,4.4539e+09,2.0534e-14,6.7523e+07,1.9587e+05,6.3943e+05,6.3763e+05,14.7,82.9,1.2,1.2,5.6180e+29,5.4409e+29,1.4550e+28,3.1600e+27,2.2751e+28,0.0000e+00,96.8,2.6,0.6
30,5.4861e+29,8.2600e+28,4.5301e+29,6.1600e+27,6.8400e+27,5.1470e+28,3.1130e+28,2.3275e+29,2.2026e+29,3.3900e+27,2.7700e+27,3.5200e+27,3.3200e+27,1.6140e+28,4.2300e+27,1.3019e+08,4.7930e+05,4.5203e+09,2.3938e-14,6.6885e+07,1.6891e+05,6.3761e+05,6.3575e+05,15.1,82.6,1.1,1.2,5.4918e+29,5.3199e+29,1.3580e+28,3.6100e+27,2.2703e+28,0.0000e+00,96.9,2.5,0.7
31,5.3748e+29,8.2590e+28,4.4135e+29,6.8100e+27,6.7300e+27,5.1670e+28,3.0920e+28,2.3135e+29,2.1000e+29,3.6300e+27,3.1800e+27,3.1500e+27,3.5800e+27,1.6340e+28,4.3800e+27,1.2961e+08,4.3339e+05,4.7981e+09,2.9164e-14,6.4812e+07,1.5273e+05,6.3574e+05,6.3383e+05,15.4,82.1,1.3,1.3,5.3808e+29,5.2102e+29,1.3510e+28,3.5500e+27,2.2490e+28,0.0000e+00,96.8,2.5,0.7
32,5.2647e+29,8.1500e+28,4.3167e+29,6.5200e+27,6.7800e+27,5.1230e+28,3.0270e+28,2.2790e+29,2.0377e+29,3.8600e+27,2.6600e+27,3.4400e+27,3.3400e+27,1.5700e+28,3.3800e+27,1.2903e+08,4.0123e+05,5.9000e+09,3.7033e-14,6.4683e+07,1.4140e+05,6.3382e+05,6.3185e+05,15.5,82.0,1.2,1.3,5.2704e+29,5.1005e+29,1.2960e+28,4.0300e+27,2.2429e+28,0.0000e+00,96.8,2.5,0.8
33,5.1610e+29,8.2930e+28,4.1980e+29,6.6200e+27,6.7500e+27,5.1860e+28,3.1070e+28,2.2093e+29,1.9887e+29,3.6900e+27,2.9300e+27,3.6000e+27,3.1500e+27,1.5340e+28,3.4900e+27,1.2816e+08,3.9896e+05,4.4877e+09,4.9000e-14,6.3645e+07,1.5577e+05,6.3184e+05,6.2983e+05,16.1,81.3,1.3,1.3,5.1546e+29,4.9992e+29,1.1760e+28,3.7800e+27,2.2205e+28,0.0000e+00,97.0,2.3,0.7
34,5.1697e+29,8.2070e+28,4.2076e+29,7.2600e+27,6.8800e+27,5.0990e+28,3.1080e+28,2.2045e+29,2.0031e+29,3.9700e+27,3.2900e+27,3.5400e+27,3.3400e+27,1.5490e+28,3.9200e+27,1.2759e+08,3.6866e+05,4.5007e+09,6.7270e-14,6.2533e+07,2.0804e+05,6.2981e+05,6.2775e+05,15.9,81.4,1.4,1.3,5.1914e+29,5.0275e+29,1.2150e+28,4.2400e+27,2.2130e+28,0.0000e+00,96.8,2.3,0.8
35,5.0693e+29,7.9840e+28,4.1359e+29,6.6500e+27,6.8500e+27,5.0250e+28,2.9590e+28,2.2068e+29,1.9291e+29,3.6200e+27,3.0300e+27,3.4200e+27,3.4300e+27,1.5610e+28,3.6900e+27,1.2701e+08,3.6961e+05,4.9816e+09,9.5773e-14,6.2673e+07,1.9506e+05,6.2773e+05,6.2563e+05,15.7,81.6,1.3,1.4,5.0671e+29,4.9156e+29,1.1600e+28,3.5500e+27,2.1897e+28,0.0000e+00,97.0,2.3,0.7
36,4.9249e+29,8.2840e+28,3.9603e+29,6.8100e+27,6.8100e+27,5.2360e+28,3.0480e+28,2.0898e+29,1.8705e+29,3.7800e+27,3.0300e+27,3.2700e+27,3.5400e+27,1.6780e+28,4.1700e+27,1.2673e+08,3.5618e+05,4.6652e+09,1.4064e-13,6.1893e+07,1.5889e+05,6.2561e+05,6.2345e+05,16.8,80.4,1.4,1.4,4.9352e+29,4.7836e+29,1.0980e+28,4.1800e+27,2.1809e+28,0.0000e+00,96.9,2.2,0.8
37,4.8000e+29,8.1130e+28,3.8560e+29,6.4800e+27,6.7900e+27,5.1380e+28,2.9750e+28,2.0191e+29,1.8369e+29,3.6000e+27,2.8800e+27,3.5000e+27,3.2900e+27,1.6170e+28,3.7400e+27,1.2651e+08,3.9462e+05,4.2341e+09,2.1290e-13,6.1531e+07,1.5912e+05,6.2343e+05,6.2123e+05,16.9,80.3,1.4,1.4,4.8009e+29,4.6558e+29,1.0560e+28,3.9500e+27,2.1567e+28,0.0000e+00,97.0,2.2,0.8
38,4.7993e+29,8.2200e+28,3.8393e+29,6.9500e+27,6.8500e+27,5.2160e+28,3.0040e+28,2.0220e+29,1.8173e+29,3.6100e+27,3.3400e+27,3.5400e+27,3.3100e+27,1.6590e+28,3.9000e+27,1.2558e+08,3.2793e+05,4.4527e+09,3.3023e-13,6.0717e+07,1.5265e+05,6.2121e+05,6.1896e+05,17.1,80.0,1.4,1.4,4.8151e+29,4.6704e+29,1.0050e+28,4.4200e+27,2.1468e+28,0.0000e+00,97.0,2.1,0.9
39,4.6906e+29,8.0330e+28,3.7538e+29,6.5100e+27,6.8400e+27,5.1380e+28,2.8950e+28,1.9629e+29,1.7909e+29,3.6500e+27,2.8600e+27,3.4700e+27,3.3700e+27,1.7100e+28,4.2200e+27,1.2464e+08,4.4882e+05,4.5094e+09,5.2476e-13,6.1003e+07,1.5818e+05,6.1895e+05,6.1665e+05,17.1,80.0,1.4,1.5,4.6869e+29,4.5469e+29,9.7600e+27,4.2400e+27,2.1218e+28,0.0000e+00,97.0,2.1,0.9
40,4.4940e+29,8.1040e+28,3.5515e+29,6.4900e+27,6.7200e+27,5.1590e+28,2.9450e+28,1.8938e+29,1.6577e+29,3.3800e+27,3.1100e+27,3.3600e+27,3.3600e+27,1.6540e+28,3.9800e+27,1.2370e+08,4.4537e+05,5.5025e+09,8.4873e-13,5.9904e+07,1.6967e+05,6.1664e+05,6.1430e+05,18.0,79.0,1.4,1.5,4.5083e+29,4.3639e+29,1.0150e+28,4.2900e+27,2.1107e+28,0.0000e+00,96.8,2.3,1.0
41,4.3742e+29,8.0210e+28,3.4379e+29,6.5300e+27,6.8900e+27,5.0010e+28,3.0200e+28,1.8369e+29,1.6010e+29,3.6400e+27,2.8900e+27,3.6400e+27,3.2500e+27,1.6090e+28,3.8400e+27,1.2309e+08,3.8880e+05,4.4005e+09,1.3976e-12,5.9296e+07,1.7456e+05,6.1428e+05,6.1189e+05,18.3,78.6,1.5,1.6,4.3715e+29,4.2381e+29,8.8900e+27,4.4500e+27,2.0990e+28,0.0000e+00,96.9,2.0,1.0
42,4.3983e+29,8.0140e+28,3.4706e+29,5.8700e+27,6.7600e+27,5.2300e+28,2.7840e+28,1.8031e+29,1.6675e+29,3.1500e+27,2.7200e+27,3.3600e+27,3.4000e+27,1.7300e+28,4.3300e+27,1.2242e+08,4.1145e+05,4.4338e+09,2.3365e-12,5.7643e+07,2.0955e+05,6.1187e+05,6.0945e+05,18.2,78.9,1.3,1.5,4.4042e+29,4.2747e+29,8.8500e+27,4.1000e+27,2.0727e+28,0.0000e+00,97.1,2.0,0.9
43,4.2738e+29,7.9470e+28,3.3534e+29,5.6800e+27,6.8900e+27,5.1150e+28,2.8320e+28,1.8107e+29,1.5427e+29,2.9300e+27,2.7500e+27,3.4900e+27,3.4000e+27,1.6880e+28,3.9100e+27,1.2158e+08,3.8540e+05,4.3925e+09,3.9417e-12,5.7073e+07,2.1080e+05,6.0943e+05,6.0696e+05,18.6,78.5,1.3,1.6,4.2738e+29,4.1460e+29,8.4700e+27,4.3100e+27,2.0600e+28,0.0000e+00,97.0,2.0,1.0
44,4.2260e+29,8.0990e+28,3.2828e+29,6.2900e+27,7.0400e+27,5.1600e+28,2.9390e+28,1.7891e+29,1.4937e+29,3.4000e+27,2.8900e+27,3.6500e+27,3.3900e+27,1.6100e+28,3.6700e+27,1.2112e+08,3.9434e+05,5.5480e+09,6.7157e-12,5.6718e+07,1.5859e+05,6.0695e+05,6.0445e+05,19.2,77.7,1.5,1.7,4.2235e+29,4.0926e+29,8.6700e+27,4.4200e+27,2.0331e+28,0.0000e+00,96.9,2.1,1.0
45,4.1343e+29,8.1030e+28,3.1968e+29,5.8700e+27,6.8500e+27,5.1710e+28,2.9320e+28,1.7157e+29,1.4811e+29,3.0700e+27,2.8000e+27,3.4100e+27,3.4400e+27,1.6920e+28,3.7800e+27,1.2014e+08,3.8199e+05,5.4444e+09,6.6817e-12,5.8403e+07,1.5776e+05,6.0443e+05,6.0189e+05,19.6,77.3,1.4,1.7,4.1420e+29,4.0117e+29,8.4900e+27,4.5400e+27,2.0195e+28,0.0000e+00,96.9,2.0,1.1
46,4.1654e+29,7.9970e+28,3.2382e+29,5.8600e+27,6.8900e+27,5.1010e+28,2.8960e+28,1.6879e+29,1.5503e+29,2.9600e+27,2.9000e+27,3.3400e+27,3.5500e+27,1.6640e+28,3.7100e+27,1.1917e+08,3.8069e+05,4.3296e+09,3.1958e-12,5.8418e+07,1.3282e+05,6.0187e+05,5.9928e+05,19.2,77.7,1.4,1.7,4.1794e+29,4.0529e+29,7.9900e+27,4.6600e+27,2.0053e+28,0.0000e+00,97.0,1.9,1.1
47,4.1603e+29,8.2470e+28,3.2086e+29,5.9000e+27,6.8000e+27,5.2320e+28,3.0150e+28,1.7277e+29,1.4809e+29,3.0600e+27,2.8400e+27,3.3900e+27,3.4100e+27,1.6670e+28,3.8600e+27,1.1820e+08,3.3623e+05,3.7464e+09,1.3820e-12,5.8197e+07,1.1728e+05,5.9926e+05,5.9664e+05,19.8,77.1,1.4,1.6,4.1474e+29,4.0221e+29,8.0500e+27,4.4800e+27,1.9904e+28,0.0000e+00,97.0,1.9,1.1
48,4.0546e+29,8.0560e+28,3.1185e+29,6.2700e+27,6.7800e+27,5.1810e+28,2.8750e+28,1.7112e+29,1.4073e+29,3.2400e+27,3.0300e+27,3.5100e+27,3.2700e+27,1.6590e+28,3.6300e+27,1.1731e+08,3.7861e+05,4.3285e+09,5.3199e-13,5.6746e+07,1.4021e+05,5.9662e+05,5.9397e+05,19.9,76.9,1.5,1.7,4.0666e+29,3.9372e+29,7.8400e+27,5.1000e+27,1.9623e+28,0.0000e+00,96.8,1.9,1.3
49,4.1078e+29,8.1650e+28,3.1621e+29,6.0400e+27,6.8800e+27,5.2360e+28,2.9290e+28,1.7252e+29,1.4369e+29,3.2400e+27,2.8000e+27,3.2300e+27,3.6500e+27,1.6310e+28,3.1400e+27,1.1706e+08,3.5079e+05,4.2993e+09,1.7601e-13,5.4848e+07,1.2230e+05,5.9395e+05,5.9125e+05,19.9,77.0,1.5,1.7,4.1043e+29,3.9782e+29,8.0500e+27,4.5600e+27,1.9468e+28,0.0000e+00,96.9,2.0,1.1
50,4.0179e+29,7.9630e+28,3.0939e+29,5.9700e+27,6.8000e+27,5.1650e+28,2.7980e+28,1.7216e+29,1.3723e+29,3.1000e+27,2.8700e+27,3.4100e+27,3.3900e+27,1.6070e+28,3.8900e+27,1.1629e+08,3.5590e+05,4.3124e+09,5.0114e-14,5.3453e+07,1.3483e+05,5.9123e+05,5.8850e+05,19.8,77.0,1.5,1.7,4.0293e+29,3.9058e+29,7.7000e+27,4.6500e+27,1.9307e+28,0.0000e+00,96.9,1.9,1.2
51,3.8890e+29,7.9950e+28,2.9661e+29,5.4700e+27,6.8700e+27,5.2010e+28,2.7940e+28,1.6515e+29,1.3146e+29,2.7600e+27,2.7100e+27,3.5700e+27,3.3000e+27,1.6360e+28,3.7400e+27,1.1579e+08,3.6588e+05,4.2723e+09,1.0640e-14,5.4339e+07,1.2408e+05,5.8849e+05,5.8574e+05,20.6,76.3,1.4,1.8,3.8890e+29,3.7688e+29,7.2100e+27,4.8100e+27,1.9020e+28,0.0000e+00,96.9,1.9,1.2
52,3.9237e+29,8.0600e+28,2.9903e+29,5.9200e+27,6.8200e+27,5.2740e+28,2.7860e+28,1.7143e+29,1.2760e+29,3.2600e+27,2.6600e+27,3.4300e+27,3.3900e+27,1.6780e+28,3.5100e+27,1.1504e+08,3.4818e+05,4.3047e+09,1.5529e-15,5.4047e+07,1.1807e+05,5.8572e+05,5.8291e+05,20.5,76.2,1.5,1.7,3.9195e+29,3.7989e+29,7.3200e+27,4.7400e+27,1.8973e+28,0.0000e+00,96.9,1.9,1.2
53,3.8882e+29,7.9900e+28,2.9653e+29,5.5000e+27,6.8900e+27,5.2020e+28,2.7880e+28,1.6682e+29,1.2971e+29,2.7600e+27,2.7400e+27,3.3300e+27,3.5600e+27,1.6400e+28,3.6400e+27,1.1428e+08,3.3156e+05,4.2102e+09,1.3228e-16,5.2559e+07,1.1244e+05,5.8290e+05,5.8008e+05,20.5,76.3,1.4,1.8,3.8948e+29,3.7789e+29,7.0200e+27,4.5700e+27,1.8680e+28,0.0000e+00,97.0,1.8,1.2
54,3.7710e+29,8.0050e+28,2.8475e+29,5.5000e+27,6.8000e+27,5.2530e+28,2.7520e+28,1.6108e+29,1.2367e+29,3.1100e+27,2.3900e+27,3.3600e+27,3.4400e+27,1.6520e+28,3.7600e+27,1.1378e+08,3.9599e+05,4.8345e+09,4.3957e-18,5.1839e+07,1.6161e+05,5.8006e+05,5.7720e+05,21.2,75.5,1.5,1.8,3.7729e+29,3.6573e+29,6.7300e+27,4.8300e+27,1.8504e+28,0.0000e+00,96.9,1.8,1.3
55,3.7788e+29,8.0580e+28,2.8490e+29,5.6300e+27,6.7700e+27,5.3370e+28,2.7210e+28,1.5688e+29,1.2802e+29,3.0200e+27,2.6100e+27,3.1800e+27,3.5900e+27,1.6390e+28,3.9400e+27,1.1329e+08,3.7406e+05,4.1226e+09,2.0130e-20,5.1086e+07,1.3327e+05,5.7719e+05,5.7432e+05,21.3,75.4,1.5,1.8,3.7735e+29,3.6562e+29,7.1500e+27,4.5800e+27,1.8211e+28,0.0000e+00,96.9,1.9,1.2
56,3.8444e+29,7.9860e+28,2.9222e+29,5.4100e+27,6.9500e+27,5.3150e+28,2.6710e+28,1.6159e+29,1.3063e+29,2.9500e+27,2.4600e+27,3.4300e+27,3.5200e+27,1.5930e+28,4.1700e+27,1.1255e+08,6.8167e+04,4.2431e+09,1.0156e-20,5.0519e+07,1.6573e+05,5.7430e+05,5.7139e+05,20.8,76.0,1.4,1.8,3.8511e+29,3.7338e+29,7.0600e+27,4.6700e+27,1.8143e+28,0.0000e+00,97.0,1.8,1.2
57,3.8096e+29,8.0040e+28,2.8785e+29,6.1900e+27,6.8800e+27,5.2730e+28,2.7310e+28,1.5295e+29,1.3490e+29,3.5000e+27,2.6900e+27,3.3400e+27,3.5400e+27,1.5950e+28,4.0600e+27,1.1180e+08,7.4717e+02,3.8715e+09,1.0045e-20,1.2546e+08,2.3527e+05,5.7137e+05,5.6845e+05,21.0,75.6,1.6,1.8,3.8068e+29,3.6920e+29,6.7000e+27,4.7800e+27,1.7846e+28,0.0000e+00,97.0,1.8,1.3
58,3.7279e+29,8.0630e+28,2.7903e+29,6.1800e+27,6.9500e+27,5.3520e+28,2.7110e+28,1.5342e+29,1.2561e+29,3.6900e+27,2.4900e+27,3.5400e+27,3.4100e+27,1.7230e+28,4.4900e+27,1.1106e+08,3.4131e+05,4.0086e+09,1.0184e-20,1.2270e+08,1.9591e+05,5.6843e+05,5.6546e+05,21.6,74.8,1.7,1.9,3.7410e+29,3.6217e+29,6.5100e+27,5.4200e+27,1.7768e+28,0.0000e+00,96.8,1.7,1.4
59,3.6758e+29,8.0050e+28,2.7494e+29,5.8100e+27,6.7800e+27,5.3360e+28,2.6690e+28,1.4993e+29,1.2501e+29,3.2500e+27,2.5600e+27,3.3800e+27,3.4000e+27,1.6910e+28,4.5400e+27,1.1032e+08,4.4934e+05,3.7288e+09,1.0683e-18,1.1862e+08,2.0529e+05,5.6544e+05,5.6246e+05,21.8,74.8,1.6,1.8,3.6678e+29,3.5494e+29,7.0300e+27,4.8100e+27,1.7468e+28,0.0000e+00,96.8,1.9,1.3
60,3.6683e+29,8.1200e+28,2.7264e+29,6.1000e+27,6.8900e+27,5.4510e+28,2.6690e+28,1.5242e+29,1.2022e+29,3.6100e+27,2.4900e+27,3.6700e+27,3.2200e+27,1.6890e+28,4.3300e+27,1.0959e+08,4.7353e+05,3.9019e+09,8.5240e-17,1.1661e+08,2.0371e+05,5.6244e+05,5.5944e+05,22.1,74.3,1.7,1.9,3.6714e+29,3.5614e+29,6.3400e+27,4.6600e+27,1.7275e+28,0.0000e+00,97.0,1.7,1.3
61,3.7341e+29,8.0270e+28,2.8000e+29,6.2600e+27,6.8800e+27,5.3620e+28,2.6650e+28,1.5227e+29,1.2773e+29,3.4400e+27,2.8200e+27,3.2800e+27,3.6000e+27,1.7000e+28,5.2100e+27,1.0887e+08,4.9863e+05,3.9408e+09,1.9671e-15,1.1280e+08,1.7949e+05,5.5942e+05,5.5640e+05,21.5,75.0,1.7,1.8,3.7348e+29,3.6161e+29,6.6700e+27,5.2000e+27,1.7079e+28,0.0000e+00,96.8,1.8,1.4
62,3.7381e+29,8.1360e+28,2.7961e+29,5.9600e+27,6.8800e+27,5.4490e+28,2.6870e+28,1.5419e+29,1.2542e+29,3.2100e+27,2.7500e+27,3.2700e+27,3.6100e+27,1.7630e+28,5.4000e+27,1.0833e+08,4.0676e+05,3.7855e+09,2.3183e-14,1.0964e+08,1.5712e+05,5.5638e+05,5.5333e+05,21.8,74.8,1.6,1.8,3.7426e+29,3.6298e+29,6.6900e+27,4.5900e+27,1.6882e+28,0.0000e+00,97.0,1.8,1.2
63,3.5884e+29,8.0920e+28,2.6518e+29,5.9100e+27,6.8300e+27,5.5760e+28,2.5160e+28,1.4749e+29,1.1769e+29,3.2100e+27,2.7000e+27,3.4300e+27,3.4000e+27,1.7900e+28,5.8000e+27,1.0771e+08,4.3556e+05,3.7276e+09,1.7873e-13,1.0748e+08,1.5210e+05,5.5332e+05,5.5025e+05,22.6,73.9,1.6,1.9,3.5920e+29,3.4830e+29,6.3400e+27,4.5600e+27,1.6681e+28,0.0000e+00,97.0,1.8,1.3
64,3.5678e+29,8.2320e+28,2.6174e+29,5.8800e+27,6.8400e+27,5.6510e+28,2.5810e+28,1.4938e+29,1.1236e+29,3.3500e+27,2.5300e+27,3.4600e+27,3.3800e+27,1.8040e+28,6.3200e+27,1.0745e+08,3.8940e+05,3.7210e+09,1.0273e-12,1.0471e+08,1.3600e+05,5.5023e+05,5.4715e+05,23.1,73.4,1.6,1.9,3.5682e+29,3.4574e+29,6.2500e+27,4.8300e+27,1.6479e+28,0.0000e+00,96.9,1.8,1.4
65,3.5782e+29,8.2520e+28,2.6285e+29,5.6400e+27,6.8100e+27,5.7230e+28,2.5290e+28,1.5107e+29,1.1178e+29,3.1200e+27,2.5200e+27,3.5500e+27,3.2600e+27,1.6740e+28,6.0300e+27,1.0673e+08,4.6919e+05,3.6501e+09,5.0985e-13,1.0251e+08,1.7917e+05,5.4713e+05,5.4403e+05,23.1,73.5,1.6,1.9,3.5818e+29,3.4719e+29,6.1900e+27,4.8000e+27,1.6275e+28,0.0000e+00,96.9,1.7,1.3
66,3.4948e+29,8.2870e+28,2.5402e+29,5.7400e+27,6.8500e+27,5.7770e+28,2.5100e+28,1.5293e+29,1.0109e+29,3.1800e+27,2.5600e+27,3.4200e+27,3.4300e+27,1.7420e+28,6.4400e+27,1.0602e+08,4.5400e+05,3.5846e+09,5.5255e-14,9.9714e+07,2.4924e+05,5.4401e+05,5.4090e+05,23.7,72.7,1.6,2.0,3.4929e+29,3.3901e+29,5.6300e+27,4.6500e+27,1.6070e+28,0.0000e+00,97.1,1.6,1.3
67,3.5150e+29,8.2950e+28,2.5568e+29,6.0100e+27,6.8600e+27,5.7160e+28,2.5790e+28,1.4772e+29,1.0796e+29,3.2300e+27,2.7800e+27,3.6600e+27,3.2000e+27,1.7100e+28,7.2400e+27,1.0531e+08,4.4000e+05,3.7009e+09,3.0010e-15,9.6808e+07,2.0636e+05,5.4088e+05,5.3775e+05,23.6,72.7,1.7,2.0,3.5199e+29,3.4117e+29,6.0600e+27,4.7600e+27,1.5863e+28,0.0000e+00,96.9,1.7,1.4
68,3.4987e+29,8.3820e+28,2.5333e+29,5.8200e+27,6.9000e+27,5.8830e+28,2.4990e+28,1.4429e+29,1.0904e+29,3.1800e+27,2.6400e+27,3.4900e+27,3.4100e+27,1.7730e+28,7.0400e+27,1.0486e+08,4.2483e+05,3.7163e+09,4.3957e-17,9.3931e+07,1.7693e+05,5.3773e+05,5.3457e+05,24.0,72.4,1.7,2.0,3.5005e+29,3.3920e+29,6.2700e+27,4.5800e+27,1.5745e+28,0.0000e+00,96.9,1.8,1.3
69,3.4449e+29,8.3300e+28,2.4859e+29,5.7200e+27,6.8800e+27,5.8480e+28,2.4820e+28,1.4854e+29,1.0005e+29,3.5600e+27,2.1600e+27,3.4300e+27,3.4500e+27,1.7960e+28,7.1100e+27,1.0415e+08,3.6365e+05,3.9967e+09,2.3732e-20,9.1441e+07,1.7666e+05,5.3455e+05,5.3139e+05,24.2,72.2,1.7,2.0,3.4365e+29,3.3294e+29,6.0000e+27,4.7100e+27,1.5444e+28,0.0000e+00,96.9,1.7,1.4
70,3.5562e+29,8.5070e+28,2.5793e+29,5.7800e+27,6.8400e+27,6.0500e+28,2.4570e+28,1.5012e+29,1.0781e+29,3.2700e+27,2.5100e+27,3.4000e+27,3.4400e+27,1.8800e+28,7.8700e+27,1.0361e+08,9.4904e+01,3.4439e+09,1.0028e-20,1.3234e+08,1.6374e+05,5.3138e+05,5.2821e+05,23.9,72.5,1.6,1.9,3.5597e+29,3.4549e+29,5.6200e+27,4.8600e+27,1.5234e+28,0.0000e+00,97.1,1.6,1.4
71,3.5523e+29,8.4840e+28,2.5700e+29,6.5000e+27,6.8900e+27,6.0880e+28,2.3960e+28,1.5137e+29,1.0563e+29,3.8700e+27,2.6300e+27,3.3300e+27,3.5600e+27,1.7820e+28,7.8200e+27,1.0302e+08,1.3176e+05,3.6870e+09,1.0320e-20,1.3142e+08,2.1764e+05,5.2819e+05,5.2502e+05,23.9,72.3,1.8,1.9,3.5558e+29,3.4449e+29,5.9000e+27,5.1900e+27,1.5024e+28,0.0000e+00,96.9,1.7,1.5
72,3.5594e+29,8.6270e+28,2.5674e+29,6.0400e+27,6.8900e+27,6.1520e+28,2.4750e+28,1.4871e+29,1.0803e+29,3.7400e+27,2.3000e+27,3.4400e+27,3.4500e+27,1.8500e+28,7.8200e+27,1.0282e+08,4.8089e+05,3.7339e+09,1.6029e-18,1.2740e+08,1.9363e+05,5.2501e+05,5.2181e+05,24.2,72.1,1.7,1.9,3.5608e+29,3.4549e+29,5.6700e+27,4.9200e+27,1.4897e+28,0.0000e+00,97.0,1.6,1.4
73,3.4704e+29,8.5930e+28,2.4785e+29,6.3800e+27,6.8800e+27,6.1960e+28,2.3970e+28,1.4597e+29,1.0188e+29,3.6300e+27,2.7500e+27,3.1900e+27,3.6900e+27,1.8960e+28,7.7800e+27,1.0213e+08,5.3557e+05,3.6611e+09,5.8915e-16,1.2349e+08,1.8964e+05,5.2179e+05,5.1859e+05,24.8,71.4,1.8,2.0,3.4702e+29,3.3640e+29,5.5200e+27,5.1000e+27,1.4683e+28,0.0000e+00,96.9,1.6,1.5
74,3.4570e+29,8.5830e+28,2.4691e+29,6.1600e+27,6.8000e+27,6.2010e+28,2.3820e+28,1.4508e+29,1.0183e+29,3.6900e+27,2.4700e+27,3.3500e+27,3.4500e+27,1.8540e+28,8.1900e+27,1.0144e+08,5.1474e+05,3.5180e+09,2.5864e-14,1.1971e+08,1.8219e+05,5.1857e+05,5.1538e+05,24.8,71.4,1.8,2.0,3.4578e+29,3.3524e+29,5.6200e+27,4.9200e+27,1.4388e+28,0.0000e+00,97.0,1.6,1.4
75,3.3800e+29,8.8590e+28,2.3636e+29,6.1700e+27,6.8800e+27,6.4710e+28,2.3880e+28,1.4246e+29,9.3900e+28,3.8000e+27,2.3700e+27,3.5000e+27,3.3800e+27,1.9440e+28,8.1500e+27,1.0101e+08,5.7684e+05,3.6218e+09,4.2141e-13,1.1740e+08,2.2411e+05,5.1537e+05,5.1216e+05,26.2,69.9,1.8,2.0,3.3840e+29,3.2764e+29,5.7100e+27,5.0500e+27,1.4256e+28,0.0000e+00,96.8,1.7,1.5
76,3.3248e+29,8.6570e+28,2.3298e+29,6.0800e+27,6.8500e+27,6.3590e+28,2.2980e+28,1.4959e+29,8.3390e+28,3.5300e+27,2.5500e+27,3.4300e+27,3.4200e+27,1.8370e+28,7.9200e+27,1.0034e+08,5.9404e+05,3.9964e+09,5.0581e-14,1.1422e+08,2.4215e+05,5.1214e+05,5.0891e+05,26.0,70.1,1.8,2.1,3.3297e+29,3.2303e+29,5.2500e+27,4.6900e+27,1.4120e+28,0.0000e+00,97.0,1.6,1.4
77,3.3610e+29,8.7660e+28,2.3589e+29,5.7400e+27,6.8100e+27,6.4900e+28,2.2760e+28,1.4481e+29,9.1080e+28,3.3400e+27,2.4000e+27,3.1500e+27,3.6600e+27,1.8680e+28,8.1300e+27,9.9667e+07,5.4738e+05,3.4363e+09,1.0215e-15,1.1129e+08,2.3110e+05,5.0889e+05,5.0569e+05,26.1,70.2,1.7,2.0,3.3567e+29,3.2580e+29,5.0100e+27,4.8600e+27,1.3829e+28,0.0000e+00,97.1,1.5,1.4
78,3.4629e+29,8.8580e+28,2.4465e+29,6.2000e+27,6.8600e+27,6.6330e+28,2.2250e+28,1.5303e+29,9.1620e+28,3.4400e+27,2.7600e+27,3.4000e+27,3.4600e+27,1.8500e+28,8.9100e+27,9.9640e+07,4.8761e+05,3.6466e+09,1.4494e-18,1.0793e+08,2.0840e+05,5.0567e+05,5.0244e+05,25.6,70.6,1.8,2.0,3.4621e+29,3.3623e+29,5.4100e+27,4.5700e+27,1.3691e+28,0.0000e+00,97.1,1.6,1.3
79,3.4113e+29,8.6630e+28,2.4177e+29,5.9400e+27,6.7900e+27,6.5300e+28,2.1330e+28,1.5660e+29,8.5170e+28,3.5200e+27,2.4200e+27,3.5700e+27,3.2200e+27,1.8340e+28,1.0320e+28,9.9288e+07,7.9790e+03,3.3619e+09,1.0143e-20,1.0464e+08,1.9034e+05,5.0243e+05,4.9922e+05,25.4,70.9,1.7,2.0,3.4199e+29,3.3199e+29,5.6500e+27,4.3500e+27,1.3404e+28,0.0000e+00,97.1,1.7,1.3
80,3.4091e+29,9.1210e+28,2.3630e+29,6.5300e+27,6.8700e+27,6.8640e+28,2.2570e+28,1.5049e+29,8.5810e+28,4.2800e+27,2.2500e+27,3.6800e+27,3.1900e+27,1.9090e+28,1.1080e+28,9.8632e+07,9.0139e+02,4.3296e+09,1.0054e-20,1.2938e+08,2.2463e+05,4.9920e+05,4.9599e+05,26.8,69.3,1.9,2.0,3.4070e+29,3.3038e+29,5.5700e+27,4.7500e+27,1.3265e+28,0.0000e+00,97.0,1.6,1.4
81,3.4355e+29,9.0860e+28,2.3954e+29,6.3100e+27,6.8400e+27,6.8970e+28,2.1890e+28,1.5658e+29,8.2960e+28,3.8400e+27,2.4700e+27,3.4400e+27,3.4000e+27,1.8880e+28,1.1030e+28,9.7979e+07,4.3035e+05,3.5066e+09,2.0037e-18,1.2627e+08,2.0120e+05,4.9597e+05,4.9274e+05,26.4,69.7,1.8,2.0,3.4341e+29,3.3348e+29,5.2300e+27,4.7000e+27,1.3123e+28,0.0000e+00,97.1,1.5,1.4
82,3.4599e+29,9.2860e+28,2.3968e+29,6.6000e+27,6.8500e+27,7.1270e+28,2.1590e+28,1.5696e+29,8.2720e+28,4.1300e+27,2.4700e+27,3.7000e+27,3.1500e+27,1.9700e+28,1.1070e+28,9.7327e+07,4.0728e+05,3.5198e+09,1.8209e-15,1.2301e+08,1.7583e+05,4.9272e+05,4.8950e+05,26.8,69.3,1.9,2.0,3.4607e+29,3.3650e+29,5.0700e+27,4.5000e+27,1.2909e+28,0.0000e+00,97.2,1.5,1.3
83,3.4449e+29,9.1130e+28,2.3996e+29,6.6600e+27,6.7400e+27,7.0650e+28,2.0480e+28,1.5476e+29,8.5200e+28,4.0000e+27,2.6600e+27,3.4100e+27,3.3300e+27,1.9450e+28,1.0900e+28,9.6915e+07,3.7589e+05,3.3692e+09,1.1005e-13,1.1906e+08,2.2631e+05,4.8949e+05,4.8629e+05,26.5,69.7,1.9,2.0,3.4475e+29,3.3494e+29,4.8700e+27,4.9400e+27,1.2631e+28,0.0000e+00,97.2,1.4,1.4
84,3.4014e+29,9.2890e+28,2.3392e+29,6.3200e+27,7.0100e+27,7.2420e+28,2.0470e+28,1.5521e+29,7.8710e+28,3.9100e+27,2.4100e+27,3.5000e+27,3.5100e+27,1.9070e+28,9.5800e+27,9.6508e+07,3.6025e+05,3.3899e+09,1.3303e-14,1.1663e+08,2.0143e+05,4.8627e+05,4.8305e+05,27.3,68.8,1.9,2.1,3.4024e+29,3.3053e+29,5.1100e+27,4.6000e+27,1.2554e+28,0.0000e+00,97.1,1.5,1.4
85,3.3957e+29,9.3290e+28,2.3283e+29,6.5400e+27,6.9100e+27,7.3260e+28,2.0030e+28,1.6063e+29,7.2200e+28,4.0000e+27,2.5400e+27,3.5000e+27,3.4100e+27,1.8300e+28,9.3600e+27,9.6030e+07,3.9238e+05,3.6913e+09,4.9519e-17,1.1341e+08,1.8635e+05,4.8303e+05,4.7984e+05,27.5,68.6,1.9,2.0,3.3944e+29,3.3045e+29,4.3400e+27,4.6500e+27,1.2280e+28,0.0000e+00,97.4,1.3,1.4
86,3.4216e+29,9.4300e+28,2.3453e+29,6.4600e+27,6.8700e+27,7.5170e+28,1.9130e+28,1.6066e+29,7.3870e+28,3.7300e+27,2.7300e+27,3.4600e+27,3.4100e+27,1.9260e+28,1.0510e+28,9.6192e+07,1.5052e+05,3.3285e+09,1.0171e-20,1.0990e+08,1.7900e+05,4.7982e+05,4.7663e+05,27.6,68.5,1.9,2.0,3.4207e+29,3.3223e+29,4.9700e+27,4.8700e+27,1.2136e+28,0.0000e+00,97.1,1.5,1.4
87,3.5380e+29,9.8430e+28,2.4141e+29,7.0300e+27,6.9300e+27,7.8460e+28,1.9970e+28,1.6693e+29,7.4480e+28,4.5100e+27,2.5200e+27,3.4100e+27,3.5200e+27,1.9280e+28,1.0980e+28,9.6086e+07,1.3909e+03,3.1564e+09,1.0084e-20,1.1608e+08,1.6738e+05,4.7661e+05,4.7341e+05,27.8,68.2,2.0,2.0,3.5388e+29,3.4351e+29,5.3700e+27,5.0000e+27,1.1990e+28,0.0000e+00,97.1,1.5,1.4
88,3.4952e+29,9.8340e+28,2.3757e+29,6.6200e+27,6.9900e+27,7.8150e+28,2.0190e+28,1.6724e+29,7.0330e+28,4.2000e+27,2.4200e+27,3.5600e+27,3.4300e+27,1.9240e+28,1.2020e+28,9.6279e+07,4.4752e+05,3.3290e+09,3.2180e-19,1.1363e+08,1.6204e+05,4.7339e+05,4.7021e+05,28.1,68.0,1.9,2.0,3.4989e+29,3.4051e+29,4.8800e+27,4.5000e+27,1.1783e+28,0.0000e+00,97.3,1.4,1.3
89,3.6240e+29,9.8610e+28,2.5030e+29,6.5100e+27,6.9800e+27,7.9460e+28,1.9150e+28,1.7536e+29,7.4940e+28,4.3000e+27,2.2100e+27,3.4900e+27,3.4900e+27,1.9710e+28,1.1850e+28,9.6610e+07,5.9503e+05,3.2722e+09,1.3116e-15,1.1026e+08,2.0587e+05,4.7019e+05,4.6702e+05,27.2,69.1,1.8,1.9,3.6236e+29,3.5263e+29,5.0200e+27,4.7100e+27,1.1579e+28,0.0000e+00,97.3,1.4,1.3
90,3.5311e+29,9.7320e+28,2.4232e+29,6.6200e+27,6.8500e+27,7.8970e+28,1.8350e+28,1.7176e+29,7.0560e+28,4.4600e+27,2.1600e+27,3.6000e+27,3.2500e+27,1.9010e+28,1.1430e+28,9.6639e+07,5.7202e+05,3.2306e+09,9.2319e-14,1.0633e+08,2.0547e+05,4.6700e+05,4.6385e+05,27.6,68.6,1.9,1.9,3.5311e+29,3.4404e+29,4.8300e+27,4.2400e+27,1.1377e+28,0.0000e+00,97.4,1.4,1.2
91,3.6352e+29,1.0050e+29,2.4959e+29,6.5500e+27,6.8800e+27,8.2120e+28,1.8380e+28,1.7863e+29,7.0960e+28,4.3700e+27,2.1800e+27,3.6200e+27,3.2600e+27,1.9660e+28,9.9000e+27,9.6827e+07,6.2067e+05,3.1265e+09,4.4936e-16,1.0341e+08,2.2536e+05,4.6383e+05,4.6068e+05,27.6,68.7,1.8,1.9,3.6313e+29,3.5351e+29,4.9600e+27,4.6600e+27,1.1233e+28,0.0000e+00,97.4,1.4,1.3
92,3.6135e+29,1.0088e+29,2.4671e+29,6.8000e+27,6.9600e+27,8.2820e+28,1.8060e+28,1.7635e+29,7.0360e+28,4.3100e+27,2.4900e+27,3.3500e+27,3.6100e+27,1.9070e+28,9.6300e+27,9.6866e+07,1.9152e+05,3.1402e+09,1.0464e-20,1.0033e+08,2.3382e+05,4.6066e+05,4.5752e+05,27.9,68.3,1.9,1.9,3.6142e+29,3.5217e+29,4.9200e+27,4.3300e+27,1.1088e+28,0.0000e+00,97.4,1.4,1.2
93,3.5670e+29,1.0183e+29,2.4102e+29,6.9100e+27,6.9400e+27,8.3120e+28,1.8710e+28,1.6948e+29,7.1540e+28,4.7000e+27,2.2100e+27,3.4100e+27,3.5300e+27,1.8760e+28,9.5500e+27,9.7216e+07,1.2127e+03,2.7656e+09,1.0066e-20,1.2849e+08,2.5504e+05,4.5750e+05,4.5437e+05,28.5,67.6,1.9,1.9,3.5646e+29,3.4682e+29,4.8800e+27,4.7600e+27,1.0889e+28,0.0000e+00,97.3,1.4,1.3
94,3.6702e+29,1.0426e+29,2.4797e+29,7.8600e+27,6.9300e+27,8.6470e+28,1.7790e+28,1.7775e+29,7.0220e+28,5.3100e+27,2.5500e+27,3.1900e+27,3.7400e+27,1.9580e+28,1.0890e+28,9.7261e+07,5.7918e+05,3.1353e+09,2.3632e-19,1.2565e+08,2.4190e+05,4.5436e+05,4.5125e+05,28.4,67.6,2.1,1.9,3.6762e+29,3.5776e+29,5.0300e+27,4.8300e+27,1.0693e+28,0.0000e+00,97.3,1.4,1.3
95,3.7145e+29,1.0452e+29,2.5276e+29,7.2700e+27,6.9000e+27,8.6390e+28,1.8130e+28,1.8030e+29,7.2460e+28,5.1800e+27,2.0900e+27,3.6600e+27,3.2400e+27,1.8560e+28,1.0910e+28,9.7465e+07,6.3083e+05,3.1303e+09,2.2760e-15,1.2245e+08,2.5266e+05,4.5124e+05,4.4814e+05,28.1,68.0,2.0,1.9,3.7097e+29,3.6129e+29,4.9700e+27,4.7100e+27,1.0550e+28,0.0000e+00,97.4,1.3,1.3
96,3.7519e+29,1.0495e+29,2.5604e+29,7.2500e+27,6.9500e+27,8.7410e+28,1.7540e+28,1.8970e+29,6.6340e+28,4.8900e+27,2.3600e+27,3.7300e+27,3.2200e+27,1.8380e+28,1.0480e+28,9.7515e+07,6.5037e+05,3.1187e+09,7.8572e-15,1.1911e+08,2.5309e+05,4.4812e+05,4.4503e+05,28.0,68.2,1.9,1.9,3.7532e+29,3.6578e+29,5.2100e+27,4.3300e+27,1.0408e+28,0.0000e+00,97.5,1.4,1.2
97,3.8332e+29,1.0911e+29,2.6008e+29,7.1600e+27,6.9700e+27,9.1820e+28,1.7290e+28,1.9053e+29,6.9550e+28,4.7700e+27,2.3900e+27,3.6200e+27,3.3500e+27,1.8080e+28,9.0800e+27,9.7880e+07,3.2153e+05,3.7640e+09,1.6314e-18,1.1562e+08,2.0970e+05,4.4501e+05,4.4195e+05,28.5,67.8,1.9,1.8,3.8288e+29,3.7322e+29,4.9800e+27,4.6800e+27,1.0216e+28,0.0000e+00,97.5,1.3,1.2
98,3.8580e+29,1.0962e+29,2.6193e+29,7.3600e+27,6.8900e+27,9.2970e+28,1.6650e+28,1.9645e+29,6.5480e+28,4.6700e+27,2.6900e+27,3.3200e+27,3.5700e+27,1.8410e+28,8.3100e+27,9.8248e+07,6.5535e+02,3.1044e+09,1.0064e-20,1.2683e+08,2.3766e+05,4.4193e+05,4.3889e+05,28.4,67.9,1.9,1.8,3.8583e+29,3.7625e+29,5.0300e+27,4.5500e+27,1.0028e+28,0.0000e+00,97.5,1.3,1.2
99,3.9485e+29,1.1066e+29,2.6963e+29,7.6500e+27,6.9100e+27,9.4480e+28,1.6180e+28,2.0226e+29,6.7370e+28,5.3300e+27,2.3200e+27,3.4300e+27,3.4800e+27,1.8670e+28,9.3800e+27,9.8775e+07,2.5910e+05,2.9659e+09,1.0127e-20,1.2552e+08,2.8452e+05,4.3888e+05,4.3585e+05,28.0,68.3,1.9,1.8,3.9539e+29,3.8544e+29,5.2500e+27,4.7000e+27,9.8896e+27,0.0000e+00,97.5,1.3,1.2
100,3.9767e+29,1.1192e+29,2.7167e+29,7.2400e+27,6.8400e+27,9.5270e+28,1.6650e+28,2.0581e+29,6.5860e+28,5.2600e+27,1.9800e+27,3.3100e+27,3.5300e+27,1.8640e+28,9.3500e+27,9.8989e+07,7.4695e+05,3.0463e+09,5.1520e-16,1.2155e+08,2.6968e+05,4.3583e+05,4.3282e+05,28.1,68.3,1.8,1.7,3.9788e+29,3.8800e+29,5.2400e+27,4.6400e+27,9.7511e+27,0.0000e+00,97.5,1.3,1.2
101,3.9614e+29,1.1394e+29,2.6776e+29,7.5200e+27,6.9200e+27,9.7610e+28,1.6330e+28,2.0550e+29,6.2260e+28,5.2700e+27,2.2500e+27,3.5900e+27,3.3300e+27,1.8090e+28,9.2400e+27,9.9520e+07,5.7769e+05,3.0047e+09,2.7035e-15,1.1770e+08,2.2640e+05,4.3280e+05,4.2981e+05,28.8,67.6,1.9,1.7,3.9585e+29,3.8589e+29,5.4900e+27,4.4700e+27,9.5688e+27,0.0000e+00,97.5,1.4,1.1
102,4.0577e+29,1.1691e+29,2.7393e+29,8.0600e+27,6.8700e+27,1.0081e+29,1.6100e+28,2.0980e+29,6.4130e+28,5.7400e+27,2.3200e+27,3.4400e+27,3.4300e+27,1.8080e+28,7.8600e+27,9.9735e+07,1.8969e+05,3.0453e+09,6.1480e-20,1.1435e+08,2.7697e+05,4.2980e+05,4.2684e+05,28.8,67.5,2.0,1.7,4.0585e+29,3.9612e+29,5.1500e+27,4.5800e+27,9.3902e+27,0.0000e+00,97.6,1.3,1.1
103,4.1275e+29,1.1863e+29,2.7918e+29,7.9500e+27,6.9900e+27,1.0310e+29,1.5530e+28,2.1928e+29,5.9900e+28,5.6000e+27,2.3500e+27,3.4800e+27,3.5100e+27,1.7790e+28,7.7400e+27,9.9950e+07,4.5951e+02,3.0413e+09,1.0095e-20,1.3405e+08,2.7585e+05,4.2683e+05,4.2387e+05,28.7,67.6,1.9,1.7,4.1281e+29,4.0324e+29,4.9900e+27,4.5800e+27,9.2989e+27,0.0000e+00,97.7,1.2,1.1
104,4.1849e+29,1.1979e+29,2.8315e+29,8.5900e+27,6.9600e+27,1.0470e+29,1.5090e+28,2.2298e+29,6.0170e+28,6.2600e+27,2.3300e+27,3.6200e+27,3.3400e+27,1.7490e+28,8.0700e+27,1.0000e+08,4.3225e+05,3.0049e+09,1.4030e-19,1.3231e+08,2.6810e+05,4.2386e+05,4.2093e+05,28.6,67.7,2.1,1.7,4.1784e+29,4.0753e+29,5.4700e+27,4.8400e+27,9.1233e+27,0.0000e+00,97.5,1.3,1.2
105,4.2297e+29,1.1995e+29,2.8713e+29,9.0500e+27,6.8400e+27,1.0457e+29,1.5380e+28,2.2664e+29,6.0490e+28,6.4500e+27,2.6000e+27,3.4700e+27,3.3700e+27,1.7490e+28,8.9800e+27,1.0022e+08,6.3031e+05,2.9949e+09,3.9449e-15,1.2869e+08,2.5905e+05,4.2092e+05,4.1802e+05,28.4,67.9,2.1,1.6,4.2370e+29,4.1371e+29,5.2200e+27,4.7700e+27,8.9514e+27,0.0000e+00,97.6,1.2,1.1
106,4.3369e+29,1.2520e+29,2.9278e+29,8.6900e+27,7.0200e+27,1.0939e+29,1.5810e+28,2.3630e+29,5.6480e+28,6.1300e+27,2.5600e+27,3.2300e+27,3.7900e+27,1.7490e+28,7.7700e+27,1.0027e+08,2.8343e+05,2.8566e+09,1.3741e-17,1.2405e+08,3.1794e+05,4.1800e+05,4.1512e+05,28.9,67.5,2.0,1.6,4.3338e+29,4.2284e+29,5.5900e+27,4.9500e+27,8.8612e+27,0.0000e+00,97.6,1.3,1.1
107,4.2835e+29,1.2531e+29,2.8751e+29,8.5900e+27,6.9400e+27,1.1034e+29,1.4970e+28,2.3642e+29,5.1090e+28,6.2300e+27,2.3600e+27,3.5300e+27,3.4100e+27,1.6750e+28,7.1700e+27,1.0032e+08,1.0384e+03,3.0890e+09,1.0084e-20,1.4134e+08,3.0400e+05,4.1510e+05,4.1226e+05,29.3,67.1,2.0,1.6,4.2814e+29,4.1769e+29,5.4700e+27,4.9800e+27,8.6547e+27,0.0000e+00,97.6,1.3,1.2
108,4.3668e+29,1.2577e+29,2.9496e+29,9.0000e+27,6.9500e+27,1.1125e+29,1.4520e+28,2.3914e+29,5.5820e+28,6.6100e+27,2.3900e+27,3.4100e+27,3.5400e+27,1.7050e+28,7.6500e+27,1.0068e+08,1.3460e+05,3.6056e+09,1.0497e-20,1.4106e+08,2.8928e+05,4.1225e+05,4.0941e+05,28.8,67.5,2.1,1.6,4.3635e+29,4.2617e+29,5.4900e+27,4.6900e+27,8.5665e+27,0.0000e+00,97.7,1.3,1.1
109,4.4231e+29,1.2844e+29,2.9805e+29,8.8400e+27,6.9800e+27,1.1383e+29,1.4610e+28,2.4422e+29,5.3830e+28,6.6100e+27,2.2300e+27,3.5500e+27,3.4300e+27,1.6250e+28,6.9000e+27,1.0111e+08,5.0866e+05,2.8554e+09,7.2710e-16,1.3803e+08,2.7843e+05,4.0940e+05,4.0659e+05,29.0,67.4,2.0,1.6,4.4253e+29,4.3167e+29,5.9000e+27,4.9600e+27,8.4039e+27,0.0000e+00,97.5,1.3,1.1
110,4.5499e+29,1.3263e+29,3.0594e+29,9.4300e+27,6.9900e+27,1.1855e+29,1.4080e+28,2.5137e+29,5.4570e+28,7.1200e+27,2.3100e+27,3.7100e+27,3.2800e+27,1.7300e+28,6.8900e+27,1.0186e+08,2.2948e+05,2.7439e+09,2.7536e-17,1.3428e+08,3.4411e+05,4.0658e+05,4.0380e+05,29.2,67.2,2.1,1.5,4.5489e+29,4.4461e+29,5.5300e+27,4.7500e+27,8.2806e+27,0.0000e+00,97.7,1.2,1.0
111,4.5873e+29,1.3607e+29,3.0547e+29,1.0230e+28,6.9600e+27,1.2188e+29,1.4190e+28,2.5321e+29,5.2260e+28,7.6300e+27,2.6000e+27,3.2900e+27,3.6700e+27,1.6680e+28,6.4500e+27,1.0320e+08,3.0001e+02,3.3864e+09,1.0125e-20,1.4875e+08,3.4430e+05,4.0379e+05,4.0105e+05,29.7,66.6,2.2,1.5,4.5775e+29,4.4745e+29,5.4500e+27,4.8500e+27,8.1238e+27,0.0000e+00,97.7,1.2,1.1
112,4.6931e+29,1.3743e+29,3.1441e+29,1.0530e+28,6.9400e+27,1.2260e+29,1.4830e+28,2.6030e+29,5.4110e+28,8.1800e+27,2.3500e+27,3.4300e+27,3.5100e+27,1.6440e+28,6.2800e+27,1.0481e+08,1.2045e+05,2.7381e+09,1.0064e-20,1.4780e+08,3.3785e+05,4.0104e+05,3.9832e+05,29.3,67.0,2.2,1.5,4.7031e+29,4.5933e+29,5.8100e+27,5.1700e+27,8.0047e+27,0.0000e+00,97.7,1.2,1.1
113,4.7745e+29,1.4053e+29,3.1955e+29,1.0420e+28,6.9500e+27,1.2590e+29,1.4630e+28,2.6746e+29,5.2090e+28,8.3300e+27,2.0900e+27,3.5700e+27,3.3800e+27,1.6760e+28,6.4700e+27,1.0641e+08,3.7498e+05,2.7494e+09,1.0286e-15,1.4301e+08,3.5509e+05,3.9830e+05,3.9561e+05,29.4,66.9,2.2,1.5,4.7661e+29,4.6623e+29,5.5500e+27,4.8300e+27,7.8870e+27,0.0000e+00,97.8,1.2,1.0
114,4.9293e+29,1.4051e+29,3.3484e+29,1.0560e+28,7.0200e+27,1.2691e+29,1.3600e+28,2.8332e+29,5.1520e+28,8.1500e+27,2.4100e+27,3.4100e+27,3.6100e+27,1.5950e+28,6.5800e+27,1.0799e+08,1.3284e+05,2.6666e+09,7.6818e-19,1.3871e+08,3.9952e+05,3.9560e+05,3.9293e+05,28.5,67.9,2.1,1.4,4.9316e+29,4.8215e+29,6.1200e+27,4.8900e+27,7.7707e+27,0.0000e+00,97.8,1.2,1.0
115,4.9667e+29,1.4463e+29,3.3412e+29,1.0970e+28,6.9500e+27,1.3063e+29,1.4000e+28,2.8642e+29,4.7700e+28,8.3800e+27,2.5900e+27,3.7100e+27,3.2400e+27,1.6280e+28,5.6700e+27,1.0955e+08,5.5845e+02,2.6289e+09,1.0002e-20,1.4031e+08,3.9163e+05,3.9292e+05,3.9029e+05,29.1,67.3,2.2,1.4,4.9614e+29,4.8507e+29,6.0200e+27,5.0500e+27,7.6242e+27,0.0000e+00,97.8,1.2,1.0
116,5.0818e+29,1.4700e+29,3.4227e+29,1.1970e+28,6.9400e+27,1.3278e+29,1.4220e+28,2.9209e+29,5.0180e+28,9.5600e+27,2.4100e+27,3.5300e+27,3.4100e+27,1.5790e+28,6.4700e+27,1.1099e+08,2.6543e+05,2.8329e+09,1.5502e-19,1.3857e+08,4.1466e+05,3.9028e+05,3.8767e+05,28.9,67.4,2.4,1.4,5.0869e+29,4.9730e+29,6.1500e+27,5.2400e+27,7.5125e+27,0.0000e+00,97.8,1.2,1.0
117,5.1525e+29,1.4648e+29,3.4971e+29,1.2090e+28,6.9700e+27,1.3266e+29,1.3820e+28,3.0023e+29,4.9480e+28,9.5700e+27,2.5200e+27,3.5900e+27,3.3800e+27,1.5520e+28,6.1700e+27,1.1250e+08,2.0946e+05,2.8004e+09,7.2991e-16,1.3517e+08,3.6093e+05,3.8766e+05,3.8510e+05,28.4,67.9,2.3,1.4,5.1451e+29,5.0363e+29,5.7300e+27,5.1500e+27,7.3721e+27,0.0000e+00,97.9,1.1,1.0
118,5.2745e+29,1.5308e+29,3.5544e+29,1.1900e+28,7.0300e+27,1.3894e+29,1.4140e+28,3.0888e+29,4.6560e+28,9.2100e+27,2.6900e+27,3.5100e+27,3.5200e+27,1.5620e+28,5.4300e+27,1.1378e+08,1.0825e+04,2.7897e+09,1.0271e-20,1.3172e+08,3.4734e+05,3.8509e+05,3.8255e+05,29.0,67.4,2.3,1.3,5.2803e+29,5.1619e+29,6.7400e+27,5.1000e+27,7.2650e+27,0.0000e+00,97.8,1.3,1.0
119,5.4333e+29,1.5381e+29,3.6869e+29,1.3870e+28,6.9600e+27,1.4016e+29,1.3650e+28,3.1615e+29,5.2540e+28,1.1470e+28,2.4000e+27,3.4200e+27,3.5400e+27,1.5370e+28,5.1100e+27,1.1513e+08,2.2746e+02,2.7844e+09,1.0076e-20,1.5769e+08,3.6315e+05,3.8254e+05,3.8003e+05,28.3,67.9,2.6,1.3,5.4298e+29,5.3123e+29,6.2400e+27,5.5100e+27,7.1596e+27,0.0000e+00,97.8,1.1,1.0
120,5.3518e+29,1.5464e+29,3.6016e+29,1.3320e+28,7.0600e+27,1.4119e+29,1.3450e+28,3.1540e+29,4.4760e+28,1.0910e+28,2.4100e+27,3.5100e+27,3.5500e+27,1.5640e+28,5.6000e+27,1.1656e+08,2.2534e+05,2.6798e+09,2.8266e-16,1.5312e+08,3.2842e+05,3.8002e+05,3.7754e+05,28.9,67.3,2.5,1.3,5.3499e+29,5.2358e+29,6.2100e+27,5.2000e+27,7.0558e+27,0.0000e+00,97.9,1.2,1.0
121,5.5098e+29,1.5801e+29,3.7279e+29,1.3090e+28,7.0900e+27,1.4428e+29,1.3730e+28,3.2536e+29,4.7430e+28,1.0520e+28,2.5700e+27,3.4100e+27,3.6800e+27,1.4990e+28,5.5300e+27,1.1818e+08,5.9720e+04,3.8611e+09,2.2841e-20,1.4920e+08,3.4188e+05,3.7753e+05,3.7509e+05,28.7,67.7,2.4,1.3,5.5102e+29,5.3901e+29,6.6200e+27,5.3900e+27,6.9539e+27,0.0000e+00,97.8,1.2,1.0
122,5.6044e+29,1.5948e+29,3.7930e+29,1.4640e+28,7.0200e+27,1.4646e+29,1.3020e+28,3.3413e+29,4.5170e+28,1.1930e+28,2.7100e+27,3.7600e+27,3.2600e+27,1.3900e+28,5.0600e+27,1.1965e+08,9.9617e+01,2.6503e+09,1.0079e-20,1.6430e+08,3.4779e+05,3.7508e+05,3.7267e+05,28.5,67.7,2.6,1.3,5.6007e+29,5.4769e+29,6.9100e+27,5.4700e+27,6.8267e+27,0.0000e+00,97.8,1.2,1.0
123,5.7710e+29,1.6397e+29,3.9142e+29,1.4690e+28,7.0200e+27,1.5069e+29,1.3280e+28,3.4170e+29,4.9720e+28,1.2250e+28,2.4400e+27,3.5400e+27,3.4800e+27,1.4450e+28,4.6500e+27,1.2131e+08,2.3007e+05,2.6850e+09,8.7151e-18,1.6088e+08,3.5362e+05,3.7266e+05,3.7029e+05,28.4,67.8,2.5,1.2,5.7723e+29,5.6485e+29,6.5100e+27,5.8700e+27,6.7032e+27,0.0000e+00,97.9,1.1,1.0
124,5.8978e+29,1.6566e+29,4.0233e+29,1.4810e+28,6.9800e+27,1.5314e+29,1.2520e+28,3.5455e+29,4.7780e+28,1.2120e+28,2.6900e+27,3.5400e+27,3.4400e+27,1.4460e+28,5.1600e+27,1.2271e+08,7.7685e+04,3.1091e+09,8.8676e-19,1.5577e+08,3.1494e+05,3.7028e+05,3.6794e+05,28.1,68.2,2.5,1.2,5.8938e+29,5.7675e+29,6.8800e+27,5.7500e+27,6.6349e+27,0.0000e+00,97.9,1.2,1.0
125,6.0608e+29,1.6828e+29,4.1453e+29,1.6240e+28,7.0300e+27,1.5461e+29,1.3670e+28,3.6684e+29,4.7690e+28,1.3480e+28,2.7600e+27,3.2900e+27,3.7400e+27,1.3770e+28,4.4600e+27,1.2397e+08,7.9446e+01,2.9171e+09,1.0001e-20,1.6336e+08,2.9375e+05,3.6793e+05,3.6563e+05,27.8,68.4,2.7,1.2,6.0565e+29,5.9290e+29,6.7800e+27,5.9700e+27,6.5162e+27,0.0000e+00,97.9,1.1,1.0
126,6.1692e+29,1.7159e+29,4.2124e+29,1.7070e+28,7.0200e+27,1.5771e+29,1.3880e+28,3.7369e+29,4.7550e+28,1.4370e+28,2.7000e+27,3.7300e+27,3.2900e+27,1.4010e+28,5.2200e+27,1.2541e+08,1.9767e+05,3.1323e+09,7.1174e-19,1.6113e+08,4.1870e+05,3.6562e+05,3.6335e+05,27.8,68.3,2.8,1.1,6.1638e+29,6.0325e+29,6.9900e+27,6.1400e+27,6.4257e+27,0.0000e+00,97.9,1.1,1.0
127,6.4625e+29,1.7969e+29,4.4259e+29,1.6920e+28,7.0500e+27,1.6602e+29,1.3670e+28,3.9555e+29,4.7040e+28,1.4340e+28,2.5800e+27,3.6300e+27,3.4200e+27,1.4150e+28,4.3300e+27,1.2705e+08,6.8810e+04,2.5542e+09,1.3567e-18,1.5794e+08,4.0093e+05,3.6334e+05,3.6111e+05,27.8,68.5,2.6,1.1,6.4586e+29,6.3215e+29,7.5600e+27,6.1500e+27,6.3372e+27,0.0000e+00,97.9,1.2,1.0
128,6.4994e+29,1.7608e+29,4.4850e+29,1.8370e+28,6.9900e+27,1.6289e+29,1.3190e+28,4.0075e+29,4.7750e+28,1.5360e+28,3.0100e+27,3.3800e+27,3.6100e+27,1.3050e+28,4.4600e+27,1.2890e+08,2.0502e+02,2.9900e+09,1.0032e-20,1.7384e+08,3.5646e+05,3.6110e+05,3.5891e+05,27.1,69.0,2.8,1.1,6.4977e+29,6.3636e+29,7.3500e+27,6.0600e+27,6.2269e+27,0.0000e+00,97.9,1.1,0.9
129,6.5946e+29,1.8173e+29,4.5121e+29,1.9630e+28,6.8900e+27,1.6787e+29,1.3860e+28,4.0523e+29,4.5980e+28,1.6800e+28,2.8300e+27,3.6200e+27,3.2700e+27,1.3830e+28,4.0800e+27,1.2999e+08,1.3887e+05,2.5221e+09,7.3641e-19,1.7207e+08,3.4058e+05,3.5890e+05,3.5674e+05,27.6,68.4,3.0,1.0,6.5936e+29,6.4500e+29,7.8200e+27,6.5400e+27,6.1432e+27,0.0000e+00,97.8,1.2,1.0
130,6.7646e+29,1.8432e+29,4.6610e+29,1.8990e+28,7.0500e+27,1.7134e+29,1.2980e+28,4.2041e+29,4.5690e+28,1.6300e+28,2.6900e+27,3.4700e+27,3.5800e+27,1.3980e+28,3.9400e+27,1.3116e+08,4.0160e+04,2.7512e+09,1.4392e-19,1.6722e+08,3.0737e+05,3.5673e+05,3.5462e+05,27.2,68.9,2.8,1.0,6.7694e+29,6.6360e+29,7.3800e+27,5.9600e+27,6.0387e+27,0.0000e+00,98.0,1.1,0.9
131,6.8684e+29,1.8481e+29,4.7331e+29,2.1700e+28,7.0200e+27,1.7104e+29,1.3770e+28,4.2757e+29,4.5740e+28,1.8950e+28,2.7500e+27,3.4800e+27,3.5400e+27,1.2820e+28,4.1500e+27,1.3228e+08,1.9337e+02,2.7148e+09,1.0019e-20,1.7778e+08,3.5401e+05,3.5461e+05,3.5253e+05,26.9,68.9,3.2,1.0,6.8539e+29,6.7037e+29,8.2100e+27,6.8100e+27,5.9597e+27,0.0000e+00,97.8,1.2,1.0
132,7.0427e+29,1.8984e+29,4.8497e+29,2.2340e+28,7.1200e+27,1.7658e+29,1.3260e+28,4.3810e+29,4.6870e+28,1.9020e+28,3.3200e+27,3.3000e+27,3.8200e+27,1.3570e+28,4.1700e+27,1.3324e+08,1.3694e+05,3.3441e+09,8.6131e-18,1.7509e+08,3.3811e+05,3.5252e+05,3.5047e+05,27.0,68.9,3.2,1.0,7.0504e+29,6.9018e+29,7.6500e+27,7.2100e+27,5.8827e+27,0.0000e+00,97.9,1.1,1.0
133,7.1601e+29,1.9507e+29,4.9251e+29,2.1230e+28,7.2000e+27,1.8119e+29,1.3880e+28,4.4732e+29,4.5190e+28,1.8240e+28,2.9900e+27,3.6400e+27,3.5600e+27,1.2900e+28,4.0500e+27,1.3417e+08,2.1265e+04,3.2092e+09,1.0178e-20,1.7169e+08,4.3271e+05,3.5047e+05,3.4846e+05,27.2,68.8,3.0,1.0,7.1534e+29,7.0084e+29,8.0100e+27,6.4900e+27,5.8076e+27,0.0000e+00,98.0,1.1,0.9
134,7.3899e+29,1.9519e+29,5.1264e+29,2.4070e+28,7.0900e+27,1.8157e+29,1.3620e+28,4.6354e+29,4.9100e+28,2.0780e+28,3.2900e+27,3.7200e+27,3.3700e+27,1.2560e+28,3.9600e+27,1.3467e+08,2.7710e+02,3.1735e+09,1.0008e-20,1.9271e+08,4.2994e+05,3.4845e+05,3.4648e+05,26.4,69.4,3.3,1.0,7.3851e+29,7.2298e+29,8.3300e+27,7.2000e+27,5.7135e+27,0.0000e+00,97.9,1.1,1.0
135,7.5838e+29,1.9817e+29,5.2803e+29,2.5240e+28,6.9400e+27,1.8409e+29,1.4080e+28,4.8111e+29,4.6920e+28,2.1730e+28,3.5100e+27,3.4700e+27,3.4700e+27,1.3020e+28,3.6200e+27,1.3539e+08,8.9077e+04,2.7917e+09,1.7584e-16,1.8759e+08,4.5996e+05,3.4648e+05,3.4455e+05,26.1,69.6,3.3,0.9,7.5867e+29,7.4292e+29,8.1400e+27,7.6100e+27,5.6432e+27,0.0000e+00,97.9,1.1,1.0
136,7.6681e+29,2.0263e+29,5.3225e+29,2.4940e+28,6.9900e+27,1.8895e+29,1.3680e+28,4.8827e+29,4.3980e+28,2.1440e+28,3.5000e+27,3.6500e+27,3.3400e+27,1.3120e+28,3.4200e+27,1.3667e+08,2.1468e+02,3.0243e+09,1.0075e-20,1.9556e+08,4.1556e+05,3.4454e+05,3.4265e+05,26.4,69.4,3.3,0.9,7.6670e+29,7.5091e+29,8.5100e+27,7.2800e+27,5.5546e+27,0.0000e+00,97.9,1.1,0.9
137,7.9811e+29,2.0566e+29,5.5564e+29,2.9730e+28,7.0800e+27,1.9155e+29,1.4110e+28,5.0814e+29,4.7500e+28,2.6170e+28,3.5600e+27,3.2800e+27,3.8000e+27,1.2100e+28,3.8100e+27,1.3752e+08,5.0688e+04,3.1204e+09,1.0141e-20,1.9495e+08,3.9816e+05,3.4265e+05,3.4080e+05,25.8,69.6,3.7,0.9,7.9682e+29,7.7976e+29,8.7200e+27,8.3400e+27,5.4888e+27,0.0000e+00,97.9,1.1,1.0
138,8.0839e+29,2.0846e+29,5.6429e+29,2.8560e+28,7.0800e+27,1.9401e+29,1.4450e+28,5.1738e+29,4.6910e+28,2.4890e+28,3.6700e+27,3.5800e+27,3.5000e+27,1.2550e+28,3.6400e+27,1.3872e+08,4.6471e+04,2.8253e+09,1.2108e-18,1.9019e+08,3.9777e+05,3.4079e+05,3.3899e+05,25.8,69.8,3.5,0.9,8.0832e+29,7.9101e+29,8.9800e+27,8.3300e+27,5.4056e+27,0.0000e+00,97.9,1.1,1.0
139,8.3249e+29,2.0991e+29,5.8406e+29,3.1450e+28,7.0700e+27,1.9584e+29,1.4070e+28,5.3806e+29,4.6000e+28,2.8000e+28,3.4500e+27,3.5600e+27,3.5100e+27,1.1770e+28,3.3200e+27,1.3988e+08,2.2662e+02,3.6098e+09,1.0005e-20,2.0855e+08,4.5033e+05,3.3898e+05,3.3721e+05,25.2,70.2,3.8,0.8,8.3165e+29,8.1380e+29,9.2000e+27,8.6500e+27,5.3444e+27,0.0000e+00,97.9,1.1,1.0
140,8.5267e+29,2.1342e+29,5.9920e+29,3.2970e+28,7.0800e+27,1.9837e+29,1.5050e+28,5.4920e+29,5.0000e+28,2.9140e+28,3.8300e+27,3.6600e+27,3.4200e+27,1.2180e+28,3.4400e+27,1.4088e+08,9.4791e+04,2.6608e+09,3.8147e-18,2.0533e+08,4.6465e+05,3.3720e+05,3.3547e+05,25.0,70.3,3.9,0.8,8.5314e+29,8.3453e+29,9.4100e+27,9.2000e+27,5.2851e+27,0.0000e+00,97.8,1.1,1.1
141,8.6610e+29,2.1603e+29,6.1004e+29,3.3030e+28,7.0000e+27,2.0102e+29,1.5010e+28,5.5997e+29,5.0070e+28,2.8720e+28,4.3100e+27,3.6400e+27,3.3600e+27,1.2220e+28,3.7500e+27,1.4157e+08,2.3559e+02,3.5455e+09,1.0077e-20,2.0077e+08,4.5675e+05,3.3547e+05,3.3378e+05,24.9,70.4,3.8,0.8,8.6523e+29,8.4647e+29,1.0160e+28,8.6000e+27,5.2093e+27,0.0000e+00,97.8,1.2,1.0
142,8.9255e+29,2.2223e+29,6.2515e+29,3.8320e+28,6.8500e+27,2.0627e+29,1.5960e+28,5.6981e+29,5.5340e+28,3.3930e+28,4.3900e+27,3.5000e+27,3.3500e+27,1.2560e+28,3.5700e+27,1.4264e+08,3.4308e+02,2.7603e+09,1.0011e-20,2.1409e+08,5.3801e+05,3.3378e+05,3.3213e+05,24.9,70.0,4.3,0.8,8.9296e+29,8.7339e+29,9.6100e+27,9.9600e+27,5.1545e+27,0.0000e+00,97.8,1.1,1.1
143,9.0490e+29,2.2382e+29,6.3542e+29,3.8470e+28,7.1900e+27,2.0796e+29,1.5860e+28,5.8057e+29,5.4850e+28,3.3750e+28,4.7200e+27,3.5800e+27,3.6100e+27,1.2140e+28,3.1400e+27,1.4344e+08,2.8466e+04,2.8178e+09,1.2329e-18,2.0854e+08,5.5350e+05,3.3212e+05,3.3052e+05,24.7,70.2,4.3,0.8,9.0465e+29,8.8497e+29,1.0130e+28,9.5500e+27,5.0837e+27,0.0000e+00,97.8,1.1,1.1
144,9.3490e+29,2.2814e+29,6.5876e+29,4.0960e+28,7.0400e+27,2.1132e+29,1.6820e+28,6.0109e+29,5.7670e+28,3.6400e+28,4.5600e+27,3.5300e+27,3.5100e+27,1.2260e+28,3.2000e+27,1.4426e+08,7.5235e+01,2.6611e+09,1.0164e-20,2.3572e+08,6.0859e+05,3.3051e+05,3.2895e+05,24.4,70.5,4.4,0.8,9.3311e+29,9.1240e+29,1.0710e+28,1.0000e+28,5.0158e+27,0.0000e+00,97.8,1.1,1.1
145,9.4806e+29,2.3064e+29,6.6799e+29,4.2530e+28,6.9000e+27,2.1364e+29,1.7000e+28,6.1032e+29,5.7670e+28,3.7870e+28,4.6600e+27,3.6700e+27,3.2300e+27,1.1910e+28,3.3200e+27,1.4572e+08,7.2671e+04,3.5525e+09,7.2862e-18,2.3296e+08,5.4956e+05,3.2895e+05,3.2742e+05,24.3,70.5,4.5,0.7,9.4863e+29,9.2721e+29,1.1000e+28,1.0420e+28,4.9678e+27,0.0000e+00,97.7,1.2,1.1
146,9.6744e+29,2.3409e+29,6.8287e+29,4.3500e+28,6.9800e+27,2.1706e+29,1.7030e+28,6.2635e+29,5.6520e+28,3.8860e+28,4.6400e+27,3.9500e+27,3.0300e+27,1.1260e+28,3.1100e+27,1.4644e+08,2.2041e+02,3.3847e+09,1.0111e-20,2.2989e+08,6.0987e+05,3.2742e+05,3.2594e+05,24.2,70.6,4.5,0.7,9.6697e+29,9.4554e+29,1.0890e+28,1.0540e+28,4.9047e+27,0.0000e+00,97.8,1.1,1.1
147,1.0026e+30,2.3611e+29,7.1134e+29,4.8080e+28,7.0900e+27,2.1714e+29,1.8970e+28,6.4536e+29,6.5980e+28,4.2970e+28,5.1100e+27,3.7900e+27,3.3000e+27,1.1510e+28,2.7600e+27,1.4753e+08,3.9650e+04,3.3216e+09,1.0331e-20,2.2899e+08,5.6907e+05,3.2594e+05,3.2450e+05,23.5,70.9,4.8,0.7,1.0024e+30,9.7875e+29,1.1930e+28,1.1690e+28,4.8609e+27,0.0000e+00,97.6,1.2,1.2
148,1.0116e+30,2.3981e+29,7.1744e+29,4.7400e+28,6.9100e+27,2.2153e+29,1.8280e+28,6.5240e+29,6.5040e+28,4.2030e+28,5.3700e+27,3.4300e+27,3.4800e+27,1.2560e+28,3.0100e+27,1.4871e+08,1.5291e+04,3.2468e+09,1.1023e-20,2.2398e+08,6.1027e+05,3.2449e+05,3.2310e+05,23.7,70.9,4.7,0.7,1.0109e+30,9.8734e+29,1.1850e+28,1.1670e+28,4.8026e+27,0.0000e+00,97.7,1.2,1.2
149,1.0383e+30,2.4092e+29,7.3795e+29,5.2440e+28,6.9500e+27,2.2153e+29,1.9390e+28,6.6537e+29,7.2580e+28,4.6570e+28,5.8700e+27,3.2000e+27,3.7500e+27,1.1520e+28,2.9300e+27,1.4940e+08,1.8332e+02,2.6848e+09,1.0034e-20,2.2528e+08,6.4453e+05,3.2309e+05,3.2174e+05,23.2,71.1,5.1,0.7,1.0380e+30,1.0137e+30,1.2480e+28,1.1820e+28,4.7469e+27,0.0000e+00,97.7,1.2,1.1
150,1.0577e+30,2.4652e+29,7.5197e+29,5.2160e+28,7.0100e+27,2.2602e+29,2.0500e+28,6.7874e+29,7.3230e+28,4.6840e+28,5.3200e+27,3.5600e+27,3.4500e+27,1.1610e+28,3.1100e+27,1.5034e+08,3.4334e+04,3.3395e+09,3.6727e-18,2.2054e+08,6.8119e+05,3.2174e+05,3.2043e+05,23.3,71.1,4.9,0.7,1.0562e+30,1.0323e+30,1.2300e+28,1.1600e+28,4.7095e+27,0.0000e+00,97.7,1.2,1.1
151,1.0805e+30,2.4517e+29,7.7307e+29,5.5220e+28,7.0000e+27,2.2483e+29,2.0340e+28,6.9906e+29,7.4010e+28,4.8920e+28,6.3000e+27,3.7200e+27,3.2800e+27,1.1420e+28,2.7900e+27,1.5137e+08,6.7155e+01,2.7822e+09,1.0020e-20,2.1454e+08,6.5017e+05,3.2042e+05,3.1916e+05,22.7,71.6,5.1,0.6,1.0804e+30,1.0555e+30,1.2500e+28,1.2400e+28,4.6427e+27,0.0000e+00,97.7,1.2,1.1
152,1.1010e+30,2.4988e+29,7.8655e+29,5.7580e+28,7.0200e+27,2.2818e+29,2.1700e+28,7.0496e+29,8.1590e+28,5.0860e+28,6.7200e+27,3.7100e+27,3.3100e+27,1.0730e+28,2.7700e+27,1.5235e+08,6.0378e+04,3.6200e+09,1.8138e-18,2.0818e+08,6.3046e+05,3.1916e+05,3.1794e+05,22.7,71.4,5.2,0.6,1.1013e+30,1.0755e+30,1.2970e+28,1.2840e+28,4.6098e+27,0.0000e+00,97.7,1.2,1.2
153,1.1245e+30,2.5356e+29,8.0525e+29,5.8600e+28,7.1100e+27,2.3152e+29,2.2040e+28,7.2324e+29,8.2010e+28,5.1960e+28,6.6400e+27,3.5000e+27,3.6100e+27,1.0850e+28,2.5400e+27,1.5297e+08,7.9657e+01,3.4616e+09,1.0117e-20,2.1568e+08,6.7476e+05,3.1793e+05,3.1675e+05,22.5,71.6,5.2,0.6,1.1245e+30,1.0987e+30,1.2950e+28,1.2900e+28,4.5788e+27,0.0000e+00,97.7,1.2,1.1
154,1.1444e+30,2.5355e+29,8.2135e+29,6.2500e+28,6.9500e+27,2.2926e+29,2.4290e+28,7.2968e+29,9.1670e+28,5.4620e+28,7.8800e+27,3.6100e+27,3.3400e+27,1.0850e+28,2.4600e+27,1.5359e+08,6.4289e+04,3.1728e+09,1.0405e-20,2.1468e+08,8.2964e+05,3.1674e+05,3.1561e+05,22.2,71.8,5.5,0.6,1.1416e+30,1.1145e+30,1.3410e+28,1.3660e+28,4.5194e+27,0.0000e+00,97.6,1.2,1.2
155,1.1587e+30,2.5361e+29,8.3835e+29,5.9770e+28,6.9700e+27,2.2988e+29,2.3730e+28,7.4771e+29,9.0640e+28,5.1990e+28,7.7800e+27,3.5000e+27,3.4700e+27,1.0540e+28,2.3700e+27,1.5462e+08,1.4700e+03,3.0220e+09,1.0031e-20,2.0949e+08,8.4227e+05,3.1561e+05,3.1452e+05,21.9,72.4,5.2,0.6,1.1595e+30,1.1325e+30,1.4410e+28,1.2640e+28,4.4779e+27,0.0000e+00,97.7,1.2,1.1
156,1.1795e+30,2.5911e+29,8.4784e+29,6.5530e+28,6.9900e+27,2.3236e+29,2.6750e+28,7.4755e+29,1.0029e+29,5.7320e+28,8.2100e+27,3.5700e+27,3.4200e+27,1.0410e+28,2.2000e+27,1.5501e+08,7.2264e+01,2.9559e+09,1.0107e-20,2.0398e+08,7.9124e+05,3.1451e+05,3.1346e+05,22.0,71.9,5.6,0.6,1.1793e+30,1.1513e+30,1.4480e+28,1.3480e+28,4.4533e+27,0.0000e+00,97.6,1.2,1.1
157,1.2009e+30,2.6015e+29,8.6802e+29,6.5680e+28,7.0600e+27,2.3368e+29,2.6470e+28,7.6383e+29,1.0419e+29,5.7140e+28,8.5400e+27,3.6600e+27,3.4000e+27,1.0210e+28,2.5200e+27,1.5563e+08,1.5707e+04,3.1338e+09,1.0064e-20,2.0103e+08,7.5172e+05,3.1346e+05,3.1245e+05,21.7,72.3,5.5,0.6,1.2010e+30,1.1730e+30,1.4530e+28,1.3400e+28,4.4160e+27,0.0000e+00,97.7,1.2,1.1
158,1.2149e+30,2.6526e+29,8.7330e+29,6.9360e+28,6.9400e+27,2.3564e+29,2.9620e+28,7.6029e+29,1.1301e+29,6.0470e+28,8.8900e+27,3.4800e+27,3.4600e+27,1.0210e+28,2.2700e+27,1.5605e+08,1.2430e+01,3.5760e+09,1.0034e-20,1.9584e+08,8.5033e+05,3.1245e+05,3.1149e+05,21.8,71.9,5.7,0.6,1.2133e+30,1.1855e+30,1.4700e+28,1.3100e+28,4.3666e+27,0.0000e+00,97.7,1.2,1.1
159,1.2456e+30,2.6811e+29,9.0127e+29,6.9070e+28,7.1800e+27,2.3818e+29,2.9930e+28,7.9134e+29,1.0993e+29,5.9440e+28,9.6300e+27,3.8100e+27,3.3700e+27,1.0110e+28,2.2600e+27,1.5641e+08,2.7174e+04,3.4404e+09,2.1933e-19,1.9190e+08,8.8995e+05,3.1149e+05,3.1057e+05,21.5,72.4,5.5,0.6,1.2455e+30,1.2172e+30,1.4820e+28,1.3460e+28,4.3484e+27,0.0000e+00,97.7,1.2,1.1
160,1.2691e+30,2.7105e+29,9.1866e+29,7.2250e+28,7.1000e+27,2.3833e+29,3.2720e+28,7.9529e+29,1.2337e+29,6.2130e+28,1.0120e+28,3.4100e+27,3.6900e+27,1.0140e+28,2.2900e+27,1.5718e+08,1.6039e+02,2.9325e+09,1.0036e-20,1.8725e+08,1.0529e+06,3.1057e+05,3.0969e+05,21.4,72.4,5.7,0.6,1.2681e+30,1.2394e+30,1.4980e+28,1.3730e+28,4.3038e+27,0.0000e+00,97.7,1.2,1.1
161,1.2730e+30,2.7138e+29,9.2283e+29,7.1780e+28,7.0000e+27,2.3785e+29,3.3530e+28,7.9907e+29,1.2376e+29,6.0940e+28,1.0840e+28,3.3100e+27,3.6900e+27,1.0320e+28,2.1400e+27,1.5744e+08,2.9988e+04,3.4748e+09,4.2884e-18,1.8205e+08,1.1002e+06,3.0969e+05,3.0886e+05,21.3,72.5,5.6,0.5,1.2741e+30,1.2456e+30,1.4750e+28,1.3690e+28,4.2757e+27,0.0000e+00,97.8,1.2,1.1
162,1.2957e+30,2.7305e+29,9.4172e+29,7.3960e+28,6.9900e+27,2.3796e+29,3.5090e+28,8.0784e+29,1.3388e+29,6.2440e+28,1.1520e+28,3.4600e+27,3.5300e+27,9.9000e+27,2.2000e+27,1.5826e+08,1.2916e+02,4.0357e+09,1.0025e-20,1.7837e+08,1.2177e+06,3.0886e+05,3.0808e+05,21.1,72.7,5.7,0.5,1.2953e+30,1.2672e+30,1.5100e+28,1.2950e+28,4.2637e+27,0.0000e+00,97.8,1.2,1.0
163,1.3072e+30,2.7601e+29,9.4712e+29,7.7090e+28,6.9900e+27,2.3866e+29,3.7350e+28,8.0376e+29,1.4336e+29,6.3990e+28,1.3100e+28,3.7500e+27,3.2400e+27,1.0110e+28,2.5300e+27,1.5902e+08,4.1573e+04,3.6296e+09,3.3258e-18,1.7439e+08,1.2803e+06,3.0807e+05,3.0733e+05,21.1,72.5,5.9,0.5,1.3062e+30,1.2764e+30,1.6060e+28,1.3780e+28,4.2260e+27,0.0000e+00,97.7,1.2,1.1
164,1.3332e+30,2.7559e+29,9.7265e+29,7.7960e+28,7.0000e+27,2.3606e+29,3.9530e+28,8.2230e+29,1.5035e+29,6.5640e+28,1.2320e+28,3.2200e+27,3.7800e+27,9.7800e+27,2.2500e+27,1.5918e+08,1.1944e+02,3.5013e+09,1.0024e-20,1.7039e+08,1.2822e+06,3.0733e+05,3.0664e+05,20.7,73.0,5.8,0.5,1.3325e+30,1.3028e+30,1.6020e+28,1.3700e+28,4.1908e+27,0.0000e+00,97.8,1.2,1.0
165,1.3482e+30,2.7860e+29,9.8169e+29,8.0710e+28,7.2000e+27,2.3698e+29,4.1620e+28,8.1942e+29,1.6227e+29,6.6710e+28,1.4000e+28,3.9300e+27,3.2700e+27,9.9100e+27,2.2900e+27,1.5927e+08,4.7609e+04,3.5202e+09,2.6841e-19,1.6626e+08,1.3756e+06,3.0664e+05,3.0598e+05,20.7,72.8,6.0,0.5,1.3486e+30,1.3178e+30,1.6940e+28,1.3860e+28,4.1850e+27,0.0000e+00,97.7,1.3,1.0
166,1.3419e+30,2.7981e+29,9.7558e+29,7.9590e+28,6.9700e+27,2.3677e+29,4.3040e+28,8.1385e+29,1.6173e+29,6.5110e+28,1.4480e+28,3.3900e+27,3.5800e+27,1.0050e+28,2.2300e+27,1.5951e+08,1.4472e+02,2.9329e+09,1.0067e-20,1.6279e+08,1.2982e+06,3.0598e+05,3.0537e+05,20.9,72.7,5.9,0.5,1.3422e+30,1.3127e+30,1.6020e+28,1.3410e+28,4.1543e+27,0.0000e+00,97.8,1.2,1.0
167,1.3648e+30,2.8095e+29,9.9439e+29,8.2260e+28,7.1800e+27,2.3440e+29,4.6550e+28,8.1771e+29,1.7668e+29,6.5970e+28,1.6290e+28,3.6000e+27,3.5800e+27,9.7400e+27,2.0200e+27,1.5954e+08,5.4287e+04,2.8282e+09,1.7236e-20,1.6052e+08,1.3646e+06,3.0537e+05,3.0481e+05,20.6,72.9,6.0,0.5,1.3644e+30,1.3346e+30,1.6570e+28,1.3270e+28,4.1392e+27,0.0000e+00,97.8,1.2,1.0
168,1.3860e+30,2.8464e+29,1.0119e+30,8.2360e+28,7.0300e+27,2.3654e+29,4.8100e+28,8.3057e+29,1.8137e+29,6.6110e+28,1.6250e+28,3.5000e+27,3.5300e+27,9.3100e+27,2.1000e+27,1.5936e+08,9.7928e+01,3.5683e+09,1.0015e-20,1.5916e+08,1.5060e+06,3.0481e+05,3.0429e+05,20.5,73.0,5.9,0.5,1.3857e+30,1.3559e+30,1.6440e+28,1.3370e+28,4.1130e+27,0.0000e+00,97.8,1.2,1.0
169,1.4007e+30,2.8524e+29,1.0257e+30,8.2810e+28,6.9600e+27,2.3197e+29,5.3270e+28,8.2427e+29,2.0143e+29,6.5370e+28,1.7440e+28,3.7300e+27,3.2300e+27,9.4900e+27,1.8200e+27,1.5940e+08,5.4383e+04,3.6990e+09,1.0279e-20,1.5869e+08,1.7817e+06,3.0429e+05,3.0382e+05,20.4,73.2,5.9,0.5,1.3991e+30,1.3686e+30,1.7460e+28,1.3100e+28,4.1023e+27,0.0000e+00,97.8,1.2,0.9
170,1.4142e+30,2.9062e+29,1.0332e+30,8.3260e+28,7.1700e+27,2.3620e+29,5.4420e+28,8.2946e+29,2.0371e+29,6.5650e+28,1.7610e+28,3.6500e+27,3.5200e+27,9.3900e+27,2.0400e+27,1.5972e+08,8.1329e+01,3.0817e+09,1.0123e-20,1.5580e+08,1.9107e+06,3.0382e+05,3.0339e+05,20.5,73.1,5.9,0.5,1.4136e+30,1.3834e+30,1.6680e+28,1.3460e+28,4.0805e+27,0.0000e+00,97.9,1.2,1.0
171,1.4209e+30,2.8798e+29,1.0386e+30,8.7260e+28,7.0500e+27,2.2935e+29,5.8630e+28,8.1346e+29,2.2514e+29,6.7450e+28,1.9810e+28,3.6000e+27,3.4500e+27,8.7900e+27,1.9000e+27,1.5933e+08,3.7085e+04,3.9880e+09,1.0314e-20,1.5250e+08,2.0405e+06,3.0339e+05,3.0301e+05,20.3,73.1,6.1,0.5,1.4221e+30,1.3910e+30,1.7250e+28,1.3890e+28,4.0741e+27,0.0000e+00,97.8,1.2,1.0
172,1.4129e+30,2.8952e+29,1.0328e+30,8.3490e+28,7.0900e+27,2.3129e+29,5.8230e+28,8.2011e+29,2.1271e+29,6.4240e+28,1.9250e+28,3.6300e+27,3.4600e+27,9.2000e+27,2.0900e+27,1.5903e+08,1.1586e+02,3.7228e+09,1.0118e-20,1.4886e+08,2.0780e+06,3.0301e+05,3.0267e+05,20.5,73.1,5.9,0.5,1.4122e+30,1.3827e+30,1.6240e+28,1.3270e+28,4.0567e+27,0.0000e+00,97.9,1.2,0.9
173,1.4355e+30,2.9168e+29,1.0504e+30,8.6430e+28,7.0300e+27,2.2579e+29,6.5890e+28,8.0664e+29,2.4373e+29,6.4690e+28,2.1740e+28,3.3800e+27,3.6500e+27,8.8700e+27,2.0500e+27,1.5889e+08,1.8316e+04,3.4339e+09,1.0566e-20,1.4672e+08,2.1889e+06,3.0267e+05,3.0237e+05,20.3,73.2,6.0,0.5,1.4357e+30,1.4043e+30,1.8000e+28,1.3380e+28,4.0545e+27,0.0000e+00,97.8,1.3,0.9
174,1.4405e+30,2.9039e+29,1.0564e+30,8.6770e+28,6.8800e+27,2.2572e+29,6.4670e+28,8.1904e+29,2.3738e+29,6.4970e+28,2.1800e+28,3.3800e+27,3.5000e+27,8.5000e+27,1.7600e+27,1.5865e+08,1.8830e+02,2.8382e+09,1.0034e-20,1.4377e+08,2.2949e+06,3.0237e+05,3.0213e+05,20.2,73.3,6.0,0.5,1.4400e+30,1.4091e+30,1.8080e+28,1.2870e+28,4.0415e+27,0.0000e+00,97.9,1.3,0.9
175,1.4375e+30,2.9056e+29,1.0518e+30,8.8120e+28,6.9900e+27,2.1979e+29,7.0770e+28,7.9199e+29,2.5986e+29,6.4270e+28,2.3850e+28,3.3700e+27,3.6200e+27,8.7700e+27,1.8800e+27,1.5826e+08,6.0559e+03,3.8146e+09,1.0290e-20,1.4249e+08,2.4123e+06,3.0213e+05,3.0192e+05,20.2,73.2,6.1,0.5,1.4375e+30,1.4065e+30,1.7380e+28,1.3640e+28,4.0307e+27,0.0000e+00,97.8,1.2,0.9
176,1.4516e+30,2.9323e+29,1.0626e+30,8.8780e+28,6.9900e+27,2.2180e+29,7.1430e+28,8.0189e+29,2.6074e+29,6.4720e+28,2.4060e+28,3.6400e+27,3.3500e+27,8.3700e+27,1.7400e+27,1.5772e+08,1.4939e+03,3.1234e+09,1.0057e-20,1.4146e+08,2.4022e+06,3.0192e+05,3.0176e+05,20.2,73.2,6.1,0.5,1.4519e+30,1.4207e+30,1.8300e+28,1.2890e+28,4.0220e+27,0.0000e+00,97.9,1.3,0.9
177,1.4464e+30,2.8993e+29,1.0612e+30,8.8230e+28,7.1000e+27,2.1041e+29,7.9520e+28,7.7674e+29,2.8442e+29,6.2250e+28,2.5980e+28,3.5300e+27,3.5700e+27,8.2400e+27,1.6500e+27,1.5761e+08,9.5722e+00,3.4865e+09,1.0014e-20,1.3822e+08,2.4528e+06,3.0176e+05,3.0165e+05,20.0,73.4,6.1,0.5,1.4466e+30,1.4157e+30,1.7130e+28,1.3780e+28,4.0284e+27,0.0000e+00,97.9,1.2,1.0
178,1.4464e+30,2.9114e+29,1.0603e+30,8.7860e+28,7.0900e+27,2.1230e+29,7.8840e+28,7.8287e+29,2.7747e+29,6.1450e+28,2.6410e+28,3.3700e+27,3.7200e+27,8.5100e+27,1.9200e+27,1.5739e+08,4.8170e+03,3.6720e+09,1.0056e-20,1.3484e+08,2.3710e+06,3.0165e+05,3.0158e+05,20.1,73.3,6.1,0.5,1.4465e+30,1.4161e+30,1.7520e+28,1.2890e+28,4.0113e+27,0.0000e+00,97.9,1.2,0.9
179,1.4588e+30,2.9463e+29,1.0674e+30,8.9550e+28,7.2800e+27,2.0683e+29,8.7800e+28,7.6235e+29,3.0504e+29,6.0960e+28,2.8590e+28,3.8100e+27,3.4700e+27,8.4900e+27,1.5000e+27,1.5678e+08,1.6479e+02,3.8792e+09,1.0094e-20,1.3287e+08,2.4002e+06,3.0158e+05,3.0156e+05,20.2,73.2,6.1,0.5,1.4589e+30,1.4270e+30,1.7890e+28,1.4030e+28,4.0219e+27,0.0000e+00,97.8,1.2,1.0
180,1.4498e+30,2.9098e+29,1.0638e+30,8.7780e+28,7.1700e+27,2.0414e+29,8.6840e+28,7.6459e+29,2.9924e+29,5.8670e+28,2.9110e+28,3.6100e+27,3.5600e+27,8.0500e+27,1.9100e+27,1.5646e+08,8.2017e+03,3.8955e+09,1.0597e-20,1.3031e+08,3.4321e+06,3.0158e+05,3.0156e+05,20.1,73.4,6.1,0.5,1.4491e+30,1.4182e+30,1.8060e+28,1.2810e+28,4.0091e+27,0.0000e+00,97.9,1.2,0.9
181,1.4697e+30,2.9452e+29,1.0795e+30,8.8400e+28,7.2800e+27,1.9984e+29,9.4680e+28,7.4831e+29,3.3123e+29,5.8160e+28,3.0240e+28,3.6600e+27,3.6200e+27,7.9700e+27,1.9000e+27,1.5597e+08,1.2100e+02,3.7657e+09,1.0132e-20,1.2758e+08,3.5329e+06,3.0165e+05,3.0158e+05,20.0,73.5,6.0,0.5,1.4703e+30,1.4399e+30,1.7420e+28,1.2980e+28,4.0241e+27,0.0000e+00,97.9,1.2,0.9
182,1.4359e+30,2.8970e+29,1.0515e+30,8.7710e+28,7.0100e+27,1.9762e+29,9.2080e+28,7.3899e+29,3.1254e+29,5.7190e+28,3.0520e+28,3.4600e+27,3.5500e+27,8.0600e+27,1.8500e+27,1.5524e+08,1.0194e+04,3.7275e+09,1.0952e-20,1.2543e+08,3.7561e+06,3.0176e+05,3.0165e+05,20.2,73.2,6.1,0.5,1.4353e+30,1.4044e+30,1.7980e+28,1.2870e+28,4.0156e+27,0.0000e+00,97.9,1.3,0.9
183,1.4540e+30,2.8972e+29,1.0703e+30,8.6940e+28,7.0200e+27,1.8919e+29,1.0053e+29,7.2281e+29,3.4751e+29,5.5130e+28,3.1810e+28,3.1400e+27,3.8800e+27,7.8900e+27,1.9200e+27,1.5448e+08,6.1631e+01,3.2017e+09,1.0010e-20,1.2233e+08,3.7887e+06,3.0192e+05,3.0176e+05,19.9,73.6,6.0,0.5,1.4536e+30,1.4228e+30,1.8400e+28,1.2420e+28,4.0220e+27,0.0000e+00,97.9,1.3,0.9
184,1.4585e+30,2.9452e+29,1.0681e+30,8.8850e+28,7.0300e+27,1.9335e+29,1.0117e+29,7.2392e+29,3.4414e+29,5.6440e+28,3.2410e+28,3.3300e+27,3.7000e+27,7.5300e+27,1.8500e+27,1.5435e+08,1.4727e+04,4.0530e+09,1.0402e-20,1.2008e+08,4.1724e+06,3.0213e+05,3.0192e+05,20.2,73.2,6.1,0.5,1.4601e+30,1.4291e+30,1.8520e+28,1.2460e+28,4.0436e+27,0.0000e+00,97.9,1.3,0.9
185,1.4715e+30,2.9478e+29,1.0822e+30,8.7320e+28,7.1300e+27,1.8460e+29,1.1018e+29,7.1067e+29,3.7156e+29,5.4000e+28,3.3320e+28,3.5300e+27,3.6000e+27,7.3400e+27,2.0000e+27,1.5408e+08,1.5803e+02,3.8196e+09,1.0036e-20,1.1767e+08,4.2876e+06,3.0237e+05,3.0213e+05,20.0,73.5,5.9,0.5,1.4717e+30,1.4416e+30,1.8070e+28,1.2070e+28,4.0286e+27,0.0000e+00,98.0,1.2,0.8
186,1.4561e+30,2.9209e+29,1.0700e+30,8.7090e+28,6.9700e+27,1.8470e+29,1.0739e+29,7.1020e+29,3.5978e+29,5.2980e+28,3.4110e+28,3.5200e+27,3.4500e+27,6.7800e+27,1.8600e+27,1.5375e+08,1.7517e+04,3.8304e+09,1.0154e-20,1.1532e+08,4.9057e+06,3.0267e+05,3.0237e+05,20.1,73.5,6.0,0.5,1.4550e+30,1.4253e+30,1.7210e+28,1.2460e+28,4.0545e+27,0.0000e+00,98.0,1.2,0.9
187,1.4511e+30,2.9413e+29,1.0641e+30,8.5890e+28,7.0000e+27,1.7978e+29,1.1435e+29,6.8219e+29,3.8188e+29,4.9880e+28,3.6010e+28,3.5500e+27,3.4500e+27,7.6900e+27,1.7700e+27,1.5266e+08,1.9715e+02,3.6672e+09,1.0133e-20,1.1253e+08,5.0561e+06,3.0301e+05,3.0267e+05,20.3,73.3,5.9,0.5,1.4512e+30,1.4212e+30,1.7370e+28,1.2620e+28,4.0567e+27,0.0000e+00,97.9,1.2,0.9
188,1.4538e+30,2.9091e+29,1.0690e+30,8.6790e+28,7.0900e+27,1.7508e+29,1.1583e+29,6.9027e+29,3.7877e+29,5.0800e+28,3.5990e+28,3.5500e+27,3.5400e+27,7.3700e+27,1.6600e+27,1.5187e+08,2.9357e+04,3.3165e+09,1.6156e-20,1.1246e+08,5.0807e+06,3.0339e+05,3.0301e+05,20.0,73.5,6.0,0.5,1.4534e+30,1.4240e+30,1.7210e+28,1.2230e+28,4.0740e+27,0.0000e+00,98.0,1.2,0.8
189,1.4345e+30,2.8685e+29,1.0537e+30,8.6980e+28,6.9900e+27,1.6813e+29,1.1872e+29,6.5875e+29,3.9496e+29,4.8730e+28,3.8250e+28,3.6000e+27,3.3900e+27,7.1600e+27,1.8100e+27,1.5130e+08,6.9495e+01,3.3473e+09,1.0004e-20,1.1064e+08,5.3667e+06,3.0382e+05,3.0339e+05,20.0,73.5,6.1,0.5,1.4346e+30,1.4050e+30,1.7460e+28,1.2170e+28,4.0805e+27,0.0000e+00,97.9,1.2,0.8
190,1.4398e+30,2.8878e+29,1.0594e+30,8.4520e+28,7.0700e+27,1.6766e+29,1.2112e+29,6.5532e+29,4.0411e+29,4.8090e+28,3.6430e+28,3.5500e+27,3.5200e+27,7.4200e+27,1.6800e+27,1.5019e+08,3.6335e+04,3.7371e+09,1.2022e-19,1.0837e+08,5.6834e+06,3.0429e+05,3.0382e+05,20.1,73.6,5.9,0.5,1.4402e+30,1.4119e+30,1.6260e+28,1.2080e+28,4.1022e+27,0.0000e+00,98.0,1.1,0.8
191,1.4424e+30,2.8837e+29,1.0621e+30,8.4760e+28,7.1200e+27,1.6251e+29,1.2586e+29,6.4508e+29,4.1704e+29,4.6790e+28,3.7970e+28,3.6500e+27,3.4700e+27,6.7900e+27,1.5300e+27,1.4918e+08,7.0801e+01,3.6236e+09,1.0045e-20,1.0685e+08,5.9543e+06,3.0481e+05,3.0429e+05,20.0,73.6,5.9,0.5,1.4427e+30,1.4124e+30,1.7840e+28,1.2420e+28,4.1130e+27,0.0000e+00,97.9,1.2,0.9
192,1.4363e+30,2.8343e+29,1.0610e+30,8.4790e+28,7.1500e+27,1.5741e+29,1.2602e+29,6.4556e+29,4.1542e+29,4.6740e+28,3.8050e+28,3.9400e+27,3.2100e+27,7.3400e+27,1.6700e+27,1.4867e+08,4.4257e+04,3.6349e+09,1.1621e-18,1.0436e+08,6.3710e+06,3.0537e+05,3.0481e+05,19.7,73.9,5.9,0.5,1.4365e+30,1.4066e+30,1.7450e+28,1.2390e+28,4.1392e+27,0.0000e+00,97.9,1.2,0.9
193,1.4210e+30,2.8343e+29,1.0469e+30,8.3680e+28,7.0200e+27,1.5437e+29,1.2906e+29,6.2857e+29,4.1833e+29,4.5070e+28,3.8610e+28,3.4300e+27,3.5900e+27,6.6700e+27,1.5200e+27,1.4792e+08,5.9546e+01,3.7856e+09,1.0034e-20,1.0169e+08,6.5726e+06,3.0598e+05,3.0537e+05,19.9,73.7,5.9,0.5,1.4220e+30,1.3926e+30,1.7650e+28,1.1770e+28,4.1542e+27,0.0000e+00,97.9,1.2,0.8
194,1.4086e+30,2.8069e+29,1.0380e+30,8.2880e+28,6.9800e+27,1.5118e+29,1.2951e+29,6.2026e+29,4.1775e+29,4.3970e+28,3.8910e+28,3.6200e+27,3.3600e+27,7.1800e+27,1.7800e+27,1.4661e+08,6.2848e+04,3.6756e+09,6.5983e-18,1.0011e+08,6.9947e+06,3.0663e+05,3.0598e+05,19.9,73.7,5.9,0.5,1.4085e+30,1.3795e+30,1.7120e+28,1.1900e+28,4.1850e+27,0.0000e+00,97.9,1.2,0.8
195,1.4091e+30,2.8163e+29,1.0384e+30,8.2010e+28,7.0200e+27,1.4917e+29,1.3246e+29,6.0973e+29,4.2867e+29,4.2880e+28,3.9130e+28,3.5900e+27,3.4300e+27,6.9400e+27,1.4900e+27,1.4585e+08,1.9263e+02,3.2378e+09,1.0018e-20,9.9462e+07,6.9893e+06,3.0733e+05,3.0664e+05,20.0,73.7,5.8,0.5,1.4078e+30,1.3789e+30,1.7040e+28,1.1940e+28,4.2045e+27,0.0000e+00,97.9,1.2,0.8
196,1.3860e+30,2.7784e+29,1.0198e+30,8.1270e+28,7.1300e+27,1.4415e+29,1.3369e+29,5.9071e+29,4.2909e+29,4.0770e+28,4.0500e+28,3.7600e+27,3.3700e+27,7.4700e+27,1.7000e+27,1.4471e+08,8.0723e+04,3.7104e+09,2.8450e-18,9.8013e+07,7.4174e+06,3.0807e+05,3.0733e+05,20.0,73.6,5.9,0.5,1.3879e+30,1.3591e+30,1.6500e+28,1.2290e+28,4.2261e+27,0.0000e+00,97.9,1.2,0.9
197,1.4000e+30,2.8088e+29,1.0328e+30,7.9270e+28,7.0800e+27,1.4353e+29,1.3735e+29,5.9668e+29,4.3613e+29,3.9860e+28,3.9410e+28,3.7000e+27,3.3800e+27,7.1800e+27,1.7000e+27,1.4406e+08,2.2624e+02,3.6759e+09,1.0016e-20,9.7874e+07,7.3010e+06,3.0886e+05,3.0808e+05,20.1,73.8,5.7,0.5,1.3994e+30,1.3717e+30,1.6300e+28,1.1440e+28,4.2498e+27,0.0000e+00,98.0,1.2,0.8
198,1.4000e+30,2.7954e+29,1.0329e+30,8.0350e+28,7.2100e+27,1.3965e+29,1.3989e+29,5.7941e+29,4.5352e+29,3.9800e+28,4.0550e+28,3.4900e+27,3.7200e+27,6.7700e+27,1.7600e+27,1.4286e+08,1.0720e+05,2.9695e+09,2.0999e-19,9.7014e+07,7.7106e+06,3.0969e+05,3.0886e+05,20.0,73.8,5.7,0.5,1.3995e+30,1.3717e+30,1.6100e+28,1.1690e+28,4.2757e+27,0.0000e+00,98.0,1.2,0.8
199,1.3915e+30,2.8084e+29,1.0259e+30,7.7750e+28,7.0500e+27,1.4031e+29,1.4053e+29,5.8120e+29,4.4469e+29,3.8190e+28,3.9560e+28,3.3600e+27,3.6900e+27,6.8100e+27,1.8300e+27,1.4127e+08,1.9500e+02,4.4154e+09,1.0043e-20,9.5518e+07,7.9359e+06,3.1057e+05,3.0969e+05,20.2,73.7,5.6,0.5,1.3924e+30,1.3647e+30,1.6130e+28,1.1550e+28,4.3180e+27,0.0000e+00,98.0,1.2,0.8
200,1.3665e+30,2.7355e+29,1.0079e+30,7.7850e+28,7.1700e+27,1.3250e+29,1.4105e+29,5.4831e+29,4.5958e+29,3.7390e+28,4.0460e+28,3.5700e+27,3.6000e+27,6.8600e+27,1.7800e+27,1.3982e+08,6.9915e+04,3.2266e+09,1.0283e-20,9.4126e+07,8.2807e+06,3.1149e+05,3.1057e+05,20.0,73.8,5.7,0.5,1.3667e+30,1.3390e+30,1.5700e+28,1.2030e+28,4.3342e+27,0.0000e+00,98.0,1.1,0.9
201,1.3588e+30,2.7540e+29,1.0014e+30,7.4900e+28,7.0800e+27,1.3502e+29,1.4038e+29,5.6110e+29,4.4034e+29,3.6340e+28,3.8560e+28,3.6400e+27,3.4400e+27,7.1300e+27,1.6200e+27,1.3867e+08,2.9463e+02,3.7686e+09,1.0099e-20,9.3419e+07,8.2799e+06,3.1245e+05,3.1149e+05,20.3,73.7,5.5,0.5,1.3592e+30,1.3317e+30,1.6000e+28,1.1480e+28,4.3812e+27,0.0000e+00,98.0,1.2,0.8
202,1.3501e+30,2.7072e+29,9.9646e+29,7.5980e+28,6.9800e+27,1.2754e+29,1.4318e+29,5.3377e+29,4.6269e+29,3.5580e+28,4.0400e+28,3.4100e+27,3.5700e+27,7.2700e+27,1.4800e+27,1.3719e+08,1.6855e+04,3.4517e+09,1.0364e-20,9.2229e+07,8.6130e+06,3.1346e+05,3.1246e+05,20.1,73.8,5.6,0.5,1.3502e+30,1.3232e+30,1.5320e+28,1.1680e+28,4.4015e+27,0.0000e+00,98.0,1.1,0.9
203,1.3444e+30,2.6970e+29,9.9169e+29,7.5930e+28,7.0500e+27,1.2776e+29,1.4194e+29,5.4294e+29,4.4875e+29,3.5490e+28,4.0440e+28,3.7200e+27,3.3300e+27,6.9800e+27,1.7100e+27,1.3585e+08,2.5927e+04,3.0047e+09,1.0384e-20,9.1064e+07,8.6442e+06,3.1451e+05,3.1346e+05,20.1,73.8,5.6,0.5,1.3446e+30,1.3164e+30,1.6020e+28,1.2150e+28,4.4533e+27,0.0000e+00,97.9,1.2,0.9
204,1.3180e+30,2.6354e+29,9.7347e+29,7.3960e+28,7.0600e+27,1.2066e+29,1.4288e+29,5.2098e+29,4.5249e+29,3.4490e+28,3.9470e+28,3.2500e+27,3.8100e+27,6.7600e+27,1.8700e+27,1.3465e+08,2.3727e+02,3.6748e+09,1.0042e-20,8.9818e+07,8.5166e+06,3.1561e+05,3.1452e+05,20.0,73.9,5.6,0.5,1.3186e+30,1.2913e+30,1.5490e+28,1.1810e+28,4.4778e+27,0.0000e+00,97.9,1.2,0.9
205,1.2989e+30,2.6655e+29,9.5366e+29,7.1710e+28,7.0300e+27,1.2455e+29,1.4200e+29,5.1313e+29,4.4053e+29,3.2460e+28,3.9250e+28,3.4000e+27,3.6300e+27,6.9400e+27,1.9500e+27,1.3328e+08,6.8365e+04,3.0450e+09,1.8726e-19,8.9418e+07,8.2970e+06,3.1675e+05,3.1561e+05,20.5,73.4,5.5,0.5,1.2984e+30,1.2713e+30,1.4980e+28,1.2090e+28,4.5346e+27,0.0000e+00,97.9,1.2,0.9
206,1.3009e+30,2.6364e+29,9.5833e+29,7.1940e+28,7.0200e+27,1.2025e+29,1.4339e+29,5.1215e+29,4.4618e+29,3.2640e+28,3.9300e+28,3.3800e+27,3.6400e+27,7.0000e+27,1.7200e+27,1.3159e+08,3.4330e+02,3.2458e+09,1.0015e-20,8.9182e+07,8.2586e+06,3.1793e+05,3.1675e+05,20.3,73.7,5.5,0.5,1.3018e+30,1.2745e+30,1.5240e+28,1.2080e+28,4.5635e+27,0.0000e+00,97.9,1.2,0.9
207,1.2730e+30,2.6023e+29,9.3599e+29,6.9720e+28,7.0400e+27,1.1793e+29,1.4230e+29,4.9999e+29,4.3600e+29,3.1390e+28,3.8330e+28,3.5200e+27,3.5200e+27,7.0200e+27,2.0100e+27,1.3034e+08,1.2872e+05,3.0966e+09,2.2368e-17,8.7864e+07,8.2891e+06,3.1916e+05,3.1793e+05,20.4,73.5,5.5,0.6,1.2732e+30,1.2473e+30,1.4300e+28,1.1630e+28,4.6098e+27,0.0000e+00,98.0,1.1,0.9
208,1.2666e+30,2.6134e+29,9.2958e+29,6.8660e+28,7.0600e+27,1.1817e+29,1.4317e+29,4.9841e+29,4.3117e+29,3.0830e+28,3.7830e+28,3.7400e+27,3.3200e+27,6.9200e+27,1.7500e+27,1.2895e+08,4.1190e+02,3.0304e+09,1.0084e-20,8.7007e+07,8.1665e+06,3.2043e+05,3.1916e+05,20.6,73.4,5.4,0.6,1.2663e+30,1.2398e+30,1.4460e+28,1.2050e+28,4.6585e+27,0.0000e+00,97.9,1.1,1.0
209,1.2724e+30,2.5752e+29,9.3838e+29,6.9480e+28,7.0700e+27,1.1433e+29,1.4319e+29,4.9424e+29,4.4414e+29,3.0970e+28,3.8510e+28,3.5800e+27,3.4900e+27,6.6200e+27,2.1600e+27,1.2753e+08,1.4098e+05,3.5961e+09,1.3584e-19,8.5891e+07,7.8295e+06,3.2174e+05,3.2043e+05,20.2,73.7,5.5,0.6,1.2722e+30,1.2461e+30,1.4190e+28,1.1940e+28,4.6936e+27,0.0000e+00,97.9,1.1,0.9
210,1.2544e+30,2.5357e+29,9.2566e+29,6.8280e+28,6.9400e+27,1.1401e+29,1.3956e+29,4.9859e+29,4.2707e+29,3.0860e+28,3.7420e+28,3.3500e+27,3.5900e+27,7.2800e+27,1.9700e+27,1.2631e+08,4.0197e+02,3.0552e+09,1.0040e-20,8.5269e+07,7.5658e+06,3.2310e+05,3.2174e+05,20.2,73.8,5.4,0.6,1.2545e+30,1.2276e+30,1.4810e+28,1.2150e+28,4.7632e+27,0.0000e+00,97.9,1.2,1.0
211,1.2295e+30,2.5062e+29,9.0604e+29,6.5790e+28,7.0300e+27,1.0859e+29,1.4203e+29,4.7487e+29,4.3117e+29,2.9360e+28,3.6430e+28,3.5900e+27,3.4400e+27,6.7800e+27,1.9700e+27,1.2485e+08,2.0649e+04,4.0553e+09,1.0065e-20,8.4619e+07,7.4705e+06,3.2449e+05,3.2310e+05,20.4,73.7,5.4,0.6,1.2305e+30,1.2047e+30,1.3600e+28,1.2160e+28,4.7862e+27,0.0000e+00,97.9,1.1,1.0
212,1.2224e+30,2.5029e+29,8.9976e+29,6.5320e+28,7.0300e+27,1.1034e+29,1.3995e+29,4.7668e+29,4.2308e+29,2.8720e+28,3.6600e+28,3.5000e+27,3.5300e+27,7.1600e+27,2.1400e+27,1.2366e+08,6.8409e+04,3.0774e+09,2.8100e-20,8.4099e+07,7.7347e+06,3.2594e+05,3.2450e+05,20.5,73.6,5.3,0.6,1.2233e+30,1.1963e+30,1.4310e+28,1.2680e+28,4.8609e+27,0.0000e+00,97.8,1.2,1.0
213,1.1916e+30,2.4784e+29,8.7311e+29,6.3780e+28,6.9200e+27,1.0790e+29,1.3994e+29,4.5436e+29,4.1875e+29,2.8130e+28,3.5650e+28,3.4100e+27,3.5100e+27,6.7900e+27,2.0900e+27,1.2216e+08,1.0083e+02,3.1094e+09,1.0080e-20,8.3964e+07,7.5475e+06,3.2742e+05,3.2594e+05,20.8,73.3,5.4,0.6,1.1921e+30,1.1664e+30,1.3890e+28,1.1800e+28,4.9047e+27,0.0000e+00,97.8,1.2,1.0
214,1.1859e+30,2.4639e+29,8.6959e+29,6.2730e+28,7.2100e+27,1.0573e+29,1.4066e+29,4.6267e+29,4.0692e+29,2.7590e+28,3.5140e+28,3.5600e+27,3.6500e+27,7.2200e+27,2.0600e+27,1.2080e+08,1.8084e+05,3.0369e+09,4.3783e-17,8.2819e+07,7.2422e+06,3.2894e+05,3.2742e+05,20.8,73.3,5.3,0.6,1.1858e+30,1.1602e+30,1.3590e+28,1.1930e+28,4.9677e+27,0.0000e+00,97.8,1.1,1.0
215,1.1775e+30,2.4333e+29,8.6404e+29,6.3140e+28,7.0300e+27,1.0497e+29,1.3836e+29,4.5744e+29,4.0660e+29,2.7580e+28,3.5560e+28,3.7200e+27,3.3100e+27,7.0600e+27,1.9500e+27,1.1954e+08,1.1725e+02,3.0714e+09,1.0142e-20,8.4368e+07,6.9262e+06,3.3052e+05,3.2895e+05,20.7,73.4,5.4,0.6,1.1772e+30,1.1510e+30,1.3780e+28,1.2480e+28,5.0335e+27,0.0000e+00,97.8,1.2,1.1
216,1.1580e+30,2.3896e+29,8.5073e+29,6.1310e+28,7.0200e+27,1.0305e+29,1.3591e+29,4.4184e+29,4.0889e+29,2.6880e+28,3.4430e+28,3.6100e+27,3.4100e+27,7.2500e+27,2.0700e+27,1.1823e+08,1.2171e+05,4.0418e+09,1.4625e-20,8.4322e+07,6.9755e+06,3.3213e+05,3.3052e+05,20.6,73.5,5.3,0.6,1.1584e+30,1.1326e+30,1.3180e+28,1.2670e+28,5.0840e+27,0.0000e+00,97.8,1.1,1.1
217,1.1427e+30,2.3527e+29,8.4029e+29,6.0070e+28,7.1000e+27,1.0200e+29,1.3327e+29,4.5127e+29,3.8902e+29,2.6720e+28,3.3350e+28,3.8300e+27,3.2700e+27,6.6800e+27,2.3600e+27,1.1707e+08,5.3585e+04,3.0710e+09,1.0628e-20,8.3542e+07,7.2212e+06,3.3377e+05,3.3213e+05,20.6,73.5,5.3,0.6,1.1436e+30,1.1186e+30,1.2730e+28,1.2270e+28,5.1363e+27,0.0000e+00,97.8,1.1,1.1
218,1.1400e+30,2.3251e+29,8.4105e+29,5.9350e+28,7.1300e+27,9.8800e+28,1.3371e+29,4.4091e+29,4.0014e+29,2.6150e+28,3.3200e+28,3.6600e+27,3.4700e+27,6.8100e+27,2.0600e+27,1.1621e+08,4.3856e+02,3.0753e+09,1.0074e-20,9.0163e+07,7.0678e+06,3.3547e+05,3.3378e+05,20.4,73.8,5.2,0.6,1.1398e+30,1.1145e+30,1.3330e+28,1.1970e+28,5.2092e+27,0.0000e+00,97.8,1.2,1.1
219,1.1233e+30,2.2886e+29,8.2937e+29,5.8030e+28,7.0300e+27,9.8930e+28,1.2993e+29,4.3957e+29,3.8980e+29,2.6090e+28,3.1940e+28,3.5900e+27,3.4400e+27,7.0400e+27,2.0800e+27,1.1489e+08,2.1888e+05,3.2124e+09,6.5035e-17,8.9395e+07,6.8307e+06,3.3720e+05,3.3547e+05,20.4,73.8,5.2,0.6,1.1235e+30,1.0989e+30,1.2480e+28,1.2150e+28,5.2850e+27,0.0000e+00,97.8,1.1,1.1
220,1.1051e+30,2.2784e+29,8.1338e+29,5.6850e+28,7.0100e+27,9.9260e+28,1.2858e+29,4.3657e+29,3.7681e+29,2.5370e+28,3.1480e+28,3.4600e+27,3.5500e+27,7.3300e+27,2.2900e+27,1.1387e+08,6.0311e+01,4.2175e+09,1.0132e-20,8.8385e+07,6.7031e+06,3.3898e+05,3.3721e+05,20.6,73.6,5.1,0.6,1.1041e+30,1.0794e+30,1.2440e+28,1.2190e+28,5.3443e+27,0.0000e+00,97.8,1.1,1.1
221,1.0902e+30,2.2349e+29,8.0560e+29,5.4100e+28,7.0400e+27,9.5840e+28,1.2765e+29,4.2490e+29,3.8070e+29,2.4220e+28,2.9880e+28,3.4600e+27,3.5800e+27,7.2800e+27,2.0600e+27,1.1300e+08,1.3722e+05,3.0585e+09,1.0040e-20,8.7378e+07,6.5746e+06,3.4079e+05,3.3898e+05,20.5,73.9,5.0,0.6,1.0926e+30,1.0686e+30,1.2570e+28,1.1450e+28,5.4055e+27,0.0000e+00,97.8,1.2,1.0
222,1.0787e+30,2.2272e+29,7.9374e+29,5.5230e+28,7.0000e+27,9.8060e+28,1.2466e+29,4.2420e+29,3.6954e+29,2.4860e+28,3.0370e+28,3.8200e+27,3.1800e+27,7.3600e+27,2.0900e+27,1.1198e+08,1.0671e+05,3.3342e+09,2.1351e-20,8.6938e+07,6.5170e+06,3.4265e+05,3.4080e+05,20.6,73.6,5.1,0.6,1.0773e+30,1.0532e+30,1.2120e+28,1.2010e+28,5.4887e+27,0.0000e+00,97.8,1.1,1.1
223,1.0732e+30,2.2157e+29,7.9097e+29,5.3730e+28,6.9700e+27,9.4840e+28,1.2673e+29,4.2658e+29,3.6439e+29,2.4330e+28,2.9400e+28,3.2400e+27,3.7300e+27,7.5700e+27,2.2800e+27,1.1140e+08,1.5523e+02,3.1053e+09,1.0031e-20,8.7577e+07,5.9534e+06,3.4455e+05,3.4265e+05,20.6,73.7,5.0,0.6,1.0739e+30,1.0495e+30,1.2300e+28,1.2030e+28,5.5750e+27,0.0000e+00,97.7,1.1,1.1
224,1.0716e+30,2.1634e+29,7.9619e+29,5.2090e+28,7.0100e+27,9.4260e+28,1.2208e+29,4.2555e+29,3.7064e+29,2.3020e+28,2.9070e+28,3.7200e+27,3.2900e+27,7.5500e+27,2.6200e+27,1.1073e+08,3.5475e+05,3.1655e+09,4.2070e-17,8.6789e+07,5.7619e+06,3.4648e+05,3.4455e+05,20.2,74.3,4.9,0.7,1.0720e+30,1.0479e+30,1.2060e+28,1.2000e+28,5.6225e+27,0.0000e+00,97.8,1.1,1.1
225,1.0505e+30,2.1691e+29,7.7473e+29,5.1680e+28,7.2200e+27,9.5240e+28,1.2167e+29,4.2290e+29,3.5183e+29,2.3600e+28,2.8080e+28,3.5700e+27,3.6500e+27,7.2900e+27,2.2000e+27,1.0992e+08,9.8304e+03,4.0830e+09,1.0064e-20,8.6264e+07,5.9337e+06,3.4845e+05,3.4648e+05,20.6,73.7,4.9,0.7,1.0508e+30,1.0268e+30,1.2450e+28,1.1540e+28,5.7134e+27,0.0000e+00,97.7,1.2,1.1
226,1.0606e+30,2.1567e+29,7.8624e+29,5.1630e+28,7.0400e+27,9.3870e+28,1.2180e+29,4.2543e+29,3.6081e+29,2.3300e+28,2.8330e+28,3.3500e+27,3.6900e+27,7.4100e+27,2.3400e+27,1.0915e+08,1.0150e+01,3.3316e+09,1.0215e-20,8.6030e+07,5.7037e+06,3.5047e+05,3.4846e+05,20.3,74.1,4.9,0.7,1.0603e+30,1.0360e+30,1.2300e+28,1.1930e+28,5.8075e+27,0.0000e+00,97.7,1.2,1.1
227,1.0244e+30,2.1143e+29,7.5566e+29,5.0210e+28,7.0800e+27,9.3600e+28,1.1783e+29,4.1709e+29,3.3857e+29,2.3280e+28,2.6930e+28,3.5600e+27,3.5200e+27,7.9100e+27,2.2700e+27,1.0810e+08,3.0689e+05,3.1844e+09,1.2077e-16,8.5261e+07,5.2984e+06,3.5252e+05,3.5047e+05,20.6,73.8,4.9,0.7,1.0248e+30,1.0021e+30,1.1290e+28,1.1430e+28,5.8826e+27,0.0000e+00,97.8,1.1,1.1
228,1.0182e+30,2.1016e+29,7.5208e+29,4.8920e+28,7.0300e+27,9.4350e+28,1.1581e+29,4.1938e+29,3.3270e+29,2.2440e+28,2.6480e+28,3.5400e+27,3.4900e+27,7.9300e+27,2.5700e+27,1.0722e+08,2.6467e+02,3.2255e+09,1.0130e-20,9.6427e+07,5.1053e+06,3.5461e+05,3.5253e+05,20.6,73.9,4.8,0.7,1.0179e+30,9.9450e+29,1.1560e+28,1.1810e+28,5.9596e+27,0.0000e+00,97.7,1.1,1.2
229,1.0220e+30,2.0943e+29,7.5740e+29,4.8150e+28,7.0500e+27,9.2010e+28,1.1742e+29,4.1253e+29,3.4487e+29,2.2420e+28,2.5730e+28,3.4000e+27,3.6500e+27,7.7900e+27,2.3900e+27,1.0648e+08,1.1795e+05,3.2886e+09,1.0218e-20,9.6481e+07,5.0522e+06,3.5674e+05,3.5462e+05,20.5,74.1,4.7,0.7,1.0219e+30,9.9815e+29,1.1680e+28,1.2060e+28,6.0618e+27,0.0000e+00,97.7,1.1,1.2
230,1.0252e+30,2.0749e+29,7.6201e+29,4.8700e+28,7.0300e+27,9.3300e+28,1.1419e+29,4.2545e+29,3.3656e+29,2.3000e+28,2.5700e+28,3.5400e+27,3.4900e+27,7.5800e+27,2.4500e+27,1.0630e+08,3.0084e+05,3.4634e+09,3.3096e-17,9.4734e+07,4.8617e+06,3.5891e+05,3.5675e+05,20.2,74.3,4.8,0.7,1.0262e+30,1.0020e+30,1.2180e+28,1.1990e+28,6.1436e+27,0.0000e+00,97.6,1.2,1.2
231,1.0076e+30,2.0262e+29,7.5187e+29,4.5980e+28,7.1300e+27,9.3510e+28,1.0911e+29,4.2451e+29,3.2736e+29,2.1330e+28,2.4650e+28,3.6500e+27,3.4800e+27,8.1500e+27,2.5300e+27,1.0646e+08,8.6630e+02,3.3083e+09,1.0021e-20,9.3472e+07,4.7363e+06,3.6111e+05,3.5891e+05,20.1,74.6,4.6,0.7,1.0070e+30,9.8472e+29,1.1410e+28,1.0860e+28,6.2273e+27,0.0000e+00,97.8,1.1,1.1
232,9.9019e+29,2.0195e+29,7.3617e+29,4.5100e+28,6.9700e+27,9.0040e+28,1.1191e+29,4.0168e+29,3.3449e+29,2.1730e+28,2.3370e+28,3.2900e+27,3.6800e+27,8.4900e+27,2.5300e+27,1.0612e+08,1.8797e+05,3.3701e+09,1.0514e-20,9.2443e+07,4.5871e+06,3.6334e+05,3.6112e+05,20.4,74.3,4.6,0.7,9.9058e+29,9.6796e+29,1.1350e+28,1.1270e+28,6.3129e+27,0.0000e+00,97.7,1.1,1.1
233,9.7173e+29,1.9672e+29,7.2411e+29,4.3820e+28,7.0800e+27,9.0800e+28,1.0592e+29,4.0780e+29,3.1631e+29,2.0330e+28,2.3490e+28,3.5500e+27,3.5300e+27,8.0600e+27,2.7000e+27,1.0595e+08,3.4846e+05,3.1823e+09,2.9265e-17,9.1070e+07,4.4391e+06,3.6562e+05,3.6335e+05,20.2,74.5,4.5,0.7,9.7188e+29,9.4943e+29,1.1060e+28,1.1390e+28,6.4256e+27,0.0000e+00,97.7,1.1,1.2
234,9.5995e+29,1.9397e+29,7.1404e+29,4.4990e+28,6.9500e+27,9.1280e+28,1.0269e+29,4.0755e+29,3.0649e+29,2.1310e+28,2.3680e+28,3.4200e+27,3.5300e+27,8.7500e+27,2.9100e+27,1.0577e+08,3.1912e+02,4.0400e+09,1.0081e-20,9.5288e+07,4.1201e+06,3.6793e+05,3.6563e+05,20.2,74.4,4.7,0.7,9.6110e+29,9.3839e+29,1.1530e+28,1.1180e+28,6.5161e+27,0.0000e+00,97.6,1.2,1.2
235,9.4226e+29,1.9544e+29,6.9630e+29,4.3460e+28,7.0600e+27,9.0250e+28,1.0519e+29,3.9159e+29,3.0471e+29,2.0800e+28,2.2660e+28,3.6100e+27,3.4500e+27,8.2600e+27,2.8800e+27,1.0565e+08,1.7698e+05,5.1345e+09,1.0411e-20,9.5259e+07,4.1410e+06,3.7028e+05,3.6794e+05,20.7,73.9,4.6,0.7,9.4113e+29,9.1940e+29,1.0520e+28,1.1210e+28,6.6348e+27,0.0000e+00,97.7,1.1,1.2
236,9.3636e+29,1.9043e+29,6.9564e+29,4.3270e+28,7.0200e+27,8.9270e+28,1.0116e+29,3.9745e+29,2.9819e+29,2.1130e+28,2.2140e+28,3.6200e+27,3.4000e+27,8.2500e+27,3.0600e+27,1.0540e+08,4.0620e+05,4.5861e+09,1.3255e-16,9.3697e+07,3.9570e+06,3.7267e+05,3.7029e+05,20.3,74.3,4.6,0.7,9.3635e+29,9.1315e+29,1.1720e+28,1.1480e+28,6.7301e+27,0.0000e+00,97.5,1.3,1.2
237,9.3713e+29,1.9067e+29,6.9704e+29,4.2510e+28,6.9100e+27,9.0150e+28,1.0052e+29,4.0193e+29,2.9511e+29,2.0730e+28,2.1780e+28,3.4600e+27,3.4500e+27,8.9700e+27,2.7400e+27,1.0508e+08,6.8310e+02,3.4085e+09,1.0106e-20,9.8555e+07,3.7701e+06,3.7508e+05,3.7268e+05,20.3,74.4,4.5,0.7,9.3776e+29,9.1549e+29,1.1250e+28,1.1020e+28,6.8272e+27,0.0000e+00,97.6,1.2,1.2
238,9.3079e+29,1.8657e+29,6.9537e+29,4.1830e+28,7.0200e+27,8.7030e+28,9.9540e+28,4.0089e+29,2.9448e+29,2.0640e+28,2.1190e+28,3.3100e+27,3.7100e+27,8.5300e+27,2.8100e+27,1.0514e+08,8.3449e+04,3.3682e+09,1.0123e-20,9.9029e+07,3.4026e+06,3.7753e+05,3.7509e+05,20.0,74.7,4.5,0.8,9.2999e+29,9.0804e+29,1.0950e+28,1.1000e+28,6.9262e+27,0.0000e+00,97.6,1.2,1.2
239,9.4352e+29,1.8944e+29,7.0581e+29,4.1230e+28,7.0400e+27,9.1570e+28,9.7870e+28,4.1293e+29,2.9288e+29,2.0490e+28,2.0740e+28,3.4700e+27,3.5700e+27,8.9700e+27,3.1000e+27,1.0480e+08,6.4221e+05,3.2989e+09,1.3132e-15,9.8217e+07,3.1537e+06,3.8002e+05,3.7754e+05,20.1,74.8,4.4,0.7,9.4362e+29,9.2200e+29,1.0650e+28,1.0970e+28,7.0557e+27,0.0000e+00,97.7,1.1,1.2
240,9.1310e+29,1.8152e+29,6.8480e+29,3.9810e+28,6.9700e+27,8.8920e+28,9.2600e+28,4.0526e+29,2.7954e+29,1.9660e+28,2.0150e+28,3.5100e+27,3.4600e+27,8.5000e+27,3.4200e+27,1.0441e+08,1.1102e+05,3.1456e+09,1.0085e-20,9.7174e+07,3.2195e+06,3.8254e+05,3.8003e+05,19.9,75.0,4.4,0.8,9.1415e+29,8.9133e+29,1.1760e+28,1.1060e+28,7.1594e+27,0.0000e+00,97.5,1.3,1.2
241,9.1299e+29,1.8186e+29,6.8551e+29,3.8630e+28,6.9900e+27,8.8730e+28,9.3130e+28,4.0496e+29,2.8055e+29,1.9100e+28,1.9530e+28,3.5000e+27,3.4900e+27,9.0500e+27,3.1900e+27,1.0420e+08,1.0858e+03,3.4663e+09,1.0008e-20,9.7128e+07,3.2861e+06,3.8508e+05,3.8255e+05,19.9,75.1,4.2,0.8,9.1179e+29,8.9037e+29,1.0850e+28,1.0570e+28,7.2649e+27,0.0000e+00,97.7,1.2,1.2
242,9.1134e+29,1.8020e+29,6.8581e+29,3.8330e+28,7.0000e+27,8.8450e+28,9.1750e+28,4.0154e+29,2.8427e+29,1.9170e+28,1.9160e+28,3.3900e+27,3.6100e+27,8.7100e+27,3.2000e+27,1.0399e+08,5.7575e+05,3.2863e+09,3.6264e-17,9.6602e+07,3.1847e+06,3.8767e+05,3.8509e+05,19.8,75.3,4.2,0.8,9.1247e+29,8.8983e+29,1.1190e+28,1.1450e+28,7.4029e+27,0.0000e+00,97.5,1.2,1.3
243,9.0336e+29,1.7965e+29,6.7859e+29,3.8180e+28,6.9400e+27,8.8970e+28,9.0680e+28,4.0020e+29,2.7839e+29,1.9390e+28,1.8790e+28,3.2700e+27,3.6700e+27,8.8800e+27,3.6500e+27,1.0395e+08,3.8736e+05,3.5124e+09,1.1355e-17,9.4932e+07,2.9650e+06,3.9029e+05,3.8768e+05,19.9,75.1,4.2,0.8,9.0222e+29,8.8024e+29,1.1020e+28,1.0960e+28,7.5131e+27,0.0000e+00,97.6,1.2,1.2
244,8.9588e+29,1.7390e+29,6.7790e+29,3.7090e+28,6.9900e+27,8.7150e+28,8.6750e+28,4.0663e+29,2.7127e+29,1.8890e+28,1.8200e+28,3.3900e+27,3.6000e+27,8.9500e+27,3.2400e+27,1.0389e+08,9.7089e+02,3.3457e+09,1.0076e-20,1.0209e+08,3.0269e+06,3.9293e+05,3.9030e+05,19.4,75.7,4.1,0.8,8.9675e+29,8.7562e+29,1.1230e+28,9.9000e+27,7.6248e+27,0.0000e+00,97.6,1.3,1.1
245,8.8461e+29,1.7467e+29,6.6591e+29,3.7080e+28,6.9500e+27,8.6990e+28,8.7680e+28,3.9216e+29,2.7375e+29,1.8870e+28,1.8210e+28,3.4700e+27,3.4800e+27,8.9200e+27,3.6100e+27,1.0399e+08,2.1103e+05,3.5302e+09,1.0225e-20,1.0277e+08,2.8183e+06,3.9560e+05,3.9294e+05,19.7,75.3,4.2,0.8,8.8505e+29,8.6308e+29,1.0940e+28,1.1030e+28,7.7381e+27,0.0000e+00,97.5,1.2,1.2
246,8.8000e+29,1.7092e+29,6.6519e+29,3.6930e+28,6.9600e+27,8.7180e+28,8.3740e+28,4.0028e+29,2.6491e+29,1.9120e+28,1.7810e+28,3.5800e+27,3.3800e+27,9.6100e+27,3.5100e+27,1.0414e+08,8.1614e+05,3.4816e+09,2.9467e-15,1.0367e+08,2.6999e+06,3.9830e+05,3.9561e+05,19.4,75.6,4.2,0.8,8.8023e+29,8.5879e+29,1.0880e+28,1.0560e+28,7.8868e+27,0.0000e+00,97.6,1.2,1.2
247,8.8335e+29,1.7295e+29,6.6810e+29,3.5340e+28,6.9600e+27,8.9300e+28,8.3650e+28,4.1235e+29,2.5575e+29,1.8400e+28,1.6940e+28,3.4800e+27,3.4800e+27,1.0160e+28,3.6500e+27,1.0415e+08,2.6397e+05,3.6787e+09,1.7227e-19,1.0250e+08,2.5473e+06,4.0103e+05,3.9831e+05,19.6,75.6,4.0,0.8,8.8283e+29,8.6120e+29,1.0930e+28,1.0700e+28,8.0046e+27,0.0000e+00,97.5,1.2,1.2
248,8.7292e+29,1.6715e+29,6.6302e+29,3.5730e+28,7.0200e+27,8.5880e+28,8.1270e+28,4.0531e+29,2.5771e+29,1.8620e+28,1.7110e+28,3.3600e+27,3.6600e+27,9.2400e+27,3.6800e+27,1.0430e+08,8.7461e+02,3.2396e+09,1.0008e-20,1.0438e+08,2.5128e+06,4.0380e+05,4.0105e+05,19.1,76.0,4.1,0.8,8.7248e+29,8.5113e+29,1.1090e+28,1.0260e+28,8.1592e+27,0.0000e+00,97.6,1.3,1.2
249,8.6416e+29,1.6797e+29,6.5454e+29,3.4720e+28,6.9300e+27,8.6800e+28,8.1170e+28,3.9547e+29,2.5907e+29,1.8470e+28,1.6250e+28,3.3600e+27,3.5700e+27,9.6600e+27,4.0200e+27,1.0431e+08,4.0677e+05,4.0064e+09,5.4729e-19,1.0474e+08,2.4693e+06,4.0658e+05,4.0381e+05,19.4,75.7,4.0,0.8,8.6381e+29,8.4213e+29,1.1470e+28,1.0210e+28,8.2449e+27,0.0000e+00,97.5,1.3,1.2
250,8.5905e+29,1.6507e+29,6.5309e+29,3.3960e+28,6.9300e+27,8.7190e+28,7.7880e+28,4.0281e+29,2.5028e+29,1.7300e+28,1.6660e+28,3.2700e+27,3.6600e+27,9.8800e+27,4.0800e+27,1.0424e+08,8.2985e+05,4.1014e+09,4.4882e-15,1.0300e+08,2.4563e+06,4.0940e+05,4.0659e+05,19.2,76.0,4.0,0.8,8.5962e+29,8.3792e+29,1.1030e+28,1.0670e+28,8.4037e+27,0.0000e+00,97.5,1.3,1.2
251,8.4049e+29,1.6296e+29,6.3881e+29,3.1750e+28,6.9700e+27,8.6560e+28,7.6400e+28,3.9242e+29,2.4639e+29,1.6990e+28,1.4760e+28,3.6700e+27,3.3000e+27,1.0000e+28,3.8600e+27,1.0401e+08,2.7599e+05,3.2933e+09,1.1065e-19,1.0254e+08,2.2440e+06,4.1224e+05,4.0941e+05,19.4,76.0,3.8,0.8,8.4098e+29,8.1990e+29,1.1280e+28,9.8000e+27,8.5664e+27,0.0000e+00,97.5,1.3,1.2
252,8.4431e+29,1.6232e+29,6.4179e+29,3.3260e+28,6.9400e+27,8.6330e+28,7.5990e+28,3.9842e+29,2.4337e+29,1.8200e+28,1.5060e+28,3.5600e+27,3.3800e+27,1.0350e+28,4.2900e+27,1.0399e+08,4.6956e+02,3.2273e+09,1.0025e-20,1.2070e+08,2.2314e+06,4.1511e+05,4.1226e+05,19.2,76.0,3.9,0.8,8.4447e+29,8.2307e+29,1.1180e+28,1.0220e+28,8.6937e+27,0.0000e+00,97.5,1.3,1.2
253,8.3429e+29,1.6014e+29,6.3551e+29,3.1710e+28,6.9300e+27,8.5180e+28,7.4960e+28,3.9711e+29,2.3840e+29,1.7370e+28,1.4340e+28,3.5100e+27,3.4200e+27,9.7400e+27,4.3000e+27,1.0428e+08,4.0652e+05,5.4771e+09,2.2230e-19,1.2014e+08,2.0817e+06,4.1800e+05,4.1513e+05,19.2,76.2,3.8,0.8,8.3413e+29,8.1318e+29,1.0850e+28,1.0100e+28,8.8220e+27,0.0000e+00,97.5,1.3,1.2
254,8.3517e+29,1.5789e+29,6.3992e+29,3.0320e+28,7.0400e+27,8.6290e+28,7.1600e+28,4.0206e+29,2.3786e+29,1.6240e+28,1.4080e+28,3.6400e+27,3.4000e+27,1.0030e+28,4.5900e+27,1.0413e+08,1.0414e+06,3.3564e+09,7.5443e-15,1.1801e+08,1.8664e+06,4.2091e+05,4.1802e+05,18.9,76.6,3.6,0.8,8.3483e+29,8.1481e+29,1.0810e+28,9.2100e+27,8.9512e+27,0.0000e+00,97.6,1.3,1.1
255,8.2361e+29,1.5618e+29,6.2909e+29,3.1400e+28,6.9400e+27,8.6160e+28,7.0020e+28,4.0046e+29,2.2863e+29,1.6810e+28,1.4590e+28,3.5200e+27,3.4200e+27,1.0020e+28,4.6300e+27,1.0391e+08,4.8662e+05,4.0873e+09,1.6534e-17,1.1797e+08,1.9392e+06,4.2385e+05,4.2093e+05,19.0,76.4,3.8,0.8,8.2393e+29,8.0352e+29,1.0900e+28,9.5100e+27,9.1232e+27,0.0000e+00,97.5,1.3,1.2
256,8.2518e+29,1.5747e+29,6.3091e+29,2.9870e+28,6.9300e+27,8.7800e+28,6.9670e+28,4.0338e+29,2.2753e+29,1.6450e+28,1.3420e+28,3.4700e+27,3.4600e+27,1.0720e+28,4.7100e+27,1.0449e+08,4.4621e+01,3.5998e+09,1.0025e-20,1.2693e+08,1.7778e+06,4.2682e+05,4.2387e+05,19.1,76.5,3.6,0.8,8.2529e+29,8.0485e+29,1.0530e+28,9.9100e+27,9.2988e+27,0.0000e+00,97.5,1.3,1.2
257,8.0833e+29,1.5371e+29,6.1738e+29,3.0250e+28,6.9900e+27,8.5890e+28,6.7820e+28,3.8957e+29,2.2781e+29,1.6530e+28,1.3720e+28,3.3400e+27,3.6500e+27,1.0330e+28,4.6400e+27,1.0494e+08,1.1320e+05,3.7727e+09,1.0197e-20,1.2649e+08,1.6984e+06,4.2981e+05,4.2684e+05,19.0,76.4,3.7,0.9,8.0809e+29,7.8787e+29,1.0520e+28,9.7000e+27,9.4340e+27,0.0000e+00,97.5,1.3,1.2
258,8.1167e+29,1.5227e+29,6.2192e+29,3.0460e+28,7.0200e+27,8.5930e+28,6.6340e+28,3.9797e+29,2.2395e+29,1.6880e+28,1.3580e+28,3.3800e+27,3.6400e+27,1.0880e+28,5.5200e+27,1.0494e+08,9.3524e+05,3.2588e+09,2.4596e-16,1.2477e+08,1.7098e+06,4.3282e+05,4.2983e+05,18.8,76.6,3.8,0.9,8.1223e+29,7.9154e+29,1.0640e+28,1.0050e+28,9.5698e+27,0.0000e+00,97.5,1.3,1.2
259,8.0395e+29,1.5207e+29,6.1554e+29,2.9390e+28,6.9500e+27,8.6110e+28,6.5960e+28,3.9710e+29,2.1844e+29,1.6060e+28,1.3330e+28,3.5400e+27,3.4100e+27,1.0460e+28,5.4700e+27,1.0494e+08,8.9668e+05,3.7463e+09,4.4084e-15,1.2323e+08,1.5985e+06,4.3583e+05,4.3283e+05,18.9,76.6,3.7,0.9,8.0348e+29,7.8318e+29,1.0800e+28,9.5000e+27,9.7059e+27,0.0000e+00,97.5,1.3,1.2
260,8.0132e+29,1.5069e+29,6.1418e+29,2.9570e+28,6.8800e+27,8.6740e+28,6.3950e+28,4.0649e+29,2.0769e+29,1.6180e+28,1.3390e+28,3.5400e+27,3.3400e+27,1.0540e+28,5.1600e+27,1.0518e+08,3.6129e+05,3.7012e+09,6.6041e-19,1.2186e+08,1.6014e+06,4.3888e+05,4.3585e+05,18.8,76.6,3.7,0.9,8.0140e+29,7.8124e+29,1.1020e+28,9.1400e+27,9.8895e+27,0.0000e+00,97.5,1.4,1.1
261,8.0258e+29,1.4984e+29,6.1836e+29,2.7510e+28,6.8700e+27,8.7130e+28,6.2710e+28,4.1043e+29,2.0793e+29,1.5110e+28,1.2400e+28,3.4200e+27,3.4500e+27,1.0600e+28,5.1700e+27,1.0572e+08,6.3618e+02,3.9938e+09,1.0112e-20,1.2412e+08,1.4311e+06,4.4195e+05,4.3889e+05,18.7,77.0,3.4,0.9,8.0288e+29,7.8234e+29,1.1230e+28,9.3100e+27,1.0076e+28,0.0000e+00,97.4,1.4,1.2
262,7.9246e+29,1.4855e+29,6.0947e+29,2.7480e+28,6.9600e+27,8.5870e+28,6.2680e+28,3.9266e+29,2.1681e+29,1.5780e+28,1.1700e+28,3.1500e+27,3.8100e+27,1.1050e+28,5.6900e+27,1.0625e+08,2.5795e+05,3.9495e+09,1.0416e-20,1.2308e+08,1.4341e+06,4.4503e+05,4.4196e+05,18.7,76.9,3.5,0.9,7.9270e+29,7.7288e+29,1.0670e+28,9.1500e+27,1.0217e+28,0.0000e+00,97.5,1.3,1.2
263,7.8140e+29,1.4550e+29,6.0154e+29,2.7590e+28,6.7700e+27,8.5910e+28,5.9590e+28,3.9829e+29,2.0325e+29,1.5300e+28,1.2290e+28,3.3500e+27,3.4200e+27,1.1140e+28,5.4000e+27,1.0750e+08,1.0498e+06,3.7682e+09,5.6896e-16,1.2286e+08,1.4044e+06,4.4812e+05,4.4504e+05,18.6,77.0,3.5,0.9,7.8051e+29,7.6020e+29,1.1170e+28,9.1400e+27,1.0358e+28,0.0000e+00,97.4,1.4,1.2
264,7.8395e+29,1.4536e+29,6.0477e+29,2.6940e+28,6.8800e+27,8.5450e+28,5.9910e+28,4.0034e+29,2.0443e+29,1.5020e+28,1.1920e+28,3.3700e+27,3.5100e+27,1.1780e+28,5.6300e+27,1.0825e+08,1.0848e+06,3.5650e+09,1.7067e-14,1.2263e+08,1.3608e+06,4.5123e+05,4.4814e+05,18.5,77.1,3.4,0.9,7.8385e+29,7.6326e+29,1.1240e+28,9.3500e+27,1.0550e+28,0.0000e+00,97.4,1.4,1.2
265,7.8234e+29,1.4536e+29,6.0335e+29,2.6780e+28,6.8500e+27,8.6770e+28,5.8590e+28,4.0199e+29,2.0136e+29,1.5170e+28,1.1610e+28,3.1800e+27,3.6700e+27,1.1410e+28,5.7600e+27,1.0925e+08,5.5961e+05,3.7255e+09,2.4474e-17,1.2145e+08,1.2306e+06,4.5436e+05,4.5125e+05,18.6,77.1,3.4,0.9,7.8272e+29,7.6230e+29,1.1250e+28,9.1700e+27,1.0693e+28,0.0000e+00,97.4,1.4,1.2
266,7.5627e+29,1.4330e+29,5.8045e+29,2.5590e+28,6.9300e+27,8.7830e+28,5.5470e+28,3.9261e+29,1.8784e+29,1.4060e+28,1.1530e+28,3.5100e+27,3.4200e+27,1.1760e+28,6.1400e+27,1.1023e+08,2.9616e+04,3.8373e+09,1.0220e-20,1.2032e+08,1.1345e+06,4.5750e+05,4.5437e+05,18.9,76.8,3.4,0.9,7.5604e+29,7.3604e+29,1.0590e+28,9.4100e+27,1.0889e+28,0.0000e+00,97.4,1.4,1.2
267,7.5985e+29,1.4365e+29,5.8284e+29,2.6430e+28,6.9300e+27,8.6340e+28,5.7310e+28,3.8509e+29,1.9775e+29,1.5590e+28,1.0840e+28,3.1100e+27,3.8200e+27,1.2040e+28,6.0400e+27,1.1095e+08,8.8617e+02,3.3694e+09,1.0031e-20,1.4341e+08,1.0526e+06,4.6066e+05,4.5752e+05,18.9,76.7,3.5,0.9,7.6048e+29,7.4036e+29,1.0590e+28,9.5300e+27,1.1087e+28,0.0000e+00,97.4,1.4,1.3
268,7.6198e+29,1.4390e+29,5.8519e+29,2.5970e+28,6.9200e+27,8.7100e+28,5.6800e+28,3.8360e+29,2.0159e+29,1.5220e+28,1.0750e+28,3.4100e+27,3.5100e+27,1.1620e+28,5.9700e+27,1.1217e+08,6.9925e+05,3.5572e+09,9.8035e-18,1.4179e+08,1.0735e+06,4.6383e+05,4.6068e+05,18.9,76.8,3.4,0.9,7.6129e+29,7.4142e+29,1.0410e+28,9.4600e+27,1.1232e+28,0.0000e+00,97.4,1.4,1.2
269,7.5354e+29,1.3960e+29,5.8287e+29,2.4330e+28,6.7400e+27,8.5510e+28,5.4090e+28,3.8114e+29,2.0173e+29,1.3650e+28,1.0680e+28,3.3900e+27,3.3500e+27,1.1990e+28,5.9800e+27,1.1287e+08,1.4563e+06,3.2806e+09,1.0165e-14,1.3997e+08,1.0347e+06,4.6700e+05,4.6385e+05,18.5,77.4,3.2,0.9,7.5364e+29,7.3386e+29,1.0660e+28,9.1200e+27,1.1376e+28,0.0000e+00,97.4,1.4,1.2
270,7.4096e+29,1.3907e+29,5.7034e+29,2.4520e+28,7.0300e+27,8.6210e+28,5.2860e+28,3.8393e+29,1.8641e+29,1.3990e+28,1.0530e+28,3.2300e+27,3.8000e+27,1.1710e+28,6.8400e+27,1.1407e+08,1.0750e+06,3.9356e+09,1.5134e-14,1.4023e+08,9.3617e+05,4.7020e+05,4.6702e+05,18.8,77.0,3.3,0.9,7.4223e+29,7.2169e+29,1.1390e+28,9.1500e+27,1.1638e+28,0.0000e+00,97.2,1.5,1.2
271,7.3548e+29,1.3587e+29,5.6827e+29,2.4400e+28,6.9400e+27,8.3290e+28,5.2580e+28,3.8165e+29,1.8662e+29,1.4150e+28,1.0250e+28,3.5500e+27,3.3900e+27,1.1810e+28,6.1500e+27,1.1501e+08,5.9309e+05,3.3237e+09,4.3661e-17,1.3962e+08,8.3442e+05,4.7339e+05,4.7022e+05,18.5,77.3,3.3,0.9,7.3417e+29,7.1447e+29,1.0580e+28,9.1200e+27,1.1724e+28,0.0000e+00,97.3,1.4,1.2
272,7.3573e+29,1.3601e+29,5.6978e+29,2.2960e+28,6.9800e+27,8.4890e+28,5.1120e+28,3.8742e+29,1.8236e+29,1.3570e+28,9.3900e+27,3.4600e+27,3.5200e+27,1.1170e+28,6.3400e+27,1.1595e+08,1.1159e+05,4.0811e+09,1.0492e-20,1.3871e+08,7.5121e+05,4.7661e+05,4.7341e+05,18.5,77.4,3.1,0.9,7.3586e+29,7.1643e+29,1.0340e+28,9.0900e+27,1.1990e+28,0.0000e+00,97.4,1.4,1.2
273,7.2935e+29,1.3601e+29,5.6248e+29,2.4030e+28,6.8300e+27,8.4890e+28,5.1120e+28,3.7587e+29,1.8661e+29,1.4370e+28,9.6600e+27,3.3800e+27,3.4500e+27,1.2640e+28,6.9100e+27,1.1688e+08,1.3438e+03,3.4331e+09,1.0009e-20,1.4819e+08,7.4774e+05,4.7982e+05,4.7662e+05,18.6,77.1,3.3,0.9,7.2940e+29,7.0998e+29,1.0600e+28,8.8200e+27,1.2136e+28,0.0000e+00,97.3,1.5,1.2
274,7.2881e+29,1.3577e+29,5.6318e+29,2.3000e+28,6.8600e+27,8.5650e+28,5.0120e+28,3.7703e+29,1.8615e+29,1.3670e+28,9.3300e+27,3.2200e+27,3.6400e+27,1.2410e+28,7.9800e+27,1.1780e+08,5.7894e+05,3.8662e+09,4.2927e-19,1.4655e+08,7.4387e+05,4.8303e+05,4.7984e+05,18.6,77.3,3.2,0.9,7.2866e+29,7.0908e+29,1.0620e+28,8.9600e+27,1.2280e+28,0.0000e+00,97.3,1.5,1.2
275,7.2094e+29,1.3100e+29,5.6088e+29,2.2120e+28,6.9400e+27,8.2250e+28,4.8750e+28,3.7399e+29,1.8689e+29,1.3250e+28,8.8700e+27,3.4700e+27,3.4700e+27,1.1960e+28,7.6300e+27,1.1899e+08,1.3149e+06,4.1151e+09,1.1282e-15,1.4596e+08,6.3930e+05,4.8627e+05,4.8305e+05,18.2,77.8,3.1,1.0,7.2092e+29,7.0215e+29,1.0040e+28,8.7300e+27,1.2554e+28,0.0000e+00,97.4,1.4,1.2
276,7.0985e+29,1.3278e+29,5.4818e+29,2.2050e+28,6.8400e+27,8.5270e+28,4.7510e+28,3.6870e+29,1.7948e+29,1.2800e+28,9.2500e+27,3.4600e+27,3.3800e+27,1.2130e+28,7.4900e+27,1.1963e+08,1.4616e+06,5.5345e+09,9.0246e-14,1.4441e+08,6.3473e+05,4.8950e+05,4.8629e+05,18.7,77.2,3.1,1.0,7.1032e+29,6.9091e+29,1.1090e+28,8.3200e+27,1.2699e+28,0.0000e+00,97.3,1.6,1.2
277,6.9941e+29,1.3035e+29,5.4073e+29,2.1520e+28,6.8100e+27,8.3260e+28,4.7090e+28,3.7097e+29,1.6976e+29,1.2410e+28,9.1100e+27,3.4000e+27,3.4100e+27,1.2850e+28,7.4200e+27,1.1999e+08,1.0526e+06,3.8975e+09,2.1871e-14,1.4342e+08,5.2787e+05,4.9272e+05,4.8952e+05,18.6,77.3,3.1,1.0,6.9951e+29,6.8021e+29,1.0700e+28,8.6000e+27,1.2841e+28,0.0000e+00,97.2,1.5,1.2
278,6.8947e+29,1.2842e+29,5.3312e+29,2.1070e+28,6.8600e+27,8.2380e+28,4.6040e+28,3.6463e+29,1.6849e+29,1.2180e+28,8.8900e+27,3.4300e+27,3.4300e+27,1.2300e+28,7.5700e+27,1.2061e+08,6.4440e+05,5.5314e+09,1.7178e-16,1.4252e+08,4.9943e+05,4.9597e+05,4.9274e+05,18.6,77.3,3.1,1.0,6.8990e+29,6.7096e+29,1.0290e+28,8.6500e+27,1.3123e+28,0.0000e+00,97.3,1.5,1.3
279,6.9344e+29,1.3123e+29,5.3478e+29,2.0560e+28,6.8700e+27,8.4440e+28,4.6790e+28,3.6831e+29,1.6647e+29,1.2100e+28,8.4600e+27,3.2600e+27,3.6100e+27,1.2370e+28,7.3300e+27,1.2149e+08,2.4330e+05,3.6219e+09,1.6154e-20,1.4116e+08,6.1911e+05,4.9920e+05,4.9599e+05,18.9,77.1,3.0,1.0,6.9310e+29,6.7458e+29,1.0700e+28,7.8200e+27,1.3265e+28,0.0000e+00,97.3,1.5,1.1
280,6.8607e+29,1.2859e+29,5.2991e+29,2.0750e+28,6.8200e+27,8.2810e+28,4.5780e+28,3.6634e+29,1.6357e+29,1.2270e+28,8.4800e+27,3.4700e+27,3.3500e+27,1.2490e+28,7.3200e+27,1.2237e+08,5.2244e+02,3.6410e+09,1.0084e-20,1.6503e+08,5.1975e+05,5.0244e+05,4.9922e+05,18.7,77.2,3.0,1.0,6.8625e+29,6.6806e+29,1.0320e+28,7.8700e+27,1.3478e+28,0.0000e+00,97.3,1.5,1.1
281,6.7632e+29,1.2343e+29,5.2511e+29,2.0900e+28,6.8800e+27,8.1160e+28,4.2270e+28,3.5871e+29,1.6640e+29,1.2950e+28,7.9500e+27,3.4900e+27,3.3900e+27,1.2780e+28,8.0600e+27,1.2352e+08,2.7667e+05,3.9636e+09,1.0432e-20,1.6386e+08,5.5453e+05,5.0567e+05,5.0246e+05,18.3,77.6,3.1,1.0,6.7632e+29,6.5760e+29,9.7600e+27,8.9600e+27,1.3617e+28,0.0000e+00,97.2,1.4,1.3
282,6.8229e+29,1.2641e+29,5.2859e+29,2.0420e+28,6.8700e+27,8.2910e+28,4.3500e+28,3.5714e+29,1.7145e+29,1.2160e+28,8.2600e+27,3.7200e+27,3.1500e+27,1.2530e+28,8.8500e+27,1.2495e+08,9.6376e+05,4.9073e+09,4.1144e-17,1.6262e+08,5.8175e+05,5.0891e+05,5.0569e+05,18.5,77.5,3.0,1.0,6.8219e+29,6.6259e+29,1.0830e+28,8.7700e+27,1.3906e+28,0.0000e+00,97.1,1.6,1.3
283,6.7202e+29,1.2570e+29,5.2047e+29,1.8980e+28,6.8700e+27,8.3500e+28,4.2200e+28,3.5212e+29,1.6835e+29,1.1620e+28,7.3600e+27,3.3600e+27,3.5100e+27,1.3370e+28,8.3800e+27,1.2551e+08,1.3642e+06,4.4417e+09,7.3722e-15,1.6098e+08,5.4247e+05,5.1214e+05,5.0893e+05,18.7,77.4,2.8,1.0,6.7219e+29,6.5449e+29,1.0010e+28,7.6900e+27,1.4043e+28,0.0000e+00,97.4,1.5,1.1
284,6.7003e+29,1.2537e+29,5.1848e+29,1.9280e+28,6.9000e+27,8.2210e+28,4.3160e+28,3.5550e+29,1.6298e+29,1.1220e+28,8.0600e+27,3.5600e+27,3.3400e+27,1.3910e+28,8.8600e+27,1.2608e+08,1.4312e+06,6.0045e+09,2.1484e-13,1.5818e+08,5.2766e+05,5.1536e+05,5.1216e+05,18.7,77.4,2.9,1.0,6.6968e+29,6.5111e+29,1.0260e+28,8.3100e+27,1.4256e+28,0.0000e+00,97.2,1.5,1.2
285,6.6960e+29,1.2344e+29,5.2069e+29,1.8680e+28,6.7900e+27,8.1990e+28,4.1450e+28,3.5663e+29,1.6406e+29,1.1580e+28,7.1000e+27,3.5300e+27,3.2600e+27,1.2940e+28,7.9700e+27,1.2719e+08,1.3526e+06,3.7117e+09,1.6228e-13,1.5698e+08,4.7975e+05,5.1859e+05,5.1538e+05,18.4,77.8,2.8,1.0,6.6925e+29,6.5078e+29,1.0330e+28,8.1400e+27,1.4470e+28,0.0000e+00,97.2,1.5,1.2
286,6.6979e+29,1.2203e+29,5.2206e+29,1.8800e+28,6.9000e+27,8.1890e+28,4.0140e+28,3.5599e+29,1.6607e+29,1.1060e+28,7.7400e+27,3.2800e+27,3.6200e+27,1.3190e+28,8.0100e+27,1.2831e+08,1.0456e+06,3.7404e+09,8.6589e-15,1.5584e+08,4.1012e+05,5.2179e+05,5.1861e+05,18.2,77.9,2.8,1.0,6.7047e+29,6.5215e+29,1.0260e+28,8.0600e+27,1.4601e+28,0.0000e+00,97.3,1.5,1.2
287,6.6627e+29,1.2136e+29,5.2073e+29,1.7320e+28,6.8600e+27,8.0780e+28,4.0580e+28,3.5549e+29,1.6524e+29,1.0490e+28,6.8300e+27,3.4400e+27,3.4200e+27,1.3020e+28,8.3200e+27,1.2883e+08,6.9830e+05,3.9363e+09,1.5142e-16,1.5381e+08,3.8659e+05,5.2501e+05,5.2181e+05,18.2,78.2,2.6,1.0,6.6574e+29,6.4734e+29,1.0620e+28,7.7800e+27,1.4897e+28,0.0000e+00,97.2,1.6,1.2
288,6.6463e+29,1.1995e+29,5.2019e+29,1.7640e+28,6.8500e+27,8.0240e+28,3.9710e+28,3.5601e+29,1.6418e+29,1.0140e+28,7.5000e+27,3.3000e+27,3.5500e+27,1.3260e+28,8.8600e+27,1.2906e+08,3.5163e+05,4.6921e+09,2.1451e-19,1.5212e+08,4.1838e+05,5.2820e+05,5.2502e+05,18.0,78.3,2.7,1.0,6.6425e+29,6.4633e+29,1.0320e+28,7.6000e+27,1.5024e+28,0.0000e+00,97.3,1.6,1.1
289,6.4230e+29,1.2043e+29,4.9842e+29,1.6560e+28,6.8900e+27,8.1910e+28,3.8520e+28,3.4401e+29,1.5441e+29,9.9200e+27,6.6400e+27,3.4000e+27,3.4900e+27,1.4730e+28,9.1500e+27,1.3017e+08,9.3119e+03,3.7624e+09,1.0021e-20,1.5030e+08,4.2433e+05,5.3138e+05,5.2821e+05,18.7,77.6,2.6,1.1,6.4240e+29,6.2496e+29,1.0090e+28,7.3500e+27,1.5234e+28,0.0000e+00,97.3,1.6,1.1
290,6.5480e+29,1.2075e+29,5.0910e+29,1.8060e+28,6.8900e+27,8.0660e+28,4.0090e+28,3.4770e+29,1.6140e+29,1.1000e+28,7.0600e+27,3.4900e+27,3.4000e+27,1.3440e+28,9.3200e+27,1.3039e+08,1.1620e+03,3.7816e+09,1.0053e-20,1.7559e+08,4.0776e+05,5.3457e+05,5.3140e+05,18.4,77.7,2.8,1.1,6.5485e+29,6.3642e+29,1.0170e+28,8.2600e+27,1.5535e+28,0.0000e+00,97.2,1.6,1.3
291,6.3115e+29,1.1628e+29,4.9099e+29,1.7020e+28,6.8600e+27,7.8290e+28,3.7990e+28,3.2919e+29,1.6180e+29,1.0310e+28,6.7100e+27,3.3700e+27,3.4900e+27,1.3180e+28,9.1000e+27,1.3120e+08,6.0845e+05,3.7513e+09,1.3732e-19,1.7220e+08,4.1244e+05,5.3773e+05,5.3459e+05,18.4,77.8,2.7,1.1,6.3107e+29,6.1356e+29,9.8600e+27,7.6500e+27,1.5655e+28,0.0000e+00,97.2,1.6,1.2
292,6.3264e+29,1.1746e+29,4.9160e+29,1.6750e+28,6.8300e+27,7.9960e+28,3.7500e+28,3.3014e+29,1.6146e+29,1.0170e+28,6.5800e+27,3.4900e+27,3.3400e+27,1.4810e+28,9.7700e+27,1.3141e+08,8.4461e+05,3.7859e+09,9.4610e-17,1.7060e+08,3.5422e+05,5.4088e+05,5.3775e+05,18.6,77.7,2.6,1.1,6.3345e+29,6.1459e+29,1.1310e+28,7.5500e+27,1.5863e+28,0.0000e+00,97.0,1.8,1.2
293,6.3093e+29,1.1623e+29,4.9196e+29,1.5870e+28,6.8700e+27,7.8210e+28,3.8020e+28,3.3261e+29,1.5935e+29,9.7100e+27,6.1600e+27,3.6800e+27,3.1900e+27,1.3680e+28,8.7200e+27,1.3282e+08,8.9090e+05,3.9342e+09,4.5749e-15,1.6802e+08,3.1090e+05,5.4401e+05,5.4089e+05,18.4,78.0,2.5,1.1,6.3082e+29,6.1350e+29,1.0130e+28,7.1900e+27,1.6070e+28,0.0000e+00,97.3,1.6,1.1
294,6.3024e+29,1.1555e+29,4.9221e+29,1.5610e+28,6.8700e+27,7.8360e+28,3.7190e+28,3.2765e+29,1.6456e+29,9.8200e+27,5.7900e+27,3.4800e+27,3.3900e+27,1.4510e+28,9.4700e+27,1.3394e+08,9.0764e+05,3.8666e+09,7.1826e-14,1.6680e+08,3.9256e+05,5.4713e+05,5.4403e+05,18.3,78.1,2.5,1.1,6.3023e+29,6.1307e+29,1.0060e+28,7.1000e+27,1.6275e+28,0.0000e+00,97.3,1.6,1.1
295,6.1891e+29,1.1316e+29,4.8383e+29,1.5020e+28,6.9000e+27,7.6370e+28,3.6790e+28,3.2189e+29,1.6194e+29,9.2900e+27,5.7300e+27,3.4400e+27,3.4600e+27,1.3920e+28,9.9500e+27,1.3444e+08,9.3389e+05,4.4908e+09,6.0117e-13,1.6417e+08,3.3250e+05,5.5023e+05,5.4715e+05,18.3,78.2,2.4,1.1,6.1836e+29,6.0093e+29,1.0050e+28,7.3800e+27,1.6479e+28,0.0000e+00,97.2,1.6,1.2
296,6.2691e+29,1.1439e+29,4.9063e+29,1.5040e+28,6.8500e+27,7.8630e+28,3.5760e+28,3.2917e+29,1.6146e+29,8.8000e+27,6.2400e+27,3.4200e+27,3.4300e+27,1.3650e+28,9.2400e+27,1.3493e+08,9.0638e+05,4.2009e+09,1.2746e-12,1.6193e+08,3.4800e+05,5.5332e+05,5.5025e+05,18.2,78.3,2.4,1.1,6.2616e+29,6.0891e+29,1.0170e+28,7.0800e+27,1.6681e+28,0.0000e+00,97.2,1.6,1.1
297,6.2433e+29,1.1265e+29,4.8936e+29,1.5440e+28,6.8800e+27,7.7490e+28,3.5160e+28,3.2712e+29,1.6224e+29,9.1800e+27,6.2600e+27,3.7200e+27,3.1600e+27,1.4410e+28,9.0200e+27,1.3605e+08,7.9816e+05,3.8005e+09,2.4252e-13,1.6067e+08,3.8475e+05,5.5638e+05,5.5334e+05,18.0,78.4,2.5,1.1,6.2467e+29,6.0753e+29,9.7100e+27,7.4300e+27,1.6882e+28,0.0000e+00,97.3,1.6,1.2
298,6.0408e+29,1.1184e+29,4.7140e+29,1.4030e+28,6.8100e+27,7.6020e+28,3.5820e+28,3.1675e+29,1.5465e+29,8.9300e+27,5.1000e+27,3.4200e+27,3.3900e+27,1.4060e+28,9.4200e+27,1.3685e+08,7.3926e+05,4.4841e+09,3.5716e-14,1.5956e+08,3.1044e+05,5.5942e+05,5.5640e+05,18.5,78.0,2.3,1.1,6.0518e+29,5.8778e+29,1.0760e+28,6.6400e+27,1.7080e+28,0.0000e+00,97.1,1.8,1.1
299,6.0568e+29,1.0974e+29,4.7492e+29,1.4160e+28,6.8600e+27,7.4990e+28,3.4750e+28,3.1981e+29,1.5511e+29,8.4900e+27,5.6700e+27,3.3800e+27,3.4800e+27,1.4770e+28,1.0130e+28,1.3702e+08,7.8430e+05,3.8491e+09,3.6694e-15,1.5875e+08,3.0967e+05,5.6244e+05,5.5944e+05,18.1,78.4,2.3,1.1,6.0513e+29,5.8831e+29,1.0170e+28,6.6500e+27,1.7275e+28,0.0000e+00,97.2,1.7,1.1
300,5.9716e+29,1.1211e+29,4.6473e+29,1.3600e+28,6.7200e+27,7.7400e+28,3.4710e+28,3.1279e+29,1.5194e+29,8.6000e+27,5.0000e+27,3.2400e+27,3.4800e+27,1.5140e+28,9.2400e+27,1.3813e+08,7.0453e+05,4.9240e+09,2.1830e-16,1.5657e+08,3.1798e+05,5.6544e+05,5.6246e+05,18.8,77.8,2.3,1.1,5.9739e+29,5.8047e+29,1.0150e+28,6.7700e+27,1.7468e+28,0.0000e+00,97.2,1.7,1.1
301,5.8598e+29,1.0962e+29,4.5616e+29,1.3220e+28,6.9800e+27,7.6220e+28,3.3400e+28,3.0752e+29,1.4864e+29,7.9900e+27,5.2300e+27,3.4700e+27,3.5100e+27,1.4580e+28,9.8000e+27,1.3861e+08,4.8476e+05,4.1522e+09,4.9564e-18,1.5315e+08,2.1924e+05,5.6843e+05,5.6546e+05,18.7,77.8,2.3,1.2,5.8666e+29,5.7005e+29,9.8800e+27,6.7300e+27,1.7768e+28,0.0000e+00,97.2,1.7,1.1
302,5.8662e+29,1.0962e+29,4.5685e+29,1.3310e+28,6.8400e+27,7.6330e+28,3.3290e+28,3.0894e+29,1.4791e+29,7.8500e+27,5.4600e+27,3.3500e+27,3.4900e+27,1.4490e+28,9.3100e+27,1.3908e+08,2.5970e+05,4.2130e+09,1.5094e-20,1.5268e+08,1.6841e+05,5.7137e+05,5.6845e+05,18.7,77.9,2.3,1.2,5.8647e+29,5.7025e+29,9.8100e+27,6.4100e+27,1.7846e+28,0.0000e+00,97.2,1.7,1.1
303,5.9604e+29,1.0851e+29,4.6809e+29,1.2730e+28,6.7100e+27,7.5810e+28,3.2700e+28,3.1320e+29,1.5489e+29,7.7900e+27,4.9400e+27,3.3800e+27,3.3300e+27,1.4970e+28,9.4000e+27,1.4052e+08,4.1267e+04,5.0823e+09,1.0108e-20,1.4857e+08,1.6579e+05,5.7430e+05,5.7139e+05,18.2,78.5,2.1,1.1,5.9530e+29,5.7909e+29,9.9600e+27,6.2500e+27,1.8143e+28,0.0000e+00,97.3,1.7,1.0
304,6.0244e+29,1.0917e+29,4.7253e+29,1.3960e+28,6.7800e+27,7.5080e+28,3.4090e+28,3.1071e+29,1.6182e+29,8.6300e+27,5.3300e+27,3.2100e+27,3.5700e+27,1.4300e+28,9.6200e+27,1.4065e+08,8.7423e+02,4.4495e+09,1.0002e-20,1.8739e+08,2.2537e+05,5.7721e+05,5.7432e+05,18.1,78.4,2.3,1.1,6.0184e+29,5.8472e+29,1.0590e+28,6.5300e+27,1.8327e+28,0.0000e+00,97.2,1.8,1.1
305,5.8346e+29,1.0683e+29,4.5677e+29,1.3000e+28,6.8600e+27,7.4220e+28,3.2610e+28,3.0031e+29,1.5646e+29,8.0900e+27,4.9100e+27,3.3100e+27,3.5500e+27,1.4400e+28,9.6200e+27,1.4078e+08,3.4160e+05,4.1937e+09,1.0184e-20,1.8470e+08,2.8596e+05,5.8006e+05,5.7723e+05,18.3,78.3,2.2,1.2,5.8443e+29,5.6768e+29,1.0440e+28,6.3100e+27,1.8388e+28,0.0000e+00,97.1,1.8,1.1
306,5.8801e+29,1.0568e+29,4.6245e+29,1.3060e+28,6.8200e+27,7.3330e+28,3.2350e+28,3.0640e+29,1.5605e+29,8.3000e+27,4.7600e+27,3.4400e+27,3.3800e+27,1.4500e+28,9.7200e+27,1.4188e+08,5.3336e+05,4.4355e+09,4.3584e-19,1.8226e+08,2.6290e+05,5.8292e+05,5.8008e+05,18.0,78.6,2.2,1.2,5.8774e+29,5.7149e+29,1.0160e+28,6.0900e+27,1.8800e+28,0.0000e+00,97.2,1.7,1.0
307,5.7455e+29,1.0490e+29,4.4984e+29,1.3000e+28,6.8100e+27,7.2050e+28,3.2850e+28,2.9821e+29,1.5163e+29,7.9000e+27,5.1000e+27,3.5100e+27,3.3000e+27,1.4740e+28,9.8000e+27,1.4331e+08,4.1640e+05,4.4334e+09,2.3882e-17,1.7966e+08,2.5154e+05,5.8572e+05,5.8293e+05,18.3,78.3,2.3,1.2,5.7382e+29,5.5774e+29,1.0290e+28,5.7900e+27,1.8853e+28,0.0000e+00,97.2,1.8,1.0
308,5.7092e+29,1.0499e+29,4.4710e+29,1.1990e+28,6.8400e+27,7.2800e+28,3.2190e+28,2.9511e+29,1.5199e+29,7.8400e+27,4.1500e+27,3.1800e+27,3.6600e+27,1.5460e+28,9.5200e+27,1.4341e+08,5.2951e+05,4.2995e+09,3.7349e-16,1.7584e+08,2.4112e+05,5.8849e+05,5.8574e+05,18.4,78.3,2.1,1.2,5.7166e+29,5.5517e+29,1.0330e+28,6.1600e+27,1.9020e+28,0.0000e+00,97.1,1.8,1.1
309,5.7710e+29,1.0402e+29,4.5434e+29,1.1940e+28,6.8000e+27,7.2550e+28,3.1470e+28,2.9740e+29,1.5694e+29,7.4600e+27,4.4800e+27,3.5700e+27,3.2300e+27,1.6070e+28,9.9700e+27,1.4417e+08,5.2530e+05,4.2130e+09,3.0040e-15,1.7353e+08,1.9391e+05,5.9124e+05,5.8851e+05,18.0,78.7,2.1,1.2,5.7714e+29,5.6071e+29,1.0680e+28,5.7500e+27,1.9307e+28,0.0000e+00,97.2,1.9,1.0
310,5.7724e+29,1.0457e+29,4.5400e+29,1.1820e+28,6.8500e+27,7.3060e+28,3.1510e+28,2.9455e+29,1.5945e+29,7.3000e+27,4.5200e+27,3.5300e+27,3.3200e+27,1.5670e+28,9.6900e+27,1.4457e+08,4.7538e+05,4.9626e+09,1.6018e-14,1.7031e+08,1.6202e+05,5.9395e+05,5.9126e+05,18.1,78.7,2.0,1.2,5.7662e+29,5.6121e+29,1.0080e+28,5.3300e+27,1.9468e+28,0.0000e+00,97.3,1.7,0.9
311,5.7769e+29,1.0165e+29,4.5754e+29,1.1720e+28,6.7800e+27,7.1360e+28,3.0290e+28,2.9392e+29,1.6362e+29,7.3700e+27,4.3500e+27,3.4500e+27,3.3300e+27,1.5650e+28,9.5400e+27,1.4526e+08,4.3276e+05,4.4269e+09,6.3607e-14,1.6807e+08,1.4751e+05,5.9662e+05,5.9396e+05,17.6,79.2,2.0,1.2,5.7765e+29,5.6112e+29,1.0230e+28,6.3000e+27,1.9623e+28,0.0000e+00,97.1,1.8,1.1
312,5.7604e+29,1.0159e+29,4.5548e+29,1.2040e+28,6.9300e+27,7.1730e+28,2.9860e+28,2.9248e+29,1.6300e+29,7.4600e+27,4.5800e+27,3.3600e+27,3.5700e+27,1.5720e+28,1.0000e+28,1.4561e+08,4.5073e+05,4.4014e+09,2.0343e-13,1.6430e+08,2.1712e+05,5.9927e+05,5.9664e+05,17.6,79.1,2.1,1.2,5.7580e+29,5.5981e+29,1.0660e+28,5.3300e+27,1.9905e+28,0.0000e+00,97.2,1.9,0.9
313,5.7426e+29,1.0274e+29,4.5347e+29,1.1210e+28,6.8400e+27,7.1010e+28,3.1730e+28,2.9378e+29,1.5969e+29,6.8000e+27,4.4100e+27,3.3000e+27,3.5400e+27,1.6700e+28,9.6100e+27,1.4596e+08,4.0602e+05,4.7160e+09,5.5439e-13,1.6053e+08,1.9605e+05,6.0187e+05,5.9929e+05,17.9,79.0,2.0,1.2,5.7504e+29,5.5891e+29,1.0930e+28,5.2000e+27,2.0053e+28,0.0000e+00,97.2,1.9,0.9
314,5.6659e+29,1.0092e+29,4.4817e+29,1.0740e+28,6.7600e+27,6.9600e+28,3.1320e+28,2.8941e+29,1.5876e+29,6.3800e+27,4.3600e+27,3.4000e+27,3.3600e+27,1.6180e+28,1.0770e+28,1.4630e+08,3.9823e+05,4.4435e+09,1.3221e-12,1.5883e+08,2.3526e+05,6.0443e+05,6.0189e+05,17.8,79.1,1.9,1.2,5.6686e+29,5.5117e+29,1.0450e+28,5.2400e+27,2.0195e+28,0.0000e+00,97.2,1.8,0.9
315,5.5519e+29,9.9790e+28,4.3753e+29,1.1010e+28,6.8600e+27,6.9250e+28,3.0540e+28,2.7860e+29,1.5893e+29,6.9700e+27,4.0400e+27,3.4900e+27,3.3700e+27,1.6440e+28,1.0600e+28,1.4664e+08,3.7513e+05,5.5585e+09,2.8287e-12,1.5799e+08,1.7126e+05,6.0695e+05,6.0445e+05,18.0,78.8,2.0,1.2,5.5501e+29,5.4032e+29,1.0290e+28,4.4000e+27,2.0332e+28,0.0000e+00,97.4,1.9,0.8
316,5.6341e+29,9.9380e+28,4.4547e+29,1.1740e+28,6.8200e+27,6.9760e+28,2.9620e+28,2.7932e+29,1.6615e+29,7.2800e+27,4.4600e+27,3.2900e+27,3.5300e+27,1.5780e+28,1.0580e+28,1.4762e+08,4.1801e+05,4.4342e+09,5.5298e-12,1.5423e+08,1.4258e+05,6.0944e+05,6.0697e+05,17.6,79.1,2.1,1.2,5.6270e+29,5.4757e+29,1.0730e+28,4.4000e+27,2.0600e+28,0.0000e+00,97.3,1.9,0.8
317,5.5704e+29,9.7810e+28,4.4220e+29,1.0390e+28,6.6400e+27,6.9000e+28,2.8810e+28,2.7516e+29,1.6704e+29,6.5300e+27,3.8600e+27,3.3600e+27,3.2800e+27,1.5850e+28,1.0250e+28,1.4760e+08,4.1108e+05,4.4059e+09,9.8337e-12,1.5184e+08,1.4022e+05,6.1188e+05,6.0945e+05,17.6,79.4,1.9,1.2,5.5763e+29,5.4181e+29,1.1090e+28,4.7300e+27,2.0727e+28,0.0000e+00,97.2,2.0,0.8
318,5.5180e+29,9.9490e+28,4.3465e+29,1.0870e+28,6.7900e+27,6.9440e+28,3.0050e+28,2.6792e+29,1.6673e+29,6.4300e+27,4.4400e+27,3.2500e+27,3.5400e+27,1.6770e+28,1.0480e+28,1.4752e+08,4.1612e+05,4.4457e+09,6.4074e-12,1.5032e+08,1.4908e+05,6.1428e+05,6.1189e+05,18.0,78.8,2.0,1.2,5.5154e+29,5.3702e+29,1.0140e+28,4.3800e+27,2.0990e+28,0.0000e+00,97.4,1.8,0.8
319,5.4924e+29,9.7210e+28,4.3485e+29,1.0390e+28,6.7900e+27,6.7590e+28,2.9620e+28,2.6960e+29,1.6525e+29,6.1500e+27,4.2400e+27,3.5500e+27,3.2400e+27,1.6150e+28,1.0560e+28,1.4777e+08,3.7781e+05,6.6809e+09,4.2443e-12,1.4788e+08,1.4375e+05,6.1664e+05,6.1430e+05,17.7,79.2,1.9,1.2,5.4855e+29,5.3386e+29,1.0710e+28,3.9800e+27,2.1107e+28,0.0000e+00,97.3,2.0,0.7
320,5.5725e+29,9.5980e+28,4.4517e+29,9.3200e+27,6.7800e+27,6.7480e+28,2.8500e+28,2.7610e+29,1.6907e+29,5.5900e+27,3.7300e+27,3.5100e+27,3.2700e+27,1.5760e+28,1.0350e+28,1.4834e+08,4.1407e+05,4.4837e+09,2.8641e-12,1.4434e+08,1.5918e+05,6.1895e+05,6.1666e+05,17.2,79.9,1.7,1.2,5.5787e+29,5.4241e+29,1.1350e+28,4.1100e+27,2.1218e+28,0.0000e+00,97.2,2.0,0.7
321,5.6011e+29,9.5150e+28,4.4796e+29,1.0130e+28,6.8700e+27,6.6060e+28,2.9090e+28,2.8021e+29,1.6775e+29,6.0400e+27,4.0900e+27,3.6000e+27,3.2700e+27,1.6140e+28,9.9900e+27,1.4832e+08,4.0071e+05,4.7365e+09,1.9681e-12,1.4163e+08,1.3950e+05,6.2122e+05,6.1896e+05,17.0,80.0,1.8,1.2,5.5942e+29,5.4407e+29,1.1540e+28,3.8100e+27,2.1468e+28,0.0000e+00,97.3,2.1,0.7
322,5.6708e+29,9.6730e+28,4.5364e+29,9.8300e+27,6.8800e+27,6.6560e+28,3.0170e+28,2.8159e+29,1.7205e+29,5.9400e+27,3.8900e+27,3.1800e+27,3.7000e+27,1.6650e+28,1.0230e+28,1.4880e+08,2.9422e+05,4.5006e+09,1.3807e-12,1.3905e+08,1.3810e+05,6.2345e+05,6.2123e+05,17.1,80.0,1.7,1.2,5.6657e+29,5.5170e+29,1.1210e+28,3.6600e+27,2.1716e+28,0.0000e+00,97.4,2.0,0.6
323,5.5235e+29,9.5240e+28,4.4084e+29,9.5200e+27,6.7500e+27,6.6570e+28,2.8670e+28,2.7099e+29,1.6985e+29,5.6300e+27,3.8900e+27,3.1100e+27,3.6400e+27,1.6030e+28,9.8400e+27,1.4928e+08,3.0147e+05,4.4977e+09,9.9558e-13,1.3844e+08,1.6679e+05,6.2561e+05,6.2347e+05,17.2,79.8,1.7,1.2,5.5379e+29,5.3905e+29,1.1380e+28,3.3600e+27,2.1661e+28,0.0000e+00,97.3,2.1,0.6
324,5.4574e+29,9.5310e+28,4.3409e+29,9.5200e+27,6.8200e+27,6.5440e+28,2.9870e+28,2.7341e+29,1.6068e+29,5.6500e+27,3.8700e+27,3.4900e+27,3.3300e+27,1.5770e+28,9.3900e+27,1.4985e+08,2.3956e+05,5.0085e+09,7.3605e-13,1.3709e+08,1.5716e+05,6.2774e+05,6.2563e+05,17.5,79.5,1.7,1.2,5.4475e+29,5.3045e+29,1.1130e+28,3.1700e+27,2.1897e+28,0.0000e+00,97.4,2.0,0.6
325,5.4574e+29,9.4700e+28,4.3484e+29,9.4400e+27,6.7600e+27,6.6410e+28,2.8290e+28,2.7021e+29,1.6463e+29,5.7100e+27,3.7300e+27,3.3000e+27,3.4600e+27,1.6760e+28,1.0360e+28,1.5015e+08,2.1640e+05,4.6882e+09,5.5913e-13,1.3435e+08,1.3064e+05,6.2982e+05,6.2775e+05,17.4,79.7,1.7,1.2,5.4577e+29,5.3104e+29,1.1310e+28,3.4200e+27,2.2130e+28,0.0000e+00,97.3,2.1,0.6
326,5.4548e+29,9.3300e+28,4.3584e+29,9.5100e+27,6.8300e+27,6.4730e+28,2.8570e+28,2.6173e+29,1.7411e+29,6.0900e+27,3.4200e+27,3.4300e+27,3.4000e+27,1.5800e+28,1.0000e+28,1.5029e+08,2.0786e+05,5.0330e+09,4.3809e-13,1.3140e+08,1.6064e+05,6.3184e+05,6.2983e+05,17.1,79.9,1.7,1.3,5.4527e+29,5.3059e+29,1.1770e+28,2.9100e+27,2.2206e+28,0.0000e+00,97.3,2.2,0.5
327,5.5640e+29,9.3350e+28,4.4721e+29,9.0800e+27,6.7600e+27,6.3400e+28,2.9950e+28,2.6796e+29,1.7925e+29,5.3300e+27,3.7500e+27,3.4700e+27,3.2900e+27,1.5720e+28,9.0000e+27,1.5020e+08,2.4373e+05,5.1144e+09,3.5396e-13,1.3062e+08,1.4533e+05,6.3382e+05,6.3186e+05,16.8,80.4,1.6,1.2,5.5600e+29,5.4122e+29,1.2150e+28,2.6300e+27,2.2429e+28,0.0000e+00,97.3,2.2,0.5
328,5.5708e+29,9.4050e+28,4.4730e+29,8.8800e+27,6.8500e+27,6.4490e+28,2.9560e+28,2.7092e+29,1.7638e+29,5.1200e+27,3.7600e+27,3.2300e+27,3.6200e+27,1.6010e+28,9.4600e+27,1.5069e+08,3.0694e+05,4.8930e+09,2.9572e-13,1.2920e+08,1.5621e+05,6.3574e+05,6.3384e+05,16.9,80.3,1.6,1.2,5.5686e+29,5.4198e+29,1.2260e+28,2.6200e+27,2.2491e+28,0.0000e+00,97.3,2.2,0.5
329,5.5516e+29,9.2770e+28,4.4700e+29,8.5800e+27,6.8100e+27,6.3880e+28,2.8890e+28,2.6927e+29,1.7773e+29,4.9300e+27,3.6500e+27,3.4200e+27,3.3900e+27,1.6200e+28,9.2200e+27,1.5090e+08,3.2836e+05,4.9701e+09,2.5539e-13,1.2791e+08,1.4367e+05,6.3762e+05,6.3576e+05,16.7,80.5,1.5,1.2,5.5542e+29,5.4034e+29,1.2480e+28,2.6000e+27,2.2704e+28,0.0000e+00,97.3,2.2,0.5
330,5.6601e+29,9.0670e+28,4.5939e+29,9.1200e+27,6.8300e+27,6.1900e+28,2.8770e+28,2.7490e+29,1.8449e+29,5.4000e+27,3.7200e+27,3.4500e+27,3.3800e+27,1.6660e+28,9.2400e+27,1.5165e+08,2.7197e+05,4.5449e+09,2.2835e-13,1.2553e+08,1.3107e+05,6.3943e+05,6.3763e+05,16.0,81.2,1.6,1.2,5.6446e+29,5.4951e+29,1.2670e+28,2.2800e+27,2.2752e+28,0.0000e+00,97.4,2.2,0.4
331,5.6854e+29,9.0390e+28,4.6313e+29,8.2800e+27,6.7400e+27,6.2050e+28,2.8340e+28,2.7655e+29,1.8658e+29,4.6400e+27,3.6400e+27,3.2500e+27,3.4900e+27,1.6200e+28,8.6200e+27,1.5161e+08,2.5928e+05,4.4970e+09,2.1125e-13,1.2313e+08,1.2383e+05,6.4120e+05,6.3945e+05,15.9,81.5,1.5,1.2,5.6893e+29,5.5390e+29,1.2720e+28,2.3100e+27,2.2953e+28,0.0000e+00,97.4,2.2,0.4
332,5.6039e+29,9.0050e+28,4.5487e+29,8.6100e+27,6.8600e+27,6.2390e+28,2.7660e+28,2.6639e+29,1.8848e+29,5.0500e+27,3.5600e+27,3.6400e+27,3.2200e+27,1.5930e+28,8.9300e+27,1.5227e+08,3.1279e+05,4.5176e+09,2.0220e-13,1.2002e+08,1.1553e+05,6.4291e+05,6.4121e+05,16.1,81.2,1.5,1.2,5.5985e+29,5.4449e+29,1.3080e+28,2.2800e+27,2.3150e+28,0.0000e+00,97.3,2.3,0.4
333,5.6073e+29,9.1280e+28,4.5379e+29,8.9700e+27,6.6900e+27,6.2490e+28,2.8790e+28,2.6747e+29,1.8632e+29,5.1200e+27,3.8500e+27,3.4100e+27,3.2800e+27,1.6010e+28,8.8500e+27,1.5255e+08,2.8807e+05,9.0230e+09,2.0006e-13,1.1846e+08,1.0934e+05,6.4457e+05,6.4293e+05,16.3,80.9,1.6,1.2,5.5995e+29,5.4457e+29,1.3100e+28,2.2800e+27,2.3178e+28,0.0000e+00,97.3,2.3,0.4
334,5.7841e+29,9.1080e+28,4.7198e+29,8.4700e+27,6.8800e+27,6.1950e+28,2.9130e+28,2.7553e+29,1.9645e+29,5.2000e+27,3.2700e+27,3.2400e+27,3.6400e+27,1.6960e+28,8.9200e+27,1.5299e+08,2.5551e+05,4.8123e+09,2.0021e-13,1.1645e+08,1.1508e+05,6.4617e+05,6.4458e+05,15.7,81.6,1.5,1.2,5.7821e+29,5.6258e+29,1.3520e+28,2.1100e+27,2.3363e+28,0.0000e+00,97.3,2.3,0.4
335,5.7524e+29,9.0670e+28,4.6907e+29,8.7100e+27,6.7900e+27,6.1860e+28,2.8810e+28,2.7939e+29,1.8968e+29,4.9600e+27,3.7500e+27,3.5600e+27,3.2300e+27,1.6340e+28,8.8900e+27,1.5284e+08,2.5622e+05,4.5766e+09,2.0484e-13,1.1553e+08,1.3027e+05,6.4771e+05,6.4618e+05,15.8,81.5,1.5,1.2,5.7427e+29,5.5809e+29,1.4290e+28,1.8900e+27,2.3375e+28,0.0000e+00,97.2,2.5,0.3
336,5.7722e+29,8.8880e+28,4.7330e+29,8.2800e+27,6.7600e+27,6.0270e+28,2.8610e+28,2.7659e+29,1.9671e+29,4.8600e+27,3.4200e+27,3.4600e+27,3.3000e+27,1.5940e+28,8.1100e+27,1.5267e+08,2.1173e+05,5.0354e+09,2.1622e-13,1.1588e+08,1.1397e+05,6.4919e+05,6.4772e+05,15.4,82.0,1.4,1.2,5.7704e+29,5.6118e+29,1.3920e+28,1.9400e+27,2.3547e+28,0.0000e+00,97.3,2.4,0.3
337,5.8965e+29,9.2940e+28,4.8162e+29,8.2600e+27,6.8300e+27,6.3870e+28,2.9070e+28,2.7938e+29,2.0224e+29,4.8800e+27,3.3800e+27,3.5100e+27,3.3200e+27,1.7130e+28,7.8800e+27,1.5351e+08,2.0653e+05,4.7919e+09,2.3511e-13,1.1404e+08,1.1340e+05,6.5061e+05,6.4920e+05,15.8,81.7,1.4,1.2,5.8802e+29,5.7085e+29,1.5310e+28,1.8600e+27,2.3714e+28,0.0000e+00,97.1,2.6,0.3
338,5.9145e+29,8.8490e+28,4.8818e+29,8.0200e+27,6.7600e+27,6.0500e+28,2.7990e+28,2.8335e+29,2.0483e+29,4.6500e+27,3.3700e+27,3.3900e+27,3.3700e+27,1.5840e+28,8.5800e+27,1.5344e+08,2.2156e+05,4.9934e+09,2.6295e-13,1.1297e+08,1.2569e+05,6.5198e+05,6.5062e+05,15.0,82.5,1.4,1.1,5.9270e+29,5.7594e+29,1.5050e+28,1.7100e+27,2.3703e+28,0.0000e+00,97.2,2.5,0.3
339,6.0588e+29,9.1250e+28,4.9986e+29,7.9700e+27,6.8000e+27,6.1880e+28,2.9370e+28,2.9025e+29,2.0961e+29,4.6600e+27,3.3100e+27,3.3600e+27,3.4400e+27,1.6790e+28,8.8500e+27,1.5370e+08,2.2374e+05,4.6008e+09,3.0163e-13,1.1253e+08,1.0301e+05,6.5329e+05,6.5199e+05,15.1,82.5,1.3,1.1,6.0553e+29,5.8785e+29,1.5930e+28,1.7500e+27,2.4028e+28,0.0000e+00,97.1,2.6,0.3
340,6.0629e+29,8.9070e+28,5.0291e+29,7.6000e+27,6.7100e+27,5.9770e+28,2.9300e+28,2.9187e+29,2.1104e+29,4.4600e+27,3.1400e+27,3.2700e+27,3.4400e+27,1.5930e+28,7.9400e+27,1.5387e+08,1.8949e+05,5.1526e+09,3.5480e-13,1.1053e+08,1.2316e+05,6.5453e+05,6.5330e+05,14.7,82.9,1.3,1.1,6.0513e+29,5.8755e+29,1.5910e+28,1.6700e+27,2.3831e+28,0.0000e+00,97.1,2.6,0.3
341,6.1899e+29,9.0110e+28,5.1381e+29,8.2500e+27,6.8200e+27,6.1320e+28,2.8790e+28,3.0296e+29,2.1085e+29,4.7300e+27,3.5200e+27,3.3400e+27,3.4800e+27,1.6670e+28,7.7000e+27,1.5355e+08,1.8566e+05,4.5274e+09,4.2548e-13,1.0828e+08,8.8215e+04,6.5572e+05,6.5454e+05,14.6,83.0,1.3,1.1,6.1876e+29,6.0145e+29,1.5890e+28,1.4200e+27,2.4144e+28,0.0000e+00,97.2,2.6,0.2
342,6.1883e+29,8.7670e+28,5.1635e+29,8.0700e+27,6.7400e+27,5.9340e+28,2.8330e+28,3.0131e+29,2.1504e+29,4.5700e+27,3.5000e+27,3.2800e+27,3.4600e+27,1.5940e+28,7.3400e+27,1.5353e+08,2.1843e+05,6.1100e+09,5.2101e-13,1.0655e+08,8.3027e+04,6.5685e+05,6.5573e+05,14.2,83.4,1.3,1.1,6.1798e+29,6.0021e+29,1.6100e+28,1.6700e+27,2.4103e+28,0.0000e+00,97.1,2.6,0.3
343,6.1982e+29,8.8180e+28,5.1709e+29,7.7800e+27,6.7700e+27,5.9200e+28,2.8980e+28,2.9827e+29,2.1882e+29,4.4400e+27,3.3400e+27,3.3300e+27,3.4400e+27,1.5540e+28,7.3400e+27,1.5315e+08,2.1115e+05,4.7718e+09,6.4809e-13,1.0320e+08,9.0875e+04,6.5791e+05,6.5685e+05,14.2,83.4,1.3,1.1,6.1963e+29,6.0128e+29,1.6780e+28,1.5700e+27,2.4229e+28,0.0000e+00,97.0,2.7,0.3
344,6.2769e+29,8.7070e+28,5.2632e+29,7.4600e+27,6.8400e+27,5.8550e+28,2.8520e+28,3.0168e+29,2.2464e+29,4.3800e+27,3.0800e+27,3.4400e+27,3.4000e+27,1.5640e+28,7.4500e+27,1.5282e+08,1.9868e+05,4.7708e+09,8.1833e-13,1.0216e+08,1.1677e+05,6.5891e+05,6.5791e+05,13.9,83.9,1.2,1.1,6.2724e+29,6.0875e+29,1.7040e+28,1.4500e+27,2.4349e+28,0.0000e+00,97.1,2.7,0.2
345,6.3139e+29,8.7240e+28,5.2998e+29,7.3500e+27,6.8200e+27,5.8720e+28,2.8520e+28,3.0020e+29,2.2978e+29,4.1300e+27,3.2200e+27,3.4400e+27,3.3800e+27,1.6020e+28,7.5700e+27,1.5270e+08,2.8055e+05,4.8902e+09,1.0467e-12,1.0171e+08,1.8429e+05,6.5985e+05,6.5892e+05,13.8,83.9,1.2,1.1,6.3010e+29,6.1123e+29,1.7540e+28,1.3300e+27,2.4462e+28,0.0000e+00,97.0,2.8,0.2
346,6.4952e+29,8.9270e+28,5.4545e+29,8.0700e+27,6.7300e+27,6.0190e+28,2.9080e+28,3.0912e+29,2.3633e+29,4.5100e+27,3.5600e+27,3.5600e+27,3.1700e+27,1.6840e+28,7.2100e+27,1.5264e+08,2.9596e+05,4.5852e+09,1.3532e-12,1.0100e+08,2.0856e+05,6.6073e+05,6.5986e+05,13.7,84.0,1.2,1.0,6.4912e+29,6.2915e+29,1.8590e+28,1.3800e+27,2.4390e+28,0.0000e+00,96.9,2.9,0.2
347,6.5091e+29,8.9310e+28,5.4663e+29,8.1300e+27,6.8400e+27,5.8980e+28,3.0330e+28,3.0993e+29,2.3670e+29,4.8300e+27,3.3000e+27,3.5900e+27,3.2500e+27,1.6200e+28,7.2600e+27,1.5257e+08,3.0359e+05,4.5423e+09,1.7616e-12,1.0054e+08,1.9476e+05,6.6154e+05,6.6073e+05,13.7,84.0,1.2,1.1,6.4968e+29,6.2904e+29,1.9310e+28,1.3300e+27,2.4667e+28,0.0000e+00,96.8,3.0,0.2
348,6.6949e+29,9.0230e+28,5.6461e+29,7.8600e+27,6.7900e+27,6.0520e+28,2.9710e+28,3.2631e+29,2.3830e+29,4.5100e+27,3.3500e+27,3.2900e+27,3.5000e+27,1.7370e+28,6.6200e+27,1.5211e+08,2.6985e+05,5.1234e+09,2.3135e-12,9.9690e+07,1.5277e+05,6.6229e+05,6.6155e+05,13.5,84.3,1.2,1.0,6.6986e+29,6.4855e+29,1.9870e+28,1.4400e+27,2.4579e+28,0.0000e+00,96.8,3.0,0.2
349,6.5560e+29,8.7350e+28,5.5388e+29,7.5600e+27,6.8100e+27,5.8650e+28,2.8700e+28,3.1642e+29,2.3746e+29,4.2700e+27,3.2900e+27,3.3500e+27,3.4600e+27,1.6250e+28,6.3800e+27,1.5251e+08,2.2602e+05,4.5401e+09,3.0479e-12,9.6980e+07,2.1199e+05,6.6298e+05,6.6230e+05,13.3,84.5,1.2,1.0,6.5497e+29,6.3487e+29,1.8820e+28,1.2800e+27,2.4662e+28,0.0000e+00,96.9,2.9,0.2
350,6.6074e+29,8.6730e+28,5.5951e+29,7.7700e+27,6.7300e+27,5.8070e+28,2.8660e+28,3.1964e+29,2.3987e+29,4.4400e+27,3.3300e+27,3.4300e+27,3.3000e+27,1.6110e+28,6.5300e+27,1.5226e+08,3.5129e+05,4.5777e+09,4.0295e-12,9.5033e+07,2.4633e+05,6.6360e+05,6.6298e+05,13.1,84.7,1.2,1.0,6.6142e+29,6.4028e+29,1.9810e+28,1.3300e+27,2.4558e+28,0.0000e+00,96.8,3.0,0.2
351,6.7460e+29,8.8270e+28,5.7133e+29,8.1800e+27,6.8200e+27,5.8940e+28,2.9330e+28,3.2150e+29,2.4983e+29,4.6200e+27,3.5600e+27,3.5900e+27,3.2300e+27,1.6680e+28,6.3300e+27,1.5175e+08,2.5462e+05,4.6106e+09,5.3273e-12,9.2622e+07,2.4762e+05,6.6415e+05,6.6360e+05,13.1,84.7,1.2,1.0,6.7373e+29,6.5218e+29,2.0230e+28,1.3200e+27,2.4807e+28,0.0000e+00,96.8,3.0,0.2
352,6.7674e+29,8.6090e+28,5.7621e+29,7.6900e+27,6.7500e+27,5.7230e+28,2.8860e+28,3.2108e+29,2.5513e+29,4.3000e+27,3.3900e+27,3.4000e+27,3.3500e+27,1.5640e+28,6.4700e+27,1.5122e+08,2.2891e+05,5.4474e+09,7.0618e-12,9.1671e+07,2.4607e+05,6.6464e+05,6.6416e+05,12.7,85.1,1.1,1.0,6.7528e+29,6.5318e+29,2.0770e+28,1.3300e+27,2.4687e+28,0.0000e+00,96.7,3.1,0.2
353,6.8159e+29,8.7370e+28,5.7987e+29,7.5500e+27,6.8000e+27,5.8230e+28,2.9140e+28,3.1790e+29,2.6197e+29,4.4300e+27,3.1200e+27,3.4000e+27,3.4000e+27,1.6220e+28,6.2900e+27,1.5102e+08,2.9596e+05,4.6022e+09,9.3370e-12,9.1595e+07,2.2075e+05,6.6507e+05,6.6464e+05,12.8,85.1,1.1,1.0,6.8217e+29,6.6090e+29,2.0040e+28,1.2300e+27,2.4922e+28,0.0000e+00,96.9,2.9,0.2
354,6.7273e+29,8.6400e+28,5.7202e+29,7.5200e+27,6.7900e+27,5.7300e+28,2.9100e+28,3.1235e+29,2.5967e+29,3.7700e+27,3.7500e+27,3.4600e+27,3.3300e+27,1.6490e+28,6.2500e+27,1.5184e+08,2.7052e+05,4.5610e+09,1.2350e-11,8.9252e+07,1.8586e+05,6.6543e+05,6.6507e+05,12.8,85.0,1.1,1.0,6.7224e+29,6.5050e+29,2.0510e+28,1.2300e+27,2.4786e+28,0.0000e+00,96.8,3.1,0.2
355,6.8303e+29,8.8890e+28,5.7995e+29,7.3900e+27,6.8000e+27,5.9550e+28,2.9340e+28,3.1593e+29,2.6402e+29,4.2800e+27,3.1100e+27,3.4200e+27,3.3800e+27,1.7370e+28,5.8200e+27,1.5205e+08,3.6234e+05,4.5636e+09,1.6257e-11,8.6459e+07,1.6429e+05,6.6573e+05,6.6544e+05,13.0,84.9,1.1,1.0,6.8309e+29,6.6177e+29,2.0130e+28,1.1900e+27,2.5007e+28,0.0000e+00,96.9,2.9,0.2
356,6.7666e+29,8.8220e+28,5.7407e+29,7.6000e+27,6.7700e+27,5.7910e+28,3.0310e+28,3.1967e+29,2.5440e+29,4.3000e+27,3.3000e+27,3.3500e+27,3.4200e+27,1.6320e+28,6.1800e+27,1.5171e+08,2.8921e+05,5.9760e+09,2.1365e-11,8.6173e+07,2.1064e+05,6.6596e+05,6.6573e+05,13.0,84.8,1.1,1.0,6.7705e+29,6.5573e+29,2.0110e+28,1.2100e+27,2.4855e+28,0.0000e+00,96.9,3.0,0.2
357,6.7879e+29,8.5700e+28,5.7886e+29,7.4500e+27,6.7800e+27,5.5780e+28,2.9920e+28,3.1783e+29,2.6103e+29,4.1600e+27,3.2900e+27,3.3200e+27,3.4600e+27,1.6110e+28,6.4000e+27,1.5139e+08,3.6039e+05,4.5519e+09,2.7898e-11,8.5780e+07,2.3807e+05,6.6612e+05,6.6596e+05,12.6,85.3,1.1,1.0,6.7894e+29,6.5770e+29,1.9890e+28,1.3500e+27,2.4878e+28,0.0000e+00,96.9,2.9,0.2
358,6.7835e+29,8.6850e+28,5.7717e+29,7.5400e+27,6.7900e+27,5.6160e+28,3.0690e+28,3.1496e+29,2.6221e+29,4.1100e+27,3.4300e+27,3.4300e+27,3.3600e+27,1.6100e+28,5.8500e+27,1.5151e+08,3.7887e+05,4.7393e+09,2.4899e-11,8.4118e+07,2.3103e+05,6.6622e+05,6.6612e+05,12.8,85.1,1.1,1.0,6.7782e+29,6.5624e+29,2.0340e+28,1.2400e+27,2.4893e+28,0.0000e+00,96.8,3.0,0.2
359,6.8182e+29,8.6460e+28,5.8109e+29,7.5200e+27,6.7500e+27,5.6660e+28,2.9800e+28,3.1554e+29,2.6555e+29,4.2100e+27,3.3100e+27,3.3700e+27,3.3800e+27,1.7010e+28,5.9900e+27,1.5127e+08,4.0912e+05,4.5596e+09,1.6562e-11,9.1914e+07,2.8365e+05,6.6625e+05,6.6622e+05,12.7,85.2,1.1,1.0,6.8169e+29,6.5981e+29,2.0720e+28,1.1600e+27,2.4901e+28,0.0000e+00,96.8,3.0,0.2
