TAA_Bin,Gen_Total,Gen_PSD,Gen_TD,Gen_SWS,Gen_MMV,Gen_PSD_Dawn,Gen_PSD_Dusk,Gen_TD_Dawn,Gen_TD_Dusk,Gen_SWS_Dawn,Gen_SWS_Dusk,Gen_MMV_Dawn,Gen_MMV_Dusk,Max_Flux_PSD,Min_Flux_PSD,Max_Flux_TD,Min_Flux_TD,Max_Flux_SWS,Min_Flux_SWS,Max_Flux_MMV,Min_Flux_MMV,Pct_PSD,Pct_TD,Pct_SWS,Pct_MMV,Loss_Total,Loss_Stuck,Loss_Ionized,Loss_Escaped,Supply_Internal,Trans_Inward,Pct_Stuck,Pct_Ionized,Pct_Escaped
0,8.5551e+29,1.8322e+29,6.6274e+29,2.7710e+27,6.7780e+27,1.1687e+29,6.6353e+28,3.4708e+29,3.1566e+29,1.4900e+27,1.2810e+27,3.3550e+27,3.4230e+27,1.6143e+12,0.0000e+00,5.2445e+12,0.0000e+00,1.5152e+11,0.0000e+00,6.6629e+09,6.6626e+09,21.4,77.5,0.3,0.8,8.5532e+29,8.2852e+29,2.6252e+28,5.4600e+26,3.4613e+28,0.0000e+00,96.9,3.1,0.1
1,8.6285e+29,1.8388e+29,6.6923e+29,2.9230e+27,6.8240e+27,1.1656e+29,6.7319e+28,3.4951e+29,3.1972e+29,1.5080e+27,1.4150e+27,3.4960e+27,3.3280e+27,1.5980e+12,0.0000e+00,5.3879e+12,0.0000e+00,1.5234e+11,0.0000e+00,6.6625e+09,6.6616e+09,21.3,77.6,0.3,0.8,8.6253e+29,8.3550e+29,2.6424e+28,6.0300e+26,3.4860e+28,0.0000e+00,96.9,3.1,0.1
2,8.6120e+29,1.8261e+29,6.6902e+29,2.7860e+27,6.7800e+27,1.1548e+29,6.7129e+28,3.5098e+29,3.1804e+29,1.4690e+27,1.3170e+27,3.4340e+27,3.3460e+27,1.5804e+12,0.0000e+00,5.3186e+12,0.0000e+00,1.5110e+11,0.0000e+00,6.6616e+09,6.6599e+09,21.2,77.7,0.3,0.8,8.6091e+29,8.3377e+29,2.6530e+28,6.1200e+26,3.4592e+28,0.0000e+00,96.8,3.1,0.1
3,8.5775e+29,1.8154e+29,6.6653e+29,2.9000e+27,6.7790e+27,1.1443e+29,6.7104e+28,3.4883e+29,3.1771e+29,1.5410e+27,1.3590e+27,3.4270e+27,3.3520e+27,1.5633e+12,0.0000e+00,5.1938e+12,0.0000e+00,1.4971e+11,0.0000e+00,6.6599e+09,6.6576e+09,21.2,77.7,0.3,0.8,8.5788e+29,8.3067e+29,2.6586e+28,6.2300e+26,3.4572e+28,0.0000e+00,96.8,3.1,0.1
4,8.5721e+29,1.8129e+29,6.6626e+29,2.8810e+27,6.7760e+27,1.1382e+29,6.7472e+28,3.5117e+29,3.1509e+29,1.5000e+27,1.3810e+27,3.3300e+27,3.4460e+27,1.5469e+12,0.0000e+00,5.2149e+12,0.0000e+00,1.5065e+11,0.0000e+00,6.6576e+09,6.6547e+09,21.1,77.7,0.3,0.8,8.5786e+29,8.3096e+29,2.6274e+28,6.2800e+26,3.4545e+28,0.0000e+00,96.9,3.1,0.1
5,8.6562e+29,1.8195e+29,6.7388e+29,2.9620e+27,6.8250e+27,1.1404e+29,6.7915e+28,3.5111e+29,3.2278e+29,1.5360e+27,1.4260e+27,3.4300e+27,3.3950e+27,1.5276e+12,0.0000e+00,5.1076e+12,0.0000e+00,1.5042e+11,0.0000e+00,6.6547e+09,6.6511e+09,21,77.8,0.3,0.8,8.6513e+29,8.3811e+29,2.6399e+28,6.1900e+26,3.4765e+28,0.0000e+00,96.9,3.1,0.1
6,8.6181e+29,1.8079e+29,6.7138e+29,2.8740e+27,6.7640e+27,1.1265e+29,6.8136e+28,3.4900e+29,3.2238e+29,1.5540e+27,1.3200e+27,3.4180e+27,3.3460e+27,1.5134e+12,0.0000e+00,5.0313e+12,0.0000e+00,1.4968e+11,0.0000e+00,6.6510e+09,6.6468e+09,21,77.9,0.3,0.8,8.6167e+29,8.3458e+29,2.6439e+28,6.5100e+26,3.4470e+28,0.0000e+00,96.9,3.1,0.1
7,8.6602e+29,1.8138e+29,6.7481e+29,3.0270e+27,6.8070e+27,1.1315e+29,6.8228e+28,3.4952e+29,3.2529e+29,1.6060e+27,1.4210e+27,3.3130e+27,3.4940e+27,1.4995e+12,0.0000e+00,5.3079e+12,0.0000e+00,1.4938e+11,0.0000e+00,6.6468e+09,6.6419e+09,20.9,77.9,0.3,0.8,8.6607e+29,8.3890e+29,2.6499e+28,6.6800e+26,3.4676e+28,0.0000e+00,96.9,3.1,0.1
8,8.5558e+29,1.7971e+29,6.6625e+29,2.8590e+27,6.7600e+27,1.1159e+29,6.8117e+28,3.4596e+29,3.2030e+29,1.5020e+27,1.3570e+27,3.4050e+27,3.3550e+27,1.4825e+12,0.0000e+00,5.0195e+12,0.0000e+00,1.4979e+11,0.0000e+00,6.6418e+09,6.6363e+09,21,77.9,0.3,0.8,8.5609e+29,8.2874e+29,2.6675e+28,6.8000e+26,3.4369e+28,0.0000e+00,96.8,3.1,0.1
9,8.6037e+29,1.8024e+29,6.7031e+29,3.0200e+27,6.7990e+27,1.1160e+29,6.8640e+28,3.4717e+29,3.2314e+29,1.5940e+27,1.4260e+27,3.3620e+27,3.4370e+27,1.4700e+12,0.0000e+00,5.0173e+12,0.0000e+00,1.5170e+11,0.0000e+00,6.6363e+09,6.6301e+09,20.9,77.9,0.4,0.8,8.6033e+29,8.3333e+29,2.6285e+28,7.1000e+26,3.4561e+28,0.0000e+00,96.9,3.1,0.1
10,8.6048e+29,1.7958e+29,6.7105e+29,3.0510e+27,6.7960e+27,1.1061e+29,6.8966e+28,3.4731e+29,3.2374e+29,1.5910e+27,1.4600e+27,3.3940e+27,3.4020e+27,1.4599e+12,0.0000e+00,4.9246e+12,0.0000e+00,1.5168e+11,0.0000e+00,6.6301e+09,6.6233e+09,20.9,78,0.4,0.8,8.6039e+29,8.3347e+29,2.6174e+28,7.4500e+26,3.4493e+28,0.0000e+00,96.9,3,0.1
11,8.5621e+29,1.7874e+29,6.6772e+29,2.9620e+27,6.7860e+27,1.1009e+29,6.8650e+28,3.4733e+29,3.2039e+29,1.5450e+27,1.4170e+27,3.4650e+27,3.3210e+27,1.4466e+12,0.0000e+00,4.9619e+12,0.0000e+00,1.4995e+11,0.0000e+00,6.6232e+09,6.6158e+09,20.9,78,0.3,0.8,8.5700e+29,8.2991e+29,2.6280e+28,8.0900e+26,3.4419e+28,0.0000e+00,96.8,3.1,0.1
12,8.4940e+29,1.7844e+29,6.6130e+29,2.8730e+27,6.7820e+27,1.0943e+29,6.9013e+28,3.4228e+29,3.1902e+29,1.4910e+27,1.3820e+27,3.3800e+27,3.4020e+27,1.4324e+12,0.0000e+00,4.8301e+12,0.0000e+00,1.4873e+11,0.0000e+00,6.6157e+09,6.6077e+09,21,77.9,0.3,0.8,8.4957e+29,8.2300e+29,2.5709e+28,8.5800e+26,3.4338e+28,0.0000e+00,96.9,3,0.1
13,8.4989e+29,1.7884e+29,6.6128e+29,2.9340e+27,6.8290e+27,1.0945e+29,6.9391e+28,3.4132e+29,3.1997e+29,1.5020e+27,1.4320e+27,3.4330e+27,3.3960e+27,1.4191e+12,0.0000e+00,4.8945e+12,0.0000e+00,1.4681e+11,0.0000e+00,6.6076e+09,6.5989e+09,21,77.8,0.3,0.8,8.5023e+29,8.2398e+29,2.5366e+28,8.8700e+26,3.4501e+28,0.0000e+00,96.9,3,0.1
14,8.3814e+29,1.7628e+29,6.5203e+29,3.0700e+27,6.7580e+27,1.0741e+29,6.8869e+28,3.3573e+29,3.1630e+29,1.6190e+27,1.4510e+27,3.3660e+27,3.3920e+27,1.4080e+12,0.0000e+00,5.5063e+12,0.0000e+00,1.4487e+11,0.0000e+00,6.5988e+09,6.5895e+09,21,77.8,0.4,0.8,8.3840e+29,8.1237e+29,2.5052e+28,9.7300e+26,3.4157e+28,0.0000e+00,96.9,3,0.1
15,8.3959e+29,1.7692e+29,6.5289e+29,2.9830e+27,6.8040e+27,1.0753e+29,6.9389e+28,3.3610e+29,3.1679e+29,1.5760e+27,1.4070e+27,3.4250e+27,3.3790e+27,1.3983e+12,0.0000e+00,5.5194e+12,0.0000e+00,1.4443e+11,0.0000e+00,6.5895e+09,6.5795e+09,21.1,77.8,0.4,0.8,8.4021e+29,8.1425e+29,2.4938e+28,1.0230e+27,3.4306e+28,0.0000e+00,96.9,3,0.1
16,8.3376e+29,1.7587e+29,6.4810e+29,3.0030e+27,6.7880e+27,1.0650e+29,6.9369e+28,3.3319e+29,3.1491e+29,1.5760e+27,1.4270e+27,3.3370e+27,3.4510e+27,1.3881e+12,0.0000e+00,4.7265e+12,0.0000e+00,1.4627e+11,0.0000e+00,6.5795e+09,6.5689e+09,21.1,77.7,0.4,0.8,8.3407e+29,8.0839e+29,2.4595e+28,1.0900e+27,3.4199e+28,0.0000e+00,96.9,2.9,0.1
17,8.2811e+29,1.7570e+29,6.4264e+29,2.9960e+27,6.7810e+27,1.0616e+29,6.9536e+28,3.3064e+29,3.1200e+29,1.5740e+27,1.4220e+27,3.4520e+27,3.3290e+27,1.3774e+12,0.0000e+00,5.0330e+12,0.0000e+00,1.4499e+11,0.0000e+00,6.5688e+09,6.5577e+09,21.2,77.6,0.4,0.8,8.2859e+29,8.0305e+29,2.4305e+28,1.2320e+27,3.4086e+28,0.0000e+00,96.9,2.9,0.1
18,8.2865e+29,1.7639e+29,6.4249e+29,2.9570e+27,6.8120e+27,1.0630e+29,7.0087e+28,3.3020e+29,3.1230e+29,1.5790e+27,1.3780e+27,3.3810e+27,3.4310e+27,1.3680e+12,0.0000e+00,5.2781e+12,0.0000e+00,1.4412e+11,0.0000e+00,6.5576e+09,6.5458e+09,21.3,77.5,0.4,0.8,8.2917e+29,8.0370e+29,2.4122e+28,1.3490e+27,3.4212e+28,0.0000e+00,96.9,2.9,0.2
19,8.1865e+29,1.7528e+29,6.3360e+29,2.9730e+27,6.8020e+27,1.0546e+29,6.9820e+28,3.2559e+29,3.0801e+29,1.5730e+27,1.4000e+27,3.4010e+27,3.4010e+27,1.3571e+12,0.0000e+00,5.1936e+12,0.0000e+00,1.4626e+11,0.0000e+00,6.5457e+09,6.5333e+09,21.4,77.4,0.4,0.8,8.1914e+29,7.9406e+29,2.3613e+28,1.4690e+27,3.4085e+28,0.0000e+00,96.9,2.9,0.2
20,8.0819e+29,1.7390e+29,6.2453e+29,2.9760e+27,6.7830e+27,1.0436e+29,6.9540e+28,3.2072e+29,3.0382e+29,1.5730e+27,1.4030e+27,3.4200e+27,3.3630e+27,1.3435e+12,0.0000e+00,4.5426e+12,0.0000e+00,1.4605e+11,0.0000e+00,6.5332e+09,6.5202e+09,21.5,77.3,0.4,0.8,8.0924e+29,7.8443e+29,2.3219e+28,1.5920e+27,3.3953e+28,0.0000e+00,96.9,2.9,0.2
21,7.9530e+29,1.7269e+29,6.1302e+29,2.8220e+27,6.7700e+27,1.0367e+29,6.9024e+28,3.1409e+29,2.9893e+29,1.5010e+27,1.3210e+27,3.3550e+27,3.4150e+27,1.3331e+12,0.0000e+00,4.4921e+12,0.0000e+00,1.4514e+11,0.0000e+00,6.5201e+09,6.5066e+09,21.7,77.1,0.4,0.9,7.9558e+29,7.7133e+29,2.2498e+28,1.7510e+27,3.3814e+28,0.0000e+00,97,2.8,0.2
22,7.9088e+29,1.7358e+29,6.0765e+29,2.8460e+27,6.8100e+27,1.0386e+29,6.9719e+28,3.1065e+29,2.9700e+29,1.4620e+27,1.3840e+27,3.3410e+27,3.4690e+27,1.3224e+12,0.0000e+00,4.7332e+12,0.0000e+00,1.4423e+11,0.0000e+00,6.5065e+09,6.4923e+09,21.9,76.8,0.4,0.9,7.9196e+29,7.6767e+29,2.2349e+28,1.9430e+27,3.3912e+28,0.0000e+00,96.9,2.8,0.2
23,7.7868e+29,1.7190e+29,5.9712e+29,2.8850e+27,6.7730e+27,1.0263e+29,6.9273e+28,3.0413e+29,2.9299e+29,1.4630e+27,1.4220e+27,3.3910e+27,3.3820e+27,1.3128e+12,0.0000e+00,4.9414e+12,0.0000e+00,1.4241e+11,0.0000e+00,6.4922e+09,6.4775e+09,22.1,76.7,0.4,0.9,7.7931e+29,7.5570e+29,2.1484e+28,2.1270e+27,3.3761e+28,0.0000e+00,97,2.8,0.3
24,7.7520e+29,1.7251e+29,5.9305e+29,2.8280e+27,6.8180e+27,1.0244e+29,7.0065e+28,3.0174e+29,2.9131e+29,1.4950e+27,1.3330e+27,3.4660e+27,3.3520e+27,1.3047e+12,0.0000e+00,4.5527e+12,0.0000e+00,1.4252e+11,0.0000e+00,6.4774e+09,6.4620e+09,22.3,76.5,0.4,0.9,7.7595e+29,7.5239e+29,2.1292e+28,2.2680e+27,3.3843e+28,0.0000e+00,97,2.7,0.3
25,7.5595e+29,1.7008e+29,5.7628e+29,2.8320e+27,6.7590e+27,1.0123e+29,6.8850e+28,2.9468e+29,2.8160e+29,1.4490e+27,1.3830e+27,3.3800e+27,3.3790e+27,1.2958e+12,0.0000e+00,4.4787e+12,0.0000e+00,1.4162e+11,0.0000e+00,6.4619e+09,6.4462e+09,22.5,76.2,0.4,0.9,7.5682e+29,7.3416e+29,2.0280e+28,2.3760e+27,3.3441e+28,0.0000e+00,97,2.7,0.3
26,7.4761e+29,1.6924e+29,5.6872e+29,2.8560e+27,6.7900e+27,1.0066e+29,6.8583e+28,2.9063e+29,2.7809e+29,1.4770e+27,1.3790e+27,3.4440e+27,3.3460e+27,1.2867e+12,0.0000e+00,4.1863e+12,0.0000e+00,1.4008e+11,0.0000e+00,6.4460e+09,6.4296e+09,22.6,76.1,0.4,0.9,7.4862e+29,7.2616e+29,1.9688e+28,2.7700e+27,3.3511e+28,0.0000e+00,97,2.6,0.4
27,7.3611e+29,1.6896e+29,5.5750e+29,2.8360e+27,6.8190e+27,1.0033e+29,6.8633e+28,2.8508e+29,2.7241e+29,1.4670e+27,1.3690e+27,3.4680e+27,3.3510e+27,1.2785e+12,0.0000e+00,5.1344e+12,0.0000e+00,1.3958e+11,0.0000e+00,6.4295e+09,6.4125e+09,23,75.7,0.4,0.9,7.3687e+29,7.1479e+29,1.9203e+28,2.8830e+27,3.3572e+28,0.0000e+00,97,2.6,0.4
28,7.2073e+29,1.6761e+29,5.4358e+29,2.7380e+27,6.8040e+27,9.9416e+28,6.8191e+28,2.7634e+29,2.6724e+29,1.4440e+27,1.2940e+27,3.4370e+27,3.3670e+27,1.2686e+12,0.0000e+00,4.2035e+12,0.0000e+00,1.4009e+11,0.0000e+00,6.4123e+09,6.3948e+09,23.3,75.4,0.4,0.9,7.2149e+29,7.0006e+29,1.8260e+28,3.1650e+27,3.3390e+28,0.0000e+00,97,2.5,0.4
29,7.0338e+29,1.6595e+29,5.2791e+29,2.7210e+27,6.7950e+27,9.8482e+28,6.7469e+28,2.6838e+29,2.5953e+29,1.4630e+27,1.2580e+27,3.3560e+27,3.4390e+27,1.2584e+12,0.0000e+00,4.0245e+12,0.0000e+00,1.3738e+11,0.0000e+00,6.3947e+09,6.3767e+09,23.6,75.1,0.4,1,7.0450e+29,6.8337e+29,1.7831e+28,3.2980e+27,3.3203e+28,0.0000e+00,97,2.5,0.5
30,6.9650e+29,1.6584e+29,5.2116e+29,2.6910e+27,6.8140e+27,9.8150e+28,6.7687e+28,2.6619e+29,2.5497e+29,1.3570e+27,1.3340e+27,3.4350e+27,3.3790e+27,1.2503e+12,0.0000e+00,4.3575e+12,0.0000e+00,1.3583e+11,0.0000e+00,6.3765e+09,6.3579e+09,23.8,74.8,0.4,1,6.9736e+29,6.7679e+29,1.7277e+28,3.2850e+27,3.3244e+28,0.0000e+00,97.1,2.5,0.5
31,6.8120e+29,1.6355e+29,5.0818e+29,2.6720e+27,6.7960e+27,9.6812e+28,6.6742e+28,2.5899e+29,2.4919e+29,1.3670e+27,1.3050e+27,3.4190e+27,3.3770e+27,1.2416e+12,0.0000e+00,3.9976e+12,0.0000e+00,1.3546e+11,0.0000e+00,6.3578e+09,6.3387e+09,24,74.6,0.4,1,6.8197e+29,6.6168e+29,1.6540e+28,3.7470e+27,3.3046e+28,0.0000e+00,97,2.4,0.5
32,6.6986e+29,1.6396e+29,4.9645e+29,2.6220e+27,6.8190e+27,9.6963e+28,6.7000e+28,2.5320e+29,2.4325e+29,1.3770e+27,1.2450e+27,3.3690e+27,3.4500e+27,1.2327e+12,0.0000e+00,3.9355e+12,0.0000e+00,1.3414e+11,0.0000e+00,6.3386e+09,6.3189e+09,24.5,74.1,0.4,1,6.7059e+29,6.5061e+29,1.6198e+28,3.7770e+27,3.3072e+28,0.0000e+00,97,2.4,0.6
33,6.5650e+29,1.6236e+29,4.8469e+29,2.6590e+27,6.7980e+27,9.5910e+28,6.6446e+28,2.4790e+29,2.3678e+29,1.3880e+27,1.2710e+27,3.3830e+27,3.4150e+27,1.2244e+12,0.0000e+00,3.9596e+12,0.0000e+00,1.3245e+11,0.0000e+00,6.3188e+09,6.2987e+09,24.7,73.8,0.4,1,6.5749e+29,6.3801e+29,1.5580e+28,3.9090e+27,3.2863e+28,0.0000e+00,97,2.4,0.6
34,6.4595e+29,1.6143e+29,4.7513e+29,2.5680e+27,6.8220e+27,9.5552e+28,6.5876e+28,2.4197e+29,2.3316e+29,1.3390e+27,1.2290e+27,3.3510e+27,3.4710e+27,1.2137e+12,0.0000e+00,3.5418e+12,0.0000e+00,1.2964e+11,0.0000e+00,6.2985e+09,6.2778e+09,25,73.6,0.4,1.1,6.4655e+29,6.2717e+29,1.5184e+28,4.2020e+27,3.2875e+28,0.0000e+00,97,2.3,0.6
35,6.3373e+29,1.5968e+29,4.6465e+29,2.5970e+27,6.7980e+27,9.4629e+28,6.5054e+28,2.3768e+29,2.2697e+29,1.3420e+27,1.2550e+27,3.3250e+27,3.4730e+27,1.2054e+12,0.0000e+00,3.8772e+12,0.0000e+00,1.2901e+11,0.0000e+00,6.2777e+09,6.2566e+09,25.2,73.3,0.4,1.1,6.3429e+29,6.1539e+29,1.4562e+28,4.3410e+27,3.2655e+28,0.0000e+00,97,2.3,0.7
36,6.2738e+29,1.5948e+29,4.5852e+29,2.5530e+27,6.8200e+27,9.4586e+28,6.4893e+28,2.3381e+29,2.2472e+29,1.3030e+27,1.2500e+27,3.4480e+27,3.3720e+27,1.1966e+12,0.0000e+00,3.5151e+12,0.0000e+00,1.2748e+11,0.0000e+00,6.2565e+09,6.2348e+09,25.4,73.1,0.4,1.1,6.2816e+29,6.0964e+29,1.4177e+28,4.3500e+27,3.2654e+28,0.0000e+00,97.1,2.3,0.7
37,6.1528e+29,1.5846e+29,4.4752e+29,2.4930e+27,6.8030e+27,9.3867e+28,6.4595e+28,2.2837e+29,2.1915e+29,1.3150e+27,1.1780e+27,3.4350e+27,3.3680e+27,1.1890e+12,0.0000e+00,3.4361e+12,0.0000e+00,1.2612e+11,0.0000e+00,6.2347e+09,6.2127e+09,25.8,72.7,0.4,1.1,6.1566e+29,5.9728e+29,1.3735e+28,4.6400e+27,3.2423e+28,0.0000e+00,97,2.2,0.8
38,6.0703e+29,1.5727e+29,4.4050e+29,2.4550e+27,6.8090e+27,9.3467e+28,6.3798e+28,2.2461e+29,2.1589e+29,1.3070e+27,1.1480e+27,3.4300e+27,3.3790e+27,1.1805e+12,0.0000e+00,3.6641e+12,0.0000e+00,1.2579e+11,0.0000e+00,6.2125e+09,6.1900e+09,25.9,72.6,0.4,1.1,6.0794e+29,5.9013e+29,1.3108e+28,4.7000e+27,3.2408e+28,0.0000e+00,97.1,2.2,0.8
39,5.9275e+29,1.5610e+29,4.2741e+29,2.4440e+27,6.7940e+27,9.2775e+28,6.3320e+28,2.1954e+29,2.0787e+29,1.2740e+27,1.1700e+27,3.3750e+27,3.4190e+27,1.1714e+12,0.0000e+00,3.2998e+12,0.0000e+00,1.2592e+11,0.0000e+00,6.1898e+09,6.1669e+09,26.3,72.1,0.4,1.1,5.9323e+29,5.7557e+29,1.2942e+28,4.7250e+27,3.2168e+28,0.0000e+00,97,2.2,0.8
40,5.8465e+29,1.5550e+29,4.1994e+29,2.3970e+27,6.8160e+27,9.2519e+28,6.2980e+28,2.1546e+29,2.0448e+29,1.2820e+27,1.1150e+27,3.3170e+27,3.4990e+27,1.1623e+12,0.0000e+00,3.4581e+12,0.0000e+00,1.2298e+11,0.0000e+00,6.1667e+09,6.1433e+09,26.6,71.8,0.4,1.2,5.8522e+29,5.6801e+29,1.2436e+28,4.7790e+27,3.2141e+28,0.0000e+00,97.1,2.1,0.8
41,5.7860e+29,1.5553e+29,4.1382e+29,2.4160e+27,6.8340e+27,9.2741e+28,6.2787e+28,2.1177e+29,2.0205e+29,1.2160e+27,1.2000e+27,3.3970e+27,3.4370e+27,1.1543e+12,0.0000e+00,3.2545e+12,0.0000e+00,1.2148e+11,0.0000e+00,6.1431e+09,6.1192e+09,26.9,71.5,0.4,1.2,5.7928e+29,5.6222e+29,1.2138e+28,4.9190e+27,3.2106e+28,0.0000e+00,97.1,2.1,0.8
42,5.6574e+29,1.5398e+29,4.0256e+29,2.3920e+27,6.8030e+27,9.2145e+28,6.1838e+28,2.0635e+29,1.9621e+29,1.2380e+27,1.1540e+27,3.4520e+27,3.3510e+27,1.1471e+12,0.0000e+00,3.4590e+12,0.0000e+00,1.1937e+11,0.0000e+00,6.1191e+09,6.0948e+09,27.2,71.2,0.4,1.2,5.6610e+29,5.4935e+29,1.1876e+28,4.8710e+27,3.1851e+28,0.0000e+00,97,2.1,0.9
43,5.6226e+29,1.5331e+29,3.9979e+29,2.3250e+27,6.8360e+27,9.1663e+28,6.1647e+28,2.0555e+29,1.9424e+29,1.1780e+27,1.1470e+27,3.3840e+27,3.4520e+27,1.1400e+12,0.0000e+00,3.6487e+12,0.0000e+00,1.1931e+11,0.0000e+00,6.0947e+09,6.0700e+09,27.3,71.1,0.4,1.2,5.6249e+29,5.4583e+29,1.1644e+28,5.0190e+27,3.1804e+28,0.0000e+00,97,2.1,0.9
44,5.5297e+29,1.5162e+29,3.9226e+29,2.2920e+27,6.8010e+27,9.0885e+28,6.0739e+28,2.0207e+29,1.9019e+29,1.1970e+27,1.0950e+27,3.3390e+27,3.4620e+27,1.1324e+12,0.0000e+00,3.4311e+12,0.0000e+00,1.1703e+11,0.0000e+00,6.0698e+09,6.0448e+09,27.4,70.9,0.4,1.2,5.5345e+29,5.3704e+29,1.1257e+28,5.1450e+27,3.1540e+28,0.0000e+00,97,2,0.9
45,5.4681e+29,1.5196e+29,3.8571e+29,2.3240e+27,6.8170e+27,9.1624e+28,6.0331e+28,1.9817e+29,1.8754e+29,1.2160e+27,1.1080e+27,3.3650e+27,3.4520e+27,1.1244e+12,0.0000e+00,3.6853e+12,0.0000e+00,1.1501e+11,0.0000e+00,6.0446e+09,6.0192e+09,27.8,70.5,0.4,1.2,5.4742e+29,5.3106e+29,1.1271e+28,5.0900e+27,3.1482e+28,0.0000e+00,97,2.1,0.9
46,5.4101e+29,1.5214e+29,3.7964e+29,2.3920e+27,6.8370e+27,9.1435e+28,6.0704e+28,1.9509e+29,1.8456e+29,1.2490e+27,1.1430e+27,3.4110e+27,3.4260e+27,1.1174e+12,0.0000e+00,3.4723e+12,0.0000e+00,1.1238e+11,0.0000e+00,6.0190e+09,5.9931e+09,28.1,70.2,0.4,1.3,5.4149e+29,5.2544e+29,1.0663e+28,5.3870e+27,3.1416e+28,0.0000e+00,97,2,1
47,5.3606e+29,1.5153e+29,3.7545e+29,2.2420e+27,6.8390e+27,9.1207e+28,6.0322e+28,1.9430e+29,1.8115e+29,1.1880e+27,1.0540e+27,3.4700e+27,3.3690e+27,1.1131e+12,0.0000e+00,3.2918e+12,0.0000e+00,1.1159e+11,0.0000e+00,5.9930e+09,5.9667e+09,28.3,70,0.4,1.3,5.3628e+29,5.2032e+29,1.0775e+28,5.1910e+27,3.1344e+28,0.0000e+00,97,2,1
48,5.2978e+29,1.4966e+29,3.7100e+29,2.2970e+27,6.8190e+27,9.1004e+28,5.8652e+28,1.9146e+29,1.7954e+29,1.1740e+27,1.1230e+27,3.4080e+27,3.4110e+27,1.1065e+12,0.0000e+00,3.0874e+12,0.0000e+00,1.0952e+11,0.0000e+00,5.9665e+09,5.9399e+09,28.2,70,0.4,1.3,5.2985e+29,5.1420e+29,1.0410e+28,5.2310e+27,3.1062e+28,0.0000e+00,97,2,1
49,5.2669e+29,1.4978e+29,3.6789e+29,2.1890e+27,6.8250e+27,9.1221e+28,5.8561e+28,1.8973e+29,1.7816e+29,1.1160e+27,1.0730e+27,3.4670e+27,3.3580e+27,1.1004e+12,0.0000e+00,3.0501e+12,0.0000e+00,1.0874e+11,0.0000e+00,5.9398e+09,5.9128e+09,28.4,69.8,0.4,1.3,5.2705e+29,5.1161e+29,1.0121e+28,5.3190e+27,3.0979e+28,0.0000e+00,97.1,1.9,1
50,5.2107e+29,1.5004e+29,3.6199e+29,2.1980e+27,6.8450e+27,9.1725e+28,5.8313e+28,1.8799e+29,1.7401e+29,1.1220e+27,1.0760e+27,3.4090e+27,3.4360e+27,1.0926e+12,0.0000e+00,3.1057e+12,0.0000e+00,1.0911e+11,0.0000e+00,5.9127e+09,5.8853e+09,28.8,69.5,0.4,1.3,5.2142e+29,5.0595e+29,1.0228e+28,5.2420e+27,3.0889e+28,0.0000e+00,97,2,1
51,5.1384e+29,1.4886e+29,3.5598e+29,2.1800e+27,6.8160e+27,9.1193e+28,5.7664e+28,1.8511e+29,1.7087e+29,1.1110e+27,1.0690e+27,3.3840e+27,3.4320e+27,1.0881e+12,0.0000e+00,3.3494e+12,0.0000e+00,1.0931e+11,0.0000e+00,5.8852e+09,5.8577e+09,29,69.3,0.4,1.3,5.1411e+29,4.9902e+29,9.8520e+27,5.2430e+27,3.0596e+28,0.0000e+00,97.1,1.9,1
52,5.1420e+29,1.5002e+29,3.5503e+29,2.2830e+27,6.8660e+27,9.2364e+28,5.7655e+28,1.8559e+29,1.6944e+29,1.1550e+27,1.1280e+27,3.3930e+27,3.4730e+27,1.1114e+12,0.0000e+00,2.8789e+12,0.0000e+00,1.0875e+11,0.0000e+00,5.8575e+09,5.8294e+09,29.2,69,0.4,1.3,5.1428e+29,4.9904e+29,9.7920e+27,5.4470e+27,3.0692e+28,0.0000e+00,97,1.9,1.1
53,5.0766e+29,1.4883e+29,3.4985e+29,2.1710e+27,6.8120e+27,9.1635e+28,5.7197e+28,1.8229e+29,1.6756e+29,1.1080e+27,1.0630e+27,3.4100e+27,3.4020e+27,1.1387e+12,0.0000e+00,2.8402e+12,0.0000e+00,1.0649e+11,0.0000e+00,5.8292e+09,5.8010e+09,29.3,68.9,0.4,1.3,5.0821e+29,4.9326e+29,9.5480e+27,5.4070e+27,3.0390e+28,0.0000e+00,97.1,1.9,1.1
54,5.0516e+29,1.4927e+29,3.4682e+29,2.2360e+27,6.8350e+27,9.2261e+28,5.7006e+28,1.8150e+29,1.6532e+29,1.1390e+27,1.0970e+27,3.3840e+27,3.4510e+27,1.1652e+12,0.0000e+00,3.0036e+12,0.0000e+00,1.0526e+11,0.0000e+00,5.8009e+09,5.7723e+09,29.5,68.7,0.4,1.4,5.0510e+29,4.9019e+29,9.4840e+27,5.4200e+27,3.0279e+28,0.0000e+00,97,1.9,1.1
55,5.0124e+29,1.4860e+29,3.4370e+29,2.1450e+27,6.8040e+27,9.2359e+28,5.6238e+28,1.8068e+29,1.6302e+29,1.0600e+27,1.0850e+27,3.3380e+27,3.4660e+27,1.1921e+12,0.0000e+00,3.2018e+12,0.0000e+00,1.0263e+11,0.0000e+00,5.7722e+09,5.7435e+09,29.6,68.6,0.4,1.4,5.0161e+29,4.8690e+29,9.2660e+27,5.4430e+27,2.9973e+28,0.0000e+00,97.1,1.8,1.1
56,5.0146e+29,1.4920e+29,3.4324e+29,2.1530e+27,6.8610e+27,9.2959e+28,5.6238e+28,1.8147e+29,1.6177e+29,1.0950e+27,1.0580e+27,3.4580e+27,3.4030e+27,1.2199e+12,0.0000e+00,2.7033e+12,0.0000e+00,9.9845e+10,0.0000e+00,5.7433e+09,5.7141e+09,29.8,68.4,0.4,1.4,5.0152e+29,4.8697e+29,9.2150e+27,5.3360e+27,3.0040e+28,0.0000e+00,97.1,1.8,1.1
57,4.9514e+29,1.4836e+29,3.3780e+29,2.1760e+27,6.8080e+27,9.3043e+28,5.5317e+28,1.7872e+29,1.5908e+29,1.0960e+27,1.0800e+27,3.4530e+27,3.3550e+27,1.2494e+12,0.0000e+00,2.8753e+12,0.0000e+00,9.8695e+10,0.0000e+00,5.7140e+09,5.6847e+09,30,68.2,0.4,1.4,4.9545e+29,4.8105e+29,8.9190e+27,5.4780e+27,2.9727e+28,0.0000e+00,97.1,1.8,1.1
58,4.9802e+29,1.4969e+29,3.3929e+29,2.1630e+27,6.8760e+27,9.3987e+28,5.5701e+28,1.7946e+29,1.5982e+29,1.1030e+27,1.0600e+27,3.4020e+27,3.4740e+27,1.2790e+12,0.0000e+00,2.6768e+12,0.0000e+00,9.6774e+10,0.0000e+00,5.6845e+09,5.6548e+09,30.1,68.1,0.4,1.4,4.9815e+29,4.8366e+29,9.0060e+27,5.4830e+27,2.9779e+28,0.0000e+00,97.1,1.8,1.1
59,4.9176e+29,1.4939e+29,3.3339e+29,2.1460e+27,6.8340e+27,9.4279e+28,5.5108e+28,1.7864e+29,1.5475e+29,1.0840e+27,1.0620e+27,3.4840e+27,3.3500e+27,1.3065e+12,0.0000e+00,2.9452e+12,0.0000e+00,9.5276e+10,0.0000e+00,5.6546e+09,5.6248e+09,30.4,67.8,0.4,1.4,4.9209e+29,4.7767e+29,8.9100e+27,5.5060e+27,2.9458e+28,0.0000e+00,97.1,1.8,1.1
60,4.8766e+29,1.4889e+29,3.2975e+29,2.1790e+27,6.8410e+27,9.4544e+28,5.4347e+28,1.7716e+29,1.5259e+29,1.0950e+27,1.0840e+27,3.4600e+27,3.3810e+27,1.3358e+12,0.0000e+00,2.7384e+12,0.0000e+00,9.4224e+10,0.0000e+00,5.6247e+09,5.5947e+09,30.5,67.6,0.4,1.4,4.8785e+29,4.7377e+29,8.6410e+27,5.4310e+27,2.9317e+28,0.0000e+00,97.1,1.8,1.1
61,4.8882e+29,1.4978e+29,3.3012e+29,2.0720e+27,6.8530e+27,9.5350e+28,5.4425e+28,1.7689e+29,1.5323e+29,9.9000e+26,1.0820e+27,3.4160e+27,3.4370e+27,1.3660e+12,0.0000e+00,2.9035e+12,0.0000e+00,9.3484e+10,0.0000e+00,5.5945e+09,5.5642e+09,30.6,67.5,0.4,1.4,4.8891e+29,4.7475e+29,8.7280e+27,5.4410e+27,2.9172e+28,0.0000e+00,97.1,1.8,1.1
62,4.8739e+29,1.4954e+29,3.2892e+29,2.0890e+27,6.8470e+27,9.6127e+28,5.3408e+28,1.7827e+29,1.5065e+29,1.0050e+27,1.0840e+27,3.3680e+27,3.4790e+27,1.3951e+12,0.0000e+00,2.7948e+12,0.0000e+00,9.1841e+10,0.0000e+00,5.5640e+09,5.5336e+09,30.7,67.5,0.4,1.4,4.8776e+29,4.7369e+29,8.4970e+27,5.5650e+27,2.9021e+28,0.0000e+00,97.1,1.7,1.1
63,4.8374e+29,1.4960e+29,3.2513e+29,2.1440e+27,6.8560e+27,9.6424e+28,5.3180e+28,1.7617e+29,1.4896e+29,1.0810e+27,1.0630e+27,3.4480e+27,3.4080e+27,1.4217e+12,0.0000e+00,2.8301e+12,0.0000e+00,9.1799e+10,0.0000e+00,5.5334e+09,5.5027e+09,30.9,67.2,0.4,1.4,4.8386e+29,4.6998e+29,8.5410e+27,5.3330e+27,2.8866e+28,0.0000e+00,97.1,1.8,1.1
64,4.8235e+29,1.4986e+29,3.2346e+29,2.1810e+27,6.8510e+27,9.6889e+28,5.2968e+28,1.7555e+29,1.4791e+29,1.0670e+27,1.1140e+27,3.4800e+27,3.3710e+27,1.4510e+12,0.0000e+00,2.8764e+12,0.0000e+00,1.2301e+11,0.0000e+00,5.5026e+09,5.4717e+09,31.1,67.1,0.5,1.4,4.8261e+29,4.6866e+29,8.5470e+27,5.4020e+27,2.8706e+28,0.0000e+00,97.1,1.8,1.1
65,4.8037e+29,1.5083e+29,3.2045e+29,2.2270e+27,6.8570e+27,9.7133e+28,5.3701e+28,1.6219e+29,1.5826e+29,1.2190e+27,1.0080e+27,3.4030e+27,3.4540e+27,1.4806e+12,0.0000e+00,2.8507e+12,0.0000e+00,1.2250e+11,0.0000e+00,5.4715e+09,5.4405e+09,31.4,66.7,0.5,1.4,4.8025e+29,4.6657e+29,8.2580e+27,5.4200e+27,2.8542e+28,0.0000e+00,97.2,1.7,1.1
66,4.8250e+29,1.5319e+29,3.2026e+29,2.2000e+27,6.8560e+27,9.9616e+28,5.3569e+28,1.6218e+29,1.5808e+29,1.1680e+27,1.0320e+27,3.3570e+27,3.4990e+27,1.5132e+12,0.0000e+00,2.8466e+12,0.0000e+00,1.1881e+11,0.0000e+00,5.4403e+09,5.4092e+09,31.7,66.4,0.5,1.4,4.8260e+29,4.6896e+29,8.1070e+27,5.5300e+27,2.8374e+28,0.0000e+00,97.2,1.7,1.1
67,4.8086e+29,1.5559e+29,3.1626e+29,2.1540e+27,6.8590e+27,1.0241e+29,5.3187e+28,1.6126e+29,1.5500e+29,1.1020e+27,1.0520e+27,3.4010e+27,3.4580e+27,1.5438e+12,0.0000e+00,2.7380e+12,0.0000e+00,1.1468e+11,0.0000e+00,5.4090e+09,5.3777e+09,32.4,65.8,0.4,1.4,4.8110e+29,4.6738e+29,8.2130e+27,5.5130e+27,2.8202e+28,0.0000e+00,97.1,1.7,1.1
68,4.8279e+29,1.5808e+29,3.1568e+29,2.1740e+27,6.8610e+27,1.0529e+29,5.2785e+28,1.6326e+29,1.5241e+29,1.1720e+27,1.0020e+27,3.4160e+27,3.4450e+27,1.5764e+12,0.0000e+00,2.6043e+12,0.0000e+00,1.1220e+11,0.0000e+00,5.3775e+09,5.3460e+09,32.7,65.4,0.5,1.4,4.8264e+29,4.6908e+29,8.0370e+27,5.5260e+27,2.8027e+28,0.0000e+00,97.2,1.7,1.1
69,4.8582e+29,1.6207e+29,3.1470e+29,2.1640e+27,6.8940e+27,1.0909e+29,5.2973e+28,1.6321e+29,1.5149e+29,1.1830e+27,9.8100e+26,3.4560e+27,3.4380e+27,1.6072e+12,0.0000e+00,2.5398e+12,0.0000e+00,1.1085e+11,0.0000e+00,5.3459e+09,5.3141e+09,33.4,64.8,0.4,1.4,4.8595e+29,4.7232e+29,7.9150e+27,5.7160e+27,2.8009e+28,0.0000e+00,97.2,1.6,1.2
70,4.8350e+29,1.6484e+29,3.0958e+29,2.2260e+27,6.8630e+27,1.1187e+29,5.2965e+28,1.6088e+29,1.4869e+29,1.2010e+27,1.0250e+27,3.4330e+27,3.4300e+27,1.6376e+12,0.0000e+00,2.5466e+12,0.0000e+00,1.0697e+11,0.0000e+00,5.3139e+09,5.2823e+09,34.1,64,0.5,1.4,4.8356e+29,4.6975e+29,7.9500e+27,5.8590e+27,2.7664e+28,0.0000e+00,97.1,1.6,1.2
71,4.8588e+29,1.6720e+29,3.0970e+29,2.1290e+27,6.8540e+27,1.1489e+29,5.2316e+28,1.6225e+29,1.4745e+29,1.1330e+27,9.9600e+26,3.4180e+27,3.4360e+27,1.6672e+12,0.0000e+00,2.6146e+12,0.0000e+00,1.0366e+11,0.0000e+00,5.2821e+09,5.2504e+09,34.4,63.7,0.4,1.4,4.8589e+29,4.7205e+29,8.0090e+27,5.8320e+27,2.7479e+28,0.0000e+00,97.2,1.6,1.2
72,4.9026e+29,1.7125e+29,3.0985e+29,2.2660e+27,6.8950e+27,1.1878e+29,5.2471e+28,1.6401e+29,1.4583e+29,1.2490e+27,1.0170e+27,3.4430e+27,3.4520e+27,1.6962e+12,0.0000e+00,2.6922e+12,0.0000e+00,1.0310e+11,0.0000e+00,5.2502e+09,5.2183e+09,34.9,63.2,0.5,1.4,4.9028e+29,4.7635e+29,7.9240e+27,6.0090e+27,2.7445e+28,0.0000e+00,97.2,1.6,1.2
73,4.8984e+29,1.7401e+29,3.0687e+29,2.1160e+27,6.8480e+27,1.2211e+29,5.1897e+28,1.6394e+29,1.4292e+29,1.1160e+27,1.0000e+27,3.4010e+27,3.4470e+27,1.7270e+12,0.0000e+00,2.6083e+12,0.0000e+00,1.0130e+11,0.0000e+00,5.2181e+09,5.1862e+09,35.5,62.6,0.4,1.4,4.9001e+29,4.7629e+29,7.7580e+27,5.9610e+27,2.7098e+28,0.0000e+00,97.2,1.6,1.2
74,4.9557e+29,1.7722e+29,3.0927e+29,2.1960e+27,6.8870e+27,1.2528e+29,5.1936e+28,1.6653e+29,1.4273e+29,1.1530e+27,1.0430e+27,3.3950e+27,3.4920e+27,1.7570e+12,0.0000e+00,2.9801e+12,0.0000e+00,9.8188e+10,0.0000e+00,5.1861e+09,5.1540e+09,35.8,62.4,0.4,1.4,4.9567e+29,4.8195e+29,7.8770e+27,5.8460e+27,2.7055e+28,0.0000e+00,97.2,1.6,1.2
75,4.9555e+29,1.8153e+29,3.0494e+29,2.2110e+27,6.8750e+27,1.2962e+29,5.1906e+28,1.6531e+29,1.3962e+29,1.1520e+27,1.0590e+27,3.4200e+27,3.4550e+27,1.7846e+12,0.0000e+00,2.7516e+12,0.0000e+00,9.5818e+10,0.0000e+00,5.1538e+09,5.1217e+09,36.6,61.5,0.4,1.4,4.9520e+29,4.8135e+29,7.8410e+27,6.0060e+27,2.6856e+28,0.0000e+00,97.2,1.6,1.2
76,4.9931e+29,1.8336e+29,3.0683e+29,2.2320e+27,6.8800e+27,1.3180e+29,5.1560e+28,1.6648e+29,1.4036e+29,1.1660e+27,1.0660e+27,3.4670e+27,3.4130e+27,1.8087e+12,0.0000e+00,2.5273e+12,0.0000e+00,9.4714e+10,0.0000e+00,5.1216e+09,5.0895e+09,36.7,61.5,0.4,1.4,4.9935e+29,4.8529e+29,7.7830e+27,6.2780e+27,2.6654e+28,0.0000e+00,97.2,1.6,1.3
77,5.0574e+29,1.8802e+29,3.0861e+29,2.1990e+27,6.9080e+27,1.3664e+29,5.1378e+28,1.6878e+29,1.3983e+29,1.1050e+27,1.0940e+27,3.5060e+27,3.4020e+27,1.9588e+12,0.0000e+00,2.6864e+12,0.0000e+00,9.3573e+10,0.0000e+00,5.0893e+09,5.0570e+09,37.2,61,0.4,1.4,5.0579e+29,4.9160e+29,7.9490e+27,6.2440e+27,2.6596e+28,0.0000e+00,97.2,1.6,1.2
78,5.0076e+29,1.8983e+29,3.0182e+29,2.2490e+27,6.8620e+27,1.3914e+29,5.0691e+28,1.6660e+29,1.3523e+29,1.1700e+27,1.0790e+27,3.4520e+27,3.4100e+27,2.1091e+12,0.0000e+00,2.5751e+12,0.0000e+00,9.0761e+10,0.0000e+00,5.0568e+09,5.0248e+09,37.9,60.3,0.4,1.4,5.0110e+29,4.8715e+29,7.6840e+27,6.2740e+27,2.6243e+28,0.0000e+00,97.2,1.5,1.3
79,5.0666e+29,1.9374e+29,3.0380e+29,2.2290e+27,6.8910e+27,1.4320e+29,5.0542e+28,1.6930e+29,1.3450e+29,1.1650e+27,1.0640e+27,3.4840e+27,3.4070e+27,2.2566e+12,0.0000e+00,2.7637e+12,0.0000e+00,8.8541e+10,0.0000e+00,5.0246e+09,4.9924e+09,38.2,60,0.4,1.4,5.0646e+29,4.9241e+29,7.7040e+27,6.3430e+27,2.6178e+28,0.0000e+00,97.2,1.5,1.3
80,5.1111e+29,1.9765e+29,3.0432e+29,2.2540e+27,6.8790e+27,1.4690e+29,5.0746e+28,1.7091e+29,1.3341e+29,1.1520e+27,1.1020e+27,3.4220e+27,3.4570e+27,2.3975e+12,0.0000e+00,2.4877e+12,0.0000e+00,8.7601e+10,0.0000e+00,4.9922e+09,4.9600e+09,38.7,59.5,0.4,1.3,5.1133e+29,4.9722e+29,7.7580e+27,6.3500e+27,2.5966e+28,0.0000e+00,97.2,1.5,1.2
81,5.1637e+29,2.0164e+29,3.0550e+29,2.3090e+27,6.9160e+27,1.5134e+29,5.0304e+28,1.7236e+29,1.3314e+29,1.1910e+27,1.1180e+27,3.4820e+27,3.4340e+27,2.5340e+12,0.0000e+00,2.7191e+12,0.0000e+00,8.5371e+10,0.0000e+00,4.9598e+09,4.9275e+09,39,59.2,0.4,1.3,5.1604e+29,5.0173e+29,7.8810e+27,6.4280e+27,2.5890e+28,0.0000e+00,97.2,1.5,1.2
82,5.1480e+29,2.0251e+29,3.0319e+29,2.2320e+27,6.8680e+27,1.5299e+29,4.9520e+28,1.7368e+29,1.2951e+29,1.1180e+27,1.1140e+27,3.4400e+27,3.4280e+27,2.6595e+12,0.0000e+00,2.5071e+12,0.0000e+00,8.3557e+10,0.0000e+00,4.9274e+09,4.8953e+09,39.3,58.9,0.4,1.3,5.1515e+29,5.0115e+29,7.7690e+27,6.2340e+27,2.5537e+28,0.0000e+00,97.3,1.5,1.2
83,5.1963e+29,2.0590e+29,3.0454e+29,2.2850e+27,6.8980e+27,1.5648e+29,4.9424e+28,1.7478e+29,1.2976e+29,1.1380e+27,1.1470e+27,3.5130e+27,3.3850e+27,2.7753e+12,0.0000e+00,2.3245e+12,0.0000e+00,1.0723e+11,0.0000e+00,4.8951e+09,4.8630e+09,39.6,58.6,0.4,1.3,5.1949e+29,5.0547e+29,7.7450e+27,6.2750e+27,2.5456e+28,0.0000e+00,97.3,1.5,1.2
84,5.2776e+29,2.1170e+29,3.0679e+29,2.3440e+27,6.9250e+27,1.6077e+29,5.0936e+28,1.6669e+29,1.4010e+29,1.2400e+27,1.1040e+27,3.4980e+27,3.4270e+27,2.8831e+12,0.0000e+00,2.3816e+12,0.0000e+00,1.0691e+11,0.0000e+00,4.8628e+09,4.8306e+09,40.1,58.1,0.4,1.3,5.2782e+29,5.1369e+29,7.7960e+27,6.3370e+27,2.5368e+28,0.0000e+00,97.3,1.5,1.2
85,5.3009e+29,2.1615e+29,3.0465e+29,2.4010e+27,6.8840e+27,1.6535e+29,5.0805e+28,1.6781e+29,1.3685e+29,1.3300e+27,1.0710e+27,3.4040e+27,3.4800e+27,2.9819e+12,0.0000e+00,2.3296e+12,0.0000e+00,1.0324e+11,0.0000e+00,4.8305e+09,4.7985e+09,40.8,57.5,0.5,1.3,5.2986e+29,5.1565e+29,7.7080e+27,6.5040e+27,2.5015e+28,0.0000e+00,97.3,1.5,1.2
86,5.3679e+29,2.2278e+29,3.0475e+29,2.3620e+27,6.9030e+27,1.7181e+29,5.0969e+28,1.6909e+29,1.3566e+29,1.2650e+27,1.0970e+27,3.3950e+27,3.5080e+27,3.0772e+12,0.0000e+00,2.2900e+12,0.0000e+00,1.0075e+11,0.0000e+00,4.7983e+09,4.7664e+09,41.5,56.8,0.4,1.3,5.3673e+29,5.2234e+29,7.8690e+27,6.5200e+27,2.4924e+28,0.0000e+00,97.3,1.5,1.2
87,5.4452e+29,2.2979e+29,3.0532e+29,2.4790e+27,6.9330e+27,1.7855e+29,5.1245e+28,1.7165e+29,1.3366e+29,1.3550e+27,1.1240e+27,3.3990e+27,3.5340e+27,3.1642e+12,0.0000e+00,2.4273e+12,0.0000e+00,9.8160e+10,0.0000e+00,4.7662e+09,4.7342e+09,42.2,56.1,0.5,1.3,5.4454e+29,5.2998e+29,7.8800e+27,6.6780e+27,2.4826e+28,0.0000e+00,97.3,1.4,1.2
88,5.4384e+29,2.3297e+29,3.0158e+29,2.3970e+27,6.8860e+27,1.8276e+29,5.0212e+28,1.6979e+29,1.3179e+29,1.2660e+27,1.1310e+27,3.4900e+27,3.3960e+27,3.2417e+12,0.0000e+00,2.7069e+12,0.0000e+00,9.6555e+10,0.0000e+00,4.7340e+09,4.7023e+09,42.8,55.5,0.4,1.3,5.4411e+29,5.2958e+29,7.7760e+27,6.7590e+27,2.4475e+28,0.0000e+00,97.3,1.4,1.2
89,5.5097e+29,2.4096e+29,3.0061e+29,2.4560e+27,6.9350e+27,1.9039e+29,5.0575e+28,1.7219e+29,1.2842e+29,1.3580e+27,1.0980e+27,3.5040e+27,3.4310e+27,3.3070e+12,0.0000e+00,2.7462e+12,0.0000e+00,9.4149e+10,0.0000e+00,4.7022e+09,4.6703e+09,43.7,54.6,0.4,1.3,5.5076e+29,5.3611e+29,8.0310e+27,6.6170e+27,2.4497e+28,0.0000e+00,97.3,1.5,1.2
90,5.5648e+29,2.4472e+29,3.0245e+29,2.4060e+27,6.9050e+27,1.9480e+29,4.9914e+28,1.7518e+29,1.2728e+29,1.2780e+27,1.1280e+27,3.4460e+27,3.4590e+27,3.3622e+12,0.0000e+00,2.4701e+12,0.0000e+00,9.2591e+10,0.0000e+00,4.6701e+09,4.6386e+09,44,54.4,0.4,1.2,5.5636e+29,5.4180e+29,7.8680e+27,6.6920e+27,2.4147e+28,0.0000e+00,97.4,1.4,1.2
91,5.6741e+29,2.5183e+29,3.0621e+29,2.4480e+27,6.9080e+27,2.0143e+29,5.0406e+28,1.8066e+29,1.2556e+29,1.3370e+27,1.1110e+27,3.4640e+27,3.4440e+27,3.4103e+12,0.0000e+00,2.5216e+12,0.0000e+00,8.9558e+10,0.0000e+00,4.6384e+09,4.6069e+09,44.4,54,0.4,1.2,5.6720e+29,5.5244e+29,8.0110e+27,6.7490e+27,2.4041e+28,0.0000e+00,97.4,1.4,1.2
92,5.7620e+29,2.5821e+29,3.0857e+29,2.4950e+27,6.9310e+27,2.0799e+29,5.0211e+28,1.8395e+29,1.2462e+29,1.3150e+27,1.1800e+27,3.5220e+27,3.4090e+27,3.4368e+12,0.0000e+00,2.3663e+12,0.0000e+00,8.7597e+10,0.0000e+00,4.6067e+09,4.5752e+09,44.8,53.6,0.4,1.2,5.7632e+29,5.6105e+29,8.3190e+27,6.9490e+27,2.3930e+28,0.0000e+00,97.4,1.4,1.2
93,5.8121e+29,2.6243e+29,3.0931e+29,2.5400e+27,6.9250e+27,2.1241e+29,5.0022e+28,1.8694e+29,1.2237e+29,1.3410e+27,1.1990e+27,3.4300e+27,3.4950e+27,3.4543e+12,0.0000e+00,2.3322e+12,0.0000e+00,8.7629e+10,0.0000e+00,4.5751e+09,4.5438e+09,45.2,53.2,0.4,1.2,5.8099e+29,5.6625e+29,8.0400e+27,6.7020e+27,2.3700e+28,0.0000e+00,97.5,1.4,1.2
94,5.8540e+29,2.6674e+29,3.0932e+29,2.4420e+27,6.9040e+27,2.1757e+29,4.9177e+28,1.8998e+29,1.1934e+29,1.3030e+27,1.1390e+27,3.5160e+27,3.3880e+27,3.4685e+12,0.0000e+00,2.1832e+12,0.0000e+00,8.6266e+10,0.0000e+00,4.5437e+09,4.5126e+09,45.6,52.8,0.4,1.2,5.8544e+29,5.7053e+29,8.1050e+27,6.8020e+27,2.3470e+28,0.0000e+00,97.5,1.4,1.2
95,5.9535e+29,2.7287e+29,3.1301e+29,2.5340e+27,6.9350e+27,2.2394e+29,4.8930e+28,1.9487e+29,1.1813e+29,1.3800e+27,1.1540e+27,3.4710e+27,3.4640e+27,3.4742e+12,0.0000e+00,2.2528e+12,0.0000e+00,8.4295e+10,0.0000e+00,4.5124e+09,4.4814e+09,45.8,52.6,0.4,1.2,5.9522e+29,5.8037e+29,8.0930e+27,6.7580e+27,2.3355e+28,0.0000e+00,97.5,1.4,1.1
96,6.0160e+29,2.7801e+29,3.1406e+29,2.6100e+27,6.9210e+27,2.2748e+29,5.0535e+28,1.8720e+29,1.2686e+29,1.4110e+27,1.1990e+27,3.4450e+27,3.4760e+27,3.4824e+12,0.0000e+00,2.7728e+12,0.0000e+00,1.1214e+11,0.0000e+00,4.4813e+09,4.4505e+09,46.2,52.2,0.4,1.2,6.0163e+29,5.8663e+29,8.2120e+27,6.7840e+27,2.3125e+28,0.0000e+00,97.5,1.4,1.1
97,6.1105e+29,2.8645e+29,3.1506e+29,2.6000e+27,6.9350e+27,2.3537e+29,5.1083e+28,1.8882e+29,1.2624e+29,1.4730e+27,1.1270e+27,3.5080e+27,3.4270e+27,3.4986e+12,0.0000e+00,2.4909e+12,0.0000e+00,1.0875e+11,0.0000e+00,4.4504e+09,4.4197e+09,46.9,51.6,0.4,1.1,6.1095e+29,5.9596e+29,8.2000e+27,6.7910e+27,2.3006e+28,0.0000e+00,97.5,1.3,1.1
98,6.1872e+29,2.9378e+29,3.1532e+29,2.6680e+27,6.9550e+27,2.4282e+29,5.0954e+28,1.9103e+29,1.2429e+29,1.4450e+27,1.2230e+27,3.4960e+27,3.4590e+27,3.5031e+12,0.0000e+00,2.5424e+12,0.0000e+00,1.0524e+11,0.0000e+00,4.4195e+09,4.3890e+09,47.5,51,0.4,1.1,6.1859e+29,6.0332e+29,8.3970e+27,6.8730e+27,2.2883e+28,0.0000e+00,97.5,1.4,1.1
99,6.2412e+29,3.0059e+29,3.1390e+29,2.7070e+27,6.9290e+27,2.5010e+29,5.0487e+28,1.9187e+29,1.2202e+29,1.5300e+27,1.1770e+27,3.5280e+27,3.4010e+27,3.5081e+12,0.0000e+00,2.1705e+12,0.0000e+00,1.0386e+11,0.0000e+00,4.3888e+09,4.3585e+09,48.2,50.3,0.4,1.1,6.2409e+29,6.0876e+29,8.4080e+27,6.9160e+27,2.2652e+28,0.0000e+00,97.5,1.3,1.1
100,6.3294e+29,3.0788e+29,3.1550e+29,2.6340e+27,6.9260e+27,2.5745e+29,5.0429e+28,1.9602e+29,1.1948e+29,1.4450e+27,1.1890e+27,3.4270e+27,3.4990e+27,3.5053e+12,0.0000e+00,2.4395e+12,0.0000e+00,1.0068e+11,0.0000e+00,4.3584e+09,4.3283e+09,48.6,49.8,0.4,1.1,6.3265e+29,6.1744e+29,8.4890e+27,6.7250e+27,2.2423e+28,0.0000e+00,97.6,1.3,1.1
101,6.4091e+29,3.1582e+29,3.1536e+29,2.7720e+27,6.9590e+27,2.6546e+29,5.0361e+28,1.9889e+29,1.1647e+29,1.4870e+27,1.2850e+27,3.4850e+27,3.4740e+27,3.4993e+12,0.0000e+00,2.1374e+12,0.0000e+00,9.7746e+10,0.0000e+00,4.3282e+09,4.2983e+09,49.3,49.2,0.4,1.1,6.4101e+29,6.2557e+29,8.5970e+27,6.8470e+27,2.2299e+28,0.0000e+00,97.6,1.3,1.1
102,6.5314e+29,3.2328e+29,3.2022e+29,2.6970e+27,6.9500e+27,2.7318e+29,5.0091e+28,2.0477e+29,1.1545e+29,1.4710e+27,1.2260e+27,3.5180e+27,3.4320e+27,3.4875e+12,0.0000e+00,2.2529e+12,0.0000e+00,9.6029e+10,0.0000e+00,4.2982e+09,4.2684e+09,49.5,49,0.4,1.1,6.5283e+29,6.3735e+29,8.7080e+27,6.7700e+27,2.2173e+28,0.0000e+00,97.6,1.3,1
103,6.6567e+29,3.3155e+29,3.2440e+29,2.7740e+27,6.9530e+27,2.8147e+29,5.0079e+28,2.1005e+29,1.1435e+29,1.5050e+27,1.2690e+27,3.4450e+27,3.5080e+27,3.4588e+12,0.0000e+00,2.2041e+12,0.0000e+00,9.3787e+10,0.0000e+00,4.2683e+09,4.2387e+09,49.8,48.7,0.4,1,6.6562e+29,6.4972e+29,8.9530e+27,6.9530e+27,2.2045e+28,0.0000e+00,97.6,1.3,1
104,6.7103e+29,3.3555e+29,3.2577e+29,2.7870e+27,6.9150e+27,2.8590e+29,4.9651e+28,2.1441e+29,1.1136e+29,1.5370e+27,1.2500e+27,3.4270e+27,3.4880e+27,3.4569e+12,0.0000e+00,2.0951e+12,0.0000e+00,9.2338e+10,0.0000e+00,4.2386e+09,4.2094e+09,50,48.5,0.4,1,6.7103e+29,6.5552e+29,8.8590e+27,6.6450e+27,2.1718e+28,0.0000e+00,97.7,1.3,1
105,6.8576e+29,3.4387e+29,3.3203e+29,2.8920e+27,6.9680e+27,2.9399e+29,4.9888e+28,2.1960e+29,1.1243e+29,1.6330e+27,1.2590e+27,3.4760e+27,3.4920e+27,3.4527e+12,0.0000e+00,2.1116e+12,0.0000e+00,1.2369e+11,0.0000e+00,4.2093e+09,4.1802e+09,50.1,48.4,0.4,1,6.8552e+29,6.6996e+29,8.9030e+27,6.6570e+27,2.1688e+28,0.0000e+00,97.7,1.3,1
106,6.9795e+29,3.5169e+29,3.3643e+29,2.8680e+27,6.9550e+27,3.0026e+29,5.1430e+28,2.1812e+29,1.1831e+29,1.6560e+27,1.2120e+27,3.5220e+27,3.4330e+27,3.4408e+12,0.0000e+00,2.3321e+12,0.0000e+00,1.2207e+11,0.0000e+00,4.1801e+09,4.1513e+09,50.4,48.2,0.4,1,6.9801e+29,6.8191e+29,9.2750e+27,6.8230e+27,2.1462e+28,0.0000e+00,97.7,1.3,1
107,7.1302e+29,3.6150e+29,3.4149e+29,3.0640e+27,6.9660e+27,3.0962e+29,5.1879e+28,2.2531e+29,1.1618e+29,1.7450e+27,1.3190e+27,3.4710e+27,3.4950e+27,3.4208e+12,0.0000e+00,2.2975e+12,0.0000e+00,1.1934e+11,0.0000e+00,4.1512e+09,4.1226e+09,50.7,47.9,0.4,1,7.1283e+29,6.9699e+29,9.1610e+27,6.6790e+27,2.1333e+28,0.0000e+00,97.8,1.3,0.9
108,7.2116e+29,3.6844e+29,3.4276e+29,3.0180e+27,6.9470e+27,3.1650e+29,5.1934e+28,2.2846e+29,1.1430e+29,1.7680e+27,1.2500e+27,3.5220e+27,3.4250e+27,3.4125e+12,0.0000e+00,2.3311e+12,0.0000e+00,1.1685e+11,0.0000e+00,4.1225e+09,4.0942e+09,51.1,47.5,0.4,1,7.2081e+29,7.0502e+29,8.9700e+27,6.8230e+27,2.1110e+28,0.0000e+00,97.8,1.2,0.9
109,7.3364e+29,3.7971e+29,3.4380e+29,3.1340e+27,7.0010e+27,3.2786e+29,5.1845e+28,2.3175e+29,1.1205e+29,1.8020e+27,1.3320e+27,3.5810e+27,3.4200e+27,3.4286e+12,0.0000e+00,2.2523e+12,0.0000e+00,1.1604e+11,0.0000e+00,4.0941e+09,4.0660e+09,51.8,46.9,0.4,1,7.3361e+29,7.1753e+29,9.4320e+27,6.6470e+27,2.1073e+28,0.0000e+00,97.8,1.3,0.9
110,7.3861e+29,3.8582e+29,3.4284e+29,3.0160e+27,6.9370e+27,3.3457e+29,5.1249e+28,2.3347e+29,1.0937e+29,1.7020e+27,1.3140e+27,3.4830e+27,3.4540e+27,3.4451e+12,0.0000e+00,2.4034e+12,0.0000e+00,1.1397e+11,0.0000e+00,4.0658e+09,4.0382e+09,52.2,46.4,0.4,0.9,7.3869e+29,7.2254e+29,9.5600e+27,6.5930e+27,2.0761e+28,0.0000e+00,97.8,1.3,0.9
111,7.5266e+29,3.9578e+29,3.4685e+29,3.0350e+27,6.9840e+27,3.4452e+29,5.1267e+28,2.3964e+29,1.0721e+29,1.7290e+27,1.3060e+27,3.4550e+27,3.5290e+27,3.4565e+12,0.0000e+00,2.1686e+12,0.0000e+00,1.1291e+11,0.0000e+00,4.0381e+09,4.0105e+09,52.6,46.1,0.4,0.9,7.5234e+29,7.3610e+29,9.7330e+27,6.5080e+27,2.0723e+28,0.0000e+00,97.8,1.3,0.9
112,7.6439e+29,4.0286e+29,3.5143e+29,3.1290e+27,6.9690e+27,3.5181e+29,5.1051e+28,2.4586e+29,1.0557e+29,1.7820e+27,1.3470e+27,3.4950e+27,3.4740e+27,3.4559e+12,0.0000e+00,2.1299e+12,0.0000e+00,1.1125e+11,0.0000e+00,4.0104e+09,3.9832e+09,52.7,46,0.4,0.9,7.6417e+29,7.4800e+29,9.6680e+27,6.4990e+27,2.0505e+28,0.0000e+00,97.9,1.3,0.9
113,7.7933e+29,4.1127e+29,3.5776e+29,3.3200e+27,6.9790e+27,3.6000e+29,5.1263e+28,2.5121e+29,1.0655e+29,1.9430e+27,1.3770e+27,3.4540e+27,3.5250e+27,3.4539e+12,0.0000e+00,2.5967e+12,0.0000e+00,1.4601e+11,0.0000e+00,3.9831e+09,3.9561e+09,52.8,45.9,0.4,0.9,7.7906e+29,7.6260e+29,1.0011e+28,6.4510e+27,2.0377e+28,0.0000e+00,97.9,1.3,0.8
114,7.9594e+29,4.1935e+29,3.6620e+29,3.4380e+27,6.9520e+27,3.6575e+29,5.3598e+28,2.5357e+29,1.1263e+29,2.1050e+27,1.3330e+27,3.5060e+27,3.4460e+27,3.4420e+12,0.0000e+00,2.4250e+12,0.0000e+00,1.4521e+11,0.0000e+00,3.9560e+09,3.9294e+09,52.7,46,0.4,0.9,7.9599e+29,7.7954e+29,1.0068e+28,6.3860e+27,2.0164e+28,0.0000e+00,97.9,1.3,0.8
115,8.1543e+29,4.3092e+29,3.7394e+29,3.5850e+27,6.9820e+27,3.7734e+29,5.3578e+28,2.6356e+29,1.1038e+29,2.1670e+27,1.4180e+27,3.4610e+27,3.5210e+27,3.4220e+12,0.0000e+00,2.6123e+12,0.0000e+00,1.4209e+11,0.0000e+00,3.9293e+09,3.9030e+09,52.8,45.9,0.4,0.9,8.1501e+29,7.9855e+29,1.0142e+28,6.3160e+27,2.0038e+28,0.0000e+00,98,1.2,0.8
116,8.3221e+29,4.4068e+29,3.8105e+29,3.4970e+27,6.9810e+27,3.8708e+29,5.3604e+28,2.7233e+29,1.0873e+29,2.1430e+27,1.3540e+27,3.5340e+27,3.4470e+27,3.4022e+12,0.0000e+00,2.8543e+12,0.0000e+00,1.4001e+11,0.0000e+00,3.9029e+09,3.8768e+09,53,45.8,0.4,0.8,8.3202e+29,8.1505e+29,1.0444e+28,6.5240e+27,1.9912e+28,0.0000e+00,98,1.3,0.8
117,8.4609e+29,4.5083e+29,3.8467e+29,3.5940e+27,6.9960e+27,3.9728e+29,5.3556e+28,2.7825e+29,1.0641e+29,2.1640e+27,1.4300e+27,3.4290e+27,3.5670e+27,3.3897e+12,0.0000e+00,2.6640e+12,0.0000e+00,1.3788e+11,0.0000e+00,3.8767e+09,3.8510e+09,53.3,45.5,0.4,0.8,8.4584e+29,8.2893e+29,1.0599e+28,6.3150e+27,1.9786e+28,0.0000e+00,98,1.3,0.7
118,8.5434e+29,4.5887e+29,3.8500e+29,3.5120e+27,6.9670e+27,4.0629e+29,5.2579e+28,2.8036e+29,1.0464e+29,2.0820e+27,1.4300e+27,3.4760e+27,3.4910e+27,3.3727e+12,0.0000e+00,2.8248e+12,0.0000e+00,1.3657e+11,0.0000e+00,3.8509e+09,3.8255e+09,53.7,45.1,0.4,0.8,8.5430e+29,8.3731e+29,1.0704e+28,6.2900e+27,1.9581e+28,0.0000e+00,98,1.3,0.7
119,8.6709e+29,4.6839e+29,3.8821e+29,3.5130e+27,6.9880e+27,4.1564e+29,5.2742e+28,2.8636e+29,1.0185e+29,2.0960e+27,1.4170e+27,3.4930e+27,3.4950e+27,3.3862e+12,0.0000e+00,2.6295e+12,0.0000e+00,1.3378e+11,0.0000e+00,3.8254e+09,3.8003e+09,54,44.8,0.4,0.8,8.6714e+29,8.5041e+29,1.0539e+28,6.1920e+27,1.9459e+28,0.0000e+00,98.1,1.2,0.7
120,8.8389e+29,4.7826e+29,3.9488e+29,3.7610e+27,6.9950e+27,4.2482e+29,5.3437e+28,2.9177e+29,1.0311e+29,2.3140e+27,1.4470e+27,3.4920e+27,3.5030e+27,3.4108e+12,0.0000e+00,2.7231e+12,0.0000e+00,1.6901e+11,0.0000e+00,3.8002e+09,3.7754e+09,54.1,44.7,0.4,0.8,8.8338e+29,8.6633e+29,1.0884e+28,6.1720e+27,1.9337e+28,0.0000e+00,98.1,1.2,0.7
121,8.9997e+29,4.8654e+29,4.0236e+29,4.0970e+27,6.9740e+27,4.3088e+29,5.5655e+28,2.9348e+29,1.0888e+29,2.6120e+27,1.4850e+27,3.5020e+27,3.4720e+27,3.4214e+12,0.0000e+00,2.9848e+12,0.0000e+00,1.6826e+11,0.0000e+00,3.7753e+09,3.7509e+09,54.1,44.7,0.5,0.8,8.9991e+29,8.8281e+29,1.1061e+28,6.0460e+27,1.9139e+28,0.0000e+00,98.1,1.2,0.7
122,9.2379e+29,4.9855e+29,4.1414e+29,4.0950e+27,6.9960e+27,4.4267e+29,5.5882e+28,3.0703e+29,1.0712e+29,2.6580e+27,1.4370e+27,3.5180e+27,3.4780e+27,3.4320e+12,0.0000e+00,2.8090e+12,0.0000e+00,1.6407e+11,0.0000e+00,3.7508e+09,3.7268e+09,54,44.8,0.4,0.8,9.2334e+29,9.0614e+29,1.1136e+28,6.0730e+27,1.9021e+28,0.0000e+00,98.1,1.2,0.7
123,9.4725e+29,5.0951e+29,4.2647e+29,4.2640e+27,7.0110e+27,4.5365e+29,5.5853e+28,3.2044e+29,1.0603e+29,2.7010e+27,1.5630e+27,3.5840e+27,3.4270e+27,3.4350e+12,0.0000e+00,3.0312e+12,0.0000e+00,1.6223e+11,0.0000e+00,3.7267e+09,3.7029e+09,53.8,45,0.5,0.7,9.4708e+29,9.2957e+29,1.1505e+28,6.0030e+27,1.8904e+28,0.0000e+00,98.2,1.2,0.6
124,9.6491e+29,5.2106e+29,4.3266e+29,4.1740e+27,7.0160e+27,4.6556e+29,5.5497e+28,3.2973e+29,1.0293e+29,2.6730e+27,1.5010e+27,3.4710e+27,3.5450e+27,3.4350e+12,0.0000e+00,2.9867e+12,0.0000e+00,1.6051e+11,0.0000e+00,3.7028e+09,3.6794e+09,54,44.8,0.4,0.7,9.6482e+29,9.4741e+29,1.1490e+28,5.9240e+27,1.8788e+28,0.0000e+00,98.2,1.2,0.6
125,9.7454e+29,5.2898e+29,4.3429e+29,4.2690e+27,6.9970e+27,4.7391e+29,5.5075e+28,3.3319e+29,1.0109e+29,2.6830e+27,1.5860e+27,3.4460e+27,3.5510e+27,3.4326e+12,0.0000e+00,2.9524e+12,0.0000e+00,1.5839e+11,0.0000e+00,3.6793e+09,3.6563e+09,54.3,44.6,0.4,0.7,9.7429e+29,9.5670e+29,1.1752e+28,5.8420e+27,1.8601e+28,0.0000e+00,98.2,1.2,0.6
126,9.9111e+29,5.3944e+29,4.4031e+29,4.3590e+27,7.0070e+27,4.8499e+29,5.4453e+28,3.4214e+29,9.8170e+28,2.7920e+27,1.5670e+27,3.4730e+27,3.5340e+27,3.4162e+12,0.0000e+00,3.0676e+12,0.0000e+00,1.5522e+11,0.0000e+00,3.6562e+09,3.6335e+09,54.4,44.4,0.4,0.7,9.9101e+29,9.7326e+29,1.1945e+28,5.8080e+27,1.8490e+28,0.0000e+00,98.2,1.2,0.6
127,1.0064e+30,5.4853e+29,4.4609e+29,4.8400e+27,6.9890e+27,4.9065e+29,5.7882e+28,3.3921e+29,1.0688e+29,3.2630e+27,1.5770e+27,3.4770e+27,3.5120e+27,3.4092e+12,0.0000e+00,3.0717e+12,0.0000e+00,2.0745e+11,0.0000e+00,3.6334e+09,3.6111e+09,54.5,44.3,0.5,0.7,1.0058e+30,9.8793e+29,1.2070e+28,5.8350e+27,1.8309e+28,0.0000e+00,98.2,1.2,0.6
128,1.0347e+30,5.6184e+29,4.6080e+29,5.0940e+27,7.0090e+27,5.0344e+29,5.8409e+28,3.5400e+29,1.0679e+29,3.4900e+27,1.6040e+27,3.5360e+27,3.4730e+27,3.3937e+12,0.0000e+00,2.9453e+12,0.0000e+00,2.0333e+11,0.0000e+00,3.6111e+09,3.5891e+09,54.3,44.5,0.5,0.7,1.0346e+30,1.0165e+30,1.2265e+28,5.8240e+27,1.8203e+28,0.0000e+00,98.3,1.2,0.6
129,1.0588e+30,5.7305e+29,4.7354e+29,5.1550e+27,7.0150e+27,5.1457e+29,5.8478e+28,3.6826e+29,1.0528e+29,3.4970e+27,1.6580e+27,3.5610e+27,3.4540e+27,3.3755e+12,0.0000e+00,3.0844e+12,0.0000e+00,1.9992e+11,0.0000e+00,3.5890e+09,3.5675e+09,54.1,44.7,0.5,0.7,1.0584e+30,1.0403e+30,1.2498e+28,5.6940e+27,1.8098e+28,0.0000e+00,98.3,1.2,0.5
130,1.0830e+30,5.8560e+29,4.8528e+29,5.0940e+27,7.0210e+27,5.2724e+29,5.8358e+28,3.8162e+29,1.0366e+29,3.4440e+27,1.6500e+27,3.5420e+27,3.4790e+27,3.3735e+12,0.0000e+00,3.0388e+12,0.0000e+00,1.9616e+11,0.0000e+00,3.5674e+09,3.5461e+09,54.1,44.8,0.5,0.6,1.0823e+30,1.0637e+30,1.2949e+28,5.6450e+27,1.7995e+28,0.0000e+00,98.3,1.2,0.5
131,1.0984e+30,5.9389e+29,4.9229e+29,5.1960e+27,6.9990e+27,5.3590e+29,5.7995e+28,3.9091e+29,1.0138e+29,3.3840e+27,1.8120e+27,3.5690e+27,3.4300e+27,3.3756e+12,0.0000e+00,3.1233e+12,0.0000e+00,1.9349e+11,0.0000e+00,3.5461e+09,3.5253e+09,54.1,44.8,0.5,0.6,1.0984e+30,1.0799e+30,1.2967e+28,5.5370e+27,1.7827e+28,0.0000e+00,98.3,1.2,0.5
132,1.1155e+30,6.0624e+29,4.9685e+29,5.3480e+27,7.0160e+27,5.4721e+29,5.9031e+28,3.9596e+29,1.0089e+29,3.6330e+27,1.7150e+27,3.5450e+27,3.4710e+27,3.3924e+12,0.0000e+00,3.6125e+12,0.0000e+00,2.6189e+11,0.0000e+00,3.5252e+09,3.5047e+09,54.3,44.5,0.5,0.6,1.1151e+30,1.0967e+30,1.2979e+28,5.3800e+27,1.7729e+28,0.0000e+00,98.4,1.2,0.5
133,1.1420e+30,6.1853e+29,5.1039e+29,6.0540e+27,7.0210e+27,5.5644e+29,6.2088e+28,4.0047e+29,1.0992e+29,4.2800e+27,1.7740e+27,3.5780e+27,3.4430e+27,3.4003e+12,0.0000e+00,3.5260e+12,0.0000e+00,2.6067e+11,0.0000e+00,3.5046e+09,3.4845e+09,54.2,44.7,0.5,0.6,1.1418e+30,1.1230e+30,1.3453e+28,5.3370e+27,1.7633e+28,0.0000e+00,98.4,1.2,0.5
134,1.1676e+30,6.3021e+29,5.2416e+29,6.1680e+27,7.0130e+27,5.6816e+29,6.2048e+28,4.1653e+29,1.0764e+29,4.3630e+27,1.8050e+27,3.5190e+27,3.4940e+27,3.4050e+12,0.0000e+00,3.4902e+12,0.0000e+00,2.5464e+11,0.0000e+00,3.4845e+09,3.4648e+09,54,44.9,0.5,0.6,1.1674e+30,1.1486e+30,1.3415e+28,5.4070e+27,1.7475e+28,0.0000e+00,98.4,1.1,0.5
135,1.1927e+30,6.4050e+29,5.3898e+29,6.2320e+27,6.9930e+27,5.7838e+29,6.2117e+28,4.3306e+29,1.0591e+29,4.3390e+27,1.8930e+27,3.4540e+27,3.5390e+27,3.4027e+12,0.0000e+00,3.6128e+12,0.0000e+00,2.5007e+11,0.0000e+00,3.4647e+09,3.4455e+09,53.7,45.2,0.5,0.6,1.1921e+30,1.1730e+30,1.3800e+28,5.3030e+27,1.7322e+28,0.0000e+00,98.4,1.2,0.4
136,1.2236e+30,6.5574e+29,5.5438e+29,6.4340e+27,7.0510e+27,5.9370e+29,6.2041e+28,4.4920e+29,1.0518e+29,4.5010e+27,1.9330e+27,3.4950e+27,3.5560e+27,3.3884e+12,0.0000e+00,3.5073e+12,0.0000e+00,2.4404e+11,0.0000e+00,3.4454e+09,3.4265e+09,53.6,45.3,0.5,0.6,1.2233e+30,1.2037e+30,1.4466e+28,5.2060e+27,1.7299e+28,0.0000e+00,98.4,1.2,0.4
137,1.2453e+30,6.6627e+29,5.6552e+29,6.4860e+27,7.0180e+27,6.0416e+29,6.2109e+28,4.6225e+29,1.0327e+29,4.5430e+27,1.9430e+27,3.4950e+27,3.5230e+27,3.3661e+12,0.0000e+00,3.7033e+12,0.0000e+00,2.3827e+11,0.0000e+00,3.4264e+09,3.4079e+09,53.5,45.4,0.5,0.6,1.2449e+30,1.2252e+30,1.4513e+28,5.1050e+27,1.7151e+28,0.0000e+00,98.4,1.2,0.4
138,1.2672e+30,6.7629e+29,5.7645e+29,7.4590e+27,7.0190e+27,6.1039e+29,6.5903e+28,4.6520e+29,1.1124e+29,5.4590e+27,2.0000e+27,3.4880e+27,3.5310e+27,3.3344e+12,0.0000e+00,3.8368e+12,0.0000e+00,3.3267e+11,0.0000e+00,3.4079e+09,3.3898e+09,53.4,45.5,0.6,0.6,1.2666e+30,1.2466e+30,1.4887e+28,5.1170e+27,1.7009e+28,0.0000e+00,98.4,1.2,0.4
139,1.2993e+30,6.9189e+29,5.9253e+29,7.8730e+27,7.0300e+27,6.2424e+29,6.7651e+28,4.7831e+29,1.1422e+29,5.7340e+27,2.1390e+27,3.5630e+27,3.4670e+27,3.3260e+12,0.0000e+00,3.6299e+12,0.0000e+00,3.2168e+11,0.0000e+00,3.3897e+09,3.3721e+09,53.3,45.6,0.6,0.5,1.2988e+30,1.2784e+30,1.5157e+28,5.2070e+27,1.6931e+28,0.0000e+00,98.4,1.2,0.4
140,1.3352e+30,7.0678e+29,6.1358e+29,7.8490e+27,7.0410e+27,6.3855e+29,6.8223e+28,5.0067e+29,1.1291e+29,5.7020e+27,2.1470e+27,3.5290e+27,3.5120e+27,3.3298e+12,0.0000e+00,3.8722e+12,0.0000e+00,3.1538e+11,0.0000e+00,3.3720e+09,3.3547e+09,52.9,46,0.6,0.5,1.3352e+30,1.3146e+30,1.5454e+28,5.1200e+27,1.6856e+28,0.0000e+00,98.5,1.2,0.4
141,1.3610e+30,7.1755e+29,6.2846e+29,7.9410e+27,7.0330e+27,6.4989e+29,6.7653e+28,5.1776e+29,1.1070e+29,5.7420e+27,2.1990e+27,3.5850e+27,3.4480e+27,3.3277e+12,0.0000e+00,3.9538e+12,0.0000e+00,3.0605e+11,0.0000e+00,3.3546e+09,3.3378e+09,52.7,46.2,0.6,0.5,1.3604e+30,1.3398e+30,1.5637e+28,4.9110e+27,1.6724e+28,0.0000e+00,98.5,1.1,0.4
142,1.3872e+30,7.2936e+29,6.4257e+29,8.2010e+27,7.0270e+27,6.6179e+29,6.7573e+28,5.3465e+29,1.0792e+29,5.8850e+27,2.3160e+27,3.5110e+27,3.5160e+27,3.3247e+12,0.0000e+00,4.1058e+12,0.0000e+00,2.9927e+11,0.0000e+00,3.3377e+09,3.3213e+09,52.6,46.3,0.6,0.5,1.3866e+30,1.3658e+30,1.6005e+28,4.7610e+27,1.6597e+28,0.0000e+00,98.5,1.2,0.3
143,1.4191e+30,7.4353e+29,6.5915e+29,9.4290e+27,7.0400e+27,6.7085e+29,7.2678e+28,5.3930e+29,1.1985e+29,6.9890e+27,2.4400e+27,3.6000e+27,3.4400e+27,3.3248e+12,0.0000e+00,4.2936e+12,0.0000e+00,4.5586e+11,0.0000e+00,3.3212e+09,3.3052e+09,52.4,46.4,0.7,0.5,1.4186e+30,1.3974e+30,1.6248e+28,4.8980e+27,1.6532e+28,0.0000e+00,98.5,1.1,0.3
144,1.4568e+30,7.5939e+29,6.8021e+29,1.0094e+28,7.0520e+27,6.8453e+29,7.4859e+28,5.5726e+29,1.2295e+29,7.6020e+27,2.4920e+27,3.5110e+27,3.5410e+27,3.3208e+12,0.0000e+00,4.1887e+12,0.0000e+00,4.4278e+11,0.0000e+00,3.3051e+09,3.2895e+09,52.1,46.7,0.7,0.5,1.4561e+30,1.4346e+30,1.6630e+28,4.9080e+27,1.6470e+28,0.0000e+00,98.5,1.1,0.3
145,1.4882e+30,7.7258e+29,6.9861e+29,9.9880e+27,7.0370e+27,6.9738e+29,7.5206e+28,5.7733e+29,1.2129e+29,7.4290e+27,2.5590e+27,3.4930e+27,3.5440e+27,3.3193e+12,0.0000e+00,4.2542e+12,0.0000e+00,4.2550e+11,0.0000e+00,3.2894e+09,3.2742e+09,51.9,46.9,0.7,0.5,1.4878e+30,1.4656e+30,1.7397e+28,4.7850e+27,1.6354e+28,0.0000e+00,98.5,1.2,0.3
146,1.5266e+30,7.8594e+29,7.2369e+29,9.9230e+27,7.0300e+27,7.1077e+29,7.5172e+28,6.0263e+29,1.2106e+29,7.3980e+27,2.5250e+27,3.5030e+27,3.5270e+27,3.3117e+12,0.0000e+00,4.1990e+12,0.0000e+00,4.1072e+11,0.0000e+00,3.2741e+09,3.2594e+09,51.5,47.4,0.7,0.5,1.5256e+30,1.5032e+30,1.7624e+28,4.7000e+27,1.6243e+28,0.0000e+00,98.5,1.2,0.3
147,1.5684e+30,8.0219e+29,7.4875e+29,1.0401e+28,7.0660e+27,7.2624e+29,7.5955e+28,6.2735e+29,1.2140e+29,7.7070e+27,2.6940e+27,3.5460e+27,3.5200e+27,3.2990e+12,0.0000e+00,4.5626e+12,0.0000e+00,3.9472e+11,0.0000e+00,3.2593e+09,3.2449e+09,51.1,47.7,0.7,0.5,1.5683e+30,1.5455e+30,1.8218e+28,4.5560e+27,1.6192e+28,0.0000e+00,98.5,1.2,0.3
148,1.6000e+30,8.1457e+29,7.6583e+29,1.2591e+28,7.0480e+27,7.3037e+29,8.4206e+28,6.2677e+29,1.3906e+29,9.6520e+27,2.9390e+27,3.4890e+27,3.5590e+27,3.2674e+12,0.0000e+00,4.4560e+12,0.0000e+00,5.6722e+11,0.0000e+00,3.2449e+09,3.2309e+09,50.9,47.9,0.8,0.4,1.5992e+30,1.5759e+30,1.8410e+28,4.8990e+27,1.6089e+28,0.0000e+00,98.5,1.2,0.3
149,1.6366e+30,8.2963e+29,7.8731e+29,1.2617e+28,7.0490e+27,7.4439e+29,8.5242e+28,6.4747e+29,1.3984e+29,9.6020e+27,3.0150e+27,3.4800e+27,3.5690e+27,3.2313e+12,0.0000e+00,4.3483e+12,0.0000e+00,5.4031e+11,0.0000e+00,3.2309e+09,3.2174e+09,50.7,48.1,0.8,0.4,1.6360e+30,1.6122e+30,1.9213e+28,4.6390e+27,1.5990e+28,0.0000e+00,98.5,1.2,0.3
150,1.6765e+30,8.4468e+29,8.1204e+29,1.2717e+28,7.0380e+27,7.5832e+29,8.6367e+28,6.7336e+29,1.3867e+29,9.5920e+27,3.1250e+27,3.4730e+27,3.5650e+27,3.2270e+12,0.0000e+00,4.4810e+12,0.0000e+00,5.1613e+11,0.0000e+00,3.2173e+09,3.2043e+09,50.4,48.4,0.8,0.4,1.6759e+30,1.6519e+30,1.9490e+28,4.4400e+27,1.5896e+28,0.0000e+00,98.6,1.2,0.3
151,1.7209e+30,8.6120e+29,8.3986e+29,1.2779e+28,7.0590e+27,7.7477e+29,8.6426e+28,7.0137e+29,1.3848e+29,9.6670e+27,3.1120e+27,3.4770e+27,3.5820e+27,3.2352e+12,0.0000e+00,4.3441e+12,0.0000e+00,4.9489e+11,0.0000e+00,3.2042e+09,3.1916e+09,50,48.8,0.7,0.4,1.7198e+30,1.6954e+30,2.0110e+28,4.3000e+27,1.5860e+28,0.0000e+00,98.6,1.2,0.3
152,1.7624e+30,8.7543e+29,8.6608e+29,1.3834e+28,7.0580e+27,7.8422e+29,9.1204e+28,7.1960e+29,1.4649e+29,1.0442e+28,3.3920e+27,3.5370e+27,3.5210e+27,3.2399e+12,0.0000e+00,4.7056e+12,0.0000e+00,6.1465e+11,0.0000e+00,3.1915e+09,3.1793e+09,49.7,49.1,0.8,0.4,1.7618e+30,1.7369e+30,2.0579e+28,4.3350e+27,1.5774e+28,0.0000e+00,98.6,1.2,0.2
153,1.7997e+30,8.9040e+29,8.8658e+29,1.5628e+28,7.0520e+27,7.9142e+29,9.8972e+28,7.2558e+29,1.6100e+29,1.2072e+28,3.5560e+27,3.5680e+27,3.4840e+27,3.2311e+12,0.0000e+00,4.9325e+12,0.0000e+00,6.0390e+11,0.0000e+00,3.1793e+09,3.1675e+09,49.5,49.3,0.9,0.4,1.7991e+30,1.7736e+30,2.1002e+28,4.4470e+27,1.5693e+28,0.0000e+00,98.6,1.2,0.2
154,1.8474e+30,9.0855e+29,9.1603e+29,1.5761e+28,7.0840e+27,8.0827e+29,1.0028e+29,7.5257e+29,1.6346e+29,1.2164e+28,3.5970e+27,3.6930e+27,3.3910e+27,3.2139e+12,0.0000e+00,4.7627e+12,0.0000e+00,5.7681e+11,0.0000e+00,3.1674e+09,3.1561e+09,49.2,49.6,0.9,0.4,1.8466e+30,1.8206e+30,2.1485e+28,4.5000e+27,1.5669e+28,0.0000e+00,98.6,1.2,0.2
155,1.8849e+30,9.2076e+29,9.4150e+29,1.5624e+28,7.0460e+27,8.1963e+29,1.0113e+29,7.7984e+29,1.6167e+29,1.1871e+28,3.7530e+27,3.5080e+27,3.5380e+27,3.1920e+12,0.0000e+00,4.8260e+12,0.0000e+00,5.5379e+11,0.0000e+00,3.1560e+09,3.1451e+09,48.8,49.9,0.8,0.4,1.8841e+30,1.8576e+30,2.2151e+28,4.2710e+27,1.5544e+28,0.0000e+00,98.6,1.2,0.2
156,1.9370e+30,9.3968e+29,9.7447e+29,1.5820e+28,7.0770e+27,8.3690e+29,1.0277e+29,8.1158e+29,1.6289e+29,1.1970e+28,3.8500e+27,3.5400e+27,3.5370e+27,3.1571e+12,0.0000e+00,4.6705e+12,0.0000e+00,5.3110e+11,0.0000e+00,3.1451e+09,3.1346e+09,48.5,50.3,0.8,0.4,1.9364e+30,1.9095e+30,2.2743e+28,4.1490e+27,1.5528e+28,0.0000e+00,98.6,1.2,0.2
157,1.9720e+30,9.5015e+29,9.9628e+29,1.8503e+28,7.0510e+27,8.3565e+29,1.1450e+29,8.0822e+29,1.8806e+29,1.4300e+28,4.2030e+27,3.5260e+27,3.5250e+27,3.1331e+12,0.0000e+00,4.7994e+12,0.0000e+00,6.4793e+11,0.0000e+00,3.1345e+09,3.1245e+09,48.2,50.5,0.9,0.4,1.9711e+30,1.9436e+30,2.3187e+28,4.2920e+27,1.5413e+28,0.0000e+00,98.6,1.2,0.2
158,2.0198e+30,9.6965e+29,1.0242e+30,1.8958e+28,7.0670e+27,8.5195e+29,1.1770e+29,8.3221e+29,1.9195e+29,1.4577e+28,4.3810e+27,3.4770e+27,3.5900e+27,3.1181e+12,0.0000e+00,4.9788e+12,0.0000e+00,6.2171e+11,0.0000e+00,3.1245e+09,3.1148e+09,48,50.7,0.9,0.3,2.0190e+30,1.9910e+30,2.3578e+28,4.4050e+27,1.5405e+28,0.0000e+00,98.6,1.2,0.2
159,2.0671e+30,9.8577e+29,1.0554e+30,1.8939e+28,7.0720e+27,8.6635e+29,1.1942e+29,8.6273e+29,1.9263e+29,1.4427e+28,4.5120e+27,3.4970e+27,3.5750e+27,3.1082e+12,0.0000e+00,5.0224e+12,0.0000e+00,5.9427e+11,0.0000e+00,3.1148e+09,3.1056e+09,47.7,51.1,0.9,0.3,2.0667e+30,2.0381e+30,2.4378e+28,4.2050e+27,1.5351e+28,0.0000e+00,98.6,1.2,0.2
160,2.1004e+30,9.9643e+29,1.0781e+30,1.8816e+28,7.0440e+27,8.7614e+29,1.2030e+29,8.8589e+29,1.9218e+29,1.4260e+28,4.5560e+27,3.5080e+27,3.5360e+27,3.0976e+12,0.0000e+00,4.9471e+12,0.0000e+00,5.6812e+11,0.0000e+00,3.1056e+09,3.0969e+09,47.4,51.3,0.9,0.3,2.0997e+30,2.0708e+30,2.4764e+28,4.0830e+27,1.5251e+28,0.0000e+00,98.6,1.2,0.2
161,2.1425e+30,1.0105e+30,1.1043e+30,2.0593e+28,7.0480e+27,8.8055e+29,1.3000e+29,8.9422e+29,2.1007e+29,1.5649e+28,4.9440e+27,3.5470e+27,3.5010e+27,3.0940e+12,0.0000e+00,5.1192e+12,0.0000e+00,6.6905e+11,0.0000e+00,3.0969e+09,3.0886e+09,47.2,51.5,1,0.3,2.1419e+30,2.1128e+30,2.5008e+28,4.1280e+27,1.5206e+28,0.0000e+00,98.6,1.2,0.2
162,2.1940e+30,1.0295e+30,1.1350e+30,2.2399e+28,7.0880e+27,8.8946e+29,1.4007e+29,9.0700e+29,2.2799e+29,1.7122e+28,5.2770e+27,3.5110e+27,3.5770e+27,3.0721e+12,0.0000e+00,5.3662e+12,0.0000e+00,6.5226e+11,0.0000e+00,3.0886e+09,3.0807e+09,46.9,51.7,1,0.3,2.1928e+30,2.1627e+30,2.5794e+28,4.2840e+27,1.5215e+28,0.0000e+00,98.6,1.2,0.2
163,2.2316e+30,1.0410e+30,1.1616e+30,2.2042e+28,7.0660e+27,9.0013e+29,1.4084e+29,9.3278e+29,2.2878e+29,1.6599e+28,5.4430e+27,3.4730e+27,3.5930e+27,3.0653e+12,0.0000e+00,5.4167e+12,0.0000e+00,6.2427e+11,0.0000e+00,3.0807e+09,3.0733e+09,46.6,52,1,0.3,2.2313e+30,2.2011e+30,2.6058e+28,4.1580e+27,1.5130e+28,0.0000e+00,98.6,1.2,0.2
164,2.2681e+30,1.0529e+30,1.1864e+30,2.1782e+28,7.0510e+27,9.1111e+29,1.4183e+29,9.5884e+29,2.2752e+29,1.6384e+28,5.3980e+27,3.5870e+27,3.4640e+27,3.0516e+12,0.0000e+00,5.3741e+12,0.0000e+00,5.9659e+11,0.0000e+00,3.0732e+09,3.0663e+09,46.4,52.3,1,0.3,2.2672e+30,2.2368e+30,2.6412e+28,4.0090e+27,1.5050e+28,0.0000e+00,98.7,1.2,0.2
165,2.3172e+30,1.0697e+30,1.2173e+30,2.3105e+28,7.0840e+27,9.1981e+29,1.4985e+29,9.7691e+29,2.4043e+29,1.7331e+28,5.7740e+27,3.5580e+27,3.5260e+27,3.0403e+12,0.0000e+00,5.5923e+12,0.0000e+00,6.7838e+11,0.0000e+00,3.0663e+09,3.0598e+09,46.2,52.5,1,0.3,2.3168e+30,2.2854e+30,2.7317e+28,4.0010e+27,1.5072e+28,0.0000e+00,98.6,1.2,0.2
166,2.3510e+30,1.0809e+30,1.2375e+30,2.5540e+28,7.0740e+27,9.1579e+29,1.6507e+29,9.6834e+29,2.6914e+29,1.9308e+28,6.2320e+27,3.5310e+27,3.5430e+27,3.0399e+12,0.0000e+00,5.4586e+12,0.0000e+00,6.7013e+11,0.0000e+00,3.0597e+09,3.0537e+09,46,52.6,1.1,0.3,2.3503e+30,2.3188e+30,2.7053e+28,4.3980e+27,1.5002e+28,0.0000e+00,98.7,1.2,0.2
167,2.3882e+30,1.0948e+30,1.2612e+30,2.5063e+28,7.0770e+27,9.2929e+29,1.6555e+29,9.9529e+29,2.6590e+29,1.8776e+28,6.2870e+27,3.5240e+27,3.5530e+27,3.0378e+12,0.0000e+00,5.6004e+12,0.0000e+00,6.4317e+11,0.0000e+00,3.0537e+09,3.0481e+09,45.8,52.8,1,0.3,2.3872e+30,2.3550e+30,2.7887e+28,4.2640e+27,1.4985e+28,0.0000e+00,98.7,1.2,0.2
168,2.4205e+30,1.1043e+30,1.2841e+30,2.4995e+28,7.0690e+27,9.3827e+29,1.6607e+29,1.0209e+30,2.6319e+29,1.8578e+28,6.4170e+27,3.5680e+27,3.5010e+27,3.0126e+12,0.0000e+00,5.6954e+12,0.0000e+00,6.1506e+11,0.0000e+00,3.0480e+09,3.0429e+09,45.6,53.1,1,0.3,2.4202e+30,2.3880e+30,2.8159e+28,4.0800e+27,1.4925e+28,0.0000e+00,98.7,1.2,0.2
169,2.4594e+30,1.1164e+30,1.3107e+30,2.5249e+28,7.0810e+27,9.4593e+29,1.7049e+29,1.0430e+30,2.6773e+29,1.8551e+28,6.6980e+27,3.5220e+27,3.5590e+27,3.0035e+12,0.0000e+00,5.9950e+12,0.0000e+00,6.8985e+11,0.0000e+00,3.0428e+09,3.0381e+09,45.4,53.3,1,0.3,2.4589e+30,2.4260e+30,2.8878e+28,3.9640e+27,1.4918e+28,0.0000e+00,98.7,1.2,0.2
170,2.4878e+30,1.1253e+30,1.3270e+30,2.8418e+28,7.0440e+27,9.3409e+29,1.9118e+29,1.0190e+30,3.0802e+29,2.1267e+28,7.1510e+27,3.5920e+27,3.4520e+27,2.9887e+12,0.0000e+00,5.9898e+12,0.0000e+00,6.8511e+11,0.0000e+00,3.0381e+09,3.0338e+09,45.2,53.3,1.1,0.3,2.4871e+30,2.4535e+30,2.9110e+28,4.5090e+27,1.4868e+28,0.0000e+00,98.6,1.2,0.2
171,2.5265e+30,1.1383e+30,1.3529e+30,2.8162e+28,7.0790e+27,9.4610e+29,1.9222e+29,1.0461e+30,3.0680e+29,2.0752e+28,7.4100e+27,3.4950e+27,3.5840e+27,2.9796e+12,0.0000e+00,5.8138e+12,0.0000e+00,6.5784e+11,0.0000e+00,3.0338e+09,3.0300e+09,45.1,53.5,1.1,0.3,2.5263e+30,2.4924e+30,2.9412e+28,4.4850e+27,1.4870e+28,0.0000e+00,98.7,1.2,0.2
172,2.5499e+30,1.1464e+30,1.3689e+30,2.7484e+28,7.0720e+27,9.5422e+29,1.9222e+29,1.0676e+30,3.0133e+29,2.0212e+28,7.2720e+27,3.5300e+27,3.5420e+27,2.9607e+12,0.0000e+00,6.1657e+12,0.0000e+00,6.3279e+11,0.0000e+00,3.0300e+09,3.0266e+09,45,53.7,1.1,0.3,2.5493e+30,2.5150e+30,2.9864e+28,4.4560e+27,1.4830e+28,0.0000e+00,98.7,1.2,0.2
173,2.5851e+30,1.1569e+30,1.3937e+30,2.7535e+28,7.0800e+27,9.6308e+29,1.9377e+29,1.0929e+30,3.0071e+29,2.0018e+28,7.5170e+27,3.5320e+27,3.5480e+27,2.9450e+12,0.0000e+00,6.2422e+12,0.0000e+00,6.7823e+11,0.0000e+00,3.0266e+09,3.0237e+09,44.8,53.9,1.1,0.3,2.5846e+30,2.5502e+30,3.0066e+28,4.2770e+27,1.4842e+28,0.0000e+00,98.7,1.2,0.2
174,2.6132e+30,1.1646e+30,1.4102e+30,3.1269e+28,7.0770e+27,9.4406e+29,2.2058e+29,1.0582e+30,3.5202e+29,2.3013e+28,8.2560e+27,3.6140e+27,3.4630e+27,2.9432e+12,0.0000e+00,6.3907e+12,0.0000e+00,6.7708e+11,0.0000e+00,3.0237e+09,3.0212e+09,44.6,54,1.2,0.3,2.6125e+30,2.5774e+30,3.0357e+28,4.8250e+27,1.4812e+28,0.0000e+00,98.7,1.2,0.2
175,2.6345e+30,1.1713e+30,1.4255e+30,3.0527e+28,7.0840e+27,9.5166e+29,2.1965e+29,1.0768e+30,3.4869e+29,2.2168e+28,8.3590e+27,3.5320e+27,3.5520e+27,2.9349e+12,0.0000e+00,5.9739e+12,0.0000e+00,6.4886e+11,0.0000e+00,3.0212e+09,3.0192e+09,44.5,54.1,1.2,0.3,2.6339e+30,2.5984e+30,3.0750e+28,4.6820e+27,1.4787e+28,0.0000e+00,98.7,1.2,0.2
176,2.6566e+30,1.1781e+30,1.4416e+30,2.9837e+28,7.0580e+27,9.5886e+29,2.1924e+29,1.1014e+30,3.4018e+29,2.1594e+28,8.2430e+27,3.6020e+27,3.4560e+27,2.9188e+12,0.0000e+00,6.4677e+12,0.0000e+00,6.2095e+11,0.0000e+00,3.0192e+09,3.0176e+09,44.3,54.3,1.1,0.3,2.6562e+30,2.6209e+30,3.0668e+28,4.6320e+27,1.4767e+28,0.0000e+00,98.7,1.2,0.2
177,2.6857e+30,1.1876e+30,1.4614e+30,2.9614e+28,7.0910e+27,9.6893e+29,2.1867e+29,1.1275e+30,3.3390e+29,2.0865e+28,8.7490e+27,3.5550e+27,3.5360e+27,2.8984e+12,0.0000e+00,6.6704e+12,0.0000e+00,5.9726e+11,0.0000e+00,3.0176e+09,3.0164e+09,44.2,54.4,1.1,0.3,2.6854e+30,2.6500e+30,3.0968e+28,4.5040e+27,1.4799e+28,0.0000e+00,98.7,1.2,0.2
178,2.7008e+30,1.1898e+30,1.4711e+30,3.2913e+28,7.0650e+27,9.4374e+29,2.4604e+29,1.0808e+30,3.9022e+29,2.3629e+28,9.2840e+27,3.5050e+27,3.5600e+27,2.8736e+12,0.0000e+00,6.2574e+12,0.0000e+00,6.7234e+11,0.0000e+00,3.0164e+09,3.0158e+09,44.1,54.5,1.2,0.3,2.7001e+30,2.6638e+30,3.1295e+28,4.9880e+27,1.4742e+28,0.0000e+00,98.7,1.2,0.2
179,2.7281e+30,1.2002e+30,1.4883e+30,3.2555e+28,7.0760e+27,9.5264e+29,2.4759e+29,1.1028e+30,3.8545e+29,2.3271e+28,9.2840e+27,3.6310e+27,3.4450e+27,2.8618e+12,0.0000e+00,6.2555e+12,0.0000e+00,6.4574e+11,0.0000e+00,3.0158e+09,3.0155e+09,44,54.6,1.2,0.3,2.7279e+30,2.6911e+30,3.1877e+28,4.8960e+27,1.4784e+28,0.0000e+00,98.7,1.2,0.2
180,2.7339e+30,1.1987e+30,1.4964e+30,3.1694e+28,7.0670e+27,9.5401e+29,2.4469e+29,1.1195e+30,3.7687e+29,2.2396e+28,9.2980e+27,3.4170e+27,3.6500e+27,2.8529e+12,0.0000e+00,6.6297e+12,0.0000e+00,6.2084e+11,0.0000e+00,3.0158e+09,3.0155e+09,43.8,54.7,1.2,0.3,2.7335e+30,2.6969e+30,3.1900e+28,4.7210e+27,1.4737e+28,0.0000e+00,98.7,1.2,0.2
181,2.7646e+30,1.2080e+30,1.5182e+30,3.1320e+28,7.0740e+27,9.6421e+29,2.4375e+29,1.1465e+30,3.7174e+29,2.1803e+28,9.5170e+27,3.5420e+27,3.5320e+27,2.8478e+12,0.0000e+00,6.9037e+12,0.0000e+00,5.9991e+11,0.0000e+00,3.0164e+09,3.0158e+09,43.7,54.9,1.1,0.3,2.7649e+30,2.7277e+30,3.2583e+28,4.5950e+27,1.4789e+28,0.0000e+00,98.7,1.2,0.2
182,2.7717e+30,1.2078e+30,1.5228e+30,3.3999e+28,7.0620e+27,9.3691e+29,2.7094e+29,1.0982e+30,4.2463e+29,2.3899e+28,1.0100e+28,3.5020e+27,3.5600e+27,2.8198e+12,0.0000e+00,6.3361e+12,0.0000e+00,6.6792e+11,0.0000e+00,3.0176e+09,3.0164e+09,43.6,54.9,1.2,0.3,2.7711e+30,2.7340e+30,3.2294e+28,4.8240e+27,1.4752e+28,0.0000e+00,98.7,1.2,0.2
183,2.7969e+30,1.2161e+30,1.5394e+30,3.4237e+28,7.0870e+27,9.4227e+29,2.7388e+29,1.1134e+30,4.2600e+29,2.4026e+28,1.0211e+28,3.5220e+27,3.5650e+27,2.8022e+12,0.0000e+00,6.5429e+12,0.0000e+00,6.4798e+11,0.0000e+00,3.0192e+09,3.0176e+09,43.5,55,1.2,0.3,2.7967e+30,2.7592e+30,3.2383e+28,5.0400e+27,1.4814e+28,0.0000e+00,98.7,1.2,0.2
184,2.8010e+30,1.2154e+30,1.5449e+30,3.3586e+28,7.0800e+27,9.4544e+29,2.6996e+29,1.1316e+30,4.1333e+29,2.3271e+28,1.0315e+28,3.5170e+27,3.5630e+27,2.7888e+12,0.0000e+00,7.1181e+12,0.0000e+00,6.2590e+11,0.0000e+00,3.0212e+09,3.0192e+09,43.4,55.2,1.2,0.3,2.8007e+30,2.7633e+30,3.2554e+28,4.8110e+27,1.4787e+28,0.0000e+00,98.7,1.2,0.2
185,2.8127e+30,1.2174e+30,1.5557e+30,3.2515e+28,7.0820e+27,9.5052e+29,2.6687e+29,1.1532e+30,4.0249e+29,2.2300e+28,1.0215e+28,3.5800e+27,3.5020e+27,2.7901e+12,0.0000e+00,6.7017e+12,0.0000e+00,6.0202e+11,0.0000e+00,3.0237e+09,3.0212e+09,43.3,55.3,1.2,0.3,2.8129e+30,2.7753e+30,3.2863e+28,4.7050e+27,1.4812e+28,0.0000e+00,98.7,1.2,0.2
186,2.8162e+30,1.2157e+30,1.5583e+30,3.5187e+28,7.0680e+27,9.2403e+29,2.9162e+29,1.1085e+30,4.4982e+29,2.4399e+28,1.0788e+28,3.5170e+27,3.5510e+27,2.7720e+12,0.0000e+00,7.0071e+12,0.0000e+00,6.6620e+11,0.0000e+00,3.0266e+09,3.0237e+09,43.2,55.3,1.2,0.3,2.8158e+30,2.7780e+30,3.2784e+28,4.9780e+27,1.4795e+28,0.0000e+00,98.7,1.2,0.2
187,2.8255e+30,1.2191e+30,1.5643e+30,3.5128e+28,7.0640e+27,9.2304e+29,2.9603e+29,1.1121e+30,4.5218e+29,2.4265e+28,1.0863e+28,3.5260e+27,3.5380e+27,2.7479e+12,0.0000e+00,6.8333e+12,0.0000e+00,6.4630e+11,0.0000e+00,3.0300e+09,3.0266e+09,43.1,55.4,1.2,0.3,2.8254e+30,2.7873e+30,3.3161e+28,4.9800e+27,1.4830e+28,0.0000e+00,98.7,1.2,0.2
188,2.8330e+30,1.2212e+30,1.5705e+30,3.4165e+28,7.0860e+27,9.2966e+29,2.9158e+29,1.1287e+30,4.4177e+29,2.3202e+28,1.0963e+28,3.5080e+27,3.5780e+27,2.7392e+12,0.0000e+00,6.7239e+12,0.0000e+00,6.2452e+11,0.0000e+00,3.0338e+09,3.0300e+09,43.1,55.4,1.2,0.3,2.8330e+30,2.7953e+30,3.2739e+28,4.9830e+27,1.4870e+28,0.0000e+00,98.7,1.2,0.2
189,2.8437e+30,1.2213e+30,1.5815e+30,3.3872e+28,7.0690e+27,9.3291e+29,2.8842e+29,1.1505e+30,4.3101e+29,2.3078e+28,1.0794e+28,3.5600e+27,3.5090e+27,2.7319e+12,0.0000e+00,6.9523e+12,0.0000e+00,6.0092e+11,0.0000e+00,3.0381e+09,3.0338e+09,42.9,55.6,1.2,0.2,2.8436e+30,2.8057e+30,3.3221e+28,4.7550e+27,1.4916e+28,0.0000e+00,98.7,1.2,0.2
190,2.8342e+30,1.2142e+30,1.5778e+30,3.5074e+28,7.0570e+27,9.0733e+29,3.0690e+29,1.1099e+30,4.6793e+29,2.3929e+28,1.1145e+28,3.4780e+27,3.5790e+27,2.7229e+12,0.0000e+00,6.2301e+12,0.0000e+00,6.6688e+11,0.0000e+00,3.0428e+09,3.0381e+09,42.8,55.7,1.2,0.2,2.8338e+30,2.7957e+30,3.3055e+28,4.9640e+27,1.4870e+28,0.0000e+00,98.7,1.2,0.2
191,2.8511e+30,1.2197e+30,1.5883e+30,3.5963e+28,7.0710e+27,9.0432e+29,3.1542e+29,1.1072e+30,4.8107e+29,2.4410e+28,1.1553e+28,3.4950e+27,3.5760e+27,2.7025e+12,0.0000e+00,6.5116e+12,0.0000e+00,6.5090e+11,0.0000e+00,3.0480e+09,3.0429e+09,42.8,55.7,1.3,0.2,2.8514e+30,2.8132e+30,3.3145e+28,5.1000e+27,1.4973e+28,0.0000e+00,98.7,1.2,0.2
192,2.8416e+30,1.2159e+30,1.5835e+30,3.5055e+28,7.0790e+27,9.0676e+29,3.0918e+29,1.1188e+30,4.6473e+29,2.3686e+28,1.1369e+28,3.5110e+27,3.5680e+27,2.7192e+12,0.0000e+00,6.6773e+12,0.0000e+00,6.2849e+11,0.0000e+00,3.0537e+09,3.0481e+09,42.8,55.7,1.2,0.2,2.8415e+30,2.8035e+30,3.2987e+28,4.9470e+27,1.4985e+28,0.0000e+00,98.7,1.2,0.2
193,2.8322e+30,1.2109e+30,1.5801e+30,3.4150e+28,7.0670e+27,9.0676e+29,3.0410e+29,1.1313e+30,4.4880e+29,2.2690e+28,1.1460e+28,3.5570e+27,3.5100e+27,2.7182e+12,0.0000e+00,6.4799e+12,0.0000e+00,6.0729e+11,0.0000e+00,3.0598e+09,3.0537e+09,42.8,55.8,1.2,0.2,2.8323e+30,2.7941e+30,3.3183e+28,4.9910e+27,1.5002e+28,0.0000e+00,98.7,1.2,0.2
194,2.8284e+30,1.2058e+30,1.5809e+30,3.4723e+28,7.0640e+27,8.8929e+29,3.1646e+29,1.1055e+30,4.7535e+29,2.3223e+28,1.1500e+28,3.5180e+27,3.5460e+27,2.7160e+12,0.0000e+00,7.0663e+12,0.0000e+00,6.6434e+11,0.0000e+00,3.0663e+09,3.0598e+09,42.6,55.9,1.2,0.2,2.8286e+30,2.7912e+30,3.2455e+28,5.0160e+27,1.5024e+28,0.0000e+00,98.7,1.1,0.2
195,2.8237e+30,1.2052e+30,1.5761e+30,3.5399e+28,7.0740e+27,8.7617e+29,3.2903e+29,1.0807e+30,4.9542e+29,2.3467e+28,1.1932e+28,3.4650e+27,3.6090e+27,2.6721e+12,0.0000e+00,6.6526e+12,0.0000e+00,6.5099e+11,0.0000e+00,3.0733e+09,3.0663e+09,42.7,55.8,1.3,0.3,2.8238e+30,2.7860e+30,3.2775e+28,5.0440e+27,1.5099e+28,0.0000e+00,98.7,1.2,0.2
196,2.8136e+30,1.2004e+30,1.5714e+30,3.4705e+28,7.0640e+27,8.7851e+29,3.2189e+29,1.0922e+30,4.7921e+29,2.2968e+28,1.1737e+28,3.4650e+27,3.5990e+27,2.6519e+12,0.0000e+00,6.5474e+12,0.0000e+00,6.3184e+11,0.0000e+00,3.0807e+09,3.0733e+09,42.7,55.9,1.2,0.3,2.8138e+30,2.7760e+30,3.2703e+28,5.1250e+27,1.5130e+28,0.0000e+00,98.7,1.2,0.2
197,2.7990e+30,1.1934e+30,1.5644e+30,3.4155e+28,7.0560e+27,8.7922e+29,3.1422e+29,1.1027e+30,4.6167e+29,2.2365e+28,1.1790e+28,3.5690e+27,3.4870e+27,2.6493e+12,0.0000e+00,6.2743e+12,0.0000e+00,6.1314e+11,0.0000e+00,3.0885e+09,3.0807e+09,42.6,55.9,1.2,0.3,2.7992e+30,2.7617e+30,3.2360e+28,5.1660e+27,1.5165e+28,0.0000e+00,98.7,1.2,0.2
198,2.7882e+30,1.1899e+30,1.5569e+30,3.4372e+28,7.0890e+27,8.7151e+29,3.1837e+29,1.0923e+30,4.6456e+29,2.2571e+28,1.1801e+28,3.5620e+27,3.5270e+27,2.6383e+12,0.0000e+00,6.4419e+12,0.0000e+00,6.6116e+11,0.0000e+00,3.0969e+09,3.0886e+09,42.7,55.8,1.2,0.3,2.7883e+30,2.7510e+30,3.2227e+28,5.0160e+27,1.5256e+28,0.0000e+00,98.7,1.2,0.2
199,2.7643e+30,1.1788e+30,1.5430e+30,3.5473e+28,7.0450e+27,8.4355e+29,3.3525e+29,1.0441e+30,4.9886e+29,2.3389e+28,1.2084e+28,3.5270e+27,3.5180e+27,2.6225e+12,0.0000e+00,6.3905e+12,0.0000e+00,6.5491e+11,0.0000e+00,3.1056e+09,3.0969e+09,42.6,55.8,1.3,0.3,2.7650e+30,2.7276e+30,3.1973e+28,5.3530e+27,1.5251e+28,0.0000e+00,98.7,1.2,0.2
200,2.7465e+30,1.1743e+30,1.5304e+30,3.4722e+28,7.0710e+27,8.4734e+29,3.2696e+29,1.0528e+30,4.7753e+29,2.2749e+28,1.1973e+28,3.5200e+27,3.5510e+27,2.6291e+12,0.0000e+00,6.5445e+12,0.0000e+00,6.3341e+11,0.0000e+00,3.1148e+09,3.1056e+09,42.8,55.7,1.3,0.3,2.7469e+30,2.7099e+30,3.1628e+28,5.3240e+27,1.5351e+28,0.0000e+00,98.7,1.2,0.2
201,2.7176e+30,1.1625e+30,1.5147e+30,3.3461e+28,7.0400e+27,8.4437e+29,3.1810e+29,1.0568e+30,4.5785e+29,2.1660e+28,1.1801e+28,3.5540e+27,3.4860e+27,2.6427e+12,0.0000e+00,5.9824e+12,0.0000e+00,6.1381e+11,0.0000e+00,3.1244e+09,3.1149e+09,42.8,55.7,1.2,0.3,2.7181e+30,2.6816e+30,3.1221e+28,5.2370e+27,1.5354e+28,0.0000e+00,98.7,1.1,0.2
202,2.7007e+30,1.1577e+30,1.5027e+30,3.3273e+28,7.0670e+27,8.4640e+29,3.1131e+29,1.0648e+30,4.3786e+29,2.1570e+28,1.1703e+28,3.5730e+27,3.4940e+27,2.6383e+12,0.0000e+00,5.9341e+12,0.0000e+00,5.9162e+11,0.0000e+00,3.1345e+09,3.1245e+09,42.9,55.6,1.2,0.3,2.7012e+30,2.6654e+30,3.0502e+28,5.2710e+27,1.5464e+28,0.0000e+00,98.7,1.1,0.2
203,2.6672e+30,1.1443e+30,1.4810e+30,3.4825e+28,7.0520e+27,8.1126e+29,3.3305e+29,9.9821e+29,4.8284e+29,2.2849e+28,1.1976e+28,3.4910e+27,3.5610e+27,2.6213e+12,0.0000e+00,6.6019e+12,0.0000e+00,6.6795e+11,0.0000e+00,3.1450e+09,3.1346e+09,42.9,55.5,1.3,0.3,2.6675e+30,2.6313e+30,3.0591e+28,5.5280e+27,1.5476e+28,0.0000e+00,98.6,1.1,0.2
204,2.6471e+30,1.1394e+30,1.4666e+30,3.3944e+28,7.0760e+27,8.1290e+29,3.2651e+29,1.0003e+30,4.6634e+29,2.2155e+28,1.1789e+28,3.5020e+27,3.5740e+27,2.6241e+12,0.0000e+00,5.9533e+12,0.0000e+00,6.4620e+11,0.0000e+00,3.1560e+09,3.1451e+09,43,55.4,1.3,0.3,2.6479e+30,2.6122e+30,2.9949e+28,5.7210e+27,1.5596e+28,0.0000e+00,98.7,1.1,0.2
205,2.6072e+30,1.1253e+30,1.4417e+30,3.3141e+28,7.0460e+27,8.0889e+29,3.1646e+29,9.9750e+29,4.4419e+29,2.1301e+28,1.1840e+28,3.5200e+27,3.5260e+27,2.6382e+12,0.0000e+00,6.1122e+12,0.0000e+00,6.2654e+11,0.0000e+00,3.1674e+09,3.1561e+09,43.2,55.3,1.3,0.3,2.6075e+30,2.5722e+30,2.9712e+28,5.5810e+27,1.5616e+28,0.0000e+00,98.6,1.1,0.2
206,2.5719e+30,1.1143e+30,1.4186e+30,3.1929e+28,7.0660e+27,8.0739e+29,3.0688e+29,9.9491e+29,4.2369e+29,2.0527e+28,1.1402e+28,3.5460e+27,3.5200e+27,2.6388e+12,0.0000e+00,6.0144e+12,0.0000e+00,6.0647e+11,0.0000e+00,3.1792e+09,3.1675e+09,43.3,55.2,1.2,0.3,2.5727e+30,2.5378e+30,2.9204e+28,5.7170e+27,1.5693e+28,0.0000e+00,98.6,1.1,0.2
207,2.5432e+30,1.1035e+30,1.4003e+30,3.2409e+28,7.0400e+27,7.9028e+29,3.1324e+29,9.6663e+29,4.3366e+29,2.0717e+28,1.1692e+28,3.5160e+27,3.5240e+27,2.6337e+12,0.0000e+00,5.6149e+12,0.0000e+00,6.7345e+11,0.0000e+00,3.1915e+09,3.1793e+09,43.4,55.1,1.3,0.3,2.5435e+30,2.5090e+30,2.8735e+28,5.6930e+27,1.5774e+28,0.0000e+00,98.6,1.1,0.2
208,2.5121e+30,1.0918e+30,1.3801e+30,3.3129e+28,7.0580e+27,7.7323e+29,3.1855e+29,9.3491e+29,4.4518e+29,2.1678e+28,1.1451e+28,3.5520e+27,3.5060e+27,2.6282e+12,0.0000e+00,5.3806e+12,0.0000e+00,6.6220e+11,0.0000e+00,3.2042e+09,3.1915e+09,43.5,54.9,1.3,0.3,2.5129e+30,2.4786e+30,2.8299e+28,6.0340e+27,1.5860e+28,0.0000e+00,98.6,1.1,0.2
209,2.4768e+30,1.0810e+30,1.3573e+30,3.1463e+28,7.0610e+27,7.7269e+29,3.0829e+29,9.3478e+29,4.2252e+29,2.0425e+28,1.1038e+28,3.5000e+27,3.5610e+27,2.6481e+12,0.0000e+00,5.8093e+12,0.0000e+00,6.4444e+11,0.0000e+00,3.2174e+09,3.2042e+09,43.6,54.8,1.3,0.3,2.4775e+30,2.4437e+30,2.7885e+28,5.9390e+27,1.5950e+28,0.0000e+00,98.6,1.1,0.2
210,2.4335e+30,1.0660e+30,1.3296e+30,3.0893e+28,7.0550e+27,7.6832e+29,2.9766e+29,9.3092e+29,3.9868e+29,1.9710e+28,1.1183e+28,3.5190e+27,3.5360e+27,2.6624e+12,0.0000e+00,5.2631e+12,0.0000e+00,6.2383e+11,0.0000e+00,3.2309e+09,3.2174e+09,43.8,54.6,1.3,0.3,2.4339e+30,2.4005e+30,2.7384e+28,6.0370e+27,1.5990e+28,0.0000e+00,98.6,1.1,0.2
211,2.3966e+30,1.0522e+30,1.3076e+30,2.9731e+28,7.0490e+27,7.6479e+29,2.8742e+29,9.2799e+29,3.7963e+29,1.8669e+28,1.1062e+28,3.5840e+27,3.4650e+27,2.6658e+12,0.0000e+00,5.3255e+12,0.0000e+00,6.0656e+11,0.0000e+00,3.2449e+09,3.2310e+09,43.9,54.6,1.2,0.3,2.3977e+30,2.3646e+30,2.7103e+28,6.0490e+27,1.6089e+28,0.0000e+00,98.6,1.1,0.3
212,2.3586e+30,1.0400e+30,1.2806e+30,3.0910e+28,7.0470e+27,7.3917e+29,3.0086e+29,8.7438e+29,4.0621e+29,1.9973e+28,1.0937e+28,3.4930e+27,3.5540e+27,2.6671e+12,0.0000e+00,5.1117e+12,0.0000e+00,6.8297e+11,0.0000e+00,3.2593e+09,3.2449e+09,44.1,54.3,1.3,0.3,2.3588e+30,2.3261e+30,2.6430e+28,6.3360e+27,1.6192e+28,0.0000e+00,98.6,1.1,0.3
213,2.3157e+30,1.0247e+30,1.2537e+30,3.0349e+28,7.0300e+27,7.3097e+29,2.9369e+29,8.6242e+29,3.9125e+29,1.9700e+28,1.0649e+28,3.5300e+27,3.5000e+27,2.6814e+12,0.0000e+00,4.9176e+12,0.0000e+00,6.6563e+11,0.0000e+00,3.2742e+09,3.2594e+09,44.2,54.1,1.3,0.3,2.3164e+30,2.2837e+30,2.6165e+28,6.4640e+27,1.6243e+28,0.0000e+00,98.6,1.1,0.3
214,2.2819e+30,1.0119e+30,1.2340e+30,2.8984e+28,7.0400e+27,7.2832e+29,2.8361e+29,8.6181e+29,3.7218e+29,1.8451e+28,1.0533e+28,3.5220e+27,3.5180e+27,2.6977e+12,0.0000e+00,4.9822e+12,0.0000e+00,6.4596e+11,0.0000e+00,3.2894e+09,3.2742e+09,44.3,54.1,1.3,0.3,2.2824e+30,2.2506e+30,2.5387e+28,6.3790e+27,1.6354e+28,0.0000e+00,98.6,1.1,0.3
215,2.2360e+30,9.9444e+29,1.2066e+30,2.7924e+28,7.0380e+27,7.2250e+29,2.7194e+29,8.5501e+29,3.5160e+29,1.7846e+28,1.0078e+28,3.4980e+27,3.5400e+27,2.7127e+12,0.0000e+00,5.2632e+12,0.0000e+00,6.2854e+11,0.0000e+00,3.3051e+09,3.2895e+09,44.5,54,1.2,0.3,2.2368e+30,2.2051e+30,2.5202e+28,6.4390e+27,1.6412e+28,0.0000e+00,98.6,1.1,0.3
216,2.1972e+30,9.8240e+29,1.1807e+30,2.7062e+28,7.0330e+27,7.1843e+29,2.6396e+29,8.4497e+29,3.3573e+29,1.7139e+28,9.9230e+27,3.5250e+27,3.5080e+27,2.7169e+12,0.0000e+00,4.6792e+12,0.0000e+00,6.9844e+11,0.0000e+00,3.3212e+09,3.3051e+09,44.7,53.7,1.2,0.3,2.1980e+30,2.1671e+30,2.4502e+28,6.4360e+27,1.6532e+28,0.0000e+00,98.6,1.1,0.3
217,2.1642e+30,9.7076e+29,1.1584e+30,2.8057e+28,7.0380e+27,6.9414e+29,2.7661e+29,7.9616e+29,3.6221e+29,1.8258e+28,9.7990e+27,3.4520e+27,3.5860e+27,2.7130e+12,0.0000e+00,4.7683e+12,0.0000e+00,6.9765e+11,0.0000e+00,3.3377e+09,3.3212e+09,44.9,53.5,1.3,0.3,2.1643e+30,2.1333e+30,2.4295e+28,6.7370e+27,1.6656e+28,0.0000e+00,98.6,1.1,0.3
218,2.1223e+30,9.5443e+29,1.1335e+30,2.7363e+28,7.0330e+27,6.8897e+29,2.6547e+29,7.9037e+29,3.4310e+29,1.7504e+28,9.8590e+27,3.4640e+27,3.5690e+27,2.7247e+12,0.0000e+00,4.7117e+12,0.0000e+00,6.8024e+11,0.0000e+00,3.3547e+09,3.3378e+09,45,53.4,1.3,0.3,2.1232e+30,2.0925e+30,2.3840e+28,6.9040e+27,1.6724e+28,0.0000e+00,98.6,1.1,0.3
219,2.0831e+30,9.3970e+29,1.1098e+30,2.6566e+28,7.0290e+27,6.8465e+29,2.5505e+29,7.8579e+29,3.2405e+29,1.6877e+28,9.6890e+27,3.4740e+27,3.5550e+27,2.7482e+12,0.0000e+00,4.9418e+12,0.0000e+00,6.6029e+11,0.0000e+00,3.3720e+09,3.3547e+09,45.1,53.3,1.3,0.3,2.0835e+30,2.0529e+30,2.3464e+28,7.1130e+27,1.6795e+28,0.0000e+00,98.5,1.1,0.3
220,2.0526e+30,9.2675e+29,1.0934e+30,2.5438e+28,7.0290e+27,6.8104e+29,2.4571e+29,7.8519e+29,3.0818e+29,1.6218e+28,9.2200e+27,3.5350e+27,3.4940e+27,2.7635e+12,0.0000e+00,4.4970e+12,0.0000e+00,6.4040e+11,0.0000e+00,3.3897e+09,3.3720e+09,45.2,53.3,1.2,0.3,2.0531e+30,2.0228e+30,2.3245e+28,7.0600e+27,1.6930e+28,0.0000e+00,98.5,1.1,0.3
221,2.0157e+30,9.1386e+29,1.0705e+30,2.4306e+28,7.0360e+27,6.7732e+29,2.3653e+29,7.7732e+29,2.9322e+29,1.5408e+28,8.8980e+27,3.4990e+27,3.5370e+27,2.7742e+12,0.0000e+00,5.2176e+12,0.0000e+00,6.2451e+11,0.0000e+00,3.4079e+09,3.3898e+09,45.3,53.1,1.2,0.3,2.0164e+30,1.9866e+30,2.2934e+28,6.8670e+27,1.7070e+28,0.0000e+00,98.5,1.1,0.3
222,1.9777e+30,8.9753e+29,1.0475e+30,2.5677e+28,7.0400e+27,6.5268e+29,2.4484e+29,7.3301e+29,3.1447e+29,1.6814e+28,8.8630e+27,3.4600e+27,3.5800e+27,2.7740e+12,0.0000e+00,4.4788e+12,0.0000e+00,7.1373e+11,0.0000e+00,3.4264e+09,3.4080e+09,45.4,53,1.3,0.4,1.9781e+30,1.9480e+30,2.2575e+28,7.5350e+27,1.7152e+28,0.0000e+00,98.5,1.1,0.4
223,1.9393e+30,8.8357e+29,1.0241e+30,2.4691e+28,7.0150e+27,6.4741e+29,2.3615e+29,7.2558e+29,2.9847e+29,1.6068e+28,8.6230e+27,3.5060e+27,3.5090e+27,2.7704e+12,0.0000e+00,4.4858e+12,0.0000e+00,6.9707e+11,0.0000e+00,3.4454e+09,3.4265e+09,45.6,52.8,1.3,0.4,1.9399e+30,1.9104e+30,2.1926e+28,7.5090e+27,1.7235e+28,0.0000e+00,98.5,1.1,0.4
224,1.9062e+30,8.7214e+29,1.0032e+30,2.3827e+28,7.0380e+27,6.4501e+29,2.2713e+29,7.1999e+29,2.8316e+29,1.5336e+28,8.4910e+27,3.5640e+27,3.4740e+27,2.8060e+12,0.0000e+00,4.4783e+12,0.0000e+00,6.7839e+11,0.0000e+00,3.4648e+09,3.4455e+09,45.8,52.6,1.3,0.4,1.9062e+30,1.8769e+30,2.1854e+28,7.4500e+27,1.7386e+28,0.0000e+00,98.5,1.1,0.4
225,1.8710e+30,8.5797e+29,9.8328e+29,2.2733e+28,7.0170e+27,6.3907e+29,2.1890e+29,7.1262e+29,2.7066e+29,1.4543e+28,8.1900e+27,3.5720e+27,3.4450e+27,2.8431e+12,0.0000e+00,4.4409e+12,0.0000e+00,6.6072e+11,0.0000e+00,3.4845e+09,3.4648e+09,45.9,52.6,1.2,0.4,1.8719e+30,1.8427e+30,2.1712e+28,7.4800e+27,1.7476e+28,0.0000e+00,98.4,1.2,0.4
226,1.8447e+30,8.4684e+29,9.6869e+29,2.2174e+28,7.0270e+27,6.3621e+29,2.1063e+29,7.1119e+29,2.5749e+29,1.4137e+28,8.0370e+27,3.4590e+27,3.5680e+27,2.8643e+12,0.0000e+00,4.4482e+12,0.0000e+00,6.4306e+11,0.0000e+00,3.5047e+09,3.4846e+09,45.9,52.5,1.2,0.4,1.8450e+30,1.8163e+30,2.1110e+28,7.6300e+27,1.7634e+28,0.0000e+00,98.4,1.1,0.4
227,1.8000e+30,8.2745e+29,9.4318e+29,2.2362e+28,6.9840e+27,6.1759e+29,2.0986e+29,6.8067e+29,2.6250e+29,1.4567e+28,7.7950e+27,3.5130e+27,3.4710e+27,2.8845e+12,0.0000e+00,4.4401e+12,0.0000e+00,7.2537e+11,0.0000e+00,3.5251e+09,3.5047e+09,46,52.4,1.2,0.4,1.8003e+30,1.7720e+30,2.0722e+28,7.5620e+27,1.7663e+28,0.0000e+00,98.4,1.2,0.4
228,1.7821e+30,8.2085e+29,9.3189e+29,2.2332e+28,7.0370e+27,6.1130e+29,2.0955e+29,6.6594e+29,2.6594e+29,1.4561e+28,7.7710e+27,3.4980e+27,3.5390e+27,2.8981e+12,0.0000e+00,4.3065e+12,0.0000e+00,7.1425e+11,0.0000e+00,3.5461e+09,3.5252e+09,46.1,52.3,1.3,0.4,1.7822e+30,1.7532e+30,2.0875e+28,8.1360e+27,1.7894e+28,0.0000e+00,98.4,1.2,0.5
229,1.7453e+30,8.0596e+29,9.1123e+29,2.1151e+28,6.9940e+27,6.0495e+29,2.0101e+29,6.5926e+29,2.5197e+29,1.3713e+28,7.4380e+27,3.4560e+27,3.5380e+27,2.9115e+12,0.0000e+00,4.1151e+12,0.0000e+00,6.9192e+11,0.0000e+00,3.5673e+09,3.5462e+09,46.2,52.2,1.2,0.4,1.7459e+30,1.7170e+30,2.0721e+28,8.1630e+27,1.7926e+28,0.0000e+00,98.3,1.2,0.5
230,1.7211e+30,7.9596e+29,8.9765e+29,2.0513e+28,7.0170e+27,6.0185e+29,1.9411e+29,6.5547e+29,2.4218e+29,1.3224e+28,7.2890e+27,3.5080e+27,3.5090e+27,2.9114e+12,0.0000e+00,4.1862e+12,0.0000e+00,6.7275e+11,0.0000e+00,3.5890e+09,3.5674e+09,46.2,52.2,1.2,0.4,1.7217e+30,1.6933e+30,2.0249e+28,8.1180e+27,1.8097e+28,0.0000e+00,98.4,1.2,0.5
231,1.6873e+30,7.8194e+29,8.7885e+29,1.9544e+28,7.0020e+27,5.9604e+29,1.8589e+29,6.4856e+29,2.3029e+29,1.2577e+28,6.9670e+27,3.5750e+27,3.4270e+27,2.9155e+12,0.0000e+00,4.1283e+12,0.0000e+00,6.5275e+11,0.0000e+00,3.6110e+09,3.5891e+09,46.3,52.1,1.2,0.4,1.6879e+30,1.6601e+30,1.9823e+28,8.0660e+27,1.8202e+28,0.0000e+00,98.3,1.2,0.5
232,1.6595e+30,7.7203e+29,8.6164e+29,1.8791e+28,7.0170e+27,5.9290e+29,1.7913e+29,6.4203e+29,2.1961e+29,1.1943e+28,6.8480e+27,3.5220e+27,3.4950e+27,2.9335e+12,0.0000e+00,4.4039e+12,0.0000e+00,6.3481e+11,0.0000e+00,3.6334e+09,3.6111e+09,46.5,51.9,1.1,0.4,1.6597e+30,1.6319e+30,1.9598e+28,8.1470e+27,1.8380e+28,0.0000e+00,98.3,1.2,0.5
233,1.6289e+30,7.5906e+29,8.4318e+29,1.9662e+28,7.0140e+27,5.7704e+29,1.8202e+29,6.1313e+29,2.3005e+29,1.2952e+28,6.7100e+27,3.5140e+27,3.5000e+27,2.9453e+12,0.0000e+00,4.0407e+12,0.0000e+00,7.4539e+11,0.0000e+00,3.6562e+09,3.6335e+09,46.6,51.8,1.2,0.4,1.6293e+30,1.6016e+30,1.9246e+28,8.5270e+27,1.8490e+28,0.0000e+00,98.3,1.2,0.5
234,1.6006e+30,7.4788e+29,8.2641e+29,1.9272e+28,7.0060e+27,5.7013e+29,1.7774e+29,6.0175e+29,2.2466e+29,1.2764e+28,6.5080e+27,3.4470e+27,3.5590e+27,2.9608e+12,0.0000e+00,4.1139e+12,0.0000e+00,7.2948e+11,0.0000e+00,3.6793e+09,3.6563e+09,46.7,51.6,1.2,0.4,1.6007e+30,1.5728e+30,1.9355e+28,8.4880e+27,1.8601e+28,0.0000e+00,98.3,1.2,0.5
235,1.5745e+30,7.3638e+29,8.1294e+29,1.8234e+28,6.9920e+27,5.6562e+29,1.7077e+29,5.9751e+29,2.1543e+29,1.2043e+28,6.1910e+27,3.5750e+27,3.4170e+27,2.9751e+12,0.0000e+00,4.1398e+12,0.0000e+00,7.0892e+11,0.0000e+00,3.7028e+09,3.6794e+09,46.8,51.6,1.2,0.4,1.5749e+30,1.5478e+30,1.8741e+28,8.4020e+27,1.8714e+28,0.0000e+00,98.3,1.2,0.5
236,1.5551e+30,7.2728e+29,8.0330e+29,1.7502e+28,7.0040e+27,5.6240e+29,1.6488e+29,5.9527e+29,2.0803e+29,1.1287e+28,6.2150e+27,3.5010e+27,3.5030e+27,3.0001e+12,0.0000e+00,3.8738e+12,0.0000e+00,6.9075e+11,0.0000e+00,3.7266e+09,3.7028e+09,46.8,51.7,1.1,0.5,1.5555e+30,1.5285e+30,1.8570e+28,8.4060e+27,1.8903e+28,0.0000e+00,98.3,1.2,0.5
237,1.5247e+30,7.1495e+29,7.8594e+29,1.6786e+28,6.9940e+27,5.5661e+29,1.5834e+29,5.8642e+29,1.9952e+29,1.0840e+28,5.9460e+27,3.5090e+27,3.4850e+27,3.0245e+12,0.0000e+00,4.1552e+12,0.0000e+00,6.6666e+11,0.0000e+00,3.7508e+09,3.7267e+09,46.9,51.5,1.1,0.5,1.5250e+30,1.4983e+30,1.8294e+28,8.4010e+27,1.9020e+28,0.0000e+00,98.2,1.2,0.6
238,1.5025e+30,7.0500e+29,7.7433e+29,1.6203e+28,7.0060e+27,5.5270e+29,1.5230e+29,5.8316e+29,1.9117e+29,1.0345e+28,5.8580e+27,3.4970e+27,3.5090e+27,3.0458e+12,0.0000e+00,3.7843e+12,0.0000e+00,6.4575e+11,0.0000e+00,3.7753e+09,3.7509e+09,46.9,51.5,1.1,0.5,1.5027e+30,1.4758e+30,1.8528e+28,8.3820e+27,1.9216e+28,0.0000e+00,98.2,1.2,0.6
239,1.4716e+30,6.9183e+29,7.5685e+29,1.5978e+28,6.9620e+27,5.4059e+29,1.5124e+29,5.6234e+29,1.9451e+29,1.0467e+28,5.5110e+27,3.4790e+27,3.4830e+27,3.0620e+12,0.0000e+00,3.8930e+12,0.0000e+00,7.5917e+11,0.0000e+00,3.8001e+09,3.7754e+09,47,51.4,1.1,0.5,1.4721e+30,1.4459e+30,1.7738e+28,8.4380e+27,1.9258e+28,0.0000e+00,98.2,1.2,0.6
240,1.4578e+30,6.8478e+29,7.4936e+29,1.6641e+28,6.9890e+27,5.3241e+29,1.5236e+29,5.4904e+29,2.0032e+29,1.1000e+28,5.6410e+27,3.4860e+27,3.5030e+27,3.0890e+12,0.0000e+00,4.0990e+12,0.0000e+00,7.4953e+11,0.0000e+00,3.8253e+09,3.8002e+09,47,51.4,1.1,0.5,1.4577e+30,1.4311e+30,1.8027e+28,8.6590e+27,1.9458e+28,0.0000e+00,98.2,1.2,0.6
241,1.4381e+30,6.7597e+29,7.3928e+29,1.5871e+28,7.0030e+27,5.2903e+29,1.4694e+29,5.4623e+29,1.9306e+29,1.0522e+28,5.3490e+27,3.4700e+27,3.5330e+27,3.1096e+12,0.0000e+00,3.9361e+12,0.0000e+00,7.2497e+11,0.0000e+00,3.8509e+09,3.8254e+09,47,51.4,1.1,0.5,1.4386e+30,1.4118e+30,1.7867e+28,8.8930e+27,1.9661e+28,0.0000e+00,98.1,1.2,0.6
242,1.4077e+30,6.6368e+29,7.2182e+29,1.5239e+28,6.9650e+27,5.2265e+29,1.4102e+29,5.3580e+29,1.8602e+29,9.9570e+27,5.2820e+27,3.4940e+27,3.4710e+27,3.1426e+12,0.0000e+00,3.8272e+12,0.0000e+00,7.0269e+11,0.0000e+00,3.8766e+09,3.8510e+09,47.1,51.3,1.1,0.5,1.4082e+30,1.3819e+30,1.7559e+28,8.6840e+27,1.9704e+28,0.0000e+00,98.1,1.2,0.6
243,1.3882e+30,6.5488e+29,7.1203e+29,1.4336e+28,6.9950e+27,5.1837e+29,1.3650e+29,5.3240e+29,1.7963e+29,9.2880e+27,5.0480e+27,3.5860e+27,3.4090e+27,3.1650e+12,0.0000e+00,3.7336e+12,0.0000e+00,6.8032e+11,0.0000e+00,3.9028e+09,3.8768e+09,47.2,51.3,1,0.5,1.3883e+30,1.3625e+30,1.7200e+28,8.6110e+27,1.9911e+28,0.0000e+00,98.1,1.2,0.6
244,1.3660e+30,6.4531e+29,6.9970e+29,1.4062e+28,6.9760e+27,5.1322e+29,1.3208e+29,5.2537e+29,1.7433e+29,9.0740e+27,4.9880e+27,3.4360e+27,3.5400e+27,3.1806e+12,0.0000e+00,3.9299e+12,0.0000e+00,6.6245e+11,0.0000e+00,3.9292e+09,3.9029e+09,47.2,51.2,1,0.5,1.3662e+30,1.3403e+30,1.7193e+28,8.7380e+27,2.0037e+28,0.0000e+00,98.1,1.3,0.6
245,1.3467e+30,6.3737e+29,6.8907e+29,1.3227e+28,6.9850e+27,5.0984e+29,1.2754e+29,5.2085e+29,1.6822e+29,8.5470e+27,4.6800e+27,3.4470e+27,3.5380e+27,3.2003e+12,0.0000e+00,3.8685e+12,0.0000e+00,6.4751e+11,0.0000e+00,3.9560e+09,3.9293e+09,47.3,51.2,1,0.5,1.3469e+30,1.3214e+30,1.6772e+28,8.6940e+27,2.0249e+28,0.0000e+00,98.1,1.2,0.6
246,1.3251e+30,6.2625e+29,6.7891e+29,1.3002e+28,6.9890e+27,4.9987e+29,1.2638e+29,5.0584e+29,1.7307e+29,8.4830e+27,4.5190e+27,3.5650e+27,3.4240e+27,3.2125e+12,0.0000e+00,3.6322e+12,0.0000e+00,7.7076e+11,0.0000e+00,3.9831e+09,3.9561e+09,47.3,51.2,1,0.5,1.3254e+30,1.3002e+30,1.6522e+28,8.6650e+27,2.0377e+28,0.0000e+00,98.1,1.2,0.7
247,1.3074e+30,6.1665e+29,6.6992e+29,1.3883e+28,6.9700e+27,4.9002e+29,1.2663e+29,4.9100e+29,1.7892e+29,9.3330e+27,4.5500e+27,3.4640e+27,3.5060e+27,3.2153e+12,0.0000e+00,3.7389e+12,0.0000e+00,7.6013e+11,0.0000e+00,4.0104e+09,3.9832e+09,47.2,51.2,1.1,0.5,1.3076e+30,1.2820e+30,1.6653e+28,9.0000e+27,2.0505e+28,0.0000e+00,98,1.3,0.7
248,1.2871e+30,6.0798e+29,6.5915e+29,1.3055e+28,6.9540e+27,4.8496e+29,1.2302e+29,4.8563e+29,1.7352e+29,8.6560e+27,4.3990e+27,3.5270e+27,3.4270e+27,3.2387e+12,0.0000e+00,3.9357e+12,0.0000e+00,7.3621e+11,0.0000e+00,4.0380e+09,4.0105e+09,47.2,51.2,1,0.5,1.2874e+30,1.2616e+30,1.6544e+28,9.2280e+27,2.0633e+28,0.0000e+00,98,1.3,0.7
249,1.2742e+30,6.0137e+29,6.5334e+29,1.2508e+28,7.0010e+27,4.8203e+29,1.1934e+29,4.8359e+29,1.6975e+29,8.3000e+27,4.2080e+27,3.5510e+27,3.4500e+27,3.2582e+12,0.0000e+00,3.5722e+12,0.0000e+00,7.1538e+11,0.0000e+00,4.0659e+09,4.0381e+09,47.2,51.3,1,0.5,1.2744e+30,1.2490e+30,1.6284e+28,9.0990e+27,2.0852e+28,0.0000e+00,98,1.3,0.7
250,1.2534e+30,5.9159e+29,6.4275e+29,1.2071e+28,6.9670e+27,4.7571e+29,1.1588e+29,4.7667e+29,1.6608e+29,7.8810e+27,4.1900e+27,3.4420e+27,3.5250e+27,3.2644e+12,0.0000e+00,3.6843e+12,0.0000e+00,6.9273e+11,0.0000e+00,4.0940e+09,4.0660e+09,47.2,51.3,1,0.6,1.2538e+30,1.2289e+30,1.5843e+28,9.0880e+27,2.0981e+28,0.0000e+00,98,1.3,0.7
251,1.2356e+30,5.8536e+29,6.3160e+29,1.1652e+28,6.9850e+27,4.7312e+29,1.1224e+29,4.7020e+29,1.6140e+29,7.5850e+27,4.0670e+27,3.4930e+27,3.4920e+27,3.2849e+12,0.0000e+00,3.8918e+12,0.0000e+00,6.7446e+11,0.0000e+00,4.1225e+09,4.0941e+09,47.4,51.1,0.9,0.6,1.2357e+30,1.2107e+30,1.5886e+28,9.1060e+27,2.1204e+28,0.0000e+00,98,1.3,0.7
252,1.2082e+30,5.7313e+29,6.1722e+29,1.0876e+28,6.9320e+27,4.6504e+29,1.0809e+29,4.6095e+29,1.5626e+29,6.9770e+27,3.8990e+27,3.4570e+27,3.4750e+27,3.3181e+12,0.0000e+00,3.7982e+12,0.0000e+00,6.5529e+11,0.0000e+00,4.1511e+09,4.1226e+09,47.4,51.1,0.9,0.6,1.2082e+30,1.1833e+30,1.5834e+28,9.0590e+27,2.1238e+28,0.0000e+00,97.9,1.3,0.7
253,1.1978e+30,5.6833e+29,6.1199e+29,1.0535e+28,6.9840e+27,4.6364e+29,1.0469e+29,4.5812e+29,1.5387e+29,6.7640e+27,3.7710e+27,3.5000e+27,3.4840e+27,3.3371e+12,0.0000e+00,3.7190e+12,0.0000e+00,6.3733e+11,0.0000e+00,4.1801e+09,4.1512e+09,47.4,51.1,0.9,0.6,1.1981e+30,1.1733e+30,1.5786e+28,9.0890e+27,2.1558e+28,0.0000e+00,97.9,1.3,0.8
254,1.1761e+30,5.5604e+29,6.0261e+29,1.0465e+28,6.9450e+27,4.5214e+29,1.0390e+29,4.4730e+29,1.5531e+29,6.7890e+27,3.6760e+27,3.4280e+27,3.5170e+27,3.3498e+12,0.0000e+00,3.7628e+12,0.0000e+00,7.6159e+11,0.0000e+00,4.2092e+09,4.1802e+09,47.3,51.2,0.9,0.6,1.1762e+30,1.1515e+30,1.5554e+28,9.2000e+27,2.1590e+28,0.0000e+00,97.9,1.3,0.8
255,1.1647e+30,5.4978e+29,5.9698e+29,1.0979e+28,6.9470e+27,4.4495e+29,1.0483e+29,4.3306e+29,1.6392e+29,7.3530e+27,3.6260e+27,3.5940e+27,3.3530e+27,3.3646e+12,0.0000e+00,3.7804e+12,0.0000e+00,7.5382e+11,0.0000e+00,4.2386e+09,4.2093e+09,47.2,51.3,0.9,0.6,1.1647e+30,1.1397e+30,1.5438e+28,9.4910e+27,2.1816e+28,0.0000e+00,97.9,1.3,0.8
256,1.1475e+30,5.4130e+29,5.8877e+29,1.0499e+28,6.9340e+27,4.3935e+29,1.0195e+29,4.2920e+29,1.5958e+29,7.0080e+27,3.4910e+27,3.4650e+27,3.4690e+27,3.3741e+12,0.0000e+00,3.6468e+12,0.0000e+00,7.2486e+11,0.0000e+00,4.2682e+09,4.2387e+09,47.2,51.3,0.9,0.6,1.1479e+30,1.1230e+30,1.5373e+28,9.5050e+27,2.1944e+28,0.0000e+00,97.8,1.3,0.8
257,1.1376e+30,5.3634e+29,5.8407e+29,1.0255e+28,6.9480e+27,4.3722e+29,9.9123e+28,4.2640e+29,1.5767e+29,6.7770e+27,3.4780e+27,3.4600e+27,3.4880e+27,3.3881e+12,0.0000e+00,3.3538e+12,0.0000e+00,7.0513e+11,0.0000e+00,4.2981e+09,4.2683e+09,47.1,51.3,0.9,0.6,1.1381e+30,1.1132e+30,1.5383e+28,9.4800e+27,2.2172e+28,0.0000e+00,97.8,1.4,0.8
258,1.1162e+30,5.2792e+29,5.7171e+29,9.6640e+27,6.9400e+27,4.3140e+29,9.6527e+28,4.1879e+29,1.5292e+29,6.3420e+27,3.3220e+27,3.5240e+27,3.4160e+27,3.4210e+12,0.0000e+00,3.4947e+12,0.0000e+00,6.8388e+11,0.0000e+00,4.3281e+09,4.2982e+09,47.3,51.2,0.9,0.6,1.1160e+30,1.0914e+30,1.5079e+28,9.5070e+27,2.2298e+28,0.0000e+00,97.8,1.4,0.9
259,1.1015e+30,5.2173e+29,5.6381e+29,9.0380e+27,6.9570e+27,4.2696e+29,9.4770e+28,4.1232e+29,1.5149e+29,5.9390e+27,3.0990e+27,3.4630e+27,3.4940e+27,3.4327e+12,0.0000e+00,3.5988e+12,0.0000e+00,6.6265e+11,0.0000e+00,4.3584e+09,4.3282e+09,47.4,51.2,0.8,0.6,1.1019e+30,1.0775e+30,1.4976e+28,9.4000e+27,2.2528e+28,0.0000e+00,97.8,1.4,0.9
260,1.0865e+30,5.1363e+29,5.5711e+29,8.8480e+27,6.9370e+27,4.2150e+29,9.2130e+28,4.0645e+29,1.5066e+29,5.7440e+27,3.1040e+27,3.4380e+27,3.4990e+27,3.4488e+12,0.0000e+00,3.5155e+12,0.0000e+00,6.3927e+11,0.0000e+00,4.3889e+09,4.3586e+09,47.3,51.3,0.8,0.6,1.0866e+30,1.0624e+30,1.4667e+28,9.4860e+27,2.2653e+28,0.0000e+00,97.8,1.3,0.9
261,1.0661e+30,5.0395e+29,5.4678e+29,8.4710e+27,6.9090e+27,4.1519e+29,8.8765e+28,3.9985e+29,1.4693e+29,5.4330e+27,3.0380e+27,3.5030e+27,3.4060e+27,3.4577e+12,0.0000e+00,3.7049e+12,0.0000e+00,6.2244e+11,0.0000e+00,4.4194e+09,4.3890e+09,47.3,51.3,0.8,0.6,1.0665e+30,1.0424e+30,1.4613e+28,9.4330e+27,2.2774e+28,0.0000e+00,97.7,1.4,0.9
262,1.0586e+30,4.9877e+29,5.4478e+29,8.1490e+27,6.9420e+27,4.1178e+29,8.6995e+28,3.9955e+29,1.4522e+29,5.2330e+27,2.9160e+27,3.4800e+27,3.4620e+27,3.4660e+12,0.0000e+00,3.6897e+12,0.0000e+00,6.0500e+11,0.0000e+00,4.4502e+09,4.4196e+09,47.1,51.5,0.8,0.7,1.0586e+30,1.0349e+30,1.4227e+28,9.5460e+27,2.3004e+28,0.0000e+00,97.8,1.3,0.9
263,1.0467e+30,4.9083e+29,5.4119e+29,7.7730e+27,6.9560e+27,4.0644e+29,8.4389e+28,3.9590e+29,1.4528e+29,4.8910e+27,2.8820e+27,3.5450e+27,3.4110e+27,3.4852e+12,0.0000e+00,3.4306e+12,0.0000e+00,5.8891e+11,0.0000e+00,4.4813e+09,4.4504e+09,46.9,51.7,0.7,0.7,1.0468e+30,1.0228e+30,1.4560e+28,9.4810e+27,2.3236e+28,0.0000e+00,97.7,1.4,0.9
264,1.0330e+30,4.8304e+29,5.3496e+29,8.0920e+27,6.9320e+27,3.9697e+29,8.6070e+28,3.8184e+29,1.5312e+29,5.4010e+27,2.6910e+27,3.5010e+27,3.4310e+27,3.5018e+12,0.0000e+00,3.6228e+12,0.0000e+00,7.5450e+11,0.0000e+00,4.5125e+09,4.4815e+09,46.8,51.8,0.8,0.7,1.0333e+30,1.0095e+30,1.4358e+28,9.5040e+27,2.3355e+28,0.0000e+00,97.7,1.4,0.9
265,1.0163e+30,4.7488e+29,5.2644e+29,8.0940e+27,6.9100e+27,3.8969e+29,8.5197e+28,3.7208e+29,1.5436e+29,5.4010e+27,2.6930e+27,3.4900e+27,3.4200e+27,3.5213e+12,0.0000e+00,3.6614e+12,0.0000e+00,7.3681e+11,0.0000e+00,4.5437e+09,4.5126e+09,46.7,51.8,0.8,0.7,1.0163e+30,9.9253e+29,1.4274e+28,9.5110e+27,2.3471e+28,0.0000e+00,97.7,1.4,0.9
266,1.0074e+30,4.7086e+29,5.2181e+29,7.7810e+27,6.9250e+27,3.8704e+29,8.3820e+28,3.6810e+29,1.5371e+29,5.1330e+27,2.6480e+27,3.4750e+27,3.4500e+27,3.5368e+12,0.0000e+00,3.5467e+12,0.0000e+00,7.1300e+11,0.0000e+00,4.5751e+09,4.5438e+09,46.7,51.8,0.8,0.7,1.0072e+30,9.8333e+29,1.4214e+28,9.6390e+27,2.3700e+28,0.0000e+00,97.6,1.4,1
267,9.9490e+29,4.6556e+29,5.1488e+29,7.5260e+27,6.9440e+27,3.8374e+29,8.1817e+28,3.6251e+29,1.5237e+29,5.0580e+27,2.4680e+27,3.5120e+27,3.4320e+27,3.5516e+12,0.0000e+00,3.2529e+12,0.0000e+00,6.8901e+11,0.0000e+00,4.6068e+09,4.5753e+09,46.8,51.8,0.8,0.7,9.9532e+29,9.7167e+29,1.3850e+28,9.8010e+27,2.3930e+28,0.0000e+00,97.6,1.4,1
268,9.7969e+29,4.5858e+29,5.0700e+29,7.1860e+27,6.9200e+27,3.7818e+29,8.0400e+28,3.5681e+29,1.5019e+29,4.7100e+27,2.4760e+27,3.4910e+27,3.4290e+27,3.5607e+12,0.0000e+00,3.3592e+12,0.0000e+00,6.6942e+11,0.0000e+00,4.6385e+09,4.6069e+09,46.8,51.8,0.7,0.7,9.7966e+29,9.5595e+29,1.3966e+28,9.7410e+27,2.4041e+28,0.0000e+00,97.6,1.4,1
269,9.6618e+29,4.5111e+29,5.0128e+29,6.8950e+27,6.8940e+27,3.7255e+29,7.8560e+28,3.5302e+29,1.4826e+29,4.4950e+27,2.4000e+27,3.4600e+27,3.4340e+27,3.5793e+12,0.0000e+00,3.2609e+12,0.0000e+00,6.4852e+11,0.0000e+00,4.6702e+09,4.6386e+09,46.7,51.9,0.7,0.7,9.6632e+29,9.4283e+29,1.3809e+28,9.6850e+27,2.4147e+28,0.0000e+00,97.6,1.4,1
270,9.5815e+29,4.4604e+29,4.9862e+29,6.5870e+27,6.9050e+27,3.6896e+29,7.7081e+28,3.5134e+29,1.4727e+29,4.2980e+27,2.2890e+27,3.4060e+27,3.4990e+27,3.5986e+12,0.0000e+00,3.3371e+12,0.0000e+00,6.2568e+11,0.0000e+00,4.7020e+09,4.6703e+09,46.6,52,0.7,0.7,9.5779e+29,9.3455e+29,1.3617e+28,9.6170e+27,2.4373e+28,0.0000e+00,97.6,1.4,1
271,9.4661e+29,4.4003e+29,4.9328e+29,6.3840e+27,6.9170e+27,3.6417e+29,7.5857e+28,3.4632e+29,1.4696e+29,4.0860e+27,2.2980e+27,3.4660e+27,3.4510e+27,3.6210e+12,0.0000e+00,3.3998e+12,0.0000e+00,6.0658e+11,0.0000e+00,4.7340e+09,4.7022e+09,46.5,52.1,0.7,0.7,9.4703e+29,9.2350e+29,1.3756e+28,9.7780e+27,2.4600e+28,0.0000e+00,97.5,1.5,1
272,9.3648e+29,4.3321e+29,4.9013e+29,6.2540e+27,6.8890e+27,3.5920e+29,7.4015e+28,3.4381e+29,1.4632e+29,3.9650e+27,2.2890e+27,3.3860e+27,3.5030e+27,3.6310e+12,0.0000e+00,3.2401e+12,0.0000e+00,5.8630e+11,0.0000e+00,4.7661e+09,4.7342e+09,46.3,52.3,0.7,0.7,9.3671e+29,9.1304e+29,1.3787e+28,9.8760e+27,2.4699e+28,0.0000e+00,97.5,1.5,1.1
273,9.2797e+29,4.2713e+29,4.8810e+29,5.8310e+27,6.9070e+27,3.5427e+29,7.2856e+28,3.4122e+29,1.4688e+29,3.7010e+27,2.1300e+27,3.4410e+27,3.4660e+27,3.6344e+12,0.0000e+00,3.1774e+12,0.0000e+00,5.6504e+11,0.0000e+00,4.7982e+09,4.7662e+09,46,52.6,0.6,0.7,9.2816e+29,9.0508e+29,1.3526e+28,9.5550e+27,2.4922e+28,0.0000e+00,97.5,1.5,1
274,9.1838e+29,4.2176e+29,4.8395e+29,5.7560e+27,6.9100e+27,3.5029e+29,7.1467e+28,3.3940e+29,1.4455e+29,3.6720e+27,2.0840e+27,3.4260e+27,3.4840e+27,3.6386e+12,0.0000e+00,3.0092e+12,0.0000e+00,5.4981e+11,0.0000e+00,4.8305e+09,4.7984e+09,45.9,52.7,0.6,0.8,9.1809e+29,8.9497e+29,1.3544e+28,9.5810e+27,2.5146e+28,0.0000e+00,97.5,1.5,1
275,9.0334e+29,4.1337e+29,4.7763e+29,5.4560e+27,6.8860e+27,3.4340e+29,6.9962e+28,3.3437e+29,1.4326e+29,3.4180e+27,2.0380e+27,3.4470e+27,3.4390e+27,3.6436e+12,0.0000e+00,3.1570e+12,0.0000e+00,5.3453e+11,0.0000e+00,4.8627e+09,4.8307e+09,45.8,52.9,0.6,0.8,9.0357e+29,8.8084e+29,1.3157e+28,9.5730e+27,2.5235e+28,0.0000e+00,97.5,1.5,1.1
276,8.9405e+29,4.0799e+29,4.7369e+29,5.4710e+27,6.9020e+27,3.3834e+29,6.9645e+28,3.2765e+29,1.4605e+29,3.4180e+27,2.0530e+27,3.4460e+27,3.4560e+27,3.6338e+12,0.0000e+00,3.3128e+12,0.0000e+00,6.9643e+11,0.0000e+00,4.8950e+09,4.8629e+09,45.6,53,0.6,0.8,8.9423e+29,8.7134e+29,1.3268e+28,9.6170e+27,2.5454e+28,0.0000e+00,97.4,1.5,1.1
277,8.8530e+29,4.0244e+29,4.7013e+29,5.8070e+27,6.9190e+27,3.3144e+29,7.1008e+28,3.1277e+29,1.5736e+29,3.8910e+27,1.9160e+27,3.4840e+27,3.4350e+27,3.6589e+12,0.0000e+00,3.1369e+12,0.0000e+00,6.9014e+11,0.0000e+00,4.9274e+09,4.8952e+09,45.5,53.1,0.7,0.8,8.8527e+29,8.6242e+29,1.3198e+28,9.6510e+27,2.5673e+28,0.0000e+00,97.4,1.5,1.1
278,8.6977e+29,3.9541e+29,4.6177e+29,5.7020e+27,6.8780e+27,3.2587e+29,6.9547e+28,3.0805e+29,1.5372e+29,3.6740e+27,2.0280e+27,3.4280e+27,3.4500e+27,3.6684e+12,0.0000e+00,3.1353e+12,0.0000e+00,6.6980e+11,0.0000e+00,4.9597e+09,4.9276e+09,45.5,53.1,0.7,0.8,8.6953e+29,8.4674e+29,1.3235e+28,9.5590e+27,2.5751e+28,0.0000e+00,97.4,1.5,1.1
279,8.6227e+29,3.9191e+29,4.5800e+29,5.4740e+27,6.8850e+27,3.2310e+29,6.8815e+28,3.0474e+29,1.5325e+29,3.5520e+27,1.9220e+27,3.4420e+27,3.4430e+27,3.6816e+12,0.0000e+00,3.1477e+12,0.0000e+00,6.4486e+11,0.0000e+00,4.9920e+09,4.9599e+09,45.5,53.1,0.6,0.8,8.6278e+29,8.3993e+29,1.3143e+28,9.7020e+27,2.5964e+28,0.0000e+00,97.4,1.5,1.1
280,8.5409e+29,3.8724e+29,4.5480e+29,5.1680e+27,6.8920e+27,3.1923e+29,6.8007e+28,3.0124e+29,1.5356e+29,3.3620e+27,1.8060e+27,3.4280e+27,3.4640e+27,3.6906e+12,0.0000e+00,3.0532e+12,0.0000e+00,6.2512e+11,0.0000e+00,5.0244e+09,4.9922e+09,45.3,53.2,0.6,0.8,8.5418e+29,8.3139e+29,1.3069e+28,9.7160e+27,2.6176e+28,0.0000e+00,97.3,1.5,1.1
281,8.4916e+29,3.8318e+29,4.5402e+29,5.0600e+27,6.8990e+27,3.1606e+29,6.7118e+28,2.9892e+29,1.5510e+29,3.2490e+27,1.8110e+27,3.4220e+27,3.4770e+27,3.6907e+12,0.0000e+00,3.1202e+12,0.0000e+00,6.0529e+11,0.0000e+00,5.0569e+09,5.0246e+09,45.1,53.5,0.6,0.8,8.4908e+29,8.2655e+29,1.2974e+28,9.5550e+27,2.6387e+28,0.0000e+00,97.3,1.5,1.1
282,8.3605e+29,3.7665e+29,4.4770e+29,4.8220e+27,6.8710e+27,3.1085e+29,6.5802e+28,2.9498e+29,1.5272e+29,2.9930e+27,1.8290e+27,3.5100e+27,3.3610e+27,3.6926e+12,0.0000e+00,3.1058e+12,0.0000e+00,5.8103e+11,0.0000e+00,5.0891e+09,5.0570e+09,45.1,53.5,0.6,0.8,8.3622e+29,8.1401e+29,1.2842e+28,9.3670e+27,2.6449e+28,0.0000e+00,97.3,1.5,1.1
283,8.2719e+29,3.7148e+29,4.4407e+29,4.7720e+27,6.8720e+27,3.0645e+29,6.5032e+28,2.9132e+29,1.5275e+29,3.0510e+27,1.7210e+27,3.4190e+27,3.4530e+27,3.6993e+12,0.0000e+00,2.9029e+12,0.0000e+00,5.6213e+11,0.0000e+00,5.1214e+09,5.0893e+09,44.9,53.7,0.6,0.8,8.2722e+29,8.0499e+29,1.2776e+28,9.4560e+27,2.6652e+28,0.0000e+00,97.3,1.5,1.1
284,8.2316e+29,3.6742e+29,4.4423e+29,4.6240e+27,6.8750e+27,3.0282e+29,6.4600e+28,2.9048e+29,1.5375e+29,2.9270e+27,1.6970e+27,3.4800e+27,3.3950e+27,3.7127e+12,0.0000e+00,3.5119e+12,0.0000e+00,5.4533e+11,0.0000e+00,5.1537e+09,5.1216e+09,44.6,54,0.6,0.8,8.2303e+29,8.0074e+29,1.2733e+28,9.5620e+27,2.6854e+28,0.0000e+00,97.3,1.5,1.2
285,8.1661e+29,3.6289e+29,4.4243e+29,4.3970e+27,6.8840e+27,2.9932e+29,6.3575e+28,2.8987e+29,1.5256e+29,2.7200e+27,1.6770e+27,3.4460e+27,3.4380e+27,3.7264e+12,0.0000e+00,3.2401e+12,0.0000e+00,5.2652e+11,0.0000e+00,5.1859e+09,5.1538e+09,44.4,54.2,0.5,0.8,8.1674e+29,7.9463e+29,1.2726e+28,9.3830e+27,2.7054e+28,0.0000e+00,97.3,1.6,1.1
286,8.1060e+29,3.5822e+29,4.4121e+29,4.2790e+27,6.8950e+27,2.9537e+29,6.2852e+28,2.8788e+29,1.5332e+29,2.6190e+27,1.6600e+27,3.5500e+27,3.3450e+27,3.7394e+12,0.0000e+00,3.0748e+12,0.0000e+00,5.0853e+11,0.0000e+00,5.2181e+09,5.1861e+09,44.2,54.4,0.5,0.9,8.1082e+29,7.8869e+29,1.2695e+28,9.4350e+27,2.7251e+28,0.0000e+00,97.3,1.6,1.2
287,7.9719e+29,3.5126e+29,4.3494e+29,4.1260e+27,6.8590e+27,2.8933e+29,6.1931e+28,2.8319e+29,1.5175e+29,2.5070e+27,1.6190e+27,3.4490e+27,3.4100e+27,3.7452e+12,0.0000e+00,2.6609e+12,0.0000e+00,4.8933e+11,0.0000e+00,5.2501e+09,5.2183e+09,44.1,54.6,0.5,0.9,7.9722e+29,7.7532e+29,1.2660e+28,9.2380e+27,2.7289e+28,0.0000e+00,97.3,1.6,1.2
288,7.9368e+29,3.4868e+29,4.3408e+29,4.0180e+27,6.9000e+27,2.8751e+29,6.1167e+28,2.8239e+29,1.5169e+29,2.4380e+27,1.5800e+27,3.3900e+27,3.5100e+27,3.7493e+12,0.0000e+00,2.8615e+12,0.0000e+00,4.7118e+11,0.0000e+00,5.2822e+09,5.2503e+09,43.9,54.7,0.5,0.9,7.9397e+29,7.7228e+29,1.2527e+28,9.1630e+27,2.7636e+28,0.0000e+00,97.3,1.6,1.2
289,7.7914e+29,3.4107e+29,4.2728e+29,3.9260e+27,6.8640e+27,2.8079e+29,6.0277e+28,2.7730e+29,1.4998e+29,2.3570e+27,1.5690e+27,3.4000e+27,3.4640e+27,3.7513e+12,0.0000e+00,3.2447e+12,0.0000e+00,4.5671e+11,0.0000e+00,5.3140e+09,5.2824e+09,43.8,54.8,0.5,0.9,7.7900e+29,7.5731e+29,1.2680e+28,9.0080e+27,2.7664e+28,0.0000e+00,97.2,1.6,1.2
290,7.7162e+29,3.3671e+29,4.2430e+29,3.7490e+27,6.8620e+27,2.7712e+29,5.9598e+28,2.7444e+29,1.4985e+29,2.2460e+27,1.5030e+27,3.4430e+27,3.4190e+27,3.7539e+12,0.0000e+00,2.7509e+12,0.0000e+00,4.4231e+11,0.0000e+00,5.3457e+09,5.3142e+09,43.6,55,0.5,0.9,7.7178e+29,7.5047e+29,1.2394e+28,8.9090e+27,2.7846e+28,0.0000e+00,97.2,1.6,1.2
291,7.6923e+29,3.3219e+29,4.2642e+29,3.7620e+27,6.8590e+27,2.7313e+29,5.9060e+28,2.7312e+29,1.5330e+29,2.2640e+27,1.4980e+27,3.4610e+27,3.3980e+27,3.7525e+12,0.0000e+00,3.1284e+12,0.0000e+00,4.2683e+11,0.0000e+00,5.3773e+09,5.3459e+09,43.2,55.4,0.5,0.9,7.6923e+29,7.4762e+29,1.2565e+28,9.0470e+27,2.8025e+28,0.0000e+00,97.2,1.6,1.2
292,7.5749e+29,3.2684e+29,4.2013e+29,3.6560e+27,6.8590e+27,2.6850e+29,5.8344e+28,2.6918e+29,1.5095e+29,2.2250e+27,1.4310e+27,3.4040e+27,3.4550e+27,3.7518e+12,0.0000e+00,3.2152e+12,0.0000e+00,4.1251e+11,0.0000e+00,5.4088e+09,5.3775e+09,43.1,55.5,0.5,0.9,7.5774e+29,7.3638e+29,1.2450e+28,8.9190e+27,2.8201e+28,0.0000e+00,97.2,1.6,1.2
293,7.5220e+29,3.2164e+29,4.2006e+29,3.6420e+27,6.8530e+27,2.6400e+29,5.7641e+28,2.6875e+29,1.5131e+29,2.1570e+27,1.4850e+27,3.4520e+27,3.4010e+27,3.7432e+12,0.0000e+00,2.7647e+12,0.0000e+00,4.0135e+11,0.0000e+00,5.4402e+09,5.4090e+09,42.8,55.8,0.5,0.9,7.5205e+29,7.3117e+29,1.2288e+28,8.5940e+27,2.8372e+28,0.0000e+00,97.2,1.6,1.1
294,7.4492e+29,3.1678e+29,4.1780e+29,3.4870e+27,6.8530e+27,2.5941e+29,5.7374e+28,2.6670e+29,1.5109e+29,2.0640e+27,1.4230e+27,3.4130e+27,3.4400e+27,3.7370e+12,0.0000e+00,2.9265e+12,0.0000e+00,3.9001e+11,0.0000e+00,5.4714e+09,5.4404e+09,42.5,56.1,0.5,0.9,7.4519e+29,7.2424e+29,1.2476e+28,8.4780e+27,2.8540e+28,0.0000e+00,97.2,1.7,1.1
295,7.3551e+29,3.1175e+29,4.1355e+29,3.3610e+27,6.8550e+27,2.5533e+29,5.6414e+28,2.6393e+29,1.4961e+29,1.9580e+27,1.4030e+27,3.5030e+27,3.3520e+27,3.7370e+12,0.0000e+00,3.0035e+12,0.0000e+00,3.7792e+11,0.0000e+00,5.5024e+09,5.4715e+09,42.4,56.2,0.5,0.9,7.3553e+29,7.1474e+29,1.2322e+28,8.4650e+27,2.8704e+28,0.0000e+00,97.2,1.7,1.2
296,7.3034e+29,3.0712e+29,4.1283e+29,3.5310e+27,6.8500e+27,2.4914e+29,5.7981e+28,2.5007e+29,1.6276e+29,2.1790e+27,1.3520e+27,3.4370e+27,3.4130e+27,3.7388e+12,0.0000e+00,2.9130e+12,0.0000e+00,5.4356e+11,0.0000e+00,5.5332e+09,5.5026e+09,42.1,56.5,0.5,0.9,7.3043e+29,7.0967e+29,1.2266e+28,8.4910e+27,2.8864e+28,0.0000e+00,97.2,1.7,1.2
297,7.2650e+29,3.0373e+29,4.1240e+29,3.5200e+27,6.8420e+27,2.4563e+29,5.8104e+28,2.4677e+29,1.6564e+29,2.1840e+27,1.3360e+27,3.4460e+27,3.3960e+27,3.7373e+12,0.0000e+00,2.8340e+12,0.0000e+00,5.2691e+11,0.0000e+00,5.5639e+09,5.5334e+09,41.8,56.8,0.5,0.9,7.2632e+29,7.0572e+29,1.2153e+28,8.4530e+27,2.9019e+28,0.0000e+00,97.2,1.7,1.2
298,7.2627e+29,3.0190e+29,4.1397e+29,3.5160e+27,6.8800e+27,2.4389e+29,5.8011e+28,2.4815e+29,1.6582e+29,2.1970e+27,1.3190e+27,3.3430e+27,3.5370e+27,3.7343e+12,0.0000e+00,2.9304e+12,0.0000e+00,5.0602e+11,0.0000e+00,5.5945e+09,5.5641e+09,41.6,57,0.5,0.9,7.2609e+29,7.0556e+29,1.2363e+28,8.1720e+27,2.9349e+28,0.0000e+00,97.2,1.7,1.1
299,7.1621e+29,2.9633e+29,4.0972e+29,3.3150e+27,6.8430e+27,2.3904e+29,5.7289e+28,2.4345e+29,1.6627e+29,2.0790e+27,1.2360e+27,3.4620e+27,3.3810e+27,3.7358e+12,0.0000e+00,2.9057e+12,0.0000e+00,4.9042e+11,0.0000e+00,5.6247e+09,5.5947e+09,41.4,57.2,0.5,1,7.1631e+29,6.9559e+29,1.2533e+28,8.1870e+27,2.9318e+28,0.0000e+00,97.1,1.7,1.1
300,7.1116e+29,2.9259e+29,4.0850e+29,3.2380e+27,6.8380e+27,2.3601e+29,5.6576e+28,2.4186e+29,1.6663e+29,1.9950e+27,1.2430e+27,3.4700e+27,3.3680e+27,3.7310e+12,0.0000e+00,2.7471e+12,0.0000e+00,4.7110e+11,0.0000e+00,5.6547e+09,5.6249e+09,41.1,57.4,0.5,1,7.1139e+29,6.9112e+29,1.2249e+28,8.0220e+27,2.9459e+28,0.0000e+00,97.2,1.7,1.1
301,7.0739e+29,2.8899e+29,4.0838e+29,3.1980e+27,6.8180e+27,2.3278e+29,5.6212e+28,2.4145e+29,1.6693e+29,1.9380e+27,1.2600e+27,3.4080e+27,3.4100e+27,3.7266e+12,0.0000e+00,2.8934e+12,0.0000e+00,4.5194e+11,0.0000e+00,5.6844e+09,5.6549e+09,40.9,57.7,0.5,1,7.0721e+29,6.8726e+29,1.2037e+28,7.9130e+27,2.9594e+28,0.0000e+00,97.2,1.7,1.1
302,7.0693e+29,2.8758e+29,4.0940e+29,3.0800e+27,6.8690e+27,2.3105e+29,5.6529e+28,2.4193e+29,1.6747e+29,1.8220e+27,1.2580e+27,3.4050e+27,3.4640e+27,3.7136e+12,0.0000e+00,3.2856e+12,0.0000e+00,4.3774e+11,0.0000e+00,5.7140e+09,5.6845e+09,40.7,57.9,0.4,1,7.0695e+29,6.8698e+29,1.2264e+28,7.7080e+27,2.9912e+28,0.0000e+00,97.2,1.7,1.1
303,6.9844e+29,2.8229e+29,4.0633e+29,3.0000e+27,6.8130e+27,2.2677e+29,5.5523e+28,2.3925e+29,1.6708e+29,1.8000e+27,1.2000e+27,3.4290e+27,3.3840e+27,3.7038e+12,0.0000e+00,2.8364e+12,0.0000e+00,4.2061e+11,0.0000e+00,5.7431e+09,5.7142e+09,40.4,58.2,0.4,1,6.9823e+29,6.7850e+29,1.2101e+28,7.6290e+27,2.9852e+28,0.0000e+00,97.2,1.7,1.1
304,6.9597e+29,2.8005e+29,4.0607e+29,2.9980e+27,6.8440e+27,2.2482e+29,5.5233e+28,2.3920e+29,1.6687e+29,1.7430e+27,1.2550e+27,3.4030e+27,3.4410e+27,3.6857e+12,0.0000e+00,2.9532e+12,0.0000e+00,4.0433e+11,0.0000e+00,5.7722e+09,5.7433e+09,40.2,58.3,0.4,1,6.9622e+29,6.7647e+29,1.2271e+28,7.4830e+27,3.0162e+28,0.0000e+00,97.2,1.8,1.1
305,6.9081e+29,2.7644e+29,4.0454e+29,2.9920e+27,6.8440e+27,2.2093e+29,5.5507e+28,2.3602e+29,1.6852e+29,1.7210e+27,1.2710e+27,3.4810e+27,3.3630e+27,3.6732e+12,0.0000e+00,3.2384e+12,0.0000e+00,3.9084e+11,0.0000e+00,5.8009e+09,5.7724e+09,40,58.6,0.4,1,6.9101e+29,6.7137e+29,1.2299e+28,7.3390e+27,3.0279e+28,0.0000e+00,97.2,1.8,1.1
306,6.8783e+29,2.7303e+29,4.0498e+29,2.9950e+27,6.8300e+27,2.1830e+29,5.4727e+28,2.3576e+29,1.6922e+29,1.7700e+27,1.2250e+27,3.4360e+27,3.3940e+27,3.6613e+12,0.0000e+00,3.5024e+12,0.0000e+00,3.7752e+11,0.0000e+00,5.8293e+09,5.8011e+09,39.7,58.9,0.4,1,6.8753e+29,6.6804e+29,1.2346e+28,7.1420e+27,3.0390e+28,0.0000e+00,97.2,1.8,1
307,6.8262e+29,2.6954e+29,4.0342e+29,2.8310e+27,6.8230e+27,2.1484e+29,5.4703e+28,2.3500e+29,1.6843e+29,1.6320e+27,1.1990e+27,3.4000e+27,3.4230e+27,3.6604e+12,0.0000e+00,2.8753e+12,0.0000e+00,3.6560e+11,0.0000e+00,5.8573e+09,5.8294e+09,39.5,59.1,0.4,1,6.8256e+29,6.6339e+29,1.2313e+28,6.8610e+27,3.0496e+28,0.0000e+00,97.2,1.8,1
308,6.8231e+29,2.6727e+29,4.0531e+29,2.8810e+27,6.8530e+27,2.1274e+29,5.4530e+28,2.3400e+29,1.7131e+29,1.6850e+27,1.1960e+27,3.4370e+27,3.4160e+27,3.6562e+12,0.0000e+00,3.0319e+12,0.0000e+00,3.5657e+11,0.0000e+00,5.8852e+09,5.8575e+09,39.2,59.4,0.4,1,6.8260e+29,6.6342e+29,1.2237e+28,6.9430e+27,3.0793e+28,0.0000e+00,97.2,1.8,1
309,6.7676e+29,2.6328e+29,4.0394e+29,2.7070e+27,6.8360e+27,2.0919e+29,5.4094e+28,2.3366e+29,1.7027e+29,1.5380e+27,1.1690e+27,3.5200e+27,3.3160e+27,3.6504e+12,0.0000e+00,3.0263e+12,0.0000e+00,3.4687e+11,0.0000e+00,5.9127e+09,5.8854e+09,38.9,59.7,0.4,1,6.7650e+29,6.5779e+29,1.2278e+28,6.4310e+27,3.0889e+28,0.0000e+00,97.2,1.8,1
310,6.7229e+29,2.6036e+29,4.0232e+29,2.7880e+27,6.8280e+27,2.0660e+29,5.3762e+28,2.3258e+29,1.6974e+29,1.5810e+27,1.2070e+27,3.4030e+27,3.4250e+27,3.6429e+12,0.0000e+00,3.2317e+12,0.0000e+00,3.3548e+11,0.0000e+00,5.9398e+09,5.9128e+09,38.7,59.8,0.4,1,6.7223e+29,6.5368e+29,1.2201e+28,6.3490e+27,3.0979e+28,0.0000e+00,97.2,1.8,0.9
311,6.6750e+29,2.5664e+29,4.0137e+29,2.6690e+27,6.8180e+27,2.0277e+29,5.3869e+28,2.3098e+29,1.7039e+29,1.5270e+27,1.1420e+27,3.4120e+27,3.4060e+27,3.6344e+12,0.0000e+00,3.0566e+12,0.0000e+00,3.2529e+11,0.0000e+00,5.9665e+09,5.9400e+09,38.4,60.1,0.4,1,6.6811e+29,6.4983e+29,1.2425e+28,5.8590e+27,3.1062e+28,0.0000e+00,97.3,1.9,0.9
312,6.6326e+29,2.5338e+29,4.0039e+29,2.6910e+27,6.7990e+27,2.0038e+29,5.3005e+28,2.2965e+29,1.7074e+29,1.4920e+27,1.1990e+27,3.3550e+27,3.4440e+27,3.6250e+12,0.0000e+00,3.1474e+12,0.0000e+00,3.1452e+11,0.0000e+00,5.9928e+09,5.9667e+09,38.2,60.4,0.4,1,6.6322e+29,6.4511e+29,1.2430e+28,5.6820e+27,3.1138e+28,0.0000e+00,97.3,1.9,0.9
313,6.6274e+29,2.5165e+29,4.0160e+29,2.6560e+27,6.8300e+27,1.9809e+29,5.3558e+28,2.2886e+29,1.7274e+29,1.4820e+27,1.1740e+27,3.4560e+27,3.3740e+27,3.6133e+12,0.0000e+00,3.2945e+12,0.0000e+00,3.0380e+11,0.0000e+00,6.0189e+09,5.9930e+09,38,60.6,0.4,1,6.6256e+29,6.4483e+29,1.2361e+28,5.3690e+27,3.1415e+28,0.0000e+00,97.3,1.9,0.8
314,6.5679e+29,2.4784e+29,3.9963e+29,2.5170e+27,6.8090e+27,1.9517e+29,5.2669e+28,2.2670e+29,1.7293e+29,1.4050e+27,1.1120e+27,3.4490e+27,3.3600e+27,3.5984e+12,0.0000e+00,3.5502e+12,0.0000e+00,2.9672e+11,0.0000e+00,6.0445e+09,6.0190e+09,37.7,60.8,0.4,1,6.5701e+29,6.3952e+29,1.2417e+28,5.0710e+27,3.1480e+28,0.0000e+00,97.3,1.9,0.8
315,6.5688e+29,2.4649e+29,4.0095e+29,2.5900e+27,6.8520e+27,1.9340e+29,5.3091e+28,2.2734e+29,1.7360e+29,1.5050e+27,1.0850e+27,3.4190e+27,3.4330e+27,3.5873e+12,0.0000e+00,3.2180e+12,0.0000e+00,2.8985e+11,0.0000e+00,6.0698e+09,6.0446e+09,37.5,61,0.4,1,6.5672e+29,6.3951e+29,1.2426e+28,4.7820e+27,3.1749e+28,0.0000e+00,97.4,1.9,0.7
316,6.5207e+29,2.4303e+29,3.9981e+29,2.3900e+27,6.8310e+27,1.8999e+29,5.3041e+28,2.2462e+29,1.7519e+29,1.3290e+27,1.0610e+27,3.3500e+27,3.4810e+27,3.5748e+12,0.0000e+00,3.1715e+12,0.0000e+00,2.8178e+11,0.0000e+00,6.0947e+09,6.0700e+09,37.3,61.3,0.4,1,6.5223e+29,6.3523e+29,1.2592e+28,4.4120e+27,3.1804e+28,0.0000e+00,97.4,1.9,0.7
317,6.4891e+29,2.3957e+29,4.0014e+29,2.3870e+27,6.8040e+27,1.8678e+29,5.2790e+28,2.2568e+29,1.7447e+29,1.3310e+27,1.0560e+27,3.3500e+27,3.4540e+27,3.5608e+12,0.0000e+00,3.0643e+12,0.0000e+00,2.7451e+11,0.0000e+00,6.1191e+09,6.0949e+09,36.9,61.7,0.4,1,6.4890e+29,6.3227e+29,1.2444e+28,4.1810e+27,3.1851e+28,0.0000e+00,97.4,1.9,0.6
318,6.4951e+29,2.3804e+29,4.0218e+29,2.4480e+27,6.8380e+27,1.8529e+29,5.2756e+28,2.2544e+29,1.7674e+29,1.3310e+27,1.1170e+27,3.3660e+27,3.4720e+27,3.5437e+12,0.0000e+00,3.2673e+12,0.0000e+00,2.6883e+11,0.0000e+00,6.1432e+09,6.1192e+09,36.7,61.9,0.4,1.1,6.4921e+29,6.3265e+29,1.2585e+28,3.9730e+27,3.2106e+28,0.0000e+00,97.4,1.9,0.6
319,6.4491e+29,2.3293e+29,4.0287e+29,2.3520e+27,6.7610e+27,1.8068e+29,5.2245e+28,2.2438e+29,1.7849e+29,1.3380e+27,1.0140e+27,3.4240e+27,3.3370e+27,3.5217e+12,0.0000e+00,3.3800e+12,0.0000e+00,2.6343e+11,0.0000e+00,6.1666e+09,6.1433e+09,36.1,62.5,0.4,1,6.4501e+29,6.2867e+29,1.2753e+28,3.5920e+27,3.1923e+28,0.0000e+00,97.5,2,0.6
320,6.4545e+29,2.3263e+29,4.0360e+29,2.3750e+27,6.8410e+27,1.8000e+29,5.2627e+28,2.2557e+29,1.7803e+29,1.3070e+27,1.0680e+27,3.3950e+27,3.4460e+27,3.5029e+12,0.0000e+00,3.1432e+12,0.0000e+00,2.5687e+11,0.0000e+00,6.1898e+09,6.1667e+09,36,62.5,0.4,1.1,6.4561e+29,6.2960e+29,1.2715e+28,3.3030e+27,3.2386e+28,0.0000e+00,97.5,2,0.5
321,6.4248e+29,2.3039e+29,4.0285e+29,2.4110e+27,6.8250e+27,1.7760e+29,5.2789e+28,2.2386e+29,1.7899e+29,1.2730e+27,1.1380e+27,3.4140e+27,3.4110e+27,3.4826e+12,0.0000e+00,3.4186e+12,0.0000e+00,2.5061e+11,0.0000e+00,6.2125e+09,6.1899e+09,35.9,62.7,0.4,1.1,6.4227e+29,6.2642e+29,1.2867e+28,2.9800e+27,3.2408e+28,0.0000e+00,97.5,2,0.5
322,6.3916e+29,2.2679e+29,4.0319e+29,2.3790e+27,6.8040e+27,1.7437e+29,5.2413e+28,2.2419e+29,1.7900e+29,1.3460e+27,1.0330e+27,3.4820e+27,3.3220e+27,3.4591e+12,0.0000e+00,3.3138e+12,0.0000e+00,2.4489e+11,0.0000e+00,6.2347e+09,6.2126e+09,35.5,63.1,0.4,1.1,6.3940e+29,6.2367e+29,1.2945e+28,2.7820e+27,3.2423e+28,0.0000e+00,97.5,2,0.4
323,6.3987e+29,2.2544e+29,4.0532e+29,2.2900e+27,6.8220e+27,1.7244e+29,5.3004e+28,2.2351e+29,1.8180e+29,1.2610e+27,1.0290e+27,3.3640e+27,3.4580e+27,3.4365e+12,0.0000e+00,3.2971e+12,0.0000e+00,2.3970e+11,0.0000e+00,6.2564e+09,6.2348e+09,35.2,63.3,0.4,1.1,6.3981e+29,6.2424e+29,1.3015e+28,2.5570e+27,3.2653e+28,0.0000e+00,97.6,2,0.4
324,6.3870e+29,2.2231e+29,4.0735e+29,2.2430e+27,6.7950e+27,1.6983e+29,5.2474e+28,2.2529e+29,1.8206e+29,1.1950e+27,1.0480e+27,3.3600e+27,3.4350e+27,3.4104e+12,0.0000e+00,3.2529e+12,0.0000e+00,2.3620e+11,0.0000e+00,6.2777e+09,6.2566e+09,34.8,63.8,0.4,1.1,6.3852e+29,6.2300e+29,1.3237e+28,2.2800e+27,3.2654e+28,0.0000e+00,97.6,2.1,0.4
325,6.3974e+29,2.2132e+29,4.0929e+29,2.3130e+27,6.8220e+27,1.6834e+29,5.2986e+28,2.2610e+29,1.8318e+29,1.2600e+27,1.0530e+27,3.4780e+27,3.3440e+27,3.3838e+12,0.0000e+00,3.6236e+12,0.0000e+00,2.3655e+11,0.0000e+00,6.2985e+09,6.2778e+09,34.6,64,0.4,1.1,6.3951e+29,6.2421e+29,1.3181e+28,2.1240e+27,3.2875e+28,0.0000e+00,97.6,2.1,0.3
326,6.4295e+29,2.1897e+29,4.1484e+29,2.3470e+27,6.7930e+27,1.6608e+29,5.2891e+28,2.2926e+29,1.8558e+29,1.2730e+27,1.0740e+27,3.4310e+27,3.3620e+27,3.3683e+12,0.0000e+00,3.4155e+12,0.0000e+00,2.3190e+11,0.0000e+00,6.3187e+09,6.2987e+09,34.1,64.5,0.4,1.1,6.4259e+29,6.2705e+29,1.3635e+28,1.9050e+27,3.2863e+28,0.0000e+00,97.6,2.1,0.3
327,6.4165e+29,2.1648e+29,4.1609e+29,2.3000e+27,6.7800e+27,1.6348e+29,5.2995e+28,2.2975e+29,1.8634e+29,1.2550e+27,1.0450e+27,3.3770e+27,3.4030e+27,3.3520e+12,0.0000e+00,3.6770e+12,0.0000e+00,2.2945e+11,0.0000e+00,6.3384e+09,6.3189e+09,33.7,64.8,0.4,1.1,6.4174e+29,6.2624e+29,1.3764e+28,1.7400e+27,3.2842e+28,0.0000e+00,97.6,2.1,0.3
328,6.4900e+29,2.1697e+29,4.2288e+29,2.3080e+27,6.8510e+27,1.6365e+29,5.3319e+28,2.3292e+29,1.8995e+29,1.2340e+27,1.0740e+27,3.4840e+27,3.3670e+27,3.3387e+12,0.0000e+00,3.9023e+12,0.0000e+00,2.2405e+11,0.0000e+00,6.3578e+09,6.3385e+09,33.4,65.2,0.4,1.1,6.4830e+29,6.3252e+29,1.4139e+28,1.6350e+27,3.3276e+28,0.0000e+00,97.6,2.2,0.3
329,6.4564e+29,2.1292e+29,4.2374e+29,2.2180e+27,6.7630e+27,1.5977e+29,5.3149e+28,2.3303e+29,1.9071e+29,1.1460e+27,1.0720e+27,3.3690e+27,3.3940e+27,3.3260e+12,0.0000e+00,3.4244e+12,0.0000e+00,2.2160e+11,0.0000e+00,6.3764e+09,6.3579e+09,33,65.6,0.3,1,6.4517e+29,6.2940e+29,1.4281e+28,1.4840e+27,3.3011e+28,0.0000e+00,97.6,2.2,0.2
330,6.5859e+29,2.1474e+29,4.3471e+29,2.3130e+27,6.8330e+27,1.6037e+29,5.4367e+28,2.3748e+29,1.9722e+29,1.2580e+27,1.0550e+27,3.4780e+27,3.3550e+27,3.3075e+12,0.0000e+00,3.9123e+12,0.0000e+00,2.1866e+11,0.0000e+00,6.3946e+09,6.3765e+09,32.6,66,0.4,1,6.5820e+29,6.4213e+29,1.4749e+28,1.3180e+27,3.3436e+28,0.0000e+00,97.6,2.2,0.2
331,6.5774e+29,2.1150e+29,4.3711e+29,2.3190e+27,6.7990e+27,1.5756e+29,5.3946e+28,2.3811e+29,1.9901e+29,1.2500e+27,1.0690e+27,3.4490e+27,3.3500e+27,3.2893e+12,0.0000e+00,3.3843e+12,0.0000e+00,2.1638e+11,0.0000e+00,6.4123e+09,6.3948e+09,32.2,66.5,0.4,1,6.5752e+29,6.4150e+29,1.4817e+28,1.2060e+27,3.3390e+28,0.0000e+00,97.6,2.3,0.2
332,6.6037e+29,2.0983e+29,4.4137e+29,2.3910e+27,6.7710e+27,1.5555e+29,5.4282e+28,2.4151e+29,1.9986e+29,1.2560e+27,1.1350e+27,3.3790e+27,3.3920e+27,3.2672e+12,0.0000e+00,3.3275e+12,0.0000e+00,2.1644e+11,0.0000e+00,6.4293e+09,6.4124e+09,31.8,66.8,0.4,1,6.5982e+29,6.4347e+29,1.5233e+28,1.1090e+27,3.3335e+28,0.0000e+00,97.5,2.3,0.2
333,6.6985e+29,2.1011e+29,4.5060e+29,2.3410e+27,6.7930e+27,1.5459e+29,5.5525e+28,2.4535e+29,2.0525e+29,1.2520e+27,1.0890e+27,3.4480e+27,3.3450e+27,3.2473e+12,0.0000e+00,3.6850e+12,0.0000e+00,2.1712e+11,0.0000e+00,6.4459e+09,6.4295e+09,31.4,67.3,0.3,1,6.6920e+29,6.5249e+29,1.5665e+28,1.0510e+27,3.3509e+28,0.0000e+00,97.5,2.3,0.2
334,6.7674e+29,2.0908e+29,4.5846e+29,2.4000e+27,6.7970e+27,1.5352e+29,5.5558e+28,2.4842e+29,2.1004e+29,1.2540e+27,1.1460e+27,3.4130e+27,3.3840e+27,3.2246e+12,0.0000e+00,3.4849e+12,0.0000e+00,2.1486e+11,0.0000e+00,6.4619e+09,6.4460e+09,30.9,67.7,0.4,1,6.7625e+29,6.5909e+29,1.6173e+28,9.8400e+26,3.3679e+28,0.0000e+00,97.5,2.4,0.1
335,6.8570e+29,2.0939e+29,4.6710e+29,2.3810e+27,6.8300e+27,1.5305e+29,5.6343e+28,2.5409e+29,2.1301e+29,1.2330e+27,1.1480e+27,3.3600e+27,3.4700e+27,3.2037e+12,0.0000e+00,3.6419e+12,0.0000e+00,2.1447e+11,0.0000e+00,6.4774e+09,6.4620e+09,30.5,68.1,0.3,1,6.8497e+29,6.6737e+29,1.6656e+28,9.4100e+26,3.3843e+28,0.0000e+00,97.4,2.4,0.1
336,6.9137e+29,2.0726e+29,4.7483e+29,2.4900e+27,6.7920e+27,1.5088e+29,5.6381e+28,2.5739e+29,2.1744e+29,1.3260e+27,1.1640e+27,3.3470e+27,3.4450e+27,3.1806e+12,0.0000e+00,3.8634e+12,0.0000e+00,2.1505e+11,0.0000e+00,6.4922e+09,6.4775e+09,30,68.7,0.4,1,6.9094e+29,6.7303e+29,1.7107e+28,8.0000e+26,3.3760e+28,0.0000e+00,97.4,2.5,0.1
337,6.9627e+29,2.0583e+29,4.8120e+29,2.4680e+27,6.7630e+27,1.4918e+29,5.6654e+28,2.6066e+29,2.2055e+29,1.3100e+27,1.1580e+27,3.3850e+27,3.3780e+27,3.1591e+12,0.0000e+00,3.8004e+12,0.0000e+00,2.1272e+11,0.0000e+00,6.5064e+09,6.4923e+09,29.6,69.1,0.4,1,6.9520e+29,6.7709e+29,1.7324e+28,7.8600e+26,3.3669e+28,0.0000e+00,97.4,2.5,0.1
338,7.1035e+29,2.0757e+29,4.9349e+29,2.4610e+27,6.8220e+27,1.4958e+29,5.7998e+28,2.6696e+29,2.2653e+29,1.3020e+27,1.1590e+27,3.5000e+27,3.3220e+27,3.1350e+12,0.0000e+00,3.9602e+12,0.0000e+00,2.1252e+11,0.0000e+00,6.5201e+09,6.5065e+09,29.2,69.5,0.3,1,7.0963e+29,6.9058e+29,1.8284e+28,7.5700e+26,3.4057e+28,0.0000e+00,97.3,2.6,0.1
339,7.2089e+29,2.0730e+29,5.0439e+29,2.4180e+27,6.7840e+27,1.4854e+29,5.8761e+28,2.7219e+29,2.3220e+29,1.2580e+27,1.1600e+27,3.3990e+27,3.3850e+27,3.1131e+12,0.0000e+00,3.9134e+12,0.0000e+00,2.1148e+11,0.0000e+00,6.5332e+09,6.5202e+09,28.8,70,0.3,0.9,7.2003e+29,7.0072e+29,1.8597e+28,7.1400e+26,3.3952e+28,0.0000e+00,97.3,2.6,0.1
340,7.3257e+29,2.0717e+29,5.1612e+29,2.4740e+27,6.8050e+27,1.4810e+29,5.9072e+28,2.7745e+29,2.3867e+29,1.2870e+27,1.1870e+27,3.4430e+27,3.3620e+27,3.0870e+12,0.0000e+00,4.5195e+12,0.0000e+00,2.0849e+11,0.0000e+00,6.5456e+09,6.5333e+09,28.3,70.5,0.3,0.9,7.3183e+29,7.1198e+29,1.9207e+28,6.4700e+26,3.4085e+28,0.0000e+00,97.3,2.6,0.1
341,7.3898e+29,2.0551e+29,5.2417e+29,2.5360e+27,6.7640e+27,1.4606e+29,5.9449e+28,2.8199e+29,2.4217e+29,1.3510e+27,1.1850e+27,3.3470e+27,3.4170e+27,3.0612e+12,0.0000e+00,4.2502e+12,0.0000e+00,2.0930e+11,0.0000e+00,6.5575e+09,6.5457e+09,27.8,70.9,0.3,0.9,7.3794e+29,7.1780e+29,1.9483e+28,6.6100e+26,3.3965e+28,0.0000e+00,97.3,2.6,0.1
342,7.5852e+29,2.0742e+29,5.4181e+29,2.4630e+27,6.8210e+27,1.4705e+29,6.0372e+28,2.9149e+29,2.5033e+29,1.2890e+27,1.1740e+27,3.3920e+27,3.4290e+27,3.0356e+12,0.0000e+00,3.8278e+12,0.0000e+00,2.0843e+11,0.0000e+00,6.5688e+09,6.5576e+09,27.3,71.4,0.3,0.9,7.5756e+29,7.3646e+29,2.0475e+28,6.3100e+26,3.4332e+28,0.0000e+00,97.2,2.7,0.1
343,7.6389e+29,2.0623e+29,5.4824e+29,2.6340e+27,6.7920e+27,1.4574e+29,6.0495e+28,2.9591e+29,2.5233e+29,1.3850e+27,1.2490e+27,3.3300e+27,3.4620e+27,3.0069e+12,0.0000e+00,5.1600e+12,0.0000e+00,2.0909e+11,0.0000e+00,6.5794e+09,6.5689e+09,27,71.8,0.3,0.9,7.6354e+29,7.4203e+29,2.0887e+28,6.2000e+26,3.4198e+28,0.0000e+00,97.2,2.7,0.1
344,7.7655e+29,2.0670e+29,5.6040e+29,2.6520e+27,6.7980e+27,1.4494e+29,6.1761e+28,3.0136e+29,2.5903e+29,1.4170e+27,1.2350e+27,3.2900e+27,3.5080e+27,2.9822e+12,0.0000e+00,3.9371e+12,0.0000e+00,2.0714e+11,0.0000e+00,6.5894e+09,6.5795e+09,26.6,72.2,0.3,0.9,7.7523e+29,7.5300e+29,2.1649e+28,5.8400e+26,3.4306e+28,0.0000e+00,97.1,2.8,0.1
345,7.8381e+29,2.0502e+29,5.6942e+29,2.6110e+27,6.7580e+27,1.4366e+29,6.1361e+28,3.0727e+29,2.6215e+29,1.3140e+27,1.2970e+27,3.3440e+27,3.4140e+27,2.9582e+12,0.0000e+00,4.2841e+12,0.0000e+00,2.0509e+11,0.0000e+00,6.5988e+09,6.5895e+09,26.2,72.6,0.3,0.9,7.8292e+29,7.6037e+29,2.1951e+28,5.9100e+26,3.4157e+28,0.0000e+00,97.1,2.8,0.1
346,8.0239e+29,2.0684e+29,5.8602e+29,2.7050e+27,6.8190e+27,1.4407e+29,6.2777e+28,3.1634e+29,2.6969e+29,1.4700e+27,1.2350e+27,3.4480e+27,3.3710e+27,2.9312e+12,0.0000e+00,4.5578e+12,0.0000e+00,2.0594e+11,0.0000e+00,6.6076e+09,6.5989e+09,25.8,73,0.3,0.8,8.0186e+29,7.7868e+29,2.2596e+28,5.8000e+26,3.4500e+28,0.0000e+00,97.1,2.8,0.1
347,8.0824e+29,2.0576e+29,5.9296e+29,2.7460e+27,6.7700e+27,1.4288e+29,6.2886e+28,3.1858e+29,2.7438e+29,1.4670e+27,1.2790e+27,3.4470e+27,3.3230e+27,2.9025e+12,0.0000e+00,4.6280e+12,0.0000e+00,2.0514e+11,0.0000e+00,6.6157e+09,6.6076e+09,25.5,73.4,0.3,0.8,8.0718e+29,7.8382e+29,2.2788e+28,5.7700e+26,3.4338e+28,0.0000e+00,97.1,2.8,0.1
348,8.1865e+29,2.0626e+29,6.0286e+29,2.7350e+27,6.7870e+27,1.4252e+29,6.3744e+28,3.2360e+29,2.7927e+29,1.4280e+27,1.3070e+27,3.3980e+27,3.3890e+27,2.8722e+12,0.0000e+00,4.4354e+12,0.0000e+00,2.0598e+11,0.0000e+00,6.6232e+09,6.6157e+09,25.2,73.6,0.3,0.8,8.1813e+29,7.9404e+29,2.3520e+28,5.6900e+26,3.4418e+28,0.0000e+00,97.1,2.9,0.1
349,8.2893e+29,2.0600e+29,6.1333e+29,2.8130e+27,6.7930e+27,1.4163e+29,6.4372e+28,3.2950e+29,2.8383e+29,1.4720e+27,1.3410e+27,3.3470e+27,3.4460e+27,2.8490e+12,0.0000e+00,4.1929e+12,0.0000e+00,2.0460e+11,0.0000e+00,6.6301e+09,6.6232e+09,24.9,74,0.3,0.8,8.2817e+29,8.0362e+29,2.4034e+28,5.2100e+26,3.4493e+28,0.0000e+00,97,2.9,0.1
350,8.4145e+29,2.0640e+29,6.2541e+29,2.8360e+27,6.8040e+27,1.4159e+29,6.4810e+28,3.3656e+29,2.8885e+29,1.4760e+27,1.3600e+27,3.3980e+27,3.4060e+27,2.8176e+12,0.0000e+00,5.0463e+12,0.0000e+00,2.0349e+11,0.0000e+00,6.6363e+09,6.6301e+09,24.5,74.3,0.3,0.8,8.4065e+29,8.1538e+29,2.4721e+28,5.4000e+26,3.4560e+28,0.0000e+00,97,2.9,0.1
351,8.4310e+29,2.0531e+29,6.2807e+29,2.9710e+27,6.7530e+27,1.4077e+29,6.4539e+28,3.3719e+29,2.9088e+29,1.6000e+27,1.3710e+27,3.4270e+27,3.3260e+27,2.7905e+12,0.0000e+00,4.4156e+12,0.0000e+00,2.0242e+11,0.0000e+00,6.6418e+09,6.6363e+09,24.4,74.5,0.4,0.8,8.4282e+29,8.1738e+29,2.4879e+28,5.6100e+26,3.4369e+28,0.0000e+00,97,3,0.1
352,8.5822e+29,2.0654e+29,6.4186e+29,2.9900e+27,6.8230e+27,1.4061e+29,6.5933e+28,3.4610e+29,2.9576e+29,1.5990e+27,1.3910e+27,3.4560e+27,3.3670e+27,2.7605e+12,0.0000e+00,4.9553e+12,0.0000e+00,2.0350e+11,0.0000e+00,6.6467e+09,6.6418e+09,24.1,74.8,0.3,0.8,8.5775e+29,8.3200e+29,2.5168e+28,5.7600e+26,3.4675e+28,0.0000e+00,97,2.9,0.1
353,8.5715e+29,2.0428e+29,6.4323e+29,2.8830e+27,6.7580e+27,1.3854e+29,6.5739e+28,3.4689e+29,2.9635e+29,1.5760e+27,1.3070e+27,3.3920e+27,3.3660e+27,2.7320e+12,0.0000e+00,4.7036e+12,0.0000e+00,2.0356e+11,0.0000e+00,6.6510e+09,6.6467e+09,23.8,75,0.3,0.8,8.5680e+29,8.3085e+29,2.5368e+28,5.7700e+26,3.4470e+28,0.0000e+00,97,3,0.1
354,8.6269e+29,2.0450e+29,6.4847e+29,2.9590e+27,6.7660e+27,1.3836e+29,6.6131e+28,3.4810e+29,3.0037e+29,1.5740e+27,1.3850e+27,3.4430e+27,3.3230e+27,2.7026e+12,0.0000e+00,4.9641e+12,0.0000e+00,2.0025e+11,0.0000e+00,6.6546e+09,6.6510e+09,23.7,75.2,0.3,0.8,8.6229e+29,8.3587e+29,2.5868e+28,5.5700e+26,3.4510e+28,0.0000e+00,96.9,3,0.1
355,8.7620e+29,2.0586e+29,6.6050e+29,3.0250e+27,6.8180e+27,1.3801e+29,6.7842e+28,3.5198e+29,3.0852e+29,1.5690e+27,1.4560e+27,3.4010e+27,3.4170e+27,2.6756e+12,0.0000e+00,5.0289e+12,0.0000e+00,1.9916e+11,0.0000e+00,6.6576e+09,6.6546e+09,23.5,75.4,0.3,0.8,8.7556e+29,8.4891e+29,2.6093e+28,5.5800e+26,3.4798e+28,0.0000e+00,97,3,0.1
356,8.7655e+29,2.0414e+29,6.6263e+29,3.0060e+27,6.7830e+27,1.3666e+29,6.7477e+28,3.5319e+29,3.0944e+29,1.5740e+27,1.4320e+27,3.3450e+27,3.4380e+27,2.6416e+12,0.0000e+00,5.0195e+12,0.0000e+00,1.9647e+11,0.0000e+00,6.6598e+09,6.6576e+09,23.3,75.6,0.3,0.8,8.7616e+29,8.4930e+29,2.6329e+28,5.3300e+26,3.4571e+28,0.0000e+00,96.9,3,0.1
357,8.7997e+29,2.0348e+29,6.6664e+29,3.0760e+27,6.7840e+27,1.3569e+29,6.7790e+28,3.5670e+29,3.0994e+29,1.6390e+27,1.4370e+27,3.3980e+27,3.3860e+27,2.6234e+12,0.0000e+00,4.8837e+12,0.0000e+00,1.9373e+11,0.0000e+00,6.6615e+09,6.6599e+09,23.1,75.8,0.3,0.8,8.7955e+29,8.5244e+29,2.6555e+28,5.5700e+26,3.4592e+28,0.0000e+00,96.9,3,0.1
358,8.8389e+29,2.0336e+29,6.7073e+29,3.0300e+27,6.7800e+27,1.3531e+29,6.8047e+28,3.5929e+29,3.1143e+29,1.6140e+27,1.4160e+27,3.3610e+27,3.4190e+27,2.6060e+12,0.0000e+00,5.1973e+12,0.0000e+00,1.9276e+11,0.0000e+00,6.6625e+09,6.6615e+09,23,75.9,0.3,0.8,8.8383e+29,8.5624e+29,2.7017e+28,5.7900e+26,3.4605e+28,0.0000e+00,96.9,3.1,0.1
359,8.8243e+29,2.0158e+29,6.7104e+29,3.0350e+27,6.7820e+27,1.3345e+29,6.8126e+28,3.5730e+29,3.1374e+29,1.6400e+27,1.3950e+27,3.3890e+27,3.3930e+27,2.5867e+12,0.0000e+00,4.9787e+12,0.0000e+00,1.9217e+11,0.0000e+00,6.6629e+09,6.6625e+09,22.8,76,0.3,0.8,8.8261e+29,8.5512e+29,2.6925e+28,5.7000e+26,3.4612e+28,0.0000e+00,96.9,3.1,0.1
