TAA_Bin,Gen_Total,Gen_PSD,Gen_TD,Gen_SWS,Gen_MMV,Gen_PSD_Dawn,Gen_PSD_Dusk,Gen_TD_Dawn,Gen_TD_Dusk,Gen_SWS_Dawn,Gen_SWS_Dusk,Gen_MMV_Dawn,Gen_MMV_Dusk,Gen_PSD_Dawn_Terminator,Gen_TD_Dawn_Terminator,Max_Flux_PSD,Min_Flux_PSD,Max_Flux_TD,Min_Flux_TD,Max_Flux_SWS,Min_Flux_SWS,Max_Flux_MMV,Min_Flux_MMV,Pct_PSD,Pct_TD,Pct_SWS,Pct_MMV,Loss_Total,Loss_Stuck,Loss_Ionized,Loss_Escaped,Supply_Internal,Trans_Inward,Pct_Stuck,Pct_Ionized,Pct_Escaped
0,5.9194e+29,0.0000e+00,5.7572e+29,9.4300e+27,6.7900e+27,0.0000e+00,0.0000e+00,2.9549e+29,2.8023e+29,5.0200e+27,4.4100e+27,3.5500e+27,3.2400e+27,0.0000e+00,2.0200e+27,0.0000e+00,0.0000e+00,1.2504e+09,2.4555e-05,4.1106e+07,8.8414e+05,6.6625e+05,6.6621e+05,0.0,97.3,1.6,1.1,5.9149e+29,5.7163e+29,1.8500e+28,1.3600e+27,2.4895e+28,0.0000e+00,96.6,3.1,0.2
1,5.8617e+29,0.0000e+00,5.7021e+29,9.1800e+27,6.7800e+27,0.0000e+00,0.0000e+00,2.8986e+29,2.8035e+29,5.0600e+27,4.1200e+27,3.2300e+27,3.5500e+27,0.0000e+00,1.9700e+27,0.0000e+00,0.0000e+00,1.4593e+09,2.4555e-05,4.0380e+07,9.2847e+05,6.6621e+05,6.6612e+05,0.0,97.3,1.6,1.2,5.8689e+29,5.6668e+29,1.8790e+28,1.4200e+27,2.4887e+28,0.0000e+00,96.6,3.2,0.2
2,5.7406e+29,0.0000e+00,5.5798e+29,9.2900e+27,6.7900e+27,0.0000e+00,0.0000e+00,2.9106e+29,2.6692e+29,4.8300e+27,4.4600e+27,3.3500e+27,3.4400e+27,0.0000e+00,2.0800e+27,0.0000e+00,0.0000e+00,1.4472e+09,2.4555e-05,3.9609e+07,9.7776e+05,6.6611e+05,6.6595e+05,0.0,97.2,1.6,1.2,5.7422e+29,5.5432e+29,1.8400e+28,1.5000e+27,2.4871e+28,0.0000e+00,96.5,3.2,0.3
3,5.8799e+29,0.0000e+00,5.7228e+29,8.9000e+27,6.8100e+27,0.0000e+00,0.0000e+00,2.9522e+29,2.7706e+29,4.7900e+27,4.1100e+27,3.6100e+27,3.2000e+27,0.0000e+00,1.9200e+27,0.0000e+00,0.0000e+00,1.4544e+09,2.4555e-05,3.9461e+07,9.6199e+05,6.6595e+05,6.6572e+05,0.0,97.3,1.5,1.2,5.8731e+29,5.6688e+29,1.8820e+28,1.6100e+27,2.5031e+28,0.0000e+00,96.5,3.2,0.3
4,5.9173e+29,0.0000e+00,5.7581e+29,9.1400e+27,6.7800e+27,0.0000e+00,0.0000e+00,2.9711e+29,2.7870e+29,5.0500e+27,4.0900e+27,3.2200e+27,3.5600e+27,0.0000e+00,1.8600e+27,0.0000e+00,0.0000e+00,1.3971e+09,2.4555e-05,3.9566e+07,9.6233e+05,6.6572e+05,6.6543e+05,0.0,97.3,1.5,1.1,5.9269e+29,5.7265e+29,1.8570e+28,1.4700e+27,2.4818e+28,0.0000e+00,96.6,3.1,0.2
5,5.8272e+29,0.0000e+00,5.6692e+29,9.0200e+27,6.7800e+27,0.0000e+00,0.0000e+00,2.8617e+29,2.8075e+29,4.9800e+27,4.0400e+27,3.5100e+27,3.2700e+27,0.0000e+00,1.6700e+27,0.0000e+00,0.0000e+00,1.3019e+09,2.4555e-05,3.9004e+07,9.0751e+05,6.6542e+05,6.6507e+05,0.0,97.3,1.5,1.2,5.8223e+29,5.6214e+29,1.8570e+28,1.5200e+27,2.4779e+28,0.0000e+00,96.5,3.2,0.3
6,5.8493e+29,0.0000e+00,5.6888e+29,9.2400e+27,6.8100e+27,0.0000e+00,0.0000e+00,2.8645e+29,2.8243e+29,4.7700e+27,4.4700e+27,3.3800e+27,3.4300e+27,0.0000e+00,1.4600e+27,0.0000e+00,0.0000e+00,1.3376e+09,2.4555e-05,3.8250e+07,9.6886e+05,6.6506e+05,6.6464e+05,0.0,97.3,1.6,1.2,5.8511e+29,5.6425e+29,1.9240e+28,1.6200e+27,2.4915e+28,0.0000e+00,96.4,3.3,0.3
7,5.7008e+29,0.0000e+00,5.5439e+29,8.9400e+27,6.7500e+27,0.0000e+00,0.0000e+00,2.7833e+29,2.7606e+29,4.6400e+27,4.3000e+27,3.2800e+27,3.4700e+27,0.0000e+00,1.7600e+27,0.0000e+00,0.0000e+00,1.4040e+09,2.4555e-05,3.7631e+07,9.1059e+05,6.6464e+05,6.6415e+05,0.0,97.2,1.6,1.2,5.7075e+29,5.5099e+29,1.8160e+28,1.6000e+27,2.4680e+28,0.0000e+00,96.5,3.2,0.3
8,5.7201e+29,0.0000e+00,5.5566e+29,9.5400e+27,6.8100e+27,0.0000e+00,0.0000e+00,2.8104e+29,2.7462e+29,5.0000e+27,4.5400e+27,3.2400e+27,3.5700e+27,0.0000e+00,1.6200e+27,0.0000e+00,0.0000e+00,1.2141e+09,2.4555e-05,3.7299e+07,9.0578e+05,6.6415e+05,6.6359e+05,0.0,97.1,1.7,1.2,5.7163e+29,5.5144e+29,1.8180e+28,2.0100e+27,2.4800e+28,0.0000e+00,96.5,3.2,0.4
9,5.5854e+29,0.0000e+00,5.4311e+29,8.6300e+27,6.8000e+27,0.0000e+00,0.0000e+00,2.7242e+29,2.7069e+29,4.5700e+27,4.0600e+27,3.4400e+27,3.3600e+27,0.0000e+00,1.6100e+27,0.0000e+00,0.0000e+00,1.4418e+09,4.9110e-05,3.6744e+07,8.5243e+05,6.6359e+05,6.6297e+05,0.0,97.2,1.5,1.2,5.5890e+29,5.3936e+29,1.7750e+28,1.7900e+27,2.4731e+28,0.0000e+00,96.5,3.2,0.3
10,5.6647e+29,0.0000e+00,5.5057e+29,9.0700e+27,6.8300e+27,0.0000e+00,0.0000e+00,2.7418e+29,2.7639e+29,4.9900e+27,4.0800e+27,3.3000e+27,3.5300e+27,0.0000e+00,1.5700e+27,0.0000e+00,0.0000e+00,1.4960e+09,4.9110e-05,3.6305e+07,8.8470e+05,6.6297e+05,6.6229e+05,0.0,97.2,1.6,1.2,5.6680e+29,5.4684e+29,1.8190e+28,1.7700e+27,2.4655e+28,0.0000e+00,96.5,3.2,0.3
11,5.5215e+29,0.0000e+00,5.3597e+29,9.4000e+27,6.7800e+27,0.0000e+00,0.0000e+00,2.6654e+29,2.6943e+29,5.1300e+27,4.2700e+27,3.3700e+27,3.4100e+27,0.0000e+00,1.6200e+27,0.0000e+00,0.0000e+00,1.2661e+09,4.9110e-05,3.6188e+07,9.9939e+05,6.6228e+05,6.6154e+05,0.0,97.1,1.7,1.2,5.5350e+29,5.3341e+29,1.8080e+28,2.0100e+27,2.4572e+28,0.0000e+00,96.4,3.3,0.4
12,5.4317e+29,0.0000e+00,5.2767e+29,8.7800e+27,6.7200e+27,0.0000e+00,0.0000e+00,2.6296e+29,2.6471e+29,4.9300e+27,3.8500e+27,3.5300e+27,3.1900e+27,0.0000e+00,1.4500e+27,0.0000e+00,0.0000e+00,1.2546e+09,4.9110e-05,3.6090e+07,1.0210e+06,6.6153e+05,6.6073e+05,0.0,97.1,1.6,1.2,5.4390e+29,5.2555e+29,1.6680e+28,1.6700e+27,2.4481e+28,0.0000e+00,96.6,3.1,0.3
13,5.3968e+29,0.0000e+00,5.2425e+29,8.6800e+27,6.7500e+27,0.0000e+00,0.0000e+00,2.5643e+29,2.6782e+29,4.7400e+27,3.9400e+27,3.4000e+27,3.3500e+27,0.0000e+00,1.5700e+27,0.0000e+00,0.0000e+00,1.2498e+09,4.9110e-05,3.5963e+07,9.9733e+05,6.6072e+05,6.5985e+05,0.0,97.1,1.6,1.3,5.3943e+29,5.2075e+29,1.6900e+28,1.7800e+27,2.4383e+28,0.0000e+00,96.5,3.1,0.3
14,5.4378e+29,0.0000e+00,5.2776e+29,9.1700e+27,6.8500e+27,0.0000e+00,0.0000e+00,2.6607e+29,2.6169e+29,4.8600e+27,4.3100e+27,3.4300e+27,3.4200e+27,0.0000e+00,1.4900e+27,0.0000e+00,0.0000e+00,1.4042e+09,4.9110e-05,3.5860e+07,9.8010e+05,6.5985e+05,6.5891e+05,0.0,97.1,1.7,1.3,5.4446e+29,5.2557e+29,1.7040e+28,1.8500e+27,2.4456e+28,0.0000e+00,96.5,3.1,0.3
15,5.0909e+29,0.0000e+00,4.9352e+29,8.8400e+27,6.7300e+27,0.0000e+00,0.0000e+00,2.4383e+29,2.4969e+29,4.6400e+27,4.2000e+27,3.3200e+27,3.4100e+27,0.0000e+00,1.5400e+27,0.0000e+00,0.0000e+00,1.2385e+09,4.9110e-05,3.5307e+07,9.8120e+05,6.5891e+05,6.5791e+05,0.0,96.9,1.7,1.3,5.0996e+29,4.9194e+29,1.5750e+28,2.2700e+27,2.4343e+28,0.0000e+00,96.5,3.1,0.4
16,5.2118e+29,0.0000e+00,5.0585e+29,8.5800e+27,6.7500e+27,0.0000e+00,0.0000e+00,2.4839e+29,2.5746e+29,4.5900e+27,3.9900e+27,3.4500e+27,3.3000e+27,0.0000e+00,1.4200e+27,0.0000e+00,0.0000e+00,1.5616e+09,7.3666e-05,3.4837e+07,1.0025e+06,6.5790e+05,6.5685e+05,0.0,97.1,1.6,1.3,5.2021e+29,5.0290e+29,1.5350e+28,1.9600e+27,2.4223e+28,0.0000e+00,96.7,3.0,0.4
17,5.1560e+29,0.0000e+00,4.9991e+29,8.9100e+27,6.7800e+27,0.0000e+00,0.0000e+00,2.4143e+29,2.5848e+29,4.6900e+27,4.2200e+27,3.5000e+27,3.2800e+27,0.0000e+00,1.2800e+27,0.0000e+00,0.0000e+00,1.2647e+09,7.3666e-05,3.4445e+07,9.9571e+05,6.5684e+05,6.5573e+05,0.0,97.0,1.7,1.3,5.1681e+29,4.9881e+29,1.5930e+28,2.0700e+27,2.4097e+28,0.0000e+00,96.5,3.1,0.4
18,5.1933e+29,0.0000e+00,5.0343e+29,9.0300e+27,6.8700e+27,0.0000e+00,0.0000e+00,2.4881e+29,2.5462e+29,5.0900e+27,3.9400e+27,3.3800e+27,3.4900e+27,0.0000e+00,1.1700e+27,0.0000e+00,0.0000e+00,1.7323e+09,7.3666e-05,3.3904e+07,9.7631e+05,6.5572e+05,6.5453e+05,0.0,96.9,1.7,1.3,5.1918e+29,5.0133e+29,1.5690e+28,2.1600e+27,2.4138e+28,0.0000e+00,96.6,3.0,0.4
19,4.9580e+29,0.0000e+00,4.8016e+29,8.8200e+27,6.8200e+27,0.0000e+00,0.0000e+00,2.3515e+29,2.4501e+29,4.7600e+27,4.0600e+27,3.3400e+27,3.4800e+27,0.0000e+00,1.3400e+27,0.0000e+00,0.0000e+00,1.2365e+09,7.3666e-05,3.3319e+07,9.9053e+05,6.5453e+05,6.5329e+05,0.0,96.8,1.8,1.4,4.9722e+29,4.8025e+29,1.4770e+28,2.2000e+27,2.3997e+28,0.0000e+00,96.6,3.0,0.4
20,4.9814e+29,0.0000e+00,4.8290e+29,8.4300e+27,6.8100e+27,0.0000e+00,0.0000e+00,2.3631e+29,2.4659e+29,4.4900e+27,3.9400e+27,3.7000e+27,3.1100e+27,0.0000e+00,1.0800e+27,0.0000e+00,0.0000e+00,1.3020e+09,7.3666e-05,3.2712e+07,1.0074e+06,6.5328e+05,6.5198e+05,0.0,96.9,1.7,1.4,4.9797e+29,4.8135e+29,1.4180e+28,2.4400e+27,2.3850e+28,0.0000e+00,96.7,2.8,0.5
21,4.9612e+29,0.0000e+00,4.8088e+29,8.4500e+27,6.7900e+27,0.0000e+00,0.0000e+00,2.3763e+29,2.4325e+29,4.4300e+27,4.0200e+27,3.5600e+27,3.2300e+27,0.0000e+00,1.3300e+27,0.0000e+00,0.0000e+00,1.1585e+09,7.3666e-05,3.2037e+07,9.9314e+05,6.5197e+05,6.5062e+05,0.0,96.9,1.7,1.4,4.9628e+29,4.8017e+29,1.3910e+28,2.2000e+27,2.3697e+28,0.0000e+00,96.8,2.8,0.4
22,4.8793e+29,0.0000e+00,4.7225e+29,8.8200e+27,6.8600e+27,0.0000e+00,0.0000e+00,2.3333e+29,2.3892e+29,4.5500e+27,4.2700e+27,3.2700e+27,3.5900e+27,0.0000e+00,1.3800e+27,0.0000e+00,0.0000e+00,1.3591e+09,7.3666e-05,3.1765e+07,9.7510e+05,6.5061e+05,6.4919e+05,0.0,96.8,1.8,1.4,4.8919e+29,4.7320e+29,1.3540e+28,2.4500e+27,2.3707e+28,0.0000e+00,96.7,2.8,0.5
23,4.8235e+29,0.0000e+00,4.6695e+29,8.6700e+27,6.7300e+27,0.0000e+00,0.0000e+00,2.3334e+29,2.3361e+29,4.3600e+27,4.3100e+27,3.4400e+27,3.2900e+27,0.0000e+00,9.8000e+26,0.0000e+00,0.0000e+00,1.2446e+09,7.3666e-05,3.0978e+07,9.8112e+05,6.4918e+05,6.4771e+05,0.0,96.8,1.8,1.4,4.8197e+29,4.6599e+29,1.3550e+28,2.4300e+27,2.3541e+28,0.0000e+00,96.7,2.8,0.5
24,4.8140e+29,0.0000e+00,4.6623e+29,8.4200e+27,6.7500e+27,0.0000e+00,0.0000e+00,2.3523e+29,2.3100e+29,4.4200e+27,4.0000e+27,3.2600e+27,3.4900e+27,0.0000e+00,1.3000e+27,0.0000e+00,0.0000e+00,1.2510e+09,7.3666e-05,3.0900e+07,9.0933e+05,6.4770e+05,6.4617e+05,0.0,96.8,1.7,1.4,4.8296e+29,4.6725e+29,1.3360e+28,2.3500e+27,2.3369e+28,0.0000e+00,96.7,2.8,0.5
25,4.6525e+29,0.0000e+00,4.4955e+29,8.9500e+27,6.7500e+27,0.0000e+00,0.0000e+00,2.2645e+29,2.2310e+29,4.6700e+27,4.2800e+27,3.3800e+27,3.3700e+27,0.0000e+00,1.2000e+27,0.0000e+00,0.0000e+00,1.2152e+09,7.3666e-05,3.0471e+07,8.9497e+05,6.4616e+05,6.4457e+05,0.0,96.6,1.9,1.5,4.6548e+29,4.4970e+29,1.3270e+28,2.5100e+27,2.3357e+28,0.0000e+00,96.6,2.9,0.5
26,4.6403e+29,0.0000e+00,4.4815e+29,9.0500e+27,6.8300e+27,0.0000e+00,0.0000e+00,2.2096e+29,2.2719e+29,4.7200e+27,4.3300e+27,3.2500e+27,3.5800e+27,0.0000e+00,1.3000e+27,0.0000e+00,0.0000e+00,1.2233e+09,7.3666e-05,2.9969e+07,9.2161e+05,6.4456e+05,6.4292e+05,0.0,96.6,2.0,1.5,4.6455e+29,4.4873e+29,1.2870e+28,2.9500e+27,2.3172e+28,0.0000e+00,96.6,2.8,0.6
27,4.5837e+29,0.0000e+00,4.4313e+29,8.4400e+27,6.8000e+27,0.0000e+00,0.0000e+00,2.1893e+29,2.2420e+29,4.4900e+27,3.9500e+27,3.3600e+27,3.4400e+27,0.0000e+00,1.1200e+27,0.0000e+00,0.0000e+00,1.2586e+09,7.3666e-05,2.9339e+07,9.4667e+05,6.4291e+05,6.4121e+05,0.0,96.7,1.8,1.5,4.5879e+29,4.4377e+29,1.2450e+28,2.5700e+27,2.3144e+28,0.0000e+00,96.7,2.7,0.6
28,4.3284e+29,0.0000e+00,4.1666e+29,9.3200e+27,6.8600e+27,0.0000e+00,0.0000e+00,2.0867e+29,2.0799e+29,5.0400e+27,4.2800e+27,3.3000e+27,3.5600e+27,0.0000e+00,1.0300e+27,0.0000e+00,0.0000e+00,1.1535e+09,4.9110e-05,2.8719e+07,9.1094e+05,6.4119e+05,6.3944e+05,0.0,96.3,2.2,1.6,4.3428e+29,4.1955e+29,1.1850e+28,2.8800e+27,2.2947e+28,0.0000e+00,96.6,2.7,0.7
29,4.2127e+29,0.0000e+00,4.0548e+29,8.9700e+27,6.8200e+27,0.0000e+00,0.0000e+00,2.0535e+29,2.0013e+29,4.8400e+27,4.1300e+27,3.3200e+27,3.5000e+27,0.0000e+00,1.1100e+27,0.0000e+00,0.0000e+00,1.4461e+09,4.9110e-05,2.8267e+07,9.0329e+05,6.3943e+05,6.3763e+05,0.0,96.3,2.1,1.6,4.2055e+29,4.0675e+29,1.1190e+28,2.6100e+27,2.2746e+28,0.0000e+00,96.7,2.7,0.6
30,4.1838e+29,0.0000e+00,4.0286e+29,8.6800e+27,6.8400e+27,0.0000e+00,0.0000e+00,1.9775e+29,2.0511e+29,4.6900e+27,3.9900e+27,3.5200e+27,3.3200e+27,0.0000e+00,1.0400e+27,0.0000e+00,0.0000e+00,1.1956e+09,4.9110e-05,2.8127e+07,9.3154e+05,6.3761e+05,6.3575e+05,0.0,96.3,2.1,1.6,4.2023e+29,4.0657e+29,1.0690e+28,2.9700e+27,2.2698e+28,0.0000e+00,96.7,2.5,0.7
31,4.1133e+29,0.0000e+00,3.9620e+29,8.4000e+27,6.7300e+27,0.0000e+00,0.0000e+00,1.9684e+29,1.9936e+29,4.3300e+27,4.0700e+27,3.1500e+27,3.5800e+27,0.0000e+00,1.1000e+27,0.0000e+00,0.0000e+00,1.2486e+09,4.9110e-05,2.7696e+07,9.0228e+05,6.3574e+05,6.3383e+05,0.0,96.3,2.0,1.6,4.1172e+29,3.9850e+29,1.0230e+28,2.9900e+27,2.2485e+28,0.0000e+00,96.8,2.5,0.7
32,4.0389e+29,0.0000e+00,3.8865e+29,8.4600e+27,6.7800e+27,0.0000e+00,0.0000e+00,1.9685e+29,1.9180e+29,4.5500e+27,3.9100e+27,3.4400e+27,3.3400e+27,0.0000e+00,1.0300e+27,0.0000e+00,0.0000e+00,1.1951e+09,4.9110e-05,2.7321e+07,8.7136e+05,6.3382e+05,6.3185e+05,0.0,96.2,2.1,1.7,4.0392e+29,3.9060e+29,1.0340e+28,2.9800e+27,2.2423e+28,0.0000e+00,96.7,2.6,0.7
33,3.9141e+29,0.0000e+00,3.7624e+29,8.4200e+27,6.7500e+27,0.0000e+00,0.0000e+00,1.8363e+29,1.9261e+29,4.5500e+27,3.8700e+27,3.6000e+27,3.1500e+27,0.0000e+00,1.0000e+27,0.0000e+00,0.0000e+00,1.1664e+09,4.9110e-05,2.7047e+07,8.1692e+05,6.3184e+05,6.2983e+05,0.0,96.1,2.2,1.7,3.9316e+29,3.8073e+29,9.4800e+27,2.9500e+27,2.2200e+28,0.0000e+00,96.8,2.4,0.8
34,3.9126e+29,0.0000e+00,3.7625e+29,8.1300e+27,6.8800e+27,0.0000e+00,0.0000e+00,1.8656e+29,1.8969e+29,4.1900e+27,3.9400e+27,3.5400e+27,3.3400e+27,0.0000e+00,1.1000e+27,0.0000e+00,0.0000e+00,1.1745e+09,2.4555e-05,2.6505e+07,8.4314e+05,6.2982e+05,6.2775e+05,0.0,96.2,2.1,1.8,3.9043e+29,3.7800e+29,9.6000e+27,2.8300e+27,2.2125e+28,0.0000e+00,96.8,2.5,0.7
35,3.7151e+29,0.0000e+00,3.5654e+29,8.1200e+27,6.8500e+27,0.0000e+00,0.0000e+00,1.7386e+29,1.8268e+29,4.3000e+27,3.8200e+27,3.4200e+27,3.4300e+27,0.0000e+00,1.2200e+27,0.0000e+00,0.0000e+00,1.0295e+09,2.4555e-05,2.5926e+07,8.7872e+05,6.2773e+05,6.2563e+05,0.0,96.0,2.2,1.8,3.7318e+29,3.6193e+29,8.3500e+27,2.9000e+27,2.1892e+28,0.0000e+00,97.0,2.2,0.8
36,3.6718e+29,0.0000e+00,3.5201e+29,8.3600e+27,6.8100e+27,0.0000e+00,0.0000e+00,1.7561e+29,1.7640e+29,4.3500e+27,4.0100e+27,3.2700e+27,3.5400e+27,0.0000e+00,9.8000e+26,0.0000e+00,0.0000e+00,1.0315e+09,2.4555e-05,2.5407e+07,8.2830e+05,6.2561e+05,6.2345e+05,0.0,95.9,2.3,1.9,3.6650e+29,3.5480e+29,8.8500e+27,2.8500e+27,2.1804e+28,0.0000e+00,96.8,2.4,0.8
37,3.6815e+29,0.0000e+00,3.5366e+29,7.7000e+27,6.7900e+27,0.0000e+00,0.0000e+00,1.7666e+29,1.7700e+29,4.0600e+27,3.6400e+27,3.5000e+27,3.2900e+27,0.0000e+00,9.5000e+26,0.0000e+00,0.0000e+00,1.1373e+09,2.4555e-05,2.5186e+07,8.6586e+05,6.2343e+05,6.2123e+05,0.0,96.1,2.1,1.8,3.6950e+29,3.5820e+29,8.2000e+27,3.1000e+27,2.1562e+28,0.0000e+00,96.9,2.2,0.8
38,3.6334e+29,0.0000e+00,3.4853e+29,7.9600e+27,6.8500e+27,0.0000e+00,0.0000e+00,1.7587e+29,1.7266e+29,4.1300e+27,3.8300e+27,3.5400e+27,3.3100e+27,0.0000e+00,1.1000e+27,0.0000e+00,0.0000e+00,1.0431e+09,2.4555e-05,2.5081e+07,8.2004e+05,6.2121e+05,6.1896e+05,0.0,95.9,2.2,1.9,3.6319e+29,3.5195e+29,8.3500e+27,2.8900e+27,2.1463e+28,0.0000e+00,96.9,2.3,0.8
39,3.4440e+29,0.0000e+00,3.2952e+29,8.0400e+27,6.8400e+27,0.0000e+00,0.0000e+00,1.6625e+29,1.6327e+29,4.1200e+27,3.9200e+27,3.4700e+27,3.3700e+27,0.0000e+00,1.0900e+27,0.0000e+00,0.0000e+00,1.0974e+09,2.4555e-05,2.4755e+07,8.1693e+05,6.1894e+05,6.1666e+05,0.0,95.7,2.3,2.0,3.4503e+29,3.3449e+29,7.7200e+27,2.8200e+27,2.1213e+28,0.0000e+00,96.9,2.2,0.8
40,3.4216e+29,0.0000e+00,3.2701e+29,8.4300e+27,6.7200e+27,0.0000e+00,0.0000e+00,1.6857e+29,1.5844e+29,4.3100e+27,4.1200e+27,3.3600e+27,3.3600e+27,0.0000e+00,1.2900e+27,0.0000e+00,0.0000e+00,1.0596e+09,2.4555e-05,2.4403e+07,8.3541e+05,6.1664e+05,6.1430e+05,0.0,95.6,2.5,2.0,3.4305e+29,3.3230e+29,7.5000e+27,3.2500e+27,2.1102e+28,0.0000e+00,96.9,2.2,0.9
41,3.3398e+29,0.0000e+00,3.1905e+29,8.0400e+27,6.8900e+27,0.0000e+00,0.0000e+00,1.6577e+29,1.5328e+29,4.1500e+27,3.8900e+27,3.6400e+27,3.2500e+27,0.0000e+00,8.8000e+26,0.0000e+00,0.0000e+00,1.0023e+09,6.1963e-03,2.4366e+07,8.5936e+05,6.1428e+05,6.1189e+05,0.0,95.5,2.4,2.1,3.3429e+29,3.2408e+29,7.0600e+27,3.1500e+27,2.0985e+28,0.0000e+00,96.9,2.1,0.9
42,3.2000e+29,0.0000e+00,3.0500e+29,8.2400e+27,6.7600e+27,0.0000e+00,0.0000e+00,1.5853e+29,1.4647e+29,4.0900e+27,4.1500e+27,3.3600e+27,3.4000e+27,0.0000e+00,9.8000e+26,0.0000e+00,0.0000e+00,1.3980e+09,7.5626e-03,2.4116e+07,8.3531e+05,6.1187e+05,6.0945e+05,0.0,95.3,2.6,2.1,3.2028e+29,3.1030e+29,7.0600e+27,2.9200e+27,2.0722e+28,0.0000e+00,96.9,2.2,0.9
43,3.2331e+29,0.0000e+00,3.0861e+29,7.8100e+27,6.8900e+27,0.0000e+00,0.0000e+00,1.6016e+29,1.4845e+29,4.1900e+27,3.6200e+27,3.4900e+27,3.4000e+27,0.0000e+00,1.2500e+27,0.0000e+00,0.0000e+00,1.1879e+09,9.3148e-03,2.4006e+07,8.5213e+05,6.0943e+05,6.0696e+05,0.0,95.5,2.4,2.1,3.2359e+29,3.1371e+29,6.9300e+27,2.9500e+27,2.0595e+28,0.0000e+00,96.9,2.1,0.9
44,3.1061e+29,0.0000e+00,2.9543e+29,8.1400e+27,7.0400e+27,0.0000e+00,0.0000e+00,1.5482e+29,1.4061e+29,4.2800e+27,3.8600e+27,3.6500e+27,3.3900e+27,0.0000e+00,1.1800e+27,0.0000e+00,0.0000e+00,1.0340e+09,7.0486e-03,2.3717e+07,7.8741e+05,6.0695e+05,6.0445e+05,0.0,95.1,2.6,2.3,3.1072e+29,3.0134e+29,6.3000e+27,3.0800e+27,2.0326e+28,0.0000e+00,97.0,2.0,1.0
45,3.0801e+29,0.0000e+00,2.9307e+29,8.0900e+27,6.8500e+27,0.0000e+00,0.0000e+00,1.4934e+29,1.4373e+29,4.3100e+27,3.7800e+27,3.4100e+27,3.4400e+27,0.0000e+00,1.1300e+27,0.0000e+00,0.0000e+00,1.1513e+09,5.0438e-03,2.3473e+07,7.5305e+05,6.0443e+05,6.0189e+05,0.0,95.1,2.6,2.2,3.0851e+29,2.9894e+29,6.4000e+27,3.1700e+27,2.0190e+28,0.0000e+00,96.9,2.1,1.0
46,3.0123e+29,0.0000e+00,2.8649e+29,7.8500e+27,6.8900e+27,0.0000e+00,0.0000e+00,1.4706e+29,1.3943e+29,4.1900e+27,3.6600e+27,3.3400e+27,3.5500e+27,0.0000e+00,1.1500e+27,0.0000e+00,0.0000e+00,1.0300e+09,3.5332e-03,2.2971e+07,7.3996e+05,6.0187e+05,5.9928e+05,0.0,95.1,2.6,2.3,3.0145e+29,2.9266e+29,5.8800e+27,2.9100e+27,2.0048e+28,0.0000e+00,97.1,2.0,1.0
47,2.9811e+29,0.0000e+00,2.8363e+29,7.6800e+27,6.8000e+27,0.0000e+00,0.0000e+00,1.4790e+29,1.3573e+29,4.1400e+27,3.5400e+27,3.3900e+27,3.4100e+27,0.0000e+00,9.9000e+26,0.0000e+00,0.0000e+00,1.0284e+09,2.3784e-03,2.2611e+07,7.9653e+05,5.9926e+05,5.9663e+05,0.0,95.1,2.6,2.3,2.9852e+29,2.8951e+29,5.7700e+27,3.2400e+27,1.9900e+28,0.0000e+00,97.0,1.9,1.1
48,2.9538e+29,0.0000e+00,2.8093e+29,7.6700e+27,6.7800e+27,0.0000e+00,0.0000e+00,1.4905e+29,1.3188e+29,4.1700e+27,3.5000e+27,3.5100e+27,3.2700e+27,0.0000e+00,1.2500e+27,0.0000e+00,0.0000e+00,1.0241e+09,1.5230e-03,2.2654e+07,8.0122e+05,5.9662e+05,5.9396e+05,0.0,95.1,2.6,2.3,2.9551e+29,2.8631e+29,6.0600e+27,3.1400e+27,1.9619e+28,0.0000e+00,96.9,2.1,1.1
49,2.9214e+29,0.0000e+00,2.7723e+29,8.0300e+27,6.8800e+27,0.0000e+00,0.0000e+00,1.4746e+29,1.2977e+29,3.9500e+27,4.0800e+27,3.2300e+27,3.6500e+27,0.0000e+00,1.1100e+27,0.0000e+00,0.0000e+00,1.0126e+09,2.4016e-05,2.2346e+07,7.4797e+05,5.9395e+05,5.9125e+05,0.0,94.9,2.7,2.4,2.9268e+29,2.8416e+29,5.7400e+27,2.7800e+27,1.9463e+28,0.0000e+00,97.1,2.0,0.9
50,2.8794e+29,0.0000e+00,2.7309e+29,8.0500e+27,6.8000e+27,0.0000e+00,0.0000e+00,1.4647e+29,1.2662e+29,4.1100e+27,3.9400e+27,3.4100e+27,3.3900e+27,0.0000e+00,9.8000e+26,0.0000e+00,0.0000e+00,1.0286e+09,2.4016e-05,2.2108e+07,7.5184e+05,5.9124e+05,5.8850e+05,0.0,94.8,2.8,2.4,2.8773e+29,2.7961e+29,5.2000e+27,2.9200e+27,1.9302e+28,0.0000e+00,97.2,1.8,1.0
51,2.8528e+29,0.0000e+00,2.7087e+29,7.5400e+27,6.8700e+27,0.0000e+00,0.0000e+00,1.4443e+29,1.2644e+29,3.6800e+27,3.8600e+27,3.5700e+27,3.3000e+27,0.0000e+00,1.3700e+27,0.0000e+00,0.0000e+00,1.2951e+09,2.4016e-05,2.1552e+07,7.2611e+05,5.8849e+05,5.8574e+05,0.0,94.9,2.6,2.4,2.8553e+29,2.7708e+29,5.6200e+27,2.8300e+27,1.9015e+28,0.0000e+00,97.0,2.0,1.0
52,2.7832e+29,0.0000e+00,2.6374e+29,7.7600e+27,6.8200e+27,0.0000e+00,0.0000e+00,1.3900e+29,1.2474e+29,3.8700e+27,3.8900e+27,3.4300e+27,3.3900e+27,0.0000e+00,1.0500e+27,0.0000e+00,0.0000e+00,1.0499e+09,2.4016e-05,2.1208e+07,7.6350e+05,5.8572e+05,5.8291e+05,0.0,94.8,2.8,2.5,2.7863e+29,2.6978e+29,5.6500e+27,3.2000e+27,1.8968e+28,0.0000e+00,96.8,2.0,1.1
53,2.6889e+29,0.0000e+00,2.5390e+29,8.1000e+27,6.8900e+27,0.0000e+00,0.0000e+00,1.3180e+29,1.2210e+29,4.3000e+27,3.8000e+27,3.3300e+27,3.5600e+27,0.0000e+00,1.5800e+27,0.0000e+00,0.0000e+00,1.0808e+09,2.4016e-05,2.0778e+07,7.6265e+05,5.8290e+05,5.8008e+05,0.0,94.4,3.0,2.6,2.6940e+29,2.6131e+29,4.9000e+27,3.1900e+27,1.8675e+28,0.0000e+00,97.0,1.8,1.2
54,2.5745e+29,0.0000e+00,2.4331e+29,7.3400e+27,6.8000e+27,0.0000e+00,0.0000e+00,1.2826e+29,1.1505e+29,3.7600e+27,3.5800e+27,3.3600e+27,3.4400e+27,0.0000e+00,1.4400e+27,0.0000e+00,0.0000e+00,1.0118e+09,3.4442e-05,2.0480e+07,7.4730e+05,5.8006e+05,5.7721e+05,0.0,94.5,2.9,2.6,2.5769e+29,2.4969e+29,4.8800e+27,3.1200e+27,1.8500e+28,0.0000e+00,96.9,1.9,1.2
55,2.5443e+29,0.0000e+00,2.4043e+29,7.2300e+27,6.7700e+27,0.0000e+00,0.0000e+00,1.3105e+29,1.0938e+29,3.8400e+27,3.3900e+27,3.1800e+27,3.5900e+27,0.0000e+00,1.5100e+27,0.0000e+00,0.0000e+00,9.5354e+08,1.4130e-05,2.0195e+07,7.8708e+05,5.7719e+05,5.7432e+05,0.0,94.5,2.8,2.7,2.5480e+29,2.4716e+29,4.7700e+27,2.8700e+27,1.8206e+28,0.0000e+00,97.0,1.9,1.1
56,2.5623e+29,0.0000e+00,2.4221e+29,7.0700e+27,6.9500e+27,0.0000e+00,0.0000e+00,1.2959e+29,1.1262e+29,3.7900e+27,3.2800e+27,3.4300e+27,3.5200e+27,0.0000e+00,1.5200e+27,0.0000e+00,0.0000e+00,1.0449e+09,5.2988e-06,2.0082e+07,8.0613e+05,5.7430e+05,5.7139e+05,0.0,94.5,2.8,2.7,2.5600e+29,2.4833e+29,4.6800e+27,2.9900e+27,1.8139e+28,0.0000e+00,97.0,1.8,1.2
57,2.4581e+29,0.0000e+00,2.3120e+29,7.7300e+27,6.8800e+27,0.0000e+00,0.0000e+00,1.2637e+29,1.0483e+29,3.9900e+27,3.7400e+27,3.3400e+27,3.5400e+27,0.0000e+00,1.4300e+27,0.0000e+00,0.0000e+00,1.1249e+09,1.7663e-06,1.9835e+07,7.7613e+05,5.7137e+05,5.6845e+05,0.0,94.1,3.1,2.8,2.4541e+29,2.3779e+29,4.7200e+27,2.9000e+27,1.7842e+28,0.0000e+00,96.9,1.9,1.2
58,2.5401e+29,0.0000e+00,2.3945e+29,7.6100e+27,6.9500e+27,0.0000e+00,0.0000e+00,1.3030e+29,1.0915e+29,4.0100e+27,3.6000e+27,3.5400e+27,3.4100e+27,0.0000e+00,1.5300e+27,0.0000e+00,0.0000e+00,9.8728e+08,8.8313e-07,1.9746e+07,7.7694e+05,5.6843e+05,5.6546e+05,0.0,94.3,3.0,2.7,2.5473e+29,2.4752e+29,4.5900e+27,2.6200e+27,1.7764e+28,0.0000e+00,97.2,1.8,1.0
59,2.5096e+29,0.0000e+00,2.3662e+29,7.5600e+27,6.7800e+27,0.0000e+00,0.0000e+00,1.3196e+29,1.0466e+29,3.9100e+27,3.6500e+27,3.3800e+27,3.4000e+27,0.0000e+00,1.4000e+27,0.0000e+00,0.0000e+00,1.0202e+09,5.0601e-06,1.9362e+07,7.9430e+05,5.6544e+05,5.6246e+05,0.0,94.3,3.0,2.7,2.5064e+29,2.4313e+29,4.6200e+27,2.8900e+27,1.7463e+28,0.0000e+00,97.0,1.8,1.2
60,2.4513e+29,0.0000e+00,2.3046e+29,7.7800e+27,6.8900e+27,0.0000e+00,0.0000e+00,1.2388e+29,1.0658e+29,4.0200e+27,3.7600e+27,3.6700e+27,3.2200e+27,0.0000e+00,1.4800e+27,0.0000e+00,0.0000e+00,1.0116e+09,4.6001e-07,1.9450e+07,7.8037e+05,5.6244e+05,5.5944e+05,0.0,94.0,3.2,2.8,2.4587e+29,2.3877e+29,4.3600e+27,2.7400e+27,1.7271e+28,0.0000e+00,97.1,1.8,1.1
61,2.4020e+29,0.0000e+00,2.2514e+29,8.1800e+27,6.8800e+27,0.0000e+00,0.0000e+00,1.2762e+29,9.7520e+28,4.4200e+27,3.7600e+27,3.2800e+27,3.6000e+27,0.0000e+00,1.3200e+27,0.0000e+00,0.0000e+00,1.1063e+09,4.6001e-07,1.9383e+07,7.8077e+05,5.5942e+05,5.5640e+05,0.0,93.7,3.4,2.9,2.4011e+29,2.3281e+29,4.1400e+27,3.1600e+27,1.7075e+28,0.0000e+00,97.0,1.7,1.3
62,2.3362e+29,0.0000e+00,2.1886e+29,7.8800e+27,6.8800e+27,0.0000e+00,0.0000e+00,1.2205e+29,9.6810e+28,4.1000e+27,3.7800e+27,3.2700e+27,3.6100e+27,0.0000e+00,1.4300e+27,0.0000e+00,0.0000e+00,1.1646e+09,3.7559e-07,1.9329e+07,7.8089e+05,5.5638e+05,5.5334e+05,0.0,93.7,3.4,2.9,2.3425e+29,2.2707e+29,4.2300e+27,2.9500e+27,1.6878e+28,0.0000e+00,96.9,1.8,1.3
63,2.3187e+29,0.0000e+00,2.1734e+29,7.7000e+27,6.8300e+27,0.0000e+00,0.0000e+00,1.2559e+29,9.1750e+28,3.9500e+27,3.7500e+27,3.4300e+27,3.4000e+27,0.0000e+00,1.4800e+27,0.0000e+00,0.0000e+00,1.1425e+09,1.2317e-07,1.8984e+07,7.7416e+05,5.5332e+05,5.5025e+05,0.0,93.7,3.3,2.9,2.3113e+29,2.2434e+29,3.6800e+27,3.1100e+27,1.6677e+28,0.0000e+00,97.1,1.6,1.3
64,2.3434e+29,0.0000e+00,2.2002e+29,7.4800e+27,6.8400e+27,0.0000e+00,0.0000e+00,1.2618e+29,9.3840e+28,3.9700e+27,3.5100e+27,3.4600e+27,3.3800e+27,0.0000e+00,1.5700e+27,0.0000e+00,0.0000e+00,9.2648e+08,5.7167e-08,9.7071e+07,8.1262e+05,5.5023e+05,5.4715e+05,0.0,93.9,3.2,2.9,2.3502e+29,2.2802e+29,3.9600e+27,3.0400e+27,1.6475e+28,0.0000e+00,97.0,1.7,1.3
65,2.3044e+29,0.0000e+00,2.1364e+29,9.9900e+27,6.8100e+27,0.0000e+00,0.0000e+00,1.1128e+29,1.0236e+29,6.5300e+27,3.4600e+27,3.5500e+27,3.2600e+27,0.0000e+00,1.3300e+27,0.0000e+00,0.0000e+00,1.0219e+09,4.3612e-07,9.6847e+07,8.2365e+05,5.4713e+05,5.4403e+05,0.0,92.7,4.3,3.0,2.3051e+29,2.2281e+29,4.2800e+27,3.4200e+27,1.6271e+28,0.0000e+00,96.7,1.9,1.5
66,2.2788e+29,0.0000e+00,2.1065e+29,1.0380e+28,6.8500e+27,0.0000e+00,0.0000e+00,1.1050e+29,1.0015e+29,6.7600e+27,3.6200e+27,3.4200e+27,3.4300e+27,0.0000e+00,1.3700e+27,0.0000e+00,0.0000e+00,9.9241e+08,8.0447e-07,9.5018e+07,8.4165e+05,5.4401e+05,5.4090e+05,0.0,92.4,4.6,3.0,2.2805e+29,2.2041e+29,4.0900e+27,3.5500e+27,1.6066e+28,0.0000e+00,96.6,1.8,1.6
67,2.2172e+29,0.0000e+00,2.0499e+29,9.8700e+27,6.8600e+27,0.0000e+00,0.0000e+00,1.0985e+29,9.5140e+28,6.2200e+27,3.6500e+27,3.6600e+27,3.2000e+27,0.0000e+00,1.3000e+27,0.0000e+00,0.0000e+00,1.0708e+09,1.4662e-06,9.3191e+07,8.2126e+05,5.4088e+05,5.3775e+05,0.0,92.5,4.5,3.1,2.2160e+29,2.1421e+29,3.8900e+27,3.5000e+27,1.5859e+28,0.0000e+00,96.7,1.8,1.6
68,2.2251e+29,0.0000e+00,2.0557e+29,1.0040e+28,6.9000e+27,0.0000e+00,0.0000e+00,1.0956e+29,9.6010e+28,6.4800e+27,3.5600e+27,3.4900e+27,3.4100e+27,0.0000e+00,1.7600e+27,0.0000e+00,0.0000e+00,9.6447e+08,1.6466e-06,9.1070e+07,8.0781e+05,5.3773e+05,5.3457e+05,0.0,92.4,4.5,3.1,2.2294e+29,2.1515e+29,4.0500e+27,3.7400e+27,1.5742e+28,0.0000e+00,96.5,1.8,1.7
69,2.2238e+29,0.0000e+00,2.0564e+29,9.8600e+27,6.8800e+27,0.0000e+00,0.0000e+00,1.1324e+29,9.2400e+28,6.5400e+27,3.3200e+27,3.4300e+27,3.4500e+27,0.0000e+00,1.3500e+27,0.0000e+00,0.0000e+00,9.8572e+08,1.1526e-05,8.8983e+07,8.0564e+05,5.3455e+05,5.3139e+05,0.0,92.5,4.4,3.1,2.2243e+29,2.1538e+29,3.7200e+27,3.3300e+27,1.5440e+28,0.0000e+00,96.8,1.7,1.5
70,2.2267e+29,0.0000e+00,2.0587e+29,9.9600e+27,6.8400e+27,0.0000e+00,0.0000e+00,1.1601e+29,8.9860e+28,6.4400e+27,3.5200e+27,3.4000e+27,3.4400e+27,0.0000e+00,1.7400e+27,0.0000e+00,0.0000e+00,9.8892e+08,1.8273e-06,8.7304e+07,8.5181e+05,5.3138e+05,5.2821e+05,0.0,92.5,4.5,3.1,2.2235e+29,2.1479e+29,3.6800e+27,3.8800e+27,1.5231e+28,0.0000e+00,96.6,1.7,1.7
71,2.1538e+29,0.0000e+00,1.9914e+29,9.3500e+27,6.8900e+27,0.0000e+00,0.0000e+00,1.1187e+29,8.7270e+28,6.2700e+27,3.0800e+27,3.3300e+27,3.5600e+27,0.0000e+00,1.8300e+27,0.0000e+00,0.0000e+00,8.3233e+08,5.4818e-06,8.5055e+07,8.2423e+05,5.2819e+05,5.2502e+05,0.0,92.5,4.3,3.2,2.1572e+29,2.0880e+29,3.3500e+27,3.5700e+27,1.5020e+28,0.0000e+00,96.8,1.6,1.7
72,2.1919e+29,0.0000e+00,2.0306e+29,9.2400e+27,6.8900e+27,0.0000e+00,0.0000e+00,1.1359e+29,8.9470e+28,6.0200e+27,3.2200e+27,3.4400e+27,3.4500e+27,0.0000e+00,1.9600e+27,0.0000e+00,0.0000e+00,8.4948e+08,2.1199e-05,8.3024e+07,8.1679e+05,5.2500e+05,5.2181e+05,0.0,92.6,4.2,3.1,2.1936e+29,2.1228e+29,3.8700e+27,3.2100e+27,1.4893e+28,0.0000e+00,96.8,1.8,1.5
73,2.1103e+29,0.0000e+00,1.9451e+29,9.6400e+27,6.8800e+27,0.0000e+00,0.0000e+00,1.1519e+29,7.9320e+28,6.2000e+27,3.4400e+27,3.1900e+27,3.6900e+27,0.0000e+00,2.1800e+27,0.0000e+00,0.0000e+00,8.9854e+08,1.0781e-04,8.0878e+07,8.4387e+05,5.2179e+05,5.1859e+05,0.0,92.2,4.6,3.3,2.1114e+29,2.0408e+29,3.6400e+27,3.4200e+27,1.4679e+28,0.0000e+00,96.7,1.7,1.6
74,2.1310e+29,0.0000e+00,1.9706e+29,9.2400e+27,6.8000e+27,0.0000e+00,0.0000e+00,1.1731e+29,7.9750e+28,5.9000e+27,3.3400e+27,3.3500e+27,3.4500e+27,0.0000e+00,2.4300e+27,0.0000e+00,0.0000e+00,8.7861e+08,3.7459e-04,7.8968e+07,8.1741e+05,5.1857e+05,5.1538e+05,0.0,92.5,4.3,3.2,2.1293e+29,2.0582e+29,3.6400e+27,3.4700e+27,1.4385e+28,0.0000e+00,96.7,1.7,1.6
75,2.1394e+29,0.0000e+00,1.9765e+29,9.4100e+27,6.8800e+27,0.0000e+00,0.0000e+00,1.1706e+29,8.0590e+28,6.0000e+27,3.4100e+27,3.5000e+27,3.3800e+27,0.0000e+00,2.7100e+27,0.0000e+00,0.0000e+00,8.9398e+08,1.1376e-03,7.7017e+07,8.4857e+05,5.1537e+05,5.1216e+05,0.0,92.4,4.4,3.2,2.1429e+29,2.0727e+29,3.2800e+27,3.7400e+27,1.4253e+28,0.0000e+00,96.7,1.5,1.7
76,2.0349e+29,0.0000e+00,1.8731e+29,9.3300e+27,6.8500e+27,0.0000e+00,0.0000e+00,1.1431e+29,7.3000e+28,5.9600e+27,3.3700e+27,3.4300e+27,3.4200e+27,0.0000e+00,2.9500e+27,0.0000e+00,0.0000e+00,8.9489e+08,3.0994e-04,7.5145e+07,8.3050e+05,5.1214e+05,5.0891e+05,0.0,92.0,4.6,3.4,2.0360e+29,1.9729e+29,2.8900e+27,3.4200e+27,1.4117e+28,0.0000e+00,96.9,1.4,1.7
77,2.0391e+29,0.0000e+00,1.8846e+29,8.6400e+27,6.8100e+27,0.0000e+00,0.0000e+00,1.1447e+29,7.3990e+28,5.3000e+27,3.3400e+27,3.1500e+27,3.6600e+27,0.0000e+00,3.1800e+27,0.0000e+00,0.0000e+00,9.2694e+08,7.0748e-05,7.3521e+07,8.3079e+05,5.0889e+05,5.0569e+05,0.0,92.4,4.2,3.3,2.0446e+29,1.9811e+29,2.8300e+27,3.5200e+27,1.3825e+28,0.0000e+00,96.9,1.4,1.7
78,2.0342e+29,0.0000e+00,1.8733e+29,9.2300e+27,6.8600e+27,0.0000e+00,0.0000e+00,1.1299e+29,7.4340e+28,5.8900e+27,3.3400e+27,3.4000e+27,3.4600e+27,0.0000e+00,3.2300e+27,0.0000e+00,0.0000e+00,8.6305e+08,1.3106e-05,7.1951e+07,7.6097e+05,5.0567e+05,5.0244e+05,0.0,92.1,4.5,3.4,2.0321e+29,1.9642e+29,3.5600e+27,3.2300e+27,1.3687e+28,0.0000e+00,96.7,1.8,1.6
79,2.0453e+29,0.0000e+00,1.8884e+29,8.9000e+27,6.7900e+27,0.0000e+00,0.0000e+00,1.1517e+29,7.3670e+28,5.5800e+27,3.3200e+27,3.5700e+27,3.2200e+27,0.0000e+00,3.1100e+27,0.0000e+00,0.0000e+00,7.7140e+08,1.3106e-06,7.0408e+07,7.5713e+05,5.0243e+05,4.9922e+05,0.0,92.3,4.4,3.3,2.0420e+29,1.9750e+29,3.4900e+27,3.2100e+27,1.3401e+28,0.0000e+00,96.7,1.7,1.6
80,1.9966e+29,0.0000e+00,1.8353e+29,9.2600e+27,6.8700e+27,0.0000e+00,0.0000e+00,1.1422e+29,6.9310e+28,5.9400e+27,3.3200e+27,3.6800e+27,3.1900e+27,0.0000e+00,2.6200e+27,0.0000e+00,0.0000e+00,1.0561e+09,1.3106e-06,6.8713e+07,7.4526e+05,4.9921e+05,4.9599e+05,0.0,91.9,4.6,3.4,1.9998e+29,1.9368e+29,2.9700e+27,3.3300e+27,1.3262e+28,0.0000e+00,96.8,1.5,1.7
81,1.9468e+29,0.0000e+00,1.7861e+29,9.2300e+27,6.8400e+27,0.0000e+00,0.0000e+00,1.1438e+29,6.4230e+28,5.7800e+27,3.4500e+27,3.4400e+27,3.4000e+27,0.0000e+00,2.3200e+27,0.0000e+00,0.0000e+00,7.6310e+08,7.2216e-07,6.7453e+07,8.4486e+05,4.9597e+05,4.9274e+05,0.0,91.7,4.7,3.5,1.9509e+29,1.8858e+29,3.2900e+27,3.2200e+27,1.3120e+28,0.0000e+00,96.7,1.7,1.7
82,1.9543e+29,0.0000e+00,1.7958e+29,9.0000e+27,6.8500e+27,0.0000e+00,0.0000e+00,1.1434e+29,6.5240e+28,5.6600e+27,3.3400e+27,3.7000e+27,3.1500e+27,0.0000e+00,2.1400e+27,0.0000e+00,0.0000e+00,8.1632e+08,2.9606e-11,6.6016e+07,8.7117e+05,4.9272e+05,4.8950e+05,0.0,91.9,4.6,3.5,1.9509e+29,1.8879e+29,3.1900e+27,3.1100e+27,1.2906e+28,0.0000e+00,96.8,1.6,1.6
83,1.9478e+29,0.0000e+00,1.7831e+29,9.7300e+27,6.7400e+27,0.0000e+00,0.0000e+00,1.1219e+29,6.6120e+28,6.1800e+27,3.5500e+27,3.4100e+27,3.3300e+27,0.0000e+00,2.2600e+27,0.0000e+00,0.0000e+00,8.3615e+08,3.2895e-12,9.4856e+07,8.6146e+05,4.8948e+05,4.8629e+05,0.0,91.5,5.0,3.5,1.9474e+29,1.8881e+29,2.8000e+27,3.1300e+27,1.2628e+28,0.0000e+00,97.0,1.4,1.6
84,1.9851e+29,0.0000e+00,1.7869e+29,1.2810e+28,7.0100e+27,0.0000e+00,0.0000e+00,1.0795e+29,7.0740e+28,9.2900e+27,3.5200e+27,3.5000e+27,3.5100e+27,0.0000e+00,2.4500e+27,0.0000e+00,0.0000e+00,7.5258e+08,2.2988e-07,9.4505e+07,8.7842e+05,4.8627e+05,4.8305e+05,0.0,90.0,6.5,3.5,1.9871e+29,1.9133e+29,3.0100e+27,4.3700e+27,1.2551e+28,0.0000e+00,96.3,1.5,2.2
85,1.9256e+29,0.0000e+00,1.7384e+29,1.1810e+28,6.9100e+27,0.0000e+00,0.0000e+00,1.0868e+29,6.5160e+28,8.9400e+27,2.8700e+27,3.5000e+27,3.4100e+27,0.0000e+00,2.8400e+27,0.0000e+00,0.0000e+00,7.6059e+08,8.7318e-07,9.2335e+07,8.6795e+05,4.8303e+05,4.7984e+05,0.0,90.3,6.1,3.6,1.9297e+29,1.8606e+29,2.8100e+27,4.1000e+27,1.2277e+28,0.0000e+00,96.4,1.5,2.1
86,1.9539e+29,0.0000e+00,1.7689e+29,1.1630e+28,6.8700e+27,0.0000e+00,0.0000e+00,1.1083e+29,6.6060e+28,8.3200e+27,3.3100e+27,3.4600e+27,3.4100e+27,0.0000e+00,2.4400e+27,0.0000e+00,0.0000e+00,7.7519e+08,1.7733e-06,9.0160e+07,9.0674e+05,4.7982e+05,4.7663e+05,0.0,90.5,6.0,3.5,1.9491e+29,1.8832e+29,2.5100e+27,4.0800e+27,1.2133e+28,0.0000e+00,96.6,1.3,2.1
87,1.9964e+29,0.0000e+00,1.8026e+29,1.2450e+28,6.9300e+27,0.0000e+00,0.0000e+00,1.1474e+29,6.5520e+28,9.1500e+27,3.3000e+27,3.4100e+27,3.5200e+27,0.0000e+00,2.2800e+27,0.0000e+00,0.0000e+00,7.5225e+08,1.7553e-06,8.8037e+07,9.2773e+05,4.7661e+05,4.7341e+05,0.0,90.3,6.2,3.5,1.9993e+29,1.9329e+29,2.9100e+27,3.7300e+27,1.1987e+28,0.0000e+00,96.7,1.5,1.9
88,2.0328e+29,0.0000e+00,1.8377e+29,1.2520e+28,6.9900e+27,0.0000e+00,0.0000e+00,1.2087e+29,6.2900e+28,8.8500e+27,3.6700e+27,3.5600e+27,3.4300e+27,0.0000e+00,2.3800e+27,0.0000e+00,0.0000e+00,7.6408e+08,8.7765e-06,8.6151e+07,9.2311e+05,4.7339e+05,4.7020e+05,0.0,90.4,6.2,3.4,2.0296e+29,1.9578e+29,2.9100e+27,4.2700e+27,1.1780e+28,0.0000e+00,96.5,1.4,2.1
89,1.8753e+29,0.0000e+00,1.6892e+29,1.1630e+28,6.9800e+27,0.0000e+00,0.0000e+00,1.1329e+29,5.5630e+28,8.2700e+27,3.3600e+27,3.4900e+27,3.4900e+27,0.0000e+00,2.3800e+27,0.0000e+00,0.0000e+00,7.3802e+08,7.1968e-05,8.4349e+07,9.2371e+05,4.7019e+05,4.6702e+05,0.0,90.1,6.2,3.7,1.8838e+29,1.8150e+29,2.7000e+27,4.1800e+27,1.1576e+28,0.0000e+00,96.3,1.4,2.2
90,1.9503e+29,0.0000e+00,1.7631e+29,1.1870e+28,6.8500e+27,0.0000e+00,0.0000e+00,1.1658e+29,5.9730e+28,8.3700e+27,3.5000e+27,3.6000e+27,3.2500e+27,0.0000e+00,2.4700e+27,0.0000e+00,0.0000e+00,7.4319e+08,1.2598e-04,8.2648e+07,8.9497e+05,4.6700e+05,4.6385e+05,0.0,90.4,6.1,3.5,1.9447e+29,1.8793e+29,2.8700e+27,3.6700e+27,1.1374e+28,0.0000e+00,96.6,1.5,1.9
91,1.9752e+29,0.0000e+00,1.7859e+29,1.2050e+28,6.8800e+27,0.0000e+00,0.0000e+00,1.2187e+29,5.6720e+28,8.9000e+27,3.1500e+27,3.6200e+27,3.2600e+27,0.0000e+00,2.7500e+27,0.0000e+00,0.0000e+00,8.2989e+08,1.5747e-05,8.0960e+07,9.1046e+05,4.6383e+05,4.6068e+05,0.0,90.4,6.1,3.5,1.9814e+29,1.9160e+29,2.8200e+27,3.7200e+27,1.1230e+28,0.0000e+00,96.7,1.4,1.9
92,1.9788e+29,0.0000e+00,1.7928e+29,1.1640e+28,6.9600e+27,0.0000e+00,0.0000e+00,1.2283e+29,5.6450e+28,8.2000e+27,3.4400e+27,3.3500e+27,3.6100e+27,0.0000e+00,3.1200e+27,0.0000e+00,0.0000e+00,7.4067e+08,6.8466e-07,7.8944e+07,9.5870e+05,4.6067e+05,4.5752e+05,0.0,90.6,5.9,3.5,1.9760e+29,1.9092e+29,2.8700e+27,3.8100e+27,1.1085e+28,0.0000e+00,96.6,1.5,1.9
93,2.0099e+29,0.0000e+00,1.8239e+29,1.1660e+28,6.9400e+27,0.0000e+00,0.0000e+00,1.2872e+29,5.3670e+28,8.2600e+27,3.4000e+27,3.4100e+27,3.5300e+27,0.0000e+00,2.9800e+27,0.0000e+00,0.0000e+00,7.3553e+08,5.2706e-07,7.7140e+07,9.2817e+05,4.5750e+05,4.5437e+05,0.0,90.7,5.8,3.5,2.0108e+29,1.9432e+29,3.0200e+27,3.7400e+27,1.0886e+28,0.0000e+00,96.6,1.5,1.9
94,1.9518e+29,0.0000e+00,1.7607e+29,1.2180e+28,6.9300e+27,0.0000e+00,0.0000e+00,1.2568e+29,5.0390e+28,8.9700e+27,3.2100e+27,3.1900e+27,3.7400e+27,0.0000e+00,2.2000e+27,0.0000e+00,0.0000e+00,7.4830e+08,1.1872e-11,7.5130e+07,8.9902e+05,4.5436e+05,4.5125e+05,0.0,90.2,6.2,3.6,1.9557e+29,1.8879e+29,2.7000e+27,4.0800e+27,1.0690e+28,0.0000e+00,96.5,1.4,2.1
95,1.9675e+29,0.0000e+00,1.7882e+29,1.1030e+28,6.9000e+27,0.0000e+00,0.0000e+00,1.2832e+29,5.0500e+28,7.8300e+27,3.2000e+27,3.6600e+27,3.2400e+27,0.0000e+00,2.2000e+27,0.0000e+00,0.0000e+00,7.3940e+08,2.6281e-12,7.3673e+07,9.3800e+05,4.5124e+05,4.4814e+05,0.0,90.9,5.6,3.5,1.9633e+29,1.8991e+29,2.6800e+27,3.7400e+27,1.0548e+28,0.0000e+00,96.7,1.4,1.9
96,2.0391e+29,0.0000e+00,1.8164e+29,1.5320e+28,6.9500e+27,0.0000e+00,0.0000e+00,1.2763e+29,5.4010e+28,1.2170e+28,3.1500e+27,3.7300e+27,3.2200e+27,0.0000e+00,2.1300e+27,0.0000e+00,0.0000e+00,7.3915e+08,5.3137e-08,9.5855e+07,8.7367e+05,4.4812e+05,4.4503e+05,0.0,89.1,7.5,3.4,2.0338e+29,1.9645e+29,2.4500e+27,4.4800e+27,1.0405e+28,0.0000e+00,96.6,1.2,2.2
97,2.0924e+29,0.0000e+00,1.8620e+29,1.6070e+28,6.9700e+27,0.0000e+00,0.0000e+00,1.3106e+29,5.5140e+28,1.2910e+28,3.1600e+27,3.6200e+27,3.3500e+27,0.0000e+00,2.0700e+27,0.0000e+00,0.0000e+00,7.3788e+08,1.0627e-07,9.3671e+07,8.6695e+05,4.4502e+05,4.4195e+05,0.0,89.0,7.7,3.3,2.0933e+29,2.0127e+29,3.1700e+27,4.8900e+27,1.0214e+28,0.0000e+00,96.1,1.5,2.3
98,2.0212e+29,0.0000e+00,1.7931e+29,1.5920e+28,6.8900e+27,0.0000e+00,0.0000e+00,1.2736e+29,5.1950e+28,1.2340e+28,3.5800e+27,3.3200e+27,3.5700e+27,0.0000e+00,1.8400e+27,0.0000e+00,0.0000e+00,7.2883e+08,2.7226e-06,9.1241e+07,9.0681e+05,4.4193e+05,4.3889e+05,0.0,88.7,7.9,3.4,2.0242e+29,1.9461e+29,2.9000e+27,4.9100e+27,1.0026e+28,0.0000e+00,96.1,1.4,2.4
99,1.9691e+29,0.0000e+00,1.7358e+29,1.6420e+28,6.9100e+27,0.0000e+00,0.0000e+00,1.2718e+29,4.6400e+28,1.2630e+28,3.7900e+27,3.4300e+27,3.4800e+27,0.0000e+00,1.9000e+27,0.0000e+00,0.0000e+00,7.3103e+08,2.7226e-06,8.8968e+07,9.4192e+05,4.3888e+05,4.3585e+05,0.0,88.2,8.3,3.5,1.9699e+29,1.8968e+29,2.5200e+27,4.7900e+27,9.8872e+27,0.0000e+00,96.3,1.3,2.4
100,2.0450e+29,0.0000e+00,1.8141e+29,1.6250e+28,6.8400e+27,0.0000e+00,0.0000e+00,1.3555e+29,4.5860e+28,1.3150e+28,3.1000e+27,3.3100e+27,3.5300e+27,0.0000e+00,1.9300e+27,0.0000e+00,0.0000e+00,7.3571e+08,4.6284e-05,8.6882e+07,9.2955e+05,4.3583e+05,4.3282e+05,0.0,88.7,7.9,3.3,2.0423e+29,1.9667e+29,2.5800e+27,4.9800e+27,9.7488e+27,0.0000e+00,96.3,1.3,2.4
101,2.0557e+29,0.0000e+00,1.8224e+29,1.6410e+28,6.9200e+27,0.0000e+00,0.0000e+00,1.3529e+29,4.6950e+28,1.3170e+28,3.2400e+27,3.5900e+27,3.3300e+27,0.0000e+00,1.8800e+27,0.0000e+00,0.0000e+00,7.3445e+08,2.8752e-05,8.4945e+07,9.5700e+05,4.3280e+05,4.2981e+05,0.0,88.7,8.0,3.4,2.0560e+29,1.9790e+29,2.7000e+27,5.0000e+27,9.5666e+27,0.0000e+00,96.3,1.3,2.4
102,2.0801e+29,0.0000e+00,1.8512e+29,1.6020e+28,6.8700e+27,0.0000e+00,0.0000e+00,1.3861e+29,4.6510e+28,1.2530e+28,3.4900e+27,3.4400e+27,3.4300e+27,0.0000e+00,2.1800e+27,0.0000e+00,0.0000e+00,7.6492e+08,9.2748e-07,8.3114e+07,1.0112e+06,4.2980e+05,4.2684e+05,0.0,89.0,7.7,3.3,2.0751e+29,1.9973e+29,2.9700e+27,4.8100e+27,9.3879e+27,0.0000e+00,96.3,1.4,2.3
103,2.0752e+29,0.0000e+00,1.8422e+29,1.6310e+28,6.9900e+27,0.0000e+00,0.0000e+00,1.3912e+29,4.5100e+28,1.2850e+28,3.4600e+27,3.4800e+27,3.5100e+27,0.0000e+00,1.8900e+27,0.0000e+00,0.0000e+00,7.2927e+08,2.3241e-10,8.1122e+07,1.0087e+06,4.2683e+05,4.2387e+05,0.0,88.8,7.9,3.4,2.0831e+29,2.0011e+29,2.9100e+27,5.2900e+27,9.2967e+27,0.0000e+00,96.1,1.4,2.5
104,2.0973e+29,0.0000e+00,1.8769e+29,1.5080e+28,6.9600e+27,0.0000e+00,0.0000e+00,1.4613e+29,4.1560e+28,1.1410e+28,3.6700e+27,3.6200e+27,3.3400e+27,0.0000e+00,1.3000e+27,0.0000e+00,0.0000e+00,7.3104e+08,3.6738e-12,7.9187e+07,1.0246e+06,4.2385e+05,4.2093e+05,0.0,89.5,7.2,3.3,2.0975e+29,2.0239e+29,3.0000e+27,4.3600e+27,9.1211e+27,0.0000e+00,96.5,1.4,2.1
105,2.1102e+29,0.0000e+00,1.8692e+29,1.7260e+28,6.8400e+27,0.0000e+00,0.0000e+00,1.4404e+29,4.2880e+28,1.3720e+28,3.5400e+27,3.4700e+27,3.3700e+27,0.0000e+00,1.4600e+27,0.0000e+00,0.0000e+00,7.3254e+08,2.5331e-12,9.3925e+07,1.0270e+06,4.2091e+05,4.1802e+05,0.0,88.6,8.2,3.2,2.1031e+29,2.0297e+29,2.6800e+27,4.6600e+27,8.9492e+27,0.0000e+00,96.5,1.3,2.2
106,2.1990e+29,0.0000e+00,1.9152e+29,2.1360e+28,7.0200e+27,0.0000e+00,0.0000e+00,1.4935e+29,4.2170e+28,1.7900e+28,3.4600e+27,3.2300e+27,3.7900e+27,0.0000e+00,1.3100e+27,0.0000e+00,0.0000e+00,7.2650e+08,1.2071e-07,9.3251e+07,9.9641e+05,4.1800e+05,4.1511e+05,0.0,87.1,9.7,3.2,2.1992e+29,2.1031e+29,2.9600e+27,6.6500e+27,8.8591e+27,0.0000e+00,95.6,1.3,3.0
107,2.2479e+29,0.0000e+00,1.9714e+29,2.0710e+28,6.9400e+27,0.0000e+00,0.0000e+00,1.5384e+29,4.3300e+28,1.7330e+28,3.3800e+27,3.5300e+27,3.4100e+27,0.0000e+00,1.6500e+27,0.0000e+00,0.0000e+00,7.3676e+08,5.3178e-07,9.0924e+07,9.9666e+05,4.1510e+05,4.1226e+05,0.0,87.7,9.2,3.1,2.2528e+29,2.1633e+29,3.1000e+27,5.8500e+27,8.6527e+27,0.0000e+00,96.0,1.4,2.6
108,2.3144e+29,0.0000e+00,2.0347e+29,2.1020e+28,6.9500e+27,0.0000e+00,0.0000e+00,1.5954e+29,4.3930e+28,1.7710e+28,3.3100e+27,3.4100e+27,3.5400e+27,0.0000e+00,1.6800e+27,0.0000e+00,0.0000e+00,8.3260e+08,2.1281e-06,8.8851e+07,1.0041e+06,4.1224e+05,4.0941e+05,0.0,87.9,9.1,3.0,2.3123e+29,2.2244e+29,2.8100e+27,5.9800e+27,8.5645e+27,0.0000e+00,96.2,1.2,2.6
109,2.2565e+29,0.0000e+00,1.9792e+29,2.0750e+28,6.9800e+27,0.0000e+00,0.0000e+00,1.5932e+29,3.8600e+28,1.7330e+28,3.4200e+27,3.5500e+27,3.4300e+27,0.0000e+00,1.4800e+27,0.0000e+00,0.0000e+00,7.2048e+08,1.4197e-05,8.6756e+07,9.6856e+05,4.0940e+05,4.0660e+05,0.0,87.7,9.2,3.1,2.2541e+29,2.1649e+29,2.9600e+27,5.9600e+27,8.4019e+27,0.0000e+00,96.0,1.3,2.6
110,2.2846e+29,0.0000e+00,2.0129e+29,2.0180e+28,6.9900e+27,0.0000e+00,0.0000e+00,1.6503e+29,3.6260e+28,1.7120e+28,3.0600e+27,3.7100e+27,3.2800e+27,0.0000e+00,1.8100e+27,0.0000e+00,0.0000e+00,7.1486e+08,7.0982e-07,8.4596e+07,1.0384e+06,4.0658e+05,4.0380e+05,0.0,88.1,8.8,3.1,2.2826e+29,2.1923e+29,2.9400e+27,6.0900e+27,8.2786e+27,0.0000e+00,96.0,1.3,2.7
111,2.3384e+29,0.0000e+00,2.0613e+29,2.0750e+28,6.9600e+27,0.0000e+00,0.0000e+00,1.6990e+29,3.6230e+28,1.7350e+28,3.4000e+27,3.2900e+27,3.6700e+27,0.0000e+00,1.6700e+27,0.0000e+00,0.0000e+00,7.3147e+08,2.6897e-11,8.2733e+07,1.0606e+06,4.0379e+05,4.0105e+05,0.0,88.2,8.9,3.0,2.3427e+29,2.2581e+29,2.8200e+27,5.6400e+27,8.1218e+27,0.0000e+00,96.4,1.2,2.4
112,2.3907e+29,0.0000e+00,2.1124e+29,2.0890e+28,6.9400e+27,0.0000e+00,0.0000e+00,1.7283e+29,3.8410e+28,1.7490e+28,3.4000e+27,3.4300e+27,3.5100e+27,0.0000e+00,1.1200e+27,0.0000e+00,0.0000e+00,8.0004e+08,4.4828e-12,8.0957e+07,1.0658e+06,4.0104e+05,3.9832e+05,0.0,88.4,8.7,2.9,2.3893e+29,2.3021e+29,2.8100e+27,5.9100e+27,8.0028e+27,0.0000e+00,96.4,1.2,2.5
113,2.4638e+29,0.0000e+00,2.1794e+29,2.1490e+28,6.9500e+27,0.0000e+00,0.0000e+00,1.7940e+29,3.8540e+28,1.8080e+28,3.4100e+27,3.5700e+27,3.3800e+27,0.0000e+00,9.0000e+26,0.0000e+00,0.0000e+00,7.6731e+08,2.4856e-12,9.5743e+07,1.0958e+06,3.9830e+05,3.9561e+05,0.0,88.5,8.7,2.8,2.4582e+29,2.3723e+29,3.0500e+27,5.5400e+27,7.8851e+27,0.0000e+00,96.5,1.2,2.3
114,2.5784e+29,0.0000e+00,2.2210e+29,2.8720e+28,7.0200e+27,0.0000e+00,0.0000e+00,1.8231e+29,3.9790e+28,2.4710e+28,4.0100e+27,3.4100e+27,3.6100e+27,0.0000e+00,1.1900e+27,0.0000e+00,0.0000e+00,7.0444e+08,1.5410e-07,9.5200e+07,1.1162e+06,3.9560e+05,3.9293e+05,0.0,86.1,11.1,2.7,2.5756e+29,2.4650e+29,3.3800e+27,7.6800e+27,7.7688e+27,0.0000e+00,95.7,1.3,3.0
115,2.5885e+29,0.0000e+00,2.2461e+29,2.7290e+28,6.9500e+27,0.0000e+00,0.0000e+00,1.8376e+29,4.0850e+28,2.3860e+28,3.4300e+27,3.7100e+27,3.2400e+27,0.0000e+00,1.3200e+27,0.0000e+00,0.0000e+00,8.4759e+08,7.9221e-07,9.2930e+07,1.0692e+06,3.9292e+05,3.9029e+05,0.0,86.8,10.5,2.7,2.5864e+29,2.4761e+29,3.4900e+27,7.5400e+27,7.6224e+27,0.0000e+00,95.7,1.3,2.9
116,2.6656e+29,0.0000e+00,2.3281e+29,2.6810e+28,6.9400e+27,0.0000e+00,0.0000e+00,1.9367e+29,3.9140e+28,2.3500e+28,3.3100e+27,3.5300e+27,3.4100e+27,0.0000e+00,1.5700e+27,0.0000e+00,0.0000e+00,7.2910e+08,1.4275e-06,9.0691e+07,1.0440e+06,3.9028e+05,3.8767e+05,0.0,87.3,10.1,2.6,2.6682e+29,2.5601e+29,3.2200e+27,7.5900e+27,7.5107e+27,0.0000e+00,95.9,1.2,2.8
117,2.6994e+29,0.0000e+00,2.3738e+29,2.5590e+28,6.9700e+27,0.0000e+00,0.0000e+00,2.0004e+29,3.7340e+28,2.2440e+28,3.1500e+27,3.5900e+27,3.3800e+27,0.0000e+00,1.6200e+27,0.0000e+00,0.0000e+00,8.9923e+08,6.4155e-08,8.8733e+07,1.1040e+06,3.8766e+05,3.8510e+05,0.0,87.9,9.5,2.6,2.6995e+29,2.5947e+29,3.6900e+27,6.7900e+27,7.3704e+27,0.0000e+00,96.1,1.4,2.5
118,2.7182e+29,0.0000e+00,2.3859e+29,2.6200e+28,7.0300e+27,0.0000e+00,0.0000e+00,2.0364e+29,3.4950e+28,2.2840e+28,3.3600e+27,3.5100e+27,3.5200e+27,0.0000e+00,1.4000e+27,0.0000e+00,0.0000e+00,7.6875e+08,1.3517e-09,8.6769e+07,1.1363e+06,3.8509e+05,3.8255e+05,0.0,87.8,9.6,2.6,2.7155e+29,2.6103e+29,3.4200e+27,7.1000e+27,7.2633e+27,0.0000e+00,96.1,1.3,2.6
119,2.7301e+29,0.0000e+00,2.3989e+29,2.6160e+28,6.9600e+27,0.0000e+00,0.0000e+00,2.0730e+29,3.2590e+28,2.2450e+28,3.7100e+27,3.4200e+27,3.5400e+27,0.0000e+00,1.1300e+27,0.0000e+00,0.0000e+00,7.8243e+08,3.4927e-12,8.4517e+07,1.1145e+06,3.8254e+05,3.8003e+05,0.0,87.9,9.6,2.5,2.7357e+29,2.6281e+29,3.3500e+27,7.4100e+27,7.1579e+27,0.0000e+00,96.1,1.2,2.7
120,2.7980e+29,0.0000e+00,2.4443e+29,2.8310e+28,7.0600e+27,0.0000e+00,0.0000e+00,2.0991e+29,3.4520e+28,2.4760e+28,3.5500e+27,3.5100e+27,3.5500e+27,0.0000e+00,9.0000e+26,0.0000e+00,0.0000e+00,7.8738e+08,2.4605e-12,9.1814e+07,1.1283e+06,3.8002e+05,3.7754e+05,0.0,87.4,10.1,2.5,2.7911e+29,2.6850e+29,3.6300e+27,6.9800e+27,7.0541e+27,0.0000e+00,96.2,1.3,2.5
121,2.9725e+29,0.0000e+00,2.5471e+29,3.5450e+28,7.0900e+27,0.0000e+00,0.0000e+00,2.1639e+29,3.8320e+28,3.1770e+28,3.6800e+27,3.4100e+27,3.6800e+27,0.0000e+00,9.6000e+26,0.0000e+00,0.0000e+00,7.8554e+08,9.9673e-08,9.1228e+07,1.1406e+06,3.7753e+05,3.7509e+05,0.0,85.7,11.9,2.4,2.9664e+29,2.8407e+29,3.6400e+27,8.9300e+27,6.9522e+27,0.0000e+00,95.8,1.2,3.0
122,3.0811e+29,0.0000e+00,2.6589e+29,3.5200e+28,7.0200e+27,0.0000e+00,0.0000e+00,2.2672e+29,3.9170e+28,3.1720e+28,3.4800e+27,3.7600e+27,3.2600e+27,0.0000e+00,1.2600e+27,0.0000e+00,0.0000e+00,8.8794e+08,6.3291e-07,8.9119e+07,1.1490e+06,3.7508e+05,3.7267e+05,0.0,86.3,11.4,2.3,3.0803e+29,2.9444e+29,4.0900e+27,9.5000e+27,6.8251e+27,0.0000e+00,95.6,1.3,3.1
123,3.0692e+29,0.0000e+00,2.6439e+29,3.5510e+28,7.0200e+27,0.0000e+00,0.0000e+00,2.2766e+29,3.6730e+28,3.1630e+28,3.8800e+27,3.5400e+27,3.4800e+27,0.0000e+00,1.3200e+27,0.0000e+00,0.0000e+00,8.9924e+08,4.1374e-08,8.7423e+07,1.1543e+06,3.7266e+05,3.7029e+05,0.0,86.1,11.6,2.3,3.0702e+29,2.9366e+29,3.9900e+27,9.3700e+27,6.7016e+27,0.0000e+00,95.6,1.3,3.1
124,3.0893e+29,0.0000e+00,2.6748e+29,3.4470e+28,6.9800e+27,0.0000e+00,0.0000e+00,2.3118e+29,3.6300e+28,3.0790e+28,3.6800e+27,3.5400e+27,3.4400e+27,0.0000e+00,1.3600e+27,0.0000e+00,0.0000e+00,7.6908e+08,4.8563e-10,8.5396e+07,1.1252e+06,3.7028e+05,3.6794e+05,0.0,86.6,11.2,2.3,3.0911e+29,2.9588e+29,3.9100e+27,9.3200e+27,6.6333e+27,0.0000e+00,95.7,1.3,3.0
125,3.2277e+29,0.0000e+00,2.8145e+29,3.4290e+28,7.0300e+27,0.0000e+00,0.0000e+00,2.4547e+29,3.5980e+28,3.0270e+28,4.0200e+27,3.2900e+27,3.7400e+27,0.0000e+00,1.1400e+27,0.0000e+00,0.0000e+00,7.7679e+08,4.2599e-12,8.3883e+07,1.0835e+06,3.6793e+05,3.6563e+05,0.0,87.2,10.6,2.2,3.2296e+29,3.1022e+29,3.7200e+27,9.0200e+27,6.5146e+27,0.0000e+00,96.1,1.2,2.8
126,3.3136e+29,0.0000e+00,2.9056e+29,3.3780e+28,7.0200e+27,0.0000e+00,0.0000e+00,2.5627e+29,3.4290e+28,3.0380e+28,3.4000e+27,3.7300e+27,3.2900e+27,0.0000e+00,8.6000e+26,0.0000e+00,0.0000e+00,8.6533e+08,2.4475e-12,8.1855e+07,1.0982e+06,3.6562e+05,3.6335e+05,0.0,87.7,10.2,2.1,3.3073e+29,3.1780e+29,4.3100e+27,8.6200e+27,6.4242e+27,0.0000e+00,96.1,1.3,2.6
127,3.5046e+29,0.0000e+00,2.9885e+29,4.4560e+28,7.0500e+27,0.0000e+00,0.0000e+00,2.6145e+29,3.7400e+28,4.0830e+28,3.7300e+27,3.6300e+27,3.4200e+27,0.0000e+00,8.2000e+26,0.0000e+00,0.0000e+00,9.4415e+08,1.1564e-07,8.9592e+07,1.1324e+06,3.6334e+05,3.6111e+05,0.0,85.3,12.7,2.0,3.4941e+29,3.3441e+29,4.4700e+27,1.0530e+28,6.3357e+27,0.0000e+00,95.7,1.3,3.0
128,3.5523e+29,0.0000e+00,3.0382e+29,4.4420e+28,6.9900e+27,0.0000e+00,0.0000e+00,2.6355e+29,4.0270e+28,4.0380e+28,4.0400e+27,3.3800e+27,3.6100e+27,0.0000e+00,8.6000e+26,0.0000e+00,0.0000e+00,7.8910e+08,4.4941e-07,8.7924e+07,1.1552e+06,3.6110e+05,3.5891e+05,0.0,85.5,12.5,2.0,3.5577e+29,3.3972e+29,4.7000e+27,1.1350e+28,6.2254e+27,0.0000e+00,95.5,1.3,3.2
129,3.5938e+29,0.0000e+00,3.0885e+29,4.3640e+28,6.8900e+27,0.0000e+00,0.0000e+00,2.7231e+29,3.6540e+28,3.9460e+28,4.1800e+27,3.6200e+27,3.2700e+27,0.0000e+00,1.2700e+27,0.0000e+00,0.0000e+00,7.6354e+08,7.5065e-07,8.6154e+07,1.1494e+06,3.5890e+05,3.5674e+05,0.0,85.9,12.1,1.9,3.5869e+29,3.4308e+29,4.4200e+27,1.1190e+28,6.1417e+27,0.0000e+00,95.6,1.2,3.1
130,3.7447e+29,0.0000e+00,3.2424e+29,4.3180e+28,7.0500e+27,0.0000e+00,0.0000e+00,2.8963e+29,3.4610e+28,3.9230e+28,3.9500e+27,3.4700e+27,3.5800e+27,0.0000e+00,1.0900e+27,0.0000e+00,0.0000e+00,9.4734e+08,2.3673e-10,8.4203e+07,1.2075e+06,3.5673e+05,3.5462e+05,0.0,86.6,11.5,1.9,3.7430e+29,3.5887e+29,4.6000e+27,1.0830e+28,6.0372e+27,0.0000e+00,95.9,1.2,2.9
131,3.7823e+29,0.0000e+00,3.2821e+29,4.3000e+28,7.0200e+27,0.0000e+00,0.0000e+00,2.9592e+29,3.2290e+28,3.9000e+28,4.0000e+27,3.4800e+27,3.5400e+27,0.0000e+00,1.0600e+27,0.0000e+00,0.0000e+00,8.3930e+08,3.8379e-12,8.2546e+07,1.2050e+06,3.5461e+05,3.5253e+05,0.0,86.8,11.4,1.9,3.7909e+29,3.6304e+29,5.0400e+27,1.1010e+28,5.9583e+27,0.0000e+00,95.8,1.3,2.9
132,3.7552e+29,0.0000e+00,3.2499e+29,4.3410e+28,7.1200e+27,0.0000e+00,0.0000e+00,2.9253e+29,3.2460e+28,3.9330e+28,4.0800e+27,3.3000e+27,3.8200e+27,0.0000e+00,7.3000e+26,0.0000e+00,0.0000e+00,8.6823e+08,2.4418e-12,8.6116e+07,1.1675e+06,3.5252e+05,3.5048e+05,0.0,86.5,11.6,1.9,3.7451e+29,3.5956e+29,4.8200e+27,1.0130e+28,5.8813e+27,0.0000e+00,96.0,1.3,2.7
133,4.0295e+29,0.0000e+00,3.4281e+29,5.2940e+28,7.2000e+27,0.0000e+00,0.0000e+00,3.0584e+29,3.6970e+28,4.8550e+28,4.3900e+27,3.6400e+27,3.5600e+27,0.0000e+00,7.2000e+26,0.0000e+00,0.0000e+00,8.4061e+08,7.9869e-08,8.5811e+07,1.1618e+06,3.5047e+05,3.4846e+05,0.0,85.1,13.1,1.8,4.0206e+29,3.8394e+29,5.1300e+27,1.2990e+28,5.8063e+27,0.0000e+00,95.5,1.3,3.2
134,4.0809e+29,0.0000e+00,3.5003e+29,5.0970e+28,7.0900e+27,0.0000e+00,0.0000e+00,3.1030e+29,3.9730e+28,4.6790e+28,4.1800e+27,3.7200e+27,3.3700e+27,0.0000e+00,6.6000e+26,0.0000e+00,0.0000e+00,8.6217e+08,7.0276e-10,8.3838e+07,1.1815e+06,3.4845e+05,3.4648e+05,0.0,85.8,12.5,1.7,4.0926e+29,3.9207e+29,4.8800e+27,1.2310e+28,5.7122e+27,0.0000e+00,95.8,1.2,3.0
135,4.0838e+29,0.0000e+00,3.5026e+29,5.1180e+28,6.9400e+27,0.0000e+00,0.0000e+00,3.1577e+29,3.4490e+28,4.6860e+28,4.3200e+27,3.4700e+27,3.4700e+27,0.0000e+00,1.1300e+27,0.0000e+00,0.0000e+00,9.6552e+08,1.5168e-11,8.2181e+07,1.1530e+06,3.4648e+05,3.4455e+05,0.0,85.8,12.5,1.7,4.0829e+29,3.9053e+29,5.3900e+27,1.2370e+28,5.6418e+27,0.0000e+00,95.7,1.3,3.0
136,4.1541e+29,0.0000e+00,3.5768e+29,5.0740e+28,6.9900e+27,0.0000e+00,0.0000e+00,3.2150e+29,3.6180e+28,4.6060e+28,4.6800e+27,3.6500e+27,3.3400e+27,0.0000e+00,1.3000e+27,0.0000e+00,0.0000e+00,8.2833e+08,4.2171e-12,8.0584e+07,1.1648e+06,3.4454e+05,3.4265e+05,0.0,86.1,12.2,1.7,4.1504e+29,3.9800e+29,5.1500e+27,1.1890e+28,5.5532e+27,0.0000e+00,95.9,1.2,2.9
137,4.2683e+29,0.0000e+00,3.6968e+29,5.0070e+28,7.0800e+27,0.0000e+00,0.0000e+00,3.3584e+29,3.3840e+28,4.5750e+28,4.3200e+27,3.2800e+27,3.8000e+27,0.0000e+00,9.5000e+26,0.0000e+00,0.0000e+00,9.6822e+08,2.4404e-12,7.8953e+07,1.2024e+06,3.4265e+05,3.4080e+05,0.0,86.6,11.7,1.7,4.2611e+29,4.0920e+29,5.3200e+27,1.1590e+28,5.4875e+27,0.0000e+00,96.0,1.2,2.7
138,4.4280e+29,0.0000e+00,3.7857e+29,5.7150e+28,7.0800e+27,0.0000e+00,0.0000e+00,3.3726e+29,4.1310e+28,5.1720e+28,5.4300e+27,3.5800e+27,3.5000e+27,0.0000e+00,8.0000e+26,0.0000e+00,0.0000e+00,8.8829e+08,1.2829e-07,8.0843e+07,1.2070e+06,3.4079e+05,3.3898e+05,0.0,85.5,12.9,1.6,4.4238e+29,4.2372e+29,5.9800e+27,1.2680e+28,5.4043e+27,0.0000e+00,95.8,1.4,2.9
139,4.6097e+29,0.0000e+00,3.9308e+29,6.0820e+28,7.0700e+27,0.0000e+00,0.0000e+00,3.5138e+29,4.1700e+28,5.4830e+28,5.9900e+27,3.5600e+27,3.5100e+27,0.0000e+00,9.7000e+26,0.0000e+00,0.0000e+00,9.4349e+08,1.1189e-09,7.9576e+07,1.2246e+06,3.3898e+05,3.3721e+05,0.0,85.3,13.2,1.5,4.6017e+29,4.3991e+29,5.9600e+27,1.4300e+28,5.3431e+27,0.0000e+00,95.6,1.3,3.1
140,4.6742e+29,0.0000e+00,4.0053e+29,5.9810e+28,7.0800e+27,0.0000e+00,0.0000e+00,3.5752e+29,4.3010e+28,5.4350e+28,5.4600e+27,3.6600e+27,3.4200e+27,0.0000e+00,8.3000e+26,0.0000e+00,0.0000e+00,1.2330e+09,3.0241e-11,7.8159e+07,1.2192e+06,3.3720e+05,3.3547e+05,0.0,85.7,12.8,1.5,4.6859e+29,4.4810e+29,6.0000e+27,1.4490e+28,5.2838e+27,0.0000e+00,95.6,1.3,3.1
141,4.6792e+29,0.0000e+00,4.0301e+29,5.7910e+28,7.0000e+27,0.0000e+00,0.0000e+00,3.6498e+29,3.8030e+28,5.2290e+28,5.6200e+27,3.6400e+27,3.3600e+27,0.0000e+00,1.0600e+27,0.0000e+00,0.0000e+00,1.0145e+09,5.0401e-12,7.6627e+07,1.2033e+06,3.3547e+05,3.3378e+05,0.0,86.1,12.4,1.5,4.6709e+29,4.4677e+29,6.0400e+27,1.4280e+28,5.2081e+27,0.0000e+00,95.6,1.3,3.1
142,4.7930e+29,0.0000e+00,4.1419e+29,5.8260e+28,6.8500e+27,0.0000e+00,0.0000e+00,3.7493e+29,3.9260e+28,5.2510e+28,5.7500e+27,3.5000e+27,3.3500e+27,0.0000e+00,7.1000e+26,0.0000e+00,0.0000e+00,8.6848e+08,2.4419e-12,7.4984e+07,1.2147e+06,3.3378e+05,3.3213e+05,0.0,86.4,12.2,1.4,4.7946e+29,4.6007e+29,6.0200e+27,1.3370e+28,5.1532e+27,0.0000e+00,96.0,1.3,2.8
143,4.9831e+29,0.0000e+00,4.2628e+29,6.4840e+28,7.1900e+27,0.0000e+00,0.0000e+00,3.7816e+29,4.8120e+28,5.8020e+28,6.8200e+27,3.5800e+27,3.6100e+27,0.0000e+00,6.6000e+26,0.0000e+00,0.0000e+00,1.1313e+09,2.4419e-12,7.9154e+07,1.2090e+06,3.3212e+05,3.3052e+05,0.0,85.5,13.0,1.4,4.9721e+29,4.7576e+29,6.5500e+27,1.4900e+28,5.0826e+27,0.0000e+00,95.7,1.3,3.0
144,5.0904e+29,0.0000e+00,4.3525e+29,6.6750e+28,7.0400e+27,0.0000e+00,0.0000e+00,3.8724e+29,4.8010e+28,5.9820e+28,6.9300e+27,3.5300e+27,3.5100e+27,0.0000e+00,7.6000e+26,0.0000e+00,0.0000e+00,1.0297e+09,7.7247e-10,7.7839e+07,1.2342e+06,3.3051e+05,3.2895e+05,0.0,85.5,13.1,1.4,5.0915e+29,4.8744e+29,6.1700e+27,1.5540e+28,5.0146e+27,0.0000e+00,95.7,1.2,3.1
145,5.2053e+29,0.0000e+00,4.4596e+29,6.7670e+28,6.9000e+27,0.0000e+00,0.0000e+00,3.9904e+29,4.6920e+28,6.0110e+28,7.5600e+27,3.6700e+27,3.2300e+27,0.0000e+00,1.0100e+27,0.0000e+00,0.0000e+00,1.1048e+09,1.5146e-11,7.6477e+07,1.2804e+06,3.2895e+05,3.2742e+05,0.0,85.7,13.0,1.3,5.2060e+29,4.9809e+29,6.8400e+27,1.5670e+28,4.9666e+27,0.0000e+00,95.7,1.3,3.0
146,5.3570e+29,0.0000e+00,4.6217e+29,6.6550e+28,6.9800e+27,0.0000e+00,0.0000e+00,4.1509e+29,4.7080e+28,5.9330e+28,7.2200e+27,3.9500e+27,3.0300e+27,0.0000e+00,1.1200e+27,0.0000e+00,0.0000e+00,9.8600e+08,1.0098e-11,7.5183e+07,1.3032e+06,3.2742e+05,3.2594e+05,0.0,86.3,12.4,1.3,5.3505e+29,5.1392e+29,6.7800e+27,1.4350e+28,4.9036e+27,0.0000e+00,96.1,1.3,2.7
147,5.3465e+29,0.0000e+00,4.6178e+29,6.5780e+28,7.0900e+27,0.0000e+00,0.0000e+00,4.1570e+29,4.6080e+28,5.7510e+28,8.2700e+27,3.7900e+27,3.3000e+27,0.0000e+00,7.9000e+26,0.0000e+00,0.0000e+00,1.2478e+09,2.4452e-12,7.3897e+07,1.2872e+06,3.2594e+05,3.2450e+05,0.0,86.4,12.3,1.3,5.3439e+29,5.1246e+29,6.7700e+27,1.5160e+28,4.8598e+27,0.0000e+00,95.9,1.3,2.8
148,5.5771e+29,0.0000e+00,4.7562e+29,7.5180e+28,6.9100e+27,0.0000e+00,0.0000e+00,4.1516e+29,6.0460e+28,6.5190e+28,9.9900e+27,3.4300e+27,3.4800e+27,0.0000e+00,7.2000e+26,0.0000e+00,0.0000e+00,1.0660e+09,9.8827e-08,7.8893e+07,1.3148e+06,3.2449e+05,3.2310e+05,0.0,85.3,13.5,1.2,5.5713e+29,5.3400e+29,7.1700e+27,1.5960e+28,4.8015e+27,0.0000e+00,95.8,1.3,2.9
149,5.7103e+29,0.0000e+00,4.8901e+29,7.5070e+28,6.9500e+27,0.0000e+00,0.0000e+00,4.2656e+29,6.2450e+28,6.5140e+28,9.9300e+27,3.2000e+27,3.7500e+27,0.0000e+00,6.9000e+26,0.0000e+00,0.0000e+00,1.0325e+09,6.7903e-07,7.7607e+07,1.3378e+06,3.2309e+05,3.2174e+05,0.0,85.6,13.1,1.2,5.7150e+29,5.4724e+29,7.7100e+27,1.6550e+28,4.7457e+27,0.0000e+00,95.8,1.3,2.9
150,5.7244e+29,0.0000e+00,4.9158e+29,7.3850e+28,7.0100e+27,0.0000e+00,0.0000e+00,4.3129e+29,6.0290e+28,6.3690e+28,1.0160e+28,3.5600e+27,3.4500e+27,0.0000e+00,7.8000e+26,0.0000e+00,0.0000e+00,9.4379e+08,1.0896e-07,7.6461e+07,1.3520e+06,3.2174e+05,3.2043e+05,0.0,85.9,12.9,1.2,5.7153e+29,5.4822e+29,7.2900e+27,1.6020e+28,4.7084e+27,0.0000e+00,95.9,1.3,2.8
151,5.8122e+29,0.0000e+00,5.0224e+29,7.1980e+28,7.0000e+27,0.0000e+00,0.0000e+00,4.4507e+29,5.7170e+28,6.2140e+28,9.8400e+27,3.7200e+27,3.2800e+27,0.0000e+00,8.9000e+26,0.0000e+00,0.0000e+00,1.1745e+09,3.7849e-12,7.5296e+07,1.3883e+06,3.2043e+05,3.1916e+05,0.0,86.4,12.4,1.2,5.8146e+29,5.5820e+29,7.8500e+27,1.5410e+28,4.6416e+27,0.0000e+00,96.0,1.4,2.7
152,5.8394e+29,0.0000e+00,5.0265e+29,7.4270e+28,7.0200e+27,0.0000e+00,0.0000e+00,4.4325e+29,5.9400e+28,6.3780e+28,1.0490e+28,3.7100e+27,3.3100e+27,0.0000e+00,7.9000e+26,0.0000e+00,0.0000e+00,9.9804e+08,2.4495e-12,7.5215e+07,1.3684e+06,3.1916e+05,3.1794e+05,0.0,86.1,12.7,1.2,5.8389e+29,5.6118e+29,7.5400e+27,1.5170e+28,4.6087e+27,0.0000e+00,96.1,1.3,2.6
153,6.1956e+29,0.0000e+00,5.2748e+29,8.4970e+28,7.1100e+27,0.0000e+00,0.0000e+00,4.4859e+29,7.8890e+28,7.0250e+28,1.4720e+28,3.5000e+27,3.6100e+27,0.0000e+00,7.5000e+26,0.0000e+00,0.0000e+00,1.0133e+09,1.3391e-09,7.4678e+07,1.6137e+06,3.1793e+05,3.1675e+05,0.0,85.1,13.7,1.1,6.1824e+29,5.9237e+29,8.6000e+27,1.7270e+28,4.5777e+27,0.0000e+00,95.8,1.4,2.8
154,6.1643e+29,0.0000e+00,5.2796e+29,8.1520e+28,6.9500e+27,0.0000e+00,0.0000e+00,4.5112e+29,7.6840e+28,6.8250e+28,1.3270e+28,3.6100e+27,3.3400e+27,0.0000e+00,9.2000e+26,0.0000e+00,0.0000e+00,1.0866e+09,3.0666e-11,7.3415e+07,1.6258e+06,3.1675e+05,3.1561e+05,0.0,85.6,13.2,1.1,6.1632e+29,5.9099e+29,8.0700e+27,1.7260e+28,4.5183e+27,0.0000e+00,95.9,1.3,2.8
155,6.1762e+29,0.0000e+00,5.3056e+29,8.0090e+28,6.9700e+27,0.0000e+00,0.0000e+00,4.6128e+29,6.9280e+28,6.6650e+28,1.3440e+28,3.5000e+27,3.4700e+27,0.0000e+00,1.0000e+27,0.0000e+00,0.0000e+00,1.0728e+09,5.1109e-12,7.2097e+07,1.6644e+06,3.1561e+05,3.1452e+05,0.0,85.9,13.0,1.1,6.1692e+29,5.9158e+29,8.6700e+27,1.6670e+28,4.4768e+27,0.0000e+00,95.9,1.4,2.7
156,6.3965e+29,0.0000e+00,5.5331e+29,7.9350e+28,6.9900e+27,0.0000e+00,0.0000e+00,4.8277e+29,7.0540e+28,6.5300e+28,1.4050e+28,3.5700e+27,3.4200e+27,0.0000e+00,7.4000e+26,0.0000e+00,0.0000e+00,1.0475e+09,2.4544e-12,7.1206e+07,1.7006e+06,3.1451e+05,3.1346e+05,0.0,86.5,12.4,1.1,6.4085e+29,6.1559e+29,8.6100e+27,1.6650e+28,4.4523e+27,0.0000e+00,96.1,1.3,2.6
157,6.5317e+29,0.0000e+00,5.5782e+29,8.8290e+28,7.0600e+27,0.0000e+00,0.0000e+00,4.6584e+29,9.1980e+28,7.0710e+28,1.7580e+28,3.6600e+27,3.4000e+27,0.0000e+00,7.2000e+26,0.0000e+00,0.0000e+00,1.0950e+09,1.1618e-07,7.1855e+07,1.7059e+06,3.1346e+05,3.1245e+05,0.0,85.4,13.5,1.1,6.5240e+29,6.2615e+29,9.1600e+27,1.7090e+28,4.4150e+27,0.0000e+00,96.0,1.4,2.6
158,6.6716e+29,0.0000e+00,5.7175e+29,8.8470e+28,6.9400e+27,0.0000e+00,0.0000e+00,4.7928e+29,9.2470e+28,7.0280e+28,1.8190e+28,3.4800e+27,3.4600e+27,0.0000e+00,6.4000e+26,0.0000e+00,0.0000e+00,1.2608e+09,1.3933e-10,7.0689e+07,1.7560e+06,3.1245e+05,3.1149e+05,0.0,85.7,13.3,1.0,6.6724e+29,6.4143e+29,8.3800e+27,1.7430e+28,4.3656e+27,0.0000e+00,96.1,1.3,2.6
159,6.7279e+29,0.0000e+00,5.7626e+29,8.9350e+28,7.1800e+27,0.0000e+00,0.0000e+00,4.8297e+29,9.3290e+28,7.1130e+28,1.8220e+28,3.8100e+27,3.3700e+27,0.0000e+00,9.9000e+26,0.0000e+00,0.0000e+00,1.0897e+09,5.1605e-12,6.9491e+07,1.7418e+06,3.1149e+05,3.1057e+05,0.0,85.7,13.3,1.1,6.7191e+29,6.4595e+29,9.2000e+27,1.6760e+28,4.3474e+27,0.0000e+00,96.1,1.4,2.5
160,6.6858e+29,0.0000e+00,5.7365e+29,8.7830e+28,7.1000e+27,0.0000e+00,0.0000e+00,4.8292e+29,9.0730e+28,7.0000e+28,1.7830e+28,3.4100e+27,3.6900e+27,0.0000e+00,8.3000e+26,0.0000e+00,0.0000e+00,1.1210e+09,4.3045e-12,6.8307e+07,1.8086e+06,3.1057e+05,3.0969e+05,0.0,85.8,13.1,1.1,6.6938e+29,6.4312e+29,9.5200e+27,1.6740e+28,4.3028e+27,0.0000e+00,96.1,1.4,2.5
161,6.8438e+29,0.0000e+00,5.8380e+29,9.3580e+28,7.0000e+27,0.0000e+00,0.0000e+00,4.7680e+29,1.0700e+29,7.3270e+28,2.0310e+28,3.3100e+27,3.6900e+27,0.0000e+00,7.1000e+26,0.0000e+00,0.0000e+00,1.0426e+09,2.4596e-12,6.9902e+07,1.8438e+06,3.0969e+05,3.0886e+05,0.0,85.3,13.7,1.0,6.8249e+29,6.5724e+29,9.1600e+27,1.6090e+28,4.2747e+27,0.0000e+00,96.3,1.3,2.4
162,7.0119e+29,0.0000e+00,5.9893e+29,9.5270e+28,6.9900e+27,0.0000e+00,0.0000e+00,4.7814e+29,1.2079e+29,7.2910e+28,2.2360e+28,3.4600e+27,3.5300e+27,0.0000e+00,7.0000e+26,0.0000e+00,0.0000e+00,1.0602e+09,2.9761e-07,6.9207e+07,2.1409e+06,3.0886e+05,3.0808e+05,0.0,85.4,13.6,1.0,7.0167e+29,6.7374e+29,9.9400e+27,1.7990e+28,4.2627e+27,0.0000e+00,96.0,1.4,2.6
163,7.0401e+29,0.0000e+00,6.0199e+29,9.5030e+28,6.9900e+27,0.0000e+00,0.0000e+00,4.8573e+29,1.1626e+29,7.2670e+28,2.2360e+28,3.7500e+27,3.2400e+27,0.0000e+00,7.3000e+26,0.0000e+00,0.0000e+00,1.0789e+09,4.6802e-10,6.8063e+07,2.1989e+06,3.0807e+05,3.0733e+05,0.0,85.5,13.5,1.0,7.0428e+29,6.7775e+29,9.8800e+27,1.6650e+28,4.2250e+27,0.0000e+00,96.2,1.4,2.4
164,7.1200e+29,0.0000e+00,6.1125e+29,9.3750e+28,7.0000e+27,0.0000e+00,0.0000e+00,4.9748e+29,1.1377e+29,7.0880e+28,2.2870e+28,3.2200e+27,3.7800e+27,0.0000e+00,9.3000e+26,0.0000e+00,0.0000e+00,1.1185e+09,3.8398e-12,6.7113e+07,2.2176e+06,3.0733e+05,3.0664e+05,0.0,85.8,13.2,1.0,7.1219e+29,6.8639e+29,9.7100e+27,1.6090e+28,4.1898e+27,0.0000e+00,96.4,1.4,2.3
165,7.2122e+29,0.0000e+00,6.1830e+29,9.5720e+28,7.2000e+27,0.0000e+00,0.0000e+00,4.8794e+29,1.3036e+29,7.2010e+28,2.3710e+28,3.9300e+27,3.2700e+27,0.0000e+00,4.5000e+26,0.0000e+00,0.0000e+00,1.0679e+09,2.4648e-12,7.0540e+07,2.2609e+06,3.0664e+05,3.0598e+05,0.0,85.7,13.3,1.0,7.1970e+29,6.9361e+29,1.0030e+28,1.6060e+28,4.1840e+27,0.0000e+00,96.4,1.4,2.2
166,7.2884e+29,0.0000e+00,6.1895e+29,1.0292e+29,6.9700e+27,0.0000e+00,0.0000e+00,4.7067e+29,1.4828e+29,7.4200e+28,2.8720e+28,3.3900e+27,3.5800e+27,0.0000e+00,6.2000e+26,0.0000e+00,0.0000e+00,1.1288e+09,7.3222e-10,7.0281e+07,2.7453e+06,3.0598e+05,3.0538e+05,0.0,84.9,14.1,1.0,7.2974e+29,7.0321e+29,9.7800e+27,1.6750e+28,4.1533e+27,0.0000e+00,96.4,1.3,2.3
167,7.3067e+29,0.0000e+00,6.2246e+29,1.0103e+29,7.1800e+27,0.0000e+00,0.0000e+00,4.7380e+29,1.4866e+29,7.2690e+28,2.8340e+28,3.6000e+27,3.5800e+27,0.0000e+00,8.1000e+26,0.0000e+00,0.0000e+00,1.1871e+09,1.0536e-11,6.9338e+07,2.7773e+06,3.0537e+05,3.0481e+05,0.0,85.2,13.8,1.0,7.3080e+29,7.0407e+29,1.0110e+28,1.6620e+28,4.1382e+27,0.0000e+00,96.3,1.4,2.3
168,7.3478e+29,0.0000e+00,6.2791e+29,9.9840e+28,7.0300e+27,0.0000e+00,0.0000e+00,4.8700e+29,1.4091e+29,7.1710e+28,2.8130e+28,3.5000e+27,3.5300e+27,0.0000e+00,8.0000e+26,0.0000e+00,0.0000e+00,1.2676e+09,5.2678e-12,6.8305e+07,2.8490e+06,3.0481e+05,3.0429e+05,0.0,85.5,13.6,1.0,7.3443e+29,7.0840e+29,9.7800e+27,1.6250e+28,4.1120e+27,0.0000e+00,96.5,1.3,2.2
169,7.3523e+29,0.0000e+00,6.2862e+29,9.9650e+28,6.9600e+27,0.0000e+00,0.0000e+00,4.8505e+29,1.4357e+29,7.0490e+28,2.9160e+28,3.7300e+27,3.2300e+27,0.0000e+00,6.3000e+26,0.0000e+00,0.0000e+00,1.1386e+09,2.4699e-12,6.7242e+07,2.8659e+06,3.0429e+05,3.0382e+05,0.0,85.5,13.6,0.9,7.3551e+29,7.0954e+29,1.0050e+28,1.5920e+28,4.1013e+27,0.0000e+00,96.5,1.4,2.2
170,7.4731e+29,0.0000e+00,6.3389e+29,1.0625e+29,7.1700e+27,0.0000e+00,0.0000e+00,4.5309e+29,1.8080e+29,7.2770e+28,3.3480e+28,3.6500e+27,3.5200e+27,0.0000e+00,6.4000e+26,0.0000e+00,0.0000e+00,1.1335e+09,1.2350e-07,6.6634e+07,3.5634e+06,3.0382e+05,3.0339e+05,0.0,84.8,14.2,1.0,7.4687e+29,7.2001e+29,9.9300e+27,1.6930e+28,4.0795e+27,0.0000e+00,96.4,1.3,2.3
171,7.5252e+29,0.0000e+00,6.3977e+29,1.0570e+29,7.0500e+27,0.0000e+00,0.0000e+00,4.6469e+29,1.7508e+29,7.1450e+28,3.4250e+28,3.6000e+27,3.4500e+27,0.0000e+00,8.3000e+26,0.0000e+00,0.0000e+00,1.1596e+09,1.2601e-06,6.5578e+07,3.6082e+06,3.0339e+05,3.0301e+05,0.0,85.0,14.0,0.9,7.5213e+29,7.2512e+29,1.0630e+28,1.6380e+28,4.0731e+27,0.0000e+00,96.4,1.4,2.2
172,7.4916e+29,0.0000e+00,6.4004e+29,1.0203e+29,7.0900e+27,0.0000e+00,0.0000e+00,4.7227e+29,1.6777e+29,6.9010e+28,3.3020e+28,3.6300e+27,3.4600e+27,0.0000e+00,1.0500e+27,0.0000e+00,0.0000e+00,1.2600e+09,4.6061e-10,6.4807e+07,3.6733e+06,3.0301e+05,3.0267e+05,0.0,85.4,13.6,0.9,7.4911e+29,7.2195e+29,1.0830e+28,1.6330e+28,4.0557e+27,0.0000e+00,96.4,1.4,2.2
173,7.5758e+29,0.0000e+00,6.4526e+29,1.0529e+29,7.0300e+27,0.0000e+00,0.0000e+00,4.8222e+29,1.6304e+29,7.0870e+28,3.4420e+28,3.3800e+27,3.6500e+27,0.0000e+00,6.2000e+26,0.0000e+00,0.0000e+00,1.1777e+09,2.4747e-12,6.4133e+07,3.6840e+06,3.0267e+05,3.0237e+05,0.0,85.2,13.9,0.9,7.5766e+29,7.3167e+29,9.9300e+27,1.6060e+28,4.0535e+27,0.0000e+00,96.6,1.3,2.1
174,7.6977e+29,0.0000e+00,6.5573e+29,1.0716e+29,6.8800e+27,0.0000e+00,0.0000e+00,4.4380e+29,2.1193e+29,6.8520e+28,3.8640e+28,3.3800e+27,3.5000e+27,0.0000e+00,6.5000e+26,0.0000e+00,0.0000e+00,1.1075e+09,1.2353e-07,6.3642e+07,4.9257e+06,3.0237e+05,3.0213e+05,0.0,85.2,13.9,0.9,7.6963e+29,7.4258e+29,1.0880e+28,1.6170e+28,4.0405e+27,0.0000e+00,96.5,1.4,2.1
175,7.7499e+29,0.0000e+00,6.5993e+29,1.0807e+29,6.9900e+27,0.0000e+00,0.0000e+00,4.5273e+29,2.0720e+29,6.9080e+28,3.8990e+28,3.3700e+27,3.6200e+27,0.0000e+00,6.1000e+26,0.0000e+00,0.0000e+00,1.2729e+09,3.3952e-07,6.2816e+07,4.9381e+06,3.0213e+05,3.0192e+05,0.0,85.2,13.9,0.9,7.7511e+29,7.4795e+29,1.1150e+28,1.6010e+28,4.0297e+27,0.0000e+00,96.5,1.4,2.1
176,7.6475e+29,0.0000e+00,6.5017e+29,1.0759e+29,6.9900e+27,0.0000e+00,0.0000e+00,4.5680e+29,1.9337e+29,6.8420e+28,3.9170e+28,3.6400e+27,3.3500e+27,0.0000e+00,1.0500e+27,0.0000e+00,0.0000e+00,1.1371e+09,1.1451e-10,6.2068e+07,4.9376e+06,3.0192e+05,3.0176e+05,0.0,85.0,14.1,0.9,7.6454e+29,7.3810e+29,1.0520e+28,1.5920e+28,4.0211e+27,0.0000e+00,96.5,1.4,2.1
177,7.6298e+29,0.0000e+00,6.4776e+29,1.0812e+29,7.1000e+27,0.0000e+00,0.0000e+00,4.6122e+29,1.8654e+29,6.7970e+28,4.0150e+28,3.5300e+27,3.5700e+27,0.0000e+00,7.5000e+26,0.0000e+00,0.0000e+00,1.3801e+09,2.4791e-12,6.1193e+07,4.8809e+06,3.0176e+05,3.0165e+05,0.0,84.9,14.2,0.9,7.6347e+29,7.3704e+29,1.0230e+28,1.6200e+28,4.0274e+27,0.0000e+00,96.5,1.3,2.1
178,7.7104e+29,0.0000e+00,6.5657e+29,1.0738e+29,7.0900e+27,0.0000e+00,0.0000e+00,4.2026e+29,2.3631e+29,6.3480e+28,4.3900e+28,3.3700e+27,3.7200e+27,0.0000e+00,5.5000e+26,0.0000e+00,0.0000e+00,1.2811e+09,1.0605e-07,6.0437e+07,4.8948e+06,3.0165e+05,3.0158e+05,0.0,85.2,13.9,0.9,7.7044e+29,7.4380e+29,1.1090e+28,1.5550e+28,4.0103e+27,0.0000e+00,96.5,1.4,2.0
179,7.7154e+29,0.0000e+00,6.5733e+29,1.0693e+29,7.2800e+27,0.0000e+00,0.0000e+00,4.2499e+29,2.3234e+29,6.3900e+28,4.3030e+28,3.8100e+27,3.4700e+27,0.0000e+00,6.2000e+26,0.0000e+00,0.0000e+00,1.1693e+09,8.0615e-07,5.9330e+07,7.2038e+06,3.0158e+05,3.0156e+05,0.0,85.2,13.9,0.9,7.7149e+29,7.4511e+29,1.0450e+28,1.5930e+28,4.0210e+27,0.0000e+00,96.6,1.4,2.1
180,7.6142e+29,0.0000e+00,6.4833e+29,1.0592e+29,7.1700e+27,0.0000e+00,0.0000e+00,4.2690e+29,2.2143e+29,6.2220e+28,4.3700e+28,3.6100e+27,3.5600e+27,0.0000e+00,9.5000e+26,0.0000e+00,0.0000e+00,1.1452e+09,1.8555e-07,5.8888e+07,7.1944e+06,3.0158e+05,3.0156e+05,0.0,85.1,13.9,0.9,7.6186e+29,7.3569e+29,1.0460e+28,1.5710e+28,4.0082e+27,0.0000e+00,96.6,1.4,2.1
181,7.7029e+29,0.0000e+00,6.5587e+29,1.0714e+29,7.2800e+27,0.0000e+00,0.0000e+00,4.3551e+29,2.2036e+29,6.3990e+28,4.3150e+28,3.6600e+27,3.6200e+27,0.0000e+00,8.3000e+26,0.0000e+00,0.0000e+00,1.1646e+09,2.4831e-12,5.8042e+07,7.1875e+06,3.0165e+05,3.0158e+05,0.0,85.1,13.9,0.9,7.6976e+29,7.4374e+29,1.0610e+28,1.5410e+28,4.0231e+27,0.0000e+00,96.6,1.4,2.0
182,7.5797e+29,0.0000e+00,6.4455e+29,1.0641e+29,7.0100e+27,0.0000e+00,0.0000e+00,3.8916e+29,2.5539e+29,5.9570e+28,4.6840e+28,3.4600e+27,3.5500e+27,0.0000e+00,7.0000e+26,0.0000e+00,0.0000e+00,1.1518e+09,1.1618e-07,5.7517e+07,7.2532e+06,3.0176e+05,3.0165e+05,0.0,85.0,14.0,0.9,7.5820e+29,7.3120e+29,1.1150e+28,1.5850e+28,4.0146e+27,0.0000e+00,96.4,1.5,2.1
183,7.7000e+29,0.0000e+00,6.5730e+29,1.0568e+29,7.0200e+27,0.0000e+00,0.0000e+00,3.9597e+29,2.6133e+29,5.8550e+28,4.7130e+28,3.1400e+27,3.8800e+27,0.0000e+00,5.1000e+26,0.0000e+00,0.0000e+00,1.2594e+09,2.6869e-10,5.7029e+07,9.3475e+06,3.0192e+05,3.0176e+05,0.0,85.4,13.7,0.9,7.7072e+29,7.4595e+29,1.0110e+28,1.4660e+28,4.0211e+27,0.0000e+00,96.8,1.3,1.9
184,7.6943e+29,0.0000e+00,6.5852e+29,1.0388e+29,7.0300e+27,0.0000e+00,0.0000e+00,4.0033e+29,2.5819e+29,5.8330e+28,4.5550e+28,3.3300e+27,3.7000e+27,0.0000e+00,8.1000e+26,0.0000e+00,0.0000e+00,1.1558e+09,2.4426e-11,5.6091e+07,9.3185e+06,3.0213e+05,3.0192e+05,0.0,85.6,13.5,0.9,7.6912e+29,7.4409e+29,1.0530e+28,1.4500e+28,4.0426e+27,0.0000e+00,96.7,1.4,1.9
185,7.7127e+29,0.0000e+00,6.5982e+29,1.0432e+29,7.1300e+27,0.0000e+00,0.0000e+00,4.1461e+29,2.4521e+29,5.8100e+28,4.6220e+28,3.5300e+27,3.6000e+27,0.0000e+00,6.6000e+26,0.0000e+00,0.0000e+00,1.1522e+09,2.4867e-12,5.5263e+07,9.3187e+06,3.0237e+05,3.0213e+05,0.0,85.5,13.5,0.9,7.7138e+29,7.4561e+29,1.1060e+28,1.4710e+28,4.0276e+27,0.0000e+00,96.7,1.4,1.9
186,7.5396e+29,0.0000e+00,6.4234e+29,1.0465e+29,6.9700e+27,0.0000e+00,0.0000e+00,3.6429e+29,2.7805e+29,5.4470e+28,5.0180e+28,3.5200e+27,3.4500e+27,0.0000e+00,5.6000e+26,0.0000e+00,0.0000e+00,1.1908e+09,1.2259e-07,5.4449e+07,9.2959e+06,3.0267e+05,3.0237e+05,0.0,85.2,13.9,0.9,7.5356e+29,7.2792e+29,1.0380e+28,1.5260e+28,4.0535e+27,0.0000e+00,96.6,1.4,2.0
187,7.4607e+29,0.0000e+00,6.3607e+29,1.0300e+29,7.0000e+27,0.0000e+00,0.0000e+00,3.5534e+29,2.8073e+29,5.3120e+28,4.9880e+28,3.5500e+27,3.4500e+27,0.0000e+00,5.2000e+26,0.0000e+00,0.0000e+00,1.1268e+09,4.5269e-07,5.3982e+07,1.0560e+07,3.0301e+05,3.0267e+05,0.0,85.3,13.8,0.9,7.4554e+29,7.2025e+29,1.1020e+28,1.4270e+28,4.0557e+27,0.0000e+00,96.6,1.5,1.9
188,7.4936e+29,0.0000e+00,6.3957e+29,1.0270e+29,7.0900e+27,0.0000e+00,0.0000e+00,3.6443e+29,2.7514e+29,5.2720e+28,4.9980e+28,3.5500e+27,3.5400e+27,0.0000e+00,7.6000e+26,0.0000e+00,0.0000e+00,1.3311e+09,3.4537e-07,5.3212e+07,1.0567e+07,3.0339e+05,3.0301e+05,0.0,85.3,13.7,0.9,7.5074e+29,7.2617e+29,1.0160e+28,1.4410e+28,4.0731e+27,0.0000e+00,96.7,1.4,1.9
189,7.2961e+29,0.0000e+00,6.2116e+29,1.0146e+29,6.9900e+27,0.0000e+00,0.0000e+00,3.6201e+29,2.5915e+29,5.1810e+28,4.9650e+28,3.6000e+27,3.3900e+27,0.0000e+00,7.2000e+26,0.0000e+00,0.0000e+00,1.1744e+09,2.8891e-12,5.2814e+07,1.0375e+07,3.0382e+05,3.0339e+05,0.0,85.1,13.9,1.0,7.3001e+29,7.0570e+29,9.8800e+27,1.4430e+28,4.0795e+27,0.0000e+00,96.7,1.4,2.0
190,7.3885e+29,0.0000e+00,6.3218e+29,9.9600e+28,7.0700e+27,0.0000e+00,0.0000e+00,3.3863e+29,2.9355e+29,4.8040e+28,5.1560e+28,3.5500e+27,3.5200e+27,0.0000e+00,5.1000e+26,0.0000e+00,0.0000e+00,1.3161e+09,2.4970e-12,5.2314e+07,7.9433e+06,3.0429e+05,3.0382e+05,0.0,85.6,13.5,1.0,7.3926e+29,7.1572e+29,9.8600e+27,1.3680e+28,4.1013e+27,0.0000e+00,96.8,1.3,1.9
191,7.3613e+29,0.0000e+00,6.3029e+29,9.8720e+28,7.1200e+27,0.0000e+00,0.0000e+00,3.1928e+29,3.1101e+29,4.5950e+28,5.2770e+28,3.6500e+27,3.4700e+27,0.0000e+00,8.1000e+26,0.0000e+00,0.0000e+00,1.2132e+09,7.2639e-07,5.1787e+07,7.8494e+06,3.0481e+05,3.0429e+05,0.0,85.6,13.4,1.0,7.3509e+29,7.1104e+29,1.0300e+28,1.3750e+28,4.1120e+27,0.0000e+00,96.7,1.4,1.9
192,7.2421e+29,0.0000e+00,6.1836e+29,9.8700e+28,7.1500e+27,0.0000e+00,0.0000e+00,3.2639e+29,2.9197e+29,4.6100e+28,5.2600e+28,3.9400e+27,3.2100e+27,0.0000e+00,7.5000e+26,0.0000e+00,0.0000e+00,1.1690e+09,2.7275e-07,5.1202e+07,8.0422e+06,3.0537e+05,3.0481e+05,0.0,85.4,13.6,1.0,7.2441e+29,7.0003e+29,1.0430e+28,1.3950e+28,4.1382e+27,0.0000e+00,96.6,1.4,1.9
193,7.1525e+29,0.0000e+00,6.1152e+29,9.6710e+28,7.0200e+27,0.0000e+00,0.0000e+00,3.3353e+29,2.7799e+29,4.4850e+28,5.1860e+28,3.4300e+27,3.5900e+27,0.0000e+00,8.6000e+26,0.0000e+00,0.0000e+00,1.0666e+09,3.9748e-12,5.0686e+07,8.0952e+06,3.0598e+05,3.0537e+05,0.0,85.5,13.5,1.0,7.1567e+29,6.9223e+29,9.5000e+27,1.3940e+28,4.1533e+27,0.0000e+00,96.7,1.3,1.9
194,7.1212e+29,0.0000e+00,6.0943e+29,9.5710e+28,6.9800e+27,0.0000e+00,0.0000e+00,3.0543e+29,3.0400e+29,4.3030e+28,5.2680e+28,3.6200e+27,3.3600e+27,0.0000e+00,6.2000e+26,0.0000e+00,0.0000e+00,1.1178e+09,2.4924e-12,5.0240e+07,7.1801e+06,3.0663e+05,3.0598e+05,0.0,85.6,13.4,1.0,7.1169e+29,6.8882e+29,9.1100e+27,1.3760e+28,4.1840e+27,0.0000e+00,96.8,1.3,1.9
195,6.9780e+29,0.0000e+00,5.9716e+29,9.3620e+28,7.0200e+27,0.0000e+00,0.0000e+00,2.8574e+29,3.1142e+29,3.9790e+28,5.3830e+28,3.5900e+27,3.4300e+27,0.0000e+00,7.2000e+26,0.0000e+00,0.0000e+00,1.2761e+09,4.9943e-07,4.9889e+07,7.0684e+06,3.0733e+05,3.0664e+05,0.0,85.6,13.4,1.0,6.9919e+29,6.7743e+29,9.1500e+27,1.2610e+28,4.2035e+27,0.0000e+00,96.9,1.3,1.8
196,6.8308e+29,0.0000e+00,5.8573e+29,9.0220e+28,7.1300e+27,0.0000e+00,0.0000e+00,2.8701e+29,2.9872e+29,3.8030e+28,5.2190e+28,3.7600e+27,3.3700e+27,0.0000e+00,8.1000e+26,0.0000e+00,0.0000e+00,1.2814e+09,5.4351e-07,4.9378e+07,6.9707e+06,3.0807e+05,3.0733e+05,0.0,85.7,13.2,1.0,6.8308e+29,6.6087e+29,9.5800e+27,1.2630e+28,4.2251e+27,0.0000e+00,96.7,1.4,1.8
197,6.7212e+29,0.0000e+00,5.7538e+29,8.9660e+28,7.0800e+27,0.0000e+00,0.0000e+00,2.9555e+29,2.7983e+29,3.8280e+28,5.1380e+28,3.7000e+27,3.3800e+27,0.0000e+00,8.4000e+26,0.0000e+00,0.0000e+00,1.1496e+09,1.2103e-10,4.9205e+07,6.9353e+06,3.0886e+05,3.0808e+05,0.0,85.6,13.3,1.1,6.7192e+29,6.5018e+29,8.5900e+27,1.3150e+28,4.2488e+27,0.0000e+00,96.8,1.3,2.0
198,6.8282e+29,0.0000e+00,5.8575e+29,8.9860e+28,7.2100e+27,0.0000e+00,0.0000e+00,2.8938e+29,2.9637e+29,3.7010e+28,5.2850e+28,3.4900e+27,3.7200e+27,0.0000e+00,6.5000e+26,0.0000e+00,0.0000e+00,1.1029e+09,2.4947e-12,4.8869e+07,6.7359e+06,3.0969e+05,3.0886e+05,0.0,85.8,13.2,1.1,6.8257e+29,6.6039e+29,8.6800e+27,1.3500e+28,4.2747e+27,0.0000e+00,96.8,1.3,2.0
199,6.7332e+29,0.0000e+00,5.8062e+29,8.5650e+28,7.0500e+27,0.0000e+00,0.0000e+00,2.5644e+29,3.2418e+29,3.2550e+28,5.3100e+28,3.3600e+27,3.6900e+27,0.0000e+00,6.0000e+26,0.0000e+00,0.0000e+00,1.0301e+09,1.2802e-07,4.8290e+07,6.7093e+06,3.1057e+05,3.0969e+05,0.0,86.2,12.7,1.0,6.7436e+29,6.5230e+29,9.3000e+27,1.2760e+28,4.3170e+27,0.0000e+00,96.7,1.4,1.9
200,6.6189e+29,0.0000e+00,5.6962e+29,8.5100e+28,7.1700e+27,0.0000e+00,0.0000e+00,2.6229e+29,3.0733e+29,3.2340e+28,5.2760e+28,3.5700e+27,3.6000e+27,0.0000e+00,7.0000e+26,0.0000e+00,0.0000e+00,1.0732e+09,7.5990e-07,4.7810e+07,6.7762e+06,3.1149e+05,3.1057e+05,0.0,86.1,12.9,1.1,6.6153e+29,6.4021e+29,8.6900e+27,1.2630e+28,4.3331e+27,0.0000e+00,96.8,1.3,1.9
201,6.5091e+29,0.0000e+00,5.5921e+29,8.4620e+28,7.0800e+27,0.0000e+00,0.0000e+00,2.6873e+29,2.9048e+29,3.2660e+28,5.1960e+28,3.6400e+27,3.4400e+27,0.0000e+00,7.6000e+26,0.0000e+00,0.0000e+00,9.7631e+08,4.6072e-12,4.7896e+07,6.7565e+06,3.1245e+05,3.1149e+05,0.0,85.9,13.0,1.1,6.5130e+29,6.2952e+29,8.8200e+27,1.2960e+28,4.3801e+27,0.0000e+00,96.7,1.4,2.0
202,6.4925e+29,0.0000e+00,5.5965e+29,8.2620e+28,6.9800e+27,0.0000e+00,0.0000e+00,2.7260e+29,2.8705e+29,3.2400e+28,5.0220e+28,3.4100e+27,3.5700e+27,0.0000e+00,7.3000e+26,0.0000e+00,0.0000e+00,1.2236e+09,2.4966e-12,4.7751e+07,6.7030e+06,3.1346e+05,3.1246e+05,0.0,86.2,12.7,1.1,6.4960e+29,6.2899e+29,7.9400e+27,1.2670e+28,4.4004e+27,0.0000e+00,96.8,1.2,2.0
203,6.3699e+29,0.0000e+00,5.5017e+29,7.9770e+28,7.0500e+27,0.0000e+00,0.0000e+00,2.3887e+29,3.1130e+29,2.8270e+28,5.1500e+28,3.7200e+27,3.3300e+27,0.0000e+00,6.3000e+26,0.0000e+00,0.0000e+00,1.1035e+09,1.2842e-07,4.7553e+07,6.7117e+06,3.1451e+05,3.1346e+05,0.0,86.4,12.5,1.1,6.3716e+29,6.1646e+29,8.0600e+27,1.2640e+28,4.4522e+27,0.0000e+00,96.8,1.3,2.0
204,6.2887e+29,0.0000e+00,5.4391e+29,7.7900e+28,7.0600e+27,0.0000e+00,0.0000e+00,2.3859e+29,3.0532e+29,2.7190e+28,5.0710e+28,3.2500e+27,3.8100e+27,0.0000e+00,7.0000e+26,0.0000e+00,0.0000e+00,1.0898e+09,4.5407e-07,4.6867e+07,6.6904e+06,3.1561e+05,3.1452e+05,0.0,86.5,12.4,1.1,6.2932e+29,6.0910e+29,8.3600e+27,1.1860e+28,4.4768e+27,0.0000e+00,96.8,1.3,1.9
205,6.2595e+29,0.0000e+00,5.3908e+29,7.9840e+28,7.0300e+27,0.0000e+00,0.0000e+00,2.5180e+29,2.8728e+29,2.7730e+28,5.2110e+28,3.4000e+27,3.6300e+27,0.0000e+00,9.7000e+26,0.0000e+00,0.0000e+00,1.0307e+09,3.2627e-07,4.6378e+07,6.6813e+06,3.1675e+05,3.1561e+05,0.0,86.1,12.8,1.1,6.2633e+29,6.0503e+29,8.5600e+27,1.2740e+28,4.5336e+27,0.0000e+00,96.6,1.4,2.0
206,6.1446e+29,0.0000e+00,5.2782e+29,7.9620e+28,7.0200e+27,0.0000e+00,0.0000e+00,2.4833e+29,2.7949e+29,2.8110e+28,5.1510e+28,3.3800e+27,3.6400e+27,0.0000e+00,1.0200e+27,0.0000e+00,0.0000e+00,8.6812e+08,9.2043e-09,4.6261e+07,6.5927e+06,3.1793e+05,3.1675e+05,0.0,85.9,13.0,1.1,6.1403e+29,5.9291e+29,8.1400e+27,1.2980e+28,4.5624e+27,0.0000e+00,96.6,1.3,2.1
207,5.9713e+29,0.0000e+00,5.1506e+29,7.5030e+28,7.0400e+27,0.0000e+00,0.0000e+00,2.3238e+29,2.8268e+29,2.5160e+28,4.9870e+28,3.5200e+27,3.5200e+27,0.0000e+00,5.7000e+26,0.0000e+00,0.0000e+00,1.0429e+09,2.4983e-12,4.6055e+07,6.4512e+06,3.1916e+05,3.1794e+05,0.0,86.3,12.6,1.2,5.9823e+29,5.7830e+29,7.2200e+27,1.2710e+28,4.6087e+27,0.0000e+00,96.7,1.2,2.1
208,5.8447e+29,0.0000e+00,5.0357e+29,7.3840e+28,7.0600e+27,0.0000e+00,0.0000e+00,2.1590e+29,2.8767e+29,2.3390e+28,5.0450e+28,3.7400e+27,3.3200e+27,0.0000e+00,5.9000e+26,0.0000e+00,0.0000e+00,1.1675e+09,2.1275e-07,4.5712e+07,6.3932e+06,3.2043e+05,3.1916e+05,0.0,86.2,12.6,1.2,5.8439e+29,5.6505e+29,7.0500e+27,1.2290e+28,4.6574e+27,0.0000e+00,96.7,1.2,2.1
209,5.6628e+29,0.0000e+00,4.8720e+29,7.2010e+28,7.0700e+27,0.0000e+00,0.0000e+00,2.1747e+29,2.6973e+29,2.2930e+28,4.9080e+28,3.5800e+27,3.4900e+27,0.0000e+00,9.1000e+26,0.0000e+00,0.0000e+00,1.0441e+09,9.1039e-07,4.5671e+07,6.4184e+06,3.2174e+05,3.2043e+05,0.0,86.0,12.7,1.2,5.6627e+29,5.4726e+29,6.7800e+27,1.2230e+28,4.6925e+27,0.0000e+00,96.6,1.2,2.2
210,5.8476e+29,0.0000e+00,5.0558e+29,7.2240e+28,6.9400e+27,0.0000e+00,0.0000e+00,2.3094e+29,2.7464e+29,2.2630e+28,4.9610e+28,3.3500e+27,3.5900e+27,0.0000e+00,1.0900e+27,0.0000e+00,0.0000e+00,1.0498e+09,9.4192e-08,4.5805e+07,6.4884e+06,3.2310e+05,3.2174e+05,0.0,86.5,12.4,1.2,5.8476e+29,5.6513e+29,7.0100e+27,1.2620e+28,4.7620e+27,0.0000e+00,96.6,1.2,2.2
211,5.5733e+29,0.0000e+00,4.7894e+29,7.1360e+28,7.0300e+27,0.0000e+00,0.0000e+00,2.2693e+29,2.5201e+29,2.2680e+28,4.8680e+28,3.5900e+27,3.4400e+27,0.0000e+00,8.7000e+26,0.0000e+00,0.0000e+00,8.6352e+08,2.5000e-12,4.5566e+07,6.4600e+06,3.2449e+05,3.2310e+05,0.0,85.9,12.8,1.3,5.5744e+29,5.3720e+29,6.5500e+27,1.3690e+28,4.7850e+27,0.0000e+00,96.4,1.2,2.5
212,5.5764e+29,0.0000e+00,4.8233e+29,6.8280e+28,7.0300e+27,0.0000e+00,0.0000e+00,2.1132e+29,2.7101e+29,2.0840e+28,4.7440e+28,3.5000e+27,3.5300e+27,0.0000e+00,5.7000e+26,0.0000e+00,0.0000e+00,9.4982e+08,1.0877e-07,4.5351e+07,6.4415e+06,3.2594e+05,3.2450e+05,0.0,86.5,12.2,1.3,5.5839e+29,5.3837e+29,6.8800e+27,1.3140e+28,4.8597e+27,0.0000e+00,96.4,1.2,2.4
213,5.5037e+29,0.0000e+00,4.7837e+29,6.5080e+28,6.9200e+27,0.0000e+00,0.0000e+00,2.1132e+29,2.6705e+29,1.9520e+28,4.5560e+28,3.4100e+27,3.5100e+27,0.0000e+00,5.7000e+26,0.0000e+00,0.0000e+00,8.3468e+08,9.0223e-07,4.4980e+07,6.2833e+06,3.2742e+05,3.2594e+05,0.0,86.9,11.8,1.3,5.4974e+29,5.3153e+29,6.5000e+27,1.1710e+28,4.9035e+27,0.0000e+00,96.7,1.2,2.1
214,5.4411e+29,0.0000e+00,4.7159e+29,6.5310e+28,7.2100e+27,0.0000e+00,0.0000e+00,2.1201e+29,2.5958e+29,2.0050e+28,4.5260e+28,3.5600e+27,3.6500e+27,0.0000e+00,7.9000e+26,0.0000e+00,0.0000e+00,9.8420e+08,4.5600e-07,4.4629e+07,6.2790e+06,3.2894e+05,3.2742e+05,0.0,86.7,12.0,1.3,5.4467e+29,5.2661e+29,6.4700e+27,1.1590e+28,4.9666e+27,0.0000e+00,96.7,1.2,2.1
215,5.3923e+29,0.0000e+00,4.6802e+29,6.4180e+28,7.0300e+27,0.0000e+00,0.0000e+00,2.1863e+29,2.4939e+29,1.9180e+28,4.5000e+28,3.7200e+27,3.3100e+27,0.0000e+00,9.9000e+26,0.0000e+00,0.0000e+00,1.1449e+09,1.7287e-07,4.4309e+07,6.2599e+06,3.3052e+05,3.2895e+05,0.0,86.8,11.9,1.3,5.3876e+29,5.2011e+29,6.2700e+27,1.2380e+28,5.0323e+27,0.0000e+00,96.5,1.2,2.3
216,5.1924e+29,0.0000e+00,4.4966e+29,6.2560e+28,7.0200e+27,0.0000e+00,0.0000e+00,2.1763e+29,2.3203e+29,1.8590e+28,4.3970e+28,3.6100e+27,3.4100e+27,0.0000e+00,7.6000e+26,0.0000e+00,0.0000e+00,1.1693e+09,2.5020e-12,4.4241e+07,6.1680e+06,3.3213e+05,3.3052e+05,0.0,86.6,12.0,1.4,5.2018e+29,5.0184e+29,6.4300e+27,1.1910e+28,5.0828e+27,0.0000e+00,96.5,1.2,2.3
217,5.1713e+29,0.0000e+00,4.5018e+29,5.9850e+28,7.1000e+27,0.0000e+00,0.0000e+00,1.9975e+29,2.5043e+29,1.8210e+28,4.1640e+28,3.8300e+27,3.2700e+27,0.0000e+00,7.6000e+26,0.0000e+00,0.0000e+00,8.2851e+08,1.2353e-07,4.4179e+07,6.1429e+06,3.3377e+05,3.3213e+05,0.0,87.1,11.6,1.4,5.1720e+29,4.9990e+29,6.0400e+27,1.1260e+28,5.1351e+27,0.0000e+00,96.7,1.2,2.2
218,5.0305e+29,0.0000e+00,4.3809e+29,5.7830e+28,7.1300e+27,0.0000e+00,0.0000e+00,1.9986e+29,2.3823e+29,1.7740e+28,4.0090e+28,3.6600e+27,3.4700e+27,0.0000e+00,8.9000e+26,0.0000e+00,0.0000e+00,9.5191e+08,1.0599e-06,4.3972e+07,6.0983e+06,3.3547e+05,3.3378e+05,0.0,87.1,11.5,1.4,5.0287e+29,4.8493e+29,6.0000e+27,1.1940e+28,5.2080e+27,0.0000e+00,96.4,1.2,2.4
219,5.0412e+29,0.0000e+00,4.3766e+29,5.9430e+28,7.0300e+27,0.0000e+00,0.0000e+00,2.0813e+29,2.2953e+29,1.7640e+28,4.1790e+28,3.5900e+27,3.4400e+27,0.0000e+00,9.3000e+26,0.0000e+00,0.0000e+00,8.0727e+08,6.2127e-07,4.3786e+07,5.9821e+06,3.3720e+05,3.3547e+05,0.0,86.8,11.8,1.4,5.0476e+29,4.8686e+29,6.0300e+27,1.1870e+28,5.2837e+27,0.0000e+00,96.5,1.2,2.4
220,5.1183e+29,0.0000e+00,4.4737e+29,5.7450e+28,7.0100e+27,0.0000e+00,0.0000e+00,2.1898e+29,2.2839e+29,1.6970e+28,4.0480e+28,3.4600e+27,3.5500e+27,0.0000e+00,1.0400e+27,0.0000e+00,0.0000e+00,9.9669e+08,1.1325e-07,4.3548e+07,5.9715e+06,3.3898e+05,3.3721e+05,0.0,87.4,11.2,1.4,5.1118e+29,4.9342e+29,6.3800e+27,1.1380e+28,5.3430e+27,0.0000e+00,96.5,1.2,2.2
221,4.9762e+29,0.0000e+00,4.3320e+29,5.7380e+28,7.0400e+27,0.0000e+00,0.0000e+00,2.1769e+29,2.1551e+29,1.7600e+28,3.9780e+28,3.4600e+27,3.5800e+27,0.0000e+00,6.7000e+26,0.0000e+00,0.0000e+00,1.0316e+09,2.5046e-12,4.3164e+07,6.0253e+06,3.4079e+05,3.3898e+05,0.0,87.1,11.5,1.4,4.9811e+29,4.8003e+29,6.0700e+27,1.2010e+28,5.4042e+27,0.0000e+00,96.4,1.2,2.4
222,4.8257e+29,0.0000e+00,4.2325e+29,5.2320e+28,7.0000e+27,0.0000e+00,0.0000e+00,1.9438e+29,2.2887e+29,1.5520e+28,3.6800e+28,3.8200e+27,3.1800e+27,0.0000e+00,6.9000e+26,0.0000e+00,0.0000e+00,9.0365e+08,1.1046e-07,4.3201e+07,5.9525e+06,3.4265e+05,3.4080e+05,0.0,87.7,10.8,1.5,4.8264e+29,4.6521e+29,6.1200e+27,1.1310e+28,5.4874e+27,0.0000e+00,96.4,1.3,2.3
223,4.8837e+29,0.0000e+00,4.2819e+29,5.3210e+28,6.9700e+27,0.0000e+00,0.0000e+00,2.0545e+29,2.2274e+29,1.6200e+28,3.7010e+28,3.2400e+27,3.7300e+27,0.0000e+00,8.6000e+26,0.0000e+00,0.0000e+00,1.0196e+09,5.3534e-07,4.3171e+07,5.9831e+06,3.4455e+05,3.4265e+05,0.0,87.7,10.9,1.4,4.8820e+29,4.7116e+29,5.8900e+27,1.1150e+28,5.5737e+27,0.0000e+00,96.5,1.2,2.3
224,4.8297e+29,0.0000e+00,4.2467e+29,5.1290e+28,7.0100e+27,0.0000e+00,0.0000e+00,2.0560e+29,2.1907e+29,1.6170e+28,3.5120e+28,3.7200e+27,3.2900e+27,0.0000e+00,1.1800e+27,0.0000e+00,0.0000e+00,8.3683e+08,5.8260e-07,4.3019e+07,5.8395e+06,3.4648e+05,3.4455e+05,0.0,87.9,10.6,1.5,4.8327e+29,4.6634e+29,5.4900e+27,1.1440e+28,5.6212e+27,0.0000e+00,96.5,1.1,2.4
225,4.7495e+29,0.0000e+00,4.1663e+29,5.1100e+28,7.2200e+27,0.0000e+00,0.0000e+00,2.0874e+29,2.0789e+29,1.5700e+28,3.5400e+28,3.5700e+27,3.6500e+27,0.0000e+00,1.3100e+27,0.0000e+00,0.0000e+00,7.9107e+08,6.0252e-08,4.2851e+07,5.7262e+06,3.4845e+05,3.4648e+05,0.0,87.7,10.8,1.5,4.7550e+29,4.5857e+29,5.8900e+27,1.1040e+28,5.7121e+27,0.0000e+00,96.4,1.2,2.3
226,4.6946e+29,0.0000e+00,4.1070e+29,5.1720e+28,7.0400e+27,0.0000e+00,0.0000e+00,2.0609e+29,2.0461e+29,1.5710e+28,3.6010e+28,3.3500e+27,3.6900e+27,0.0000e+00,6.7000e+26,0.0000e+00,0.0000e+00,8.8736e+08,3.0471e-12,4.2414e+07,5.6612e+06,3.5047e+05,3.4846e+05,0.0,87.5,11.0,1.5,4.6940e+29,4.5287e+29,5.4200e+27,1.1110e+28,5.8062e+27,0.0000e+00,96.5,1.2,2.4
227,4.6920e+29,0.0000e+00,4.1383e+29,4.8290e+28,7.0800e+27,0.0000e+00,0.0000e+00,2.0889e+29,2.0494e+29,1.5260e+28,3.3030e+28,3.5600e+27,3.5200e+27,0.0000e+00,8.8000e+26,0.0000e+00,0.0000e+00,1.2110e+09,2.5084e-12,4.2261e+07,5.6414e+06,3.5252e+05,3.5047e+05,0.0,88.2,10.3,1.5,4.6933e+29,4.5294e+29,5.5800e+27,1.0810e+28,5.8812e+27,0.0000e+00,96.5,1.2,2.3
228,4.6052e+29,0.0000e+00,4.0703e+29,4.6460e+28,7.0300e+27,0.0000e+00,0.0000e+00,2.0030e+29,2.0673e+29,1.4890e+28,3.1570e+28,3.5400e+27,3.4900e+27,0.0000e+00,7.1000e+26,0.0000e+00,0.0000e+00,8.2478e+08,2.4443e-07,4.2105e+07,5.5336e+06,3.5461e+05,3.5253e+05,0.0,88.4,10.1,1.5,4.6085e+29,4.4505e+29,5.1700e+27,1.0630e+28,5.9582e+27,0.0000e+00,96.6,1.1,2.3
229,4.5628e+29,0.0000e+00,4.0325e+29,4.5980e+28,7.0500e+27,0.0000e+00,0.0000e+00,2.0543e+29,1.9782e+29,1.4520e+28,3.1460e+28,3.4000e+27,3.6500e+27,0.0000e+00,7.8000e+26,0.0000e+00,0.0000e+00,8.5629e+08,1.5228e-06,4.2045e+07,5.5656e+06,3.5674e+05,3.5461e+05,0.0,88.4,10.1,1.5,4.5619e+29,4.3990e+29,6.0700e+27,1.0220e+28,6.0603e+27,0.0000e+00,96.4,1.3,2.2
230,4.6266e+29,0.0000e+00,4.0846e+29,4.7170e+28,7.0300e+27,0.0000e+00,0.0000e+00,2.1065e+29,1.9781e+29,1.5670e+28,3.1500e+28,3.5400e+27,3.4900e+27,0.0000e+00,9.6000e+26,0.0000e+00,0.0000e+00,1.1967e+09,1.2952e-09,4.2105e+07,5.3794e+06,3.5891e+05,3.5675e+05,0.0,88.3,10.2,1.5,4.6244e+29,4.4602e+29,5.4600e+27,1.0960e+28,6.1421e+27,0.0000e+00,96.4,1.2,2.4
231,4.4732e+29,0.0000e+00,3.9615e+29,4.4040e+28,7.1300e+27,0.0000e+00,0.0000e+00,2.0929e+29,1.8686e+29,1.4270e+28,2.9770e+28,3.6500e+27,3.4800e+27,0.0000e+00,9.1000e+26,0.0000e+00,0.0000e+00,9.9195e+08,5.2014e-12,4.2078e+07,5.2990e+06,3.6111e+05,3.5891e+05,0.0,88.6,9.8,1.6,4.4774e+29,4.3208e+29,5.3400e+27,1.0320e+28,6.2258e+27,0.0000e+00,96.5,1.2,2.3
232,4.4076e+29,0.0000e+00,3.9006e+29,4.3730e+28,6.9700e+27,0.0000e+00,0.0000e+00,2.0806e+29,1.8200e+29,1.4000e+28,2.9730e+28,3.2900e+27,3.6800e+27,0.0000e+00,8.1000e+26,0.0000e+00,0.0000e+00,8.2816e+08,2.5143e-12,4.1748e+07,5.2284e+06,3.6334e+05,3.6112e+05,0.0,88.5,9.9,1.6,4.4059e+29,4.2483e+29,5.4800e+27,1.0280e+28,6.3114e+27,0.0000e+00,96.4,1.2,2.3
233,4.3848e+29,0.0000e+00,3.8869e+29,4.2710e+28,7.0800e+27,0.0000e+00,0.0000e+00,1.9988e+29,1.8881e+29,1.4540e+28,2.8170e+28,3.5500e+27,3.5300e+27,0.0000e+00,7.3000e+26,0.0000e+00,0.0000e+00,8.8870e+08,9.8827e-08,4.1495e+07,5.1325e+06,3.6562e+05,3.6335e+05,0.0,88.6,9.7,1.6,4.3818e+29,4.2234e+29,5.6800e+27,1.0160e+28,6.4241e+27,0.0000e+00,96.4,1.3,2.3
234,4.5114e+29,0.0000e+00,4.0261e+29,4.1580e+28,6.9500e+27,0.0000e+00,0.0000e+00,2.0981e+29,1.9280e+29,1.4470e+28,2.7110e+28,3.4200e+27,3.5300e+27,0.0000e+00,9.2000e+26,0.0000e+00,0.0000e+00,8.2605e+08,7.2632e-07,4.1267e+07,5.1107e+06,3.6793e+05,3.6563e+05,0.0,89.2,9.2,1.5,4.5073e+29,4.3567e+29,5.5300e+27,9.5300e+27,6.5145e+27,0.0000e+00,96.7,1.2,2.1
235,4.6101e+29,0.0000e+00,4.1199e+29,4.1960e+28,7.0600e+27,0.0000e+00,0.0000e+00,2.1399e+29,1.9800e+29,1.4620e+28,2.7340e+28,3.6100e+27,3.4500e+27,0.0000e+00,8.9000e+26,0.0000e+00,0.0000e+00,7.8921e+08,8.9567e-07,4.0939e+07,5.0515e+06,3.7028e+05,3.6794e+05,0.0,89.4,9.1,1.5,4.6146e+29,4.4499e+29,5.9500e+27,1.0520e+28,6.6332e+27,0.0000e+00,96.4,1.3,2.3
236,4.4560e+29,0.0000e+00,3.9836e+29,4.0220e+28,7.0200e+27,0.0000e+00,0.0000e+00,2.1441e+29,1.8395e+29,1.4570e+28,2.5650e+28,3.6200e+27,3.4000e+27,0.0000e+00,1.2100e+27,0.0000e+00,0.0000e+00,8.7789e+08,1.9159e-06,4.0882e+07,4.9566e+06,3.7267e+05,3.7029e+05,0.0,89.4,9.0,1.6,4.4551e+29,4.3041e+29,5.6000e+27,9.5000e+27,6.7285e+27,0.0000e+00,96.6,1.3,2.1
237,4.4817e+29,0.0000e+00,4.0157e+29,3.9690e+28,6.9100e+27,0.0000e+00,0.0000e+00,2.2234e+29,1.7923e+29,1.4100e+28,2.5590e+28,3.4600e+27,3.4500e+27,0.0000e+00,1.0200e+27,0.0000e+00,0.0000e+00,8.8003e+08,4.7898e-07,4.0649e+07,4.9813e+06,3.7508e+05,3.7268e+05,0.0,89.6,8.9,1.5,4.4843e+29,4.3292e+29,6.0600e+27,9.4500e+27,6.8256e+27,0.0000e+00,96.5,1.4,2.1
238,4.3802e+29,0.0000e+00,3.9124e+29,3.9760e+28,7.0200e+27,0.0000e+00,0.0000e+00,2.2087e+29,1.7037e+29,1.4100e+28,2.5660e+28,3.3100e+27,3.7100e+27,0.0000e+00,8.9000e+26,0.0000e+00,0.0000e+00,1.0179e+09,9.1985e-12,4.0410e+07,4.9389e+06,3.7753e+05,3.7509e+05,0.0,89.3,9.1,1.6,4.3780e+29,4.2293e+29,5.2700e+27,9.6000e+27,6.9245e+27,0.0000e+00,96.6,1.2,2.2
239,4.4767e+29,0.0000e+00,4.0228e+29,3.8350e+28,7.0400e+27,0.0000e+00,0.0000e+00,2.2357e+29,1.7871e+29,1.4530e+28,2.3820e+28,3.4700e+27,3.5700e+27,0.0000e+00,7.9000e+26,0.0000e+00,0.0000e+00,8.8925e+08,2.5237e-12,4.0217e+07,4.8532e+06,3.8002e+05,3.7754e+05,0.0,89.9,8.6,1.6,4.4761e+29,4.3332e+29,5.1700e+27,9.1200e+27,7.0540e+27,0.0000e+00,96.8,1.2,2.0
240,4.4727e+29,0.0000e+00,4.0480e+29,3.5500e+28,6.9700e+27,0.0000e+00,0.0000e+00,2.1701e+29,1.8779e+29,1.3810e+28,2.1690e+28,3.5100e+27,3.4600e+27,0.0000e+00,8.0000e+26,0.0000e+00,0.0000e+00,1.0313e+09,2.4318e-07,3.9373e+07,4.8401e+06,3.8254e+05,3.8003e+05,0.0,90.5,7.9,1.6,4.4810e+29,4.3396e+29,5.4000e+27,8.7400e+27,7.1577e+27,0.0000e+00,96.8,1.2,2.0
241,4.4784e+29,0.0000e+00,4.0445e+29,3.6400e+28,6.9900e+27,0.0000e+00,0.0000e+00,2.1805e+29,1.8640e+29,1.3940e+28,2.2460e+28,3.5000e+27,3.4900e+27,0.0000e+00,8.9000e+26,0.0000e+00,0.0000e+00,8.5904e+08,1.6554e-06,3.9255e+07,4.8703e+06,3.8508e+05,3.8255e+05,0.0,90.3,8.1,1.6,4.4692e+29,4.3291e+29,5.5200e+27,8.4900e+27,7.2632e+27,0.0000e+00,96.9,1.2,1.9
242,4.4653e+29,0.0000e+00,4.0336e+29,3.6170e+28,7.0000e+27,0.0000e+00,0.0000e+00,2.2495e+29,1.7841e+29,1.4360e+28,2.1810e+28,3.3900e+27,3.6100e+27,0.0000e+00,1.0100e+27,0.0000e+00,0.0000e+00,8.9726e+08,4.9663e-06,3.9360e+07,4.8011e+06,3.8767e+05,3.8509e+05,0.0,90.3,8.1,1.6,4.4692e+29,4.3219e+29,5.5000e+27,9.2300e+27,7.4012e+27,0.0000e+00,96.7,1.2,2.1
243,4.4663e+29,0.0000e+00,4.0433e+29,3.5360e+28,6.9400e+27,0.0000e+00,0.0000e+00,2.3073e+29,1.7360e+29,1.3450e+28,2.1910e+28,3.2700e+27,3.6700e+27,0.0000e+00,1.2600e+27,0.0000e+00,0.0000e+00,9.6970e+08,4.5560e-07,3.9226e+07,4.5574e+06,3.9029e+05,3.8768e+05,0.0,90.5,7.9,1.6,4.4734e+29,4.3308e+29,5.6300e+27,8.6300e+27,7.5113e+27,0.0000e+00,96.8,1.3,1.9
244,4.3717e+29,0.0000e+00,3.9534e+29,3.4840e+28,6.9900e+27,0.0000e+00,0.0000e+00,2.2748e+29,1.6786e+29,1.3320e+28,2.1520e+28,3.3900e+27,3.6000e+27,0.0000e+00,9.4000e+26,0.0000e+00,0.0000e+00,1.0946e+09,2.2780e-07,3.9574e+07,4.4485e+06,3.9293e+05,3.9030e+05,0.0,90.4,8.0,1.6,4.3665e+29,4.2247e+29,5.5000e+27,8.6800e+27,7.6230e+27,0.0000e+00,96.8,1.3,2.0
245,4.4233e+29,0.0000e+00,4.0183e+29,3.3550e+28,6.9500e+27,0.0000e+00,0.0000e+00,2.3643e+29,1.6540e+29,1.2910e+28,2.0640e+28,3.4700e+27,3.4800e+27,0.0000e+00,8.6000e+26,0.0000e+00,0.0000e+00,8.7898e+08,9.2493e-12,3.9531e+07,4.4417e+06,3.9560e+05,3.9294e+05,0.0,90.8,7.6,1.6,4.4222e+29,4.2798e+29,5.4000e+27,8.8400e+27,7.7363e+27,0.0000e+00,96.8,1.2,2.0
246,4.5571e+29,0.0000e+00,4.1567e+29,3.3080e+28,6.9600e+27,0.0000e+00,0.0000e+00,2.3679e+29,1.7888e+29,1.3540e+28,1.9540e+28,3.5800e+27,3.3800e+27,0.0000e+00,8.4000e+26,0.0000e+00,0.0000e+00,1.1639e+09,2.5389e-12,3.9298e+07,4.3792e+06,3.9830e+05,3.9561e+05,0.0,91.2,7.3,1.5,4.5542e+29,4.4104e+29,5.9100e+27,8.4700e+27,7.8849e+27,0.0000e+00,96.8,1.3,1.9
247,4.5069e+29,0.0000e+00,4.1236e+29,3.1370e+28,6.9600e+27,0.0000e+00,0.0000e+00,2.3220e+29,1.8016e+29,1.3370e+28,1.8000e+28,3.4800e+27,3.4800e+27,0.0000e+00,1.0400e+27,0.0000e+00,0.0000e+00,9.1070e+08,2.4143e-07,3.9221e+07,4.3949e+06,4.0103e+05,3.9831e+05,0.0,91.5,7.0,1.5,4.5028e+29,4.3677e+29,5.2400e+27,8.2700e+27,8.0027e+27,0.0000e+00,97.0,1.2,1.8
248,4.5897e+29,0.0000e+00,4.1993e+29,3.2020e+28,7.0200e+27,0.0000e+00,0.0000e+00,2.4006e+29,1.7987e+29,1.3360e+28,1.8660e+28,3.3600e+27,3.6600e+27,0.0000e+00,1.1800e+27,0.0000e+00,0.0000e+00,9.4742e+08,4.4979e-07,3.8802e+07,4.4600e+06,4.0380e+05,4.0105e+05,0.0,91.5,7.0,1.5,4.5957e+29,4.4572e+29,5.8700e+27,7.9800e+27,8.1573e+27,0.0000e+00,97.0,1.3,1.7
249,4.5128e+29,0.0000e+00,4.1262e+29,3.1730e+28,6.9300e+27,0.0000e+00,0.0000e+00,2.3849e+29,1.7413e+29,1.3270e+28,1.8460e+28,3.3600e+27,3.5700e+27,0.0000e+00,1.0800e+27,0.0000e+00,0.0000e+00,1.0000e+09,9.4603e-07,3.8832e+07,4.4899e+06,4.0658e+05,4.0381e+05,0.0,91.4,7.0,1.5,4.5111e+29,4.3745e+29,5.7200e+27,7.9400e+27,8.2429e+27,0.0000e+00,97.0,1.3,1.8
250,4.5890e+29,0.0000e+00,4.2144e+29,3.0530e+28,6.9300e+27,0.0000e+00,0.0000e+00,2.4162e+29,1.7982e+29,1.3270e+28,1.7260e+28,3.2700e+27,3.6600e+27,0.0000e+00,1.0800e+27,0.0000e+00,0.0000e+00,9.9285e+08,2.4031e-05,3.8909e+07,4.4699e+06,4.0939e+05,4.0659e+05,0.0,91.8,6.7,1.5,4.5846e+29,4.4450e+29,6.0100e+27,7.9500e+27,8.4017e+27,0.0000e+00,97.0,1.3,1.7
251,4.6533e+29,0.0000e+00,4.2800e+29,3.0360e+28,6.9700e+27,0.0000e+00,0.0000e+00,2.5186e+29,1.7614e+29,1.3180e+28,1.7180e+28,3.6700e+27,3.3000e+27,0.0000e+00,1.1800e+27,0.0000e+00,0.0000e+00,9.5226e+08,7.7521e-07,3.8905e+07,4.4380e+06,4.1224e+05,4.0941e+05,0.0,92.0,6.5,1.5,4.6514e+29,4.5125e+29,6.0200e+27,7.8700e+27,8.5643e+27,0.0000e+00,97.0,1.3,1.7
252,4.6828e+29,0.0000e+00,4.3119e+29,3.0150e+28,6.9400e+27,0.0000e+00,0.0000e+00,2.6099e+29,1.7020e+29,1.3450e+28,1.6700e+28,3.5600e+27,3.3800e+27,0.0000e+00,1.6000e+27,0.0000e+00,0.0000e+00,1.1868e+09,2.0244e-07,3.8790e+07,4.3859e+06,4.1511e+05,4.1226e+05,0.0,92.1,6.4,1.5,4.6788e+29,4.5428e+29,6.0400e+27,7.5600e+27,8.6916e+27,0.0000e+00,97.1,1.3,1.6
253,4.5007e+29,0.0000e+00,4.1349e+29,2.9650e+28,6.9300e+27,0.0000e+00,0.0000e+00,2.5362e+29,1.5987e+29,1.2600e+28,1.7050e+28,3.5100e+27,3.4200e+27,0.0000e+00,9.3000e+26,0.0000e+00,0.0000e+00,9.3396e+08,3.2682e-12,3.8684e+07,4.2447e+06,4.1800e+05,4.1513e+05,0.0,91.9,6.6,1.5,4.4948e+29,4.3675e+29,5.6000e+27,7.1300e+27,8.8199e+27,0.0000e+00,97.2,1.2,1.6
254,4.6427e+29,0.0000e+00,4.2809e+29,2.9140e+28,7.0400e+27,0.0000e+00,0.0000e+00,2.5372e+29,1.7437e+29,1.2990e+28,1.6150e+28,3.6400e+27,3.4000e+27,0.0000e+00,9.2000e+26,0.0000e+00,0.0000e+00,9.9054e+08,2.5871e-12,3.8352e+07,4.1867e+06,4.2091e+05,4.1802e+05,0.0,92.2,6.3,1.5,4.6494e+29,4.5106e+29,6.1200e+27,7.7600e+27,8.9491e+27,0.0000e+00,97.0,1.3,1.7
255,4.6504e+29,0.0000e+00,4.2900e+29,2.9100e+28,6.9400e+27,0.0000e+00,0.0000e+00,2.4448e+29,1.8452e+29,1.3560e+28,1.5540e+28,3.5200e+27,3.4200e+27,0.0000e+00,1.0800e+27,0.0000e+00,0.0000e+00,9.7310e+08,1.3506e-07,3.6715e+07,4.0529e+06,4.2385e+05,4.2093e+05,0.0,92.3,6.3,1.5,4.6513e+29,4.5203e+29,5.6000e+27,7.5000e+27,9.1210e+27,0.0000e+00,97.2,1.2,1.6
256,4.6892e+29,0.0000e+00,4.3375e+29,2.8240e+28,6.9300e+27,0.0000e+00,0.0000e+00,2.5039e+29,1.8336e+29,1.3770e+28,1.4470e+28,3.4700e+27,3.4600e+27,0.0000e+00,1.3000e+27,0.0000e+00,0.0000e+00,9.8396e+08,7.9899e-07,3.6663e+07,3.9851e+06,4.2682e+05,4.2387e+05,0.0,92.5,6.0,1.5,4.6891e+29,4.5568e+29,6.2200e+27,7.0100e+27,9.2965e+27,0.0000e+00,97.2,1.3,1.5
257,4.7270e+29,0.0000e+00,4.3855e+29,2.7160e+28,6.9900e+27,0.0000e+00,0.0000e+00,2.5574e+29,1.8281e+29,1.2740e+28,1.4420e+28,3.3400e+27,3.6500e+27,0.0000e+00,1.3100e+27,0.0000e+00,0.0000e+00,9.9776e+08,1.4172e-06,3.6498e+07,3.9029e+06,4.2981e+05,4.2684e+05,0.0,92.8,5.7,1.5,4.7307e+29,4.5950e+29,6.3500e+27,7.2200e+27,9.4318e+27,0.0000e+00,97.1,1.3,1.5
258,4.8037e+29,0.0000e+00,4.4628e+29,2.7070e+28,7.0200e+27,0.0000e+00,0.0000e+00,2.6537e+29,1.8091e+29,1.2640e+28,1.4430e+28,3.3800e+27,3.6400e+27,0.0000e+00,1.1500e+27,0.0000e+00,0.0000e+00,9.7700e+08,1.7006e-05,3.6435e+07,3.7769e+06,4.3282e+05,4.2983e+05,0.0,92.9,5.6,1.5,4.7943e+29,4.6620e+29,5.9100e+27,7.3200e+27,9.5675e+27,0.0000e+00,97.2,1.2,1.5
259,4.8226e+29,0.0000e+00,4.4794e+29,2.7370e+28,6.9500e+27,0.0000e+00,0.0000e+00,2.7034e+29,1.7760e+29,1.3000e+28,1.4370e+28,3.5400e+27,3.4100e+27,0.0000e+00,1.3800e+27,0.0000e+00,0.0000e+00,9.9623e+08,2.4988e-06,3.6184e+07,3.6958e+06,4.3583e+05,4.3283e+05,0.0,92.9,5.7,1.4,4.8222e+29,4.6886e+29,6.2100e+27,7.1500e+27,9.7036e+27,0.0000e+00,97.2,1.3,1.5
260,4.7551e+29,0.0000e+00,4.4192e+29,2.6710e+28,6.8800e+27,0.0000e+00,0.0000e+00,2.6949e+29,1.7243e+29,1.2480e+28,1.4230e+28,3.5400e+27,3.3400e+27,0.0000e+00,1.4000e+27,0.0000e+00,0.0000e+00,1.1063e+09,1.7434e-07,3.6245e+07,3.7321e+06,4.3888e+05,4.3585e+05,0.0,92.9,5.6,1.4,4.7578e+29,4.6289e+29,5.9500e+27,6.9400e+27,9.8871e+27,0.0000e+00,97.3,1.3,1.5
261,4.8074e+29,0.0000e+00,4.4786e+29,2.6010e+28,6.8700e+27,0.0000e+00,0.0000e+00,2.7142e+29,1.7644e+29,1.2480e+28,1.3530e+28,3.4200e+27,3.4500e+27,0.0000e+00,1.4300e+27,0.0000e+00,0.0000e+00,9.4131e+08,5.8113e-08,3.6216e+07,3.7240e+06,4.4195e+05,4.3889e+05,0.0,93.2,5.4,1.4,4.8026e+29,4.6732e+29,6.2600e+27,6.6800e+27,1.0074e+28,0.0000e+00,97.3,1.3,1.4
262,4.8385e+29,0.0000e+00,4.5073e+29,2.6160e+28,6.9600e+27,0.0000e+00,0.0000e+00,2.7930e+29,1.7143e+29,1.2080e+28,1.4080e+28,3.1500e+27,3.8100e+27,0.0000e+00,1.4500e+27,0.0000e+00,0.0000e+00,1.0459e+09,7.1302e-09,3.6187e+07,3.6244e+06,4.4503e+05,4.4196e+05,0.0,93.2,5.4,1.4,4.8353e+29,4.6977e+29,6.6200e+27,7.1400e+27,1.0215e+28,0.0000e+00,97.2,1.4,1.5
263,4.9280e+29,0.0000e+00,4.6057e+29,2.5460e+28,6.7700e+27,0.0000e+00,0.0000e+00,2.9047e+29,1.7010e+29,1.2050e+28,1.3410e+28,3.3500e+27,3.4200e+27,0.0000e+00,1.2900e+27,0.0000e+00,0.0000e+00,1.0190e+09,2.6084e-12,3.6101e+07,3.5236e+06,4.4812e+05,4.4504e+05,0.0,93.5,5.2,1.4,4.9314e+29,4.8012e+29,6.3800e+27,6.6400e+27,1.0356e+28,0.0000e+00,97.4,1.3,1.3
264,4.8896e+29,0.0000e+00,4.5687e+29,2.5210e+28,6.8800e+27,0.0000e+00,0.0000e+00,2.7426e+29,1.8261e+29,1.2750e+28,1.2460e+28,3.3700e+27,3.5100e+27,0.0000e+00,1.2700e+27,0.0000e+00,0.0000e+00,1.2059e+09,1.0877e-07,3.8843e+07,3.4084e+06,4.5123e+05,4.4813e+05,0.0,93.4,5.2,1.4,4.8820e+29,4.7503e+29,6.3600e+27,6.8100e+27,1.0548e+28,0.0000e+00,97.3,1.3,1.4
265,4.8501e+29,0.0000e+00,4.5333e+29,2.4830e+28,6.8500e+27,0.0000e+00,0.0000e+00,2.7110e+29,1.8223e+29,1.3580e+28,1.1250e+28,3.1800e+27,3.6700e+27,0.0000e+00,1.4600e+27,0.0000e+00,0.0000e+00,9.1567e+08,4.2439e-07,3.8835e+07,3.4155e+06,4.5436e+05,4.5125e+05,0.0,93.5,5.1,1.4,4.8608e+29,4.7255e+29,6.5100e+27,7.0200e+27,1.0690e+28,0.0000e+00,97.2,1.3,1.4
266,4.8847e+29,0.0000e+00,4.5691e+29,2.4630e+28,6.9300e+27,0.0000e+00,0.0000e+00,2.7489e+29,1.8202e+29,1.2430e+28,1.2200e+28,3.5100e+27,3.4200e+27,0.0000e+00,1.4500e+27,0.0000e+00,0.0000e+00,1.0956e+09,9.9501e-07,3.8645e+07,3.2050e+06,4.5750e+05,4.5437e+05,0.0,93.5,5.0,1.4,4.8772e+29,4.7437e+29,6.3500e+27,7.0000e+27,1.0886e+28,0.0000e+00,97.3,1.3,1.4
267,4.8743e+29,0.0000e+00,4.5594e+29,2.4560e+28,6.9300e+27,0.0000e+00,0.0000e+00,2.7978e+29,1.7616e+29,1.2910e+28,1.1650e+28,3.1100e+27,3.8200e+27,0.0000e+00,1.3900e+27,0.0000e+00,0.0000e+00,1.0879e+09,9.3828e-07,3.8376e+07,3.1420e+06,4.6066e+05,4.5752e+05,0.0,93.5,5.0,1.4,4.8729e+29,4.7447e+29,6.3000e+27,6.5200e+27,1.1085e+28,0.0000e+00,97.4,1.3,1.3
268,4.7988e+29,0.0000e+00,4.4933e+29,2.3630e+28,6.9200e+27,0.0000e+00,0.0000e+00,2.7491e+29,1.7442e+29,1.2390e+28,1.1240e+28,3.4100e+27,3.5100e+27,0.0000e+00,1.4900e+27,0.0000e+00,0.0000e+00,1.0708e+09,7.5063e-06,3.8245e+07,3.0500e+06,4.6383e+05,4.6068e+05,0.0,93.6,4.9,1.4,4.8004e+29,4.6689e+29,6.4000e+27,6.7500e+27,1.1230e+28,0.0000e+00,97.3,1.3,1.4
269,4.8231e+29,0.0000e+00,4.5224e+29,2.3330e+28,6.7400e+27,0.0000e+00,0.0000e+00,2.8191e+29,1.7033e+29,1.1780e+28,1.1550e+28,3.3900e+27,3.3500e+27,0.0000e+00,1.6500e+27,0.0000e+00,0.0000e+00,1.0830e+09,7.4124e-05,3.8308e+07,2.9699e+06,4.6700e+05,4.6385e+05,0.0,93.8,4.8,1.4,4.8237e+29,4.6939e+29,6.7700e+27,6.2100e+27,1.1374e+28,0.0000e+00,97.3,1.4,1.3
270,4.8947e+29,0.0000e+00,4.5889e+29,2.3550e+28,7.0300e+27,0.0000e+00,0.0000e+00,2.8963e+29,1.6926e+29,1.2140e+28,1.1410e+28,3.2300e+27,3.8000e+27,0.0000e+00,1.7100e+27,0.0000e+00,0.0000e+00,9.7241e+08,1.8676e-05,3.8249e+07,2.9497e+06,4.7020e+05,4.6702e+05,0.0,93.8,4.8,1.4,4.8907e+29,4.7542e+29,6.8500e+27,6.8000e+27,1.1635e+28,0.0000e+00,97.2,1.4,1.4
271,4.8857e+29,0.0000e+00,4.5897e+29,2.2660e+28,6.9400e+27,0.0000e+00,0.0000e+00,2.8750e+29,1.7147e+29,1.1680e+28,1.0980e+28,3.5500e+27,3.3900e+27,0.0000e+00,1.8300e+27,0.0000e+00,0.0000e+00,1.0156e+09,2.7198e-06,3.8248e+07,2.9539e+06,4.7339e+05,4.7022e+05,0.0,93.9,4.6,1.4,4.8874e+29,4.7537e+29,6.8200e+27,6.5500e+27,1.1721e+28,0.0000e+00,97.3,1.4,1.3
272,4.9541e+29,0.0000e+00,4.6561e+29,2.2820e+28,6.9800e+27,0.0000e+00,0.0000e+00,2.9434e+29,1.7127e+29,1.1310e+28,1.1510e+28,3.4600e+27,3.5200e+27,0.0000e+00,2.2400e+27,0.0000e+00,0.0000e+00,1.0777e+09,1.8132e-07,3.8048e+07,2.8406e+06,4.7661e+05,4.7341e+05,0.0,94.0,4.6,1.4,4.9497e+29,4.8143e+29,7.1400e+27,6.4000e+27,1.1987e+28,0.0000e+00,97.3,1.4,1.3
273,4.8947e+29,0.0000e+00,4.6007e+29,2.2570e+28,6.8300e+27,0.0000e+00,0.0000e+00,2.9004e+29,1.7003e+29,1.1450e+28,1.1120e+28,3.3800e+27,3.4500e+27,0.0000e+00,2.1200e+27,0.0000e+00,0.0000e+00,1.0658e+09,1.8132e-07,3.7974e+07,2.8038e+06,4.7982e+05,4.7662e+05,0.0,94.0,4.6,1.4,4.8920e+29,4.7591e+29,6.8700e+27,6.4200e+27,1.2133e+28,0.0000e+00,97.3,1.4,1.3
274,4.8812e+29,0.0000e+00,4.5910e+29,2.2160e+28,6.8600e+27,0.0000e+00,0.0000e+00,2.9281e+29,1.6629e+29,1.1490e+28,1.0670e+28,3.2200e+27,3.6400e+27,0.0000e+00,1.8300e+27,0.0000e+00,0.0000e+00,1.1249e+09,9.3955e-08,3.7848e+07,2.7251e+06,4.8303e+05,4.7984e+05,0.0,94.1,4.5,1.4,4.8816e+29,4.7518e+29,6.8300e+27,6.1500e+27,1.2277e+28,0.0000e+00,97.3,1.4,1.3
275,4.8879e+29,0.0000e+00,4.6010e+29,2.1750e+28,6.9400e+27,0.0000e+00,0.0000e+00,2.9528e+29,1.6482e+29,1.1380e+28,1.0370e+28,3.4700e+27,3.4700e+27,0.0000e+00,1.8800e+27,0.0000e+00,0.0000e+00,1.1339e+09,1.7589e-11,3.7570e+07,2.5931e+06,4.8627e+05,4.8305e+05,0.0,94.1,4.4,1.4,4.8918e+29,4.7613e+29,6.9300e+27,6.1200e+27,1.2551e+28,0.0000e+00,97.3,1.4,1.3
276,4.7726e+29,0.0000e+00,4.4915e+29,2.1270e+28,6.8400e+27,0.0000e+00,0.0000e+00,2.8638e+29,1.6277e+29,1.0970e+28,1.0300e+28,3.4600e+27,3.3800e+27,0.0000e+00,1.6100e+27,0.0000e+00,0.0000e+00,1.2512e+09,2.6926e-12,4.8324e+07,2.5883e+06,4.8950e+05,4.8629e+05,0.0,94.1,4.5,1.4,4.7759e+29,4.6396e+29,7.4100e+27,6.2200e+27,1.2696e+28,0.0000e+00,97.1,1.6,1.3
277,4.8155e+29,0.0000e+00,4.5326e+29,2.1480e+28,6.8100e+27,0.0000e+00,0.0000e+00,2.7882e+29,1.7444e+29,1.2040e+28,9.4400e+27,3.4000e+27,3.4100e+27,0.0000e+00,1.9400e+27,0.0000e+00,0.0000e+00,1.2013e+09,1.5410e-07,4.8414e+07,2.5679e+06,4.9272e+05,4.8952e+05,0.0,94.1,4.5,1.4,4.8103e+29,4.6820e+29,6.9300e+27,5.9000e+27,1.2838e+28,0.0000e+00,97.3,1.4,1.2
278,4.8692e+29,0.0000e+00,4.5824e+29,2.1820e+28,6.8600e+27,0.0000e+00,0.0000e+00,2.8326e+29,1.7498e+29,1.2340e+28,9.4800e+27,3.4300e+27,3.4300e+27,0.0000e+00,1.6900e+27,0.0000e+00,0.0000e+00,1.1726e+09,6.5086e-07,4.8316e+07,2.4570e+06,4.9597e+05,4.9274e+05,0.0,94.1,4.5,1.4,4.8638e+29,4.7316e+29,7.0800e+27,6.1400e+27,1.3119e+28,0.0000e+00,97.3,1.5,1.3
279,4.7915e+29,0.0000e+00,4.5185e+29,2.0430e+28,6.8700e+27,0.0000e+00,0.0000e+00,2.8350e+29,1.6835e+29,1.1160e+28,9.2700e+27,3.2600e+27,3.6100e+27,0.0000e+00,2.0200e+27,0.0000e+00,0.0000e+00,1.2703e+09,1.1232e-06,4.7662e+07,2.3249e+06,4.9920e+05,4.9599e+05,0.0,94.3,4.3,1.4,4.7985e+29,4.6656e+29,7.2800e+27,6.0100e+27,1.3262e+28,0.0000e+00,97.2,1.5,1.3
280,4.8257e+29,0.0000e+00,4.5485e+29,2.0900e+28,6.8200e+27,0.0000e+00,0.0000e+00,2.8325e+29,1.7160e+29,1.1670e+28,9.2300e+27,3.4700e+27,3.3500e+27,0.0000e+00,1.6900e+27,0.0000e+00,0.0000e+00,1.1391e+09,2.4751e-06,4.7589e+07,2.2601e+06,5.0244e+05,4.9922e+05,0.0,94.3,4.3,1.4,4.8160e+29,4.6849e+29,7.2800e+27,5.8300e+27,1.3475e+28,0.0000e+00,97.3,1.5,1.2
281,4.9159e+29,0.0000e+00,4.6486e+29,1.9850e+28,6.8800e+27,0.0000e+00,0.0000e+00,2.9187e+29,1.7299e+29,1.1040e+28,8.8100e+27,3.4900e+27,3.3900e+27,0.0000e+00,1.6400e+27,0.0000e+00,0.0000e+00,1.4832e+09,7.4252e-06,4.7333e+07,2.2277e+06,5.0567e+05,5.0246e+05,0.0,94.6,4.0,1.4,4.9199e+29,4.7895e+29,7.1400e+27,5.9000e+27,1.3613e+28,0.0000e+00,97.3,1.5,1.2
282,4.9536e+29,0.0000e+00,4.6776e+29,2.0730e+28,6.8700e+27,0.0000e+00,0.0000e+00,2.9686e+29,1.7090e+29,1.1500e+28,9.2300e+27,3.7200e+27,3.1500e+27,0.0000e+00,1.8200e+27,0.0000e+00,0.0000e+00,1.1370e+09,5.4451e-05,4.6745e+07,2.1985e+06,5.0891e+05,5.0568e+05,0.0,94.4,4.2,1.4,4.9564e+29,4.8198e+29,7.5200e+27,6.1400e+27,1.3902e+28,0.0000e+00,97.2,1.5,1.2
283,4.9042e+29,0.0000e+00,4.6316e+29,2.0390e+28,6.8700e+27,0.0000e+00,0.0000e+00,2.9530e+29,1.6786e+29,1.1290e+28,9.1000e+27,3.3600e+27,3.5100e+27,0.0000e+00,2.0400e+27,0.0000e+00,0.0000e+00,1.2453e+09,2.7968e-04,4.6919e+07,2.0830e+06,5.1214e+05,5.0893e+05,0.0,94.4,4.2,1.4,4.8939e+29,4.7605e+29,7.3600e+27,5.9800e+27,1.4040e+28,0.0000e+00,97.3,1.5,1.2
284,4.9502e+29,0.0000e+00,4.6793e+29,2.0190e+28,6.9000e+27,0.0000e+00,0.0000e+00,2.9664e+29,1.7129e+29,1.1050e+28,9.1400e+27,3.5600e+27,3.3400e+27,0.0000e+00,2.0400e+27,0.0000e+00,0.0000e+00,1.1738e+09,1.0112e-03,4.6575e+07,2.0360e+06,5.1537e+05,5.1216e+05,0.0,94.5,4.1,1.4,4.9537e+29,4.8186e+29,7.7600e+27,5.7500e+27,1.4253e+28,0.0000e+00,97.3,1.6,1.2
285,4.9267e+29,0.0000e+00,4.6688e+29,1.9000e+28,6.7900e+27,0.0000e+00,0.0000e+00,2.9549e+29,1.7139e+29,1.0750e+28,8.2500e+27,3.5300e+27,3.2600e+27,0.0000e+00,2.7400e+27,0.0000e+00,0.0000e+00,1.5154e+09,3.7497e-04,4.6103e+07,2.0114e+06,5.1859e+05,5.1538e+05,0.0,94.8,3.9,1.4,4.9258e+29,4.7962e+29,7.5400e+27,5.4200e+27,1.4467e+28,0.0000e+00,97.4,1.5,1.1
286,4.8564e+29,0.0000e+00,4.5890e+29,1.9840e+28,6.9000e+27,0.0000e+00,0.0000e+00,2.8820e+29,1.7070e+29,1.0990e+28,8.8500e+27,3.2800e+27,3.6200e+27,0.0000e+00,2.7200e+27,0.0000e+00,0.0000e+00,1.1830e+09,1.0881e-04,4.6008e+07,2.0291e+06,5.2179e+05,5.1861e+05,0.0,94.5,4.1,1.4,4.8521e+29,4.7201e+29,7.2200e+27,5.9800e+27,1.4597e+28,0.0000e+00,97.3,1.5,1.2
287,5.0072e+29,0.0000e+00,4.7487e+29,1.8990e+28,6.8600e+27,0.0000e+00,0.0000e+00,2.9897e+29,1.7590e+29,1.0330e+28,8.6600e+27,3.4400e+27,3.4200e+27,0.0000e+00,2.7800e+27,0.0000e+00,0.0000e+00,1.1010e+09,3.1186e-05,4.6176e+07,2.0610e+06,5.2500e+05,5.2181e+05,0.0,94.8,3.8,1.4,5.0015e+29,4.8647e+29,7.8600e+27,5.8200e+27,1.4893e+28,0.0000e+00,97.3,1.6,1.2
288,4.9337e+29,0.0000e+00,4.6835e+29,1.8170e+28,6.8500e+27,0.0000e+00,0.0000e+00,2.9597e+29,1.7238e+29,1.0130e+28,8.0400e+27,3.3000e+27,3.5500e+27,0.0000e+00,2.8000e+27,0.0000e+00,0.0000e+00,1.2313e+09,7.6233e-06,4.5916e+07,2.0293e+06,5.2819e+05,5.2502e+05,0.0,94.9,3.7,1.4,4.9407e+29,4.8037e+29,7.9600e+27,5.7400e+27,1.5020e+28,0.0000e+00,97.2,1.6,1.2
289,4.9348e+29,0.0000e+00,4.6844e+29,1.8150e+28,6.8900e+27,0.0000e+00,0.0000e+00,2.9934e+29,1.6910e+29,9.8800e+27,8.2700e+27,3.4000e+27,3.4900e+27,0.0000e+00,2.9100e+27,0.0000e+00,0.0000e+00,1.1193e+09,1.3861e-06,4.5888e+07,2.0469e+06,5.3138e+05,5.2821e+05,0.0,94.9,3.7,1.4,4.9222e+29,4.7950e+29,7.5600e+27,5.1600e+27,1.5230e+28,0.0000e+00,97.4,1.5,1.0
290,4.9762e+29,0.0000e+00,4.7249e+29,1.8240e+28,6.8900e+27,0.0000e+00,0.0000e+00,3.0379e+29,1.6870e+29,9.9800e+27,8.2600e+27,3.4900e+27,3.4000e+27,0.0000e+00,2.5400e+27,0.0000e+00,0.0000e+00,1.4978e+09,6.9303e-07,4.5759e+07,1.9941e+06,5.3457e+05,5.3139e+05,0.0,94.9,3.7,1.4,4.9896e+29,4.8532e+29,7.9200e+27,5.7200e+27,1.5531e+28,0.0000e+00,97.3,1.6,1.1
291,5.0552e+29,0.0000e+00,4.8097e+29,1.7690e+28,6.8600e+27,0.0000e+00,0.0000e+00,3.0684e+29,1.7413e+29,9.3700e+27,8.3200e+27,3.3700e+27,3.4900e+27,0.0000e+00,2.3800e+27,0.0000e+00,0.0000e+00,1.2138e+09,1.6952e-06,4.5638e+07,1.8814e+06,5.3773e+05,5.3459e+05,0.0,95.1,3.5,1.4,5.0486e+29,4.9178e+29,8.1400e+27,4.9400e+27,1.5651e+28,0.0000e+00,97.4,1.6,1.0
292,4.9610e+29,0.0000e+00,4.7218e+29,1.7090e+28,6.8300e+27,0.0000e+00,0.0000e+00,3.0394e+29,1.6824e+29,9.1300e+27,7.9600e+27,3.4900e+27,3.3400e+27,0.0000e+00,2.2200e+27,0.0000e+00,0.0000e+00,1.1622e+09,4.2481e-07,4.5452e+07,1.7998e+06,5.4088e+05,5.3775e+05,0.0,95.2,3.4,1.4,4.9649e+29,4.8291e+29,8.2700e+27,5.3100e+27,1.5859e+28,0.0000e+00,97.3,1.7,1.1
293,5.0818e+29,0.0000e+00,4.8331e+29,1.8000e+28,6.8700e+27,0.0000e+00,0.0000e+00,3.0890e+29,1.7441e+29,9.6200e+27,8.3800e+27,3.6800e+27,3.1900e+27,0.0000e+00,2.5800e+27,0.0000e+00,0.0000e+00,1.1501e+09,6.1185e-08,4.5769e+07,1.7781e+06,5.4401e+05,5.4090e+05,0.0,95.1,3.5,1.4,5.0744e+29,4.9383e+29,8.2600e+27,5.3500e+27,1.6066e+28,0.0000e+00,97.3,1.6,1.1
294,4.9478e+29,0.0000e+00,4.7113e+29,1.6780e+28,6.8700e+27,0.0000e+00,0.0000e+00,3.0232e+29,1.6881e+29,9.1600e+27,7.6200e+27,3.4800e+27,3.3900e+27,0.0000e+00,2.4200e+27,0.0000e+00,0.0000e+00,1.1448e+09,1.2483e-11,4.5395e+07,1.8007e+06,5.4713e+05,5.4403e+05,0.0,95.2,3.4,1.4,4.9509e+29,4.8196e+29,8.5300e+27,4.6000e+27,1.6271e+28,0.0000e+00,97.3,1.7,0.9
295,5.0628e+29,0.0000e+00,4.8288e+29,1.6500e+28,6.9000e+27,0.0000e+00,0.0000e+00,3.1109e+29,1.7179e+29,8.7000e+27,7.8000e+27,3.4400e+27,3.4600e+27,0.0000e+00,2.2100e+27,0.0000e+00,0.0000e+00,1.2091e+09,2.9497e-12,4.5333e+07,1.7689e+06,5.5023e+05,5.4715e+05,0.0,95.4,3.3,1.4,5.0623e+29,4.9290e+29,8.2100e+27,5.1200e+27,1.6475e+28,0.0000e+00,97.4,1.6,1.0
296,5.0894e+29,0.0000e+00,4.8406e+29,1.8030e+28,6.8500e+27,0.0000e+00,0.0000e+00,2.9400e+29,1.9006e+29,1.0540e+28,7.4900e+27,3.4200e+27,3.4300e+27,0.0000e+00,2.2200e+27,0.0000e+00,0.0000e+00,1.3907e+09,2.5787e-07,6.3714e+07,1.7884e+06,5.5332e+05,5.5025e+05,0.0,95.1,3.5,1.3,5.0822e+29,4.9379e+29,8.9200e+27,5.5100e+27,1.6678e+28,0.0000e+00,97.2,1.8,1.1
297,5.0211e+29,0.0000e+00,4.7786e+29,1.7370e+28,6.8800e+27,0.0000e+00,0.0000e+00,2.9522e+29,1.8264e+29,1.0480e+28,6.8900e+27,3.7200e+27,3.1600e+27,0.0000e+00,2.4300e+27,0.0000e+00,0.0000e+00,1.2993e+09,2.5787e-07,6.3275e+07,1.7223e+06,5.5638e+05,5.5334e+05,0.0,95.2,3.5,1.4,5.0237e+29,4.8821e+29,8.8200e+27,5.3400e+27,1.6878e+28,0.0000e+00,97.2,1.8,1.1
298,4.9620e+29,0.0000e+00,4.7237e+29,1.7020e+28,6.8100e+27,0.0000e+00,0.0000e+00,2.9016e+29,1.8221e+29,1.0280e+28,6.7400e+27,3.4200e+27,3.3900e+27,0.0000e+00,2.0900e+27,0.0000e+00,0.0000e+00,1.3250e+09,9.7466e-07,6.2582e+07,1.6774e+06,5.5942e+05,5.5640e+05,0.0,95.2,3.4,1.4,4.9601e+29,4.8233e+29,8.5300e+27,5.1500e+27,1.7075e+28,0.0000e+00,97.2,1.7,1.0
299,5.1014e+29,0.0000e+00,4.8652e+29,1.6760e+28,6.8600e+27,0.0000e+00,0.0000e+00,2.9564e+29,1.9088e+29,1.0340e+28,6.4200e+27,3.3800e+27,3.4800e+27,0.0000e+00,2.3300e+27,0.0000e+00,0.0000e+00,1.2935e+09,9.7466e-07,6.2005e+07,1.6476e+06,5.6244e+05,5.5944e+05,0.0,95.4,3.3,1.3,5.1074e+29,4.9696e+29,8.6000e+27,5.1800e+27,1.7271e+28,0.0000e+00,97.3,1.7,1.0
300,5.0294e+29,0.0000e+00,4.7931e+29,1.6910e+28,6.7200e+27,0.0000e+00,0.0000e+00,2.9381e+29,1.8550e+29,1.0470e+28,6.4400e+27,3.2400e+27,3.4800e+27,0.0000e+00,2.4700e+27,0.0000e+00,0.0000e+00,1.1428e+09,1.3654e-06,6.1350e+07,1.5724e+06,5.6544e+05,5.6246e+05,0.0,95.3,3.4,1.3,5.0221e+29,4.8784e+29,9.0200e+27,5.3500e+27,1.7464e+28,0.0000e+00,97.1,1.8,1.1
301,4.9981e+29,0.0000e+00,4.7614e+29,1.6690e+28,6.9800e+27,0.0000e+00,0.0000e+00,2.9375e+29,1.8239e+29,1.0080e+28,6.6100e+27,3.4700e+27,3.5100e+27,0.0000e+00,2.6700e+27,0.0000e+00,0.0000e+00,1.2094e+09,1.0923e-05,6.0682e+07,1.6324e+06,5.6843e+05,5.6546e+05,0.0,95.3,3.3,1.4,4.9962e+29,4.8564e+29,8.8400e+27,5.1400e+27,1.7764e+28,0.0000e+00,97.2,1.8,1.0
302,4.9996e+29,0.0000e+00,4.7666e+29,1.6460e+28,6.8400e+27,0.0000e+00,0.0000e+00,2.9248e+29,1.8418e+29,9.6300e+27,6.8300e+27,3.3500e+27,3.4900e+27,0.0000e+00,2.5600e+27,0.0000e+00,0.0000e+00,1.2049e+09,1.8008e-06,6.0101e+07,1.5298e+06,5.7137e+05,5.6845e+05,0.0,95.3,3.3,1.4,5.0045e+29,4.8647e+29,8.9400e+27,5.0400e+27,1.7842e+28,0.0000e+00,97.2,1.8,1.0
303,5.0600e+29,0.0000e+00,4.8330e+29,1.5990e+28,6.7100e+27,0.0000e+00,0.0000e+00,2.9392e+29,1.8938e+29,9.7300e+27,6.2600e+27,3.3800e+27,3.3300e+27,0.0000e+00,2.4400e+27,0.0000e+00,0.0000e+00,1.2017e+09,1.8008e-06,6.0004e+07,1.5111e+06,5.7430e+05,5.7139e+05,0.0,95.5,3.2,1.3,5.0490e+29,4.9130e+29,8.4900e+27,5.1100e+27,1.8139e+28,0.0000e+00,97.3,1.7,1.0
304,5.0638e+29,0.0000e+00,4.8343e+29,1.6170e+28,6.7800e+27,0.0000e+00,0.0000e+00,2.9213e+29,1.9130e+29,9.3900e+27,6.7800e+27,3.2100e+27,3.5700e+27,0.0000e+00,2.3800e+27,0.0000e+00,0.0000e+00,1.1131e+09,7.2030e-06,5.9382e+07,1.4509e+06,5.7720e+05,5.7432e+05,0.0,95.5,3.2,1.3,5.0622e+29,4.9171e+29,9.5100e+27,5.0000e+27,1.8322e+28,0.0000e+00,97.1,1.9,1.0
305,4.9919e+29,0.0000e+00,4.7713e+29,1.5200e+28,6.8600e+27,0.0000e+00,0.0000e+00,2.8979e+29,1.8734e+29,8.9500e+27,6.2500e+27,3.3100e+27,3.5500e+27,0.0000e+00,2.5400e+27,0.0000e+00,0.0000e+00,1.2491e+09,1.9808e-05,5.8925e+07,1.4332e+06,5.8006e+05,5.7722e+05,0.0,95.6,3.0,1.4,4.9935e+29,4.8649e+29,8.4200e+27,4.4400e+27,1.8384e+28,0.0000e+00,97.4,1.7,0.9
306,5.2189e+29,0.0000e+00,5.0014e+29,1.4930e+28,6.8200e+27,0.0000e+00,0.0000e+00,3.1049e+29,1.8965e+29,8.7300e+27,6.2000e+27,3.4400e+27,3.3800e+27,0.0000e+00,3.2000e+27,0.0000e+00,0.0000e+00,1.3181e+09,4.8621e-05,5.8548e+07,1.4035e+06,5.8292e+05,5.8008e+05,0.0,95.8,2.9,1.3,5.2092e+29,5.0711e+29,9.0200e+27,4.7900e+27,1.8795e+28,0.0000e+00,97.3,1.7,0.9
307,4.9836e+29,0.0000e+00,4.7674e+29,1.4810e+28,6.8100e+27,0.0000e+00,0.0000e+00,2.9385e+29,1.8289e+29,8.9900e+27,5.8200e+27,3.5100e+27,3.3000e+27,0.0000e+00,3.4800e+27,0.0000e+00,0.0000e+00,1.1177e+09,5.0227e-05,5.8473e+07,1.3773e+06,5.8572e+05,5.8293e+05,0.0,95.7,3.0,1.4,4.9897e+29,4.8590e+29,8.6200e+27,4.4500e+27,1.8849e+28,0.0000e+00,97.4,1.7,0.9
308,5.0874e+29,0.0000e+00,4.8656e+29,1.5340e+28,6.8400e+27,0.0000e+00,0.0000e+00,2.9452e+29,1.9204e+29,8.7300e+27,6.6100e+27,3.1800e+27,3.6600e+27,0.0000e+00,2.9600e+27,0.0000e+00,0.0000e+00,1.1167e+09,2.5114e-05,5.7499e+07,1.2605e+06,5.8849e+05,5.8574e+05,0.0,95.6,3.0,1.3,5.0871e+29,4.9472e+29,9.3000e+27,4.6900e+27,1.9015e+28,0.0000e+00,97.2,1.8,0.9
309,4.9973e+29,0.0000e+00,4.7790e+29,1.5030e+28,6.8000e+27,0.0000e+00,0.0000e+00,2.8874e+29,1.8916e+29,9.0800e+27,5.9500e+27,3.5700e+27,3.2300e+27,0.0000e+00,3.0700e+27,0.0000e+00,0.0000e+00,1.3201e+09,2.5114e-05,5.7472e+07,1.2441e+06,5.9124e+05,5.8851e+05,0.0,95.6,3.0,1.4,4.9958e+29,4.8520e+29,9.4500e+27,4.9300e+27,1.9303e+28,0.0000e+00,97.1,1.9,1.0
310,4.9626e+29,0.0000e+00,4.7515e+29,1.4260e+28,6.8500e+27,0.0000e+00,0.0000e+00,2.8771e+29,1.8744e+29,8.2400e+27,6.0200e+27,3.5300e+27,3.3200e+27,0.0000e+00,3.1800e+27,0.0000e+00,0.0000e+00,1.2658e+09,2.5675e-05,5.6983e+07,1.1989e+06,5.9395e+05,5.9126e+05,0.0,95.7,2.9,1.4,4.9620e+29,4.8225e+29,9.2600e+27,4.6900e+27,1.9463e+28,0.0000e+00,97.2,1.9,0.9
311,4.8839e+29,0.0000e+00,4.6793e+29,1.3680e+28,6.7800e+27,0.0000e+00,0.0000e+00,2.8977e+29,1.7816e+29,7.9300e+27,5.7500e+27,3.4500e+27,3.3300e+27,0.0000e+00,3.7500e+27,0.0000e+00,0.0000e+00,1.3985e+09,2.5675e-05,5.6481e+07,1.2432e+06,5.9662e+05,5.9396e+05,0.0,95.8,2.8,1.4,4.8883e+29,4.7510e+29,9.5900e+27,4.1400e+27,1.9619e+28,0.0000e+00,97.2,2.0,0.8
312,4.9732e+29,0.0000e+00,4.7588e+29,1.4510e+28,6.9300e+27,0.0000e+00,0.0000e+00,2.8324e+29,1.9264e+29,8.2300e+27,6.2800e+27,3.3600e+27,3.5700e+27,0.0000e+00,3.3300e+27,0.0000e+00,0.0000e+00,1.1949e+09,2.5675e-05,5.6152e+07,1.2128e+06,5.9927e+05,5.9664e+05,0.0,95.7,2.9,1.4,4.9737e+29,4.8372e+29,9.5200e+27,4.1300e+27,1.9900e+28,0.0000e+00,97.3,1.9,0.8
313,5.0278e+29,0.0000e+00,4.8148e+29,1.4460e+28,6.8400e+27,0.0000e+00,0.0000e+00,2.8800e+29,1.9348e+29,8.4000e+27,6.0600e+27,3.3000e+27,3.5400e+27,0.0000e+00,3.1900e+27,0.0000e+00,0.0000e+00,1.2799e+09,3.4177e-03,5.5717e+07,1.1951e+06,6.0187e+05,5.9929e+05,0.0,95.8,2.9,1.4,5.0255e+29,4.8901e+29,9.2500e+27,4.2900e+27,2.0048e+28,0.0000e+00,97.3,1.8,0.9
314,4.9640e+29,0.0000e+00,4.7598e+29,1.3660e+28,6.7600e+27,0.0000e+00,0.0000e+00,2.8782e+29,1.8816e+29,7.8300e+27,5.8300e+27,3.4000e+27,3.3600e+27,0.0000e+00,3.2700e+27,0.0000e+00,0.0000e+00,1.1024e+09,5.0915e-03,5.5561e+07,1.1334e+06,6.0443e+05,6.0189e+05,0.0,95.9,2.8,1.4,4.9555e+29,4.8226e+29,9.0200e+27,4.2700e+27,2.0190e+28,0.0000e+00,97.3,1.8,0.9
315,5.0691e+29,0.0000e+00,4.8724e+29,1.2810e+28,6.8600e+27,0.0000e+00,0.0000e+00,2.9460e+29,1.9264e+29,7.4900e+27,5.3200e+27,3.4900e+27,3.3700e+27,0.0000e+00,3.5800e+27,0.0000e+00,0.0000e+00,1.1526e+09,7.2318e-03,5.5346e+07,1.1160e+06,6.0695e+05,6.0445e+05,0.0,96.1,2.5,1.4,5.0696e+29,4.9345e+29,9.6400e+27,3.8700e+27,2.0327e+28,0.0000e+00,97.3,1.9,0.8
316,5.0490e+29,0.0000e+00,4.8488e+29,1.3200e+28,6.8200e+27,0.0000e+00,0.0000e+00,2.9129e+29,1.9359e+29,7.5100e+27,5.6900e+27,3.2900e+27,3.5300e+27,0.0000e+00,3.7500e+27,0.0000e+00,0.0000e+00,1.2765e+09,6.4283e-03,5.4950e+07,1.0549e+06,6.0944e+05,6.0696e+05,0.0,96.0,2.6,1.4,5.0434e+29,4.9098e+29,9.4400e+27,3.9200e+27,2.0595e+28,0.0000e+00,97.4,1.9,0.8
317,5.0120e+29,0.0000e+00,4.8125e+29,1.3310e+28,6.6400e+27,0.0000e+00,0.0000e+00,2.9074e+29,1.9051e+29,7.6500e+27,5.6600e+27,3.3600e+27,3.2800e+27,0.0000e+00,3.3400e+27,0.0000e+00,0.0000e+00,1.2029e+09,5.3022e-03,5.4982e+07,1.0514e+06,6.1187e+05,6.0945e+05,0.0,96.0,2.7,1.3,5.0210e+29,4.8826e+29,9.9000e+27,3.9400e+27,2.0722e+28,0.0000e+00,97.2,2.0,0.8
318,5.0335e+29,0.0000e+00,4.8369e+29,1.2870e+28,6.7900e+27,0.0000e+00,0.0000e+00,2.9382e+29,1.8987e+29,7.3700e+27,5.5000e+27,3.2500e+27,3.5400e+27,0.0000e+00,3.3300e+27,0.0000e+00,0.0000e+00,1.4007e+09,4.4297e-03,5.4852e+07,1.1027e+06,6.1428e+05,6.1189e+05,0.0,96.1,2.6,1.3,5.0212e+29,4.8883e+29,9.4400e+27,3.8500e+27,2.0985e+28,0.0000e+00,97.4,1.9,0.8
319,5.0771e+29,0.0000e+00,4.8834e+29,1.2580e+28,6.7900e+27,0.0000e+00,0.0000e+00,2.9385e+29,1.9449e+29,7.1400e+27,5.4400e+27,3.5500e+27,3.2400e+27,0.0000e+00,3.6100e+27,0.0000e+00,0.0000e+00,1.3522e+09,3.7286e-03,5.5121e+07,1.1022e+06,6.1664e+05,6.1430e+05,0.0,96.2,2.5,1.3,5.0812e+29,4.9422e+29,1.0240e+28,3.6600e+27,2.1102e+28,0.0000e+00,97.3,2.0,0.7
320,5.0275e+29,0.0000e+00,4.8306e+29,1.2910e+28,6.7800e+27,0.0000e+00,0.0000e+00,2.8814e+29,1.9492e+29,7.3000e+27,5.6100e+27,3.5100e+27,3.2700e+27,0.0000e+00,3.6300e+27,0.0000e+00,0.0000e+00,1.3088e+09,3.1993e-03,5.5051e+07,1.0842e+06,6.1895e+05,6.1666e+05,0.0,96.1,2.6,1.3,5.0266e+29,4.8889e+29,9.8600e+27,3.9100e+27,2.1213e+28,0.0000e+00,97.3,2.0,0.8
321,5.0526e+29,0.0000e+00,4.8575e+29,1.2640e+28,6.8700e+27,0.0000e+00,0.0000e+00,2.8387e+29,2.0188e+29,7.3100e+27,5.3300e+27,3.6000e+27,3.2700e+27,0.0000e+00,3.7100e+27,0.0000e+00,0.0000e+00,1.4565e+09,2.7676e-03,5.4829e+07,1.0629e+06,6.2122e+05,6.1896e+05,0.0,96.1,2.5,1.4,5.0604e+29,4.9293e+29,9.6200e+27,3.4900e+27,2.1463e+28,0.0000e+00,97.4,1.9,0.7
322,5.0079e+29,0.0000e+00,4.8165e+29,1.2260e+28,6.8800e+27,0.0000e+00,0.0000e+00,2.8493e+29,1.9672e+29,7.0100e+27,5.2500e+27,3.1800e+27,3.7000e+27,0.0000e+00,3.6200e+27,0.0000e+00,0.0000e+00,1.1395e+09,2.7350e-05,5.4466e+07,9.5140e+05,6.2345e+05,6.2123e+05,0.0,96.2,2.4,1.4,5.0004e+29,4.8667e+29,9.9500e+27,3.4200e+27,2.1711e+28,0.0000e+00,97.3,2.0,0.7
323,5.0318e+29,0.0000e+00,4.8434e+29,1.2090e+28,6.7500e+27,0.0000e+00,0.0000e+00,2.8293e+29,2.0141e+29,7.1100e+27,4.9800e+27,3.1100e+27,3.6400e+27,0.0000e+00,3.5600e+27,0.0000e+00,0.0000e+00,1.4879e+09,2.7350e-05,5.4069e+07,9.4258e+05,6.2561e+05,6.2346e+05,0.0,96.3,2.4,1.3,5.0222e+29,4.8849e+29,1.0330e+28,3.4000e+27,2.1656e+28,0.0000e+00,97.3,2.1,0.7
324,4.8914e+29,0.0000e+00,4.7047e+29,1.1850e+28,6.8200e+27,0.0000e+00,0.0000e+00,2.7505e+29,1.9542e+29,6.7300e+27,5.1200e+27,3.4900e+27,3.3300e+27,0.0000e+00,3.8800e+27,0.0000e+00,0.0000e+00,1.1850e+09,2.7350e-05,5.3831e+07,8.3564e+05,6.2774e+05,6.2563e+05,0.0,96.2,2.4,1.4,4.9048e+29,4.7639e+29,1.0720e+28,3.3700e+27,2.1892e+28,0.0000e+00,97.1,2.2,0.7
325,4.9905e+29,0.0000e+00,4.8019e+29,1.2100e+28,6.7600e+27,0.0000e+00,0.0000e+00,2.7616e+29,2.0403e+29,7.0200e+27,5.0800e+27,3.3000e+27,3.4600e+27,0.0000e+00,3.6100e+27,0.0000e+00,0.0000e+00,1.4045e+09,2.7350e-05,5.3431e+07,8.5071e+05,6.2982e+05,6.2775e+05,0.0,96.2,2.4,1.4,4.9811e+29,4.8425e+29,1.0800e+28,3.0600e+27,2.2125e+28,0.0000e+00,97.2,2.2,0.6
326,5.0378e+29,0.0000e+00,4.8492e+29,1.2030e+28,6.8300e+27,0.0000e+00,0.0000e+00,2.8459e+29,2.0033e+29,6.8900e+27,5.1400e+27,3.4300e+27,3.4000e+27,0.0000e+00,3.5500e+27,0.0000e+00,0.0000e+00,1.3472e+09,2.7350e-05,5.3286e+07,9.1899e+05,6.3184e+05,6.2983e+05,0.0,96.3,2.4,1.4,5.0229e+29,4.8829e+29,1.1130e+28,2.8700e+27,2.2200e+28,0.0000e+00,97.2,2.2,0.6
327,5.0109e+29,0.0000e+00,4.8307e+29,1.1260e+28,6.7600e+27,0.0000e+00,0.0000e+00,2.8281e+29,2.0026e+29,6.2300e+27,5.0300e+27,3.4700e+27,3.2900e+27,0.0000e+00,3.7600e+27,0.0000e+00,0.0000e+00,1.4015e+09,2.7911e-05,5.3249e+07,9.4658e+05,6.3382e+05,6.3186e+05,0.0,96.4,2.2,1.3,5.0258e+29,4.8855e+29,1.0850e+28,3.1800e+27,2.2424e+28,0.0000e+00,97.2,2.2,0.6
328,5.0035e+29,0.0000e+00,4.8145e+29,1.2050e+28,6.8500e+27,0.0000e+00,0.0000e+00,2.7940e+29,2.0205e+29,7.1700e+27,4.8800e+27,3.2300e+27,3.6200e+27,0.0000e+00,3.5300e+27,0.0000e+00,0.0000e+00,1.2186e+09,2.7911e-05,5.3024e+07,8.8863e+05,6.3574e+05,6.3384e+05,0.0,96.2,2.4,1.4,4.9885e+29,4.8541e+29,1.0780e+28,2.6600e+27,2.2485e+28,0.0000e+00,97.3,2.2,0.5
329,5.1244e+29,0.0000e+00,4.9415e+29,1.1480e+28,6.8100e+27,0.0000e+00,0.0000e+00,2.8532e+29,2.0883e+29,6.0100e+27,5.4700e+27,3.4200e+27,3.3900e+27,0.0000e+00,3.6000e+27,0.0000e+00,0.0000e+00,1.2500e+09,2.7911e-05,5.2906e+07,8.8930e+05,6.3762e+05,6.3576e+05,0.0,96.4,2.2,1.3,5.1256e+29,4.9790e+29,1.1910e+28,2.7500e+27,2.2698e+28,0.0000e+00,97.1,2.3,0.5
330,5.0776e+29,0.0000e+00,4.8840e+29,1.2530e+28,6.8300e+27,0.0000e+00,0.0000e+00,2.7899e+29,2.0941e+29,7.2100e+27,5.3200e+27,3.4500e+27,3.3800e+27,0.0000e+00,3.6400e+27,0.0000e+00,0.0000e+00,1.2554e+09,2.7911e-05,5.2386e+07,8.6368e+05,6.3943e+05,6.3763e+05,0.0,96.2,2.5,1.3,5.0708e+29,4.9250e+29,1.1710e+28,2.8700e+27,2.2746e+28,0.0000e+00,97.1,2.3,0.6
331,5.1870e+29,0.0000e+00,5.0102e+29,1.0940e+28,6.7400e+27,0.0000e+00,0.0000e+00,2.8693e+29,2.1409e+29,6.3300e+27,4.6100e+27,3.2500e+27,3.4900e+27,0.0000e+00,3.5400e+27,0.0000e+00,0.0000e+00,1.2907e+09,2.7911e-05,5.1893e+07,8.2234e+05,6.4120e+05,6.3945e+05,0.0,96.6,2.1,1.3,5.1843e+29,5.0357e+29,1.2050e+28,2.8100e+27,2.2948e+28,0.0000e+00,97.1,2.3,0.5
332,5.1043e+29,0.0000e+00,4.9265e+29,1.0920e+28,6.8600e+27,0.0000e+00,0.0000e+00,2.8528e+29,2.0737e+29,6.1500e+27,4.7700e+27,3.6400e+27,3.2200e+27,0.0000e+00,3.5000e+27,0.0000e+00,0.0000e+00,1.1210e+09,2.7911e-05,5.1424e+07,8.1418e+05,6.4291e+05,6.4121e+05,0.0,96.5,2.1,1.3,5.1058e+29,4.9564e+29,1.2340e+28,2.6000e+27,2.3145e+28,0.0000e+00,97.1,2.4,0.5
333,5.1180e+29,0.0000e+00,4.9437e+29,1.0740e+28,6.6900e+27,0.0000e+00,0.0000e+00,2.7919e+29,2.1518e+29,5.8800e+27,4.8600e+27,3.4100e+27,3.2800e+27,0.0000e+00,4.0200e+27,0.0000e+00,0.0000e+00,1.2727e+09,2.7911e-05,5.0969e+07,8.0639e+05,6.4457e+05,6.4293e+05,0.0,96.6,2.1,1.3,5.1149e+29,4.9686e+29,1.2090e+28,2.5400e+27,2.3172e+28,0.0000e+00,97.1,2.4,0.5
334,5.2419e+29,0.0000e+00,5.0648e+29,1.0830e+28,6.8800e+27,0.0000e+00,0.0000e+00,2.8624e+29,2.2024e+29,5.9500e+27,4.8800e+27,3.2400e+27,3.6400e+27,0.0000e+00,3.6700e+27,0.0000e+00,0.0000e+00,1.1880e+09,5.5823e-05,5.0313e+07,7.7663e+05,6.4617e+05,6.4458e+05,0.0,96.6,2.1,1.3,5.2344e+29,5.0812e+29,1.3320e+28,2.0000e+27,2.3357e+28,0.0000e+00,97.1,2.5,0.4
335,5.1500e+29,0.0000e+00,4.9693e+29,1.1280e+28,6.7900e+27,0.0000e+00,0.0000e+00,2.8217e+29,2.1476e+29,6.0900e+27,5.1900e+27,3.5600e+27,3.2300e+27,0.0000e+00,3.7400e+27,0.0000e+00,0.0000e+00,1.3700e+09,5.5823e-05,5.0422e+07,7.7176e+05,6.4770e+05,6.4618e+05,0.0,96.5,2.2,1.3,5.1516e+29,4.9957e+29,1.3140e+28,2.4500e+27,2.3369e+28,0.0000e+00,97.0,2.6,0.5
336,5.1944e+29,0.0000e+00,5.0184e+29,1.0840e+28,6.7600e+27,0.0000e+00,0.0000e+00,2.7943e+29,2.2241e+29,5.8700e+27,4.9700e+27,3.4600e+27,3.3000e+27,0.0000e+00,3.7600e+27,0.0000e+00,0.0000e+00,1.2327e+09,5.5823e-05,5.0365e+07,7.3538e+05,6.4919e+05,6.4772e+05,0.0,96.6,2.1,1.3,5.1837e+29,5.0341e+29,1.2990e+28,1.9700e+27,2.3541e+28,0.0000e+00,97.1,2.5,0.4
337,5.1707e+29,0.0000e+00,4.9955e+29,1.0690e+28,6.8300e+27,0.0000e+00,0.0000e+00,2.7922e+29,2.2033e+29,5.7300e+27,4.9600e+27,3.5100e+27,3.3200e+27,0.0000e+00,3.2700e+27,0.0000e+00,0.0000e+00,1.1416e+09,5.5823e-05,5.0077e+07,7.6630e+05,6.5061e+05,6.4920e+05,0.0,96.6,2.1,1.3,5.1821e+29,5.0229e+29,1.3760e+28,2.1600e+27,2.3708e+28,0.0000e+00,96.9,2.7,0.4
338,5.3033e+29,0.0000e+00,5.1276e+29,1.0810e+28,6.7600e+27,0.0000e+00,0.0000e+00,2.8793e+29,2.2483e+29,6.0600e+27,4.7500e+27,3.3900e+27,3.3700e+27,0.0000e+00,3.4400e+27,0.0000e+00,0.0000e+00,1.3619e+09,5.5823e-05,4.9502e+07,7.2500e+05,6.5198e+05,6.5062e+05,0.0,96.7,2.0,1.3,5.2825e+29,5.1216e+29,1.4010e+28,2.0800e+27,2.3698e+28,0.0000e+00,97.0,2.7,0.4
339,5.2997e+29,0.0000e+00,5.1270e+29,1.0470e+28,6.8000e+27,0.0000e+00,0.0000e+00,2.8886e+29,2.2384e+29,5.8900e+27,4.5800e+27,3.3600e+27,3.4400e+27,0.0000e+00,3.5900e+27,0.0000e+00,0.0000e+00,1.2831e+09,5.5823e-05,4.8930e+07,7.1924e+05,6.5329e+05,6.5199e+05,0.0,96.7,2.0,1.3,5.2907e+29,5.1312e+29,1.4040e+28,1.9100e+27,2.4023e+28,0.0000e+00,97.0,2.7,0.4
340,5.3736e+29,0.0000e+00,5.2060e+29,1.0050e+28,6.7100e+27,0.0000e+00,0.0000e+00,2.9011e+29,2.3049e+29,5.7700e+27,4.2800e+27,3.2700e+27,3.4400e+27,0.0000e+00,3.5100e+27,0.0000e+00,0.0000e+00,1.8005e+09,5.5823e-05,4.8073e+07,7.0385e+05,6.5453e+05,6.5330e+05,0.0,96.9,1.9,1.2,5.3722e+29,5.2106e+29,1.4240e+28,1.9200e+27,2.3825e+28,0.0000e+00,97.0,2.7,0.4
341,5.5375e+29,0.0000e+00,5.3648e+29,1.0450e+28,6.8200e+27,0.0000e+00,0.0000e+00,2.9713e+29,2.3935e+29,5.8800e+27,4.5700e+27,3.3400e+27,3.4800e+27,0.0000e+00,3.0900e+27,0.0000e+00,0.0000e+00,1.5783e+09,2.7911e-05,4.7688e+07,7.0161e+05,6.5572e+05,6.5454e+05,0.0,96.9,1.9,1.2,5.5185e+29,5.3438e+29,1.5380e+28,2.0900e+27,2.4138e+28,0.0000e+00,96.8,2.8,0.4
342,5.5939e+29,0.0000e+00,5.4302e+29,9.6300e+27,6.7400e+27,0.0000e+00,0.0000e+00,2.9835e+29,2.4467e+29,5.4900e+27,4.1400e+27,3.2800e+27,3.4600e+27,0.0000e+00,3.0600e+27,0.0000e+00,0.0000e+00,1.1020e+09,2.7911e-05,4.7272e+07,7.1614e+05,6.5684e+05,6.5573e+05,0.0,97.1,1.7,1.2,5.5967e+29,5.4254e+29,1.5350e+28,1.7800e+27,2.4098e+28,0.0000e+00,96.9,2.7,0.3
343,5.6535e+29,0.0000e+00,5.4831e+29,1.0270e+28,6.7700e+27,0.0000e+00,0.0000e+00,3.0248e+29,2.4583e+29,5.6900e+27,4.5800e+27,3.3300e+27,3.4400e+27,0.0000e+00,3.1500e+27,0.0000e+00,0.0000e+00,1.3167e+09,2.7911e-05,4.6913e+07,7.3599e+05,6.5791e+05,6.5685e+05,0.0,97.0,1.8,1.2,5.6526e+29,5.4769e+29,1.5860e+28,1.7100e+27,2.4224e+28,0.0000e+00,96.9,2.8,0.3
344,5.7666e+29,0.0000e+00,5.5945e+29,1.0370e+28,6.8400e+27,0.0000e+00,0.0000e+00,3.0711e+29,2.5234e+29,5.4300e+27,4.9400e+27,3.4400e+27,3.4000e+27,0.0000e+00,3.0900e+27,0.0000e+00,0.0000e+00,1.5385e+09,2.7911e-05,4.6950e+07,7.7399e+05,6.5891e+05,6.5792e+05,0.0,97.0,1.8,1.2,5.7547e+29,5.5747e+29,1.6440e+28,1.5600e+27,2.4343e+28,0.0000e+00,96.9,2.9,0.3
345,5.8303e+29,0.0000e+00,5.6598e+29,1.0230e+28,6.8200e+27,0.0000e+00,0.0000e+00,3.1025e+29,2.5573e+29,5.5200e+27,4.7100e+27,3.4400e+27,3.3800e+27,0.0000e+00,3.2500e+27,0.0000e+00,0.0000e+00,1.3017e+09,2.7911e-05,4.6577e+07,7.3828e+05,6.5985e+05,6.5892e+05,0.0,97.1,1.8,1.2,5.8226e+29,5.6367e+29,1.6880e+28,1.7100e+27,2.4456e+28,0.0000e+00,96.8,2.9,0.3
346,5.8241e+29,0.0000e+00,5.6578e+29,9.9000e+27,6.7300e+27,0.0000e+00,0.0000e+00,3.0188e+29,2.6390e+29,5.4100e+27,4.4900e+27,3.5600e+27,3.1700e+27,0.0000e+00,3.2200e+27,0.0000e+00,0.0000e+00,1.3399e+09,2.7911e-05,4.6301e+07,7.6631e+05,6.6073e+05,6.5986e+05,0.0,97.1,1.7,1.2,5.8295e+29,5.6409e+29,1.7120e+28,1.7400e+27,2.4384e+28,0.0000e+00,96.8,2.9,0.3
347,5.8416e+29,0.0000e+00,5.6713e+29,1.0190e+28,6.8400e+27,0.0000e+00,0.0000e+00,3.0441e+29,2.6272e+29,5.8500e+27,4.3400e+27,3.5900e+27,3.2500e+27,0.0000e+00,3.0900e+27,0.0000e+00,0.0000e+00,1.2873e+09,2.7911e-05,4.5896e+07,7.7149e+05,6.6154e+05,6.6073e+05,0.0,97.1,1.7,1.2,5.8370e+29,5.6414e+29,1.7790e+28,1.7700e+27,2.4661e+28,0.0000e+00,96.6,3.0,0.3
348,5.8344e+29,0.0000e+00,5.6593e+29,1.0720e+28,6.7900e+27,0.0000e+00,0.0000e+00,3.0902e+29,2.5691e+29,5.9300e+27,4.7900e+27,3.2900e+27,3.5000e+27,0.0000e+00,2.9400e+27,0.0000e+00,0.0000e+00,1.1472e+09,2.7911e-05,4.5681e+07,7.6415e+05,6.6229e+05,6.6155e+05,0.0,97.0,1.8,1.2,5.8245e+29,5.6306e+29,1.7790e+28,1.6000e+27,2.4573e+28,0.0000e+00,96.7,3.1,0.3
349,5.8289e+29,0.0000e+00,5.6578e+29,1.0300e+28,6.8100e+27,0.0000e+00,0.0000e+00,3.1068e+29,2.5510e+29,5.5800e+27,4.7200e+27,3.3500e+27,3.4600e+27,0.0000e+00,3.1400e+27,0.0000e+00,0.0000e+00,1.2701e+09,2.7911e-05,4.5045e+07,8.3344e+05,6.6298e+05,6.6230e+05,0.0,97.1,1.8,1.2,5.8329e+29,5.6390e+29,1.7630e+28,1.7600e+27,2.4656e+28,0.0000e+00,96.7,3.0,0.3
350,5.8416e+29,0.0000e+00,5.6748e+29,9.9500e+27,6.7300e+27,0.0000e+00,0.0000e+00,3.0566e+29,2.6182e+29,5.3700e+27,4.5800e+27,3.4300e+27,3.3000e+27,0.0000e+00,3.1200e+27,0.0000e+00,0.0000e+00,1.3182e+09,2.7911e-05,4.5259e+07,7.8515e+05,6.6360e+05,6.6298e+05,0.0,97.1,1.7,1.2,5.8383e+29,5.6438e+29,1.7970e+28,1.4800e+27,2.4552e+28,0.0000e+00,96.7,3.1,0.3
351,5.8721e+29,0.0000e+00,5.6986e+29,1.0530e+28,6.8200e+27,0.0000e+00,0.0000e+00,2.9971e+29,2.7015e+29,6.0000e+27,4.5300e+27,3.5900e+27,3.2300e+27,0.0000e+00,2.8500e+27,0.0000e+00,0.0000e+00,1.3656e+09,2.7911e-05,4.4957e+07,7.6986e+05,6.6415e+05,6.6360e+05,0.0,97.0,1.8,1.2,5.8652e+29,5.6744e+29,1.7370e+28,1.7100e+27,2.4801e+28,0.0000e+00,96.7,3.0,0.3
352,5.9082e+29,0.0000e+00,5.7367e+29,1.0400e+28,6.7500e+27,0.0000e+00,0.0000e+00,2.9996e+29,2.7371e+29,5.6800e+27,4.7200e+27,3.4000e+27,3.3500e+27,0.0000e+00,2.7700e+27,0.0000e+00,0.0000e+00,1.5729e+09,2.7911e-05,4.4441e+07,7.7900e+05,6.6464e+05,6.6416e+05,0.0,97.1,1.8,1.1,5.9123e+29,5.7098e+29,1.8440e+28,1.8100e+27,2.4681e+28,0.0000e+00,96.6,3.1,0.3
353,6.0555e+29,0.0000e+00,5.8878e+29,9.9700e+27,6.8000e+27,0.0000e+00,0.0000e+00,3.1204e+29,2.7674e+29,5.4500e+27,4.5200e+27,3.4000e+27,3.4000e+27,0.0000e+00,2.5200e+27,0.0000e+00,0.0000e+00,1.2427e+09,2.7911e-05,4.3758e+07,7.9821e+05,6.6507e+05,6.6465e+05,0.0,97.2,1.6,1.1,6.0476e+29,5.8525e+29,1.7780e+28,1.7300e+27,2.4916e+28,0.0000e+00,96.8,2.9,0.3
354,5.9232e+29,0.0000e+00,5.7594e+29,9.5900e+27,6.7900e+27,0.0000e+00,0.0000e+00,3.0506e+29,2.7088e+29,4.9300e+27,4.6600e+27,3.4600e+27,3.3300e+27,0.0000e+00,2.4600e+27,0.0000e+00,0.0000e+00,1.4766e+09,2.7911e-05,4.3204e+07,7.6148e+05,6.6543e+05,6.6507e+05,0.0,97.2,1.6,1.1,5.9274e+29,5.7233e+29,1.8940e+28,1.4700e+27,2.4780e+28,0.0000e+00,96.6,3.2,0.2
355,5.8970e+29,0.0000e+00,5.7346e+29,9.4400e+27,6.8000e+27,0.0000e+00,0.0000e+00,3.0035e+29,2.7311e+29,4.9600e+27,4.4800e+27,3.4200e+27,3.3800e+27,0.0000e+00,2.5900e+27,0.0000e+00,0.0000e+00,1.2862e+09,2.7911e-05,4.2995e+07,8.1575e+05,6.6573e+05,6.6543e+05,0.0,97.2,1.6,1.2,5.8939e+29,5.6915e+29,1.8680e+28,1.5600e+27,2.5001e+28,0.0000e+00,96.6,3.2,0.3
356,5.8434e+29,0.0000e+00,5.6830e+29,9.2700e+27,6.7700e+27,0.0000e+00,0.0000e+00,2.9322e+29,2.7508e+29,5.0800e+27,4.1900e+27,3.3500e+27,3.4200e+27,0.0000e+00,2.3000e+27,0.0000e+00,0.0000e+00,1.4200e+09,1.4858e-02,4.2926e+07,7.9871e+05,6.6596e+05,6.6573e+05,0.0,97.3,1.6,1.2,5.8462e+29,5.6513e+29,1.7880e+28,1.6100e+27,2.4849e+28,0.0000e+00,96.7,3.1,0.3
357,5.8885e+29,0.0000e+00,5.7200e+29,1.0070e+28,6.7800e+27,0.0000e+00,0.0000e+00,2.9741e+29,2.7459e+29,5.6200e+27,4.4500e+27,3.3200e+27,3.4600e+27,0.0000e+00,2.5400e+27,0.0000e+00,0.0000e+00,1.3840e+09,1.6917e-02,4.2448e+07,8.1500e+05,6.6612e+05,6.6596e+05,0.0,97.1,1.7,1.2,5.8828e+29,5.6793e+29,1.8880e+28,1.4700e+27,2.4872e+28,0.0000e+00,96.5,3.2,0.2
358,5.9505e+29,0.0000e+00,5.7877e+29,9.4900e+27,6.7900e+27,0.0000e+00,0.0000e+00,2.9869e+29,2.8008e+29,4.9500e+27,4.5400e+27,3.4300e+27,3.3600e+27,0.0000e+00,2.2300e+27,0.0000e+00,0.0000e+00,1.5129e+09,2.5675e-05,4.1720e+07,8.6924e+05,6.6622e+05,6.6612e+05,0.0,97.3,1.6,1.1,5.9473e+29,5.7421e+29,1.8900e+28,1.6200e+27,2.4888e+28,0.0000e+00,96.5,3.2,0.3
359,5.9460e+29,0.0000e+00,5.7825e+29,9.6000e+27,6.7500e+27,0.0000e+00,0.0000e+00,3.0099e+29,2.7726e+29,5.5300e+27,4.0700e+27,3.3700e+27,3.3800e+27,0.0000e+00,2.1900e+27,0.0000e+00,0.0000e+00,1.2374e+09,2.4555e-05,4.1022e+07,8.6374e+05,6.6625e+05,6.6622e+05,0.0,97.3,1.6,1.1,5.9644e+29,5.7633e+29,1.8710e+28,1.4000e+27,2.4895e+28,0.0000e+00,96.6,3.1,0.2
