TAA_Bin,Band_Index,EffCos_Lo,EffCos_Hi,Gen_PSD_Dawn,Gen_TD_Dawn,Gen_PSD_Dusk,Gen_TD_Dusk,Stock_Dawn,Stock_Dusk,Step_Count
0,0,0.0000,0.0500,6.6700e+27,2.9000e+26,4.1200e+27,2.3000e+26,5.4557e+32,3.2685e+32,136
0,1,0.0500,0.1000,6.6200e+27,1.7100e+27,3.7600e+27,8.1000e+26,1.9961e+32,1.1455e+32,136
0,2,0.1000,0.2000,2.3460e+28,1.7540e+28,1.1190e+28,9.1500e+27,4.0260e+32,2.0060e+32,136
0,3,0.2000,0.3500,2.9690e+28,6.0540e+28,1.4490e+28,3.2810e+28,2.7596e+32,1.2992e+32,136
0,4,0.3500,0.5500,1.7390e+28,1.1708e+29,9.6700e+27,8.1000e+28,9.3284e+31,5.1489e+31,136
0,5,0.5500,1.0100,6.2400e+27,2.4882e+29,5.4400e+27,2.3393e+29,2.1029e+31,1.7841e+31,136
1,0,0.0000,0.0500,6.6100e+27,3.6000e+26,3.8800e+27,1.5000e+26,5.4602e+32,3.2700e+32,136
1,1,0.0500,0.1000,6.9700e+27,1.6400e+27,3.5500e+27,7.9000e+26,1.9947e+32,1.1452e+32,136
1,2,0.1000,0.2000,2.3260e+28,1.7080e+28,1.1440e+28,8.8600e+27,4.0199e+32,2.0047e+32,136
1,3,0.2000,0.3500,3.0100e+28,6.1520e+28,1.3980e+28,3.3640e+28,2.7483e+32,1.2963e+32,136
1,4,0.3500,0.5500,1.6340e+28,1.1618e+29,9.5300e+27,8.1560e+28,9.2936e+31,5.1584e+31,136
1,5,0.5500,1.0100,6.2400e+27,2.6003e+29,5.2400e+27,2.3927e+29,2.1255e+31,1.8034e+31,136
2,0,0.0000,0.0500,6.6600e+27,2.0000e+26,3.8100e+27,1.9000e+26,5.4638e+32,3.2716e+32,136
2,1,0.0500,0.1000,6.6900e+27,1.6000e+27,3.5600e+27,6.0000e+26,1.9941e+32,1.1447e+32,136
2,2,0.1000,0.2000,2.4330e+28,1.6690e+28,1.1140e+28,9.0600e+27,4.0143e+32,2.0027e+32,136
2,3,0.2000,0.3500,2.8330e+28,6.1540e+28,1.4050e+28,3.5260e+28,2.7376e+32,1.2940e+32,136
2,4,0.3500,0.5500,1.6020e+28,1.1587e+29,8.9400e+27,8.2180e+28,9.2569e+31,5.1678e+31,136
2,5,0.5500,1.0100,6.1200e+27,2.5187e+29,5.4100e+27,2.3527e+29,2.1378e+31,1.8144e+31,136
3,0,0.0000,0.0500,6.6200e+27,2.8000e+26,3.9700e+27,2.3000e+26,5.5086e+32,3.2975e+32,137
3,1,0.0500,0.1000,6.4000e+27,1.7800e+27,3.5800e+27,8.8000e+26,2.0079e+32,1.1525e+32,137
3,2,0.1000,0.2000,2.3850e+28,1.6420e+28,1.1940e+28,8.3200e+27,4.0377e+32,2.0153e+32,137
3,3,0.2000,0.3500,2.9330e+28,6.0120e+28,1.3990e+28,3.4990e+28,2.7459e+32,1.3011e+32,137
3,4,0.3500,0.5500,1.6950e+28,1.1925e+29,9.1200e+27,8.2140e+28,9.2962e+31,5.2150e+31,137
3,5,0.5500,1.0100,6.3200e+27,2.5676e+29,5.1800e+27,2.3667e+29,2.1706e+31,1.8396e+31,137
4,0,0.0000,0.0500,6.7700e+27,2.2000e+26,3.9300e+27,1.7000e+26,5.4726e+32,3.2753e+32,136
4,1,0.0500,0.1000,6.3500e+27,1.7600e+27,3.5000e+27,5.5000e+26,1.9925e+32,1.1433e+32,136
4,2,0.1000,0.2000,2.4160e+28,1.6070e+28,1.1530e+28,9.1800e+27,4.0030e+32,1.9995e+32,136
4,3,0.2000,0.3500,2.9890e+28,6.1050e+28,1.4390e+28,3.4460e+28,2.7410e+32,1.2900e+32,136
4,4,0.3500,0.5500,1.5800e+28,1.1503e+29,9.3000e+27,8.2610e+28,8.9518e+31,5.1838e+31,136
4,5,0.5500,1.0100,5.8800e+27,2.5551e+29,5.1800e+27,2.2881e+29,2.1760e+31,1.8283e+31,136
5,0,0.0000,0.0500,6.0500e+27,2.7000e+26,3.8900e+27,2.2000e+26,5.4767e+32,3.2771e+32,136
5,1,0.0500,0.1000,7.3900e+27,1.6400e+27,3.4900e+27,9.4000e+26,2.1276e+32,1.1430e+32,136
5,2,0.1000,0.2000,2.3230e+28,1.5410e+28,1.1200e+28,8.1800e+27,3.8832e+32,1.9976e+32,136
5,3,0.2000,0.3500,2.8980e+28,6.1380e+28,1.4300e+28,3.5870e+28,2.7298e+32,1.2886e+32,136
5,4,0.3500,0.5500,1.5600e+28,1.0753e+29,9.6000e+27,8.1920e+28,8.7359e+31,5.1804e+31,136
5,5,0.5500,1.0100,6.4000e+27,2.5199e+29,5.4500e+27,2.3210e+29,2.1834e+31,1.8313e+31,136
6,0,0.0000,0.0500,6.6100e+27,1.9000e+26,3.6300e+27,1.7000e+26,5.5209e+32,3.3028e+32,137
6,1,0.0500,0.1000,7.7000e+27,1.9800e+27,3.6500e+27,7.0000e+26,2.1571e+32,1.1046e+32,137
6,2,0.1000,0.2000,2.4770e+28,1.5420e+28,1.1940e+28,8.7300e+27,3.9674e+32,2.0564e+32,137
6,3,0.2000,0.3500,2.8540e+28,5.8340e+28,1.4230e+28,3.5070e+28,2.6639e+32,1.2958e+32,137
6,4,0.3500,0.5500,1.5850e+28,1.0946e+29,9.4900e+27,8.4970e+28,8.7627e+31,5.2299e+31,137
6,5,0.5500,1.0100,6.2500e+27,2.5255e+29,5.4300e+27,2.3318e+29,2.2135e+31,1.8572e+31,137
7,0,0.0000,0.0500,6.3900e+27,2.5000e+26,3.9200e+27,1.8000e+26,5.4847e+32,3.2803e+32,136
7,1,0.0500,0.1000,7.5500e+27,1.5600e+27,3.3700e+27,6.3000e+26,2.1402e+32,1.0790e+32,136
7,2,0.1000,0.2000,2.3510e+28,1.4820e+28,1.2710e+28,8.2000e+27,3.9325e+32,2.0566e+32,136
7,3,0.2000,0.3500,2.8890e+28,5.6860e+28,1.4480e+28,3.5130e+28,2.6345e+32,1.2860e+32,136
7,4,0.3500,0.5500,1.5460e+28,1.0776e+29,9.6600e+27,7.7770e+28,8.6638e+31,5.1960e+31,136
7,5,0.5500,1.0100,6.4200e+27,2.5271e+29,5.5300e+27,2.2783e+29,2.2024e+31,1.8444e+31,136
8,0,0.0000,0.0500,6.3400e+27,1.7000e+26,4.1800e+27,2.1000e+26,5.5291e+32,3.2868e+32,137
8,1,0.0500,0.1000,7.3600e+27,1.4700e+27,3.3900e+27,8.3000e+26,2.1551e+32,1.1058e+32,137
8,2,0.1000,0.2000,2.3100e+28,1.5200e+28,1.1850e+28,8.8200e+27,3.9548e+32,2.0705e+32,137
8,3,0.2000,0.3500,2.9150e+28,5.6030e+28,1.4580e+28,3.6050e+28,2.6436e+32,1.2940e+32,137
8,4,0.3500,0.5500,1.5510e+28,1.0543e+29,9.8100e+27,8.1880e+28,8.6931e+31,5.2365e+31,137
8,5,0.5500,1.0100,6.5000e+27,2.4438e+29,5.7500e+27,2.3682e+29,2.2189e+31,1.8605e+31,137
9,0,0.0000,0.0500,6.0700e+27,2.5000e+26,3.7700e+27,9.0000e+25,5.5336e+32,3.2005e+32,137
9,1,0.0500,0.1000,6.9300e+27,1.4400e+27,3.6300e+27,6.4000e+26,2.1537e+32,1.1926e+32,137
9,2,0.1000,0.2000,2.4060e+28,1.5970e+28,1.1650e+28,9.4200e+27,3.9882e+32,2.0696e+32,137
9,3,0.2000,0.3500,2.7700e+28,5.4220e+28,1.4150e+28,3.5240e+28,2.5927e+32,1.2918e+32,137
9,4,0.3500,0.5500,1.4670e+28,1.0548e+29,9.3000e+27,8.4310e+28,8.6510e+31,5.2543e+31,137
9,5,0.5500,1.0100,6.3900e+27,2.5469e+29,5.2400e+27,2.3550e+29,2.2188e+31,1.8765e+31,137
10,0,0.0000,0.0500,6.1200e+27,2.2000e+26,3.7600e+27,3.0000e+26,5.5380e+32,3.1671e+32,137
10,1,0.0500,0.1000,7.3800e+27,1.4800e+27,3.4600e+27,6.2000e+26,2.1529e+32,1.2273e+32,137
10,2,0.1000,0.2000,2.4670e+28,1.5750e+28,1.2590e+28,8.8200e+27,4.0572e+32,2.0686e+32,137
10,3,0.2000,0.3500,2.6090e+28,5.3200e+28,1.3850e+28,3.4130e+28,2.5076e+32,1.2900e+32,137
10,4,0.3500,0.5500,1.5930e+28,1.0788e+29,9.7800e+27,7.9100e+28,8.6165e+31,5.2535e+31,137
10,5,0.5500,1.0100,6.2400e+27,2.4963e+29,6.1700e+27,2.2878e+29,2.2289e+31,1.8918e+31,137
11,0,0.0000,0.0500,5.8600e+27,2.3000e+26,3.5400e+27,2.4000e+26,5.5425e+32,3.1070e+32,137
11,1,0.0500,0.1000,6.9700e+27,1.3800e+27,3.7600e+27,7.8000e+26,2.1520e+32,1.2889e+32,137
11,2,0.1000,0.2000,2.4210e+28,1.5740e+28,1.2750e+28,8.2300e+27,4.0510e+32,2.0668e+32,137
11,3,0.2000,0.3500,2.6890e+28,5.1190e+28,1.3960e+28,3.5980e+28,2.4970e+32,1.2880e+32,137
11,4,0.3500,0.5500,1.5970e+28,1.0565e+29,9.5900e+27,8.0520e+28,8.5915e+31,5.2480e+31,137
11,5,0.5500,1.0100,6.3500e+27,2.4979e+29,5.4400e+27,2.3077e+29,2.2400e+31,1.8892e+31,137
12,0,0.0000,0.0500,6.4400e+27,1.7000e+26,3.8400e+27,1.4000e+26,5.5470e+32,3.0982e+32,137
12,1,0.0500,0.1000,7.6700e+27,1.4300e+27,3.8200e+27,7.6000e+26,2.1508e+32,1.2990e+32,137
12,2,0.1000,0.2000,2.3680e+28,1.4910e+28,1.2120e+28,8.5500e+27,4.0433e+32,2.0654e+32,137
12,3,0.2000,0.3500,2.6430e+28,5.2760e+28,1.4880e+28,3.5160e+28,2.4885e+32,1.2867e+32,137
12,4,0.3500,0.5500,1.4790e+28,1.0216e+29,9.9100e+27,8.1080e+28,8.5652e+31,5.2522e+31,137
12,5,0.5500,1.0100,6.9500e+27,2.5969e+29,5.8000e+27,2.3457e+29,2.2492e+31,1.8924e+31,137
13,0,0.0000,0.0500,5.9900e+27,2.1000e+26,3.8800e+27,2.3000e+26,5.5516e+32,3.0962e+32,137
13,1,0.0500,0.1000,6.9400e+27,1.3100e+27,4.0700e+27,8.0000e+26,2.1502e+32,1.3021e+32,137
13,2,0.1000,0.2000,2.3920e+28,1.4640e+28,1.1680e+28,8.1200e+27,4.0369e+32,2.0639e+32,137
13,3,0.2000,0.3500,2.7030e+28,5.0580e+28,1.4150e+28,3.5530e+28,2.4794e+32,1.2856e+32,137
13,4,0.3500,0.5500,1.5300e+28,1.0282e+29,9.1600e+27,8.1410e+28,8.5411e+31,5.2579e+31,137
13,5,0.5500,1.0100,6.5500e+27,2.5057e+29,5.6700e+27,2.2756e+29,2.2674e+31,1.8990e+31,137
14,0,0.0000,0.0500,6.2900e+27,1.1000e+26,3.2900e+27,1.3000e+26,5.5970e+32,3.0488e+32,138
14,1,0.0500,0.1000,6.9200e+27,1.3500e+27,4.2900e+27,7.8000e+26,2.1650e+32,1.3828e+32,138
14,2,0.1000,0.2000,2.4720e+28,1.4640e+28,1.2320e+28,9.1900e+27,4.0610e+32,2.0770e+32,138
14,3,0.2000,0.3500,2.6750e+28,5.0350e+28,1.3900e+28,3.6140e+28,2.4880e+32,1.2945e+32,138
14,4,0.3500,0.5500,1.5680e+28,1.0297e+29,9.5400e+27,7.8370e+28,8.5820e+31,5.2902e+31,138
14,5,0.5500,1.0100,6.4400e+27,2.3977e+29,5.8900e+27,2.3055e+29,2.2827e+31,1.9119e+31,138
15,0,0.0000,0.0500,5.9700e+27,1.6000e+26,4.0100e+27,1.5000e+26,5.6011e+32,3.0498e+32,138
15,1,0.0500,0.1000,7.0400e+27,1.6200e+27,4.4200e+27,7.8000e+26,2.1644e+32,1.3833e+32,138
15,2,0.1000,0.2000,2.3910e+28,1.4360e+28,1.1990e+28,8.3500e+27,4.0547e+32,2.0365e+32,138
15,3,0.2000,0.3500,2.7400e+28,4.9870e+28,1.3880e+28,3.4350e+28,2.4795e+32,1.3322e+32,138
15,4,0.3500,0.5500,1.5480e+28,1.0009e+29,9.7700e+27,7.9730e+28,8.5637e+31,5.2917e+31,138
15,5,0.5500,1.0100,6.7900e+27,2.5019e+29,5.5100e+27,2.3423e+29,2.2892e+31,1.9192e+31,138
16,0,0.0000,0.0500,6.4400e+27,1.4000e+26,3.4100e+27,2.0000e+26,5.6052e+32,3.0510e+32,138
16,1,0.0500,0.1000,7.0000e+27,1.5100e+27,4.2500e+27,8.8000e+26,2.1637e+32,1.3837e+32,138
16,2,0.1000,0.2000,2.4980e+28,1.4170e+28,1.1590e+28,7.6300e+27,4.0486e+32,2.0294e+32,138
16,3,0.2000,0.3500,2.6820e+28,4.9950e+28,1.4520e+28,3.3750e+28,2.4714e+32,1.3348e+32,138
16,4,0.3500,0.5500,1.4980e+28,1.0061e+29,9.5200e+27,7.7510e+28,8.5295e+31,5.2996e+31,138
16,5,0.5500,1.0100,6.5200e+27,2.4895e+29,5.5000e+27,2.2488e+29,2.2969e+31,1.9247e+31,138
17,0,0.0000,0.0500,5.8900e+27,1.6000e+26,3.5900e+27,2.9000e+26,5.6093e+32,3.0526e+32,138
17,1,0.0500,0.1000,6.9900e+27,1.4500e+27,4.4100e+27,9.5000e+26,2.1632e+32,1.3839e+32,138
17,2,0.1000,0.2000,2.3010e+28,1.4050e+28,1.1920e+28,8.7700e+27,4.0430e+32,2.0279e+32,138
17,3,0.2000,0.3500,2.6380e+28,4.8800e+28,1.4450e+28,3.3830e+28,2.4639e+32,1.3340e+32,138
17,4,0.3500,0.5500,1.5010e+28,1.0141e+29,9.3000e+27,7.7840e+28,8.5002e+31,5.2998e+31,138
17,5,0.5500,1.0100,6.3900e+27,2.4057e+29,5.3100e+27,2.2439e+29,2.3008e+31,1.9174e+31,138
18,0,0.0000,0.0500,6.2000e+27,2.0000e+26,3.5900e+27,1.6000e+26,5.6543e+32,3.0760e+32,139
18,1,0.0500,0.1000,6.9400e+27,1.2000e+27,3.9600e+27,9.4000e+26,2.1778e+32,1.3941e+32,139
18,2,0.1000,0.2000,2.3230e+28,1.4130e+28,1.2610e+28,7.9200e+27,4.0669e+32,2.0411e+32,139
18,3,0.2000,0.3500,2.5540e+28,4.8410e+28,1.4520e+28,3.3490e+28,2.4720e+32,1.3418e+32,139
18,4,0.3500,0.5500,1.5350e+28,9.6990e+28,9.9100e+27,7.7800e+28,8.5368e+31,5.3392e+31,139
18,5,0.5500,1.0100,6.7800e+27,2.3845e+29,5.7500e+27,2.2575e+29,2.3031e+31,1.9366e+31,139
19,0,0.0000,0.0500,6.0500e+27,1.7000e+26,3.5900e+27,1.4000e+26,5.6592e+32,3.0150e+32,139
19,1,0.0500,0.1000,6.8000e+27,1.1600e+27,4.0700e+27,9.2000e+26,2.1768e+32,1.4568e+32,139
19,2,0.1000,0.2000,2.3040e+28,1.4630e+28,1.1930e+28,7.6100e+27,4.0610e+32,2.0399e+32,139
19,3,0.2000,0.3500,2.6670e+28,4.7300e+28,1.4470e+28,3.1720e+28,2.4641e+32,1.3401e+32,139
19,4,0.3500,0.5500,1.5180e+28,9.8370e+28,9.1600e+27,7.6830e+28,8.5020e+31,5.3386e+31,139
19,5,0.5500,1.0100,6.1000e+27,2.3605e+29,5.5800e+27,2.1379e+29,2.3025e+31,1.9301e+31,139
20,0,0.0000,0.0500,6.1300e+27,1.1000e+26,3.0300e+27,1.5000e+26,5.6644e+32,3.0065e+32,139
20,1,0.0500,0.1000,7.1500e+27,1.1800e+27,4.5400e+27,7.6000e+26,2.1761e+32,1.4661e+32,139
20,2,0.1000,0.2000,2.3580e+28,1.3950e+28,1.1820e+28,6.9700e+27,4.0555e+32,2.0381e+32,139
20,3,0.2000,0.3500,2.6270e+28,4.5800e+28,1.3510e+28,3.3920e+28,2.4565e+32,1.3388e+32,139
20,4,0.3500,0.5500,1.4690e+28,9.4780e+28,1.0080e+28,7.8060e+28,8.4686e+31,5.3351e+31,139
20,5,0.5500,1.0100,6.4400e+27,2.3080e+29,5.6000e+27,2.2045e+29,2.2944e+31,1.9194e+31,139
21,0,0.0000,0.0500,6.0000e+27,1.3000e+26,3.7600e+27,1.4000e+26,5.6694e+32,3.0076e+32,139
21,1,0.0500,0.1000,6.3100e+27,1.1500e+27,4.1000e+27,8.5000e+26,2.1749e+32,1.4661e+32,139
21,2,0.1000,0.2000,2.3300e+28,1.3770e+28,1.1190e+28,7.7200e+27,4.0499e+32,2.0362e+32,139
21,3,0.2000,0.3500,2.5730e+28,4.6840e+28,1.4540e+28,3.2980e+28,2.4479e+32,1.3377e+32,139
21,4,0.3500,0.5500,1.5370e+28,9.4720e+28,1.0010e+28,7.6050e+28,8.4386e+31,5.3388e+31,139
21,5,0.5500,1.0100,6.2400e+27,2.2039e+29,5.9200e+27,2.1198e+29,2.2738e+31,1.9246e+31,139
22,0,0.0000,0.0500,5.6200e+27,8.0000e+25,3.6800e+27,1.2000e+26,5.7145e+32,3.0304e+32,140
22,1,0.0500,0.1000,6.7600e+27,1.1500e+27,4.4700e+27,8.4000e+26,2.1893e+32,1.4772e+32,140
22,2,0.1000,0.2000,2.2810e+28,1.4160e+28,1.2160e+28,7.7800e+27,4.0740e+32,2.0500e+32,140
22,3,0.2000,0.3500,2.6250e+28,4.5770e+28,1.4390e+28,3.5130e+28,2.4582e+32,1.3468e+32,140
22,4,0.3500,0.5500,1.5060e+28,9.1170e+28,9.9400e+27,7.8400e+28,8.4639e+31,5.3780e+31,140
22,5,0.5500,1.0100,6.4800e+27,2.1469e+29,5.7600e+27,2.1695e+29,2.2828e+31,1.9395e+31,140
23,0,0.0000,0.0500,5.8600e+27,1.5000e+26,3.6100e+27,1.1000e+26,5.7195e+32,3.0314e+32,140
23,1,0.0500,0.1000,7.3200e+27,1.0700e+27,4.3400e+27,7.1000e+26,2.1883e+32,1.4779e+32,140
23,2,0.1000,0.2000,2.3550e+28,1.3610e+28,1.2090e+28,7.8000e+27,4.0692e+32,2.0492e+32,140
23,3,0.2000,0.3500,2.5580e+28,4.5320e+28,1.4560e+28,3.2420e+28,2.4498e+32,1.3464e+32,140
23,4,0.3500,0.5500,1.4590e+28,8.9990e+28,1.0100e+28,7.4600e+28,8.4365e+31,5.3856e+31,140
23,5,0.5500,1.0100,6.9300e+27,2.1728e+29,6.2800e+27,2.1554e+29,2.2727e+31,1.9440e+31,140
24,0,0.0000,0.0500,5.8000e+27,1.2000e+26,3.6500e+27,1.7000e+26,5.7247e+32,3.0325e+32,140
24,1,0.0500,0.1000,6.2000e+27,1.2200e+27,4.3900e+27,8.6000e+26,2.1873e+32,1.4788e+32,140
24,2,0.1000,0.2000,2.3500e+28,1.3260e+28,1.1610e+28,7.2200e+27,4.1416e+32,2.0478e+32,140
24,3,0.2000,0.3500,2.5210e+28,4.5210e+28,1.4360e+28,3.3480e+28,2.3639e+32,1.3469e+32,140
24,4,0.3500,0.5500,1.4870e+28,9.0790e+28,1.0030e+28,7.6110e+28,8.4068e+31,5.3815e+31,140
24,5,0.5500,1.0100,6.3000e+27,2.2041e+29,5.5200e+27,2.1145e+29,2.2676e+31,1.9399e+31,140
25,0,0.0000,0.0500,6.2000e+27,1.0000e+26,3.6700e+27,1.6000e+26,5.7703e+32,3.0553e+32,141
25,1,0.0500,0.1000,7.1100e+27,1.0600e+27,4.0300e+27,7.2000e+26,2.2023e+32,1.4901e+32,141
25,2,0.1000,0.2000,2.3590e+28,1.4080e+28,1.1570e+28,7.0100e+27,4.1694e+32,2.0608e+32,141
25,3,0.2000,0.3500,2.5590e+28,4.3010e+28,1.4840e+28,3.2280e+28,2.3700e+32,1.3557e+32,141
25,4,0.3500,0.5500,1.4550e+28,8.8950e+28,9.7400e+27,7.3230e+28,8.4433e+31,5.4242e+31,141
25,5,0.5500,1.0100,6.3200e+27,2.0730e+29,6.0100e+27,2.0127e+29,2.2732e+31,1.9485e+31,141
26,0,0.0000,0.0500,5.8400e+27,1.1000e+26,3.5000e+27,1.5000e+26,5.7758e+32,3.0563e+32,141
26,1,0.0500,0.1000,7.3100e+27,1.0800e+27,4.5600e+27,8.9000e+26,2.2024e+32,1.4910e+32,141
26,2,0.1000,0.2000,2.4410e+28,1.2720e+28,1.1520e+28,7.6900e+27,4.1414e+32,2.0606e+32,141
26,3,0.2000,0.3500,2.5480e+28,4.3710e+28,1.4910e+28,3.1640e+28,2.3835e+32,1.3554e+32,141
26,4,0.3500,0.5500,1.4630e+28,8.7900e+28,9.4400e+27,7.1120e+28,8.4107e+31,5.4114e+31,141
26,5,0.5500,1.0100,6.6700e+27,2.0327e+29,5.6600e+27,1.9590e+29,2.2580e+31,1.9339e+31,141
27,0,0.0000,0.0500,6.0400e+27,1.4000e+26,3.3900e+27,2.2000e+26,5.8226e+32,3.0793e+32,142
27,1,0.0500,0.1000,6.9700e+27,1.0900e+27,4.4400e+27,7.1000e+26,2.2178e+32,1.5024e+32,142
27,2,0.1000,0.2000,2.2510e+28,1.2830e+28,1.1450e+28,7.6800e+27,4.1044e+32,2.0751e+32,142
27,3,0.2000,0.3500,2.5670e+28,4.3670e+28,1.4900e+28,3.1030e+28,2.4529e+32,1.3635e+32,142
27,4,0.3500,0.5500,1.4250e+28,8.7170e+28,9.7600e+27,7.0420e+28,8.4417e+31,5.4454e+31,142
27,5,0.5500,1.0100,6.1700e+27,1.9568e+29,5.5200e+27,1.8895e+29,2.2562e+31,1.9262e+31,142
28,0,0.0000,0.0500,5.9100e+27,1.6000e+26,3.4600e+27,1.0000e+26,5.8286e+32,3.0807e+32,142
28,1,0.0500,0.1000,7.2500e+27,1.1200e+27,4.4600e+27,7.3000e+26,2.2174e+32,1.5030e+32,142
28,2,0.1000,0.2000,2.3500e+28,1.2680e+28,1.1560e+28,7.2200e+27,4.0994e+32,2.0745e+32,142
28,3,0.2000,0.3500,2.5650e+28,4.3340e+28,1.4070e+28,2.9820e+28,2.4448e+32,1.3610e+32,142
28,4,0.3500,0.5500,1.4810e+28,8.7000e+28,9.6500e+27,6.9750e+28,8.4053e+31,5.4415e+31,142
28,5,0.5500,1.0100,5.8600e+27,1.9128e+29,5.5400e+27,1.9265e+29,2.2415e+31,1.9139e+31,142
29,0,0.0000,0.0500,6.2500e+27,1.6000e+26,3.6700e+27,1.3000e+26,5.8348e+32,3.0827e+32,142
29,1,0.0500,0.1000,7.1900e+27,1.2300e+27,4.2000e+27,6.9000e+26,2.2174e+32,1.5037e+32,142
29,2,0.1000,0.2000,2.4060e+28,1.3390e+28,1.1710e+28,6.9000e+27,4.0956e+32,2.0742e+32,142
29,3,0.2000,0.3500,2.5390e+28,4.2290e+28,1.5040e+28,3.1510e+28,2.4374e+32,1.3611e+32,142
29,4,0.3500,0.5500,1.4940e+28,8.0030e+28,9.8100e+27,6.8660e+28,8.3574e+31,5.4357e+31,142
29,5,0.5500,1.0100,6.3600e+27,1.8767e+29,5.3500e+27,1.7936e+29,2.2277e+31,1.9011e+31,142
30,0,0.0000,0.0500,5.7500e+27,1.1000e+26,3.4200e+27,9.0000e+25,5.8825e+32,3.1065e+32,143
30,1,0.0500,0.1000,7.0600e+27,1.1200e+27,4.4200e+27,7.2000e+26,2.2326e+32,1.5153e+32,143
30,2,0.1000,0.2000,2.3450e+28,1.2820e+28,1.1750e+28,6.4800e+27,4.1206e+32,2.0890e+32,143
30,3,0.2000,0.3500,2.4820e+28,4.2510e+28,1.4730e+28,3.0500e+28,2.4463e+32,1.3709e+32,143
30,4,0.3500,0.5500,1.4620e+28,8.3050e+28,9.5600e+27,6.7240e+28,8.3804e+31,5.4589e+31,143
30,5,0.5500,1.0100,6.1700e+27,1.8541e+29,5.5900e+27,1.7276e+29,2.2324e+31,1.8933e+31,143
31,0,0.0000,0.0500,6.4100e+27,1.3000e+26,3.5200e+27,1.5000e+26,5.8888e+32,3.1711e+32,143
31,1,0.0500,0.1000,7.1800e+27,1.1800e+27,4.4900e+27,6.4000e+26,2.2324e+32,1.4533e+32,143
31,2,0.1000,0.2000,2.3770e+28,1.2460e+28,1.1320e+28,7.1600e+27,4.1164e+32,2.0888e+32,143
31,3,0.2000,0.3500,2.5380e+28,4.0110e+28,1.4350e+28,2.8660e+28,2.4389e+32,1.3688e+32,143
31,4,0.3500,0.5500,1.3980e+28,7.7770e+28,9.5300e+27,6.4960e+28,8.3327e+31,5.4471e+31,143
31,5,0.5500,1.0100,6.2800e+27,1.7877e+29,5.1700e+27,1.7473e+29,2.2108e+31,1.8848e+31,143
32,0,0.0000,0.0500,5.9100e+27,1.0000e+26,3.5700e+27,7.0000e+25,5.9359e+32,3.2082e+32,144
32,1,0.0500,0.1000,7.5400e+27,1.0600e+27,4.3000e+27,5.5000e+26,2.2478e+32,1.4511e+32,144
32,2,0.1000,0.2000,2.3150e+28,1.2300e+28,1.1300e+28,6.9400e+27,4.1404e+32,2.1035e+32,144
32,3,0.2000,0.3500,2.4630e+28,4.0770e+28,1.4320e+28,2.9830e+28,2.4472e+32,1.3765e+32,144
32,4,0.3500,0.5500,1.4280e+28,7.8150e+28,8.9400e+27,6.2660e+28,8.3392e+31,5.4629e+31,144
32,5,0.5500,1.0100,6.2300e+27,1.8487e+29,5.1700e+27,1.6552e+29,2.2078e+31,1.8877e+31,144
33,0,0.0000,0.0500,6.4000e+27,1.2000e+26,3.4800e+27,1.3000e+26,5.9428e+32,3.2103e+32,144
33,1,0.0500,0.1000,7.0800e+27,1.2400e+27,4.1500e+27,5.9000e+26,2.2479e+32,1.4518e+32,144
33,2,0.1000,0.2000,2.3670e+28,1.2560e+28,1.1860e+28,6.3000e+27,4.1367e+32,2.1029e+32,144
33,3,0.2000,0.3500,2.5020e+28,4.1890e+28,1.4270e+28,2.8900e+28,2.4387e+32,1.3757e+32,144
33,4,0.3500,0.5500,1.3730e+28,7.5970e+28,9.3900e+27,6.1210e+28,8.2874e+31,5.4427e+31,144
33,5,0.5500,1.0100,6.0100e+27,1.7195e+29,5.3400e+27,1.6665e+29,2.1895e+31,1.8720e+31,144
34,0,0.0000,0.0500,6.2900e+27,7.0000e+25,3.4700e+27,1.0000e+26,5.9912e+32,3.2348e+32,145
34,1,0.0500,0.1000,7.2800e+27,1.2500e+27,4.2600e+27,6.4000e+26,2.2633e+32,1.4629e+32,145
34,2,0.1000,0.2000,2.4190e+28,1.2130e+28,1.2200e+28,7.0600e+27,4.1613e+32,2.1464e+32,145
34,3,0.2000,0.3500,2.4600e+28,3.9930e+28,1.4860e+28,2.8340e+28,2.4471e+32,1.3559e+32,145
34,4,0.3500,0.5500,1.3820e+28,7.1840e+28,9.6000e+27,6.1430e+28,8.2791e+31,5.4578e+31,145
34,5,0.5500,1.0100,6.0100e+27,1.6479e+29,5.5700e+27,1.7002e+29,2.1700e+31,1.8757e+31,145
35,0,0.0000,0.0500,6.0000e+27,1.1000e+26,4.1200e+27,1.0000e+26,5.9980e+32,3.2965e+32,145
35,1,0.0500,0.1000,7.0600e+27,1.1000e+27,4.0700e+27,5.5000e+26,2.2633e+32,1.4041e+32,145
35,2,0.1000,0.2000,2.2740e+28,1.1810e+28,1.2110e+28,6.2800e+27,4.1566e+32,2.1659e+32,145
35,3,0.2000,0.3500,2.5280e+28,3.9140e+28,1.3650e+28,2.7900e+28,2.4373e+32,1.3366e+32,145
35,4,0.3500,0.5500,1.3730e+28,7.2760e+28,9.1600e+27,6.1080e+28,8.2185e+31,5.4412e+31,145
35,5,0.5500,1.0100,6.0100e+27,1.6839e+29,5.0800e+27,1.6639e+29,2.1538e+31,1.8677e+31,145
36,0,0.0000,0.0500,6.1500e+27,8.0000e+25,3.4900e+27,7.0000e+25,6.0459e+32,3.3446e+32,146
36,1,0.0500,0.1000,7.1900e+27,9.3000e+26,3.7100e+27,4.3000e+26,2.2783e+32,1.3914e+32,146
36,2,0.1000,0.2000,2.3090e+28,1.2270e+28,1.1690e+28,6.6800e+27,4.1798e+32,2.1806e+32,146
36,3,0.2000,0.3500,2.5010e+28,3.8660e+28,1.3830e+28,2.6640e+28,2.4444e+32,1.3450e+32,146
36,4,0.3500,0.5500,1.3730e+28,7.1580e+28,8.9300e+27,5.5700e+28,8.2147e+31,5.4616e+31,146
36,5,0.5500,1.0100,6.0300e+27,1.6484e+29,5.2400e+27,1.5556e+29,2.1525e+31,1.8705e+31,146
37,0,0.0000,0.0500,6.1900e+27,8.0000e+25,3.7600e+27,1.5000e+26,6.0526e+32,3.4049e+32,146
37,1,0.0500,0.1000,7.3500e+27,1.3400e+27,3.7400e+27,5.2000e+26,2.2778e+32,1.3345e+32,146
37,2,0.1000,0.2000,2.2930e+28,1.2180e+28,1.2550e+28,6.0500e+27,4.1757e+32,2.1798e+32,146
37,3,0.2000,0.3500,2.5170e+28,3.7820e+28,1.4120e+28,2.5680e+28,2.4342e+32,1.3438e+32,146
37,4,0.3500,0.5500,1.3290e+28,7.0560e+28,9.8700e+27,5.6670e+28,8.1650e+31,5.4466e+31,146
37,5,0.5500,1.0100,5.6700e+27,1.6480e+29,5.1000e+27,1.5703e+29,2.1266e+31,1.8625e+31,146
38,0,0.0000,0.0500,6.4400e+27,1.4000e+26,3.9000e+27,1.3000e+26,6.1010e+32,3.5135e+32,147
38,1,0.0500,0.1000,7.6900e+27,9.9000e+26,3.3500e+27,4.0000e+26,2.2935e+32,1.2615e+32,147
38,2,0.1000,0.2000,2.2810e+28,1.1270e+28,1.1350e+28,6.1900e+27,4.1144e+32,2.1943e+32,147
38,3,0.2000,0.3500,2.5550e+28,3.9440e+28,1.3630e+28,2.4910e+28,2.5259e+32,1.3519e+32,147
38,4,0.3500,0.5500,1.3960e+28,6.9190e+28,8.8900e+27,5.3580e+28,8.1663e+31,5.4615e+31,147
38,5,0.5500,1.0100,5.6900e+27,1.6497e+29,4.4400e+27,1.5246e+29,2.1334e+31,1.8564e+31,147
39,0,0.0000,0.0500,6.8000e+27,1.8000e+26,4.2900e+27,6.0000e+25,6.1078e+32,3.6217e+32,147
39,1,0.0500,0.1000,7.1500e+27,1.2300e+27,3.3100e+27,4.2000e+26,2.2929e+32,1.1558e+32,147
39,2,0.1000,0.2000,2.2250e+28,1.1020e+28,1.1250e+28,5.8600e+27,4.0738e+32,2.1948e+32,147
39,3,0.2000,0.3500,2.5170e+28,3.8250e+28,1.4510e+28,2.5120e+28,2.5520e+32,1.3502e+32,147
39,4,0.3500,0.5500,1.3280e+28,6.8230e+28,9.8000e+27,5.6010e+28,8.1204e+31,5.4387e+31,147
39,5,0.5500,1.0100,6.2100e+27,1.6073e+29,4.5200e+27,1.5168e+29,2.1130e+31,1.8491e+31,147
40,0,0.0000,0.0500,7.0800e+27,1.2000e+26,4.2700e+27,6.0000e+25,6.1565e+32,3.6493e+32,148
40,1,0.0500,0.1000,7.4000e+27,1.1100e+27,3.5200e+27,3.8000e+26,2.3081e+32,1.2055e+32,148
40,2,0.1000,0.2000,2.2080e+28,1.0490e+28,1.1690e+28,5.3900e+27,4.0685e+32,2.1681e+32,148
40,3,0.2000,0.3500,2.5310e+28,3.7580e+28,1.3730e+28,2.4520e+28,2.5867e+32,1.3592e+32,148
40,4,0.3500,0.5500,1.3780e+28,6.7090e+28,9.2000e+27,5.5960e+28,8.1119e+31,5.4635e+31,148
40,5,0.5500,1.0100,5.9900e+27,1.5128e+29,4.7900e+27,1.4816e+29,2.1068e+31,1.8561e+31,148
41,0,0.0000,0.0500,6.2500e+27,6.0000e+25,4.0600e+27,6.0000e+25,6.2052e+32,3.6771e+32,149
41,1,0.0500,0.1000,6.9800e+27,1.0100e+27,3.8200e+27,4.7000e+26,2.1745e+32,1.2447e+32,149
41,2,0.1000,0.2000,2.2700e+28,1.0810e+28,1.1890e+28,6.0100e+27,4.1693e+32,2.1518e+32,149
41,3,0.2000,0.3500,2.5740e+28,3.7200e+28,1.3930e+28,2.4170e+28,2.6415e+32,1.3679e+32,149
41,4,0.3500,0.5500,1.3310e+28,6.5390e+28,9.4500e+27,5.0960e+28,8.3127e+31,5.4895e+31,149
41,5,0.5500,1.0100,5.6000e+27,1.4456e+29,5.1000e+27,1.4840e+29,2.1041e+31,1.8645e+31,149
42,0,0.0000,0.0500,6.6600e+27,1.8000e+26,4.1800e+27,7.0000e+25,6.2124e+32,3.6803e+32,149
42,1,0.0500,0.1000,6.7800e+27,1.0000e+27,3.3300e+27,4.2000e+26,2.1534e+32,1.2451e+32,149
42,2,0.1000,0.2000,2.2780e+28,1.1070e+28,1.0830e+28,5.5100e+27,4.1842e+32,2.1522e+32,149
42,3,0.2000,0.3500,2.5710e+28,3.5830e+28,1.3390e+28,2.2940e+28,2.6106e+32,1.3664e+32,149
42,4,0.3500,0.5500,1.4020e+28,6.3320e+28,9.1500e+27,5.0920e+28,8.4426e+31,5.4704e+31,149
42,5,0.5500,1.0100,5.5400e+27,1.4924e+29,5.2600e+27,1.4300e+29,2.0854e+31,1.8599e+31,149
43,0,0.0000,0.0500,6.6400e+27,1.7000e+26,4.0100e+27,6.0000e+25,6.2607e+32,3.7079e+32,150
43,1,0.0500,0.1000,6.6200e+27,1.0300e+27,3.5800e+27,3.8000e+26,2.1671e+32,1.2531e+32,150
43,2,0.1000,0.2000,2.3040e+28,1.0480e+28,1.1430e+28,4.9000e+27,4.2080e+32,2.1664e+32,150
43,3,0.2000,0.3500,2.5540e+28,3.5720e+28,1.3440e+28,2.1960e+28,2.6179e+32,1.3742e+32,150
43,4,0.3500,0.5500,1.3630e+28,6.4390e+28,9.0900e+27,5.1490e+28,8.4338e+31,5.4920e+31,150
43,5,0.5500,1.0100,5.5400e+27,1.3718e+29,4.6300e+27,1.4295e+29,2.0720e+31,1.8614e+31,150
44,0,0.0000,0.0500,7.1300e+27,1.7000e+26,3.7900e+27,6.0000e+25,6.2677e+32,3.7225e+32,150
44,1,0.0500,0.1000,6.9100e+27,1.2600e+27,3.3500e+27,3.6000e+26,2.1666e+32,1.2430e+32,150
44,2,0.1000,0.2000,2.3650e+28,1.0850e+28,1.1570e+28,5.4400e+27,4.2030e+32,2.1653e+32,150
44,3,0.2000,0.3500,2.5170e+28,3.4780e+28,1.3070e+28,2.1180e+28,2.6073e+32,1.3713e+32,150
44,4,0.3500,0.5500,1.3940e+28,5.9600e+28,9.1200e+27,5.0590e+28,8.3667e+31,5.4695e+31,150
44,5,0.5500,1.0100,5.6700e+27,1.3733e+29,5.4500e+27,1.3320e+29,2.0535e+31,1.8486e+31,150
45,0,0.0000,0.0500,7.2000e+27,1.2000e+26,4.2300e+27,9.0000e+25,6.1409e+32,3.9120e+32,151
45,1,0.0500,0.1000,6.4100e+27,8.0000e+26,3.5200e+27,5.2000e+26,2.2086e+32,1.2020e+32,151
45,2,0.1000,0.2000,2.2720e+28,1.0700e+28,1.1090e+28,5.0300e+27,4.2760e+32,2.1153e+32,151
45,3,0.2000,0.3500,2.6230e+28,3.6490e+28,1.2650e+28,2.0530e+28,2.7109e+32,1.3302e+32,151
45,4,0.3500,0.5500,1.3910e+28,5.8860e+28,9.3200e+27,4.7840e+28,8.3418e+31,5.4901e+31,151
45,5,0.5500,1.0100,5.5100e+27,1.3897e+29,5.1300e+27,1.3508e+29,2.0498e+31,1.8545e+31,151
46,0,0.0000,0.0500,6.8100e+27,2.8000e+26,4.3300e+27,5.0000e+25,6.0669e+32,3.9504e+32,152
46,1,0.0500,0.1000,6.8100e+27,9.7000e+26,3.7900e+27,4.5000e+26,2.2583e+32,1.2086e+32,152
46,2,0.1000,0.2000,2.3230e+28,1.0700e+28,1.1190e+28,4.6000e+27,4.3501e+32,2.1298e+32,152
46,3,0.2000,0.3500,2.6950e+28,3.5520e+28,1.3490e+28,1.9720e+28,2.7528e+32,1.3284e+32,152
46,4,0.3500,0.5500,1.3400e+28,6.0760e+28,8.9200e+27,4.6300e+28,8.3372e+31,5.5148e+31,152
46,5,0.5500,1.0100,5.7800e+27,1.4519e+29,4.8600e+27,1.3263e+29,2.0627e+31,1.8594e+31,152
47,0,0.0000,0.0500,6.9300e+27,2.3000e+26,4.2400e+27,6.0000e+25,6.1138e+32,3.9797e+32,153
47,1,0.0500,0.1000,6.5200e+27,9.4000e+26,3.9900e+27,4.8000e+26,2.2727e+32,1.2165e+32,153
47,2,0.1000,0.2000,2.3160e+28,1.0950e+28,1.1550e+28,4.8500e+27,4.3740e+32,2.1433e+32,153
47,3,0.2000,0.3500,2.6570e+28,3.5650e+28,1.3420e+28,1.9640e+28,2.7598e+32,1.3357e+32,153
47,4,0.3500,0.5500,1.3140e+28,6.2680e+28,9.3400e+27,4.6260e+28,8.3362e+31,5.5356e+31,153
47,5,0.5500,1.0100,5.8400e+27,1.3930e+29,4.6500e+27,1.2818e+29,2.0651e+31,1.8668e+31,153
48,0,0.0000,0.0500,7.0000e+27,2.9000e+26,3.8800e+27,4.0000e+25,6.1204e+32,3.9833e+32,153
48,1,0.0500,0.1000,6.4500e+27,9.0000e+26,3.4200e+27,5.7000e+26,2.2422e+32,1.2599e+32,153
48,2,0.1000,0.2000,2.3460e+28,1.0370e+28,1.1300e+28,4.9800e+27,4.3970e+32,2.1166e+32,153
48,3,0.2000,0.3500,2.6760e+28,3.6000e+28,1.3920e+28,1.9110e+28,2.7486e+32,1.3355e+32,153
48,4,0.3500,0.5500,1.3410e+28,5.5450e+28,8.8100e+27,4.4650e+28,8.2739e+31,5.3419e+31,153
48,5,0.5500,1.0100,5.7000e+27,1.3211e+29,4.7500e+27,1.1922e+29,2.0500e+31,1.8538e+31,153
49,0,0.0000,0.0500,7.2000e+27,3.4000e+26,4.0500e+27,8.0000e+25,6.0525e+32,4.0131e+32,154
49,1,0.0500,0.1000,6.0900e+27,8.5000e+26,3.9600e+27,5.5000e+26,2.2236e+32,1.2998e+32,154
49,2,0.1000,0.2000,2.4470e+28,1.0860e+28,1.1050e+28,4.8900e+27,4.5668e+32,2.1361e+32,154
49,3,0.2000,0.3500,2.6460e+28,3.5720e+28,1.3510e+28,2.0060e+28,2.7535e+32,1.3105e+32,154
49,4,0.3500,0.5500,1.3680e+28,5.6480e+28,7.8800e+27,4.2990e+28,8.2626e+31,5.3121e+31,154
49,5,0.5500,1.0100,5.4800e+27,1.3511e+29,4.6600e+27,1.2597e+29,2.0528e+31,1.8672e+31,154
50,0,0.0000,0.0500,6.1100e+27,2.4000e+26,4.1600e+27,3.0000e+25,5.6261e+32,4.0432e+32,155
50,1,0.0500,0.1000,7.0100e+27,9.1000e+26,3.8300e+27,4.5000e+26,2.7090e+32,1.3084e+32,155
50,2,0.1000,0.2000,2.4700e+28,1.1430e+28,1.2230e+28,5.3100e+27,4.5899e+32,2.1959e+32,155
50,3,0.2000,0.3500,2.6150e+28,3.3630e+28,1.2460e+28,1.8880e+28,2.7573e+32,1.2716e+32,155
50,4,0.3500,0.5500,1.2850e+28,5.7380e+28,8.7100e+27,4.3440e+28,8.2547e+31,5.3315e+31,155
50,5,0.5500,1.0100,5.4800e+27,1.3343e+29,4.5300e+27,1.1983e+29,2.0607e+31,1.8787e+31,155
51,0,0.0000,0.0500,6.2900e+27,2.6000e+26,4.0500e+27,3.0000e+25,5.3335e+32,4.0470e+32,155
51,1,0.0500,0.1000,7.8000e+27,1.1900e+27,4.0800e+27,3.4000e+26,3.0069e+32,1.3089e+32,155
51,2,0.1000,0.2000,2.3910e+28,1.0630e+28,1.1690e+28,4.5300e+27,4.4896e+32,2.1960e+32,155
51,3,0.2000,0.3500,2.7290e+28,3.5260e+28,1.2610e+28,1.7560e+28,2.8380e+32,1.2704e+32,155
51,4,0.3500,0.5500,1.3440e+28,5.4600e+28,8.7400e+27,4.0360e+28,8.1863e+31,5.3097e+31,155
51,5,0.5500,1.0100,6.0400e+27,1.3211e+29,4.6900e+27,1.2075e+29,2.0582e+31,1.8831e+31,155
52,0,0.0000,0.0500,5.5200e+27,1.6000e+26,3.5500e+27,4.0000e+25,5.2031e+32,4.1027e+32,157
52,1,0.0500,0.1000,8.4700e+27,1.2000e+27,4.0200e+27,4.6000e+26,3.2509e+32,1.3455e+32,157
52,2,0.1000,0.2000,2.4140e+28,1.0290e+28,1.1240e+28,4.2900e+27,4.5092e+32,2.2511e+32,157
52,3,0.2000,0.3500,2.7920e+28,3.7190e+28,1.1760e+28,1.7160e+28,2.8947e+32,1.2378e+32,157
52,4,0.3500,0.5500,1.3250e+28,5.6430e+28,8.7100e+27,4.0800e+28,8.2258e+31,5.3633e+31,157
52,5,0.5500,1.0100,5.6400e+27,1.2899e+29,5.2100e+27,1.2128e+29,2.0806e+31,1.9121e+31,157
53,0,0.0000,0.0500,5.3400e+27,1.4000e+26,3.5800e+27,3.0000e+25,5.0142e+32,4.1060e+32,157
53,1,0.0500,0.1000,8.5300e+27,1.5700e+27,3.9800e+27,4.6000e+26,3.4454e+32,1.3993e+32,157
53,2,0.1000,0.2000,2.3830e+28,1.0830e+28,1.2030e+28,4.2000e+27,4.5030e+32,2.2497e+32,157
53,3,0.2000,0.3500,2.7670e+28,3.5150e+28,1.0730e+28,1.5880e+28,2.8444e+32,1.1816e+32,157
53,4,0.3500,0.5500,1.3540e+28,5.5620e+28,8.5500e+27,3.8290e+28,8.4663e+31,5.3572e+31,157
53,5,0.5500,1.0100,5.4900e+27,1.2785e+29,5.0600e+27,1.1978e+29,2.1336e+31,1.9249e+31,157
54,0,0.0000,0.0500,5.2000e+27,1.6000e+26,3.2700e+27,6.0000e+25,4.8122e+32,4.1357e+32,158
54,1,0.0500,0.1000,9.1000e+27,1.5700e+27,4.0100e+27,3.4000e+26,3.7060e+32,1.4086e+32,158
54,2,0.1000,0.2000,2.3950e+28,1.0570e+28,1.2180e+28,4.5700e+27,4.5256e+32,2.3276e+32,158
54,3,0.2000,0.3500,2.6110e+28,3.4990e+28,1.1710e+28,1.5480e+28,2.8056e+32,1.1225e+32,158
54,4,0.3500,0.5500,1.3560e+28,5.5050e+28,8.3500e+27,3.7360e+28,8.7488e+31,5.3816e+31,158
54,5,0.5500,1.0100,6.0000e+27,1.3312e+29,4.9500e+27,1.2479e+29,2.2712e+31,1.9483e+31,158
55,0,0.0000,0.0500,4.5600e+27,1.4000e+26,3.5400e+27,2.0000e+25,4.6834e+32,4.1392e+32,158
55,1,0.0500,0.1000,9.4200e+27,1.9200e+27,3.6600e+27,3.2000e+26,3.7359e+32,1.4420e+32,158
55,2,0.1000,0.2000,2.3850e+28,1.1050e+28,1.2420e+28,4.7400e+27,4.6229e+32,2.3781e+32,158
55,3,0.2000,0.3500,2.5670e+28,3.3540e+28,1.0090e+28,1.3890e+28,2.7897e+32,1.0544e+32,158
55,4,0.3500,0.5500,1.3940e+28,5.4500e+28,7.4500e+27,3.6550e+28,8.6494e+31,5.2415e+31,158
55,5,0.5500,1.0100,5.7900e+27,1.2921e+29,4.8100e+27,1.2195e+29,2.3257e+31,1.9036e+31,158
56,0,0.0000,0.0500,4.5600e+27,2.4000e+26,3.2200e+27,4.0000e+25,4.5711e+32,4.1951e+32,160
56,1,0.0500,0.1000,9.4700e+27,2.1400e+27,4.0200e+27,3.1000e+26,3.8819e+32,1.4997e+32,160
56,2,0.1000,0.2000,2.4860e+28,1.1990e+28,1.2620e+28,4.8000e+27,4.7486e+32,2.3757e+32,160
56,3,0.2000,0.3500,2.5860e+28,3.3000e+28,1.0400e+28,1.4440e+28,2.8129e+32,1.0599e+32,160
56,4,0.3500,0.5500,1.3520e+28,5.3640e+28,8.2100e+27,3.7850e+28,8.6858e+31,5.2880e+31,160
56,5,0.5500,1.0100,5.9400e+27,1.2711e+29,4.8700e+27,1.1083e+29,2.3661e+31,1.9219e+31,160
57,0,0.0000,0.0500,5.2000e+27,9.0000e+25,3.0800e+27,4.0000e+25,4.5278e+32,4.2471e+32,160
57,1,0.0500,0.1000,9.7900e+27,2.6100e+27,4.4800e+27,3.9000e+26,3.9294e+32,1.4918e+32,160
57,2,0.1000,0.2000,2.3920e+28,1.1780e+28,1.1540e+28,4.7000e+27,4.6095e+32,2.3350e+32,160
57,3,0.2000,0.3500,2.6780e+28,3.3950e+28,1.0420e+28,1.4140e+28,2.9302e+32,1.0720e+32,160
57,4,0.3500,0.5500,1.3380e+28,4.9350e+28,8.3100e+27,3.5640e+28,8.5309e+31,5.1558e+31,160
57,5,0.5500,1.0100,5.6300e+27,1.2787e+29,4.9300e+27,1.1511e+29,2.4317e+31,1.9344e+31,160
58,0,0.0000,0.0500,4.2000e+27,1.1000e+26,3.1300e+27,3.0000e+25,4.4058e+32,4.3446e+32,162
58,1,0.0500,0.1000,1.0100e+28,2.8800e+27,4.1500e+27,3.2000e+26,4.1607e+32,1.5194e+32,162
58,2,0.1000,0.2000,2.4700e+28,1.1210e+28,1.1760e+28,4.0600e+27,4.6581e+32,2.3137e+32,162
58,3,0.2000,0.3500,2.6220e+28,3.4050e+28,1.0330e+28,1.5210e+28,2.9519e+32,1.1152e+32,162
58,4,0.3500,0.5500,1.2620e+28,4.9070e+28,7.7700e+27,3.4250e+28,8.4981e+31,4.9123e+31,162
58,5,0.5500,1.0100,5.7000e+27,1.2915e+29,4.7800e+27,1.1826e+29,2.5080e+31,1.9730e+31,162
59,0,0.0000,0.0500,4.5300e+27,1.5000e+26,3.0400e+27,4.0000e+25,4.3624e+32,4.3485e+32,162
59,1,0.0500,0.1000,1.1410e+28,3.1900e+27,4.1700e+27,2.5000e+26,4.2079e+32,1.6019e+32,162
59,2,0.1000,0.2000,2.4170e+28,1.2210e+28,1.1800e+28,3.9900e+27,4.6489e+32,2.2300e+32,162
59,3,0.2000,0.3500,2.8570e+28,3.4870e+28,1.0460e+28,1.4720e+28,2.9369e+32,1.1320e+32,162
59,4,0.3500,0.5500,1.3130e+28,4.8720e+28,7.3700e+27,3.1350e+28,8.4116e+31,4.7266e+31,162
59,5,0.5500,1.0100,6.3600e+27,1.2904e+29,4.9700e+27,1.1674e+29,2.5151e+31,1.9916e+31,162
60,0,0.0000,0.0500,4.3800e+27,1.1000e+26,3.2800e+27,2.0000e+25,4.2857e+32,4.3792e+32,163
60,1,0.0500,0.1000,1.1150e+28,3.8500e+27,5.2900e+27,4.0000e+26,4.3410e+32,1.7725e+32,163
60,2,0.1000,0.2000,2.3670e+28,1.2150e+28,1.0900e+28,3.7700e+27,4.5735e+32,2.0990e+32,163
60,3,0.2000,0.3500,2.7800e+28,3.4770e+28,1.0460e+28,1.4170e+28,3.0334e+32,1.1204e+32,163
60,4,0.3500,0.5500,1.2780e+28,4.8790e+28,7.6900e+27,3.0940e+28,8.4368e+31,4.7557e+31,163
60,5,0.5500,1.0100,6.2400e+27,1.2819e+29,4.8200e+27,1.1477e+29,2.5475e+31,2.0139e+31,163
61,0,0.0000,0.0500,4.2400e+27,1.4000e+26,2.7200e+27,5.0000e+25,4.1918e+32,4.4100e+32,164
61,1,0.0500,0.1000,1.1000e+28,4.2600e+27,5.1600e+27,3.4000e+26,4.4112e+32,1.9095e+32,164
61,2,0.1000,0.2000,2.3880e+28,1.2540e+28,1.0500e+28,3.9000e+27,4.6579e+32,2.0494e+32,164
61,3,0.2000,0.3500,2.7900e+28,3.5330e+28,1.0850e+28,1.3190e+28,3.0335e+32,1.0909e+32,164
61,4,0.3500,0.5500,1.2830e+28,4.7310e+28,6.7700e+27,3.1530e+28,8.5035e+31,4.5338e+31,164
61,5,0.5500,1.0100,6.6000e+27,1.2901e+29,4.7000e+27,1.1507e+29,2.6493e+31,2.0044e+31,164
62,0,0.0000,0.0500,4.3000e+27,1.8000e+26,2.6900e+27,1.0000e+25,4.1335e+32,4.4408e+32,165
62,1,0.0500,0.1000,1.1330e+28,3.9600e+27,5.4800e+27,3.4000e+26,4.2913e+32,1.9217e+32,165
62,2,0.1000,0.2000,2.4960e+28,1.2770e+28,1.0450e+28,3.3900e+27,4.8665e+32,2.0637e+32,165
62,3,0.2000,0.3500,2.7440e+28,3.5220e+28,1.0880e+28,1.4680e+28,3.0442e+32,1.1163e+32,165
62,4,0.3500,0.5500,1.3160e+28,4.8780e+28,7.0700e+27,2.8590e+28,8.8300e+31,4.3311e+31,165
62,5,0.5500,1.0100,6.3400e+27,1.3583e+29,4.7800e+27,1.0946e+29,2.7244e+31,2.0383e+31,165
63,0,0.0000,0.0500,3.6800e+27,6.0000e+25,3.0000e+27,0.0000e+00,3.9097e+32,4.5630e+32,166
63,1,0.0500,0.1000,1.1230e+28,4.5400e+27,5.0500e+27,1.9000e+26,4.5684e+32,1.8431e+32,166
63,2,0.1000,0.2000,2.4090e+28,1.2500e+28,1.1060e+28,3.5000e+27,4.7900e+32,2.0742e+32,166
63,3,0.2000,0.3500,2.8280e+28,3.5140e+28,1.0340e+28,1.2920e+28,3.1326e+32,1.1230e+32,166
63,4,0.3500,0.5500,1.3130e+28,4.6680e+28,6.3400e+27,2.9050e+28,8.8798e+31,4.3661e+31,166
63,5,0.5500,1.0100,6.4400e+27,1.3767e+29,4.9200e+27,1.1081e+29,2.7717e+31,2.0470e+31,166
64,0,0.0000,0.0500,4.1800e+27,8.0000e+25,2.4600e+27,2.0000e+25,4.3192e+32,4.3539e+32,167
64,1,0.0500,0.1000,1.1910e+28,4.3300e+27,5.2100e+27,3.2000e+26,4.6623e+32,1.9251e+32,167
64,2,0.1000,0.2000,2.4390e+28,1.3310e+28,9.6800e+27,2.8500e+27,4.8094e+32,2.0179e+32,167
64,3,0.2000,0.3500,2.9290e+28,3.5840e+28,1.0070e+28,1.2890e+28,3.1335e+32,1.1402e+32,167
64,4,0.3500,0.5500,1.3090e+28,4.7240e+28,6.5500e+27,2.9750e+28,8.8446e+31,4.3579e+31,167
64,5,0.5500,1.0100,6.8000e+27,1.2722e+29,4.8100e+27,1.0706e+29,2.7704e+31,2.0467e+31,167
65,0,0.0000,0.0500,3.9600e+27,6.0000e+25,2.3500e+27,3.0000e+25,7.5467e+32,2.6851e+32,168
65,1,0.0500,0.1000,1.1980e+28,4.5700e+27,4.9400e+27,2.8000e+26,4.5629e+32,1.9912e+32,168
65,2,0.1000,0.2000,2.4500e+28,1.4560e+28,1.0070e+28,2.9500e+27,4.9156e+32,2.0138e+32,168
65,3,0.2000,0.3500,2.7760e+28,3.4420e+28,1.0510e+28,1.2650e+28,3.0988e+32,1.1652e+32,168
65,4,0.3500,0.5500,1.3290e+28,4.6350e+28,6.3300e+27,2.8120e+28,8.9288e+31,4.4498e+31,168
65,5,0.5500,1.0100,5.7800e+27,1.1955e+29,5.3200e+27,1.1606e+29,2.6665e+31,2.1941e+31,168
66,0,0.0000,0.0500,4.2200e+27,7.0000e+25,2.6300e+27,3.0000e+25,7.5166e+32,2.7600e+32,169
66,1,0.0500,0.1000,1.1960e+28,5.1000e+27,4.9500e+27,2.3000e+26,4.5829e+32,1.9434e+32,169
66,2,0.1000,0.2000,2.6610e+28,1.4480e+28,1.0390e+28,2.7900e+27,5.0350e+32,2.0287e+32,169
66,3,0.2000,0.3500,2.8590e+28,3.5300e+28,1.0990e+28,1.3410e+28,3.0869e+32,1.1662e+32,169
66,4,0.3500,0.5500,1.3970e+28,4.6180e+28,6.6000e+27,2.9340e+28,8.9400e+31,4.4937e+31,169
66,5,0.5500,1.0100,6.9500e+27,1.1994e+29,5.4000e+27,1.1777e+29,2.7792e+31,2.2242e+31,169
67,0,0.0000,0.0500,4.0700e+27,8.0000e+25,2.7000e+27,2.0000e+25,7.4328e+32,2.8849e+32,170
67,1,0.0500,0.1000,1.3370e+28,5.5300e+27,4.5300e+27,2.3000e+26,4.7562e+32,1.8895e+32,170
67,2,0.1000,0.2000,2.5630e+28,1.5440e+28,1.0000e+28,2.6100e+27,5.0525e+32,2.0352e+32,170
67,3,0.2000,0.3500,2.8550e+28,3.5010e+28,1.0150e+28,1.1860e+28,3.0507e+32,1.1453e+32,170
67,4,0.3500,0.5500,1.3420e+28,4.5090e+28,6.8700e+27,2.9570e+28,9.2968e+31,4.4586e+31,170
67,5,0.5500,1.0100,6.9400e+27,1.1459e+29,5.2000e+27,1.1563e+29,2.7871e+31,2.2250e+31,170
68,0,0.0000,0.0500,4.6400e+27,6.0000e+25,2.9800e+27,1.0000e+25,7.5360e+32,2.9594e+32,172
68,1,0.0500,0.1000,1.1950e+28,5.6600e+27,4.5600e+27,2.7000e+26,4.5279e+32,1.9630e+32,172
68,2,0.1000,0.2000,2.6710e+28,1.5050e+28,9.8800e+27,2.7300e+27,5.2371e+32,1.9701e+32,172
68,3,0.2000,0.3500,2.8300e+28,3.3460e+28,1.0060e+28,1.2320e+28,3.1084e+32,1.1627e+32,172
68,4,0.3500,0.5500,1.4970e+28,4.8960e+28,7.0900e+27,2.8460e+28,1.0336e+32,4.4779e+31,172
68,5,0.5500,1.0100,6.7400e+27,1.1642e+29,5.1200e+27,1.1871e+29,2.8722e+31,2.2314e+31,172
69,0,0.0000,0.0500,4.7200e+27,1.0000e+26,2.7200e+27,0.0000e+00,7.5517e+32,3.0145e+32,172
69,1,0.0500,0.1000,1.0010e+28,4.0900e+27,4.8700e+27,1.4000e+26,3.8444e+32,1.9087e+32,172
69,2,0.1000,0.2000,2.8040e+28,1.8280e+28,9.6800e+27,2.7400e+27,5.8159e+32,2.0056e+32,172
69,3,0.2000,0.3500,2.7890e+28,3.3150e+28,1.0290e+28,1.2350e+28,3.1496e+32,1.1285e+32,172
69,4,0.3500,0.5500,1.5710e+28,4.8000e+28,6.3700e+27,2.6480e+28,1.0560e+32,4.4833e+31,172
69,5,0.5500,1.0100,6.7700e+27,1.0944e+29,5.7200e+27,1.1531e+29,2.8931e+31,2.2435e+31,172
70,0,0.0000,0.0500,4.8300e+27,4.0000e+25,2.8300e+27,1.0000e+25,7.5319e+32,3.1036e+32,173
70,1,0.0500,0.1000,9.4000e+27,3.6500e+27,4.2600e+27,1.8000e+26,3.6203e+32,1.8486e+32,173
70,2,0.1000,0.2000,3.0350e+28,2.0910e+28,8.9400e+27,2.5600e+27,6.1632e+32,2.0183e+32,173
70,3,0.2000,0.3500,2.6890e+28,2.9910e+28,1.0110e+28,1.2290e+28,3.0503e+32,1.1324e+32,173
70,4,0.3500,0.5500,1.6040e+28,4.8700e+28,6.2600e+27,2.8500e+28,1.1518e+32,4.5630e+31,173
70,5,0.5500,1.0100,7.1700e+27,1.1766e+29,5.8100e+27,1.1479e+29,2.9138e+31,2.2456e+31,173
71,0,0.0000,0.0500,5.3400e+27,9.0000e+25,2.8200e+27,0.0000e+00,7.4409e+32,3.1938e+32,174
71,1,0.0500,0.1000,8.9500e+27,3.4600e+27,4.3700e+27,1.4000e+26,3.5676e+32,1.8015e+32,174
71,2,0.1000,0.2000,3.1730e+28,2.1420e+28,9.5500e+27,2.4500e+27,6.3983e+32,2.0539e+32,174
71,3,0.2000,0.3500,2.5930e+28,3.1840e+28,9.0200e+27,1.0130e+28,3.0033e+32,1.0984e+32,174
71,4,0.3500,0.5500,1.5850e+28,5.1690e+28,6.6900e+27,2.8160e+28,1.2032e+32,4.6806e+31,174
71,5,0.5500,1.0100,6.0900e+27,1.1438e+29,5.6500e+27,1.0861e+29,2.9426e+31,2.2288e+31,174
72,0,0.0000,0.0500,5.9000e+27,7.0000e+25,2.9900e+27,4.0000e+25,7.5425e+32,3.3712e+32,176
72,1,0.0500,0.1000,8.7200e+27,3.2100e+27,4.1900e+27,1.8000e+26,3.4263e+32,1.7388e+32,176
72,2,0.1000,0.2000,3.0310e+28,2.0580e+28,9.2000e+27,2.2800e+27,6.2391e+32,2.0180e+32,176
72,3,0.2000,0.3500,2.9440e+28,3.3820e+28,9.7700e+27,1.0370e+28,3.3522e+32,1.1206e+32,176
72,4,0.3500,0.5500,1.7630e+28,5.1360e+28,6.5300e+27,2.8050e+28,1.2621e+32,4.7268e+31,176
72,5,0.5500,1.0100,7.4900e+27,1.1576e+29,5.3700e+27,1.0891e+29,3.0857e+31,2.2171e+31,176
73,0,0.0000,0.0500,6.2900e+27,1.2000e+26,3.5900e+27,4.0000e+25,7.6023e+32,3.5853e+32,177
73,1,0.0500,0.1000,8.2100e+27,2.8100e+27,3.5700e+27,1.0000e+26,3.2203e+32,1.5546e+32,177
73,2,0.1000,0.2000,2.8000e+28,2.1170e+28,1.0020e+28,2.2400e+27,6.0960e+32,2.0391e+32,177
73,3,0.2000,0.3500,3.1800e+28,3.4890e+28,9.7700e+27,1.0490e+28,3.7391e+32,1.1393e+32,177
73,4,0.3500,0.5500,1.7340e+28,5.1940e+28,7.1200e+27,2.7610e+28,1.2589e+32,4.6381e+31,177
73,5,0.5500,1.0100,7.3700e+27,1.1859e+29,5.0200e+27,1.0612e+29,3.1102e+31,2.1795e+31,177
74,0,0.0000,0.0500,6.4700e+27,8.0000e+25,3.5700e+27,3.0000e+25,7.6187e+32,3.8885e+32,177
74,1,0.0500,0.1000,8.2900e+27,2.9900e+27,3.3200e+27,1.4000e+26,3.1346e+32,1.2776e+32,177
74,2,0.1000,0.2000,2.7320e+28,2.1410e+28,9.0000e+27,2.0700e+27,5.9128e+32,2.0424e+32,177
74,3,0.2000,0.3500,3.2510e+28,3.9490e+28,9.6000e+27,9.9200e+27,3.9590e+32,1.1094e+32,177
74,4,0.3500,0.5500,1.7280e+28,5.1330e+28,6.5100e+27,2.7740e+28,1.2599e+32,4.6660e+31,177
74,5,0.5500,1.0100,6.8300e+27,1.1868e+29,5.2900e+27,1.0748e+29,3.1088e+31,2.2242e+31,177
75,0,0.0000,0.0500,6.9400e+27,7.0000e+25,3.6600e+27,0.0000e+00,7.6346e+32,4.0566e+32,179
75,1,0.0500,0.1000,7.9500e+27,2.7400e+27,3.2100e+27,1.5000e+26,2.9896e+32,1.2497e+32,179
75,2,0.1000,0.2000,2.7310e+28,2.1660e+28,9.0300e+27,2.0100e+27,6.0248e+32,1.9978e+32,179
75,3,0.2000,0.3500,3.5250e+28,3.9610e+28,9.9000e+27,9.0300e+27,4.1296e+32,1.1072e+32,179
75,4,0.3500,0.5500,1.7660e+28,5.1860e+28,6.8800e+27,2.5340e+28,1.3235e+32,4.7463e+31,179
75,5,0.5500,1.0100,7.2400e+27,1.1320e+29,5.7600e+27,1.0672e+29,3.1498e+31,2.2811e+31,179
76,0,0.0000,0.0500,7.4200e+27,1.4000e+26,3.8600e+27,0.0000e+00,7.4184e+32,4.2297e+32,181
76,1,0.0500,0.1000,6.9000e+27,2.4100e+27,3.4000e+27,1.8000e+26,3.0368e+32,1.2418e+32,181
76,2,0.1000,0.2000,2.7800e+28,2.3430e+28,9.5000e+27,1.8700e+27,6.2243e+32,1.9581e+32,181
76,3,0.2000,0.3500,3.5890e+28,4.1870e+28,8.9400e+27,8.5700e+27,4.3085e+32,1.0809e+32,181
76,4,0.3500,0.5500,1.7170e+28,5.2850e+28,6.5000e+27,2.6710e+28,1.3262e+32,4.7580e+31,181
76,5,0.5500,1.0100,7.1600e+27,1.2134e+29,5.1900e+27,1.0796e+29,3.1917e+31,2.3520e+31,181
77,0,0.0000,0.0500,6.4700e+27,1.3000e+26,3.5800e+27,1.0000e+25,6.6647e+32,4.2316e+32,181
77,1,0.0500,0.1000,7.9700e+27,2.3600e+27,3.1000e+27,1.1000e+26,3.6027e+32,1.2868e+32,181
77,2,0.1000,0.2000,2.8790e+28,2.3190e+28,9.1700e+27,2.2200e+27,6.3352e+32,1.9729e+32,181
77,3,0.2000,0.3500,3.5490e+28,4.3650e+28,8.8300e+27,8.3900e+27,4.3594e+32,1.0298e+32,181
77,4,0.3500,0.5500,1.7810e+28,5.3830e+28,6.5600e+27,2.5300e+28,1.3145e+32,4.6869e+31,181
77,5,0.5500,1.0100,6.8900e+27,1.1837e+29,5.5500e+27,1.0864e+29,3.1964e+31,2.4113e+31,181
78,0,0.0000,0.0500,5.5400e+27,6.0000e+25,3.3300e+27,0.0000e+00,6.0417e+32,4.2805e+32,183
78,1,0.0500,0.1000,9.1300e+27,2.6100e+27,3.3300e+27,7.0000e+25,4.3529e+32,1.3544e+32,183
78,2,0.1000,0.2000,2.8040e+28,2.3310e+28,8.6400e+27,1.6200e+27,6.2681e+32,2.0369e+32,183
78,3,0.2000,0.3500,3.6130e+28,4.2680e+28,7.8000e+27,7.5700e+27,4.4325e+32,9.4220e+31,183
78,4,0.3500,0.5500,1.8270e+28,5.5420e+28,5.9000e+27,2.4140e+28,1.3772e+32,4.7699e+31,183
78,5,0.5500,1.0100,7.5500e+27,1.1866e+29,5.7300e+27,1.0442e+29,3.3575e+31,2.4824e+31,183
79,0,0.0000,0.0500,4.7400e+27,6.0000e+25,2.7600e+27,1.0000e+25,5.5381e+32,4.2823e+32,183
79,1,0.0500,0.1000,1.0180e+28,2.6300e+27,3.3300e+27,9.0000e+25,4.6757e+32,1.4092e+32,183
79,2,0.1000,0.2000,2.8410e+28,2.3450e+28,9.4600e+27,2.1000e+27,6.4288e+32,2.0900e+32,183
79,3,0.2000,0.3500,3.6190e+28,4.2200e+28,7.7600e+27,7.7100e+27,4.3594e+32,8.4628e+31,183
79,4,0.3500,0.5500,1.9170e+28,5.3370e+28,6.5200e+27,2.4950e+28,1.4027e+32,4.7077e+31,183
79,5,0.5500,1.0100,7.8500e+27,1.1673e+29,5.6200e+27,1.0288e+29,3.6321e+31,2.4673e+31,183
80,0,0.0000,0.0500,5.1100e+27,6.0000e+25,2.8800e+27,0.0000e+00,5.3278e+32,4.4087e+32,185
80,1,0.0500,0.1000,1.0730e+28,3.3000e+27,3.3100e+27,1.4000e+26,4.9500e+32,1.4354e+32,185
80,2,0.1000,0.2000,2.9360e+28,2.2910e+28,9.3000e+27,2.0900e+27,6.3573e+32,2.0275e+32,185
80,3,0.2000,0.3500,3.7060e+28,4.5820e+28,7.2500e+27,7.4400e+27,4.5645e+32,8.8231e+31,185
80,4,0.3500,0.5500,1.7860e+28,5.1830e+28,5.8400e+27,2.2020e+28,1.3860e+32,4.4806e+31,185
80,5,0.5500,1.0100,8.6700e+27,1.2148e+29,5.4500e+27,9.9660e+28,3.8754e+31,2.5340e+31,185
81,0,0.0000,0.0500,4.6700e+27,7.0000e+25,2.6600e+27,0.0000e+00,5.1642e+32,4.4690e+32,187
81,1,0.0500,0.1000,1.2020e+28,4.5200e+27,3.7800e+27,1.9000e+26,5.2373e+32,1.6279e+32,187
81,2,0.1000,0.2000,2.9280e+28,2.2250e+28,8.1300e+27,1.9400e+27,6.3083e+32,1.8774e+32,187
81,3,0.2000,0.3500,3.8550e+28,4.6340e+28,7.8900e+27,8.3000e+27,4.6772e+32,8.9807e+31,187
81,4,0.3500,0.5500,1.8980e+28,5.1590e+28,5.3900e+27,2.2020e+28,1.3862e+32,4.3397e+31,187
81,5,0.5500,1.0100,8.9200e+27,1.2419e+29,5.6400e+27,9.8350e+28,4.0084e+31,2.5821e+31,187
82,0,0.0000,0.0500,4.9400e+27,1.0000e+26,2.7000e+27,2.0000e+25,4.9404e+32,4.5113e+32,188
82,1,0.0500,0.1000,1.1510e+28,5.7600e+27,4.0000e+27,1.2000e+26,5.1689e+32,1.7441e+32,188
82,2,0.1000,0.2000,2.9640e+28,2.3330e+28,8.3200e+27,2.2000e+27,6.5509e+32,1.8113e+32,188
82,3,0.2000,0.3500,3.7640e+28,4.7810e+28,7.3300e+27,7.9800e+27,4.7342e+32,8.8964e+31,188
82,4,0.3500,0.5500,1.9280e+28,5.1050e+28,5.3700e+27,2.0670e+28,1.4333e+32,4.0884e+31,188
82,5,0.5500,1.0100,9.6400e+27,1.2660e+29,5.5200e+27,9.7550e+28,4.2217e+31,2.5907e+31,188
83,0,0.0000,0.0500,3.7300e+27,7.0000e+25,2.3100e+27,0.0000e+00,5.1404e+32,4.2531e+32,188
83,1,0.0500,0.1000,1.2510e+28,7.2000e+27,4.2600e+27,1.1000e+26,5.4642e+32,1.7224e+32,188
83,2,0.1000,0.2000,2.9680e+28,2.3020e+28,7.2400e+27,1.5000e+27,6.4835e+32,1.7691e+32,188
83,3,0.2000,0.3500,3.9260e+28,5.0460e+28,7.7400e+27,6.7000e+27,4.8026e+32,9.0303e+31,188
83,4,0.3500,0.5500,1.9910e+28,5.3800e+28,5.1000e+27,1.8780e+28,1.4453e+32,4.0688e+31,188
83,5,0.5500,1.0100,8.5700e+27,1.2147e+29,5.7400e+27,9.4130e+28,4.2453e+31,2.6164e+31,188
84,0,0.0000,0.0500,4.1600e+27,2.0000e+25,2.4200e+27,1.0000e+25,7.8247e+32,2.8233e+32,191
84,1,0.0500,0.1000,1.2300e+28,8.5100e+27,3.3700e+27,1.3000e+26,5.3754e+32,1.7905e+32,191
84,2,0.1000,0.2000,3.0840e+28,2.4640e+28,8.4500e+27,1.3600e+27,6.7655e+32,1.7675e+32,191
84,3,0.2000,0.3500,4.0460e+28,5.0760e+28,7.7700e+27,7.2900e+27,4.7917e+32,9.3724e+31,191
84,4,0.3500,0.5500,1.9570e+28,5.2340e+28,5.2600e+27,2.0420e+28,1.4782e+32,4.2221e+31,191
84,5,0.5500,1.0100,9.2100e+27,1.0995e+29,6.1000e+27,1.0873e+29,4.2364e+31,2.8444e+31,191
85,0,0.0000,0.0500,4.5300e+27,3.0000e+25,2.7500e+27,0.0000e+00,7.6373e+32,2.9555e+32,191
85,1,0.0500,0.1000,1.2330e+28,8.9900e+27,3.9900e+27,1.5000e+26,5.4849e+32,1.7285e+32,191
85,2,0.1000,0.2000,3.1780e+28,2.5300e+28,8.0600e+27,1.3100e+27,6.7971e+32,1.7258e+32,191
85,3,0.2000,0.3500,3.8610e+28,4.8930e+28,7.0700e+27,7.2000e+27,4.6791e+32,9.1905e+31,191
85,4,0.3500,0.5500,2.1060e+28,5.6240e+28,5.5900e+27,1.9750e+28,1.5973e+32,4.1872e+31,191
85,5,0.5500,1.0100,9.1500e+27,1.1203e+29,5.9000e+27,1.0486e+29,4.3492e+31,2.8363e+31,191
86,0,0.0000,0.0500,4.7000e+27,1.0000e+25,2.4800e+27,1.0000e+25,7.7415e+32,3.0717e+32,193
86,1,0.0500,0.1000,1.0460e+28,7.0200e+27,3.7000e+27,9.0000e+25,4.5230e+32,1.7090e+32,193
86,2,0.1000,0.2000,3.2810e+28,2.8070e+28,7.1200e+27,1.1400e+27,7.5919e+32,1.7224e+32,193
86,3,0.2000,0.3500,3.7890e+28,4.8820e+28,7.2400e+27,7.1000e+27,4.7896e+32,9.0808e+31,193
86,4,0.3500,0.5500,2.2410e+28,5.7000e+28,5.9500e+27,1.9450e+28,1.7782e+32,4.2612e+31,193
86,5,0.5500,1.0100,9.0500e+27,1.0635e+29,6.2500e+27,1.0215e+29,4.4866e+31,2.8537e+31,193
87,0,0.0000,0.0500,5.0200e+27,5.0000e+25,2.4900e+27,0.0000e+00,7.6309e+32,3.1990e+32,195
87,1,0.0500,0.1000,9.9400e+27,5.4900e+27,3.2000e+27,8.0000e+25,4.2594e+32,1.6369e+32,195
87,2,0.1000,0.2000,3.6820e+28,3.0580e+28,7.2500e+27,1.3200e+27,8.1786e+32,1.7559e+32,195
87,3,0.2000,0.3500,3.6040e+28,4.7670e+28,7.1200e+27,6.6300e+27,4.5850e+32,8.9364e+31,195
87,4,0.3500,0.5500,2.5720e+28,6.3100e+28,5.2300e+27,2.1490e+28,2.0047e+32,4.4333e+31,195
87,5,0.5500,1.0100,8.7800e+27,1.1057e+29,5.9800e+27,1.0298e+29,4.5174e+31,2.8631e+31,195
88,0,0.0000,0.0500,5.6700e+27,1.0000e+25,2.7200e+27,1.0000e+25,7.6449e+32,3.3978e+32,196
88,1,0.0500,0.1000,9.5100e+27,4.7700e+27,3.0800e+27,1.0000e+26,3.9772e+32,1.5151e+32,196
88,2,0.1000,0.2000,3.4540e+28,2.8460e+28,7.0900e+27,1.1000e+27,7.8424e+32,1.7223e+32,196
88,3,0.2000,0.3500,3.9540e+28,5.3220e+28,7.1100e+27,6.2000e+27,5.1537e+32,9.0279e+31,196
88,4,0.3500,0.5500,2.5820e+28,6.3430e+28,5.7900e+27,2.2230e+28,2.1189e+32,4.4801e+31,196
88,5,0.5500,1.0100,9.1500e+27,1.1064e+29,6.2300e+27,9.7070e+28,4.7104e+31,2.7991e+31,196
89,0,0.0000,0.0500,5.9700e+27,1.0000e+25,2.6800e+27,0.0000e+00,7.7085e+32,3.7198e+32,197
89,1,0.0500,0.1000,8.2500e+27,4.4700e+27,2.5800e+27,1.0000e+26,3.7474e+32,1.2336e+32,197
89,2,0.1000,0.2000,3.2410e+28,2.4690e+28,6.9600e+27,1.3800e+27,7.4450e+32,1.7404e+32,197
89,3,0.2000,0.3500,4.3640e+28,6.0960e+28,6.5400e+27,6.3300e+27,5.8016e+32,8.9639e+31,197
89,4,0.3500,0.5500,2.5920e+28,6.0700e+28,6.0900e+27,2.0640e+28,2.1255e+32,4.4783e+31,197
89,5,0.5500,1.0100,9.8200e+27,1.1432e+29,6.2200e+27,9.7310e+28,4.7328e+31,2.8088e+31,197
90,0,0.0000,0.0500,5.9100e+27,3.0000e+25,3.0400e+27,0.0000e+00,7.5245e+32,3.9489e+32,198
90,1,0.0500,0.1000,8.4000e+27,3.8100e+27,2.6100e+27,8.0000e+25,3.5767e+32,1.1305e+32,198
90,2,0.1000,0.2000,3.0600e+28,2.5340e+28,6.8900e+27,1.2200e+27,7.4634e+32,1.6722e+32,198
90,3,0.2000,0.3500,4.5980e+28,6.4920e+28,6.4900e+27,5.6500e+27,6.1293e+32,8.7671e+31,198
90,4,0.3500,0.5500,2.7440e+28,6.7300e+28,6.0800e+27,2.0470e+28,2.2230e+32,4.5436e+31,198
90,5,0.5500,1.0100,9.8200e+27,1.1468e+29,6.1200e+27,8.8220e+28,4.7495e+31,2.8647e+31,198
91,0,0.0000,0.0500,6.0600e+27,8.0000e+25,2.7800e+27,0.0000e+00,6.9635e+32,4.0596e+32,200
91,1,0.0500,0.1000,7.9800e+27,3.1200e+27,2.6200e+27,7.0000e+25,3.8470e+32,1.1621e+32,200
91,2,0.1000,0.2000,3.1650e+28,2.6200e+28,6.1800e+27,1.1800e+27,7.7480e+32,1.6569e+32,200
91,3,0.2000,0.3500,4.7740e+28,7.1050e+28,5.9300e+27,5.7900e+27,6.3561e+32,8.4034e+31,200
91,4,0.3500,0.5500,2.7130e+28,6.8680e+28,5.7600e+27,2.0370e+28,2.2244e+32,4.5035e+31,200
91,5,0.5500,1.0100,9.8000e+27,1.1263e+29,6.1100e+27,9.4460e+28,4.7887e+31,2.9478e+31,200
92,0,0.0000,0.0500,4.6700e+27,4.0000e+25,2.7500e+27,1.0000e+25,6.1547e+32,4.1007e+32,202
92,1,0.0500,0.1000,1.0000e+28,3.0300e+27,2.3300e+27,5.0000e+25,4.6972e+32,1.2282e+32,202
92,2,0.1000,0.2000,3.2630e+28,2.9080e+28,6.9000e+27,1.0300e+27,7.7134e+32,1.7217e+32,202
92,3,0.2000,0.3500,4.8900e+28,7.3000e+28,5.5900e+27,5.2900e+27,6.4133e+32,7.4947e+31,202
92,4,0.3500,0.5500,2.8720e+28,6.9460e+28,6.0200e+27,2.0300e+28,2.3427e+32,4.5828e+31,202
92,5,0.5500,1.0100,1.0520e+28,1.1811e+29,6.0700e+27,9.3620e+28,5.2032e+31,3.0280e+31,202
93,0,0.0000,0.0500,4.5300e+27,2.0000e+25,2.6400e+27,0.0000e+00,5.6845e+32,4.1641e+32,203
93,1,0.0500,0.1000,9.8000e+27,3.0400e+27,2.6400e+27,7.0000e+25,5.0112e+32,1.2662e+32,203
93,2,0.1000,0.2000,3.2850e+28,3.1340e+28,6.8100e+27,1.5300e+27,7.7861e+32,1.7148e+32,203
93,3,0.2000,0.3500,4.9180e+28,7.6400e+28,5.7900e+27,5.1300e+27,6.5228e+32,7.2087e+31,203
93,4,0.3500,0.5500,2.8200e+28,6.8110e+28,5.4400e+27,1.8080e+28,2.3414e+32,4.4386e+31,203
93,5,0.5500,1.0100,1.1690e+28,1.1871e+29,6.4000e+27,8.9740e+28,5.8071e+31,3.0585e+31,203
94,0,0.0000,0.0500,4.0800e+27,3.0000e+25,2.7200e+27,0.0000e+00,5.4479e+32,4.2214e+32,204
94,1,0.0500,0.1000,1.1570e+28,3.6000e+27,3.1000e+27,4.0000e+25,5.2869e+32,1.4044e+32,204
94,2,0.1000,0.2000,3.2750e+28,3.1750e+28,6.2200e+27,1.1600e+27,7.6277e+32,1.5760e+32,204
94,3,0.2000,0.3500,5.1820e+28,8.2310e+28,5.5600e+27,5.4000e+27,6.7178e+32,7.4097e+31,204
94,4,0.3500,0.5500,2.8500e+28,6.7400e+28,5.2200e+27,1.7790e+28,2.3113e+32,4.1651e+31,204
94,5,0.5500,1.0100,1.2360e+28,1.2047e+29,6.3900e+27,9.2050e+28,6.1483e+31,3.1135e+31,204
95,0,0.0000,0.0500,4.0500e+27,1.0000e+25,2.3600e+27,2.0000e+25,5.0914e+32,4.3098e+32,206
95,1,0.0500,0.1000,1.1290e+28,4.0100e+27,3.1700e+27,3.0000e+25,5.3233e+32,1.4625e+32,206
95,2,0.1000,0.2000,3.3100e+28,3.3020e+28,6.0100e+27,1.2100e+27,7.8616e+32,1.5339e+32,206
95,3,0.2000,0.3500,5.1750e+28,8.1920e+28,5.4600e+27,5.3000e+27,6.8707e+32,7.4738e+31,206
95,4,0.3500,0.5500,2.9030e+28,6.7590e+28,4.5700e+27,1.5760e+28,2.4207e+32,4.0045e+31,206
95,5,0.5500,1.0100,1.2290e+28,1.2577e+29,6.8300e+27,8.4630e+28,6.5076e+31,3.1347e+31,206
96,0,0.0000,0.0500,3.6100e+27,1.0000e+25,2.1000e+27,0.0000e+00,7.3880e+32,3.0071e+32,208
96,1,0.0500,0.1000,1.1570e+28,5.6800e+27,2.9500e+27,5.0000e+25,5.3540e+32,1.5238e+32,208
96,2,0.1000,0.2000,3.3310e+28,3.2620e+28,5.6700e+27,9.6000e+26,8.0493e+32,1.5010e+32,208
96,3,0.2000,0.3500,5.2200e+28,8.5590e+28,5.9100e+27,5.3200e+27,6.8780e+32,7.8331e+31,208
96,4,0.3500,0.5500,2.9350e+28,6.8970e+28,4.8600e+27,1.5660e+28,2.4507e+32,4.1562e+31,208
96,5,0.5500,1.0100,1.2700e+28,1.1792e+29,7.1900e+27,9.9950e+28,6.5106e+31,3.4193e+31,208
97,0,0.0000,0.0500,4.1200e+27,1.0000e+25,2.2700e+27,0.0000e+00,7.6071e+32,2.9596e+32,209
97,1,0.0500,0.1000,1.0910e+28,6.3100e+27,2.8700e+27,6.0000e+25,5.2274e+32,1.4682e+32,209
97,2,0.1000,0.2000,3.4310e+28,3.3520e+28,5.1000e+27,8.0000e+26,8.2582e+32,1.4663e+32,209
97,3,0.2000,0.3500,5.0600e+28,8.2080e+28,5.9200e+27,6.0200e+27,6.7321e+32,7.7541e+31,209
97,4,0.3500,0.5500,3.2740e+28,7.5450e+28,5.3100e+27,1.6510e+28,2.7083e+32,4.2019e+31,209
97,5,0.5500,1.0100,1.2160e+28,1.1937e+29,6.8200e+27,9.6040e+28,6.7851e+31,3.4548e+31,209
98,0,0.0000,0.0500,4.8100e+27,1.0000e+25,2.2000e+27,0.0000e+00,7.5876e+32,3.0540e+32,210
98,1,0.0500,0.1000,9.6800e+27,4.2500e+27,3.0400e+27,5.0000e+25,4.3802e+32,1.4238e+32,210
98,2,0.1000,0.2000,3.7270e+28,3.4900e+28,5.5500e+27,8.6000e+26,8.9781e+32,1.4698e+32,210
98,3,0.2000,0.3500,4.8800e+28,7.5190e+28,5.2100e+27,5.3800e+27,6.5755e+32,7.5870e+31,210
98,4,0.3500,0.5500,3.6070e+28,8.6900e+28,5.1900e+27,1.5440e+28,3.0985e+32,4.2926e+31,210
98,5,0.5500,1.0100,1.3070e+28,1.1897e+29,6.6700e+27,9.6100e+28,6.9432e+31,3.4518e+31,210
99,0,0.0000,0.0500,4.8700e+27,0.0000e+00,2.2200e+27,0.0000e+00,7.5386e+32,3.2414e+32,212
99,1,0.0500,0.1000,8.3200e+27,3.6700e+27,2.3800e+27,2.0000e+25,4.1578e+32,1.3143e+32,212
99,2,0.1000,0.2000,3.6500e+28,3.3310e+28,5.3000e+27,7.7000e+26,8.8821e+32,1.4650e+32,212
99,3,0.2000,0.3500,4.8660e+28,7.4230e+28,5.8000e+27,4.0700e+27,6.8683e+32,7.5818e+31,212
99,4,0.3500,0.5500,3.8360e+28,9.2460e+28,5.2000e+27,1.6020e+28,3.3929e+32,4.4638e+31,212
99,5,0.5500,1.0100,1.2960e+28,1.2136e+29,7.2900e+27,8.9110e+28,7.2277e+31,3.3857e+31,212
100,0,0.0000,0.0500,5.8100e+27,2.0000e+25,2.4900e+27,1.0000e+25,7.6378e+32,3.5370e+32,214
100,1,0.0500,0.1000,8.1500e+27,3.4400e+27,1.8900e+27,4.0000e+25,3.9050e+32,1.0856e+32,214
100,2,0.1000,0.2000,3.2910e+28,2.7040e+28,5.8500e+27,7.1000e+26,8.1600e+32,1.4717e+32,214
100,3,0.2000,0.3500,5.5520e+28,8.1930e+28,5.1000e+27,4.4700e+27,7.8890e+32,7.6253e+31,214
100,4,0.3500,0.5500,3.9840e+28,9.4870e+28,5.6400e+27,1.6690e+28,3.4828e+32,4.5024e+31,214
100,5,0.5500,1.0100,1.4190e+28,1.1658e+29,7.2100e+27,9.1020e+28,7.3427e+31,3.3879e+31,214
101,0,0.0000,0.0500,5.5800e+27,3.0000e+25,2.6800e+27,1.0000e+25,7.2430e+32,3.7595e+32,215
101,1,0.0500,0.1000,7.7900e+27,2.3600e+27,2.0900e+27,3.0000e+25,3.7790e+32,1.0026e+32,215
101,2,0.1000,0.2000,3.0510e+28,2.5240e+28,5.3300e+27,7.9000e+26,8.2341e+32,1.3984e+32,215
101,3,0.2000,0.3500,5.9180e+28,8.5150e+28,5.4500e+27,4.3100e+27,8.3149e+32,7.3459e+31,215
101,4,0.3500,0.5500,4.0920e+28,1.0064e+29,5.1200e+27,1.5210e+28,3.5917e+32,4.5213e+31,215
101,5,0.5500,1.0100,1.3640e+28,1.2890e+29,7.0800e+27,8.6250e+28,7.3596e+31,3.4770e+31,215
102,0,0.0000,0.0500,5.2700e+27,3.0000e+25,2.5000e+27,0.0000e+00,6.3984e+32,3.7973e+32,216
102,1,0.0500,0.1000,8.1100e+27,2.4400e+27,2.2200e+27,7.0000e+25,4.4545e+32,1.0429e+32,216
102,2,0.1000,0.2000,3.2020e+28,2.5390e+28,5.1900e+27,7.7000e+26,8.2189e+32,1.4255e+32,216
102,3,0.2000,0.3500,5.9640e+28,9.1550e+28,4.8700e+27,3.8400e+27,8.4877e+32,6.7302e+31,216
102,4,0.3500,0.5500,4.2770e+28,1.0521e+29,5.3000e+27,1.5490e+28,3.6654e+32,4.5134e+31,216
102,5,0.5500,1.0100,1.3880e+28,1.2378e+29,7.0500e+27,8.6840e+28,7.6792e+31,3.5471e+31,216
103,0,0.0000,0.0500,4.5000e+27,1.0000e+25,1.9500e+27,0.0000e+00,5.8565e+32,3.8806e+32,219
103,1,0.0500,0.1000,9.3600e+27,2.5700e+27,2.2500e+27,4.0000e+25,4.9446e+32,1.0933e+32,219
103,2,0.1000,0.2000,3.2790e+28,2.7110e+28,5.4700e+27,1.0100e+27,8.3464e+32,1.4633e+32,219
103,3,0.2000,0.3500,6.0560e+28,9.5270e+28,4.7400e+27,3.7100e+27,8.5696e+32,6.2429e+31,219
103,4,0.3500,0.5500,4.3110e+28,1.0441e+29,5.4500e+27,1.4720e+28,3.7626e+32,4.4463e+31,219
103,5,0.5500,1.0100,1.6650e+28,1.3164e+29,6.8700e+27,7.9950e+28,9.0098e+31,3.6026e+31,219
104,0,0.0000,0.0500,4.0600e+27,1.0000e+25,2.0300e+27,0.0000e+00,5.5966e+32,3.9337e+32,220
104,1,0.0500,0.1000,9.7600e+27,2.9400e+27,2.1300e+27,6.0000e+25,5.1233e+32,1.2027e+32,220
104,2,0.1000,0.2000,3.2820e+28,2.8220e+28,4.8300e+27,7.2000e+26,8.1972e+32,1.3550e+32,220
104,3,0.2000,0.3500,6.3080e+28,1.0157e+29,4.6000e+27,3.1900e+27,8.8500e+32,6.4473e+31,220
104,4,0.3500,0.5500,4.2340e+28,1.0296e+29,4.8300e+27,1.3110e+28,3.7193e+32,4.1320e+31,220
104,5,0.5500,1.0100,1.7080e+28,1.3422e+29,7.5200e+27,7.9680e+28,9.7619e+31,3.6590e+31,220
105,0,0.0000,0.0500,3.7900e+27,1.0000e+25,1.6400e+27,0.0000e+00,5.9029e+32,3.6120e+32,221
105,1,0.0500,0.1000,9.7600e+27,3.1700e+27,2.2800e+27,6.0000e+25,5.2008e+32,1.2429e+32,221
105,2,0.1000,0.2000,3.2340e+28,2.8640e+28,4.9200e+27,7.4000e+26,8.2562e+32,1.3130e+32,221
105,3,0.2000,0.3500,6.3460e+28,1.0643e+29,4.3100e+27,4.0400e+27,8.9945e+32,6.5978e+31,221
105,4,0.3500,0.5500,4.3410e+28,1.0166e+29,4.6500e+27,1.3140e+28,3.8499e+32,4.0728e+31,221
105,5,0.5500,1.0100,1.7590e+28,1.3036e+29,7.5000e+27,8.4620e+28,1.0098e+32,3.7778e+31,221
106,0,0.0000,0.0500,3.5800e+27,1.0000e+25,1.7100e+27,0.0000e+00,7.4664e+32,2.8494e+32,224
106,1,0.0500,0.1000,1.0650e+28,4.0500e+27,2.3600e+27,4.0000e+25,5.0852e+32,1.2608e+32,224
106,2,0.1000,0.2000,3.3670e+28,3.1400e+28,4.8100e+27,7.9000e+26,8.6744e+32,1.2972e+32,224
106,3,0.2000,0.3500,6.3650e+28,1.0512e+29,5.1400e+27,4.1700e+27,8.8066e+32,6.8482e+31,224
106,4,0.3500,0.5500,4.4610e+28,1.0693e+29,5.2900e+27,1.3120e+28,4.0649e+32,4.2681e+31,224
106,5,0.5500,1.0100,1.8620e+28,1.2927e+29,7.7500e+27,9.1670e+28,1.0507e+32,4.0841e+31,224
107,0,0.0000,0.0500,4.3800e+27,1.0000e+25,1.8100e+27,1.0000e+25,7.3899e+32,2.9517e+32,224
107,1,0.0500,0.1000,8.2800e+27,3.0700e+27,2.2700e+27,5.0000e+25,4.3636e+32,1.2116e+32,224
107,2,0.1000,0.2000,3.4090e+28,3.2830e+28,4.3300e+27,7.3000e+26,9.0339e+32,1.2732e+32,224
107,3,0.2000,0.3500,5.9130e+28,9.9830e+28,4.2400e+27,3.7000e+27,8.4967e+32,6.6992e+31,224
107,4,0.3500,0.5500,5.2330e+28,1.2551e+29,4.9500e+27,1.4780e+28,4.7173e+32,4.3330e+31,224
107,5,0.5500,1.0100,1.9390e+28,1.2938e+29,7.9000e+27,8.5790e+28,1.0855e+32,4.0380e+31,224
108,0,0.0000,0.0500,4.6600e+27,0.0000e+00,2.1800e+27,0.0000e+00,7.3563e+32,3.1261e+32,227
108,1,0.0500,0.1000,8.4700e+27,2.9200e+27,2.0600e+27,8.0000e+25,4.1561e+32,1.1196e+32,227
108,2,0.1000,0.2000,3.5110e+28,3.2120e+28,4.5600e+27,6.4000e+26,8.9699e+32,1.2819e+32,227
108,3,0.2000,0.3500,6.0210e+28,9.5240e+28,4.3500e+27,3.5300e+27,8.6188e+32,6.7145e+31,227
108,4,0.3500,0.5500,5.7420e+28,1.3769e+29,5.2700e+27,1.4850e+28,5.2634e+32,4.5563e+31,227
108,5,0.5500,1.0100,1.9640e+28,1.3318e+29,7.4400e+27,8.7770e+28,1.1357e+32,3.9939e+31,227
109,0,0.0000,0.0500,5.1900e+27,1.0000e+25,2.6000e+27,0.0000e+00,7.3569e+32,3.3727e+32,228
109,1,0.0500,0.1000,7.9600e+27,2.5100e+27,1.8700e+27,9.0000e+25,3.9113e+32,9.3015e+31,228
109,2,0.1000,0.2000,2.9010e+28,2.5530e+28,4.4100e+27,5.8000e+26,8.1567e+32,1.2715e+32,228
109,3,0.2000,0.3500,6.5750e+28,9.7480e+28,4.4800e+27,3.5000e+27,9.5923e+32,6.6606e+31,228
109,4,0.3500,0.5500,5.7100e+28,1.4514e+29,5.1800e+27,1.3730e+28,5.4248e+32,4.6098e+31,228
109,5,0.5500,1.0100,2.0300e+28,1.3740e+29,8.0100e+27,8.5400e+28,1.1487e+32,4.0110e+31,228
110,0,0.0000,0.0500,4.6600e+27,0.0000e+00,2.2900e+27,0.0000e+00,6.7349e+32,3.5475e+32,230
110,1,0.0500,0.1000,7.8100e+27,1.8500e+27,1.7400e+27,3.0000e+25,4.0338e+32,8.9182e+31,230
110,2,0.1000,0.2000,3.0330e+28,2.4420e+28,3.9500e+27,6.3000e+26,8.3481e+32,1.2338e+32,230
110,3,0.2000,0.3500,6.6990e+28,1.0102e+29,4.2100e+27,3.7400e+27,1.0037e+33,6.3487e+31,230
110,4,0.3500,0.5500,5.9830e+28,1.5031e+29,4.9800e+27,1.3500e+28,5.5295e+32,4.6134e+31,230
110,5,0.5500,1.0100,1.9810e+28,1.3582e+29,7.7200e+27,8.4200e+28,1.1501e+32,4.1384e+31,230
111,0,0.0000,0.0500,4.0400e+27,0.0000e+00,2.2600e+27,0.0000e+00,5.9920e+32,3.5704e+32,231
111,1,0.0500,0.1000,8.2500e+27,2.0200e+27,1.8700e+27,1.0000e+25,4.6778e+32,9.3823e+31,231
111,2,0.1000,0.2000,3.1220e+28,2.4050e+28,4.4300e+27,5.7000e+26,8.3344e+32,1.2823e+32,231
111,3,0.2000,0.3500,6.5260e+28,9.9920e+28,4.0300e+27,3.0100e+27,9.8446e+32,5.6024e+31,231
111,4,0.3500,0.5500,6.1740e+28,1.5392e+29,5.0900e+27,1.1740e+28,5.7382e+32,4.6033e+31,231
111,5,0.5500,1.0100,2.2180e+28,1.4574e+29,7.5700e+27,7.9990e+28,1.3271e+32,4.1950e+31,231
112,0,0.0000,0.0500,3.8000e+27,1.0000e+25,2.0000e+27,0.0000e+00,5.6894e+32,3.6479e+32,233
112,1,0.0500,0.1000,9.1700e+27,2.1400e+27,1.8400e+27,2.0000e+25,4.9471e+32,9.9949e+31,233
112,2,0.1000,0.2000,3.1170e+28,2.3350e+28,4.1200e+27,7.5000e+26,8.2093e+32,1.2258e+32,233
112,3,0.2000,0.3500,6.8970e+28,1.0574e+29,3.8600e+27,3.2900e+27,1.0194e+33,5.8153e+31,233
112,4,0.3500,0.5500,5.9660e+28,1.4529e+29,4.8400e+27,1.1860e+28,5.5903e+32,4.2856e+31,233
112,5,0.5500,1.0100,2.5200e+28,1.5667e+29,8.1100e+27,8.0040e+28,1.5202e+32,4.2881e+31,233
113,0,0.0000,0.0500,3.4900e+27,1.0000e+25,1.9600e+27,0.0000e+00,5.9063e+32,3.4248e+32,235
113,1,0.0500,0.1000,9.1700e+27,2.0900e+27,2.0200e+27,1.0000e+25,4.9223e+32,1.0683e+32,235
113,2,0.1000,0.2000,3.0750e+28,2.6510e+28,4.1100e+27,6.9000e+26,8.3855e+32,1.1844e+32,235
113,3,0.2000,0.3500,6.9740e+28,1.0833e+29,4.3700e+27,3.1500e+27,1.0277e+33,6.0302e+31,235
113,4,0.3500,0.5500,6.3460e+28,1.5382e+29,4.8500e+27,1.1170e+28,5.8059e+32,4.2056e+31,235
113,5,0.5500,1.0100,2.6150e+28,1.6367e+29,7.9900e+27,7.9340e+28,1.6086e+32,4.4406e+31,235
114,0,0.0000,0.0500,3.7100e+27,0.0000e+00,2.0300e+27,0.0000e+00,7.2190e+32,2.8024e+32,237
114,1,0.0500,0.1000,8.8400e+27,2.6600e+27,1.7900e+27,2.0000e+25,4.7284e+32,1.0823e+32,237
114,2,0.1000,0.2000,3.2630e+28,2.8300e+28,3.9400e+27,6.6000e+26,8.7059e+32,1.1640e+32,237
114,3,0.2000,0.3500,6.8310e+28,1.1001e+29,4.3000e+27,3.7400e+27,1.0029e+33,6.2912e+31,237
114,4,0.3500,0.5500,6.4140e+28,1.5747e+29,4.4700e+27,1.2010e+28,6.1010e+32,4.4393e+31,237
114,5,0.5500,1.0100,2.6620e+28,1.5696e+29,8.5000e+27,8.0060e+28,1.6910e+32,4.7317e+31,237
115,0,0.0000,0.0500,4.4200e+27,0.0000e+00,1.9800e+27,0.0000e+00,7.1518e+32,2.8981e+32,238
115,1,0.0500,0.1000,7.5300e+27,2.2000e+27,1.6300e+27,1.0000e+25,4.1783e+32,1.0426e+32,238
115,2,0.1000,0.2000,3.3170e+28,3.0450e+28,3.6200e+27,6.8000e+26,9.0215e+32,1.1566e+32,238
115,3,0.2000,0.3500,6.3640e+28,9.9350e+28,3.8500e+27,3.0400e+27,9.4488e+32,6.1824e+31,238
115,4,0.3500,0.5500,7.4570e+28,1.7655e+29,5.1100e+27,1.2250e+28,7.0262e+32,4.5683e+31,238
115,5,0.5500,1.0100,2.8190e+28,1.6223e+29,8.7800e+27,7.7670e+28,1.7367e+32,4.6560e+31,238
116,0,0.0000,0.0500,4.5600e+27,0.0000e+00,2.1600e+27,0.0000e+00,7.1525e+32,3.0911e+32,240
116,1,0.0500,0.1000,7.6700e+27,2.0000e+27,1.7200e+27,2.0000e+25,3.9977e+32,9.0812e+31,240
116,2,0.1000,0.2000,3.0090e+28,2.5900e+28,3.4800e+27,5.0000e+26,8.3005e+32,1.1569e+32,240
116,3,0.2000,0.3500,6.5490e+28,1.0255e+29,3.9000e+27,3.2600e+27,1.0022e+33,6.2818e+31,240
116,4,0.3500,0.5500,7.7780e+28,1.8645e+29,5.1000e+27,1.1280e+28,7.5174e+32,4.7189e+31,240
116,5,0.5500,1.0100,2.9470e+28,1.7397e+29,8.1400e+27,7.7480e+28,1.8348e+32,4.5462e+31,240
117,0,0.0000,0.0500,4.6600e+27,1.0000e+25,2.2400e+27,1.0000e+25,6.8329e+32,3.2958e+32,241
117,1,0.0500,0.1000,7.1000e+27,1.5600e+27,1.3900e+27,7.0000e+25,3.8433e+32,7.8641e+31,241
117,2,0.1000,0.2000,2.8120e+28,2.3130e+28,3.6200e+27,4.6000e+26,8.0510e+32,1.1298e+32,241
117,3,0.2000,0.3500,6.8040e+28,1.0490e+29,4.0700e+27,2.7600e+27,1.0587e+33,6.0896e+31,241
117,4,0.3500,0.5500,7.9590e+28,1.9870e+29,4.5000e+27,1.2050e+28,7.7729e+32,4.7346e+31,241
117,5,0.5500,1.0100,2.8760e+28,1.7427e+29,8.6800e+27,7.5350e+28,1.8219e+32,4.6200e+31,241
118,0,0.0000,0.0500,3.9700e+27,0.0000e+00,1.9100e+27,0.0000e+00,6.1030e+32,3.3645e+32,243
118,1,0.0500,0.1000,7.4200e+27,1.5700e+27,1.7800e+27,0.0000e+00,4.3631e+32,8.0453e+31,243
118,2,0.1000,0.2000,2.7230e+28,2.1920e+28,3.8600e+27,3.5000e+26,8.1840e+32,1.1678e+32,243
118,3,0.2000,0.3500,6.7160e+28,1.0591e+29,3.5500e+27,2.2500e+27,1.0594e+33,5.4809e+31,243
118,4,0.3500,0.5500,8.3300e+28,1.9984e+29,4.7600e+27,1.1330e+28,7.9238e+32,4.7411e+31,243
118,5,0.5500,1.0100,3.1010e+28,1.7516e+29,8.4600e+27,7.9190e+28,1.9797e+32,4.7528e+31,243
119,0,0.0000,0.0500,3.8800e+27,2.0000e+25,1.9300e+27,0.0000e+00,5.7336e+32,3.4308e+32,245
119,1,0.0500,0.1000,7.9400e+27,1.6800e+27,1.6200e+27,2.0000e+25,4.7177e+32,8.5145e+31,245
119,2,0.1000,0.2000,2.9240e+28,2.1490e+28,3.8100e+27,4.1000e+26,8.0696e+32,1.1463e+32,245
119,3,0.2000,0.3500,7.0690e+28,1.0745e+29,3.6200e+27,2.6900e+27,1.0730e+33,5.5028e+31,245
119,4,0.3500,0.5500,7.9770e+28,1.9312e+29,4.4400e+27,1.1370e+28,7.7510e+32,4.4940e+31,245
119,5,0.5500,1.0100,3.7600e+28,2.0211e+29,8.2500e+27,7.6590e+28,2.3824e+32,4.8472e+31,245
120,0,0.0000,0.0500,3.2300e+27,0.0000e+00,1.5800e+27,0.0000e+00,5.8841e+32,3.2630e+32,247
120,1,0.0500,0.1000,8.1600e+27,1.6400e+27,1.7800e+27,0.0000e+00,4.6471e+32,9.2754e+31,247
120,2,0.1000,0.2000,3.0070e+28,2.1860e+28,3.5300e+27,5.0000e+26,8.2713e+32,1.1031e+32,247
120,3,0.2000,0.3500,7.1040e+28,1.0683e+29,3.7200e+27,2.6900e+27,1.0766e+33,5.7939e+31,247
120,4,0.3500,0.5500,8.1940e+28,1.9930e+29,4.8600e+27,1.0290e+28,7.9182e+32,4.3721e+31,247
120,5,0.5500,1.0100,3.9130e+28,2.0873e+29,8.8600e+27,7.9140e+28,2.5516e+32,5.0472e+31,247
121,0,0.0000,0.0500,3.7500e+27,0.0000e+00,1.8000e+27,0.0000e+00,7.0147e+32,2.7567e+32,249
121,1,0.0500,0.1000,7.7500e+27,1.8600e+27,1.6900e+27,3.0000e+25,4.4186e+32,9.4490e+31,249
121,2,0.1000,0.2000,3.0720e+28,2.3830e+28,3.5300e+27,4.9000e+26,8.5475e+32,1.0938e+32,249
121,3,0.2000,0.3500,6.8190e+28,1.0565e+29,3.9200e+27,3.2400e+27,1.0465e+33,6.0907e+31,249
121,4,0.3500,0.5500,8.4310e+28,2.0612e+29,4.7600e+27,1.2400e+28,8.2585e+32,4.6531e+31,249
121,5,0.5500,1.0100,4.0560e+28,2.1577e+29,9.8600e+27,8.2560e+28,2.7030e+32,5.4335e+31,249
122,0,0.0000,0.0500,3.8900e+27,2.0000e+25,1.8100e+27,0.0000e+00,6.9380e+32,2.8469e+32,250
122,1,0.0500,0.1000,7.0900e+27,1.4900e+27,1.4400e+27,4.0000e+25,4.0222e+32,9.0420e+31,250
122,2,0.1000,0.2000,2.9690e+28,2.6810e+28,3.7600e+27,3.8000e+26,8.6460e+32,1.0889e+32,250
122,3,0.2000,0.3500,6.1630e+28,9.3850e+28,3.9400e+27,2.7500e+27,9.7635e+32,6.0181e+31,250
122,4,0.3500,0.5500,9.2660e+28,2.2333e+29,4.7400e+27,1.1480e+28,9.3265e+32,4.8515e+31,250
122,5,0.5500,1.0100,4.3160e+28,2.2235e+29,9.0300e+27,7.7610e+28,2.8026e+32,5.3372e+31,250
123,0,0.0000,0.0500,4.4400e+27,0.0000e+00,1.6800e+27,0.0000e+00,6.9323e+32,3.0293e+32,251
123,1,0.0500,0.1000,7.3300e+27,1.3200e+27,1.2500e+27,3.0000e+25,3.8394e+32,7.6264e+31,251
123,2,0.1000,0.2000,2.6720e+28,2.2220e+28,3.5300e+27,4.0000e+26,7.7328e+32,1.0862e+32,251
123,3,0.2000,0.3500,6.6090e+28,9.9520e+28,3.9100e+27,2.7400e+27,1.0523e+33,6.1244e+31,251
123,4,0.3500,0.5500,9.6540e+28,2.3208e+29,4.8800e+27,1.2510e+28,9.6622e+32,4.9502e+31,251
123,5,0.5500,1.0100,4.4690e+28,2.3046e+29,9.2300e+27,7.2390e+28,2.8920e+32,5.2205e+31,251
124,0,0.0000,0.0500,4.4600e+27,0.0000e+00,1.7500e+27,0.0000e+00,6.3825e+32,3.2160e+32,254
124,1,0.0500,0.1000,6.3800e+27,1.0500e+27,1.3900e+27,4.0000e+25,3.9213e+32,6.9240e+31,254
124,2,0.1000,0.2000,2.6640e+28,2.0680e+28,3.4700e+27,5.5000e+26,7.9223e+32,1.0835e+32,254
124,3,0.2000,0.3500,6.8300e+28,1.0428e+29,3.6100e+27,2.5000e+27,1.0978e+33,5.8027e+31,254
124,4,0.3500,0.5500,9.9710e+28,2.4688e+29,5.1000e+27,1.2470e+28,9.8904e+32,5.0024e+31,254
124,5,0.5500,1.0100,4.4800e+28,2.3632e+29,8.8600e+27,7.6220e+28,2.9032e+32,5.3793e+31,254
125,0,0.0000,0.0500,4.0900e+27,0.0000e+00,1.7700e+27,0.0000e+00,5.8062e+32,3.2452e+32,255
125,1,0.0500,0.1000,7.4500e+27,1.1300e+27,1.2100e+27,0.0000e+00,4.4233e+32,7.2406e+31,255
125,2,0.1000,0.2000,2.6170e+28,1.9800e+28,3.4800e+27,4.1000e+26,7.9289e+32,1.1222e+32,255
125,3,0.2000,0.3500,6.7060e+28,9.9030e+28,3.1900e+27,2.3300e+27,1.0632e+33,5.3379e+31,255
125,4,0.3500,0.5500,9.6550e+28,2.3474e+29,4.6800e+27,1.0720e+28,9.7716e+32,4.9068e+31,255
125,5,0.5500,1.0100,5.2530e+28,2.5452e+29,9.1200e+27,7.0030e+28,3.5093e+32,5.4328e+31,255
126,0,0.0000,0.0500,3.9000e+27,1.0000e+25,1.6700e+27,0.0000e+00,5.5481e+32,3.3012e+32,257
126,1,0.0500,0.1000,7.7900e+27,1.3400e+27,1.4100e+27,0.0000e+00,4.5067e+32,7.9720e+31,257
126,2,0.1000,0.2000,2.6060e+28,1.8850e+28,3.2700e+27,3.7000e+26,7.8842e+32,1.0628e+32,257
126,3,0.2000,0.3500,6.7490e+28,1.0391e+29,3.4600e+27,2.4800e+27,1.0852e+33,5.6308e+31,257
126,4,0.3500,0.5500,9.5050e+28,2.2785e+29,4.7300e+27,1.0020e+28,9.5745e+32,4.6209e+31,257
126,5,0.5500,1.0100,5.9060e+28,2.7064e+29,9.1300e+27,7.1740e+28,3.9321e+32,5.4936e+31,257
127,0,0.0000,0.0500,2.9600e+27,0.0000e+00,1.6100e+27,0.0000e+00,6.8172e+32,2.7178e+32,259
127,1,0.0500,0.1000,7.6000e+27,1.2600e+27,1.2200e+27,1.0000e+25,4.2680e+32,8.5274e+31,259
127,2,0.1000,0.2000,2.8050e+28,2.0610e+28,3.4700e+27,4.2000e+26,8.2546e+32,1.0644e+32,259
127,3,0.2000,0.3500,6.6880e+28,9.9500e+28,3.8700e+27,2.5500e+27,1.0496e+33,6.1344e+31,259
127,4,0.3500,0.5500,9.7420e+28,2.3357e+29,4.7100e+27,1.1310e+28,9.8359e+32,4.9715e+31,259
127,5,0.5500,1.0100,6.0280e+28,2.7544e+29,1.0130e+28,8.0620e+28,4.1132e+32,6.0921e+31,259
128,0,0.0000,0.0500,3.3900e+27,0.0000e+00,1.8400e+27,0.0000e+00,6.7898e+32,2.7822e+32,260
128,1,0.0500,0.1000,6.4800e+27,1.2500e+27,1.3800e+27,1.0000e+25,3.8902e+32,8.1486e+31,260
128,2,0.1000,0.2000,2.7180e+28,2.1050e+28,2.9800e+27,3.9000e+26,8.3485e+32,1.0647e+32,260
128,3,0.2000,0.3500,6.0700e+28,8.7160e+28,3.4500e+27,2.8300e+27,9.8065e+32,6.0917e+31,260
128,4,0.3500,0.5500,1.0595e+29,2.4827e+29,5.4000e+27,1.1590e+28,1.0756e+33,5.1670e+31,260
128,5,0.5500,1.0100,6.3740e+28,3.0192e+29,9.6300e+27,8.2590e+28,4.3194e+32,6.0406e+31,260
129,0,0.0000,0.0500,4.0100e+27,0.0000e+00,1.8000e+27,0.0000e+00,6.7996e+32,2.9535e+32,262
129,1,0.0500,0.1000,6.2800e+27,1.3000e+27,9.9000e+26,2.0000e+25,3.7590e+32,6.9374e+31,262
129,2,0.1000,0.2000,2.4400e+28,1.9060e+28,3.0400e+27,3.1000e+26,7.5134e+32,1.0687e+32,262
129,3,0.2000,0.3500,6.3650e+28,9.0120e+28,3.2700e+27,2.3600e+27,1.0393e+33,6.1998e+31,262
129,4,0.3500,0.5500,1.0878e+29,2.6292e+29,4.9800e+27,1.2030e+28,1.1204e+33,5.3889e+31,262
129,5,0.5500,1.0100,6.6460e+28,3.0555e+29,1.0650e+28,7.9850e+28,4.4879e+32,5.9425e+31,262
130,0,0.0000,0.0500,4.0100e+27,0.0000e+00,1.8500e+27,0.0000e+00,6.2328e+32,3.1086e+32,263
130,1,0.0500,0.1000,6.6000e+27,8.0000e+26,8.8000e+26,2.0000e+25,3.8216e+32,6.1729e+31,263
130,2,0.1000,0.2000,2.4360e+28,1.8410e+28,3.3000e+27,3.8000e+26,7.6013e+32,1.0634e+32,263
130,3,0.2000,0.3500,6.3470e+28,9.5000e+28,3.6400e+27,2.2800e+27,1.0749e+33,5.8312e+31,263
130,4,0.3500,0.5500,1.1068e+29,2.7219e+29,4.9500e+27,1.0650e+28,1.1354e+33,5.3983e+31,263
130,5,0.5500,1.0100,6.4070e+28,3.1237e+29,9.7300e+27,7.4220e+28,4.4754e+32,6.0620e+31,263
131,0,0.0000,0.0500,3.6400e+27,0.0000e+00,1.4300e+27,0.0000e+00,5.7497e+32,3.1499e+32,265
131,1,0.0500,0.1000,6.3300e+27,8.4000e+26,1.1300e+27,1.0000e+25,4.2853e+32,6.5327e+31,265
131,2,0.1000,0.2000,2.4990e+28,1.7760e+28,3.2200e+27,4.7000e+26,7.6202e+32,1.0978e+32,265
131,3,0.2000,0.3500,6.3780e+28,9.4000e+28,3.1100e+27,2.5700e+27,1.0524e+33,5.5172e+31,265
131,4,0.3500,0.5500,1.0750e+29,2.5586e+29,5.3500e+27,1.0070e+28,1.0953e+33,5.2624e+31,265
131,5,0.5500,1.0100,7.7840e+28,3.4679e+29,9.6800e+27,7.1800e+28,5.3346e+32,6.1593e+31,265
132,0,0.0000,0.0500,3.0300e+27,0.0000e+00,1.4200e+27,0.0000e+00,5.7620e+32,3.0904e+32,267
132,1,0.0500,0.1000,7.2700e+27,8.8000e+26,1.2900e+27,0.0000e+00,4.2816e+32,7.3189e+31,267
132,2,0.1000,0.2000,2.5710e+28,1.6920e+28,3.4600e+27,3.8000e+26,7.6987e+32,1.0520e+32,267
132,3,0.2000,0.3500,6.3600e+28,9.4420e+28,3.4700e+27,2.6800e+27,1.0542e+33,5.9563e+31,267
132,4,0.3500,0.5500,1.0529e+29,2.4821e+29,4.9500e+27,1.0360e+28,1.0754e+33,5.0539e+31,267
132,5,0.5500,1.0100,8.3880e+28,3.6973e+29,1.0190e+28,7.3820e+28,5.8693e+32,6.3472e+31,267
133,0,0.0000,0.0500,3.3600e+27,0.0000e+00,1.7700e+27,0.0000e+00,6.7185e+32,2.7077e+32,269
133,1,0.0500,0.1000,6.2500e+27,9.7000e+26,1.2800e+27,2.0000e+25,3.9373e+32,7.5996e+31,269
133,2,0.1000,0.2000,2.6710e+28,1.8180e+28,3.1600e+27,4.9000e+26,8.0481e+32,1.0716e+32,269
133,3,0.2000,0.3500,6.0760e+28,9.1520e+28,3.8500e+27,3.1400e+27,1.0085e+33,6.4620e+31,269
133,4,0.3500,0.5500,1.0447e+29,2.5245e+29,4.8500e+27,1.0940e+28,1.1054e+33,5.5063e+31,269
133,5,0.5500,1.0100,8.7750e+28,3.7636e+29,1.1230e+28,8.3910e+28,6.1735e+32,6.9596e+31,269
134,0,0.0000,0.0500,3.7900e+27,0.0000e+00,1.6300e+27,0.0000e+00,6.6481e+32,2.7933e+32,270
134,1,0.0500,0.1000,6.0100e+27,7.7000e+26,1.0200e+27,2.0000e+25,3.6913e+32,7.1257e+31,270
134,2,0.1000,0.2000,2.5980e+28,1.7290e+28,2.9100e+27,2.0000e+26,7.8476e+32,1.0766e+32,270
134,3,0.2000,0.3500,5.6280e+28,7.8760e+28,3.7800e+27,2.8900e+27,9.5453e+32,6.4850e+31,270
134,4,0.3500,0.5500,1.1237e+29,2.6199e+29,5.5500e+27,1.1490e+28,1.1943e+33,5.7577e+31,270
134,5,0.5500,1.0100,9.2570e+28,4.0022e+29,1.1320e+28,8.3130e+28,6.3923e+32,6.8330e+31,270
135,0,0.0000,0.0500,3.7900e+27,2.0000e+25,1.7000e+27,0.0000e+00,6.5149e+32,2.9781e+32,272
135,1,0.0500,0.1000,6.2400e+27,9.5000e+26,8.7000e+26,0.0000e+00,3.5864e+32,5.9301e+31,272
135,2,0.1000,0.2000,2.3020e+28,1.5530e+28,3.1100e+27,4.2000e+26,7.2557e+32,1.0799e+32,272
135,3,0.2000,0.3500,6.0810e+28,8.6390e+28,3.3100e+27,2.8300e+27,1.0321e+33,6.4509e+31,272
135,4,0.3500,0.5500,1.1514e+29,2.7773e+29,5.6600e+27,1.0870e+28,1.2136e+33,5.8955e+31,272
135,5,0.5500,1.0100,9.2580e+28,4.0975e+29,1.0280e+28,8.1590e+28,6.4781e+32,6.8599e+31,272
136,0,0.0000,0.0500,3.6900e+27,0.0000e+00,1.5700e+27,0.0000e+00,5.9121e+32,3.0511e+32,273
136,1,0.0500,0.1000,6.1300e+27,7.8000e+26,8.0000e+26,1.0000e+25,3.9085e+32,5.8544e+31,273
136,2,0.1000,0.2000,2.2780e+28,1.5600e+28,2.9400e+27,5.0000e+26,7.3845e+32,1.1140e+32,273
136,3,0.2000,0.3500,6.1110e+28,8.6970e+28,3.2500e+27,2.3200e+27,1.0282e+33,5.9033e+31,273
136,4,0.3500,0.5500,1.1313e+29,2.7445e+29,5.5800e+27,1.0910e+28,1.1965e+33,5.8818e+31,273
136,5,0.5500,1.0100,9.7280e+28,4.3213e+29,1.1750e+28,7.8150e+28,6.8881e+32,6.9971e+31,273
137,0,0.0000,0.0500,3.5000e+27,0.0000e+00,1.5400e+27,0.0000e+00,5.6244e+32,3.1009e+32,275
137,1,0.0500,0.1000,6.5800e+27,7.8000e+26,9.3000e+26,1.0000e+25,4.1108e+32,6.3910e+31,275
137,2,0.1000,0.2000,2.3080e+28,1.4980e+28,3.4800e+27,3.8000e+26,7.3919e+32,1.0954e+32,275
137,3,0.2000,0.3500,5.9860e+28,8.7560e+28,3.5800e+27,2.5100e+27,1.0226e+33,6.1552e+31,275
137,4,0.3500,0.5500,1.0832e+29,2.5540e+29,5.2500e+27,1.0160e+28,1.1336e+33,5.5072e+31,275
137,5,0.5500,1.0100,1.1039e+29,4.7406e+29,1.1450e+28,7.6950e+28,7.8633e+32,7.1077e+31,275
138,0,0.0000,0.0500,3.1300e+27,0.0000e+00,1.4800e+27,1.0000e+25,6.4130e+32,2.7428e+32,276
138,1,0.0500,0.1000,6.0800e+27,6.9000e+26,1.3000e+27,1.0000e+25,3.8375e+32,7.0667e+31,276
138,2,0.1000,0.2000,2.3870e+28,1.5750e+28,3.1100e+27,4.1000e+26,7.7233e+32,1.1075e+32,276
138,3,0.2000,0.3500,5.6960e+28,8.4330e+28,3.7400e+27,2.8300e+27,9.8139e+32,6.8827e+31,276
138,4,0.3500,0.5500,1.0613e+29,2.5168e+29,5.5400e+27,1.1600e+28,1.1379e+33,5.9456e+31,276
138,5,0.5500,1.0100,1.1411e+29,4.9031e+29,1.2300e+28,8.9850e+28,8.1700e+32,7.9323e+31,276
139,0,0.0000,0.0500,3.2200e+27,1.0000e+25,1.5800e+27,0.0000e+00,6.5965e+32,2.7332e+32,278
139,1,0.0500,0.1000,5.2600e+27,6.5000e+26,1.0000e+27,2.0000e+25,3.5135e+32,6.9212e+31,278
139,2,0.1000,0.2000,2.4420e+28,1.5300e+28,3.2700e+27,3.2000e+26,7.8024e+32,1.1234e+32,278
139,3,0.2000,0.3500,5.3490e+28,7.3750e+28,3.7900e+27,2.7500e+27,9.1727e+32,7.0289e+31,278
139,4,0.3500,0.5500,1.1143e+29,2.6547e+29,5.8100e+27,1.1520e+28,1.2092e+33,6.3202e+31,278
139,5,0.5500,1.0100,1.2018e+29,5.0879e+29,1.2090e+28,8.4820e+28,8.5342e+32,8.0222e+31,278
140,0,0.0000,0.0500,3.6300e+27,0.0000e+00,1.7000e+27,0.0000e+00,6.5283e+32,2.8907e+32,280
140,1,0.0500,0.1000,5.3500e+27,6.1000e+26,1.0300e+27,0.0000e+00,3.4158e+32,5.8831e+31,280
140,2,0.1000,0.2000,2.1880e+28,1.3360e+28,3.1000e+27,5.8000e+26,7.1004e+32,1.1338e+32,280
140,3,0.2000,0.3500,5.6190e+28,7.5350e+28,4.2400e+27,2.9900e+27,9.8043e+32,7.1079e+31,280
140,4,0.3500,0.5500,1.1478e+29,2.7493e+29,6.1200e+27,1.2790e+28,1.2390e+33,6.5567e+31,280
140,5,0.5500,1.0100,1.2221e+29,5.2985e+29,1.2950e+28,8.5730e+28,8.6831e+32,7.9571e+31,280
141,0,0.0000,0.0500,3.5100e+27,0.0000e+00,1.6200e+27,0.0000e+00,5.9754e+32,2.9899e+32,281
141,1,0.0500,0.1000,5.8100e+27,5.9000e+26,8.5000e+26,1.0000e+25,3.6294e+32,5.5836e+31,281
141,2,0.1000,0.2000,2.0930e+28,1.3270e+28,3.3700e+27,4.3000e+26,7.2147e+32,1.1656e+32,281
141,3,0.2000,0.3500,5.4360e+28,7.6480e+28,3.6400e+27,3.0300e+27,9.9133e+32,6.5698e+31,281
141,4,0.3500,0.5500,1.1387e+29,2.7437e+29,6.1700e+27,1.0890e+28,1.2280e+33,6.5556e+31,281
141,5,0.5500,1.0100,1.2510e+29,5.5058e+29,1.2440e+28,8.7370e+28,8.9397e+32,8.1695e+31,281
142,0,0.0000,0.0500,3.3900e+27,0.0000e+00,1.7500e+27,0.0000e+00,5.6578e+32,3.0329e+32,283
142,1,0.0500,0.1000,5.9400e+27,7.7000e+26,9.7000e+26,2.0000e+25,3.8889e+32,6.1300e+31,283
142,2,0.1000,0.2000,2.1130e+28,1.3620e+28,3.2500e+27,4.5000e+26,7.2175e+32,1.1639e+32,283
142,3,0.2000,0.3500,5.4510e+28,7.9130e+28,3.8400e+27,2.8700e+27,9.7942e+32,6.7224e+31,283
142,4,0.3500,0.5500,1.0773e+29,2.5270e+29,5.7300e+27,1.1420e+28,1.1545e+33,6.2126e+31,283
142,5,0.5500,1.0100,1.4156e+29,5.9467e+29,1.2940e+28,8.7890e+28,1.0045e+33,8.3312e+31,283
143,0,0.0000,0.0500,3.0200e+27,0.0000e+00,1.5400e+27,0.0000e+00,6.2957e+32,2.7474e+32,284
143,1,0.0500,0.1000,5.6500e+27,6.7000e+26,8.4000e+26,0.0000e+00,3.6131e+32,6.8867e+31,284
143,2,0.1000,0.2000,2.2900e+28,1.3720e+28,3.1100e+27,3.7000e+26,7.5503e+32,1.1827e+32,284
143,3,0.2000,0.3500,5.3580e+28,7.7760e+28,4.4300e+27,3.4300e+27,9.3689e+32,7.5931e+31,284
143,4,0.3500,0.5500,1.0442e+29,2.5057e+29,6.2200e+27,1.2640e+28,1.1488e+33,6.7893e+31,284
143,5,0.5500,1.0100,1.4629e+29,6.1076e+29,1.4070e+28,1.0105e+29,1.0409e+33,9.3520e+31,284
144,0,0.0000,0.0500,3.6300e+27,0.0000e+00,1.5700e+27,0.0000e+00,6.5117e+32,2.7107e+32,285
144,1,0.0500,0.1000,5.1500e+27,5.4000e+26,9.3000e+26,4.0000e+25,3.2664e+32,6.8185e+31,285
144,2,0.1000,0.2000,2.3370e+28,1.3850e+28,3.4500e+27,3.4000e+26,7.6154e+32,1.2003e+32,285
144,3,0.2000,0.3500,4.9200e+28,6.6610e+28,4.4400e+27,3.1900e+27,8.7467e+32,7.8363e+31,285
144,4,0.3500,0.5500,1.0866e+29,2.6135e+29,6.7200e+27,1.2520e+28,1.2053e+33,7.2650e+31,285
144,5,0.5500,1.0100,1.4964e+29,6.3489e+29,1.4870e+28,1.0148e+29,1.0728e+33,9.5900e+31,285
145,0,0.0000,0.0500,3.5500e+27,0.0000e+00,1.6400e+27,0.0000e+00,6.4272e+32,2.8696e+32,287
145,1,0.0500,0.1000,5.2600e+27,6.1000e+26,8.3000e+26,1.0000e+25,3.1732e+32,5.7928e+31,287
145,2,0.1000,0.2000,2.0270e+28,1.0490e+28,3.1200e+27,3.9000e+26,6.9977e+32,1.2123e+32,287
145,3,0.2000,0.3500,5.1610e+28,6.7020e+28,4.4700e+27,3.1100e+27,9.3494e+32,7.8917e+31,287
145,4,0.3500,0.5500,1.1259e+29,2.6547e+29,7.1000e+27,1.4270e+28,1.2310e+33,7.5483e+31,287
145,5,0.5500,1.0100,1.5345e+29,6.5883e+29,1.4510e+28,1.0027e+29,1.0848e+33,9.6079e+31,287
146,0,0.0000,0.0500,3.2400e+27,0.0000e+00,1.5100e+27,0.0000e+00,5.8873e+32,2.9580e+32,288
146,1,0.0500,0.1000,5.0200e+27,5.9000e+26,8.6000e+26,0.0000e+00,3.4247e+32,5.5674e+31,288
146,2,0.1000,0.2000,1.9980e+28,1.1620e+28,2.8800e+27,3.6000e+26,7.0935e+32,1.2543e+32,288
146,3,0.2000,0.3500,5.2720e+28,6.9930e+28,4.1400e+27,2.2600e+27,9.4283e+32,7.3087e+31,288
146,4,0.3500,0.5500,1.0594e+29,2.6571e+29,7.2700e+27,1.3860e+28,1.2061e+33,7.5894e+31,288
146,5,0.5500,1.0100,1.5634e+29,6.9495e+29,1.5560e+28,9.8930e+28,1.1217e+33,9.8610e+31,288
147,0,0.0000,0.0500,2.9800e+27,0.0000e+00,1.3800e+27,0.0000e+00,5.6069e+32,2.9997e+32,290
147,1,0.0500,0.1000,5.4300e+27,5.7000e+26,8.8000e+26,0.0000e+00,3.6261e+32,6.1791e+31,290
147,2,0.1000,0.2000,2.1440e+28,1.1650e+28,3.3700e+27,4.6000e+26,7.1247e+32,1.2439e+32,290
147,3,0.2000,0.3500,5.1710e+28,7.0820e+28,4.2000e+27,3.0300e+27,9.2855e+32,7.6207e+31,290
147,4,0.3500,0.5500,1.0388e+29,2.4496e+29,6.6000e+27,1.2830e+28,1.1357e+33,7.2058e+31,290
147,5,0.5500,1.0100,1.6771e+29,7.3963e+29,1.5660e+28,1.0200e+29,1.2293e+33,1.0085e+32,290
148,0,0.0000,0.0500,3.0200e+27,0.0000e+00,1.4800e+27,0.0000e+00,6.3973e+32,2.7281e+32,291
148,1,0.0500,0.1000,4.7500e+27,4.3000e+26,1.0300e+27,2.0000e+25,3.1973e+32,6.9917e+31,291
148,2,0.1000,0.2000,2.2180e+28,1.1690e+28,3.1700e+27,5.3000e+26,7.5020e+32,1.2946e+32,291
148,3,0.2000,0.3500,4.8670e+28,6.6580e+28,4.7900e+27,3.7500e+27,8.7860e+32,8.8631e+31,291
148,4,0.3500,0.5500,1.0369e+29,2.3849e+29,7.1200e+27,1.4490e+28,1.1290e+33,8.2869e+31,291
148,5,0.5500,1.0100,1.7247e+29,7.4347e+29,1.7910e+28,1.2103e+29,1.2573e+33,1.1871e+32,291
149,0,0.0000,0.0500,3.4900e+27,0.0000e+00,1.5800e+27,0.0000e+00,6.3949e+32,2.7880e+32,292
149,1,0.0500,0.1000,4.5900e+27,4.7000e+26,9.2000e+26,2.0000e+25,2.9661e+32,6.6321e+31,292
149,2,0.1000,0.2000,2.1730e+28,1.1720e+28,3.1800e+27,3.3000e+26,7.3637e+32,1.3084e+32,292
149,3,0.2000,0.3500,4.5720e+28,5.7860e+28,4.6100e+27,3.0500e+27,8.3607e+32,8.9897e+31,292
149,4,0.3500,0.5500,1.0579e+29,2.4670e+29,7.6600e+27,1.5190e+28,1.1857e+33,8.7396e+31,292
149,5,0.5500,1.0100,1.7810e+29,7.6968e+29,1.7390e+28,1.2168e+29,1.2809e+33,1.1890e+32,292
150,0,0.0000,0.0500,3.7400e+27,0.0000e+00,1.6400e+27,1.0000e+25,6.2058e+32,2.9606e+32,294
150,1,0.0500,0.1000,4.2700e+27,5.7000e+26,9.0000e+26,0.0000e+00,2.9293e+32,5.5958e+31,294
150,2,0.1000,0.2000,1.9050e+28,1.0170e+28,3.2500e+27,3.7000e+26,6.9483e+32,1.3238e+32,294
150,3,0.2000,0.3500,4.8990e+28,5.9710e+28,4.8900e+27,3.1700e+27,8.9806e+32,8.8847e+31,294
150,4,0.3500,0.5500,1.0567e+29,2.4949e+29,8.0400e+27,1.5360e+28,1.1994e+33,8.9814e+31,294
150,5,0.5500,1.0100,1.8060e+29,7.9039e+29,1.9140e+28,1.2130e+29,1.2841e+33,1.2093e+32,294
151,0,0.0000,0.0500,3.4300e+27,0.0000e+00,1.6100e+27,0.0000e+00,5.6890e+32,3.0014e+32,294
151,1,0.0500,0.1000,5.1100e+27,4.1000e+26,8.7000e+26,3.0000e+25,3.2647e+32,5.7592e+31,294
151,2,0.1000,0.2000,2.0350e+28,1.0960e+28,3.9200e+27,4.6000e+26,6.9632e+32,1.3711e+32,294
151,3,0.2000,0.3500,4.8300e+28,6.0280e+28,4.3000e+27,2.8200e+27,8.9065e+32,8.3441e+31,294
151,4,0.3500,0.5500,1.0136e+29,2.3798e+29,7.5000e+27,1.4930e+28,1.1353e+33,8.8712e+31,294
151,5,0.5500,1.0100,1.8922e+29,8.3318e+29,1.8520e+28,1.1625e+29,1.3524e+33,1.2324e+32,294
152,0,0.0000,0.0500,3.4700e+27,0.0000e+00,1.4600e+27,0.0000e+00,5.7993e+32,2.9452e+32,296
152,1,0.0500,0.1000,4.9400e+27,3.8000e+26,1.0300e+27,1.0000e+25,3.2033e+32,6.7033e+31,296
152,2,0.1000,0.2000,1.9890e+28,1.1060e+28,3.5600e+27,4.2000e+26,7.1318e+32,1.3703e+32,296
152,3,0.2000,0.3500,4.6210e+28,6.2890e+28,4.9500e+27,3.1600e+27,8.6120e+32,9.2590e+31,296
152,4,0.3500,0.5500,9.6880e+28,2.2164e+29,7.5800e+27,1.4920e+28,1.0903e+33,9.0029e+31,296
152,5,0.5500,1.0100,1.9654e+29,8.6181e+29,2.1040e+28,1.2681e+29,1.4285e+33,1.3385e+32,296
153,0,0.0000,0.0500,3.4300e+27,0.0000e+00,1.6500e+27,0.0000e+00,6.3475e+32,2.8196e+32,298
153,1,0.0500,0.1000,4.7100e+27,2.7000e+26,1.1500e+27,1.0000e+25,2.8401e+32,7.1439e+31,298
153,2,0.1000,0.2000,2.1430e+28,1.1150e+28,4.0400e+27,4.2000e+26,7.4177e+32,1.4286e+32,298
153,3,0.2000,0.3500,4.2970e+28,5.4780e+28,5.0700e+27,3.7400e+27,8.0551e+32,1.0368e+32,298
153,4,0.3500,0.5500,9.6560e+28,2.2636e+29,8.7800e+27,1.7350e+28,1.1082e+33,1.0314e+32,298
153,5,0.5500,1.0100,2.0214e+29,8.7507e+29,2.3330e+28,1.4744e+29,1.4487e+33,1.5151e+32,298
154,0,0.0000,0.0500,3.5500e+27,0.0000e+00,1.9200e+27,0.0000e+00,6.2821e+32,2.9317e+32,298
154,1,0.0500,0.1000,3.8700e+27,5.2000e+26,8.7000e+26,1.0000e+25,2.6797e+32,6.3260e+31,298
154,2,0.1000,0.2000,1.9320e+28,9.6500e+27,3.6000e+27,4.0000e+26,6.9139e+32,1.4351e+32,298
154,3,0.2000,0.3500,4.2110e+28,5.2710e+28,5.3500e+27,3.4800e+27,8.1761e+32,1.0433e+32,298
154,4,0.3500,0.5500,1.0033e+29,2.3179e+29,8.7600e+27,1.7040e+28,1.1399e+33,1.0700e+32,298
154,5,0.5500,1.0100,2.0281e+29,8.9989e+29,2.2740e+28,1.4614e+29,1.4567e+33,1.5099e+32,298
155,0,0.0000,0.0500,2.9000e+27,0.0000e+00,1.5400e+27,0.0000e+00,5.8302e+32,3.0648e+32,299
155,1,0.0500,0.1000,4.4400e+27,2.8000e+26,8.7000e+26,2.0000e+25,2.8299e+32,5.7318e+31,299
155,2,0.1000,0.2000,1.8770e+28,9.9300e+27,4.0600e+27,3.5000e+26,6.8347e+32,1.4772e+32,299
155,3,0.2000,0.3500,4.4560e+28,5.3790e+28,4.8800e+27,3.6700e+27,8.5023e+32,9.8465e+31,299
155,4,0.3500,0.5500,1.0058e+29,2.3229e+29,9.4000e+27,1.6170e+28,1.1287e+33,1.0783e+32,299
155,5,0.5500,1.0100,2.0669e+29,9.2035e+29,2.2710e+28,1.4201e+29,1.4689e+33,1.5464e+32,299
156,0,0.0000,0.0500,3.2000e+27,0.0000e+00,1.4600e+27,0.0000e+00,5.5397e+32,3.1049e+32,301
156,1,0.0500,0.1000,4.5200e+27,4.5000e+26,9.2000e+26,1.0000e+25,3.0706e+32,6.3466e+31,301
156,2,0.1000,0.2000,1.9200e+28,1.0020e+28,4.0400e+27,4.8000e+26,6.8620e+32,1.4922e+32,301
156,3,0.2000,0.3500,4.3830e+28,5.4470e+28,5.3200e+27,3.4000e+27,8.3717e+32,1.0103e+32,301
156,4,0.3500,0.5500,9.2170e+28,2.0575e+29,8.8600e+27,1.5820e+28,1.0627e+33,1.0368e+32,301
156,5,0.5500,1.0100,2.1938e+29,9.7345e+29,2.4490e+28,1.4269e+29,1.5626e+33,1.5799e+32,301
157,0,0.0000,0.0500,3.0000e+27,0.0000e+00,1.5600e+27,0.0000e+00,6.1713e+32,2.9171e+32,302
157,1,0.0500,0.1000,4.1300e+27,2.6000e+26,1.0300e+27,3.0000e+25,2.7365e+32,7.3391e+31,302
157,2,0.1000,0.2000,1.9630e+28,9.9800e+27,3.9200e+27,4.6000e+26,7.1174e+32,1.5613e+32,302
157,3,0.2000,0.3500,4.2830e+28,5.4180e+28,6.2300e+27,3.9400e+27,7.9001e+32,1.1902e+32,302
157,4,0.3500,0.5500,8.8490e+28,2.0099e+29,1.0740e+28,1.9930e+28,1.0299e+33,1.2113e+32,302
157,5,0.5500,1.0100,2.1970e+29,9.7300e+29,2.8840e+28,1.8051e+29,1.5809e+33,1.9155e+32,302
158,0,0.0000,0.0500,3.3400e+27,0.0000e+00,1.8000e+27,0.0000e+00,6.2091e+32,2.9567e+32,302
158,1,0.0500,0.1000,3.7100e+27,3.1000e+26,1.0800e+27,1.0000e+25,2.4974e+32,7.0322e+31,302
158,2,0.1000,0.2000,1.9030e+28,9.3200e+27,3.8100e+27,5.5000e+26,6.9943e+32,1.5806e+32,302
158,3,0.2000,0.3500,3.9250e+28,4.6540e+28,6.0300e+27,4.0900e+27,7.4820e+32,1.2188e+32,302
158,4,0.3500,0.5500,9.0920e+28,2.0885e+29,1.0800e+28,2.0160e+28,1.0754e+33,1.2829e+32,302
158,5,0.5500,1.0100,2.2248e+29,9.7851e+29,2.8450e+28,1.8330e+29,1.5858e+33,1.9493e+32,302
159,0,0.0000,0.0500,3.9400e+27,0.0000e+00,1.8500e+27,0.0000e+00,5.9956e+32,3.1364e+32,304
159,1,0.0500,0.1000,3.7600e+27,3.7000e+26,9.9000e+26,1.0000e+25,2.4995e+32,6.0474e+31,304
159,2,0.1000,0.2000,1.7760e+28,8.4000e+27,3.9800e+27,7.3000e+26,6.6392e+32,1.6091e+32,304
159,3,0.2000,0.3500,4.1740e+28,4.8620e+28,6.3000e+27,3.8600e+27,8.0301e+32,1.1939e+32,304
159,4,0.3500,0.5500,9.4860e+28,2.1608e+29,1.0610e+28,2.0400e+28,1.0862e+33,1.3138e+32,304
159,5,0.5500,1.0100,2.2193e+29,1.0015e+30,3.0140e+28,1.8724e+29,1.5853e+33,1.9851e+32,304
160,0,0.0000,0.0500,3.1500e+27,0.0000e+00,1.5500e+27,0.0000e+00,5.5448e+32,3.1733e+32,304
160,1,0.0500,0.1000,4.3800e+27,3.7000e+26,9.0000e+26,0.0000e+00,2.8133e+32,6.3742e+31,304
160,2,0.1000,0.2000,1.7760e+28,9.0200e+27,4.3500e+27,6.0000e+26,6.6146e+32,1.6680e+32,304
160,3,0.2000,0.3500,4.2450e+28,5.0250e+28,5.9000e+27,4.1800e+27,7.9646e+32,1.1437e+32,304
160,4,0.3500,0.5500,8.9600e+28,1.9853e+29,1.0700e+28,1.9680e+28,1.0286e+33,1.2885e+32,304
160,5,0.5500,1.0100,2.3087e+29,1.0322e+30,3.0180e+28,1.8444e+29,1.6415e+33,2.0211e+32,304
161,0,0.0000,0.0500,3.0200e+27,0.0000e+00,1.7100e+27,0.0000e+00,5.8188e+32,3.0812e+32,305
161,1,0.0500,0.1000,4.0000e+27,2.8000e+26,8.7000e+26,0.0000e+00,2.6579e+32,7.3747e+31,305
161,2,0.1000,0.2000,1.8760e+28,8.8600e+27,4.0400e+27,6.5000e+26,6.7809e+32,1.7069e+32,305
161,3,0.2000,0.3500,4.1130e+28,4.8840e+28,6.7600e+27,4.4000e+27,7.6090e+32,1.3140e+32,305
161,4,0.3500,0.5500,8.3090e+28,1.8448e+29,1.1820e+28,2.1860e+28,9.7401e+32,1.3927e+32,305
161,5,0.5500,1.0100,2.3499e+29,1.0528e+30,3.5420e+28,2.1033e+29,1.6781e+33,2.3291e+32,305
162,0,0.0000,0.0500,3.3000e+27,0.0000e+00,1.6100e+27,1.0000e+25,6.1563e+32,3.0531e+32,307
162,1,0.0500,0.1000,3.7500e+27,2.3000e+26,9.3000e+26,1.0000e+25,2.3624e+32,7.6698e+31,307
162,2,0.1000,0.2000,1.9060e+28,8.8600e+27,4.5400e+27,5.2000e+26,6.8817e+32,1.7698e+32,307
162,3,0.2000,0.3500,3.6490e+28,4.1650e+28,7.0400e+27,4.5300e+27,7.0930e+32,1.4262e+32,307
162,4,0.3500,0.5500,8.4110e+28,1.8581e+29,1.3540e+28,2.4170e+28,1.0041e+33,1.5650e+32,307
162,5,0.5500,1.0100,2.3759e+29,1.0540e+30,3.7740e+28,2.2783e+29,1.6773e+33,2.5615e+32,307
163,0,0.0000,0.0500,3.0000e+27,0.0000e+00,1.5500e+27,1.0000e+25,6.0193e+32,3.2051e+32,307
163,1,0.0500,0.1000,3.5800e+27,2.9000e+26,9.4000e+26,0.0000e+00,2.2675e+32,6.5732e+31,307
163,2,0.1000,0.2000,1.7370e+28,8.1300e+27,4.6800e+27,5.8000e+26,6.4272e+32,1.7877e+32,307
163,3,0.2000,0.3500,3.7430e+28,4.4190e+28,7.3200e+27,4.1600e+27,7.4633e+32,1.4144e+32,307
163,4,0.3500,0.5500,8.5690e+28,1.9345e+29,1.4540e+28,2.4660e+28,1.0202e+33,1.6079e+32,307
163,5,0.5500,1.0100,2.3652e+29,1.0691e+30,3.9110e+28,2.3093e+29,1.6681e+33,2.5687e+32,307
164,0,0.0000,0.0500,3.0300e+27,0.0000e+00,1.5700e+27,0.0000e+00,5.5382e+32,3.2764e+32,307
164,1,0.0500,0.1000,3.9600e+27,2.0000e+26,1.1300e+27,0.0000e+00,2.5506e+32,6.5275e+31,307
164,2,0.1000,0.2000,1.7210e+28,8.0600e+27,4.9500e+27,5.1000e+26,6.3829e+32,1.8592e+32,307
164,3,0.2000,0.3500,3.9620e+28,4.5420e+28,6.3400e+27,3.9900e+27,7.5639e+32,1.3398e+32,307
164,4,0.3500,0.5500,8.5700e+28,1.9139e+29,1.3570e+28,2.3280e+28,9.8576e+32,1.5911e+32,307
164,5,0.5500,1.0100,2.3747e+29,1.0995e+30,3.7590e+28,2.3129e+29,1.6934e+33,2.6178e+32,307
165,0,0.0000,0.0500,2.9200e+27,0.0000e+00,1.8100e+27,0.0000e+00,5.6080e+32,3.2526e+32,309
165,1,0.0500,0.1000,3.5100e+27,2.5000e+26,9.6000e+26,2.0000e+25,2.5598e+32,7.5964e+31,309
165,2,0.1000,0.2000,1.7830e+28,8.2000e+27,5.4000e+27,5.4000e+26,6.4646e+32,1.8895e+32,309
165,3,0.2000,0.3500,3.7650e+28,4.5500e+28,7.3900e+27,4.4000e+27,7.3159e+32,1.4828e+32,309
165,4,0.3500,0.5500,7.8690e+28,1.7587e+29,1.3270e+28,2.3110e+28,9.3463e+32,1.6344e+32,309
165,5,0.5500,1.0100,2.4610e+29,1.1127e+30,4.3070e+28,2.4615e+29,1.7409e+33,2.8869e+32,309
166,0,0.0000,0.0500,3.0600e+27,0.0000e+00,1.7500e+27,0.0000e+00,6.0648e+32,3.1591e+32,309
166,1,0.0500,0.1000,3.5500e+27,2.7000e+26,1.2100e+27,1.0000e+25,2.2416e+32,8.1929e+31,309
166,2,0.1000,0.2000,1.7510e+28,8.6600e+27,5.2600e+27,5.4000e+26,6.6049e+32,1.9777e+32,309
166,3,0.2000,0.3500,3.5430e+28,4.0720e+28,8.4300e+27,4.6500e+27,6.7405e+32,1.6634e+32,309
166,4,0.3500,0.5500,7.8730e+28,1.7381e+29,1.5380e+28,2.7070e+28,9.2721e+32,1.8950e+32,309
166,5,0.5500,1.0100,2.4232e+29,1.0865e+30,4.9830e+28,2.8829e+29,1.7092e+33,3.3423e+32,309
167,0,0.0000,0.0500,3.2000e+27,0.0000e+00,1.9300e+27,0.0000e+00,5.9999e+32,3.3080e+32,310
167,1,0.0500,0.1000,3.0900e+27,2.3000e+26,8.1000e+26,0.0000e+00,2.1154e+32,7.2465e+31,310
167,2,0.1000,0.2000,1.6660e+28,6.8200e+27,5.0400e+27,7.2000e+26,6.2355e+32,1.9970e+32,310
167,3,0.2000,0.3500,3.4590e+28,3.8100e+28,8.0000e+27,4.8900e+27,6.9190e+32,1.6699e+32,310
167,4,0.3500,0.5500,7.9640e+28,1.7633e+29,1.6170e+28,2.8630e+28,9.5621e+32,1.9563e+32,310
167,5,0.5500,1.0100,2.4143e+29,1.1129e+30,4.9780e+28,2.8525e+29,1.7090e+33,3.3468e+32,310
168,0,0.0000,0.0500,3.2900e+27,0.0000e+00,2.1200e+27,0.0000e+00,5.5429e+32,3.4167e+32,310
168,1,0.0500,0.1000,3.4800e+27,1.9000e+26,1.1100e+27,3.0000e+25,2.3326e+32,6.8931e+31,310
168,2,0.1000,0.2000,1.6290e+28,7.0800e+27,5.2900e+27,5.8000e+26,6.1428e+32,2.0764e+32,310
168,3,0.2000,0.3500,3.7250e+28,4.1100e+28,7.5100e+27,4.6500e+27,7.1341e+32,1.5707e+32,310
168,4,0.3500,0.5500,7.9270e+28,1.7564e+29,1.6450e+28,2.7960e+28,9.3681e+32,1.9544e+32,310
168,5,0.5500,1.0100,2.4335e+29,1.1282e+30,4.8470e+28,2.7818e+29,1.7142e+33,3.3874e+32,310
169,0,0.0000,0.0500,2.9100e+27,0.0000e+00,1.7300e+27,0.0000e+00,5.4183e+32,3.4234e+32,311
169,1,0.0500,0.1000,3.5500e+27,2.0000e+26,1.3700e+27,1.0000e+25,2.4577e+32,7.8241e+31,311
169,2,0.1000,0.2000,1.6620e+28,7.9500e+27,5.4000e+27,6.6000e+26,6.1629e+32,2.1019e+32,311
169,3,0.2000,0.3500,3.5650e+28,4.1710e+28,8.5500e+27,5.1000e+27,6.9513e+32,1.6781e+32,311
169,4,0.3500,0.5500,7.3570e+28,1.5836e+29,1.6340e+28,2.7530e+28,8.8614e+32,1.9304e+32,311
169,5,0.5500,1.0100,2.4992e+29,1.1400e+30,5.2160e+28,2.9051e+29,1.7556e+33,3.5693e+32,311
170,0,0.0000,0.0500,3.0100e+27,0.0000e+00,1.9100e+27,0.0000e+00,5.9632e+32,3.3129e+32,311
170,1,0.0500,0.1000,3.3600e+27,1.3000e+26,1.2400e+27,0.0000e+00,2.1378e+32,8.7977e+31,311
170,2,0.1000,0.2000,1.6340e+28,7.7400e+27,5.7600e+27,7.0000e+26,6.2759e+32,2.2293e+32,311
170,3,0.2000,0.3500,3.2320e+28,3.6280e+28,9.4800e+27,6.1700e+27,6.3825e+32,1.9328e+32,311
170,4,0.3500,0.5500,7.1160e+28,1.5322e+29,1.9250e+28,3.2220e+28,8.5375e+32,2.2868e+32,311
170,5,0.5500,1.0100,2.4000e+29,1.1030e+30,6.3210e+28,3.5740e+29,1.6987e+33,4.3113e+32,311
171,0,0.0000,0.0500,3.2000e+27,0.0000e+00,1.8500e+27,0.0000e+00,5.9154e+32,3.4479e+32,312
171,1,0.0500,0.1000,2.8500e+27,3.3000e+26,1.2600e+27,3.0000e+25,1.9985e+32,7.9939e+31,312
171,2,0.1000,0.2000,1.6430e+28,6.8700e+27,5.4400e+27,6.0000e+26,6.0235e+32,2.2478e+32,312
171,3,0.2000,0.3500,3.2630e+28,3.5500e+28,1.0080e+28,6.0700e+27,6.3788e+32,1.9470e+32,312
171,4,0.3500,0.5500,7.4350e+28,1.6292e+29,1.8740e+28,3.3750e+28,8.8975e+32,2.3576e+32,312
171,5,0.5500,1.0100,2.4007e+29,1.0987e+30,6.4210e+28,3.4518e+29,1.6958e+33,4.2880e+32,312
172,0,0.0000,0.0500,2.9400e+27,0.0000e+00,1.9100e+27,0.0000e+00,5.4938e+32,3.5893e+32,312
172,1,0.0500,0.1000,3.2700e+27,1.4000e+26,1.2800e+27,1.0000e+25,2.1771e+32,7.3936e+31,312
172,2,0.1000,0.2000,1.4890e+28,6.7600e+27,5.7000e+27,8.4000e+26,5.8480e+32,2.3356e+32,312
172,3,0.2000,0.3500,3.3740e+28,3.7960e+28,9.3400e+27,5.1400e+27,6.6933e+32,1.8292e+32,312
172,4,0.3500,0.5500,7.2740e+28,1.6366e+29,2.0110e+28,3.2430e+28,8.7925e+32,2.3635e+32,312
172,5,0.5500,1.0100,2.4156e+29,1.1158e+30,6.3690e+28,3.3552e+29,1.6902e+33,4.3171e+32,312
173,0,0.0000,0.0500,2.7700e+27,0.0000e+00,2.2100e+27,0.0000e+00,5.2556e+32,3.6199e+32,313
173,1,0.0500,0.1000,3.2300e+27,2.1000e+26,8.8000e+26,2.0000e+25,2.3685e+32,8.2112e+31,313
173,2,0.1000,0.2000,1.5880e+28,7.0500e+27,6.1400e+27,8.1000e+26,5.8620e+32,2.3682e+32,313
173,3,0.2000,0.3500,3.4790e+28,3.6780e+28,8.9200e+27,5.8900e+27,6.5775e+32,1.9121e+32,313
173,4,0.3500,0.5500,7.1430e+28,1.4990e+29,1.9730e+28,3.1030e+28,8.3671e+32,2.2787e+32,313
173,5,0.5500,1.0100,2.4572e+29,1.1415e+30,6.5270e+28,3.3323e+29,1.7300e+33,4.4020e+32,313
174,0,0.0000,0.0500,2.7700e+27,0.0000e+00,2.3600e+27,0.0000e+00,5.8763e+32,3.4925e+32,313
174,1,0.0500,0.1000,2.9100e+27,1.3000e+26,1.2900e+27,1.0000e+25,2.0672e+32,9.5700e+31,313
174,2,0.1000,0.2000,1.5540e+28,8.0400e+27,6.1700e+27,6.6000e+26,5.9039e+32,2.5296e+32,313
174,3,0.2000,0.3500,3.0340e+28,3.6570e+28,1.1080e+28,6.6800e+27,6.0216e+32,2.2424e+32,313
174,4,0.3500,0.5500,6.6100e+28,1.4119e+29,2.3810e+28,3.8490e+28,7.8619e+32,2.7339e+32,313
174,5,0.5500,1.0100,2.3521e+29,1.0734e+30,8.0250e+28,4.1461e+29,1.6417e+33,5.4371e+32,313
175,0,0.0000,0.0500,3.2100e+27,0.0000e+00,2.1400e+27,0.0000e+00,5.8184e+32,3.6067e+32,313
175,1,0.0500,0.1000,2.7600e+27,2.4000e+26,1.2300e+27,0.0000e+00,1.9082e+32,8.8486e+31,313
175,2,0.1000,0.2000,1.4750e+28,6.9600e+27,6.0000e+27,6.2000e+26,5.7307e+32,2.5402e+32,313
175,3,0.2000,0.3500,2.9350e+28,3.1880e+28,1.1450e+28,6.6400e+27,5.8925e+32,2.2587e+32,313
175,4,0.3500,0.5500,6.9320e+28,1.4654e+29,2.3450e+28,3.6110e+28,8.2115e+32,2.8137e+32,313
175,5,0.5500,1.0100,2.3240e+29,1.0876e+30,8.0330e+28,4.0342e+29,1.6350e+33,5.3534e+32,313
176,0,0.0000,0.0500,2.9000e+27,1.0000e+25,1.9700e+27,0.0000e+00,5.4171e+32,3.7828e+32,313
176,1,0.0500,0.1000,2.4200e+27,2.3000e+26,1.2800e+27,0.0000e+00,2.0535e+32,8.0452e+31,313
176,2,0.1000,0.2000,1.4020e+28,6.5600e+27,6.3200e+27,8.0000e+26,5.5276e+32,2.6215e+32,313
176,3,0.2000,0.3500,3.1850e+28,3.4250e+28,1.0140e+28,6.6800e+27,6.2556e+32,2.1316e+32,313
176,4,0.3500,0.5500,6.7710e+28,1.4921e+29,2.3670e+28,3.6450e+28,8.1446e+32,2.8212e+32,313
176,5,0.5500,1.0100,2.3427e+29,1.0945e+30,7.7440e+28,3.9961e+29,1.6265e+33,5.3614e+32,313
177,0,0.0000,0.0500,3.1800e+27,0.0000e+00,2.0000e+27,0.0000e+00,5.1151e+32,3.8222e+32,314
177,1,0.0500,0.1000,3.4100e+27,2.4000e+26,1.4100e+27,1.0000e+25,2.2876e+32,8.8289e+31,314
177,2,0.1000,0.2000,1.4280e+28,6.5900e+27,6.1000e+27,8.2000e+26,5.5415e+32,2.6652e+32,314
177,3,0.2000,0.3500,3.0460e+28,3.5040e+28,1.1780e+28,6.5100e+27,6.1814e+32,2.1866e+32,314
177,4,0.3500,0.5500,6.6340e+28,1.3573e+29,2.2120e+28,3.6250e+28,7.7922e+32,2.7055e+32,314
177,5,0.5500,1.0100,2.3965e+29,1.1427e+30,7.9520e+28,3.9216e+29,1.6648e+33,5.3841e+32,314
178,0,0.0000,0.0500,2.8000e+27,0.0000e+00,2.0600e+27,0.0000e+00,5.6855e+32,3.6971e+32,313
178,1,0.0500,0.1000,2.9000e+27,2.1000e+26,1.3800e+27,0.0000e+00,2.0254e+32,1.0436e+32,313
178,2,0.1000,0.2000,1.4790e+28,7.2400e+27,7.1000e+27,1.1300e+27,5.4978e+32,2.8389e+32,313
178,3,0.2000,0.3500,2.8980e+28,3.3350e+28,1.2490e+28,7.3600e+27,5.6287e+32,2.5678e+32,313
178,4,0.3500,0.5500,5.9100e+28,1.2659e+29,2.7000e+28,4.1370e+28,7.1465e+32,3.1915e+32,313
178,5,0.5500,1.0100,2.2320e+29,1.0518e+30,9.5720e+28,4.7405e+29,1.5526e+33,6.5667e+32,313
179,0,0.0000,0.0500,3.0400e+27,0.0000e+00,2.1900e+27,0.0000e+00,5.6700e+32,3.8175e+32,314
179,1,0.0500,0.1000,2.5900e+27,1.2000e+26,1.3200e+27,0.0000e+00,1.8502e+32,9.8428e+31,314
179,2,0.1000,0.2000,1.4750e+28,6.1400e+27,7.2400e+27,7.6000e+26,5.4166e+32,2.8652e+32,314
179,3,0.2000,0.3500,2.6390e+28,3.0820e+28,1.3170e+28,7.1700e+27,5.4406e+32,2.6071e+32,314
179,4,0.3500,0.5500,6.3070e+28,1.3864e+29,2.7670e+28,4.3710e+28,7.5183e+32,3.3183e+32,314
179,5,0.5500,1.0100,2.2015e+29,1.0544e+30,9.6150e+28,4.7470e+29,1.5473e+33,6.5144e+32,314
180,0,0.0000,0.0500,2.8700e+27,0.0000e+00,2.2100e+27,0.0000e+00,5.3048e+32,3.9997e+32,313
180,1,0.0500,0.1000,2.7300e+27,2.3000e+26,1.4800e+27,0.0000e+00,1.9553e+32,8.8770e+31,313
180,2,0.1000,0.2000,1.3400e+28,6.5300e+27,7.2500e+27,6.9000e+26,5.1808e+32,2.9350e+32,313
180,3,0.2000,0.3500,2.8900e+28,3.3120e+28,1.2290e+28,6.2900e+27,5.7903e+32,2.4690e+32,313
180,4,0.3500,0.5500,6.2810e+28,1.3854e+29,2.6930e+28,4.2110e+28,7.4607e+32,3.3183e+32,313
180,5,0.5500,1.0100,2.1965e+29,1.0591e+30,9.5190e+28,4.6540e+29,1.5328e+33,6.4750e+32,313
181,0,0.0000,0.0500,2.6600e+27,0.0000e+00,2.1800e+27,0.0000e+00,4.9703e+32,4.0449e+32,314
181,1,0.0500,0.1000,3.1700e+27,2.6000e+26,1.3000e+27,0.0000e+00,2.2155e+32,9.6625e+31,314
181,2,0.1000,0.2000,1.2960e+28,6.8800e+27,7.4300e+27,9.5000e+26,5.1932e+32,3.0105e+32,314
181,3,0.2000,0.3500,2.9240e+28,3.4090e+28,1.2760e+28,7.3000e+27,5.7539e+32,2.5008e+32,314
181,4,0.3500,0.5500,6.0050e+28,1.2990e+29,2.6650e+28,3.9850e+28,7.1763e+32,3.1912e+32,314
181,5,0.5500,1.0100,2.2981e+29,1.1060e+30,9.4610e+28,4.5387e+29,1.5640e+33,6.4815e+32,314
182,0,0.0000,0.0500,2.7700e+27,0.0000e+00,2.3200e+27,0.0000e+00,5.4780e+32,3.9185e+32,313
182,1,0.0500,0.1000,2.8000e+27,1.1000e+26,1.5300e+27,2.0000e+25,1.9999e+32,1.1417e+32,313
182,2,0.1000,0.2000,1.3770e+28,6.7600e+27,7.6200e+27,7.9000e+26,5.1326e+32,3.1502e+32,313
182,3,0.2000,0.3500,2.6000e+28,3.3030e+28,1.5090e+28,8.5100e+27,5.2595e+32,2.8902e+32,313
182,4,0.3500,0.5500,5.3780e+28,1.1847e+29,3.1090e+28,4.5860e+28,6.5271e+32,3.6475e+32,313
182,5,0.5500,1.0100,2.0931e+29,1.0099e+30,1.1177e+29,5.4347e+29,1.4485e+33,7.6715e+32,313
183,0,0.0000,0.0500,3.0800e+27,0.0000e+00,2.5100e+27,0.0000e+00,5.5018e+32,4.0163e+32,313
183,1,0.0500,0.1000,2.7200e+27,1.5000e+26,1.6500e+27,1.0000e+25,1.7883e+32,1.0911e+32,313
183,2,0.1000,0.2000,1.3210e+28,6.5600e+27,7.5900e+27,9.4000e+26,5.0842e+32,3.1847e+32,313
183,3,0.2000,0.3500,2.4420e+28,2.8660e+28,1.4760e+28,8.4500e+27,5.0192e+32,2.9483e+32,313
183,4,0.3500,0.5500,5.4980e+28,1.2157e+29,3.1380e+28,4.6960e+28,6.8108e+32,3.8164e+32,313
183,5,0.5500,1.0100,2.0818e+29,9.9750e+29,1.1181e+29,5.3157e+29,1.4268e+33,7.6472e+32,313
184,0,0.0000,0.0500,2.8000e+27,0.0000e+00,2.4800e+27,0.0000e+00,5.2150e+32,4.2400e+32,314
184,1,0.0500,0.1000,2.8100e+27,1.5000e+26,1.6500e+27,2.0000e+25,1.8697e+32,9.8733e+31,314
184,2,0.1000,0.2000,1.2440e+28,6.3200e+27,8.0900e+27,9.4000e+26,4.8863e+32,3.2707e+32,314
184,3,0.2000,0.3500,2.6180e+28,2.9960e+28,1.4130e+28,7.7500e+27,5.3790e+32,2.8284e+32,314
184,4,0.3500,0.5500,5.6910e+28,1.2819e+29,3.1810e+28,4.6590e+28,6.8375e+32,3.8442e+32,314
184,5,0.5500,1.0100,2.0791e+29,1.0068e+30,1.1192e+29,5.2851e+29,1.4215e+33,7.6150e+32,314
185,0,0.0000,0.0500,2.9100e+27,0.0000e+00,2.4400e+27,0.0000e+00,4.8084e+32,4.2565e+32,312
185,1,0.0500,0.1000,3.2200e+27,2.6000e+26,1.3500e+27,1.0000e+25,2.1245e+32,1.0551e+32,312
185,2,0.1000,0.2000,1.2810e+28,6.5700e+27,8.0500e+27,1.0900e+27,4.8517e+32,3.3467e+32,312
185,3,0.2000,0.3500,2.6160e+28,3.0810e+28,1.4530e+28,7.8700e+27,5.3155e+32,2.8016e+32,312
185,4,0.3500,0.5500,5.5400e+28,1.2182e+29,3.0180e+28,4.2990e+28,6.5414e+32,3.6672e+32,312
185,5,0.5500,1.0100,2.1054e+29,1.0370e+30,1.0910e+29,5.1235e+29,1.4339e+33,7.5237e+32,312
186,0,0.0000,0.0500,2.7200e+27,0.0000e+00,2.3800e+27,0.0000e+00,5.3056e+32,4.1351e+32,313
186,1,0.0500,0.1000,3.2600e+27,1.4000e+26,1.6900e+27,1.0000e+25,1.9892e+32,1.2446e+32,313
186,2,0.1000,0.2000,1.2880e+28,6.6500e+27,9.1400e+27,7.9000e+26,4.8328e+32,3.4472e+32,313
186,3,0.2000,0.3500,2.4790e+28,3.1050e+28,1.6790e+28,8.6300e+27,4.9257e+32,3.1942e+32,313
186,4,0.3500,0.5500,4.9420e+28,1.1389e+29,3.3620e+28,4.8250e+28,5.9779e+32,4.0603e+32,313
186,5,0.5500,1.0100,1.9547e+29,9.6171e+29,1.2671e+29,5.9047e+29,1.3351e+33,8.6534e+32,313
187,0,0.0000,0.0500,2.6600e+27,0.0000e+00,2.3800e+27,0.0000e+00,5.3877e+32,4.1937e+32,312
187,1,0.0500,0.1000,2.9100e+27,1.1000e+26,1.7000e+27,2.0000e+25,1.7535e+32,1.2146e+32,312
187,2,0.1000,0.2000,1.2840e+28,6.6400e+27,8.6500e+27,9.6000e+26,4.8044e+32,3.4794e+32,312
187,3,0.2000,0.3500,2.1840e+28,2.8770e+28,1.5960e+28,8.7000e+27,4.6485e+32,3.2792e+32,312
187,4,0.3500,0.5500,5.1500e+28,1.1602e+29,3.6780e+28,5.3010e+28,6.1657e+32,4.2720e+32,312
187,5,0.5500,1.0100,1.8838e+29,9.4560e+29,1.2670e+29,5.9190e+29,1.2972e+33,8.6887e+32,312
188,0,0.0000,0.0500,3.0800e+27,0.0000e+00,2.4700e+27,0.0000e+00,5.1358e+32,4.4322e+32,312
188,1,0.0500,0.1000,2.5000e+27,1.5000e+26,1.7100e+27,3.0000e+25,1.7886e+32,1.0873e+32,312
188,2,0.1000,0.2000,1.1970e+28,5.9500e+27,8.6700e+27,1.0900e+27,4.5792e+32,3.5409e+32,312
188,3,0.2000,0.3500,2.5250e+28,2.8880e+28,1.5720e+28,8.6300e+27,4.9859e+32,3.1657e+32,312
188,4,0.3500,0.5500,5.0940e+28,1.2159e+29,3.5340e+28,5.1540e+28,6.2180e+32,4.3020e+32,312
188,5,0.5500,1.0100,1.8933e+29,9.6383e+29,1.2753e+29,5.8326e+29,1.2886e+33,8.5855e+32,312
189,0,0.0000,0.0500,2.5900e+27,0.0000e+00,2.2500e+27,0.0000e+00,4.7013e+32,4.4730e+32,311
189,1,0.0500,0.1000,2.9800e+27,1.5000e+26,1.7800e+27,2.0000e+25,2.0875e+32,1.1557e+32,311
189,2,0.1000,0.2000,1.1570e+28,6.4600e+27,9.5700e+27,1.0700e+27,4.5575e+32,3.6689e+32,311
189,3,0.2000,0.3500,2.4920e+28,3.1950e+28,1.6190e+28,9.2000e+27,4.9693e+32,3.0967e+32,311
189,4,0.3500,0.5500,5.0420e+28,1.1617e+29,3.4290e+28,4.7880e+28,5.9996e+32,4.1367e+32,311
189,5,0.5500,1.0100,1.9199e+29,9.7410e+29,1.2489e+29,5.6574e+29,1.3010e+33,8.4951e+32,311
190,0,0.0000,0.0500,2.2500e+27,0.0000e+00,2.3100e+27,0.0000e+00,5.1044e+32,4.3276e+32,311
190,1,0.0500,0.1000,2.9700e+27,1.5000e+26,1.8300e+27,1.0000e+25,2.0002e+32,1.3493e+32,311
190,2,0.1000,0.2000,1.1860e+28,7.0700e+27,9.3500e+27,8.6000e+26,4.5412e+32,3.7042e+32,311
190,3,0.2000,0.3500,2.3930e+28,3.0350e+28,1.8550e+28,8.9300e+27,4.6443e+32,3.4672e+32,311
190,4,0.3500,0.5500,4.6610e+28,1.0274e+29,3.6870e+28,5.3600e+28,5.4776e+32,4.3971e+32,311
190,5,0.5500,1.0100,1.7736e+29,9.1813e+29,1.3646e+29,6.3135e+29,1.2184e+33,9.3915e+32,311
191,0,0.0000,0.0500,2.7000e+27,0.0000e+00,2.7900e+27,0.0000e+00,5.2887e+32,4.3377e+32,310
191,1,0.0500,0.1000,2.6100e+27,2.1000e+26,2.2200e+27,1.0000e+25,1.7333e+32,1.3606e+32,310
191,2,0.1000,0.2000,1.1960e+28,6.5600e+27,8.6100e+27,1.0700e+27,4.5669e+32,3.7308e+32,310
191,3,0.2000,0.3500,2.1750e+28,2.6770e+28,1.7920e+28,9.8200e+27,4.3283e+32,3.6020e+32,310
191,4,0.3500,0.5500,4.6670e+28,1.0788e+29,4.0330e+28,5.6780e+28,5.5783e+32,4.6750e+32,310
191,5,0.5500,1.0100,1.6953e+29,8.8674e+29,1.4303e+29,6.5288e+29,1.1663e+33,9.5326e+32,310
192,0,0.0000,0.0500,2.6100e+27,0.0000e+00,2.6400e+27,0.0000e+00,5.0978e+32,4.6021e+32,310
192,1,0.0500,0.1000,2.6100e+27,2.0000e+26,1.5100e+27,3.0000e+25,1.7168e+32,1.1993e+32,310
192,2,0.1000,0.2000,1.1780e+28,6.0100e+27,9.7500e+27,1.0000e+27,4.3380e+32,3.7808e+32,310
192,3,0.2000,0.3500,2.2780e+28,2.8890e+28,1.7350e+28,9.8100e+27,4.6356e+32,3.5207e+32,310
192,4,0.3500,0.5500,4.7570e+28,1.1414e+29,3.9650e+28,5.5630e+28,5.6704e+32,4.7285e+32,310
192,5,0.5500,1.0100,1.6878e+29,8.9748e+29,1.3942e+29,6.2492e+29,1.1569e+33,9.3617e+32,310
193,0,0.0000,0.0500,2.6700e+27,0.0000e+00,3.0000e+27,0.0000e+00,4.6222e+32,4.6670e+32,309
193,1,0.0500,0.1000,2.7300e+27,3.2000e+26,1.8600e+27,1.0000e+25,2.0520e+32,1.2513e+32,309
193,2,0.1000,0.2000,1.1970e+28,6.4200e+27,1.0030e+28,1.1800e+27,4.3095e+32,3.9526e+32,309
193,3,0.2000,0.3500,2.3250e+28,2.9850e+28,1.7900e+28,9.7000e+27,4.6538e+32,3.3673e+32,309
193,4,0.3500,0.5500,4.7120e+28,1.0861e+29,3.8900e+28,5.5110e+28,5.5011e+32,4.5804e+32,309
193,5,0.5500,1.0100,1.7272e+29,9.1890e+29,1.3485e+29,6.0975e+29,1.1661e+33,9.2447e+32,309
194,0,0.0000,0.0500,2.5500e+27,0.0000e+00,2.3800e+27,0.0000e+00,4.8964e+32,4.5338e+32,309
194,1,0.0500,0.1000,2.7800e+27,1.0000e+26,2.2200e+27,1.0000e+25,2.0123e+32,1.4553e+32,309
194,2,0.1000,0.2000,1.1740e+28,6.4300e+27,1.0610e+28,1.2000e+27,4.3337e+32,3.9553e+32,309
194,3,0.2000,0.3500,2.2620e+28,3.0540e+28,1.9070e+28,1.0490e+28,4.4111e+32,3.7100e+32,309
194,4,0.3500,0.5500,4.2650e+28,1.0063e+29,3.9100e+28,5.6890e+28,5.0876e+32,4.6597e+32,309
194,5,0.5500,1.0100,1.6261e+29,8.8042e+29,1.4591e+29,6.5227e+29,1.1118e+33,9.8397e+32,309
195,0,0.0000,0.0500,2.6200e+27,0.0000e+00,2.8400e+27,0.0000e+00,5.2310e+32,4.4651e+32,308
195,1,0.0500,0.1000,2.6700e+27,2.2000e+26,2.4200e+27,2.0000e+25,1.7605e+32,1.5321e+32,308
195,2,0.1000,0.2000,1.1630e+28,6.1700e+27,1.0020e+28,1.1800e+27,4.3796e+32,3.9585e+32,308
195,3,0.2000,0.3500,2.0000e+28,2.5830e+28,1.9360e+28,1.0300e+28,4.0465e+32,3.9051e+32,308
195,4,0.3500,0.5500,4.2930e+28,1.0533e+29,4.1470e+28,6.1130e+28,5.0683e+32,5.0092e+32,308
195,5,0.5500,1.0100,1.5293e+29,8.2505e+29,1.4984e+29,6.6785e+29,1.0426e+33,1.0138e+33,308
196,0,0.0000,0.0500,2.7400e+27,0.0000e+00,2.9900e+27,0.0000e+00,5.0918e+32,4.7229e+32,307
196,1,0.0500,0.1000,2.2300e+27,2.3000e+26,2.0400e+27,3.0000e+25,1.6634e+32,1.3490e+32,307
196,2,0.1000,0.2000,1.0780e+28,5.7400e+27,1.0290e+28,1.2100e+27,4.1483e+32,3.9862e+32,307
196,3,0.2000,0.3500,2.1880e+28,2.8660e+28,1.9280e+28,1.0440e+28,4.3006e+32,3.8545e+32,307
196,4,0.3500,0.5500,4.5550e+28,1.0815e+29,4.2830e+28,6.2800e+28,5.1845e+32,5.0941e+32,307
196,5,0.5500,1.0100,1.5253e+29,8.2309e+29,1.4631e+29,6.5824e+29,1.0331e+33,9.8292e+32,307
197,0,0.0000,0.0500,2.5800e+27,0.0000e+00,2.3800e+27,0.0000e+00,4.5955e+32,4.8360e+32,306
197,1,0.0500,0.1000,2.5100e+27,1.8000e+26,2.0600e+27,4.0000e+25,1.9789e+32,1.3603e+32,306
197,2,0.1000,0.2000,1.1250e+28,5.9100e+27,1.0790e+28,1.3500e+27,4.1221e+32,4.1830e+32,306
197,3,0.2000,0.3500,2.2640e+28,2.9700e+28,1.8080e+28,1.0190e+28,4.3843e+32,3.6184e+32,306
197,4,0.3500,0.5500,4.4440e+28,1.0770e+29,4.3540e+28,6.1590e+28,5.0898e+32,4.9849e+32,306
197,5,0.5500,1.0100,1.5413e+29,8.4151e+29,1.4304e+29,6.3184e+29,1.0356e+33,9.6994e+32,306
198,0,0.0000,0.0500,2.4500e+27,0.0000e+00,2.3700e+27,0.0000e+00,4.6303e+32,4.7447e+32,305
198,1,0.0500,0.1000,2.8200e+27,1.8000e+26,2.2300e+27,2.0000e+25,2.0424e+32,1.5636e+32,305
198,2,0.1000,0.2000,1.1380e+28,6.5800e+27,1.0690e+28,1.2000e+27,4.1117e+32,4.1601e+32,305
198,3,0.2000,0.3500,2.1390e+28,2.9340e+28,2.0670e+28,1.1470e+28,4.2391e+32,3.8798e+32,305
198,4,0.3500,0.5500,4.0520e+28,9.8620e+28,4.1410e+28,5.9980e+28,4.7916e+32,4.8335e+32,305
198,5,0.5500,1.0100,1.5303e+29,8.3332e+29,1.4493e+29,6.4737e+29,1.0141e+33,9.8874e+32,305
199,0,0.0000,0.0500,2.4200e+27,1.0000e+25,2.5600e+27,0.0000e+00,5.2147e+32,4.5551e+32,305
199,1,0.0500,0.1000,2.5900e+27,2.7000e+26,2.4800e+27,2.0000e+25,1.8299e+32,1.7115e+32,305
199,2,0.1000,0.2000,1.1180e+28,6.3700e+27,1.0470e+28,1.1300e+27,4.1899e+32,4.1635e+32,305
199,3,0.2000,0.3500,2.0070e+28,2.6660e+28,2.2450e+28,1.2010e+28,3.8588e+32,4.1660e+32,305
199,4,0.3500,0.5500,3.8610e+28,9.5530e+28,4.6310e+28,6.4960e+28,4.5863e+32,5.2639e+32,305
199,5,0.5500,1.0100,1.3864e+29,7.6405e+29,1.5693e+29,6.9267e+29,9.2640e+32,1.0463e+33,305
200,0,0.0000,0.0500,2.8000e+27,0.0000e+00,2.7600e+27,0.0000e+00,5.1129e+32,4.7687e+32,303
200,1,0.0500,0.1000,2.5400e+27,2.4000e+26,2.1400e+27,0.0000e+00,1.6655e+32,1.5435e+32,303
200,2,0.1000,0.2000,1.0640e+28,5.7100e+27,1.0930e+28,1.2000e+27,4.0022e+32,4.1530e+32,303
200,3,0.2000,0.3500,1.9500e+28,2.6150e+28,2.2180e+28,1.1570e+28,3.9544e+32,4.1529e+32,303
200,4,0.3500,0.5500,4.0140e+28,1.0398e+29,4.5570e+28,6.9600e+28,4.7611e+32,5.3958e+32,303
200,5,0.5500,1.0100,1.3784e+29,7.7068e+29,1.4818e+29,6.6689e+29,9.1856e+32,1.0030e+33,303
201,0,0.0000,0.0500,2.5700e+27,0.0000e+00,3.0500e+27,0.0000e+00,4.6818e+32,5.0000e+32,303
201,1,0.0500,0.1000,2.5300e+27,1.4000e+26,2.3100e+27,2.0000e+25,1.8777e+32,1.4840e+32,303
201,2,0.1000,0.2000,9.9200e+27,5.9800e+27,1.1220e+28,1.6100e+27,3.9606e+32,4.3388e+32,303
201,3,0.2000,0.3500,2.1240e+28,2.9650e+28,2.0040e+28,1.0420e+28,4.1609e+32,3.8744e+32,303
201,4,0.3500,0.5500,4.1750e+28,1.0578e+29,4.6410e+28,6.4870e+28,4.7589e+32,5.3648e+32,303
201,5,0.5500,1.0100,1.3676e+29,7.8397e+29,1.4722e+29,6.4707e+29,9.1743e+32,9.8913e+32,303
202,0,0.0000,0.0500,2.5600e+27,0.0000e+00,2.8400e+27,0.0000e+00,4.3346e+32,5.0226e+32,301
202,1,0.0500,0.1000,3.2300e+27,3.2000e+26,2.3500e+27,1.0000e+25,2.0911e+32,1.6153e+32,301
202,2,0.1000,0.2000,1.0260e+28,6.4900e+27,1.1330e+28,1.4900e+27,3.9418e+32,4.3839e+32,301
202,3,0.2000,0.3500,2.1940e+28,3.0600e+28,2.0260e+28,1.2770e+28,4.1184e+32,3.9909e+32,301
202,4,0.3500,0.5500,3.8730e+28,1.0152e+29,4.3850e+28,6.3240e+28,4.5669e+32,5.0135e+32,301
202,5,0.5500,1.0100,1.4048e+29,7.9320e+29,1.4143e+29,6.1568e+29,9.3091e+32,9.6545e+32,301
203,0,0.0000,0.0500,2.2700e+27,0.0000e+00,3.1200e+27,0.0000e+00,5.1855e+32,4.6311e+32,301
203,1,0.0500,0.1000,2.7900e+27,1.3000e+26,2.8800e+27,4.0000e+25,1.9262e+32,1.9130e+32,301
203,2,0.1000,0.2000,1.1170e+28,6.3500e+27,1.1760e+28,1.3700e+27,3.9752e+32,4.3130e+32,301
203,3,0.2000,0.3500,1.9530e+28,2.7730e+28,2.3180e+28,1.3070e+28,3.7818e+32,4.3743e+32,301
203,4,0.3500,0.5500,3.5410e+28,9.3040e+28,4.7050e+28,6.9730e+28,4.1738e+32,5.3872e+32,301
203,5,0.5500,1.0100,1.2466e+29,7.0319e+29,1.5753e+29,7.0238e+29,8.2864e+32,1.0455e+33,301
204,0,0.0000,0.0500,2.5400e+27,0.0000e+00,2.6100e+27,0.0000e+00,5.1238e+32,4.7661e+32,299
204,1,0.0500,0.1000,2.4900e+27,1.7000e+26,2.5800e+27,0.0000e+00,1.7173e+32,1.8105e+32,299
204,2,0.1000,0.2000,1.0900e+28,6.2600e+27,1.0990e+28,1.3500e+27,3.9880e+32,4.3067e+32,299
204,3,0.2000,0.3500,1.9460e+28,2.5360e+28,2.2170e+28,1.2870e+28,3.6424e+32,4.3952e+32,299
204,4,0.3500,0.5500,3.8070e+28,9.9480e+28,4.9800e+28,7.4300e+28,4.3998e+32,5.5823e+32,299
204,5,0.5500,1.0100,1.2298e+29,6.9878e+29,1.4938e+29,6.6250e+29,8.1679e+32,9.9829e+32,299
205,0,0.0000,0.0500,2.6200e+27,0.0000e+00,3.3200e+27,0.0000e+00,4.8791e+32,5.1138e+32,299
205,1,0.0500,0.1000,2.6200e+27,1.4000e+26,2.7900e+27,2.0000e+25,1.7361e+32,1.6401e+32,299
205,2,0.1000,0.2000,1.0610e+28,5.9400e+27,1.1040e+28,1.4300e+27,3.8462e+32,4.3584e+32,299
205,3,0.2000,0.3500,2.0520e+28,2.8510e+28,2.2180e+28,1.2350e+28,3.9542e+32,4.2664e+32,299
205,4,0.3500,0.5500,3.9390e+28,1.0388e+29,4.8520e+28,7.2180e+28,4.4558e+32,5.6229e+32,299
205,5,0.5500,1.0100,1.2294e+29,7.1033e+29,1.4745e+29,6.4713e+29,8.1061e+32,9.7514e+32,299
206,0,0.0000,0.0500,2.5400e+27,0.0000e+00,2.6300e+27,0.0000e+00,4.3817e+32,5.1613e+32,297
206,1,0.0500,0.1000,3.4400e+27,3.0000e+26,2.5300e+27,4.0000e+25,2.0876e+32,1.7334e+32,297
206,2,0.1000,0.2000,1.0410e+28,6.8300e+27,1.2120e+28,1.6500e+27,3.8317e+32,4.5826e+32,297
206,3,0.2000,0.3500,2.1110e+28,2.9590e+28,2.1430e+28,1.2490e+28,3.9375e+32,4.0639e+32,297
206,4,0.3500,0.5500,3.9000e+28,9.9660e+28,4.8290e+28,6.8850e+28,4.3141e+32,5.3991e+32,297
206,5,0.5500,1.0100,1.2605e+29,7.2807e+29,1.4360e+29,6.2630e+29,8.1858e+32,9.5286e+32,297
207,0,0.0000,0.0500,2.2700e+27,0.0000e+00,2.8300e+27,1.0000e+25,4.7198e+32,4.9255e+32,296
207,1,0.0500,0.1000,3.0800e+27,3.4000e+26,3.0200e+27,4.0000e+25,2.0616e+32,1.9975e+32,296
207,2,0.1000,0.2000,1.0790e+28,6.7400e+27,1.1830e+28,1.7400e+27,3.8781e+32,4.4687e+32,296
207,3,0.2000,0.3500,1.9720e+28,2.8610e+28,2.3420e+28,1.4120e+28,3.7672e+32,4.4215e+32,296
207,4,0.3500,0.5500,3.5820e+28,9.6720e+28,4.6890e+28,7.0540e+28,4.0308e+32,5.3065e+32,296
207,5,0.5500,1.0100,1.1959e+29,6.8759e+29,1.4684e+29,6.5113e+29,7.8093e+32,9.7684e+32,296
208,0,0.0000,0.0500,2.4600e+27,0.0000e+00,2.8000e+27,0.0000e+00,5.1904e+32,4.7613e+32,295
208,1,0.0500,0.1000,2.8100e+27,2.7000e+26,2.9800e+27,3.0000e+25,1.8277e+32,2.1165e+32,295
208,2,0.1000,0.2000,1.0850e+28,7.0800e+27,1.2030e+28,1.4900e+27,3.9883e+32,4.3921e+32,295
208,3,0.2000,0.3500,1.8730e+28,2.6860e+28,2.4620e+28,1.4550e+28,3.4689e+32,4.6045e+32,295
208,4,0.3500,0.5500,3.5350e+28,9.6800e+28,4.8490e+28,7.7230e+28,4.0360e+32,5.6269e+32,295
208,5,0.5500,1.0100,1.1284e+29,6.5331e+29,1.4962e+29,6.6528e+29,7.2911e+32,9.8042e+32,295
209,0,0.0000,0.0500,2.6700e+27,0.0000e+00,3.1100e+27,0.0000e+00,5.0754e+32,5.0726e+32,293
209,1,0.0500,0.1000,2.6900e+27,2.5000e+26,2.7500e+27,0.0000e+00,1.6846e+32,1.8601e+32,293
209,2,0.1000,0.2000,9.9800e+27,6.6300e+27,1.2080e+28,1.3800e+27,3.7770e+32,4.3884e+32,293
209,3,0.2000,0.3500,1.8790e+28,2.8020e+28,2.4030e+28,1.3730e+28,3.6642e+32,4.5995e+32,293
209,4,0.3500,0.5500,3.8200e+28,1.0146e+29,5.1890e+28,7.9700e+28,4.1651e+32,5.7691e+32,293
209,5,0.5500,1.0100,1.1093e+29,6.5317e+29,1.4138e+29,6.4661e+29,7.2128e+32,9.3172e+32,293
210,0,0.0000,0.0500,2.7600e+27,0.0000e+00,2.9900e+27,1.0000e+25,4.6053e+32,5.3115e+32,293
210,1,0.0500,0.1000,3.1500e+27,2.3000e+26,2.7300e+27,4.0000e+25,1.9344e+32,1.8321e+32,293
210,2,0.1000,0.2000,1.0520e+28,6.4300e+27,1.3140e+28,1.8000e+27,3.7996e+32,4.5944e+32,293
210,3,0.2000,0.3500,2.0770e+28,3.1330e+28,2.2200e+28,1.3330e+28,3.8220e+32,4.2873e+32,293
210,4,0.3500,0.5500,3.7480e+28,1.0331e+29,5.0410e+28,7.6480e+28,4.1670e+32,5.7204e+32,293
210,5,0.5500,1.0100,1.1254e+29,6.6616e+29,1.3933e+29,6.0865e+29,7.2011e+32,9.1741e+32,293
211,0,0.0000,0.0500,2.3400e+27,0.0000e+00,2.8200e+27,1.0000e+25,4.2270e+32,5.3270e+32,290
211,1,0.0500,0.1000,3.5600e+27,3.6000e+26,2.8500e+27,3.0000e+25,2.1569e+32,1.9879e+32,290
211,2,0.1000,0.2000,1.0590e+28,6.4100e+27,1.2740e+28,2.1700e+27,3.7679e+32,4.6267e+32,290
211,3,0.2000,0.3500,2.0850e+28,3.1240e+28,2.4200e+28,1.4340e+28,3.7863e+32,4.4002e+32,290
211,4,0.3500,0.5500,3.6450e+28,9.8090e+28,4.7570e+28,7.2520e+28,3.9904e+32,5.2996e+32,290
211,5,0.5500,1.0100,1.1163e+29,6.7115e+29,1.3370e+29,5.8672e+29,7.2796e+32,8.8701e+32,290
212,0,0.0000,0.0500,2.3700e+27,0.0000e+00,3.0600e+27,1.0000e+25,5.1444e+32,4.8079e+32,290
212,1,0.0500,0.1000,3.2800e+27,3.1000e+26,3.9400e+27,2.0000e+25,2.0538e+32,2.3372e+32,290
212,2,0.1000,0.2000,1.0780e+28,7.1500e+27,1.2580e+28,1.6100e+27,3.8243e+32,4.4558e+32,290
212,3,0.2000,0.3500,1.8710e+28,2.9670e+28,2.5840e+28,1.6220e+28,3.5349e+32,4.7652e+32,290
212,4,0.3500,0.5500,3.3320e+28,9.6670e+28,4.9360e+28,7.7370e+28,3.7158e+32,5.5179e+32,290
212,5,0.5500,1.0100,1.0154e+29,6.0841e+29,1.4200e+29,6.4104e+29,6.6152e+32,9.2867e+32,290
213,0,0.0000,0.0500,2.9900e+27,0.0000e+00,2.9700e+27,0.0000e+00,5.1894e+32,4.8819e+32,288
213,1,0.0500,0.1000,2.6500e+27,2.6000e+26,3.6300e+27,5.0000e+25,1.7917e+32,2.2750e+32,288
213,2,0.1000,0.2000,1.1160e+28,7.0700e+27,1.1970e+28,1.6700e+27,3.9260e+32,4.4392e+32,288
213,3,0.2000,0.3500,1.7980e+28,2.6510e+28,2.5350e+28,1.4790e+28,3.3638e+32,4.7999e+32,288
213,4,0.3500,0.5500,3.6010e+28,1.0013e+29,5.2880e+28,8.3150e+28,3.9053e+32,5.7166e+32,288
213,5,0.5500,1.0100,9.9240e+28,6.0934e+29,1.3574e+29,6.2085e+29,6.4624e+32,8.8564e+32,288
214,0,0.0000,0.0500,2.7800e+27,0.0000e+00,3.1800e+27,0.0000e+00,5.0293e+32,5.3035e+32,287
214,1,0.0500,0.1000,2.4400e+27,2.7000e+26,3.2700e+27,3.0000e+25,1.7199e+32,1.9914e+32,287
214,2,0.1000,0.2000,1.0350e+28,6.7300e+27,1.2330e+28,1.8900e+27,3.7365e+32,4.4490e+32,287
214,3,0.2000,0.3500,1.9320e+28,2.9610e+28,2.5300e+28,1.6370e+28,3.6557e+32,4.7449e+32,287
214,4,0.3500,0.5500,3.5800e+28,1.0540e+29,5.2850e+28,8.1850e+28,3.9751e+32,5.7973e+32,287
214,5,0.5500,1.0100,1.0001e+29,6.1256e+29,1.3386e+29,6.0394e+29,6.3849e+32,8.4966e+32,287
215,0,0.0000,0.0500,2.5000e+27,0.0000e+00,3.1200e+27,0.0000e+00,4.4648e+32,5.4362e+32,286
215,1,0.0500,0.1000,3.4000e+27,3.3000e+26,3.3900e+27,6.0000e+25,2.0953e+32,2.0394e+32,286
215,2,0.1000,0.2000,1.0470e+28,6.8500e+27,1.3110e+28,1.9100e+27,3.7616e+32,4.7298e+32,286
215,3,0.2000,0.3500,1.9310e+28,3.1280e+28,2.3600e+28,1.4430e+28,3.7169e+32,4.3969e+32,286
215,4,0.3500,0.5500,3.5390e+28,1.0597e+29,5.2720e+28,8.1710e+28,3.9139e+32,5.6738e+32,286
215,5,0.5500,1.0100,9.8580e+28,6.1355e+29,1.2685e+29,5.7527e+29,6.4022e+32,8.3195e+32,286
216,0,0.0000,0.0500,2.1500e+27,0.0000e+00,2.7900e+27,0.0000e+00,4.2373e+32,5.4286e+32,284
216,1,0.0500,0.1000,3.5800e+27,4.1000e+26,3.8500e+27,4.0000e+25,2.2389e+32,2.2800e+32,284
216,2,0.1000,0.2000,1.0750e+28,7.4000e+27,1.4090e+28,2.0700e+27,3.7537e+32,4.6484e+32,284
216,3,0.2000,0.3500,2.0390e+28,3.2650e+28,2.6220e+28,1.5920e+28,3.6863e+32,4.6244e+32,284
216,4,0.3500,0.5500,3.4090e+28,1.0056e+29,4.7790e+28,7.5440e+28,3.7604e+32,5.2702e+32,284
216,5,0.5500,1.0100,1.0033e+29,6.1995e+29,1.2251e+29,5.4887e+29,6.4414e+32,8.0799e+32,284
217,0,0.0000,0.0500,2.6300e+27,1.0000e+25,3.0200e+27,0.0000e+00,5.3468e+32,4.7511e+32,282
217,1,0.0500,0.1000,3.2100e+27,2.1000e+26,4.3000e+27,5.0000e+25,2.0629e+32,2.5810e+32,282
217,2,0.1000,0.2000,1.1680e+28,7.6900e+27,1.2510e+28,2.1100e+27,3.8179e+32,4.4496e+32,282
217,3,0.2000,0.3500,1.8640e+28,2.9990e+28,2.7240e+28,1.7020e+28,3.4033e+32,4.9149e+32,282
217,4,0.3500,0.5500,3.1870e+28,9.5020e+28,5.0910e+28,8.1320e+28,3.5132e+32,5.4731e+32,282
217,5,0.5500,1.0100,8.8920e+28,5.5201e+29,1.3077e+29,5.9749e+29,5.7591e+32,8.3637e+32,282
218,0,0.0000,0.0500,2.9200e+27,0.0000e+00,2.8900e+27,1.0000e+25,5.2440e+32,4.9669e+32,281
218,1,0.0500,0.1000,2.6200e+27,3.2000e+26,3.9300e+27,7.0000e+25,1.8338e+32,2.4573e+32,281
218,2,0.1000,0.2000,1.1080e+28,7.2800e+27,1.2270e+28,1.8500e+27,3.9081e+32,4.4682e+32,281
218,3,0.2000,0.3500,1.8290e+28,2.8300e+28,2.8200e+28,1.6740e+28,3.3043e+32,4.9240e+32,281
218,4,0.3500,0.5500,3.5130e+28,1.0294e+29,5.2450e+28,8.6320e+28,3.7654e+32,5.6672e+32,281
218,5,0.5500,1.0100,9.0220e+28,5.6935e+29,1.2196e+29,5.6817e+29,5.7174e+32,7.8504e+32,281
219,0,0.0000,0.0500,3.0300e+27,0.0000e+00,3.1800e+27,0.0000e+00,5.0627e+32,5.4373e+32,280
219,1,0.0500,0.1000,2.6300e+27,4.1000e+26,3.2800e+27,9.0000e+25,1.7715e+32,2.1529e+32,280
219,2,0.1000,0.2000,1.0770e+28,7.3600e+27,1.2540e+28,1.8300e+27,3.7326e+32,4.4686e+32,280
219,3,0.2000,0.3500,2.0350e+28,3.1660e+28,2.7470e+28,1.7180e+28,3.6220e+32,4.8520e+32,280
219,4,0.3500,0.5500,3.4820e+28,1.1139e+29,5.4410e+28,8.7180e+28,3.8159e+32,5.6974e+32,280
219,5,0.5500,1.0100,8.9870e+28,5.7007e+29,1.1912e+29,5.5344e+29,5.6290e+32,7.5345e+32,280
220,0,0.0000,0.0500,2.6100e+27,0.0000e+00,3.0100e+27,0.0000e+00,4.4537e+32,5.5368e+32,278
220,1,0.0500,0.1000,3.6000e+27,2.9000e+26,4.1300e+27,3.0000e+25,2.1760e+32,2.2173e+32,278
220,2,0.1000,0.2000,1.0720e+28,7.6800e+27,1.4190e+28,2.6600e+27,3.7460e+32,4.7653e+32,278
220,3,0.2000,0.3500,2.0160e+28,3.3500e+28,2.5350e+28,1.5630e+28,3.6616e+32,4.4543e+32,278
220,4,0.3500,0.5500,3.5340e+28,1.0712e+29,5.1380e+28,8.3570e+28,3.7384e+32,5.5429e+32,278
220,5,0.5500,1.0100,8.9830e+28,5.8251e+29,1.1404e+29,5.3365e+29,5.6396e+32,7.3374e+32,278
221,0,0.0000,0.0500,2.4800e+27,0.0000e+00,3.2900e+27,0.0000e+00,4.1420e+32,5.5807e+32,276
221,1,0.0500,0.1000,3.5400e+27,4.7000e+26,4.3400e+27,7.0000e+25,2.3295e+32,2.4652e+32,276
221,2,0.1000,0.2000,1.1150e+28,7.7900e+27,1.4460e+28,2.6200e+27,3.7405e+32,4.6692e+32,276
221,3,0.2000,0.3500,2.1550e+28,3.4210e+28,2.7820e+28,1.7670e+28,3.6513e+32,4.6745e+32,276
221,4,0.3500,0.5500,3.3770e+28,1.0293e+29,4.7860e+28,7.8880e+28,3.6055e+32,5.1016e+32,276
221,5,0.5500,1.0100,9.1750e+28,5.7992e+29,1.1064e+29,5.0930e+29,5.7181e+32,7.0797e+32,276
222,0,0.0000,0.0500,2.4600e+27,0.0000e+00,3.1600e+27,1.0000e+25,5.4552e+32,4.7721e+32,275
222,1,0.0500,0.1000,3.8900e+27,4.8000e+26,4.7700e+27,1.1000e+26,2.1903e+32,2.7707e+32,275
222,2,0.1000,0.2000,1.1650e+28,8.2400e+27,1.3510e+28,2.2600e+27,3.8145e+32,4.4748e+32,275
222,3,0.2000,0.3500,1.9750e+28,3.2530e+28,2.8400e+28,1.8200e+28,3.4018e+32,4.9846e+32,275
222,4,0.3500,0.5500,3.2410e+28,9.7340e+28,5.0790e+28,8.3760e+28,3.3787e+32,5.2709e+32,275
222,5,0.5500,1.0100,8.2310e+28,5.3013e+29,1.1685e+29,5.5193e+29,5.1561e+32,7.3312e+32,275
223,0,0.0000,0.0500,3.0900e+27,0.0000e+00,2.9200e+27,1.0000e+25,5.3789e+32,4.9634e+32,274
223,1,0.0500,0.1000,3.2400e+27,5.1000e+26,4.2300e+27,8.0000e+25,1.9163e+32,2.6740e+32,274
223,2,0.1000,0.2000,1.2330e+28,8.9400e+27,1.3560e+28,2.2600e+27,3.9905e+32,4.4893e+32,274
223,3,0.2000,0.3500,1.8320e+28,2.9460e+28,2.8910e+28,1.8380e+28,3.2636e+32,4.9738e+32,274
223,4,0.3500,0.5500,3.4100e+28,1.0723e+29,5.1570e+28,8.6770e+28,3.6136e+32,5.4236e+32,274
223,5,0.5500,1.0100,8.0720e+28,5.3249e+29,1.1087e+29,5.3634e+29,5.1135e+32,6.8943e+32,274
224,0,0.0000,0.0500,3.0600e+27,0.0000e+00,3.5700e+27,0.0000e+00,5.2254e+32,5.4176e+32,271
224,1,0.0500,0.1000,2.8700e+27,4.5000e+26,3.8400e+27,8.0000e+25,1.7923e+32,2.2944e+32,271
224,2,0.1000,0.2000,1.1060e+28,7.9000e+27,1.3030e+28,1.6800e+27,3.7419e+32,4.4420e+32,271
224,3,0.2000,0.3500,2.0040e+28,3.1870e+28,2.8360e+28,1.7040e+28,3.5538e+32,4.9263e+32,271
224,4,0.3500,0.5500,3.4980e+28,1.0953e+29,5.1440e+28,8.9360e+28,3.6588e+32,5.4555e+32,271
224,5,0.5500,1.0100,7.9630e+28,5.3922e+29,1.0291e+29,5.0315e+29,4.9990e+32,6.4825e+32,271
225,0,0.0000,0.0500,2.7400e+27,1.0000e+25,3.3800e+27,1.0000e+25,4.6446e+32,5.6272e+32,270
225,1,0.0500,0.1000,3.3400e+27,2.9000e+26,3.9200e+27,4.0000e+25,2.1268e+32,2.3125e+32,270
225,2,0.1000,0.2000,1.1260e+28,9.0600e+27,1.4260e+28,2.4400e+27,3.8017e+32,4.6632e+32,270
225,3,0.2000,0.3500,2.0820e+28,3.4190e+28,2.5880e+28,1.6610e+28,3.6469e+32,4.5367e+32,270
225,4,0.3500,0.5500,3.5290e+28,1.1218e+29,5.1380e+28,8.6900e+28,3.6485e+32,5.3572e+32,270
225,5,0.5500,1.0100,8.1230e+28,5.4946e+29,1.0230e+29,4.8946e+29,4.9660e+32,6.3376e+32,270
226,0,0.0000,0.0500,2.8100e+27,0.0000e+00,2.8700e+27,0.0000e+00,4.2667e+32,5.6888e+32,269
226,1,0.0500,0.1000,3.9100e+27,5.1000e+26,3.8300e+27,9.0000e+25,2.4024e+32,2.5425e+32,269
226,2,0.1000,0.2000,1.1540e+28,8.5100e+27,1.4800e+28,2.5200e+27,3.7808e+32,4.7125e+32,269
226,3,0.2000,0.3500,2.1330e+28,3.6280e+28,2.8360e+28,1.7460e+28,3.6608e+32,4.6020e+32,269
226,4,0.3500,0.5500,3.4010e+28,1.0859e+29,4.9260e+28,8.3440e+28,3.5162e+32,4.9797e+32,269
226,5,0.5500,1.0100,8.4300e+28,5.6856e+29,9.8070e+28,4.8112e+29,5.0766e+32,6.1470e+32,269
227,0,0.0000,0.0500,2.3100e+27,0.0000e+00,2.8400e+27,0.0000e+00,4.9820e+32,5.1034e+32,267
227,1,0.0500,0.1000,3.9900e+27,7.7000e+26,4.7100e+27,5.0000e+25,2.4011e+32,2.8062e+32,267
227,2,0.1000,0.2000,1.2050e+28,8.8700e+27,1.4590e+28,2.8700e+27,3.8287e+32,4.5218e+32,267
227,3,0.2000,0.3500,2.1130e+28,3.6410e+28,2.8580e+28,1.8850e+28,3.5234e+32,4.8609e+32,267
227,4,0.3500,0.5500,3.2190e+28,1.0468e+29,4.6680e+28,8.5780e+28,3.3301e+32,4.8704e+32,267
227,5,0.5500,1.0100,7.8160e+28,5.2427e+29,9.9380e+28,4.9011e+29,4.8160e+32,6.1696e+32,267
228,0,0.0000,0.0500,3.0100e+27,0.0000e+00,3.0500e+27,1.0000e+25,5.5270e+32,4.8293e+32,265
228,1,0.0500,0.1000,3.5100e+27,6.6000e+26,4.6400e+27,1.0000e+26,2.1372e+32,2.8668e+32,265
228,2,0.1000,0.2000,1.2660e+28,9.4600e+27,1.3410e+28,2.3800e+27,3.9926e+32,4.4160e+32,265
228,3,0.2000,0.3500,2.0570e+28,3.4400e+28,2.8920e+28,1.9530e+28,3.3022e+32,4.9328e+32,265
228,4,0.3500,0.5500,3.2890e+28,1.0776e+29,4.7760e+28,8.8710e+28,3.4110e+32,4.9853e+32,265
228,5,0.5500,1.0100,7.4200e+28,5.1061e+29,9.6570e+28,4.8855e+29,4.5718e+32,5.9636e+32,265
229,0,0.0000,0.0500,2.7300e+27,0.0000e+00,3.0700e+27,0.0000e+00,5.4416e+32,5.1764e+32,264
229,1,0.0500,0.1000,3.2800e+27,5.5000e+26,4.0900e+27,5.0000e+25,1.9345e+32,2.5838e+32,264
229,2,0.1000,0.2000,1.2740e+28,8.9900e+27,1.3810e+28,2.2000e+27,3.9202e+32,4.4454e+32,264
229,3,0.2000,0.3500,1.9790e+28,3.3690e+28,2.8800e+28,1.8620e+28,3.4172e+32,4.9336e+32,264
229,4,0.3500,0.5500,3.4840e+28,1.1664e+29,4.9410e+28,9.2720e+28,3.5720e+32,5.1247e+32,264
229,5,0.5500,1.0100,7.3970e+28,5.1179e+29,9.1950e+28,4.7054e+29,4.5190e+32,5.5541e+32,264
230,0,0.0000,0.0500,3.2800e+27,0.0000e+00,3.4100e+27,0.0000e+00,5.1343e+32,5.6575e+32,262
230,1,0.0500,0.1000,3.1400e+27,5.6000e+26,4.0000e+27,5.0000e+25,1.9237e+32,2.2970e+32,262
230,2,0.1000,0.2000,1.2090e+28,9.5100e+27,1.3720e+28,2.4400e+27,3.8374e+32,4.4044e+32,262
230,3,0.2000,0.3500,2.1910e+28,3.7310e+28,2.7410e+28,1.8240e+28,3.6825e+32,4.7745e+32,262
230,4,0.3500,0.5500,3.5510e+28,1.1937e+29,5.0170e+28,8.9580e+28,3.6042e+32,5.0496e+32,262
230,5,0.5500,1.0100,7.4050e+28,5.1690e+29,8.9940e+28,4.4881e+29,4.4037e+32,5.3582e+32,262
231,0,0.0000,0.0500,2.5600e+27,1.0000e+25,3.3500e+27,0.0000e+00,4.4896e+32,5.7078e+32,260
231,1,0.0500,0.1000,4.0900e+27,6.4000e+26,3.8400e+27,1.0000e+26,2.3897e+32,2.3982e+32,260
231,2,0.1000,0.2000,1.1370e+28,9.3100e+27,1.5480e+28,2.7200e+27,3.8479e+32,4.7470e+32,260
231,3,0.2000,0.3500,2.2180e+28,3.8160e+28,2.6090e+28,1.8600e+28,3.6833e+32,4.3309e+32,260
231,4,0.3500,0.5500,3.5100e+28,1.1721e+29,4.8870e+28,8.7540e+28,3.5209e+32,4.8991e+32,260
231,5,0.5500,1.0100,7.4970e+28,5.2286e+29,8.6620e+28,4.4331e+29,4.4341e+32,5.1901e+32,260
232,0,0.0000,0.0500,2.7000e+27,0.0000e+00,3.0000e+27,0.0000e+00,4.1754e+32,5.7527e+32,258
232,1,0.0500,0.1000,4.3500e+27,6.9000e+26,4.8100e+27,1.0000e+26,2.5432e+32,2.6832e+32,258
232,2,0.1000,0.2000,1.2860e+28,9.2800e+27,1.4720e+28,2.8600e+27,3.8325e+32,4.5737e+32,258
232,3,0.2000,0.3500,2.2290e+28,3.9130e+28,2.7350e+28,1.9780e+28,3.7003e+32,4.5408e+32,258
232,4,0.3500,0.5500,3.4490e+28,1.1183e+29,4.3390e+28,8.1650e+28,3.3957e+32,4.4644e+32,258
232,5,0.5500,1.0100,7.6100e+28,5.3465e+29,8.3350e+28,4.2267e+29,4.4892e+32,4.9977e+32,258
233,0,0.0000,0.0500,2.4700e+27,1.0000e+25,2.6400e+27,0.0000e+00,5.4136e+32,4.8601e+32,257
233,1,0.0500,0.1000,4.3800e+27,7.8000e+26,5.1100e+27,7.0000e+25,2.5069e+32,2.9186e+32,257
233,2,0.1000,0.2000,1.3130e+28,1.0130e+28,1.4700e+28,2.7600e+27,3.9127e+32,4.4044e+32,257
233,3,0.2000,0.3500,2.2410e+28,3.9180e+28,2.9250e+28,2.2080e+28,3.5414e+32,4.7751e+32,257
233,4,0.3500,0.5500,3.2780e+28,1.1230e+29,4.5730e+28,8.6160e+28,3.2319e+32,4.4891e+32,257
233,5,0.5500,1.0100,6.9540e+28,5.0348e+29,8.4430e+28,4.4912e+29,4.1879e+32,5.0758e+32,257
234,0,0.0000,0.0500,2.8600e+27,0.0000e+00,3.1200e+27,0.0000e+00,5.6468e+32,4.7925e+32,255
234,1,0.0500,0.1000,3.9400e+27,7.9000e+26,4.9000e+27,6.0000e+25,2.1942e+32,2.8898e+32,255
234,2,0.1000,0.2000,1.3850e+28,1.1020e+28,1.3890e+28,2.4900e+27,4.1241e+32,4.3588e+32,255
234,3,0.2000,0.3500,2.0670e+28,3.8130e+28,2.9780e+28,2.0240e+28,3.3533e+32,4.7687e+32,255
234,4,0.3500,0.5500,3.4030e+28,1.2145e+29,4.6720e+28,8.8450e+28,3.3892e+32,4.5485e+32,255
234,5,0.5500,1.0100,6.7770e+28,4.8727e+29,8.0960e+28,4.3193e+29,4.0661e+32,4.8160e+32,255
235,0,0.0000,0.0500,3.2600e+27,1.0000e+25,3.3300e+27,0.0000e+00,5.5618e+32,5.1606e+32,254
235,1,0.0500,0.1000,3.4400e+27,7.0000e+26,4.4300e+27,1.0000e+26,2.0124e+32,2.5915e+32,254
235,2,0.1000,0.2000,1.3070e+28,1.1070e+28,1.3830e+28,2.5300e+27,4.0102e+32,4.3715e+32,254
235,3,0.2000,0.3500,2.1410e+28,3.7820e+28,2.9470e+28,2.0670e+28,3.5165e+32,4.7704e+32,254
235,4,0.3500,0.5500,3.6040e+28,1.2513e+29,4.8320e+28,8.9300e+28,3.5276e+32,4.6509e+32,254
235,5,0.5500,1.0100,6.8910e+28,4.8421e+29,7.5150e+28,4.1625e+29,4.0062e+32,4.4595e+32,254
236,0,0.0000,0.0500,3.3900e+27,0.0000e+00,3.7700e+27,0.0000e+00,5.2821e+32,5.6583e+32,252
236,1,0.0500,0.1000,3.2500e+27,7.7000e+26,4.3200e+27,1.5000e+26,1.9739e+32,2.2871e+32,252
236,2,0.1000,0.2000,1.3260e+28,1.0450e+28,1.3810e+28,2.7500e+27,3.9356e+32,4.3121e+32,252
236,3,0.2000,0.3500,2.3060e+28,4.2020e+28,2.8140e+28,1.9340e+28,3.7667e+32,4.6126e+32,252
236,4,0.3500,0.5500,3.7670e+28,1.3106e+29,4.6250e+28,8.9680e+28,3.5665e+32,4.5698e+32,252
236,5,0.5500,1.0100,6.8060e+28,4.9575e+29,7.4170e+28,4.1433e+29,3.8911e+32,4.3011e+32,252
237,0,0.0000,0.0500,2.9900e+27,1.0000e+25,3.6700e+27,0.0000e+00,4.5967e+32,5.7095e+32,250
237,1,0.0500,0.1000,3.9300e+27,8.1000e+26,3.9600e+27,6.0000e+25,2.4662e+32,2.3819e+32,250
237,2,0.1000,0.2000,1.2670e+28,1.0110e+28,1.4750e+28,3.2500e+27,3.9490e+32,4.6254e+32,250
237,3,0.2000,0.3500,2.3060e+28,4.2100e+28,2.6930e+28,1.8860e+28,3.7799e+32,4.1466e+32,250
237,4,0.3500,0.5500,3.7470e+28,1.2999e+29,4.5750e+28,9.0850e+28,3.5066e+32,4.4606e+32,250
237,5,0.5500,1.0100,6.7350e+28,4.9375e+29,7.0650e+28,3.9826e+29,3.8899e+32,4.1735e+32,250
238,0,0.0000,0.0500,3.3000e+27,0.0000e+00,2.9900e+27,0.0000e+00,4.2662e+32,5.7556e+32,248
238,1,0.0500,0.1000,4.6200e+27,1.0500e+27,4.9800e+27,1.5000e+26,2.6611e+32,2.6436e+32,248
238,2,0.1000,0.2000,1.3430e+28,1.0180e+28,1.4930e+28,3.0200e+27,3.9179e+32,4.4964e+32,248
238,3,0.2000,0.3500,2.3830e+28,4.4090e+28,2.7040e+28,2.0770e+28,3.7931e+32,4.2799e+32,248
238,4,0.3500,0.5500,3.5540e+28,1.2242e+29,4.2170e+28,8.3750e+28,3.3710e+32,4.0547e+32,248
238,5,0.5500,1.0100,6.8360e+28,4.9824e+29,6.7070e+28,3.8593e+29,3.9444e+32,4.0190e+32,248
239,0,0.0000,0.0500,2.6500e+27,0.0000e+00,2.9500e+27,1.0000e+25,4.9348e+32,5.1820e+32,247
239,1,0.0500,0.1000,4.6400e+27,8.8000e+26,5.4800e+27,1.5000e+26,2.6813e+32,2.8852e+32,247
239,2,0.1000,0.2000,1.3700e+28,1.0910e+28,1.4660e+28,3.0100e+27,3.9848e+32,4.3284e+32,247
239,3,0.2000,0.3500,2.3650e+28,4.4340e+28,2.8340e+28,2.2640e+28,3.7220e+32,4.4656e+32,247
239,4,0.3500,0.5500,3.4120e+28,1.2291e+29,4.1090e+28,8.3800e+28,3.2672e+32,3.9414e+32,247
239,5,0.5500,1.0100,6.6310e+28,4.9580e+29,6.8720e+28,3.9897e+29,3.8239e+32,3.9913e+32,247
240,0,0.0000,0.0500,2.9800e+27,0.0000e+00,3.0900e+27,2.0000e+25,5.8077e+32,4.6430e+32,245
240,1,0.0500,0.1000,4.5800e+27,1.0900e+27,5.0000e+27,1.4000e+26,2.4885e+32,2.9290e+32,245
240,2,0.1000,0.2000,1.3970e+28,1.1930e+28,1.4490e+28,2.9300e+27,4.1119e+32,4.2229e+32,245
240,3,0.2000,0.3500,2.3260e+28,4.4560e+28,2.9360e+28,2.2080e+28,3.5529e+32,4.5148e+32,245
240,4,0.3500,0.5500,3.4250e+28,1.2495e+29,4.2010e+28,8.6650e+28,3.2621e+32,3.9902e+32,245
240,5,0.5500,1.0100,6.1760e+28,4.6618e+29,6.6220e+28,3.8969e+29,3.6178e+32,3.8952e+32,245
241,0,0.0000,0.0500,3.1700e+27,0.0000e+00,3.2800e+27,1.0000e+25,5.6760e+32,4.8389e+32,243
241,1,0.0500,0.1000,4.3800e+27,1.0000e+27,4.8800e+27,1.4000e+26,2.1846e+32,2.7725e+32,243
241,2,0.1000,0.2000,1.5100e+28,1.3610e+28,1.4450e+28,3.0600e+27,4.3064e+32,4.2305e+32,243
241,3,0.2000,0.3500,2.1170e+28,4.0600e+28,2.8850e+28,2.0380e+28,3.3961e+32,4.4300e+32,243
241,4,0.3500,0.5500,3.6750e+28,1.3486e+29,4.2900e+28,8.6910e+28,3.4971e+32,4.0553e+32,243
241,5,0.5500,1.0100,6.2410e+28,4.7218e+29,6.4980e+28,3.8260e+29,3.5435e+32,3.6098e+32,243
242,0,0.0000,0.0500,3.6700e+27,0.0000e+00,3.7400e+27,0.0000e+00,5.6364e+32,5.3417e+32,242
242,1,0.0500,0.1000,4.0200e+27,9.7000e+26,4.1300e+27,1.4000e+26,2.0269e+32,2.3515e+32,242
242,2,0.1000,0.2000,1.3740e+28,1.2190e+28,1.4380e+28,2.7000e+27,4.0317e+32,4.2180e+32,242
242,3,0.2000,0.3500,2.4960e+28,4.3510e+28,2.9290e+28,2.1690e+28,3.7660e+32,4.4539e+32,242
242,4,0.3500,0.5500,3.7850e+28,1.4128e+29,4.2830e+28,8.9180e+28,3.5368e+32,4.0475e+32,242
242,5,0.5500,1.0100,6.0560e+28,4.6546e+29,6.1610e+28,3.7102e+29,3.4695e+32,3.3796e+32,242
243,0,0.0000,0.0500,3.7000e+27,1.0000e+25,3.8900e+27,0.0000e+00,5.1405e+32,5.7187e+32,240
243,1,0.0500,0.1000,3.8600e+27,1.0900e+27,4.2200e+27,1.0000e+26,2.1691e+32,2.2025e+32,240
243,2,0.1000,0.2000,1.4310e+28,1.1420e+28,1.4080e+28,3.2700e+27,4.0906e+32,4.1854e+32,240
243,3,0.2000,0.3500,2.6190e+28,4.9280e+28,2.5610e+28,2.0410e+28,3.9368e+32,4.2045e+32,240
243,4,0.3500,0.5500,3.7770e+28,1.4562e+29,4.1630e+28,8.6910e+28,3.5458e+32,3.9457e+32,240
243,5,0.5500,1.0100,5.8930e+28,4.7522e+29,5.7600e+28,3.5658e+29,3.3508e+32,3.2903e+32,240
244,0,0.0000,0.0500,3.0600e+27,2.0000e+25,3.4600e+27,0.0000e+00,4.5164e+32,5.7020e+32,238
244,1,0.0500,0.1000,4.6600e+27,1.1700e+27,4.1200e+27,1.0000e+26,2.6555e+32,2.3291e+32,238
244,2,0.1000,0.2000,1.3690e+28,1.1590e+28,1.5600e+28,3.4100e+27,4.0839e+32,4.5005e+32,238
244,3,0.2000,0.3500,2.5620e+28,4.6990e+28,2.4580e+28,1.9310e+28,3.8779e+32,3.7810e+32,238
244,4,0.3500,0.5500,3.6990e+28,1.4398e+29,4.1500e+28,8.6560e+28,3.4621e+32,3.8238e+32,238
244,5,0.5500,1.0100,6.1720e+28,4.8130e+29,5.5930e+28,3.4388e+29,3.4006e+32,3.1680e+32,238
245,0,0.0000,0.0500,3.0400e+27,0.0000e+00,3.0900e+27,0.0000e+00,4.2362e+32,5.7350e+32,236
245,1,0.0500,0.1000,5.1900e+27,1.3200e+27,5.1100e+27,1.6000e+26,2.7982e+32,2.6203e+32,236
245,2,0.1000,0.2000,1.4070e+28,1.1600e+28,1.5300e+28,3.3600e+27,4.0455e+32,4.2600e+32,236
245,3,0.2000,0.3500,2.6740e+28,4.8090e+28,2.7340e+28,2.2170e+28,3.9182e+32,3.9454e+32,236
245,4,0.3500,0.5500,3.6210e+28,1.4043e+29,3.7260e+28,7.8600e+28,3.3387e+32,3.4608e+32,236
245,5,0.5500,1.0100,5.9700e+28,4.8145e+29,5.3950e+28,3.4022e+29,3.4197e+32,3.0447e+32,236
246,0,0.0000,0.0500,3.1100e+27,0.0000e+00,2.7900e+27,1.0000e+25,4.8939e+32,5.1608e+32,235
246,1,0.0500,0.1000,4.9800e+27,1.4700e+27,5.4000e+27,2.1000e+26,2.8270e+32,2.8166e+32,235
246,2,0.1000,0.2000,1.5470e+28,1.2360e+28,1.4710e+28,3.5800e+27,4.1107e+32,4.1115e+32,235
246,3,0.2000,0.3500,2.7050e+28,5.1660e+28,2.7720e+28,2.3520e+28,3.8678e+32,4.0910e+32,235
246,4,0.3500,0.5500,3.6200e+28,1.3572e+29,3.7410e+28,8.1550e+28,3.2542e+32,3.3533e+32,235
246,5,0.5500,1.0100,5.9660e+28,4.6907e+29,5.4150e+28,3.4119e+29,3.3232e+32,3.0072e+32,235
247,0,0.0000,0.0500,2.9200e+27,1.0000e+25,2.9900e+27,1.0000e+25,5.9420e+32,4.4762e+32,233
247,1,0.0500,0.1000,4.9900e+27,1.4000e+27,5.0600e+27,1.7000e+26,2.6848e+32,2.8449e+32,233
247,2,0.1000,0.2000,1.5510e+28,1.4210e+28,1.3760e+28,3.0400e+27,4.2103e+32,3.9996e+32,233
247,3,0.2000,0.3500,2.5100e+28,5.2230e+28,2.7470e+28,2.3070e+28,3.6997e+32,4.1372e+32,233
247,4,0.3500,0.5500,3.6220e+28,1.4151e+29,3.7560e+28,8.4720e+28,3.2269e+32,3.3832e+32,233
247,5,0.5500,1.0100,5.6900e+28,4.5245e+29,5.3250e+28,3.5143e+29,3.1483e+32,2.9572e+32,233
248,0,0.0000,0.0500,3.3900e+27,0.0000e+00,3.3100e+27,1.0000e+25,5.8512e+32,4.6283e+32,232
248,1,0.0500,0.1000,4.4400e+27,1.3800e+27,5.3300e+27,1.8000e+26,2.3166e+32,2.7634e+32,232
248,2,0.1000,0.2000,1.6520e+28,1.6010e+28,1.4120e+28,3.6000e+27,4.5266e+32,4.0284e+32,232
248,3,0.2000,0.3500,2.3410e+28,4.8560e+28,2.7620e+28,2.2780e+28,3.5272e+32,4.0527e+32,232
248,4,0.3500,0.5500,3.9340e+28,1.5022e+29,3.8370e+28,8.8240e+28,3.4637e+32,3.4126e+32,232
248,5,0.5500,1.0100,5.4530e+28,4.4325e+29,4.9460e+28,3.4180e+29,3.0796e+32,2.7776e+32,232
249,0,0.0000,0.0500,3.8600e+27,0.0000e+00,3.4400e+27,0.0000e+00,5.7398e+32,4.9799e+32,229
249,1,0.0500,0.1000,4.2500e+27,1.3400e+27,4.3400e+27,1.6000e+26,2.1609e+32,2.4056e+32,229
249,2,0.1000,0.2000,1.5450e+28,1.4560e+28,1.4630e+28,3.3500e+27,4.2354e+32,3.9809e+32,229
249,3,0.2000,0.3500,2.5360e+28,4.9230e+28,2.8310e+28,2.3610e+28,3.7794e+32,4.0492e+32,229
249,4,0.3500,0.5500,3.8750e+28,1.5361e+29,3.8190e+28,8.9840e+28,3.5009e+32,3.4051e+32,229
249,5,0.5500,1.0100,5.5430e+28,4.3924e+29,4.5860e+28,3.1336e+29,2.9953e+32,2.5257e+32,229
250,0,0.0000,0.0500,4.0300e+27,0.0000e+00,4.0000e+27,0.0000e+00,5.5776e+32,5.4764e+32,228
250,1,0.0500,0.1000,3.8000e+27,1.2600e+27,4.1200e+27,1.7000e+26,2.0633e+32,2.0892e+32,228
250,2,0.1000,0.2000,1.4210e+28,1.3200e+28,1.4060e+28,3.6800e+27,4.1527e+32,3.9033e+32,228
250,3,0.2000,0.3500,2.7480e+28,5.4210e+28,2.7150e+28,2.4280e+28,4.0325e+32,3.9465e+32,228
250,4,0.3500,0.5500,3.9830e+28,1.6229e+29,3.7350e+28,8.8110e+28,3.5376e+32,3.3562e+32,228
250,5,0.5500,1.0100,5.3010e+28,4.3723e+29,4.6280e+28,3.0937e+29,2.8943e+32,2.4474e+32,228
251,0,0.0000,0.0500,3.3300e+27,1.0000e+25,3.8300e+27,1.0000e+25,4.9502e+32,5.5943e+32,227
251,1,0.0500,0.1000,4.7100e+27,1.2900e+27,4.2400e+27,1.5000e+26,2.4817e+32,2.1375e+32,227
251,2,0.1000,0.2000,1.5450e+28,1.3160e+28,1.5000e+28,3.9600e+27,4.2174e+32,4.0400e+32,227
251,3,0.2000,0.3500,2.8250e+28,5.6530e+28,2.4830e+28,2.1510e+28,4.1133e+32,3.6617e+32,227
251,4,0.3500,0.5500,4.0150e+28,1.7001e+29,3.7290e+28,8.4920e+28,3.5207e+32,3.2743e+32,227
251,5,0.5500,1.0100,5.4230e+28,4.4010e+29,4.3020e+28,2.9802e+29,2.8308e+32,2.3850e+32,227
252,0,0.0000,0.0500,3.0400e+27,0.0000e+00,3.3600e+27,1.0000e+25,4.4473e+32,5.5969e+32,225
252,1,0.0500,0.1000,5.1300e+27,1.3600e+27,4.5500e+27,1.3000e+26,2.8405e+32,2.2409e+32,225
252,2,0.1000,0.2000,1.4890e+28,1.3380e+28,1.5620e+28,4.2400e+27,4.2180e+32,4.2431e+32,225
252,3,0.2000,0.3500,2.7690e+28,5.7810e+28,2.3220e+28,2.1300e+28,4.0598e+32,3.3909e+32,225
252,4,0.3500,0.5500,3.9310e+28,1.6061e+29,3.4740e+28,8.1780e+28,3.3989e+32,3.1231e+32,225
252,5,0.5500,1.0100,5.4910e+28,4.4844e+29,4.1790e+28,2.9218e+29,2.8978e+32,2.2738e+32,225
253,0,0.0000,0.0500,2.9300e+27,1.0000e+25,2.9800e+27,0.0000e+00,4.2148e+32,5.6098e+32,223
253,1,0.0500,0.1000,5.5100e+27,1.5000e+27,4.9900e+27,2.0000e+26,2.9422e+32,2.5560e+32,223
253,2,0.1000,0.2000,1.6240e+28,1.3730e+28,1.5270e+28,4.3500e+27,4.1662e+32,3.9388e+32,223
253,3,0.2000,0.3500,2.8680e+28,6.0040e+28,2.5620e+28,2.4260e+28,4.0986e+32,3.5244e+32,223
253,4,0.3500,0.5500,3.8440e+28,1.5680e+29,3.2530e+28,7.9190e+28,3.3018e+32,2.8340e+32,223
253,5,0.5500,1.0100,5.4530e+28,4.5597e+29,3.9640e+28,2.8917e+29,2.8901e+32,2.1875e+32,223
254,0,0.0000,0.0500,2.7800e+27,0.0000e+00,3.1300e+27,0.0000e+00,4.7450e+32,5.0906e+32,221
254,1,0.0500,0.1000,5.6600e+27,1.8200e+27,5.0600e+27,1.9000e+26,2.9865e+32,2.6633e+32,221
254,2,0.1000,0.2000,1.6360e+28,1.5280e+28,1.5270e+28,4.6500e+27,4.2023e+32,3.8085e+32,221
254,3,0.2000,0.3500,2.9250e+28,6.3240e+28,2.5070e+28,2.4000e+28,4.0448e+32,3.6144e+32,221
254,4,0.3500,0.5500,3.8230e+28,1.5610e+29,3.0870e+28,7.8040e+28,3.2233e+32,2.7297e+32,221
254,5,0.5500,1.0100,5.2400e+28,4.2876e+29,4.0620e+28,2.9608e+29,2.8051e+32,2.1351e+32,221
255,0,0.0000,0.0500,3.0100e+27,0.0000e+00,3.0700e+27,1.0000e+25,6.0358e+32,4.2350e+32,220
255,1,0.0500,0.1000,5.8900e+27,2.5000e+27,5.0900e+27,2.5000e+26,2.9056e+32,2.7083e+32,220
255,2,0.1000,0.2000,1.6210e+28,1.6210e+28,1.4030e+28,4.0700e+27,4.3010e+32,3.7279e+32,220
255,3,0.2000,0.3500,2.7490e+28,6.3130e+28,2.7050e+28,2.6390e+28,3.8793e+32,3.6763e+32,220
255,4,0.3500,0.5500,3.7240e+28,1.5708e+29,3.2170e+28,8.1210e+28,3.1830e+32,2.7598e+32,220
255,5,0.5500,1.0100,5.1280e+28,4.2268e+29,3.9570e+28,3.0743e+29,2.6625e+32,2.1352e+32,220
256,0,0.0000,0.0500,3.1500e+27,0.0000e+00,3.3400e+27,0.0000e+00,5.9702e+32,4.3895e+32,219
256,1,0.0500,0.1000,5.0000e+27,1.9900e+27,4.9300e+27,1.6000e+26,2.4947e+32,2.6454e+32,219
256,2,0.1000,0.2000,1.7450e+28,1.7400e+28,1.3660e+28,4.0900e+27,4.5996e+32,3.7210e+32,219
256,3,0.2000,0.3500,2.8100e+28,6.0850e+28,2.7050e+28,2.5850e+28,3.7708e+32,3.6230e+32,219
256,4,0.3500,0.5500,3.9650e+28,1.6375e+29,3.2110e+28,8.1950e+28,3.3673e+32,2.7396e+32,219
256,5,0.5500,1.0100,4.9950e+28,4.1667e+29,3.8640e+28,3.0139e+29,2.6079e+32,2.0026e+32,219
257,0,0.0000,0.0500,3.9700e+27,0.0000e+00,3.6000e+27,0.0000e+00,5.8294e+32,4.5671e+32,217
257,1,0.0500,0.1000,4.8700e+27,1.9900e+27,4.7700e+27,1.5000e+26,2.3471e+32,2.4765e+32,217
257,2,0.1000,0.2000,1.8050e+28,1.7270e+28,1.4140e+28,3.6000e+27,4.6199e+32,3.7085e+32,217
257,3,0.2000,0.3500,2.7600e+28,5.6380e+28,2.6570e+28,2.5220e+28,3.7114e+32,3.5545e+32,217
257,4,0.3500,0.5500,4.1580e+28,1.7469e+29,3.2550e+28,8.8440e+28,3.5114e+32,2.7679e+32,217
257,5,0.5500,1.0100,4.8550e+28,4.0581e+29,3.5890e+28,2.7781e+29,2.5293e+32,1.8434e+32,217
258,0,0.0000,0.0500,4.3000e+27,0.0000e+00,3.6000e+27,0.0000e+00,5.7925e+32,4.9718e+32,215
258,1,0.0500,0.1000,4.2500e+27,1.9400e+27,4.2700e+27,2.0000e+26,2.1818e+32,2.0743e+32,215
258,2,0.1000,0.2000,1.6680e+28,1.4650e+28,1.3820e+28,3.6000e+27,4.2924e+32,3.6834e+32,215
258,3,0.2000,0.3500,2.9040e+28,6.4410e+28,2.5620e+28,2.5180e+28,4.0952e+32,3.5534e+32,215
258,4,0.3500,0.5500,4.1390e+28,1.7307e+29,3.1630e+28,8.3490e+28,3.4831e+32,2.7097e+32,215
258,5,0.5500,1.0100,4.6500e+28,4.0375e+29,3.3810e+28,2.6968e+29,2.4421e+32,1.7194e+32,215
259,0,0.0000,0.0500,4.2400e+27,1.0000e+25,4.1400e+27,0.0000e+00,5.5173e+32,5.3097e+32,213
259,1,0.0500,0.1000,4.5200e+27,1.6100e+27,4.0600e+27,1.6000e+26,2.1367e+32,1.8998e+32,213
259,2,0.1000,0.2000,1.7640e+28,1.4950e+28,1.4050e+28,3.8800e+27,4.3162e+32,3.5718e+32,213
259,3,0.2000,0.3500,3.0610e+28,6.5300e+28,2.4190e+28,2.4700e+28,4.2355e+32,3.4104e+32,213
259,4,0.3500,0.5500,4.2350e+28,1.8396e+29,3.2020e+28,8.0310e+28,3.4831e+32,2.6513e+32,213
259,5,0.5500,1.0100,4.6150e+28,3.9930e+29,3.2750e+28,2.5968e+29,2.3386e+32,1.6650e+32,213
260,0,0.0000,0.0500,3.7500e+27,5.0000e+25,3.8700e+27,3.0000e+25,4.9111e+32,5.3415e+32,212
260,1,0.0500,0.1000,5.1300e+27,1.4100e+27,4.3500e+27,1.8000e+26,2.5929e+32,1.9703e+32,212
260,2,0.1000,0.2000,1.6530e+28,1.4850e+28,1.4490e+28,4.5000e+27,4.3450e+32,3.7044e+32,212
260,3,0.2000,0.3500,3.2060e+28,6.9420e+28,2.2890e+28,2.3360e+28,4.2987e+32,3.1699e+32,212
260,4,0.3500,0.5500,4.1940e+28,1.8918e+29,3.1810e+28,7.9370e+28,3.4522e+32,2.5870e+32,212
260,5,0.5500,1.0100,4.4080e+28,4.0899e+29,3.1410e+28,2.6192e+29,2.2721e+32,1.6213e+32,212
261,0,0.0000,0.0500,3.2300e+27,0.0000e+00,3.7300e+27,0.0000e+00,4.4712e+32,5.3497e+32,211
261,1,0.0500,0.1000,5.7600e+27,1.8800e+27,4.1600e+27,2.0000e+26,2.9238e+32,2.0649e+32,211
261,2,0.1000,0.2000,1.6890e+28,1.6180e+28,1.5940e+28,4.9600e+27,4.3763e+32,3.9123e+32,211
261,3,0.2000,0.3500,3.1140e+28,6.9710e+28,2.2150e+28,2.4510e+28,4.2330e+32,2.9027e+32,211
261,4,0.3500,0.5500,4.0730e+28,1.7859e+29,3.0170e+28,7.7840e+28,3.3676e+32,2.5059e+32,211
261,5,0.5500,1.0100,4.5030e+28,4.1338e+29,3.1800e+28,2.4797e+29,2.3361e+32,1.5509e+32,211
262,0,0.0000,0.0500,3.2700e+27,3.0000e+25,3.1600e+27,0.0000e+00,4.2421e+32,5.3787e+32,209
262,1,0.0500,0.1000,6.4300e+27,1.8100e+27,4.8600e+27,2.6000e+26,3.0810e+32,2.2517e+32,209
262,2,0.1000,0.2000,1.6950e+28,1.7250e+28,1.5440e+28,4.8300e+27,4.2703e+32,3.6611e+32,209
262,3,0.2000,0.3500,3.2260e+28,7.5020e+28,2.2200e+28,2.5950e+28,4.2925e+32,3.0269e+32,209
262,4,0.3500,0.5500,4.0890e+28,1.7339e+29,2.7660e+28,7.7210e+28,3.2331e+32,2.2810e+32,209
262,5,0.5500,1.0100,4.4420e+28,4.1631e+29,2.8460e+28,2.4342e+29,2.3219e+32,1.4930e+32,209
263,0,0.0000,0.0500,3.2900e+27,1.0000e+25,3.1300e+27,0.0000e+00,3.9996e+32,5.3786e+32,207
263,1,0.0500,0.1000,6.5900e+27,2.0800e+27,5.9500e+27,2.3000e+26,3.0626e+32,2.4218e+32,207
263,2,0.1000,0.2000,1.8560e+28,1.7970e+28,1.3800e+28,4.8000e+27,4.3479e+32,3.5298e+32,207
263,3,0.2000,0.3500,3.3560e+28,7.8360e+28,2.3240e+28,2.6680e+28,4.2618e+32,3.0350e+32,207
263,4,0.3500,0.5500,3.9890e+28,1.7429e+29,2.6360e+28,7.2350e+28,3.2001e+32,2.1169e+32,207
263,5,0.5500,1.0100,4.5000e+28,4.1464e+29,2.6970e+28,2.2912e+29,2.3062e+32,1.4166e+32,207
264,0,0.0000,0.0500,3.0300e+27,2.0000e+25,3.0500e+27,1.0000e+25,5.5309e+32,4.2835e+32,206
264,1,0.0500,0.1000,6.5600e+27,2.5500e+27,5.2100e+27,2.5000e+26,3.0473e+32,2.5343e+32,206
264,2,0.1000,0.2000,1.8490e+28,1.9900e+28,1.3170e+28,4.6300e+27,4.3862e+32,3.4082e+32,206
264,3,0.2000,0.3500,3.3030e+28,8.1100e+28,2.4140e+28,2.5190e+28,4.1811e+32,3.1424e+32,206
264,4,0.3500,0.5500,3.9410e+28,1.7390e+29,2.5900e+28,7.5500e+28,3.1133e+32,2.1219e+32,206
264,5,0.5500,1.0100,4.3790e+28,3.9531e+29,2.7710e+28,2.5025e+29,2.1739e+32,1.4256e+32,206
265,0,0.0000,0.0500,3.3000e+27,1.0000e+25,3.2300e+27,3.0000e+25,6.0158e+32,3.9587e+32,204
265,1,0.0500,0.1000,6.6700e+27,3.3500e+27,5.1400e+27,3.7000e+26,3.0342e+32,2.4766e+32,204
265,2,0.1000,0.2000,1.8840e+28,1.9700e+28,1.3420e+28,5.0800e+27,4.4306e+32,3.3530e+32,204
265,3,0.2000,0.3500,3.2310e+28,7.9610e+28,2.3960e+28,2.5690e+28,4.0282e+32,3.1177e+32,204
265,4,0.3500,0.5500,3.8670e+28,1.7228e+29,2.7100e+28,7.4400e+28,3.1131e+32,2.1093e+32,204
265,5,0.5500,1.0100,4.0150e+28,3.7418e+29,2.7440e+28,2.4718e+29,2.0926e+32,1.3698e+32,204
266,0,0.0000,0.0500,3.5300e+27,2.0000e+25,3.1200e+27,0.0000e+00,6.0004e+32,4.0647e+32,203
266,1,0.0500,0.1000,6.2000e+27,2.9700e+27,4.8200e+27,3.2000e+26,2.5752e+32,2.4340e+32,203
266,2,0.1000,0.2000,1.9500e+28,2.0810e+28,1.3450e+28,4.8000e+27,4.7244e+32,3.3398e+32,203
266,3,0.2000,0.3500,3.0770e+28,7.5950e+28,2.3120e+28,2.8130e+28,3.9635e+32,3.0706e+32,203
266,4,0.3500,0.5500,4.0390e+28,1.7840e+29,2.7490e+28,7.6590e+28,3.2392e+32,2.0793e+32,203
266,5,0.5500,1.0100,4.1270e+28,3.7366e+29,2.6310e+28,2.4196e+29,2.0430e+32,1.2906e+32,203
267,0,0.0000,0.0500,3.7900e+27,4.0000e+25,3.4400e+27,0.0000e+00,5.8587e+32,4.1740e+32,202
267,1,0.0500,0.1000,5.4500e+27,2.5500e+27,4.5200e+27,3.1000e+26,2.4655e+32,2.3345e+32,202
267,2,0.1000,0.2000,2.0040e+28,2.1490e+28,1.3380e+28,4.7900e+27,4.8927e+32,3.3632e+32,202
267,3,0.2000,0.3500,2.9550e+28,7.1410e+28,2.2580e+28,2.5960e+28,3.7661e+32,2.9906e+32,202
267,4,0.3500,0.5500,4.3650e+28,1.9103e+29,2.6280e+28,7.7750e+28,3.4231e+32,2.1015e+32,202
267,5,0.5500,1.0100,3.9120e+28,3.6707e+29,2.5090e+28,2.3455e+29,1.9711e+32,1.2095e+32,202
268,0,0.0000,0.0500,4.4100e+27,2.0000e+25,3.6200e+27,0.0000e+00,5.8202e+32,4.4209e+32,200
268,1,0.0500,0.1000,4.9600e+27,2.4900e+27,3.9700e+27,1.8000e+26,2.3167e+32,2.0813e+32,200
268,2,0.1000,0.2000,1.8780e+28,1.8100e+28,1.2470e+28,4.2100e+27,4.5502e+32,3.3113e+32,200
268,3,0.2000,0.3500,3.2790e+28,7.5320e+28,2.3110e+28,2.5440e+28,4.1254e+32,3.0207e+32,200
268,4,0.3500,0.5500,4.3870e+28,1.9652e+29,2.5230e+28,8.1960e+28,3.3804e+32,2.0456e+32,200
268,5,0.5500,1.0100,3.8170e+28,3.6775e+29,2.2900e+28,2.2665e+29,1.9145e+32,1.1038e+32,200
269,0,0.0000,0.0500,4.4900e+27,4.0000e+25,3.8900e+27,1.0000e+25,5.7810e+32,4.7391e+32,198
269,1,0.0500,0.1000,4.7900e+27,2.5400e+27,3.9600e+27,2.8000e+26,2.1913e+32,1.7659e+32,198
269,2,0.1000,0.2000,1.8010e+28,1.8580e+28,1.3770e+28,4.4800e+27,4.3647e+32,3.2741e+32,198
269,3,0.2000,0.3500,3.3150e+28,7.8630e+28,2.2090e+28,2.7340e+28,4.3154e+32,2.9545e+32,198
269,4,0.3500,0.5500,4.3890e+28,1.9527e+29,2.5890e+28,7.5810e+28,3.3587e+32,2.0064e+32,198
269,5,0.5500,1.0100,3.8320e+28,3.5926e+29,2.1380e+28,2.1225e+29,1.8240e+32,1.0602e+32,198
270,0,0.0000,0.0500,4.6500e+27,2.0000e+25,4.3000e+27,2.0000e+25,5.5100e+32,5.0145e+32,198
270,1,0.0500,0.1000,4.7600e+27,1.6700e+27,4.0000e+27,2.0000e+26,2.1948e+32,1.7073e+32,198
270,2,0.1000,0.2000,1.8170e+28,1.8050e+28,1.2860e+28,4.8600e+27,4.4867e+32,3.1950e+32,198
270,3,0.2000,0.3500,3.4770e+28,8.5230e+28,2.1580e+28,2.5040e+28,4.4773e+32,2.8540e+32,198
270,4,0.3500,0.5500,4.4110e+28,2.0182e+29,2.5620e+28,7.4160e+28,3.3582e+32,1.9752e+32,198
270,5,0.5500,1.0100,3.6880e+28,3.5791e+29,2.1140e+28,2.1809e+29,1.7564e+32,1.0350e+32,198
271,0,0.0000,0.0500,4.1500e+27,2.0000e+25,3.4900e+27,4.0000e+25,4.9438e+32,4.9470e+32,195
271,1,0.0500,0.1000,5.2800e+27,1.7500e+27,4.0500e+27,2.8000e+26,2.5689e+32,1.7538e+32,195
271,2,0.1000,0.2000,1.9580e+28,1.9330e+28,1.3050e+28,5.1500e+27,4.4655e+32,3.2506e+32,195
271,3,0.2000,0.3500,3.5700e+28,9.1670e+28,2.1210e+28,2.4650e+28,4.4848e+32,2.6727e+32,195
271,4,0.3500,0.5500,4.4510e+28,2.0149e+29,2.4130e+28,7.6610e+28,3.2746e+32,1.9064e+32,195
271,5,0.5500,1.0100,3.4690e+28,3.3516e+29,2.1110e+28,2.0605e+29,1.6642e+32,9.9366e+31,195
272,0,0.0000,0.0500,3.4000e+27,1.0000e+25,3.5200e+27,3.0000e+25,4.5479e+32,4.9544e+32,195
272,1,0.0500,0.1000,6.9500e+27,2.0200e+27,4.4400e+27,3.1000e+26,2.9432e+32,1.8400e+32,195
272,2,0.1000,0.2000,1.9280e+28,2.0650e+28,1.4650e+28,5.8400e+27,4.4979e+32,3.4466e+32,195
272,3,0.2000,0.3500,3.4060e+28,8.7070e+28,1.9210e+28,2.4270e+28,4.3804e+32,2.4267e+32,195
272,4,0.3500,0.5500,4.2560e+28,1.9357e+29,2.3590e+28,7.3020e+28,3.2659e+32,1.8786e+32,195
272,5,0.5500,1.0100,3.6280e+28,3.3949e+29,1.9900e+28,1.9803e+29,1.7077e+32,9.5802e+31,195
273,0,0.0000,0.0500,3.6000e+27,4.0000e+25,3.6200e+27,0.0000e+00,4.3005e+32,4.9752e+32,193
273,1,0.0500,0.1000,7.0600e+27,2.2100e+27,4.2900e+27,2.8000e+26,3.0671e+32,1.8679e+32,193
273,2,0.1000,0.2000,1.9550e+28,2.1460e+28,1.4840e+28,5.4900e+27,4.4506e+32,3.3963e+32,193
273,3,0.2000,0.3500,3.4790e+28,8.9260e+28,2.0090e+28,2.4150e+28,4.4134e+32,2.4162e+32,193
273,4,0.3500,0.5500,4.1710e+28,1.8504e+29,2.2840e+28,7.0460e+28,3.1183e+32,1.7566e+32,193
273,5,0.5500,1.0100,3.5050e+28,3.4560e+29,1.9580e+28,1.9620e+29,1.7082e+32,9.1554e+31,193
274,0,0.0000,0.0500,3.5300e+27,3.0000e+25,3.1600e+27,1.0000e+25,4.1366e+32,4.9608e+32,191
274,1,0.0500,0.1000,7.1800e+27,2.5000e+27,5.5800e+27,4.9000e+26,3.1800e+32,2.0712e+32,191
274,2,0.1000,0.2000,1.8210e+28,2.1770e+28,1.4050e+28,5.6000e+27,4.3416e+32,3.1592e+32,191
274,3,0.2000,0.3500,3.6400e+28,9.5240e+28,1.9450e+28,2.6820e+28,4.4274e+32,2.4591e+32,191
274,4,0.3500,0.5500,3.9770e+28,1.8336e+29,2.1120e+28,6.7690e+28,3.0184e+32,1.6261e+32,191
274,5,0.5500,1.0100,3.4290e+28,3.3916e+29,1.9120e+28,1.9312e+29,1.6651e+32,8.7859e+31,191
275,0,0.0000,0.0500,3.8300e+27,2.0000e+25,3.0700e+27,2.0000e+25,3.9833e+32,4.9931e+32,191
275,1,0.0500,0.1000,6.9600e+27,2.8300e+27,5.2000e+27,3.1000e+26,3.1405e+32,2.2150e+32,191
275,2,0.1000,0.2000,1.9870e+28,2.3210e+28,1.3920e+28,5.3100e+27,4.4874e+32,3.1044e+32,191
275,3,0.2000,0.3500,3.6050e+28,9.8830e+28,2.0290e+28,2.6300e+28,4.4182e+32,2.4652e+32,191
275,4,0.3500,0.5500,3.9720e+28,1.8091e+29,1.9470e+28,6.5290e+28,3.0096e+32,1.5176e+32,191
275,5,0.5500,1.0100,3.4120e+28,3.3756e+29,1.8360e+28,1.8655e+29,1.6627e+32,8.4558e+31,191
276,0,0.0000,0.0500,3.5800e+27,1.0000e+25,2.7700e+27,1.0000e+25,4.4189e+32,4.5947e+32,189
276,1,0.0500,0.1000,8.0500e+27,3.7200e+27,4.9500e+27,4.1000e+26,3.2571e+32,2.2215e+32,189
276,2,0.1000,0.2000,2.0320e+28,2.3520e+28,1.3880e+28,5.1500e+27,4.4310e+32,3.0088e+32,189
276,3,0.2000,0.3500,3.6930e+28,9.8890e+28,2.0940e+28,2.6970e+28,4.3869e+32,2.4923e+32,189
276,4,0.3500,0.5500,3.9210e+28,1.8210e+29,1.9530e+28,6.8460e+28,2.9270e+32,1.4928e+32,189
276,5,0.5500,1.0100,3.3180e+28,3.2331e+29,1.7740e+28,1.9359e+29,1.5837e+32,8.1471e+31,189
277,0,0.0000,0.0500,3.2500e+27,5.0000e+25,2.6700e+27,0.0000e+00,6.1192e+32,3.4584e+32,187
277,1,0.0500,0.1000,7.4100e+27,4.2600e+27,4.9700e+27,4.4000e+26,3.0886e+32,2.2660e+32,187
277,2,0.1000,0.2000,2.0650e+28,2.3760e+28,1.3180e+28,4.9100e+27,4.5287e+32,2.9513e+32,187
277,3,0.2000,0.3500,3.6410e+28,9.6920e+28,2.1040e+28,2.6790e+28,4.2187e+32,2.5261e+32,187
277,4,0.3500,0.5500,3.8750e+28,1.7576e+29,2.0270e+28,6.7810e+28,2.8450e+32,1.4992e+32,187
277,5,0.5500,1.0100,3.0670e+28,3.0406e+29,1.8000e+28,2.0999e+29,1.4872e+32,8.2645e+31,187
278,0,0.0000,0.0500,3.4900e+27,1.0000e+25,3.0600e+27,1.0000e+25,6.0363e+32,3.5943e+32,187
278,1,0.0500,0.1000,7.4100e+27,4.4500e+27,4.9200e+27,4.2000e+26,3.1793e+32,2.2301e+32,187
278,2,0.1000,0.2000,2.1180e+28,2.6220e+28,1.3010e+28,5.0600e+27,4.5497e+32,2.9223e+32,187
278,3,0.2000,0.3500,3.6070e+28,9.6780e+28,2.0430e+28,2.8030e+28,4.1296e+32,2.5009e+32,187
278,4,0.3500,0.5500,4.0870e+28,1.8162e+29,1.9920e+28,6.7780e+28,2.8953e+32,1.4769e+32,187
278,5,0.5500,1.0100,3.1300e+28,3.0900e+29,1.7540e+28,1.9770e+29,1.4500e+32,7.8360e+31,187
279,0,0.0000,0.0500,4.1500e+27,7.0000e+25,3.3700e+27,3.0000e+25,5.9943e+32,3.6394e+32,185
279,1,0.0500,0.1000,6.8100e+27,3.7000e+27,5.2100e+27,4.2000e+26,2.7237e+32,2.1948e+32,185
279,2,0.1000,0.2000,2.1120e+28,2.4860e+28,1.3640e+28,5.1700e+27,4.7722e+32,2.8849e+32,185
279,3,0.2000,0.3500,3.5170e+28,9.3960e+28,2.1010e+28,2.8470e+28,4.1093e+32,2.4528e+32,185
279,4,0.3500,0.5500,4.0100e+28,1.8601e+29,1.9270e+28,7.0380e+28,2.9455e+32,1.4370e+32,185
279,5,0.5500,1.0100,2.9710e+28,3.0626e+29,1.6740e+28,1.9521e+29,1.4100e+32,7.3726e+31,185
280,0,0.0000,0.0500,3.9700e+27,6.0000e+25,3.2200e+27,1.0000e+25,5.9129e+32,3.6918e+32,184
280,1,0.0500,0.1000,5.8400e+27,2.6700e+27,5.0200e+27,3.3000e+26,2.5635e+32,2.1187e+32,184
280,2,0.1000,0.2000,2.3720e+28,2.7050e+28,1.3030e+28,4.9600e+27,4.9987e+32,2.9064e+32,184
280,3,0.2000,0.3500,3.3610e+28,8.8050e+28,2.0560e+28,2.7610e+28,3.8863e+32,2.4074e+32,184
280,4,0.3500,0.5500,4.1820e+28,1.9096e+29,1.9660e+28,7.1490e+28,3.0852e+32,1.4348e+32,184
280,5,0.5500,1.0100,2.7940e+28,2.9391e+29,1.6000e+28,1.9224e+29,1.3428e+32,6.9946e+31,184
281,0,0.0000,0.0500,4.5200e+27,2.0000e+25,3.0200e+27,1.0000e+25,5.8019e+32,3.7614e+32,182
281,1,0.0500,0.1000,5.7400e+27,2.6400e+27,5.0300e+27,2.6000e+26,2.4770e+32,2.0412e+32,182
281,2,0.1000,0.2000,2.3230e+28,2.8050e+28,1.2760e+28,5.4400e+27,4.9926e+32,2.8722e+32,182
281,3,0.2000,0.3500,3.3990e+28,8.6320e+28,1.9720e+28,2.7420e+28,3.8357e+32,2.3425e+32,182
281,4,0.3500,0.5500,4.2770e+28,1.9725e+29,2.0420e+28,7.2960e+28,3.1036e+32,1.4276e+32,182
281,5,0.5500,1.0100,2.8420e+28,2.9365e+29,1.4490e+28,1.8391e+29,1.2911e+32,6.5386e+31,182
282,0,0.0000,0.0500,4.4400e+27,1.0000e+25,3.8300e+27,4.0000e+25,5.8228e+32,3.9547e+32,182
282,1,0.0500,0.1000,5.5600e+27,2.8300e+27,4.2900e+27,3.1000e+26,2.3831e+32,1.8868e+32,182
282,2,0.1000,0.2000,2.2310e+28,2.5710e+28,1.2530e+28,4.7700e+27,4.7234e+32,2.8466e+32,182
282,3,0.2000,0.3500,3.5560e+28,9.1500e+28,2.0810e+28,2.8430e+28,4.1808e+32,2.4028e+32,182
282,4,0.3500,0.5500,4.2300e+28,1.9476e+29,1.9480e+28,7.2580e+28,3.0839e+32,1.3912e+32,182
282,5,0.5500,1.0100,2.7440e+28,2.8440e+29,1.4040e+28,1.7630e+29,1.2588e+32,6.0355e+31,182
283,0,0.0000,0.0500,5.1400e+27,3.0000e+25,4.0800e+27,5.0000e+25,5.7803e+32,4.1730e+32,180
283,1,0.0500,0.1000,6.3800e+27,2.8500e+27,3.9200e+27,2.5000e+26,2.3083e+32,1.6209e+32,180
283,2,0.1000,0.2000,2.1010e+28,2.4810e+28,1.2720e+28,4.8400e+27,4.5445e+32,2.8658e+32,180
283,3,0.2000,0.3500,3.6800e+28,9.7210e+28,1.9730e+28,2.8580e+28,4.3373e+32,2.3342e+32,180
283,4,0.3500,0.5500,4.1960e+28,1.9533e+29,1.9980e+28,7.3070e+28,3.0014e+32,1.3579e+32,180
283,5,0.5500,1.0100,2.6760e+28,2.7520e+29,1.3610e+28,1.7674e+29,1.1893e+32,5.7831e+31,180
284,0,0.0000,0.0500,5.2100e+27,8.0000e+25,3.7400e+27,2.0000e+25,5.7698e+32,4.3028e+32,179
284,1,0.0500,0.1000,5.4800e+27,2.7200e+27,3.7700e+27,4.3000e+26,2.1847e+32,1.5405e+32,179
284,2,0.1000,0.2000,2.0790e+28,2.3500e+28,1.2630e+28,4.8100e+27,4.4832e+32,2.7897e+32,179
284,3,0.2000,0.3500,3.7330e+28,9.9220e+28,1.9400e+28,2.7920e+28,4.4031e+32,2.3138e+32,179
284,4,0.3500,0.5500,4.3010e+28,2.0002e+29,1.7940e+28,7.0230e+28,3.0201e+32,1.3379e+32,179
284,5,0.5500,1.0100,2.5110e+28,2.7029e+29,1.2920e+28,1.7144e+29,1.1292e+32,5.6037e+31,179
285,0,0.0000,0.0500,5.3800e+27,5.0000e+25,3.6700e+27,3.0000e+25,5.4733e+32,4.4855e+32,178
285,1,0.0500,0.1000,5.5700e+27,2.2400e+27,3.8300e+27,3.9000e+26,2.2303e+32,1.4634e+32,178
285,2,0.1000,0.2000,2.0640e+28,2.5730e+28,1.2170e+28,5.8900e+27,4.5644e+32,2.7251e+32,178
285,3,0.2000,0.3500,3.9610e+28,1.0336e+29,1.8890e+28,2.7510e+28,4.5191e+32,2.2315e+32,178
285,4,0.3500,0.5500,4.2710e+28,1.9660e+29,1.9100e+28,7.2560e+28,2.9618e+32,1.3149e+32,178
285,5,0.5500,1.0100,2.4570e+28,2.6834e+29,1.2570e+28,1.7232e+29,1.0722e+32,5.4431e+31,178
286,0,0.0000,0.0500,5.0800e+27,1.4000e+26,3.7400e+27,2.0000e+25,5.2185e+32,4.4414e+32,176
286,1,0.0500,0.1000,5.2500e+27,2.1200e+27,3.8700e+27,4.8000e+26,2.3116e+32,1.5140e+32,176
286,2,0.1000,0.2000,2.2050e+28,2.5000e+28,1.2940e+28,5.5000e+27,4.6489e+32,2.7250e+32,176
286,3,0.2000,0.3500,3.8070e+28,1.0843e+29,1.8280e+28,2.6210e+28,4.4649e+32,2.1463e+32,176
286,4,0.3500,0.5500,4.2010e+28,1.9862e+29,1.7860e+28,6.7650e+28,2.8781e+32,1.2590e+32,176
286,5,0.5500,1.0100,2.2800e+28,2.5823e+29,1.2040e+28,1.6322e+29,1.0116e+32,5.2539e+31,176
287,0,0.0000,0.0500,4.6500e+27,9.0000e+25,3.9100e+27,3.0000e+25,4.8179e+32,4.4479e+32,176
287,1,0.0500,0.1000,5.9400e+27,2.4200e+27,4.1200e+27,4.4000e+26,2.7304e+32,1.5396e+32,176
287,2,0.1000,0.2000,2.1580e+28,2.5470e+28,1.2600e+28,5.5800e+27,4.5621e+32,2.7913e+32,176
287,3,0.2000,0.3500,4.0500e+28,1.0867e+29,1.7710e+28,2.6690e+28,4.5603e+32,2.0604e+32,176
287,4,0.3500,0.5500,4.2260e+28,1.9364e+29,1.7580e+28,6.6420e+28,2.8337e+32,1.2484e+32,176
287,5,0.5500,1.0100,2.1630e+28,2.5570e+29,1.1780e+28,1.6287e+29,9.6904e+31,5.1189e+31,176
288,0,0.0000,0.0500,4.1800e+27,6.0000e+25,3.2900e+27,5.0000e+25,4.4926e+32,4.4046e+32,174
288,1,0.0500,0.1000,7.3900e+27,2.5500e+27,4.1700e+27,4.4000e+26,2.9988e+32,1.5672e+32,174
288,2,0.1000,0.2000,2.1340e+28,2.7630e+28,1.3640e+28,6.2100e+27,4.5285e+32,2.8778e+32,174
288,3,0.2000,0.3500,3.9400e+28,1.0475e+29,1.6800e+28,2.4480e+28,4.3667e+32,1.8848e+32,174
288,4,0.3500,0.5500,4.0980e+28,1.9312e+29,1.8290e+28,6.4950e+28,2.8068e+32,1.2208e+32,174
288,5,0.5500,1.0100,2.2450e+28,2.5451e+29,1.1740e+28,1.6409e+29,9.9025e+31,4.9206e+31,174
289,0,0.0000,0.0500,4.0300e+27,7.0000e+25,3.2900e+27,4.0000e+25,4.2944e+32,4.3854e+32,173
289,1,0.0500,0.1000,7.3400e+27,2.8000e+27,4.6000e+27,3.7000e+26,3.0505e+32,1.6211e+32,173
289,2,0.1000,0.2000,2.2420e+28,2.9330e+28,1.4500e+28,6.2400e+27,4.6416e+32,2.9239e+32,173
289,3,0.2000,0.3500,3.8970e+28,1.0447e+29,1.5760e+28,2.4510e+28,4.3281e+32,1.7819e+32,173
289,4,0.3500,0.5500,3.9260e+28,1.8546e+29,1.6440e+28,6.7450e+28,2.7215e+32,1.1862e+32,173
289,5,0.5500,1.0100,2.1930e+28,2.5386e+29,1.0970e+28,1.5920e+29,9.8084e+31,4.6842e+31,173
290,0,0.0000,0.0500,3.6200e+27,8.0000e+25,3.0900e+27,3.0000e+25,4.1988e+32,4.4620e+32,173
290,1,0.0500,0.1000,7.2500e+27,2.9900e+27,4.0400e+27,5.4000e+26,3.1742e+32,1.6101e+32,173
290,2,0.1000,0.2000,2.2520e+28,2.8430e+28,1.3560e+28,6.7400e+27,4.5528e+32,2.8745e+32,173
290,3,0.2000,0.3500,4.0200e+28,1.0660e+29,1.6590e+28,2.5870e+28,4.4273e+32,1.8359e+32,173
290,4,0.3500,0.5500,3.8630e+28,1.8081e+29,1.6160e+28,6.3990e+28,2.6244e+32,1.1201e+32,173
290,5,0.5500,1.0100,2.1990e+28,2.5013e+29,1.0710e+28,1.5112e+29,9.8080e+31,4.5719e+31,173
291,0,0.0000,0.0500,4.0700e+27,1.0000e+26,3.2800e+27,0.0000e+00,4.0743e+32,4.4318e+32,171
291,1,0.0500,0.1000,6.8100e+27,3.6500e+27,4.2200e+27,4.3000e+26,3.2414e+32,1.6743e+32,171
291,2,0.1000,0.2000,2.2710e+28,2.7900e+28,1.3290e+28,6.3400e+27,4.5139e+32,2.7519e+32,171
291,3,0.2000,0.3500,3.9780e+28,1.0720e+29,1.7320e+28,2.8040e+28,4.3713e+32,1.8716e+32,171
291,4,0.3500,0.5500,3.7780e+28,1.7910e+29,1.5230e+28,6.3270e+28,2.5228e+32,1.0397e+32,171
291,5,0.5500,1.0100,2.1650e+28,2.5472e+29,1.0100e+28,1.5240e+29,9.4591e+31,4.4033e+31,171
292,0,0.0000,0.0500,3.3200e+27,7.0000e+25,2.9600e+27,2.0000e+25,3.9589e+32,4.4131e+32,170
292,1,0.0500,0.1000,7.9400e+27,4.2400e+27,4.9400e+27,5.3000e+26,3.3404e+32,1.8657e+32,170
292,2,0.1000,0.2000,2.1440e+28,2.8270e+28,1.2110e+28,6.5600e+27,4.3893e+32,2.5941e+32,170
292,3,0.2000,0.3500,4.1020e+28,1.0893e+29,1.7040e+28,2.7860e+28,4.4224e+32,1.8278e+32,170
292,4,0.3500,0.5500,3.6430e+28,1.7168e+29,1.4660e+28,6.0920e+28,2.4660e+32,1.0083e+32,170
292,5,0.5500,1.0100,2.0920e+28,2.3737e+29,9.1800e+27,1.4562e+29,9.1667e+31,4.2071e+31,170
293,0,0.0000,0.0500,3.7600e+27,5.0000e+25,3.0300e+27,4.0000e+25,3.8874e+32,4.3947e+32,169
293,1,0.0500,0.1000,8.4900e+27,4.8400e+27,5.2700e+27,6.7000e+26,3.1945e+32,1.9224e+32,169
293,2,0.1000,0.2000,2.3240e+28,2.8240e+28,1.3890e+28,6.9100e+27,4.5795e+32,2.5784e+32,169
293,3,0.2000,0.3500,3.9490e+28,1.0683e+29,1.7500e+28,2.8170e+28,4.3272e+32,1.8170e+32,169
293,4,0.3500,0.5500,3.5860e+28,1.6747e+29,1.3990e+28,5.8610e+28,2.4298e+32,9.3695e+31,169
293,5,0.5500,1.0100,2.0870e+28,2.3755e+29,9.4200e+27,1.4817e+29,8.9546e+31,4.0190e+31,169
294,0,0.0000,0.0500,3.6400e+27,8.0000e+25,2.6300e+27,7.0000e+25,3.6919e+32,4.4312e+32,168
294,1,0.0500,0.1000,8.7600e+27,4.6900e+27,5.0500e+27,5.6000e+26,3.3125e+32,1.8619e+32,168
294,2,0.1000,0.2000,2.2260e+28,2.7470e+28,1.2790e+28,7.0400e+27,4.5124e+32,2.5668e+32,168
294,3,0.2000,0.3500,4.0950e+28,1.0828e+29,1.7180e+28,2.9470e+28,4.3551e+32,1.8195e+32,168
294,4,0.3500,0.5500,3.6030e+28,1.6830e+29,1.3320e+28,5.8620e+28,2.3982e+32,9.0711e+31,168
294,5,0.5500,1.0100,2.1380e+28,2.4238e+29,9.1800e+27,1.4793e+29,8.7197e+31,3.9112e+31,168
295,0,0.0000,0.0500,3.2800e+27,9.0000e+25,2.8900e+27,3.0000e+25,3.5875e+32,4.4406e+32,167
295,1,0.0500,0.1000,8.5900e+27,5.2100e+27,5.1400e+27,4.8000e+26,3.3992e+32,1.8756e+32,167
295,2,0.1000,0.2000,2.2650e+28,2.9170e+28,1.2890e+28,6.6600e+27,4.4965e+32,2.5077e+32,167
295,3,0.2000,0.3500,4.1460e+28,1.0867e+29,1.6420e+28,2.8520e+28,4.3244e+32,1.8169e+32,167
295,4,0.3500,0.5500,3.5310e+28,1.6322e+29,1.3650e+28,6.0910e+28,2.3309e+32,8.9364e+31,167
295,5,0.5500,1.0100,1.9990e+28,2.3459e+29,9.0300e+27,1.4257e+29,8.3082e+31,3.6936e+31,167
296,0,0.0000,0.0500,3.4000e+27,4.0000e+25,2.9200e+27,7.0000e+25,5.8013e+32,3.1492e+32,166
296,1,0.0500,0.1000,8.7300e+27,5.4100e+27,5.0200e+27,5.4000e+26,3.3116e+32,1.9706e+32,166
296,2,0.1000,0.2000,2.2310e+28,3.0810e+28,1.2270e+28,6.4100e+27,4.5075e+32,2.4569e+32,166
296,3,0.2000,0.3500,4.0220e+28,1.0819e+29,1.7220e+28,3.0200e+28,4.2238e+32,1.8633e+32,166
296,4,0.3500,0.5500,3.3950e+28,1.6094e+29,1.3890e+28,6.1370e+28,2.2539e+32,8.9372e+31,166
296,5,0.5500,1.0100,1.7590e+28,2.1280e+29,9.4600e+27,1.5738e+29,7.6652e+31,3.8127e+31,166
297,0,0.0000,0.0500,3.5200e+27,1.3000e+26,2.5700e+27,2.0000e+25,6.1457e+32,2.9461e+32,165
297,1,0.0500,0.1000,8.9200e+27,4.2000e+27,5.0600e+27,4.9000e+26,3.1663e+32,1.9544e+32,165
297,2,0.1000,0.2000,2.3300e+28,3.1950e+28,1.2050e+28,6.2600e+27,4.6288e+32,2.4475e+32,165
297,3,0.2000,0.3500,4.0450e+28,1.0663e+29,1.7280e+28,3.0690e+28,4.1323e+32,1.8570e+32,165
297,4,0.3500,0.5500,3.4330e+28,1.6283e+29,1.3880e+28,6.0470e+28,2.2091e+32,8.8555e+31,165
297,5,0.5500,1.0100,1.7390e+28,2.1300e+29,8.7500e+27,1.5118e+29,7.4545e+31,3.7363e+31,165
298,0,0.0000,0.0500,3.5400e+27,1.3000e+26,3.2100e+27,2.0000e+25,5.9938e+32,3.0194e+32,164
298,1,0.0500,0.1000,8.8400e+27,4.5900e+27,4.9600e+27,4.6000e+26,3.3033e+32,1.8564e+32,164
298,2,0.1000,0.2000,2.4890e+28,3.3520e+28,1.2270e+28,6.8000e+27,4.6145e+32,2.4651e+32,164
298,3,0.2000,0.3500,4.0280e+28,1.0716e+29,1.6970e+28,2.9050e+28,4.0912e+32,1.8163e+32,164
298,4,0.3500,0.5500,3.3140e+28,1.5451e+29,1.3300e+28,6.0270e+28,2.1345e+32,8.7275e+31,164
298,5,0.5500,1.0100,1.6690e+28,2.1273e+29,8.7600e+27,1.5559e+29,7.2012e+31,3.5936e+31,164
299,0,0.0000,0.0500,4.0400e+27,9.0000e+25,3.3300e+27,7.0000e+25,5.9696e+32,3.0474e+32,163
299,1,0.0500,0.1000,9.4800e+27,5.5400e+27,5.4600e+27,5.7000e+26,3.3164e+32,1.8820e+32,163
299,2,0.1000,0.2000,2.3910e+28,3.3980e+28,1.2290e+28,6.3100e+27,4.5987e+32,2.3966e+32,163
299,3,0.2000,0.3500,3.8910e+28,1.0482e+29,1.6760e+28,2.9470e+28,3.9577e+32,1.8053e+32,163
299,4,0.3500,0.5500,3.2830e+28,1.5887e+29,1.3030e+28,5.7930e+28,2.1606e+32,8.4061e+31,163
299,5,0.5500,1.0100,1.6290e+28,2.0233e+29,8.7500e+27,1.5890e+29,6.8354e+31,3.4303e+31,163
300,0,0.0000,0.0500,4.2600e+27,1.2000e+26,3.0200e+27,9.0000e+25,5.9557e+32,3.0550e+32,162
300,1,0.0500,0.1000,9.1200e+27,5.1000e+27,4.7800e+27,5.3000e+26,3.1738e+32,1.9068e+32,162
300,2,0.1000,0.2000,2.4650e+28,3.3340e+28,1.1970e+28,6.7700e+27,4.5782e+32,2.3290e+32,162
300,3,0.2000,0.3500,3.7030e+28,1.0209e+29,1.7340e+28,3.0290e+28,3.9140e+32,1.8019e+32,162
300,4,0.3500,0.5500,3.4610e+28,1.6083e+29,1.2500e+28,5.9860e+28,2.2285e+32,8.2251e+31,162
300,5,0.5500,1.0100,1.5100e+28,2.0149e+29,7.9700e+27,1.4936e+29,6.6618e+31,3.2642e+31,162
301,0,0.0000,0.0500,3.9700e+27,1.2000e+26,2.9600e+27,9.0000e+25,5.9787e+32,3.1080e+32,162
301,1,0.0500,0.1000,7.6400e+27,4.3300e+27,5.1300e+27,5.0000e+26,2.8432e+32,1.8608e+32,162
301,2,0.1000,0.2000,2.5630e+28,3.4880e+28,1.1990e+28,7.0200e+27,4.8603e+32,2.3806e+32,162
301,3,0.2000,0.3500,3.8660e+28,1.0363e+29,1.6700e+28,3.0420e+28,3.9641e+32,1.7585e+32,162
301,4,0.3500,0.5500,3.3160e+28,1.5827e+29,1.3490e+28,5.9430e+28,2.1826e+32,8.1053e+31,162
301,5,0.5500,1.0100,1.6060e+28,1.9784e+29,8.1500e+27,1.5207e+29,6.4637e+31,3.1568e+31,162
302,0,0.0000,0.0500,4.3600e+27,8.0000e+25,2.9900e+27,6.0000e+25,5.9289e+32,3.0716e+32,160
302,1,0.0500,0.1000,7.2600e+27,3.9500e+27,4.6100e+27,5.7000e+26,2.6768e+32,1.8414e+32,160
302,2,0.1000,0.2000,2.6470e+28,3.5980e+28,1.1770e+28,6.3000e+27,4.9618e+32,2.3600e+32,160
302,3,0.2000,0.3500,3.8170e+28,1.0084e+29,1.6700e+28,2.9080e+28,3.8396e+32,1.7280e+32,160
302,4,0.3500,0.5500,3.4010e+28,1.6244e+29,1.1920e+28,5.8090e+28,2.1650e+32,7.9277e+31,160
302,5,0.5500,1.0100,1.5580e+28,1.9853e+29,7.7100e+27,1.4759e+29,6.1278e+31,3.0503e+31,160
303,0,0.0000,0.0500,4.4100e+27,1.6000e+26,3.3600e+27,4.0000e+25,5.9418e+32,3.1334e+32,160
303,1,0.0500,0.1000,7.3000e+27,3.5800e+27,4.8200e+27,6.0000e+26,2.6202e+32,1.7855e+32,160
303,2,0.1000,0.2000,2.6820e+28,3.7160e+28,1.2070e+28,7.1000e+27,5.0579e+32,2.3623e+32,160
303,3,0.2000,0.3500,3.5600e+28,1.0034e+29,1.7040e+28,2.8500e+28,3.7280e+32,1.7234e+32,160
303,4,0.3500,0.5500,3.4640e+28,1.6253e+29,1.2040e+28,5.7630e+28,2.2090e+32,7.9133e+31,160
303,5,0.5500,1.0100,1.4000e+28,1.8809e+29,7.2700e+27,1.5482e+29,5.8705e+31,2.9359e+31,160
304,0,0.0000,0.0500,4.5200e+27,9.0000e+25,3.2400e+27,7.0000e+25,5.7872e+32,3.1269e+32,159
304,1,0.0500,0.1000,7.5400e+27,3.3800e+27,4.5200e+27,5.9000e+26,2.6297e+32,1.7676e+32,159
304,2,0.1000,0.2000,2.7570e+28,3.7910e+28,1.1670e+28,6.6000e+27,5.1695e+32,2.3762e+32,159
304,3,0.2000,0.3500,3.5090e+28,9.4720e+28,1.6720e+28,2.7690e+28,3.5676e+32,1.6838e+32,159
304,4,0.3500,0.5500,3.5290e+28,1.6134e+29,1.2320e+28,6.0470e+28,2.2629e+32,7.8314e+31,159
304,5,0.5500,1.0100,1.3180e+28,1.8447e+29,7.3200e+27,1.5054e+29,5.5828e+31,2.8330e+31,159
305,0,0.0000,0.0500,4.7900e+27,6.0000e+25,2.9500e+27,6.0000e+25,5.7369e+32,3.1394e+32,157
305,1,0.0500,0.1000,7.9600e+27,3.4400e+27,4.3000e+27,5.3000e+26,2.6055e+32,1.7000e+32,157
305,2,0.1000,0.2000,2.6630e+28,3.8540e+28,1.2560e+28,6.6600e+27,5.1225e+32,2.3684e+32,157
305,3,0.2000,0.3500,3.5140e+28,9.2780e+28,1.5470e+28,2.9350e+28,3.5033e+32,1.6376e+32,157
305,4,0.3500,0.5500,3.3230e+28,1.5823e+29,1.1900e+28,5.9700e+28,2.1834e+32,7.7052e+31,157
305,5,0.5500,1.0100,1.3600e+28,1.7677e+29,7.5200e+27,1.4304e+29,5.2772e+31,2.6743e+31,157
306,0,0.0000,0.0500,4.8800e+27,1.3000e+26,3.6100e+27,3.0000e+25,5.7962e+32,3.1799e+32,158
306,1,0.0500,0.1000,6.7800e+27,3.5800e+27,4.7000e+27,7.8000e+26,2.4974e+32,1.7556e+32,158
306,2,0.1000,0.2000,2.8140e+28,3.8030e+28,1.2160e+28,6.6600e+27,5.1866e+32,2.3280e+32,158
306,3,0.2000,0.3500,3.5880e+28,9.4580e+28,1.5560e+28,2.9060e+28,3.5744e+32,1.6460e+32,158
306,4,0.3500,0.5500,3.4380e+28,1.5875e+29,1.1700e+28,5.8960e+28,2.1854e+32,7.6818e+31,158
306,5,0.5500,1.0100,1.2700e+28,1.8408e+29,6.7800e+27,1.4465e+29,5.2050e+31,2.6253e+31,158
307,0,0.0000,0.0500,5.1700e+27,1.1000e+26,3.2500e+27,4.0000e+25,5.7448e+32,3.2360e+32,156
307,1,0.0500,0.1000,6.9400e+27,3.3100e+27,4.2300e+27,4.5000e+26,2.4753e+32,1.6507e+32,156
307,2,0.1000,0.2000,2.6300e+28,3.5410e+28,1.1830e+28,6.6400e+27,4.9361e+32,2.2940e+32,156
307,3,0.2000,0.3500,3.7130e+28,9.5400e+28,1.5740e+28,2.9280e+28,3.6704e+32,1.6313e+32,156
307,4,0.3500,0.5500,3.3150e+28,1.5456e+29,1.2090e+28,6.0340e+28,2.1389e+32,7.5054e+31,156
307,5,0.5500,1.0100,1.2850e+28,1.8423e+29,5.9800e+27,1.3849e+29,5.0601e+31,2.4520e+31,156
308,0,0.0000,0.0500,5.4000e+27,1.1000e+26,3.2300e+27,9.0000e+25,5.7304e+32,3.2760e+32,155
308,1,0.0500,0.1000,7.0100e+27,3.3400e+27,4.1100e+27,5.8000e+26,2.4685e+32,1.5861e+32,155
308,2,0.1000,0.2000,2.5830e+28,3.4710e+28,1.1630e+28,6.7100e+27,4.7930e+32,2.2817e+32,155
308,3,0.2000,0.3500,3.5490e+28,9.4710e+28,1.5790e+28,2.9860e+28,3.7528e+32,1.6426e+32,155
308,4,0.3500,0.5500,3.2180e+28,1.5131e+29,1.2450e+28,5.9560e+28,2.0768e+32,7.2246e+31,155
308,5,0.5500,1.0100,1.1480e+28,1.7939e+29,5.9100e+27,1.3595e+29,4.8296e+31,2.3041e+31,155
309,0,0.0000,0.0500,5.6600e+27,1.8000e+26,3.4400e+27,1.1000e+26,5.7534e+32,3.3249e+32,155
309,1,0.0500,0.1000,7.0400e+27,3.5900e+27,4.1200e+27,5.0000e+26,2.3383e+32,1.5439e+32,155
309,2,0.1000,0.2000,2.5790e+28,3.3130e+28,1.2170e+28,6.6000e+27,4.7630e+32,2.2845e+32,155
309,3,0.2000,0.3500,3.9100e+28,9.8010e+28,1.6310e+28,3.1060e+28,3.9160e+32,1.6522e+32,155
309,4,0.3500,0.5500,3.3440e+28,1.4928e+29,1.1710e+28,6.2390e+28,2.0287e+32,7.0643e+31,155
309,5,0.5500,1.0100,1.1340e+28,1.8261e+29,6.0300e+27,1.4150e+29,4.6536e+31,2.2285e+31,155
310,0,0.0000,0.0500,5.4700e+27,1.7000e+26,3.6300e+27,1.0000e+26,5.7380e+32,3.3680e+32,154
310,1,0.0500,0.1000,6.6600e+27,3.5700e+27,3.9600e+27,5.0000e+26,2.3271e+32,1.4759e+32,154
310,2,0.1000,0.2000,2.5180e+28,3.2320e+28,1.2200e+28,6.7200e+27,4.6777e+32,2.2877e+32,154
310,3,0.2000,0.3500,3.8560e+28,9.6670e+28,1.5790e+28,2.9540e+28,3.9440e+32,1.6237e+32,154
310,4,0.3500,0.5500,3.1380e+28,1.4981e+29,1.1170e+28,6.0610e+28,1.9695e+32,6.9507e+31,154
310,5,0.5500,1.0100,1.0460e+28,1.7233e+29,5.5600e+27,1.3848e+29,4.4477e+31,2.1665e+31,154
311,0,0.0000,0.0500,5.8000e+27,1.4000e+26,3.5100e+27,9.0000e+25,5.7221e+32,3.4298e+32,153
311,1,0.0500,0.1000,6.8300e+27,3.6100e+27,3.9100e+27,4.3000e+26,2.3194e+32,1.3891e+32,153
311,2,0.1000,0.2000,2.5310e+28,3.2850e+28,1.2230e+28,7.1300e+27,4.6609e+32,2.3036e+32,153
311,3,0.2000,0.3500,3.9620e+28,9.7010e+28,1.5290e+28,2.9360e+28,3.8993e+32,1.5810e+32,153
311,4,0.3500,0.5500,3.0020e+28,1.4400e+29,1.1000e+28,5.9530e+28,1.9118e+32,6.8337e+31,153
311,5,0.5500,1.0100,1.0560e+28,1.7201e+29,5.4900e+27,1.3566e+29,4.2537e+31,2.1083e+31,153
312,0,0.0000,0.0500,5.9000e+27,2.4000e+26,4.0400e+27,4.0000e+25,5.7423e+32,3.5663e+32,153
312,1,0.0500,0.1000,6.5800e+27,3.6300e+27,3.4300e+27,6.2000e+26,2.3269e+32,1.2593e+32,153
312,2,0.1000,0.2000,2.3940e+28,3.0970e+28,1.1560e+28,7.0500e+27,4.5584e+32,2.3063e+32,153
312,3,0.2000,0.3500,3.9010e+28,9.7450e+28,1.5420e+28,2.9760e+28,3.9922e+32,1.5773e+32,153
312,4,0.3500,0.5500,3.0580e+28,1.4537e+29,1.0920e+28,5.8650e+28,1.8672e+32,6.7595e+31,153
312,5,0.5500,1.0100,1.0130e+28,1.8085e+29,5.4200e+27,1.3846e+29,4.1086e+31,2.0775e+31,153
313,0,0.0000,0.0500,5.7800e+27,3.5000e+26,3.8600e+27,4.0000e+25,5.7255e+32,3.5966e+32,152
313,1,0.0500,0.1000,7.0600e+27,3.8700e+27,3.3100e+27,4.9000e+26,2.2968e+32,1.2431e+32,152
313,2,0.1000,0.2000,2.4060e+28,2.9370e+28,1.2060e+28,7.4100e+27,4.4824e+32,2.2550e+32,152
313,3,0.2000,0.3500,4.0340e+28,1.0014e+29,1.5840e+28,2.9330e+28,4.0239e+32,1.5635e+32,152
313,4,0.3500,0.5500,2.9670e+28,1.3957e+29,1.1000e+28,6.0250e+28,1.8131e+32,6.6501e+31,152
313,5,0.5500,1.0100,1.0330e+28,1.7520e+29,5.4300e+27,1.3536e+29,3.9351e+31,2.0202e+31,152
314,0,0.0000,0.0500,6.1000e+27,3.1000e+26,3.8500e+27,6.0000e+25,5.7082e+32,3.5777e+32,151
314,1,0.0500,0.1000,6.5500e+27,3.6800e+27,3.5500e+27,7.2000e+26,2.1662e+32,1.2608e+32,151
314,2,0.1000,0.2000,2.3510e+28,2.9860e+28,1.1480e+28,7.0700e+27,4.5156e+32,2.2181e+32,151
314,3,0.2000,0.3500,3.9560e+28,9.6840e+28,1.5040e+28,3.0040e+28,3.9764e+32,1.5493e+32,151
314,4,0.3500,0.5500,2.9500e+28,1.4518e+29,1.0530e+28,5.7630e+28,1.8332e+32,6.5443e+31,151
314,5,0.5500,1.0100,9.5800e+27,1.7259e+29,5.2100e+27,1.3114e+29,3.7694e+31,1.9719e+31,151
315,0,0.0000,0.0500,6.8600e+27,3.4000e+26,3.7800e+27,6.0000e+25,5.6905e+32,3.5588e+32,150
315,1,0.0500,0.1000,6.3000e+27,3.3100e+27,3.7300e+27,5.7000e+26,2.1574e+32,1.2541e+32,150
315,2,0.1000,0.2000,2.4300e+28,2.9410e+28,1.1450e+28,7.3100e+27,4.4983e+32,2.2057e+32,150
315,3,0.2000,0.3500,3.8270e+28,9.2860e+28,1.4460e+28,2.9840e+28,3.9200e+32,1.5361e+32,150
315,4,0.3500,0.5500,2.9270e+28,1.4160e+29,1.0690e+28,5.5630e+28,1.7897e+32,6.4315e+31,150
315,5,0.5500,1.0100,9.2200e+27,1.6824e+29,5.3100e+27,1.3899e+29,3.6179e+31,1.9323e+31,150
316,0,0.0000,0.0500,6.4800e+27,4.1000e+26,3.7400e+27,8.0000e+25,5.7102e+32,3.5635e+32,150
316,1,0.0500,0.1000,6.3400e+27,3.5200e+27,3.5200e+27,5.4000e+26,2.1624e+32,1.2552e+32,150
316,2,0.1000,0.2000,2.4780e+28,2.8680e+28,1.1890e+28,6.9600e+27,4.5099e+32,2.2085e+32,150
316,3,0.2000,0.3500,4.0020e+28,9.4490e+28,1.5350e+28,3.1590e+28,3.8989e+32,1.5330e+32,150
316,4,0.3500,0.5500,2.8010e+28,1.3577e+29,9.9900e+27,5.8650e+28,1.7495e+32,6.3690e+31,150
316,5,0.5500,1.0100,9.2700e+27,1.7793e+29,5.4000e+27,1.3971e+29,3.5017e+31,1.9072e+31,150
317,0,0.0000,0.0500,6.1700e+27,3.8000e+26,3.6800e+27,1.3000e+26,5.6573e+32,3.6589e+32,149
317,1,0.0500,0.1000,7.0500e+27,3.5800e+27,3.6600e+27,9.6000e+26,2.1504e+32,1.1968e+32,149
317,2,0.1000,0.2000,2.5180e+28,2.8600e+28,1.1930e+28,7.3700e+27,4.4836e+32,2.1632e+32,149
317,3,0.2000,0.3500,3.9450e+28,9.5470e+28,1.5080e+28,3.0070e+28,3.8950e+32,1.4901e+32,149
317,4,0.3500,0.5500,2.8010e+28,1.3272e+29,1.0730e+28,5.8020e+28,1.6987e+32,6.2747e+31,149
317,5,0.5500,1.0100,8.4700e+27,1.6546e+29,5.1100e+27,1.3241e+29,3.3747e+31,1.8660e+31,149
318,0,0.0000,0.0500,5.8500e+27,3.2000e+26,4.1900e+27,2.0000e+26,5.4238e+32,3.7297e+32,149
318,1,0.0500,0.1000,6.2600e+27,2.9600e+27,3.8800e+27,7.1000e+26,2.2078e+32,1.1845e+32,149
318,2,0.1000,0.2000,2.4780e+28,2.6940e+28,1.1440e+28,7.7800e+27,4.5774e+32,2.1439e+32,149
318,3,0.2000,0.3500,4.0260e+28,9.4880e+28,1.4410e+28,2.8630e+28,3.9890e+32,1.4579e+32,149
318,4,0.3500,0.5500,2.8500e+28,1.3524e+29,1.0300e+28,5.8210e+28,1.6620e+32,6.2083e+31,149
318,5,0.5500,1.0100,8.3100e+27,1.6495e+29,4.8700e+27,1.4456e+29,3.2662e+31,1.8417e+31,149
319,0,0.0000,0.0500,6.3600e+27,3.7000e+26,4.2300e+27,9.0000e+25,5.3980e+32,3.7096e+32,148
319,1,0.0500,0.1000,6.5000e+27,3.1700e+27,3.7800e+27,8.9000e+26,2.2052e+32,1.1782e+32,148
319,2,0.1000,0.2000,2.5100e+28,2.6370e+28,1.1960e+28,8.3300e+27,4.5532e+32,2.1330e+32,148
319,3,0.2000,0.3500,3.9030e+28,9.4040e+28,1.3890e+28,2.8640e+28,3.9393e+32,1.4434e+32,148
319,4,0.3500,0.5500,2.6730e+28,1.3248e+29,9.5600e+27,5.7450e+28,1.6164e+32,6.1072e+31,148
319,5,0.5500,1.0100,8.1600e+27,1.6187e+29,4.4700e+27,1.3700e+29,3.1358e+31,1.8052e+31,148
320,0,0.0000,0.0500,6.1200e+27,2.3000e+26,3.6900e+27,1.1000e+26,5.3788e+32,3.6899e+32,147
320,1,0.0500,0.1000,6.8700e+27,2.8800e+27,3.9000e+27,7.3000e+26,2.1947e+32,1.1719e+32,147
320,2,0.1000,0.2000,2.4980e+28,2.5010e+28,1.1510e+28,7.3100e+27,4.5313e+32,2.1203e+32,147
320,3,0.2000,0.3500,3.8920e+28,9.3940e+28,1.4520e+28,2.9350e+28,3.8883e+32,1.4312e+32,147
320,4,0.3500,0.5500,2.6180e+28,1.2583e+29,1.0100e+28,5.9340e+28,1.5720e+32,6.0151e+31,147
320,5,0.5500,1.0100,7.6200e+27,1.5656e+29,5.2600e+27,1.3871e+29,3.0069e+31,1.7663e+31,147
321,0,0.0000,0.0500,6.3900e+27,6.0000e+26,3.9800e+27,1.1000e+26,5.3959e+32,3.6953e+32,147
321,1,0.0500,0.1000,6.5000e+27,3.0900e+27,3.7100e+27,8.0000e+26,2.1990e+32,1.1734e+32,147
321,2,0.1000,0.2000,2.5000e+28,2.6580e+28,1.1130e+28,7.8300e+27,4.5402e+32,2.1226e+32,147
321,3,0.2000,0.3500,3.9250e+28,9.5780e+28,1.4230e+28,2.9160e+28,3.8646e+32,1.4289e+32,147
321,4,0.3500,0.5500,2.6160e+28,1.2725e+29,1.0150e+28,5.8720e+28,1.5392e+32,5.9740e+31,147
321,5,0.5500,1.0100,7.9300e+27,1.6498e+29,5.0900e+27,1.4874e+29,2.9053e+31,1.7557e+31,147
322,0,0.0000,0.0500,6.2500e+27,5.0000e+26,3.9300e+27,7.0000e+25,5.4136e+32,3.7012e+32,147
322,1,0.0500,0.1000,6.8000e+27,2.9700e+27,3.5600e+27,6.9000e+26,2.2031e+32,1.1746e+32,147
322,2,0.1000,0.2000,2.4950e+28,2.6680e+28,1.2030e+28,7.3800e+27,4.5493e+32,2.1245e+32,147
322,3,0.2000,0.3500,4.0320e+28,9.7220e+28,1.4920e+28,2.9850e+28,3.8419e+32,1.4361e+32,147
322,4,0.3500,0.5500,2.5960e+28,1.2706e+29,9.7200e+27,5.9050e+28,1.5080e+32,5.8269e+31,147
322,5,0.5500,1.0100,7.7600e+27,1.5912e+29,4.5600e+27,1.4036e+29,2.8164e+31,1.7400e+31,147
323,0,0.0000,0.0500,6.3500e+27,5.2000e+26,3.7600e+27,7.0000e+25,5.3572e+32,3.6564e+32,145
323,1,0.0500,0.1000,6.6700e+27,3.2700e+27,3.9100e+27,7.2000e+26,2.1772e+32,1.2181e+32,145
323,2,0.1000,0.2000,2.4510e+28,2.6500e+28,1.0700e+28,7.7500e+27,4.4955e+32,2.0554e+32,145
323,3,0.2000,0.3500,3.8280e+28,9.4230e+28,1.5000e+28,3.0510e+28,3.7679e+32,1.4058e+32,145
323,4,0.3500,0.5500,2.5940e+28,1.2620e+29,9.8500e+27,5.7960e+28,1.4589e+32,5.6193e+31,145
323,5,0.5500,1.0100,7.0400e+27,1.6302e+29,4.7400e+27,1.4734e+29,2.6967e+31,1.6919e+31,145
324,0,0.0000,0.0500,6.4200e+27,5.9000e+26,3.5900e+27,9.0000e+25,5.3740e+32,3.6620e+32,145
324,1,0.0500,0.1000,5.9800e+27,2.8000e+27,4.0900e+27,1.0500e+27,2.0411e+32,1.2203e+32,145
324,2,0.1000,0.2000,2.5880e+28,2.6740e+28,1.1680e+28,8.2900e+27,4.6428e+32,2.0827e+32,145
324,3,0.2000,0.3500,3.8680e+28,9.6890e+28,1.4570e+28,3.1130e+28,3.7471e+32,1.3770e+32,145
324,4,0.3500,0.5500,2.4290e+28,1.2613e+29,9.8600e+27,6.2480e+28,1.4319e+32,5.5883e+31,145
324,5,0.5500,1.0100,6.9500e+27,1.6176e+29,4.7800e+27,1.4345e+29,2.6124e+31,1.6762e+31,145
325,0,0.0000,0.0500,6.4700e+27,6.2000e+26,3.8400e+27,9.0000e+25,5.3907e+32,3.6678e+32,145
325,1,0.0500,0.1000,6.2200e+27,2.7200e+27,4.0000e+27,8.5000e+26,2.0362e+32,1.2219e+32,145
325,2,0.1000,0.2000,2.6340e+28,2.7090e+28,1.1200e+28,8.2000e+27,4.6581e+32,2.0849e+32,145
325,3,0.2000,0.3500,3.8420e+28,9.4480e+28,1.4090e+28,3.0150e+28,3.7240e+32,1.3753e+32,145
325,4,0.3500,0.5500,2.3940e+28,1.2135e+29,9.4500e+27,6.1500e+28,1.4043e+32,5.5630e+31,145
325,5,0.5500,1.0100,6.8800e+27,1.6316e+29,4.5000e+27,1.4636e+29,2.5433e+31,1.6623e+31,145
326,0,0.0000,0.0500,6.4000e+27,6.9000e+26,4.1700e+27,7.0000e+25,5.3081e+32,3.6480e+32,144
326,1,0.0500,0.1000,6.0500e+27,2.6400e+27,3.8200e+27,9.6000e+26,2.0861e+32,1.2151e+32,144
326,2,0.1000,0.2000,2.6050e+28,2.6230e+28,1.1770e+28,8.2600e+27,4.6326e+32,2.0718e+32,144
326,3,0.2000,0.3500,3.9320e+28,9.4220e+28,1.3760e+28,3.1430e+28,3.6769e+32,1.3639e+32,144
326,4,0.3500,0.5500,2.3330e+28,1.1886e+29,9.6500e+27,6.1740e+28,1.3685e+32,5.4845e+31,144
326,5,0.5500,1.0100,6.6600e+27,1.6071e+29,4.6000e+27,1.4141e+29,2.4595e+31,1.6212e+31,144
327,0,0.0000,0.0500,5.8700e+27,6.9000e+26,3.8300e+27,1.2000e+26,5.1603e+32,3.6541e+32,144
327,1,0.0500,0.1000,6.6400e+27,2.8500e+27,3.5400e+27,8.9000e+26,2.2514e+32,1.2164e+32,144
327,2,0.1000,0.2000,2.6930e+28,2.6350e+28,1.2160e+28,8.2400e+27,4.6392e+32,2.0829e+32,144
327,3,0.2000,0.3500,3.8380e+28,9.5790e+28,1.4460e+28,3.0550e+28,3.6577e+32,1.3540e+32,144
327,4,0.3500,0.5500,2.3230e+28,1.1598e+29,9.2000e+27,6.1110e+28,1.3426e+32,5.4484e+31,144
327,5,0.5500,1.0100,6.1500e+27,1.5623e+29,4.1900e+27,1.4252e+29,2.4014e+31,1.6019e+31,144
328,0,0.0000,0.0500,6.4000e+27,5.6000e+26,3.7100e+27,7.0000e+25,5.0427e+32,3.6333e+32,143
328,1,0.0500,0.1000,7.2600e+27,2.6400e+27,3.9200e+27,8.3000e+26,2.3348e+32,1.2092e+32,143
328,2,0.1000,0.2000,2.5640e+28,2.6200e+28,1.1760e+28,8.9600e+27,4.6126e+32,2.1056e+32,143
328,3,0.2000,0.3500,3.8160e+28,9.1840e+28,1.3680e+28,3.0270e+28,3.6103e+32,1.3071e+32,143
328,4,0.3500,0.5500,2.2280e+28,1.1493e+29,8.7700e+27,6.0140e+28,1.3110e+32,5.3782e+31,143
328,5,0.5500,1.0100,6.1700e+27,1.6296e+29,4.0000e+27,1.3997e+29,2.3258e+31,1.5734e+31,143
329,0,0.0000,0.0500,6.1500e+27,5.8000e+26,3.9000e+27,1.3000e+26,5.0546e+32,3.6377e+32,143
329,1,0.0500,0.1000,6.2900e+27,2.6900e+27,3.7500e+27,1.1200e+27,2.3400e+32,1.2111e+32,143
329,2,0.1000,0.2000,2.6790e+28,2.6950e+28,1.1930e+28,8.8500e+27,4.6172e+32,2.1076e+32,143
329,3,0.2000,0.3500,3.7290e+28,9.0660e+28,1.4190e+28,3.1790e+28,3.5885e+32,1.3050e+32,143
329,4,0.3500,0.5500,2.2790e+28,1.1886e+29,9.1200e+27,5.8830e+28,1.2885e+32,5.3339e+31,143
329,5,0.5500,1.0100,6.5600e+27,1.5917e+29,4.6100e+27,1.4036e+29,2.2689e+31,1.5522e+31,143
330,0,0.0000,0.0500,5.5200e+27,6.3000e+26,3.8500e+27,7.0000e+25,4.9266e+32,3.6166e+32,142
330,1,0.0500,0.1000,6.8200e+27,2.8000e+27,3.7900e+27,9.8000e+26,2.4314e+32,1.2043e+32,142
330,2,0.1000,0.2000,2.6740e+28,2.6780e+28,1.2350e+28,8.7700e+27,4.5896e+32,2.0945e+32,142
330,3,0.2000,0.3500,3.7730e+28,9.0810e+28,1.3520e+28,2.9830e+28,3.5404e+32,1.2940e+32,142
330,4,0.3500,0.5500,2.1840e+28,1.1638e+29,9.2800e+27,6.2170e+28,1.2597e+32,5.2691e+31,142
330,5,0.5500,1.0100,6.1400e+27,1.5469e+29,4.3200e+27,1.4752e+29,2.1986e+31,1.5334e+31,142
331,0,0.0000,0.0500,6.2200e+27,5.0000e+26,4.0700e+27,8.0000e+25,4.8809e+32,3.6209e+32,142
331,1,0.0500,0.1000,7.0900e+27,2.9000e+27,3.9000e+27,9.1000e+26,2.4928e+32,1.2055e+32,142
331,2,0.1000,0.2000,2.5720e+28,2.6570e+28,1.1960e+28,8.6500e+27,4.5928e+32,2.0958e+32,142
331,3,0.2000,0.3500,3.7570e+28,8.8790e+28,1.3730e+28,3.1380e+28,3.5185e+32,1.2925e+32,142
331,4,0.3500,0.5500,2.1050e+28,1.1524e+29,8.9000e+27,6.3140e+28,1.2399e+32,5.2528e+31,142
331,5,0.5500,1.0100,5.5500e+27,1.7070e+29,4.3300e+27,1.4904e+29,2.1709e+31,1.5378e+31,142
332,0,0.0000,0.0500,5.6800e+27,6.0000e+26,3.7400e+27,1.3000e+26,4.8904e+32,3.6249e+32,142
332,1,0.0500,0.1000,7.6000e+27,3.0800e+27,3.8800e+27,8.2000e+26,2.4979e+32,1.2071e+32,142
332,2,0.1000,0.2000,2.6440e+28,2.6440e+28,1.1610e+28,9.0800e+27,4.5954e+32,2.0973e+32,142
332,3,0.2000,0.3500,3.6310e+28,8.8440e+28,1.3830e+28,3.1300e+28,3.4974e+32,1.2905e+32,142
332,4,0.3500,0.5500,2.1330e+28,1.1740e+29,8.7700e+27,6.2750e+28,1.2225e+32,5.2386e+31,142
332,5,0.5500,1.0100,6.3700e+27,1.6665e+29,4.3400e+27,1.5269e+29,2.1374e+31,1.5330e+31,142
333,0,0.0000,0.0500,5.9700e+27,4.4000e+26,3.5900e+27,1.0000e+26,4.8653e+32,3.6032e+32,141
333,1,0.0500,0.1000,7.6700e+27,2.9400e+27,3.7400e+27,9.6000e+26,2.4848e+32,1.2001e+32,141
333,2,0.1000,0.2000,2.6530e+28,2.6180e+28,1.1890e+28,9.4400e+27,4.5659e+32,2.0838e+32,141
333,3,0.2000,0.3500,3.7000e+28,8.8640e+28,1.4010e+28,3.1330e+28,3.4530e+32,1.2795e+32,141
333,4,0.3500,0.5500,2.0640e+28,1.1808e+29,9.1500e+27,6.0870e+28,1.1965e+32,5.1794e+31,141
333,5,0.5500,1.0100,5.9100e+27,1.6579e+29,4.2500e+27,1.4896e+29,2.0885e+31,1.5148e+31,141
334,0,0.0000,0.0500,6.0200e+27,6.2000e+26,3.6300e+27,1.3000e+26,4.8733e+32,3.6073e+32,141
334,1,0.0500,0.1000,7.6200e+27,2.7500e+27,4.2000e+27,8.4000e+26,2.4899e+32,1.2013e+32,141
334,2,0.1000,0.2000,2.6520e+28,2.6130e+28,1.2480e+28,9.1600e+27,4.5684e+32,2.0851e+32,141
334,3,0.2000,0.3500,3.7380e+28,8.7630e+28,1.3450e+28,3.2640e+28,3.4343e+32,1.2773e+32,141
334,4,0.3500,0.5500,2.0610e+28,1.1791e+29,8.8300e+27,6.4140e+28,1.1802e+32,5.1620e+31,141
334,5,0.5500,1.0100,5.9800e+27,1.7087e+29,4.3000e+27,1.4948e+29,2.0644e+31,1.5102e+31,141
335,0,0.0000,0.0500,6.0300e+27,6.1000e+26,3.8400e+27,1.3000e+26,4.8460e+32,3.5859e+32,140
335,1,0.0500,0.1000,7.1200e+27,2.8100e+27,3.8800e+27,1.1200e+27,2.4767e+32,1.1939e+32,140
335,2,0.1000,0.2000,2.6450e+28,2.6140e+28,1.2030e+28,9.5400e+27,4.5388e+32,2.0713e+32,140
335,3,0.2000,0.3500,3.6160e+28,9.0600e+28,1.3470e+28,3.1540e+28,3.3911e+32,1.2661e+32,140
335,4,0.3500,0.5500,2.0650e+28,1.1771e+29,9.3400e+27,6.5030e+28,1.1571e+32,5.1150e+31,140
335,5,0.5500,1.0100,5.8300e+27,1.7375e+29,4.0100e+27,1.5644e+29,2.0282e+31,1.5005e+31,140
336,0,0.0000,0.0500,6.1700e+27,5.9000e+26,4.0300e+27,1.8000e+26,4.8532e+32,3.5898e+32,140
336,1,0.0500,0.1000,7.2700e+27,2.8600e+27,3.8400e+27,7.6000e+26,2.4810e+32,1.1952e+32,140
336,2,0.1000,0.2000,2.6380e+28,2.4190e+28,1.2380e+28,9.4500e+27,4.5412e+32,2.0722e+32,140
336,3,0.2000,0.3500,3.6160e+28,8.7980e+28,1.3250e+28,3.2770e+28,3.3734e+32,1.2639e+32,140
336,4,0.3500,0.5500,2.0140e+28,1.1389e+29,8.5900e+27,6.4470e+28,1.1430e+32,5.1026e+31,140
336,5,0.5500,1.0100,5.7400e+27,1.6735e+29,4.4200e+27,1.5882e+29,1.9987e+31,1.5046e+31,140
337,0,0.0000,0.0500,5.9200e+27,6.0000e+26,3.8600e+27,5.0000e+25,4.8605e+32,3.5933e+32,140
337,1,0.0500,0.1000,8.0100e+27,2.7400e+27,3.5900e+27,7.5000e+26,2.4841e+32,1.1966e+32,140
337,2,0.1000,0.2000,2.6370e+28,2.5100e+28,1.2080e+28,9.5300e+27,4.5414e+32,2.0727e+32,140
337,3,0.2000,0.3500,3.6050e+28,8.6420e+28,1.3440e+28,3.2630e+28,3.3547e+32,1.2625e+32,140
337,4,0.3500,0.5500,1.9460e+28,1.1467e+29,8.9000e+27,6.6600e+28,1.1289e+32,5.0904e+31,140
337,5,0.5500,1.0100,4.9600e+27,1.6855e+29,4.4400e+27,1.5983e+29,1.9654e+31,1.5022e+31,140
338,0,0.0000,0.0500,5.7800e+27,6.1000e+26,3.7000e+27,1.0000e+26,4.8326e+32,3.5707e+32,139
338,1,0.0500,0.1000,7.2600e+27,2.8100e+27,3.8100e+27,9.0000e+26,2.4698e+32,1.1889e+32,139
338,2,0.1000,0.2000,2.5360e+28,2.4800e+28,1.1990e+28,9.9900e+27,4.5082e+32,2.0585e+32,139
338,3,0.2000,0.3500,3.6030e+28,8.4050e+28,1.3550e+28,3.2980e+28,3.3135e+32,1.2521e+32,139
338,4,0.3500,0.5500,1.9380e+28,1.1687e+29,8.4700e+27,6.7290e+28,1.1080e+32,5.0479e+31,139
338,5,0.5500,1.0100,5.5800e+27,1.8099e+29,4.0600e+27,1.5626e+29,1.9312e+31,1.4852e+31,139
339,0,0.0000,0.0500,6.3000e+27,7.5000e+26,3.6900e+27,1.3000e+26,5.0207e+32,3.5993e+32,140
339,1,0.0500,0.1000,6.9700e+27,2.3200e+27,3.8600e+27,9.2000e+26,2.3437e+32,1.1985e+32,140
339,2,0.1000,0.2000,2.6910e+28,2.4960e+28,1.2250e+28,9.8600e+27,4.5406e+32,2.0742e+32,140
339,3,0.2000,0.3500,3.6300e+28,8.6510e+28,1.4140e+28,3.4000e+28,3.3197e+32,1.2591e+32,140
339,4,0.3500,0.5500,1.9570e+28,1.1756e+29,9.3100e+27,6.6650e+28,1.1052e+32,5.0752e+31,140
339,5,0.5500,1.0100,5.0800e+27,1.9620e+29,4.3500e+27,1.7263e+29,1.9416e+31,1.5101e+31,140
340,0,0.0000,0.0500,6.4100e+27,5.3000e+26,3.7800e+27,1.0000e+26,4.9746e+32,3.5510e+32,138
340,1,0.0500,0.1000,6.6200e+27,2.4800e+27,3.7000e+27,8.6000e+26,2.2935e+32,1.1820e+32,138
340,2,0.1000,0.2000,2.6140e+28,2.3900e+28,1.2470e+28,8.8600e+27,4.4746e+32,2.0447e+32,138
340,3,0.2000,0.3500,3.6080e+28,8.2170e+28,1.4010e+28,3.1900e+28,3.2569e+32,1.2400e+32,138
340,4,0.3500,0.5500,1.9450e+28,1.1966e+29,9.3900e+27,6.8410e+28,1.0785e+32,4.9928e+31,138
340,5,0.5500,1.0100,5.6600e+27,1.9104e+29,4.5400e+27,1.7518e+29,1.9110e+31,1.5105e+31,138
341,0,0.0000,0.0500,6.2500e+27,5.7000e+26,4.1400e+27,9.0000e+25,5.0168e+32,3.5795e+32,139
341,1,0.0500,0.1000,6.3000e+27,2.2800e+27,4.2600e+27,9.5000e+26,2.3113e+32,1.1915e+32,139
341,2,0.1000,0.2000,2.6250e+28,2.2600e+28,1.2520e+28,9.1800e+27,4.5033e+32,2.0599e+32,139
341,3,0.2000,0.3500,3.4810e+28,8.1830e+28,1.3640e+28,3.4650e+28,3.2637e+32,1.2486e+32,139
341,4,0.3500,0.5500,1.9150e+28,1.1886e+29,8.9100e+27,7.0160e+28,1.0766e+32,5.0275e+31,139
341,5,0.5500,1.0100,5.0900e+27,1.8830e+29,4.3600e+27,1.7602e+29,1.9194e+31,1.5290e+31,139
342,0,0.0000,0.0500,5.7500e+27,7.1000e+26,3.9200e+27,1.5000e+26,5.0958e+32,3.5563e+32,138
342,1,0.0500,0.1000,6.4000e+27,2.0200e+27,3.8000e+27,8.7000e+26,2.1870e+32,1.1833e+32,138
342,2,0.1000,0.2000,2.6500e+28,2.2750e+28,1.1580e+28,9.2800e+27,4.4671e+32,2.0059e+32,138
342,3,0.2000,0.3500,3.4490e+28,8.3030e+28,1.4150e+28,3.3780e+28,3.2246e+32,1.2786e+32,138
342,4,0.3500,0.5500,1.8650e+28,1.1958e+29,9.1100e+27,7.1660e+28,1.0605e+32,4.9911e+31,138
342,5,0.5500,1.0100,5.2500e+27,1.8996e+29,4.3700e+27,1.8190e+29,1.9032e+31,1.5362e+31,138
343,0,0.0000,0.0500,6.4300e+27,6.6000e+26,3.8100e+27,1.2000e+26,5.2307e+32,3.5587e+32,138
343,1,0.0500,0.1000,6.3200e+27,2.2600e+27,3.4700e+27,7.6000e+26,2.0586e+32,1.1833e+32,138
343,2,0.1000,0.2000,2.6840e+28,2.2120e+28,1.2120e+28,8.8700e+27,4.4644e+32,2.0010e+32,138
343,3,0.2000,0.3500,3.5420e+28,7.8560e+28,1.3640e+28,3.3830e+28,3.2096e+32,1.2813e+32,138
343,4,0.3500,0.5500,1.8050e+28,1.2120e+29,8.7600e+27,7.4210e+28,1.0520e+32,4.9951e+31,138
343,5,0.5500,1.0100,5.1100e+27,2.0128e+29,4.7600e+27,1.8494e+29,1.9059e+31,1.5492e+31,138
344,0,0.0000,0.0500,6.9700e+27,7.3000e+26,4.1300e+27,1.2000e+26,5.3316e+32,3.5608e+32,138
344,1,0.0500,0.1000,6.3400e+27,2.0400e+27,3.8800e+27,1.0100e+27,1.9649e+32,1.1833e+32,138
344,2,0.1000,0.2000,2.6980e+28,2.2640e+28,1.2130e+28,9.0400e+27,4.4610e+32,2.0008e+32,138
344,3,0.2000,0.3500,3.5180e+28,8.0740e+28,1.3710e+28,3.4200e+28,3.1942e+32,1.2799e+32,138
344,4,0.3500,0.5500,1.8830e+28,1.2655e+29,9.0900e+27,6.9060e+28,1.0453e+32,4.9891e+31,138
344,5,0.5500,1.0100,5.6900e+27,2.1249e+29,4.5200e+27,1.8884e+29,1.9223e+31,1.5621e+31,138
345,0,0.0000,0.0500,6.7800e+27,5.5000e+26,4.3400e+27,1.0000e+26,5.3386e+32,3.5638e+32,138
345,1,0.0500,0.1000,6.4200e+27,1.8700e+27,4.0200e+27,1.0000e+27,1.9646e+32,1.1839e+32,138
345,2,0.1000,0.2000,2.6330e+28,2.1710e+28,1.2050e+28,8.9900e+27,4.4576e+32,2.0000e+32,138
345,3,0.2000,0.3500,3.4750e+28,7.7000e+28,1.4570e+28,3.4370e+28,3.1792e+32,1.2786e+32,138
345,4,0.3500,0.5500,1.8580e+28,1.1961e+29,9.2700e+27,7.2120e+28,1.0379e+32,4.9919e+31,138
345,5,0.5500,1.0100,5.7600e+27,2.2053e+29,4.7300e+27,1.9056e+29,1.9406e+31,1.5689e+31,138
346,0,0.0000,0.0500,6.8200e+27,5.7000e+26,3.6600e+27,2.4000e+26,5.3063e+32,3.5403e+32,137
346,1,0.0500,0.1000,6.6500e+27,1.6900e+27,3.8000e+27,1.0400e+27,1.9580e+32,1.1750e+32,137
346,2,0.1000,0.2000,2.7060e+28,2.2110e+28,1.1480e+28,9.2500e+27,4.4121e+32,1.9846e+32,137
346,3,0.2000,0.3500,3.3500e+28,7.4430e+28,1.3470e+28,3.4460e+28,3.1397e+32,1.2682e+32,137
346,4,0.3500,0.5500,1.9090e+28,1.2281e+29,9.1700e+27,7.3220e+28,1.0239e+32,4.9613e+31,137
346,5,0.5500,1.0100,5.9100e+27,2.2469e+29,4.5200e+27,1.9490e+29,1.9463e+31,1.5713e+31,137
347,0,0.0000,0.0500,7.0900e+27,5.9000e+26,4.1300e+27,1.7000e+26,5.3515e+32,3.5683e+32,138
347,1,0.0500,0.1000,6.8700e+27,2.2600e+27,3.8700e+27,9.9000e+26,2.1159e+32,1.1836e+32,138
347,2,0.1000,0.2000,2.4750e+28,2.1580e+28,1.2060e+28,9.5900e+27,4.2962e+32,1.9788e+32,138
347,3,0.2000,0.3500,3.3910e+28,7.7180e+28,1.3710e+28,3.4850e+28,3.1473e+32,1.2940e+32,138
347,4,0.3500,0.5500,1.8390e+28,1.1955e+29,8.5500e+27,7.2640e+28,1.0243e+32,5.0021e+31,138
347,5,0.5500,1.0100,5.3800e+27,2.2564e+29,4.4400e+27,2.0107e+29,1.9794e+31,1.6087e+31,138
348,0,0.0000,0.0500,7.0900e+27,5.6000e+26,3.9900e+27,1.7000e+26,5.3196e+32,3.5452e+32,137
348,1,0.0500,0.1000,6.7500e+27,2.0200e+27,3.8700e+27,1.0000e+27,2.1004e+32,1.1397e+32,137
348,2,0.1000,0.2000,2.5140e+28,2.1160e+28,1.1700e+28,8.9900e+27,4.2606e+32,1.9745e+32,137
348,3,0.2000,0.3500,3.5560e+28,7.6480e+28,1.4270e+28,3.5850e+28,3.1100e+32,1.3060e+32,137
348,4,0.3500,0.5500,1.8670e+28,1.1968e+29,8.7200e+27,7.3270e+28,1.0113e+32,4.9646e+31,137
348,5,0.5500,1.0100,5.6400e+27,2.2890e+29,5.0400e+27,1.9721e+29,1.9740e+31,1.6152e+31,137
349,0,0.0000,0.0500,6.9200e+27,5.5000e+26,3.8100e+27,1.6000e+26,5.3257e+32,3.5480e+32,137
349,1,0.0500,0.1000,6.6200e+27,1.7600e+27,3.6900e+27,9.2000e+26,2.1002e+32,1.1159e+32,137
349,2,0.1000,0.2000,2.4530e+28,1.9850e+28,1.1820e+28,8.2100e+27,4.2552e+32,1.9971e+32,137
349,3,0.2000,0.3500,3.3200e+28,7.5870e+28,1.4290e+28,3.4000e+28,3.0951e+32,1.2883e+32,137
349,4,0.3500,0.5500,1.8070e+28,1.2256e+29,9.3700e+27,7.7110e+28,1.0054e+32,5.1281e+31,137
349,5,0.5500,1.0100,5.6600e+27,2.2607e+29,4.9600e+27,2.0266e+29,1.9885e+31,1.6325e+31,137
350,0,0.0000,0.0500,6.5500e+27,6.6000e+26,4.1200e+27,1.9000e+26,5.2922e+32,3.5240e+32,136
350,1,0.0500,0.1000,6.8800e+27,1.7800e+27,3.4100e+27,1.0100e+27,2.0841e+32,1.1077e+32,136
350,2,0.1000,0.2000,2.4880e+28,2.0220e+28,1.2210e+28,8.7400e+27,4.2195e+32,1.9814e+32,136
350,3,0.2000,0.3500,3.3140e+28,7.4670e+28,1.3340e+28,3.3440e+28,3.0577e+32,1.2742e+32,136
350,4,0.3500,0.5500,1.8200e+28,1.2296e+29,9.2400e+27,7.5360e+28,9.9275e+31,5.1257e+31,136
350,5,0.5500,1.0100,5.6700e+27,2.3736e+29,4.9300e+27,2.0814e+29,1.9888e+31,1.6356e+31,136
351,0,0.0000,0.0500,6.2300e+27,4.8000e+26,3.9900e+27,1.1000e+26,5.3368e+32,3.5521e+32,137
351,1,0.0500,0.1000,6.7200e+27,1.8800e+27,3.6300e+27,9.3000e+26,2.0992e+32,1.1161e+32,137
351,2,0.1000,0.2000,2.4510e+28,1.9660e+28,1.1970e+28,8.2800e+27,4.2456e+32,1.9950e+32,137
351,3,0.2000,0.3500,3.3240e+28,7.3770e+28,1.3660e+28,3.3950e+28,3.0645e+32,1.2814e+32,137
351,4,0.3500,0.5500,1.8130e+28,1.2445e+29,9.4700e+27,7.8740e+28,9.9522e+31,5.1600e+31,137
351,5,0.5500,1.0100,5.7200e+27,2.4168e+29,4.9100e+27,2.1770e+29,2.0182e+31,1.6705e+31,137
352,0,0.0000,0.0500,6.8000e+27,4.8000e+26,4.3500e+27,1.5000e+26,5.3036e+32,3.5282e+32,136
352,1,0.0500,0.1000,6.5500e+27,1.6900e+27,3.8300e+27,9.2000e+26,2.0831e+32,1.1079e+32,136
352,2,0.1000,0.2000,2.5120e+28,1.9070e+28,1.2270e+28,8.8700e+27,4.2089e+32,1.9790e+32,136
352,3,0.2000,0.3500,3.3160e+28,7.4300e+28,1.3130e+28,3.3120e+28,3.0299e+32,1.2699e+32,136
352,4,0.3500,0.5500,1.7790e+28,1.2219e+29,9.0300e+27,7.6070e+28,9.8207e+31,5.1226e+31,136
352,5,0.5500,1.0100,5.7400e+27,2.3820e+29,5.0600e+27,2.1831e+29,2.0149e+31,1.6821e+31,136
353,0,0.0000,0.0500,6.6000e+27,3.6000e+26,4.4900e+27,1.7000e+26,5.3479e+32,3.5565e+32,137
353,1,0.0500,0.1000,6.9000e+27,1.6900e+27,3.7300e+27,8.7000e+26,2.0976e+32,1.1159e+32,137
353,2,0.1000,0.2000,2.4250e+28,1.9460e+28,1.1420e+28,9.1800e+27,4.2343e+32,1.9930e+32,137
353,3,0.2000,0.3500,3.3590e+28,7.2060e+28,1.4020e+28,3.4570e+28,3.0399e+32,1.2774e+32,137
353,4,0.3500,0.5500,1.8000e+28,1.2333e+29,9.8300e+27,7.5480e+28,9.8446e+31,5.1539e+31,137
353,5,0.5500,1.0100,5.8600e+27,2.4628e+29,5.1600e+27,2.3063e+29,2.0426e+31,1.7187e+31,137
354,0,0.0000,0.0500,6.7400e+27,4.7000e+26,4.3900e+27,1.4000e+26,5.3136e+32,3.5326e+32,136
354,1,0.0500,0.1000,6.1800e+27,1.6600e+27,3.9300e+27,9.5000e+26,2.0817e+32,1.1077e+32,136
354,2,0.1000,0.2000,2.4740e+28,1.8340e+28,1.1920e+28,8.5900e+27,4.1989e+32,1.9774e+32,136
354,3,0.2000,0.3500,3.1980e+28,7.0040e+28,1.3910e+28,3.4410e+28,3.0044e+32,1.2651e+32,136
354,4,0.3500,0.5500,1.7080e+28,1.2197e+29,9.4300e+27,8.0960e+28,9.7260e+31,5.1221e+31,136
354,5,0.5500,1.0100,5.5400e+27,2.4712e+29,4.9800e+27,2.3432e+29,2.0436e+31,1.7260e+31,136
355,0,0.0000,0.0500,6.7100e+27,3.2000e+26,3.7900e+27,1.7000e+26,5.3577e+32,3.5608e+32,137
355,1,0.0500,0.1000,6.9600e+27,1.6800e+27,3.9400e+27,7.8000e+26,2.0965e+32,1.1154e+32,137
355,2,0.1000,0.2000,2.5030e+28,1.8480e+28,1.1530e+28,8.8000e+27,4.2231e+32,1.9901e+32,137
355,3,0.2000,0.3500,3.3640e+28,6.9080e+28,1.3770e+28,3.4620e+28,3.0130e+32,1.2716e+32,137
355,4,0.3500,0.5500,1.8430e+28,1.1893e+29,9.3800e+27,8.0070e+28,9.7488e+31,5.1753e+31,137
355,5,0.5500,1.0100,6.2200e+27,2.5077e+29,5.5100e+27,2.2516e+29,2.0774e+31,1.7478e+31,137
356,0,0.0000,0.0500,6.6000e+27,3.9000e+26,4.5800e+27,2.5000e+26,5.4245e+32,3.5371e+32,136
356,1,0.0500,0.1000,6.8600e+27,1.6000e+27,3.4800e+27,8.1000e+26,2.0371e+32,1.1068e+32,136
356,2,0.1000,0.2000,2.3220e+28,1.8130e+28,1.1640e+28,9.0700e+27,4.1390e+32,1.9745e+32,136
356,3,0.2000,0.3500,3.2100e+28,6.7650e+28,1.4080e+28,3.3720e+28,2.9683e+32,1.2595e+32,136
356,4,0.3500,0.5500,1.7150e+28,1.1710e+29,9.5500e+27,7.9480e+28,9.6264e+31,5.1499e+31,136
356,5,0.5500,1.0100,5.7300e+27,2.4929e+29,5.2800e+27,2.3103e+29,2.0727e+31,1.7456e+31,136
357,0,0.0000,0.0500,6.8400e+27,4.7000e+26,4.0600e+27,1.4000e+26,5.6017e+32,3.4751e+32,136
357,1,0.0500,0.1000,6.8000e+27,1.5300e+27,3.5200e+27,8.6000e+26,2.0269e+32,1.1121e+32,136
357,2,0.1000,0.2000,2.4660e+28,1.8760e+28,1.1680e+28,9.1000e+27,4.0897e+32,1.9953e+32,136
357,3,0.2000,0.3500,3.2070e+28,6.4770e+28,1.3740e+28,3.3970e+28,2.8356e+32,1.2942e+32,136
357,4,0.3500,0.5500,1.7270e+28,1.1835e+29,9.6800e+27,8.2410e+28,9.5859e+31,5.1630e+31,136
357,5,0.5500,1.0100,6.3100e+27,2.4344e+29,5.4900e+27,2.3210e+29,2.0869e+31,1.7624e+31,136
358,0,0.0000,0.0500,7.2400e+27,2.3000e+26,4.0400e+27,1.6000e+26,5.6066e+32,3.3742e+32,136
358,1,0.0500,0.1000,7.2000e+27,1.8800e+27,3.7100e+27,6.6000e+26,2.0260e+32,1.1640e+32,136
358,2,0.1000,0.2000,2.5670e+28,1.7180e+28,1.2040e+28,9.1000e+27,4.0873e+32,2.0266e+32,136
358,3,0.2000,0.3500,3.1300e+28,6.6500e+28,1.4070e+28,3.5010e+28,2.8215e+32,1.3089e+32,136
358,4,0.3500,0.5500,1.6800e+28,1.2044e+29,9.6200e+27,8.2460e+28,9.5466e+31,5.1726e+31,136
358,5,0.5500,1.0100,6.1000e+27,2.4781e+29,5.4600e+27,2.3322e+29,2.0902e+31,1.7717e+31,136
359,0,0.0000,0.0500,6.6900e+27,3.4000e+26,4.1000e+27,1.6000e+26,5.6042e+32,3.3710e+32,136
359,1,0.0500,0.1000,6.9200e+27,1.7400e+27,3.5600e+27,6.8000e+26,2.0238e+32,1.1626e+32,136
359,2,0.1000,0.2000,2.4200e+28,1.8910e+28,1.2100e+28,8.6800e+27,4.0801e+32,2.0245e+32,136
359,3,0.2000,0.3500,3.0400e+28,6.2450e+28,1.4110e+28,3.5380e+28,2.8089e+32,1.3066e+32,136
359,4,0.3500,0.5500,1.7100e+28,1.1790e+29,9.1100e+27,8.1980e+28,9.5049e+31,5.1790e+31,136
359,5,0.5500,1.0100,5.7800e+27,2.4729e+29,5.3900e+27,2.3148e+29,2.0983e+31,1.7872e+31,136
