TAA_Bin,Band_Index,EffCos_Lo,EffCos_Hi,Gen_PSD_Dawn,Gen_TD_Dawn,Gen_PSD_Dusk,Gen_TD_Dusk,Stock_Dawn,Stock_Dusk,Step_Count
0,0,0.0000,0.0500,4.5100e+27,4.0000e+26,2.5400e+27,2.2000e+26,3.7613e+32,2.1580e+32,136
0,1,0.0500,0.1000,4.8600e+27,1.9600e+27,2.5500e+27,8.8000e+26,1.3757e+32,7.3874e+31,136
0,2,0.1000,0.2000,1.4960e+28,1.7680e+28,6.2100e+27,7.9000e+27,2.4219e+32,1.0631e+32,136
0,3,0.2000,0.3500,1.3600e+28,4.8030e+28,5.9700e+27,2.6340e+28,1.2887e+32,5.3059e+31,136
0,4,0.3500,0.5500,5.6400e+27,7.6060e+28,3.2600e+27,5.6540e+28,3.2342e+31,1.8191e+31,136
0,5,0.5500,1.0100,2.0900e+27,1.8792e+29,1.6900e+27,1.8131e+29,7.0484e+30,6.2331e+30,136
1,0,0.0000,0.0500,4.5400e+27,4.6000e+26,2.4400e+27,1.6000e+26,3.7653e+32,2.1591e+32,136
1,1,0.0500,0.1000,4.9600e+27,2.3100e+27,2.1700e+27,8.8000e+26,1.3751e+32,7.3866e+31,136
1,2,0.1000,0.2000,1.4190e+28,1.7580e+28,6.1600e+27,8.1200e+27,2.4174e+32,1.0625e+32,136
1,3,0.2000,0.3500,1.3030e+28,4.6930e+28,5.5300e+27,2.5260e+28,1.2810e+32,5.3053e+31,136
1,4,0.3500,0.5500,5.5000e+27,7.4590e+28,3.3400e+27,5.5070e+28,3.2172e+31,1.8237e+31,136
1,5,0.5500,1.0100,2.2600e+27,1.9638e+29,1.7500e+27,1.8286e+29,7.1859e+30,6.3022e+30,136
2,0,0.0000,0.0500,4.5300e+27,4.4000e+26,2.7400e+27,2.3000e+26,3.7687e+32,2.1601e+32,136
2,1,0.0500,0.1000,4.2200e+27,2.0700e+27,2.3400e+27,8.4000e+26,1.3745e+32,7.3829e+31,136
2,2,0.1000,0.2000,1.4730e+28,1.7590e+28,6.3200e+27,8.0400e+27,2.4129e+32,1.0613e+32,136
2,3,0.2000,0.3500,1.3250e+28,4.5800e+28,5.8100e+27,2.5720e+28,1.2741e+32,5.2996e+31,136
2,4,0.3500,0.5500,5.5900e+27,7.4770e+28,3.2900e+27,5.5140e+28,3.2140e+31,1.8300e+31,136
2,5,0.5500,1.0100,2.1000e+27,2.0064e+29,1.6900e+27,1.7814e+29,7.3183e+30,6.3334e+30,136
3,0,0.0000,0.0500,4.5300e+27,3.7000e+26,2.1300e+27,2.0000e+26,3.8001e+32,2.1773e+32,137
3,1,0.0500,0.1000,4.6800e+27,2.2400e+27,2.2800e+27,8.9000e+26,1.3832e+32,7.4324e+31,137
3,2,0.1000,0.2000,1.4430e+28,1.6930e+28,6.0400e+27,7.5500e+27,2.4260e+32,1.0673e+32,137
3,3,0.2000,0.3500,1.3340e+28,4.6720e+28,5.5700e+27,2.7250e+28,1.2782e+32,5.3310e+31,137
3,4,0.3500,0.5500,5.9900e+27,7.6140e+28,3.3100e+27,5.7360e+28,3.2262e+31,1.8482e+31,137
3,5,0.5500,1.0100,2.2600e+27,1.9529e+29,1.7700e+27,1.8277e+29,7.4458e+30,6.4515e+30,137
4,0,0.0000,0.0500,4.5200e+27,4.3000e+26,2.4300e+27,2.5000e+26,3.7756e+32,2.1626e+32,136
4,1,0.0500,0.1000,4.2900e+27,2.2000e+27,2.4900e+27,1.0700e+27,1.3724e+32,7.3760e+31,136
4,2,0.1000,0.2000,1.3730e+28,1.5520e+28,5.9700e+27,7.6800e+27,2.4023e+32,1.0582e+32,136
4,3,0.2000,0.3500,1.2690e+28,4.7410e+28,5.6400e+27,2.6670e+28,1.2726e+32,5.2901e+31,136
4,4,0.3500,0.5500,5.6400e+27,7.5840e+28,3.4500e+27,5.6660e+28,3.1003e+31,1.8383e+31,136
4,5,0.5500,1.0100,2.1400e+27,1.9239e+29,1.7900e+27,1.8344e+29,7.3415e+30,6.4044e+30,136
5,0,0.0000,0.0500,4.1100e+27,3.1000e+26,2.2500e+27,3.7000e+26,3.7792e+32,2.1637e+32,136
5,1,0.0500,0.1000,4.9600e+27,2.3900e+27,2.1900e+27,1.0100e+27,1.4547e+32,7.3748e+31,136
5,2,0.1000,0.2000,1.3020e+28,1.4710e+28,5.8600e+27,7.7400e+27,2.3249e+32,1.0573e+32,136
5,3,0.2000,0.3500,1.3620e+28,4.5720e+28,5.8300e+27,2.7570e+28,1.2627e+32,5.2896e+31,136
5,4,0.3500,0.5500,5.9900e+27,7.7310e+28,3.3100e+27,5.7940e+28,3.0245e+31,1.8434e+31,136
5,5,0.5500,1.0100,1.9200e+27,1.9349e+29,1.8500e+27,1.7890e+29,7.3555e+30,6.4344e+30,136
6,0,0.0000,0.0500,4.1100e+27,3.7000e+26,2.6400e+27,2.4000e+26,3.8097e+32,2.1809e+32,137
6,1,0.0500,0.1000,4.6500e+27,2.3000e+27,2.2500e+27,7.9000e+26,1.4732e+32,7.2083e+31,137
6,2,0.1000,0.2000,1.3700e+28,1.5060e+28,6.2500e+27,7.7100e+27,2.3672e+32,1.0857e+32,137
6,3,0.2000,0.3500,1.3010e+28,4.5290e+28,5.7800e+27,2.6880e+28,1.2268e+32,5.3357e+31,137
6,4,0.3500,0.5500,5.7000e+27,7.2400e+28,3.3600e+27,6.0080e+28,3.0400e+31,1.8623e+31,137
6,5,0.5500,1.0100,2.1100e+27,1.9122e+29,1.8000e+27,1.8677e+29,7.4376e+30,6.4915e+30,137
7,0,0.0000,0.0500,4.1200e+27,3.1000e+26,2.5500e+27,2.7000e+26,3.7854e+32,2.1661e+32,136
7,1,0.0500,0.1000,5.3900e+27,2.1100e+27,2.1400e+27,7.7000e+26,1.4615e+32,7.0716e+31,136
7,2,0.1000,0.2000,1.4610e+28,1.6000e+28,6.1600e+27,8.3700e+27,2.3448e+32,1.0852e+32,136
7,3,0.2000,0.3500,1.2950e+28,4.3660e+28,5.5000e+27,2.6790e+28,1.2118e+32,5.3010e+31,136
7,4,0.3500,0.5500,5.7200e+27,6.7840e+28,3.5800e+27,5.8660e+28,3.0059e+31,1.8631e+31,136
7,5,0.5500,1.0100,2.1100e+27,1.8466e+29,1.8100e+27,1.7706e+29,7.3666e+30,6.4322e+30,136
8,0,0.0000,0.0500,4.0100e+27,2.8000e+26,2.3500e+27,3.6000e+26,3.8169e+32,2.1757e+32,137
8,1,0.0500,0.1000,4.9400e+27,2.0000e+27,2.3100e+27,8.0000e+26,1.4716e+32,7.1935e+31,137
8,2,0.1000,0.2000,1.3910e+28,1.6420e+28,6.4600e+27,7.8700e+27,2.3587e+32,1.0926e+32,137
8,3,0.2000,0.3500,1.3210e+28,4.4200e+28,6.0500e+27,2.7240e+28,1.2153e+32,5.3390e+31,137
8,4,0.3500,0.5500,5.4400e+27,7.2520e+28,3.4400e+27,5.8910e+28,3.0204e+31,1.8838e+31,137
8,5,0.5500,1.0100,2.2400e+27,1.8636e+29,1.9600e+27,1.8071e+29,7.5093e+30,6.5188e+30,137
9,0,0.0000,0.0500,4.4200e+27,3.1000e+26,2.4300e+27,2.6000e+26,3.8200e+32,2.1426e+32,137
9,1,0.0500,0.1000,5.2200e+27,2.0900e+27,2.3100e+27,8.6000e+26,1.4707e+32,7.5313e+31,137
9,2,0.1000,0.2000,1.4260e+28,1.4600e+28,5.7100e+27,7.6600e+27,2.3739e+32,1.0921e+32,137
9,3,0.2000,0.3500,1.2760e+28,4.3220e+28,5.7600e+27,2.6610e+28,1.1904e+32,5.3388e+31,137
9,4,0.3500,0.5500,4.9600e+27,7.3320e+28,3.4600e+27,6.0290e+28,3.0105e+31,1.8918e+31,137
9,5,0.5500,1.0100,2.1600e+27,1.9005e+29,1.8500e+27,1.7338e+29,7.5356e+30,6.5334e+30,137
10,0,0.0000,0.0500,4.0900e+27,3.3000e+26,2.3300e+27,2.5000e+26,3.8234e+32,2.1296e+32,137
10,1,0.0500,0.1000,5.2300e+27,1.8700e+27,2.3900e+27,9.1000e+26,1.4697e+32,7.6658e+31,137
10,2,0.1000,0.2000,1.4530e+28,1.6380e+28,6.5800e+27,7.4500e+27,2.4071e+32,1.0903e+32,137
10,3,0.2000,0.3500,1.1970e+28,4.4290e+28,5.7500e+27,2.6000e+28,1.1499e+32,5.3319e+31,137
10,4,0.3500,0.5500,5.3900e+27,7.0170e+28,3.4300e+27,5.5180e+28,2.9953e+31,1.8963e+31,137
10,5,0.5500,1.0100,1.9800e+27,1.7837e+29,1.8800e+27,1.6778e+29,7.5488e+30,6.5305e+30,137
11,0,0.0000,0.0500,4.2300e+27,2.3000e+26,2.3200e+27,3.2000e+26,3.8263e+32,2.1056e+32,137
11,1,0.0500,0.1000,5.0900e+27,1.5300e+27,2.2900e+27,8.9000e+26,1.4690e+32,7.9080e+31,137
11,2,0.1000,0.2000,1.4390e+28,1.5600e+28,6.4200e+27,7.8000e+27,2.4027e+32,1.0897e+32,137
11,3,0.2000,0.3500,1.1990e+28,4.3780e+28,5.8100e+27,2.6410e+28,1.1459e+32,5.3286e+31,137
11,4,0.3500,0.5500,5.6100e+27,7.0590e+28,3.5100e+27,5.8750e+28,2.9924e+31,1.8964e+31,137
11,5,0.5500,1.0100,2.2600e+27,1.8277e+29,1.9900e+27,1.7171e+29,7.5565e+30,6.5313e+30,137
12,0,0.0000,0.0500,4.2900e+27,2.3000e+26,2.5000e+27,2.6000e+26,3.8295e+32,2.1023e+32,137
12,1,0.0500,0.1000,4.7300e+27,2.0600e+27,2.4500e+27,1.0400e+27,1.4681e+32,7.9462e+31,137
12,2,0.1000,0.2000,1.4700e+28,1.5120e+28,6.1700e+27,8.1400e+27,2.3979e+32,1.0892e+32,137
12,3,0.2000,0.3500,1.2930e+28,4.1370e+28,5.7200e+27,2.7140e+28,1.1417e+32,5.3369e+31,137
12,4,0.3500,0.5500,5.0200e+27,6.9330e+28,3.6700e+27,5.8410e+28,2.9896e+31,1.9040e+31,137
12,5,0.5500,1.0100,2.3300e+27,1.7933e+29,1.8700e+27,1.7812e+29,7.5708e+30,6.5506e+30,137
13,0,0.0000,0.0500,4.0200e+27,2.8000e+26,2.3800e+27,2.0000e+26,3.8328e+32,2.1020e+32,137
13,1,0.0500,0.1000,4.9000e+27,1.9000e+27,2.3900e+27,1.0600e+27,1.4676e+32,7.9606e+31,137
13,2,0.1000,0.2000,1.4540e+28,1.4840e+28,6.3100e+27,7.0300e+27,2.3933e+32,1.0882e+32,137
13,3,0.2000,0.3500,1.2120e+28,3.9130e+28,5.8800e+27,2.5470e+28,1.1364e+32,5.3361e+31,137
13,4,0.3500,0.5500,5.4400e+27,7.0650e+28,3.4300e+27,5.6680e+28,2.9883e+31,1.9034e+31,137
13,5,0.5500,1.0100,2.1600e+27,1.8021e+29,1.9800e+27,1.7338e+29,7.5815e+30,6.5849e+30,137
14,0,0.0000,0.0500,3.9100e+27,2.4000e+26,2.2500e+27,2.3000e+26,3.8636e+32,2.0901e+32,138
14,1,0.0500,0.1000,4.7400e+27,1.6500e+27,2.2300e+27,1.0600e+27,1.4771e+32,8.2923e+31,138
14,2,0.1000,0.2000,1.4750e+28,1.3550e+28,6.0900e+27,7.8000e+27,2.4057e+32,1.0950e+32,138
14,3,0.2000,0.3500,1.2020e+28,3.9130e+28,6.0600e+27,2.7370e+28,1.1399e+32,5.3760e+31,138
14,4,0.3500,0.5500,5.5300e+27,6.9360e+28,3.4500e+27,5.5460e+28,3.0020e+31,1.9144e+31,138
14,5,0.5500,1.0100,2.2400e+27,1.8084e+29,1.8200e+27,1.6360e+29,7.6848e+30,6.5468e+30,138
15,0,0.0000,0.0500,3.9800e+27,1.8000e+26,2.2900e+27,2.0000e+26,3.8665e+32,2.0906e+32,138
15,1,0.0500,0.1000,4.6900e+27,1.9400e+27,2.2000e+27,9.4000e+26,1.4762e+32,8.2927e+31,138
15,2,0.1000,0.2000,1.4230e+28,1.3520e+28,6.4600e+27,7.4200e+27,2.4006e+32,1.0786e+32,138
15,3,0.2000,0.3500,1.1740e+28,3.8660e+28,6.1400e+27,2.7710e+28,1.1352e+32,5.5417e+31,138
15,4,0.3500,0.5500,5.2500e+27,7.0010e+28,3.4300e+27,5.4900e+28,2.9933e+31,1.9164e+31,138
15,5,0.5500,1.0100,2.0600e+27,1.7371e+29,1.9800e+27,1.6827e+29,7.7023e+30,6.5773e+30,138
16,0,0.0000,0.0500,4.4100e+27,3.7000e+26,2.2100e+27,1.6000e+26,3.8700e+32,2.0909e+32,138
16,1,0.0500,0.1000,5.1000e+27,1.6500e+27,2.7000e+27,1.0700e+27,1.4755e+32,8.2918e+31,138
16,2,0.1000,0.2000,1.4550e+28,1.3880e+28,5.8000e+27,7.3400e+27,2.3962e+32,1.0756e+32,138
16,3,0.2000,0.3500,1.2190e+28,3.8480e+28,5.7500e+27,2.8480e+28,1.1307e+32,5.5694e+31,138
16,4,0.3500,0.5500,5.5600e+27,6.6500e+28,3.6100e+27,5.7190e+28,2.9879e+31,1.9162e+31,138
16,5,0.5500,1.0100,2.2300e+27,1.7321e+29,2.1600e+27,1.7172e+29,7.6808e+30,6.6001e+30,138
17,0,0.0000,0.0500,4.0600e+27,2.8000e+26,2.2700e+27,1.2000e+26,3.8729e+32,2.0910e+32,138
17,1,0.0500,0.1000,4.6800e+27,1.6700e+27,2.5900e+27,9.6000e+26,1.4750e+32,8.2920e+31,138
17,2,0.1000,0.2000,1.3960e+28,1.4130e+28,5.6900e+27,7.2100e+27,2.3914e+32,1.0754e+32,138
17,3,0.2000,0.3500,1.2140e+28,3.9620e+28,6.0700e+27,2.6230e+28,1.1264e+32,5.5752e+31,138
17,4,0.3500,0.5500,5.0900e+27,6.9590e+28,3.2400e+27,5.4790e+28,2.9887e+31,1.9175e+31,138
17,5,0.5500,1.0100,2.0600e+27,1.6692e+29,1.7400e+27,1.6073e+29,7.6147e+30,6.5803e+30,138
18,0,0.0000,0.0500,3.9800e+27,1.7000e+26,2.4500e+27,2.2000e+26,3.9038e+32,2.1064e+32,139
18,1,0.0500,0.1000,4.7400e+27,1.8400e+27,2.5200e+27,7.6000e+26,1.4849e+32,8.3544e+31,139
18,2,0.1000,0.2000,1.4300e+28,1.3890e+28,6.4700e+27,6.8200e+27,2.4041e+32,1.0830e+32,139
18,3,0.2000,0.3500,1.1980e+28,3.8750e+28,5.7200e+27,2.6130e+28,1.1312e+32,5.6156e+31,139
18,4,0.3500,0.5500,5.2200e+27,6.8480e+28,3.6500e+27,5.5840e+28,3.0089e+31,1.9351e+31,139
18,5,0.5500,1.0100,2.1000e+27,1.6255e+29,1.9200e+27,1.6558e+29,7.5988e+30,6.5923e+30,139
19,0,0.0000,0.0500,4.2300e+27,2.5000e+26,1.8300e+27,1.3000e+26,3.9070e+32,2.0815e+32,139
19,1,0.0500,0.1000,5.1000e+27,1.4600e+27,2.6900e+27,7.8000e+26,1.4846e+32,8.6066e+31,139
19,2,0.1000,0.2000,1.3640e+28,1.3860e+28,5.9800e+27,7.2300e+27,2.4000e+32,1.0818e+32,139
19,3,0.2000,0.3500,1.2220e+28,3.7830e+28,6.1700e+27,2.6490e+28,1.1267e+32,5.6177e+31,139
19,4,0.3500,0.5500,4.9500e+27,6.2700e+28,3.6500e+27,5.2930e+28,2.9938e+31,1.9407e+31,139
19,5,0.5500,1.0100,2.2900e+27,1.6966e+29,2.1300e+27,1.6389e+29,7.5835e+30,6.6075e+30,139
20,0,0.0000,0.0500,4.0200e+27,2.2000e+26,2.3400e+27,1.5000e+26,3.9102e+32,2.0783e+32,139
20,1,0.0500,0.1000,4.6800e+27,1.6600e+27,2.5800e+27,8.1000e+26,1.4837e+32,8.6466e+31,139
20,2,0.1000,0.2000,1.3600e+28,1.4440e+28,6.7400e+27,7.3200e+27,2.3962e+32,1.0811e+32,139
20,3,0.2000,0.3500,1.1500e+28,3.6880e+28,5.4900e+27,2.6590e+28,1.1223e+32,5.6205e+31,139
20,4,0.3500,0.5500,5.5200e+27,6.5350e+28,3.7800e+27,5.5050e+28,2.9854e+31,1.9408e+31,139
20,5,0.5500,1.0100,2.1900e+27,1.6972e+29,1.9200e+27,1.5815e+29,7.5961e+30,6.5651e+30,139
21,0,0.0000,0.0500,3.8700e+27,2.1000e+26,2.5300e+27,1.2000e+26,3.9143e+32,2.0791e+32,139
21,1,0.0500,0.1000,5.2000e+27,1.8100e+27,2.5000e+27,8.5000e+26,1.4827e+32,8.6515e+31,139
21,2,0.1000,0.2000,1.3810e+28,1.3070e+28,6.1600e+27,7.1300e+27,2.3919e+32,1.0811e+32,139
21,3,0.2000,0.3500,1.1410e+28,3.7130e+28,6.4900e+27,2.7370e+28,1.1186e+32,5.6347e+31,139
21,4,0.3500,0.5500,5.1100e+27,6.3790e+28,3.5100e+27,5.1140e+28,2.9822e+31,1.9324e+31,139
21,5,0.5500,1.0100,2.1400e+27,1.5866e+29,1.8500e+27,1.5207e+29,7.5528e+30,6.4954e+30,139
22,0,0.0000,0.0500,4.2000e+27,1.6000e+26,2.2900e+27,1.0000e+26,3.9464e+32,2.0947e+32,140
22,1,0.0500,0.1000,4.7900e+27,1.6300e+27,2.5600e+27,9.2000e+26,1.4926e+32,8.7165e+31,140
22,2,0.1000,0.2000,1.3680e+28,1.4400e+28,5.7900e+27,6.8200e+27,2.4059e+32,1.0886e+32,140
22,3,0.2000,0.3500,1.1660e+28,3.8020e+28,6.0900e+27,2.5500e+28,1.1242e+32,5.6743e+31,140
22,4,0.3500,0.5500,5.6300e+27,6.2910e+28,3.2500e+27,5.1040e+28,2.9886e+31,1.9418e+31,140
22,5,0.5500,1.0100,2.0700e+27,1.5454e+29,1.8800e+27,1.5671e+29,7.5799e+30,6.5364e+30,140
23,0,0.0000,0.0500,4.2800e+27,2.1000e+26,2.1000e+27,1.1000e+26,3.9501e+32,2.0951e+32,140
23,1,0.0500,0.1000,4.7000e+27,1.6200e+27,2.9400e+27,8.6000e+26,1.4926e+32,8.7234e+31,140
23,2,0.1000,0.2000,1.3200e+28,1.3670e+28,6.0600e+27,6.0600e+27,2.4031e+32,1.0868e+32,140
23,3,0.2000,0.3500,1.1520e+28,3.6790e+28,6.0300e+27,2.5110e+28,1.1211e+32,5.6820e+31,140
23,4,0.3500,0.5500,5.3200e+27,6.1760e+28,3.4300e+27,5.2290e+28,2.9765e+31,1.9442e+31,140
23,5,0.5500,1.0100,2.2000e+27,1.5426e+29,1.8700e+27,1.5832e+29,7.5279e+30,6.5484e+30,140
24,0,0.0000,0.0500,4.1800e+27,1.9000e+26,2.3100e+27,2.0000e+26,3.9540e+32,2.0956e+32,140
24,1,0.0500,0.1000,4.9200e+27,1.4800e+27,2.5500e+27,8.9000e+26,1.4919e+32,8.7302e+31,140
24,2,0.1000,0.2000,1.4050e+28,1.3140e+28,6.4000e+27,7.0500e+27,2.4399e+32,1.0855e+32,140
24,3,0.2000,0.3500,1.0890e+28,3.4570e+28,5.8500e+27,2.4360e+28,1.0765e+32,5.6842e+31,140
24,4,0.3500,0.5500,4.8100e+27,5.9750e+28,3.1700e+27,4.9000e+28,2.9602e+31,1.9461e+31,140
24,5,0.5500,1.0100,2.1000e+27,1.5395e+29,1.9300e+27,1.5274e+29,7.5233e+30,6.5143e+30,140
25,0,0.0000,0.0500,4.0800e+27,2.0000e+26,2.4200e+27,1.5000e+26,3.9865e+32,2.1114e+32,141
25,1,0.0500,0.1000,4.7300e+27,1.4200e+27,3.0100e+27,8.1000e+26,1.5020e+32,8.7958e+31,141
25,2,0.1000,0.2000,1.4020e+28,1.3000e+28,6.0200e+27,6.4000e+27,2.4540e+32,1.0929e+32,141
25,3,0.2000,0.3500,1.1370e+28,3.2660e+28,5.7800e+27,2.4190e+28,1.0784e+32,5.7256e+31,141
25,4,0.3500,0.5500,5.0700e+27,5.7620e+28,3.0500e+27,4.8920e+28,2.9723e+31,1.9557e+31,141
25,5,0.5500,1.0100,2.0100e+27,1.5298e+29,1.9400e+27,1.5727e+29,7.5399e+30,6.5746e+30,141
26,0,0.0000,0.0500,3.8300e+27,1.7000e+26,2.5100e+27,1.9000e+26,3.9901e+32,2.1122e+32,141
26,1,0.0500,0.1000,4.4400e+27,1.1400e+27,2.4600e+27,8.7000e+26,1.5009e+32,8.7993e+31,141
26,2,0.1000,0.2000,1.3530e+28,1.2220e+28,6.0600e+27,6.6200e+27,2.4374e+32,1.0927e+32,141
26,3,0.2000,0.3500,1.1050e+28,3.3410e+28,5.8100e+27,2.5030e+28,1.0857e+32,5.7247e+31,141
26,4,0.3500,0.5500,5.3600e+27,5.8710e+28,3.6500e+27,4.7870e+28,2.9620e+31,1.9572e+31,141
26,5,0.5500,1.0100,2.0300e+27,1.4842e+29,1.7700e+27,1.4344e+29,7.5588e+30,6.5109e+30,141
27,0,0.0000,0.0500,3.9300e+27,1.6000e+26,2.1900e+27,1.5000e+26,4.0219e+32,2.1280e+32,142
27,1,0.0500,0.1000,4.5600e+27,9.9000e+26,2.6700e+27,7.0000e+26,1.5102e+32,8.8656e+31,142
27,2,0.1000,0.2000,1.3580e+28,1.2150e+28,5.9800e+27,5.9700e+27,2.4189e+32,1.1003e+32,142
27,3,0.2000,0.3500,1.2250e+28,3.3560e+28,5.6300e+27,2.4020e+28,1.1210e+32,5.7675e+31,142
27,4,0.3500,0.5500,4.9600e+27,5.5310e+28,3.2300e+27,4.7010e+28,2.9662e+31,1.9643e+31,142
27,5,0.5500,1.0100,2.1300e+27,1.4248e+29,1.8900e+27,1.4776e+29,7.5388e+30,6.5403e+30,142
28,0,0.0000,0.0500,4.4200e+27,1.3000e+26,2.2700e+27,1.6000e+26,4.0257e+32,2.1286e+32,142
28,1,0.0500,0.1000,4.5800e+27,1.4100e+27,2.3600e+27,7.3000e+26,1.5097e+32,8.8688e+31,142
28,2,0.1000,0.2000,1.3130e+28,1.2570e+28,5.8100e+27,6.5800e+27,2.4143e+32,1.1003e+32,142
28,3,0.2000,0.3500,1.1170e+28,3.2580e+28,6.5200e+27,2.4430e+28,1.1161e+32,5.7704e+31,142
28,4,0.3500,0.5500,4.9300e+27,5.6990e+28,3.6300e+27,4.6350e+28,2.9566e+31,1.9585e+31,142
28,5,0.5500,1.0100,2.1600e+27,1.4257e+29,1.8600e+27,1.3951e+29,7.4327e+30,6.5053e+30,142
29,0,0.0000,0.0500,4.1800e+27,9.0000e+25,2.1700e+27,1.6000e+26,4.0296e+32,2.1296e+32,142
29,1,0.0500,0.1000,4.9300e+27,1.3800e+27,2.2700e+27,6.6000e+26,1.5092e+32,8.8760e+31,142
29,2,0.1000,0.2000,1.3450e+28,1.2350e+28,6.1100e+27,6.8400e+27,2.4109e+32,1.1003e+32,142
29,3,0.2000,0.3500,1.1690e+28,3.3540e+28,5.7900e+27,2.2370e+28,1.1112e+32,5.7701e+31,142
29,4,0.3500,0.5500,4.8200e+27,5.4920e+28,3.3200e+27,4.5220e+28,2.9483e+31,1.9478e+31,142
29,5,0.5500,1.0100,2.0100e+27,1.3826e+29,1.7700e+27,1.3775e+29,7.3855e+30,6.4714e+30,142
30,0,0.0000,0.0500,4.1000e+27,1.8000e+26,2.5800e+27,1.2000e+26,4.0624e+32,2.1456e+32,143
30,1,0.0500,0.1000,5.1300e+27,1.3200e+27,2.4200e+27,7.2000e+26,1.5194e+32,8.9455e+31,143
30,2,0.1000,0.2000,1.3320e+28,1.2630e+28,5.6900e+27,6.2200e+27,2.4238e+32,1.1071e+32,143
30,3,0.2000,0.3500,1.2020e+28,3.0300e+28,5.9500e+27,2.2700e+28,1.1148e+32,5.8057e+31,143
30,4,0.3500,0.5500,4.8800e+27,5.2740e+28,3.7400e+27,4.5390e+28,2.9505e+31,1.9573e+31,143
30,5,0.5500,1.0100,2.0400e+27,1.3477e+29,1.9500e+27,1.3339e+29,7.3978e+30,6.4905e+30,143
31,0,0.0000,0.0500,4.1500e+27,2.2000e+26,2.3800e+27,2.4000e+26,4.0666e+32,2.1725e+32,143
31,1,0.0500,0.1000,4.7400e+27,1.4200e+27,2.7100e+27,8.5000e+26,1.5191e+32,8.6914e+31,143
31,2,0.1000,0.2000,1.3520e+28,1.1880e+28,6.0100e+27,6.1800e+27,2.4199e+32,1.1070e+32,143
31,3,0.2000,0.3500,1.1240e+28,3.2510e+28,6.0300e+27,2.3850e+28,1.1106e+32,5.8121e+31,143
31,4,0.3500,0.5500,5.3100e+27,5.3740e+28,3.6100e+27,4.5980e+28,2.9304e+31,1.9627e+31,143
31,5,0.5500,1.0100,2.0900e+27,1.2739e+29,2.1300e+27,1.3235e+29,7.2813e+30,6.4412e+30,143
32,0,0.0000,0.0500,4.0300e+27,2.8000e+26,2.4300e+27,2.3000e+26,4.0996e+32,2.1941e+32,144
32,1,0.0500,0.1000,4.6600e+27,1.3900e+27,2.5700e+27,7.8000e+26,1.5290e+32,8.7009e+31,144
32,2,0.1000,0.2000,1.3620e+28,1.1030e+28,6.2400e+27,6.2800e+27,2.4331e+32,1.1149e+32,144
32,3,0.2000,0.3500,1.1410e+28,2.9540e+28,5.8600e+27,2.2820e+28,1.1139e+32,5.8483e+31,144
32,4,0.3500,0.5500,5.1600e+27,5.0950e+28,3.5600e+27,4.4690e+28,2.9339e+31,1.9746e+31,144
32,5,0.5500,1.0100,2.0400e+27,1.2559e+29,1.7000e+27,1.2881e+29,7.2016e+30,6.4671e+30,144
33,0,0.0000,0.0500,4.2700e+27,1.5000e+26,2.4100e+27,2.1000e+26,4.1042e+32,2.1953e+32,144
33,1,0.0500,0.1000,5.0300e+27,1.1400e+27,2.3600e+27,6.5000e+26,1.5286e+32,8.7049e+31,144
33,2,0.1000,0.2000,1.3090e+28,1.2140e+28,5.6300e+27,5.9100e+27,2.4293e+32,1.1157e+32,144
33,3,0.2000,0.3500,1.0910e+28,3.1370e+28,6.5800e+27,2.2870e+28,1.1085e+32,5.8512e+31,144
33,4,0.3500,0.5500,4.9800e+27,4.9590e+28,3.5300e+27,4.3260e+28,2.9087e+31,1.9692e+31,144
33,5,0.5500,1.0100,2.2200e+27,1.2412e+29,1.7600e+27,1.2408e+29,7.1754e+30,6.4188e+30,144
34,0,0.0000,0.0500,4.3600e+27,1.2000e+26,2.3900e+27,1.8000e+26,4.1368e+32,2.2121e+32,145
34,1,0.0500,0.1000,5.2900e+27,1.2900e+27,2.7300e+27,7.2000e+26,1.5389e+32,8.7697e+31,145
34,2,0.1000,0.2000,1.3900e+28,1.1550e+28,6.2400e+27,5.8000e+27,2.4427e+32,1.1357e+32,145
34,3,0.2000,0.3500,1.0990e+28,2.8580e+28,6.2400e+27,2.3220e+28,1.1112e+32,5.7731e+31,145
34,4,0.3500,0.5500,4.9500e+27,4.8510e+28,3.3800e+27,4.3010e+28,2.9075e+31,1.9828e+31,145
34,5,0.5500,1.0100,1.9100e+27,1.2823e+29,1.9900e+27,1.2582e+29,7.1724e+30,6.4017e+30,145
35,0,0.0000,0.0500,4.3700e+27,1.0000e+26,2.4900e+27,1.5000e+26,4.1409e+32,2.2380e+32,145
35,1,0.0500,0.1000,4.9500e+27,1.4200e+27,2.3900e+27,6.1000e+26,1.5384e+32,8.5311e+31,145
35,2,0.1000,0.2000,1.3170e+28,1.1790e+28,6.5500e+27,6.0900e+27,2.4384e+32,1.1445e+32,145
35,3,0.2000,0.3500,1.1450e+28,2.9220e+28,6.1200e+27,2.1200e+28,1.1065e+32,5.6912e+31,145
35,4,0.3500,0.5500,4.7600e+27,4.7920e+28,3.5700e+27,4.0690e+28,2.8776e+31,1.9778e+31,145
35,5,0.5500,1.0100,1.9100e+27,1.1886e+29,1.5200e+27,1.1603e+29,7.0794e+30,6.2954e+30,145
36,0,0.0000,0.0500,4.3100e+27,2.4000e+26,2.5100e+27,1.7000e+26,4.1742e+32,2.2645e+32,146
36,1,0.0500,0.1000,5.0300e+27,1.3400e+27,2.2500e+27,4.7000e+26,1.5482e+32,8.5038e+31,146
36,2,0.1000,0.2000,1.3560e+28,1.1540e+28,5.8800e+27,6.5600e+27,2.4507e+32,1.1526e+32,146
36,3,0.2000,0.3500,1.1140e+28,2.9430e+28,5.9200e+27,2.2230e+28,1.1098e+32,5.7364e+31,146
36,4,0.3500,0.5500,4.9900e+27,4.3820e+28,3.5300e+27,4.1530e+28,2.8764e+31,1.9819e+31,146
36,5,0.5500,1.0100,2.0400e+27,1.1392e+29,1.5800e+27,1.1561e+29,7.0546e+30,6.2776e+30,146
37,0,0.0000,0.0500,4.1000e+27,1.2000e+26,2.3000e+27,1.6000e+26,4.1789e+32,2.2907e+32,146
37,1,0.0500,0.1000,5.1500e+27,1.2600e+27,2.2300e+27,7.2000e+26,1.5479e+32,8.2676e+31,146
37,2,0.1000,0.2000,1.3520e+28,1.1680e+28,6.1200e+27,6.1000e+27,2.4465e+32,1.1530e+32,146
37,3,0.2000,0.3500,1.1180e+28,3.0170e+28,5.7700e+27,2.1090e+28,1.1052e+32,5.7437e+31,146
37,4,0.3500,0.5500,5.0400e+27,4.6100e+28,3.5100e+27,3.9950e+28,2.8546e+31,1.9826e+31,146
37,5,0.5500,1.0100,1.8700e+27,1.1735e+29,1.6700e+27,1.1972e+29,6.9624e+30,6.2506e+30,146
38,0,0.0000,0.0500,4.6300e+27,1.9000e+26,2.4200e+27,9.0000e+25,4.2123e+32,2.3419e+32,147
38,1,0.0500,0.1000,5.1600e+27,1.4200e+27,2.6100e+27,4.4000e+26,1.5579e+32,7.9844e+31,147
38,2,0.1000,0.2000,1.3060e+28,1.1990e+28,6.1900e+27,6.3300e+27,2.4192e+32,1.1617e+32,147
38,3,0.2000,0.3500,1.1530e+28,2.9170e+28,5.7800e+27,2.0110e+28,1.1487e+32,5.7856e+31,147
38,4,0.3500,0.5500,4.7600e+27,4.4870e+28,3.2400e+27,3.8790e+28,2.8551e+31,1.9860e+31,147
38,5,0.5500,1.0100,2.0100e+27,1.1115e+29,1.7000e+27,1.0919e+29,6.9756e+30,6.2633e+30,147
39,0,0.0000,0.0500,4.8300e+27,1.5000e+26,2.4500e+27,1.2000e+26,4.2174e+32,2.3874e+32,147
39,1,0.0500,0.1000,5.1400e+27,1.6100e+27,2.0300e+27,5.2000e+26,1.5573e+32,7.5482e+31,147
39,2,0.1000,0.2000,1.3320e+28,1.0230e+28,6.1500e+27,5.7100e+27,2.3979e+32,1.1620e+32,147
39,3,0.2000,0.3500,1.1580e+28,2.7780e+28,5.4900e+27,2.0210e+28,1.1595e+32,5.7964e+31,147
39,4,0.3500,0.5500,4.5600e+27,4.2590e+28,3.4300e+27,3.7770e+28,2.8267e+31,1.9787e+31,147
39,5,0.5500,1.0100,1.6800e+27,1.1035e+29,1.4500e+27,1.1269e+29,6.9511e+30,6.2706e+30,147
40,0,0.0000,0.0500,4.1300e+27,1.9000e+26,2.4000e+27,8.0000e+25,4.2511e+32,2.4054e+32,148
40,1,0.0500,0.1000,4.8200e+27,1.5500e+27,2.4200e+27,4.7000e+26,1.5674e+32,7.7996e+31,148
40,2,0.1000,0.2000,1.3450e+28,1.0420e+28,5.6800e+27,5.4000e+27,2.3952e+32,1.1498e+32,148
40,3,0.2000,0.3500,1.2030e+28,2.9390e+28,5.5600e+27,1.8700e+28,1.1766e+32,5.8321e+31,148
40,4,0.3500,0.5500,4.5900e+27,4.1070e+28,3.4000e+27,3.6870e+28,2.8140e+31,1.9887e+31,148
40,5,0.5500,1.0100,1.8200e+27,1.0484e+29,1.6800e+27,1.0362e+29,6.9164e+30,6.2554e+30,148
41,0,0.0000,0.0500,4.3800e+27,1.3000e+26,2.7700e+27,1.4000e+26,4.2851e+32,2.4234e+32,149
41,1,0.0500,0.1000,4.9400e+27,1.3100e+27,2.2700e+27,4.8000e+26,1.4868e+32,8.0030e+31,149
41,2,0.1000,0.2000,1.2810e+28,9.9000e+27,5.6900e+27,5.3000e+27,2.4602e+32,1.1425e+32,149
41,3,0.2000,0.3500,1.1680e+28,2.7440e+28,5.6800e+27,1.8710e+28,1.2071e+32,5.8669e+31,149
41,4,0.3500,0.5500,4.5700e+27,3.8710e+28,3.6100e+27,3.6400e+28,2.8773e+31,1.9994e+31,149
41,5,0.5500,1.0100,1.9000e+27,1.0430e+29,1.7600e+27,1.0140e+29,6.8509e+30,6.2225e+30,149
42,0,0.0000,0.0500,4.7600e+27,2.2000e+26,2.6200e+27,1.0000e+26,4.2893e+32,2.4257e+32,149
42,1,0.0500,0.1000,4.5400e+27,1.2300e+27,2.2100e+27,5.3000e+26,1.4738e+32,7.9991e+31,149
42,2,0.1000,0.2000,1.3320e+28,1.0120e+28,6.0900e+27,5.1300e+27,2.4677e+32,1.1428e+32,149
42,3,0.2000,0.3500,1.1560e+28,2.5850e+28,5.8100e+27,1.9390e+28,1.1930e+32,5.8645e+31,149
42,4,0.3500,0.5500,4.6100e+27,4.1730e+28,3.5400e+27,3.5740e+28,2.9225e+31,1.9959e+31,149
42,5,0.5500,1.0100,1.5300e+27,1.0018e+29,1.5500e+27,1.0309e+29,6.7647e+30,6.2330e+30,149
43,0,0.0000,0.0500,4.6900e+27,1.3000e+26,2.5400e+27,1.1000e+26,4.3225e+32,2.4441e+32,150
43,1,0.0500,0.1000,4.5500e+27,1.1500e+27,1.9800e+27,6.1000e+26,1.4831e+32,8.0519e+31,150
43,2,0.1000,0.2000,1.3360e+28,1.0750e+28,6.1900e+27,5.0500e+27,2.4795e+32,1.1507e+32,150
43,3,0.2000,0.3500,1.1570e+28,2.5680e+28,6.3500e+27,1.7180e+28,1.1939e+32,5.9065e+31,150
43,4,0.3500,0.5500,4.9600e+27,4.0180e+28,3.2300e+27,3.2050e+28,2.9127e+31,2.0023e+31,150
43,5,0.5500,1.0100,1.7800e+27,9.6360e+28,1.7000e+27,9.7330e+28,6.7741e+30,6.2110e+30,150
44,0,0.0000,0.0500,4.4700e+27,2.5000e+26,2.3500e+27,1.5000e+26,4.3273e+32,2.4550e+32,150
44,1,0.0500,0.1000,4.2700e+27,1.2500e+27,2.1800e+27,5.8000e+26,1.4823e+32,7.9808e+31,150
44,2,0.1000,0.2000,1.3200e+28,1.0120e+28,6.2800e+27,5.2400e+27,2.4751e+32,1.1505e+32,150
44,3,0.2000,0.3500,1.1700e+28,2.6950e+28,6.1000e+27,1.6950e+28,1.1870e+32,5.8977e+31,150
44,4,0.3500,0.5500,4.6500e+27,3.9260e+28,3.4200e+27,3.2990e+28,2.8818e+31,1.9970e+31,150
44,5,0.5500,1.0100,1.5900e+27,9.9120e+28,1.6600e+27,9.7200e+28,6.7780e+30,6.2182e+30,150
45,0,0.0000,0.0500,4.7500e+27,2.4000e+26,2.7500e+27,6.0000e+25,4.2358e+32,2.5842e+32,151
45,1,0.0500,0.1000,4.5500e+27,1.1100e+27,2.2700e+27,4.2000e+26,1.5151e+32,7.6187e+31,151
45,2,0.1000,0.2000,1.3350e+28,1.0110e+28,6.1900e+27,5.1000e+27,2.5400e+32,1.1127e+32,151
45,3,0.2000,0.3500,1.1940e+28,2.7820e+28,5.4600e+27,1.5880e+28,1.2375e+32,5.7175e+31,151
45,4,0.3500,0.5500,4.8100e+27,3.7770e+28,3.0600e+27,3.2830e+28,2.8739e+31,2.0030e+31,151
45,5,0.5500,1.0100,1.8600e+27,1.0268e+29,1.7500e+27,9.5760e+28,6.7921e+30,6.2436e+30,151
46,0,0.0000,0.0500,4.9200e+27,3.3000e+26,2.7600e+27,8.0000e+25,4.1799e+32,2.6087e+32,152
46,1,0.0500,0.1000,4.2200e+27,1.1000e+27,2.4100e+27,5.9000e+26,1.5533e+32,7.6548e+31,152
46,2,0.1000,0.2000,1.3690e+28,9.5100e+27,5.7700e+27,5.0400e+27,2.5933e+32,1.1195e+32,152
46,3,0.2000,0.3500,1.2020e+28,2.7770e+28,5.1900e+27,1.5890e+28,1.2587e+32,5.7066e+31,152
46,4,0.3500,0.5500,5.0500e+27,4.0740e+28,3.4200e+27,3.2450e+28,2.8711e+31,2.0104e+31,152
46,5,0.5500,1.0100,1.7500e+27,9.8490e+28,1.8000e+27,9.7900e+28,6.7871e+30,6.2943e+30,152
47,0,0.0000,0.0500,5.0700e+27,4.3000e+26,2.8500e+27,1.1000e+26,4.2118e+32,2.6278e+32,153
47,1,0.0500,0.1000,4.4000e+27,1.3300e+27,2.4000e+27,5.4000e+26,1.5629e+32,7.7075e+31,153
47,2,0.1000,0.2000,1.3560e+28,1.0680e+28,5.3300e+27,4.5800e+27,2.6066e+32,1.1269e+32,153
47,3,0.2000,0.3500,1.2250e+28,2.8920e+28,5.3600e+27,1.4630e+28,1.2608e+32,5.7296e+31,153
47,4,0.3500,0.5500,4.7600e+27,3.8490e+28,3.2300e+27,3.0540e+28,2.8659e+31,2.0165e+31,153
47,5,0.5500,1.0100,1.9100e+27,1.0059e+29,1.4500e+27,9.1290e+28,6.8593e+30,6.3322e+30,153
48,0,0.0000,0.0500,4.7400e+27,3.7000e+26,2.4600e+27,1.0000e+26,4.2166e+32,2.6301e+32,153
48,1,0.0500,0.1000,4.6700e+27,1.2900e+27,2.1500e+27,5.7000e+26,1.5440e+32,7.9064e+31,153
48,2,0.1000,0.2000,1.3720e+28,1.1020e+28,5.7700e+27,4.5200e+27,2.6201e+32,1.1142e+32,153
48,3,0.2000,0.3500,1.2120e+28,2.4930e+28,5.3100e+27,1.5510e+28,1.2541e+32,5.7162e+31,153
48,4,0.3500,0.5500,4.4200e+27,3.6580e+28,3.0900e+27,2.8140e+28,2.8400e+31,1.9373e+31,153
48,5,0.5500,1.0100,1.8200e+27,9.3110e+28,1.8700e+27,9.2270e+28,6.8243e+30,6.3273e+30,153
49,0,0.0000,0.0500,4.7200e+27,3.9000e+26,2.4300e+27,5.0000e+25,4.1826e+32,2.6493e+32,154
49,1,0.0500,0.1000,4.4800e+27,1.0000e+27,2.3700e+27,6.7000e+26,1.5285e+32,8.1017e+31,154
49,2,0.1000,0.2000,1.4470e+28,1.0930e+28,5.8200e+27,4.4200e+27,2.7238e+32,1.1226e+32,154
49,3,0.2000,0.3500,1.1940e+28,2.6000e+28,5.2600e+27,1.4090e+28,1.2555e+32,5.6060e+31,154
49,4,0.3500,0.5500,3.9800e+27,3.5420e+28,3.1000e+27,2.8790e+28,2.8308e+31,1.9336e+31,154
49,5,0.5500,1.0100,1.6600e+27,9.4580e+28,1.6600e+27,9.2430e+28,6.8485e+30,6.3885e+30,154
50,0,0.0000,0.0500,4.5100e+27,3.7000e+26,2.4200e+27,3.0000e+25,3.9413e+32,2.6690e+32,155
50,1,0.0500,0.1000,4.9400e+27,1.1900e+27,2.3000e+27,4.7000e+26,1.8104e+32,8.1529e+31,155
50,2,0.1000,0.2000,1.4150e+28,1.1090e+28,5.9300e+27,4.3500e+27,2.7372e+32,1.1484e+32,155
50,3,0.2000,0.3500,1.2120e+28,2.6400e+28,5.2500e+27,1.4060e+28,1.2567e+32,5.4513e+31,155
50,4,0.3500,0.5500,4.6800e+27,3.5210e+28,3.0800e+27,2.7800e+28,2.8286e+31,1.9431e+31,155
50,5,0.5500,1.0100,1.8800e+27,9.5200e+28,1.9700e+27,9.5460e+28,6.8300e+30,6.5270e+30,155
51,0,0.0000,0.0500,3.9300e+27,2.1000e+26,2.3400e+27,2.0000e+25,3.7727e+32,2.6712e+32,155
51,1,0.0500,0.1000,5.5100e+27,1.4200e+27,2.4700e+27,4.1000e+26,1.9820e+32,8.1539e+31,155
51,2,0.1000,0.2000,1.3940e+28,1.0120e+28,5.8900e+27,4.5800e+27,2.6852e+32,1.1484e+32,155
51,3,0.2000,0.3500,1.2220e+28,2.7710e+28,5.2900e+27,1.4350e+28,1.2973e+32,5.4441e+31,155
51,4,0.3500,0.5500,4.6900e+27,3.5230e+28,3.0200e+27,2.8290e+28,2.8051e+31,1.9378e+31,155
51,5,0.5500,1.0100,1.8500e+27,9.3070e+28,1.4500e+27,8.9520e+28,6.7929e+30,6.5194e+30,155
52,0,0.0000,0.0500,4.3400e+27,2.4000e+26,2.3300e+27,5.0000e+25,3.7021e+32,2.7078e+32,157
52,1,0.0500,0.1000,5.2300e+27,1.8400e+27,2.5600e+27,4.3000e+26,2.1306e+32,8.3478e+31,157
52,2,0.1000,0.2000,1.3540e+28,1.0680e+28,5.8100e+27,4.2500e+27,2.6982e+32,1.1760e+32,157
52,3,0.2000,0.3500,1.2060e+28,2.6570e+28,5.1000e+27,1.3520e+28,1.3232e+32,5.2988e+31,157
52,4,0.3500,0.5500,4.6900e+27,3.5880e+28,3.0200e+27,2.8540e+28,2.8160e+31,1.9644e+31,157
52,5,0.5500,1.0100,1.7200e+27,9.5800e+28,1.8000e+27,9.2480e+28,6.8357e+30,6.6079e+30,157
53,0,0.0000,0.0500,3.8400e+27,2.9000e+26,2.2600e+27,6.0000e+25,3.5888e+32,2.7095e+32,157
53,1,0.0500,0.1000,5.5800e+27,1.8900e+27,2.5500e+27,4.2000e+26,2.2466e+32,8.5959e+31,157
53,2,0.1000,0.2000,1.4090e+28,1.0560e+28,6.3900e+27,4.3800e+27,2.6919e+32,1.1746e+32,157
53,3,0.2000,0.3500,1.2260e+28,2.5950e+28,4.9900e+27,1.3290e+28,1.3016e+32,5.0612e+31,157
53,4,0.3500,0.5500,4.3400e+27,3.2460e+28,3.0000e+27,2.7650e+28,2.8984e+31,1.9677e+31,157
53,5,0.5500,1.0100,1.7700e+27,8.9570e+28,1.7100e+27,8.7420e+28,6.9760e+30,6.6539e+30,157
54,0,0.0000,0.0500,3.5500e+27,2.9000e+26,2.3100e+27,5.0000e+25,3.4545e+32,2.7296e+32,158
54,1,0.0500,0.1000,6.6800e+27,2.1700e+27,2.4300e+27,4.3000e+26,2.4210e+32,8.6528e+31,158
54,2,0.1000,0.2000,1.4060e+28,1.1440e+28,5.9000e+27,4.6700e+27,2.7043e+32,1.2107e+32,158
54,3,0.2000,0.3500,1.1990e+28,2.5920e+28,4.6100e+27,1.1880e+28,1.2872e+32,4.8025e+31,158
54,4,0.3500,0.5500,4.9700e+27,3.3600e+28,3.5500e+27,2.8590e+28,3.0053e+31,1.9889e+31,158
54,5,0.5500,1.0100,1.9000e+27,8.6660e+28,1.6800e+27,8.9910e+28,7.3730e+30,6.7604e+30,158
55,0,0.0000,0.0500,3.8100e+27,2.5000e+26,2.3200e+27,3.0000e+25,3.3716e+32,2.7322e+32,158
55,1,0.0500,0.1000,6.2500e+27,2.4200e+27,2.6200e+27,3.9000e+26,2.4408e+32,8.8055e+31,158
55,2,0.1000,0.2000,1.4390e+28,1.1070e+28,6.7200e+27,4.7900e+27,2.7656e+32,1.2327e+32,158
55,3,0.2000,0.3500,1.1980e+28,2.4740e+28,4.1300e+27,1.1830e+28,1.2787e+32,4.5046e+31,158
55,4,0.3500,0.5500,4.4200e+27,3.1070e+28,3.0700e+27,2.7760e+28,2.9715e+31,1.9410e+31,158
55,5,0.5500,1.0100,1.6700e+27,8.6410e+28,1.8000e+27,8.7500e+28,7.5024e+30,6.6331e+30,158
56,0,0.0000,0.0500,3.6000e+27,1.8000e+26,2.2100e+27,3.0000e+25,3.3088e+32,2.7690e+32,160
56,1,0.0500,0.1000,6.5400e+27,2.6300e+27,2.4000e+27,3.7000e+26,2.5297e+32,9.1020e+31,160
56,2,0.1000,0.2000,1.4640e+28,1.1780e+28,6.4300e+27,3.9800e+27,2.8432e+32,1.2348e+32,160
56,3,0.2000,0.3500,1.1850e+28,2.5120e+28,4.3800e+27,1.1990e+28,1.2877e+32,4.5326e+31,160
56,4,0.3500,0.5500,4.2900e+27,3.1390e+28,2.8600e+27,2.7120e+28,2.9760e+31,1.9599e+31,160
56,5,0.5500,1.0100,1.8300e+27,9.3000e+28,1.5900e+27,8.4850e+28,7.6572e+30,6.7164e+30,160
57,0,0.0000,0.0500,3.1400e+27,2.2000e+26,2.5200e+27,3.0000e+25,3.2823e+32,2.8004e+32,160
57,1,0.0500,0.1000,6.8100e+27,3.1900e+27,2.4700e+27,4.4000e+26,2.5579e+32,8.9899e+31,160
57,2,0.1000,0.2000,1.3500e+28,1.0840e+28,5.8500e+27,4.4500e+27,2.7700e+32,1.2164e+32,160
57,3,0.2000,0.3500,1.2400e+28,2.4500e+28,4.1800e+27,1.0920e+28,1.3455e+32,4.5854e+31,160
57,4,0.3500,0.5500,4.1900e+27,2.9440e+28,2.5900e+27,2.5770e+28,2.9276e+31,1.9105e+31,160
57,5,0.5500,1.0100,2.0000e+27,9.0200e+28,1.8500e+27,7.7300e+28,7.9400e+30,6.6789e+30,160
58,0,0.0000,0.0500,3.6500e+27,1.5000e+26,2.1800e+27,1.0000e+25,3.2106e+32,2.8623e+32,162
58,1,0.0500,0.1000,6.9800e+27,3.6400e+27,2.4700e+27,3.0000e+26,2.7049e+32,9.0800e+31,162
58,2,0.1000,0.2000,1.4480e+28,1.1480e+28,6.3400e+27,3.7600e+27,2.7976e+32,1.2098e+32,162
58,3,0.2000,0.3500,1.2380e+28,2.4630e+28,4.5000e+27,1.1870e+28,1.3532e+32,4.7628e+31,162
58,4,0.3500,0.5500,4.1900e+27,2.9130e+28,2.8200e+27,2.5890e+28,2.9192e+31,1.8143e+31,162
58,5,0.5500,1.0100,1.9800e+27,8.6850e+28,1.6900e+27,7.7760e+28,8.1790e+30,6.7961e+30,162
59,0,0.0000,0.0500,3.1200e+27,2.4000e+26,2.3700e+27,1.0000e+25,3.1831e+32,2.8642e+32,162
59,1,0.0500,0.1000,7.0800e+27,4.0800e+27,2.3600e+27,3.6000e+26,2.7328e+32,9.4453e+31,162
59,2,0.1000,0.2000,1.4430e+28,1.1560e+28,5.8000e+27,3.6300e+27,2.7909e+32,1.1737e+32,162
59,3,0.2000,0.3500,1.2260e+28,2.4770e+28,4.5400e+27,1.1790e+28,1.3448e+32,4.8376e+31,162
59,4,0.3500,0.5500,4.7100e+27,3.0090e+28,2.5800e+27,2.3010e+28,2.8852e+31,1.7486e+31,162
59,5,0.5500,1.0100,2.0800e+27,8.5780e+28,1.7600e+27,8.3200e+28,8.1523e+30,6.8902e+30,162
60,0,0.0000,0.0500,2.9400e+27,1.5000e+26,1.9200e+27,3.0000e+25,3.1346e+32,2.8839e+32,163
60,1,0.0500,0.1000,7.4700e+27,4.6200e+27,2.3900e+27,3.8000e+26,2.8181e+32,1.0218e+32,163
60,2,0.1000,0.2000,1.4080e+28,1.1870e+28,5.4900e+27,3.1200e+27,2.7477e+32,1.1164e+32,163
60,3,0.2000,0.3500,1.2680e+28,2.4710e+28,4.6600e+27,1.1490e+28,1.3961e+32,4.7847e+31,163
60,4,0.3500,0.5500,4.4300e+27,3.0570e+28,2.4000e+27,2.1280e+28,2.8935e+31,1.7612e+31,163
60,5,0.5500,1.0100,2.0800e+27,8.8810e+28,1.7700e+27,8.0250e+28,8.2471e+30,6.9777e+30,163
61,0,0.0000,0.0500,3.0000e+27,1.8000e+26,2.2300e+27,2.0000e+25,3.0751e+32,2.9039e+32,164
61,1,0.0500,0.1000,7.1500e+27,4.7400e+27,2.9400e+27,5.5000e+26,2.8595e+32,1.0881e+32,164
61,2,0.1000,0.2000,1.4630e+28,1.2210e+28,5.6100e+27,3.4600e+27,2.8031e+32,1.0925e+32,164
61,3,0.2000,0.3500,1.3100e+28,2.6640e+28,3.9600e+27,1.0350e+28,1.3974e+32,4.6252e+31,164
61,4,0.3500,0.5500,4.3700e+27,3.3140e+28,2.6100e+27,2.0190e+28,2.9317e+31,1.6634e+31,164
61,5,0.5500,1.0100,1.8000e+27,8.4760e+28,1.7200e+27,7.8470e+28,8.5077e+30,6.9607e+30,164
62,0,0.0000,0.0500,3.0300e+27,1.2000e+26,1.6900e+27,3.0000e+25,3.0327e+32,2.9238e+32,165
62,1,0.0500,0.1000,7.2600e+27,4.4700e+27,3.0500e+27,4.5000e+26,2.7813e+32,1.0952e+32,165
62,2,0.1000,0.2000,1.4530e+28,1.2470e+28,5.3600e+27,3.3800e+27,2.9464e+32,1.0997e+32,165
62,3,0.2000,0.3500,1.3170e+28,2.6070e+28,4.3200e+27,1.1060e+28,1.4071e+32,4.7179e+31,165
62,4,0.3500,0.5500,4.4300e+27,3.0030e+28,2.3400e+27,1.9840e+28,3.0563e+31,1.5845e+31,165
62,5,0.5500,1.0100,2.5200e+27,9.0220e+28,1.7200e+27,7.5770e+28,8.7481e+30,7.0456e+30,165
63,0,0.0000,0.0500,3.0400e+27,1.4000e+26,1.9500e+27,1.0000e+25,2.8815e+32,2.9966e+32,166
63,1,0.0500,0.1000,7.6100e+27,5.1300e+27,2.7200e+27,4.8000e+26,2.9671e+32,1.0497e+32,166
63,2,0.1000,0.2000,1.5050e+28,1.2860e+28,5.6100e+27,3.1700e+27,2.9067e+32,1.1052e+32,166
63,3,0.2000,0.3500,1.2680e+28,2.7280e+28,4.3900e+27,1.1980e+28,1.4528e+32,4.7568e+31,166
63,4,0.3500,0.5500,4.2800e+27,3.0220e+28,2.2300e+27,2.1890e+28,3.0779e+31,1.6009e+31,166
63,5,0.5500,1.0100,1.9900e+27,9.2310e+28,1.6400e+27,7.9980e+28,8.9709e+30,7.0959e+30,166
64,0,0.0000,0.0500,2.6200e+27,9.0000e+25,1.8600e+27,1.0000e+25,3.1348e+32,2.8827e+32,167
64,1,0.0500,0.1000,8.0700e+27,5.7200e+27,3.1100e+27,4.4000e+26,3.0273e+32,1.0992e+32,167
64,2,0.1000,0.2000,1.4390e+28,1.3560e+28,5.2700e+27,3.0400e+27,2.9176e+32,1.0714e+32,167
64,3,0.2000,0.3500,1.3700e+28,2.6120e+28,4.3500e+27,1.0810e+28,1.4508e+32,4.8410e+31,167
64,4,0.3500,0.5500,4.5500e+27,2.7360e+28,2.6100e+27,1.9240e+28,3.0539e+31,1.6005e+31,167
64,5,0.5500,1.0100,2.2200e+27,7.9900e+28,1.6900e+27,8.1140e+28,8.8550e+30,7.1307e+30,167
65,0,0.0000,0.0500,2.5600e+27,1.4000e+26,1.6800e+27,4.0000e+25,5.1368e+32,1.9570e+32,168
65,1,0.0500,0.1000,7.6200e+27,5.8000e+27,3.0500e+27,3.8000e+26,2.9564e+32,1.1424e+32,168
65,2,0.1000,0.2000,1.5660e+28,1.3430e+28,5.5800e+27,2.8700e+27,2.9867e+32,1.0665e+32,168
65,3,0.2000,0.3500,1.3150e+28,2.6110e+28,4.2200e+27,1.0480e+28,1.4353e+32,4.9650e+31,168
65,4,0.3500,0.5500,4.5900e+27,2.7400e+28,2.5000e+27,2.0620e+28,3.0754e+31,1.6356e+31,168
65,5,0.5500,1.0100,2.0100e+27,7.3540e+28,1.8200e+27,8.4650e+28,8.4371e+30,7.6337e+30,168
66,0,0.0000,0.0500,2.5700e+27,1.1000e+26,1.9200e+27,6.0000e+25,5.1157e+32,1.9988e+32,169
66,1,0.0500,0.1000,7.6400e+27,5.8800e+27,2.7900e+27,3.5000e+26,2.9673e+32,1.1192e+32,169
66,2,0.1000,0.2000,1.5540e+28,1.4740e+28,4.9600e+27,3.1500e+27,3.0643e+32,1.0749e+32,169
66,3,0.2000,0.3500,1.3150e+28,2.6930e+28,4.2700e+27,1.0960e+28,1.4296e+32,4.9782e+31,169
66,4,0.3500,0.5500,4.2900e+27,2.9040e+28,2.2700e+27,2.1520e+28,3.0764e+31,1.6602e+31,169
66,5,0.5500,1.0100,2.3300e+27,7.8930e+28,1.8500e+27,8.4890e+28,8.8829e+30,7.7225e+30,169
67,0,0.0000,0.0500,3.1400e+27,1.1000e+26,1.8100e+27,2.0000e+25,5.0588e+32,2.0791e+32,170
67,1,0.0500,0.1000,8.2300e+27,6.8200e+27,2.8700e+27,3.0000e+26,3.0835e+32,1.0800e+32,170
67,2,0.1000,0.2000,1.5940e+28,1.4990e+28,5.1800e+27,2.7200e+27,3.0724e+32,1.0747e+32,170
67,3,0.2000,0.3500,1.3150e+28,2.5360e+28,4.4000e+27,1.0720e+28,1.4150e+32,4.8801e+31,170
67,4,0.3500,0.5500,5.1300e+27,2.8520e+28,2.3700e+27,2.0850e+28,3.2068e+31,1.6573e+31,170
67,5,0.5500,1.0100,2.2700e+27,7.5970e+28,1.6900e+27,8.2390e+28,8.9728e+30,7.7516e+30,170
68,0,0.0000,0.0500,3.3600e+27,1.1000e+26,1.9300e+27,2.0000e+25,5.1295e+32,2.1248e+32,172
68,1,0.0500,0.1000,7.7800e+27,5.7900e+27,2.5800e+27,2.3000e+26,2.9457e+32,1.1223e+32,172
68,2,0.1000,0.2000,1.5460e+28,1.4750e+28,5.0200e+27,2.8300e+27,3.1877e+32,1.0377e+32,172
68,3,0.2000,0.3500,1.3570e+28,2.5680e+28,4.1900e+27,1.0150e+28,1.4631e+32,4.9614e+31,172
68,4,0.3500,0.5500,5.7100e+27,3.0740e+28,2.2400e+27,2.0490e+28,3.6100e+31,1.6672e+31,172
68,5,0.5500,1.0100,2.1900e+27,8.3480e+28,1.9000e+27,7.9370e+28,9.2839e+30,7.8045e+30,172
69,0,0.0000,0.0500,3.2800e+27,1.1000e+26,1.9200e+27,3.0000e+25,5.1413e+32,2.1529e+32,172
69,1,0.0500,0.1000,6.5600e+27,5.2800e+27,2.7400e+27,2.5000e+26,2.5437e+32,1.0942e+32,172
69,2,0.1000,0.2000,1.6810e+28,1.7500e+28,4.6000e+27,2.4400e+27,3.5242e+32,1.0537e+32,172
69,3,0.2000,0.3500,1.3220e+28,2.4770e+28,4.1100e+27,9.5100e+27,1.4919e+32,4.8128e+31,172
69,4,0.3500,0.5500,4.5400e+27,2.9000e+28,2.4600e+27,1.9290e+28,3.6941e+31,1.6687e+31,172
69,5,0.5500,1.0100,2.0800e+27,7.7150e+28,1.8200e+27,7.5790e+28,9.3705e+30,7.8239e+30,172
70,0,0.0000,0.0500,3.5600e+27,9.0000e+25,2.1100e+27,2.0000e+25,5.1278e+32,2.2002e+32,173
70,1,0.0500,0.1000,6.4800e+27,4.5700e+27,2.6200e+27,2.7000e+26,2.4230e+32,1.0649e+32,173
70,2,0.1000,0.2000,1.7380e+28,1.9370e+28,4.7800e+27,2.1600e+27,3.7222e+32,1.0601e+32,173
70,3,0.2000,0.3500,1.2430e+28,2.2900e+28,3.9900e+27,8.8400e+27,1.4502e+32,4.8281e+31,173
70,4,0.3500,0.5500,5.4900e+27,2.8750e+28,2.7700e+27,1.9870e+28,4.0488e+31,1.7074e+31,173
70,5,0.5500,1.0100,2.4100e+27,7.6480e+28,1.8800e+27,7.6800e+28,9.4801e+30,7.8762e+30,173
71,0,0.0000,0.0500,3.7600e+27,4.0000e+25,1.6600e+27,8.0000e+25,5.0643e+32,2.2470e+32,174
71,1,0.0500,0.1000,6.3900e+27,4.2600e+27,2.4500e+27,2.0000e+26,2.4068e+32,1.0431e+32,174
71,2,0.1000,0.2000,1.8220e+28,2.0530e+28,5.1600e+27,2.3700e+27,3.8581e+32,1.0762e+32,174
71,3,0.2000,0.3500,1.2700e+28,2.2220e+28,4.0400e+27,9.1800e+27,1.4310e+32,4.6888e+31,174
71,4,0.3500,0.5500,5.8800e+27,3.1700e+28,2.3300e+27,2.1300e+28,4.2400e+31,1.7617e+31,174
71,5,0.5500,1.0100,2.0900e+27,7.1960e+28,1.8200e+27,7.8300e+28,9.4948e+30,7.8367e+30,174
72,0,0.0000,0.0500,4.0000e+27,9.0000e+25,1.9500e+27,2.0000e+25,5.1347e+32,2.3477e+32,176
72,1,0.0500,0.1000,6.3100e+27,3.9900e+27,2.2800e+27,2.0000e+26,2.3255e+32,1.0077e+32,176
72,2,0.1000,0.2000,1.7010e+28,2.1730e+28,4.9400e+27,2.1900e+27,3.7855e+32,1.0602e+32,176
72,3,0.2000,0.3500,1.3630e+28,2.4320e+28,4.3400e+27,7.7000e+27,1.6214e+32,4.7925e+31,176
72,4,0.3500,0.5500,6.1600e+27,2.9330e+28,2.6100e+27,2.0080e+28,4.4549e+31,1.7826e+31,176
72,5,0.5500,1.0100,2.2200e+27,7.4470e+28,1.8600e+27,7.5100e+28,9.9333e+30,7.8192e+30,176
73,0,0.0000,0.0500,4.4600e+27,1.1000e+26,2.1900e+27,1.0000e+25,5.1768e+32,2.4585e+32,177
73,1,0.0500,0.1000,5.2200e+27,3.8400e+27,2.2500e+27,1.0000e+26,2.1994e+32,9.1548e+31,177
73,2,0.1000,0.2000,1.7140e+28,2.0740e+28,4.7800e+27,2.0700e+27,3.7182e+32,1.0699e+32,177
73,3,0.2000,0.3500,1.5660e+28,2.7080e+28,4.3900e+27,8.1000e+27,1.8299e+32,4.8715e+31,177
73,4,0.3500,0.5500,6.3600e+27,3.1020e+28,2.3800e+27,2.0790e+28,4.4326e+31,1.7398e+31,177
73,5,0.5500,1.0100,2.2500e+27,7.2500e+28,1.7500e+27,7.2790e+28,1.0011e+31,7.6330e+30,177
74,0,0.0000,0.0500,4.3800e+27,9.0000e+25,2.1000e+27,2.0000e+25,5.1889e+32,2.5937e+32,177
74,1,0.0500,0.1000,5.0600e+27,3.6800e+27,1.9800e+27,2.1000e+26,2.1461e+32,7.9299e+31,177
74,2,0.1000,0.2000,1.6780e+28,2.1290e+28,4.9500e+27,1.8500e+27,3.6135e+32,1.0689e+32,177
74,3,0.2000,0.3500,1.5410e+28,2.8760e+28,3.9100e+27,7.6900e+27,1.9521e+32,4.7599e+31,177
74,4,0.3500,0.5500,5.7600e+27,3.1000e+28,2.5300e+27,1.9840e+28,4.4267e+31,1.7593e+31,177
74,5,0.5500,1.0100,2.4400e+27,7.3250e+28,1.8000e+27,6.7810e+28,1.0007e+31,7.7446e+30,177
75,0,0.0000,0.0500,4.5300e+27,1.3000e+26,2.4300e+27,1.0000e+25,5.1983e+32,2.6930e+32,179
75,1,0.0500,0.1000,5.4900e+27,3.6100e+27,1.8800e+27,1.7000e+26,2.0637e+32,7.7601e+31,179
75,2,0.1000,0.2000,1.7110e+28,2.1790e+28,4.0000e+27,1.5000e+27,3.6902e+32,1.0426e+32,179
75,3,0.2000,0.3500,1.7100e+28,3.0970e+28,3.9400e+27,7.5100e+27,2.0522e+32,4.7518e+31,179
75,4,0.3500,0.5500,6.6200e+27,3.1220e+28,2.5000e+27,1.6700e+28,4.6703e+31,1.7871e+31,179
75,5,0.5500,1.0100,2.3000e+27,7.3120e+28,1.7600e+27,6.6010e+28,1.0051e+31,7.9391e+30,179
76,0,0.0000,0.0500,4.7300e+27,1.7000e+26,2.4900e+27,0.0000e+00,5.0405e+32,2.8095e+32,181
76,1,0.0500,0.1000,5.5700e+27,3.2500e+27,1.8300e+27,1.0000e+26,2.1096e+32,7.5655e+31,181
76,2,0.1000,0.2000,1.6370e+28,2.3700e+28,4.7500e+27,1.7800e+27,3.8353e+32,1.0150e+32,181
76,3,0.2000,0.3500,1.7460e+28,3.2170e+28,3.9700e+27,7.5600e+27,2.1455e+32,4.6337e+31,181
76,4,0.3500,0.5500,6.2100e+27,3.1770e+28,2.5900e+27,1.7480e+28,4.6801e+31,1.7908e+31,181
76,5,0.5500,1.0100,2.5000e+27,7.2730e+28,1.6800e+27,6.8400e+28,1.0148e+31,8.1120e+30,181
77,0,0.0000,0.0500,4.2300e+27,3.1000e+26,2.2000e+27,0.0000e+00,4.6235e+32,2.8102e+32,181
77,1,0.0500,0.1000,5.5900e+27,3.0800e+27,1.8500e+27,1.1000e+26,2.4126e+32,7.7594e+31,181
77,2,0.1000,0.2000,1.7550e+28,2.4750e+28,4.8400e+27,1.5300e+27,3.9028e+32,1.0212e+32,181
77,3,0.2000,0.3500,1.7510e+28,3.4510e+28,3.7500e+27,6.9000e+27,2.1715e+32,4.4153e+31,181
77,4,0.3500,0.5500,6.5400e+27,3.5540e+28,2.3900e+27,1.7920e+28,4.6395e+31,1.7671e+31,181
77,5,0.5500,1.0100,2.3500e+27,7.2250e+28,2.1100e+27,7.0830e+28,1.0146e+31,8.3073e+30,181
78,0,0.0000,0.0500,3.7600e+27,8.0000e+25,1.9100e+27,0.0000e+00,4.2720e+32,2.8421e+32,183
78,1,0.0500,0.1000,6.2400e+27,3.5700e+27,2.0900e+27,1.8000e+26,2.8536e+32,8.0895e+31,183
78,2,0.1000,0.2000,1.6960e+28,2.4650e+28,4.5700e+27,1.8900e+27,3.8624e+32,1.0502e+32,183
78,3,0.2000,0.3500,1.7960e+28,3.4720e+28,3.2200e+27,6.6800e+27,2.2199e+32,4.0476e+31,183
78,4,0.3500,0.5500,6.5700e+27,3.5420e+28,2.4900e+27,1.6470e+28,4.9044e+31,1.7960e+31,183
78,5,0.5500,1.0100,2.3200e+27,7.6450e+28,2.0200e+27,6.5450e+28,1.0727e+31,8.5327e+30,183
79,0,0.0000,0.0500,3.2600e+27,7.0000e+25,1.9900e+27,1.0000e+25,3.9607e+32,2.8430e+32,183
79,1,0.0500,0.1000,6.5800e+27,3.5500e+27,2.0300e+27,6.0000e+25,3.0481e+32,8.3390e+31,183
79,2,0.1000,0.2000,1.7940e+28,2.5790e+28,4.7700e+27,2.4200e+27,3.9624e+32,1.0742e+32,183
79,3,0.2000,0.3500,1.7950e+28,3.3430e+28,2.8900e+27,5.8900e+27,2.1874e+32,3.6153e+31,183
79,4,0.3500,0.5500,6.5300e+27,3.2010e+28,2.4300e+27,1.5240e+28,5.0205e+31,1.7712e+31,183
79,5,0.5500,1.0100,2.4100e+27,6.8070e+28,1.8700e+27,6.3790e+28,1.1488e+31,8.4580e+30,183
80,0,0.0000,0.0500,3.4900e+27,9.0000e+25,2.0000e+27,0.0000e+00,3.8425e+32,2.9196e+32,185
80,1,0.0500,0.1000,6.9000e+27,4.5200e+27,1.9200e+27,1.1000e+26,3.2134e+32,8.3750e+31,185
80,2,0.1000,0.2000,1.8520e+28,2.5120e+28,4.7000e+27,1.7700e+27,3.9272e+32,1.0484e+32,185
80,3,0.2000,0.3500,1.8440e+28,3.5730e+28,2.9100e+27,6.2300e+27,2.2941e+32,3.7523e+31,185
80,4,0.3500,0.5500,6.6600e+27,3.1940e+28,2.2900e+27,1.5950e+28,4.9600e+31,1.6839e+31,185
80,5,0.5500,1.0100,2.3200e+27,7.3390e+28,2.0100e+27,6.0660e+28,1.2198e+31,8.6812e+30,185
81,0,0.0000,0.0500,3.1400e+27,1.4000e+26,1.7900e+27,1.0000e+25,3.7500e+32,2.9580e+32,187
81,1,0.0500,0.1000,7.7000e+27,5.9200e+27,2.1200e+27,9.0000e+25,3.3921e+32,9.2415e+31,187
81,2,0.1000,0.2000,1.7790e+28,2.4840e+28,4.1700e+27,1.5300e+27,3.8930e+32,9.8329e+31,187
81,3,0.2000,0.3500,1.9360e+28,3.6800e+28,2.9500e+27,5.9800e+27,2.3560e+32,3.8137e+31,187
81,4,0.3500,0.5500,6.5300e+27,2.9170e+28,2.1800e+27,1.4250e+28,4.9661e+31,1.6305e+31,187
81,5,0.5500,1.0100,2.7200e+27,7.5040e+28,1.8600e+27,6.0890e+28,1.2575e+31,8.8058e+30,187
82,0,0.0000,0.0500,3.2300e+27,5.0000e+25,1.7600e+27,2.0000e+25,3.6047e+32,2.9834e+32,188
82,1,0.0500,0.1000,7.4700e+27,7.0200e+27,2.2800e+27,1.3000e+26,3.3408e+32,9.7756e+31,188
82,2,0.1000,0.2000,1.8980e+28,2.4920e+28,4.0100e+27,1.3800e+27,4.0641e+32,9.5236e+31,188
82,3,0.2000,0.3500,1.9120e+28,3.7500e+28,2.8100e+27,6.8200e+27,2.3969e+32,3.7521e+31,188
82,4,0.3500,0.5500,6.3900e+27,2.9200e+28,2.2000e+27,1.4630e+28,5.1653e+31,1.5355e+31,188
82,5,0.5500,1.0100,2.6000e+27,7.9480e+28,1.9000e+27,6.2970e+28,1.3151e+31,8.8537e+30,188
83,0,0.0000,0.0500,2.6800e+27,4.0000e+25,1.7800e+27,1.0000e+25,3.7050e+32,2.8370e+32,188
83,1,0.0500,0.1000,7.9000e+27,9.1300e+27,1.9100e+27,2.4000e+26,3.5410e+32,9.6811e+31,188
83,2,0.1000,0.2000,1.8740e+28,2.4360e+28,4.2600e+27,1.6600e+27,4.0294e+32,9.2825e+31,188
83,3,0.2000,0.3500,2.0230e+28,3.7440e+28,2.9600e+27,6.1900e+27,2.4356e+32,3.8195e+31,188
83,4,0.3500,0.5500,7.1300e+27,3.1540e+28,2.1800e+27,1.5940e+28,5.2149e+31,1.5361e+31,188
83,5,0.5500,1.0100,3.0600e+27,7.3780e+28,1.9500e+27,6.7230e+28,1.3185e+31,9.0105e+30,188
84,0,0.0000,0.0500,2.9600e+27,6.0000e+25,1.4300e+27,0.0000e+00,5.3652e+32,2.0410e+32,191
84,1,0.0500,0.1000,8.0300e+27,1.0870e+28,2.1500e+27,4.0000e+25,3.4716e+32,1.0127e+32,191
84,2,0.1000,0.2000,1.8820e+28,2.4460e+28,3.7600e+27,1.2000e+27,4.2164e+32,9.2525e+31,191
84,3,0.2000,0.3500,2.0530e+28,3.9450e+28,3.2500e+27,6.1200e+27,2.4265e+32,3.9886e+31,191
84,4,0.3500,0.5500,6.7500e+27,3.0980e+28,1.9400e+27,1.4090e+28,5.3562e+31,1.6072e+31,191
84,5,0.5500,1.0100,2.6000e+27,6.9860e+28,1.9000e+27,6.7950e+28,1.3137e+31,9.8564e+30,191
85,0,0.0000,0.0500,2.7900e+27,4.0000e+25,1.8200e+27,1.0000e+25,5.2473e+32,2.1196e+32,191
85,1,0.0500,0.1000,9.1100e+27,1.1970e+28,2.1800e+27,9.0000e+25,3.5383e+32,9.6956e+31,191
85,2,0.1000,0.2000,1.9630e+28,2.6870e+28,3.9600e+27,1.3200e+27,4.2374e+32,9.0106e+31,191
85,3,0.2000,0.3500,1.8900e+28,3.9440e+28,3.2600e+27,5.6600e+27,2.3789e+32,3.9194e+31,191
85,4,0.3500,0.5500,7.4000e+27,3.3130e+28,2.0500e+27,1.4040e+28,5.8762e+31,1.5960e+31,191
85,5,0.5500,1.0100,2.8400e+27,7.3030e+28,2.1100e+27,6.5630e+28,1.3516e+31,9.7411e+30,191
86,0,0.0000,0.0500,3.3500e+27,5.0000e+25,1.7800e+27,0.0000e+00,5.3216e+32,2.1832e+32,193
86,1,0.0500,0.1000,6.6700e+27,8.4000e+27,2.0300e+27,7.0000e+25,2.9755e+32,9.6263e+31,193
86,2,0.1000,0.2000,2.0920e+28,2.9610e+28,3.7700e+27,1.0000e+27,4.7011e+32,8.9723e+31,193
86,3,0.2000,0.3500,1.9910e+28,4.0350e+28,3.0300e+27,5.8400e+27,2.4695e+32,3.8748e+31,193
86,4,0.3500,0.5500,8.5800e+27,3.5100e+28,2.1200e+27,1.3720e+28,6.6486e+31,1.6154e+31,193
86,5,0.5500,1.0100,2.6400e+27,7.0610e+28,2.1100e+27,6.5680e+28,1.4007e+31,9.7792e+30,193
87,0,0.0000,0.0500,3.5300e+27,4.0000e+25,1.7100e+27,3.0000e+25,5.2506e+32,2.2520e+32,195
87,1,0.0500,0.1000,6.4900e+27,7.3200e+27,2.1600e+27,1.2000e+26,2.8499e+32,9.2828e+31,195
87,2,0.1000,0.2000,2.3110e+28,3.3100e+28,4.0200e+27,1.1800e+27,5.0364e+32,9.1370e+31,195
87,3,0.2000,0.3500,1.9160e+28,3.9930e+28,3.1500e+27,5.1800e+27,2.3799e+32,3.8210e+31,195
87,4,0.3500,0.5500,8.8500e+27,3.7820e+28,2.0300e+27,1.3240e+28,7.5962e+31,1.6713e+31,195
87,5,0.5500,1.0100,2.8700e+27,7.7080e+28,2.0200e+27,6.9520e+28,1.4152e+31,9.8788e+30,195
88,0,0.0000,0.0500,3.8000e+27,6.0000e+25,1.7100e+27,1.0000e+25,5.2631e+32,2.3577e+32,196
88,1,0.0500,0.1000,6.1600e+27,6.3900e+27,1.9300e+27,1.2000e+26,2.6914e+32,8.6163e+31,196
88,2,0.1000,0.2000,2.0790e+28,3.0150e+28,3.7700e+27,1.1500e+27,4.8507e+32,8.9966e+31,196
88,3,0.2000,0.3500,2.0700e+28,4.2350e+28,3.2900e+27,5.1800e+27,2.7123e+32,3.8546e+31,196
88,4,0.3500,0.5500,9.6200e+27,3.9430e+28,2.4400e+27,1.5400e+28,8.0955e+31,1.6894e+31,196
88,5,0.5500,1.0100,2.7800e+27,7.7690e+28,2.3600e+27,6.8560e+28,1.4864e+31,9.6960e+30,196
89,0,0.0000,0.0500,4.0200e+27,3.0000e+25,2.1300e+27,0.0000e+00,5.3089e+32,2.5093e+32,197
89,1,0.0500,0.1000,5.5600e+27,5.5600e+27,1.4400e+27,9.0000e+25,2.5574e+32,7.3369e+31,197
89,2,0.1000,0.2000,1.9290e+28,2.8600e+28,3.4600e+27,1.2700e+27,4.6265e+32,9.0728e+31,197
89,3,0.2000,0.3500,2.3480e+28,5.0330e+28,2.8000e+27,6.2500e+27,3.0761e+32,3.8398e+31,197
89,4,0.3500,0.5500,1.0210e+28,4.1420e+28,2.1700e+27,1.4970e+28,8.1356e+31,1.6951e+31,197
89,5,0.5500,1.0100,2.9700e+27,7.0320e+28,2.2500e+27,6.4590e+28,1.4904e+31,9.7807e+30,197
90,0,0.0000,0.0500,4.1800e+27,2.0000e+25,2.0700e+27,0.0000e+00,5.1766e+32,2.6365e+32,198
90,1,0.0500,0.1000,5.2300e+27,4.9000e+27,1.6100e+27,1.2000e+26,2.4650e+32,6.7633e+31,198
90,2,0.1000,0.2000,1.9610e+28,2.6950e+28,3.3700e+27,1.1100e+27,4.6648e+32,8.6976e+31,198
90,3,0.2000,0.3500,2.4880e+28,5.5610e+28,2.9100e+27,4.7900e+27,3.2739e+32,3.7536e+31,198
90,4,0.3500,0.5500,1.0440e+28,4.2380e+28,2.3000e+27,1.4770e+28,8.5671e+31,1.7295e+31,198
90,5,0.5500,1.0100,3.3000e+27,7.5500e+28,2.0000e+27,6.1400e+28,1.4924e+31,9.9706e+30,198
91,0,0.0000,0.0500,3.6700e+27,5.0000e+25,1.8100e+27,0.0000e+00,4.8393e+32,2.7091e+32,200
91,1,0.0500,0.1000,5.4700e+27,4.4100e+27,1.6300e+27,7.0000e+25,2.6227e+32,6.8323e+31,200
91,2,0.1000,0.2000,2.0040e+28,2.9860e+28,3.5500e+27,8.4000e+26,4.8599e+32,8.5824e+31,200
91,3,0.2000,0.3500,2.4930e+28,6.2340e+28,2.5300e+27,4.3500e+27,3.3941e+32,3.5993e+31,200
91,4,0.3500,0.5500,9.9100e+27,4.1290e+28,2.2400e+27,1.4070e+28,8.5424e+31,1.7187e+31,200
91,5,0.5500,1.0100,3.1400e+27,7.0540e+28,2.1900e+27,6.1140e+28,1.5044e+31,1.0260e+31,200
92,0,0.0000,0.0500,3.6200e+27,3.0000e+25,1.7200e+27,0.0000e+00,4.3718e+32,2.7365e+32,202
92,1,0.0500,0.1000,6.5800e+27,3.9100e+27,1.4300e+27,6.0000e+25,3.1280e+32,7.1385e+31,202
92,2,0.1000,0.2000,1.9660e+28,3.2310e+28,3.6700e+27,1.3000e+27,4.8431e+32,8.8816e+31,202
92,3,0.2000,0.3500,2.5860e+28,6.1530e+28,2.1500e+27,4.2100e+27,3.4326e+32,3.1975e+31,202
92,4,0.3500,0.5500,1.0840e+28,4.4290e+28,2.0200e+27,1.2230e+28,9.1085e+31,1.7439e+31,202
92,5,0.5500,1.0100,3.2700e+27,7.4770e+28,2.3400e+27,5.9200e+28,1.6269e+31,1.0461e+31,202
93,0,0.0000,0.0500,2.8000e+27,2.0000e+25,1.4700e+27,1.0000e+25,4.0868e+32,2.7738e+32,203
93,1,0.0500,0.1000,6.5600e+27,4.1600e+27,1.6200e+27,1.0000e+26,3.3227e+32,7.2593e+31,203
93,2,0.1000,0.2000,2.0630e+28,3.4910e+28,3.4200e+27,1.2400e+27,4.8908e+32,8.8695e+31,203
93,3,0.2000,0.3500,2.5420e+28,6.5500e+28,2.3400e+27,4.2200e+27,3.4926e+32,3.0594e+31,203
93,4,0.3500,0.5500,1.0760e+28,4.2830e+28,1.9000e+27,1.1650e+28,9.1651e+31,1.6837e+31,203
93,5,0.5500,1.0100,3.4000e+27,7.4210e+28,2.2800e+27,5.5030e+28,1.8101e+31,1.0430e+31,203
94,0,0.0000,0.0500,3.2100e+27,5.0000e+25,1.7100e+27,0.0000e+00,3.9515e+32,2.8076e+32,204
94,1,0.0500,0.1000,7.3500e+27,5.0700e+27,1.6600e+27,8.0000e+25,3.4880e+32,7.8404e+31,204
94,2,0.1000,0.2000,1.9640e+28,3.6110e+28,3.2400e+27,1.2000e+27,4.7911e+32,8.2661e+31,204
94,3,0.2000,0.3500,2.7070e+28,6.9270e+28,2.3800e+27,4.9100e+27,3.6014e+32,3.1342e+31,204
94,4,0.3500,0.5500,1.0880e+28,4.2660e+28,1.7000e+27,1.1300e+28,9.0443e+31,1.5819e+31,204
94,5,0.5500,1.0100,3.7300e+27,7.2630e+28,2.3900e+27,5.7610e+28,1.9163e+31,1.0667e+31,204
95,0,0.0000,0.0500,3.0300e+27,3.0000e+25,1.5800e+27,0.0000e+00,3.7187e+32,2.8593e+32,206
95,1,0.0500,0.1000,7.1800e+27,5.3200e+27,1.6600e+27,8.0000e+25,3.5062e+32,8.0993e+31,206
95,2,0.1000,0.2000,2.0420e+28,3.6150e+28,3.1900e+27,1.0000e+27,4.9666e+32,8.0702e+31,206
95,3,0.2000,0.3500,2.8140e+28,7.4010e+28,2.3600e+27,4.8000e+27,3.7008e+32,3.1582e+31,206
95,4,0.3500,0.5500,1.1410e+28,4.2730e+28,1.9800e+27,1.2170e+28,9.5555e+31,1.5253e+31,206
95,5,0.5500,1.0100,3.6900e+27,8.1570e+28,2.1600e+27,5.6380e+28,2.0375e+31,1.0798e+31,206
96,0,0.0000,0.0500,2.9000e+27,5.0000e+25,1.5200e+27,0.0000e+00,5.1263e+32,2.1332e+32,208
96,1,0.0500,0.1000,6.9700e+27,7.3800e+27,1.7200e+27,1.0000e+26,3.5210e+32,8.5155e+31,208
96,2,0.1000,0.2000,2.1420e+28,3.6860e+28,3.1200e+27,9.5000e+26,5.0955e+32,7.8758e+31,208
96,3,0.2000,0.3500,2.6780e+28,7.3640e+28,2.4900e+27,4.0500e+27,3.7014e+32,3.3206e+31,208
96,4,0.3500,0.5500,1.1890e+28,4.1380e+28,2.0200e+27,1.0510e+28,9.6956e+31,1.5943e+31,208
96,5,0.5500,1.0100,3.8400e+27,7.4900e+28,2.2800e+27,5.5100e+28,2.0306e+31,1.1556e+31,208
97,0,0.0000,0.0500,2.9000e+27,2.0000e+25,1.6400e+27,0.0000e+00,5.2638e+32,2.1075e+32,209
97,1,0.0500,0.1000,7.3400e+27,8.6600e+27,1.6100e+27,3.0000e+25,3.4433e+32,8.1909e+31,209
97,2,0.1000,0.2000,2.1730e+28,3.5720e+28,2.7300e+27,9.7000e+26,5.2254e+32,7.6698e+31,209
97,3,0.2000,0.3500,2.7110e+28,7.0140e+28,2.6700e+27,4.4200e+27,3.6440e+32,3.2996e+31,209
97,4,0.3500,0.5500,1.1980e+28,5.0200e+28,2.0300e+27,1.2090e+28,1.0913e+32,1.6061e+31,209
97,5,0.5500,1.0100,3.9700e+27,7.3810e+28,2.1500e+27,6.3540e+28,2.1187e+31,1.1678e+31,209
98,0,0.0000,0.0500,3.0700e+27,4.0000e+25,1.4100e+27,0.0000e+00,5.2558e+32,2.1545e+32,210
98,1,0.0500,0.1000,6.6800e+27,5.9900e+27,1.4900e+27,5.0000e+25,2.9489e+32,8.0097e+31,210
98,2,0.1000,0.2000,2.2390e+28,3.9290e+28,2.8700e+27,8.2000e+26,5.6456e+32,7.6601e+31,210
98,3,0.2000,0.3500,2.5720e+28,6.6050e+28,2.5900e+27,4.0300e+27,3.5936e+32,3.2550e+31,210
98,4,0.3500,0.5500,1.5030e+28,5.6530e+28,1.8400e+27,1.1850e+28,1.2751e+32,1.6437e+31,210
98,5,0.5500,1.0100,4.1900e+27,6.9220e+28,2.4100e+27,6.0090e+28,2.1543e+31,1.1761e+31,210
99,0,0.0000,0.0500,3.2700e+27,1.0000e+25,1.4400e+27,0.0000e+00,5.2296e+32,2.2542e+32,212
99,1,0.0500,0.1000,5.8400e+27,5.6500e+27,1.4600e+27,7.0000e+25,2.8336e+32,7.4536e+31,212
99,2,0.1000,0.2000,2.2420e+28,3.7270e+28,3.1100e+27,9.5000e+26,5.5928e+32,7.6461e+31,212
99,3,0.2000,0.3500,2.8080e+28,6.2770e+28,2.2800e+27,3.9600e+27,3.7791e+32,3.2674e+31,212
99,4,0.3500,0.5500,1.5980e+28,6.0340e+28,2.1000e+27,1.1540e+28,1.4176e+32,1.7056e+31,212
99,5,0.5500,1.0100,4.0700e+27,6.9780e+28,2.2600e+27,5.7960e+28,2.2264e+31,1.1638e+31,212
100,0,0.0000,0.0500,3.8300e+27,3.0000e+25,1.9500e+27,0.0000e+00,5.3007e+32,2.3983e+32,214
100,1,0.0500,0.1000,5.7000e+27,4.6300e+27,1.3200e+27,4.0000e+25,2.6862e+32,6.4016e+31,214
100,2,0.1000,0.2000,2.0410e+28,3.1630e+28,2.8000e+27,8.9000e+26,5.1687e+32,7.6954e+31,214
100,3,0.2000,0.3500,2.9640e+28,7.2300e+28,2.4800e+27,3.6800e+27,4.3767e+32,3.2900e+31,214
100,4,0.3500,0.5500,1.6580e+28,6.3690e+28,1.8500e+27,1.1280e+28,1.4572e+32,1.7098e+31,214
100,5,0.5500,1.0100,4.0300e+27,7.1000e+28,2.1900e+27,5.6390e+28,2.2565e+31,1.1612e+31,214
101,0,0.0000,0.0500,3.9300e+27,4.0000e+25,1.7600e+27,1.0000e+25,5.0311e+32,2.5273e+32,215
101,1,0.0500,0.1000,5.4300e+27,4.0500e+27,1.3500e+27,5.0000e+25,2.6167e+32,5.8564e+31,215
101,2,0.1000,0.2000,2.0270e+28,2.9640e+28,2.6200e+27,6.6000e+26,5.2623e+32,7.3021e+31,215
101,3,0.2000,0.3500,3.2250e+28,7.7750e+28,2.2300e+27,3.4900e+27,4.6286e+32,3.1558e+31,215
101,4,0.3500,0.5500,1.6700e+28,6.6560e+28,2.2400e+27,1.0860e+28,1.5043e+32,1.7260e+31,215
101,5,0.5500,1.0100,4.1500e+27,6.6930e+28,2.3400e+27,4.9140e+28,2.2496e+31,1.1888e+31,215
102,0,0.0000,0.0500,3.4600e+27,5.0000e+25,1.7300e+27,0.0000e+00,4.5439e+32,2.5515e+32,216
102,1,0.0500,0.1000,5.6000e+27,3.4500e+27,1.4600e+27,4.0000e+25,3.0072e+32,6.0173e+31,216
102,2,0.1000,0.2000,2.0630e+28,2.8600e+28,2.7800e+27,9.4000e+26,5.2662e+32,7.4126e+31,216
102,3,0.2000,0.3500,3.2760e+28,8.1140e+28,2.0400e+27,3.5400e+27,4.7231e+32,2.8883e+31,216
102,4,0.3500,0.5500,1.7550e+28,6.7620e+28,1.7300e+27,1.0380e+28,1.5387e+32,1.7216e+31,216
102,5,0.5500,1.0100,4.2400e+27,6.8820e+28,2.5200e+27,5.3020e+28,2.3419e+31,1.2127e+31,216
103,0,0.0000,0.0500,3.1500e+27,3.0000e+25,1.5800e+27,0.0000e+00,4.2208e+32,2.6023e+32,219
103,1,0.0500,0.1000,6.7000e+27,3.5300e+27,1.2400e+27,2.0000e+25,3.3124e+32,6.2285e+31,219
103,2,0.1000,0.2000,2.0540e+28,3.2400e+28,2.9900e+27,7.6000e+26,5.3586e+32,7.5954e+31,219
103,3,0.2000,0.3500,3.2860e+28,8.3980e+28,1.7600e+27,3.3900e+27,4.7672e+32,2.6865e+31,219
103,4,0.3500,0.5500,1.7840e+28,6.9130e+28,1.8600e+27,1.0910e+28,1.5978e+32,1.6962e+31,219
103,5,0.5500,1.0100,4.9400e+27,7.7480e+28,2.3400e+27,5.1420e+28,2.7746e+31,1.2287e+31,219
104,0,0.0000,0.0500,2.9000e+27,2.0000e+25,1.4800e+27,0.0000e+00,4.0695e+32,2.6324e+32,220
104,1,0.0500,0.1000,6.7000e+27,3.6300e+27,1.2900e+27,6.0000e+25,3.4157e+32,6.6882e+31,220
104,2,0.1000,0.2000,2.0590e+28,3.3220e+28,2.3500e+27,7.9000e+26,5.2772e+32,7.1261e+31,220
104,3,0.2000,0.3500,3.4390e+28,9.2440e+28,2.0700e+27,3.5200e+27,4.9299e+32,2.7830e+31,220
104,4,0.3500,0.5500,1.8000e+28,6.8850e+28,1.8300e+27,9.7100e+27,1.5820e+32,1.5792e+31,220
104,5,0.5500,1.0100,5.5700e+27,8.1670e+28,2.3900e+27,5.2930e+28,3.0270e+31,1.2502e+31,220
105,0,0.0000,0.0500,2.6500e+27,1.0000e+25,1.3700e+27,0.0000e+00,4.2403e+32,2.4503e+32,221
105,1,0.0500,0.1000,7.0000e+27,4.2200e+27,1.2900e+27,7.0000e+25,3.4637e+32,6.8992e+31,221
105,2,0.1000,0.2000,2.0650e+28,3.3840e+28,2.8700e+27,7.6000e+26,5.3383e+32,6.9301e+31,221
105,3,0.2000,0.3500,3.5510e+28,9.5920e+28,1.9100e+27,3.5900e+27,5.0278e+32,2.8651e+31,221
105,4,0.3500,0.5500,1.8250e+28,7.0660e+28,1.8800e+27,9.7600e+27,1.6500e+32,1.5572e+31,221
105,5,0.5500,1.0100,5.1500e+27,7.1990e+28,2.4700e+27,4.9120e+28,3.1350e+31,1.2901e+31,221
106,0,0.0000,0.0500,2.6700e+27,0.0000e+00,1.5400e+27,1.0000e+25,5.2065e+32,2.0258e+32,224
106,1,0.0500,0.1000,6.7200e+27,5.4700e+27,1.2000e+27,8.0000e+25,3.3720e+32,7.0396e+31,224
106,2,0.1000,0.2000,2.2480e+28,3.7350e+28,2.4900e+27,4.4000e+26,5.6261e+32,6.8574e+31,224
106,3,0.2000,0.3500,3.5370e+28,9.8820e+28,1.9800e+27,3.9100e+27,4.9270e+32,2.9908e+31,224
106,4,0.3500,0.5500,1.9220e+28,7.1690e+28,1.6800e+27,9.0900e+27,1.7598e+32,1.6372e+31,224
106,5,0.5500,1.0100,5.8000e+27,7.4160e+28,2.3500e+27,5.0310e+28,3.2641e+31,1.3686e+31,224
107,0,0.0000,0.0500,3.2100e+27,2.0000e+25,1.3700e+27,0.0000e+00,5.1631e+32,2.0752e+32,224
107,1,0.0500,0.1000,5.7500e+27,4.0700e+27,1.3000e+27,2.0000e+25,2.9456e+32,6.8192e+31,224
107,2,0.1000,0.2000,2.2360e+28,3.9720e+28,2.3200e+27,6.6000e+26,5.8373e+32,6.7046e+31,224
107,3,0.2000,0.3500,3.3770e+28,9.3280e+28,2.0300e+27,3.4900e+27,4.8094e+32,2.9395e+31,224
107,4,0.3500,0.5500,2.2800e+28,8.7090e+28,1.9900e+27,9.8000e+27,2.0855e+32,1.6627e+31,224
107,5,0.5500,1.0100,5.8400e+27,7.4620e+28,2.8900e+27,4.8840e+28,3.3618e+31,1.3452e+31,224
108,0,0.0000,0.0500,3.3200e+27,0.0000e+00,1.6700e+27,0.0000e+00,5.1536e+32,2.1681e+32,227
108,1,0.0500,0.1000,5.4700e+27,3.3800e+27,1.1600e+27,2.0000e+25,2.8416e+32,6.3738e+31,227
108,2,0.1000,0.2000,2.1760e+28,3.8210e+28,2.4100e+27,7.3000e+26,5.7838e+32,6.7553e+31,227
108,3,0.2000,0.3500,3.3010e+28,9.0800e+28,2.0700e+27,2.9800e+27,4.9313e+32,2.9626e+31,227
108,4,0.3500,0.5500,2.5520e+28,9.8500e+28,1.9600e+27,9.2700e+27,2.3580e+32,1.7341e+31,227
108,5,0.5500,1.0100,6.1400e+27,7.2700e+28,2.3900e+27,4.7340e+28,3.5152e+31,1.3275e+31,227
109,0,0.0000,0.0500,3.5800e+27,0.0000e+00,1.4300e+27,0.0000e+00,5.1554e+32,2.2885e+32,228
109,1,0.0500,0.1000,5.6400e+27,3.2500e+27,1.1000e+27,1.0000e+25,2.7009e+32,5.4736e+31,228
109,2,0.1000,0.2000,1.9150e+28,3.1500e+28,2.1700e+27,4.8000e+26,5.2832e+32,6.6967e+31,228
109,3,0.2000,0.3500,3.6400e+28,9.3790e+28,2.0300e+27,2.8200e+27,5.5356e+32,2.9514e+31,228
109,4,0.3500,0.5500,2.6480e+28,1.0243e+29,1.8300e+27,9.4700e+27,2.4342e+32,1.7416e+31,228
109,5,0.5500,1.0100,6.2500e+27,7.6800e+28,2.4600e+27,4.9240e+28,3.5530e+31,1.3226e+31,228
110,0,0.0000,0.0500,3.3500e+27,1.0000e+25,1.6200e+27,0.0000e+00,4.7493e+32,2.3949e+32,230
110,1,0.0500,0.1000,5.2700e+27,2.5600e+27,1.1900e+27,3.0000e+25,2.7879e+32,5.1577e+31,230
110,2,0.1000,0.2000,2.0360e+28,2.9270e+28,1.9800e+27,5.6000e+26,5.4417e+32,6.4686e+31,230
110,3,0.2000,0.3500,3.8580e+28,9.6420e+28,1.8100e+27,2.6400e+27,5.7929e+32,2.8051e+31,230
110,4,0.3500,0.5500,2.6360e+28,1.0697e+29,1.7400e+27,8.3100e+27,2.4784e+32,1.7395e+31,230
110,5,0.5500,1.0100,6.5100e+27,8.0440e+28,2.6300e+27,4.7250e+28,3.5615e+31,1.3586e+31,230
111,0,0.0000,0.0500,2.9500e+27,1.0000e+25,1.2900e+27,0.0000e+00,4.3091e+32,2.4091e+32,231
111,1,0.0500,0.1000,5.8100e+27,2.9500e+27,8.6000e+26,4.0000e+25,3.1795e+32,5.3501e+31,231
111,2,0.1000,0.2000,1.9990e+28,2.9380e+28,2.4000e+27,6.7000e+26,5.4431e+32,6.6911e+31,231
111,3,0.2000,0.3500,3.7310e+28,9.6610e+28,1.6300e+27,2.4200e+27,5.6911e+32,2.4775e+31,231
111,4,0.3500,0.5500,2.8640e+28,1.1262e+29,2.1200e+27,8.5900e+27,2.6109e+32,1.7442e+31,231
111,5,0.5500,1.0100,7.4300e+27,8.2340e+28,2.5400e+27,4.9860e+28,4.1928e+31,1.3779e+31,231
112,0,0.0000,0.0500,2.6900e+27,2.0000e+25,1.3100e+27,0.0000e+00,4.1398e+32,2.4528e+32,233
112,1,0.0500,0.1000,5.9500e+27,2.8500e+27,1.0800e+27,5.0000e+25,3.3380e+32,5.5981e+31,233
112,2,0.1000,0.2000,2.0000e+28,2.9370e+28,2.0900e+27,5.1000e+26,5.3726e+32,6.4552e+31,233
112,3,0.2000,0.3500,3.9470e+28,9.9680e+28,1.7400e+27,2.9800e+27,5.8995e+32,2.5600e+31,233
112,4,0.3500,0.5500,2.8200e+28,1.1083e+29,1.5600e+27,8.0400e+27,2.5521e+32,1.6254e+31,233
112,5,0.5500,1.0100,8.2300e+27,9.1800e+28,2.6000e+27,4.4130e+28,4.8624e+31,1.3974e+31,233
113,0,0.0000,0.0500,2.6900e+27,1.0000e+25,1.4100e+27,0.0000e+00,4.2702e+32,2.3305e+32,235
113,1,0.0500,0.1000,6.0300e+27,2.9100e+27,9.3000e+26,6.0000e+25,3.3104e+32,5.9348e+31,235
113,2,0.1000,0.2000,2.0530e+28,3.0740e+28,2.2400e+27,5.6000e+26,5.5054e+32,6.2759e+31,235
113,3,0.2000,0.3500,4.0610e+28,1.0672e+29,1.8800e+27,3.0800e+27,5.9718e+32,2.6636e+31,235
113,4,0.3500,0.5500,2.8650e+28,1.1089e+29,1.6900e+27,7.7900e+27,2.6717e+32,1.5932e+31,235
113,5,0.5500,1.0100,8.7300e+27,9.6200e+28,2.6300e+27,4.8250e+28,5.1762e+31,1.4573e+31,235
114,0,0.0000,0.0500,2.4900e+27,1.0000e+25,1.3600e+27,0.0000e+00,5.0845e+32,1.9864e+32,237
114,1,0.0500,0.1000,5.9500e+27,3.2200e+27,9.4000e+26,3.0000e+25,3.1735e+32,6.0415e+31,237
114,2,0.1000,0.2000,2.0960e+28,3.5110e+28,1.9800e+27,6.3000e+26,5.7288e+32,6.1924e+31,237
114,3,0.2000,0.3500,4.0360e+28,1.0502e+29,1.8300e+27,2.7500e+27,5.8434e+32,2.7927e+31,237
114,4,0.3500,0.5500,2.9890e+28,1.1721e+29,1.9500e+27,8.6300e+27,2.8343e+32,1.6893e+31,237
114,5,0.5500,1.0100,8.5500e+27,8.9000e+28,2.6800e+27,5.1550e+28,5.4898e+31,1.5537e+31,237
115,0,0.0000,0.0500,3.0900e+27,2.0000e+25,1.2800e+27,0.0000e+00,5.0467e+32,2.0340e+32,238
115,1,0.0500,0.1000,5.1900e+27,2.8900e+27,1.0300e+27,3.0000e+25,2.8557e+32,5.8575e+31,238
115,2,0.1000,0.2000,2.1360e+28,3.7440e+28,1.8900e+27,6.0000e+26,5.9092e+32,6.1521e+31,238
115,3,0.2000,0.3500,3.6280e+28,9.9400e+28,1.9200e+27,2.8800e+27,5.5658e+32,2.7553e+31,238
115,4,0.3500,0.5500,3.3390e+28,1.2919e+29,1.8200e+27,7.5900e+27,3.3204e+32,1.7412e+31,238
115,5,0.5500,1.0100,9.2800e+27,9.0810e+28,2.6700e+27,4.9410e+28,5.6596e+31,1.5505e+31,238
116,0,0.0000,0.0500,3.2500e+27,0.0000e+00,1.2800e+27,0.0000e+00,5.0553e+32,2.1320e+32,240
116,1,0.0500,0.1000,5.1100e+27,2.8200e+27,1.0200e+27,3.0000e+25,2.7636e+32,5.2004e+31,240
116,2,0.1000,0.2000,2.0000e+28,3.3830e+28,2.0500e+27,6.7000e+26,5.4404e+32,6.1721e+31,240
116,3,0.2000,0.3500,3.7300e+28,1.0300e+29,1.6900e+27,2.5900e+27,5.9702e+32,2.7953e+31,240
116,4,0.3500,0.5500,3.6630e+28,1.3903e+29,1.7900e+27,8.9700e+27,3.5766e+32,1.7998e+31,240
116,5,0.5500,1.0100,9.6600e+27,9.1830e+28,2.7100e+27,4.5200e+28,5.9888e+31,1.5065e+31,240
117,0,0.0000,0.0500,3.2700e+27,0.0000e+00,1.6100e+27,1.0000e+25,4.8356e+32,2.2422e+32,241
117,1,0.0500,0.1000,5.1500e+27,2.2000e+27,7.3000e+26,1.0000e+25,2.6879e+32,4.5257e+31,241
117,2,0.1000,0.2000,1.9050e+28,2.9940e+28,1.9800e+27,4.6000e+26,5.3045e+32,6.0429e+31,241
117,3,0.2000,0.3500,4.1020e+28,1.0836e+29,1.7800e+27,2.1800e+27,6.3351e+32,2.7103e+31,241
117,4,0.3500,0.5500,3.7310e+28,1.5169e+29,1.9900e+27,8.4200e+27,3.6965e+32,1.8187e+31,241
117,5,0.5500,1.0100,8.9400e+27,9.2530e+28,2.4400e+27,4.6180e+28,5.8877e+31,1.5277e+31,241
118,0,0.0000,0.0500,2.9400e+27,0.0000e+00,1.1700e+27,0.0000e+00,4.3813e+32,2.2858e+32,243
118,1,0.0500,0.1000,5.0500e+27,2.2000e+27,8.5000e+26,1.0000e+25,3.0226e+32,4.5470e+31,243
118,2,0.1000,0.2000,1.8630e+28,2.9410e+28,1.9000e+27,4.1000e+26,5.4023e+32,6.2204e+31,243
118,3,0.2000,0.3500,3.9960e+28,1.0764e+29,1.4500e+27,2.0200e+27,6.3506e+32,2.4416e+31,243
118,4,0.3500,0.5500,3.8580e+28,1.5361e+29,1.9200e+27,7.4800e+27,3.7839e+32,1.8316e+31,243
118,5,0.5500,1.0100,9.8200e+27,9.5100e+28,2.7300e+27,4.1970e+28,6.4799e+31,1.5584e+31,243
119,0,0.0000,0.0500,2.9800e+27,2.0000e+25,1.2000e+27,0.0000e+00,4.1625e+32,2.3233e+32,245
119,1,0.0500,0.1000,5.9900e+27,2.2800e+27,8.4000e+26,1.0000e+25,3.2518e+32,4.7336e+31,245
119,2,0.1000,0.2000,1.8760e+28,2.6210e+28,2.2800e+27,3.9000e+26,5.3311e+32,6.1539e+31,245
119,3,0.2000,0.3500,4.2940e+28,1.1066e+29,1.3400e+27,1.9900e+27,6.4447e+32,2.4315e+31,245
119,4,0.3500,0.5500,3.8130e+28,1.5097e+29,1.7000e+27,7.9800e+27,3.7285e+32,1.7305e+31,245
119,5,0.5500,1.0100,1.2600e+28,1.1417e+29,2.9900e+27,4.3490e+28,8.0752e+31,1.5739e+31,245
120,0,0.0000,0.0500,2.8100e+27,1.0000e+25,1.1200e+27,0.0000e+00,4.2559e+32,2.2317e+32,247
120,1,0.0500,0.1000,5.6000e+27,1.8300e+27,1.1100e+27,3.0000e+25,3.1885e+32,5.1211e+31,247
120,2,0.1000,0.2000,1.9150e+28,2.6910e+28,1.9500e+27,3.9000e+26,5.4940e+32,5.9685e+31,247
120,3,0.2000,0.3500,4.1760e+28,1.1044e+29,1.5200e+27,2.3200e+27,6.4840e+32,2.5586e+31,247
120,4,0.3500,0.5500,3.8860e+28,1.5302e+29,1.7000e+27,8.6200e+27,3.8275e+32,1.6815e+31,247
120,5,0.5500,1.0100,1.3260e+28,1.1135e+29,2.6600e+27,4.4310e+28,8.7169e+31,1.6327e+31,247
121,0,0.0000,0.0500,2.6300e+27,0.0000e+00,1.2900e+27,1.0000e+25,4.9582e+32,1.9492e+32,249
121,1,0.0500,0.1000,5.2900e+27,2.6100e+27,6.5000e+26,2.0000e+25,3.0210e+32,5.2685e+31,249
121,2,0.1000,0.2000,1.9670e+28,3.0140e+28,1.6800e+27,4.4000e+26,5.6991e+32,5.9389e+31,249
121,3,0.2000,0.3500,3.9610e+28,1.0811e+29,1.5700e+27,2.4300e+27,6.3218e+32,2.7140e+31,249
121,4,0.3500,0.5500,4.0340e+28,1.5734e+29,1.7300e+27,7.9100e+27,4.0252e+32,1.7993e+31,249
121,5,0.5500,1.0100,1.4050e+28,1.1940e+29,2.9300e+27,4.7190e+28,9.3392e+31,1.7505e+31,249
122,0,0.0000,0.0500,2.6200e+27,1.0000e+25,1.2400e+27,0.0000e+00,4.9185e+32,1.9939e+32,250
122,1,0.0500,0.1000,4.9300e+27,1.9700e+27,8.0000e+26,0.0000e+00,2.7787e+32,5.0756e+31,250
122,2,0.1000,0.2000,1.9690e+28,3.2930e+28,1.8100e+27,5.4000e+26,5.7516e+32,5.9160e+31,250
122,3,0.2000,0.3500,3.7180e+28,9.8810e+28,1.4200e+27,2.4500e+27,5.9550e+32,2.6814e+31,250
122,4,0.3500,0.5500,4.6020e+28,1.7842e+29,1.8400e+27,8.7100e+27,4.6275e+32,1.8710e+31,250
122,5,0.5500,1.0100,1.4160e+28,1.2579e+29,2.9100e+27,4.6260e+28,9.6841e+31,1.7293e+31,250
123,0,0.0000,0.0500,3.3800e+27,1.0000e+25,1.2400e+27,0.0000e+00,4.9223e+32,2.0837e+32,251
123,1,0.0500,0.1000,4.8000e+27,2.2000e+27,7.2000e+26,1.0000e+25,2.6741e+32,4.3845e+31,251
123,2,0.1000,0.2000,1.6690e+28,2.9310e+28,1.8800e+27,3.8000e+26,5.1614e+32,5.9137e+31,251
123,3,0.2000,0.3500,3.8870e+28,1.0566e+29,1.5700e+27,2.2400e+27,6.4672e+32,2.7202e+31,251
123,4,0.3500,0.5500,4.7490e+28,1.8646e+29,2.1000e+27,8.6800e+27,4.8140e+32,1.9229e+31,251
123,5,0.5500,1.0100,1.4990e+28,1.2500e+29,2.8100e+27,4.6400e+28,1.0027e+32,1.6987e+31,251
124,0,0.0000,0.0500,2.8900e+27,0.0000e+00,1.4300e+27,0.0000e+00,4.5582e+32,2.1936e+32,254
124,1,0.0500,0.1000,4.4100e+27,1.5100e+27,6.2000e+26,3.0000e+25,2.7342e+32,3.9193e+31,254
124,2,0.1000,0.2000,1.7630e+28,2.6640e+28,1.8700e+27,5.7000e+26,5.3169e+32,5.8961e+31,254
124,3,0.2000,0.3500,4.0870e+28,1.1082e+29,1.4000e+27,2.1400e+27,6.7557e+32,2.5745e+31,254
124,4,0.3500,0.5500,4.9400e+28,1.9843e+29,1.9100e+27,8.2300e+27,4.9202e+32,1.9534e+31,254
124,5,0.5500,1.0100,1.4800e+28,1.2603e+29,3.0000e+27,4.3400e+28,9.9703e+31,1.7550e+31,254
125,0,0.0000,0.0500,2.7700e+27,2.0000e+25,1.2600e+27,0.0000e+00,4.2015e+32,2.2097e+32,255
125,1,0.0500,0.1000,5.2000e+27,1.7600e+27,6.5000e+26,4.0000e+25,3.0589e+32,4.0499e+31,255
125,2,0.1000,0.2000,1.7760e+28,2.5940e+28,1.8400e+27,6.5000e+26,5.3261e+32,6.0818e+31,255
125,3,0.2000,0.3500,4.1380e+28,1.0823e+29,1.4400e+27,1.9300e+27,6.5593e+32,2.3636e+31,255
125,4,0.3500,0.5500,4.7460e+28,1.9354e+29,2.1800e+27,6.9600e+27,4.9226e+32,1.9100e+31,255
125,5,0.5500,1.0100,1.7510e+28,1.4133e+29,2.7800e+27,3.7300e+28,1.2499e+32,1.7592e+31,255
126,0,0.0000,0.0500,2.4600e+27,0.0000e+00,1.0000e+27,0.0000e+00,4.0498e+32,2.2415e+32,257
126,1,0.0500,0.1000,5.3500e+27,1.8700e+27,8.1000e+26,2.0000e+25,3.1061e+32,4.3564e+31,257
126,2,0.1000,0.2000,1.8300e+28,2.5160e+28,1.8800e+27,5.8000e+26,5.3131e+32,5.8525e+31,257
126,3,0.2000,0.3500,4.1280e+28,1.1120e+29,1.5000e+27,2.0100e+27,6.7055e+32,2.4882e+31,257
126,4,0.3500,0.5500,4.8510e+28,1.9119e+29,1.6700e+27,7.2800e+27,4.8569e+32,1.7835e+31,257
126,5,0.5500,1.0100,2.0870e+28,1.5992e+29,2.7800e+27,3.9600e+28,1.4240e+32,1.7780e+31,257
127,0,0.0000,0.0500,2.5300e+27,0.0000e+00,1.1800e+27,0.0000e+00,4.8418e+32,1.9200e+32,259
127,1,0.0500,0.1000,4.8900e+27,1.6800e+27,6.6000e+26,2.0000e+25,2.9280e+32,4.7194e+31,259
127,2,0.1000,0.2000,1.8410e+28,2.6520e+28,1.9100e+27,4.0000e+26,5.5855e+32,5.9078e+31,259
127,3,0.2000,0.3500,4.1660e+28,1.0953e+29,1.5700e+27,2.2500e+27,6.4992e+32,2.7461e+31,259
127,4,0.3500,0.5500,4.9310e+28,1.9650e+29,1.6600e+27,7.8700e+27,5.0356e+32,1.9165e+31,259
127,5,0.5500,1.0100,2.1690e+28,1.6228e+29,3.5400e+27,4.7550e+28,1.5021e+32,1.9677e+31,259
128,0,0.0000,0.0500,2.6400e+27,0.0000e+00,1.0900e+27,0.0000e+00,4.8360e+32,1.9490e+32,260
128,1,0.0500,0.1000,4.9100e+27,1.6200e+27,6.0000e+26,2.0000e+25,2.6941e+32,4.5700e+31,260
128,2,0.1000,0.2000,1.8680e+28,2.7810e+28,1.7900e+27,3.8000e+26,5.6392e+32,5.9073e+31,260
128,3,0.2000,0.3500,3.6810e+28,9.6900e+28,1.5700e+27,2.1300e+27,6.1186e+32,2.7368e+31,260
128,4,0.3500,0.5500,5.5390e+28,2.1388e+29,2.0800e+27,8.1600e+27,5.5908e+32,1.9995e+31,260
128,5,0.5500,1.0100,2.2730e+28,1.7658e+29,3.2700e+27,4.5450e+28,1.5847e+32,1.9489e+31,260
129,0,0.0000,0.0500,2.9800e+27,1.0000e+25,1.3200e+27,0.0000e+00,4.8525e+32,2.0362e+32,262
129,1,0.0500,0.1000,4.3700e+27,1.5700e+27,5.9000e+26,0.0000e+00,2.6169e+32,3.9862e+31,262
129,2,0.1000,0.2000,1.7210e+28,2.5440e+28,1.8500e+27,5.3000e+26,5.0840e+32,5.9463e+31,262
129,3,0.2000,0.3500,3.9110e+28,1.0323e+29,1.5800e+27,2.5400e+27,6.5530e+32,2.7930e+31,262
129,4,0.3500,0.5500,5.6950e+28,2.2428e+29,2.1900e+27,8.5400e+27,5.8541e+32,2.0806e+31,262
129,5,0.5500,1.0100,2.4010e+28,1.7728e+29,3.1500e+27,4.5120e+28,1.6524e+32,1.9088e+31,262
130,0,0.0000,0.0500,2.9700e+27,0.0000e+00,1.3800e+27,0.0000e+00,4.4716e+32,2.1242e+32,263
130,1,0.0500,0.1000,4.5700e+27,1.1900e+27,4.3000e+26,4.0000e+25,2.6658e+32,3.5201e+31,263
130,2,0.1000,0.2000,1.6470e+28,2.3940e+28,1.7300e+27,3.7000e+26,5.1658e+32,5.9207e+31,263
130,3,0.2000,0.3500,4.1130e+28,1.0953e+29,1.9200e+27,2.2200e+27,6.7867e+32,2.6373e+31,263
130,4,0.3500,0.5500,5.8910e+28,2.3294e+29,2.0700e+27,6.8300e+27,5.9245e+32,2.0800e+31,263
130,5,0.5500,1.0100,2.2930e+28,1.8104e+29,3.3700e+27,4.7150e+28,1.6375e+32,1.9585e+31,263
131,0,0.0000,0.0500,2.6900e+27,1.0000e+25,1.2500e+27,0.0000e+00,4.1754e+32,2.1478e+32,265
131,1,0.0500,0.1000,4.6200e+27,1.3700e+27,5.0000e+26,3.0000e+25,2.9659e+32,3.6782e+31,265
131,2,0.1000,0.2000,1.5940e+28,2.4060e+28,1.6200e+27,4.9000e+26,5.1812e+32,6.0965e+31,265
131,3,0.2000,0.3500,4.0410e+28,1.0758e+29,1.2500e+27,1.9600e+27,6.6659e+32,2.5038e+31,265
131,4,0.3500,0.5500,5.4500e+28,2.2210e+29,1.9200e+27,7.5700e+27,5.7846e+32,2.0198e+31,265
131,5,0.5500,1.0100,2.8050e+28,2.0246e+29,3.1300e+27,4.1150e+28,2.0106e+32,1.9936e+31,265
132,0,0.0000,0.0500,2.4800e+27,0.0000e+00,1.2400e+27,0.0000e+00,4.1948e+32,2.1170e+32,267
132,1,0.0500,0.1000,4.5100e+27,1.3500e+27,7.2000e+26,1.0000e+25,2.9500e+32,4.0537e+31,267
132,2,0.1000,0.2000,1.7190e+28,2.2740e+28,1.7600e+27,3.3000e+26,5.2483e+32,5.9293e+31,267
132,3,0.2000,0.3500,3.9360e+28,1.0943e+29,1.4200e+27,2.1400e+27,6.6857e+32,2.6825e+31,267
132,4,0.3500,0.5500,5.3740e+28,2.1827e+29,1.7700e+27,7.8500e+27,5.7309e+32,1.9532e+31,267
132,5,0.5500,1.0100,3.1060e+28,2.2730e+29,3.2000e+27,4.1580e+28,2.2398e+32,2.0480e+31,267
133,0,0.0000,0.0500,2.5200e+27,0.0000e+00,1.0200e+27,0.0000e+00,4.8095e+32,1.9141e+32,269
133,1,0.0500,0.1000,4.3300e+27,1.2800e+27,5.1000e+26,1.0000e+25,2.7061e+32,4.2706e+31,269
133,2,0.1000,0.2000,1.7620e+28,2.4030e+28,1.8300e+27,3.4000e+26,5.4994e+32,6.0873e+31,269
133,3,0.2000,0.3500,3.9170e+28,1.0028e+29,1.5200e+27,2.4900e+27,6.4076e+32,2.9462e+31,269
133,4,0.3500,0.5500,5.8000e+28,2.2161e+29,1.8300e+27,9.3300e+27,5.9508e+32,2.1531e+31,269
133,5,0.5500,1.0100,3.3420e+28,2.3915e+29,3.8200e+27,4.6210e+28,2.3780e+32,2.2209e+31,269
134,0,0.0000,0.0500,2.7100e+27,0.0000e+00,1.1000e+27,0.0000e+00,4.7730e+32,1.9557e+32,270
134,1,0.0500,0.1000,4.2600e+27,1.1100e+27,6.6000e+26,2.0000e+25,2.5589e+32,4.0551e+31,270
134,2,0.1000,0.2000,1.6590e+28,2.4200e+28,1.7600e+27,4.5000e+26,5.3559e+32,6.1129e+31,270
134,3,0.2000,0.3500,3.5550e+28,9.1070e+28,1.5900e+27,3.0700e+27,6.1084e+32,2.9690e+31,270
134,4,0.3500,0.5500,6.1010e+28,2.4200e+29,2.2000e+27,9.1900e+27,6.5140e+32,2.2651e+31,270
134,5,0.5500,1.0100,3.5230e+28,2.4706e+29,3.5500e+27,4.4130e+28,2.4700e+32,2.1704e+31,270
135,0,0.0000,0.0500,2.9300e+27,0.0000e+00,1.0500e+27,0.0000e+00,4.6860e+32,2.0516e+32,272
135,1,0.0500,0.1000,3.9000e+27,1.1700e+27,5.2000e+26,4.0000e+25,2.5019e+32,3.4611e+31,272
135,2,0.1000,0.2000,1.5420e+28,2.0460e+28,1.7000e+27,4.1000e+26,4.9655e+32,6.1387e+31,272
135,3,0.2000,0.3500,3.7870e+28,9.7970e+28,1.6100e+27,2.5500e+27,6.6339e+32,2.9706e+31,272
135,4,0.3500,0.5500,6.3780e+28,2.4871e+29,2.1400e+27,8.5400e+27,6.6260e+32,2.3191e+31,272
135,5,0.5500,1.0100,3.4630e+28,2.5335e+29,3.3500e+27,4.4060e+28,2.4986e+32,2.1802e+31,272
136,0,0.0000,0.0500,2.2900e+27,0.0000e+00,1.1200e+27,0.0000e+00,4.2955e+32,2.0953e+32,273
136,1,0.0500,0.1000,4.5200e+27,1.0000e+27,4.5000e+26,1.0000e+25,2.7165e+32,3.3455e+31,273
136,2,0.1000,0.2000,1.5740e+28,1.9990e+28,1.9100e+27,4.6000e+26,5.0523e+32,6.3070e+31,273
136,3,0.2000,0.3500,3.8000e+28,1.0048e+29,1.7300e+27,2.4000e+27,6.6201e+32,2.7429e+31,273
136,4,0.3500,0.5500,6.2040e+28,2.4726e+29,2.2100e+27,7.5300e+27,6.5623e+32,2.3207e+31,273
136,5,0.5500,1.0100,3.8330e+28,2.7001e+29,3.4100e+27,4.4320e+28,2.6871e+32,2.2331e+31,273
137,0,0.0000,0.0500,2.3500e+27,0.0000e+00,1.1100e+27,0.0000e+00,4.1186e+32,2.1235e+32,275
137,1,0.0500,0.1000,4.5200e+27,1.1600e+27,7.2000e+26,0.0000e+00,2.8469e+32,3.5565e+31,275
137,2,0.1000,0.2000,1.5610e+28,1.8600e+28,1.7300e+27,3.4000e+26,5.0606e+32,6.2677e+31,275
137,3,0.2000,0.3500,3.8850e+28,1.0378e+29,1.7200e+27,2.5100e+27,6.6002e+32,2.8541e+31,275
137,4,0.3500,0.5500,5.9180e+28,2.3511e+29,1.9200e+27,7.8200e+27,6.2798e+32,2.1751e+31,275
137,5,0.5500,1.0100,4.3870e+28,3.0403e+29,3.4900e+27,4.6100e+28,3.1495e+32,2.2725e+31,275
138,0,0.0000,0.0500,2.4300e+27,0.0000e+00,1.0700e+27,1.0000e+25,4.6131e+32,1.9374e+32,276
138,1,0.0500,0.1000,4.1600e+27,1.1500e+27,6.6000e+26,0.0000e+00,2.6404e+32,3.9604e+31,276
138,2,0.1000,0.2000,1.7070e+28,2.1340e+28,1.6000e+27,5.3000e+26,5.3062e+32,6.4381e+31,276
138,3,0.2000,0.3500,3.7960e+28,1.0137e+29,1.8300e+27,2.6700e+27,6.3603e+32,3.2329e+31,276
138,4,0.3500,0.5500,5.8860e+28,2.3797e+29,2.2000e+27,8.5500e+27,6.3574e+32,2.3737e+31,276
138,5,0.5500,1.0100,4.4380e+28,3.1877e+29,4.1600e+27,5.3820e+28,3.2960e+32,2.5651e+31,276
139,0,0.0000,0.0500,2.6100e+27,0.0000e+00,1.1600e+27,0.0000e+00,4.7362e+32,1.9322e+32,278
139,1,0.0500,0.1000,3.8000e+27,1.1900e+27,7.2000e+26,1.0000e+25,2.4357e+32,3.9319e+31,278
139,2,0.1000,0.2000,1.5450e+28,2.0010e+28,2.0200e+27,5.3000e+26,5.3546e+32,6.5431e+31,278
139,3,0.2000,0.3500,3.4580e+28,8.5450e+28,1.8700e+27,2.5400e+27,5.9714e+32,3.3242e+31,278
139,4,0.3500,0.5500,6.1180e+28,2.4723e+29,2.3500e+27,9.0800e+27,6.8434e+32,2.5203e+31,278
139,5,0.5500,1.0100,4.6370e+28,3.3188e+29,3.7400e+27,4.9210e+28,3.4570e+32,2.6053e+31,278
140,0,0.0000,0.0500,2.6400e+27,0.0000e+00,1.1800e+27,0.0000e+00,4.6960e+32,2.0113e+32,280
140,1,0.0500,0.1000,4.1600e+27,1.0200e+27,4.4000e+26,0.0000e+00,2.3802e+32,3.4421e+31,280
140,2,0.1000,0.2000,1.4840e+28,1.6660e+28,1.7500e+27,2.5000e+26,4.8744e+32,6.6036e+31,280
140,3,0.2000,0.3500,3.5470e+28,8.9270e+28,1.7600e+27,2.4200e+27,6.4077e+32,3.3515e+31,280
140,4,0.3500,0.5500,6.6050e+28,2.5604e+29,2.4400e+27,1.0780e+28,7.0303e+32,2.6237e+31,280
140,5,0.5500,1.0100,4.8690e+28,3.4289e+29,3.9200e+27,5.0160e+28,3.5133e+32,2.5768e+31,280
141,0,0.0000,0.0500,2.3600e+27,0.0000e+00,9.8000e+26,0.0000e+00,4.3361e+32,2.0679e+32,281
141,1,0.0500,0.1000,3.9900e+27,7.8000e+26,6.1000e+26,1.0000e+25,2.5215e+32,3.2213e+31,281
141,2,0.1000,0.2000,1.5050e+28,1.8250e+28,1.8700e+27,3.6000e+26,4.9600e+32,6.7382e+31,281
141,3,0.2000,0.3500,3.7350e+28,9.3270e+28,2.0100e+27,2.6700e+27,6.4846e+32,3.1132e+31,281
141,4,0.3500,0.5500,6.4430e+28,2.6705e+29,2.5400e+27,9.1900e+27,6.9832e+32,2.6598e+31,281
141,5,0.5500,1.0100,5.0200e+28,3.6781e+29,3.8000e+27,4.4340e+28,3.6377e+32,2.6254e+31,281
142,0,0.0000,0.0500,2.6000e+27,0.0000e+00,1.0400e+27,0.0000e+00,4.1480e+32,2.0931e+32,283
142,1,0.0500,0.1000,4.4300e+27,8.7000e+26,4.8000e+26,1.0000e+25,2.6856e+32,3.4371e+31,283
142,2,0.1000,0.2000,1.4270e+28,1.8100e+28,1.7700e+27,5.4000e+26,4.9703e+32,6.7670e+31,283
142,3,0.2000,0.3500,3.6660e+28,9.2340e+28,1.5900e+27,2.6300e+27,6.4201e+32,3.1868e+31,283
142,4,0.3500,0.5500,5.8940e+28,2.4469e+29,2.5100e+27,8.4300e+27,6.6164e+32,2.5280e+31,283
142,5,0.5500,1.0100,5.4540e+28,3.9367e+29,4.3500e+27,5.1330e+28,4.1940e+32,2.6769e+31,283
143,0,0.0000,0.0500,2.4400e+27,0.0000e+00,9.6000e+26,0.0000e+00,4.5483e+32,1.9508e+32,284
143,1,0.0500,0.1000,3.8200e+27,9.6000e+26,6.3000e+26,1.0000e+25,2.4815e+32,3.8735e+31,284
143,2,0.1000,0.2000,1.5730e+28,1.7960e+28,2.0300e+27,4.8000e+26,5.2131e+32,6.9833e+31,284
143,3,0.2000,0.3500,3.5380e+28,9.0850e+28,2.1100e+27,2.8500e+27,6.1560e+32,3.6678e+31,284
143,4,0.3500,0.5500,5.9350e+28,2.4377e+29,2.7700e+27,1.1230e+28,6.6298e+32,2.7943e+31,284
143,5,0.5500,1.0100,5.9480e+28,4.1218e+29,4.6900e+27,5.7190e+28,4.3766e+32,3.0280e+31,284
144,0,0.0000,0.0500,2.4400e+27,1.0000e+25,8.4000e+26,0.0000e+00,4.6872e+32,1.9330e+32,285
144,1,0.0500,0.1000,3.8500e+27,8.2000e+26,5.3000e+26,1.0000e+25,2.2571e+32,3.8799e+31,285
144,2,0.1000,0.2000,1.5930e+28,1.8660e+28,1.6400e+27,4.0000e+26,5.2579e+32,7.1050e+31,285
144,3,0.2000,0.3500,3.2580e+28,7.7820e+28,2.2700e+27,2.9000e+27,5.7611e+32,3.8203e+31,285
144,4,0.3500,0.5500,6.3580e+28,2.5655e+29,2.7400e+27,1.1190e+28,7.0286e+32,3.0228e+31,285
144,5,0.5500,1.0100,6.1690e+28,4.2621e+29,4.7400e+27,5.9410e+28,4.5336e+32,3.1074e+31,285
145,0,0.0000,0.0500,2.6500e+27,1.0000e+25,1.1900e+27,0.0000e+00,4.6340e+32,2.0124e+32,287
145,1,0.0500,0.1000,3.8100e+27,9.1000e+26,6.7000e+26,0.0000e+00,2.2099e+32,3.4049e+31,287
145,2,0.1000,0.2000,1.3790e+28,1.4920e+28,2.0200e+27,4.6000e+26,4.8333e+32,7.1743e+31,287
145,3,0.2000,0.3500,3.3280e+28,8.0850e+28,1.9100e+27,2.6300e+27,6.1738e+32,3.8531e+31,287
145,4,0.3500,0.5500,6.3520e+28,2.6457e+29,3.0500e+27,1.0990e+28,7.1903e+32,3.1636e+31,287
145,5,0.5500,1.0100,6.2520e+28,4.5046e+29,4.5600e+27,5.7070e+28,4.5795e+32,3.1106e+31,287
146,0,0.0000,0.0500,2.4600e+27,0.0000e+00,1.2400e+27,0.0000e+00,4.2841e+32,2.0629e+32,288
146,1,0.0500,0.1000,3.6700e+27,6.8000e+26,7.3000e+26,0.0000e+00,2.3810e+32,3.2490e+31,288
146,2,0.1000,0.2000,1.4100e+28,1.6810e+28,1.9600e+27,3.9000e+26,4.8911e+32,7.3783e+31,288
146,3,0.2000,0.3500,3.4290e+28,8.2170e+28,1.7000e+27,3.0800e+27,6.2268e+32,3.5956e+31,288
146,4,0.3500,0.5500,6.2600e+28,2.6254e+29,2.8200e+27,1.0780e+28,7.0660e+32,3.1924e+31,288
146,5,0.5500,1.0100,6.4230e+28,4.7057e+29,4.9500e+27,6.1320e+28,4.7602e+32,3.2184e+31,288
147,0,0.0000,0.0500,2.1300e+27,0.0000e+00,1.0600e+27,0.0000e+00,4.1126e+32,2.0874e+32,290
147,1,0.0500,0.1000,3.8800e+27,5.9000e+26,6.5000e+26,1.0000e+25,2.5119e+32,3.5031e+31,290
147,2,0.1000,0.2000,1.4420e+28,1.6120e+28,1.9700e+27,4.2000e+26,4.9122e+32,7.3859e+31,290
147,3,0.2000,0.3500,3.3560e+28,8.5030e+28,1.7300e+27,3.0100e+27,6.1421e+32,3.7509e+31,290
147,4,0.3500,0.5500,6.0180e+28,2.4034e+29,2.5600e+27,1.0570e+28,6.7051e+32,3.0347e+31,290
147,5,0.5500,1.0100,7.1360e+28,5.1192e+29,5.2300e+27,6.2320e+28,5.3133e+32,3.3223e+31,290
148,0,0.0000,0.0500,2.3300e+27,1.0000e+25,1.2000e+27,0.0000e+00,4.6164e+32,1.9548e+32,291
148,1,0.0500,0.1000,3.3400e+27,7.3000e+26,6.3000e+26,1.0000e+25,2.1996e+32,4.0019e+31,291
148,2,0.1000,0.2000,1.5470e+28,1.6200e+28,2.2500e+27,3.6000e+26,5.1875e+32,7.8164e+31,291
148,3,0.2000,0.3500,3.2790e+28,8.0390e+28,2.5000e+27,3.4900e+27,5.8233e+32,4.4801e+31,291
148,4,0.3500,0.5500,5.9250e+28,2.4127e+29,2.8900e+27,1.1900e+28,6.7211e+32,3.5548e+31,291
148,5,0.5500,1.0100,7.3210e+28,5.2515e+29,6.0500e+27,7.8010e+28,5.4775e+32,3.9452e+31,291
149,0,0.0000,0.0500,2.4900e+27,1.0000e+25,1.0200e+27,0.0000e+00,4.6202e+32,1.9846e+32,292
149,1,0.0500,0.1000,3.3000e+27,6.1000e+26,6.3000e+26,1.0000e+25,2.0547e+32,3.8667e+31,292
149,2,0.1000,0.2000,1.4240e+28,1.4960e+28,2.0500e+27,6.6000e+26,5.0924e+32,7.8965e+31,292
149,3,0.2000,0.3500,2.9350e+28,7.0650e+28,2.6400e+27,3.5600e+27,5.5478e+32,4.5861e+31,292
149,4,0.3500,0.5500,6.2150e+28,2.5221e+29,3.6700e+27,1.2280e+28,7.1076e+32,3.7457e+31,292
149,5,0.5500,1.0100,7.5870e+28,5.3849e+29,6.1400e+27,7.0890e+28,5.5960e+32,3.9653e+31,292
150,0,0.0000,0.0500,2.4300e+27,2.0000e+25,1.3800e+27,0.0000e+00,4.4985e+32,2.0740e+32,294
150,1,0.0500,0.1000,3.3000e+27,6.0000e+26,4.3000e+26,1.0000e+25,2.0323e+32,3.3661e+31,294
150,2,0.1000,0.2000,1.3620e+28,1.3950e+28,2.1000e+27,5.0000e+26,4.8174e+32,7.9781e+31,294
150,3,0.2000,0.3500,3.1180e+28,7.5830e+28,2.4100e+27,3.5900e+27,5.9606e+32,4.5560e+31,294
150,4,0.3500,0.5500,6.3190e+28,2.5615e+29,3.4100e+27,1.3500e+28,7.1893e+32,3.8789e+31,294
150,5,0.5500,1.0100,7.6940e+28,5.6266e+29,6.0600e+27,7.2080e+28,5.5971e+32,4.0398e+31,294
151,0,0.0000,0.0500,2.3200e+27,0.0000e+00,1.2100e+27,0.0000e+00,4.1726e+32,2.0980e+32,294
151,1,0.0500,0.1000,3.2500e+27,6.7000e+26,5.3000e+26,3.0000e+25,2.2417e+32,3.3971e+31,294
151,2,0.1000,0.2000,1.3620e+28,1.4690e+28,2.3300e+27,4.5000e+26,4.8291e+32,8.1857e+31,294
151,3,0.2000,0.3500,3.2060e+28,7.5370e+28,2.3700e+27,3.5000e+27,5.9182e+32,4.3360e+31,294
151,4,0.3500,0.5500,5.9840e+28,2.4396e+29,3.1200e+27,1.1620e+28,6.8315e+32,3.8412e+31,294
151,5,0.5500,1.0100,8.1430e+28,5.9286e+29,6.2800e+27,6.9760e+28,5.9735e+32,4.1509e+31,294
152,0,0.0000,0.0500,2.3000e+27,0.0000e+00,1.0100e+27,0.0000e+00,4.2484e+32,2.0768e+32,296
152,1,0.0500,0.1000,3.2000e+27,5.6000e+26,5.9000e+26,1.0000e+25,2.1871e+32,3.8301e+31,296
152,2,0.1000,0.2000,1.4300e+28,1.4780e+28,2.1500e+27,5.4000e+26,4.9512e+32,8.3178e+31,296
152,3,0.2000,0.3500,3.0380e+28,7.6890e+28,2.8100e+27,4.2800e+27,5.7320e+32,4.8329e+31,296
152,4,0.3500,0.5500,5.6150e+28,2.3011e+29,3.3800e+27,1.3190e+28,6.6061e+32,3.9591e+31,296
152,5,0.5500,1.0100,8.6400e+28,6.2035e+29,6.8400e+27,8.0550e+28,6.3912e+32,4.5451e+31,296
153,0,0.0000,0.0500,2.4200e+27,0.0000e+00,1.0500e+27,0.0000e+00,4.5985e+32,2.0239e+32,298
153,1,0.0500,0.1000,2.8800e+27,5.1000e+26,4.7000e+26,2.0000e+25,1.9366e+32,4.1203e+31,298
153,2,0.1000,0.2000,1.4400e+28,1.4460e+28,2.0900e+27,5.8000e+26,5.1553e+32,8.7649e+31,298
153,3,0.2000,0.3500,2.9270e+28,6.7740e+28,2.7800e+27,3.9200e+27,5.3637e+32,5.4934e+31,298
153,4,0.3500,0.5500,5.8810e+28,2.3214e+29,4.0400e+27,1.3890e+28,6.7597e+32,4.5998e+31,298
153,5,0.5500,1.0100,8.9890e+28,6.3267e+29,7.0000e+27,9.3100e+28,6.5171e+32,5.2086e+31,298
154,0,0.0000,0.0500,2.4200e+27,0.0000e+00,1.4500e+27,0.0000e+00,4.5581e+32,2.0745e+32,298
154,1,0.0500,0.1000,2.5500e+27,5.9000e+26,5.3000e+26,3.0000e+25,1.8430e+32,3.7617e+31,298
154,2,0.1000,0.2000,1.3810e+28,1.2120e+28,2.1100e+27,4.9000e+26,4.8056e+32,8.8017e+31,298
154,3,0.2000,0.3500,2.9380e+28,6.4880e+28,2.8500e+27,3.5700e+27,5.4534e+32,5.5224e+31,298
154,4,0.3500,0.5500,6.0320e+28,2.4323e+29,4.3000e+27,1.5390e+28,6.9698e+32,4.7761e+31,298
154,5,0.5500,1.0100,8.8280e+28,6.4940e+29,8.0500e+27,9.4590e+28,6.5530e+32,5.1931e+31,298
155,0,0.0000,0.0500,2.4800e+27,0.0000e+00,1.1800e+27,0.0000e+00,4.2607e+32,2.1478e+32,299
155,1,0.0500,0.1000,2.8000e+27,4.2000e+26,6.1000e+26,3.0000e+25,1.9505e+32,3.4120e+31,299
155,2,0.1000,0.2000,1.3140e+28,1.2930e+28,2.3500e+27,5.8000e+26,4.7434e+32,9.0324e+31,299
155,3,0.2000,0.3500,2.9840e+28,6.7960e+28,2.5700e+27,3.2800e+27,5.6754e+32,5.2410e+31,299
155,4,0.3500,0.5500,6.1250e+28,2.4433e+29,3.8800e+27,1.4110e+28,6.9069e+32,4.8622e+31,299
155,5,0.5500,1.0100,8.9120e+28,6.6650e+29,7.5800e+27,9.2770e+28,6.6000e+32,5.3763e+31,299
156,0,0.0000,0.0500,2.4500e+27,0.0000e+00,1.1900e+27,0.0000e+00,4.0834e+32,2.1725e+32,301
156,1,0.0500,0.1000,3.2500e+27,3.4000e+26,4.5000e+26,1.0000e+25,2.1037e+32,3.6470e+31,301
156,2,0.1000,0.2000,1.3310e+28,1.2900e+28,2.2600e+27,6.0000e+26,4.7590e+32,9.1765e+31,301
156,3,0.2000,0.3500,2.9280e+28,6.6950e+28,2.8700e+27,3.9400e+27,5.5957e+32,5.3600e+31,301
156,4,0.3500,0.5500,5.5620e+28,2.2112e+29,3.8600e+27,1.4010e+28,6.5222e+32,4.7012e+31,301
156,5,0.5500,1.0100,9.7950e+28,7.2499e+29,7.9700e+27,9.4650e+28,7.1356e+32,5.5231e+31,301
157,0,0.0000,0.0500,2.3200e+27,0.0000e+00,1.2800e+27,0.0000e+00,4.4746e+32,2.0955e+32,302
157,1,0.0500,0.1000,2.8000e+27,4.8000e+26,7.2000e+26,1.0000e+25,1.8662e+32,4.2273e+31,302
157,2,0.1000,0.2000,1.3520e+28,1.4460e+28,2.8400e+27,4.8000e+26,4.9383e+32,9.7833e+31,302
157,3,0.2000,0.3500,2.8790e+28,6.4150e+28,3.1500e+27,4.6300e+27,5.2860e+32,6.4873e+31,302
157,4,0.3500,0.5500,5.3330e+28,2.1409e+29,5.5900e+27,1.8640e+28,6.3663e+32,5.6417e+31,302
157,5,0.5500,1.0100,9.8910e+28,7.2935e+29,1.0090e+28,1.1775e+29,7.2886e+32,6.7523e+31,302
158,0,0.0000,0.0500,2.4600e+27,0.0000e+00,1.2200e+27,0.0000e+00,4.4976e+32,2.1164e+32,302
158,1,0.0500,0.1000,2.4400e+27,4.6000e+26,5.8000e+26,1.0000e+25,1.7158e+32,4.1035e+31,302
158,2,0.1000,0.2000,1.3530e+28,1.2300e+28,2.7200e+27,5.9000e+26,4.8479e+32,9.9214e+31,302
158,3,0.2000,0.3500,2.6690e+28,5.6090e+28,3.5800e+27,4.3400e+27,5.0113e+32,6.6937e+31,302
158,4,0.3500,0.5500,5.7160e+28,2.2833e+29,4.8900e+27,1.8540e+28,6.6759e+32,5.9941e+31,302
158,5,0.5500,1.0100,1.0005e+29,7.3915e+29,1.0110e+28,1.2415e+29,7.3265e+32,6.9431e+31,302
159,0,0.0000,0.0500,2.4100e+27,0.0000e+00,1.3300e+27,0.0000e+00,4.3603e+32,2.2093e+32,304
159,1,0.0500,0.1000,2.9000e+27,4.1000e+26,4.1000e+26,2.0000e+25,1.7214e+32,3.6264e+31,304
159,2,0.1000,0.2000,1.2410e+28,1.1190e+28,2.6600e+27,5.1000e+26,4.6075e+32,1.0093e+32,304
159,3,0.2000,0.3500,2.7840e+28,5.9920e+28,3.3200e+27,4.2900e+27,5.3770e+32,6.5786e+31,304
159,4,0.3500,0.5500,5.7570e+28,2.3526e+29,4.8100e+27,1.8250e+28,6.7476e+32,6.1548e+31,304
159,5,0.5500,1.0100,9.9510e+28,7.5337e+29,1.0380e+28,1.2805e+29,7.2976e+32,7.1555e+31,304
160,0,0.0000,0.0500,2.5600e+27,0.0000e+00,1.1500e+27,0.0000e+00,4.0750e+32,2.2305e+32,304
160,1,0.0500,0.1000,2.7100e+27,5.2000e+26,5.0000e+26,0.0000e+00,1.9220e+32,3.7282e+31,304
160,2,0.1000,0.2000,1.2390e+28,1.2300e+28,2.4700e+27,7.2000e+26,4.5903e+32,1.0413e+32,304
160,3,0.2000,0.3500,2.8680e+28,6.0110e+28,3.3700e+27,3.5400e+27,5.3299e+32,6.3258e+31,304
160,4,0.3500,0.5500,5.5920e+28,2.1606e+29,5.0700e+27,1.7550e+28,6.3934e+32,6.0591e+31,304
160,5,0.5500,1.0100,1.0268e+29,7.8594e+29,1.0670e+28,1.2543e+29,7.6465e+32,7.3606e+31,304
161,0,0.0000,0.0500,2.4600e+27,0.0000e+00,1.1900e+27,0.0000e+00,4.2509e+32,2.2031e+32,305
161,1,0.0500,0.1000,2.6500e+27,3.6000e+26,6.0000e+26,0.0000e+00,1.8066e+32,4.2583e+31,305
161,2,0.1000,0.2000,1.2850e+28,1.2220e+28,2.8500e+27,5.6000e+26,4.7075e+32,1.0859e+32,305
161,3,0.2000,0.3500,2.7630e+28,6.0860e+28,3.4900e+27,4.5900e+27,5.0972e+32,7.3205e+31,305
161,4,0.3500,0.5500,5.1090e+28,2.0158e+29,5.5900e+27,1.9120e+28,6.0889e+32,6.6733e+31,305
161,5,0.5500,1.0100,1.0751e+29,8.0096e+29,1.2510e+28,1.4683e+29,7.9074e+32,8.5602e+31,305
162,0,0.0000,0.0500,2.7700e+27,0.0000e+00,1.3500e+27,0.0000e+00,4.4662e+32,2.2056e+32,307
162,1,0.0500,0.1000,2.4400e+27,4.0000e+26,6.9000e+26,0.0000e+00,1.6131e+32,4.4932e+31,307
162,2,0.1000,0.2000,1.2200e+28,1.2250e+28,2.7100e+27,6.6000e+26,4.7745e+32,1.1325e+32,307
162,3,0.2000,0.3500,2.4610e+28,5.1960e+28,4.1800e+27,5.3700e+27,4.7520e+32,8.0693e+31,307
162,4,0.3500,0.5500,5.3210e+28,2.0419e+29,6.3600e+27,2.2490e+28,6.3090e+32,7.5596e+31,307
162,5,0.5500,1.0100,1.0923e+29,8.2027e+29,1.3590e+28,1.6162e+29,7.9400e+32,9.5001e+31,307
163,0,0.0000,0.0500,2.6200e+27,0.0000e+00,1.1700e+27,0.0000e+00,4.3734e+32,2.2806e+32,307
163,1,0.0500,0.1000,2.3700e+27,4.5000e+26,4.9000e+26,1.0000e+25,1.5617e+32,3.9616e+31,307
163,2,0.1000,0.2000,1.2050e+28,1.0240e+28,2.8900e+27,7.0000e+26,4.4665e+32,1.1448e+32,307
163,3,0.2000,0.3500,2.5470e+28,5.3090e+28,4.1300e+27,5.0700e+27,4.9975e+32,7.9979e+31,307
163,4,0.3500,0.5500,5.5170e+28,2.1810e+29,6.2100e+27,2.3420e+28,6.4129e+32,7.7709e+31,307
163,5,0.5500,1.0100,1.0654e+29,8.3203e+29,1.3910e+28,1.5748e+29,7.8840e+32,9.5890e+31,307
164,0,0.0000,0.0500,2.6200e+27,0.0000e+00,1.2200e+27,0.0000e+00,4.0666e+32,2.3205e+32,307
164,1,0.0500,0.1000,2.5700e+27,3.7000e+26,5.7000e+26,2.0000e+25,1.7440e+32,3.8817e+31,307
164,2,0.1000,0.2000,1.2100e+28,1.0620e+28,2.8200e+27,9.3000e+26,4.4328e+32,1.1843e+32,307
164,3,0.2000,0.3500,2.6630e+28,5.4880e+28,3.9400e+27,4.5200e+27,5.0627e+32,7.6129e+31,307
164,4,0.3500,0.5500,5.3990e+28,2.0876e+29,6.6000e+27,2.2090e+28,6.1979e+32,7.7566e+31,307
164,5,0.5500,1.0100,1.1008e+29,8.4017e+29,1.4290e+28,1.5762e+29,8.0341e+32,9.8309e+31,307
165,0,0.0000,0.0500,2.1900e+27,0.0000e+00,1.4100e+27,1.0000e+25,4.1148e+32,2.3222e+32,309
165,1,0.0500,0.1000,2.8500e+27,3.9000e+26,6.8000e+26,1.0000e+25,1.7396e+32,4.4077e+31,309
165,2,0.1000,0.2000,1.2100e+28,1.1250e+28,3.0400e+27,7.7000e+26,4.4944e+32,1.2221e+32,309
165,3,0.2000,0.3500,2.5730e+28,5.5170e+28,3.5800e+27,5.3500e+27,4.8914e+32,8.4649e+31,309
165,4,0.3500,0.5500,5.0120e+28,1.8750e+29,6.8600e+27,2.3020e+28,5.8987e+32,8.0872e+31,309
165,5,0.5500,1.0100,1.1412e+29,8.7248e+29,1.5660e+28,1.6890e+29,8.3488e+32,1.0913e+32,309
166,0,0.0000,0.0500,2.4000e+27,0.0000e+00,1.2400e+27,0.0000e+00,4.3980e+32,2.2961e+32,309
166,1,0.0500,0.1000,2.4500e+27,3.1000e+26,8.0000e+26,2.0000e+25,1.5210e+32,4.8375e+31,309
166,2,0.1000,0.2000,1.2230e+28,1.1230e+28,3.4200e+27,7.2000e+26,4.5860e+32,1.2924e+32,309
166,3,0.2000,0.3500,2.2710e+28,4.7590e+28,4.8300e+27,6.3100e+27,4.4978e+32,9.6834e+31,309
166,4,0.3500,0.5500,5.0320e+28,1.8652e+29,8.1000e+27,2.6290e+28,5.8690e+32,9.5258e+31,309
166,5,0.5500,1.0100,1.1288e+29,8.7116e+29,1.8440e+28,1.9238e+29,8.2659e+32,1.2625e+32,309
167,0,0.0000,0.0500,2.4800e+27,0.0000e+00,1.4300e+27,1.0000e+25,4.3541e+32,2.3683e+32,310
167,1,0.0500,0.1000,2.0400e+27,3.8000e+26,5.1000e+26,0.0000e+00,1.4483e+32,4.4203e+31,310
167,2,0.1000,0.2000,1.1090e+28,9.4500e+27,3.2100e+27,7.9000e+26,4.3373e+32,1.3037e+32,310
167,3,0.2000,0.3500,2.3560e+28,4.6780e+28,4.6200e+27,5.1800e+27,4.6113e+32,9.7088e+31,310
167,4,0.3500,0.5500,5.1790e+28,1.9569e+29,8.1900e+27,2.6770e+28,6.0520e+32,9.8100e+31,310
167,5,0.5500,1.0100,1.1517e+29,8.8291e+29,1.8480e+28,2.0313e+29,8.2583e+32,1.2681e+32,310
168,0,0.0000,0.0500,2.3700e+27,1.0000e+25,1.3100e+27,0.0000e+00,4.0599e+32,2.4284e+32,310
168,1,0.0500,0.1000,2.2200e+27,3.6000e+26,5.1000e+26,2.0000e+25,1.5868e+32,4.1999e+31,310
168,2,0.1000,0.2000,1.1030e+28,1.0040e+28,3.5700e+27,9.7000e+26,4.2725e+32,1.3475e+32,310
168,3,0.2000,0.3500,2.4430e+28,4.8770e+28,4.5700e+27,4.8600e+27,4.7578e+32,9.1790e+31,310
168,4,0.3500,0.5500,5.0120e+28,1.9457e+29,8.1000e+27,2.5330e+28,5.9233e+32,9.8315e+31,310
168,5,0.5500,1.0100,1.1505e+29,9.0181e+29,1.9390e+28,2.0242e+29,8.2870e+32,1.2990e+32,310
169,0,0.0000,0.0500,2.2500e+27,0.0000e+00,1.2900e+27,0.0000e+00,3.9824e+32,2.4393e+32,311
169,1,0.0500,0.1000,2.3900e+27,4.1000e+26,6.5000e+26,1.0000e+25,1.6644e+32,4.6315e+31,311
169,2,0.1000,0.2000,1.1040e+28,1.0970e+28,3.8800e+27,6.9000e+26,4.2841e+32,1.3762e+32,311
169,3,0.2000,0.3500,2.3630e+28,4.9080e+28,4.7100e+27,6.0800e+27,4.6405e+32,9.7610e+31,311
169,4,0.3500,0.5500,4.7450e+28,1.7710e+29,7.8500e+27,2.4130e+28,5.5999e+32,9.7596e+31,311
169,5,0.5500,1.0100,1.1736e+29,8.9726e+29,2.0190e+28,2.0744e+29,8.5619e+32,1.3800e+32,311
170,0,0.0000,0.0500,2.3600e+27,0.0000e+00,1.4200e+27,0.0000e+00,4.3197e+32,2.4141e+32,311
170,1,0.0500,0.1000,2.2100e+27,3.7000e+26,6.8000e+26,2.0000e+25,1.4442e+32,5.2977e+31,311
170,2,0.1000,0.2000,1.1850e+28,1.0550e+28,3.7700e+27,8.7000e+26,4.3495e+32,1.4768e+32,311
170,3,0.2000,0.3500,2.2480e+28,4.6780e+28,5.3600e+27,6.3200e+27,4.2677e+32,1.1407e+32,311
170,4,0.3500,0.5500,4.5490e+28,1.7380e+29,1.0230e+28,2.8970e+28,5.4242e+32,1.1756e+32,311
170,5,0.5500,1.0100,1.1406e+29,8.7006e+29,2.3740e+28,2.4633e+29,8.3660e+32,1.6655e+32,311
171,0,0.0000,0.0500,2.3900e+27,1.0000e+25,1.4000e+27,0.0000e+00,4.2914e+32,2.4812e+32,312
171,1,0.0500,0.1000,1.8400e+27,3.1000e+26,6.5000e+26,1.0000e+25,1.3599e+32,4.9553e+31,312
171,2,0.1000,0.2000,1.1050e+28,9.6600e+27,3.4100e+27,7.5000e+26,4.1855e+32,1.4879e+32,312
171,3,0.2000,0.3500,2.1180e+28,4.4000e+28,5.8000e+27,6.4000e+27,4.2612e+32,1.1469e+32,312
171,4,0.3500,0.5500,4.7370e+28,1.8172e+29,9.8800e+27,3.0700e+28,5.6544e+32,1.2099e+32,312
171,5,0.5500,1.0100,1.1435e+29,8.9421e+29,2.4350e+28,2.4435e+29,8.3381e+32,1.6560e+32,312
172,0,0.0000,0.0500,2.1100e+27,0.0000e+00,1.2700e+27,0.0000e+00,4.0120e+32,2.5602e+32,312
172,1,0.0500,0.1000,2.0500e+27,2.0000e+26,7.7000e+26,3.0000e+25,1.4786e+32,4.6287e+31,312
172,2,0.1000,0.2000,1.0490e+28,8.9600e+27,3.5300e+27,9.9000e+26,4.0687e+32,1.5350e+32,312
172,3,0.2000,0.3500,2.2840e+28,4.7400e+28,4.9000e+27,6.3100e+27,4.4768e+32,1.0805e+32,312
172,4,0.3500,0.5500,4.8110e+28,1.8269e+29,1.0400e+28,3.0780e+28,5.5811e+32,1.2172e+32,312
172,5,0.5500,1.0100,1.1512e+29,8.9677e+29,2.3000e+28,2.4169e+29,8.3043e+32,1.6768e+32,312
173,0,0.0000,0.0500,2.5300e+27,0.0000e+00,1.4100e+27,0.0000e+00,3.8611e+32,2.5805e+32,313
173,1,0.0500,0.1000,2.5800e+27,2.8000e+26,7.1000e+26,0.0000e+00,1.6025e+32,4.9853e+31,313
173,2,0.1000,0.2000,1.0770e+28,9.4900e+27,3.8200e+27,9.6000e+26,4.0780e+32,1.5629e+32,313
173,3,0.2000,0.3500,2.2520e+28,4.6800e+28,5.6300e+27,7.1000e+27,4.4016e+32,1.1233e+32,313
173,4,0.3500,0.5500,4.4230e+28,1.6842e+29,1.0350e+28,2.9480e+28,5.3010e+32,1.1785e+32,313
173,5,0.5500,1.0100,1.1881e+29,9.4392e+29,2.4570e+28,2.3992e+29,8.5712e+32,1.7148e+32,313
174,0,0.0000,0.0500,2.2000e+27,0.0000e+00,1.4900e+27,0.0000e+00,4.2342e+32,2.5554e+32,313
174,1,0.0500,0.1000,2.1300e+27,1.8000e+26,8.8000e+26,1.0000e+25,1.3984e+32,5.8896e+31,313
174,2,0.1000,0.2000,1.0840e+28,1.0180e+28,4.2800e+27,1.0400e+27,4.0895e+32,1.6910e+32,313
174,3,0.2000,0.3500,2.1090e+28,4.2540e+28,6.8000e+27,7.5200e+27,4.0256e+32,1.3377e+32,313
174,4,0.3500,0.5500,4.1380e+28,1.6252e+29,1.2150e+28,3.3760e+28,5.0254e+32,1.4356e+32,313
174,5,0.5500,1.0100,1.1431e+29,8.9916e+29,3.0810e+28,2.9850e+29,8.2643e+32,2.1229e+32,313
175,0,0.0000,0.0500,2.3500e+27,0.0000e+00,1.2400e+27,0.0000e+00,4.1993e+32,2.6107e+32,313
175,1,0.0500,0.1000,1.8500e+27,2.2000e+26,8.9000e+26,2.0000e+25,1.3011e+32,5.5782e+31,313
175,2,0.1000,0.2000,1.0130e+28,7.9600e+27,4.0900e+27,1.0100e+27,3.9730e+32,1.6951e+32,313
175,3,0.2000,0.3500,1.9980e+28,3.9830e+28,6.7300e+27,7.8100e+27,3.9361e+32,1.3480e+32,313
175,4,0.3500,0.5500,4.4760e+28,1.7063e+29,1.2630e+28,3.6630e+28,5.2521e+32,1.4744e+32,313
175,5,0.5500,1.0100,1.1454e+29,9.0300e+29,2.9110e+28,2.8636e+29,8.2110e+32,2.0897e+32,313
176,0,0.0000,0.0500,2.3600e+27,0.0000e+00,1.6900e+27,1.0000e+25,3.9387e+32,2.7064e+32,313
176,1,0.0500,0.1000,1.7900e+27,2.0000e+26,7.6000e+26,0.0000e+00,1.4028e+32,5.1335e+31,313
176,2,0.1000,0.2000,1.0060e+28,8.4200e+27,4.6200e+27,1.2300e+27,3.8310e+32,1.7451e+32,313
176,3,0.2000,0.3500,2.0790e+28,4.2270e+28,6.1100e+27,6.6300e+27,4.1816e+32,1.2732e+32,313
176,4,0.3500,0.5500,4.3120e+28,1.6897e+29,1.2370e+28,3.3370e+28,5.2056e+32,1.4827e+32,313
176,5,0.5500,1.0100,1.1369e+29,9.1470e+29,3.0750e+28,2.9097e+29,8.1527e+32,2.1027e+32,313
177,0,0.0000,0.0500,2.4600e+27,0.0000e+00,1.3700e+27,0.0000e+00,3.7543e+32,2.7306e+32,314
177,1,0.0500,0.1000,2.0600e+27,3.1000e+26,7.6000e+26,1.0000e+25,1.5475e+32,5.4660e+31,314
177,2,0.1000,0.2000,9.6200e+27,9.4700e+27,4.7600e+27,1.1700e+27,3.8442e+32,1.7772e+32,314
177,3,0.2000,0.3500,2.1430e+28,4.3770e+28,6.6100e+27,7.0900e+27,4.1321e+32,1.3076e+32,314
177,4,0.3500,0.5500,4.0620e+28,1.5327e+29,1.2490e+28,3.2560e+28,4.9723e+32,1.4206e+32,314
177,5,0.5500,1.0100,1.1634e+29,9.3994e+29,2.9850e+28,2.7607e+29,8.3805e+32,2.1196e+32,314
178,0,0.0000,0.0500,2.0100e+27,0.0000e+00,1.5600e+27,0.0000e+00,4.0923e+32,2.7128e+32,313
178,1,0.0500,0.1000,2.0500e+27,2.5000e+26,1.1500e+27,1.0000e+25,1.3596e+32,6.5266e+31,313
178,2,0.1000,0.2000,9.7800e+27,9.5200e+27,4.5300e+27,1.1600e+27,3.8043e+32,1.9150e+32,313
178,3,0.2000,0.3500,1.8820e+28,4.1250e+28,7.5400e+27,7.8500e+27,3.7616e+32,1.5587e+32,313
178,4,0.3500,0.5500,3.7110e+28,1.4488e+29,1.3950e+28,3.9410e+28,4.5887e+32,1.6997e+32,313
178,5,0.5500,1.0100,1.0962e+29,8.7841e+29,3.8170e+28,3.4034e+29,7.9495e+32,2.6003e+32,313
179,0,0.0000,0.0500,2.4100e+27,1.0000e+25,1.6100e+27,0.0000e+00,4.0836e+32,2.7777e+32,314
179,1,0.0500,0.1000,1.8700e+27,3.2000e+26,8.6000e+26,1.0000e+25,1.2516e+32,6.2598e+31,314
179,2,0.1000,0.2000,9.7400e+27,8.6500e+27,4.5600e+27,9.7000e+26,3.7411e+32,1.9304e+32,314
179,3,0.2000,0.3500,1.8810e+28,3.6330e+28,7.9700e+27,8.1900e+27,3.6426e+32,1.5815e+32,314
179,4,0.3500,0.5500,3.9140e+28,1.5072e+29,1.5240e+28,4.0640e+28,4.8269e+32,1.7562e+32,314
179,5,0.5500,1.0100,1.1037e+29,8.8029e+29,3.6830e+28,3.4017e+29,7.9030e+32,2.5795e+32,314
180,0,0.0000,0.0500,2.0400e+27,0.0000e+00,1.4300e+27,0.0000e+00,3.8460e+32,2.8778e+32,313
180,1,0.0500,0.1000,1.7900e+27,2.6000e+26,7.4000e+26,0.0000e+00,1.3240e+32,5.7095e+31,313
180,2,0.1000,0.2000,9.4100e+27,8.0700e+27,5.1900e+27,1.0200e+27,3.5739e+32,1.9745e+32,313
180,3,0.2000,0.3500,2.0060e+28,3.9730e+28,7.5700e+27,7.9400e+27,3.8788e+32,1.4958e+32,313
180,4,0.3500,0.5500,4.0820e+28,1.5629e+29,1.5290e+28,3.8200e+28,4.7840e+32,1.7594e+32,313
180,5,0.5500,1.0100,1.1020e+29,8.9543e+29,3.7120e+28,3.2672e+29,7.8073e+32,2.5693e+32,313
181,0,0.0000,0.0500,1.9500e+27,1.0000e+25,1.7600e+27,0.0000e+00,3.6349e+32,2.9065e+32,314
181,1,0.0500,0.1000,2.0700e+27,2.1000e+26,7.5000e+26,2.0000e+25,1.4894e+32,6.0331e+31,314
181,2,0.1000,0.2000,8.7900e+27,8.8600e+27,5.1400e+27,1.4500e+27,3.5824e+32,2.0239e+32,314
181,3,0.2000,0.3500,1.9340e+28,3.9450e+28,7.4300e+27,7.3500e+27,3.8513e+32,1.5112e+32,314
181,4,0.3500,0.5500,3.9330e+28,1.4761e+29,1.4020e+28,3.7950e+28,4.5844e+32,1.6927e+32,314
181,5,0.5500,1.0100,1.1112e+29,9.1106e+29,3.6730e+28,3.1501e+29,7.9904e+32,2.5769e+32,314
182,0,0.0000,0.0500,2.0300e+27,0.0000e+00,1.8000e+27,0.0000e+00,3.9308e+32,2.8750e+32,313
182,1,0.0500,0.1000,1.7600e+27,3.1000e+26,9.2000e+26,3.0000e+25,1.3427e+32,7.1714e+31,313
182,2,0.1000,0.2000,9.0500e+27,9.0800e+27,5.4100e+27,1.2900e+27,3.5229e+32,2.1427e+32,313
182,3,0.2000,0.3500,1.7790e+28,4.1270e+28,8.6700e+27,9.3500e+27,3.5171e+32,1.7601e+32,313
182,4,0.3500,0.5500,3.5150e+28,1.3420e+29,1.5700e+28,4.4180e+28,4.2032e+32,1.9583e+32,313
182,5,0.5500,1.0100,1.0504e+29,8.5747e+29,4.4460e+28,3.8675e+29,7.5286e+32,3.0583e+32,313
183,0,0.0000,0.0500,1.9100e+27,0.0000e+00,1.8400e+27,0.0000e+00,3.9432e+32,2.9293e+32,313
183,1,0.0500,0.1000,1.6900e+27,2.0000e+26,1.0000e+27,1.0000e+25,1.2132e+32,6.9716e+31,313
183,2,0.1000,0.2000,9.1700e+27,8.9500e+27,5.4300e+27,1.0400e+27,3.4812e+32,2.1624e+32,313
183,3,0.2000,0.3500,1.6640e+28,3.5030e+28,8.9900e+27,9.5500e+27,3.3565e+32,1.8018e+32,313
183,4,0.3500,0.5500,3.5930e+28,1.4074e+29,1.7210e+28,4.8790e+28,4.3915e+32,2.0409e+32,313
183,5,0.5500,1.0100,1.0371e+29,8.7036e+29,4.4130e+28,3.8591e+29,7.4129e+32,3.0550e+32,313
184,0,0.0000,0.0500,2.2400e+27,0.0000e+00,1.9900e+27,0.0000e+00,3.7569e+32,3.0574e+32,314
184,1,0.0500,0.1000,1.7900e+27,2.9000e+26,9.1000e+26,3.0000e+25,1.2688e+32,6.3850e+31,314
184,2,0.1000,0.2000,8.8300e+27,8.0200e+27,5.3100e+27,1.2200e+27,3.3524e+32,2.2206e+32,314
184,3,0.2000,0.3500,1.8220e+28,3.7360e+28,8.8400e+27,8.8200e+27,3.5967e+32,1.7258e+32,314
184,4,0.3500,0.5500,3.6790e+28,1.4556e+29,1.6940e+28,4.5100e+28,4.4048e+32,2.0551e+32,314
184,5,0.5500,1.0100,1.0452e+29,8.7580e+29,4.3420e+28,3.7653e+29,7.3620e+32,3.0503e+32,314
185,0,0.0000,0.0500,2.0900e+27,0.0000e+00,1.7700e+27,0.0000e+00,3.4972e+32,3.0635e+32,312
185,1,0.0500,0.1000,2.1000e+27,2.9000e+26,9.4000e+26,2.0000e+25,1.4284e+32,6.6279e+31,312
185,2,0.1000,0.2000,8.7100e+27,8.3200e+27,5.5800e+27,1.3100e+27,3.3309e+32,2.2717e+32,312
185,3,0.2000,0.3500,1.7670e+28,3.8030e+28,9.4000e+27,8.8500e+27,3.5542e+32,1.7025e+32,312
185,4,0.3500,0.5500,3.6400e+28,1.3616e+29,1.6440e+28,4.4100e+28,4.2052e+32,1.9645e+32,312
185,5,0.5500,1.0100,1.0540e+29,8.8755e+29,4.2960e+28,3.5706e+29,7.4394e+32,3.0133e+32,312
186,0,0.0000,0.0500,1.9400e+27,0.0000e+00,1.8700e+27,0.0000e+00,3.7956e+32,3.0336e+32,313
186,1,0.0500,0.1000,1.8600e+27,2.0000e+26,1.2200e+27,3.0000e+25,1.3319e+32,7.8111e+31,313
186,2,0.1000,0.2000,8.5700e+27,8.7500e+27,5.7000e+27,1.2500e+27,3.3050e+32,2.3620e+32,313
186,3,0.2000,0.3500,1.7060e+28,3.8210e+28,9.4000e+27,1.1120e+28,3.2878e+32,1.9521e+32,313
186,4,0.3500,0.5500,3.2100e+28,1.2851e+29,1.8320e+28,4.8990e+28,3.8665e+32,2.2085e+32,313
186,5,0.5500,1.0100,1.0057e+29,8.3953e+29,5.0200e+28,4.1446e+29,7.0546e+32,3.4711e+32,313
187,0,0.0000,0.0500,2.0400e+27,0.0000e+00,1.9000e+27,0.0000e+00,3.8430e+32,3.0677e+32,312
187,1,0.0500,0.1000,1.8200e+27,1.9000e+26,1.0900e+27,0.0000e+00,1.1836e+32,7.7357e+31,312
187,2,0.1000,0.2000,8.7500e+27,8.6000e+27,6.3100e+27,1.1900e+27,3.2771e+32,2.3798e+32,312
187,3,0.2000,0.3500,1.5270e+28,3.3290e+28,1.0060e+28,9.9900e+27,3.1040e+32,2.0098e+32,312
187,4,0.3500,0.5500,3.3310e+28,1.3408e+29,1.9280e+28,4.8980e+28,3.9970e+32,2.3109e+32,312
187,5,0.5500,1.0100,9.7400e+28,8.3711e+29,5.0540e+28,4.2625e+29,6.8719e+32,3.4817e+32,312
188,0,0.0000,0.0500,2.0800e+27,0.0000e+00,1.9900e+27,0.0000e+00,3.6819e+32,3.1963e+32,312
188,1,0.0500,0.1000,1.7200e+27,2.4000e+26,1.2100e+27,1.0000e+25,1.2077e+32,7.0587e+31,312
188,2,0.1000,0.2000,7.8300e+27,7.7600e+27,6.2300e+27,1.5000e+27,3.1299e+32,2.4207e+32,312
188,3,0.2000,0.3500,1.6580e+28,3.5400e+28,9.4600e+27,9.4100e+27,3.3186e+32,1.9343e+32,312
188,4,0.3500,0.5500,3.3240e+28,1.4104e+29,1.9580e+28,4.8270e+28,4.0381e+32,2.3195e+32,312
188,5,0.5500,1.0100,9.6340e+28,8.4044e+29,4.9620e+28,4.0451e+29,6.7896e+32,3.4367e+32,312
189,0,0.0000,0.0500,1.8000e+27,0.0000e+00,1.7600e+27,0.0000e+00,3.4095e+32,3.2194e+32,311
189,1,0.0500,0.1000,1.9200e+27,2.7000e+26,1.0400e+27,3.0000e+25,1.3942e+32,7.3291e+31,311
189,2,0.1000,0.2000,8.7100e+27,8.4800e+27,6.2900e+27,1.5900e+27,3.1198e+32,2.5016e+32,311
189,3,0.2000,0.3500,1.6320e+28,3.6530e+28,9.2100e+27,1.0700e+28,3.3048e+32,1.8842e+32,311
189,4,0.3500,0.5500,3.2290e+28,1.3271e+29,1.8300e+28,4.7750e+28,3.8886e+32,2.2296e+32,311
189,5,0.5500,1.0100,9.8540e+28,8.4730e+29,4.8160e+28,3.9044e+29,6.8585e+32,3.3942e+32,311
190,0,0.0000,0.0500,1.9800e+27,1.0000e+25,1.8800e+27,0.0000e+00,3.6500e+32,3.1694e+32,311
190,1,0.0500,0.1000,2.0000e+27,3.0000e+26,1.3200e+27,3.0000e+25,1.3277e+32,8.5808e+31,311
190,2,0.1000,0.2000,8.3400e+27,8.4700e+27,6.3200e+27,1.4200e+27,3.1021e+32,2.5397e+32,311
190,3,0.2000,0.3500,1.5430e+28,3.6550e+28,1.0830e+28,1.1170e+28,3.0834e+32,2.1111e+32,311
190,4,0.3500,0.5500,2.9930e+28,1.2457e+29,2.0050e+28,5.1230e+28,3.5722e+32,2.3872e+32,311
190,5,0.5500,1.0100,9.3980e+28,8.0893e+29,5.4690e+28,4.4588e+29,6.5326e+32,3.7683e+32,311
191,0,0.0000,0.0500,1.9200e+27,1.0000e+25,1.9600e+27,0.0000e+00,3.7598e+32,3.1831e+32,310
191,1,0.0500,0.1000,1.6300e+27,2.5000e+26,1.5400e+27,3.0000e+25,1.1615e+32,8.7749e+31,310
191,2,0.1000,0.2000,7.9100e+27,8.5000e+27,6.6100e+27,1.5800e+27,3.1051e+32,2.5589e+32,310
191,3,0.2000,0.3500,1.4680e+28,3.2570e+28,1.1020e+28,1.1010e+28,2.8746e+32,2.1969e+32,310
191,4,0.3500,0.5500,2.9790e+28,1.2663e+29,1.9940e+28,5.5680e+28,3.6463e+32,2.5285e+32,310
191,5,0.5500,1.0100,9.0460e+28,7.8603e+29,5.5200e+28,4.4645e+29,6.2887e+32,3.8165e+32,310
192,0,0.0000,0.0500,1.9300e+27,1.0000e+25,2.0200e+27,0.0000e+00,3.6351e+32,3.3259e+32,310
192,1,0.0500,0.1000,1.9200e+27,2.9000e+26,1.1100e+27,1.0000e+25,1.1561e+32,7.9402e+31,310
192,2,0.1000,0.2000,7.0700e+27,7.5200e+27,7.0300e+27,1.3600e+27,2.9538e+32,2.5898e+32,310
192,3,0.2000,0.3500,1.4550e+28,3.4100e+28,1.0250e+28,1.0150e+28,3.0737e+32,2.1395e+32,310
192,4,0.3500,0.5500,3.1190e+28,1.3112e+29,2.0590e+28,5.5720e+28,3.7082e+32,2.5485e+32,310
192,5,0.5500,1.0100,8.8590e+28,7.9274e+29,5.3760e+28,4.3691e+29,6.2054e+32,3.7369e+32,310
193,0,0.0000,0.0500,1.7800e+27,0.0000e+00,1.8400e+27,0.0000e+00,3.3334e+32,3.3649e+32,309
193,1,0.0500,0.1000,1.8400e+27,2.7000e+26,1.1500e+27,4.0000e+25,1.3661e+32,8.1185e+31,309
193,2,0.1000,0.2000,7.8000e+27,7.7100e+27,7.1400e+27,1.6500e+27,2.9348e+32,2.6904e+32,309
193,3,0.2000,0.3500,1.4810e+28,3.5110e+28,9.6400e+27,1.0740e+28,3.0878e+32,2.0411e+32,309
193,4,0.3500,0.5500,3.1350e+28,1.2849e+29,2.0960e+28,5.4810e+28,3.5937e+32,2.4733e+32,309
193,5,0.5500,1.0100,8.9290e+28,8.0486e+29,5.5350e+28,4.2480e+29,6.2528e+32,3.6915e+32,309
194,0,0.0000,0.0500,1.8900e+27,0.0000e+00,1.8800e+27,1.0000e+25,3.4904e+32,3.3106e+32,309
194,1,0.0500,0.1000,1.8200e+27,2.3000e+26,1.4000e+27,3.0000e+25,1.3369e+32,9.3834e+31,309
194,2,0.1000,0.2000,7.9600e+27,7.7600e+27,7.5000e+27,1.4700e+27,2.9423e+32,2.7046e+32,309
194,3,0.2000,0.3500,1.5550e+28,3.4540e+28,1.1460e+28,1.2570e+28,2.9188e+32,2.2414e+32,309
194,4,0.3500,0.5500,2.8530e+28,1.1888e+29,2.0850e+28,5.5270e+28,3.3322e+32,2.5311e+32,309
194,5,0.5500,1.0100,8.7620e+28,7.7213e+29,5.7260e+28,4.5528e+29,6.0347e+32,3.9381e+32,309
195,0,0.0000,0.0500,1.7500e+27,0.0000e+00,2.1100e+27,0.0000e+00,3.6882e+32,3.2865e+32,308
195,1,0.0500,0.1000,1.8900e+27,2.2000e+26,1.4000e+27,3.0000e+25,1.1770e+32,1.0014e+32,308
195,2,0.1000,0.2000,7.9100e+27,8.4000e+27,7.0000e+27,1.3300e+27,2.9587e+32,2.7034e+32,308
195,3,0.2000,0.3500,1.4020e+28,3.1570e+28,1.1830e+28,1.2010e+28,2.6776e+32,2.3699e+32,308
195,4,0.3500,0.5500,2.7880e+28,1.2231e+29,2.2830e+28,6.0120e+28,3.3240e+32,2.7166e+32,308
195,5,0.5500,1.0100,8.1630e+28,7.3103e+29,5.9960e+28,4.8281e+29,5.7096e+32,4.0586e+32,308
196,0,0.0000,0.0500,1.9500e+27,0.0000e+00,1.9600e+27,0.0000e+00,3.5985e+32,3.4251e+32,307
196,1,0.0500,0.1000,1.6800e+27,2.5000e+26,1.2800e+27,5.0000e+25,1.1181e+32,9.0425e+31,307
196,2,0.1000,0.2000,7.7200e+27,7.0800e+27,6.9500e+27,1.5200e+27,2.8007e+32,2.7184e+32,307
196,3,0.2000,0.3500,1.4380e+28,3.3300e+28,1.1960e+28,1.1930e+28,2.8440e+32,2.3327e+32,307
196,4,0.3500,0.5500,2.8760e+28,1.2734e+29,2.3480e+28,6.1670e+28,3.3972e+32,2.7473e+32,307
196,5,0.5500,1.0100,8.0730e+28,7.3679e+29,5.8690e+28,4.5712e+29,5.6236e+32,3.9300e+32,307
197,0,0.0000,0.0500,1.6500e+27,0.0000e+00,1.9500e+27,0.0000e+00,3.2904e+32,3.4935e+32,306
197,1,0.0500,0.1000,1.7300e+27,2.1000e+26,1.3200e+27,3.0000e+25,1.3105e+32,9.0100e+31,306
197,2,0.1000,0.2000,7.3600e+27,8.9000e+27,7.2500e+27,1.6200e+27,2.7861e+32,2.8291e+32,306
197,3,0.2000,0.3500,1.5080e+28,3.5440e+28,1.0880e+28,1.1390e+28,2.9005e+32,2.1922e+32,306
197,4,0.3500,0.5500,2.8500e+28,1.2548e+29,2.1630e+28,5.6790e+28,3.3245e+32,2.6844e+32,306
197,5,0.5500,1.0100,8.4290e+28,7.5035e+29,5.6280e+28,4.4069e+29,5.6285e+32,3.8748e+32,306
198,0,0.0000,0.0500,1.6500e+27,0.0000e+00,1.9600e+27,0.0000e+00,3.3046e+32,3.4475e+32,305
198,1,0.0500,0.1000,2.1300e+27,2.6000e+26,1.6600e+27,3.0000e+25,1.3444e+32,1.0137e+32,305
198,2,0.1000,0.2000,7.6200e+27,8.8000e+27,7.2000e+27,1.7500e+27,2.7852e+32,2.8261e+32,305
198,3,0.2000,0.3500,1.4530e+28,3.8340e+28,1.2320e+28,1.2540e+28,2.8046e+32,2.3363e+32,305
198,4,0.3500,0.5500,2.6940e+28,1.1552e+29,2.2140e+28,5.8610e+28,3.1347e+32,2.6078e+32,305
198,5,0.5500,1.0100,8.0310e+28,7.2960e+29,5.7710e+28,4.4397e+29,5.5472e+32,3.9516e+32,305
199,0,0.0000,0.0500,1.8100e+27,0.0000e+00,2.0400e+27,0.0000e+00,3.6530e+32,3.3624e+32,305
199,1,0.0500,0.1000,1.6100e+27,3.1000e+26,1.7500e+27,6.0000e+25,1.2052e+32,1.1299e+32,305
199,2,0.1000,0.2000,7.8900e+27,8.5400e+27,7.3400e+27,1.5500e+27,2.8275e+32,2.8231e+32,305
199,3,0.2000,0.3500,1.2880e+28,3.2840e+28,1.2720e+28,1.3700e+28,2.5530e+32,2.5156e+32,305
199,4,0.3500,0.5500,2.5670e+28,1.1384e+29,2.3970e+28,6.4100e+28,3.0157e+32,2.8463e+32,305
199,5,0.5500,1.0100,7.3820e+28,6.9090e+29,6.2020e+28,4.8998e+29,5.1386e+32,4.1830e+32,305
200,0,0.0000,0.0500,1.7600e+27,0.0000e+00,1.8100e+27,0.0000e+00,3.5873e+32,3.4691e+32,303
200,1,0.0500,0.1000,1.8400e+27,2.6000e+26,1.7000e+27,1.0000e+25,1.1101e+32,1.0447e+32,303
200,2,0.1000,0.2000,7.2300e+27,7.7700e+27,6.7300e+27,1.6100e+27,2.6983e+32,2.8111e+32,303
200,3,0.2000,0.3500,1.2620e+28,3.2710e+28,1.3050e+28,1.3330e+28,2.6177e+32,2.5045e+32,303
200,4,0.3500,0.5500,2.6240e+28,1.1885e+29,2.4330e+28,6.6410e+28,3.1226e+32,2.8857e+32,303
200,5,0.5500,1.0100,7.3900e+28,6.7944e+29,5.8930e+28,4.7052e+29,5.0611e+32,3.9965e+32,303
201,0,0.0000,0.0500,1.5500e+27,0.0000e+00,2.3400e+27,1.0000e+25,3.3198e+32,3.6082e+32,303
201,1,0.0500,0.1000,1.8200e+27,2.5000e+26,1.4400e+27,4.0000e+25,1.2392e+32,1.0065e+32,303
201,2,0.1000,0.2000,6.6300e+27,7.9300e+27,7.3500e+27,1.6800e+27,2.6702e+32,2.9143e+32,303
201,3,0.2000,0.3500,1.3880e+28,3.4790e+28,1.1960e+28,1.2580e+28,2.7540e+32,2.3405e+32,303
201,4,0.3500,0.5500,2.7120e+28,1.2655e+29,2.4790e+28,6.4400e+28,3.1171e+32,2.8701e+32,303
201,5,0.5500,1.0100,7.4210e+28,6.9635e+29,5.7500e+28,4.5389e+29,5.0255e+32,3.9378e+32,303
202,0,0.0000,0.0500,1.7400e+27,0.0000e+00,1.8900e+27,0.0000e+00,3.1057e+32,3.6166e+32,301
202,1,0.0500,0.1000,2.1200e+27,2.8000e+26,1.6100e+27,1.0000e+25,1.3693e+32,1.0612e+32,301
202,2,0.1000,0.2000,7.8200e+27,8.4400e+27,7.7700e+27,1.9200e+27,2.6570e+32,2.9508e+32,301
202,3,0.2000,0.3500,1.4560e+28,3.5920e+28,1.2870e+28,1.3240e+28,2.7254e+32,2.3931e+32,301
202,4,0.3500,0.5500,2.5470e+28,1.1449e+29,2.2410e+28,6.0500e+28,2.9902e+32,2.6739e+32,301
202,5,0.5500,1.0100,7.5340e+28,7.0347e+29,5.6590e+28,4.2540e+29,5.0923e+32,3.8318e+32,301
203,0,0.0000,0.0500,1.8200e+27,0.0000e+00,2.0800e+27,0.0000e+00,3.6243e+32,3.4224e+32,301
203,1,0.0500,0.1000,1.5600e+27,2.9000e+26,2.0600e+27,3.0000e+25,1.2576e+32,1.2668e+32,301
203,2,0.1000,0.2000,6.9400e+27,8.8300e+27,7.2200e+27,1.6800e+27,2.6699e+32,2.9028e+32,301
203,3,0.2000,0.3500,1.3690e+28,3.5260e+28,1.3790e+28,1.3780e+28,2.4990e+32,2.6284e+32,301
203,4,0.3500,0.5500,2.3660e+28,1.1255e+29,2.5630e+28,6.6510e+28,2.7612e+32,2.8901e+32,301
203,5,0.5500,1.0100,6.7930e+28,6.3515e+29,6.1810e+28,4.8086e+29,4.6219e+32,4.1757e+32,301
204,0,0.0000,0.0500,1.9900e+27,0.0000e+00,2.1800e+27,0.0000e+00,3.5869e+32,3.4913e+32,299
204,1,0.0500,0.1000,1.6100e+27,3.3000e+26,1.8200e+27,4.0000e+25,1.1361e+32,1.2123e+32,299
204,2,0.1000,0.2000,7.4500e+27,8.1400e+27,7.4600e+27,1.6900e+27,2.6625e+32,2.8901e+32,299
204,3,0.2000,0.3500,1.2640e+28,3.1610e+28,1.3550e+28,1.4880e+28,2.4103e+32,2.6391e+32,299
204,4,0.3500,0.5500,2.4920e+28,1.2243e+29,2.5420e+28,6.8030e+28,2.9109e+32,2.9560e+32,299
204,5,0.5500,1.0100,6.6810e+28,6.2897e+29,5.9380e+28,4.6818e+29,4.5333e+32,3.9708e+32,299
205,0,0.0000,0.0500,1.9600e+27,0.0000e+00,2.0900e+27,0.0000e+00,3.4326e+32,3.6872e+32,299
205,1,0.0500,0.1000,1.5600e+27,2.7000e+26,1.5700e+27,1.0000e+25,1.1541e+32,1.1182e+32,299
205,2,0.1000,0.2000,7.5200e+27,8.3500e+27,7.4400e+27,1.7500e+27,2.5670e+32,2.9202e+32,299
205,3,0.2000,0.3500,1.3900e+28,3.5820e+28,1.3310e+28,1.3890e+28,2.6188e+32,2.5528e+32,299
205,4,0.3500,0.5500,2.5950e+28,1.2624e+29,2.5820e+28,6.8670e+28,2.9485e+32,2.9654e+32,299
205,5,0.5500,1.0100,6.5740e+28,6.3025e+29,5.7880e+28,4.4650e+29,4.4623e+32,3.8701e+32,299
206,0,0.0000,0.0500,1.7100e+27,0.0000e+00,2.1700e+27,0.0000e+00,3.1238e+32,3.7141e+32,297
206,1,0.0500,0.1000,2.0700e+27,4.0000e+26,1.8000e+27,5.0000e+25,1.3700e+32,1.1542e+32,297
206,2,0.1000,0.2000,7.4100e+27,8.4400e+27,8.4000e+27,1.8900e+27,2.5591e+32,3.0517e+32,297
206,3,0.2000,0.3500,1.4150e+28,3.6610e+28,1.3070e+28,1.3650e+28,2.6127e+32,2.4281e+32,297
206,4,0.3500,0.5500,2.5210e+28,1.1599e+29,2.4650e+28,6.5900e+28,2.8449e+32,2.8407e+32,297
206,5,0.5500,1.0100,6.6170e+28,6.3957e+29,5.6430e+28,4.3624e+29,4.4946e+32,3.7727e+32,297
207,0,0.0000,0.0500,1.7500e+27,1.0000e+25,2.3800e+27,0.0000e+00,3.3247e+32,3.5883e+32,296
207,1,0.0500,0.1000,1.9200e+27,2.6000e+26,2.2100e+27,6.0000e+25,1.3492e+32,1.3128e+32,296
207,2,0.1000,0.2000,7.4700e+27,8.2600e+27,7.9100e+27,2.1200e+27,2.5862e+32,2.9918e+32,296
207,3,0.2000,0.3500,1.3650e+28,3.7640e+28,1.3660e+28,1.5290e+28,2.5037e+32,2.6226e+32,296
207,4,0.3500,0.5500,2.3430e+28,1.1401e+29,2.4150e+28,6.9680e+28,2.6655e+32,2.8026e+32,296
207,5,0.5500,1.0100,6.5380e+28,6.1472e+29,5.6120e+28,4.4273e+29,4.3273e+32,3.8700e+32,296
208,0,0.0000,0.0500,1.7400e+27,0.0000e+00,2.0800e+27,0.0000e+00,3.6105e+32,3.5000e+32,295
208,1,0.0500,0.1000,1.8600e+27,4.0000e+26,1.9300e+27,1.0000e+26,1.2062e+32,1.4126e+32,295
208,2,0.1000,0.2000,7.4900e+27,9.0900e+27,7.5200e+27,1.8200e+27,2.6477e+32,2.9273e+32,295
208,3,0.2000,0.3500,1.1950e+28,3.3710e+28,1.5060e+28,1.6250e+28,2.3087e+32,2.7375e+32,295
208,4,0.3500,0.5500,2.3540e+28,1.1780e+29,2.7190e+28,7.1640e+28,2.6818e+32,2.9579e+32,295
208,5,0.5500,1.0100,5.9470e+28,5.6907e+29,5.9250e+28,4.4699e+29,4.0622e+32,3.8739e+32,295
209,0,0.0000,0.0500,2.2300e+27,1.0000e+25,2.1800e+27,0.0000e+00,3.5361e+32,3.6622e+32,293
209,1,0.0500,0.1000,1.7800e+27,3.8000e+26,2.0400e+27,8.0000e+25,1.1248e+32,1.2760e+32,293
209,2,0.1000,0.2000,6.6200e+27,8.0100e+27,7.7400e+27,1.7200e+27,2.5117e+32,2.9160e+32,293
209,3,0.2000,0.3500,1.2280e+28,3.3630e+28,1.4580e+28,1.5360e+28,2.4322e+32,2.7287e+32,293
209,4,0.3500,0.5500,2.4160e+28,1.2012e+29,2.6880e+28,7.5230e+28,2.7628e+32,3.0001e+32,293
209,5,0.5500,1.0100,5.8720e+28,5.5974e+29,5.4080e+28,4.2607e+29,3.9744e+32,3.6596e+32,293
210,0,0.0000,0.0500,2.0000e+27,0.0000e+00,2.2500e+27,0.0000e+00,3.2495e+32,3.8092e+32,293
210,1,0.0500,0.1000,1.6500e+27,3.6000e+26,1.8900e+27,5.0000e+25,1.2753e+32,1.2539e+32,293
210,2,0.1000,0.2000,6.8500e+27,8.6400e+27,8.6100e+27,2.0300e+27,2.5275e+32,3.0279e+32,293
210,3,0.2000,0.3500,1.3040e+28,3.7270e+28,1.3590e+28,1.5750e+28,2.5320e+32,2.5414e+32,293
210,4,0.3500,0.5500,2.4760e+28,1.2819e+29,2.6670e+28,7.2650e+28,2.7663e+32,2.9768e+32,293
210,5,0.5500,1.0100,6.1400e+28,5.7160e+29,5.3270e+28,4.0823e+29,3.9311e+32,3.5897e+32,293
211,0,0.0000,0.0500,1.9500e+27,1.0000e+25,1.9200e+27,1.0000e+25,3.0204e+32,3.8097e+32,290
211,1,0.0500,0.1000,2.2100e+27,5.1000e+26,2.2800e+27,2.0000e+25,1.4057e+32,1.3212e+32,290
211,2,0.1000,0.2000,7.2100e+27,8.7200e+27,8.3100e+27,2.2600e+27,2.5113e+32,3.0595e+32,290
211,3,0.2000,0.3500,1.4080e+28,3.9720e+28,1.3670e+28,1.6560e+28,2.5108e+32,2.5835e+32,290
211,4,0.3500,0.5500,2.4200e+28,1.1755e+29,2.3890e+28,6.6870e+28,2.6443e+32,2.7495e+32,290
211,5,0.5500,1.0100,6.0310e+28,5.7537e+29,5.0520e+28,3.8871e+29,3.9669e+32,3.4570e+32,290
212,0,0.0000,0.0500,1.6900e+27,0.0000e+00,2.2600e+27,0.0000e+00,3.5742e+32,3.5361e+32,290
212,1,0.0500,0.1000,1.9700e+27,5.1000e+26,2.6000e+27,1.4000e+26,1.3322e+32,1.5590e+32,290
212,2,0.1000,0.2000,7.5000e+27,9.2200e+27,8.3500e+27,2.2800e+27,2.5485e+32,2.9429e+32,290
212,3,0.2000,0.3500,1.3220e+28,3.8370e+28,1.5040e+28,1.7590e+28,2.3430e+32,2.8003e+32,290
212,4,0.3500,0.5500,2.2650e+28,1.1208e+29,2.5890e+28,7.4490e+28,2.4717e+32,2.8737e+32,290
212,5,0.5500,1.0100,5.3370e+28,5.2445e+29,5.5140e+28,4.2400e+29,3.6535e+32,3.6379e+32,290
213,0,0.0000,0.0500,1.9500e+27,0.0000e+00,2.1500e+27,0.0000e+00,3.5979e+32,3.5767e+32,288
213,1,0.0500,0.1000,1.9400e+27,3.5000e+26,2.3600e+27,4.0000e+25,1.1844e+32,1.5301e+32,288
213,2,0.1000,0.2000,7.5500e+27,9.0900e+27,8.3200e+27,2.2400e+27,2.6014e+32,2.9202e+32,288
213,3,0.2000,0.3500,1.2750e+28,3.3710e+28,1.5430e+28,1.7280e+28,2.2281e+32,2.8230e+32,288
213,4,0.3500,0.5500,2.2820e+28,1.1660e+29,2.6390e+28,7.1840e+28,2.5971e+32,2.9392e+32,288
213,5,0.5500,1.0100,5.3070e+28,5.2108e+29,5.2750e+28,4.0945e+29,3.5409e+32,3.4481e+32,288
214,0,0.0000,0.0500,1.9600e+27,0.0000e+00,2.2700e+27,0.0000e+00,3.4941e+32,3.8065e+32,287
214,1,0.0500,0.1000,1.9400e+27,4.7000e+26,2.2200e+27,4.0000e+25,1.1485e+32,1.3789e+32,287
214,2,0.1000,0.2000,6.9400e+27,8.4900e+27,8.0100e+27,2.0900e+27,2.4801e+32,2.9183e+32,287
214,3,0.2000,0.3500,1.3470e+28,3.6430e+28,1.5330e+28,1.6760e+28,2.4192e+32,2.7825e+32,287
214,4,0.3500,0.5500,2.4470e+28,1.2555e+29,2.6860e+28,7.9400e+28,2.6443e+32,2.9613e+32,287
214,5,0.5500,1.0100,5.3050e+28,5.1638e+29,4.9180e+28,3.8827e+29,3.4608e+32,3.2821e+32,287
215,0,0.0000,0.0500,1.8000e+27,1.0000e+25,2.2900e+27,0.0000e+00,3.1560e+32,3.8920e+32,286
215,1,0.0500,0.1000,2.2000e+27,5.3000e+26,2.2700e+27,5.0000e+25,1.3676e+32,1.3917e+32,286
215,2,0.1000,0.2000,7.2000e+27,9.5500e+27,8.7200e+27,2.5000e+27,2.5000e+32,3.0675e+32,286
215,3,0.2000,0.3500,1.2640e+28,4.0090e+28,1.4090e+28,1.6900e+28,2.4645e+32,2.5848e+32,286
215,4,0.3500,0.5500,2.3560e+28,1.2210e+29,2.6270e+28,7.2140e+28,2.6050e+32,2.8958e+32,286
215,5,0.5500,1.0100,5.3350e+28,5.3361e+29,4.7140e+28,3.6992e+29,3.4527e+32,3.1922e+32,286
216,0,0.0000,0.0500,1.9400e+27,0.0000e+00,2.0500e+27,0.0000e+00,3.0168e+32,3.8836e+32,284
216,1,0.0500,0.1000,2.2800e+27,4.6000e+26,2.3000e+27,3.0000e+25,1.4503e+32,1.5032e+32,284
216,2,0.1000,0.2000,6.9600e+27,9.4900e+27,8.8500e+27,2.4000e+27,2.5027e+32,3.0410e+32,284
216,3,0.2000,0.3500,1.3710e+28,4.0970e+28,1.5110e+28,1.7220e+28,2.4412e+32,2.6833e+32,284
216,4,0.3500,0.5500,2.2450e+28,1.1822e+29,2.4490e+28,6.8990e+28,2.5055e+32,2.6851e+32,284
216,5,0.5500,1.0100,5.2160e+28,5.2718e+29,4.7270e+28,3.5763e+29,3.4728e+32,3.0830e+32,284
217,0,0.0000,0.0500,1.6100e+27,0.0000e+00,2.3100e+27,1.0000e+25,3.6930e+32,3.5089e+32,282
217,1,0.0500,0.1000,2.1000e+27,5.0000e+26,2.6300e+27,3.0000e+25,1.3306e+32,1.7162e+32,282
217,2,0.1000,0.2000,8.0400e+27,9.8300e+27,8.6000e+27,2.2600e+27,2.5463e+32,2.8975e+32,282
217,3,0.2000,0.3500,1.2880e+28,3.7940e+28,1.5990e+28,1.8510e+28,2.2562e+32,2.8562e+32,282
217,4,0.3500,0.5500,2.1800e+28,1.1714e+29,2.5690e+28,7.3180e+28,2.3519e+32,2.7984e+32,282
217,5,0.5500,1.0100,4.8410e+28,4.6889e+29,4.8450e+28,3.6816e+29,3.1543e+32,3.1945e+32,282
218,0,0.0000,0.0500,1.8000e+27,1.0000e+25,2.0800e+27,1.0000e+25,3.6280e+32,3.6277e+32,281
218,1,0.0500,0.1000,1.8900e+27,4.1000e+26,2.7600e+27,7.0000e+25,1.2047e+32,1.6487e+32,281
218,2,0.1000,0.2000,7.7900e+27,9.8100e+27,8.5300e+27,2.7100e+27,2.5923e+32,2.8983e+32,281
218,3,0.2000,0.3500,1.2370e+28,3.5560e+28,1.5700e+28,1.9460e+28,2.1923e+32,2.8634e+32,281
218,4,0.3500,0.5500,2.2270e+28,1.2438e+29,2.5970e+28,7.4780e+28,2.5136e+32,2.8466e+32,281
218,5,0.5500,1.0100,4.6730e+28,4.6780e+29,4.6720e+28,3.4992e+29,3.1081e+32,2.9688e+32,281
219,0,0.0000,0.0500,2.0700e+27,0.0000e+00,2.6500e+27,0.0000e+00,3.5119e+32,3.8866e+32,280
219,1,0.0500,0.1000,1.7400e+27,5.3000e+26,2.6300e+27,1.4000e+26,1.1733e+32,1.4853e+32,280
219,2,0.1000,0.2000,7.0000e+27,9.4200e+27,8.1000e+27,2.1300e+27,2.4842e+32,2.8889e+32,280
219,3,0.2000,0.3500,1.3050e+28,3.9230e+28,1.4950e+28,1.6770e+28,2.3917e+32,2.8112e+32,280
219,4,0.3500,0.5500,2.3540e+28,1.2563e+29,2.6000e+28,7.5480e+28,2.5412e+32,2.8456e+32,280
219,5,0.5500,1.0100,4.6540e+28,4.6199e+29,4.1340e+28,3.3676e+29,3.0222e+32,2.8268e+32,280
220,0,0.0000,0.0500,1.8000e+27,0.0000e+00,2.1700e+27,0.0000e+00,3.1536e+32,3.9519e+32,278
220,1,0.0500,0.1000,2.2400e+27,5.8000e+26,2.6300e+27,9.0000e+25,1.4024e+32,1.5024e+32,278
220,2,0.1000,0.2000,7.2500e+27,9.8000e+27,8.6600e+27,2.6800e+27,2.4960e+32,3.0432e+32,278
220,3,0.2000,0.3500,1.3390e+28,4.1740e+28,1.4310e+28,1.5970e+28,2.4160e+32,2.5814e+32,278
220,4,0.3500,0.5500,2.3270e+28,1.2815e+29,2.5640e+28,7.1260e+28,2.4911e+32,2.7628e+32,278
220,5,0.5500,1.0100,4.6700e+28,4.7221e+29,4.2360e+28,3.2823e+29,3.0049e+32,2.7348e+32,278
221,0,0.0000,0.0500,1.6700e+27,0.0000e+00,2.3400e+27,0.0000e+00,2.9634e+32,3.9717e+32,276
221,1,0.0500,0.1000,2.3800e+27,7.0000e+26,2.6400e+27,7.0000e+25,1.4947e+32,1.6119e+32,276
221,2,0.1000,0.2000,7.4900e+27,1.0480e+28,9.0100e+27,2.6200e+27,2.4956e+32,3.0115e+32,276
221,3,0.2000,0.3500,1.4200e+28,4.3090e+28,1.5090e+28,1.8070e+28,2.4158e+32,2.6659e+32,276
221,4,0.3500,0.5500,2.2690e+28,1.2385e+29,2.3840e+28,6.9870e+28,2.4057e+32,2.5338e+32,276
221,5,0.5500,1.0100,4.7200e+28,4.8567e+29,4.2050e+28,3.2099e+29,3.0416e+32,2.6265e+32,276
222,0,0.0000,0.0500,1.6800e+27,0.0000e+00,2.0300e+27,0.0000e+00,3.7464e+32,3.5187e+32,275
222,1,0.0500,0.1000,1.9500e+27,4.4000e+26,2.8600e+27,7.0000e+25,1.4039e+32,1.8265e+32,275
222,2,0.1000,0.2000,7.6100e+27,1.1450e+28,8.7700e+27,2.4000e+27,2.5423e+32,2.8775e+32,275
222,3,0.2000,0.3500,1.2840e+28,4.1750e+28,1.6290e+28,1.9440e+28,2.2568e+32,2.8399e+32,275
222,4,0.3500,0.5500,2.1510e+28,1.1746e+29,2.4970e+28,7.5570e+28,2.2654e+32,2.6310e+32,275
222,5,0.5500,1.0100,4.4200e+28,4.4811e+29,4.3080e+28,3.3601e+29,2.7918e+32,2.7222e+32,275
223,0,0.0000,0.0500,1.9100e+27,0.0000e+00,2.4600e+27,1.0000e+25,3.6971e+32,3.6240e+32,274
223,1,0.0500,0.1000,2.2300e+27,5.4000e+26,2.6800e+27,8.0000e+25,1.2594e+32,1.7735e+32,274
223,2,0.1000,0.2000,7.8400e+27,1.2180e+28,8.5700e+27,2.6100e+27,2.6321e+32,2.8792e+32,274
223,3,0.2000,0.3500,1.2680e+28,3.8210e+28,1.6200e+28,1.9290e+28,2.1715e+32,2.8345e+32,274
223,4,0.3500,0.5500,2.2080e+28,1.2346e+29,2.5310e+28,7.5760e+28,2.4137e+32,2.6671e+32,274
223,5,0.5500,1.0100,4.1230e+28,4.3877e+29,4.0500e+28,3.1610e+29,2.7406e+32,2.5339e+32,274
224,0,0.0000,0.0500,1.9500e+27,2.0000e+25,2.3200e+27,0.0000e+00,3.5936e+32,3.8567e+32,271
224,1,0.0500,0.1000,2.0600e+27,7.0000e+26,2.1000e+27,1.0000e+26,1.1960e+32,1.5720e+32,271
224,2,0.1000,0.2000,7.9400e+27,1.0410e+28,8.6500e+27,2.3300e+27,2.4688e+32,2.8435e+32,271
224,3,0.2000,0.3500,1.3180e+28,4.0770e+28,1.6280e+28,1.8650e+28,2.3633e+32,2.7986e+32,271
224,4,0.3500,0.5500,2.2620e+28,1.3259e+29,2.4950e+28,7.4120e+28,2.4388e+32,2.6570e+32,271
224,5,0.5500,1.0100,4.1270e+28,4.2149e+29,3.7780e+28,2.9155e+29,2.6436e+32,2.3579e+32,271
225,0,0.0000,0.0500,2.0700e+27,0.0000e+00,2.3400e+27,0.0000e+00,3.2543e+32,3.9896e+32,270
225,1,0.0500,0.1000,2.0100e+27,6.0000e+26,2.7700e+27,1.6000e+26,1.3851e+32,1.5664e+32,270
225,2,0.1000,0.2000,7.4700e+27,1.0390e+28,9.3500e+27,2.5700e+27,2.5083e+32,2.9537e+32,270
225,3,0.2000,0.3500,1.3660e+28,4.5120e+28,1.4360e+28,1.7370e+28,2.4296e+32,2.5791e+32,270
225,4,0.3500,0.5500,2.2880e+28,1.3092e+29,2.4780e+28,7.3550e+28,2.4293e+32,2.6051e+32,270
225,5,0.5500,1.0100,4.0700e+28,4.1370e+29,3.6690e+28,2.7532e+29,2.5874e+32,2.2841e+32,270
226,0,0.0000,0.0500,1.8800e+27,0.0000e+00,1.9700e+27,0.0000e+00,3.0315e+32,4.0228e+32,269
226,1,0.0500,0.1000,2.5200e+27,8.1000e+26,2.8700e+27,1.0000e+26,1.5466e+32,1.6641e+32,269
226,2,0.1000,0.2000,8.0600e+27,1.1410e+28,9.4800e+27,3.2300e+27,2.5013e+32,3.0052e+32,269
226,3,0.2000,0.3500,1.4410e+28,4.6790e+28,1.5150e+28,1.8550e+28,2.4383e+32,2.5857e+32,269
226,4,0.3500,0.5500,2.2430e+28,1.2917e+29,2.3170e+28,6.6460e+28,2.3442e+32,2.4037e+32,269
226,5,0.5500,1.0100,4.0320e+28,4.3810e+29,3.4700e+28,2.7412e+29,2.6251e+32,2.1944e+32,269
227,0,0.0000,0.0500,1.6200e+27,0.0000e+00,1.8400e+27,0.0000e+00,3.4536e+32,3.6975e+32,267
227,1,0.0500,0.1000,2.4800e+27,6.7000e+26,2.8000e+27,1.0000e+26,1.5385e+32,1.8222e+32,267
227,2,0.1000,0.2000,7.7600e+27,1.2170e+28,8.4000e+27,2.8500e+27,2.5398e+32,2.8953e+32,267
227,3,0.2000,0.3500,1.4130e+28,4.6600e+28,1.6450e+28,1.9720e+28,2.3480e+32,2.7113e+32,267
227,4,0.3500,0.5500,2.1190e+28,1.2166e+29,2.2890e+28,6.7770e+28,2.2262e+32,2.3546e+32,267
227,5,0.5500,1.0100,3.9410e+28,4.0641e+29,3.4170e+28,2.7516e+29,2.5063e+32,2.1958e+32,267
228,0,0.0000,0.0500,2.0500e+27,0.0000e+00,2.3400e+27,0.0000e+00,3.7781e+32,3.5454e+32,265
228,1,0.0500,0.1000,2.6700e+27,6.4000e+26,3.2200e+27,1.1000e+26,1.3879e+32,1.8779e+32,265
228,2,0.1000,0.2000,8.1000e+27,1.2130e+28,9.1900e+27,3.0900e+27,2.6277e+32,2.8108e+32,265
228,3,0.2000,0.3500,1.3100e+28,4.1310e+28,1.6160e+28,2.0470e+28,2.2035e+32,2.7549e+32,265
228,4,0.3500,0.5500,2.1560e+28,1.2832e+29,2.2920e+28,7.3520e+28,2.2752e+32,2.3914e+32,265
228,5,0.5500,1.0100,3.8750e+28,3.9194e+29,3.3990e+28,2.7659e+29,2.3732e+32,2.1030e+32,265
229,0,0.0000,0.0500,2.1200e+27,0.0000e+00,2.1000e+27,0.0000e+00,3.7253e+32,3.7232e+32,264
229,1,0.0500,0.1000,2.1100e+27,9.3000e+26,3.2300e+27,1.2000e+26,1.2834e+32,1.7333e+32,264
229,2,0.1000,0.2000,7.6700e+27,1.2750e+28,8.9600e+27,2.7900e+27,2.5711e+32,2.8191e+32,264
229,3,0.2000,0.3500,1.3650e+28,4.2860e+28,1.5460e+28,1.9640e+28,2.2726e+32,2.7521e+32,264
229,4,0.3500,0.5500,2.2750e+28,1.3654e+29,2.3150e+28,7.1700e+28,2.3802e+32,2.4134e+32,264
229,5,0.5500,1.0100,3.8040e+28,3.9588e+29,3.2210e+28,2.5988e+29,2.3227e+32,1.9429e+32,264
230,0,0.0000,0.0500,2.0700e+27,0.0000e+00,2.4600e+27,1.0000e+25,3.5341e+32,3.9938e+32,262
230,1,0.0500,0.1000,2.1200e+27,6.7000e+26,2.8100e+27,9.0000e+25,1.2776e+32,1.5770e+32,262
230,2,0.1000,0.2000,7.6300e+27,1.1780e+28,8.2000e+27,2.6800e+27,2.5247e+32,2.7707e+32,262
230,3,0.2000,0.3500,1.4630e+28,4.9130e+28,1.5370e+28,1.8200e+28,2.4463e+32,2.6545e+32,262
230,4,0.3500,0.5500,2.3690e+28,1.4216e+29,2.2530e+28,7.1710e+28,2.3964e+32,2.3659e+32,262
230,5,0.5500,1.0100,3.5720e+28,3.8786e+29,2.9320e+28,2.5042e+29,2.2279e+32,1.8580e+32,262
231,0,0.0000,0.0500,1.9300e+27,0.0000e+00,2.2700e+27,0.0000e+00,3.1637e+32,4.0263e+32,260
231,1,0.0500,0.1000,2.7500e+27,7.3000e+26,2.8600e+27,4.0000e+25,1.5397e+32,1.6157e+32,260
231,2,0.1000,0.2000,8.1100e+27,1.2880e+28,9.2600e+27,3.4700e+27,2.5367e+32,2.9454e+32,260
231,3,0.2000,0.3500,1.5480e+28,4.8980e+28,1.4830e+28,1.8210e+28,2.4492e+32,2.4075e+32,260
231,4,0.3500,0.5500,2.3760e+28,1.3745e+29,2.2020e+28,6.9510e+28,2.3340e+32,2.2882e+32,260
231,5,0.5500,1.0100,3.6360e+28,3.9022e+29,2.8590e+28,2.4024e+29,2.2319e+32,1.7828e+32,260
232,0,0.0000,0.0500,1.9800e+27,0.0000e+00,2.1500e+27,0.0000e+00,2.9770e+32,4.0475e+32,258
232,1,0.0500,0.1000,2.3700e+27,8.2000e+26,2.8700e+27,6.0000e+25,1.6255e+32,1.7337e+32,258
232,2,0.1000,0.2000,8.2900e+27,1.1710e+28,8.7500e+27,3.3800e+27,2.5350e+32,2.8804e+32,258
232,3,0.2000,0.3500,1.4920e+28,4.9670e+28,1.4730e+28,1.9380e+28,2.4597e+32,2.4790e+32,258
232,4,0.3500,0.5500,2.2140e+28,1.3051e+29,2.0620e+28,6.7920e+28,2.2495e+32,2.0776e+32,258
232,5,0.5500,1.0100,3.6250e+28,3.8393e+29,2.6390e+28,2.2173e+29,2.2472e+32,1.6960e+32,258
233,0,0.0000,0.0500,1.8100e+27,0.0000e+00,2.0500e+27,1.0000e+25,3.7041e+32,3.5535e+32,257
233,1,0.0500,0.1000,2.5100e+27,1.0300e+27,3.5800e+27,9.0000e+25,1.5910e+32,1.8937e+32,257
233,2,0.1000,0.2000,9.1500e+27,1.3540e+28,8.4800e+27,3.2800e+27,2.5967e+32,2.7678e+32,257
233,3,0.2000,0.3500,1.4870e+28,4.9870e+28,1.6630e+28,2.1570e+28,2.3594e+32,2.5986e+32,257
233,4,0.3500,0.5500,2.1250e+28,1.3149e+29,2.1630e+28,6.9650e+28,2.1431e+32,2.0923e+32,257
233,5,0.5500,1.0100,3.3530e+28,3.6096e+29,2.7820e+28,2.3915e+29,2.1074e+32,1.7169e+32,257
234,0,0.0000,0.0500,2.1700e+27,1.0000e+25,2.3100e+27,0.0000e+00,3.8397e+32,3.5147e+32,255
234,1,0.0500,0.1000,2.3300e+27,1.0900e+27,3.2000e+27,1.5000e+26,1.4168e+32,1.8887e+32,255
234,2,0.1000,0.2000,8.5700e+27,1.3970e+28,8.9900e+27,3.2300e+27,2.7096e+32,2.7210e+32,255
234,3,0.2000,0.3500,1.3380e+28,4.7310e+28,1.5970e+28,2.1350e+28,2.2375e+32,2.5990e+32,255
234,4,0.3500,0.5500,2.2880e+28,1.3369e+29,2.0530e+28,6.9680e+28,2.2392e+32,2.0892e+32,255
234,5,0.5500,1.0100,3.2650e+28,3.5618e+29,2.6560e+28,2.3798e+29,2.0327e+32,1.6153e+32,255
235,0,0.0000,0.0500,2.0100e+27,1.0000e+25,2.2800e+27,0.0000e+00,3.7893e+32,3.7053e+32,254
235,1,0.0500,0.1000,2.5100e+27,8.7000e+26,2.7800e+27,1.3000e+26,1.3249e+32,1.7299e+32,254
235,2,0.1000,0.2000,8.6700e+27,1.4090e+28,8.4300e+27,3.1100e+27,2.6258e+32,2.7219e+32,254
235,3,0.2000,0.3500,1.4950e+28,4.7080e+28,1.5760e+28,2.1400e+28,2.3354e+32,2.5952e+32,254
235,4,0.3500,0.5500,2.3900e+28,1.3810e+29,2.1830e+28,7.2560e+28,2.3208e+32,2.1011e+32,254
235,5,0.5500,1.0100,3.1470e+28,3.5163e+29,2.4740e+28,2.2545e+29,1.9773e+32,1.4880e+32,254
236,0,0.0000,0.0500,2.0200e+27,1.0000e+25,2.7700e+27,0.0000e+00,3.6123e+32,3.9816e+32,252
236,1,0.0500,0.1000,2.0200e+27,1.0000e+27,3.1000e+27,9.0000e+25,1.3061e+32,1.5610e+32,252
236,2,0.1000,0.2000,8.1800e+27,1.4290e+28,9.0500e+27,3.0100e+27,2.5859e+32,2.6699e+32,252
236,3,0.2000,0.3500,1.5110e+28,5.0510e+28,1.5050e+28,1.9590e+28,2.4924e+32,2.5034e+32,252
236,4,0.3500,0.5500,2.4120e+28,1.4140e+29,2.0370e+28,6.8660e+28,2.3320e+32,2.0577e+32,252
236,5,0.5500,1.0100,3.2470e+28,3.4976e+29,2.3870e+28,2.1159e+29,1.8824e+32,1.4224e+32,252
237,0,0.0000,0.0500,1.9300e+27,0.0000e+00,2.1700e+27,0.0000e+00,3.2260e+32,4.0168e+32,250
237,1,0.0500,0.1000,2.7600e+27,9.1000e+26,2.8200e+27,1.3000e+26,1.5770e+32,1.5938e+32,250
237,2,0.1000,0.2000,8.6800e+27,1.3640e+28,9.4800e+27,4.0600e+27,2.5979e+32,2.8183e+32,250
237,3,0.2000,0.3500,1.5580e+28,5.4390e+28,1.3720e+28,1.9460e+28,2.5063e+32,2.2561e+32,250
237,4,0.3500,0.5500,2.3620e+28,1.4177e+29,2.0180e+28,6.5830e+28,2.2825e+32,2.0059e+32,250
237,5,0.5500,1.0100,3.2000e+28,3.3873e+29,2.2880e+28,1.9788e+29,1.8618e+32,1.3654e+32,250
238,0,0.0000,0.0500,1.9200e+27,0.0000e+00,2.3200e+27,0.0000e+00,3.0313e+32,4.0408e+32,248
238,1,0.0500,0.1000,3.1700e+27,1.3600e+27,3.1000e+27,1.0000e+26,1.6920e+32,1.6938e+32,248
238,2,0.1000,0.2000,8.8900e+27,1.3870e+28,9.2600e+27,3.6800e+27,2.5817e+32,2.7789e+32,248
238,3,0.2000,0.3500,1.5950e+28,5.4490e+28,1.4620e+28,1.9920e+28,2.5217e+32,2.2895e+32,248
238,4,0.3500,0.5500,2.3200e+28,1.3815e+29,1.8860e+28,6.2540e+28,2.1860e+32,1.8124e+32,248
238,5,0.5500,1.0100,3.1520e+28,3.3752e+29,2.1360e+28,1.8810e+29,1.8736e+32,1.3005e+32,248
239,0,0.0000,0.0500,2.0800e+27,0.0000e+00,2.2400e+27,1.0000e+25,3.4206e+32,3.7155e+32,247
239,1,0.0500,0.1000,2.9100e+27,1.3200e+27,3.2100e+27,1.9000e+26,1.7005e+32,1.8269e+32,247
239,2,0.1000,0.2000,8.8600e+27,1.3960e+28,9.0700e+27,3.9800e+27,2.6347e+32,2.6886e+32,247
239,3,0.2000,0.3500,1.6230e+28,5.3120e+28,1.5770e+28,2.0860e+28,2.4790e+32,2.3616e+32,247
239,4,0.3500,0.5500,2.1900e+28,1.3483e+29,1.7890e+28,6.1520e+28,2.1110e+32,1.7624e+32,247
239,5,0.5500,1.0100,3.0690e+28,3.2964e+29,2.2030e+28,2.0102e+29,1.8182e+32,1.2869e+32,247
240,0,0.0000,0.0500,2.0000e+27,0.0000e+00,2.2700e+27,1.0000e+25,3.9370e+32,3.4127e+32,245
240,1,0.0500,0.1000,3.1900e+27,1.3400e+27,3.4200e+27,1.6000e+26,1.5849e+32,1.8661e+32,245
240,2,0.1000,0.2000,9.6500e+27,1.6150e+28,9.0200e+27,4.1500e+27,2.7097e+32,2.6032e+32,245
240,3,0.2000,0.3500,1.5180e+28,5.3000e+28,1.5500e+28,2.1120e+28,2.3708e+32,2.3948e+32,245
240,4,0.3500,0.5500,2.1170e+28,1.3968e+29,1.7930e+28,6.5040e+28,2.1001e+32,1.7748e+32,245
240,5,0.5500,1.0100,2.9040e+28,3.1389e+29,2.1330e+28,1.9886e+29,1.7167e+32,1.2448e+32,245
241,0,0.0000,0.0500,2.1300e+27,0.0000e+00,2.2900e+27,0.0000e+00,3.8574e+32,3.5092e+32,243
241,1,0.0500,0.1000,2.5000e+27,1.3700e+27,3.0900e+27,2.2000e+26,1.4278e+32,1.7863e+32,243
241,2,0.1000,0.2000,9.7600e+27,1.7840e+28,8.7800e+27,3.4900e+27,2.8021e+32,2.5956e+32,243
241,3,0.2000,0.3500,1.3840e+28,5.0480e+28,1.5150e+28,2.0080e+28,2.2702e+32,2.3500e+32,243
241,4,0.3500,0.5500,2.3350e+28,1.4509e+29,1.8690e+28,6.4670e+28,2.2471e+32,1.7706e+32,243
241,5,0.5500,1.0100,2.8120e+28,3.1838e+29,1.9230e+28,1.9184e+29,1.6576e+32,1.1463e+32,243
242,0,0.0000,0.0500,2.6400e+27,0.0000e+00,2.5900e+27,1.0000e+25,3.8357e+32,3.7527e+32,242
242,1,0.0500,0.1000,2.5800e+27,1.4800e+27,2.7300e+27,1.3000e+26,1.3409e+32,1.5828e+32,242
242,2,0.1000,0.2000,9.2800e+27,1.4710e+28,8.1600e+27,2.9300e+27,2.6228e+32,2.5767e+32,242
242,3,0.2000,0.3500,1.5740e+28,5.4390e+28,1.4480e+28,2.0370e+28,2.5087e+32,2.3536e+32,242
242,4,0.3500,0.5500,2.3850e+28,1.4937e+29,1.8900e+28,6.5220e+28,2.2551e+32,1.7447e+32,242
242,5,0.5500,1.0100,2.6760e+28,3.0669e+29,1.8240e+28,1.7633e+29,1.5979e+32,1.0596e+32,242
243,0,0.0000,0.0500,2.2800e+27,0.0000e+00,2.2700e+27,1.0000e+25,3.5345e+32,3.9854e+32,240
243,1,0.0500,0.1000,2.5700e+27,1.1600e+27,2.8900e+27,2.1000e+26,1.4218e+32,1.4811e+32,240
243,2,0.1000,0.2000,8.7100e+27,1.4180e+28,8.4900e+27,3.9400e+27,2.6641e+32,2.5271e+32,240
243,3,0.2000,0.3500,1.7060e+28,5.9190e+28,1.4470e+28,2.0360e+28,2.6212e+32,2.2218e+32,240
243,4,0.3500,0.5500,2.3720e+28,1.5485e+29,1.8370e+28,6.3840e+28,2.2420e+32,1.6990e+32,240
243,5,0.5500,1.0100,2.5910e+28,3.0192e+29,1.7250e+28,1.7031e+29,1.5137e+32,1.0211e+32,240
244,0,0.0000,0.0500,2.3500e+27,2.0000e+25,2.2600e+27,1.0000e+25,3.1890e+32,3.9708e+32,238
244,1,0.0500,0.1000,3.1000e+27,1.4800e+27,2.8100e+27,1.6000e+26,1.6870e+32,1.5333e+32,238
244,2,0.1000,0.2000,8.9900e+27,1.4450e+28,9.0900e+27,4.1200e+27,2.6626e+32,2.6861e+32,238
244,3,0.2000,0.3500,1.6660e+28,5.8030e+28,1.3630e+28,2.0180e+28,2.5799e+32,2.0027e+32,238
244,4,0.3500,0.5500,2.4350e+28,1.4665e+29,1.7370e+28,6.1520e+28,2.1780e+32,1.6409e+32,238
244,5,0.5500,1.0100,2.5660e+28,2.9418e+29,1.6860e+28,1.6601e+29,1.5319e+32,9.7403e+31,238
245,0,0.0000,0.0500,2.3100e+27,1.0000e+25,2.2600e+27,0.0000e+00,3.0261e+32,3.9869e+32,236
245,1,0.0500,0.1000,3.1900e+27,1.5700e+27,2.7000e+27,1.7000e+26,1.7674e+32,1.6438e+32,236
245,2,0.1000,0.2000,9.8700e+27,1.5240e+28,9.3400e+27,4.1600e+27,2.6429e+32,2.5930e+32,236
245,3,0.2000,0.3500,1.7530e+28,6.1000e+28,1.3990e+28,2.1370e+28,2.6058e+32,2.0504e+32,236
245,4,0.3500,0.5500,2.2890e+28,1.4185e+29,1.6120e+28,5.8910e+28,2.0888e+32,1.4792e+32,236
245,5,0.5500,1.0100,2.6910e+28,2.9897e+29,1.5870e+28,1.5814e+29,1.5308e+32,9.2686e+31,236
246,0,0.0000,0.0500,1.9200e+27,1.0000e+25,2.2000e+27,0.0000e+00,3.3983e+32,3.6648e+32,235
246,1,0.0500,0.1000,3.2100e+27,1.7600e+27,2.9200e+27,2.0000e+26,1.7841e+32,1.7517e+32,235
246,2,0.1000,0.2000,1.0090e+28,1.6150e+28,8.6500e+27,4.0200e+27,2.6937e+32,2.5148e+32,235
246,3,0.2000,0.3500,1.7350e+28,6.0900e+28,1.4740e+28,2.2110e+28,2.5659e+32,2.1046e+32,235
246,4,0.3500,0.5500,2.2630e+28,1.3896e+29,1.5520e+28,5.6600e+28,2.0317e+32,1.4333e+32,235
246,5,0.5500,1.0100,2.5090e+28,2.9477e+29,1.5750e+28,1.6084e+29,1.4871e+32,9.0937e+31,235
247,0,0.0000,0.0500,2.0900e+27,1.0000e+25,2.4000e+27,1.0000e+25,4.0038e+32,3.2847e+32,233
247,1,0.0500,0.1000,3.2400e+27,2.1100e+27,3.5500e+27,2.0000e+26,1.6972e+32,1.7792e+32,233
247,2,0.1000,0.2000,9.6100e+27,1.8060e+28,8.5800e+27,4.2000e+27,2.7573e+32,2.4315e+32,233
247,3,0.2000,0.3500,1.7070e+28,6.2410e+28,1.4500e+28,2.1120e+28,2.4543e+32,2.1331e+32,233
247,4,0.3500,0.5500,2.2220e+28,1.4461e+29,1.6090e+28,5.7670e+28,2.0123e+32,1.4405e+32,233
247,5,0.5500,1.0100,2.3750e+28,2.7116e+29,1.5310e+28,1.6018e+29,1.4027e+32,8.8128e+31,233
248,0,0.0000,0.0500,2.2000e+27,2.0000e+25,2.2600e+27,0.0000e+00,3.9505e+32,3.3638e+32,232
248,1,0.0500,0.1000,2.4500e+27,1.6800e+27,3.0400e+27,1.6000e+26,1.5100e+32,1.7403e+32,232
248,2,0.1000,0.2000,1.0640e+28,1.9780e+28,8.6900e+27,3.8900e+27,2.9206e+32,2.4348e+32,232
248,3,0.2000,0.3500,1.5600e+28,5.8180e+28,1.3770e+28,2.1230e+28,2.3433e+32,2.0877e+32,232
248,4,0.3500,0.5500,2.3320e+28,1.5309e+29,1.5150e+28,6.2210e+28,2.1526e+32,1.4294e+32,232
248,5,0.5500,1.0100,2.3170e+28,2.7336e+29,1.5230e+28,1.5757e+29,1.3496e+32,8.1717e+31,232
249,0,0.0000,0.0500,2.4700e+27,0.0000e+00,2.5300e+27,2.0000e+25,3.8822e+32,3.5275e+32,229
249,1,0.0500,0.1000,2.7100e+27,1.8900e+27,2.9200e+27,2.1000e+26,1.4273e+32,1.5573e+32,229
249,2,0.1000,0.2000,9.9200e+27,1.8180e+28,8.6700e+27,3.6600e+27,2.7321e+32,2.3995e+32,229
249,3,0.2000,0.3500,1.6460e+28,6.0940e+28,1.3170e+28,2.0910e+28,2.5003e+32,2.0781e+32,229
249,4,0.3500,0.5500,2.4660e+28,1.5618e+29,1.6050e+28,6.0870e+28,2.1602e+32,1.3996e+32,229
249,5,0.5500,1.0100,2.2600e+28,2.6414e+29,1.3670e+28,1.4161e+29,1.2928e+32,7.3632e+31,229
250,0,0.0000,0.0500,2.6600e+27,2.0000e+25,2.6700e+27,1.0000e+25,3.7759e+32,3.7809e+32,228
250,1,0.0500,0.1000,2.7100e+27,1.6200e+27,2.6300e+27,2.6000e+26,1.3784e+32,1.4027e+32,228
250,2,0.1000,0.2000,9.0600e+27,1.6840e+28,7.6300e+27,4.0200e+27,2.6887e+32,2.3415e+32,228
250,3,0.2000,0.3500,1.8370e+28,6.4410e+28,1.3410e+28,2.0590e+28,2.6582e+32,2.0208e+32,228
250,4,0.3500,0.5500,2.4480e+28,1.6005e+29,1.5790e+28,5.6120e+28,2.1687e+32,1.3712e+32,228
250,5,0.5500,1.0100,2.2050e+28,2.5248e+29,1.3010e+28,1.4143e+29,1.2222e+32,7.0551e+31,228
251,0,0.0000,0.0500,2.4900e+27,1.0000e+25,2.5900e+27,0.0000e+00,3.4422e+32,3.8620e+32,227
251,1,0.0500,0.1000,3.0100e+27,1.6800e+27,2.7900e+27,1.9000e+26,1.5846e+32,1.4077e+32,227
251,2,0.1000,0.2000,9.9300e+27,1.6900e+28,8.9400e+27,4.6500e+27,2.7404e+32,2.3869e+32,227
251,3,0.2000,0.3500,1.8350e+28,6.8210e+28,1.2670e+28,1.9310e+28,2.7082e+32,1.8794e+32,227
251,4,0.3500,0.5500,2.4330e+28,1.5728e+29,1.4640e+28,5.8170e+28,2.1347e+32,1.3341e+32,227
251,5,0.5500,1.0100,2.0970e+28,2.5604e+29,1.2800e+28,1.3496e+29,1.1713e+32,6.8181e+31,227
252,0,0.0000,0.0500,2.3100e+27,3.0000e+25,2.3900e+27,0.0000e+00,3.1559e+32,3.8603e+32,225
252,1,0.0500,0.1000,3.3500e+27,1.6600e+27,2.6100e+27,3.1000e+26,1.7895e+32,1.4408e+32,225
252,2,0.1000,0.2000,1.0230e+28,1.7650e+28,9.1800e+27,4.6400e+27,2.7425e+32,2.4866e+32,225
252,3,0.2000,0.3500,1.8210e+28,6.9470e+28,1.2170e+28,1.9130e+28,2.6751e+32,1.7341e+32,225
252,4,0.3500,0.5500,2.3130e+28,1.5363e+29,1.3770e+28,5.2940e+28,2.0518e+32,1.2632e+32,225
252,5,0.5500,1.0100,2.1700e+28,2.5483e+29,1.2110e+28,1.3556e+29,1.1971e+32,6.4614e+31,225
253,0,0.0000,0.0500,2.3000e+27,0.0000e+00,2.1500e+27,0.0000e+00,3.0209e+32,3.8644e+32,223
253,1,0.0500,0.1000,3.7900e+27,2.2500e+27,2.9600e+27,2.5000e+26,1.8453e+32,1.5606e+32,223
253,2,0.1000,0.2000,1.0470e+28,1.7900e+28,8.8300e+27,4.9700e+27,2.7153e+32,2.3645e+32,223
253,3,0.2000,0.3500,1.9180e+28,7.2620e+28,1.1890e+28,2.1580e+28,2.6991e+32,1.7682e+32,223
253,4,0.3500,0.5500,2.2790e+28,1.5210e+29,1.2430e+28,5.3110e+28,1.9803e+32,1.1412e+32,223
253,5,0.5500,1.0100,2.1240e+28,2.5238e+29,1.0750e+28,1.3106e+29,1.1845e+32,6.1607e+31,223
254,0,0.0000,0.0500,2.3800e+27,0.0000e+00,2.3500e+27,1.0000e+25,3.3139e+32,3.5748e+32,221
254,1,0.0500,0.1000,3.8900e+27,2.2000e+27,3.4000e+27,2.8000e+26,1.8721e+32,1.6205e+32,221
254,2,0.1000,0.2000,1.0380e+28,1.9080e+28,8.6600e+27,4.6400e+27,2.7483e+32,2.2901e+32,221
254,3,0.2000,0.3500,1.9070e+28,7.4330e+28,1.2640e+28,2.0420e+28,2.6618e+32,1.7949e+32,221
254,4,0.3500,0.5500,2.2520e+28,1.4790e+29,1.1970e+28,5.0020e+28,1.9247e+32,1.0969e+32,221
254,5,0.5500,1.0100,2.0480e+28,2.4257e+29,1.1370e+28,1.3051e+29,1.1436e+32,5.9827e+31,221
255,0,0.0000,0.0500,2.2200e+27,0.0000e+00,2.3500e+27,1.0000e+25,4.0612e+32,3.1040e+32,220
255,1,0.0500,0.1000,3.8500e+27,2.9600e+27,3.5800e+27,2.4000e+26,1.8172e+32,1.6611e+32,220
255,2,0.1000,0.2000,1.1250e+28,2.0840e+28,8.1500e+27,4.5300e+27,2.8229e+32,2.2236e+32,220
255,3,0.2000,0.3500,1.7920e+28,7.3900e+28,1.2950e+28,2.2980e+28,2.5505e+32,1.8330e+32,220
255,4,0.3500,0.5500,2.1470e+28,1.4485e+29,1.3090e+28,5.3150e+28,1.8934e+32,1.1084e+32,220
255,5,0.5500,1.0100,1.9660e+28,2.3329e+29,1.1050e+28,1.2630e+29,1.0796e+32,5.8998e+31,220
256,0,0.0000,0.0500,2.4600e+27,0.0000e+00,2.3700e+27,1.0000e+25,4.0234e+32,3.1842e+32,219
256,1,0.0500,0.1000,3.0400e+27,2.3300e+27,3.3500e+27,1.7000e+26,1.6083e+32,1.6352e+32,219
256,2,0.1000,0.2000,1.1590e+28,2.2700e+28,8.2600e+27,4.4400e+27,2.9686e+32,2.2032e+32,219
256,3,0.2000,0.3500,1.8050e+28,7.0830e+28,1.2900e+28,2.2590e+28,2.4830e+32,1.8031e+32,219
256,4,0.3500,0.5500,2.2570e+28,1.5333e+29,1.2650e+28,5.4020e+28,1.9917e+32,1.0810e+32,219
256,5,0.5500,1.0100,1.9180e+28,2.3031e+29,1.0250e+28,1.2618e+29,1.0427e+32,5.4602e+31,219
257,0,0.0000,0.0500,2.5000e+27,3.0000e+25,2.2900e+27,0.0000e+00,3.9348e+32,3.2668e+32,217
257,1,0.0500,0.1000,3.1700e+27,2.7200e+27,3.0600e+27,2.8000e+26,1.5475e+32,1.5473e+32,217
257,2,0.1000,0.2000,1.2010e+28,2.2600e+28,8.0600e+27,3.7800e+27,2.9620e+32,2.1883e+32,217
257,3,0.2000,0.3500,1.7930e+28,6.5940e+28,1.2760e+28,2.1000e+28,2.4362e+32,1.7659e+32,217
257,4,0.3500,0.5500,2.4950e+28,1.6235e+29,1.2310e+28,5.3830e+28,2.0711e+32,1.0736e+32,217
257,5,0.5500,1.0100,1.8270e+28,2.3060e+29,9.6700e+27,1.2208e+29,9.9774e+31,4.9899e+31,217
258,0,0.0000,0.0500,2.7700e+27,1.0000e+25,2.5900e+27,2.0000e+25,3.9147e+32,3.4370e+32,215
258,1,0.0500,0.1000,3.3900e+27,2.4700e+27,2.6100e+27,2.4000e+26,1.4568e+32,1.3676e+32,215
258,2,0.1000,0.2000,1.0300e+28,1.9340e+28,7.9300e+27,4.3000e+27,2.7583e+32,2.1667e+32,215
258,3,0.2000,0.3500,1.8830e+28,7.4330e+28,1.2170e+28,2.1170e+28,2.6698e+32,1.7569e+32,215
258,4,0.3500,0.5500,2.3330e+28,1.5950e+29,1.2960e+28,5.2530e+28,2.0346e+32,1.0397e+32,215
258,5,0.5500,1.0100,1.8530e+28,2.1649e+29,9.0100e+27,1.0991e+29,9.4629e+31,4.5972e+31,215
259,0,0.0000,0.0500,2.9400e+27,4.0000e+25,2.6700e+27,1.0000e+25,3.7332e+32,3.6317e+32,213
259,1,0.0500,0.1000,3.0600e+27,2.4300e+27,2.8300e+27,2.8000e+26,1.4386e+32,1.2633e+32,213
259,2,0.1000,0.2000,1.1510e+28,1.8480e+28,8.1100e+27,4.5000e+27,2.7835e+32,2.0856e+32,213
259,3,0.2000,0.3500,1.9270e+28,7.4620e+28,1.2030e+28,2.1560e+28,2.7559e+32,1.6818e+32,213
259,4,0.3500,0.5500,2.4260e+28,1.6605e+29,1.2190e+28,5.1520e+28,2.0102e+32,1.0136e+32,213
259,5,0.5500,1.0100,1.6310e+28,2.2078e+29,8.5500e+27,1.1160e+29,8.9063e+31,4.4077e+31,213
260,0,0.0000,0.0500,2.7100e+27,2.0000e+25,2.8200e+27,1.0000e+25,3.4231e+32,3.6545e+32,212
260,1,0.0500,0.1000,3.3800e+27,2.3000e+27,2.5200e+27,2.7000e+26,1.6610e+32,1.2887e+32,212
260,2,0.1000,0.2000,1.1080e+28,1.8830e+28,7.9300e+27,5.0200e+27,2.8073e+32,2.1334e+32,212
260,3,0.2000,0.3500,1.9730e+28,7.9150e+28,1.0820e+28,1.9560e+28,2.7870e+32,1.5682e+32,212
260,4,0.3500,0.5500,2.3580e+28,1.6347e+29,1.1630e+28,4.9460e+28,1.9708e+32,9.8560e+31,212
260,5,0.5500,1.0100,1.5670e+28,2.0541e+29,8.1300e+27,1.0862e+29,8.5425e+31,4.2496e+31,212
261,0,0.0000,0.0500,2.5400e+27,2.0000e+25,2.1900e+27,1.0000e+25,3.1742e+32,3.6575e+32,211
261,1,0.0500,0.1000,3.8400e+27,2.2100e+27,2.6700e+27,2.8000e+26,1.8526e+32,1.3227e+32,211
261,2,0.1000,0.2000,1.1260e+28,2.0730e+28,8.4100e+27,5.5100e+27,2.8308e+32,2.2297e+32,211
261,3,0.2000,0.3500,2.0300e+28,7.7990e+28,1.0430e+28,1.9080e+28,2.7379e+32,1.4310e+32,211
261,4,0.3500,0.5500,2.2710e+28,1.5544e+29,1.1340e+28,4.7700e+28,1.9188e+32,9.4968e+31,211
261,5,0.5500,1.0100,1.6400e+28,2.0995e+29,7.8100e+27,1.0927e+29,8.7596e+31,4.0333e+31,211
262,0,0.0000,0.0500,2.4500e+27,0.0000e+00,2.3300e+27,0.0000e+00,3.0429e+32,3.6717e+32,209
262,1,0.0500,0.1000,3.9000e+27,2.7500e+27,2.8600e+27,3.1000e+26,1.9442e+32,1.3773e+32,209
262,2,0.1000,0.2000,1.1060e+28,2.1370e+28,8.4400e+27,4.9700e+27,2.7711e+32,2.1292e+32,209
262,3,0.2000,0.3500,2.0450e+28,8.4320e+28,1.0770e+28,1.9900e+28,2.7694e+32,1.4654e+32,209
262,4,0.3500,0.5500,2.2600e+28,1.5087e+29,1.0810e+28,4.6420e+28,1.8257e+32,8.5784e+31,209
262,5,0.5500,1.0100,1.5990e+28,2.0293e+29,7.3400e+27,1.0810e+29,8.6261e+31,3.8560e+31,209
263,0,0.0000,0.0500,2.4100e+27,1.0000e+25,2.0200e+27,2.0000e+25,2.8876e+32,3.6665e+32,207
263,1,0.0500,0.1000,3.8200e+27,2.8700e+27,3.1900e+27,2.6000e+26,1.9325e+32,1.4405e+32,207
263,2,0.1000,0.2000,1.1180e+28,2.2320e+28,8.3900e+27,5.2300e+27,2.8319e+32,2.0800e+32,207
263,3,0.2000,0.3500,2.1230e+28,8.7050e+28,1.0820e+28,2.1060e+28,2.7444e+32,1.4373e+32,207
263,4,0.3500,0.5500,2.1660e+28,1.4827e+29,1.0240e+28,4.3910e+28,1.7942e+32,7.9505e+31,207
263,5,0.5500,1.0100,1.5670e+28,2.0908e+29,6.8400e+27,1.0119e+29,8.4903e+31,3.6325e+31,207
264,0,0.0000,0.0500,2.2000e+27,0.0000e+00,2.4300e+27,1.0000e+25,3.7619e+32,3.0675e+32,206
264,1,0.0500,0.1000,4.2300e+27,3.5800e+27,3.0000e+27,3.9000e+26,1.9211e+32,1.5253e+32,206
264,2,0.1000,0.2000,1.1390e+28,2.2900e+28,7.8500e+27,5.0600e+27,2.8662e+32,1.9966e+32,206
264,3,0.2000,0.3500,2.1180e+28,9.0090e+28,1.1670e+28,2.2560e+28,2.6806e+32,1.4908e+32,206
264,4,0.3500,0.5500,2.1610e+28,1.4670e+29,9.8600e+27,4.4510e+28,1.7320e+32,7.9675e+31,206
264,5,0.5500,1.0100,1.5740e+28,1.9842e+29,7.0600e+27,1.1091e+29,7.9637e+31,3.6650e+31,206
265,0,0.0000,0.0500,2.4000e+27,1.0000e+25,2.2900e+27,2.0000e+25,4.0347e+32,2.8950e+32,204
265,1,0.0500,0.1000,3.8600e+27,4.3000e+27,3.3000e+27,3.3000e+26,1.9128e+32,1.4937e+32,204
265,2,0.1000,0.2000,1.1810e+28,2.5240e+28,8.2100e+27,5.2900e+27,2.9021e+32,1.9484e+32,204
265,3,0.2000,0.3500,2.0480e+28,8.6590e+28,1.1460e+28,2.2820e+28,2.5786e+32,1.4822e+32,204
265,4,0.3500,0.5500,2.1070e+28,1.4408e+29,9.6100e+27,4.7370e+28,1.7198e+32,7.8933e+31,204
265,5,0.5500,1.0100,1.4790e+28,1.9019e+29,6.6000e+27,1.0501e+29,7.5997e+31,3.4636e+31,204
266,0,0.0000,0.0500,2.5300e+27,2.0000e+25,2.3300e+27,1.0000e+25,4.0288e+32,2.9496e+32,203
266,1,0.0500,0.1000,3.8500e+27,3.4500e+27,3.4400e+27,3.1000e+26,1.6699e+32,1.4764e+32,203
266,2,0.1000,0.2000,1.2930e+28,2.6770e+28,7.7500e+27,5.4000e+27,3.0518e+32,1.9306e+32,203
266,3,0.2000,0.3500,1.9870e+28,8.2210e+28,1.1120e+28,2.2780e+28,2.5364e+32,1.4558e+32,203
266,4,0.3500,0.5500,2.2070e+28,1.4580e+29,1.0030e+28,4.7180e+28,1.7827e+32,7.6492e+31,203
266,5,0.5500,1.0100,1.4440e+28,1.7894e+29,6.1600e+27,9.9630e+28,7.3176e+31,3.2171e+31,203
267,0,0.0000,0.0500,2.8500e+27,2.0000e+25,2.2000e+27,1.0000e+25,3.9431e+32,2.9988e+32,202
267,1,0.0500,0.1000,3.9100e+27,3.5700e+27,3.0100e+27,2.7000e+26,1.6327e+32,1.4274e+32,202
267,2,0.1000,0.2000,1.3310e+28,2.8520e+28,7.7400e+27,5.1500e+27,3.1429e+32,1.9349e+32,202
267,3,0.2000,0.3500,1.9180e+28,7.7530e+28,1.1110e+28,2.1420e+28,2.4076e+32,1.4204e+32,202
267,4,0.3500,0.5500,2.2780e+28,1.5510e+29,9.9700e+27,4.3500e+28,1.8728e+32,7.6209e+31,202
267,5,0.5500,1.0100,1.3420e+28,1.8367e+29,6.1400e+27,9.6330e+28,6.9580e+31,2.9817e+31,202
268,0,0.0000,0.0500,3.0700e+27,6.0000e+25,2.9500e+27,3.0000e+25,3.9211e+32,3.1173e+32,200
268,1,0.0500,0.1000,3.4600e+27,3.1900e+27,2.8600e+27,3.4000e+26,1.5516e+32,1.2953e+32,200
268,2,0.1000,0.2000,1.1900e+28,2.2790e+28,7.6600e+27,4.7700e+27,2.9289e+32,1.9047e+32,200
268,3,0.2000,0.3500,2.0710e+28,7.9940e+28,1.0700e+28,2.1970e+28,2.6201e+32,1.4245e+32,200
268,4,0.3500,0.5500,2.3490e+28,1.5242e+29,9.3400e+27,4.3680e+28,1.8303e+32,7.3183e+31,200
268,5,0.5500,1.0100,1.3200e+28,1.7426e+29,5.6500e+27,9.4120e+28,6.6859e+31,2.6784e+31,200
269,0,0.0000,0.0500,2.8600e+27,3.0000e+25,2.3700e+27,3.0000e+25,3.8987e+32,3.2236e+32,198
269,1,0.0500,0.1000,3.3200e+27,3.3100e+27,2.8000e+27,2.6000e+26,1.4823e+32,1.1772e+32,198
269,2,0.1000,0.2000,1.1010e+28,2.2480e+28,7.6700e+27,4.2900e+27,2.8193e+32,1.8803e+32,198
269,3,0.2000,0.3500,2.1200e+28,8.5700e+28,1.0300e+28,2.0850e+28,2.7208e+32,1.3910e+32,198
269,4,0.3500,0.5500,2.2720e+28,1.5021e+29,8.9000e+27,4.5160e+28,1.7954e+32,7.1306e+31,198
269,5,0.5500,1.0100,1.2650e+28,1.6913e+29,4.8400e+27,9.7290e+28,6.2582e+31,2.5676e+31,198
270,0,0.0000,0.0500,3.0200e+27,6.0000e+25,2.3700e+27,1.0000e+25,3.7175e+32,3.4115e+32,198
270,1,0.0500,0.1000,3.2200e+27,3.0500e+27,2.3900e+27,4.5000e+26,1.4930e+32,1.1200e+32,198
270,2,0.1000,0.2000,1.2190e+28,2.1740e+28,7.4100e+27,4.7700e+27,2.9153e+32,1.8144e+32,198
270,3,0.2000,0.3500,2.2240e+28,8.9180e+28,1.0420e+28,2.1180e+28,2.8110e+32,1.3382e+32,198
270,4,0.3500,0.5500,2.2390e+28,1.5408e+29,9.3200e+27,4.4150e+28,1.7710e+32,6.9881e+31,198
270,5,0.5500,1.0100,1.1870e+28,1.6132e+29,5.6600e+27,9.4610e+28,5.9111e+31,2.4937e+31,198
271,0,0.0000,0.0500,2.6600e+27,4.0000e+25,2.2700e+27,4.0000e+25,3.4359e+32,3.3645e+32,195
271,1,0.0500,0.1000,3.5000e+27,2.8100e+27,2.7300e+27,4.1000e+26,1.6579e+32,1.1340e+32,195
271,2,0.1000,0.2000,1.2870e+28,2.4100e+28,7.4400e+27,5.1000e+27,2.9078e+32,1.8264e+32,195
271,3,0.2000,0.3500,2.1190e+28,9.5090e+28,9.8800e+27,1.9170e+28,2.8014e+32,1.2578e+32,195
271,4,0.3500,0.5500,2.2780e+28,1.5166e+29,8.2200e+27,4.1190e+28,1.7025e+32,6.7032e+31,195
271,5,0.5500,1.0100,1.1580e+28,1.6598e+29,4.7400e+27,9.0350e+28,5.5177e+31,2.3899e+31,195
272,0,0.0000,0.0500,2.2600e+27,5.0000e+25,2.2700e+27,0.0000e+00,3.2173e+32,3.3694e+32,195
272,1,0.0500,0.1000,4.3100e+27,3.0600e+27,2.7000e+27,4.2000e+26,1.8699e+32,1.1710e+32,195
272,2,0.1000,0.2000,1.2330e+28,2.5530e+28,7.7500e+27,5.4000e+27,2.9341e+32,1.9129e+32,195
272,3,0.2000,0.3500,2.1700e+28,9.2390e+28,8.7500e+27,1.9230e+28,2.7297e+32,1.1407e+32,195
272,4,0.3500,0.5500,2.1540e+28,1.4803e+29,8.7500e+27,4.2750e+28,1.6921e+32,6.5782e+31,195
272,5,0.5500,1.0100,1.1040e+28,1.6538e+29,4.8200e+27,8.9100e+28,5.7028e+31,2.2879e+31,195
273,0,0.0000,0.0500,2.7200e+27,4.0000e+25,2.1800e+27,2.0000e+25,3.0719e+32,3.3783e+32,193
273,1,0.0500,0.1000,4.1300e+27,3.1900e+27,2.3600e+27,4.0000e+26,1.9429e+32,1.1649e+32,193
273,2,0.1000,0.2000,1.2470e+28,2.6750e+28,7.9600e+27,5.2100e+27,2.9086e+32,1.8911e+32,193
273,3,0.2000,0.3500,2.2700e+28,9.5430e+28,8.9600e+27,1.9280e+28,2.7412e+32,1.1249e+32,193
273,4,0.3500,0.5500,2.0280e+28,1.4046e+29,7.8500e+27,4.1240e+28,1.6003e+32,6.1004e+31,193
273,5,0.5500,1.0100,1.1530e+28,1.6662e+29,4.6800e+27,9.1390e+28,5.6785e+31,2.1892e+31,193
274,0,0.0000,0.0500,2.7600e+27,5.0000e+25,2.0800e+27,0.0000e+00,2.9753e+32,3.3657e+32,191
274,1,0.0500,0.1000,4.5900e+27,3.5700e+27,2.8700e+27,4.0000e+26,2.0133e+32,1.2305e+32,191
274,2,0.1000,0.2000,1.2260e+28,2.7340e+28,7.9000e+27,5.6800e+27,2.8415e+32,1.8005e+32,191
274,3,0.2000,0.3500,2.2900e+28,1.0193e+29,9.3300e+27,2.0580e+28,2.7437e+32,1.1297e+32,191
274,4,0.3500,0.5500,2.0330e+28,1.3321e+29,7.2400e+27,3.6660e+28,1.5323e+32,5.5913e+31,191
274,5,0.5500,1.0100,1.0400e+28,1.6059e+29,4.1300e+27,8.8340e+28,5.4941e+31,2.1097e+31,191
275,0,0.0000,0.0500,2.6700e+27,3.0000e+25,1.9900e+27,1.0000e+25,2.8813e+32,3.3841e+32,191
275,1,0.0500,0.1000,4.5300e+27,3.8900e+27,3.0200e+27,4.6000e+26,1.9838e+32,1.2861e+32,191
275,2,0.1000,0.2000,1.2680e+28,2.8470e+28,7.6600e+27,5.9000e+27,2.9493e+32,1.7874e+32,191
275,3,0.2000,0.3500,2.1870e+28,1.0239e+29,8.8200e+27,2.0920e+28,2.7319e+32,1.1097e+32,191
275,4,0.3500,0.5500,2.0580e+28,1.3209e+29,7.2200e+27,3.7420e+28,1.5183e+32,5.2128e+31,191
275,5,0.5500,1.0100,1.0820e+28,1.5840e+29,4.0700e+27,8.3210e+28,5.4377e+31,2.0232e+31,191
276,0,0.0000,0.0500,2.0200e+27,4.0000e+25,2.0500e+27,3.0000e+25,3.1165e+32,3.1631e+32,189
276,1,0.0500,0.1000,4.8100e+27,5.3400e+27,3.1300e+27,3.3000e+26,2.0612e+32,1.2978e+32,189
276,2,0.1000,0.2000,1.2820e+28,2.9020e+28,7.7000e+27,5.6500e+27,2.9189e+32,1.7257e+32,189
276,3,0.2000,0.3500,2.2360e+28,1.0084e+29,9.1300e+27,2.0590e+28,2.7006e+32,1.1170e+32,189
276,4,0.3500,0.5500,1.9940e+28,1.2884e+29,6.6600e+27,3.6010e+28,1.4617e+32,5.0934e+31,189
276,5,0.5500,1.0100,1.0480e+28,1.5533e+29,4.0500e+27,8.4630e+28,5.1285e+31,1.9449e+31,189
277,0,0.0000,0.0500,2.5000e+27,2.0000e+25,2.1900e+27,2.0000e+25,4.0906e+32,2.5373e+32,187
277,1,0.0500,0.1000,4.5000e+27,5.6700e+27,3.1000e+27,4.2000e+26,1.9509e+32,1.3366e+32,187
277,2,0.1000,0.2000,1.3360e+28,2.8840e+28,7.5100e+27,5.2300e+27,2.9892e+32,1.6850e+32,187
277,3,0.2000,0.3500,2.2420e+28,9.9850e+28,9.6200e+27,2.1710e+28,2.5835e+32,1.1368e+32,187
277,4,0.3500,0.5500,1.8380e+28,1.2699e+29,7.0200e+27,3.6770e+28,1.4135e+32,5.1198e+31,187
277,5,0.5500,1.0100,1.0070e+28,1.5087e+29,3.9300e+27,8.5620e+28,4.8126e+31,1.9723e+31,187
278,0,0.0000,0.0500,2.9100e+27,8.0000e+25,2.1600e+27,3.0000e+25,4.0452e+32,2.6213e+32,187
278,1,0.0500,0.1000,5.0900e+27,6.1900e+27,3.1600e+27,4.5000e+26,2.0119e+32,1.3103e+32,187
278,2,0.1000,0.2000,1.4270e+28,3.0870e+28,6.9200e+27,5.4600e+27,3.0040e+32,1.6552e+32,187
278,3,0.2000,0.3500,2.1100e+28,9.7200e+28,8.9200e+27,2.1110e+28,2.5243e+32,1.1231e+32,187
278,4,0.3500,0.5500,1.9630e+28,1.2960e+29,6.6200e+27,3.7640e+28,1.4279e+32,4.9923e+31,187
278,5,0.5500,1.0100,9.1800e+27,1.3979e+29,4.2200e+27,9.0460e+28,4.6330e+31,1.8444e+31,187
279,0,0.0000,0.0500,2.8900e+27,4.0000e+25,2.4300e+27,3.0000e+25,4.0223e+32,2.6356e+32,185
279,1,0.0500,0.1000,3.8200e+27,5.1800e+27,2.9600e+27,4.1000e+26,1.7645e+32,1.2967e+32,185
279,2,0.1000,0.2000,1.3620e+28,3.0470e+28,7.5100e+27,5.2900e+27,3.1069e+32,1.6263e+32,185
279,3,0.2000,0.3500,2.1690e+28,9.3940e+28,9.1700e+27,2.1210e+28,2.5146e+32,1.0948e+32,185
279,4,0.3500,0.5500,1.9060e+28,1.2662e+29,6.4900e+27,3.6690e+28,1.4448e+32,4.7766e+31,185
279,5,0.5500,1.0100,9.0700e+27,1.3946e+29,3.4800e+27,8.8750e+28,4.4585e+31,1.7321e+31,185
280,0,0.0000,0.0500,2.7800e+27,4.0000e+25,2.0600e+27,5.0000e+25,3.9725e+32,2.6557e+32,184
280,1,0.0500,0.1000,4.2000e+27,4.5200e+27,3.0800e+27,5.3000e+26,1.6939e+32,1.2601e+32,184
280,2,0.1000,0.2000,1.4450e+28,3.3760e+28,7.2100e+27,5.4900e+27,3.2276e+32,1.6334e+32,184
280,3,0.2000,0.3500,2.0310e+28,8.7200e+28,8.5300e+27,2.0810e+28,2.3737e+32,1.0719e+32,184
280,4,0.3500,0.5500,2.0510e+28,1.3012e+29,6.3800e+27,3.5800e+28,1.5031e+32,4.7192e+31,184
280,5,0.5500,1.0100,8.9900e+27,1.3529e+29,3.3300e+27,8.1480e+28,4.1766e+31,1.6384e+31,184
281,0,0.0000,0.0500,2.8200e+27,6.0000e+25,2.4300e+27,2.0000e+25,3.9032e+32,2.6760e+32,182
281,1,0.0500,0.1000,4.0600e+27,4.2000e+27,2.6100e+27,4.0000e+26,1.6579e+32,1.2247e+32,182
281,2,0.1000,0.2000,1.5270e+28,3.2560e+28,7.0400e+27,5.2800e+27,3.2134e+32,1.6094e+32,182
281,3,0.2000,0.3500,1.9590e+28,8.5320e+28,8.1200e+27,1.9540e+28,2.3366e+32,1.0425e+32,182
281,4,0.3500,0.5500,2.1150e+28,1.3339e+29,6.2400e+27,3.6570e+28,1.5023e+32,4.6404e+31,182
281,5,0.5500,1.0100,8.6700e+27,1.3621e+29,3.2100e+27,8.2900e+28,3.9816e+31,1.5350e+31,182
282,0,0.0000,0.0500,2.9800e+27,6.0000e+25,2.0600e+27,4.0000e+25,3.9217e+32,2.7775e+32,182
282,1,0.0500,0.1000,3.9700e+27,4.1300e+27,2.5100e+27,4.3000e+26,1.6101e+32,1.1422e+32,182
282,2,0.1000,0.2000,1.3980e+28,3.1000e+28,6.8500e+27,4.6200e+27,3.0456e+32,1.5961e+32,182
282,3,0.2000,0.3500,2.1010e+28,8.8920e+28,8.7300e+27,2.0460e+28,2.5355e+32,1.0585e+32,182
282,4,0.3500,0.5500,2.0310e+28,1.3077e+29,6.0000e+27,3.3290e+28,1.4778e+32,4.4621e+31,182
282,5,0.5500,1.0100,7.9300e+27,1.2826e+29,3.0500e+27,8.0420e+28,3.8433e+31,1.4114e+31,182
283,0,0.0000,0.0500,3.0300e+27,1.1000e+26,2.6600e+27,4.0000e+25,3.8973e+32,2.8437e+32,180
283,1,0.0500,0.1000,3.8600e+27,3.9600e+27,2.3600e+27,3.1000e+26,1.5677e+32,1.0411e+32,180
283,2,0.1000,0.2000,1.3170e+28,2.7960e+28,7.3100e+27,4.6600e+27,2.9363e+32,1.5962e+32,180
283,3,0.2000,0.3500,2.2070e+28,9.3290e+28,8.4900e+27,2.0150e+28,2.6143e+32,1.0276e+32,180
283,4,0.3500,0.5500,1.9280e+28,1.2661e+29,5.9200e+27,3.6870e+28,1.4177e+32,4.3300e+31,180
283,5,0.5500,1.0100,7.7900e+27,1.2271e+29,2.9100e+27,8.3680e+28,3.5701e+31,1.3547e+31,180
284,0,0.0000,0.0500,3.6500e+27,1.6000e+26,2.2900e+27,9.0000e+25,3.8952e+32,2.8896e+32,179
284,1,0.0500,0.1000,3.8700e+27,3.9300e+27,2.6600e+27,3.7000e+26,1.4951e+32,1.0143e+32,179
284,2,0.1000,0.2000,1.4050e+28,2.9240e+28,6.8700e+27,5.1500e+27,2.8984e+32,1.5585e+32,179
284,3,0.2000,0.3500,2.2050e+28,9.4710e+28,8.9900e+27,2.0130e+28,2.6428e+32,1.0150e+32,179
284,4,0.3500,0.5500,1.9720e+28,1.2357e+29,5.7200e+27,3.6850e+28,1.4111e+32,4.2527e+31,179
284,5,0.5500,1.0100,7.0000e+27,1.1765e+29,3.1300e+27,8.2030e+28,3.3349e+31,1.3103e+31,179
285,0,0.0000,0.0500,3.3500e+27,9.0000e+25,2.5900e+27,4.0000e+25,3.6885e+32,3.0170e+32,178
285,1,0.0500,0.1000,4.0900e+27,3.5100e+27,2.4600e+27,3.9000e+26,1.5371e+32,9.5389e+31,178
285,2,0.1000,0.2000,1.3530e+28,3.0440e+28,6.8600e+27,5.4500e+27,2.9692e+32,1.5019e+32,178
285,3,0.2000,0.3500,2.3320e+28,1.0000e+29,7.9100e+27,1.7830e+28,2.6993e+32,9.7336e+31,178
285,4,0.3500,0.5500,1.9620e+28,1.2790e+29,5.7100e+27,3.5780e+28,1.3649e+32,4.1610e+31,178
285,5,0.5500,1.0100,6.5700e+27,1.2506e+29,2.9900e+27,8.7300e+28,3.1199e+31,1.2816e+31,178
286,0,0.0000,0.0500,2.9000e+27,1.1000e+26,2.9700e+27,2.0000e+25,3.5629e+32,2.9866e+32,176
286,1,0.0500,0.1000,3.7600e+27,3.1400e+27,2.5300e+27,4.8000e+26,1.5605e+32,9.7145e+31,176
286,2,0.1000,0.2000,1.4240e+28,3.2660e+28,6.8700e+27,5.5000e+27,3.0209e+32,1.4959e+32,176
286,3,0.2000,0.3500,2.3140e+28,1.0046e+29,8.0200e+27,1.8930e+28,2.6519e+32,9.3106e+31,176
286,4,0.3500,0.5500,1.7850e+28,1.2258e+29,5.9300e+27,3.4200e+28,1.3078e+32,3.9839e+31,176
286,5,0.5500,1.0100,6.2400e+27,1.1717e+29,2.6900e+27,8.0770e+28,2.9103e+31,1.2354e+31,176
287,0,0.0000,0.0500,3.1000e+27,1.2000e+26,2.4600e+27,5.0000e+25,3.3736e+32,2.9903e+32,176
287,1,0.0500,0.1000,4.1100e+27,3.0100e+27,2.6000e+27,4.4000e+26,1.7690e+32,9.8205e+31,176
287,2,0.1000,0.2000,1.4220e+28,3.2010e+28,6.9200e+27,5.7300e+27,2.9717e+32,1.5220e+32,176
287,3,0.2000,0.3500,2.3240e+28,1.0186e+29,7.7800e+27,1.8220e+28,2.6945e+32,8.9607e+31,176
287,4,0.3500,0.5500,1.7900e+28,1.2177e+29,5.5100e+27,3.4360e+28,1.2711e+32,3.9248e+31,176
287,5,0.5500,1.0100,5.9900e+27,1.1551e+29,2.6800e+27,9.1090e+28,2.7431e+31,1.2129e+31,176
288,0,0.0000,0.0500,2.9000e+27,8.0000e+25,2.4900e+27,6.0000e+25,3.1818e+32,2.9599e+32,174
288,1,0.0500,0.1000,4.4600e+27,3.5900e+27,2.6700e+27,4.8000e+26,1.9288e+32,9.8943e+31,174
288,2,0.1000,0.2000,1.4260e+28,3.2140e+28,7.0300e+27,6.0400e+27,2.9486e+32,1.5556e+32,174
288,3,0.2000,0.3500,2.2510e+28,9.6050e+28,7.0000e+27,1.8460e+28,2.5740e+32,8.1956e+31,174
288,4,0.3500,0.5500,1.7950e+28,1.1730e+29,5.1700e+27,3.1070e+28,1.2585e+32,3.8147e+31,174
288,5,0.5500,1.0100,6.0100e+27,1.1664e+29,2.5100e+27,8.4810e+28,2.8135e+31,1.1663e+31,174
289,0,0.0000,0.0500,2.8500e+27,8.0000e+25,2.1100e+27,4.0000e+25,3.0657e+32,2.9466e+32,173
289,1,0.0500,0.1000,4.5800e+27,3.3900e+27,2.5400e+27,4.4000e+26,1.9574e+32,1.0087e+32,173
289,2,0.1000,0.2000,1.4680e+28,3.3990e+28,7.0900e+27,6.3500e+27,3.0153e+32,1.5748e+32,173
289,3,0.2000,0.3500,2.1900e+28,9.6710e+28,6.7400e+27,1.6520e+28,2.5358e+32,7.6882e+31,173
289,4,0.3500,0.5500,1.7200e+28,1.1331e+29,5.5000e+27,3.2750e+28,1.2091e+32,3.6767e+31,173
289,5,0.5500,1.0100,6.1100e+27,1.1528e+29,2.5200e+27,8.1080e+28,2.7823e+31,1.1114e+31,173
290,0,0.0000,0.0500,3.0300e+27,1.0000e+26,2.2800e+27,5.0000e+25,3.0144e+32,2.9935e+32,173
290,1,0.0500,0.1000,4.7200e+27,4.2100e+27,2.2800e+27,5.4000e+26,2.0330e+32,9.8873e+31,173
290,2,0.1000,0.2000,1.4260e+28,3.2970e+28,7.3100e+27,7.1900e+27,2.9611e+32,1.5560e+32,173
290,3,0.2000,0.3500,2.3770e+28,9.7290e+28,7.1100e+27,1.8540e+28,2.5788e+32,7.8442e+31,173
290,4,0.3500,0.5500,1.6650e+28,1.0459e+29,5.1000e+27,3.1460e+28,1.1550e+32,3.4270e+31,173
290,5,0.5500,1.0100,5.9200e+27,1.1915e+29,2.6500e+27,7.2890e+28,2.7684e+31,1.0767e+31,173
291,0,0.0000,0.0500,2.9900e+27,9.0000e+25,2.2400e+27,7.0000e+25,2.9383e+32,2.9722e+32,171
291,1,0.0500,0.1000,4.9800e+27,4.6400e+27,2.7000e+27,4.6000e+26,2.0755e+32,1.0026e+32,171
291,2,0.1000,0.2000,1.5110e+28,3.4040e+28,6.8900e+27,6.0000e+27,2.9348e+32,1.5075e+32,171
291,3,0.2000,0.3500,2.3100e+28,1.0039e+29,7.2900e+27,1.7770e+28,2.5285e+32,7.8945e+31,171
291,4,0.3500,0.5500,1.5970e+28,1.0682e+29,4.3200e+27,2.7940e+28,1.0966e+32,3.1573e+31,171
291,5,0.5500,1.0100,5.8800e+27,1.1286e+29,2.3600e+27,8.1580e+28,2.6477e+31,1.0449e+31,171
292,0,0.0000,0.0500,2.5900e+27,7.0000e+25,2.2700e+27,3.0000e+25,2.8694e+32,2.9591e+32,170
292,1,0.0500,0.1000,6.1300e+27,5.8500e+27,3.1400e+27,6.8000e+26,2.1409e+32,1.0736e+32,170
292,2,0.1000,0.2000,1.4440e+28,3.1910e+28,7.3700e+27,6.1200e+27,2.8535e+32,1.4474e+32,170
292,3,0.2000,0.3500,2.3760e+28,9.6750e+28,6.8100e+27,1.8030e+28,2.5521e+32,7.6443e+31,170
292,4,0.3500,0.5500,1.5400e+28,1.0428e+29,4.6500e+27,2.9890e+28,1.0619e+32,3.0573e+31,170
292,5,0.5500,1.0100,5.8300e+27,1.2329e+29,2.5400e+27,8.1160e+28,2.5586e+31,1.0108e+31,170
293,0,0.0000,0.0500,2.6300e+27,1.5000e+26,2.2900e+27,6.0000e+25,2.8249e+32,2.9465e+32,169
293,1,0.0500,0.1000,5.0900e+27,5.5700e+27,3.0700e+27,5.3000e+26,2.0427e+32,1.0979e+32,169
293,2,0.1000,0.2000,1.4630e+28,3.3160e+28,7.1200e+27,6.6600e+27,2.9811e+32,1.4400e+32,169
293,3,0.2000,0.3500,2.3410e+28,9.4180e+28,6.9000e+27,1.9400e+28,2.4834e+32,7.4673e+31,169
293,4,0.3500,0.5500,1.5670e+28,1.0249e+29,4.0200e+27,2.9780e+28,1.0415e+32,2.8398e+31,169
293,5,0.5500,1.0100,6.0300e+27,1.1965e+29,2.0400e+27,8.5870e+28,2.5067e+31,9.8098e+30,169
294,0,0.0000,0.0500,2.3800e+27,8.0000e+25,2.0900e+27,3.0000e+25,2.6911e+32,2.9638e+32,168
294,1,0.0500,0.1000,4.9800e+27,6.7000e+27,2.9400e+27,6.1000e+26,2.1281e+32,1.0647e+32,168
294,2,0.1000,0.2000,1.4800e+28,3.2440e+28,7.0400e+27,6.2100e+27,2.9405e+32,1.4320e+32,168
294,3,0.2000,0.3500,2.2690e+28,9.3790e+28,6.4900e+27,1.9450e+28,2.4906e+32,7.4337e+31,168
294,4,0.3500,0.5500,1.5640e+28,1.0204e+29,4.3600e+27,3.1170e+28,1.0215e+32,2.7454e+31,168
294,5,0.5500,1.0100,5.5600e+27,1.1225e+29,2.1700e+27,8.1460e+28,2.4113e+31,9.5621e+30,168
295,0,0.0000,0.0500,2.3500e+27,1.0000e+26,2.2400e+27,8.0000e+25,2.6275e+32,2.9656e+32,167
295,1,0.0500,0.1000,6.0200e+27,6.3800e+27,2.8600e+27,5.9000e+26,2.1837e+32,1.0762e+32,167
295,2,0.1000,0.2000,1.4800e+28,3.3620e+28,6.4900e+27,6.4300e+27,2.9289e+32,1.3943e+32,167
295,3,0.2000,0.3500,2.2640e+28,9.2590e+28,6.5600e+27,1.9810e+28,2.4548e+32,7.4052e+31,167
295,4,0.3500,0.5500,1.4660e+28,9.6380e+28,4.1800e+27,3.0770e+28,9.7998e+31,2.6759e+31,167
295,5,0.5500,1.0100,4.9800e+27,1.1825e+29,2.3700e+27,8.2960e+28,2.2748e+31,9.1059e+30,167
296,0,0.0000,0.0500,2.6300e+27,1.0000e+26,2.3000e+27,3.0000e+25,3.9236e+32,2.2682e+32,166
296,1,0.0500,0.1000,5.7900e+27,6.8400e+27,3.1400e+27,9.2000e+26,2.1273e+32,1.1429e+32,166
296,2,0.1000,0.2000,1.5460e+28,3.4910e+28,6.8600e+27,5.8500e+27,2.9357e+32,1.3587e+32,166
296,3,0.2000,0.3500,2.2320e+28,9.2660e+28,7.3200e+27,1.9700e+28,2.3825e+32,7.6260e+31,166
296,4,0.3500,0.5500,1.4370e+28,9.4650e+28,3.9800e+27,3.0290e+28,9.4053e+31,2.6862e+31,166
296,5,0.5500,1.0100,4.8300e+27,1.1379e+29,2.3800e+27,9.3270e+28,2.0947e+31,9.4667e+30,166
297,0,0.0000,0.0500,2.5300e+27,1.9000e+26,2.1400e+27,7.0000e+25,4.1287e+32,2.1560e+32,165
297,1,0.0500,0.1000,5.6300e+27,6.6100e+27,2.9500e+27,7.2000e+26,2.0303e+32,1.1355e+32,165
297,2,0.1000,0.2000,1.5140e+28,3.7590e+28,6.4100e+27,6.0000e+27,3.0182e+32,1.3526e+32,165
297,3,0.2000,0.3500,2.2400e+28,9.0920e+28,7.2200e+27,2.0920e+28,2.3186e+32,7.5782e+31,165
297,4,0.3500,0.5500,1.4130e+28,9.3440e+28,3.9200e+27,3.2680e+28,9.1629e+31,2.6589e+31,165
297,5,0.5500,1.0100,4.6100e+27,1.1320e+29,2.3000e+27,8.9600e+28,2.0329e+31,9.3527e+30,165
298,0,0.0000,0.0500,2.8300e+27,1.1000e+26,2.3000e+27,3.0000e+25,4.0345e+32,2.1955e+32,164
298,1,0.0500,0.1000,5.8000e+27,6.0700e+27,2.9800e+27,6.4000e+26,2.1237e+32,1.0795e+32,164
298,2,0.1000,0.2000,1.5830e+28,3.7180e+28,7.1700e+27,6.1400e+27,3.0039e+32,1.3558e+32,164
298,3,0.2000,0.3500,2.1580e+28,9.0990e+28,6.8600e+27,2.0220e+28,2.2816e+32,7.4064e+31,164
298,4,0.3500,0.5500,1.3270e+28,9.2000e+28,3.7600e+27,3.2470e+28,8.7614e+31,2.6243e+31,164
298,5,0.5500,1.0100,4.5400e+27,1.0837e+29,2.4500e+27,9.0990e+28,1.9459e+31,9.0452e+30,164
299,0,0.0000,0.0500,2.6800e+27,9.0000e+25,2.2000e+27,1.1000e+26,4.0212e+32,2.2141e+32,163
299,1,0.0500,0.1000,5.8200e+27,6.3600e+27,3.1100e+27,7.1000e+26,2.1349e+32,1.0895e+32,163
299,2,0.1000,0.2000,1.5580e+28,3.7750e+28,6.6400e+27,5.9100e+27,2.9885e+32,1.3118e+32,163
299,3,0.2000,0.3500,2.1340e+28,8.7310e+28,7.3200e+27,2.0370e+28,2.2006e+32,7.3250e+31,163
299,4,0.3500,0.5500,1.4050e+28,9.1840e+28,3.7800e+27,3.1430e+28,8.8368e+31,2.5252e+31,163
299,5,0.5500,1.0100,4.0900e+27,1.0592e+29,2.0200e+27,8.8780e+28,1.8352e+31,8.6597e+30,163
300,0,0.0000,0.0500,2.8600e+27,1.7000e+26,2.1700e+27,4.0000e+25,4.0156e+32,2.2136e+32,162
300,1,0.0500,0.1000,5.4300e+27,6.5600e+27,3.3600e+27,5.7000e+26,2.0535e+32,1.1072e+32,162
300,2,0.1000,0.2000,1.5990e+28,3.6790e+28,6.5100e+27,5.8200e+27,2.9645e+32,1.2710e+32,162
300,3,0.2000,0.3500,2.0470e+28,8.2920e+28,6.9600e+27,2.0970e+28,2.1816e+32,7.2956e+31,162
300,4,0.3500,0.5500,1.3330e+28,8.9100e+28,3.8800e+27,3.1330e+28,9.1428e+31,2.4544e+31,162
300,5,0.5500,1.0100,4.2700e+27,1.0642e+29,1.8100e+27,8.9510e+28,1.7894e+31,8.3103e+30,162
301,0,0.0000,0.0500,3.1000e+27,1.5000e+26,2.3500e+27,7.0000e+25,4.0349e+32,2.2396e+32,162
301,1,0.0500,0.1000,5.1900e+27,5.3300e+27,3.0800e+27,5.6000e+26,1.8742e+32,1.0847e+32,162
301,2,0.1000,0.2000,1.6900e+28,4.0170e+28,6.7800e+27,6.4200e+27,3.1132e+32,1.2940e+32,162
301,3,0.2000,0.3500,2.0650e+28,8.5730e+28,6.4900e+27,2.0430e+28,2.2000e+32,7.0885e+31,162
301,4,0.3500,0.5500,1.3340e+28,8.8040e+28,3.6700e+27,3.1590e+28,8.8663e+31,2.4026e+31,162
301,5,0.5500,1.0100,4.1800e+27,1.0372e+29,2.0900e+27,8.9860e+28,1.7223e+31,8.1092e+30,162
302,0,0.0000,0.0500,3.3200e+27,1.9000e+26,2.4500e+27,9.0000e+25,4.0051e+32,2.2136e+32,160
302,1,0.0500,0.1000,5.4500e+27,5.3400e+27,2.8200e+27,6.2000e+26,1.7838e+32,1.0732e+32,160
302,2,0.1000,0.2000,1.7320e+28,3.9590e+28,6.7400e+27,6.2400e+27,3.1614e+32,1.2817e+32,160
302,3,0.2000,0.3500,2.0830e+28,8.3720e+28,6.0900e+27,1.9200e+28,2.1211e+32,6.9487e+31,160
302,4,0.3500,0.5500,1.2880e+28,8.7620e+28,3.5000e+27,3.3510e+28,8.7207e+31,2.3442e+31,160
302,5,0.5500,1.0100,4.0700e+27,1.0626e+29,2.2100e+27,9.9340e+28,1.6207e+31,7.9461e+30,160
303,0,0.0000,0.0500,3.1100e+27,1.1000e+26,2.0200e+27,5.0000e+25,4.0190e+32,2.2419e+32,160
303,1,0.0500,0.1000,4.9800e+27,5.4000e+27,2.5700e+27,8.9000e+26,1.7582e+32,1.0483e+32,160
303,2,0.1000,0.2000,1.7350e+28,4.1990e+28,6.3100e+27,6.0400e+27,3.2122e+32,1.2827e+32,160
303,3,0.2000,0.3500,1.9540e+28,8.0530e+28,6.5200e+27,1.9110e+28,2.0537e+32,6.9201e+31,160
303,4,0.3500,0.5500,1.3650e+28,8.9120e+28,3.6600e+27,3.2390e+28,8.8546e+31,2.3305e+31,160
303,5,0.5500,1.0100,4.1900e+27,1.0665e+29,2.0500e+27,9.3290e+28,1.5490e+31,7.6875e+30,160
304,0,0.0000,0.0500,3.3900e+27,1.2000e+26,2.1100e+27,7.0000e+25,3.9182e+32,2.2339e+32,159
304,1,0.0500,0.1000,5.1600e+27,5.0000e+27,2.7100e+27,6.9000e+26,1.7803e+32,1.0390e+32,159
304,2,0.1000,0.2000,1.7200e+28,4.2220e+28,6.2800e+27,6.1000e+27,3.2694e+32,1.2848e+32,159
304,3,0.2000,0.3500,1.9530e+28,7.6600e+28,6.4100e+27,1.8460e+28,1.9608e+32,6.7562e+31,159
304,4,0.3500,0.5500,1.3970e+28,9.0880e+28,3.4900e+27,3.1390e+28,9.0569e+31,2.2960e+31,159
304,5,0.5500,1.0100,3.8300e+27,1.0603e+29,1.7200e+27,9.0690e+28,1.4716e+31,7.4520e+30,159
305,0,0.0000,0.0500,3.3800e+27,1.7000e+26,2.1400e+27,9.0000e+25,3.8872e+32,2.2280e+32,157
305,1,0.0500,0.1000,4.9900e+27,4.9300e+27,2.9300e+27,6.3000e+26,1.7653e+32,1.0073e+32,157
305,2,0.1000,0.2000,1.6920e+28,4.2140e+28,6.7300e+27,5.9800e+27,3.2334e+32,1.2757e+32,157
305,3,0.2000,0.3500,1.8690e+28,7.4690e+28,6.2100e+27,1.9460e+28,1.9145e+32,6.5727e+31,157
305,4,0.3500,0.5500,1.3370e+28,8.8500e+28,3.5100e+27,3.1650e+28,8.6609e+31,2.2575e+31,157
305,5,0.5500,1.0100,3.1800e+27,1.0091e+29,1.8000e+27,8.8590e+28,1.3967e+31,7.0540e+30,157
306,0,0.0000,0.0500,3.5500e+27,2.4000e+26,2.3200e+27,8.0000e+25,3.9305e+32,2.2513e+32,158
306,1,0.0500,0.1000,4.7600e+27,5.0300e+27,2.8500e+27,6.2000e+26,1.7061e+32,1.0362e+32,158
306,2,0.1000,0.2000,1.6970e+28,4.2470e+28,6.8100e+27,5.9300e+27,3.2651e+32,1.2566e+32,158
306,3,0.2000,0.3500,1.9570e+28,7.4970e+28,6.4500e+27,1.9370e+28,1.9507e+32,6.5968e+31,158
306,4,0.3500,0.5500,1.2470e+28,8.4660e+28,3.4700e+27,3.2090e+28,8.6148e+31,2.2445e+31,158
306,5,0.5500,1.0100,3.3800e+27,1.0028e+29,1.8300e+27,8.9900e+28,1.3732e+31,7.0067e+30,158
307,0,0.0000,0.0500,3.6700e+27,1.2000e+26,2.1400e+27,1.1000e+26,3.8993e+32,2.2728e+32,156
307,1,0.0500,0.1000,4.9400e+27,4.8000e+27,2.7200e+27,7.9000e+26,1.6917e+32,9.8056e+31,156
307,2,0.1000,0.2000,1.6770e+28,3.9930e+28,6.3600e+27,6.0500e+27,3.1178e+32,1.2380e+32,156
307,3,0.2000,0.3500,1.9180e+28,7.6400e+28,6.1900e+27,2.0010e+28,1.9946e+32,6.5195e+31,156
307,4,0.3500,0.5500,1.3110e+28,8.4610e+28,3.4800e+27,3.2140e+28,8.3788e+31,2.1933e+31,156
307,5,0.5500,1.0100,3.2100e+27,1.0573e+29,1.5500e+27,9.1100e+28,1.3311e+31,6.5786e+30,156
308,0,0.0000,0.0500,3.4800e+27,2.1000e+26,2.4100e+27,1.2000e+26,3.8922e+32,2.2924e+32,155
308,1,0.0500,0.1000,5.0200e+27,5.4300e+27,2.5500e+27,5.2000e+26,1.6883e+32,9.4458e+31,155
308,2,0.1000,0.2000,1.6560e+28,3.8090e+28,6.1000e+27,6.0500e+27,3.0281e+32,1.2308e+32,155
308,3,0.2000,0.3500,1.9050e+28,7.7390e+28,6.3600e+27,2.0210e+28,2.0302e+32,6.5214e+31,155
308,4,0.3500,0.5500,1.2570e+28,8.5460e+28,3.4700e+27,3.2770e+28,8.0578e+31,2.1088e+31,155
308,5,0.5500,1.0100,3.0300e+27,1.0031e+29,1.7000e+27,9.3460e+28,1.2696e+31,6.2696e+30,155
309,0,0.0000,0.0500,3.3400e+27,1.8000e+26,2.3600e+27,1.4000e+26,3.9098e+32,2.3131e+32,155
309,1,0.0500,0.1000,4.7100e+27,4.3200e+27,2.6400e+27,7.4000e+26,1.6171e+32,9.2746e+31,155
309,2,0.1000,0.2000,1.6080e+28,3.6000e+28,6.0400e+27,6.5500e+27,3.0076e+32,1.2320e+32,155
309,3,0.2000,0.3500,2.0450e+28,7.8660e+28,6.1700e+27,2.1630e+28,2.1099e+32,6.5333e+31,155
309,4,0.3500,0.5500,1.2360e+28,8.2220e+28,3.4300e+27,3.3200e+28,7.7964e+31,2.0562e+31,155
309,5,0.5500,1.0100,2.9500e+27,1.0530e+29,1.7800e+27,9.0970e+28,1.2253e+31,6.1623e+30,155
310,0,0.0000,0.0500,3.8600e+27,3.1000e+26,2.0700e+27,6.0000e+25,3.9021e+32,2.3240e+32,154
310,1,0.0500,0.1000,4.8000e+27,4.4500e+27,2.5600e+27,8.1000e+26,1.6094e+32,8.9986e+31,154
310,2,0.1000,0.2000,1.5550e+28,3.5160e+28,6.7600e+27,6.3800e+27,2.9515e+32,1.2301e+32,154
310,3,0.2000,0.3500,2.0490e+28,7.6710e+28,6.1000e+27,2.0110e+28,2.1163e+32,6.4261e+31,154
310,4,0.3500,0.5500,1.1870e+28,8.2180e+28,3.4600e+27,3.4950e+28,7.4995e+31,2.0247e+31,154
310,5,0.5500,1.0100,2.9500e+27,1.0282e+29,1.5600e+27,9.1580e+28,1.1737e+31,6.0277e+30,154
311,0,0.0000,0.0500,3.6900e+27,2.7000e+26,2.2200e+27,1.0000e+26,3.8949e+32,2.3397e+32,153
311,1,0.0500,0.1000,4.4400e+27,5.0800e+27,2.6100e+27,6.7000e+26,1.6039e+32,8.6731e+31,153
311,2,0.1000,0.2000,1.6290e+28,3.5530e+28,6.1500e+27,5.9800e+27,2.9354e+32,1.2333e+32,153
311,3,0.2000,0.3500,2.0240e+28,7.6880e+28,6.2700e+27,1.9410e+28,2.0814e+32,6.2694e+31,153
311,4,0.3500,0.5500,1.1860e+28,7.8940e+28,3.1900e+27,3.3870e+28,7.2063e+31,1.9980e+31,153
311,5,0.5500,1.0100,2.6100e+27,1.0172e+29,1.7100e+27,8.8710e+28,1.1172e+31,5.9236e+30,153
312,0,0.0000,0.0500,4.0100e+27,3.5000e+26,2.5500e+27,1.3000e+26,3.9118e+32,2.3869e+32,153
312,1,0.0500,0.1000,4.9500e+27,5.2200e+27,2.0700e+27,6.7000e+26,1.6092e+32,8.2322e+31,153
312,2,0.1000,0.2000,1.5400e+28,3.3740e+28,6.0600e+27,6.3500e+27,2.8755e+32,1.2332e+32,153
312,3,0.2000,0.3500,2.1150e+28,7.6530e+28,5.6700e+27,1.9710e+28,2.1221e+32,6.2397e+31,153
312,4,0.3500,0.5500,1.1150e+28,7.6530e+28,3.4400e+27,3.1720e+28,6.9740e+31,1.9766e+31,153
312,5,0.5500,1.0100,2.4400e+27,1.0320e+29,1.5100e+27,9.5080e+28,1.0679e+31,5.8770e+30,153
313,0,0.0000,0.0500,3.6700e+27,4.0000e+26,2.2800e+27,7.0000e+25,3.9028e+32,2.3901e+32,152
313,1,0.0500,0.1000,4.7000e+27,5.0200e+27,2.4200e+27,5.9000e+26,1.5911e+32,8.1949e+31,152
313,2,0.1000,0.2000,1.5930e+28,3.2240e+28,6.5400e+27,6.5200e+27,2.8281e+32,1.2090e+32,152
313,3,0.2000,0.3500,2.1290e+28,7.5300e+28,5.8900e+27,2.0820e+28,2.1294e+32,6.1821e+31,152
313,4,0.3500,0.5500,1.1310e+28,7.5600e+28,3.2500e+27,3.4280e+28,6.7025e+31,1.9528e+31,152
313,5,0.5500,1.0100,2.5800e+27,1.0638e+29,1.6800e+27,9.6570e+28,1.0246e+31,5.8640e+30,152
314,0,0.0000,0.0500,3.9900e+27,4.8000e+26,2.3300e+27,1.6000e+26,3.8935e+32,2.3775e+32,151
314,1,0.0500,0.1000,4.8700e+27,4.6200e+27,2.2100e+27,9.3000e+26,1.5108e+32,8.2523e+31,151
314,2,0.1000,0.2000,1.5580e+28,3.2310e+28,6.0600e+27,6.3300e+27,2.8463e+32,1.1909e+32,151
314,3,0.2000,0.3500,2.0650e+28,7.4520e+28,5.9800e+27,2.0230e+28,2.1050e+32,6.1253e+31,151
314,4,0.3500,0.5500,1.0640e+28,7.8280e+28,3.1500e+27,3.4230e+28,6.7554e+31,1.9235e+31,151
314,5,0.5500,1.0100,2.3100e+27,1.0149e+29,1.5100e+27,9.4340e+28,9.8195e+30,5.7111e+30,151
315,0,0.0000,0.0500,4.1300e+27,5.4000e+26,2.4800e+27,1.1000e+26,3.8837e+32,2.3648e+32,150
315,1,0.0500,0.1000,4.6000e+27,4.8100e+27,2.1600e+27,9.3000e+26,1.5043e+32,8.2040e+31,150
315,2,0.1000,0.2000,1.5580e+28,3.1810e+28,6.0800e+27,6.4100e+27,2.8310e+32,1.1831e+32,150
315,3,0.2000,0.3500,2.0520e+28,7.4580e+28,6.1500e+27,2.0310e+28,2.0654e+32,6.0646e+31,150
315,4,0.3500,0.5500,1.0370e+28,7.4630e+28,3.1300e+27,3.3500e+28,6.5427e+31,1.8997e+31,150
315,5,0.5500,1.0100,2.3700e+27,1.0200e+29,1.4000e+27,8.8890e+28,9.4236e+30,5.5860e+30,150
316,0,0.0000,0.0500,4.4200e+27,4.2000e+26,2.5500e+27,1.7000e+26,3.8995e+32,2.3680e+32,150
316,1,0.0500,0.1000,4.4900e+27,4.7000e+27,2.4100e+27,7.4000e+26,1.5079e+32,8.2142e+31,150
316,2,0.1000,0.2000,1.4730e+28,2.9950e+28,6.4300e+27,6.7100e+27,2.8330e+32,1.1839e+32,150
316,3,0.2000,0.3500,2.0800e+28,7.4190e+28,5.8600e+27,1.9550e+28,2.0439e+32,6.0453e+31,150
316,4,0.3500,0.5500,1.0540e+28,7.2730e+28,3.1400e+27,3.5000e+28,6.3509e+31,1.8840e+31,150
316,5,0.5500,1.0100,2.2000e+27,1.0075e+29,1.4100e+27,9.6450e+28,9.1218e+30,5.5120e+30,150
317,0,0.0000,0.0500,4.2200e+27,5.5000e+26,2.5800e+27,1.2000e+26,3.8646e+32,2.4358e+32,149
317,1,0.0500,0.1000,4.7300e+27,4.8400e+27,2.0800e+27,8.8000e+26,1.5001e+32,7.7618e+31,149
317,2,0.1000,0.2000,1.5570e+28,2.9980e+28,5.8100e+27,6.4500e+27,2.8183e+32,1.1504e+32,149
317,3,0.2000,0.3500,2.0230e+28,7.2940e+28,5.8800e+27,2.1260e+28,2.0311e+32,5.8595e+31,149
317,4,0.3500,0.5500,9.8300e+27,6.9320e+28,3.0200e+27,3.3340e+28,6.1117e+31,1.8504e+31,149
317,5,0.5500,1.0100,2.4400e+27,9.7880e+28,1.4400e+27,9.5400e+28,8.7549e+30,5.4280e+30,149
318,0,0.0000,0.0500,4.2700e+27,3.7000e+26,2.5000e+27,9.0000e+25,3.6952e+32,2.4834e+32,149
318,1,0.0500,0.1000,4.6200e+27,4.0100e+27,2.6500e+27,9.5000e+26,1.5481e+32,7.6415e+31,149
318,2,0.1000,0.2000,1.6490e+28,2.7690e+28,5.8600e+27,6.4500e+27,2.8959e+32,1.1299e+32,149
318,3,0.2000,0.3500,2.0050e+28,7.1850e+28,6.0100e+27,2.0240e+28,2.0722e+32,5.7357e+31,149
318,4,0.3500,0.5500,9.7400e+27,7.2390e+28,2.9900e+27,3.3910e+28,5.9362e+31,1.8371e+31,149
318,5,0.5500,1.0100,2.3800e+27,1.0120e+29,1.3900e+27,9.7610e+28,8.5258e+30,5.4441e+30,149
319,0,0.0000,0.0500,4.1200e+27,4.8000e+26,2.5200e+27,8.0000e+25,3.6800e+32,2.4699e+32,148
319,1,0.0500,0.1000,4.4700e+27,3.9000e+27,2.3500e+27,8.4000e+26,1.5465e+32,7.5965e+31,148
319,2,0.1000,0.2000,1.5720e+28,2.8790e+28,6.3700e+27,7.1700e+27,2.8761e+32,1.1226e+32,148
319,3,0.2000,0.3500,2.0480e+28,7.0310e+28,5.7900e+27,1.8950e+28,2.0368e+32,5.6807e+31,148
319,4,0.3500,0.5500,9.6300e+27,7.0110e+28,2.6400e+27,3.5300e+28,5.7293e+31,1.8174e+31,148
319,5,0.5500,1.0100,2.0400e+27,1.0242e+29,1.4100e+27,9.2860e+28,8.2174e+30,5.3445e+30,148
320,0,0.0000,0.0500,3.9100e+27,5.3000e+26,2.3500e+27,1.7000e+26,3.6690e+32,2.4563e+32,147
320,1,0.0500,0.1000,4.4800e+27,4.1600e+27,2.1600e+27,8.0000e+26,1.5394e+32,7.5501e+31,147
320,2,0.1000,0.2000,1.5790e+28,2.8380e+28,6.1800e+27,6.7200e+27,2.8564e+32,1.1150e+32,147
320,3,0.2000,0.3500,2.0100e+28,6.9280e+28,5.4700e+27,1.9870e+28,2.0017e+32,5.6242e+31,147
320,4,0.3500,0.5500,9.6000e+27,6.6580e+28,3.0100e+27,3.5050e+28,5.5296e+31,1.7934e+31,147
320,5,0.5500,1.0100,2.1400e+27,1.0527e+29,1.4600e+27,1.0379e+29,7.9833e+30,5.2965e+30,147
321,0,0.0000,0.0500,4.0000e+27,5.9000e+26,2.4100e+27,1.3000e+26,3.6827e+32,2.4592e+32,147
321,1,0.0500,0.1000,4.5600e+27,4.2200e+27,2.2700e+27,9.0000e+26,1.5431e+32,7.5561e+31,147
321,2,0.1000,0.2000,1.5870e+28,2.7450e+28,6.0200e+27,6.2600e+27,2.8555e+32,1.1154e+32,147
321,3,0.2000,0.3500,1.9850e+28,7.0860e+28,5.4900e+27,2.0240e+28,1.9805e+32,5.6091e+31,147
321,4,0.3500,0.5500,8.9100e+27,6.6820e+28,3.1000e+27,3.6480e+28,5.3787e+31,1.7911e+31,147
321,5,0.5500,1.0100,1.8200e+27,1.0522e+29,1.6500e+27,1.0539e+29,7.7837e+30,5.3193e+30,147
322,0,0.0000,0.0500,4.1300e+27,5.2000e+26,2.4700e+27,1.7000e+26,3.6957e+32,2.4622e+32,147
322,1,0.0500,0.1000,4.8300e+27,4.2200e+27,2.3300e+27,9.0000e+26,1.5466e+32,7.5657e+31,147
322,2,0.1000,0.2000,1.5520e+28,2.7130e+28,6.2100e+27,7.1800e+27,2.8558e+32,1.1163e+32,147
322,3,0.2000,0.3500,1.9430e+28,6.9700e+28,5.3200e+27,2.0600e+28,1.9574e+32,5.6293e+31,147
322,4,0.3500,0.5500,8.8400e+27,6.6310e+28,2.9900e+27,3.7520e+28,5.2365e+31,1.7591e+31,147
322,5,0.5500,1.0100,2.2700e+27,1.0363e+29,1.3800e+27,9.6960e+28,7.5311e+30,5.2391e+30,147
323,0,0.0000,0.0500,4.6000e+27,5.7000e+26,2.4900e+27,9.0000e+25,3.6583e+32,2.4319e+32,145
323,1,0.0500,0.1000,4.7800e+27,4.3000e+27,2.3700e+27,9.9000e+26,1.5286e+32,7.7144e+31,145
323,2,0.1000,0.2000,1.4850e+28,2.7490e+28,5.6900e+27,7.3900e+27,2.8182e+32,1.0848e+32,145
323,3,0.2000,0.3500,1.9260e+28,6.9060e+28,5.5900e+27,2.0700e+28,1.9079e+32,5.5053e+31,145
323,4,0.3500,0.5500,8.9200e+27,6.4450e+28,2.9600e+27,3.5970e+28,5.0303e+31,1.6949e+31,145
323,5,0.5500,1.0100,1.8800e+27,1.0321e+29,1.2000e+27,1.0300e+29,7.2509e+30,5.1210e+30,145
324,0,0.0000,0.0500,4.0400e+27,7.6000e+26,2.3900e+27,1.0000e+26,3.6712e+32,2.4348e+32,145
324,1,0.0500,0.1000,4.0100e+27,3.6400e+27,2.4500e+27,9.8000e+26,1.4414e+32,7.7279e+31,145
324,2,0.1000,0.2000,1.7030e+28,2.9680e+28,6.4100e+27,7.2500e+27,2.9080e+32,1.0959e+32,145
324,3,0.2000,0.3500,1.9770e+28,6.9480e+28,5.4300e+27,2.0770e+28,1.8889e+32,5.3825e+31,145
324,4,0.3500,0.5500,8.2200e+27,6.5570e+28,2.9000e+27,3.5500e+28,4.9024e+31,1.6836e+31,145
324,5,0.5500,1.0100,2.0500e+27,1.0496e+29,1.2800e+27,9.5480e+28,7.0685e+30,5.0412e+30,145
325,0,0.0000,0.0500,3.9000e+27,7.5000e+26,2.4900e+27,1.5000e+26,3.6837e+32,2.4376e+32,145
325,1,0.0500,0.1000,4.4200e+27,3.4000e+27,2.5100e+27,8.5000e+26,1.4384e+32,7.7378e+31,145
325,2,0.1000,0.2000,1.6250e+28,2.8700e+28,6.1200e+27,7.0200e+27,2.9156e+32,1.0958e+32,145
325,3,0.2000,0.3500,1.9630e+28,6.8570e+28,5.7600e+27,2.0780e+28,1.8685e+32,5.3784e+31,145
325,4,0.3500,0.5500,7.6900e+27,6.4680e+28,3.2100e+27,3.4560e+28,4.7787e+31,1.6749e+31,145
325,5,0.5500,1.0100,1.8900e+27,1.0932e+29,1.4200e+27,9.8120e+28,6.8998e+30,4.9512e+30,145
326,0,0.0000,0.0500,4.5000e+27,9.5000e+26,2.5100e+27,1.0000e+26,3.6369e+32,2.4239e+32,144
326,1,0.0500,0.1000,4.9100e+27,3.2800e+27,2.6100e+27,1.1600e+27,1.4639e+32,7.6977e+31,144
326,2,0.1000,0.2000,1.6950e+28,2.8500e+28,5.8300e+27,7.3700e+27,2.8961e+32,1.0889e+32,144
326,3,0.2000,0.3500,1.9150e+28,6.8320e+28,5.8100e+27,2.0540e+28,1.8350e+32,5.3325e+31,144
326,4,0.3500,0.5500,8.1700e+27,6.5160e+28,2.8000e+27,3.4140e+28,4.6333e+31,1.6522e+31,144
326,5,0.5500,1.0100,1.7100e+27,1.0961e+29,1.4900e+27,9.9300e+28,6.7110e+30,4.9161e+30,144
327,0,0.0000,0.0500,3.8600e+27,7.9000e+26,2.5200e+27,1.1000e+26,3.5608e+32,2.4271e+32,144
327,1,0.0500,0.1000,4.5700e+27,3.6600e+27,2.3700e+27,9.8000e+26,1.5539e+32,7.7125e+31,144
327,2,0.1000,0.2000,1.6410e+28,2.7190e+28,5.9600e+27,7.8000e+27,2.8970e+32,1.0924e+32,144
327,3,0.2000,0.3500,1.9240e+28,6.7950e+28,5.9800e+27,2.1290e+28,1.8163e+32,5.2957e+31,144
327,4,0.3500,0.5500,7.3300e+27,6.4200e+28,2.5900e+27,3.7380e+28,4.5424e+31,1.6477e+31,144
327,5,0.5500,1.0100,1.9000e+27,1.1182e+29,1.2600e+27,1.0069e+29,6.5884e+30,4.9131e+30,144
328,0,0.0000,0.0500,4.4900e+27,9.4000e+26,2.3700e+27,1.8000e+26,3.4963e+32,2.4138e+32,143
328,1,0.0500,0.1000,5.0700e+27,4.1400e+27,2.6800e+27,9.7000e+26,1.5960e+32,7.6669e+31,143
328,2,0.1000,0.2000,1.6240e+28,2.7270e+28,6.3200e+27,8.1300e+27,2.8773e+32,1.0976e+32,143
328,3,0.2000,0.3500,1.8440e+28,6.7740e+28,5.2900e+27,2.1490e+28,1.7841e+32,5.1345e+31,143
328,4,0.3500,0.5500,7.5900e+27,6.5470e+28,2.7900e+27,3.7310e+28,4.4205e+31,1.6322e+31,143
328,5,0.5500,1.0100,1.7000e+27,1.0596e+29,1.3900e+27,1.0496e+29,6.4166e+30,4.8922e+30,143
329,0,0.0000,0.0500,4.1300e+27,7.8000e+26,2.6900e+27,4.0000e+25,3.5060e+32,2.4169e+32,143
329,1,0.0500,0.1000,4.7300e+27,3.8900e+27,2.1600e+27,1.1100e+27,1.5987e+32,7.6694e+31,143
329,2,0.1000,0.2000,1.5950e+28,2.6650e+28,6.1400e+27,8.4900e+27,2.8768e+32,1.0988e+32,143
329,3,0.2000,0.3500,1.9050e+28,6.7170e+28,5.0200e+27,2.1170e+28,1.7661e+32,5.1267e+31,143
329,4,0.3500,0.5500,7.5700e+27,6.5360e+28,2.7900e+27,3.7580e+28,4.3265e+31,1.6354e+31,143
329,5,0.5500,1.0100,1.6700e+27,1.0923e+29,1.3500e+27,1.0706e+29,6.3172e+30,4.8852e+30,143
330,0,0.0000,0.0500,4.1800e+27,7.0000e+26,2.4100e+27,2.0000e+26,3.4335e+32,2.4029e+32,142
330,1,0.0500,0.1000,5.2000e+27,3.7600e+27,2.4600e+27,1.0300e+27,1.6470e+32,7.6237e+31,142
330,2,0.1000,0.2000,1.6170e+28,2.7210e+28,6.5500e+27,8.2000e+27,2.8564e+32,1.0926e+32,142
330,3,0.2000,0.3500,1.9050e+28,6.7430e+28,5.2500e+27,2.1540e+28,1.7369e+32,5.0830e+31,142
330,4,0.3500,0.5500,7.2800e+27,6.6550e+28,2.7500e+27,3.6090e+28,4.2241e+31,1.6172e+31,142
330,5,0.5500,1.0100,1.8600e+27,1.1215e+29,1.4400e+27,1.0438e+29,6.1824e+30,4.8111e+30,142
331,0,0.0000,0.0500,3.8300e+27,8.2000e+26,2.1700e+27,1.1000e+26,3.4101e+32,2.4057e+32,142
331,1,0.0500,0.1000,5.1100e+27,3.8700e+27,2.4800e+27,9.2000e+26,1.6806e+32,7.6304e+31,142
331,2,0.1000,0.2000,1.5920e+28,2.6990e+28,6.2300e+27,8.2700e+27,2.8561e+32,1.0934e+32,142
331,3,0.2000,0.3500,1.8220e+28,6.6610e+28,4.6900e+27,2.0960e+28,1.7207e+32,5.0770e+31,142
331,4,0.3500,0.5500,6.7000e+27,6.7170e+28,2.7400e+27,3.9800e+28,4.1535e+31,1.6175e+31,142
331,5,0.5500,1.0100,1.5900e+27,1.1600e+29,1.3400e+27,1.0929e+29,6.1136e+30,4.8199e+30,142
332,0,0.0000,0.0500,3.8800e+27,7.0000e+26,2.3700e+27,2.0000e+26,3.4168e+32,2.4082e+32,142
332,1,0.0500,0.1000,4.7700e+27,3.6700e+27,2.4700e+27,9.6000e+26,1.6834e+32,7.6352e+31,142
332,2,0.1000,0.2000,1.6630e+28,2.5800e+28,5.7500e+27,8.1700e+27,2.8547e+32,1.0934e+32,142
332,3,0.2000,0.3500,1.7750e+28,6.6580e+28,5.5900e+27,2.1290e+28,1.7050e+32,5.0688e+31,142
332,4,0.3500,0.5500,7.1900e+27,6.6500e+28,2.8100e+27,3.9660e+28,4.0825e+31,1.6138e+31,142
332,5,0.5500,1.0100,1.9700e+27,1.1904e+29,1.4600e+27,1.0877e+29,6.0743e+30,4.8675e+30,142
333,0,0.0000,0.0500,3.9300e+27,6.9000e+26,2.4800e+27,2.0000e+26,3.3992e+32,2.3938e+32,141
333,1,0.0500,0.1000,4.6600e+27,3.6700e+27,2.6200e+27,9.8000e+26,1.6746e+32,7.5847e+31,141
333,2,0.1000,0.2000,1.5820e+28,2.6960e+28,6.3300e+27,8.4000e+27,2.8326e+32,1.0866e+32,141
333,3,0.2000,0.3500,1.7640e+28,6.6460e+28,5.3700e+27,2.3220e+28,1.6774e+32,5.0355e+31,141
333,4,0.3500,0.5500,6.7700e+27,6.7380e+28,2.9500e+27,3.8690e+28,3.9828e+31,1.6034e+31,141
333,5,0.5500,1.0100,1.4000e+27,1.2267e+29,1.2900e+27,1.0929e+29,5.9433e+30,4.8073e+30,141
334,0,0.0000,0.0500,4.0800e+27,7.9000e+26,2.5000e+27,1.6000e+26,3.4057e+32,2.3965e+32,141
334,1,0.0500,0.1000,5.3600e+27,3.9000e+27,2.4600e+27,1.1000e+27,1.6775e+32,7.5884e+31,141
334,2,0.1000,0.2000,1.6020e+28,2.7270e+28,6.5700e+27,7.9000e+27,2.8311e+32,1.0871e+32,141
334,3,0.2000,0.3500,1.7810e+28,6.6070e+28,4.7300e+27,2.2540e+28,1.6624e+32,5.0369e+31,141
334,4,0.3500,0.5500,6.6800e+27,6.8850e+28,2.8300e+27,3.9690e+28,3.9227e+31,1.6006e+31,141
334,5,0.5500,1.0100,1.6100e+27,1.2016e+29,1.3000e+27,1.1732e+29,5.8970e+30,4.8719e+30,141
335,0,0.0000,0.0500,4.0000e+27,6.1000e+26,2.3300e+27,2.0000e+26,3.3877e+32,2.3821e+32,140
335,1,0.0500,0.1000,5.0100e+27,3.5300e+27,2.4500e+27,9.0000e+26,1.6680e+32,7.5356e+31,140
335,2,0.1000,0.2000,1.7140e+28,2.6070e+28,6.2000e+27,8.2300e+27,2.8104e+32,1.0794e+32,140
335,3,0.2000,0.3500,1.8150e+28,6.5130e+28,5.4400e+27,2.2360e+28,1.6377e+32,5.0014e+31,140
335,4,0.3500,0.5500,6.7500e+27,6.5730e+28,2.7000e+27,4.0930e+28,3.8396e+31,1.5960e+31,140
335,5,0.5500,1.0100,1.5800e+27,1.1879e+29,1.4100e+27,1.1703e+29,5.8675e+30,4.9114e+30,140
336,0,0.0000,0.0500,4.3700e+27,6.9000e+26,2.4100e+27,2.2000e+26,3.3939e+32,2.3845e+32,140
336,1,0.0500,0.1000,5.0200e+27,3.5900e+27,2.3800e+27,1.0600e+27,1.6699e+32,7.5413e+31,140
336,2,0.1000,0.2000,1.6180e+28,2.5900e+28,6.1200e+27,7.6800e+27,2.8098e+32,1.0791e+32,140
336,3,0.2000,0.3500,1.8200e+28,6.6350e+28,5.2000e+27,2.3480e+28,1.6249e+32,5.0019e+31,140
336,4,0.3500,0.5500,6.4600e+27,6.5690e+28,2.8600e+27,4.4710e+28,3.7815e+31,1.5950e+31,140
336,5,0.5500,1.0100,1.8400e+27,1.2446e+29,1.3700e+27,1.1649e+29,5.8524e+30,4.9294e+30,140
337,0,0.0000,0.0500,4.2000e+27,7.7000e+26,2.4600e+27,2.3000e+26,3.4004e+32,2.3862e+32,140
337,1,0.0500,0.1000,4.9400e+27,3.4000e+27,2.6400e+27,1.1800e+27,1.6714e+32,7.5465e+31,140
337,2,0.1000,0.2000,1.6920e+28,2.7340e+28,5.9700e+27,8.6800e+27,2.8088e+32,1.0805e+32,140
337,3,0.2000,0.3500,1.7750e+28,6.6100e+28,5.6000e+27,2.4130e+28,1.6130e+32,5.0050e+31,140
337,4,0.3500,0.5500,6.6400e+27,7.2480e+28,2.9800e+27,4.4840e+28,3.7370e+31,1.5999e+31,140
337,5,0.5500,1.0100,1.6000e+27,1.3142e+29,1.3000e+27,1.2605e+29,5.8681e+30,4.9684e+30,140
338,0,0.0000,0.0500,4.0600e+27,7.5000e+26,2.5200e+27,1.8000e+26,3.3817e+32,2.3710e+32,139
338,1,0.0500,0.1000,5.2900e+27,3.3500e+27,2.5100e+27,9.2000e+26,1.6609e+32,7.4958e+31,139
338,2,0.1000,0.2000,1.6050e+28,2.6050e+28,6.0800e+27,8.1000e+27,2.7877e+32,1.0736e+32,139
338,3,0.2000,0.3500,1.7030e+28,6.3960e+28,4.8800e+27,2.3000e+28,1.5886e+32,4.9657e+31,139
338,4,0.3500,0.5500,6.2400e+27,7.0100e+28,2.7600e+27,4.4440e+28,3.6753e+31,1.5964e+31,139
338,5,0.5500,1.0100,1.7100e+27,1.3012e+29,1.3900e+27,1.2981e+29,5.8434e+30,5.0481e+30,139
339,0,0.0000,0.0500,4.3600e+27,8.9000e+26,2.3800e+27,2.2000e+26,3.4919e+32,2.3900e+32,140
339,1,0.0500,0.1000,4.8600e+27,3.4400e+27,2.5500e+27,1.0000e+27,1.5940e+32,7.5514e+31,140
339,2,0.1000,0.2000,1.6380e+28,2.5880e+28,6.3900e+27,8.4600e+27,2.8042e+32,1.0813e+32,140
339,3,0.2000,0.3500,1.6770e+28,6.6060e+28,5.0100e+27,2.2780e+28,1.5881e+32,4.9851e+31,140
339,4,0.3500,0.5500,6.6900e+27,7.2380e+28,2.8900e+27,4.6040e+28,3.6677e+31,1.6145e+31,140
339,5,0.5500,1.0100,1.7100e+27,1.4083e+29,1.5700e+27,1.3644e+29,5.9315e+30,5.1870e+30,140
340,0,0.0000,0.0500,3.9300e+27,7.7000e+26,2.4900e+27,1.5000e+26,3.4579e+32,2.3574e+32,138
340,1,0.0500,0.1000,4.9500e+27,3.1900e+27,2.5000e+27,1.0000e+27,1.5620e+32,7.4473e+31,138
340,2,0.1000,0.2000,1.6030e+28,2.4810e+28,6.1300e+27,8.0300e+27,2.7609e+32,1.0657e+32,138
340,3,0.2000,0.3500,1.6160e+28,6.3680e+28,4.9700e+27,2.4430e+28,1.5548e+32,4.9105e+31,138
340,4,0.3500,0.5500,6.0900e+27,7.2350e+28,2.6300e+27,4.6360e+28,3.5852e+31,1.5982e+31,138
340,5,0.5500,1.0100,1.6500e+27,1.4265e+29,1.5000e+27,1.3251e+29,5.9037e+30,5.1779e+30,138
341,0,0.0000,0.0500,3.9300e+27,6.9000e+26,2.7100e+27,1.8000e+26,3.4884e+32,2.3763e+32,139
341,1,0.0500,0.1000,4.8600e+27,2.9900e+27,2.3900e+27,9.3000e+26,1.5743e+32,7.5025e+31,139
341,2,0.1000,0.2000,1.6430e+28,2.4490e+28,6.2300e+27,8.7200e+27,2.7777e+32,1.0736e+32,139
341,3,0.2000,0.3500,1.6980e+28,6.3660e+28,5.3700e+27,2.5900e+28,1.5545e+32,4.9436e+31,139
341,4,0.3500,0.5500,5.8800e+27,7.4160e+28,3.0000e+27,4.6570e+28,3.5831e+31,1.6178e+31,139
341,5,0.5500,1.0100,1.9000e+27,1.4899e+29,1.3500e+27,1.3541e+29,5.9905e+30,5.2476e+30,139
342,0,0.0000,0.0500,4.0900e+27,7.3000e+26,2.2800e+27,3.1000e+26,3.5277e+32,2.3611e+32,138
342,1,0.0500,0.1000,4.5200e+27,2.7400e+27,2.4100e+27,1.0500e+27,1.5045e+32,7.4494e+31,138
342,2,0.1000,0.2000,1.5750e+28,2.3250e+28,5.9900e+27,8.1000e+27,2.7541e+32,1.0517e+32,138
342,3,0.2000,0.3500,1.5850e+28,6.0820e+28,5.6100e+27,2.6300e+28,1.5325e+32,5.0630e+31,138
342,4,0.3500,0.5500,6.0300e+27,7.6070e+28,2.9600e+27,4.7810e+28,3.5279e+31,1.6138e+31,138
342,5,0.5500,1.0100,1.6600e+27,1.4692e+29,1.5500e+27,1.3252e+29,5.9683e+30,5.2423e+30,138
343,0,0.0000,0.0500,4.1800e+27,8.0000e+26,2.5800e+27,2.1000e+26,3.6034e+32,2.3627e+32,138
343,1,0.0500,0.1000,4.7000e+27,2.7400e+27,2.3900e+27,1.1500e+27,1.4338e+32,7.4523e+31,138
343,2,0.1000,0.2000,1.5180e+28,2.4270e+28,6.0000e+27,8.2500e+27,2.7507e+32,1.0501e+32,138
343,3,0.2000,0.3500,1.6440e+28,6.1710e+28,5.0500e+27,2.4810e+28,1.5212e+32,5.0802e+31,138
343,4,0.3500,0.5500,6.2300e+27,7.8910e+28,2.7600e+27,4.9920e+28,3.5100e+31,1.6256e+31,138
343,5,0.5500,1.0100,1.9700e+27,1.5366e+29,1.6600e+27,1.4196e+29,6.0336e+30,5.2546e+30,138
344,0,0.0000,0.0500,4.9100e+27,1.0500e+27,2.5300e+27,2.2000e+26,3.6612e+32,2.3640e+32,138
344,1,0.0500,0.1000,4.3300e+27,2.2400e+27,2.3000e+27,9.9000e+26,1.3808e+32,7.4544e+31,138
344,2,0.1000,0.2000,1.5380e+28,2.3390e+28,6.1900e+27,7.9700e+27,2.7474e+32,1.0494e+32,138
344,3,0.2000,0.3500,1.6590e+28,6.2040e+28,5.4200e+27,2.5690e+28,1.5116e+32,5.0781e+31,138
344,4,0.3500,0.5500,6.0700e+27,7.9490e+28,2.8400e+27,4.8100e+28,3.4888e+31,1.6313e+31,138
344,5,0.5500,1.0100,1.8200e+27,1.5465e+29,1.4400e+27,1.4318e+29,6.0727e+30,5.3187e+30,138
345,0,0.0000,0.0500,4.5200e+27,8.7000e+26,2.4800e+27,1.6000e+26,3.6659e+32,2.3659e+32,138
345,1,0.0500,0.1000,4.0000e+27,2.5000e+27,2.4400e+27,1.3800e+27,1.3805e+32,7.4515e+31,138
345,2,0.1000,0.2000,1.5400e+28,2.3700e+28,5.7300e+27,8.6500e+27,2.7435e+32,1.0486e+32,138
345,3,0.2000,0.3500,1.6190e+28,6.3540e+28,5.1600e+27,2.5090e+28,1.5024e+32,5.0759e+31,138
345,4,0.3500,0.5500,5.8700e+27,7.8770e+28,2.6400e+27,5.2380e+28,3.4658e+31,1.6413e+31,138
345,5,0.5500,1.0100,1.8500e+27,1.5961e+29,1.5900e+27,1.4702e+29,6.1791e+30,5.3807e+30,138
346,0,0.0000,0.0500,4.3600e+27,1.1000e+27,2.6300e+27,1.5000e+26,3.6444e+32,2.3499e+32,137
346,1,0.0500,0.1000,4.0800e+27,2.3700e+27,2.5800e+27,9.9000e+26,1.3747e+32,7.3964e+31,137
346,2,0.1000,0.2000,1.5440e+28,2.3070e+28,6.3900e+27,7.7000e+27,2.7151e+32,1.0403e+32,137
346,3,0.2000,0.3500,1.5400e+28,6.0650e+28,5.5400e+27,2.4760e+28,1.4827e+32,5.0370e+31,137
346,4,0.3500,0.5500,6.2700e+27,7.9250e+28,3.0600e+27,4.8820e+28,3.4216e+31,1.6391e+31,137
346,5,0.5500,1.0100,1.9700e+27,1.5583e+29,1.3300e+27,1.4765e+29,6.1752e+30,5.4234e+30,137
347,0,0.0000,0.0500,4.6900e+27,8.9000e+26,2.7900e+27,2.5000e+26,3.6761e+32,2.3687e+32,138
347,1,0.0500,0.1000,4.7600e+27,2.7600e+27,2.6400e+27,1.1800e+27,1.4752e+32,7.4490e+31,138
347,2,0.1000,0.2000,1.5800e+28,2.1430e+28,6.1500e+27,7.4200e+27,2.6400e+32,1.0396e+32,138
347,3,0.2000,0.3500,1.6240e+28,6.1130e+28,5.0400e+27,2.6120e+28,1.4843e+32,5.1485e+31,138
347,4,0.3500,0.5500,6.2200e+27,8.0490e+28,3.0000e+27,4.7950e+28,3.4269e+31,1.6518e+31,138
347,5,0.5500,1.0100,1.8500e+27,1.6640e+29,1.6700e+27,1.4787e+29,6.2836e+30,5.5349e+30,138
348,0,0.0000,0.0500,4.5500e+27,8.2000e+26,3.0200e+27,2.1000e+26,3.6541e+32,2.3528e+32,137
348,1,0.0500,0.1000,4.5300e+27,2.3300e+27,2.2300e+27,8.7000e+26,1.4643e+32,7.2372e+31,137
348,2,0.1000,0.2000,1.4420e+28,2.1090e+28,5.8000e+27,7.8900e+27,2.6159e+32,1.0368e+32,137
348,3,0.2000,0.3500,1.6010e+28,5.6990e+28,5.1700e+27,2.5280e+28,1.4640e+32,5.2066e+31,137
348,4,0.3500,0.5500,6.0500e+27,7.7960e+28,3.1400e+27,5.2140e+28,3.3869e+31,1.6491e+31,137
348,5,0.5500,1.0100,1.9300e+27,1.6550e+29,1.5000e+27,1.5325e+29,6.3169e+30,5.4820e+30,137
349,0,0.0000,0.0500,4.3600e+27,6.5000e+26,2.7000e+27,2.0000e+26,3.6574e+32,2.3542e+32,137
349,1,0.0500,0.1000,4.4500e+27,2.2700e+27,2.1900e+27,1.1100e+27,1.4637e+32,7.1272e+31,137
349,2,0.1000,0.2000,1.5590e+28,1.9690e+28,6.0000e+27,7.8600e+27,2.6112e+32,1.0462e+32,137
349,3,0.2000,0.3500,1.5630e+28,5.5790e+28,5.9700e+27,2.5210e+28,1.4540e+32,5.1469e+31,137
349,4,0.3500,0.5500,6.6500e+27,7.8610e+28,3.3900e+27,5.4230e+28,3.3692e+31,1.7128e+31,137
349,5,0.5500,1.0100,1.6800e+27,1.6554e+29,1.5700e+27,1.5565e+29,6.3360e+30,5.5505e+30,137
350,0,0.0000,0.0500,4.2300e+27,7.8000e+26,2.4700e+27,2.5000e+26,3.6344e+32,2.3382e+32,136
350,1,0.0500,0.1000,4.9100e+27,2.5200e+27,2.5100e+27,1.0100e+27,1.4524e+32,7.0762e+31,136
350,2,0.1000,0.2000,1.4930e+28,1.9980e+28,5.8200e+27,8.5300e+27,2.5872e+32,1.0386e+32,136
350,3,0.2000,0.3500,1.5210e+28,5.2720e+28,5.5300e+27,2.4590e+28,1.4332e+32,5.0922e+31,136
350,4,0.3500,0.5500,6.1600e+27,7.6190e+28,2.9000e+27,5.2930e+28,3.3335e+31,1.7184e+31,136
350,5,0.5500,1.0100,2.0100e+27,1.6803e+29,1.7400e+27,1.5908e+29,6.3813e+30,5.5945e+30,136
351,0,0.0000,0.0500,4.3500e+27,6.4000e+26,2.6300e+27,2.6000e+26,3.6651e+32,2.3567e+32,137
351,1,0.0500,0.1000,4.5000e+27,2.3100e+27,2.4000e+27,1.2500e+27,1.4627e+32,7.1288e+31,137
351,2,0.1000,0.2000,1.5160e+28,1.9990e+28,6.1100e+27,8.6500e+27,2.6002e+32,1.0460e+32,137
351,3,0.2000,0.3500,1.5960e+28,5.4990e+28,5.8700e+27,2.5310e+28,1.4340e+32,5.1349e+31,137
351,4,0.3500,0.5500,6.0800e+27,7.6530e+28,3.0800e+27,5.4560e+28,3.3388e+31,1.7358e+31,137
351,5,0.5500,1.0100,1.8800e+27,1.7663e+29,1.4800e+27,1.6720e+29,6.5237e+30,5.7437e+30,137
352,0,0.0000,0.0500,4.3400e+27,6.4000e+26,2.7500e+27,1.8000e+26,3.6421e+32,2.3408e+32,136
352,1,0.0500,0.1000,4.7600e+27,2.2200e+27,2.4100e+27,1.1000e+27,1.4514e+32,7.0756e+31,136
352,2,0.1000,0.2000,1.4770e+28,1.9720e+28,6.1700e+27,7.9400e+27,2.5761e+32,1.0372e+32,136
352,3,0.2000,0.3500,1.4440e+28,5.4440e+28,5.4100e+27,2.5400e+28,1.4161e+32,5.0996e+31,136
352,4,0.3500,0.5500,6.1600e+27,7.9200e+28,3.0300e+27,5.6070e+28,3.3018e+31,1.7330e+31,136
352,5,0.5500,1.0100,2.1400e+27,1.7928e+29,1.6900e+27,1.7010e+29,6.5884e+30,5.8157e+30,136
353,0,0.0000,0.0500,4.3300e+27,5.9000e+26,2.5800e+27,2.1000e+26,3.6724e+32,2.3595e+32,137
353,1,0.0500,0.1000,4.6400e+27,2.3100e+27,2.3900e+27,1.0500e+27,1.4614e+32,7.1261e+31,137
353,2,0.1000,0.2000,1.5330e+28,1.9010e+28,5.9600e+27,8.1300e+27,2.5898e+32,1.0437e+32,137
353,3,0.2000,0.3500,1.5010e+28,5.3490e+28,5.2200e+27,2.4660e+28,1.4184e+32,5.1307e+31,137
353,4,0.3500,0.5500,5.9200e+27,8.0960e+28,2.9200e+27,5.5060e+28,3.3155e+31,1.7628e+31,137
353,5,0.5500,1.0100,1.7300e+27,1.8386e+29,1.5500e+27,1.7037e+29,6.7359e+30,5.9004e+30,137
354,0,0.0000,0.0500,4.4000e+27,4.8000e+26,2.7400e+27,2.7000e+26,3.6493e+32,2.3436e+32,136
354,1,0.0500,0.1000,4.6900e+27,2.0900e+27,2.6600e+27,1.1200e+27,1.4502e+32,7.0702e+31,136
354,2,0.1000,0.2000,1.5180e+28,1.9130e+28,6.0000e+27,8.3000e+27,2.5654e+32,1.0362e+32,136
354,3,0.2000,0.3500,1.5170e+28,5.3410e+28,5.5000e+27,2.5840e+28,1.4007e+32,5.0867e+31,136
354,4,0.3500,0.5500,5.7900e+27,8.2120e+28,3.4800e+27,5.7320e+28,3.2906e+31,1.7635e+31,136
354,5,0.5500,1.0100,1.9500e+27,1.7815e+29,1.7600e+27,1.7384e+29,6.6838e+30,5.9143e+30,136
355,0,0.0000,0.0500,4.7100e+27,4.7000e+26,2.6500e+27,3.0000e+26,3.6803e+32,2.3619e+32,137
355,1,0.0500,0.1000,4.7700e+27,2.3300e+27,2.4400e+27,9.7000e+26,1.4602e+32,7.1196e+31,137
355,2,0.1000,0.2000,1.5050e+28,1.8540e+28,5.6800e+27,7.6500e+27,2.5795e+32,1.0430e+32,137
355,3,0.2000,0.3500,1.5080e+28,5.3170e+28,5.6900e+27,2.5320e+28,1.4036e+32,5.1219e+31,137
355,4,0.3500,0.5500,5.5200e+27,8.0440e+28,3.1300e+27,5.8290e+28,3.2922e+31,1.7909e+31,137
355,5,0.5500,1.0100,1.7600e+27,1.8549e+29,1.9100e+27,1.8012e+29,6.8039e+30,6.0968e+30,137
356,0,0.0000,0.0500,4.4100e+27,3.8000e+26,2.7500e+27,3.4000e+26,3.7314e+32,2.3457e+32,136
356,1,0.0500,0.1000,4.7400e+27,2.1600e+27,2.3200e+27,9.3000e+26,1.4151e+32,7.0660e+31,136
356,2,0.1000,0.2000,1.4910e+28,1.8090e+28,5.8900e+27,7.4100e+27,2.5217e+32,1.0337e+32,136
356,3,0.2000,0.3500,1.4340e+28,5.1930e+28,5.5200e+27,2.4870e+28,1.3800e+32,5.0815e+31,136
356,4,0.3500,0.5500,6.1700e+27,8.2010e+28,2.9200e+27,5.7930e+28,3.2630e+31,1.7831e+31,136
356,5,0.5500,1.0100,1.9900e+27,1.8142e+29,1.8200e+27,1.7903e+29,6.8171e+30,6.1373e+30,136
357,0,0.0000,0.0500,4.9000e+27,5.4000e+26,2.4200e+27,1.7000e+26,3.8591e+32,2.3036e+32,136
357,1,0.0500,0.1000,4.6900e+27,2.1700e+27,2.1500e+27,9.7000e+26,1.4037e+32,7.1343e+31,136
357,2,0.1000,0.2000,1.4620e+28,1.8790e+28,5.6900e+27,8.3700e+27,2.4646e+32,1.0539e+32,136
357,3,0.2000,0.3500,1.3980e+28,5.0930e+28,5.8400e+27,2.7020e+28,1.3118e+32,5.2292e+31,136
357,4,0.3500,0.5500,5.9300e+27,8.1730e+28,3.6000e+27,5.7150e+28,3.2548e+31,1.7924e+31,136
357,5,0.5500,1.0100,1.8700e+27,1.8394e+29,1.6800e+27,1.7330e+29,6.9367e+30,6.1709e+30,136
358,0,0.0000,0.0500,4.5500e+27,4.9000e+26,2.5400e+27,2.4000e+26,3.8627e+32,2.2313e+32,136
358,1,0.0500,0.1000,4.5800e+27,2.1700e+27,2.1600e+27,9.6000e+26,1.4029e+32,7.5388e+31,136
358,2,0.1000,0.2000,1.4670e+28,1.9130e+28,6.2700e+27,7.5700e+27,2.4622e+32,1.0777e+32,136
358,3,0.2000,0.3500,1.4260e+28,5.0160e+28,5.6400e+27,2.7100e+28,1.3039e+32,5.3164e+31,136
358,4,0.3500,0.5500,5.8900e+27,7.7540e+28,3.2300e+27,5.5180e+28,3.2522e+31,1.7923e+31,136
358,5,0.5500,1.0100,1.9600e+27,1.7320e+29,1.7300e+27,1.7378e+29,6.9054e+30,6.1814e+30,136
359,0,0.0000,0.0500,4.6200e+27,5.2000e+26,2.8300e+27,2.4000e+26,3.8613e+32,2.2291e+32,136
359,1,0.0500,0.1000,4.9400e+27,2.2400e+27,2.7500e+27,9.4000e+26,1.4008e+32,7.5306e+31,136
359,2,0.1000,0.2000,1.4760e+28,1.7950e+28,6.1800e+27,7.5400e+27,2.4558e+32,1.0761e+32,136
359,3,0.2000,0.3500,1.3890e+28,4.9430e+28,5.2300e+27,2.5770e+28,1.2978e+32,5.3160e+31,136
359,4,0.3500,0.5500,6.0700e+27,7.8370e+28,3.2300e+27,5.6090e+28,3.2444e+31,1.8000e+31,136
359,5,0.5500,1.0100,1.9100e+27,1.8027e+29,1.9200e+27,1.7632e+29,6.9234e+30,6.2142e+30,136
