TAA_Bin,Gen_Total,Gen_PSD,Gen_TD,Gen_SWS,Gen_MMV,Gen_PSD_Dawn,Gen_PSD_Dusk,Gen_TD_Dawn,Gen_TD_Dusk,Gen_SWS_Dawn,Gen_SWS_Dusk,Gen_MMV_Dawn,Gen_MMV_Dusk,Max_Flux_PSD,Min_Flux_PSD,Max_Flux_TD,Min_Flux_TD,Max_Flux_SWS,Min_Flux_SWS,Max_Flux_MMV,Min_Flux_MMV,Pct_PSD,Pct_TD,Pct_SWS,Pct_MMV,Loss_Total,Loss_Stuck,Loss_Ionized,Loss_Escaped,Supply_Internal,Trans_Inward,Pct_Stuck,Pct_Ionized,Pct_Escaped
0,1.0122e+30,2.5655e+29,7.4520e+29,3.6200e+27,6.7900e+27,1.7810e+29,7.8450e+28,3.9755e+29,3.4765e+29,1.9500e+27,1.6700e+27,3.5500e+27,3.2400e+27,6.6291e+08,3.2013e+06,1.7744e+09,2.3531e-05,3.1582e+07,2.3207e+05,6.6625e+05,6.6621e+05,25.3,73.6,0.4,0.7,1.0134e+30,9.8298e+29,2.9620e+28,7.6000e+26,3.4608e+28,0.0000e+00,97.0,2.9,0.1
1,1.0159e+30,2.5726e+29,7.4821e+29,3.6900e+27,6.7800e+27,1.8002e+29,7.7240e+28,4.0542e+29,3.4279e+29,2.1100e+27,1.5800e+27,3.2300e+27,3.5500e+27,6.5788e+08,3.7168e+06,1.5670e+09,2.0437e-05,3.1326e+07,2.5003e+05,6.6621e+05,6.6612e+05,25.3,73.6,0.4,0.7,1.0154e+30,9.8565e+29,2.9160e+28,6.2000e+26,3.4602e+28,0.0000e+00,97.1,2.9,0.1
2,9.8823e+29,2.5784e+29,7.1990e+29,3.7000e+27,6.7900e+27,1.7871e+29,7.9130e+28,3.8886e+29,3.3104e+29,1.9400e+27,1.7600e+27,3.3500e+27,3.4400e+27,6.5320e+08,3.1495e+06,1.5013e+09,1.7712e-05,3.2378e+07,2.3968e+05,6.6611e+05,6.6595e+05,26.1,72.8,0.4,0.7,9.8830e+29,9.5735e+29,3.0020e+28,9.3000e+26,3.4588e+28,0.0000e+00,96.9,3.0,0.1
3,1.0133e+30,2.5688e+29,7.4576e+29,3.8200e+27,6.8100e+27,1.7614e+29,8.0740e+28,4.0153e+29,3.4423e+29,2.2100e+27,1.6100e+27,3.6100e+27,3.2000e+27,6.4778e+08,3.4575e+06,1.4732e+09,1.5308e-05,3.1973e+07,2.0215e+05,6.6595e+05,6.6572e+05,25.4,73.6,0.4,0.7,1.0127e+30,9.7972e+29,3.2220e+28,7.4000e+26,3.4822e+28,0.0000e+00,96.7,3.2,0.1
4,9.9739e+29,2.5341e+29,7.3339e+29,3.8100e+27,6.7800e+27,1.7479e+29,7.8620e+28,3.9811e+29,3.3528e+29,2.1700e+27,1.6400e+27,3.2200e+27,3.5600e+27,6.4268e+08,3.4874e+06,1.4715e+09,1.3229e-05,3.1389e+07,2.0043e+05,6.6572e+05,6.6543e+05,25.4,73.5,0.4,0.7,9.9797e+29,9.6691e+29,3.0230e+28,8.3000e+26,3.4541e+28,0.0000e+00,96.9,3.0,0.1
5,9.9743e+29,2.4964e+29,7.3727e+29,3.7400e+27,6.7800e+27,1.7151e+29,7.8130e+28,3.9722e+29,3.4005e+29,1.7600e+27,1.9800e+27,3.5100e+27,3.2700e+27,6.3577e+08,2.9002e+06,1.8176e+09,1.1423e-05,3.1347e+07,1.6799e+05,6.6542e+05,6.6507e+05,25.0,73.9,0.4,0.7,9.9718e+29,9.6529e+29,3.0950e+28,9.4000e+26,3.4507e+28,0.0000e+00,96.8,3.1,0.1
6,1.0021e+30,2.5290e+29,7.3816e+29,4.2000e+27,6.8100e+27,1.7291e+29,7.9990e+28,3.9259e+29,3.4557e+29,2.2400e+27,1.9600e+27,3.3800e+27,3.4300e+27,6.2965e+08,2.5694e+06,1.3946e+09,9.9076e-06,3.1316e+07,1.7731e+05,6.6506e+05,6.6464e+05,25.2,73.7,0.4,0.7,1.0036e+30,9.7260e+29,3.0130e+28,8.3000e+26,3.4720e+28,0.0000e+00,96.9,3.0,0.1
7,9.8015e+29,2.5229e+29,7.1713e+29,3.9800e+27,6.7500e+27,1.7290e+29,7.9390e+28,3.8490e+29,3.3223e+29,2.2400e+27,1.7400e+27,3.2800e+27,3.4700e+27,6.2466e+08,2.6946e+06,1.5247e+09,8.5563e-06,3.1348e+07,1.8907e+05,6.6464e+05,6.6415e+05,25.7,73.2,0.4,0.7,9.7865e+29,9.4894e+29,2.8840e+28,8.7000e+26,3.4419e+28,0.0000e+00,97.0,2.9,0.1
8,1.0056e+30,2.5261e+29,7.4238e+29,3.8100e+27,6.8100e+27,1.6996e+29,8.2650e+28,3.9543e+29,3.4695e+29,1.9900e+27,1.8200e+27,3.2400e+27,3.5700e+27,6.1998e+08,2.8787e+06,1.8027e+09,7.3884e-06,3.1343e+07,2.0615e+05,6.6415e+05,6.6359e+05,25.1,73.8,0.4,0.7,1.0049e+30,9.7461e+29,2.9550e+28,7.1000e+26,3.4618e+28,0.0000e+00,97.0,2.9,0.1
9,1.0099e+30,2.4975e+29,7.4903e+29,4.3400e+27,6.8000e+27,1.6916e+29,8.0590e+28,4.0580e+29,3.4323e+29,2.3700e+27,1.9700e+27,3.4400e+27,3.3600e+27,6.1532e+08,2.9834e+06,1.5177e+09,6.3898e-06,3.0525e+07,2.4674e+05,6.6359e+05,6.6297e+05,24.7,74.2,0.4,0.7,1.0102e+30,9.7869e+29,3.0470e+28,1.0300e+27,3.4557e+28,0.0000e+00,96.9,3.0,0.1
10,1.0016e+30,2.4942e+29,7.4143e+29,3.9700e+27,6.8300e+27,1.6733e+29,8.2090e+28,3.9829e+29,3.4314e+29,2.2600e+27,1.7100e+27,3.3000e+27,3.5300e+27,6.0847e+08,3.5981e+06,1.5681e+09,5.6004e-06,2.9767e+07,2.0704e+05,6.6297e+05,6.6229e+05,24.9,74.0,0.4,0.7,1.0021e+30,9.7164e+29,2.9560e+28,9.5000e+26,3.4489e+28,0.0000e+00,97.0,2.9,0.1
11,9.8702e+29,2.4665e+29,7.2968e+29,3.9100e+27,6.7800e+27,1.6531e+29,8.1340e+28,3.9360e+29,3.3608e+29,2.1200e+27,1.7900e+27,3.3700e+27,3.4100e+27,6.0166e+08,3.8572e+06,1.5772e+09,4.8676e-06,2.9891e+07,1.9581e+05,6.6228e+05,6.6154e+05,25.0,73.9,0.4,0.7,9.8879e+29,9.5791e+29,2.9850e+28,1.0300e+27,3.4415e+28,0.0000e+00,96.9,3.0,0.1
12,9.8156e+29,2.4433e+29,7.2645e+29,4.0600e+27,6.7200e+27,1.6403e+29,8.0300e+28,3.9389e+29,3.3256e+29,2.1800e+27,1.8800e+27,3.5300e+27,3.1900e+27,5.9564e+08,2.8022e+06,1.6831e+09,4.2457e-06,3.0342e+07,1.9474e+05,6.6153e+05,6.6073e+05,24.9,74.0,0.4,0.7,9.8182e+29,9.5146e+29,2.9420e+28,9.4000e+26,3.4334e+28,0.0000e+00,96.9,3.0,0.1
13,9.7559e+29,2.4410e+29,7.2109e+29,3.6500e+27,6.7500e+27,1.6424e+29,7.9860e+28,3.8312e+29,3.3797e+29,1.8700e+27,1.7800e+27,3.4000e+27,3.3500e+27,5.9002e+08,3.1060e+06,1.4625e+09,3.7187e-06,2.9731e+07,2.2455e+05,6.6072e+05,6.5985e+05,25.0,73.9,0.4,0.7,9.7552e+29,9.4539e+29,2.8970e+28,1.1600e+27,3.4247e+28,0.0000e+00,96.9,3.0,0.1
14,9.7037e+29,2.4411e+29,7.1541e+29,4.0000e+27,6.8500e+27,1.6393e+29,8.0180e+28,3.8278e+29,3.3263e+29,2.0700e+27,1.9300e+27,3.4300e+27,3.4200e+27,5.8444e+08,2.9583e+06,1.6132e+09,3.2702e-06,2.8936e+07,1.9794e+05,6.5985e+05,6.5891e+05,25.2,73.7,0.4,0.7,9.7151e+29,9.4132e+29,2.8930e+28,1.2600e+27,3.4403e+28,0.0000e+00,96.9,3.0,0.1
15,9.4436e+29,2.4037e+29,6.9327e+29,3.9900e+27,6.7300e+27,1.6028e+29,8.0090e+28,3.6918e+29,3.2409e+29,2.1100e+27,1.8800e+27,3.3200e+27,3.4100e+27,5.7812e+08,3.2764e+06,1.6900e+09,2.9085e-06,2.8332e+07,1.9961e+05,6.5891e+05,6.5791e+05,25.5,73.4,0.4,0.7,9.4500e+29,9.1641e+29,2.7270e+28,1.3200e+27,3.4302e+28,0.0000e+00,97.0,2.9,0.1
16,9.4667e+29,2.4172e+29,6.9405e+29,4.1500e+27,6.7500e+27,1.6041e+29,8.1310e+28,3.6029e+29,3.3376e+29,2.2500e+27,1.9000e+27,3.4500e+27,3.3000e+27,5.7316e+08,2.8178e+06,1.7541e+09,2.6037e-06,2.8507e+07,2.1007e+05,6.5790e+05,6.5685e+05,25.5,73.3,0.4,0.7,9.4549e+29,9.1746e+29,2.6760e+28,1.2700e+27,3.4195e+28,0.0000e+00,97.0,2.8,0.1
17,9.4451e+29,2.3478e+29,6.9962e+29,3.3300e+27,6.7800e+27,1.5502e+29,7.9760e+28,3.7436e+29,3.2526e+29,1.8300e+27,1.5000e+27,3.5000e+27,3.2800e+27,5.6745e+08,3.6739e+06,1.4888e+09,2.3347e-06,2.8458e+07,1.9956e+05,6.5684e+05,6.5573e+05,24.9,74.1,0.4,0.7,9.4564e+29,9.1695e+29,2.7150e+28,1.5400e+27,3.4081e+28,0.0000e+00,97.0,2.9,0.2
18,9.3936e+29,2.3671e+29,6.9201e+29,3.7700e+27,6.8700e+27,1.5699e+29,7.9720e+28,3.6618e+29,3.2583e+29,1.9700e+27,1.8000e+27,3.3800e+27,3.4900e+27,5.6134e+08,3.5142e+06,1.8190e+09,2.1087e-06,2.7684e+07,2.3196e+05,6.5572e+05,6.5453e+05,25.2,73.7,0.4,0.7,9.4021e+29,9.1220e+29,2.6570e+28,1.4400e+27,3.4208e+28,0.0000e+00,97.0,2.8,0.2
19,9.3187e+29,2.3776e+29,6.8360e+29,3.6900e+27,6.8200e+27,1.5607e+29,8.1690e+28,3.6912e+29,3.1448e+29,2.0800e+27,1.6100e+27,3.3400e+27,3.4800e+27,5.5547e+08,3.0550e+06,1.7335e+09,1.9217e-06,2.7898e+07,2.1802e+05,6.5453e+05,6.5329e+05,25.5,73.4,0.4,0.7,9.3293e+29,9.0516e+29,2.6100e+28,1.6700e+27,3.4081e+28,0.0000e+00,97.0,2.8,0.2
20,9.1474e+29,2.3500e+29,6.6911e+29,3.8200e+27,6.8100e+27,1.5398e+29,8.1020e+28,3.5362e+29,3.1549e+29,2.1200e+27,1.7000e+27,3.7000e+27,3.1100e+27,5.4970e+08,2.8831e+06,1.5179e+09,1.7680e-06,2.7029e+07,1.7615e+05,6.5328e+05,6.5198e+05,25.7,73.1,0.4,0.7,9.1656e+29,8.8930e+29,2.5350e+28,1.9100e+27,3.3948e+28,0.0000e+00,97.0,2.8,0.2
21,9.0609e+29,2.3239e+29,6.6339e+29,3.5200e+27,6.7900e+27,1.5303e+29,7.9360e+28,3.4885e+29,3.1454e+29,1.9200e+27,1.6000e+27,3.5600e+27,3.2300e+27,5.4441e+08,2.9599e+06,1.6347e+09,1.6435e-06,2.6933e+07,2.1304e+05,6.5197e+05,6.5062e+05,25.6,73.2,0.4,0.7,9.0589e+29,8.7837e+29,2.5260e+28,2.2600e+27,3.3810e+28,0.0000e+00,97.0,2.8,0.2
22,9.1066e+29,2.3052e+29,6.6949e+29,3.7900e+27,6.8600e+27,1.5124e+29,7.9280e+28,3.6039e+29,3.0910e+29,1.8900e+27,1.9000e+27,3.2700e+27,3.5900e+27,5.3850e+08,2.7812e+06,1.5048e+09,1.5525e-06,2.6559e+07,2.0875e+05,6.5061e+05,6.4919e+05,25.3,73.5,0.4,0.8,9.1173e+29,8.8425e+29,2.4940e+28,2.5400e+27,3.3908e+28,0.0000e+00,97.0,2.7,0.3
23,8.6564e+29,2.2830e+29,6.2690e+29,3.7100e+27,6.7300e+27,1.4943e+29,7.8870e+28,3.2912e+29,2.9778e+29,2.0900e+27,1.6200e+27,3.4400e+27,3.2900e+27,5.3326e+08,3.1994e+06,1.4903e+09,1.4839e-06,2.5833e+07,1.7397e+05,6.4918e+05,6.4771e+05,26.4,72.4,0.4,0.8,8.6737e+29,8.4056e+29,2.3980e+28,2.8300e+27,3.3757e+28,0.0000e+00,96.9,2.8,0.3
24,8.6104e+29,2.2715e+29,6.2378e+29,3.3600e+27,6.7500e+27,1.4765e+29,7.9500e+28,3.2868e+29,2.9510e+29,1.8100e+27,1.5500e+27,3.2600e+27,3.4900e+27,5.2916e+08,2.5770e+06,1.5697e+09,1.4281e-06,2.5663e+07,1.6983e+05,6.4770e+05,6.4617e+05,26.4,72.4,0.4,0.8,8.6126e+29,8.3586e+29,2.2790e+28,2.6100e+27,3.3600e+28,0.0000e+00,97.1,2.6,0.3
25,8.4160e+29,2.2600e+29,6.0547e+29,3.3800e+27,6.7500e+27,1.4818e+29,7.7820e+28,3.1757e+29,2.8790e+29,1.8500e+27,1.5300e+27,3.3800e+27,3.3700e+27,5.2648e+08,2.2619e+06,1.4914e+09,1.3920e-06,2.5282e+07,2.1254e+05,6.4616e+05,6.4457e+05,26.9,71.9,0.4,0.8,8.4353e+29,8.1761e+29,2.2960e+28,2.9600e+27,3.3676e+28,0.0000e+00,96.9,2.7,0.4
26,8.3119e+29,2.2350e+29,5.9702e+29,3.8400e+27,6.8300e+27,1.4558e+29,7.7920e+28,3.1160e+29,2.8542e+29,2.1200e+27,1.7200e+27,3.2500e+27,3.5800e+27,5.2352e+08,2.1363e+06,1.7034e+09,1.3754e-06,2.4785e+07,1.7236e+05,6.4456e+05,6.4292e+05,26.9,71.8,0.5,0.8,8.3075e+29,8.0631e+29,2.0920e+28,3.5200e+27,3.3506e+28,0.0000e+00,97.1,2.5,0.4
27,8.1006e+29,2.2255e+29,5.7689e+29,3.8200e+27,6.8000e+27,1.4426e+29,7.8290e+28,2.9912e+29,2.7777e+29,2.0600e+27,1.7600e+27,3.3600e+27,3.4400e+27,5.1928e+08,1.8882e+06,1.4891e+09,1.3741e-06,2.5805e+07,1.4145e+05,6.4291e+05,6.4121e+05,27.5,71.2,0.5,0.8,8.1216e+29,7.8761e+29,2.0500e+28,4.0500e+27,3.3568e+28,0.0000e+00,97.0,2.5,0.5
28,8.0863e+29,2.2157e+29,5.7652e+29,3.6800e+27,6.8600e+27,1.4384e+29,7.7730e+28,3.0444e+29,2.7208e+29,1.9200e+27,1.7600e+27,3.3000e+27,3.5600e+27,5.1538e+08,2.1141e+06,1.4524e+09,1.3783e-06,2.4856e+07,1.5774e+05,6.4119e+05,6.3944e+05,27.4,71.3,0.5,0.8,8.0847e+29,7.8397e+29,2.0830e+28,3.6700e+27,3.3386e+28,0.0000e+00,97.0,2.6,0.5
29,8.0197e+29,2.2073e+29,5.7111e+29,3.3100e+27,6.8200e+27,1.4175e+29,7.8980e+28,3.0052e+29,2.7059e+29,1.6200e+27,1.6900e+27,3.3200e+27,3.5000e+27,5.1148e+08,1.8161e+06,1.5119e+09,1.4090e-06,2.4313e+07,1.3845e+05,6.3943e+05,6.3763e+05,27.5,71.2,0.4,0.9,8.0336e+29,7.7879e+29,2.0310e+28,4.2600e+27,3.3199e+28,0.0000e+00,96.9,2.5,0.5
30,7.7653e+29,2.1857e+29,5.4767e+29,3.4500e+27,6.8400e+27,1.4074e+29,7.7830e+28,2.8373e+29,2.6394e+29,1.8300e+27,1.6200e+27,3.5200e+27,3.3200e+27,5.0665e+08,2.4506e+06,1.4769e+09,1.4538e-06,2.4226e+07,1.4690e+05,6.3761e+05,6.3575e+05,28.1,70.5,0.4,0.9,7.7735e+29,7.5351e+29,1.9390e+28,4.4500e+27,3.3240e+28,0.0000e+00,96.9,2.5,0.6
31,7.7470e+29,2.1797e+29,5.4644e+29,3.5600e+27,6.7300e+27,1.4081e+29,7.7160e+28,2.7809e+29,2.6835e+29,1.9300e+27,1.6300e+27,3.1500e+27,3.5800e+27,5.0260e+08,2.4908e+06,1.3393e+09,1.5314e-06,2.3405e+07,1.7222e+05,6.3574e+05,6.3383e+05,28.1,70.5,0.5,0.9,7.7548e+29,7.5198e+29,1.8590e+28,4.9100e+27,3.3042e+28,0.0000e+00,97.0,2.4,0.6
32,7.5439e+29,2.1599e+29,5.2835e+29,3.2700e+27,6.7800e+27,1.3873e+29,7.7260e+28,2.7098e+29,2.5737e+29,1.5600e+27,1.7100e+27,3.4400e+27,3.3400e+27,4.9912e+08,2.1374e+06,1.4963e+09,1.6288e-06,2.3404e+07,1.4378e+05,6.3382e+05,6.3185e+05,28.6,70.0,0.4,0.9,7.5593e+29,7.3315e+29,1.8040e+28,4.7400e+27,3.3068e+28,0.0000e+00,97.0,2.4,0.6
33,7.3279e+29,2.1166e+29,5.1128e+29,3.1000e+27,6.7500e+27,1.3671e+29,7.4950e+28,2.6947e+29,2.4181e+29,1.6500e+27,1.4500e+27,3.6000e+27,3.1500e+27,4.9567e+08,2.0024e+06,1.5005e+09,1.7597e-06,2.3194e+07,1.6794e+05,6.3184e+05,6.2983e+05,28.9,69.8,0.4,0.9,7.3306e+29,7.1203e+29,1.6710e+28,4.3200e+27,3.2859e+28,0.0000e+00,97.1,2.3,0.6
34,7.2680e+29,2.0984e+29,5.0697e+29,3.1100e+27,6.8800e+27,1.3486e+29,7.4980e+28,2.6137e+29,2.4560e+29,1.7000e+27,1.4100e+27,3.5400e+27,3.3400e+27,4.9254e+08,2.4953e+06,1.1758e+09,1.9408e-06,2.3194e+07,1.8621e+05,6.2982e+05,6.2775e+05,28.9,69.8,0.4,0.9,7.2817e+29,7.0656e+29,1.6370e+28,5.2400e+27,3.2871e+28,0.0000e+00,97.0,2.2,0.7
35,7.0386e+29,2.0747e+29,4.8644e+29,3.1000e+27,6.8500e+27,1.3361e+29,7.3860e+28,2.5136e+29,2.3508e+29,1.6100e+27,1.4900e+27,3.4200e+27,3.4300e+27,4.8845e+08,2.1124e+06,1.5046e+09,2.1625e-06,2.3232e+07,1.4824e+05,6.2773e+05,6.2563e+05,29.5,69.1,0.4,1.0,7.0433e+29,6.8329e+29,1.5610e+28,5.4300e+27,3.2651e+28,0.0000e+00,97.0,2.2,0.8
36,6.9996e+29,2.0810e+29,4.8183e+29,3.2200e+27,6.8100e+27,1.3379e+29,7.4310e+28,2.4716e+29,2.3467e+29,1.5900e+27,1.6300e+27,3.2700e+27,3.5400e+27,4.8420e+08,2.4394e+06,1.2519e+09,2.4586e-06,2.2098e+07,1.6044e+05,6.2561e+05,6.2345e+05,29.7,68.8,0.5,1.0,7.0042e+29,6.7931e+29,1.5310e+28,5.8000e+27,3.2650e+28,0.0000e+00,97.0,2.2,0.8
37,6.8221e+29,2.0558e+29,4.6721e+29,2.6300e+27,6.7900e+27,1.3221e+29,7.3370e+28,2.4804e+29,2.1917e+29,1.5700e+27,1.0600e+27,3.5000e+27,3.2900e+27,4.8117e+08,1.8169e+06,1.5622e+09,2.8231e-06,2.1689e+07,1.4748e+05,6.2343e+05,6.2123e+05,30.1,68.5,0.4,1.0,6.8339e+29,6.6293e+29,1.4530e+28,5.9300e+27,3.2419e+28,0.0000e+00,97.0,2.1,0.9
38,6.6587e+29,2.0495e+29,4.5114e+29,2.9300e+27,6.8500e+27,1.3366e+29,7.1290e+28,2.3817e+29,2.1297e+29,1.5800e+27,1.3500e+27,3.5400e+27,3.3100e+27,4.7807e+08,1.4306e+06,1.3481e+09,3.2875e-06,2.1420e+07,1.3233e+05,6.2121e+05,6.1896e+05,30.8,67.8,0.4,1.0,6.6710e+29,6.4705e+29,1.4190e+28,5.8600e+27,3.2405e+28,0.0000e+00,97.0,2.1,0.9
39,6.6323e+29,2.0269e+29,4.5071e+29,2.9900e+27,6.8400e+27,1.3106e+29,7.1630e+28,2.3296e+29,2.1775e+29,1.5600e+27,1.4300e+27,3.4700e+27,3.3700e+27,4.7471e+08,1.5348e+06,1.2282e+09,3.8846e-06,2.0875e+07,1.1169e+05,6.1894e+05,6.1666e+05,30.6,68.0,0.5,1.0,6.6244e+29,6.4221e+29,1.4160e+28,6.0700e+27,3.2164e+28,0.0000e+00,96.9,2.1,0.9
40,6.5258e+29,2.0735e+29,4.3548e+29,3.0300e+27,6.7200e+27,1.3407e+29,7.3280e+28,2.3077e+29,2.0471e+29,1.5200e+27,1.5100e+27,3.3600e+27,3.3600e+27,4.7181e+08,1.1764e+06,1.2916e+09,4.6506e-06,1.9908e+07,1.1487e+05,6.1664e+05,6.1430e+05,31.8,66.7,0.5,1.0,6.5334e+29,6.3323e+29,1.3490e+28,6.6200e+27,3.2137e+28,0.0000e+00,96.9,2.1,1.0
41,6.4724e+29,2.0268e+29,4.3462e+29,3.0500e+27,6.8900e+27,1.3164e+29,7.1040e+28,2.3485e+29,1.9977e+29,1.5500e+27,1.5000e+27,3.6400e+27,3.2500e+27,4.6830e+08,1.5683e+06,1.2591e+09,5.6435e-06,1.9374e+07,1.3124e+05,6.1428e+05,6.1189e+05,31.3,67.1,0.5,1.1,6.4803e+29,6.2851e+29,1.2940e+28,6.5800e+27,3.2103e+28,0.0000e+00,97.0,2.0,1.0
42,6.2942e+29,1.9907e+29,4.2109e+29,2.5000e+27,6.7600e+27,1.3000e+29,6.9070e+28,2.2543e+29,1.9566e+29,1.4300e+27,1.0700e+27,3.3600e+27,3.4000e+27,4.6482e+08,1.6365e+06,1.1368e+09,6.9765e-06,1.9373e+07,1.1488e+05,6.1187e+05,6.0945e+05,31.6,66.9,0.4,1.1,6.3081e+29,6.1139e+29,1.3330e+28,6.0900e+27,3.1847e+28,0.0000e+00,96.9,2.1,1.0
43,6.2562e+29,1.9819e+29,4.1777e+29,2.7700e+27,6.8900e+27,1.2898e+29,6.9210e+28,2.1915e+29,1.9862e+29,1.4600e+27,1.3100e+27,3.4900e+27,3.4000e+27,4.6215e+08,1.2333e+06,1.3214e+09,8.6730e-06,1.8859e+07,1.1093e+05,6.0943e+05,6.0696e+05,31.7,66.8,0.4,1.1,6.2458e+29,6.0586e+29,1.2390e+28,6.3300e+27,3.1800e+28,0.0000e+00,97.0,2.0,1.0
44,6.1225e+29,1.9625e+29,4.0648e+29,2.4800e+27,7.0400e+27,1.2700e+29,6.9250e+28,2.1120e+29,1.9528e+29,1.3100e+27,1.1700e+27,3.6500e+27,3.3900e+27,4.5934e+08,1.4637e+06,1.4891e+09,6.8306e-06,1.8333e+07,1.0508e+05,6.0695e+05,6.0445e+05,32.1,66.4,0.4,1.1,6.1353e+29,5.9440e+29,1.2190e+28,6.9400e+27,3.1537e+28,0.0000e+00,96.9,2.0,1.1
45,6.0130e+29,1.9448e+29,3.9732e+29,2.6500e+27,6.8500e+27,1.2607e+29,6.8410e+28,2.0465e+29,1.9267e+29,1.4100e+27,1.2400e+27,3.4100e+27,3.4400e+27,4.5636e+08,1.4964e+06,1.2877e+09,4.8334e-06,1.8004e+07,1.1657e+05,6.0443e+05,6.0189e+05,32.3,66.1,0.4,1.1,6.0215e+29,5.8292e+29,1.2380e+28,6.8500e+27,3.1478e+28,0.0000e+00,96.8,2.1,1.1
46,5.9652e+29,1.9570e+29,3.9103e+29,2.9000e+27,6.8900e+27,1.2852e+29,6.7180e+28,1.9799e+29,1.9304e+29,1.5200e+27,1.3800e+27,3.3400e+27,3.5500e+27,4.5343e+08,1.7395e+06,1.1409e+09,3.3129e-06,1.7571e+07,1.1685e+05,6.0187e+05,5.9928e+05,32.8,65.6,0.5,1.2,5.9689e+29,5.7900e+29,1.1650e+28,6.2400e+27,3.1413e+28,0.0000e+00,97.0,2.0,1.0
47,5.9404e+29,1.9430e+29,3.9007e+29,2.8700e+27,6.8000e+27,1.2649e+29,6.7810e+28,2.0489e+29,1.8518e+29,1.5300e+27,1.3400e+27,3.3900e+27,3.4100e+27,4.5031e+08,1.7989e+06,1.2818e+09,2.1919e-06,1.7280e+07,1.1461e+05,5.9926e+05,5.9663e+05,32.7,65.7,0.5,1.1,5.9354e+29,5.7507e+29,1.1730e+28,6.7400e+27,3.1340e+28,0.0000e+00,96.9,2.0,1.1
48,5.7959e+29,1.9203e+29,3.7814e+29,2.6400e+27,6.7800e+27,1.2584e+29,6.6190e+28,1.9743e+29,1.8071e+29,1.3400e+27,1.3000e+27,3.5100e+27,3.2700e+27,4.4701e+08,1.8448e+06,1.1814e+09,1.3985e-06,1.6791e+07,1.3035e+05,5.9662e+05,5.9396e+05,33.1,65.2,0.5,1.2,5.7978e+29,5.6186e+29,1.0980e+28,6.9400e+27,3.1058e+28,0.0000e+00,96.9,1.9,1.2
49,5.8090e+29,1.9047e+29,3.8101e+29,2.5400e+27,6.8800e+27,1.2549e+29,6.4980e+28,1.9799e+29,1.8302e+29,1.3900e+27,1.1500e+27,3.2300e+27,3.6500e+27,4.4451e+08,1.7387e+06,1.1863e+09,8.5408e-07,1.6537e+07,1.3220e+05,5.9395e+05,5.9125e+05,32.8,65.6,0.4,1.2,5.8110e+29,5.6308e+29,1.1090e+28,6.9300e+27,3.0976e+28,0.0000e+00,96.9,1.9,1.2
50,5.8054e+29,1.9529e+29,3.7604e+29,2.4100e+27,6.8000e+27,1.2956e+29,6.5730e+28,2.0168e+29,1.7436e+29,1.2200e+27,1.1900e+27,3.4100e+27,3.3900e+27,4.4111e+08,1.7607e+06,1.2653e+09,4.9638e-07,1.6087e+07,1.4744e+05,5.9124e+05,5.8850e+05,33.6,64.8,0.4,1.2,5.8142e+29,5.6376e+29,1.0620e+28,7.0400e+27,3.0886e+28,0.0000e+00,97.0,1.8,1.2
51,5.5136e+29,1.9010e+29,3.5201e+29,2.3800e+27,6.8700e+27,1.2611e+29,6.3990e+28,1.9035e+29,1.6166e+29,1.2900e+27,1.0900e+27,3.5700e+27,3.3000e+27,4.3824e+08,1.7003e+06,1.2029e+09,2.7369e-07,1.6069e+07,9.6451e+04,5.8849e+05,5.8574e+05,34.5,63.8,0.4,1.2,5.5261e+29,5.3517e+29,1.0600e+28,6.8400e+27,3.0593e+28,0.0000e+00,96.8,1.9,1.2
52,5.6556e+29,1.8894e+29,3.6731e+29,2.4900e+27,6.8200e+27,1.2557e+29,6.3370e+28,1.9255e+29,1.7476e+29,1.2600e+27,1.2300e+27,3.4300e+27,3.3900e+27,4.3533e+08,1.7040e+06,1.2214e+09,1.4081e-07,1.5870e+07,8.8803e+04,5.8572e+05,5.8291e+05,33.4,64.9,0.4,1.2,5.6505e+29,5.4739e+29,1.0560e+28,7.1000e+27,3.0689e+28,0.0000e+00,96.9,1.9,1.3
53,5.6353e+29,1.8884e+29,3.6544e+29,2.3600e+27,6.8900e+27,1.2688e+29,6.1960e+28,1.9739e+29,1.6805e+29,1.1300e+27,1.2300e+27,3.3300e+27,3.5600e+27,4.3303e+08,1.6796e+06,1.1874e+09,6.8280e-08,1.5960e+07,1.3541e+05,5.8290e+05,5.8008e+05,33.5,64.8,0.4,1.2,5.6457e+29,5.4718e+29,1.0600e+28,6.7900e+27,3.0387e+28,0.0000e+00,96.9,1.9,1.2
54,5.4626e+29,1.8854e+29,3.4860e+29,2.3200e+27,6.8000e+27,1.2617e+29,6.2370e+28,1.8698e+29,1.6162e+29,1.2400e+27,1.0800e+27,3.3600e+27,3.4400e+27,4.3077e+08,1.9298e+06,1.0324e+09,2.9886e-08,1.6302e+07,1.4638e+05,5.8006e+05,5.7721e+05,34.5,63.8,0.4,1.2,5.4650e+29,5.2962e+29,9.7800e+27,7.1000e+27,3.0276e+28,0.0000e+00,96.9,1.8,1.3
55,5.4281e+29,1.8874e+29,3.4511e+29,2.1900e+27,6.7700e+27,1.2663e+29,6.2110e+28,1.8928e+29,1.5583e+29,1.0900e+27,1.1000e+27,3.1800e+27,3.5900e+27,4.2884e+08,2.1162e+06,1.2153e+09,1.1807e-08,1.5970e+07,1.4294e+05,5.7719e+05,5.7432e+05,34.8,63.6,0.4,1.2,5.4233e+29,5.2577e+29,9.7100e+27,6.8500e+27,2.9970e+28,0.0000e+00,96.9,1.8,1.3
56,5.6487e+29,1.8924e+29,3.6638e+29,2.3000e+27,6.9500e+27,1.2786e+29,6.1380e+28,1.9159e+29,1.7479e+29,1.1900e+27,1.1100e+27,3.4300e+27,3.5200e+27,4.2629e+08,2.3518e+06,1.1619e+09,4.0577e-09,1.5269e+07,1.3544e+05,5.7430e+05,5.7139e+05,33.5,64.9,0.4,1.2,5.6508e+29,5.4837e+29,9.7200e+27,6.9900e+27,3.0037e+28,0.0000e+00,97.0,1.7,1.2
57,5.5639e+29,1.9179e+29,3.5508e+29,2.6400e+27,6.8800e+27,1.2999e+29,6.1800e+28,1.8763e+29,1.6745e+29,1.3500e+27,1.2900e+27,3.3400e+27,3.5400e+27,4.2305e+08,2.3485e+06,1.3692e+09,1.1870e-09,1.4943e+07,1.4013e+05,5.7137e+05,5.6845e+05,34.5,63.8,0.5,1.2,5.5642e+29,5.3943e+29,1.0210e+28,6.7800e+27,2.9724e+28,0.0000e+00,96.9,1.8,1.2
58,5.4951e+29,1.8804e+29,3.5183e+29,2.6900e+27,6.9500e+27,1.2718e+29,6.0860e+28,1.8686e+29,1.6497e+29,1.2600e+27,1.4300e+27,3.5400e+27,3.4100e+27,4.2062e+08,2.4818e+06,1.3073e+09,2.7629e-10,1.3941e+07,1.4709e+05,5.6843e+05,5.6546e+05,34.2,64.0,0.5,1.3,5.5043e+29,5.3421e+29,9.5000e+27,6.7200e+27,2.9776e+28,0.0000e+00,97.1,1.7,1.2
59,5.5882e+29,1.9171e+29,3.5810e+29,2.2300e+27,6.7800e+27,1.3032e+29,6.1390e+28,1.9229e+29,1.6581e+29,1.1100e+27,1.1200e+27,3.3800e+27,3.4000e+27,4.1750e+08,2.1695e+06,1.2382e+09,4.8097e-11,1.4036e+07,1.3868e+05,5.6544e+05,5.6246e+05,34.3,64.1,0.4,1.2,5.5819e+29,5.4121e+29,1.0030e+28,6.9500e+27,2.9456e+28,0.0000e+00,97.0,1.8,1.2
60,5.4054e+29,1.9094e+29,3.4033e+29,2.3800e+27,6.8900e+27,1.3091e+29,6.0030e+28,1.8399e+29,1.5634e+29,1.2300e+27,1.1500e+27,3.6700e+27,3.2200e+27,4.1496e+08,2.2757e+06,1.2866e+09,5.4310e-12,1.4026e+07,1.5670e+05,5.6244e+05,5.5944e+05,35.3,63.0,0.4,1.3,5.4181e+29,5.2463e+29,1.0200e+28,6.9800e+27,2.9315e+28,0.0000e+00,96.8,1.9,1.3
61,5.2264e+29,1.9127e+29,3.2208e+29,2.4100e+27,6.8800e+27,1.3182e+29,5.9450e+28,1.7499e+29,1.4709e+29,1.1700e+27,1.2400e+27,3.2800e+27,3.6000e+27,4.1339e+08,2.2632e+06,1.1636e+09,3.1299e-13,1.3860e+07,1.5743e+05,5.5942e+05,5.5640e+05,36.6,61.6,0.5,1.3,5.2242e+29,5.0550e+29,9.6600e+27,7.2600e+27,2.9169e+28,0.0000e+00,96.8,1.8,1.4
62,5.3170e+29,1.9076e+29,3.3155e+29,2.5100e+27,6.8800e+27,1.3244e+29,5.8320e+28,1.7981e+29,1.5174e+29,1.2500e+27,1.2600e+27,3.2700e+27,3.6100e+27,4.1093e+08,2.2378e+06,1.1210e+09,5.0674e-15,1.3211e+07,1.6660e+05,5.5638e+05,5.5334e+05,35.9,62.4,0.5,1.3,5.3218e+29,5.1586e+29,9.0400e+27,7.2800e+27,2.9018e+28,0.0000e+00,96.9,1.7,1.4
63,5.3042e+29,1.8820e+29,3.3290e+29,2.4900e+27,6.8300e+27,1.3112e+29,5.7080e+28,1.8263e+29,1.5027e+29,1.3200e+27,1.1700e+27,3.4300e+27,3.4000e+27,4.0852e+08,1.4586e+06,1.0547e+09,3.5337e-18,1.3424e+07,1.5113e+05,5.5332e+05,5.5025e+05,35.5,62.8,0.5,1.3,5.2977e+29,5.1423e+29,8.6200e+27,6.9200e+27,2.8863e+28,0.0000e+00,97.1,1.6,1.3
64,5.4181e+29,1.9184e+29,3.4075e+29,2.3800e+27,6.8400e+27,1.3240e+29,5.9440e+28,1.8525e+29,1.5550e+29,1.1300e+27,1.2500e+27,3.4600e+27,3.3800e+27,4.0616e+08,4.2937e+03,1.2361e+09,1.0025e-20,2.0372e+07,1.5055e+05,5.5023e+05,5.4715e+05,35.4,62.9,0.4,1.3,5.4222e+29,5.2595e+29,9.0700e+27,7.2000e+27,2.8704e+28,0.0000e+00,97.0,1.7,1.3
65,5.2618e+29,1.9250e+29,3.2480e+29,2.0700e+27,6.8100e+27,1.3297e+29,5.9530e+28,1.6588e+29,1.5892e+29,1.2600e+27,8.1000e+26,3.5500e+27,3.2600e+27,4.0562e+08,9.9955e+05,1.1028e+09,1.0623e-20,2.0355e+07,1.3494e+05,5.4713e+05,5.4403e+05,36.6,61.7,0.4,1.3,5.2644e+29,5.1070e+29,9.2200e+27,6.5200e+27,2.8540e+28,0.0000e+00,97.0,1.8,1.2
66,5.3139e+29,1.9431e+29,3.2783e+29,2.4000e+27,6.8500e+27,1.3679e+29,5.7520e+28,1.6981e+29,1.5802e+29,1.1300e+27,1.2700e+27,3.4200e+27,3.4300e+27,4.0358e+08,2.1128e+06,1.0776e+09,1.1963e-16,1.8861e+07,1.3444e+05,5.4401e+05,5.4090e+05,36.6,61.7,0.5,1.3,5.3233e+29,5.1627e+29,9.3400e+27,6.7200e+27,2.8372e+28,0.0000e+00,97.0,1.8,1.3
67,5.2750e+29,1.9954e+29,3.1893e+29,2.1700e+27,6.8600e+27,1.4071e+29,5.8830e+28,1.6718e+29,1.5175e+29,1.3000e+27,8.7000e+26,3.6600e+27,3.2000e+27,4.0175e+08,1.8353e+06,9.8041e+08,6.8932e-14,1.8086e+07,1.5105e+05,5.4088e+05,5.3775e+05,37.8,60.5,0.4,1.3,5.2651e+29,5.1099e+29,8.5500e+27,6.9700e+27,2.8200e+28,0.0000e+00,97.1,1.6,1.3
68,5.3539e+29,2.0682e+29,3.1890e+29,2.7700e+27,6.9000e+27,1.4990e+29,5.6920e+28,1.6984e+29,1.4906e+29,1.5300e+27,1.2400e+27,3.4900e+27,3.4100e+27,3.9957e+08,2.5913e+06,1.6396e+09,3.6896e-12,1.7536e+07,1.8563e+05,5.3773e+05,5.3457e+05,38.6,59.6,0.5,1.3,5.3497e+29,5.1799e+29,9.3700e+27,7.6100e+27,2.8188e+28,0.0000e+00,96.8,1.8,1.4
69,5.4226e+29,2.0955e+29,3.2321e+29,2.6200e+27,6.8800e+27,1.5250e+29,5.7050e+28,1.7030e+29,1.5291e+29,1.4900e+27,1.1300e+27,3.4300e+27,3.4500e+27,3.9990e+08,2.2255e+06,9.7745e+08,6.9912e-11,1.6606e+07,1.6948e+05,5.3455e+05,5.3139e+05,38.6,59.6,0.5,1.3,5.4213e+29,5.2636e+29,8.6400e+27,7.1300e+27,2.7844e+28,0.0000e+00,97.1,1.6,1.3
70,5.3368e+29,2.1094e+29,3.1344e+29,2.4600e+27,6.8400e+27,1.5438e+29,5.6560e+28,1.6612e+29,1.4732e+29,1.3900e+27,1.0700e+27,3.4000e+27,3.4400e+27,4.0129e+08,2.5151e+06,1.0478e+09,7.0713e-10,1.6354e+07,1.3521e+05,5.3138e+05,5.2821e+05,39.5,58.7,0.5,1.3,5.3440e+29,5.1769e+29,8.5000e+27,8.2100e+27,2.7662e+28,0.0000e+00,96.9,1.6,1.5
71,5.3798e+29,2.1613e+29,3.1286e+29,2.1000e+27,6.8900e+27,1.5976e+29,5.6370e+28,1.6768e+29,1.4518e+29,1.0300e+27,1.0700e+27,3.3300e+27,3.5600e+27,4.0273e+08,2.4147e+06,9.7645e+08,4.8338e-09,1.5358e+07,1.3463e+05,5.2819e+05,5.2502e+05,40.2,58.2,0.4,1.3,5.3811e+29,5.2166e+29,8.5100e+27,7.9400e+27,2.7477e+28,0.0000e+00,96.9,1.6,1.5
72,5.5244e+29,2.2347e+29,3.2002e+29,2.0600e+27,6.8900e+27,1.6646e+29,5.7010e+28,1.7378e+29,1.4624e+29,1.0400e+27,1.0200e+27,3.4400e+27,3.4500e+27,4.0923e+08,2.3836e+06,9.8675e+08,2.5084e-08,1.4880e+07,1.3299e+05,5.2500e+05,5.2181e+05,40.5,57.9,0.4,1.2,5.5165e+29,5.3473e+29,9.1800e+27,7.7400e+27,2.7443e+28,0.0000e+00,96.9,1.7,1.4
73,5.6355e+29,2.3042e+29,3.2389e+29,2.3600e+27,6.8800e+27,1.7309e+29,5.7330e+28,1.7360e+29,1.5029e+29,1.2500e+27,1.1100e+27,3.1900e+27,3.6900e+27,4.1880e+08,2.8485e+06,1.0870e+09,1.0688e-07,1.4374e+07,1.4923e+05,5.2179e+05,5.1859e+05,40.9,57.5,0.4,1.2,5.6356e+29,5.4705e+29,8.6800e+27,7.8300e+27,2.7249e+28,0.0000e+00,97.1,1.5,1.4
74,5.5976e+29,2.3154e+29,3.1913e+29,2.2900e+27,6.8000e+27,1.7553e+29,5.6010e+28,1.7472e+29,1.4441e+29,1.1700e+27,1.1200e+27,3.3500e+27,3.4500e+27,4.2819e+08,2.7861e+06,9.3070e+08,3.8802e-07,1.3780e+07,1.4868e+05,5.1857e+05,5.1538e+05,41.4,57.0,0.4,1.2,5.6026e+29,5.4350e+29,8.8100e+27,7.9500e+27,2.6900e+28,0.0000e+00,97.0,1.6,1.4
75,5.5986e+29,2.3724e+29,3.1306e+29,2.6800e+27,6.8800e+27,1.8135e+29,5.5890e+28,1.7607e+29,1.3699e+29,1.3800e+27,1.3000e+27,3.5000e+27,3.3800e+27,4.3719e+08,3.0917e+06,9.8222e+08,6.3130e-07,1.3213e+07,1.9680e+05,5.1537e+05,5.1216e+05,42.4,55.9,0.5,1.2,5.5918e+29,5.4287e+29,8.4200e+27,7.8900e+27,2.6854e+28,0.0000e+00,97.1,1.5,1.4
76,5.6538e+29,2.3979e+29,3.1670e+29,2.0400e+27,6.8500e+27,1.8552e+29,5.4270e+28,1.7355e+29,1.4315e+29,1.0500e+27,9.9000e+26,3.4300e+27,3.4200e+27,4.4610e+08,3.1709e+06,1.0163e+09,1.6969e-07,1.3195e+07,1.8566e+05,5.1214e+05,5.0891e+05,42.4,56.0,0.4,1.2,5.6616e+29,5.4906e+29,9.0400e+27,8.0600e+27,2.6799e+28,0.0000e+00,97.0,1.6,1.4
77,5.6177e+29,2.4578e+29,3.0677e+29,2.4100e+27,6.8100e+27,1.9191e+29,5.3870e+28,1.6894e+29,1.3783e+29,1.2000e+27,1.2100e+27,3.1500e+27,3.6600e+27,4.5571e+08,3.4740e+06,9.8333e+08,3.6795e-08,1.3288e+07,1.9748e+05,5.0889e+05,5.0569e+05,43.8,54.6,0.4,1.2,5.6191e+29,5.4456e+29,9.0200e+27,8.3300e+27,2.6447e+28,0.0000e+00,96.9,1.6,1.5
78,5.7603e+29,2.5243e+29,3.1414e+29,2.6000e+27,6.8600e+27,1.9784e+29,5.4590e+28,1.7694e+29,1.3720e+29,1.3700e+27,1.2300e+27,3.4000e+27,3.4600e+27,4.6446e+08,3.0739e+06,9.4428e+08,5.8244e-09,1.3397e+07,1.9580e+05,5.0567e+05,5.0244e+05,43.8,54.5,0.5,1.2,5.7550e+29,5.5825e+29,8.9800e+27,8.2700e+27,2.6385e+28,0.0000e+00,97.0,1.6,1.4
79,5.7032e+29,2.5436e+29,3.0678e+29,2.3900e+27,6.7900e+27,2.0135e+29,5.3010e+28,1.7957e+29,1.2721e+29,1.2400e+27,1.1500e+27,3.5700e+27,3.2200e+27,4.7344e+08,2.9862e+06,9.8264e+08,5.9753e-10,1.3704e+07,1.6824e+05,5.0243e+05,4.9922e+05,44.6,53.8,0.4,1.2,5.7059e+29,5.5410e+29,8.4600e+27,8.0300e+27,2.6033e+28,0.0000e+00,97.1,1.5,1.4
80,5.7903e+29,2.6034e+29,3.0906e+29,2.7600e+27,6.8700e+27,2.0771e+29,5.2630e+28,1.8020e+29,1.2886e+29,1.4100e+27,1.3500e+27,3.6800e+27,3.1900e+27,4.8218e+08,3.1757e+06,9.8079e+08,2.9702e-11,1.4133e+07,1.6997e+05,4.9921e+05,4.9599e+05,45.0,53.4,0.5,1.2,5.7823e+29,5.5998e+29,8.8700e+27,9.3800e+27,2.5964e+28,0.0000e+00,96.8,1.5,1.6
81,5.8743e+29,2.6752e+29,3.1071e+29,2.3600e+27,6.8400e+27,2.1436e+29,5.3160e+28,1.8426e+29,1.2645e+29,1.2600e+27,1.1000e+27,3.4400e+27,3.4000e+27,4.9039e+08,2.6036e+06,1.2797e+09,3.8014e-13,1.4050e+07,1.8614e+05,4.9597e+05,4.9274e+05,45.5,52.9,0.4,1.2,5.8807e+29,5.7055e+29,8.9400e+27,8.5800e+27,2.5889e+28,0.0000e+00,97.0,1.5,1.5
82,5.8934e+29,2.6696e+29,3.1320e+29,2.3300e+27,6.8500e+27,2.1526e+29,5.1700e+28,1.8828e+29,1.2492e+29,1.2200e+27,1.1100e+27,3.7000e+27,3.1500e+27,4.9842e+08,1.2680e+06,9.7353e+08,1.4877e-16,1.3612e+07,1.6503e+05,4.9272e+05,4.8950e+05,45.3,53.1,0.4,1.2,5.8947e+29,5.7240e+29,8.8800e+27,8.1900e+27,2.5671e+28,0.0000e+00,97.1,1.5,1.4
83,5.8799e+29,2.7129e+29,3.0761e+29,2.3500e+27,6.7400e+27,2.2099e+29,5.0300e+28,1.8506e+29,1.2255e+29,1.2600e+27,1.0900e+27,3.4100e+27,3.3300e+27,5.0681e+08,6.9475e+03,9.1909e+08,1.0010e-20,1.8033e+07,1.7728e+05,4.8948e+05,4.8629e+05,46.1,52.3,0.4,1.1,5.8767e+29,5.7086e+29,8.3100e+27,8.5000e+27,2.5319e+28,0.0000e+00,97.1,1.4,1.4
84,6.1062e+29,2.8045e+29,3.2068e+29,2.4800e+27,7.0100e+27,2.2746e+29,5.2990e+28,1.8461e+29,1.3607e+29,1.2700e+27,1.2100e+27,3.5000e+27,3.5100e+27,5.1724e+08,2.0449e+06,9.2358e+08,1.1172e-20,1.7760e+07,1.8386e+05,4.8627e+05,4.8305e+05,45.9,52.5,0.4,1.1,6.1043e+29,5.9327e+29,8.7600e+27,8.4000e+27,2.5367e+28,0.0000e+00,97.2,1.4,1.4
85,6.1025e+29,2.8815e+29,3.1265e+29,2.5400e+27,6.9100e+27,2.3561e+29,5.2540e+28,1.8092e+29,1.3173e+29,1.4200e+27,1.1200e+27,3.5000e+27,3.4100e+27,5.2684e+08,3.4635e+06,9.2653e+08,1.5860e-14,1.7201e+07,1.6878e+05,4.8303e+05,4.7984e+05,47.2,51.2,0.4,1.1,6.1019e+29,5.9263e+29,8.8400e+27,8.7200e+27,2.5014e+28,0.0000e+00,97.1,1.4,1.4
86,6.2606e+29,2.9704e+29,3.1973e+29,2.4200e+27,6.8700e+27,2.4477e+29,5.2270e+28,1.8638e+29,1.3335e+29,1.4900e+27,9.3000e+26,3.4600e+27,3.4100e+27,5.3658e+08,3.2884e+06,9.0333e+08,7.6987e-12,1.6833e+07,1.6663e+05,4.7982e+05,4.7663e+05,47.4,51.1,0.4,1.1,6.2542e+29,6.0841e+29,8.4200e+27,8.5900e+27,2.4922e+28,0.0000e+00,97.3,1.3,1.4
87,6.3033e+29,3.0426e+29,3.1666e+29,2.4800e+27,6.9300e+27,2.5205e+29,5.2210e+28,1.8543e+29,1.3123e+29,1.3100e+27,1.1700e+27,3.4100e+27,3.5200e+27,5.4665e+08,3.6115e+06,9.8138e+08,3.7432e-10,1.6217e+07,2.1256e+05,4.7661e+05,4.7341e+05,48.3,50.2,0.4,1.1,6.3093e+29,6.1320e+29,8.6400e+27,9.0900e+27,2.4825e+28,0.0000e+00,97.2,1.4,1.4
88,6.3266e+29,3.1351e+29,3.0981e+29,2.3500e+27,6.9900e+27,2.6287e+29,5.0640e+28,1.8357e+29,1.2624e+29,1.4200e+27,9.3000e+26,3.5600e+27,3.4300e+27,5.5552e+08,3.6384e+06,9.8057e+08,6.4400e-09,1.5978e+07,2.1423e+05,4.7339e+05,4.7020e+05,49.6,49.0,0.4,1.1,6.3262e+29,6.1504e+29,8.6800e+27,8.9000e+27,2.4598e+28,0.0000e+00,97.2,1.4,1.4
89,6.4971e+29,3.2228e+29,3.1790e+29,2.5500e+27,6.9800e+27,2.7086e+29,5.1420e+28,1.8704e+29,1.3086e+29,1.4600e+27,1.0900e+27,3.4900e+27,3.4900e+27,5.6455e+08,3.6333e+06,8.2918e+08,6.0386e-08,1.5418e+07,2.1878e+05,4.7019e+05,4.6702e+05,49.6,48.9,0.4,1.1,6.4984e+29,6.3164e+29,9.2100e+27,8.9900e+27,2.4372e+28,0.0000e+00,97.2,1.4,1.4
90,6.6216e+29,3.3332e+29,3.1941e+29,2.5800e+27,6.8500e+27,2.8225e+29,5.1070e+28,1.9221e+29,1.2720e+29,1.5200e+27,1.0600e+27,3.6000e+27,3.2500e+27,5.7404e+08,3.7522e+06,9.2603e+08,9.2439e-08,1.5328e+07,2.1385e+05,4.6700e+05,4.6385e+05,50.3,48.2,0.4,1.0,6.6139e+29,6.4327e+29,9.1300e+27,8.9900e+27,2.4146e+28,0.0000e+00,97.3,1.4,1.4
91,6.7078e+29,3.4255e+29,3.1880e+29,2.5500e+27,6.8800e+27,2.9069e+29,5.1860e+28,1.9699e+29,1.2181e+29,1.3900e+27,1.1600e+27,3.6200e+27,3.2600e+27,5.8624e+08,3.9983e+06,9.1509e+08,1.0732e-08,1.4928e+07,2.2249e+05,4.6383e+05,4.6068e+05,51.1,47.5,0.4,1.0,6.7101e+29,6.5197e+29,9.6400e+27,9.4000e+27,2.4040e+28,0.0000e+00,97.2,1.4,1.4
92,6.6884e+29,3.5109e+29,3.0819e+29,2.6000e+27,6.9600e+27,3.0009e+29,5.1000e+28,1.9675e+29,1.1144e+29,1.5800e+27,1.0200e+27,3.3500e+27,3.6100e+27,6.0237e+08,3.5952e+06,9.3910e+08,6.6600e-10,1.4373e+07,2.1908e+05,4.6067e+05,4.5752e+05,52.5,46.1,0.4,1.0,6.6867e+29,6.5042e+29,9.1100e+27,9.1400e+27,2.3929e+28,0.0000e+00,97.3,1.4,1.4
93,6.8838e+29,3.5816e+29,3.2041e+29,2.8700e+27,6.9400e+27,3.0761e+29,5.0550e+28,2.0482e+29,1.1559e+29,1.5700e+27,1.3000e+27,3.4100e+27,3.5300e+27,6.1935e+08,2.5487e+06,9.2120e+08,1.3924e-11,1.3965e+07,2.0555e+05,4.5750e+05,4.5437e+05,52.0,46.5,0.4,1.0,6.8746e+29,6.6838e+29,9.5500e+27,9.5300e+27,2.3699e+28,0.0000e+00,97.2,1.4,1.4
94,7.0583e+29,3.6593e+29,3.3059e+29,2.3800e+27,6.9300e+27,3.1562e+29,5.0310e+28,2.1416e+29,1.1643e+29,1.1500e+27,1.2300e+27,3.1900e+27,3.7400e+27,6.3517e+08,1.3896e+06,9.6785e+08,2.4720e-14,1.3387e+07,2.4816e+05,4.5436e+05,4.5125e+05,51.8,46.8,0.3,1.0,7.0550e+29,6.8753e+29,8.8100e+27,9.1600e+27,2.3469e+28,0.0000e+00,97.5,1.2,1.3
95,7.1341e+29,3.7113e+29,3.3252e+29,2.8600e+27,6.9000e+27,3.2080e+29,5.0330e+28,2.1718e+29,1.1534e+29,1.4400e+27,1.4200e+27,3.6600e+27,3.2400e+27,6.4829e+08,1.6089e+05,8.6633e+08,1.0135e-20,1.3031e+07,2.4036e+05,4.5124e+05,4.4814e+05,52.0,46.6,0.4,1.0,7.1425e+29,6.9468e+29,9.9000e+27,9.6700e+27,2.3354e+28,0.0000e+00,97.3,1.4,1.4
96,7.3825e+29,3.8591e+29,3.4255e+29,2.8400e+27,6.9500e+27,3.3273e+29,5.3180e+28,2.1752e+29,1.2503e+29,1.6800e+27,1.1600e+27,3.7300e+27,3.2200e+27,6.6106e+08,1.2151e+03,9.7360e+08,1.0120e-20,1.9218e+07,2.1667e+05,4.4812e+05,4.4503e+05,52.3,46.4,0.4,0.9,7.3758e+29,7.1768e+29,1.0300e+28,9.6000e+27,2.3235e+28,0.0000e+00,97.3,1.4,1.3
97,7.5340e+29,3.9745e+29,3.4609e+29,2.8900e+27,6.9700e+27,3.4462e+29,5.2830e+28,2.1811e+29,1.2798e+29,1.5500e+27,1.3400e+27,3.6200e+27,3.3500e+27,6.7208e+08,3.4033e+06,9.5917e+08,7.2725e-15,1.8861e+07,2.2473e+05,4.4502e+05,4.4195e+05,52.8,45.9,0.4,0.9,7.5377e+29,7.3407e+29,9.6300e+27,1.0070e+28,2.3003e+28,0.0000e+00,97.4,1.3,1.3
98,7.5004e+29,4.0303e+29,3.3709e+29,3.0300e+27,6.8900e+27,3.5250e+29,5.0530e+28,2.1364e+29,1.2345e+29,1.7300e+27,1.3000e+27,3.3200e+27,3.5700e+27,6.8287e+08,4.1999e+06,9.7541e+08,1.5005e-11,1.8379e+07,2.5899e+05,4.4193e+05,4.3889e+05,53.7,44.9,0.4,0.9,7.5008e+29,7.3113e+29,9.7800e+27,9.1700e+27,2.2773e+28,0.0000e+00,97.5,1.3,1.2
99,7.7942e+29,4.1968e+29,3.4970e+29,3.1300e+27,6.9100e+27,3.6758e+29,5.2100e+28,2.2746e+29,1.2224e+29,1.7600e+27,1.3700e+27,3.4300e+27,3.4800e+27,6.9343e+08,4.4030e+06,8.7014e+08,1.1629e-09,1.8467e+07,2.4270e+05,4.3888e+05,4.3585e+05,53.8,44.9,0.4,0.9,7.7845e+29,7.5928e+29,1.0280e+28,8.8900e+27,2.2652e+28,0.0000e+00,97.5,1.3,1.1
100,7.8443e+29,4.2556e+29,3.4921e+29,2.8200e+27,6.8400e+27,3.7331e+29,5.2250e+28,2.2715e+29,1.2206e+29,1.5800e+27,1.2400e+27,3.3100e+27,3.5300e+27,7.0356e+08,4.5069e+06,9.8580e+08,2.5067e-08,1.8446e+07,2.1730e+05,4.3583e+05,4.3282e+05,54.3,44.5,0.4,0.9,7.8550e+29,7.6552e+29,1.0320e+28,9.6600e+27,2.2527e+28,0.0000e+00,97.5,1.3,1.2
101,7.9386e+29,4.3983e+29,3.4428e+29,2.8300e+27,6.9200e+27,3.8799e+29,5.1840e+28,2.3002e+29,1.1426e+29,1.7000e+27,1.1300e+27,3.5900e+27,3.3300e+27,7.1426e+08,3.6062e+06,8.7802e+08,1.2244e-08,1.8194e+07,2.7359e+05,4.3280e+05,4.2981e+05,55.4,43.4,0.4,0.9,7.9324e+29,7.7335e+29,1.0290e+28,9.6000e+27,2.2297e+28,0.0000e+00,97.5,1.3,1.2
102,8.0424e+29,4.5105e+29,3.4348e+29,2.8400e+27,6.8700e+27,3.9883e+29,5.2220e+28,2.2839e+29,1.1509e+29,1.7000e+27,1.1400e+27,3.4400e+27,3.4300e+27,7.2318e+08,2.6638e+06,8.2450e+08,5.1891e-10,1.7517e+07,2.6946e+05,4.2980e+05,4.2684e+05,56.1,42.7,0.4,0.9,8.0379e+29,7.8380e+29,1.0800e+28,9.1900e+27,2.2070e+28,0.0000e+00,97.5,1.3,1.1
103,8.2548e+29,4.6206e+29,3.5336e+29,3.0700e+27,6.9900e+27,4.1047e+29,5.1590e+28,2.4158e+29,1.1178e+29,1.8200e+27,1.2500e+27,3.4800e+27,3.5100e+27,7.3686e+08,1.6993e+06,9.4175e+08,4.8096e-12,1.6963e+07,2.5703e+05,4.2683e+05,4.2387e+05,56.0,42.8,0.4,0.8,8.2460e+29,8.0433e+29,1.0960e+28,9.3100e+27,2.2044e+28,0.0000e+00,97.5,1.3,1.1
104,8.4330e+29,4.7443e+29,3.5898e+29,2.9300e+27,6.9600e+27,4.2252e+29,5.1910e+28,2.5305e+29,1.0593e+29,1.6200e+27,1.3100e+27,3.6200e+27,3.3400e+27,7.4721e+08,7.3386e+05,8.8402e+08,6.7060e-16,1.6786e+07,2.1217e+05,4.2385e+05,4.2093e+05,56.3,42.6,0.3,0.8,8.4307e+29,8.2351e+29,1.0600e+28,8.9600e+27,2.1816e+28,0.0000e+00,97.7,1.3,1.1
105,8.5592e+29,4.8240e+29,3.6352e+29,3.1600e+27,6.8400e+27,4.2986e+29,5.2540e+28,2.5384e+29,1.0968e+29,1.8500e+27,1.3100e+27,3.4700e+27,3.3700e+27,7.5825e+08,4.3602e+03,8.8433e+08,1.0305e-20,2.0069e+07,2.0958e+05,4.2091e+05,4.1802e+05,56.4,42.5,0.4,0.8,8.5602e+29,8.3549e+29,1.1230e+28,9.3000e+27,2.1590e+28,0.0000e+00,97.6,1.3,1.1
106,8.7802e+29,4.9894e+29,3.6850e+29,3.5600e+27,7.0200e+27,4.4527e+29,5.3670e+28,2.5409e+29,1.1441e+29,2.2000e+27,1.3600e+27,3.2300e+27,3.7900e+27,7.6861e+08,3.9306e+06,9.5391e+08,8.3601e-19,1.9958e+07,2.4110e+05,4.1800e+05,4.1511e+05,56.8,42.0,0.4,0.8,8.7774e+29,8.5703e+29,1.0940e+28,9.7700e+27,2.1558e+28,0.0000e+00,97.6,1.2,1.1
107,9.0638e+29,5.0893e+29,3.8695e+29,3.5600e+27,6.9400e+27,4.5475e+29,5.4180e+28,2.6630e+29,1.2065e+29,2.1300e+27,1.4300e+27,3.5300e+27,3.4100e+27,7.7637e+08,3.8781e+06,8.3117e+08,1.2529e-12,1.9625e+07,2.6584e+05,4.1510e+05,4.1226e+05,56.1,42.7,0.4,0.8,9.0519e+29,8.8345e+29,1.1950e+28,9.7900e+27,2.1238e+28,0.0000e+00,97.6,1.3,1.1
108,9.2300e+29,5.2281e+29,3.9001e+29,3.2300e+27,6.9500e+27,4.6861e+29,5.4200e+28,2.7118e+29,1.1883e+29,1.7700e+27,1.4600e+27,3.4100e+27,3.5400e+27,7.8431e+08,3.7401e+06,7.8043e+08,3.9347e-10,1.9433e+07,2.5972e+05,4.1224e+05,4.0941e+05,56.6,42.3,0.3,0.8,9.2398e+29,9.0306e+29,1.1790e+28,9.1300e+27,2.1203e+28,0.0000e+00,97.7,1.3,1.0
109,9.3043e+29,5.3454e+29,3.8569e+29,3.2200e+27,6.9800e+27,4.8079e+29,5.3750e+28,2.7265e+29,1.1304e+29,1.9600e+27,1.2600e+27,3.5500e+27,3.4300e+27,7.9026e+08,2.9755e+06,9.7941e+08,1.5719e-08,1.8847e+07,2.7922e+05,4.0940e+05,4.0660e+05,57.5,41.5,0.3,0.8,9.2962e+29,9.0866e+29,1.1400e+28,9.5600e+27,2.0980e+28,0.0000e+00,97.7,1.2,1.0
110,9.5605e+29,5.5332e+29,3.9245e+29,3.2900e+27,6.9900e+27,4.9930e+29,5.4020e+28,2.8224e+29,1.1021e+29,1.9200e+27,1.3700e+27,3.7100e+27,3.2800e+27,7.9641e+08,2.2151e+06,1.0192e+09,9.9009e-10,1.8757e+07,2.6906e+05,4.0658e+05,4.0380e+05,57.9,41.0,0.3,0.7,9.5695e+29,9.3465e+29,1.2360e+28,9.9400e+27,2.0851e+28,0.0000e+00,97.7,1.3,1.0
111,9.5839e+29,5.5926e+29,3.8849e+29,3.6800e+27,6.9600e+27,5.0577e+29,5.3490e+28,2.8469e+29,1.0380e+29,2.2000e+27,1.4800e+27,3.2900e+27,3.6700e+27,8.0011e+08,1.4160e+06,7.7757e+08,9.6893e-12,1.8790e+07,2.7727e+05,4.0379e+05,4.0105e+05,58.4,40.5,0.4,0.7,9.5746e+29,9.3541e+29,1.2660e+28,9.3900e+27,2.0633e+28,0.0000e+00,97.7,1.3,1.0
112,9.8911e+29,5.7565e+29,4.0307e+29,3.4500e+27,6.9400e+27,5.2203e+29,5.3620e+28,2.9727e+29,1.0580e+29,2.1100e+27,1.3400e+27,3.4300e+27,3.5100e+27,8.0455e+08,6.0752e+05,9.1454e+08,1.5826e-15,1.8519e+07,3.1861e+05,4.0104e+05,3.9832e+05,58.2,40.8,0.3,0.7,9.8871e+29,9.6659e+29,1.2410e+28,9.7100e+27,2.0505e+28,0.0000e+00,97.8,1.3,1.0
113,1.0140e+30,5.8961e+29,4.1396e+29,3.4900e+27,6.9500e+27,5.3562e+29,5.3990e+28,3.0822e+29,1.0574e+29,2.0300e+27,1.4600e+27,3.5700e+27,3.3800e+27,8.0585e+08,2.1118e+03,9.0476e+08,1.0390e-20,2.6682e+07,3.2183e+05,3.9830e+05,3.9561e+05,58.1,40.8,0.3,0.7,1.0142e+30,9.9257e+29,1.2870e+28,8.7300e+27,2.0377e+28,0.0000e+00,97.9,1.3,0.9
114,1.0466e+30,6.0555e+29,4.2999e+29,4.0600e+27,7.0200e+27,5.4983e+29,5.5720e+28,3.1588e+29,1.1411e+29,2.5200e+27,1.5400e+27,3.4100e+27,3.6100e+27,8.0845e+08,3.7015e+06,8.0707e+08,8.9515e-19,2.6919e+07,3.4108e+05,3.9560e+05,3.9293e+05,57.9,41.1,0.4,0.7,1.0459e+30,1.0233e+30,1.3620e+28,9.0500e+27,2.0249e+28,0.0000e+00,97.8,1.3,0.9
115,1.0604e+30,6.1561e+29,4.3363e+29,4.1800e+27,6.9500e+27,5.5927e+29,5.6340e+28,3.2484e+29,1.0879e+29,2.6200e+27,1.5600e+27,3.7100e+27,3.2400e+27,8.1017e+08,3.6220e+06,8.8805e+08,2.2677e-12,2.6426e+07,3.4551e+05,3.9292e+05,3.9029e+05,58.1,40.9,0.4,0.7,1.0598e+30,1.0379e+30,1.3510e+28,8.4200e+27,2.0037e+28,0.0000e+00,97.9,1.3,0.8
116,1.0953e+30,6.3757e+29,4.4662e+29,4.1800e+27,6.9400e+27,5.8125e+29,5.6320e+28,3.3963e+29,1.0699e+29,2.5800e+27,1.6000e+27,3.5300e+27,3.4100e+27,8.0958e+08,2.9483e+06,9.7763e+08,7.6846e-10,2.5851e+07,3.3573e+05,3.9028e+05,3.8767e+05,58.2,40.8,0.4,0.6,1.0949e+30,1.0718e+30,1.3350e+28,9.8200e+27,1.9911e+28,0.0000e+00,97.9,1.2,0.9
117,1.1007e+30,6.4401e+29,4.4498e+29,4.7300e+27,6.9700e+27,5.8879e+29,5.5220e+28,3.3802e+29,1.0696e+29,2.9900e+27,1.7400e+27,3.5900e+27,3.3800e+27,8.0865e+08,2.1545e+06,8.3879e+08,1.8221e-09,2.5009e+07,3.2941e+05,3.8766e+05,3.8510e+05,58.5,40.4,0.4,0.6,1.1005e+30,1.0783e+30,1.3360e+28,8.8200e+27,1.9704e+28,0.0000e+00,98.0,1.2,0.8
118,1.1308e+30,6.6090e+29,4.5843e+29,4.4500e+27,7.0300e+27,6.0591e+29,5.4990e+28,3.5254e+29,1.0589e+29,2.6900e+27,1.7600e+27,3.5100e+27,3.5200e+27,8.0617e+08,1.4050e+06,1.1791e+09,1.8148e-11,2.4998e+07,2.8092e+05,3.8509e+05,3.8255e+05,58.4,40.5,0.4,0.6,1.1305e+30,1.1080e+30,1.3580e+28,8.8600e+27,1.9581e+28,0.0000e+00,98.0,1.2,0.8
119,1.1502e+30,6.7593e+29,4.6265e+29,4.6200e+27,6.9600e+27,6.2190e+29,5.4030e+28,3.6259e+29,1.0006e+29,3.0700e+27,1.5500e+27,3.4200e+27,3.5400e+27,8.0533e+08,6.1473e+05,8.7700e+08,3.1938e-15,2.5158e+07,2.7076e+05,3.8254e+05,3.8003e+05,58.8,40.2,0.4,0.6,1.1499e+30,1.1266e+30,1.4710e+28,8.5900e+27,1.9459e+28,0.0000e+00,98.0,1.3,0.7
120,1.1747e+30,6.9242e+29,4.7045e+29,4.7600e+27,7.0600e+27,6.3705e+29,5.5370e+28,3.7260e+29,9.7850e+28,2.9200e+27,1.8400e+27,3.5100e+27,3.5500e+27,8.0852e+08,1.0372e+03,7.9341e+08,1.0201e-20,3.2384e+07,3.4681e+05,3.8002e+05,3.7754e+05,58.9,40.0,0.4,0.6,1.1751e+30,1.1521e+30,1.4650e+28,8.4100e+27,1.9337e+28,0.0000e+00,98.0,1.2,0.7
121,1.2006e+30,7.1141e+29,4.7659e+29,5.5400e+27,7.0900e+27,6.5275e+29,5.8660e+28,3.7134e+29,1.0525e+29,3.8900e+27,1.6500e+27,3.4100e+27,3.6800e+27,8.1171e+08,3.4872e+06,1.0861e+09,1.0449e-18,3.2353e+07,3.2058e+05,3.7753e+05,3.7509e+05,59.3,39.7,0.5,0.6,1.1987e+30,1.1755e+30,1.4550e+28,8.6100e+27,1.9216e+28,0.0000e+00,98.1,1.2,0.7
122,1.2319e+30,7.2285e+29,4.9692e+29,5.1000e+27,7.0200e+27,6.6463e+29,5.8220e+28,3.9442e+29,1.0250e+29,3.6400e+27,1.4600e+27,3.7600e+27,3.2600e+27,8.1493e+08,2.8043e+06,9.2311e+08,3.8224e-12,3.1193e+07,2.8960e+05,3.7508e+05,3.7267e+05,58.7,40.3,0.4,0.6,1.2320e+30,1.2080e+30,1.4430e+28,9.5300e+27,1.9020e+28,0.0000e+00,98.1,1.2,0.8
123,1.2666e+30,7.4214e+29,5.1236e+29,5.1000e+27,7.0200e+27,6.8427e+29,5.7870e+28,4.0879e+29,1.0357e+29,3.4800e+27,1.6200e+27,3.5400e+27,3.4800e+27,8.1619e+08,2.1722e+06,9.3701e+08,1.3638e-09,3.1423e+07,2.6476e+05,3.7266e+05,3.7029e+05,58.6,40.5,0.4,0.6,1.2661e+30,1.2426e+30,1.5070e+28,8.4500e+27,1.8829e+28,0.0000e+00,98.1,1.2,0.7
124,1.3021e+30,7.6366e+29,5.2631e+29,5.1500e+27,6.9800e+27,7.0657e+29,5.7090e+28,4.2252e+29,1.0379e+29,3.4100e+27,1.7400e+27,3.5400e+27,3.4400e+27,8.1727e+08,1.4701e+06,1.0543e+09,1.4361e-10,3.1579e+07,3.4508e+05,3.7028e+05,3.6794e+05,58.6,40.4,0.4,0.5,1.3012e+30,1.2776e+30,1.5120e+28,8.5400e+27,1.8788e+28,0.0000e+00,98.2,1.2,0.7
125,1.3125e+30,7.6801e+29,5.3120e+29,6.2700e+27,7.0300e+27,7.0945e+29,5.8560e+28,4.3555e+29,9.5650e+28,4.1800e+27,2.0900e+27,3.2900e+27,3.7400e+27,8.1662e+08,7.7062e+05,1.0358e+09,1.5354e-13,3.1504e+07,3.7415e+05,3.6793e+05,3.6563e+05,58.5,40.5,0.5,0.5,1.3131e+30,1.2886e+30,1.5930e+28,8.5100e+27,1.8601e+28,0.0000e+00,98.1,1.2,0.6
126,1.3357e+30,7.9096e+29,5.3220e+29,5.5200e+27,7.0200e+27,7.3290e+29,5.8060e+28,4.3591e+29,9.6290e+28,3.6400e+27,1.8800e+27,3.7300e+27,3.2900e+27,8.1642e+08,2.3809e+04,9.8245e+08,1.1131e-20,3.1007e+07,3.6517e+05,3.6562e+05,3.6335e+05,59.2,39.8,0.4,0.5,1.3347e+30,1.3099e+30,1.6240e+28,8.4700e+27,1.8490e+28,0.0000e+00,98.1,1.2,0.6
127,1.3722e+30,8.0577e+29,5.5221e+29,7.1600e+27,7.0500e+27,7.4434e+29,6.1430e+28,4.4797e+29,1.0424e+29,5.1500e+27,2.0100e+27,3.6300e+27,3.4200e+27,8.1621e+08,1.5693e+02,1.0617e+09,1.0515e-20,4.3311e+07,3.0706e+05,3.6334e+05,3.6111e+05,58.7,40.2,0.5,0.5,1.3727e+30,1.3481e+30,1.6240e+28,8.3200e+27,1.8380e+28,0.0000e+00,98.2,1.2,0.6
128,1.4091e+30,8.2300e+29,5.7232e+29,6.7500e+27,6.9900e+27,7.6244e+29,6.0560e+28,4.7278e+29,9.9540e+28,4.7000e+27,2.0500e+27,3.3800e+27,3.6100e+27,8.1497e+08,2.6268e+06,1.0108e+09,4.2312e-13,4.2632e+07,3.1718e+05,3.6110e+05,3.5891e+05,58.4,40.6,0.5,0.5,1.4081e+30,1.3830e+30,1.6930e+28,8.1800e+27,1.8202e+28,0.0000e+00,98.2,1.2,0.6
129,1.4593e+30,8.4811e+29,5.9730e+29,6.9700e+27,6.8900e+27,7.8558e+29,6.2530e+28,4.9223e+29,1.0507e+29,5.0700e+27,1.9000e+27,3.6200e+27,3.2700e+27,8.1123e+08,1.9606e+06,1.1318e+09,5.3175e-10,4.2185e+07,3.5673e+05,3.5890e+05,3.5674e+05,58.1,40.9,0.5,0.5,1.4580e+30,1.4325e+30,1.7120e+28,8.4300e+27,1.8097e+28,0.0000e+00,98.2,1.2,0.6
130,1.4784e+30,8.6092e+29,6.0426e+29,6.1700e+27,7.0500e+27,7.9943e+29,6.1490e+28,5.0382e+29,1.0044e+29,4.3700e+27,1.8000e+27,3.4700e+27,3.5800e+27,8.0747e+08,1.2864e+06,9.5354e+08,5.2295e-11,4.1891e+07,3.9729e+05,3.5673e+05,3.5462e+05,58.2,40.9,0.4,0.5,1.4786e+30,1.4533e+30,1.7720e+28,7.5800e+27,1.7927e+28,0.0000e+00,98.3,1.2,0.5
131,1.5113e+30,8.7711e+29,6.1996e+29,7.1600e+27,7.0200e+27,8.1577e+29,6.1340e+28,5.2303e+29,9.6930e+28,5.2600e+27,1.9000e+27,3.4800e+27,3.5400e+27,8.0289e+08,5.9378e+05,1.0215e+09,1.5786e-14,4.1490e+07,4.1255e+05,3.5461e+05,3.5253e+05,58.0,41.0,0.5,0.5,1.5102e+30,1.4846e+30,1.7540e+28,8.0800e+27,1.7827e+28,0.0000e+00,98.3,1.2,0.5
132,1.5479e+30,8.9535e+29,6.3840e+29,7.0400e+27,7.1200e+27,8.3293e+29,6.2420e+28,5.3655e+29,1.0185e+29,4.9400e+27,2.1000e+27,3.3000e+27,3.8200e+27,7.9963e+08,2.3145e+03,1.0682e+09,1.0164e-20,5.6916e+07,4.3116e+05,3.5252e+05,3.5048e+05,57.8,41.2,0.5,0.5,1.5474e+30,1.5219e+30,1.7600e+28,7.9100e+27,1.7729e+28,0.0000e+00,98.4,1.1,0.5
133,1.5863e+30,9.1516e+29,6.5524e+29,8.6900e+27,7.2000e+27,8.4780e+29,6.7360e+28,5.4203e+29,1.1321e+29,6.4600e+27,2.2300e+27,3.6400e+27,3.5600e+27,7.9427e+08,2.0978e+06,9.4577e+08,8.4696e-20,5.6648e+07,4.4304e+05,3.5047e+05,3.4846e+05,57.7,41.3,0.5,0.5,1.5868e+30,1.5605e+30,1.8780e+28,7.4900e+27,1.7634e+28,0.0000e+00,98.3,1.2,0.5
134,1.6261e+30,9.4166e+29,6.6844e+29,8.9400e+27,7.0900e+27,8.7249e+29,6.9170e+28,5.5617e+29,1.1227e+29,6.7100e+27,2.2300e+27,3.7200e+27,3.3700e+27,7.8919e+08,2.0265e+06,1.1604e+09,4.1155e-12,5.4687e+07,4.5743e+05,3.4845e+05,3.4648e+05,57.9,41.1,0.5,0.4,1.6253e+30,1.5986e+30,1.9020e+28,7.6600e+27,1.7476e+28,0.0000e+00,98.4,1.2,0.5
135,1.6758e+30,9.5936e+29,7.0011e+29,9.4300e+27,6.9400e+27,8.8916e+29,7.0200e+28,5.8909e+29,1.1102e+29,6.8800e+27,2.5500e+27,3.4700e+27,3.4700e+27,7.8450e+08,1.3966e+06,9.9689e+08,6.2082e-10,5.3317e+07,4.5204e+05,3.4648e+05,3.4455e+05,57.2,41.8,0.6,0.4,1.6752e+30,1.6492e+30,1.8550e+28,7.4100e+27,1.7386e+28,0.0000e+00,98.5,1.1,0.4
136,1.7072e+30,9.7735e+29,7.1378e+29,9.1200e+27,6.9900e+27,9.0859e+29,6.8760e+28,6.0612e+29,1.0766e+29,6.6300e+27,2.4900e+27,3.6500e+27,3.3400e+27,7.7669e+08,7.9872e+05,1.1093e+09,1.2527e-12,5.1631e+07,4.4855e+05,3.4454e+05,3.4265e+05,57.2,41.8,0.5,0.4,1.7059e+30,1.6788e+30,1.9600e+28,7.4700e+27,1.7236e+28,0.0000e+00,98.4,1.1,0.4
137,1.7416e+30,9.9089e+29,7.3435e+29,9.2600e+27,7.0800e+27,9.2170e+29,6.9190e+28,6.2701e+29,1.0734e+29,6.8200e+27,2.4400e+27,3.2800e+27,3.8000e+27,7.7232e+08,1.2963e+05,1.0949e+09,1.4745e-20,5.0474e+07,4.8774e+05,3.4265e+05,3.4080e+05,56.9,42.2,0.5,0.4,1.7416e+30,1.7146e+30,1.9570e+28,7.3900e+27,1.7152e+28,0.0000e+00,98.5,1.1,0.4
138,1.7845e+30,1.0115e+30,7.5432e+29,1.1510e+28,7.0800e+27,9.3752e+29,7.4020e+28,6.2976e+29,1.2456e+29,8.6500e+27,2.8600e+27,3.5800e+27,3.5000e+27,7.6542e+08,1.8632e+02,1.1270e+09,1.0050e-20,7.4804e+07,4.7282e+05,3.4079e+05,3.3898e+05,56.7,42.3,0.6,0.4,1.7831e+30,1.7552e+30,2.0230e+28,7.6300e+27,1.7009e+28,0.0000e+00,98.4,1.1,0.4
139,1.8273e+30,1.0327e+30,7.7527e+29,1.2330e+28,7.0700e+27,9.5562e+29,7.7050e+28,6.5516e+29,1.2011e+29,9.4000e+27,2.9300e+27,3.5600e+27,3.5100e+27,7.5596e+08,2.0631e+06,1.0361e+09,1.3418e-13,7.3518e+07,4.6813e+05,3.3898e+05,3.3721e+05,56.5,42.4,0.7,0.4,1.8267e+30,1.7980e+30,2.0730e+28,7.9300e+27,1.6931e+28,0.0000e+00,98.4,1.1,0.4
140,1.8902e+30,1.0580e+30,8.1343e+29,1.1720e+28,7.0800e+27,9.8026e+29,7.7740e+28,6.9192e+29,1.2151e+29,8.8700e+27,2.8500e+27,3.6600e+27,3.4200e+27,7.5251e+08,1.4311e+06,1.0975e+09,4.1815e-10,7.1593e+07,4.7879e+05,3.3720e+05,3.3547e+05,56.0,43.0,0.6,0.4,1.8890e+30,1.8592e+30,2.2230e+28,7.5800e+27,1.6856e+28,0.0000e+00,98.4,1.2,0.4
141,1.9323e+30,1.0761e+30,8.3761e+29,1.1620e+28,7.0000e+27,9.9575e+29,8.0300e+28,7.1926e+29,1.1835e+29,8.6100e+27,3.0100e+27,3.6400e+27,3.3600e+27,7.5549e+08,8.1699e+05,1.3440e+09,2.0899e-12,7.0274e+07,5.2765e+05,3.3547e+05,3.3378e+05,55.7,43.3,0.6,0.4,1.9331e+30,1.9032e+30,2.2430e+28,7.4400e+27,1.6724e+28,0.0000e+00,98.5,1.2,0.4
142,1.9831e+30,1.0953e+30,8.6876e+29,1.2160e+28,6.8500e+27,1.0176e+30,7.7700e+28,7.4545e+29,1.2331e+29,9.1000e+27,3.0600e+27,3.5000e+27,3.3500e+27,7.5691e+08,1.6554e+05,1.1939e+09,2.0028e-19,6.7660e+07,5.1670e+05,3.3378e+05,3.3213e+05,55.2,43.8,0.6,0.3,1.9819e+30,1.9516e+30,2.3220e+28,7.0800e+27,1.6656e+28,0.0000e+00,98.5,1.2,0.4
143,2.0184e+30,1.1165e+30,8.7962e+29,1.5140e+28,7.1900e+27,1.0291e+30,8.7410e+28,7.4549e+29,1.3413e+29,1.1830e+28,3.3100e+27,3.5800e+27,3.6100e+27,7.5912e+08,2.7947e+02,1.2054e+09,1.0159e-20,1.0566e+08,5.4258e+05,3.3212e+05,3.3052e+05,55.3,43.6,0.8,0.4,2.0174e+30,1.9856e+30,2.3850e+28,7.9700e+27,1.6532e+28,0.0000e+00,98.4,1.2,0.4
144,2.0673e+30,1.1349e+30,9.0931e+29,1.6050e+28,7.0400e+27,1.0453e+30,8.9600e+28,7.7137e+29,1.3794e+29,1.2660e+28,3.3900e+27,3.5300e+27,3.5100e+27,7.6040e+08,1.8041e+06,1.4123e+09,8.2127e-14,1.0183e+08,6.1405e+05,3.3051e+05,3.2895e+05,54.9,44.0,0.8,0.3,2.0672e+30,2.0350e+30,2.4460e+28,7.7300e+27,1.6413e+28,0.0000e+00,98.4,1.2,0.4
145,2.1203e+30,1.1621e+30,9.3565e+29,1.5680e+28,6.9000e+27,1.0730e+30,8.9130e+28,8.0147e+29,1.3418e+29,1.2310e+28,3.3700e+27,3.6700e+27,3.2300e+27,7.6217e+08,1.2278e+06,1.2251e+09,3.7750e-10,9.7144e+07,6.4786e+05,3.2895e+05,3.2742e+05,54.8,44.1,0.7,0.3,2.1181e+30,2.0867e+30,2.4250e+28,7.1600e+27,1.6355e+28,0.0000e+00,98.5,1.1,0.3
146,2.1593e+30,1.1758e+30,9.6118e+29,1.5320e+28,6.9800e+27,1.0864e+30,8.9430e+28,8.2780e+29,1.3338e+29,1.1490e+28,3.8300e+27,3.9500e+27,3.0300e+27,7.6360e+08,6.6135e+05,1.1713e+09,4.3885e-13,9.3006e+07,6.4568e+05,3.2742e+05,3.2594e+05,54.5,44.5,0.7,0.3,2.1603e+30,2.1289e+30,2.4380e+28,7.0400e+27,1.6244e+28,0.0000e+00,98.5,1.1,0.3
147,2.2147e+30,1.1993e+30,9.9228e+29,1.5970e+28,7.0900e+27,1.1095e+30,8.9870e+28,8.5943e+29,1.3285e+29,1.2280e+28,3.6900e+27,3.7900e+27,3.3000e+27,7.6527e+08,3.2958e+04,1.1882e+09,1.0208e-20,8.9643e+07,6.4032e+05,3.2594e+05,3.2450e+05,54.2,44.8,0.7,0.3,2.2136e+30,2.1817e+30,2.5330e+28,6.5400e+27,1.6192e+28,0.0000e+00,98.6,1.1,0.3
148,2.2682e+30,1.2235e+30,1.0181e+30,1.9650e+28,6.9100e+27,1.1222e+30,1.0128e+29,8.6531e+29,1.5283e+29,1.5430e+28,4.2200e+27,3.4300e+27,3.4800e+27,7.6532e+08,3.4638e+02,1.1017e+09,1.0125e-20,1.3501e+08,7.1221e+05,3.2449e+05,3.2310e+05,53.9,44.9,0.9,0.3,2.2672e+30,2.2345e+30,2.5490e+28,7.1300e+27,1.6089e+28,0.0000e+00,98.6,1.1,0.3
149,2.3415e+30,1.2487e+30,1.0664e+30,1.9390e+28,6.9500e+27,1.1425e+30,1.0621e+29,9.0470e+29,1.6170e+29,1.5210e+28,4.1800e+27,3.2000e+27,3.7500e+27,7.6453e+08,1.7085e+06,1.4419e+09,1.1738e-12,1.2795e+08,7.0821e+05,3.2309e+05,3.2174e+05,53.3,45.5,0.8,0.3,2.3394e+30,2.3052e+30,2.7100e+28,7.0700e+27,1.5991e+28,0.0000e+00,98.5,1.2,0.3
150,2.4040e+30,1.2729e+30,1.1041e+30,1.9920e+28,7.0100e+27,1.1685e+30,1.0439e+29,9.4480e+29,1.5934e+29,1.5520e+28,4.4000e+27,3.5600e+27,3.4500e+27,7.6433e+08,1.1008e+06,1.4546e+09,5.1240e-11,1.2141e+08,7.5675e+05,3.2174e+05,3.2043e+05,53.0,45.9,0.8,0.3,2.4047e+30,2.3695e+30,2.8390e+28,6.8200e+27,1.5951e+28,0.0000e+00,98.5,1.2,0.3
151,2.4582e+30,1.2914e+30,1.1400e+30,1.9770e+28,7.0000e+27,1.1833e+30,1.0814e+29,9.7411e+29,1.6588e+29,1.5460e+28,4.3100e+27,3.7200e+27,3.2800e+27,7.6388e+08,4.5344e+05,1.3614e+09,5.1022e-15,1.1608e+08,8.1561e+05,3.2043e+05,3.1916e+05,52.5,46.4,0.8,0.3,2.4560e+30,2.4214e+30,2.8200e+28,6.3900e+27,1.5807e+28,0.0000e+00,98.6,1.1,0.3
152,2.5244e+30,1.3195e+30,1.1754e+30,2.2490e+28,7.0200e+27,1.2048e+30,1.1471e+29,9.9918e+29,1.7626e+29,1.7570e+28,4.9200e+27,3.7100e+27,3.3100e+27,7.6328e+08,7.1312e+02,1.2071e+09,1.0201e-20,1.4627e+08,8.6147e+05,3.1916e+05,3.1794e+05,52.3,46.6,0.9,0.3,2.5234e+30,2.4860e+30,3.0850e+28,6.6100e+27,1.5775e+28,0.0000e+00,98.5,1.2,0.3
153,2.5914e+30,1.3466e+30,1.2130e+30,2.4730e+28,7.1100e+27,1.2196e+30,1.2698e+29,1.0191e+30,1.9384e+29,1.9990e+28,4.7400e+27,3.5000e+27,3.6100e+27,7.6216e+08,1.8953e+06,1.4485e+09,4.4163e-17,1.4410e+08,8.7135e+05,3.1793e+05,3.1675e+05,52.0,46.8,1.0,0.3,2.5896e+30,2.5534e+30,2.9520e+28,6.7300e+27,1.5746e+28,0.0000e+00,98.6,1.1,0.3
154,2.6408e+30,1.3650e+30,1.2437e+30,2.5200e+28,6.9500e+27,1.2378e+30,1.2720e+29,1.0488e+30,1.9494e+29,1.9590e+28,5.6100e+27,3.6100e+27,3.3400e+27,7.6078e+08,1.3151e+06,1.3204e+09,4.0966e-11,1.3576e+08,8.9654e+05,3.1675e+05,3.1561e+05,51.7,47.1,1.0,0.3,2.6403e+30,2.6025e+30,3.1070e+28,6.7200e+27,1.5617e+28,0.0000e+00,98.6,1.2,0.3
155,2.7148e+30,1.3929e+30,1.2897e+30,2.5270e+28,6.9700e+27,1.2633e+30,1.2957e+29,1.0940e+30,1.9568e+29,1.9780e+28,5.4900e+27,3.5000e+27,3.4700e+27,7.5687e+08,7.0557e+05,1.2964e+09,1.0223e-12,1.2952e+08,9.1343e+05,3.1561e+05,3.1452e+05,51.3,47.5,0.9,0.3,2.7132e+30,2.6745e+30,3.2180e+28,6.5200e+27,1.5545e+28,0.0000e+00,98.6,1.2,0.2
156,2.7873e+30,1.4155e+30,1.3398e+30,2.5040e+28,6.9900e+27,1.2846e+30,1.3095e+29,1.1421e+30,1.9769e+29,1.9340e+28,5.7000e+27,3.5700e+27,3.4200e+27,7.5477e+08,7.7564e+04,1.4409e+09,1.0436e-20,1.2218e+08,9.5706e+05,3.1451e+05,3.1346e+05,50.8,48.1,0.9,0.3,2.7860e+30,2.7473e+30,3.2530e+28,6.2000e+27,1.5528e+28,0.0000e+00,98.6,1.2,0.2
157,2.8503e+30,1.4379e+30,1.3746e+30,3.0620e+28,7.0600e+27,1.2875e+30,1.5042e+29,1.1466e+30,2.2802e+29,2.4090e+28,6.5300e+27,3.6600e+27,3.4000e+27,7.5201e+08,4.8598e+02,1.4459e+09,1.0178e-20,1.5090e+08,1.0054e+06,3.1346e+05,3.1245e+05,50.4,48.2,1.1,0.2,2.8492e+30,2.8086e+30,3.3510e+28,7.0800e+27,1.5465e+28,0.0000e+00,98.6,1.2,0.2
158,2.8907e+30,1.4533e+30,1.4002e+30,3.0220e+28,6.9400e+27,1.2999e+30,1.5341e+29,1.1667e+30,2.3354e+29,2.3420e+28,6.8000e+27,3.4800e+27,3.4600e+27,7.4925e+08,1.5948e+06,1.3785e+09,7.4072e-13,1.4374e+08,1.0607e+06,3.1245e+05,3.1149e+05,50.3,48.4,1.0,0.2,2.8892e+30,2.8494e+30,3.3270e+28,6.5700e+27,1.5355e+28,0.0000e+00,98.6,1.2,0.2
159,2.9815e+30,1.4871e+30,1.4562e+30,3.1020e+28,7.1800e+27,1.3304e+30,1.5661e+29,1.2184e+30,2.3778e+29,2.3740e+28,7.2800e+27,3.8100e+27,3.3700e+27,7.4491e+08,9.3704e+05,1.4532e+09,2.0383e-11,1.3739e+08,1.0735e+06,3.1149e+05,3.1057e+05,49.9,48.8,1.0,0.2,2.9795e+30,2.9379e+30,3.4830e+28,6.8300e+27,1.5351e+28,0.0000e+00,98.6,1.2,0.2
160,3.0249e+30,1.5076e+30,1.4801e+30,3.0070e+28,7.1000e+27,1.3508e+30,1.5683e+29,1.2430e+30,2.3714e+29,2.2770e+28,7.3000e+27,3.4100e+27,3.6900e+27,7.4329e+08,2.9780e+05,1.4148e+09,1.7063e-16,1.3161e+08,1.1929e+06,3.1057e+05,3.0969e+05,49.8,48.9,1.0,0.2,3.0254e+30,2.9829e+30,3.5850e+28,6.6100e+27,1.5251e+28,0.0000e+00,98.6,1.2,0.2
161,3.1078e+30,1.5302e+30,1.5368e+30,3.3870e+28,7.0000e+27,1.3551e+30,1.7507e+29,1.2702e+30,2.6660e+29,2.6010e+28,7.8600e+27,3.3100e+27,3.6900e+27,7.4129e+08,1.3297e+03,1.7111e+09,1.0024e-20,1.5504e+08,1.1946e+06,3.0969e+05,3.0886e+05,49.2,49.4,1.1,0.2,3.1068e+30,3.0650e+30,3.5670e+28,6.0600e+27,1.5207e+28,0.0000e+00,98.7,1.1,0.2
162,3.1663e+30,1.5524e+30,1.5701e+30,3.6770e+28,6.9900e+27,1.3646e+30,1.8780e+29,1.2811e+30,2.8907e+29,2.8790e+28,7.9800e+27,3.4600e+27,3.5300e+27,7.3925e+08,1.6670e+06,1.7151e+09,7.5922e-15,1.5128e+08,1.1821e+06,3.0886e+05,3.0808e+05,49.0,49.6,1.2,0.2,3.1644e+30,3.1212e+30,3.5970e+28,7.2800e+27,1.5216e+28,0.0000e+00,98.6,1.1,0.2
163,3.2341e+30,1.5815e+30,1.6094e+30,3.6210e+28,6.9900e+27,1.3934e+30,1.8812e+29,1.3226e+30,2.8684e+29,2.8050e+28,8.1600e+27,3.7500e+27,3.2400e+27,7.3573e+08,1.0967e+06,1.4942e+09,9.3201e-11,1.4383e+08,1.2126e+06,3.0807e+05,3.0733e+05,48.9,49.8,1.1,0.2,3.2327e+30,3.1881e+30,3.7730e+28,6.8600e+27,1.5130e+28,0.0000e+00,98.6,1.2,0.2
164,3.2856e+30,1.5925e+30,1.6501e+30,3.5920e+28,7.0000e+27,1.3999e+30,1.9257e+29,1.3598e+30,2.9031e+29,2.7130e+28,8.7900e+27,3.2200e+27,3.7800e+27,7.3058e+08,4.5264e+05,1.3927e+09,1.0824e-14,1.3692e+08,1.3839e+06,3.0733e+05,3.0664e+05,48.5,50.2,1.1,0.2,3.2845e+30,3.2398e+30,3.8420e+28,6.3400e+27,1.5050e+28,0.0000e+00,98.6,1.2,0.2
165,3.3589e+30,1.6181e+30,1.6969e+30,3.6720e+28,7.2000e+27,1.4134e+30,2.0468e+29,1.3869e+30,3.0997e+29,2.7990e+28,8.7300e+27,3.9300e+27,3.2700e+27,7.2623e+08,8.7659e+02,1.6776e+09,1.0127e-20,1.5682e+08,1.5014e+06,3.0664e+05,3.0598e+05,48.2,50.5,1.1,0.2,3.3593e+30,3.3140e+30,3.8790e+28,6.5200e+27,1.5073e+28,0.0000e+00,98.7,1.2,0.2
166,3.4304e+30,1.6406e+30,1.7414e+30,4.1480e+28,6.9700e+27,1.4154e+30,2.2524e+29,1.3851e+30,3.5626e+29,3.2410e+28,9.0700e+27,3.3900e+27,3.5800e+27,7.1945e+08,1.8952e+06,1.6589e+09,3.8248e-17,1.5416e+08,1.5940e+06,3.0598e+05,3.0538e+05,47.8,50.8,1.2,0.2,3.4289e+30,3.3821e+30,3.9730e+28,7.0800e+27,1.5003e+28,0.0000e+00,98.6,1.2,0.2
167,3.4791e+30,1.6626e+30,1.7685e+30,4.0780e+28,7.1800e+27,1.4324e+30,2.3026e+29,1.4156e+30,3.5293e+29,3.0720e+28,1.0060e+28,3.6000e+27,3.5800e+27,7.1458e+08,1.2559e+06,1.4818e+09,5.1017e-11,1.4648e+08,1.6297e+06,3.0537e+05,3.0481e+05,47.8,50.8,1.2,0.2,3.4780e+30,3.4294e+30,4.1530e+28,7.0400e+27,1.4986e+28,0.0000e+00,98.6,1.2,0.2
168,3.5430e+30,1.6824e+30,1.8119e+30,4.1660e+28,7.0300e+27,1.4525e+30,2.2991e+29,1.4623e+30,3.4961e+29,3.1620e+28,1.0040e+28,3.5000e+27,3.5300e+27,7.1034e+08,5.8594e+05,1.5049e+09,9.1648e-14,1.3991e+08,1.7765e+06,3.0481e+05,3.0429e+05,47.5,51.1,1.2,0.2,3.5430e+30,3.4953e+30,4.1030e+28,6.6900e+27,1.4926e+28,0.0000e+00,98.7,1.2,0.2
169,3.6209e+30,1.7062e+30,1.8651e+30,4.2600e+28,6.9600e+27,1.4675e+30,2.3877e+29,1.5050e+30,3.6012e+29,3.2120e+28,1.0480e+28,3.7300e+27,3.2300e+27,7.0516e+08,2.4842e+02,1.4971e+09,1.0576e-20,1.5628e+08,1.8717e+06,3.0429e+05,3.0382e+05,47.1,51.5,1.2,0.2,3.6180e+30,3.5687e+30,4.2160e+28,7.0900e+27,1.4919e+28,0.0000e+00,98.6,1.2,0.2
170,3.6576e+30,1.7158e+30,1.8869e+30,4.7740e+28,7.1700e+27,1.4442e+30,2.7166e+29,1.4657e+30,4.2125e+29,3.5460e+28,1.2280e+28,3.6500e+27,3.5200e+27,6.9903e+08,1.0499e+06,1.4848e+09,4.5645e-20,1.5542e+08,1.9485e+06,3.0382e+05,3.0339e+05,46.9,51.6,1.3,0.2,3.6578e+30,3.6074e+30,4.2400e+28,8.0000e+27,1.4868e+28,0.0000e+00,98.6,1.2,0.2
171,3.7039e+30,1.7430e+30,1.9076e+30,4.6310e+28,7.0500e+27,1.4672e+30,2.7583e+29,1.4977e+30,4.0994e+29,3.4800e+28,1.1510e+28,3.6000e+27,3.4500e+27,6.9381e+08,1.4636e+06,1.7326e+09,1.2908e-11,1.4820e+08,1.9729e+06,3.0339e+05,3.0301e+05,47.1,51.5,1.3,0.2,3.7028e+30,3.6517e+30,4.4070e+28,7.0100e+27,1.4871e+28,0.0000e+00,98.6,1.2,0.2
172,3.7345e+30,1.7454e+30,1.9371e+30,4.4930e+28,7.0900e+27,1.4722e+30,2.7318e+29,1.5311e+30,4.0600e+29,3.3560e+28,1.1370e+28,3.6300e+27,3.4600e+27,6.8743e+08,7.5050e+05,1.4593e+09,4.0366e-13,1.4077e+08,2.0191e+06,3.0301e+05,3.0267e+05,46.7,51.9,1.2,0.2,3.7360e+30,3.6844e+30,4.4470e+28,7.0800e+27,1.4831e+28,0.0000e+00,98.6,1.2,0.2
173,3.7993e+30,1.7700e+30,1.9766e+30,4.5590e+28,7.0300e+27,1.4919e+30,2.7814e+29,1.5670e+30,4.0960e+29,3.3540e+28,1.2050e+28,3.3800e+27,3.6500e+27,6.8076e+08,2.1263e+03,1.5064e+09,1.0090e-20,1.5721e+08,2.1093e+06,3.0267e+05,3.0237e+05,46.6,52.0,1.2,0.2,3.7965e+30,3.7458e+30,4.3820e+28,6.8800e+27,1.4843e+28,0.0000e+00,98.7,1.2,0.2
174,3.8393e+30,1.7874e+30,1.9933e+30,5.1790e+28,6.8800e+27,1.4721e+30,3.1530e+29,1.5160e+30,4.7726e+29,3.8610e+28,1.3180e+28,3.3800e+27,3.5000e+27,6.7576e+08,2.9512e+05,1.6429e+09,1.0076e-20,1.5701e+08,2.3652e+06,3.0237e+05,3.0213e+05,46.6,51.9,1.3,0.2,3.8371e+30,3.7833e+30,4.5920e+28,7.9400e+27,1.4813e+28,0.0000e+00,98.6,1.2,0.2
175,3.8800e+30,1.7949e+30,2.0284e+30,4.9660e+28,6.9900e+27,1.4777e+30,3.1723e+29,1.5554e+30,4.7302e+29,3.6880e+28,1.2780e+28,3.3700e+27,3.6200e+27,6.6817e+08,1.6802e+06,1.8172e+09,5.3788e-12,1.5037e+08,2.5496e+06,3.0213e+05,3.0192e+05,46.3,52.3,1.3,0.2,3.8798e+30,3.8264e+30,4.5340e+28,8.1100e+27,1.4788e+28,0.0000e+00,98.6,1.2,0.2
176,3.9149e+30,1.8060e+30,2.0520e+30,5.0020e+28,6.9900e+27,1.4926e+30,3.1339e+29,1.5900e+30,4.6202e+29,3.6780e+28,1.3240e+28,3.6400e+27,3.3500e+27,6.6155e+08,8.9268e+05,1.6262e+09,8.8640e-13,1.4347e+08,2.6883e+06,3.0192e+05,3.0176e+05,46.1,52.4,1.3,0.2,3.9133e+30,3.8617e+30,4.3940e+28,7.6800e+27,1.4768e+28,0.0000e+00,98.7,1.1,0.2
177,3.9443e+30,1.8128e+30,2.0754e+30,4.8980e+28,7.1000e+27,1.5016e+30,3.1121e+29,1.6231e+30,4.5238e+29,3.5130e+28,1.3850e+28,3.5300e+27,3.5700e+27,6.5542e+08,3.6007e+04,1.7619e+09,1.0668e-20,1.3691e+08,2.6228e+06,3.0176e+05,3.0165e+05,46.0,52.6,1.2,0.2,3.9450e+30,3.8931e+30,4.4800e+28,7.1500e+27,1.4800e+28,0.0000e+00,98.7,1.1,0.2
178,3.9878e+30,1.8269e+30,2.0983e+30,5.5480e+28,7.0900e+27,1.4701e+30,3.5685e+29,1.5648e+30,5.3350e+29,4.0080e+28,1.5400e+28,3.3700e+27,3.7200e+27,6.4973e+08,1.3750e+03,1.7576e+09,1.0013e-20,1.5979e+08,2.5571e+06,3.0165e+05,3.0158e+05,45.8,52.6,1.4,0.2,3.9868e+30,3.9319e+30,4.6870e+28,8.0200e+27,1.4743e+28,0.0000e+00,98.6,1.2,0.2
179,4.0097e+30,1.8379e+30,2.1104e+30,5.4110e+28,7.2800e+27,1.4808e+30,3.5713e+29,1.5869e+30,5.2350e+29,3.9610e+28,1.4500e+28,3.8100e+27,3.4700e+27,6.4283e+08,1.9072e+06,1.5779e+09,2.1563e-12,1.5274e+08,2.7209e+06,3.0158e+05,3.0156e+05,45.8,52.6,1.3,0.2,4.0087e+30,3.9545e+30,4.6360e+28,7.8400e+27,1.4785e+28,0.0000e+00,98.6,1.2,0.2
180,4.0504e+30,1.8446e+30,2.1455e+30,5.3230e+28,7.1700e+27,1.4911e+30,3.5343e+29,1.6201e+30,5.2539e+29,3.8420e+28,1.4810e+28,3.6100e+27,3.5600e+27,6.3538e+08,1.0354e+06,1.8092e+09,1.9200e-12,1.4639e+08,2.9707e+06,3.0158e+05,3.0156e+05,45.5,53.0,1.3,0.2,4.0518e+30,3.9959e+30,4.8100e+28,7.8300e+27,1.4738e+28,0.0000e+00,98.6,1.2,0.2
181,4.0918e+30,1.8636e+30,2.1692e+30,5.1720e+28,7.2800e+27,1.5103e+30,3.5331e+29,1.6638e+30,5.0535e+29,3.6990e+28,1.4730e+28,3.6600e+27,3.6200e+27,6.2723e+08,1.0764e+05,1.7234e+09,1.0665e-20,1.4098e+08,3.0230e+06,3.0165e+05,3.0158e+05,45.5,53.0,1.3,0.2,4.0885e+30,4.0341e+30,4.6690e+28,7.7100e+27,1.4790e+28,0.0000e+00,98.7,1.1,0.2
182,4.1218e+30,1.8656e+30,2.1936e+30,5.5650e+28,7.0100e+27,1.4712e+30,3.9438e+29,1.6060e+30,5.8757e+29,4.0050e+28,1.5600e+28,3.4600e+27,3.5500e+27,6.2125e+08,2.4293e+03,1.7208e+09,1.0513e-20,1.5774e+08,3.2182e+06,3.0176e+05,3.0165e+05,45.3,53.2,1.4,0.2,4.1235e+30,4.0671e+30,4.8420e+28,7.9200e+27,1.4753e+28,0.0000e+00,98.6,1.2,0.2
183,4.1428e+30,1.8702e+30,2.2092e+30,5.6340e+28,7.0200e+27,1.4703e+30,3.9995e+29,1.6269e+30,5.8232e+29,3.9990e+28,1.6350e+28,3.1400e+27,3.8800e+27,6.2394e+08,2.4598e+06,1.8068e+09,9.3239e-13,1.5189e+08,3.2166e+06,3.0192e+05,3.0176e+05,45.1,53.3,1.4,0.2,4.1407e+30,4.0849e+30,4.7750e+28,8.1300e+27,1.4768e+28,0.0000e+00,98.7,1.2,0.2
184,4.1806e+30,1.8805e+30,2.2374e+30,5.5720e+28,7.0300e+27,1.4876e+30,3.9296e+29,1.6657e+30,5.7161e+29,3.9910e+28,1.5810e+28,3.3300e+27,3.7000e+27,6.2972e+08,1.3726e+06,1.8969e+09,3.2865e-12,1.4563e+08,3.3907e+06,3.0213e+05,3.0192e+05,45.0,53.5,1.3,0.2,4.1802e+30,4.1243e+30,4.8300e+28,7.5800e+27,1.4835e+28,0.0000e+00,98.7,1.2,0.2
185,4.1821e+30,1.8821e+30,2.2380e+30,5.4910e+28,7.1300e+27,1.4923e+30,3.8974e+29,1.6873e+30,5.5071e+29,3.8350e+28,1.6560e+28,3.5300e+27,3.6000e+27,6.3376e+08,2.3473e+05,1.8657e+09,7.6486e-20,1.3964e+08,3.3067e+06,3.0237e+05,3.0213e+05,45.0,53.5,1.3,0.2,4.1797e+30,4.1236e+30,4.8060e+28,8.0100e+27,1.4766e+28,0.0000e+00,98.7,1.1,0.2
186,4.2140e+30,1.8898e+30,2.2568e+30,6.0410e+28,6.9700e+27,1.4573e+30,4.3253e+29,1.6283e+30,6.2852e+29,4.3080e+28,1.7330e+28,3.5200e+27,3.4500e+27,6.3682e+08,2.0825e+03,1.7452e+09,1.0042e-20,1.5503e+08,3.3901e+06,3.0267e+05,3.0237e+05,44.8,53.6,1.4,0.2,4.2155e+30,4.1576e+30,4.9250e+28,8.6700e+27,1.4843e+28,0.0000e+00,98.6,1.2,0.2
187,4.2078e+30,1.8911e+30,2.2516e+30,5.8060e+28,7.0000e+27,1.4607e+30,4.3045e+29,1.6202e+30,6.3142e+29,4.0200e+28,1.7860e+28,3.5500e+27,3.4500e+27,6.3978e+08,2.8933e+06,1.5846e+09,3.4583e-13,1.5047e+08,3.5444e+06,3.0301e+05,3.0267e+05,44.9,53.5,1.4,0.2,4.2076e+30,4.1500e+30,4.9120e+28,8.4300e+27,1.4831e+28,0.0000e+00,98.6,1.2,0.2
188,4.2304e+30,1.8909e+30,2.2754e+30,5.6980e+28,7.0900e+27,1.4630e+30,4.2792e+29,1.6616e+30,6.1384e+29,3.9280e+28,1.7700e+28,3.5500e+27,3.5400e+27,6.4117e+08,1.6834e+06,1.8442e+09,1.1612e-11,1.4477e+08,3.5909e+06,3.0339e+05,3.0301e+05,44.7,53.8,1.3,0.2,4.2310e+30,4.1732e+30,4.9440e+28,8.3500e+27,1.4871e+28,0.0000e+00,98.6,1.2,0.2
189,4.2200e+30,1.8916e+30,2.2646e+30,5.6810e+28,6.9900e+27,1.4683e+30,4.2339e+29,1.6676e+30,5.9703e+29,3.9120e+28,1.7690e+28,3.6000e+27,3.3900e+27,6.4313e+08,4.1839e+05,1.6464e+09,7.6877e-18,1.3974e+08,3.5942e+06,3.0382e+05,3.0339e+05,44.8,53.7,1.3,0.2,4.2177e+30,4.1599e+30,4.9950e+28,7.8600e+27,1.4868e+28,0.0000e+00,98.6,1.2,0.2
190,4.2555e+30,1.8918e+30,2.2971e+30,5.9490e+28,7.0700e+27,1.4359e+30,4.5589e+29,1.6308e+30,6.6630e+29,4.0680e+28,1.8810e+28,3.5500e+27,3.5200e+27,6.4358e+08,2.1177e+03,1.9967e+09,1.0015e-20,1.5156e+08,3.7497e+06,3.0429e+05,3.0382e+05,44.5,54.0,1.4,0.2,4.2570e+30,4.1988e+30,5.0060e+28,8.1000e+27,1.4919e+28,0.0000e+00,98.6,1.2,0.2
191,4.2666e+30,1.8959e+30,2.3046e+30,5.8960e+28,7.1200e+27,1.4244e+30,4.7148e+29,1.6243e+30,6.8026e+29,4.1040e+28,1.7920e+28,3.6500e+27,3.4700e+27,6.4182e+08,3.3578e+06,1.8413e+09,8.2745e-14,1.4710e+08,3.9353e+06,3.0481e+05,3.0429e+05,44.4,54.0,1.4,0.2,4.2658e+30,4.2080e+30,4.9180e+28,8.6700e+27,1.4926e+28,0.0000e+00,98.6,1.2,0.2
192,4.2553e+30,1.8926e+30,2.2951e+30,6.0470e+28,7.1500e+27,1.4337e+30,4.5884e+29,1.6436e+30,6.5141e+29,4.2540e+28,1.7930e+28,3.9400e+27,3.2100e+27,6.3870e+08,2.0429e+06,1.6084e+09,2.9242e-11,1.4291e+08,3.9369e+06,3.0537e+05,3.0481e+05,44.5,53.9,1.4,0.2,4.2566e+30,4.1978e+30,4.9720e+28,9.1000e+27,1.4986e+28,0.0000e+00,98.6,1.2,0.2
193,4.2513e+30,1.8870e+30,2.2994e+30,5.7790e+28,7.0200e+27,1.4335e+30,4.5349e+29,1.6721e+30,6.2728e+29,3.9140e+28,1.8650e+28,3.4300e+27,3.5900e+27,6.3743e+08,6.8577e+05,1.6557e+09,3.5703e-16,1.3795e+08,3.9996e+06,3.0598e+05,3.0537e+05,44.4,54.1,1.4,0.2,4.2510e+30,4.1935e+30,4.9370e+28,8.2100e+27,1.5003e+28,0.0000e+00,98.6,1.2,0.2
194,4.2545e+30,1.8843e+30,2.3041e+30,5.9120e+28,6.9800e+27,1.4089e+30,4.7539e+29,1.6345e+30,6.6954e+29,3.9900e+28,1.9220e+28,3.6200e+27,3.3600e+27,6.3470e+08,2.4331e+03,1.8521e+09,1.0024e-20,1.5330e+08,4.0400e+06,3.0663e+05,3.0598e+05,44.3,54.2,1.4,0.2,4.2545e+30,4.1978e+30,4.8570e+28,8.0900e+27,1.5073e+28,0.0000e+00,98.7,1.1,0.2
195,4.2396e+30,1.8828e+30,2.2888e+30,6.1060e+28,7.0200e+27,1.3918e+30,4.9100e+29,1.5882e+30,7.0052e+29,4.1280e+28,1.9780e+28,3.5900e+27,3.4300e+27,6.3307e+08,3.1678e+06,1.9427e+09,5.0904e-15,1.4993e+08,4.1098e+06,3.0733e+05,3.0664e+05,44.4,54.0,1.4,0.2,4.2393e+30,4.1826e+30,4.7950e+28,8.7200e+27,1.5099e+28,0.0000e+00,98.7,1.1,0.2
196,4.2265e+30,1.8741e+30,2.2863e+30,5.8860e+28,7.1300e+27,1.3919e+30,4.8225e+29,1.6117e+30,6.7467e+29,3.9890e+28,1.8970e+28,3.7600e+27,3.3700e+27,6.3222e+08,2.7464e+06,1.6970e+09,1.4484e-10,1.4414e+08,4.1037e+06,3.0807e+05,3.0733e+05,44.3,54.1,1.4,0.2,4.2272e+30,4.1688e+30,4.9730e+28,8.6600e+27,1.5130e+28,0.0000e+00,98.6,1.2,0.2
197,4.2112e+30,1.8720e+30,2.2743e+30,5.7850e+28,7.0800e+27,1.3969e+30,4.7504e+29,1.6207e+30,6.5356e+29,3.8770e+28,1.9080e+28,3.7000e+27,3.3800e+27,6.3592e+08,1.1723e+06,1.7901e+09,2.0982e-14,1.3932e+08,4.0991e+06,3.0886e+05,3.0808e+05,44.5,54.0,1.4,0.2,4.2127e+30,4.1557e+30,4.8830e+28,8.1600e+27,1.5166e+28,0.0000e+00,98.6,1.2,0.2
198,4.1712e+30,1.8564e+30,2.2493e+30,5.8330e+28,7.2100e+27,1.3796e+30,4.7683e+29,1.5991e+30,6.5022e+29,3.8840e+28,1.9490e+28,3.4900e+27,3.7200e+27,6.3583e+08,4.1646e+03,1.5737e+09,1.0237e-20,1.5283e+08,4.0800e+06,3.0969e+05,3.0886e+05,44.5,53.9,1.4,0.2,4.1695e+30,4.1132e+30,4.7580e+28,8.7300e+27,1.5206e+28,0.0000e+00,98.6,1.1,0.2
199,4.1675e+30,1.8548e+30,2.2459e+30,5.9810e+28,7.0500e+27,1.3472e+30,5.0764e+29,1.5409e+30,7.0493e+29,3.9920e+28,1.9890e+28,3.3600e+27,3.6900e+27,6.3598e+08,1.8500e+06,1.6713e+09,1.3620e-17,1.5122e+08,4.3275e+06,3.1057e+05,3.0969e+05,44.5,53.9,1.4,0.2,4.1684e+30,4.1122e+30,4.6910e+28,9.2900e+27,1.5302e+28,0.0000e+00,98.7,1.1,0.2
200,4.1242e+30,1.8336e+30,2.2243e+30,5.9140e+28,7.1700e+27,1.3422e+30,4.9141e+29,1.5479e+30,6.7639e+29,4.0220e+28,1.8920e+28,3.5700e+27,3.6000e+27,6.3838e+08,3.7553e+06,1.8273e+09,3.7515e-11,1.4578e+08,4.3426e+06,3.1149e+05,3.1057e+05,44.5,53.9,1.4,0.2,4.1247e+30,4.0691e+30,4.6830e+28,8.8300e+27,1.5301e+28,0.0000e+00,98.7,1.1,0.2
201,4.0964e+30,1.8322e+30,2.2003e+30,5.6860e+28,7.0800e+27,1.3522e+30,4.8007e+29,1.5539e+30,6.4635e+29,3.7410e+28,1.9450e+28,3.6400e+27,3.4400e+27,6.3854e+08,1.9864e+06,1.8466e+09,9.7758e-13,1.3916e+08,4.2604e+06,3.1245e+05,3.1149e+05,44.7,53.7,1.4,0.2,4.0979e+30,4.0413e+30,4.7690e+28,8.8900e+27,1.5406e+28,0.0000e+00,98.6,1.2,0.2
202,4.0483e+30,1.8125e+30,2.1751e+30,5.3730e+28,6.9800e+27,1.3444e+30,4.6809e+29,1.5583e+30,6.1685e+29,3.5140e+28,1.8590e+28,3.4100e+27,3.5700e+27,6.3815e+08,9.4797e+04,2.0152e+09,1.0332e-20,1.3497e+08,4.1746e+06,3.1346e+05,3.1246e+05,44.8,53.7,1.3,0.2,4.0489e+30,3.9929e+30,4.7430e+28,8.5400e+27,1.5414e+28,0.0000e+00,98.6,1.2,0.2
203,4.0273e+30,1.7999e+30,2.1622e+30,5.8100e+28,7.0500e+27,1.2923e+30,5.0765e+29,1.4721e+30,6.9012e+29,3.8590e+28,1.9510e+28,3.7200e+27,3.3300e+27,6.3618e+08,4.6164e+03,1.8101e+09,1.0231e-20,1.5218e+08,4.0050e+06,3.1451e+05,3.1346e+05,44.7,53.7,1.4,0.2,4.0279e+30,3.9735e+30,4.5360e+28,9.0700e+27,1.5528e+28,0.0000e+00,98.6,1.1,0.2
204,3.9815e+30,1.7856e+30,2.1324e+30,5.6480e+28,7.0600e+27,1.2936e+30,4.9192e+29,1.4689e+30,6.6358e+29,3.7400e+28,1.9080e+28,3.2500e+27,3.8100e+27,6.3174e+08,5.1750e+06,1.8128e+09,1.6419e-12,1.4613e+08,3.8144e+06,3.1561e+05,3.1452e+05,44.8,53.6,1.4,0.2,3.9825e+30,3.9285e+30,4.4870e+28,9.1600e+27,1.5545e+28,0.0000e+00,98.6,1.1,0.2
205,3.9364e+30,1.7722e+30,2.1018e+30,5.5420e+28,7.0300e+27,1.2945e+30,4.7764e+29,1.4703e+30,6.3144e+29,3.6860e+28,1.8560e+28,3.4000e+27,3.6300e+27,6.2607e+08,3.2054e+06,1.6224e+09,3.8591e-11,1.4217e+08,3.7972e+06,3.1675e+05,3.1561e+05,45.0,53.4,1.4,0.2,3.9380e+30,3.8835e+30,4.5520e+28,8.9700e+27,1.5669e+28,0.0000e+00,98.6,1.2,0.2
206,3.8619e+30,1.7481e+30,2.0526e+30,5.4150e+28,7.0200e+27,1.2812e+30,4.6693e+29,1.4596e+30,5.9304e+29,3.4810e+28,1.9340e+28,3.3800e+27,3.6400e+27,6.2399e+08,1.1273e+06,1.5501e+09,7.0487e-16,1.3670e+08,3.8369e+06,3.1793e+05,3.1675e+05,45.3,53.2,1.4,0.2,3.8629e+30,3.8094e+30,4.3960e+28,9.5200e+27,1.5694e+28,0.0000e+00,98.6,1.1,0.2
207,3.8367e+30,1.7345e+30,2.0401e+30,5.4990e+28,7.0400e+27,1.2594e+30,4.7515e+29,1.4318e+30,6.0832e+29,3.6470e+28,1.8520e+28,3.5200e+27,3.5200e+27,6.2511e+08,2.9056e+03,1.7538e+09,1.0296e-20,1.4923e+08,3.6221e+06,3.1916e+05,3.1794e+05,45.2,53.2,1.4,0.2,3.8372e+30,3.7835e+30,4.4180e+28,9.4800e+27,1.5775e+28,0.0000e+00,98.6,1.2,0.2
208,3.7807e+30,1.7161e+30,2.0022e+30,5.5420e+28,7.0600e+27,1.2348e+30,4.8123e+29,1.3839e+30,6.1823e+29,3.6580e+28,1.8840e+28,3.7400e+27,3.3200e+27,6.2878e+08,3.3746e+06,1.5811e+09,2.4585e-15,1.4687e+08,3.4241e+06,3.2043e+05,3.1916e+05,45.4,53.0,1.5,0.2,3.7818e+30,3.7299e+30,4.2210e+28,9.6000e+27,1.5861e+28,0.0000e+00,98.6,1.1,0.3
209,3.6966e+30,1.6956e+30,1.9410e+30,5.2980e+28,7.0700e+27,1.2312e+30,4.6437e+29,1.3551e+30,5.8582e+29,3.4240e+28,1.8740e+28,3.5800e+27,3.4900e+27,6.3236e+08,4.9361e+06,1.5963e+09,1.5976e-10,1.4242e+08,3.2260e+06,3.2174e+05,3.2043e+05,45.9,52.5,1.4,0.2,3.6976e+30,3.6453e+30,4.2360e+28,9.8600e+27,1.5897e+28,0.0000e+00,98.6,1.1,0.3
210,3.6670e+30,1.6796e+30,1.9297e+30,5.0650e+28,6.9400e+27,1.2316e+30,4.4802e+29,1.3761e+30,5.5362e+29,3.2700e+28,1.7950e+28,3.3500e+27,3.5900e+27,6.3724e+08,2.6533e+06,1.4645e+09,1.5742e-12,1.3815e+08,3.2129e+06,3.2310e+05,3.2174e+05,45.8,52.6,1.4,0.2,3.6668e+30,3.6167e+30,4.0790e+28,9.2900e+27,1.6046e+28,0.0000e+00,98.6,1.1,0.3
211,3.5840e+30,1.6452e+30,1.8815e+30,5.0270e+28,7.0300e+27,1.2151e+30,4.3016e+29,1.3581e+30,5.2342e+29,3.2840e+28,1.7430e+28,3.5900e+27,3.4400e+27,6.4413e+08,3.2243e+05,1.6370e+09,1.1078e-20,1.3391e+08,2.9818e+06,3.2449e+05,3.2310e+05,45.9,52.5,1.4,0.2,3.5862e+30,3.5359e+30,4.0370e+28,9.9500e+27,1.6034e+28,0.0000e+00,98.6,1.1,0.3
212,3.5445e+30,1.6341e+30,1.8515e+30,5.1850e+28,7.0300e+27,1.1792e+30,4.5485e+29,1.2891e+30,5.6240e+29,3.3790e+28,1.8060e+28,3.5000e+27,3.5300e+27,6.4551e+08,4.0274e+03,1.5341e+09,1.0178e-20,1.5712e+08,2.7934e+06,3.2594e+05,3.2450e+05,46.1,52.2,1.5,0.2,3.5451e+30,3.4948e+30,3.9050e+28,1.1220e+28,1.6192e+28,0.0000e+00,98.6,1.1,0.3
213,3.4817e+30,1.6135e+30,1.8097e+30,5.1540e+28,6.9200e+27,1.1719e+30,4.4164e+29,1.2619e+30,5.4780e+29,3.3890e+28,1.7650e+28,3.4100e+27,3.5100e+27,6.5102e+08,6.4536e+06,1.9621e+09,5.5265e-13,1.5176e+08,2.7203e+06,3.2742e+05,3.2594e+05,46.3,52.0,1.5,0.2,3.4832e+30,3.4333e+30,3.9360e+28,1.0500e+28,1.6243e+28,0.0000e+00,98.6,1.1,0.3
214,3.4176e+30,1.5927e+30,1.7681e+30,4.9550e+28,7.2100e+27,1.1668e+30,4.2592e+29,1.2586e+30,5.0954e+29,3.2060e+28,1.7490e+28,3.5600e+27,3.6500e+27,6.5319e+08,5.1815e+06,1.5916e+09,3.4975e-10,1.4647e+08,2.6242e+06,3.2894e+05,3.2742e+05,46.6,51.7,1.4,0.2,3.4187e+30,3.3689e+30,3.8780e+28,1.0970e+28,1.6355e+28,0.0000e+00,98.5,1.1,0.3
215,3.3564e+30,1.5731e+30,1.7297e+30,4.6680e+28,7.0300e+27,1.1603e+30,4.1273e+29,1.2476e+30,4.8205e+29,3.0800e+28,1.5880e+28,3.7200e+27,3.3100e+27,6.5653e+08,2.5767e+06,1.5446e+09,2.3485e-13,1.4062e+08,2.5045e+06,3.3052e+05,3.2895e+05,46.9,51.5,1.4,0.2,3.3563e+30,3.3078e+30,3.7960e+28,1.0530e+28,1.6470e+28,0.0000e+00,98.6,1.1,0.3
216,3.2950e+30,1.5465e+30,1.6972e+30,4.4360e+28,7.0200e+27,1.1499e+30,3.9651e+29,1.2336e+30,4.6364e+29,2.8660e+28,1.5700e+28,3.6100e+27,3.4100e+27,6.5890e+08,6.7027e+03,1.4295e+09,1.0021e-20,1.5679e+08,2.4674e+06,3.3213e+05,3.3052e+05,46.9,51.5,1.3,0.2,3.2955e+30,3.2477e+30,3.7190e+28,1.0660e+28,1.6532e+28,0.0000e+00,98.5,1.1,0.3
217,3.2386e+30,1.5215e+30,1.6635e+30,4.6540e+28,7.1000e+27,1.1108e+30,4.1067e+29,1.1764e+30,4.8712e+29,3.0450e+28,1.6090e+28,3.8300e+27,3.2700e+27,6.6434e+08,4.1999e+05,1.6146e+09,1.0823e-20,1.5658e+08,2.3250e+06,3.3377e+05,3.3213e+05,47.0,51.4,1.4,0.2,3.2395e+30,3.1920e+30,3.6140e+28,1.1340e+28,1.6597e+28,0.0000e+00,98.5,1.1,0.4
218,3.1728e+30,1.5032e+30,1.6161e+30,4.6380e+28,7.1300e+27,1.1057e+30,3.9747e+29,1.1518e+30,4.6433e+29,3.0390e+28,1.5990e+28,3.6600e+27,3.4700e+27,6.6911e+08,8.0057e+06,1.4276e+09,2.8074e-12,1.5169e+08,2.2001e+06,3.3547e+05,3.3378e+05,47.4,50.9,1.5,0.2,3.1735e+30,3.1253e+30,3.6670e+28,1.1500e+28,1.6724e+28,0.0000e+00,98.5,1.2,0.4
219,3.1095e+30,1.4737e+30,1.5849e+30,4.3810e+28,7.0300e+27,1.0929e+30,3.8079e+29,1.1376e+30,4.4733e+29,2.8430e+28,1.5380e+28,3.5900e+27,3.4400e+27,6.7037e+08,5.8066e+06,1.4874e+09,3.9944e-10,1.4723e+08,2.1575e+06,3.3720e+05,3.3547e+05,47.4,51.0,1.4,0.2,3.1113e+30,3.0638e+30,3.6310e+28,1.1190e+28,1.6856e+28,0.0000e+00,98.5,1.2,0.4
220,3.0426e+30,1.4444e+30,1.5486e+30,4.2590e+28,7.0100e+27,1.0809e+30,3.6351e+29,1.1254e+30,4.2320e+29,2.7250e+28,1.5340e+28,3.4600e+27,3.5500e+27,6.7534e+08,2.9430e+06,1.6168e+09,3.9096e-13,1.4189e+08,1.9395e+06,3.3898e+05,3.3721e+05,47.5,50.9,1.4,0.2,3.0422e+30,2.9962e+30,3.4170e+28,1.1830e+28,1.6931e+28,0.0000e+00,98.5,1.1,0.4
221,2.9980e+30,1.4362e+30,1.5136e+30,4.1180e+28,7.0400e+27,1.0792e+30,3.5696e+29,1.1073e+30,4.0624e+29,2.5900e+28,1.5280e+28,3.4600e+27,3.5800e+27,6.7813e+08,5.6633e+04,1.6594e+09,1.0227e-20,1.3705e+08,1.8017e+06,3.4079e+05,3.3898e+05,47.9,50.5,1.4,0.2,2.9990e+30,2.9536e+30,3.3720e+28,1.1670e+28,1.7009e+28,0.0000e+00,98.5,1.1,0.4
222,2.9482e+30,1.4100e+30,1.4884e+30,4.2740e+28,7.0000e+27,1.0410e+30,3.6902e+29,1.0570e+30,4.3145e+29,2.8430e+28,1.4310e+28,3.8200e+27,3.1800e+27,6.8046e+08,2.2630e+03,1.4187e+09,1.0024e-20,1.6286e+08,1.7640e+06,3.4265e+05,3.4080e+05,47.8,50.5,1.4,0.2,2.9497e+30,2.9037e+30,3.3920e+28,1.2060e+28,1.7152e+28,0.0000e+00,98.4,1.1,0.4
223,2.8973e+30,1.3957e+30,1.4538e+30,4.0810e+28,6.9700e+27,1.0420e+30,3.5376e+29,1.0442e+30,4.0961e+29,2.6270e+28,1.4540e+28,3.2400e+27,3.7300e+27,6.8645e+08,7.8562e+06,1.4848e+09,1.0877e-12,1.5837e+08,1.6832e+06,3.4455e+05,3.4265e+05,48.2,50.2,1.4,0.2,2.8966e+30,2.8506e+30,3.3450e+28,1.2540e+28,1.7299e+28,0.0000e+00,98.4,1.2,0.4
224,2.8489e+30,1.3725e+30,1.4303e+30,3.9170e+28,7.0100e+27,1.0330e+30,3.3953e+29,1.0445e+30,3.8579e+29,2.6200e+28,1.2970e+28,3.7200e+27,3.2900e+27,6.9417e+08,6.8636e+06,1.4814e+09,1.3164e-09,1.5307e+08,1.6176e+06,3.4648e+05,3.4455e+05,48.2,50.2,1.4,0.2,2.8503e+30,2.8052e+30,3.2750e+28,1.2420e+28,1.7322e+28,0.0000e+00,98.4,1.1,0.4
225,2.7828e+30,1.3485e+30,1.3894e+30,3.7760e+28,7.2200e+27,1.0230e+30,3.2554e+29,1.0255e+30,3.6386e+29,2.4670e+28,1.3090e+28,3.5700e+27,3.6500e+27,6.9911e+08,4.1320e+06,1.4912e+09,9.3126e-12,1.4743e+08,1.5556e+06,3.4845e+05,3.4648e+05,48.5,49.9,1.4,0.3,2.7842e+30,2.7398e+30,3.1850e+28,1.2560e+28,1.7476e+28,0.0000e+00,98.4,1.1,0.5
226,2.7458e+30,1.3241e+30,1.3787e+30,3.6030e+28,7.0400e+27,1.0127e+30,3.1141e+29,1.0304e+30,3.4828e+29,2.3110e+28,1.2920e+28,3.3500e+27,3.6900e+27,7.0071e+08,1.2138e+06,1.3068e+09,3.8766e-17,1.4257e+08,1.4449e+06,3.5047e+05,3.4846e+05,48.2,50.2,1.3,0.3,2.7456e+30,2.7014e+30,3.1750e+28,1.2400e+28,1.7634e+28,0.0000e+00,98.4,1.2,0.5
227,2.7023e+30,1.3104e+30,1.3474e+30,3.7470e+28,7.0800e+27,9.9472e+29,3.1567e+29,9.8888e+29,3.5851e+29,2.4290e+28,1.3180e+28,3.5600e+27,3.5200e+27,7.0445e+08,3.6220e+03,1.4197e+09,1.0139e-20,1.6410e+08,1.4138e+06,3.5252e+05,3.5047e+05,48.5,49.9,1.4,0.3,2.7029e+30,2.6581e+30,3.1580e+28,1.3140e+28,1.7729e+28,0.0000e+00,98.3,1.2,0.5
228,2.6624e+30,1.2953e+30,1.3239e+30,3.6170e+28,7.0300e+27,9.8064e+29,3.1464e+29,9.6558e+29,3.5829e+29,2.4630e+28,1.1540e+28,3.5400e+27,3.4900e+27,7.0810e+08,4.9592e+06,1.4268e+09,5.0840e-15,1.6123e+08,1.2852e+06,3.5461e+05,3.5253e+05,48.7,49.7,1.4,0.3,2.6627e+30,2.6172e+30,3.2060e+28,1.3380e+28,1.7827e+28,0.0000e+00,98.3,1.2,0.5
229,2.6146e+30,1.2727e+30,1.2981e+30,3.6770e+28,7.0500e+27,9.6873e+29,3.0397e+29,9.5681e+29,3.4128e+29,2.4500e+28,1.2270e+28,3.4000e+27,3.6500e+27,7.1005e+08,8.8777e+06,1.3769e+09,9.5450e-11,1.5652e+08,1.2470e+06,3.5674e+05,3.5461e+05,48.7,49.6,1.4,0.3,2.6157e+30,2.5723e+30,2.9860e+28,1.3600e+28,1.7995e+28,0.0000e+00,98.3,1.1,0.5
230,2.5767e+30,1.2604e+30,1.2744e+30,3.4880e+28,7.0300e+27,9.7198e+29,2.8839e+29,9.5292e+29,3.2147e+29,2.2540e+28,1.2340e+28,3.5400e+27,3.4900e+27,7.1272e+08,6.2161e+06,1.3559e+09,6.9356e-10,1.5105e+08,1.1449e+06,3.5891e+05,3.5675e+05,48.9,49.5,1.4,0.3,2.5769e+30,2.5342e+30,2.9540e+28,1.3110e+28,1.8098e+28,0.0000e+00,98.3,1.1,0.5
231,2.5319e+30,1.2350e+30,1.2571e+30,3.2580e+28,7.1300e+27,9.5597e+29,2.7907e+29,9.4743e+29,3.0970e+29,2.1670e+28,1.0910e+28,3.6500e+27,3.4800e+27,7.1593e+08,3.4348e+06,1.3763e+09,1.5419e-12,1.4717e+08,1.0527e+06,3.6111e+05,3.5891e+05,48.8,49.7,1.3,0.3,2.5337e+30,2.4906e+30,2.9510e+28,1.3600e+28,1.8203e+28,0.0000e+00,98.3,1.2,0.5
232,2.4417e+30,1.2049e+30,1.1985e+30,3.1320e+28,6.9700e+27,9.4009e+29,2.6479e+29,9.1798e+29,2.8050e+29,2.0680e+28,1.0640e+28,3.2900e+27,3.6800e+27,7.1619e+08,5.8407e+05,1.3629e+09,4.1253e-20,1.4253e+08,9.3361e+05,3.6334e+05,3.6112e+05,49.3,49.1,1.3,0.3,2.4426e+30,2.3998e+30,2.9610e+28,1.3260e+28,1.8309e+28,0.0000e+00,98.2,1.2,0.5
233,2.4168e+30,1.1948e+30,1.1813e+30,3.3600e+28,7.0800e+27,9.2317e+29,2.7167e+29,8.8685e+29,2.9442e+29,2.1990e+28,1.1610e+28,3.5500e+27,3.5300e+27,7.1745e+08,6.0005e+03,1.4112e+09,1.0227e-20,1.6561e+08,9.6394e+05,3.6562e+05,3.6335e+05,49.4,48.9,1.4,0.3,2.4162e+30,2.3744e+30,2.8270e+28,1.3580e+28,1.8490e+28,0.0000e+00,98.3,1.2,0.6
234,2.3652e+30,1.1745e+30,1.1521e+30,3.1600e+28,6.9500e+27,9.1171e+29,2.6280e+29,8.6707e+29,2.8505e+29,2.1700e+28,9.9000e+27,3.4200e+27,3.5300e+27,7.2346e+08,6.9972e+06,1.3536e+09,6.8259e-14,1.6076e+08,9.1628e+05,3.6793e+05,3.6563e+05,49.7,48.7,1.3,0.3,2.3665e+30,2.3232e+30,2.8770e+28,1.4520e+28,1.8601e+28,0.0000e+00,98.2,1.2,0.6
235,2.3420e+30,1.1601e+30,1.1438e+30,3.1040e+28,7.0600e+27,9.0874e+29,2.5136e+29,8.6261e+29,2.8123e+29,2.0810e+28,1.0230e+28,3.6100e+27,3.4500e+27,7.2865e+08,8.2748e+06,1.4698e+09,2.3134e-10,1.5659e+08,8.4385e+05,3.7028e+05,3.6794e+05,49.5,48.8,1.3,0.3,2.3432e+30,2.3006e+30,2.8560e+28,1.4050e+28,1.8788e+28,0.0000e+00,98.2,1.2,0.6
236,2.2988e+30,1.1426e+30,1.1203e+30,2.8890e+28,7.0200e+27,9.0048e+29,2.4216e+29,8.5469e+29,2.6557e+29,1.9090e+28,9.8000e+27,3.6200e+27,3.4000e+27,7.3601e+08,6.1851e+06,1.2968e+09,1.3615e-09,1.5151e+08,8.3550e+05,3.7267e+05,3.7029e+05,49.7,48.7,1.3,0.3,2.2982e+30,2.2581e+30,2.6850e+28,1.3300e+28,1.8904e+28,0.0000e+00,98.3,1.2,0.6
237,2.2511e+30,1.1245e+30,1.0915e+30,2.8190e+28,6.9100e+27,8.9229e+29,2.3222e+29,8.3881e+29,2.5271e+29,1.8790e+28,9.4000e+27,3.4600e+27,3.4500e+27,7.3973e+08,3.8023e+06,1.4060e+09,8.2660e-12,1.4597e+08,8.1344e+05,3.7508e+05,3.7268e+05,50.0,48.5,1.3,0.3,2.2511e+30,2.2098e+30,2.8070e+28,1.3210e+28,1.9021e+28,0.0000e+00,98.2,1.2,0.6
238,2.2274e+30,1.1084e+30,1.0846e+30,2.7400e+28,7.0200e+27,8.8448e+29,2.2390e+29,8.4242e+29,2.4219e+29,1.7740e+28,9.6600e+27,3.3100e+27,3.7100e+27,7.4434e+08,1.3317e+06,1.4233e+09,1.9558e-16,1.4216e+08,8.0701e+05,3.7753e+05,3.7509e+05,49.8,48.7,1.2,0.3,2.2278e+30,2.1865e+30,2.7570e+28,1.3730e+28,1.9139e+28,0.0000e+00,98.1,1.2,0.6
239,2.1760e+30,1.0835e+30,1.0586e+30,2.6910e+28,7.0400e+27,8.6099e+29,2.2246e+29,8.0569e+29,2.5294e+29,1.8370e+28,8.5400e+27,3.4700e+27,3.5700e+27,7.4461e+08,5.2064e+03,1.4094e+09,1.0151e-20,1.6275e+08,7.3376e+05,3.8002e+05,3.7754e+05,49.8,48.6,1.2,0.3,2.1761e+30,2.1351e+30,2.6920e+28,1.4080e+28,1.9337e+28,0.0000e+00,98.1,1.2,0.6
240,2.1357e+30,1.0751e+30,1.0251e+30,2.8550e+28,6.9700e+27,8.5046e+29,2.2464e+29,7.7017e+29,2.5488e+29,1.9400e+28,9.1500e+27,3.5100e+27,3.4600e+27,7.5141e+08,4.1026e+06,1.6106e+09,2.6421e-16,1.6013e+08,6.9261e+05,3.8254e+05,3.8003e+05,50.3,48.0,1.3,0.3,2.1359e+30,2.0952e+30,2.6150e+28,1.4610e+28,1.9458e+28,0.0000e+00,98.1,1.2,0.7
241,2.1116e+30,1.0605e+30,1.0186e+30,2.5540e+28,6.9900e+27,8.4409e+29,2.1639e+29,7.7585e+29,2.4274e+29,1.7190e+28,8.3500e+27,3.5000e+27,3.4900e+27,7.5485e+08,9.6051e+06,1.4337e+09,1.9145e-11,1.5494e+08,6.5324e+05,3.8508e+05,3.8255e+05,50.2,48.2,1.2,0.3,2.1133e+30,2.0742e+30,2.5240e+28,1.3940e+28,1.9581e+28,0.0000e+00,98.1,1.2,0.7
242,2.1016e+30,1.0544e+30,1.0152e+30,2.5040e+28,7.0000e+27,8.4377e+29,2.1064e+29,7.7585e+29,2.3930e+29,1.7100e+28,7.9400e+27,3.3900e+27,3.6100e+27,7.5896e+08,7.6229e+06,1.4731e+09,3.5140e-09,1.4970e+08,6.1768e+05,3.8767e+05,3.8509e+05,50.2,48.3,1.2,0.3,2.1010e+30,2.0601e+30,2.6830e+28,1.4050e+28,1.9786e+28,0.0000e+00,98.1,1.3,0.7
243,2.0455e+30,1.0305e+30,9.8456e+29,2.3460e+28,6.9400e+27,8.3162e+29,1.9892e+29,7.6244e+29,2.2212e+29,1.5930e+28,7.5300e+27,3.2700e+27,3.6700e+27,7.6315e+08,5.5991e+06,1.4508e+09,1.0225e-09,1.4522e+08,6.1733e+05,3.9029e+05,3.8768e+05,50.4,48.1,1.1,0.3,2.0465e+30,2.0067e+30,2.5420e+28,1.4430e+28,1.9912e+28,0.0000e+00,98.1,1.2,0.7
244,1.9961e+30,1.0144e+30,9.5167e+29,2.3090e+28,6.9900e+27,8.2332e+29,1.9106e+29,7.3472e+29,2.1695e+29,1.5470e+28,7.6200e+27,3.3900e+27,3.6000e+27,7.7076e+08,3.4822e+06,1.2989e+09,6.7545e-12,1.4136e+08,6.2421e+05,3.9293e+05,3.9030e+05,50.8,47.7,1.2,0.4,1.9982e+30,1.9598e+30,2.4130e+28,1.4280e+28,2.0038e+28,0.0000e+00,98.1,1.2,0.7
245,1.9578e+30,9.9677e+29,9.3144e+29,2.2590e+28,6.9500e+27,8.1106e+29,1.8571e+29,7.2478e+29,2.0666e+29,1.5100e+28,7.4900e+27,3.4700e+27,3.4800e+27,7.7071e+08,1.2845e+06,1.3678e+09,2.7518e-16,1.3587e+08,6.0688e+05,3.9560e+05,3.9294e+05,50.9,47.6,1.2,0.4,1.9569e+30,1.9181e+30,2.4580e+28,1.4250e+28,2.0164e+28,0.0000e+00,98.0,1.3,0.7
246,1.9215e+30,9.8153e+29,9.1040e+29,2.2590e+28,6.9600e+27,8.0037e+29,1.8116e+29,7.0474e+29,2.0566e+29,1.4670e+28,7.9200e+27,3.5800e+27,3.3800e+27,7.7667e+08,6.4053e+03,1.5568e+09,1.0085e-20,1.6660e+08,5.3969e+05,3.9830e+05,3.9561e+05,51.1,47.4,1.2,0.4,1.9234e+30,1.8852e+30,2.4100e+28,1.4130e+28,2.0377e+28,0.0000e+00,98.0,1.3,0.7
247,1.8947e+30,9.6731e+29,8.9720e+29,2.3230e+28,6.9600e+27,7.8344e+29,1.8387e+29,6.8172e+29,2.1548e+29,1.5990e+28,7.2400e+27,3.4800e+27,3.4800e+27,7.8162e+08,3.6953e+06,1.5051e+09,5.6595e-17,1.6355e+08,4.9594e+05,4.0103e+05,3.9831e+05,51.1,47.4,1.2,0.4,1.8934e+30,1.8546e+30,2.3940e+28,1.4810e+28,2.0505e+28,0.0000e+00,98.0,1.3,0.8
248,1.8914e+30,9.5723e+29,9.0447e+29,2.2710e+28,7.0200e+27,7.7855e+29,1.7868e+29,6.8894e+29,2.1553e+29,1.5440e+28,7.2700e+27,3.3600e+27,3.6600e+27,7.8980e+08,7.6788e+06,1.6855e+09,7.3666e-12,1.5922e+08,4.8267e+05,4.0380e+05,4.0105e+05,50.6,47.8,1.2,0.4,1.8926e+30,1.8552e+30,2.2950e+28,1.4380e+28,2.0723e+28,0.0000e+00,98.0,1.2,0.8
249,1.8531e+30,9.3788e+29,8.8746e+29,2.0850e+28,6.9300e+27,7.6721e+29,1.7067e+29,6.8604e+29,2.0142e+29,1.3970e+28,6.8800e+27,3.3600e+27,3.5700e+27,8.0087e+08,7.4758e+06,1.5156e+09,1.5408e-09,1.5368e+08,4.6415e+05,4.0658e+05,4.0381e+05,50.6,47.9,1.1,0.4,1.8529e+30,1.8154e+30,2.3270e+28,1.4290e+28,2.0761e+28,0.0000e+00,98.0,1.3,0.8
250,1.8131e+30,9.2733e+29,8.5899e+29,1.9820e+28,6.9300e+27,7.6185e+29,1.6548e+29,6.6875e+29,1.9024e+29,1.3120e+28,6.7000e+27,3.2700e+27,3.6600e+27,8.0349e+08,5.9619e+06,1.3358e+09,1.4347e-08,1.4877e+08,4.4991e+05,4.0939e+05,4.0659e+05,51.1,47.4,1.1,0.4,1.8138e+30,1.7758e+30,2.2830e+28,1.5100e+28,2.0980e+28,0.0000e+00,97.9,1.3,0.8
251,1.8057e+30,9.1988e+29,8.5995e+29,1.8850e+28,6.9700e+27,7.5824e+29,1.6164e+29,6.7082e+29,1.8913e+29,1.2430e+28,6.4200e+27,3.6700e+27,3.3000e+27,8.0555e+08,4.4527e+06,1.5537e+09,5.3005e-10,1.4257e+08,4.0050e+05,4.1224e+05,4.0941e+05,50.9,47.6,1.0,0.4,1.8061e+30,1.7683e+30,2.2930e+28,1.4860e+28,2.1203e+28,0.0000e+00,97.9,1.3,0.8
252,1.7525e+30,9.0084e+29,8.2693e+29,1.7760e+28,6.9400e+27,7.4658e+29,1.5426e+29,6.4212e+29,1.8481e+29,1.1740e+28,6.0200e+27,3.5600e+27,3.3800e+27,8.0868e+08,2.7990e+06,1.2685e+09,4.2424e-12,1.3864e+08,4.1739e+05,4.1511e+05,4.1226e+05,51.4,47.2,1.0,0.4,1.7534e+30,1.7151e+30,2.3420e+28,1.4900e+28,2.1333e+28,0.0000e+00,97.8,1.3,0.8
253,1.7337e+30,8.8766e+29,8.2130e+29,1.7820e+28,6.9300e+27,7.3691e+29,1.5075e+29,6.4206e+29,1.7924e+29,1.1300e+28,6.5200e+27,3.5100e+27,3.4200e+27,8.1303e+08,1.1039e+06,1.3695e+09,3.3952e-16,1.3443e+08,3.8110e+05,4.1800e+05,4.1513e+05,51.2,47.4,1.0,0.4,1.7326e+30,1.6955e+30,2.2570e+28,1.4520e+28,2.1462e+28,0.0000e+00,97.9,1.3,0.8
254,1.7021e+30,8.6933e+29,8.0839e+29,1.7300e+28,7.0400e+27,7.2187e+29,1.4746e+29,6.2656e+29,1.8183e+29,1.1230e+28,6.0700e+27,3.6400e+27,3.4000e+27,8.2083e+08,5.6911e+03,1.6679e+09,1.0255e-20,1.6487e+08,3.7111e+05,4.2091e+05,4.1802e+05,51.1,47.5,1.0,0.4,1.7021e+30,1.6656e+30,2.2150e+28,1.4400e+28,2.1590e+28,0.0000e+00,97.9,1.3,0.8
255,1.6800e+30,8.6327e+29,7.9211e+29,1.7640e+28,6.9400e+27,7.1382e+29,1.4945e+29,6.0629e+29,1.8582e+29,1.2490e+28,5.1500e+27,3.5200e+27,3.4200e+27,8.2584e+08,3.2383e+06,1.4246e+09,4.5355e-18,1.6250e+08,3.3952e+05,4.2385e+05,4.2093e+05,51.4,47.2,1.1,0.4,1.6803e+30,1.6443e+30,2.1510e+28,1.4470e+28,2.1815e+28,0.0000e+00,97.9,1.3,0.9
256,1.6572e+30,8.4772e+29,7.8510e+29,1.7410e+28,6.9300e+27,7.0426e+29,1.4346e+29,6.0165e+29,1.8345e+29,1.2000e+28,5.4100e+27,3.4700e+27,3.4600e+27,8.3058e+08,5.5381e+06,1.2586e+09,1.8204e-12,1.5590e+08,3.4051e+05,4.2682e+05,4.2387e+05,51.2,47.4,1.1,0.4,1.6578e+30,1.6200e+30,2.2520e+28,1.5360e+28,2.2044e+28,0.0000e+00,97.7,1.4,0.9
257,1.6347e+30,8.4062e+29,7.7025e+29,1.6850e+28,6.9900e+27,6.9883e+29,1.4179e+29,5.8717e+29,1.8308e+29,1.1330e+28,5.5200e+27,3.3400e+27,3.6500e+27,8.3189e+08,5.7896e+06,1.4143e+09,4.6083e-10,1.5047e+08,3.1582e+05,4.2981e+05,4.2684e+05,51.4,47.1,1.0,0.4,1.6344e+30,1.5987e+30,2.1070e+28,1.4670e+28,2.2172e+28,0.0000e+00,97.8,1.3,0.9
258,1.5882e+30,8.2150e+29,7.4476e+29,1.4910e+28,7.0200e+27,6.8487e+29,1.3663e+29,5.7242e+29,1.7234e+29,9.8200e+27,5.0900e+27,3.3800e+27,3.6400e+27,8.3512e+08,5.6262e+06,1.2658e+09,1.5980e-08,1.4477e+08,3.0978e+05,4.3282e+05,4.2983e+05,51.7,46.9,0.9,0.4,1.5889e+30,1.5528e+30,2.1080e+28,1.5030e+28,2.2298e+28,0.0000e+00,97.7,1.3,0.9
259,1.5572e+30,8.0584e+29,7.2972e+29,1.4730e+28,6.9500e+27,6.7633e+29,1.2951e+29,5.6299e+29,1.6673e+29,9.9900e+27,4.7400e+27,3.5400e+27,3.4100e+27,8.3717e+08,4.6343e+06,1.4791e+09,1.9857e-08,1.3993e+08,2.7528e+05,4.3583e+05,4.3283e+05,51.7,46.9,0.9,0.4,1.5584e+30,1.5217e+30,2.0670e+28,1.6070e+28,2.2422e+28,0.0000e+00,97.6,1.3,1.0
260,1.5358e+30,7.9695e+29,7.1743e+29,1.4520e+28,6.8800e+27,6.6982e+29,1.2713e+29,5.5120e+29,1.6623e+29,9.7100e+27,4.8100e+27,3.5400e+27,3.3400e+27,8.3698e+08,4.2698e+06,1.4239e+09,1.3106e-09,1.3588e+08,3.2601e+05,4.3888e+05,4.3585e+05,51.9,46.7,0.9,0.4,1.5363e+30,1.5014e+30,2.0240e+28,1.4720e+28,2.2651e+28,0.0000e+00,97.7,1.3,1.0
261,1.5196e+30,7.8678e+29,7.1262e+29,1.3280e+28,6.8700e+27,6.6060e+29,1.2618e+29,5.4782e+29,1.6480e+29,8.6000e+27,4.6800e+27,3.4200e+27,3.4500e+27,8.3746e+08,3.0258e+06,1.5197e+09,3.1819e-11,1.3256e+08,3.0427e+05,4.4195e+05,4.3889e+05,51.8,46.9,0.9,0.5,1.5194e+30,1.4841e+30,2.0820e+28,1.4450e+28,2.2883e+28,0.0000e+00,97.7,1.4,1.0
262,1.5031e+30,7.7287e+29,7.0970e+29,1.3530e+28,6.9600e+27,6.5379e+29,1.1908e+29,5.4462e+29,1.6508e+29,9.0000e+27,4.5300e+27,3.1500e+27,3.8100e+27,8.3950e+08,1.7294e+06,1.3769e+09,9.4004e-14,1.2816e+08,3.0372e+05,4.4503e+05,4.4196e+05,51.4,47.2,0.9,0.5,1.5034e+30,1.4679e+30,2.0390e+28,1.5100e+28,2.3005e+28,0.0000e+00,97.6,1.4,1.0
263,1.4665e+30,7.5739e+29,6.8990e+29,1.2410e+28,6.7700e+27,6.3908e+29,1.1831e+29,5.3456e+29,1.5534e+29,8.0400e+27,4.3700e+27,3.3500e+27,3.4200e+27,8.4076e+08,3.8946e+05,1.1413e+09,3.9088e-20,1.2498e+08,2.7717e+05,4.4812e+05,4.4504e+05,51.6,47.0,0.8,0.5,1.4657e+30,1.4296e+30,2.0990e+28,1.5130e+28,2.3124e+28,0.0000e+00,97.5,1.4,1.0
264,1.4585e+30,7.4812e+29,6.9058e+29,1.2870e+28,6.8800e+27,6.2963e+29,1.1849e+29,5.2005e+29,1.7053e+29,8.7200e+27,4.1500e+27,3.3700e+27,3.5100e+27,8.4064e+08,7.1718e+02,1.6126e+09,1.0005e-20,1.5509e+08,2.3618e+05,4.5123e+05,4.4813e+05,51.3,47.4,0.9,0.5,1.4586e+30,1.4233e+30,1.9920e+28,1.5380e+28,2.3354e+28,0.0000e+00,97.6,1.4,1.1
265,1.4328e+30,7.3449e+29,6.7866e+29,1.2790e+28,6.8500e+27,6.1753e+29,1.1696e+29,5.0633e+29,1.7233e+29,8.8900e+27,3.9000e+27,3.1800e+27,3.6700e+27,8.3856e+08,4.4092e+06,1.2997e+09,7.9400e-16,1.5138e+08,2.8189e+05,4.5436e+05,4.5125e+05,51.3,47.4,0.9,0.5,1.4334e+30,1.3979e+30,2.0420e+28,1.5110e+28,2.3469e+28,0.0000e+00,97.5,1.4,1.1
266,1.4102e+30,7.2706e+29,6.6373e+29,1.2440e+28,6.9300e+27,6.1210e+29,1.1496e+29,4.9436e+29,1.6937e+29,8.1500e+27,4.2900e+27,3.5100e+27,3.4200e+27,8.4028e+08,4.9311e+06,1.2908e+09,4.2425e-12,1.4517e+08,2.3557e+05,4.5750e+05,4.5437e+05,51.6,47.1,0.9,0.5,1.4117e+30,1.3766e+30,2.0160e+28,1.4940e+28,2.3699e+28,0.0000e+00,97.5,1.4,1.1
267,1.3799e+30,7.1972e+29,6.4118e+29,1.2060e+28,6.9300e+27,6.0913e+29,1.1059e+29,4.7725e+29,1.6393e+29,8.2300e+27,3.8300e+27,3.1100e+27,3.8200e+27,8.4279e+08,4.2966e+06,1.5349e+09,4.2109e-10,1.4004e+08,2.5662e+05,4.6066e+05,4.5752e+05,52.2,46.5,0.9,0.5,1.3776e+30,1.3420e+30,1.9600e+28,1.6000e+28,2.3929e+28,0.0000e+00,97.4,1.4,1.2
268,1.3597e+30,7.0360e+29,6.3738e+29,1.1850e+28,6.9200e+27,5.9610e+29,1.0750e+29,4.7712e+29,1.6026e+29,8.2100e+27,3.6400e+27,3.4100e+27,3.5100e+27,8.4771e+08,4.6292e+06,1.2632e+09,9.9265e-09,1.3394e+08,2.6012e+05,4.6383e+05,4.6068e+05,51.7,46.9,0.9,0.5,1.3604e+30,1.3244e+30,1.9930e+28,1.5980e+28,2.4040e+28,0.0000e+00,97.4,1.5,1.2
269,1.3453e+30,6.8965e+29,6.3833e+29,1.0620e+28,6.7400e+27,5.8457e+29,1.0508e+29,4.7426e+29,1.6407e+29,7.0900e+27,3.5300e+27,3.3900e+27,3.3500e+27,8.5338e+08,4.4537e+06,1.5917e+09,1.0632e-07,1.3061e+08,2.4644e+05,4.6700e+05,4.6385e+05,51.3,47.4,0.8,0.5,1.3462e+30,1.3121e+30,1.8450e+28,1.5700e+28,2.4146e+28,0.0000e+00,97.5,1.4,1.2
270,1.3352e+30,6.8847e+29,6.2873e+29,1.1020e+28,7.0300e+27,5.8455e+29,1.0392e+29,4.6955e+29,1.5918e+29,7.6100e+27,3.4100e+27,3.2300e+27,3.8000e+27,8.6061e+08,4.5068e+06,1.7454e+09,5.9101e-08,1.2633e+08,2.2332e+05,4.7020e+05,4.6702e+05,51.6,47.1,0.8,0.5,1.3362e+30,1.3013e+30,1.8650e+28,1.6190e+28,2.4496e+28,0.0000e+00,97.4,1.4,1.2
271,1.3046e+30,6.7084e+29,6.1725e+29,9.6000e+27,6.9400e+27,5.6988e+29,1.0096e+29,4.5656e+29,1.6069e+29,6.2800e+27,3.3200e+27,3.5500e+27,3.3900e+27,8.6722e+08,4.2851e+06,1.5202e+09,8.0035e-09,1.2229e+08,2.8352e+05,4.7339e+05,4.7022e+05,51.4,47.3,0.7,0.5,1.3045e+30,1.2704e+30,1.8980e+28,1.5150e+28,2.4474e+28,0.0000e+00,97.4,1.5,1.2
272,1.2859e+30,6.6747e+29,6.0198e+29,9.4400e+27,6.9800e+27,5.6709e+29,1.0038e+29,4.5169e+29,1.5029e+29,6.1700e+27,3.2700e+27,3.4600e+27,3.5200e+27,8.7376e+08,3.6381e+06,1.1479e+09,6.8001e-10,1.1642e+08,2.6956e+05,4.7661e+05,4.7341e+05,51.9,46.8,0.7,0.5,1.2861e+30,1.2532e+30,1.8450e+28,1.4480e+28,2.4825e+28,0.0000e+00,97.4,1.4,1.1
273,1.2697e+30,6.5545e+29,5.9839e+29,8.9800e+27,6.8300e+27,5.5925e+29,9.6200e+28,4.4894e+29,1.4945e+29,5.8500e+27,3.1300e+27,3.3800e+27,3.4500e+27,8.7613e+08,2.6814e+06,1.2803e+09,2.7337e-11,1.1264e+08,2.6305e+05,4.7982e+05,4.7662e+05,51.6,47.1,0.7,0.5,1.2707e+30,1.2368e+30,1.8790e+28,1.5050e+28,2.4922e+28,0.0000e+00,97.3,1.5,1.2
274,1.2466e+30,6.4011e+29,5.9048e+29,9.1500e+27,6.8600e+27,5.4617e+29,9.3940e+28,4.4134e+29,1.4914e+29,5.6900e+27,3.4600e+27,3.2200e+27,3.6400e+27,8.8059e+08,1.7185e+06,1.5074e+09,2.6213e-13,1.0911e+08,2.5602e+05,4.8303e+05,4.7984e+05,51.3,47.4,0.7,0.6,1.2459e+30,1.2121e+30,1.8880e+28,1.4920e+28,2.5014e+28,0.0000e+00,97.3,1.5,1.2
275,1.2363e+30,6.3045e+29,5.9038e+29,8.5300e+27,6.9400e+27,5.3905e+29,9.1400e+28,4.3648e+29,1.5390e+29,5.6800e+27,2.8500e+27,3.4700e+27,3.4700e+27,8.8303e+08,7.3613e+05,1.2375e+09,4.7580e-17,1.0597e+08,2.3485e+05,4.8627e+05,4.8305e+05,51.0,47.8,0.7,0.6,1.2372e+30,1.2044e+30,1.7770e+28,1.5000e+28,2.5367e+28,0.0000e+00,97.4,1.4,1.2
276,1.2151e+30,6.1670e+29,5.8297e+29,8.6300e+27,6.8400e+27,5.2644e+29,9.0260e+28,4.3225e+29,1.5072e+29,5.7500e+27,2.8800e+27,3.4600e+27,3.3800e+27,8.8432e+08,5.0556e+01,1.6937e+09,1.1193e-20,1.4212e+08,2.2361e+05,4.8950e+05,4.8629e+05,50.8,48.0,0.7,0.6,1.2146e+30,1.1815e+30,1.8470e+28,1.4590e+28,2.5454e+28,0.0000e+00,97.3,1.5,1.2
277,1.1942e+30,6.1061e+29,5.6762e+29,9.2000e+27,6.8100e+27,5.1863e+29,9.1980e+28,4.0563e+29,1.6199e+29,6.4100e+27,2.7900e+27,3.4000e+27,3.4100e+27,8.8807e+08,2.5831e+06,1.1511e+09,1.1711e-20,1.3983e+08,2.2038e+05,4.9272e+05,4.8952e+05,51.1,47.5,0.8,0.6,1.1952e+30,1.1613e+30,1.8740e+28,1.5140e+28,2.5535e+28,0.0000e+00,97.2,1.6,1.3
278,1.1966e+30,6.0312e+29,5.7746e+29,9.1700e+27,6.8600e+27,5.1140e+29,9.1720e+28,4.0908e+29,1.6838e+29,6.1700e+27,3.0000e+27,3.4300e+27,3.4300e+27,8.8972e+08,2.9330e+06,1.4956e+09,2.4056e-14,1.3452e+08,2.2623e+05,4.9597e+05,4.9274e+05,50.4,48.3,0.8,0.6,1.1959e+30,1.1629e+30,1.7920e+28,1.5040e+28,2.5889e+28,0.0000e+00,97.2,1.5,1.3
279,1.1788e+30,5.9742e+29,5.6584e+29,8.7100e+27,6.8700e+27,5.0678e+29,9.0640e+28,3.9904e+29,1.6680e+29,5.7600e+27,2.9500e+27,3.2600e+27,3.6100e+27,8.9029e+08,3.3595e+06,1.1695e+09,7.6015e-12,1.2995e+08,2.0257e+05,4.9920e+05,4.9599e+05,50.7,48.0,0.7,0.6,1.1812e+30,1.1495e+30,1.6930e+28,1.4820e+28,2.5964e+28,0.0000e+00,97.3,1.4,1.3
280,1.1599e+30,5.8396e+29,5.6083e+29,8.3100e+27,6.8200e+27,4.9530e+29,8.8660e+28,3.9356e+29,1.6727e+29,5.6900e+27,2.6200e+27,3.4700e+27,3.3500e+27,8.9186e+08,3.2547e+06,1.4781e+09,2.8183e-10,1.2403e+08,2.1068e+05,5.0244e+05,4.9922e+05,50.3,48.4,0.7,0.6,1.1584e+30,1.1261e+30,1.7620e+28,1.4720e+28,2.6176e+28,0.0000e+00,97.2,1.5,1.3
281,1.1308e+30,5.7641e+29,5.3948e+29,8.0300e+27,6.8800e+27,4.8735e+29,8.9060e+28,3.7700e+29,1.6248e+29,5.3800e+27,2.6500e+27,3.4900e+27,3.3900e+27,8.9047e+08,3.1897e+06,1.3706e+09,3.9475e-09,1.1904e+08,1.9025e+05,5.0567e+05,5.0246e+05,51.0,47.7,0.7,0.6,1.1294e+30,1.0974e+30,1.7060e+28,1.5000e+28,2.6242e+28,0.0000e+00,97.2,1.5,1.3
282,1.1285e+30,5.7168e+29,5.4281e+29,7.1100e+27,6.8700e+27,4.8554e+29,8.6140e+28,3.7802e+29,1.6479e+29,4.6400e+27,2.4700e+27,3.7200e+27,3.1500e+27,8.8971e+08,3.2599e+06,1.3381e+09,3.0735e-08,1.1467e+08,1.8004e+05,5.0891e+05,5.0568e+05,50.7,48.1,0.6,0.6,1.1306e+30,1.0986e+30,1.7270e+28,1.4760e+28,2.6594e+28,0.0000e+00,97.2,1.5,1.3
283,1.1113e+30,5.6134e+29,5.3615e+29,6.9600e+27,6.8700e+27,4.7625e+29,8.5090e+28,3.7540e+29,1.6075e+29,4.4900e+27,2.4700e+27,3.3600e+27,3.5100e+27,8.8463e+08,2.2430e+06,1.2579e+09,1.6769e-07,1.0914e+08,1.5904e+05,5.1214e+05,5.0893e+05,50.5,48.2,0.6,0.6,1.1102e+30,1.0790e+30,1.6590e+28,1.4640e+28,2.6652e+28,0.0000e+00,97.2,1.5,1.3
284,1.1093e+30,5.5807e+29,5.3746e+29,6.8400e+27,6.9000e+27,4.7531e+29,8.2760e+28,3.7370e+29,1.6376e+29,4.3900e+27,2.4500e+27,3.5600e+27,3.3400e+27,8.8140e+08,3.0134e+06,1.2779e+09,6.9689e-07,1.0451e+08,1.4779e+05,5.1537e+05,5.1216e+05,50.3,48.5,0.6,0.6,1.1102e+30,1.0786e+30,1.7570e+28,1.4070e+28,2.6854e+28,0.0000e+00,97.2,1.6,1.3
285,1.0866e+30,5.4866e+29,5.2422e+29,6.9100e+27,6.7900e+27,4.6496e+29,8.3700e+28,3.6453e+29,1.5969e+29,4.3900e+27,2.5200e+27,3.5300e+27,3.2600e+27,8.7946e+08,2.7344e+06,1.3020e+09,3.4275e-07,1.0081e+08,1.7719e+05,5.1859e+05,5.1538e+05,50.5,48.2,0.6,0.6,1.0864e+30,1.0541e+30,1.7610e+28,1.4680e+28,2.7053e+28,0.0000e+00,97.0,1.6,1.4
286,1.0657e+30,5.3539e+29,5.1718e+29,6.2600e+27,6.9000e+27,4.5519e+29,8.0200e+28,3.6116e+29,1.5602e+29,4.3000e+27,1.9600e+27,3.2800e+27,3.6200e+27,8.7712e+08,2.0711e+06,1.4010e+09,1.0735e-07,9.8767e+07,1.5284e+05,5.2179e+05,5.1861e+05,50.2,48.5,0.6,0.6,1.0669e+30,1.0354e+30,1.7070e+28,1.4450e+28,2.7096e+28,0.0000e+00,97.0,1.6,1.4
287,1.0579e+30,5.2600e+29,5.1865e+29,6.3700e+27,6.8600e+27,4.4682e+29,7.9180e+28,3.5908e+29,1.5957e+29,4.0000e+27,2.3700e+27,3.4400e+27,3.4200e+27,8.7510e+08,2.6477e+06,1.2986e+09,2.9422e-08,9.5667e+07,1.5075e+05,5.2500e+05,5.2181e+05,49.7,49.0,0.6,0.6,1.0571e+30,1.0267e+30,1.6530e+28,1.3920e+28,2.7443e+28,0.0000e+00,97.1,1.6,1.3
288,1.0283e+30,5.1650e+29,4.9936e+29,5.6200e+27,6.8500e+27,4.3925e+29,7.7250e+28,3.5059e+29,1.4877e+29,3.5700e+27,2.0500e+27,3.3000e+27,3.5500e+27,8.7520e+08,2.7328e+06,1.3037e+09,6.9356e-09,9.1795e+07,1.6597e+05,5.2819e+05,5.2502e+05,50.2,48.6,0.5,0.7,1.0297e+30,9.9919e+29,1.6340e+28,1.4160e+28,2.7476e+28,0.0000e+00,97.0,1.6,1.4
289,1.0152e+30,5.0694e+29,4.9586e+29,5.4700e+27,6.8900e+27,4.3047e+29,7.6470e+28,3.4339e+29,1.5247e+29,3.4200e+27,2.0500e+27,3.4000e+27,3.4900e+27,8.7435e+08,2.5893e+06,1.7034e+09,1.3336e-09,8.8823e+07,1.4907e+05,5.3138e+05,5.2821e+05,49.9,48.8,0.5,0.7,1.0148e+30,9.8532e+29,1.5810e+28,1.3660e+28,2.7662e+28,0.0000e+00,97.1,1.6,1.3
290,9.9732e+29,4.9740e+29,4.8759e+29,5.4400e+27,6.8900e+27,4.2281e+29,7.4590e+28,3.3690e+29,1.5069e+29,3.3200e+27,2.1200e+27,3.4900e+27,3.4000e+27,8.7390e+08,2.7700e+06,1.1494e+09,1.9263e-10,8.5981e+07,1.5630e+05,5.3457e+05,5.3139e+05,49.9,48.9,0.5,0.7,9.9849e+29,9.6958e+29,1.5400e+28,1.3510e+28,2.8007e+28,0.0000e+00,97.1,1.5,1.4
291,9.8887e+29,4.9074e+29,4.8621e+29,5.0600e+27,6.8600e+27,4.1802e+29,7.2720e+28,3.3831e+29,1.4790e+29,3.3300e+27,1.7300e+27,3.3700e+27,3.4900e+27,8.7174e+08,1.9522e+06,1.6976e+09,1.9036e-11,8.3143e+07,1.4922e+05,5.3773e+05,5.3459e+05,49.6,49.2,0.5,0.7,9.8740e+29,9.5811e+29,1.6610e+28,1.2680e+28,2.8025e+28,0.0000e+00,97.0,1.7,1.3
292,9.8250e+29,4.8350e+29,4.8731e+29,4.8600e+27,6.8300e+27,4.1097e+29,7.2530e+28,3.3524e+29,1.5207e+29,3.2400e+27,1.6200e+27,3.4900e+27,3.3400e+27,8.7291e+08,1.9744e+06,1.2118e+09,1.0332e-12,8.0448e+07,1.6197e+05,5.4088e+05,5.3775e+05,49.2,49.6,0.5,0.7,9.8352e+29,9.5365e+29,1.6610e+28,1.3260e+28,2.8200e+28,0.0000e+00,97.0,1.7,1.3
293,9.6906e+29,4.7425e+29,4.8280e+29,5.1400e+27,6.8700e+27,4.0447e+29,6.9780e+28,3.3030e+29,1.5250e+29,3.2500e+27,1.8900e+27,3.6800e+27,3.1900e+27,8.7604e+08,1.3525e+06,1.5897e+09,1.9697e-14,7.8036e+07,1.3921e+05,5.4401e+05,5.4090e+05,48.9,49.8,0.5,0.7,9.6958e+29,9.4119e+29,1.5160e+28,1.3230e+28,2.8372e+28,0.0000e+00,97.1,1.6,1.4
294,9.6103e+29,4.7061e+29,4.7876e+29,4.7900e+27,6.8700e+27,3.9977e+29,7.0840e+28,3.3003e+29,1.4873e+29,2.9000e+27,1.8900e+27,3.4800e+27,3.3900e+27,8.7586e+08,7.1922e+05,1.2109e+09,3.6379e-17,7.5034e+07,1.1982e+05,5.4713e+05,5.4403e+05,49.0,49.8,0.5,0.7,9.5992e+29,9.3141e+29,1.6200e+28,1.2310e+28,2.8540e+28,0.0000e+00,97.0,1.7,1.3
295,9.4227e+29,4.5904e+29,4.7153e+29,4.8000e+27,6.9000e+27,3.9070e+29,6.8340e+28,3.2084e+29,1.5069e+29,2.8200e+27,1.9800e+27,3.4400e+27,3.4600e+27,8.7628e+08,9.1923e+04,1.3850e+09,1.0062e-20,7.2333e+07,1.2616e+05,5.5023e+05,5.4715e+05,48.7,50.0,0.5,0.7,9.4318e+29,9.1483e+29,1.5540e+28,1.2810e+28,2.8704e+28,0.0000e+00,97.0,1.6,1.4
296,9.3069e+29,4.5356e+29,4.6516e+29,5.1200e+27,6.8500e+27,3.8241e+29,7.1150e+28,3.0484e+29,1.6032e+29,3.5300e+27,1.5900e+27,3.4200e+27,3.4300e+27,8.7399e+08,1.0524e+03,1.2657e+09,1.0023e-20,1.0680e+08,1.5919e+05,5.5332e+05,5.5025e+05,48.7,50.0,0.6,0.7,9.3051e+29,9.0221e+29,1.5760e+28,1.2540e+28,2.8863e+28,0.0000e+00,97.0,1.7,1.3
297,9.2011e+29,4.4459e+29,4.6341e+29,5.2300e+27,6.8800e+27,3.7306e+29,7.1530e+28,2.9529e+29,1.6812e+29,3.6100e+27,1.6200e+27,3.7200e+27,3.1600e+27,8.7308e+08,2.0904e+06,1.3147e+09,4.5944e-18,1.0223e+08,1.4201e+05,5.5638e+05,5.5334e+05,48.3,50.4,0.6,0.7,9.2121e+29,8.9399e+29,1.4900e+28,1.2320e+28,2.9018e+28,0.0000e+00,97.0,1.6,1.3
298,9.1837e+29,4.4242e+29,4.6451e+29,4.6300e+27,6.8100e+27,3.7128e+29,7.1140e+28,2.8822e+29,1.7629e+29,3.1500e+27,1.4800e+27,3.4200e+27,3.3900e+27,8.7209e+08,2.1444e+06,1.1193e+09,7.0911e-15,9.7519e+07,1.3809e+05,5.5942e+05,5.5640e+05,48.2,50.6,0.5,0.7,9.1815e+29,8.9068e+29,1.5410e+28,1.2060e+28,2.9169e+28,0.0000e+00,97.0,1.7,1.3
299,8.9863e+29,4.3345e+29,4.5372e+29,4.6000e+27,6.8600e+27,3.6342e+29,7.0030e+28,2.8565e+29,1.6807e+29,3.1200e+27,1.4800e+27,3.3800e+27,3.4800e+27,8.6933e+08,1.4084e+06,1.1479e+09,4.4801e-13,9.4672e+07,1.4256e+05,5.6244e+05,5.5944e+05,48.2,50.5,0.5,0.8,8.9960e+29,8.7251e+29,1.5130e+28,1.1960e+28,2.9315e+28,0.0000e+00,97.0,1.7,1.3
300,8.9521e+29,4.2749e+29,4.5593e+29,5.0700e+27,6.7200e+27,3.5706e+29,7.0430e+28,2.9018e+29,1.6575e+29,3.3100e+27,1.7600e+27,3.2400e+27,3.4800e+27,8.6697e+08,1.6603e+06,2.0426e+09,7.9592e-12,9.0372e+07,1.2537e+05,5.6544e+05,5.6246e+05,47.8,50.9,0.6,0.8,8.9420e+29,8.6687e+29,1.5430e+28,1.1900e+28,2.9456e+28,0.0000e+00,96.9,1.7,1.3
301,9.0216e+29,4.2488e+29,4.6587e+29,4.4300e+27,6.9800e+27,3.5503e+29,6.9850e+28,2.9373e+29,1.7214e+29,2.8800e+27,1.5500e+27,3.4700e+27,3.5100e+27,8.6536e+08,1.8538e+06,1.2921e+09,7.0945e-11,8.6842e+07,1.1827e+05,5.6843e+05,5.6546e+05,47.1,51.6,0.5,0.8,9.0239e+29,8.7584e+29,1.4850e+28,1.1700e+28,2.9776e+28,0.0000e+00,97.1,1.6,1.3
302,8.8601e+29,4.1619e+29,4.5915e+29,3.8300e+27,6.8400e+27,3.4734e+29,6.8850e+28,2.8625e+29,1.7290e+29,2.3600e+27,1.4700e+27,3.3500e+27,3.4900e+27,8.5991e+08,1.2312e+06,1.1451e+09,4.1098e-10,8.3263e+07,1.1290e+05,5.7137e+05,5.6845e+05,47.0,51.8,0.4,0.8,8.8543e+29,8.5912e+29,1.5400e+28,1.0910e+28,2.9724e+28,0.0000e+00,97.0,1.7,1.2
303,8.7264e+29,4.1090e+29,4.5036e+29,4.6700e+27,6.7100e+27,3.4352e+29,6.7380e+28,2.8306e+29,1.6730e+29,2.8300e+27,1.8400e+27,3.3800e+27,3.3300e+27,8.5869e+08,1.3316e+06,1.3658e+09,1.7534e-09,8.1097e+07,1.0786e+05,5.7430e+05,5.7139e+05,47.1,51.6,0.5,0.8,8.7332e+29,8.4688e+29,1.5560e+28,1.0880e+28,3.0037e+28,0.0000e+00,97.0,1.8,1.2
304,8.6582e+29,4.0262e+29,4.5213e+29,4.2900e+27,6.7800e+27,3.3564e+29,6.6980e+28,2.8145e+29,1.7068e+29,2.7600e+27,1.5300e+27,3.2100e+27,3.5700e+27,8.5830e+08,1.7688e+06,1.5035e+09,6.0145e-09,7.8044e+07,1.2597e+05,5.7720e+05,5.7432e+05,46.5,52.2,0.5,0.8,8.6662e+29,8.4012e+29,1.5410e+28,1.1090e+28,3.0161e+28,0.0000e+00,96.9,1.8,1.3
305,8.5254e+29,3.9647e+29,4.4536e+29,3.8500e+27,6.8600e+27,3.3104e+29,6.5430e+28,2.7022e+29,1.7514e+29,2.4300e+27,1.4200e+27,3.3100e+27,3.5500e+27,8.5712e+08,1.9170e+06,1.2290e+09,1.7507e-08,7.3851e+07,1.2413e+05,5.8006e+05,5.7722e+05,46.5,52.2,0.5,0.8,8.5118e+29,8.2523e+29,1.5490e+28,1.0460e+28,3.0085e+28,0.0000e+00,97.0,1.8,1.2
306,8.5238e+29,3.9371e+29,4.4747e+29,4.3800e+27,6.8200e+27,3.2850e+29,6.5210e+28,2.7345e+29,1.7402e+29,2.7500e+27,1.6300e+27,3.4400e+27,3.3800e+27,8.5510e+08,1.7750e+06,1.2986e+09,4.4064e-08,7.1229e+07,1.3378e+05,5.8292e+05,5.8008e+05,46.2,52.5,0.5,0.8,8.5330e+29,8.2775e+29,1.5180e+28,1.0370e+28,3.0582e+28,0.0000e+00,97.0,1.8,1.2
307,8.4156e+29,3.8645e+29,4.4407e+29,4.2300e+27,6.8100e+27,3.2209e+29,6.4360e+28,2.6970e+29,1.7437e+29,2.7000e+27,1.5300e+27,3.5100e+27,3.3000e+27,8.5357e+08,1.7324e+06,1.3958e+09,1.0115e-07,6.8173e+07,1.2008e+05,5.8572e+05,5.8293e+05,45.9,52.8,0.5,0.8,8.4211e+29,8.1762e+29,1.4490e+28,1.0000e+28,3.0495e+28,0.0000e+00,97.1,1.7,1.2
308,8.3959e+29,3.8197e+29,4.4688e+29,3.9000e+27,6.8400e+27,3.1631e+29,6.5660e+28,2.7544e+29,1.7144e+29,2.5800e+27,1.3200e+27,3.1800e+27,3.6600e+27,8.5257e+08,1.6542e+06,1.4486e+09,2.1099e-07,6.5665e+07,1.1760e+05,5.8849e+05,5.8574e+05,45.5,53.2,0.5,0.8,8.3835e+29,8.1486e+29,1.4350e+28,9.1400e+27,3.0594e+28,0.0000e+00,97.2,1.7,1.1
309,8.3093e+29,3.7842e+29,4.4200e+29,3.7100e+27,6.8000e+27,3.1446e+29,6.3960e+28,2.6590e+29,1.7610e+29,2.2600e+27,1.4500e+27,3.5700e+27,3.2300e+27,8.5102e+08,1.4457e+06,1.0968e+09,4.0563e-07,6.3757e+07,1.3258e+05,5.9124e+05,5.8851e+05,45.5,53.2,0.4,0.8,8.3209e+29,8.0834e+29,1.4330e+28,9.4200e+27,3.0886e+28,0.0000e+00,97.1,1.7,1.1
310,8.1130e+29,3.6972e+29,4.3121e+29,3.5200e+27,6.8500e+27,3.0534e+29,6.4380e+28,2.6292e+29,1.6829e+29,2.1600e+27,1.3600e+27,3.5300e+27,3.3200e+27,8.4975e+08,1.5686e+06,1.4003e+09,7.3352e-07,6.2303e+07,1.1209e+05,5.9395e+05,5.9126e+05,45.6,53.2,0.4,0.8,8.1185e+29,7.8818e+29,1.4600e+28,9.0700e+27,3.0976e+28,0.0000e+00,97.1,1.8,1.1
311,8.0423e+29,3.6684e+29,4.2722e+29,3.3900e+27,6.7800e+27,3.0352e+29,6.3320e+28,2.5845e+29,1.6877e+29,2.0900e+27,1.3000e+27,3.4500e+27,3.3300e+27,8.4651e+08,1.5298e+06,1.3068e+09,1.2531e-06,6.0369e+07,1.0715e+05,5.9662e+05,5.9396e+05,45.6,53.1,0.4,0.8,8.0393e+29,7.8035e+29,1.4940e+28,8.6400e+27,3.1059e+28,0.0000e+00,97.1,1.9,1.1
312,7.9523e+29,3.5972e+29,4.2510e+29,3.4800e+27,6.9300e+27,2.9549e+29,6.4230e+28,2.5228e+29,1.7282e+29,2.0900e+27,1.3900e+27,3.3600e+27,3.5700e+27,8.4444e+08,1.6563e+06,1.3691e+09,2.0483e-06,5.9386e+07,1.2701e+05,5.9927e+05,5.9664e+05,45.2,53.5,0.4,0.9,7.9524e+29,7.7265e+29,1.4330e+28,8.2600e+27,3.1341e+28,0.0000e+00,97.2,1.8,1.0
313,7.9144e+29,3.5596e+29,4.2551e+29,3.1300e+27,6.8400e+27,2.9276e+29,6.3200e+28,2.5277e+29,1.7274e+29,2.0200e+27,1.1100e+27,3.3000e+27,3.5400e+27,8.4209e+08,1.6428e+06,1.2322e+09,3.2133e-06,5.8041e+07,9.8974e+04,6.0187e+05,5.9929e+05,45.0,53.8,0.4,0.9,7.9220e+29,7.6992e+29,1.4740e+28,7.5400e+27,3.1413e+28,0.0000e+00,97.2,1.9,1.0
314,7.7750e+29,3.5191e+29,4.1573e+29,3.1000e+27,6.7600e+27,2.8886e+29,6.3050e+28,2.4845e+29,1.6728e+29,1.7100e+27,1.3900e+27,3.4000e+27,3.3600e+27,8.3975e+08,1.7768e+06,1.2268e+09,4.8453e-06,5.6953e+07,1.0112e+05,6.0443e+05,6.0189e+05,45.3,53.5,0.4,0.9,7.7793e+29,7.5587e+29,1.4770e+28,7.2900e+27,3.1479e+28,0.0000e+00,97.2,1.9,0.9
315,7.8194e+29,3.4380e+29,4.2801e+29,3.2700e+27,6.8600e+27,2.8174e+29,6.2060e+28,2.5303e+29,1.7498e+29,1.8700e+27,1.4000e+27,3.4900e+27,3.3700e+27,8.3886e+08,1.6283e+06,1.4530e+09,7.0903e-06,5.5496e+07,9.4754e+04,6.0695e+05,6.0445e+05,44.0,54.7,0.4,0.9,7.8159e+29,7.6043e+29,1.4530e+28,6.6300e+27,3.1537e+28,0.0000e+00,97.3,1.9,0.8
316,7.8241e+29,3.4105e+29,4.3140e+29,3.1400e+27,6.8200e+27,2.7924e+29,6.1810e+28,2.5340e+29,1.7800e+29,1.6800e+27,1.4600e+27,3.2900e+27,3.5300e+27,8.3584e+08,1.5578e+06,1.5304e+09,7.3309e-06,5.4021e+07,1.1069e+05,6.0944e+05,6.0696e+05,43.6,55.1,0.4,0.9,7.8287e+29,7.6259e+29,1.4680e+28,5.6000e+27,3.1801e+28,0.0000e+00,97.4,1.9,0.7
317,7.8230e+29,3.3656e+29,4.3586e+29,3.2400e+27,6.6400e+27,2.7604e+29,6.0520e+28,2.5907e+29,1.7679e+29,1.7300e+27,1.5100e+27,3.3600e+27,3.2800e+27,8.3343e+08,1.7689e+06,1.8889e+09,6.0327e-06,5.2214e+07,1.1908e+05,6.1187e+05,6.0945e+05,43.0,55.7,0.4,0.8,7.8129e+29,7.6093e+29,1.4430e+28,5.9300e+27,3.1847e+28,0.0000e+00,97.4,1.8,0.8
318,7.7530e+29,3.3262e+29,4.3255e+29,3.3400e+27,6.7900e+27,2.7072e+29,6.1900e+28,2.5017e+29,1.8238e+29,1.9500e+27,1.3900e+27,3.2500e+27,3.5400e+27,8.3140e+08,1.3513e+06,1.3936e+09,4.9956e-06,5.0412e+07,1.3503e+05,6.1428e+05,6.1189e+05,42.9,55.8,0.4,0.9,7.7654e+29,7.5682e+29,1.4410e+28,5.3100e+27,3.2103e+28,0.0000e+00,97.5,1.9,0.7
319,7.6135e+29,3.2534e+29,4.2613e+29,3.0900e+27,6.7900e+27,2.6426e+29,6.1080e+28,2.4871e+29,1.7742e+29,1.8100e+27,1.2800e+27,3.5500e+27,3.2400e+27,8.2846e+08,1.0447e+06,1.4383e+09,4.1887e-06,4.8274e+07,1.1738e+05,6.1664e+05,6.1430e+05,42.7,56.0,0.4,0.9,7.6141e+29,7.4150e+29,1.4790e+28,5.1200e+27,3.2138e+28,0.0000e+00,97.4,1.9,0.7
320,7.5868e+29,3.2289e+29,4.2608e+29,2.9300e+27,6.7800e+27,2.6193e+29,6.0960e+28,2.4727e+29,1.7881e+29,1.6600e+27,1.2700e+27,3.5100e+27,3.2700e+27,8.2506e+08,1.2887e+06,1.1954e+09,3.5573e-06,4.6500e+07,1.0763e+05,6.1895e+05,6.1666e+05,42.6,56.2,0.4,0.9,7.5872e+29,7.3991e+29,1.4560e+28,4.2500e+27,3.2165e+28,0.0000e+00,97.5,1.9,0.6
321,7.5048e+29,3.1860e+29,4.2238e+29,2.6300e+27,6.8700e+27,2.5778e+29,6.0820e+28,2.4626e+29,1.7612e+29,1.4900e+27,1.1400e+27,3.6000e+27,3.2700e+27,8.2252e+08,1.3062e+06,1.2264e+09,3.0583e-06,4.5678e+07,8.7349e+04,6.2122e+05,6.1896e+05,42.5,56.3,0.4,0.9,7.5058e+29,7.3243e+29,1.4340e+28,3.8100e+27,3.2405e+28,0.0000e+00,97.6,1.9,0.5
322,7.6312e+29,3.1755e+29,4.3591e+29,2.7800e+27,6.8800e+27,2.5608e+29,6.1470e+28,2.5432e+29,1.8159e+29,1.7200e+27,1.0600e+27,3.1800e+27,3.7000e+27,8.2205e+08,1.0699e+06,1.3181e+09,2.7741e-06,4.5074e+07,6.8424e+04,6.2345e+05,6.2123e+05,41.6,57.1,0.4,0.9,7.6149e+29,7.4352e+29,1.4720e+28,3.2500e+27,3.2642e+28,0.0000e+00,97.6,1.9,0.4
323,7.4595e+29,3.0976e+29,4.2664e+29,2.8000e+27,6.7500e+27,2.4928e+29,6.0480e+28,2.4532e+29,1.8132e+29,1.8400e+27,9.6000e+26,3.1100e+27,3.6400e+27,8.1923e+08,1.3339e+06,1.4740e+09,2.4517e-06,4.3391e+07,7.3959e+04,6.2561e+05,6.2346e+05,41.5,57.2,0.4,0.9,7.4810e+29,7.2930e+29,1.5090e+28,3.7100e+27,3.2427e+28,0.0000e+00,97.5,2.0,0.5
324,7.6581e+29,3.0803e+29,4.4799e+29,2.9700e+27,6.8200e+27,2.4810e+29,5.9930e+28,2.6039e+29,1.8760e+29,1.6700e+27,1.3000e+27,3.4900e+27,3.3300e+27,8.1500e+08,1.6991e+06,1.2276e+09,2.1956e-06,4.3661e+07,8.4921e+04,6.2774e+05,6.2563e+05,40.2,58.5,0.4,0.9,7.6334e+29,7.4549e+29,1.4900e+28,2.9500e+27,3.2651e+28,0.0000e+00,97.7,2.0,0.4
325,7.6028e+29,3.0438e+29,4.4623e+29,2.9100e+27,6.7600e+27,2.4213e+29,6.2250e+28,2.5850e+29,1.8773e+29,1.6800e+27,1.2300e+27,3.3000e+27,3.4600e+27,8.1185e+08,1.3175e+06,1.4569e+09,1.9931e-06,4.2957e+07,8.4940e+04,6.2982e+05,6.2775e+05,40.0,58.7,0.4,0.9,7.6117e+29,7.4224e+29,1.5940e+28,2.9900e+27,3.2872e+28,0.0000e+00,97.5,2.1,0.4
326,7.5761e+29,3.0256e+29,4.4576e+29,2.4600e+27,6.8300e+27,2.4043e+29,6.2130e+28,2.5572e+29,1.9004e+29,1.4000e+27,1.0600e+27,3.4300e+27,3.4000e+27,8.0881e+08,1.7423e+06,1.2206e+09,1.8355e-06,4.2256e+07,8.8801e+04,6.3184e+05,6.2983e+05,39.9,58.8,0.3,0.9,7.5754e+29,7.3977e+29,1.5610e+28,2.1600e+27,3.2859e+28,0.0000e+00,97.7,2.1,0.3
327,7.5183e+29,2.9911e+29,4.4292e+29,3.0400e+27,6.7600e+27,2.3891e+29,6.0200e+28,2.5477e+29,1.8815e+29,1.7600e+27,1.2800e+27,3.4700e+27,3.2900e+27,8.0596e+08,1.2796e+06,1.4435e+09,1.7139e-06,4.1190e+07,1.0630e+05,6.3382e+05,6.3186e+05,39.8,58.9,0.4,0.9,7.5213e+29,7.3419e+29,1.5720e+28,2.2200e+27,3.3069e+28,0.0000e+00,97.6,2.1,0.3
328,7.6459e+29,2.9556e+29,4.5930e+29,2.8800e+27,6.8500e+27,2.3247e+29,6.3090e+28,2.6567e+29,1.9363e+29,1.6200e+27,1.2600e+27,3.2300e+27,3.6200e+27,8.0091e+08,1.6718e+06,1.4763e+09,1.6233e-06,4.0932e+07,8.5578e+04,6.3574e+05,6.3384e+05,38.7,60.1,0.4,0.9,7.6346e+29,7.4588e+29,1.5810e+28,1.7700e+27,3.3042e+28,0.0000e+00,97.7,2.1,0.2
329,7.6771e+29,2.9413e+29,4.6411e+29,2.6600e+27,6.8100e+27,2.3215e+29,6.1980e+28,2.5641e+29,2.0770e+29,1.6500e+27,1.0100e+27,3.4200e+27,3.3900e+27,7.9661e+08,1.7745e+06,1.4816e+09,1.5587e-06,4.0319e+07,8.2737e+04,6.3762e+05,6.3576e+05,38.3,60.5,0.3,0.9,7.6825e+29,7.5006e+29,1.6230e+28,1.9600e+27,3.3241e+28,0.0000e+00,97.6,2.1,0.3
330,7.4433e+29,2.8821e+29,4.4655e+29,2.7400e+27,6.8300e+27,2.2653e+29,6.1680e+28,2.5321e+29,1.9334e+29,1.4200e+27,1.3200e+27,3.4500e+27,3.3800e+27,7.9585e+08,1.4825e+06,1.3900e+09,1.5174e-06,4.0414e+07,1.0955e+05,6.3943e+05,6.3763e+05,38.7,60.0,0.4,0.9,7.4364e+29,7.2582e+29,1.6110e+28,1.7100e+27,3.3200e+28,0.0000e+00,97.6,2.2,0.2
331,7.5672e+29,2.8852e+29,4.5875e+29,2.7100e+27,6.7400e+27,2.2588e+29,6.2640e+28,2.6179e+29,1.9696e+29,1.6000e+27,1.1100e+27,3.2500e+27,3.4900e+27,7.9457e+08,1.2370e+06,1.5459e+09,1.4970e-06,3.8841e+07,1.2159e+05,6.4120e+05,6.3945e+05,38.1,60.6,0.4,0.9,7.5568e+29,7.3781e+29,1.6580e+28,1.2900e+27,3.3386e+28,0.0000e+00,97.6,2.2,0.2
332,7.6047e+29,2.8547e+29,4.6517e+29,2.9700e+27,6.8600e+27,2.2219e+29,6.3280e+28,2.6047e+29,2.0470e+29,1.7400e+27,1.2300e+27,3.6400e+27,3.2200e+27,7.9199e+08,1.0682e+06,1.6324e+09,1.4942e-06,3.8355e+07,9.9448e+04,6.4291e+05,6.4121e+05,37.5,61.2,0.4,0.9,7.6139e+29,7.4263e+29,1.7440e+28,1.3200e+27,3.3568e+28,0.0000e+00,97.5,2.3,0.2
333,7.6290e+29,2.8600e+29,4.6733e+29,2.8800e+27,6.6900e+27,2.2320e+29,6.2800e+28,2.5932e+29,2.0801e+29,1.7200e+27,1.1600e+27,3.4100e+27,3.2800e+27,7.8913e+08,1.4051e+06,1.3530e+09,1.5165e-06,3.6466e+07,9.9072e+04,6.4457e+05,6.4293e+05,37.5,61.3,0.4,0.9,7.6096e+29,7.4282e+29,1.6920e+28,1.2200e+27,3.3507e+28,0.0000e+00,97.6,2.2,0.2
334,7.8844e+29,2.8091e+29,4.9783e+29,2.8200e+27,6.8800e+27,2.1813e+29,6.2780e+28,2.7499e+29,2.2284e+29,1.5500e+27,1.2700e+27,3.2400e+27,3.6400e+27,7.8582e+08,1.3489e+06,1.5168e+09,1.5352e-06,3.6810e+07,9.0284e+04,6.4617e+05,6.4458e+05,35.6,63.1,0.4,0.9,7.8716e+29,7.6750e+29,1.8350e+28,1.3100e+27,3.3676e+28,0.0000e+00,97.5,2.3,0.2
335,7.8631e+29,2.7921e+29,4.9750e+29,2.8100e+27,6.7900e+27,2.1731e+29,6.1900e+28,2.7865e+29,2.1885e+29,1.5100e+27,1.3000e+27,3.5600e+27,3.2300e+27,7.8313e+08,1.5134e+06,2.0853e+09,1.5731e-06,3.6722e+07,8.5965e+04,6.4770e+05,6.4618e+05,35.5,63.3,0.4,0.9,7.8698e+29,7.6687e+29,1.9140e+28,9.7000e+26,3.3600e+28,0.0000e+00,97.4,2.4,0.1
336,7.8599e+29,2.7648e+29,4.9974e+29,3.0100e+27,6.7600e+27,2.1260e+29,6.3880e+28,2.7711e+29,2.2263e+29,1.5700e+27,1.4400e+27,3.4600e+27,3.3000e+27,7.7816e+08,1.5159e+06,1.3424e+09,1.6306e-06,3.6112e+07,1.1062e+05,6.4919e+05,6.4772e+05,35.2,63.6,0.4,0.9,7.8409e+29,7.6407e+29,1.8950e+28,1.0700e+27,3.3757e+28,0.0000e+00,97.4,2.4,0.1
337,7.9682e+29,2.7659e+29,5.1059e+29,2.8100e+27,6.8300e+27,2.1184e+29,6.4750e+28,2.7940e+29,2.3119e+29,1.6300e+27,1.1800e+27,3.5100e+27,3.3200e+27,7.7456e+08,1.5418e+06,1.4686e+09,1.7090e-06,3.5382e+07,9.2443e+04,6.5061e+05,6.4920e+05,34.7,64.1,0.4,0.9,7.9679e+29,7.7572e+29,1.9980e+28,1.0900e+27,3.3908e+28,0.0000e+00,97.4,2.5,0.1
338,7.9743e+29,2.7192e+29,5.1592e+29,2.8300e+27,6.7600e+27,2.0708e+29,6.4840e+28,2.8647e+29,2.2945e+29,1.5800e+27,1.2500e+27,3.3900e+27,3.3700e+27,7.7012e+08,1.5031e+06,1.4942e+09,1.8103e-06,3.6523e+07,1.0904e+05,6.5198e+05,6.5062e+05,34.1,64.7,0.4,0.8,7.9779e+29,7.7762e+29,1.9250e+28,9.2000e+26,3.3811e+28,0.0000e+00,97.5,2.4,0.1
339,8.2448e+29,2.7616e+29,5.3837e+29,3.1500e+27,6.8000e+27,2.0996e+29,6.6200e+28,3.0146e+29,2.3691e+29,1.7000e+27,1.4500e+27,3.3600e+27,3.4400e+27,7.6637e+08,1.1111e+06,1.4155e+09,1.9358e-06,3.6268e+07,1.0186e+05,6.5329e+05,6.5199e+05,33.5,65.3,0.4,0.8,8.2221e+29,8.0091e+29,2.0510e+28,7.9000e+26,3.4194e+28,0.0000e+00,97.4,2.5,0.1
340,8.1966e+29,2.7010e+29,5.3952e+29,3.3300e+27,6.7100e+27,2.0537e+29,6.4730e+28,3.0456e+29,2.3496e+29,1.8700e+27,1.4600e+27,3.2700e+27,3.4400e+27,7.6137e+08,9.4817e+05,1.9377e+09,2.0907e-06,3.5698e+07,1.2076e+05,6.5453e+05,6.5330e+05,33.0,65.8,0.4,0.8,8.1989e+29,7.9755e+29,2.1530e+28,8.1000e+26,3.3837e+28,0.0000e+00,97.3,2.6,0.1
341,8.4654e+29,2.7486e+29,5.6191e+29,2.9500e+27,6.8200e+27,2.0835e+29,6.6510e+28,3.1660e+29,2.4531e+29,1.6800e+27,1.2700e+27,3.3400e+27,3.4800e+27,7.5943e+08,1.3376e+06,1.3197e+09,2.2747e-06,3.5721e+07,1.1220e+05,6.5572e+05,6.5454e+05,32.5,66.4,0.3,0.8,8.4553e+29,8.2280e+29,2.1910e+28,8.2000e+26,3.4208e+28,0.0000e+00,97.3,2.6,0.1
342,8.6096e+29,2.7053e+29,5.8019e+29,3.5000e+27,6.7400e+27,2.0335e+29,6.7180e+28,3.2571e+29,2.5448e+29,1.8900e+27,1.6100e+27,3.2800e+27,3.4600e+27,7.5606e+08,1.6705e+06,1.5863e+09,2.4963e-06,3.4764e+07,1.3220e+05,6.5684e+05,6.5573e+05,31.4,67.4,0.4,0.8,8.5964e+29,8.3665e+29,2.2300e+28,6.9000e+26,3.4082e+28,0.0000e+00,97.3,2.6,0.1
343,8.6035e+29,2.7534e+29,5.7548e+29,2.7600e+27,6.7700e+27,2.0667e+29,6.8670e+28,3.2070e+29,2.5478e+29,1.4600e+27,1.3000e+27,3.3300e+27,3.4400e+27,7.5123e+08,1.9127e+06,1.6103e+09,2.7574e-06,3.4914e+07,1.0963e+05,6.5791e+05,6.5685e+05,32.0,66.9,0.3,0.8,8.6039e+29,8.3746e+29,2.2220e+28,7.1000e+26,3.4195e+28,0.0000e+00,97.3,2.6,0.1
344,8.6948e+29,2.7279e+29,5.8670e+29,3.1500e+27,6.8400e+27,2.0377e+29,6.9020e+28,3.3160e+29,2.5510e+29,1.8400e+27,1.3100e+27,3.4400e+27,3.4000e+27,7.4671e+08,2.0388e+06,1.4396e+09,3.0659e-06,3.4785e+07,1.2468e+05,6.5891e+05,6.5792e+05,31.4,67.5,0.4,0.8,8.6746e+29,8.4305e+29,2.3760e+28,6.5000e+26,3.4302e+28,0.0000e+00,97.2,2.7,0.1
345,9.0788e+29,2.7341e+29,6.2461e+29,3.0400e+27,6.8200e+27,2.0419e+29,6.9220e+28,3.5230e+29,2.7231e+29,1.6800e+27,1.3600e+27,3.4400e+27,3.3800e+27,7.4324e+08,2.2284e+06,1.4973e+09,3.4292e-06,3.4290e+07,1.2000e+05,6.5985e+05,6.5892e+05,30.1,68.8,0.3,0.8,9.0566e+29,8.8072e+29,2.4050e+28,8.9000e+26,3.4403e+28,0.0000e+00,97.2,2.7,0.1
346,9.0226e+29,2.7006e+29,6.2226e+29,3.2100e+27,6.7300e+27,1.9968e+29,7.0380e+28,3.5586e+29,2.6640e+29,1.7300e+27,1.4800e+27,3.5600e+27,3.1700e+27,7.3932e+08,2.1991e+06,1.6314e+09,3.8554e-06,3.4042e+07,1.4057e+05,6.6073e+05,6.5986e+05,29.9,69.0,0.4,0.7,9.0306e+29,8.7673e+29,2.5710e+28,6.2000e+26,3.4248e+28,0.0000e+00,97.1,2.8,0.1
347,9.2453e+29,2.7162e+29,6.4233e+29,3.7400e+27,6.8400e+27,1.9881e+29,7.2810e+28,3.5802e+29,2.8431e+29,2.0300e+27,1.7100e+27,3.5900e+27,3.2500e+27,7.3463e+08,1.8252e+06,1.3915e+09,4.3503e-06,3.3769e+07,1.4201e+05,6.6154e+05,6.6073e+05,29.4,69.5,0.4,0.7,9.2399e+29,8.9809e+29,2.5010e+28,8.9000e+26,3.4585e+28,0.0000e+00,97.2,2.7,0.1
348,9.2945e+29,2.7067e+29,6.4826e+29,3.7300e+27,6.7900e+27,1.9970e+29,7.0970e+28,3.7234e+29,2.7592e+29,2.1600e+27,1.5700e+27,3.2900e+27,3.5000e+27,7.2833e+08,2.0652e+06,1.6017e+09,4.9325e-06,3.3572e+07,1.6797e+05,6.6229e+05,6.6155e+05,29.1,69.7,0.4,0.7,9.2751e+29,9.0123e+29,2.5510e+28,7.7000e+26,3.4416e+28,0.0000e+00,97.2,2.8,0.1
349,9.4404e+29,2.6994e+29,6.6367e+29,3.6200e+27,6.8100e+27,1.9784e+29,7.2100e+28,3.6734e+29,2.9633e+29,2.1700e+27,1.4500e+27,3.3500e+27,3.4600e+27,7.2279e+08,2.0582e+06,1.5337e+09,5.6053e-06,3.3061e+07,1.7595e+05,6.6298e+05,6.6230e+05,28.6,70.3,0.4,0.7,9.4348e+29,9.1623e+29,2.6470e+28,7.8000e+26,3.4490e+28,0.0000e+00,97.1,2.8,0.1
350,9.3530e+29,2.6714e+29,6.5827e+29,3.1600e+27,6.7300e+27,1.9362e+29,7.3520e+28,3.6334e+29,2.9493e+29,1.7600e+27,1.4000e+27,3.4300e+27,3.3000e+27,7.1862e+08,3.0448e+06,1.4412e+09,6.3866e-06,3.2898e+07,1.4779e+05,6.6360e+05,6.6298e+05,28.6,70.4,0.3,0.7,9.3565e+29,9.0741e+29,2.7610e+28,6.3000e+26,3.4305e+28,0.0000e+00,97.0,3.0,0.1
351,9.5793e+29,2.7114e+29,6.7680e+29,3.1700e+27,6.8200e+27,1.9499e+29,7.6150e+28,3.7398e+29,3.0282e+29,1.6900e+27,1.4800e+27,3.5900e+27,3.2300e+27,7.1500e+08,2.5392e+06,1.5466e+09,7.2846e-06,3.3033e+07,1.4538e+05,6.6415e+05,6.6360e+05,28.3,70.7,0.3,0.7,9.5674e+29,9.2788e+29,2.8240e+28,6.2000e+26,3.4618e+28,0.0000e+00,97.0,3.0,0.1
352,9.6137e+29,2.6438e+29,6.8694e+29,3.3000e+27,6.7500e+27,1.9083e+29,7.3550e+28,3.7778e+29,3.0916e+29,1.8100e+27,1.4900e+27,3.4000e+27,3.3500e+27,7.1118e+08,2.9494e+06,1.5140e+09,8.3282e-06,3.2906e+07,1.4806e+05,6.6464e+05,6.6416e+05,27.5,71.5,0.3,0.7,9.6180e+29,9.3331e+29,2.7990e+28,5.0000e+26,3.4420e+28,0.0000e+00,97.0,2.9,0.1
353,9.6886e+29,2.6658e+29,6.9180e+29,3.6800e+27,6.8000e+27,1.9204e+29,7.4540e+28,3.7693e+29,3.1487e+29,2.0600e+27,1.6200e+27,3.4000e+27,3.4000e+27,7.0436e+08,2.9225e+06,1.5060e+09,9.6493e-06,3.3521e+07,2.0903e+05,6.6507e+05,6.6465e+05,27.5,71.4,0.4,0.7,9.6737e+29,9.3822e+29,2.8690e+28,4.6000e+26,3.4720e+28,0.0000e+00,97.0,3.0,0.0
354,9.7386e+29,2.6441e+29,6.9871e+29,3.9500e+27,6.7900e+27,1.9018e+29,7.4230e+28,3.8917e+29,3.0954e+29,1.9600e+27,1.9900e+27,3.4600e+27,3.3300e+27,6.9860e+08,2.3450e+06,1.4591e+09,1.1045e-05,3.3828e+07,1.7619e+05,6.6543e+05,6.6507e+05,27.2,71.7,0.4,0.7,9.7383e+29,9.4448e+29,2.8540e+28,8.1000e+26,3.4507e+28,0.0000e+00,97.0,2.9,0.1
355,9.8927e+29,2.6742e+29,7.1116e+29,3.8900e+27,6.8000e+27,1.8979e+29,7.7630e+28,3.9515e+29,3.1601e+29,2.3000e+27,1.5900e+27,3.4200e+27,3.3800e+27,6.9174e+08,2.5563e+06,1.5344e+09,1.2630e-05,3.4175e+07,1.9374e+05,6.6573e+05,6.6543e+05,27.0,71.9,0.4,0.7,9.8886e+29,9.5914e+29,2.8870e+28,8.5000e+26,3.4795e+28,0.0000e+00,97.0,2.9,0.1
356,9.9053e+29,2.6699e+29,7.1343e+29,3.3400e+27,6.7700e+27,1.9151e+29,7.5480e+28,3.9174e+29,3.2169e+29,1.8400e+27,1.5000e+27,3.3500e+27,3.4200e+27,6.8632e+08,2.9741e+06,2.0765e+09,1.4445e-05,3.3175e+07,2.2351e+05,6.6596e+05,6.6573e+05,27.0,72.0,0.3,0.7,9.8904e+29,9.5913e+29,2.9240e+28,6.7000e+26,3.4568e+28,0.0000e+00,97.0,3.0,0.1
357,1.0032e+30,2.6403e+29,7.2859e+29,3.8300e+27,6.7800e+27,1.8884e+29,7.5190e+28,4.0472e+29,3.2387e+29,2.0600e+27,1.7700e+27,3.3200e+27,3.4600e+27,6.8083e+08,2.8116e+06,1.5605e+09,1.6489e-05,3.4002e+07,1.5091e+05,6.6612e+05,6.6596e+05,26.3,72.6,0.4,0.7,1.0030e+30,9.7341e+29,2.9100e+28,5.4000e+26,3.4589e+28,0.0000e+00,97.0,2.9,0.1
358,1.0047e+30,2.6109e+29,7.3312e+29,3.6800e+27,6.7900e+27,1.8504e+29,7.6050e+28,4.0333e+29,3.2979e+29,2.1300e+27,1.5500e+27,3.4300e+27,3.3600e+27,6.7591e+08,2.5106e+06,1.9850e+09,1.8792e-05,3.4316e+07,1.6594e+05,6.6622e+05,6.6612e+05,26.0,73.0,0.4,0.7,1.0037e+30,9.7265e+29,3.0370e+28,6.4000e+26,3.4602e+28,0.0000e+00,96.9,3.0,0.1
359,1.0088e+30,2.6418e+29,7.3422e+29,3.6600e+27,6.7500e+27,1.8600e+29,7.8180e+28,4.0485e+29,3.2937e+29,1.9500e+27,1.7100e+27,3.3700e+27,3.3800e+27,6.7086e+08,2.4829e+06,1.6406e+09,2.1377e-05,3.3993e+07,1.6370e+05,6.6625e+05,6.6622e+05,26.2,72.8,0.4,0.7,1.0093e+30,9.7867e+29,2.9950e+28,7.1000e+26,3.4609e+28,0.0000e+00,97.0,3.0,0.1
