TAA_Bin,Gen_Total,Gen_PSD,Gen_TD,Gen_SWS,Gen_MMV,Gen_PSD_Dawn,Gen_PSD_Dusk,Gen_TD_Dawn,Gen_TD_Dusk,Gen_SWS_Dawn,Gen_SWS_Dusk,Gen_MMV_Dawn,Gen_MMV_Dusk,Gen_PSD_Dawn_Terminator,Gen_TD_Dawn_Terminator,Max_Flux_PSD,Min_Flux_PSD,Max_Flux_TD,Min_Flux_TD,Max_Flux_SWS,Min_Flux_SWS,Max_Flux_MMV,Min_Flux_MMV,Pct_PSD,Pct_TD,Pct_SWS,Pct_MMV,Loss_Total,Loss_Stuck,Loss_Ionized,Loss_Escaped,Supply_Internal,Trans_Inward,Pct_Stuck,Pct_Ionized,Pct_Escaped
0,9.1881e+29,1.8315e+29,7.2792e+29,9.5000e+26,6.7900e+27,1.2734e+29,5.5810e+28,3.8924e+29,3.3868e+29,5.2000e+26,4.3000e+26,3.5500e+27,3.2400e+27,6.1380e+28,6.4200e+27,4.8462e+08,2.2727e+06,1.8219e+09,1.6837e-05,6.9818e+06,2.9976e+04,6.6625e+05,6.6622e+05,19.9,79.2,0.1,0.7,9.1874e+29,8.9645e+29,2.2030e+28,2.6000e+26,2.4894e+28,0.0000e+00,97.6,2.4,0.0
1,9.1580e+29,1.8220e+29,7.2605e+29,7.7000e+26,6.7800e+27,1.2663e+29,5.5570e+28,3.8713e+29,3.3892e+29,4.6000e+26,3.1000e+26,3.2300e+27,3.5500e+27,6.0590e+28,6.1300e+27,4.8094e+08,2.4575e+06,1.9184e+09,1.4623e-05,6.8718e+06,3.8533e+04,6.6622e+05,6.6612e+05,19.9,79.3,0.1,0.7,9.1577e+29,8.9241e+29,2.3040e+28,3.2000e+26,2.4887e+28,0.0000e+00,97.4,2.5,0.0
2,9.2577e+29,1.8192e+29,7.3642e+29,6.4000e+26,6.7900e+27,1.2394e+29,5.7980e+28,3.8991e+29,3.4651e+29,2.9000e+26,3.5000e+26,3.3500e+27,3.4400e+27,5.8330e+28,5.7600e+27,4.7805e+08,2.8911e+06,1.5071e+09,1.2673e-05,6.8681e+06,3.5278e+04,6.6611e+05,6.6595e+05,19.7,79.5,0.1,0.7,9.2413e+29,9.0104e+29,2.2780e+28,3.1000e+26,2.4871e+28,0.0000e+00,97.5,2.5,0.0
3,9.2312e+29,1.8072e+29,7.3484e+29,7.5000e+26,6.8100e+27,1.2384e+29,5.6880e+28,3.8927e+29,3.4557e+29,4.3000e+26,3.2000e+26,3.6100e+27,3.2000e+27,5.7780e+28,5.4500e+27,4.7394e+08,2.6098e+06,2.0519e+09,1.1040e-05,6.9484e+06,3.3178e+04,6.6595e+05,6.6572e+05,19.6,79.6,0.1,0.7,9.2406e+29,9.0182e+29,2.2030e+28,2.1000e+26,2.5031e+28,0.0000e+00,97.6,2.4,0.0
4,9.3008e+29,1.8000e+29,7.4242e+29,8.8000e+26,6.7800e+27,1.2289e+29,5.7110e+28,3.9058e+29,3.5184e+29,4.9000e+26,3.9000e+26,3.2200e+27,3.5600e+27,5.8130e+28,5.2700e+27,4.7011e+08,2.3565e+06,1.7880e+09,9.5397e-06,7.1581e+06,4.5996e+04,6.6572e+05,6.6543e+05,19.4,79.8,0.1,0.7,9.2957e+29,9.0716e+29,2.2130e+28,2.8000e+26,2.4818e+28,0.0000e+00,97.6,2.4,0.0
5,9.3736e+29,1.7916e+29,7.5077e+29,6.5000e+26,6.7800e+27,1.2258e+29,5.6580e+28,3.9913e+29,3.5164e+29,3.1000e+26,3.4000e+26,3.5100e+27,3.2700e+27,5.7450e+28,5.1200e+27,4.6728e+08,2.4039e+06,1.6603e+09,8.2379e-06,7.0750e+06,5.0616e+04,6.6542e+05,6.6507e+05,19.1,80.1,0.1,0.7,9.3692e+29,9.1425e+29,2.2390e+28,2.8000e+26,2.4779e+28,0.0000e+00,97.6,2.4,0.0
6,9.4192e+29,1.8211e+29,7.5239e+29,6.1000e+26,6.8100e+27,1.2297e+29,5.9140e+28,3.9171e+29,3.6068e+29,2.9000e+26,3.2000e+26,3.3800e+27,3.4300e+27,5.7000e+28,4.6800e+27,4.6454e+08,2.5623e+06,1.7137e+09,7.1046e-06,7.1933e+06,4.3239e+04,6.6506e+05,6.6464e+05,19.3,79.9,0.1,0.7,9.4225e+29,9.1974e+29,2.2250e+28,2.6000e+26,2.4915e+28,0.0000e+00,97.6,2.4,0.0
7,9.2726e+29,1.7804e+29,7.4154e+29,9.3000e+26,6.7500e+27,1.2011e+29,5.7930e+28,3.9034e+29,3.5120e+29,5.2000e+26,4.1000e+26,3.2800e+27,3.4700e+27,5.4200e+28,5.1100e+27,4.6092e+08,3.1113e+06,1.8477e+09,6.1359e-06,7.2054e+06,4.1351e+04,6.6464e+05,6.6415e+05,19.2,80.0,0.1,0.7,9.2831e+29,9.0550e+29,2.2540e+28,2.7000e+26,2.4680e+28,0.0000e+00,97.5,2.4,0.0
8,9.3044e+29,1.7926e+29,7.4361e+29,7.6000e+26,6.8100e+27,1.2072e+29,5.8540e+28,3.9416e+29,3.4945e+29,4.3000e+26,3.3000e+26,3.2400e+27,3.5700e+27,5.4040e+28,5.1800e+27,4.5680e+08,2.9193e+06,1.7866e+09,5.2984e-06,7.1691e+06,4.0755e+04,6.6415e+05,6.6359e+05,19.3,79.9,0.1,0.7,9.3076e+29,9.0734e+29,2.3030e+28,3.9000e+26,2.4800e+28,0.0000e+00,97.5,2.5,0.0
9,9.2938e+29,1.7770e+29,7.4401e+29,8.7000e+26,6.8000e+27,1.1959e+29,5.8110e+28,3.9832e+29,3.4569e+29,5.2000e+26,3.5000e+26,3.4400e+27,3.3600e+27,5.3260e+28,4.9200e+27,4.5266e+08,2.5150e+06,1.7633e+09,4.6182e-06,7.1278e+06,5.2349e+04,6.6359e+05,6.6297e+05,19.1,80.1,0.1,0.7,9.2803e+29,9.0586e+29,2.1800e+28,3.7000e+26,2.4731e+28,0.0000e+00,97.6,2.3,0.0
10,9.1815e+29,1.7524e+29,7.3544e+29,6.4000e+26,6.8300e+27,1.1717e+29,5.8070e+28,3.8878e+29,3.4666e+29,3.7000e+26,2.7000e+26,3.3000e+27,3.5300e+27,5.3870e+28,5.1500e+27,4.4886e+08,1.9724e+06,1.8598e+09,4.0026e-06,6.8600e+06,4.6752e+04,6.6297e+05,6.6229e+05,19.1,80.1,0.1,0.7,9.1981e+29,8.9769e+29,2.1780e+28,3.4000e+26,2.4655e+28,0.0000e+00,97.6,2.4,0.0
11,9.0573e+29,1.7550e+29,7.2261e+29,8.4000e+26,6.7800e+27,1.1582e+29,5.9680e+28,3.7625e+29,3.4636e+29,4.6000e+26,3.8000e+26,3.3700e+27,3.4100e+27,5.1550e+28,5.0900e+27,4.4476e+08,2.5115e+06,1.8508e+09,3.4788e-06,6.7976e+06,4.7197e+04,6.6228e+05,6.6154e+05,19.4,79.8,0.1,0.7,9.0643e+29,8.8493e+29,2.1110e+28,3.9000e+26,2.4572e+28,0.0000e+00,97.6,2.3,0.0
12,8.9886e+29,1.7375e+29,7.1758e+29,8.1000e+26,6.7200e+27,1.1586e+29,5.7890e+28,3.7738e+29,3.4020e+29,5.3000e+26,2.8000e+26,3.5300e+27,3.1900e+27,5.1250e+28,4.3600e+27,4.4093e+08,3.2721e+06,1.8646e+09,3.0343e-06,6.6370e+06,4.5768e+04,6.6153e+05,6.6073e+05,19.3,79.8,0.1,0.7,8.9815e+29,8.7582e+29,2.1950e+28,3.8000e+26,2.4481e+28,0.0000e+00,97.5,2.4,0.0
13,8.9715e+29,1.7319e+29,7.1615e+29,1.0600e+27,6.7500e+27,1.1442e+29,5.8770e+28,3.7345e+29,3.4270e+29,6.4000e+26,4.2000e+26,3.4000e+27,3.3500e+27,5.0250e+28,4.3600e+27,4.3725e+08,2.4579e+06,1.6405e+09,2.6576e-06,6.5418e+06,4.5117e+04,6.6072e+05,6.5985e+05,19.3,79.8,0.1,0.8,8.9729e+29,8.7547e+29,2.1240e+28,5.8000e+26,2.4383e+28,0.0000e+00,97.6,2.4,0.1
14,8.9860e+29,1.7441e+29,7.1654e+29,8.0000e+26,6.8500e+27,1.1416e+29,6.0250e+28,3.7188e+29,3.4466e+29,4.6000e+26,3.4000e+26,3.4300e+27,3.4200e+27,4.9900e+28,4.1500e+27,4.3540e+08,2.3589e+06,1.6393e+09,2.3371e-06,6.4957e+06,4.7469e+04,6.5985e+05,6.5891e+05,19.4,79.7,0.1,0.8,8.9800e+29,8.7579e+29,2.1620e+28,5.9000e+26,2.4456e+28,0.0000e+00,97.5,2.4,0.1
15,8.8080e+29,1.7112e+29,7.0211e+29,8.4000e+26,6.7300e+27,1.1244e+29,5.8680e+28,3.6457e+29,3.3754e+29,5.2000e+26,3.2000e+26,3.3200e+27,3.4100e+27,4.8950e+28,4.2100e+27,4.3165e+08,1.9358e+06,1.7151e+09,2.0671e-06,6.5816e+06,4.4378e+04,6.5891e+05,6.5791e+05,19.4,79.7,0.1,0.8,8.8236e+29,8.6088e+29,2.0950e+28,5.3000e+26,2.4343e+28,0.0000e+00,97.6,2.4,0.1
16,8.7606e+29,1.7123e+29,6.9735e+29,7.3000e+26,6.7500e+27,1.1209e+29,5.9140e+28,3.5567e+29,3.4168e+29,4.4000e+26,2.9000e+26,3.4500e+27,3.3000e+27,4.9060e+28,4.0900e+27,4.2823e+08,2.4356e+06,2.0471e+09,1.8402e-06,6.4682e+06,4.8295e+04,6.5790e+05,6.5685e+05,19.5,79.6,0.1,0.8,8.7590e+29,8.5484e+29,2.0360e+28,7.0000e+26,2.4223e+28,0.0000e+00,97.6,2.3,0.1
17,8.6598e+29,1.7001e+29,6.8850e+29,6.9000e+26,6.7800e+27,1.1057e+29,5.9440e+28,3.4957e+29,3.3893e+29,4.1000e+26,2.8000e+26,3.5000e+27,3.2800e+27,4.7720e+28,3.6900e+27,4.2484e+08,2.2508e+06,1.6919e+09,1.6500e-06,6.3186e+06,4.7573e+04,6.5684e+05,6.5572e+05,19.6,79.5,0.1,0.8,8.6737e+29,8.4659e+29,2.0110e+28,6.7000e+26,2.4097e+28,0.0000e+00,97.6,2.3,0.1
18,8.4977e+29,1.6695e+29,6.7520e+29,7.5000e+26,6.8700e+27,1.0910e+29,5.7850e+28,3.4810e+29,3.2710e+29,4.1000e+26,3.4000e+26,3.3800e+27,3.4900e+27,4.7080e+28,3.6500e+27,4.2028e+08,2.2384e+06,1.5964e+09,1.5020e-06,6.2898e+06,4.8446e+04,6.5572e+05,6.5454e+05,19.6,79.5,0.1,0.8,8.5062e+29,8.2994e+29,1.9830e+28,8.5000e+26,2.4138e+28,0.0000e+00,97.6,2.3,0.1
19,8.4950e+29,1.6986e+29,6.7214e+29,6.8000e+26,6.8200e+27,1.1136e+29,5.8500e+28,3.4841e+29,3.2373e+29,4.4000e+26,2.4000e+26,3.3400e+27,3.4800e+27,4.7840e+28,4.1000e+27,4.1749e+08,2.6058e+06,1.4582e+09,1.3794e-06,6.1945e+06,4.0425e+04,6.5453e+05,6.5329e+05,20.0,79.1,0.1,0.8,8.4919e+29,8.2819e+29,1.9990e+28,1.0100e+27,2.3997e+28,0.0000e+00,97.5,2.4,0.1
20,8.4423e+29,1.6790e+29,6.6872e+29,8.0000e+26,6.8100e+27,1.0996e+29,5.7940e+28,3.4766e+29,3.2106e+29,4.7000e+26,3.3000e+26,3.7000e+27,3.1100e+27,4.6670e+28,3.4600e+27,4.1323e+08,2.1650e+06,1.7990e+09,1.2691e-06,6.2619e+06,4.4101e+04,6.5328e+05,6.5198e+05,19.9,79.2,0.1,0.8,8.4567e+29,8.2551e+29,1.9010e+28,1.1500e+27,2.3850e+28,0.0000e+00,97.6,2.2,0.1
21,8.3458e+29,1.6738e+29,6.5966e+29,7.5000e+26,6.7900e+27,1.0761e+29,5.9770e+28,3.4594e+29,3.1372e+29,4.4000e+26,3.1000e+26,3.5600e+27,3.2300e+27,4.5900e+28,3.7200e+27,4.0932e+08,2.0401e+06,1.4586e+09,1.1797e-06,6.1631e+06,4.5655e+04,6.5197e+05,6.5062e+05,20.1,79.0,0.1,0.8,8.3312e+29,8.1300e+29,1.8810e+28,1.3100e+27,2.3697e+28,0.0000e+00,97.6,2.3,0.2
22,8.2739e+29,1.6531e+29,6.5448e+29,7.4000e+26,6.8600e+27,1.0727e+29,5.8040e+28,3.3883e+29,3.1565e+29,3.6000e+26,3.8000e+26,3.2700e+27,3.5900e+27,4.5080e+28,3.9200e+27,4.0637e+08,2.2057e+06,1.6189e+09,1.1169e-06,6.1232e+06,4.3814e+04,6.5061e+05,6.4919e+05,20.0,79.1,0.1,0.8,8.2923e+29,8.0928e+29,1.8420e+28,1.5300e+27,2.3707e+28,0.0000e+00,97.6,2.2,0.2
23,8.1191e+29,1.6614e+29,6.3826e+29,7.8000e+26,6.7300e+27,1.0635e+29,5.9790e+28,3.3052e+29,3.0774e+29,3.2000e+26,4.6000e+26,3.4400e+27,3.2900e+27,4.5130e+28,3.9000e+27,4.0220e+08,2.0555e+06,1.5509e+09,1.0616e-06,6.0308e+06,4.1836e+04,6.4918e+05,6.4771e+05,20.5,78.6,0.1,0.8,8.1214e+29,7.9292e+29,1.7640e+28,1.5800e+27,2.3541e+28,0.0000e+00,97.6,2.2,0.2
24,7.9063e+29,1.6405e+29,6.1923e+29,6.0000e+26,6.7500e+27,1.0577e+29,5.8280e+28,3.1794e+29,3.0129e+29,2.3000e+26,3.7000e+26,3.2600e+27,3.4900e+27,4.4570e+28,3.5100e+27,3.9881e+08,1.8106e+06,1.4397e+09,1.0218e-06,5.9231e+06,4.5168e+04,6.4770e+05,6.4618e+05,20.7,78.3,0.1,0.9,7.9299e+29,7.7403e+29,1.7150e+28,1.8100e+27,2.3369e+28,0.0000e+00,97.6,2.2,0.2
25,7.7342e+29,1.6491e+29,6.0105e+29,7.1000e+26,6.7500e+27,1.0616e+29,5.8750e+28,3.0395e+29,2.9710e+29,3.3000e+26,3.8000e+26,3.3800e+27,3.3700e+27,4.5180e+28,3.3100e+27,3.9564e+08,2.3098e+06,1.4996e+09,9.9590e-07,6.0092e+06,3.9393e+04,6.4616e+05,6.4457e+05,21.3,77.7,0.1,0.9,7.7275e+29,7.5433e+29,1.6520e+28,1.9000e+27,2.3357e+28,0.0000e+00,97.6,2.1,0.2
26,7.4831e+29,1.6055e+29,5.8023e+29,7.0000e+26,6.8300e+27,1.0229e+29,5.8260e+28,2.9429e+29,2.8594e+29,3.7000e+26,3.3000e+26,3.2500e+27,3.5800e+27,4.3530e+28,3.3400e+27,3.9297e+08,1.8608e+06,1.6178e+09,9.8403e-07,5.9752e+06,3.9158e+04,6.4456e+05,6.4292e+05,21.5,77.5,0.1,0.9,7.4974e+29,7.3054e+29,1.6950e+28,2.2500e+27,2.3172e+28,0.0000e+00,97.4,2.3,0.3
27,7.4010e+29,1.6012e+29,5.7250e+29,6.8000e+26,6.8000e+27,1.0224e+29,5.7880e+28,2.9231e+29,2.8019e+29,3.7000e+26,3.1000e+26,3.3600e+27,3.4400e+27,4.3130e+28,3.8500e+27,3.8984e+08,2.3309e+06,1.5223e+09,9.8307e-07,5.8144e+06,3.0682e+04,6.4291e+05,6.4121e+05,21.6,77.4,0.1,0.9,7.4063e+29,7.2306e+29,1.5320e+28,2.2500e+27,2.3144e+28,0.0000e+00,97.6,2.1,0.3
28,7.3021e+29,1.5877e+29,5.6390e+29,6.8000e+26,6.8600e+27,1.0054e+29,5.8230e+28,2.8240e+29,2.8150e+29,4.1000e+26,2.7000e+26,3.3000e+27,3.5600e+27,4.3390e+28,3.5100e+27,3.8637e+08,2.3203e+06,2.1703e+09,9.8606e-07,5.9051e+06,3.2744e+04,6.4120e+05,6.3944e+05,21.7,77.2,0.1,0.9,7.3078e+29,7.1235e+29,1.5950e+28,2.4800e+27,2.2947e+28,0.0000e+00,97.5,2.2,0.3
29,7.1955e+29,1.5867e+29,5.5335e+29,7.1000e+26,6.8200e+27,1.0089e+29,5.7780e+28,2.8433e+29,2.6902e+29,3.7000e+26,3.4000e+26,3.3200e+27,3.5000e+27,4.2650e+28,3.1500e+27,3.8342e+08,2.3663e+06,1.4222e+09,1.0026e-06,5.9965e+06,3.4335e+04,6.3943e+05,6.3763e+05,22.1,76.9,0.1,0.9,7.2009e+29,7.0257e+29,1.4720e+28,2.8000e+27,2.2746e+28,0.0000e+00,97.6,2.0,0.4
30,6.9827e+29,1.5689e+29,5.3379e+29,7.5000e+26,6.8400e+27,9.9260e+28,5.7630e+28,2.7254e+29,2.6125e+29,5.1000e+26,2.4000e+26,3.5200e+27,3.3200e+27,4.2650e+28,3.2900e+27,3.8093e+08,1.4721e+06,1.4153e+09,1.0344e-06,5.7561e+06,3.2453e+04,6.3761e+05,6.3575e+05,22.5,76.4,0.1,1.0,6.9880e+29,6.8233e+29,1.3720e+28,2.7500e+27,2.2698e+28,0.0000e+00,97.6,2.0,0.4
31,6.7365e+29,1.5459e+29,5.1169e+29,6.4000e+26,6.7300e+27,9.8030e+28,5.6560e+28,2.6283e+29,2.4886e+29,3.6000e+26,2.8000e+26,3.1500e+27,3.5800e+27,4.3040e+28,3.2600e+27,3.7672e+08,2.2279e+06,1.4443e+09,1.0837e-06,5.5410e+06,3.2831e+04,6.3574e+05,6.3383e+05,22.9,76.0,0.1,1.0,6.7538e+29,6.5836e+29,1.4020e+28,3.0000e+27,2.2485e+28,0.0000e+00,97.5,2.1,0.4
32,6.5585e+29,1.5430e+29,4.9390e+29,8.7000e+26,6.7800e+27,9.7560e+28,5.6740e+28,2.5310e+29,2.4080e+29,5.2000e+26,3.5000e+26,3.4400e+27,3.3400e+27,4.2270e+28,3.8300e+27,3.7257e+08,2.0316e+06,1.9583e+09,1.1526e-06,5.3068e+06,2.8690e+04,6.3382e+05,6.3185e+05,23.5,75.3,0.1,1.0,6.5582e+29,6.3901e+29,1.3560e+28,3.2500e+27,2.2423e+28,0.0000e+00,97.4,2.1,0.5
33,6.4665e+29,1.5195e+29,4.8728e+29,6.7000e+26,6.7500e+27,9.6250e+28,5.5700e+28,2.5013e+29,2.3715e+29,3.3000e+26,3.4000e+26,3.6000e+27,3.1500e+27,4.2050e+28,3.2500e+27,3.6977e+08,2.0634e+06,1.4628e+09,1.2453e-06,5.1676e+06,3.1085e+04,6.3184e+05,6.2983e+05,23.5,75.4,0.1,1.0,6.4781e+29,6.3113e+29,1.3180e+28,3.5000e+27,2.2200e+28,0.0000e+00,97.4,2.0,0.5
34,6.2350e+29,1.5049e+29,4.6548e+29,6.5000e+26,6.8800e+27,9.3560e+28,5.6930e+28,2.3345e+29,2.3203e+29,3.6000e+26,2.9000e+26,3.5400e+27,3.3400e+27,4.1660e+28,3.1100e+27,3.6647e+08,1.9483e+06,1.2765e+09,1.3765e-06,5.1024e+06,2.2718e+04,6.2981e+05,6.2775e+05,24.1,74.7,0.1,1.1,6.2357e+29,6.0811e+29,1.1970e+28,3.4900e+27,2.2125e+28,0.0000e+00,97.5,1.9,0.6
35,6.0767e+29,1.5122e+29,4.4900e+29,6.0000e+26,6.8500e+27,9.6070e+28,5.5150e+28,2.2726e+29,2.2174e+29,3.3000e+26,2.7000e+26,3.4200e+27,3.4300e+27,4.2730e+28,3.2000e+27,3.6273e+08,1.8262e+06,1.4737e+09,1.5337e-06,5.0250e+06,2.1292e+04,6.2773e+05,6.2563e+05,24.9,73.9,0.1,1.1,6.0852e+29,5.9312e+29,1.1580e+28,3.8200e+27,2.1892e+28,0.0000e+00,97.5,1.9,0.6
36,5.8998e+29,1.4967e+29,4.3294e+29,5.6000e+26,6.8100e+27,9.5810e+28,5.3860e+28,2.2025e+29,2.1269e+29,3.5000e+26,2.1000e+26,3.2700e+27,3.5400e+27,4.3080e+28,3.3500e+27,3.6023e+08,1.8369e+06,1.4766e+09,1.7343e-06,4.9569e+06,2.3377e+04,6.2561e+05,6.2345e+05,25.4,73.4,0.1,1.2,5.9105e+29,5.7560e+29,1.1670e+28,3.7800e+27,2.1804e+28,0.0000e+00,97.4,2.0,0.6
37,5.6925e+29,1.4742e+29,4.1437e+29,6.7000e+26,6.7900e+27,9.4170e+28,5.3250e+28,2.1218e+29,2.0219e+29,3.1000e+26,3.6000e+26,3.5000e+27,3.2900e+27,4.2750e+28,3.1700e+27,3.5657e+08,1.8530e+06,1.4382e+09,2.0067e-06,4.8111e+06,2.7632e+04,6.2343e+05,6.2123e+05,25.9,72.8,0.1,1.2,5.6891e+29,5.5425e+29,1.0550e+28,4.1100e+27,2.1562e+28,0.0000e+00,97.4,1.9,0.7
38,5.6145e+29,1.4543e+29,4.0854e+29,6.3000e+26,6.8500e+27,9.1740e+28,5.3690e+28,2.1076e+29,1.9778e+29,3.2000e+26,3.1000e+26,3.5400e+27,3.3100e+27,4.2220e+28,3.5400e+27,3.5387e+08,1.5633e+06,1.4975e+09,2.3546e-06,4.7448e+06,3.0667e+04,6.2121e+05,6.1896e+05,25.9,72.8,0.1,1.2,5.6335e+29,5.4824e+29,1.0810e+28,4.3000e+27,2.1463e+28,0.0000e+00,97.3,1.9,0.8
39,5.5461e+29,1.4470e+29,4.0258e+29,4.9000e+26,6.8400e+27,9.1790e+28,5.2910e+28,2.0697e+29,1.9561e+29,3.1000e+26,1.8000e+26,3.4700e+27,3.3700e+27,4.2420e+28,3.2200e+27,3.5109e+08,1.7311e+06,1.1897e+09,2.7825e-06,4.6153e+06,3.0538e+04,6.1895e+05,6.1665e+05,26.1,72.6,0.1,1.2,5.5497e+29,5.4112e+29,9.9600e+27,3.8900e+27,2.1213e+28,0.0000e+00,97.5,1.8,0.7
40,5.3896e+29,1.4216e+29,3.8951e+29,5.7000e+26,6.7200e+27,9.0200e+28,5.1960e+28,1.9762e+29,1.9189e+29,3.2000e+26,2.5000e+26,3.3600e+27,3.3600e+27,4.3080e+28,3.3600e+27,3.4819e+08,1.5146e+06,1.2686e+09,3.3562e-06,4.6033e+06,2.5053e+04,6.1664e+05,6.1430e+05,26.4,72.3,0.1,1.2,5.3897e+29,5.2495e+29,9.9600e+27,4.0600e+27,2.1102e+28,0.0000e+00,97.4,1.8,0.8
41,5.3828e+29,1.4247e+29,3.8835e+29,5.7000e+26,6.8900e+27,9.1730e+28,5.0740e+28,2.0103e+29,1.8732e+29,2.9000e+26,2.8000e+26,3.6400e+27,3.2500e+27,4.3340e+28,3.4000e+27,3.4648e+08,1.9104e+06,1.2661e+09,4.1036e-06,4.5188e+06,2.6418e+04,6.1428e+05,6.1189e+05,26.5,72.1,0.1,1.3,5.3820e+29,5.2426e+29,9.6500e+27,4.2900e+27,2.0985e+28,0.0000e+00,97.4,1.8,0.8
42,5.2838e+29,1.3953e+29,3.8146e+29,6.3000e+26,6.7600e+27,8.9180e+28,5.0350e+28,1.9813e+29,1.8333e+29,3.2000e+26,3.1000e+26,3.3600e+27,3.4000e+27,4.2330e+28,3.4600e+27,3.4395e+08,1.8634e+06,1.2291e+09,5.0831e-06,4.3101e+06,2.9940e+04,6.1187e+05,6.0945e+05,26.4,72.2,0.1,1.3,5.2880e+29,5.1516e+29,9.5400e+27,4.1000e+27,2.0722e+28,0.0000e+00,97.4,1.8,0.8
43,5.1427e+29,1.4104e+29,3.6572e+29,6.2000e+26,6.8900e+27,9.0480e+28,5.0560e+28,1.9154e+29,1.7418e+29,3.5000e+26,2.7000e+26,3.4900e+27,3.4000e+27,4.3330e+28,3.3000e+27,3.4191e+08,1.4540e+06,1.2556e+09,6.3194e-06,4.2560e+06,2.4068e+04,6.0943e+05,6.0696e+05,27.4,71.1,0.1,1.3,5.1496e+29,5.0140e+29,9.0500e+27,4.5100e+27,2.0595e+28,0.0000e+00,97.4,1.8,0.9
44,5.0600e+29,1.3838e+29,3.6005e+29,5.3000e+26,7.0400e+27,8.9350e+28,4.9030e+28,1.8186e+29,1.7819e+29,3.1000e+26,2.2000e+26,3.6500e+27,3.3900e+27,4.3680e+28,3.3600e+27,3.3949e+08,1.1496e+06,1.3528e+09,4.8213e-06,4.3129e+06,2.6831e+04,6.0695e+05,6.0445e+05,27.3,71.2,0.1,1.4,5.0613e+29,4.9260e+29,9.0300e+27,4.5000e+27,2.0327e+28,0.0000e+00,97.3,1.8,0.9
45,5.0491e+29,1.3743e+29,3.6013e+29,5.0000e+26,6.8500e+27,8.7670e+28,4.9760e+28,1.9032e+29,1.6981e+29,2.0000e+26,3.0000e+26,3.4100e+27,3.4400e+27,4.3630e+28,3.1600e+27,3.3722e+08,1.2031e+06,1.3493e+09,3.4717e-06,4.2710e+06,2.8137e+04,6.0443e+05,6.0189e+05,27.2,71.3,0.1,1.4,5.0549e+29,4.9175e+29,9.2400e+27,4.5000e+27,2.0190e+28,0.0000e+00,97.3,1.8,0.9
46,4.9565e+29,1.3650e+29,3.5172e+29,5.4000e+26,6.8900e+27,8.8300e+28,4.8200e+28,1.8492e+29,1.6680e+29,2.6000e+26,2.8000e+26,3.3400e+27,3.5500e+27,4.3680e+28,3.3700e+27,3.3435e+08,1.6394e+06,1.3101e+09,2.3795e-06,4.1543e+06,2.7610e+04,6.0187e+05,5.9928e+05,27.5,71.0,0.1,1.4,4.9522e+29,4.8188e+29,8.8500e+27,4.4900e+27,2.0048e+28,0.0000e+00,97.3,1.8,0.9
47,5.0536e+29,1.3776e+29,3.6025e+29,5.5000e+26,6.8000e+27,8.8710e+28,4.9050e+28,1.8919e+29,1.7106e+29,2.4000e+26,3.1000e+26,3.3900e+27,3.4100e+27,4.4470e+28,3.3700e+27,3.3180e+08,1.7108e+06,1.1878e+09,1.5744e-06,4.0913e+06,2.4720e+04,5.9926e+05,5.9664e+05,27.3,71.3,0.1,1.3,5.0613e+29,4.9228e+29,9.0200e+27,4.8300e+27,1.9900e+28,0.0000e+00,97.3,1.8,1.0
48,4.7864e+29,1.3458e+29,3.3680e+29,4.8000e+26,6.7800e+27,8.7670e+28,4.6910e+28,1.8460e+29,1.5220e+29,2.6000e+26,2.2000e+26,3.5100e+27,3.2700e+27,4.4760e+28,3.3600e+27,3.2921e+08,1.4749e+06,1.1635e+09,1.0045e-06,3.9941e+06,2.8451e+04,5.9662e+05,5.9397e+05,28.1,70.4,0.1,1.4,4.7890e+29,4.6621e+29,7.9600e+27,4.7300e+27,1.9619e+28,0.0000e+00,97.4,1.7,1.0
49,4.7535e+29,1.3495e+29,3.3303e+29,4.9000e+26,6.8800e+27,8.8970e+28,4.5980e+28,1.7870e+29,1.5433e+29,2.8000e+26,2.1000e+26,3.2300e+27,3.6500e+27,4.4820e+28,3.4900e+27,3.2721e+08,1.5674e+06,1.4082e+09,6.1344e-07,4.0803e+06,2.1876e+04,5.9395e+05,5.9125e+05,28.4,70.1,0.1,1.4,4.7620e+29,4.6382e+29,7.7400e+27,4.6400e+27,1.9463e+28,0.0000e+00,97.4,1.6,1.0
50,4.5889e+29,1.3560e+29,3.1601e+29,4.8000e+26,6.8000e+27,8.8470e+28,4.7130e+28,1.6516e+29,1.5085e+29,2.3000e+26,2.5000e+26,3.4100e+27,3.3900e+27,4.5220e+28,3.2100e+27,3.2489e+08,1.5594e+06,1.0964e+09,3.5652e-07,4.0118e+06,1.8698e+04,5.9123e+05,5.8850e+05,29.5,68.9,0.1,1.5,4.5843e+29,4.4585e+29,7.5100e+27,5.0700e+27,1.9302e+28,0.0000e+00,97.3,1.6,1.1
51,4.5080e+29,1.3180e+29,3.1162e+29,5.1000e+26,6.8700e+27,8.6560e+28,4.5240e+28,1.6278e+29,1.4884e+29,2.2000e+26,2.9000e+26,3.5700e+27,3.3000e+27,4.4620e+28,3.0600e+27,3.2324e+08,1.2767e+06,1.1336e+09,1.9657e-07,3.9364e+06,2.1777e+04,5.8849e+05,5.8574e+05,29.2,69.1,0.1,1.5,4.5177e+29,4.3919e+29,7.8300e+27,4.7500e+27,1.9015e+28,0.0000e+00,97.2,1.7,1.1
52,4.4652e+29,1.3210e+29,3.0723e+29,3.7000e+26,6.8200e+27,8.7190e+28,4.4910e+28,1.6610e+29,1.4113e+29,2.4000e+26,1.3000e+26,3.4300e+27,3.3900e+27,4.4910e+28,3.3600e+27,3.2122e+08,1.0886e+06,1.3270e+09,1.0114e-07,3.7542e+06,1.8392e+04,5.8572e+05,5.8291e+05,29.6,68.8,0.1,1.5,4.4669e+29,4.3434e+29,7.4800e+27,4.8700e+27,1.8968e+28,0.0000e+00,97.2,1.7,1.1
53,4.3980e+29,1.3193e+29,3.0050e+29,4.8000e+26,6.8900e+27,8.7630e+28,4.4300e+28,1.6509e+29,1.3541e+29,2.1000e+26,2.7000e+26,3.3300e+27,3.5600e+27,4.6000e+28,3.8200e+27,3.1947e+08,1.1307e+06,1.0262e+09,4.8433e-08,3.8186e+06,1.6317e+04,5.8290e+05,5.8008e+05,30.0,68.3,0.1,1.6,4.4041e+29,4.2806e+29,7.5000e+27,4.8500e+27,1.8675e+28,0.0000e+00,97.2,1.7,1.1
54,4.3927e+29,1.3319e+29,2.9886e+29,4.2000e+26,6.8000e+27,8.9120e+28,4.4070e+28,1.6386e+29,1.3500e+29,2.5000e+26,1.7000e+26,3.3600e+27,3.4400e+27,4.6930e+28,3.7300e+27,3.1783e+08,1.1342e+06,1.0495e+09,2.1198e-08,3.8324e+06,2.5445e+04,5.8006e+05,5.7720e+05,30.3,68.0,0.1,1.5,4.3853e+29,4.2642e+29,7.1200e+27,4.9900e+27,1.8500e+28,0.0000e+00,97.2,1.6,1.1
55,4.2455e+29,1.2822e+29,2.8898e+29,5.8000e+26,6.7700e+27,8.7200e+28,4.1020e+28,1.5785e+29,1.3113e+29,3.3000e+26,2.5000e+26,3.1800e+27,3.5900e+27,4.6990e+28,3.8800e+27,3.1561e+08,1.6341e+06,1.2135e+09,8.3749e-09,3.6864e+06,2.6806e+04,5.7719e+05,5.7432e+05,30.2,68.1,0.1,1.6,4.2534e+29,4.1375e+29,6.9800e+27,4.6100e+27,1.8206e+28,0.0000e+00,97.3,1.6,1.1
56,4.2744e+29,1.3124e+29,2.8879e+29,4.6000e+26,6.9500e+27,8.8170e+28,4.3070e+28,1.6366e+29,1.2513e+29,2.4000e+26,2.2000e+26,3.4300e+27,3.5200e+27,4.6920e+28,4.4200e+27,3.1320e+08,1.5255e+06,1.1585e+09,2.8783e-09,3.4462e+06,2.6971e+04,5.7430e+05,5.7139e+05,30.7,67.6,0.1,1.6,4.2720e+29,4.1564e+29,6.7800e+27,4.7800e+27,1.8139e+28,0.0000e+00,97.3,1.6,1.1
57,4.3093e+29,1.2967e+29,2.9395e+29,4.3000e+26,6.8800e+27,8.8830e+28,4.0840e+28,1.6272e+29,1.3123e+29,2.0000e+26,2.3000e+26,3.3400e+27,3.5400e+27,4.7110e+28,4.1800e+27,3.1107e+08,1.3945e+06,1.1596e+09,8.4197e-10,3.3529e+06,2.3768e+04,5.7137e+05,5.6845e+05,30.1,68.2,0.1,1.6,4.3133e+29,4.1958e+29,6.8700e+27,4.8800e+27,1.7842e+28,0.0000e+00,97.3,1.6,1.1
58,4.2833e+29,1.3255e+29,2.8832e+29,5.1000e+26,6.9500e+27,8.9730e+28,4.2820e+28,1.5268e+29,1.3564e+29,2.2000e+26,2.9000e+26,3.5400e+27,3.4100e+27,4.6150e+28,3.8000e+27,3.0984e+08,1.3024e+06,1.5072e+09,1.9598e-10,3.2737e+06,1.5040e+04,5.6843e+05,5.6546e+05,30.9,67.3,0.1,1.6,4.2837e+29,4.1611e+29,7.3300e+27,4.9300e+27,1.7764e+28,0.0000e+00,97.1,1.7,1.2
59,4.2145e+29,1.3011e+29,2.8409e+29,4.7000e+26,6.7800e+27,8.8380e+28,4.1730e+28,1.5476e+29,1.2933e+29,3.0000e+26,1.7000e+26,3.3800e+27,3.4000e+27,4.5230e+28,3.6700e+27,3.0792e+08,1.4942e+06,2.0329e+09,3.4116e-11,3.1508e+06,2.3365e+04,5.6544e+05,5.6246e+05,30.9,67.4,0.1,1.6,4.2152e+29,4.0948e+29,6.7700e+27,5.2700e+27,1.7463e+28,0.0000e+00,97.1,1.6,1.3
60,4.1449e+29,1.3045e+29,2.7663e+29,5.2000e+26,6.8900e+27,9.0210e+28,4.0240e+28,1.4672e+29,1.2991e+29,2.6000e+26,2.6000e+26,3.6700e+27,3.2200e+27,4.6150e+28,4.2800e+27,3.0709e+08,1.7061e+06,1.0614e+09,3.8523e-12,3.0900e+06,2.3757e+04,5.6244e+05,5.5944e+05,31.5,66.7,0.1,1.7,4.1551e+29,4.0404e+29,6.7800e+27,4.6900e+27,1.7271e+28,0.0000e+00,97.2,1.6,1.1
61,4.1235e+29,1.3074e+29,2.7443e+29,3.0000e+26,6.8800e+27,9.0370e+28,4.0370e+28,1.5103e+29,1.2340e+29,1.4000e+26,1.6000e+26,3.2800e+27,3.6000e+27,4.5090e+28,3.4600e+27,3.0665e+08,2.0353e+06,1.3570e+09,2.1927e-13,3.0576e+06,2.8876e+04,5.5942e+05,5.5640e+05,31.7,66.6,0.1,1.7,4.1173e+29,4.0106e+29,6.1300e+27,4.5400e+27,1.7075e+28,0.0000e+00,97.4,1.5,1.1
62,4.1019e+29,1.3098e+29,2.7197e+29,3.6000e+26,6.8800e+27,9.0940e+28,4.0040e+28,1.5083e+29,1.2114e+29,2.2000e+26,1.4000e+26,3.2700e+27,3.6100e+27,4.5780e+28,3.8400e+27,3.0576e+08,1.5893e+06,1.2905e+09,3.5500e-15,2.9734e+06,2.4228e+04,5.5638e+05,5.5333e+05,31.9,66.3,0.1,1.7,4.1084e+29,3.9920e+29,6.7900e+27,4.8500e+27,1.6878e+28,0.0000e+00,97.2,1.7,1.2
63,4.0574e+29,1.3053e+29,2.6786e+29,5.2000e+26,6.8300e+27,9.1710e+28,3.8820e+28,1.4740e+29,1.2046e+29,2.5000e+26,2.7000e+26,3.4300e+27,3.4000e+27,4.5970e+28,4.1500e+27,3.0544e+08,9.8009e+05,1.0311e+09,2.4759e-18,2.9580e+06,1.9336e+04,5.5332e+05,5.5025e+05,32.2,66.0,0.1,1.7,4.0573e+29,3.9431e+29,6.3800e+27,5.0400e+27,1.6677e+28,0.0000e+00,97.2,1.6,1.2
64,4.0405e+29,1.3244e+29,2.6430e+29,4.7000e+26,6.8400e+27,9.2450e+28,3.9990e+28,1.4256e+29,1.2174e+29,2.3000e+26,2.4000e+26,3.4600e+27,3.3800e+27,4.5840e+28,4.2400e+27,3.0503e+08,2.8755e+03,1.0288e+09,1.0296e-20,3.7085e+06,2.3448e+04,5.5023e+05,5.4715e+05,32.8,65.4,0.1,1.7,4.0440e+29,3.9291e+29,6.7000e+27,4.7900e+27,1.6475e+28,0.0000e+00,97.2,1.7,1.2
65,3.9255e+29,1.3122e+29,2.5412e+29,4.0000e+26,6.8100e+27,9.1120e+28,4.0100e+28,1.2418e+29,1.2994e+29,2.6000e+26,1.4000e+26,3.5500e+27,3.2600e+27,4.7220e+28,4.1200e+27,3.0429e+08,7.3848e+05,1.0267e+09,1.0240e-20,3.6799e+06,3.0718e+04,5.4713e+05,5.4403e+05,33.4,64.7,0.1,1.7,3.9218e+29,3.8129e+29,6.1400e+27,4.7500e+27,1.6271e+28,0.0000e+00,97.2,1.6,1.2
66,3.9463e+29,1.3353e+29,2.5383e+29,4.2000e+26,6.8500e+27,9.4110e+28,3.9420e+28,1.2763e+29,1.2620e+29,2.4000e+26,1.8000e+26,3.4200e+27,3.4300e+27,4.9140e+28,3.8400e+27,3.0359e+08,1.6168e+06,1.1266e+09,8.5213e-17,3.6215e+06,2.6867e+04,5.4401e+05,5.4090e+05,33.8,64.3,0.1,1.7,3.9493e+29,3.8435e+29,5.7400e+27,4.8400e+27,1.6066e+28,0.0000e+00,97.3,1.5,1.2
67,3.9472e+29,1.3446e+29,2.5289e+29,5.1000e+26,6.8600e+27,9.6310e+28,3.8150e+28,1.2882e+29,1.2407e+29,3.3000e+26,1.8000e+26,3.6600e+27,3.2000e+27,5.2340e+28,4.1700e+27,3.0274e+08,1.3193e+06,1.2700e+09,4.9106e-14,3.4778e+06,2.4587e+04,5.4088e+05,5.3775e+05,34.1,64.1,0.1,1.7,3.9493e+29,3.8466e+29,5.4600e+27,4.8100e+27,1.5859e+28,0.0000e+00,97.4,1.4,1.2
68,4.0368e+29,1.3941e+29,2.5691e+29,4.6000e+26,6.9000e+27,1.0082e+29,3.8590e+28,1.3046e+29,1.2645e+29,2.3000e+26,2.3000e+26,3.4900e+27,3.4100e+27,5.5490e+28,4.1700e+27,3.0230e+08,1.2690e+06,1.0565e+09,2.6286e-12,3.4179e+06,2.0849e+04,5.3773e+05,5.3457e+05,34.5,63.6,0.1,1.7,4.0365e+29,3.9271e+29,5.5900e+27,5.3500e+27,1.5742e+28,0.0000e+00,97.3,1.4,1.3
69,3.8112e+29,1.3777e+29,2.3600e+29,4.7000e+26,6.8800e+27,9.9370e+28,3.8400e+28,1.2327e+29,1.1273e+29,2.6000e+26,2.1000e+26,3.4300e+27,3.4500e+27,5.5690e+28,4.4300e+27,3.0141e+08,1.7049e+06,1.2177e+09,4.9550e-11,3.4188e+06,2.5331e+04,5.3455e+05,5.3139e+05,36.1,61.9,0.1,1.8,3.8156e+29,3.7123e+29,5.4000e+27,4.9300e+27,1.5440e+28,0.0000e+00,97.3,1.4,1.3
70,3.8701e+29,1.4156e+29,2.3826e+29,3.5000e+26,6.8400e+27,1.0280e+29,3.8760e+28,1.2497e+29,1.1329e+29,1.9000e+26,1.6000e+26,3.4000e+27,3.4400e+27,5.8840e+28,4.5900e+27,3.0090e+08,1.7609e+06,9.7289e+08,5.0116e-10,3.3534e+06,2.3311e+04,5.3138e+05,5.2821e+05,36.6,61.6,0.1,1.8,3.8738e+29,3.7660e+29,5.7400e+27,5.0400e+27,1.5230e+28,0.0000e+00,97.2,1.5,1.3
71,3.8168e+29,1.4591e+29,2.2858e+29,3.0000e+26,6.8900e+27,1.0885e+29,3.7060e+28,1.2126e+29,1.0732e+29,1.6000e+26,1.4000e+26,3.3300e+27,3.5600e+27,6.2940e+28,4.6100e+27,3.0054e+08,1.5347e+06,9.9333e+08,3.4260e-09,3.3100e+06,2.4824e+04,5.2819e+05,5.2502e+05,38.2,59.9,0.1,1.8,3.8118e+29,3.7024e+29,5.5600e+27,5.3800e+27,1.5020e+28,0.0000e+00,97.1,1.5,1.4
72,3.9471e+29,1.4884e+29,2.3854e+29,4.4000e+26,6.8900e+27,1.1130e+29,3.7540e+28,1.2795e+29,1.1059e+29,2.6000e+26,1.8000e+26,3.4400e+27,3.4500e+27,6.6020e+28,5.0900e+27,3.0243e+08,1.3110e+06,1.0780e+09,1.7779e-08,3.2001e+06,2.5198e+04,5.2501e+05,5.2181e+05,37.7,60.4,0.1,1.7,3.9484e+29,3.8364e+29,5.9700e+27,5.2300e+27,1.4893e+28,0.0000e+00,97.2,1.5,1.3
73,4.0007e+29,1.5390e+29,2.3883e+29,4.6000e+26,6.8800e+27,1.1663e+29,3.7270e+28,1.2854e+29,1.1029e+29,2.7000e+26,1.9000e+26,3.1900e+27,3.6900e+27,6.9070e+28,5.7000e+27,3.0942e+08,1.5964e+06,1.0319e+09,7.5751e-08,3.2201e+06,2.5124e+04,5.2179e+05,5.1859e+05,38.5,59.7,0.1,1.7,3.9974e+29,3.8865e+29,5.7000e+27,5.3900e+27,1.4679e+28,0.0000e+00,97.2,1.4,1.3
74,3.9447e+29,1.5110e+29,2.3626e+29,3.1000e+26,6.8000e+27,1.1503e+29,3.6070e+28,1.2701e+29,1.0925e+29,1.8000e+26,1.3000e+26,3.3500e+27,3.4500e+27,6.9510e+28,6.2700e+27,3.1592e+08,1.5675e+06,1.1136e+09,2.7501e-07,3.1880e+06,2.6067e+04,5.1857e+05,5.1538e+05,38.3,59.9,0.1,1.7,3.9478e+29,3.8410e+29,5.5800e+27,5.1000e+27,1.4385e+28,0.0000e+00,97.3,1.4,1.3
75,3.9248e+29,1.5610e+29,2.2913e+29,3.7000e+26,6.8800e+27,1.1900e+29,3.7100e+28,1.2130e+29,1.0783e+29,1.8000e+26,1.9000e+26,3.5000e+27,3.3800e+27,7.4590e+28,6.2800e+27,3.2285e+08,1.4814e+06,1.1253e+09,4.9019e-07,3.1906e+06,2.1719e+04,5.1537e+05,5.1216e+05,39.8,58.4,0.1,1.8,3.9303e+29,3.8227e+29,5.4200e+27,5.3400e+27,1.4253e+28,0.0000e+00,97.3,1.4,1.4
76,3.9733e+29,1.6086e+29,2.2916e+29,4.6000e+26,6.8500e+27,1.2401e+29,3.6850e+28,1.2395e+29,1.0521e+29,2.7000e+26,1.9000e+26,3.4300e+27,3.4200e+27,7.8070e+28,6.8200e+27,3.2967e+08,1.4250e+06,1.4803e+09,1.3176e-07,3.2201e+06,1.8888e+04,5.1214e+05,5.0891e+05,40.5,57.7,0.1,1.7,3.9696e+29,3.8599e+29,5.4700e+27,5.5000e+27,1.4117e+28,0.0000e+00,97.2,1.4,1.4
77,4.0504e+29,1.6148e+29,2.3644e+29,3.1000e+26,6.8100e+27,1.2703e+29,3.4450e+28,1.2694e+29,1.0950e+29,1.8000e+26,1.3000e+26,3.1500e+27,3.6600e+27,8.1260e+28,7.8800e+27,3.3620e+08,1.6851e+06,1.0012e+09,2.8613e-08,3.2205e+06,2.3880e+04,5.0889e+05,5.0569e+05,39.9,58.4,0.1,1.7,4.0481e+29,3.9400e+29,5.6000e+27,5.2100e+27,1.3825e+28,0.0000e+00,97.3,1.4,1.3
78,3.9913e+29,1.6574e+29,2.2605e+29,4.8000e+26,6.8600e+27,1.3117e+29,3.4570e+28,1.2489e+29,1.0116e+29,2.3000e+26,2.5000e+26,3.4000e+27,3.4600e+27,8.3670e+28,7.7400e+27,3.4287e+08,1.3665e+06,9.3902e+08,4.5290e-09,3.1572e+06,2.2009e+04,5.0567e+05,5.0244e+05,41.5,56.6,0.1,1.7,3.9907e+29,3.8805e+29,5.4300e+27,5.5900e+27,1.3687e+28,0.0000e+00,97.2,1.4,1.4
79,3.9082e+29,1.6658e+29,2.1713e+29,3.2000e+26,6.7900e+27,1.3182e+29,3.4760e+28,1.2120e+29,9.5930e+28,1.5000e+26,1.7000e+26,3.5700e+27,3.2200e+27,8.4560e+28,7.9600e+27,3.4883e+08,1.4026e+06,1.0381e+09,4.6464e-10,3.0780e+06,1.6199e+04,5.0243e+05,4.9922e+05,42.6,55.6,0.1,1.7,3.9152e+29,3.8091e+29,5.3500e+27,5.2600e+27,1.3401e+28,0.0000e+00,97.3,1.4,1.3
80,3.9832e+29,1.7221e+29,2.1877e+29,4.7000e+26,6.8700e+27,1.3783e+29,3.4380e+28,1.2144e+29,9.7330e+28,2.6000e+26,2.1000e+26,3.6800e+27,3.1900e+27,8.5130e+28,7.9200e+27,3.5511e+08,1.4711e+06,8.7014e+08,2.3580e-11,2.9707e+06,1.9564e+04,4.9920e+05,4.9599e+05,43.2,54.9,0.1,1.7,3.9788e+29,3.8670e+29,5.5100e+27,5.6700e+27,1.3262e+28,0.0000e+00,97.2,1.4,1.4
81,4.0866e+29,1.7732e+29,2.2412e+29,3.8000e+26,6.8400e+27,1.4296e+29,3.4360e+28,1.3013e+29,9.3990e+28,1.9000e+26,1.9000e+26,3.4400e+27,3.4000e+27,8.5300e+28,8.0100e+27,3.6198e+08,1.7976e+06,9.6557e+08,3.0179e-13,2.8621e+06,2.2011e+04,4.9597e+05,4.9274e+05,43.4,54.8,0.1,1.7,4.0788e+29,3.9689e+29,5.2000e+27,5.7900e+27,1.3120e+28,0.0000e+00,97.3,1.3,1.4
82,4.1566e+29,1.7877e+29,2.2961e+29,4.3000e+26,6.8500e+27,1.4510e+29,3.3670e+28,1.3282e+29,9.6790e+28,2.0000e+26,2.3000e+26,3.7000e+27,3.1500e+27,8.4290e+28,9.2800e+27,3.6836e+08,8.2418e+05,8.4880e+08,1.1812e-16,2.7724e+06,2.4381e+04,4.9272e+05,4.8950e+05,43.0,55.2,0.1,1.6,4.1618e+29,4.0465e+29,5.4200e+27,6.1100e+27,1.2906e+28,0.0000e+00,97.2,1.3,1.5
83,4.0489e+29,1.7899e+29,2.1874e+29,4.2000e+26,6.7400e+27,1.4547e+29,3.3520e+28,1.3113e+29,8.7610e+28,2.0000e+26,2.2000e+26,3.4100e+27,3.3300e+27,8.4520e+28,1.0590e+28,3.7408e+08,4.5472e+03,9.6484e+08,1.0043e-20,3.2403e+06,2.1802e+04,4.8949e+05,4.8629e+05,44.2,54.0,0.1,1.7,4.0500e+29,3.9397e+29,5.2400e+27,5.7900e+27,1.2628e+28,0.0000e+00,97.3,1.3,1.4
84,4.1348e+29,1.8483e+29,2.2121e+29,4.3000e+26,7.0100e+27,1.5201e+29,3.2820e+28,1.2653e+29,9.4680e+28,2.5000e+26,1.8000e+26,3.5000e+27,3.5100e+27,8.8470e+28,1.1750e+28,3.8005e+08,1.4526e+06,9.6499e+08,1.0238e-20,3.2725e+06,3.0879e+04,4.8627e+05,4.8305e+05,44.7,53.5,0.1,1.7,4.1342e+29,4.0232e+29,5.6800e+27,5.4200e+27,1.2551e+28,0.0000e+00,97.3,1.4,1.3
85,4.1091e+29,1.9094e+29,2.1265e+29,4.1000e+26,6.9100e+27,1.5812e+29,3.2820e+28,1.2276e+29,8.9890e+28,1.9000e+26,2.2000e+26,3.5000e+27,3.4100e+27,9.3120e+28,1.1960e+28,3.8744e+08,1.6552e+06,7.6864e+08,1.2017e-14,3.2273e+06,2.8405e+04,4.8303e+05,4.7984e+05,46.5,51.8,0.1,1.7,4.1077e+29,3.9910e+29,5.9000e+27,5.7700e+27,1.2277e+28,0.0000e+00,97.2,1.4,1.4
86,4.2328e+29,1.9585e+29,2.2018e+29,3.8000e+26,6.8700e+27,1.6178e+29,3.4070e+28,1.2635e+29,9.3830e+28,3.0000e+26,8.0000e+25,3.4600e+27,3.4100e+27,9.5660e+28,1.2170e+28,3.9450e+08,1.7612e+06,9.5149e+08,5.7960e-12,3.1944e+06,2.4918e+04,4.7982e+05,4.7663e+05,46.3,52.0,0.1,1.6,4.2364e+29,4.1212e+29,5.5500e+27,5.9700e+27,1.2133e+28,0.0000e+00,97.3,1.3,1.4
87,4.3134e+29,2.0450e+29,2.1954e+29,3.7000e+26,6.9300e+27,1.7017e+29,3.4330e+28,1.2958e+29,8.9960e+28,2.2000e+26,1.5000e+26,3.4100e+27,3.5200e+27,1.0293e+29,1.1300e+28,4.0174e+08,1.6333e+06,1.0140e+09,2.8181e-10,3.2940e+06,3.1563e+04,4.7661e+05,4.7341e+05,47.4,50.9,0.1,1.6,4.3109e+29,4.1934e+29,5.6200e+27,6.1300e+27,1.1987e+28,0.0000e+00,97.3,1.3,1.4
88,4.3843e+29,2.0796e+29,2.2308e+29,4.0000e+26,6.9900e+27,1.7400e+29,3.3960e+28,1.3348e+29,8.9600e+28,1.9000e+26,2.1000e+26,3.5600e+27,3.4300e+27,1.0344e+29,1.0660e+28,4.0853e+08,1.9900e+06,1.0353e+09,4.8899e-09,3.2854e+06,3.1774e+04,4.7339e+05,4.7021e+05,47.4,50.9,0.1,1.6,4.3788e+29,4.2589e+29,5.8800e+27,6.1100e+27,1.1780e+28,0.0000e+00,97.3,1.3,1.4
89,4.3624e+29,2.1345e+29,2.1539e+29,4.2000e+26,6.9800e+27,1.8119e+29,3.2260e+28,1.3102e+29,8.4370e+28,2.6000e+26,1.6000e+26,3.4900e+27,3.4900e+27,1.0902e+29,1.1450e+28,4.1483e+08,1.8943e+06,9.2083e+08,4.5853e-08,3.1309e+06,3.7349e+04,4.7019e+05,4.6702e+05,48.9,49.4,0.1,1.6,4.3624e+29,4.2454e+29,5.4900e+27,6.2100e+27,1.1576e+28,0.0000e+00,97.3,1.3,1.4
90,4.4676e+29,2.1922e+29,2.2019e+29,5.0000e+26,6.8500e+27,1.8700e+29,3.2220e+28,1.3748e+29,8.2710e+28,2.6000e+26,2.4000e+26,3.6000e+27,3.2500e+27,1.1635e+29,1.3570e+28,4.2165e+08,1.7080e+06,8.3435e+08,6.7790e-08,2.9921e+06,3.1007e+04,4.6700e+05,4.6385e+05,49.1,49.3,0.1,1.5,4.4736e+29,4.3518e+29,5.9000e+27,6.2800e+27,1.1374e+28,0.0000e+00,97.3,1.3,1.4
91,4.5396e+29,2.2409e+29,2.2257e+29,4.2000e+26,6.8800e+27,1.9236e+29,3.1730e+28,1.3797e+29,8.4600e+28,2.8000e+26,1.4000e+26,3.6200e+27,3.2600e+27,1.1796e+29,1.4170e+28,4.2734e+08,1.6092e+06,9.9833e+08,7.8703e-09,2.9520e+06,2.2176e+04,4.6383e+05,4.6068e+05,49.4,49.0,0.1,1.5,4.5357e+29,4.4144e+29,6.0000e+27,6.1300e+27,1.1230e+28,0.0000e+00,97.3,1.3,1.4
92,4.5148e+29,2.2907e+29,2.1506e+29,3.9000e+26,6.9600e+27,1.9805e+29,3.1020e+28,1.3663e+29,7.8430e+28,2.7000e+26,1.2000e+26,3.3500e+27,3.6100e+27,1.2199e+29,1.5550e+28,4.3381e+08,1.8602e+06,1.4753e+09,4.8844e-10,2.8660e+06,2.5530e+04,4.6066e+05,4.5752e+05,50.7,47.6,0.1,1.5,4.5155e+29,4.3968e+29,5.7800e+27,6.0900e+27,1.1085e+28,0.0000e+00,97.4,1.3,1.3
93,4.5513e+29,2.3234e+29,2.1536e+29,4.9000e+26,6.9400e+27,2.0160e+29,3.0740e+28,1.3820e+29,7.7160e+28,2.7000e+26,2.2000e+26,3.4100e+27,3.5300e+27,1.1511e+29,1.4070e+28,4.4324e+08,1.5673e+06,9.5375e+08,1.0212e-11,2.8089e+06,3.2093e+04,4.5750e+05,4.5437e+05,51.0,47.3,0.1,1.5,4.5467e+29,4.4249e+29,6.1100e+27,6.0700e+27,1.0886e+28,0.0000e+00,97.3,1.3,1.3
94,4.6398e+29,2.3661e+29,2.1990e+29,5.4000e+26,6.9300e+27,2.0684e+29,2.9770e+28,1.4207e+29,7.7830e+28,3.1000e+26,2.3000e+26,3.1900e+27,3.7400e+27,1.0757e+29,1.1090e+28,4.5374e+08,8.4760e+05,8.3491e+08,1.8130e-14,2.7921e+06,3.3088e+04,4.5436e+05,4.5125e+05,51.0,47.4,0.1,1.5,4.6407e+29,4.5214e+29,6.0500e+27,5.8800e+27,1.0690e+28,0.0000e+00,97.4,1.3,1.3
95,4.7299e+29,2.4440e+29,2.2125e+29,4.4000e+26,6.9000e+27,2.1433e+29,3.0070e+28,1.4475e+29,7.6500e+28,2.4000e+26,2.0000e+26,3.6600e+27,3.2400e+27,1.0636e+29,1.1410e+28,4.6450e+08,9.6451e+04,7.4361e+08,1.0630e-20,2.8008e+06,2.6462e+04,4.5124e+05,4.4814e+05,51.7,46.8,0.1,1.5,4.7270e+29,4.6104e+29,5.8400e+27,5.8200e+27,1.0548e+28,0.0000e+00,97.5,1.2,1.2
96,4.7463e+29,2.5056e+29,2.1673e+29,3.9000e+26,6.9500e+27,2.1934e+29,3.1220e+28,1.3628e+29,8.0450e+28,2.0000e+26,1.9000e+26,3.7300e+27,3.2200e+27,1.0505e+29,1.2550e+28,4.7469e+08,7.3386e+02,9.4226e+08,1.0254e-20,3.3532e+06,3.2220e+04,4.4812e+05,4.4503e+05,52.8,45.7,0.1,1.5,4.7538e+29,4.6333e+29,5.8500e+27,6.2000e+27,1.0405e+28,0.0000e+00,97.5,1.2,1.3
97,4.8333e+29,2.5762e+29,2.1826e+29,4.8000e+26,6.9700e+27,2.2621e+29,3.1410e+28,1.3936e+29,7.8900e+28,2.9000e+26,1.9000e+26,3.6200e+27,3.3500e+27,1.0924e+29,1.3680e+28,4.8430e+08,2.1473e+06,7.5144e+08,4.9348e-15,3.3276e+06,2.6271e+04,4.4501e+05,4.4195e+05,53.3,45.2,0.1,1.4,4.8248e+29,4.7037e+29,5.8700e+27,6.2400e+27,1.0214e+28,0.0000e+00,97.5,1.2,1.3
98,4.9417e+29,2.6646e+29,2.2034e+29,4.8000e+26,6.8900e+27,2.3475e+29,3.1710e+28,1.4525e+29,7.5090e+28,2.7000e+26,2.1000e+26,3.3200e+27,3.5700e+27,1.1051e+29,1.3910e+28,4.9180e+08,2.0152e+06,8.2909e+08,1.0181e-11,3.1831e+06,3.0010e+04,4.4193e+05,4.3889e+05,53.9,44.6,0.1,1.4,4.9405e+29,4.8204e+29,5.9100e+27,6.1000e+27,1.0026e+28,0.0000e+00,97.6,1.2,1.2
99,4.9116e+29,2.7485e+29,2.0892e+29,4.8000e+26,6.9100e+27,2.4447e+29,3.0380e+28,1.3780e+29,7.1120e+28,3.1000e+26,1.7000e+26,3.4300e+27,3.4800e+27,1.1540e+29,1.3800e+28,5.0143e+08,1.7415e+06,9.8411e+08,7.8908e-10,3.1580e+06,2.8517e+04,4.3888e+05,4.3585e+05,56.0,42.5,0.1,1.4,4.9167e+29,4.7954e+29,6.2700e+27,5.8600e+27,9.8872e+27,0.0000e+00,97.5,1.3,1.2
100,5.0422e+29,2.8067e+29,2.1623e+29,4.8000e+26,6.8400e+27,2.5054e+29,3.0130e+28,1.4607e+29,7.0160e+28,2.5000e+26,2.3000e+26,3.3100e+27,3.5300e+27,1.1886e+29,1.4180e+28,5.1141e+08,1.9383e+06,8.5158e+08,1.6904e-08,3.0849e+06,2.7411e+04,4.3583e+05,4.3282e+05,55.7,42.9,0.1,1.4,5.0379e+29,4.9170e+29,6.0300e+27,6.0600e+27,9.7488e+27,0.0000e+00,97.6,1.2,1.2
101,5.1028e+29,2.8810e+29,2.1484e+29,4.2000e+26,6.9200e+27,2.5715e+29,3.0950e+28,1.4654e+29,6.8300e+28,2.5000e+26,1.7000e+26,3.5900e+27,3.3300e+27,1.2439e+29,1.3680e+28,5.2078e+08,2.0413e+06,7.3872e+08,8.5134e-09,3.0376e+06,2.6990e+04,4.3280e+05,4.2981e+05,56.5,42.1,0.1,1.4,5.1033e+29,4.9756e+29,6.2600e+27,6.5100e+27,9.5666e+27,0.0000e+00,97.5,1.2,1.3
102,5.2028e+29,2.9148e+29,2.2133e+29,6.0000e+26,6.8700e+27,2.6207e+29,2.9410e+28,1.4873e+29,7.2600e+28,3.0000e+26,3.0000e+26,3.4400e+27,3.4300e+27,1.2655e+29,1.3950e+28,5.2973e+08,1.5705e+06,7.7972e+08,3.6079e-10,3.0843e+06,2.7211e+04,4.2980e+05,4.2684e+05,56.0,42.5,0.1,1.3,5.1980e+29,5.0645e+29,6.9000e+27,6.4500e+27,9.3879e+27,0.0000e+00,97.4,1.3,1.2
103,5.3672e+29,3.0074e+29,2.2851e+29,4.8000e+26,6.9900e+27,2.7142e+29,2.9320e+28,1.5562e+29,7.2890e+28,2.8000e+26,2.0000e+26,3.4800e+27,3.5100e+27,1.2452e+29,1.3770e+28,5.3829e+08,9.9638e+05,8.0239e+08,3.3440e-12,3.1907e+06,2.8654e+04,4.2683e+05,4.2387e+05,56.0,42.6,0.1,1.3,5.3621e+29,5.2294e+29,7.0300e+27,6.2400e+27,9.2967e+27,0.0000e+00,97.5,1.3,1.2
104,5.4314e+29,3.0761e+29,2.2806e+29,5.1000e+26,6.9600e+27,2.7720e+29,3.0410e+28,1.6423e+29,6.3830e+28,2.3000e+26,2.8000e+26,3.6200e+27,3.3400e+27,1.1039e+29,1.1020e+28,5.4610e+08,4.1697e+05,8.0979e+08,4.6626e-16,3.1784e+06,2.9265e+04,4.2386e+05,4.2093e+05,56.6,42.0,0.1,1.3,5.4340e+29,5.3056e+29,6.5900e+27,6.2500e+27,9.1211e+27,0.0000e+00,97.6,1.2,1.2
105,5.4711e+29,3.1341e+29,2.2635e+29,5.1000e+26,6.8400e+27,2.8408e+29,2.9330e+28,1.6203e+29,6.4320e+28,2.8000e+26,2.3000e+26,3.4700e+27,3.3700e+27,1.0953e+29,1.0640e+28,5.5519e+08,2.5157e+03,8.3137e+08,1.0034e-20,3.8418e+06,3.1648e+04,4.2092e+05,4.1802e+05,57.3,41.4,0.1,1.3,5.4693e+29,5.3436e+29,6.4800e+27,6.0900e+27,8.9492e+27,0.0000e+00,97.7,1.2,1.1
106,5.6603e+29,3.2525e+29,2.3324e+29,5.2000e+26,7.0200e+27,2.9433e+29,3.0920e+28,1.6211e+29,7.1130e+28,2.8000e+26,2.4000e+26,3.2300e+27,3.7900e+27,1.1261e+29,1.1330e+28,5.6089e+08,2.0577e+06,9.2782e+08,5.9868e-19,3.8019e+06,3.4637e+04,4.1800e+05,4.1512e+05,57.5,41.2,0.1,1.2,5.6585e+29,5.5280e+29,7.0200e+27,6.0300e+27,8.8591e+27,0.0000e+00,97.7,1.2,1.1
107,5.7582e+29,3.3033e+29,2.3796e+29,5.9000e+26,6.9400e+27,3.0017e+29,3.0160e+28,1.6846e+29,6.9500e+28,3.3000e+26,2.6000e+26,3.5300e+27,3.4100e+27,1.1547e+29,1.3620e+28,5.6727e+08,1.8156e+06,8.6889e+08,9.0638e-13,3.7781e+06,3.3052e+04,4.1510e+05,4.1226e+05,57.4,41.3,0.1,1.2,5.7628e+29,5.6281e+29,7.3000e+27,6.1700e+27,8.6526e+27,0.0000e+00,97.7,1.3,1.1
108,5.8211e+29,3.3855e+29,2.3601e+29,6.0000e+26,6.9500e+27,3.0897e+29,2.9580e+28,1.6966e+29,6.6350e+28,4.2000e+26,1.8000e+26,3.4100e+27,3.5400e+27,1.1764e+29,1.4570e+28,5.7466e+08,1.8075e+06,8.0967e+08,2.8828e-10,3.7411e+06,3.8804e+04,4.1225e+05,4.0941e+05,58.2,40.5,0.1,1.2,5.8112e+29,5.6834e+29,6.9900e+27,5.7900e+27,8.5645e+27,0.0000e+00,97.8,1.2,1.0
109,5.9730e+29,3.4714e+29,2.4272e+29,4.6000e+26,6.9800e+27,3.1723e+29,2.9910e+28,1.7599e+29,6.6730e+28,3.3000e+26,1.3000e+26,3.5500e+27,3.4300e+27,1.2242e+29,1.4520e+28,5.8063e+08,1.7032e+06,7.5890e+08,1.1631e-08,3.7383e+06,3.3692e+04,4.0940e+05,4.0659e+05,58.1,40.6,0.1,1.2,5.9749e+29,5.8376e+29,7.4500e+27,6.2800e+27,8.4019e+27,0.0000e+00,97.7,1.2,1.1
110,6.1831e+29,3.5890e+29,2.5183e+29,5.9000e+26,6.9900e+27,3.2885e+29,3.0050e+28,1.8463e+29,6.7200e+28,3.5000e+26,2.4000e+26,3.7100e+27,3.2800e+27,1.2721e+29,1.4040e+28,5.8248e+08,1.2812e+06,7.9491e+08,8.4714e-10,3.7318e+06,2.6387e+04,4.0658e+05,4.0380e+05,58.0,40.7,0.1,1.1,6.1790e+29,6.0455e+29,7.1900e+27,6.1600e+27,8.2786e+27,0.0000e+00,97.8,1.2,1.0
111,6.2298e+29,3.6730e+29,2.4818e+29,5.4000e+26,6.9600e+27,3.3753e+29,2.9770e+28,1.8332e+29,6.4860e+28,3.2000e+26,2.2000e+26,3.2900e+27,3.6700e+27,1.3097e+29,1.3290e+28,5.8442e+08,8.3126e+05,7.1722e+08,8.2905e-12,3.7723e+06,2.4923e+04,4.0379e+05,4.0105e+05,59.0,39.8,0.1,1.1,6.2321e+29,6.0972e+29,7.5500e+27,5.9400e+27,8.1218e+27,0.0000e+00,97.8,1.2,1.0
112,6.3189e+29,3.7381e+29,2.5063e+29,5.1000e+26,6.9400e+27,3.4416e+29,2.9650e+28,1.9034e+29,6.0290e+28,3.0000e+26,2.1000e+26,3.4300e+27,3.5100e+27,1.1634e+29,1.1190e+28,5.8721e+08,3.4726e+05,8.0020e+08,1.3541e-15,3.6527e+06,2.7284e+04,4.0104e+05,3.9832e+05,59.2,39.7,0.1,1.1,6.3233e+29,6.1808e+29,7.9000e+27,6.3500e+27,8.0028e+27,0.0000e+00,97.7,1.2,1.0
113,6.5355e+29,3.8299e+29,2.6303e+29,5.8000e+26,6.9500e+27,3.5331e+29,2.9680e+28,2.0092e+29,6.2110e+28,3.9000e+26,1.9000e+26,3.5700e+27,3.3800e+27,1.1147e+29,9.7800e+27,5.8919e+08,1.1995e+03,7.8947e+08,1.0028e-20,4.8142e+06,3.2498e+04,3.9830e+05,3.9561e+05,58.6,40.2,0.1,1.1,6.5268e+29,6.3893e+29,7.9000e+27,5.8500e+27,7.8851e+27,0.0000e+00,97.9,1.2,0.9
114,6.7339e+29,3.9319e+29,2.7246e+29,7.2000e+26,7.0200e+27,3.6155e+29,3.1640e+28,2.0352e+29,6.8940e+28,4.9000e+26,2.3000e+26,3.4100e+27,3.6100e+27,1.1218e+29,1.0010e+28,5.9165e+08,2.1316e+06,8.5176e+08,7.2916e-19,4.8041e+06,3.3086e+04,3.9560e+05,3.9293e+05,58.4,40.5,0.1,1.0,6.7298e+29,6.5954e+29,7.8100e+27,5.6300e+27,7.7688e+27,0.0000e+00,98.0,1.2,0.8
115,6.8387e+29,4.0118e+29,2.7522e+29,5.2000e+26,6.9500e+27,3.6980e+29,3.1380e+28,2.1018e+29,6.5040e+28,3.2000e+26,2.0000e+26,3.7100e+27,3.2400e+27,1.1462e+29,1.2530e+28,5.9417e+08,1.7965e+06,7.5135e+08,1.8471e-12,4.7650e+06,3.5874e+04,3.9292e+05,3.9029e+05,58.7,40.2,0.1,1.0,6.8331e+29,6.6939e+29,8.2300e+27,5.6900e+27,7.6224e+27,0.0000e+00,98.0,1.2,0.8
116,6.9834e+29,4.1148e+29,2.7929e+29,6.3000e+26,6.9400e+27,3.8031e+29,3.1170e+28,2.1243e+29,6.6860e+28,4.2000e+26,2.1000e+26,3.5300e+27,3.4100e+27,1.1802e+29,1.3460e+28,5.9408e+08,1.4316e+06,7.4426e+08,6.2591e-10,4.6466e+06,3.3699e+04,3.9028e+05,3.8767e+05,58.9,40.0,0.1,1.0,6.9807e+29,6.8427e+29,8.3000e+27,5.5000e+27,7.5107e+27,0.0000e+00,98.0,1.2,0.8
117,7.1318e+29,4.1760e+29,2.8794e+29,6.7000e+26,6.9700e+27,3.8847e+29,2.9130e+28,2.2260e+29,6.5340e+28,5.2000e+26,1.5000e+26,3.5900e+27,3.3800e+27,1.2413e+29,1.4600e+28,5.9448e+08,1.0809e+06,9.0220e+08,1.6500e-09,4.5724e+06,4.0943e+04,3.8766e+05,3.8510e+05,58.6,40.4,0.1,1.0,7.1377e+29,7.0019e+29,7.8900e+27,5.6900e+27,7.3704e+27,0.0000e+00,98.1,1.1,0.8
118,7.3075e+29,4.3268e+29,2.9027e+29,7.7000e+26,7.0300e+27,4.0334e+29,2.9340e+28,2.2878e+29,6.1490e+28,5.3000e+26,2.4000e+26,3.5100e+27,3.5200e+27,1.2977e+29,1.3240e+28,5.9640e+08,6.8667e+05,8.2674e+08,1.6435e-11,4.5054e+06,4.0691e+04,3.8509e+05,3.8255e+05,59.2,39.7,0.1,1.0,7.2988e+29,7.1558e+29,8.8200e+27,5.4800e+27,7.2633e+27,0.0000e+00,98.0,1.2,0.8
119,7.4339e+29,4.4094e+29,2.9471e+29,7.8000e+26,6.9600e+27,4.1089e+29,3.0050e+28,2.3301e+29,6.1700e+28,4.4000e+26,3.4000e+26,3.4200e+27,3.5400e+27,1.1743e+29,1.0920e+28,5.9880e+08,3.0008e+05,8.5694e+08,2.8926e-15,4.6295e+06,4.5706e+04,3.8254e+05,3.8003e+05,59.3,39.6,0.1,0.9,7.4346e+29,7.2878e+29,8.6700e+27,6.0100e+27,7.1579e+27,0.0000e+00,98.0,1.2,0.8
120,7.5439e+29,4.4786e+29,2.9885e+29,6.2000e+26,7.0600e+27,4.1759e+29,3.0270e+28,2.3702e+29,6.1830e+28,4.4000e+26,1.8000e+26,3.5100e+27,3.5500e+27,1.0760e+29,9.6400e+27,6.0161e+08,5.0142e+02,8.1555e+08,1.0340e-20,5.9507e+06,4.1285e+04,3.8002e+05,3.7754e+05,59.4,39.6,0.1,0.9,7.5339e+29,7.3868e+29,9.0600e+27,5.6500e+27,7.0541e+27,0.0000e+00,98.0,1.2,0.7
121,7.6933e+29,4.6175e+29,2.9968e+29,8.1000e+26,7.0900e+27,4.3018e+29,3.1570e+28,2.3761e+29,6.2070e+28,5.5000e+26,2.6000e+26,3.4100e+27,3.6800e+27,1.1184e+29,9.6700e+27,6.0481e+08,1.6382e+06,8.0237e+08,8.3186e-19,5.9450e+06,3.6782e+04,3.7753e+05,3.7509e+05,60.0,39.0,0.1,0.9,7.6982e+29,7.5543e+29,8.9400e+27,5.4500e+27,6.9522e+27,0.0000e+00,98.1,1.2,0.7
122,7.8712e+29,4.7090e+29,3.0847e+29,7.3000e+26,7.0200e+27,4.3926e+29,3.1640e+28,2.4991e+29,5.8560e+28,4.7000e+26,2.6000e+26,3.7600e+27,3.2600e+27,1.1409e+29,1.1020e+28,6.0567e+08,1.3447e+06,8.5456e+08,3.0430e-12,5.9691e+06,3.8628e+04,3.7508e+05,3.7267e+05,59.8,39.2,0.1,0.9,7.8669e+29,7.7282e+29,8.5800e+27,5.2900e+27,6.8251e+27,0.0000e+00,98.2,1.1,0.7
123,8.0223e+29,4.7760e+29,3.1685e+29,7.6000e+26,7.0200e+27,4.4641e+29,3.1190e+28,2.5933e+29,5.7520e+28,5.6000e+26,2.0000e+26,3.5400e+27,3.4800e+27,1.1636e+29,1.2330e+28,6.0520e+08,1.0413e+06,8.5695e+08,1.0758e-09,5.9302e+06,3.7278e+04,3.7266e+05,3.7029e+05,59.5,39.5,0.1,0.9,8.0163e+29,7.8689e+29,9.5400e+27,5.2000e+27,6.7016e+27,0.0000e+00,98.2,1.2,0.6
124,8.2494e+29,4.9295e+29,3.2419e+29,8.2000e+26,6.9800e+27,4.6275e+29,3.0200e+28,2.6930e+29,5.4890e+28,5.1000e+26,3.1000e+26,3.5400e+27,3.4400e+27,1.2408e+29,1.3860e+28,6.0416e+08,7.2034e+05,7.7343e+08,1.0790e-10,5.9105e+06,3.9259e+04,3.7028e+05,3.6794e+05,59.8,39.3,0.1,0.8,8.2508e+29,8.1064e+29,9.5000e+27,4.9400e+27,6.6333e+27,0.0000e+00,98.2,1.2,0.6
125,8.4807e+29,5.0329e+29,3.3681e+29,9.4000e+26,7.0300e+27,4.7225e+29,3.1040e+28,2.8192e+29,5.4890e+28,6.8000e+26,2.6000e+26,3.2900e+27,3.7400e+27,1.2056e+29,1.2150e+28,6.0601e+08,3.6851e+05,7.6073e+08,1.1537e-13,5.8553e+06,4.1826e+04,3.6793e+05,3.6563e+05,59.3,39.7,0.1,0.8,8.4796e+29,8.3253e+29,1.0320e+28,5.1100e+27,6.5146e+27,0.0000e+00,98.2,1.2,0.6
126,8.5685e+29,5.1027e+29,3.3869e+29,8.7000e+26,7.0200e+27,4.7994e+29,3.0330e+28,2.8668e+29,5.2010e+28,6.5000e+26,2.2000e+26,3.7300e+27,3.2900e+27,1.0805e+29,8.8400e+27,6.0561e+08,1.1635e+04,1.1851e+09,1.0344e-20,5.8208e+06,4.0665e+04,3.6562e+05,3.6335e+05,59.6,39.5,0.1,0.8,8.5702e+29,8.4220e+29,1.0080e+28,4.7400e+27,6.4242e+27,0.0000e+00,98.3,1.2,0.6
127,8.7102e+29,5.2106e+29,3.4191e+29,1.0000e+27,7.0500e+27,4.8890e+29,3.2160e+28,2.8304e+29,5.8870e+28,7.1000e+26,2.9000e+26,3.6300e+27,3.4200e+27,1.0861e+29,8.3700e+27,6.0517e+08,7.7123e+01,7.8063e+08,1.0142e-20,7.7695e+06,3.4716e+04,3.6334e+05,3.6111e+05,59.8,39.3,0.1,0.8,8.7104e+29,8.5530e+29,1.0640e+28,5.1000e+27,6.3357e+27,0.0000e+00,98.2,1.2,0.6
128,8.8979e+29,5.3225e+29,3.4956e+29,9.9000e+26,6.9900e+27,4.9988e+29,3.2370e+28,2.9180e+29,5.7760e+28,7.1000e+26,2.8000e+26,3.3800e+27,3.6100e+27,1.1048e+29,9.1600e+27,6.0437e+08,1.1221e+06,9.5024e+08,3.6152e-13,7.8871e+06,4.0626e+04,3.6110e+05,3.5891e+05,59.8,39.3,0.1,0.8,8.8904e+29,8.7420e+29,1.0490e+28,4.3500e+27,6.2254e+27,0.0000e+00,98.3,1.2,0.5
129,9.2738e+29,5.4612e+29,3.7318e+29,1.1900e+27,6.8900e+27,5.1367e+29,3.2450e+28,3.1345e+29,5.9730e+28,9.3000e+26,2.6000e+26,3.6200e+27,3.2700e+27,1.1263e+29,1.1300e+28,6.0158e+08,8.2606e+05,7.9110e+08,4.5433e-10,7.7915e+06,3.8654e+04,3.5890e+05,3.5674e+05,58.9,40.2,0.1,0.7,9.2671e+29,9.1176e+29,9.7900e+27,5.1600e+27,6.1417e+27,0.0000e+00,98.4,1.1,0.6
130,9.4802e+29,5.5930e+29,3.8061e+29,1.0600e+27,7.0500e+27,5.2644e+29,3.2860e+28,3.2784e+29,5.2770e+28,7.3000e+26,3.3000e+26,3.4700e+27,3.5800e+27,1.1914e+29,1.2940e+28,5.9976e+08,5.5493e+05,1.0470e+09,4.7358e-11,7.9283e+06,3.9328e+04,3.5673e+05,3.5462e+05,59.0,40.1,0.1,0.7,9.4832e+29,9.3271e+29,1.0940e+28,4.6700e+27,6.0372e+27,0.0000e+00,98.4,1.2,0.5
131,9.6162e+29,5.6425e+29,3.8925e+29,1.1000e+27,7.0200e+27,5.3170e+29,3.2550e+28,3.3615e+29,5.3100e+28,8.3000e+26,2.7000e+26,3.4800e+27,3.5400e+27,1.1376e+29,1.1990e+28,5.9734e+08,2.6443e+05,7.5489e+08,1.4297e-14,7.8398e+06,3.8221e+04,3.5461e+05,3.5253e+05,58.7,40.5,0.1,0.7,9.6086e+29,9.4566e+29,1.0510e+28,4.6900e+27,5.9583e+27,0.0000e+00,98.4,1.1,0.5
132,9.7851e+29,5.7511e+29,3.9506e+29,1.2200e+27,7.1200e+27,5.4163e+29,3.3480e+28,3.3981e+29,5.5250e+28,9.9000e+26,2.3000e+26,3.3000e+27,3.8200e+27,1.0514e+29,9.2500e+27,5.9453e+08,1.0657e+03,9.2156e+08,1.0273e-20,9.9459e+06,4.0810e+04,3.5252e+05,3.5047e+05,58.8,40.4,0.1,0.7,9.7813e+29,9.6309e+29,1.0570e+28,4.4700e+27,5.8813e+27,0.0000e+00,98.5,1.1,0.5
133,1.0152e+30,5.9690e+29,4.0979e+29,1.3100e+27,7.2000e+27,5.6070e+29,3.6200e+28,3.4425e+29,6.5540e+28,1.0400e+27,2.7000e+26,3.6400e+27,3.5600e+27,1.0476e+29,8.2600e+27,5.9057e+08,1.2149e+06,8.2571e+08,7.8207e-20,1.0098e+07,4.1382e+04,3.5047e+05,3.4846e+05,58.8,40.4,0.1,0.7,1.0155e+30,9.9956e+29,1.1350e+28,4.6200e+27,5.8062e+27,0.0000e+00,98.4,1.1,0.5
134,1.0322e+30,6.0162e+29,4.2224e+29,1.2600e+27,7.0900e+27,5.6521e+29,3.6410e+28,3.6219e+29,6.0050e+28,9.2000e+26,3.4000e+26,3.7200e+27,3.3700e+27,1.0595e+29,8.9200e+27,5.8741e+08,9.0283e+05,8.5414e+08,3.8003e-12,1.0092e+07,4.0905e+04,3.4845e+05,3.4648e+05,58.3,40.9,0.1,0.7,1.0310e+30,1.0145e+30,1.2230e+28,4.2800e+27,5.7122e+27,0.0000e+00,98.4,1.2,0.4
135,1.0656e+30,6.1764e+29,4.3937e+29,1.6300e+27,6.9400e+27,5.8050e+29,3.7140e+28,3.7920e+29,6.0170e+28,1.2600e+27,3.7000e+26,3.4700e+27,3.4700e+27,1.1412e+29,1.0870e+28,5.8230e+08,6.3845e+05,9.9341e+08,3.1625e-10,1.0028e+07,4.0433e+04,3.4648e+05,3.4455e+05,58.0,41.2,0.2,0.7,1.0661e+30,1.0503e+30,1.1900e+28,3.8900e+27,5.6418e+27,0.0000e+00,98.5,1.1,0.4
136,1.0866e+30,6.2748e+29,4.5059e+29,1.5900e+27,6.9900e+27,5.9026e+29,3.7220e+28,3.9043e+29,6.0160e+28,1.2600e+27,3.3000e+26,3.6500e+27,3.3400e+27,1.1414e+29,1.1610e+28,5.7799e+08,3.5590e+05,1.0203e+09,6.3805e-13,9.9529e+06,4.3162e+04,3.4454e+05,3.4265e+05,57.7,41.5,0.1,0.6,1.0856e+30,1.0688e+30,1.2490e+28,4.2600e+27,5.5532e+27,0.0000e+00,98.5,1.2,0.4
137,1.1158e+30,6.4116e+29,4.6588e+29,1.6900e+27,7.0800e+27,6.0418e+29,3.6980e+28,4.0963e+29,5.6250e+28,1.2700e+27,4.2000e+26,3.2800e+27,3.8000e+27,1.0580e+29,8.7700e+27,5.7365e+08,5.8623e+04,1.2014e+09,1.0698e-20,9.8009e+06,5.2192e+04,3.4265e+05,3.4080e+05,57.5,41.8,0.2,0.6,1.1155e+30,1.0987e+30,1.2780e+28,4.0500e+27,5.4875e+27,0.0000e+00,98.5,1.1,0.4
138,1.1488e+30,6.5680e+29,4.8307e+29,1.8600e+27,7.0800e+27,6.1688e+29,3.9920e+28,4.1746e+29,6.5610e+28,1.4300e+27,4.3000e+26,3.5800e+27,3.5000e+27,1.0206e+29,7.4700e+27,5.6816e+08,8.3694e+01,1.0625e+09,1.0162e-20,1.3430e+07,5.6989e+04,3.4079e+05,3.3899e+05,57.2,42.0,0.2,0.6,1.1486e+30,1.1318e+30,1.2880e+28,3.9700e+27,5.4043e+27,0.0000e+00,98.5,1.1,0.3
139,1.1744e+30,6.7084e+29,4.9439e+29,2.1200e+27,7.0700e+27,6.3009e+29,4.0750e+28,4.3165e+29,6.2740e+28,1.7200e+27,4.0000e+26,3.5600e+27,3.5100e+27,1.0389e+29,7.3800e+27,5.6032e+08,8.7791e+05,8.9095e+08,1.2325e-13,1.3143e+07,5.5334e+04,3.3898e+05,3.3721e+05,57.1,42.1,0.2,0.6,1.1736e+30,1.1568e+30,1.3140e+28,3.7100e+27,5.3431e+27,0.0000e+00,98.6,1.1,0.3
140,1.1990e+30,6.8210e+29,5.0752e+29,2.2800e+27,7.0800e+27,6.4188e+29,4.0220e+28,4.4675e+29,6.0770e+28,1.8900e+27,3.9000e+26,3.6600e+27,3.4200e+27,1.0900e+29,9.2500e+27,5.5377e+08,6.6116e+05,1.0804e+09,3.8403e-10,1.2914e+07,5.0216e+04,3.3720e+05,3.3547e+05,56.9,42.3,0.2,0.6,1.1986e+30,1.1811e+30,1.3590e+28,3.9900e+27,5.2838e+27,0.0000e+00,98.5,1.1,0.3
141,1.2407e+30,6.9713e+29,5.3434e+29,2.2200e+27,7.0000e+27,6.5641e+29,4.0720e+28,4.6965e+29,6.4690e+28,1.7900e+27,4.3000e+26,3.6400e+27,3.3600e+27,1.1207e+29,1.0930e+28,5.5716e+08,3.7646e+05,1.0559e+09,1.7241e-12,1.2833e+07,5.9979e+04,3.3547e+05,3.3378e+05,56.2,43.1,0.2,0.6,1.2395e+30,1.2216e+30,1.4040e+28,3.8400e+27,5.2081e+27,0.0000e+00,98.6,1.1,0.3
142,1.2686e+30,7.0971e+29,5.5006e+29,1.9500e+27,6.8500e+27,6.6786e+29,4.1850e+28,4.8750e+29,6.2560e+28,1.5200e+27,4.3000e+26,3.5000e+27,3.3500e+27,1.0305e+29,8.5100e+27,5.5818e+08,7.9593e+04,1.0414e+09,1.6523e-19,1.2741e+07,5.8434e+04,3.3378e+05,3.3213e+05,55.9,43.4,0.2,0.5,1.2691e+30,1.2515e+30,1.4140e+28,3.3700e+27,5.1532e+27,0.0000e+00,98.6,1.1,0.3
143,1.2956e+30,7.2301e+29,5.6301e+29,2.4300e+27,7.1900e+27,6.7744e+29,4.5570e+28,4.9050e+29,7.2510e+28,1.9300e+27,5.0000e+26,3.5800e+27,3.6100e+27,9.8030e+28,6.9200e+27,5.5958e+08,1.3425e+02,9.8247e+08,1.0373e-20,1.9136e+07,5.8962e+04,3.3212e+05,3.3052e+05,55.8,43.5,0.2,0.6,1.2948e+30,1.2778e+30,1.3910e+28,3.1700e+27,5.0825e+27,0.0000e+00,98.7,1.1,0.2
144,1.3380e+30,7.3919e+29,5.8945e+29,2.3600e+27,7.0400e+27,6.9269e+29,4.6500e+28,5.1391e+29,7.5540e+28,1.8100e+27,5.5000e+26,3.5300e+27,3.5100e+27,9.9660e+28,7.9100e+27,5.6032e+08,8.0921e+05,1.1504e+09,7.7312e-14,1.8680e+07,6.2196e+04,3.3051e+05,3.2895e+05,55.2,44.1,0.2,0.5,1.3377e+30,1.3189e+30,1.5250e+28,3.5700e+27,5.0146e+27,0.0000e+00,98.6,1.1,0.3
145,1.3672e+30,7.5678e+29,6.0102e+29,2.5500e+27,6.9000e+27,7.0887e+29,4.7910e+28,5.2952e+29,7.1500e+28,1.9900e+27,5.6000e+26,3.6700e+27,3.2300e+27,1.0549e+29,9.5300e+27,5.6062e+08,5.4853e+05,1.1329e+09,2.8276e-10,1.8168e+07,5.8864e+04,3.2895e+05,3.2742e+05,55.4,44.0,0.2,0.5,1.3662e+30,1.3475e+30,1.5350e+28,3.4100e+27,4.9666e+27,0.0000e+00,98.6,1.1,0.2
146,1.3994e+30,7.6482e+29,6.2481e+29,2.8000e+27,6.9800e+27,7.1656e+29,4.8260e+28,5.5175e+29,7.3060e+28,2.2500e+27,5.5000e+26,3.9500e+27,3.0300e+27,1.0890e+29,9.8300e+27,5.6132e+08,3.0218e+05,1.1413e+09,3.2872e-13,1.7559e+07,6.5155e+04,3.2742e+05,3.2594e+05,54.7,44.6,0.2,0.5,1.3998e+30,1.3818e+30,1.5320e+28,2.6500e+27,4.9036e+27,0.0000e+00,98.7,1.1,0.2
147,1.4549e+30,7.8691e+29,6.5796e+29,2.9600e+27,7.0900e+27,7.3702e+29,4.9890e+28,5.8454e+29,7.3420e+28,2.4900e+27,4.7000e+26,3.7900e+27,3.3000e+27,9.8460e+28,7.8100e+27,5.6167e+08,1.5447e+04,1.0249e+09,1.0751e-20,1.6831e+07,7.1884e+04,3.2594e+05,3.2450e+05,54.1,45.2,0.2,0.5,1.4542e+30,1.4352e+30,1.6090e+28,2.9800e+27,4.8598e+27,0.0000e+00,98.7,1.1,0.2
148,1.4844e+30,8.0114e+29,6.7277e+29,3.5600e+27,6.9100e+27,7.4400e+29,5.7140e+28,5.8331e+29,8.9460e+28,2.9200e+27,6.4000e+26,3.4300e+27,3.4800e+27,9.5470e+28,7.0000e+27,5.6144e+08,1.6220e+02,1.0964e+09,1.0959e-20,2.4533e+07,7.3640e+04,3.2449e+05,3.2310e+05,54.0,45.3,0.2,0.5,1.4835e+30,1.4645e+30,1.6230e+28,2.8200e+27,4.8015e+27,0.0000e+00,98.7,1.1,0.2
149,1.5361e+30,8.1692e+29,7.0911e+29,3.1300e+27,6.9500e+27,7.5787e+29,5.9050e+28,6.1539e+29,9.3720e+28,2.5900e+27,5.4000e+26,3.2000e+27,3.7500e+27,9.7570e+28,7.1100e+27,5.6060e+08,7.1246e+05,1.1277e+09,8.1726e-13,2.4058e+07,7.9642e+04,3.2309e+05,3.2174e+05,53.2,46.2,0.2,0.5,1.5352e+30,1.5154e+30,1.7040e+28,2.8100e+27,4.7457e+27,0.0000e+00,98.7,1.1,0.2
150,1.5838e+30,8.3666e+29,7.3642e+29,3.6800e+27,7.0100e+27,7.7576e+29,6.0900e+28,6.4056e+29,9.5860e+28,2.9700e+27,7.1000e+26,3.5600e+27,3.4500e+27,1.0329e+29,8.6700e+27,5.6096e+08,4.6694e+05,1.1451e+09,4.5646e-11,2.3013e+07,8.8952e+04,3.2174e+05,3.2043e+05,52.8,46.5,0.2,0.4,1.5825e+30,1.5626e+30,1.7370e+28,2.6200e+27,4.7084e+27,0.0000e+00,98.7,1.1,0.2
151,1.5946e+30,8.4545e+29,7.3868e+29,3.4700e+27,7.0000e+27,7.8471e+29,6.0740e+28,6.4746e+29,9.1220e+28,2.7400e+27,7.3000e+26,3.7200e+27,3.2800e+27,1.0325e+29,8.8900e+27,5.6021e+08,1.9330e+05,1.2421e+09,4.5458e-15,2.2094e+07,9.4770e+04,3.2042e+05,3.1916e+05,53.0,46.3,0.2,0.4,1.5946e+30,1.5729e+30,1.8820e+28,2.8400e+27,4.6416e+27,0.0000e+00,98.6,1.2,0.2
152,1.6514e+30,8.5721e+29,7.8344e+29,3.7500e+27,7.0200e+27,7.9259e+29,6.4620e+28,6.8003e+29,1.0341e+29,2.9300e+27,8.2000e+26,3.7100e+27,3.3100e+27,9.3100e+28,6.1200e+27,5.5981e+08,3.0435e+02,1.1739e+09,1.0039e-20,2.6354e+07,9.1808e+04,3.1916e+05,3.1794e+05,51.9,47.4,0.2,0.4,1.6505e+30,1.6305e+30,1.7840e+28,2.2200e+27,4.6087e+27,0.0000e+00,98.8,1.1,0.1
153,1.7089e+30,8.8542e+29,8.1189e+29,4.5000e+27,7.1100e+27,8.1222e+29,7.3200e+28,6.9699e+29,1.1490e+29,3.6200e+27,8.8000e+26,3.5000e+27,3.6100e+27,9.3360e+28,6.1300e+27,5.5944e+08,7.8739e+05,1.1704e+09,2.8547e-17,2.5977e+07,8.9097e+04,3.1793e+05,3.1675e+05,51.8,47.5,0.3,0.4,1.7083e+30,1.6876e+30,1.8400e+28,2.2900e+27,4.5777e+27,0.0000e+00,98.8,1.1,0.1
154,1.7330e+30,8.9101e+29,8.3107e+29,3.9700e+27,6.9500e+27,8.1709e+29,7.3920e+28,7.1426e+29,1.1681e+29,3.0100e+27,9.6000e+26,3.6100e+27,3.3400e+27,9.6660e+28,6.7300e+27,5.5797e+08,5.5008e+05,1.0293e+09,2.6209e-11,2.4941e+07,9.0333e+04,3.1674e+05,3.1561e+05,51.4,48.0,0.2,0.4,1.7329e+30,1.7113e+30,1.9760e+28,1.8300e+27,4.5183e+27,0.0000e+00,98.8,1.1,0.1
155,1.7732e+30,9.0543e+29,8.5619e+29,4.5700e+27,6.9700e+27,8.3075e+29,7.4680e+28,7.3788e+29,1.1831e+29,3.7000e+27,8.7000e+26,3.5000e+27,3.4700e+27,1.0010e+29,8.1100e+27,5.5679e+08,2.9405e+05,1.2349e+09,5.8431e-13,2.4149e+07,8.7562e+04,3.1561e+05,3.1452e+05,51.1,48.3,0.3,0.4,1.7716e+30,1.7508e+30,1.8840e+28,1.9700e+27,4.4768e+27,0.0000e+00,98.8,1.1,0.1
156,1.8424e+30,9.2749e+29,9.0347e+29,4.4200e+27,6.9900e+27,8.4975e+29,7.7740e+28,7.8261e+29,1.2086e+29,3.6300e+27,7.9000e+26,3.5700e+27,3.4200e+27,9.2970e+28,6.5100e+27,5.5512e+08,3.1360e+04,1.2547e+09,1.1268e-20,2.3152e+07,1.2333e+05,3.1451e+05,3.1346e+05,50.3,49.0,0.2,0.4,1.8421e+30,1.8195e+30,2.0770e+28,1.7500e+27,4.4523e+27,0.0000e+00,98.8,1.1,0.1
157,1.8871e+30,9.4911e+29,9.2574e+29,5.1500e+27,7.0600e+27,8.6079e+29,8.8320e+28,7.8149e+29,1.4425e+29,4.0900e+27,1.0600e+27,3.6600e+27,3.4000e+27,8.9980e+28,6.3000e+27,5.5349e+08,1.9652e+02,1.2392e+09,1.0187e-20,2.6784e+07,1.3597e+05,3.1346e+05,3.1245e+05,50.3,49.1,0.3,0.4,1.8859e+30,1.8629e+30,2.1130e+28,1.8800e+27,4.4150e+27,0.0000e+00,98.8,1.1,0.1
158,1.9334e+30,9.6504e+29,9.5608e+29,5.3000e+27,6.9400e+27,8.7180e+29,9.3240e+28,8.1004e+29,1.4604e+29,4.1500e+27,1.1500e+27,3.4800e+27,3.4600e+27,9.2790e+28,5.8100e+27,5.5146e+08,6.7940e+05,1.2857e+09,5.2267e-13,2.5968e+07,1.3515e+05,3.1245e+05,3.1149e+05,49.9,49.5,0.3,0.4,1.9335e+30,1.9105e+30,2.1470e+28,1.5400e+27,4.3656e+27,0.0000e+00,98.8,1.1,0.1
159,1.9854e+30,9.8252e+29,9.8979e+29,5.9000e+27,7.1800e+27,8.8742e+29,9.5100e+28,8.3698e+29,1.5281e+29,4.6300e+27,1.2700e+27,3.8100e+27,3.3700e+27,9.9000e+28,7.0300e+27,5.4910e+08,4.0463e+05,1.3316e+09,1.1236e-11,2.5079e+07,1.4121e+05,3.1149e+05,3.1057e+05,49.5,49.9,0.3,0.4,1.9827e+30,1.9596e+30,2.1470e+28,1.6200e+27,4.3474e+27,0.0000e+00,98.8,1.1,0.1
160,2.0295e+30,9.9770e+29,1.0194e+30,5.3500e+27,7.1000e+27,9.0000e+29,9.7700e+28,8.7099e+29,1.4837e+29,4.1200e+27,1.2300e+27,3.4100e+27,3.6900e+27,9.2310e+28,6.9500e+27,5.4803e+08,1.2779e+05,1.4065e+09,9.4048e-17,2.4223e+07,1.6427e+05,3.1057e+05,3.0969e+05,49.2,50.2,0.3,0.3,2.0298e+30,2.0061e+30,2.2060e+28,1.6200e+27,4.3028e+27,0.0000e+00,98.8,1.1,0.1
161,2.0654e+30,1.0090e+30,1.0430e+30,6.4800e+27,7.0000e+27,9.0140e+29,1.0756e+29,8.7494e+29,1.6801e+29,5.0600e+27,1.4200e+27,3.3100e+27,3.6900e+27,8.5990e+28,5.4500e+27,5.4541e+08,5.5967e+02,1.2900e+09,1.0079e-20,2.8531e+07,1.6803e+05,3.0969e+05,3.0886e+05,48.9,50.5,0.3,0.3,2.0646e+30,2.0403e+30,2.2500e+28,1.7300e+27,4.2747e+27,0.0000e+00,98.8,1.1,0.1
162,2.1218e+30,1.0379e+30,1.0703e+30,6.5600e+27,6.9900e+27,9.2034e+29,1.1758e+29,8.8627e+29,1.8402e+29,5.0900e+27,1.4700e+27,3.4600e+27,3.5300e+27,8.9620e+28,5.4400e+27,5.4294e+08,8.1613e+05,1.3295e+09,4.7929e-15,2.7826e+07,1.7102e+05,3.0886e+05,3.0808e+05,48.9,50.4,0.3,0.3,2.1199e+30,2.0949e+30,2.3380e+28,1.6800e+27,4.2627e+27,0.0000e+00,98.8,1.1,0.1
163,2.1669e+30,1.0464e+30,1.1070e+30,6.4800e+27,6.9900e+27,9.2978e+29,1.1663e+29,9.2352e+29,1.8350e+29,4.9700e+27,1.5100e+27,3.7500e+27,3.2400e+27,9.2470e+28,6.0900e+27,5.4037e+08,5.3713e+05,1.2120e+09,2.7807e-11,2.6805e+07,1.7966e+05,3.0807e+05,3.0733e+05,48.3,51.1,0.3,0.3,2.1682e+30,2.1423e+30,2.4390e+28,1.4900e+27,4.2250e+27,0.0000e+00,98.8,1.1,0.1
164,2.2004e+30,1.0584e+30,1.1288e+30,6.2800e+27,7.0000e+27,9.3837e+29,1.2002e+29,9.4504e+29,1.8373e+29,4.8300e+27,1.4500e+27,3.2200e+27,3.7800e+27,9.3130e+28,7.3000e+27,5.3681e+08,2.3072e+05,1.2442e+09,3.9451e-15,2.5936e+07,1.8225e+05,3.0733e+05,3.0664e+05,48.1,51.3,0.3,0.3,2.1988e+30,2.1730e+30,2.4460e+28,1.3900e+27,4.1898e+27,0.0000e+00,98.8,1.1,0.1
165,2.2455e+30,1.0732e+30,1.1583e+30,6.7900e+27,7.2000e+27,9.4533e+29,1.2791e+29,9.6377e+29,1.9454e+29,5.1600e+27,1.6300e+27,3.9300e+27,3.2700e+27,8.3390e+28,5.2700e+27,5.3382e+08,4.5720e+02,1.3695e+09,1.0241e-20,2.8302e+07,2.1065e+05,3.0664e+05,3.0598e+05,47.8,51.6,0.3,0.3,2.2445e+30,2.2193e+30,2.3890e+28,1.2700e+27,4.1840e+27,0.0000e+00,98.9,1.1,0.1
166,2.2827e+30,1.0841e+30,1.1840e+30,7.6200e+27,6.9700e+27,9.4413e+29,1.3995e+29,9.5456e+29,2.2947e+29,6.0000e+27,1.6200e+27,3.3900e+27,3.5800e+27,8.5520e+28,5.0300e+27,5.2919e+08,9.5467e+05,1.3116e+09,3.1685e-17,2.8040e+07,2.3469e+05,3.0598e+05,3.0537e+05,47.5,51.9,0.3,0.3,2.2822e+30,2.2552e+30,2.5560e+28,1.4900e+27,4.1533e+27,0.0000e+00,98.8,1.1,0.1
167,2.3100e+30,1.0997e+30,1.1956e+30,7.5300e+27,7.1800e+27,9.5629e+29,1.4340e+29,9.6836e+29,2.2728e+29,5.7900e+27,1.7400e+27,3.6000e+27,3.5800e+27,8.9550e+28,5.4100e+27,5.2512e+08,6.4144e+05,1.3181e+09,4.1833e-11,2.7067e+07,2.4738e+05,3.0537e+05,3.0481e+05,47.6,51.8,0.3,0.3,2.3098e+30,2.2829e+30,2.5310e+28,1.5300e+27,4.1382e+27,0.0000e+00,98.8,1.1,0.1
168,2.3474e+30,1.1103e+30,1.2224e+30,7.6100e+27,7.0300e+27,9.6592e+29,1.4438e+29,9.9428e+29,2.2814e+29,5.8000e+27,1.8100e+27,3.5000e+27,3.5300e+27,9.1760e+28,6.4200e+27,5.2030e+08,2.9315e+05,1.3861e+09,5.1510e-14,2.6113e+07,2.4056e+05,3.0481e+05,3.0429e+05,47.3,52.1,0.3,0.3,2.3476e+30,2.3200e+30,2.6100e+28,1.4600e+27,4.1120e+27,0.0000e+00,98.8,1.1,0.1
169,2.3986e+30,1.1232e+30,1.2609e+30,7.5400e+27,6.9600e+27,9.7166e+29,1.5151e+29,1.0238e+30,2.3715e+29,5.7300e+27,1.8100e+27,3.7300e+27,3.2300e+27,8.4310e+28,4.7400e+27,5.1651e+08,1.2439e+02,1.3631e+09,1.0212e-20,2.8689e+07,2.4401e+05,3.0429e+05,3.0382e+05,46.8,52.6,0.3,0.3,2.3972e+30,2.3691e+30,2.6700e+28,1.3600e+27,4.1013e+27,0.0000e+00,98.8,1.1,0.1
170,2.4146e+30,1.1352e+30,1.2641e+30,8.1900e+27,7.1700e+27,9.6561e+29,1.6955e+29,9.9609e+29,2.6796e+29,6.2100e+27,1.9800e+27,3.6500e+27,3.5200e+27,8.4300e+28,4.6800e+27,5.1231e+08,6.7589e+05,1.5361e+09,3.5850e-20,2.8507e+07,2.5463e+05,3.0382e+05,3.0339e+05,47.0,52.4,0.3,0.3,2.4142e+30,2.3851e+30,2.7520e+28,1.5600e+27,4.0795e+27,0.0000e+00,98.8,1.1,0.1
171,2.4741e+30,1.1522e+30,1.3062e+30,8.6400e+27,7.0500e+27,9.7816e+29,1.7407e+29,1.0337e+30,2.7247e+29,6.5200e+27,2.1200e+27,3.6000e+27,3.4500e+27,8.7560e+28,5.1800e+27,5.0911e+08,6.6273e+05,1.3822e+09,1.0138e-11,2.7741e+07,2.5797e+05,3.0339e+05,3.0301e+05,46.6,52.8,0.3,0.3,2.4734e+30,2.4450e+30,2.7040e+28,1.3700e+27,4.0731e+27,0.0000e+00,98.9,1.1,0.1
172,2.5052e+30,1.1586e+30,1.3311e+30,8.4200e+27,7.0900e+27,9.8506e+29,1.7357e+29,1.0661e+30,2.6502e+29,6.1100e+27,2.3100e+27,3.6300e+27,3.4600e+27,9.1500e+28,6.6000e+27,5.0635e+08,3.3289e+05,1.4466e+09,1.6912e-13,2.6802e+07,2.7197e+05,3.0301e+05,3.0267e+05,46.2,53.1,0.3,0.3,2.5056e+30,2.4774e+30,2.6720e+28,1.4500e+27,4.0557e+27,0.0000e+00,98.9,1.1,0.1
173,2.5392e+30,1.1751e+30,1.3492e+30,7.8700e+27,7.0300e+27,9.9690e+29,1.7823e+29,1.0878e+30,2.6143e+29,5.6700e+27,2.2000e+27,3.3800e+27,3.6500e+27,8.1830e+28,5.0500e+27,5.0167e+08,9.3724e+02,1.5814e+09,1.0166e-20,2.9171e+07,2.9835e+05,3.0267e+05,3.0237e+05,46.3,53.1,0.3,0.3,2.5378e+30,2.5086e+30,2.7840e+28,1.3900e+27,4.0535e+27,0.0000e+00,98.8,1.1,0.1
174,2.5677e+30,1.1813e+30,1.3708e+30,8.7200e+27,6.8800e+27,9.7761e+29,2.0364e+29,1.0577e+30,3.1314e+29,6.3900e+27,2.3300e+27,3.3800e+27,3.5000e+27,8.1280e+28,4.6200e+27,4.9749e+08,1.9289e+05,1.4338e+09,1.0500e-20,2.9162e+07,3.3753e+05,3.0237e+05,3.0213e+05,46.0,53.4,0.3,0.3,2.5676e+30,2.5378e+30,2.8400e+28,1.3800e+27,4.0405e+27,0.0000e+00,98.8,1.1,0.1
175,2.6124e+30,1.1967e+30,1.3994e+30,9.2900e+27,6.9900e+27,9.9216e+29,2.0458e+29,1.0799e+30,3.1950e+29,6.9000e+27,2.3900e+27,3.3700e+27,3.6200e+27,8.5250e+28,4.5000e+27,4.9220e+08,8.0379e+05,1.6613e+09,4.0656e-12,2.8429e+07,3.3215e+05,3.0213e+05,3.0192e+05,45.8,53.6,0.4,0.3,2.6104e+30,2.5806e+30,2.8370e+28,1.4200e+27,4.0297e+27,0.0000e+00,98.9,1.1,0.1
176,2.6268e+30,1.1991e+30,1.4118e+30,8.8900e+27,6.9900e+27,9.9429e+29,2.0483e+29,1.1051e+30,3.0670e+29,6.5900e+27,2.3000e+27,3.6400e+27,3.3500e+27,8.7430e+28,5.7200e+27,4.8818e+08,4.1155e+05,1.4511e+09,6.6139e-13,2.7421e+07,3.5403e+05,3.0192e+05,3.0176e+05,45.6,53.7,0.3,0.3,2.6279e+30,2.5979e+30,2.8660e+28,1.3900e+27,4.0211e+27,0.0000e+00,98.9,1.1,0.1
177,2.6753e+30,1.2144e+30,1.4451e+30,8.7900e+27,7.1000e+27,1.0126e+30,2.0180e+29,1.1404e+30,3.0469e+29,6.3400e+27,2.4500e+27,3.5300e+27,3.5700e+27,8.1300e+28,5.2700e+27,4.8346e+08,1.6168e+04,1.7262e+09,1.0677e-20,2.6453e+07,3.5588e+05,3.0176e+05,3.0165e+05,45.4,54.0,0.3,0.3,2.6741e+30,2.6433e+30,2.9270e+28,1.5000e+27,4.0274e+27,0.0000e+00,98.8,1.1,0.1
178,2.6934e+30,1.2219e+30,1.4548e+30,9.5900e+27,7.0900e+27,9.8828e+29,2.3364e+29,1.0925e+30,3.6238e+29,6.9300e+27,2.6600e+27,3.3700e+27,3.7200e+27,7.8560e+28,4.6200e+27,4.7799e+08,6.1742e+02,1.5182e+09,1.0117e-20,2.7930e+07,4.0212e+05,3.0165e+05,3.0158e+05,45.4,54.0,0.4,0.3,2.6930e+30,2.6614e+30,3.0110e+28,1.5500e+27,4.0103e+27,0.0000e+00,98.8,1.1,0.1
179,2.7077e+30,1.2280e+30,1.4623e+30,1.0020e+28,7.2800e+27,9.9120e+29,2.3681e+29,1.1079e+30,3.5442e+29,7.0700e+27,2.9500e+27,3.8100e+27,3.4700e+27,8.1420e+28,4.4600e+27,4.7188e+08,9.3109e+05,1.5599e+09,1.5800e-12,2.7256e+07,4.1537e+05,3.0158e+05,3.0156e+05,45.4,54.0,0.4,0.3,2.7075e+30,2.6767e+30,2.9200e+28,1.5700e+27,4.0210e+27,0.0000e+00,98.9,1.1,0.1
180,2.7338e+30,1.2344e+30,1.4826e+30,9.6900e+27,7.1700e+27,9.9983e+29,2.3454e+29,1.1316e+30,3.5099e+29,7.0800e+27,2.6100e+27,3.6100e+27,3.5600e+27,8.4290e+28,5.7000e+27,4.6492e+08,4.9152e+05,1.4961e+09,1.1040e-12,2.6610e+07,4.5772e+05,3.0158e+05,3.0156e+05,45.2,54.2,0.4,0.3,2.7349e+30,2.7031e+30,3.0340e+28,1.4600e+27,4.0081e+27,0.0000e+00,98.8,1.1,0.1
181,2.7539e+30,1.2425e+30,1.4946e+30,9.5500e+27,7.2800e+27,1.0094e+30,2.3308e+29,1.1520e+30,3.4256e+29,6.8400e+27,2.7100e+27,3.6600e+27,3.6200e+27,8.0150e+28,5.0000e+27,4.6817e+08,5.2266e+04,1.5380e+09,1.0531e-20,2.6139e+07,4.6589e+05,3.0165e+05,3.0158e+05,45.1,54.3,0.3,0.3,2.7528e+30,2.7210e+30,3.0230e+28,1.6300e+27,4.0231e+27,0.0000e+00,98.8,1.1,0.1
182,2.7620e+30,1.2393e+30,1.5054e+30,1.0300e+28,7.0100e+27,9.7779e+29,2.6149e+29,1.1063e+30,3.9911e+29,7.3800e+27,2.9200e+27,3.4600e+27,3.5500e+27,7.7250e+28,4.2000e+27,4.6954e+08,1.1795e+03,1.4431e+09,1.0049e-20,2.8365e+07,4.9167e+05,3.0176e+05,3.0165e+05,44.9,54.5,0.4,0.3,2.7620e+30,2.7299e+30,3.0550e+28,1.4900e+27,4.0146e+27,0.0000e+00,98.8,1.1,0.1
183,2.8032e+30,1.2478e+30,1.5382e+30,1.0260e+28,7.0200e+27,9.8406e+29,2.6373e+29,1.1409e+30,3.9721e+29,7.1900e+27,3.0700e+27,3.1400e+27,3.8800e+27,7.9330e+28,5.0100e+27,4.6983e+08,1.0992e+06,1.6606e+09,7.7263e-13,2.7653e+07,5.0416e+05,3.0192e+05,3.0176e+05,44.5,54.9,0.4,0.3,2.8021e+30,2.7705e+30,3.0030e+28,1.5500e+27,4.0211e+27,0.0000e+00,98.9,1.1,0.1
184,2.8351e+30,1.2633e+30,1.5543e+30,1.0470e+28,7.0300e+27,1.0006e+30,2.6270e+29,1.1621e+30,3.9220e+29,7.1700e+27,3.3000e+27,3.3300e+27,3.7000e+27,8.4550e+28,5.8800e+27,4.7163e+08,5.8907e+05,1.6565e+09,3.0160e-12,2.6927e+07,5.3602e+05,3.0213e+05,3.0192e+05,44.6,54.8,0.4,0.2,2.8341e+30,2.8011e+30,3.1560e+28,1.4500e+27,4.0426e+27,0.0000e+00,98.8,1.1,0.1
185,2.8239e+30,1.2571e+30,1.5496e+30,1.0100e+28,7.1300e+27,1.0012e+30,2.5586e+29,1.1701e+30,3.7950e+29,6.8800e+27,3.2200e+27,3.5300e+27,3.6000e+27,7.8600e+28,4.8300e+27,4.7149e+08,1.0171e+05,1.4686e+09,7.0204e-20,2.6128e+07,5.4570e+05,3.0237e+05,3.0213e+05,44.5,54.9,0.4,0.3,2.8241e+30,2.7910e+30,3.1650e+28,1.4700e+27,4.0276e+27,0.0000e+00,98.8,1.1,0.1
186,2.8540e+30,1.2615e+30,1.5748e+30,1.0690e+28,6.9700e+27,9.7631e+29,2.8515e+29,1.1476e+30,4.2719e+29,7.2800e+27,3.4100e+27,3.5200e+27,3.4500e+27,7.5550e+28,4.1200e+27,4.6899e+08,9.0208e+02,1.6338e+09,1.0394e-20,2.7681e+07,5.1807e+05,3.0267e+05,3.0237e+05,44.2,55.2,0.4,0.2,2.8538e+30,2.8216e+30,3.0830e+28,1.4000e+27,4.0535e+27,0.0000e+00,98.9,1.1,0.0
187,2.8655e+30,1.2724e+30,1.5760e+30,1.0040e+28,7.0000e+27,9.8167e+29,2.9076e+29,1.1414e+30,4.3467e+29,7.0000e+27,3.0400e+27,3.5500e+27,3.4500e+27,7.7720e+28,4.1200e+27,4.6816e+08,1.1612e+06,1.7674e+09,2.8094e-13,2.6978e+07,5.2855e+05,3.0301e+05,3.0267e+05,44.4,55.0,0.4,0.2,2.8653e+30,2.8318e+30,3.1610e+28,1.8800e+27,4.0557e+27,0.0000e+00,98.8,1.1,0.1
188,2.8775e+30,1.2670e+30,1.5925e+30,1.0950e+28,7.0900e+27,9.8267e+29,2.8429e+29,1.1758e+30,4.1668e+29,7.5900e+27,3.3600e+27,3.5500e+27,3.5400e+27,8.3300e+28,5.1100e+27,4.6736e+08,6.7991e+05,1.5864e+09,5.2899e-12,2.6461e+07,5.3827e+05,3.0339e+05,3.0301e+05,44.0,55.3,0.4,0.2,2.8774e+30,2.8439e+30,3.1750e+28,1.7900e+27,4.0731e+27,0.0000e+00,98.8,1.1,0.1
189,2.8759e+30,1.2664e+30,1.5928e+30,9.7400e+27,6.9900e+27,9.8383e+29,2.8255e+29,1.1810e+30,4.1187e+29,6.7200e+27,3.0200e+27,3.6000e+27,3.3900e+27,7.9250e+28,4.9800e+27,4.6578e+08,1.6728e+05,1.4433e+09,3.5015e-18,2.5500e+07,5.5087e+05,3.0382e+05,3.0339e+05,44.0,55.4,0.3,0.2,2.8763e+30,2.8425e+30,3.2410e+28,1.3600e+27,4.0795e+27,0.0000e+00,98.8,1.1,0.0
190,2.8997e+30,1.2709e+30,1.6103e+30,1.1400e+28,7.0700e+27,9.6433e+29,3.0660e+29,1.1473e+30,4.6309e+29,7.8700e+27,3.5300e+27,3.5500e+27,3.5200e+27,7.4850e+28,4.3800e+27,4.6309e+08,8.4678e+02,1.7349e+09,1.0145e-20,2.7786e+07,5.6156e+05,3.0429e+05,3.0382e+05,43.8,55.5,0.4,0.2,2.8996e+30,2.8657e+30,3.2270e+28,1.6300e+27,4.1013e+27,0.0000e+00,98.8,1.1,0.1
191,2.8897e+30,1.2745e+30,1.5970e+30,1.1100e+28,7.1200e+27,9.5931e+29,3.1517e+29,1.1370e+30,4.5993e+29,7.6700e+27,3.4300e+27,3.6500e+27,3.4700e+27,7.6980e+28,4.2700e+27,4.6301e+08,1.5920e+06,1.4551e+09,4.6272e-14,2.7183e+07,5.6876e+05,3.0481e+05,3.0429e+05,44.1,55.3,0.4,0.2,2.8885e+30,2.8557e+30,3.1050e+28,1.7600e+27,4.1120e+27,0.0000e+00,98.9,1.1,0.1
192,2.8974e+30,1.2706e+30,1.6091e+30,1.0520e+28,7.1500e+27,9.6325e+29,3.0735e+29,1.1700e+30,4.3912e+29,7.1700e+27,3.3500e+27,3.9400e+27,3.2100e+27,8.1040e+28,5.6500e+27,4.6149e+08,9.9852e+05,1.4524e+09,1.5963e-11,2.6657e+07,5.6204e+05,3.0537e+05,3.0481e+05,43.9,55.5,0.4,0.2,2.8980e+30,2.8644e+30,3.1930e+28,1.6600e+27,4.1382e+27,0.0000e+00,98.8,1.1,0.1
193,2.8911e+30,1.2696e+30,1.6039e+30,1.0560e+28,7.0200e+27,9.6530e+29,3.0435e+29,1.1676e+30,4.3629e+29,6.7500e+27,3.8100e+27,3.4300e+27,3.5900e+27,8.0090e+28,5.1500e+27,4.5937e+08,3.3861e+05,1.5794e+09,1.9487e-16,2.6031e+07,5.9174e+05,3.0598e+05,3.0537e+05,43.9,55.5,0.4,0.2,2.8900e+30,2.8582e+30,3.0230e+28,1.5400e+27,4.1533e+27,0.0000e+00,98.9,1.0,0.1
194,2.8952e+30,1.2736e+30,1.6032e+30,1.1440e+28,6.9800e+27,9.5535e+29,3.1825e+29,1.1398e+30,4.6341e+29,7.5600e+27,3.8800e+27,3.6200e+27,3.3600e+27,7.4610e+28,4.1500e+27,4.5902e+08,1.2123e+03,1.7538e+09,1.0164e-20,2.7630e+07,6.3281e+05,3.0663e+05,3.0598e+05,44.0,55.4,0.4,0.2,2.8954e+30,2.8626e+30,3.1250e+28,1.5500e+27,4.1840e+27,0.0000e+00,98.9,1.1,0.1
195,2.8812e+30,1.2685e+30,1.5952e+30,1.0520e+28,7.0200e+27,9.3717e+29,3.3131e+29,1.1206e+30,4.7460e+29,7.0300e+27,3.4900e+27,3.5900e+27,3.4300e+27,7.7220e+28,4.4700e+27,4.5803e+08,2.0501e+06,1.6886e+09,3.4429e-15,2.7211e+07,6.6126e+05,3.0733e+05,3.0664e+05,44.0,55.4,0.4,0.2,2.8817e+30,2.8491e+30,3.0890e+28,1.7400e+27,4.2035e+27,0.0000e+00,98.9,1.1,0.1
196,2.8893e+30,1.2663e+30,1.6050e+30,1.0790e+28,7.1300e+27,9.3924e+29,3.2711e+29,1.1355e+30,4.6950e+29,7.3100e+27,3.4800e+27,3.7600e+27,3.3700e+27,8.0460e+28,4.8800e+27,4.5614e+08,1.3889e+06,1.6304e+09,1.1525e-10,2.6621e+07,6.5541e+05,3.0807e+05,3.0733e+05,43.8,55.6,0.4,0.2,2.8910e+30,2.8585e+30,3.0650e+28,1.7900e+27,4.2251e+27,0.0000e+00,98.9,1.1,0.1
197,2.8527e+30,1.2546e+30,1.5807e+30,1.0290e+28,7.0800e+27,9.4137e+29,3.1321e+29,1.1320e+30,4.4876e+29,6.6300e+27,3.6600e+27,3.7000e+27,3.3800e+27,7.9910e+28,5.3700e+27,4.5420e+08,5.9496e+05,1.5317e+09,1.6697e-14,2.5991e+07,6.3936e+05,3.0886e+05,3.0808e+05,44.0,55.4,0.4,0.2,2.8522e+30,2.8202e+30,3.0260e+28,1.7400e+27,4.2488e+27,0.0000e+00,98.9,1.1,0.1
198,2.8478e+30,1.2497e+30,1.5807e+30,1.0290e+28,7.2100e+27,9.2938e+29,3.2029e+29,1.1303e+30,4.5031e+29,6.6600e+27,3.6300e+27,3.4900e+27,3.7200e+27,7.5400e+28,4.2700e+27,4.5417e+08,2.1447e+03,1.4408e+09,1.0140e-20,2.7568e+07,6.3185e+05,3.0969e+05,3.0886e+05,43.9,55.5,0.4,0.3,2.8468e+30,2.8146e+30,3.0560e+28,1.6400e+27,4.2747e+27,0.0000e+00,98.9,1.1,0.1
199,2.8490e+30,1.2478e+30,1.5837e+30,1.0470e+28,7.0500e+27,9.0805e+29,3.3975e+29,1.0909e+30,4.9281e+29,6.7500e+27,3.7200e+27,3.3600e+27,3.6900e+27,7.4390e+28,4.6200e+27,4.5556e+08,1.2040e+06,1.4718e+09,9.8687e-18,2.7497e+07,6.4667e+05,3.1057e+05,3.0969e+05,43.8,55.6,0.4,0.2,2.8489e+30,2.8165e+30,3.0670e+28,1.7200e+27,4.3170e+27,0.0000e+00,98.9,1.1,0.1
200,2.8220e+30,1.2427e+30,1.5615e+30,1.0630e+28,7.1700e+27,9.1024e+29,3.3244e+29,1.0943e+30,4.6720e+29,6.9000e+27,3.7300e+27,3.5700e+27,3.6000e+27,7.8790e+28,4.9600e+27,4.5793e+08,1.9413e+06,1.6104e+09,2.7180e-11,2.6793e+07,6.4374e+05,3.1149e+05,3.1057e+05,44.0,55.3,0.4,0.3,2.8244e+30,2.7933e+30,2.9350e+28,1.7500e+27,4.3331e+27,0.0000e+00,98.9,1.0,0.1
201,2.7994e+30,1.2363e+30,1.5452e+30,1.0790e+28,7.0800e+27,9.1216e+29,3.2412e+29,1.0920e+30,4.5320e+29,6.9300e+27,3.8600e+27,3.6400e+27,3.4400e+27,8.1970e+28,6.0800e+27,4.6033e+08,1.0419e+06,1.5006e+09,8.7525e-13,2.6074e+07,6.3576e+05,3.1245e+05,3.1149e+05,44.2,55.2,0.4,0.3,2.7993e+30,2.7679e+30,2.9680e+28,1.7100e+27,4.3801e+27,0.0000e+00,98.9,1.1,0.1
202,2.7796e+30,1.2228e+30,1.5397e+30,1.0110e+28,6.9800e+27,9.0667e+29,3.1611e+29,1.1004e+30,4.3933e+29,6.7600e+27,3.3500e+27,3.4100e+27,3.5700e+27,7.5690e+28,4.6900e+27,4.6154e+08,5.0122e+04,1.4515e+09,1.0389e-20,2.5693e+07,6.5460e+05,3.1346e+05,3.1246e+05,44.0,55.4,0.4,0.3,2.7799e+30,2.7491e+30,2.9020e+28,1.7000e+27,4.4004e+27,0.0000e+00,98.9,1.0,0.1
203,2.7486e+30,1.2219e+30,1.5087e+30,1.0970e+28,7.0500e+27,8.7820e+29,3.4367e+29,1.0266e+30,4.8219e+29,7.0600e+27,3.9100e+27,3.7200e+27,3.3300e+27,7.5610e+28,4.6000e+27,4.6294e+08,2.4407e+03,1.7357e+09,1.0105e-20,2.7554e+07,6.7144e+05,3.1451e+05,3.1346e+05,44.5,54.9,0.4,0.3,2.7482e+30,2.7163e+30,2.9900e+28,1.9200e+27,4.4522e+27,0.0000e+00,98.8,1.1,0.1
204,2.7210e+30,1.2086e+30,1.4952e+30,1.0110e+28,7.0600e+27,8.7537e+29,3.3328e+29,1.0345e+30,4.6066e+29,6.6800e+27,3.4300e+27,3.2500e+27,3.8100e+27,7.7380e+28,4.6300e+27,4.6386e+08,2.6160e+06,1.6097e+09,1.1347e-12,2.6878e+07,6.4576e+05,3.1561e+05,3.1452e+05,44.4,54.9,0.4,0.3,2.7220e+30,2.6914e+30,2.8680e+28,1.9000e+27,4.4768e+27,0.0000e+00,98.9,1.1,0.1
205,2.6853e+30,1.2001e+30,1.4675e+30,1.0660e+28,7.0300e+27,8.7242e+29,3.2769e+29,1.0219e+30,4.4560e+29,6.7400e+27,3.9200e+27,3.4000e+27,3.6300e+27,8.3620e+28,6.2100e+27,4.6712e+08,1.5918e+06,1.5476e+09,2.2149e-11,2.6374e+07,6.1776e+05,3.1675e+05,3.1561e+05,44.7,54.6,0.4,0.3,2.6860e+30,2.6544e+30,2.9460e+28,2.1600e+27,4.5336e+27,0.0000e+00,98.8,1.1,0.1
206,2.6481e+30,1.1885e+30,1.4428e+30,9.8100e+27,7.0200e+27,8.7085e+29,3.1762e+29,1.0240e+30,4.1878e+29,6.2500e+27,3.5600e+27,3.3800e+27,3.6400e+27,8.0560e+28,5.5300e+27,4.6759e+08,5.4746e+05,1.5861e+09,4.0454e-16,2.6192e+07,5.9252e+05,3.1793e+05,3.1675e+05,44.9,54.5,0.4,0.3,2.6485e+30,2.6180e+30,2.8610e+28,1.9400e+27,4.5624e+27,0.0000e+00,98.8,1.1,0.1
207,2.6320e+30,1.1796e+30,1.4354e+30,1.0020e+28,7.0400e+27,8.5466e+29,3.2493e+29,9.9940e+29,4.3599e+29,6.2100e+27,3.8100e+27,3.5200e+27,3.5200e+27,7.6640e+28,5.3500e+27,4.6928e+08,1.4597e+03,1.4146e+09,1.0400e-20,2.8034e+07,5.6789e+05,3.1916e+05,3.1793e+05,44.8,54.5,0.4,0.3,2.6321e+30,2.6023e+30,2.7640e+28,2.1700e+27,4.6087e+27,0.0000e+00,98.9,1.1,0.1
208,2.5915e+30,1.1657e+30,1.4086e+30,1.0120e+28,7.0600e+27,8.3562e+29,3.3007e+29,9.6814e+29,4.4044e+29,6.6600e+27,3.4600e+27,3.7400e+27,3.3200e+27,7.7600e+28,4.9400e+27,4.6893e+08,2.1262e+06,1.4160e+09,1.3378e-15,2.7729e+07,5.5103e+05,3.2043e+05,3.1916e+05,45.0,54.4,0.4,0.3,2.5930e+30,2.5626e+30,2.7930e+28,2.4600e+27,4.6574e+27,0.0000e+00,98.8,1.1,0.1
209,2.5405e+30,1.1512e+30,1.3722e+30,1.0050e+28,7.0700e+27,8.3397e+29,3.1719e+29,9.5450e+29,4.1773e+29,6.5200e+27,3.5300e+27,3.5800e+27,3.4900e+27,8.0900e+28,5.6500e+27,4.7030e+08,2.7399e+06,1.3951e+09,8.6243e-11,2.7115e+07,5.2189e+05,3.2174e+05,3.2043e+05,45.3,54.0,0.4,0.3,2.5407e+30,2.5119e+30,2.6570e+28,2.2400e+27,4.6924e+27,0.0000e+00,98.9,1.0,0.1
210,2.5115e+30,1.1384e+30,1.3563e+30,9.8800e+27,6.9400e+27,8.2712e+29,3.1127e+29,9.5694e+29,3.9936e+29,6.4700e+27,3.4100e+27,3.3500e+27,3.5900e+27,8.3280e+28,6.9700e+27,4.7268e+08,1.4693e+06,1.4544e+09,1.5276e-12,2.6507e+07,5.0234e+05,3.2310e+05,3.2174e+05,45.3,54.0,0.4,0.3,2.5122e+30,2.4837e+30,2.6060e+28,2.4800e+27,4.7620e+27,0.0000e+00,98.9,1.0,0.1
211,2.4725e+30,1.1246e+30,1.3314e+30,9.5300e+27,7.0300e+27,8.2526e+29,2.9933e+29,9.4922e+29,3.8213e+29,6.4100e+27,3.1200e+27,3.5900e+27,3.4400e+27,7.9130e+28,5.8700e+27,4.7562e+08,1.7631e+05,1.3053e+09,1.1175e-20,2.5718e+07,4.7445e+05,3.2449e+05,3.2310e+05,45.5,53.8,0.4,0.3,2.4724e+30,2.4436e+30,2.6340e+28,2.5000e+27,4.7850e+27,0.0000e+00,98.8,1.1,0.1
212,2.4322e+30,1.1144e+30,1.3012e+30,9.5100e+27,7.0300e+27,8.0173e+29,3.1266e+29,9.0246e+29,3.9878e+29,6.2000e+27,3.3100e+27,3.5000e+27,3.5300e+27,7.8670e+28,5.0600e+27,4.7615e+08,2.2166e+03,1.5692e+09,1.0041e-20,2.7941e+07,4.5772e+05,3.2594e+05,3.2450e+05,45.8,53.5,0.4,0.3,2.4340e+30,2.4047e+30,2.6460e+28,2.8000e+27,4.8597e+27,0.0000e+00,98.8,1.1,0.1
213,2.3687e+30,1.0926e+30,1.2600e+30,9.1800e+27,6.9200e+27,7.8558e+29,3.0702e+29,8.7730e+29,3.8269e+29,5.9300e+27,3.2500e+27,3.4100e+27,3.5100e+27,7.9800e+28,5.3600e+27,4.7656e+08,4.0417e+06,1.5204e+09,3.8418e-13,2.7626e+07,4.3471e+05,3.2742e+05,3.2594e+05,46.1,53.2,0.4,0.3,2.3697e+30,2.3413e+30,2.5910e+28,2.4300e+27,4.9035e+27,0.0000e+00,98.8,1.1,0.1
214,2.3393e+30,1.0825e+30,1.2405e+30,9.0000e+27,7.2100e+27,7.8895e+29,2.9358e+29,8.8295e+29,3.5757e+29,5.8300e+27,3.1700e+27,3.5600e+27,3.6500e+27,8.4500e+28,5.8600e+27,4.7717e+08,2.7356e+06,1.3591e+09,2.4291e-10,2.7118e+07,4.3689e+05,3.2894e+05,3.2742e+05,46.3,53.0,0.4,0.3,2.3391e+30,2.3109e+30,2.5770e+28,2.4800e+27,4.9665e+27,0.0000e+00,98.8,1.1,0.1
215,2.3155e+30,1.0775e+30,1.2225e+30,8.4000e+27,7.0300e+27,7.9081e+29,2.8671e+29,8.7995e+29,3.4259e+29,5.0900e+27,3.3100e+27,3.7200e+27,3.3100e+27,8.8260e+28,6.9500e+27,4.7671e+08,1.3700e+06,1.3745e+09,1.7139e-13,2.6611e+07,3.9306e+05,3.3052e+05,3.2895e+05,46.5,52.8,0.4,0.3,2.3156e+30,2.2881e+30,2.4620e+28,2.9200e+27,5.0323e+27,0.0000e+00,98.8,1.1,0.1
216,2.2746e+30,1.0601e+30,1.1986e+30,8.8600e+27,7.0200e+27,7.8358e+29,2.7656e+29,8.7545e+29,3.2314e+29,5.5900e+27,3.2700e+27,3.6100e+27,3.4100e+27,8.0600e+28,5.8700e+27,4.7636e+08,3.6110e+03,1.3189e+09,1.0402e-20,2.8183e+07,3.8692e+05,3.3213e+05,3.3052e+05,46.6,52.7,0.4,0.3,2.2760e+30,2.2491e+30,2.3850e+28,3.0300e+27,5.0828e+27,0.0000e+00,98.8,1.0,0.1
217,2.2238e+30,1.0377e+30,1.1700e+30,8.9400e+27,7.1000e+27,7.4763e+29,2.9011e+29,8.1889e+29,3.5116e+29,5.8100e+27,3.1300e+27,3.8300e+27,3.2700e+27,7.9620e+28,5.3800e+27,4.7689e+08,2.7950e+05,1.4477e+09,1.0675e-20,2.8157e+07,3.6551e+05,3.3377e+05,3.3213e+05,46.7,52.6,0.4,0.3,2.2229e+30,2.1958e+30,2.3780e+28,3.2900e+27,5.1351e+27,0.0000e+00,98.8,1.1,0.1
218,2.1777e+30,1.0289e+30,1.1327e+30,8.9100e+27,7.1300e+27,7.5209e+29,2.7685e+29,8.0431e+29,3.2839e+29,5.5800e+27,3.3300e+27,3.6600e+27,3.4700e+27,8.5000e+28,5.8000e+27,4.8230e+08,4.6956e+06,1.3514e+09,1.9000e-12,2.7417e+07,3.2837e+05,3.3547e+05,3.3378e+05,47.2,52.0,0.4,0.3,2.1784e+30,2.1519e+30,2.3230e+28,3.2200e+27,5.2080e+27,0.0000e+00,98.8,1.1,0.1
219,2.1584e+30,1.0134e+30,1.1297e+30,8.3100e+27,7.0300e+27,7.4484e+29,2.6852e+29,8.0924e+29,3.2042e+29,5.2300e+27,3.0800e+27,3.5900e+27,3.4400e+27,8.9030e+28,7.7600e+27,4.8519e+08,3.2268e+06,1.5485e+09,3.0656e-10,2.6714e+07,3.1627e+05,3.3720e+05,3.3547e+05,47.0,52.3,0.4,0.3,2.1596e+30,2.1330e+30,2.3130e+28,3.4900e+27,5.2837e+27,0.0000e+00,98.8,1.1,0.2
220,2.1033e+30,1.0032e+30,1.0853e+30,7.7200e+27,7.0100e+27,7.4559e+29,2.5764e+29,7.9086e+29,2.9444e+29,4.9300e+27,2.7900e+27,3.4600e+27,3.5500e+27,8.8690e+28,7.6300e+27,4.8653e+08,1.6504e+06,1.5917e+09,3.0006e-13,2.6011e+07,2.9841e+05,3.3898e+05,3.3721e+05,47.7,51.6,0.4,0.3,2.1041e+30,2.0782e+30,2.2750e+28,3.1900e+27,5.3430e+27,0.0000e+00,98.8,1.1,0.2
221,2.0559e+30,9.8095e+29,1.0597e+30,8.1900e+27,7.0400e+27,7.3435e+29,2.4660e+29,7.8490e+29,2.7482e+29,5.1900e+27,3.0000e+27,3.4600e+27,3.5800e+27,8.4240e+28,6.1800e+27,4.8912e+08,3.1516e+04,1.4114e+09,1.0075e-20,2.5512e+07,2.6546e+05,3.4079e+05,3.3898e+05,47.7,51.5,0.4,0.3,2.0556e+30,2.0298e+30,2.2130e+28,3.7300e+27,5.4042e+27,0.0000e+00,98.7,1.1,0.2
222,2.0112e+30,9.6467e+29,1.0319e+30,7.6600e+27,7.0000e+27,7.0726e+29,2.5741e+29,7.3516e+29,2.9670e+29,5.0800e+27,2.5800e+27,3.8200e+27,3.1800e+27,8.3060e+28,5.7300e+27,4.9337e+08,1.2570e+03,1.3127e+09,1.0310e-20,2.8380e+07,2.5774e+05,3.4265e+05,3.4080e+05,48.0,51.3,0.4,0.3,2.0115e+30,1.9859e+30,2.1270e+28,4.4100e+27,5.4874e+27,0.0000e+00,98.7,1.1,0.2
223,1.9755e+30,9.5496e+29,1.0055e+30,8.0800e+27,6.9700e+27,7.0607e+29,2.4889e+29,7.3030e+29,2.7522e+29,5.1000e+27,2.9800e+27,3.2400e+27,3.7300e+27,8.6820e+28,6.1500e+27,4.9953e+08,5.2697e+06,1.3761e+09,7.6210e-13,2.7886e+07,2.5332e+05,3.4455e+05,3.4265e+05,48.3,50.9,0.4,0.4,1.9761e+30,1.9499e+30,2.1930e+28,4.3300e+27,5.5737e+27,0.0000e+00,98.7,1.1,0.2
224,1.9352e+30,9.3860e+29,9.8243e+29,7.1100e+27,7.0100e+27,7.0164e+29,2.3696e+29,7.1696e+29,2.6547e+29,4.6200e+27,2.4900e+27,3.7200e+27,3.2900e+27,9.1990e+28,7.9000e+27,4.9957e+08,3.8503e+06,1.2696e+09,9.2233e-10,2.7022e+07,2.1773e+05,3.4648e+05,3.4455e+05,48.5,50.8,0.4,0.4,1.9361e+30,1.9096e+30,2.1950e+28,4.5500e+27,5.6212e+27,0.0000e+00,98.6,1.1,0.2
225,1.9098e+30,9.2446e+29,9.7095e+29,7.1900e+27,7.2200e+27,6.9720e+29,2.2726e+29,7.2551e+29,2.4544e+29,4.3700e+27,2.8200e+27,3.5700e+27,3.6500e+27,9.3740e+28,8.4200e+27,4.9970e+08,2.2921e+06,1.4914e+09,5.9874e-12,2.6573e+07,2.2438e+05,3.4845e+05,3.4648e+05,48.4,50.8,0.4,0.4,1.9103e+30,1.8843e+30,2.1370e+28,4.5900e+27,5.7121e+27,0.0000e+00,98.6,1.1,0.2
226,1.8610e+30,9.1051e+29,9.3673e+29,6.7200e+27,7.0400e+27,6.9475e+29,2.1576e+29,7.1139e+29,2.2534e+29,4.3100e+27,2.4100e+27,3.3500e+27,3.6900e+27,8.8810e+28,6.9300e+27,4.9831e+08,6.6484e+05,1.5866e+09,2.6954e-17,2.6415e+07,2.0617e+05,3.5047e+05,3.4846e+05,48.9,50.3,0.4,0.4,1.8612e+30,1.8371e+30,1.9560e+28,4.5200e+27,5.8062e+27,0.0000e+00,98.7,1.1,0.2
227,1.8299e+30,8.9514e+29,9.2068e+29,6.9800e+27,7.0800e+27,6.7605e+29,2.1909e+29,6.8405e+29,2.3663e+29,4.2300e+27,2.7500e+27,3.5600e+27,3.5200e+27,8.6380e+28,6.6900e+27,4.9913e+08,1.9801e+03,1.4072e+09,1.0040e-20,2.9599e+07,1.9231e+05,3.5252e+05,3.5047e+05,48.9,50.3,0.4,0.4,1.8296e+30,1.8054e+30,1.9680e+28,4.5700e+27,5.8812e+27,0.0000e+00,98.7,1.1,0.2
228,1.7849e+30,8.7730e+29,8.9379e+29,6.7900e+27,7.0300e+27,6.6045e+29,2.1685e+29,6.6178e+29,2.3201e+29,4.4400e+27,2.3500e+27,3.5400e+27,3.4900e+27,8.8540e+28,6.4700e+27,5.0172e+08,3.2739e+06,1.4177e+09,3.6837e-15,2.8960e+07,1.6374e+05,3.5461e+05,3.5253e+05,49.2,50.1,0.4,0.4,1.7861e+30,1.7616e+30,1.9460e+28,5.0400e+27,5.9582e+27,0.0000e+00,98.6,1.1,0.3
229,1.7696e+30,8.7545e+29,8.8028e+29,6.7900e+27,7.0500e+27,6.6707e+29,2.0838e+29,6.6073e+29,2.1955e+29,4.2800e+27,2.5100e+27,3.4000e+27,3.6500e+27,9.2410e+28,8.5300e+27,5.0363e+08,4.9966e+06,1.8292e+09,7.0921e-11,2.8429e+07,1.7920e+05,3.5674e+05,3.5462e+05,49.5,49.7,0.4,0.4,1.7686e+30,1.7439e+30,1.9720e+28,4.9900e+27,6.0603e+27,0.0000e+00,98.6,1.1,0.3
230,1.7398e+30,8.5738e+29,8.6859e+29,6.7800e+27,7.0300e+27,6.5709e+29,2.0029e+29,6.5707e+29,2.1152e+29,4.4600e+27,2.3200e+27,3.5400e+27,3.4900e+27,9.6290e+28,9.4500e+27,5.0625e+08,3.5372e+06,1.6305e+09,3.9816e-10,2.7757e+07,1.6981e+05,3.5891e+05,3.5675e+05,49.3,49.9,0.4,0.4,1.7418e+30,1.7177e+30,1.8470e+28,5.6000e+27,6.1421e+27,0.0000e+00,98.6,1.1,0.3
231,1.7127e+30,8.4426e+29,8.5533e+29,5.9600e+27,7.1300e+27,6.5164e+29,1.9262e+29,6.4890e+29,2.0643e+29,3.9600e+27,2.0000e+27,3.6500e+27,3.4800e+27,9.8330e+28,9.0200e+27,5.1055e+08,1.9581e+06,1.4025e+09,8.5074e-13,2.7539e+07,1.6545e+05,3.6111e+05,3.5891e+05,49.3,49.9,0.3,0.4,1.7119e+30,1.6870e+30,1.9340e+28,5.5900e+27,6.2258e+27,0.0000e+00,98.5,1.1,0.3
232,1.6785e+30,8.2833e+29,8.3724e+29,5.9600e+27,6.9700e+27,6.4587e+29,1.8246e+29,6.4686e+29,1.9038e+29,3.7900e+27,2.1700e+27,3.2900e+27,3.6800e+27,9.1020e+28,7.4400e+27,5.1710e+08,3.3289e+05,1.4070e+09,2.2759e-20,2.6714e+07,1.5744e+05,3.6334e+05,3.6112e+05,49.3,49.9,0.4,0.4,1.6784e+30,1.6536e+30,1.9360e+28,5.4200e+27,6.3114e+27,0.0000e+00,98.5,1.2,0.3
233,1.6504e+30,8.1690e+29,8.1988e+29,6.5600e+27,7.0800e+27,6.2522e+29,1.9168e+29,6.1325e+29,2.0663e+29,4.6400e+27,1.9200e+27,3.5500e+27,3.5300e+27,8.9160e+28,7.0700e+27,5.2168e+08,3.4161e+03,1.2650e+09,1.0087e-20,3.0015e+07,1.3921e+05,3.6562e+05,3.6335e+05,49.5,49.7,0.4,0.4,1.6519e+30,1.6273e+30,1.8550e+28,6.0200e+27,6.4241e+27,0.0000e+00,98.5,1.1,0.4
234,1.6168e+30,8.1231e+29,7.9114e+29,6.3700e+27,6.9500e+27,6.2724e+29,1.8507e+29,5.9331e+29,1.9783e+29,4.2800e+27,2.0900e+27,3.4200e+27,3.5300e+27,9.3410e+28,7.3900e+27,5.2738e+08,4.4690e+06,1.3262e+09,5.0590e-14,2.9519e+07,1.1309e+05,3.6793e+05,3.6563e+05,50.2,48.9,0.4,0.4,1.6168e+30,1.5923e+30,1.8300e+28,6.2500e+27,6.5145e+27,0.0000e+00,98.5,1.1,0.4
235,1.5993e+30,7.9736e+29,7.8926e+29,5.6300e+27,7.0600e+27,6.1969e+29,1.7767e+29,6.0144e+29,1.8782e+29,3.4400e+27,2.1900e+27,3.6100e+27,3.4500e+27,9.6820e+28,9.3900e+27,5.3160e+08,4.8116e+06,1.2285e+09,1.7339e-10,2.8799e+07,9.0760e+04,3.7028e+05,3.6794e+05,49.9,49.4,0.4,0.4,1.5993e+30,1.5753e+30,1.7790e+28,6.2400e+27,6.6332e+27,0.0000e+00,98.5,1.1,0.4
236,1.5793e+30,7.8512e+29,7.8143e+29,5.6900e+27,7.0200e+27,6.1546e+29,1.6966e+29,6.0280e+29,1.7863e+29,3.7900e+27,1.9000e+27,3.6200e+27,3.4000e+27,1.0258e+29,1.0150e+28,5.3446e+08,3.5346e+06,1.4015e+09,1.1547e-09,2.8266e+07,9.4239e+04,3.7267e+05,3.7029e+05,49.7,49.5,0.4,0.4,1.5792e+30,1.5556e+30,1.7680e+28,5.9200e+27,6.7285e+27,0.0000e+00,98.5,1.1,0.4
237,1.5199e+30,7.6744e+29,7.4053e+29,5.0100e+27,6.9100e+27,6.0682e+29,1.6062e+29,5.7302e+29,1.6751e+29,3.2500e+27,1.7600e+27,3.4600e+27,3.4500e+27,1.0257e+29,9.7100e+27,5.3776e+08,2.1453e+06,1.2592e+09,7.0422e-12,2.7589e+07,1.0241e+05,3.7508e+05,3.7268e+05,50.5,48.7,0.3,0.5,1.5214e+30,1.4973e+30,1.7270e+28,6.8000e+27,6.8256e+27,0.0000e+00,98.4,1.1,0.4
238,1.4842e+30,7.5344e+29,7.1856e+29,5.1600e+27,7.0200e+27,5.9915e+29,1.5429e+29,5.6331e+29,1.5525e+29,3.4100e+27,1.7500e+27,3.3100e+27,3.7100e+27,9.6790e+28,8.5800e+27,5.3913e+08,7.5198e+05,1.8668e+09,1.7154e-16,2.7000e+07,1.0513e+05,3.7753e+05,3.7509e+05,50.8,48.4,0.3,0.5,1.4842e+30,1.4603e+30,1.7460e+28,6.4100e+27,6.9245e+27,0.0000e+00,98.4,1.2,0.4
239,1.4617e+30,7.4200e+29,7.0699e+29,5.7100e+27,7.0400e+27,5.8836e+29,1.5364e+29,5.5339e+29,1.5360e+29,3.7500e+27,1.9600e+27,3.4700e+27,3.5700e+27,9.4160e+28,8.1600e+27,5.4406e+08,2.9399e+03,1.2600e+09,1.0118e-20,3.0177e+07,8.4284e+04,3.8002e+05,3.7754e+05,50.8,48.4,0.4,0.5,1.4641e+30,1.4408e+30,1.6690e+28,6.5400e+27,7.0540e+27,0.0000e+00,98.4,1.1,0.4
240,1.4320e+30,7.3190e+29,6.8794e+29,5.1800e+27,6.9700e+27,5.7767e+29,1.5423e+29,5.3512e+29,1.5282e+29,3.6100e+27,1.5700e+27,3.5100e+27,3.4600e+27,9.5300e+28,8.8000e+27,5.4718e+08,2.6171e+06,1.3721e+09,1.8901e-16,2.9888e+07,6.8411e+04,3.8254e+05,3.8003e+05,51.1,48.0,0.4,0.5,1.4308e+30,1.4077e+30,1.6390e+28,6.7300e+27,7.1577e+27,0.0000e+00,98.4,1.1,0.5
241,1.4160e+30,7.2629e+29,6.7786e+29,4.8700e+27,6.9900e+27,5.7802e+29,1.4827e+29,5.2647e+29,1.5139e+29,3.2700e+27,1.6000e+27,3.5000e+27,3.4900e+27,1.0011e+29,8.8700e+27,5.5253e+08,4.5631e+06,1.4024e+09,1.3738e-11,2.9111e+07,6.4041e+04,3.8508e+05,3.8255e+05,51.3,47.9,0.3,0.5,1.4167e+30,1.3936e+30,1.6290e+28,6.7200e+27,7.2632e+27,0.0000e+00,98.4,1.1,0.5
242,1.3900e+30,7.1272e+29,6.6533e+29,4.9900e+27,7.0000e+27,5.6987e+29,1.4285e+29,5.1919e+29,1.4614e+29,3.5000e+27,1.4900e+27,3.3900e+27,3.6100e+27,1.0181e+29,1.1230e+28,5.5680e+08,3.8021e+06,1.3664e+09,2.5771e-09,2.8756e+07,6.1052e+04,3.8767e+05,3.8509e+05,51.3,47.9,0.4,0.5,1.3889e+30,1.3651e+30,1.6430e+28,7.3200e+27,7.4012e+27,0.0000e+00,98.3,1.2,0.5
243,1.3710e+30,7.0407e+29,6.5508e+29,4.8700e+27,6.9400e+27,5.6306e+29,1.4101e+29,5.1323e+29,1.4185e+29,3.0800e+27,1.7900e+27,3.2700e+27,3.6700e+27,1.0711e+29,1.1920e+28,5.5897e+08,2.7969e+06,1.3354e+09,5.8857e-10,2.8187e+07,5.7652e+04,3.9029e+05,3.8768e+05,51.4,47.8,0.4,0.5,1.3720e+30,1.3482e+30,1.6520e+28,7.2800e+27,7.5113e+27,0.0000e+00,98.3,1.2,0.5
244,1.3504e+30,6.9161e+29,6.4719e+29,4.6100e+27,6.9900e+27,5.5842e+29,1.3319e+29,5.0607e+29,1.4112e+29,3.0600e+27,1.5500e+27,3.3900e+27,3.6000e+27,1.0834e+29,1.1050e+28,5.5989e+08,1.7460e+06,1.2895e+09,3.8882e-12,2.7627e+07,5.6695e+04,3.9293e+05,3.9030e+05,51.2,47.9,0.3,0.5,1.3496e+30,1.3265e+30,1.5910e+28,7.2600e+27,7.6230e+27,0.0000e+00,98.3,1.2,0.5
245,1.3197e+30,6.8046e+29,6.2798e+29,4.3200e+27,6.9500e+27,5.5400e+29,1.2646e+29,4.9595e+29,1.3203e+29,2.6800e+27,1.6400e+27,3.4700e+27,3.4800e+27,1.0103e+29,9.6900e+27,5.6147e+08,6.4788e+05,1.2589e+09,1.6073e-16,2.6900e+07,6.6493e+04,3.9560e+05,3.9294e+05,51.6,47.6,0.3,0.5,1.3215e+30,1.2980e+30,1.5710e+28,7.7400e+27,7.7363e+27,0.0000e+00,98.2,1.2,0.6
246,1.3030e+30,6.7600e+29,6.1560e+29,4.4600e+27,6.9600e+27,5.4768e+29,1.2832e+29,4.8077e+29,1.3483e+29,3.1300e+27,1.3300e+27,3.5800e+27,3.3800e+27,9.9140e+28,9.1100e+27,5.6210e+08,3.2062e+03,1.4705e+09,1.0085e-20,3.0210e+07,5.6345e+04,3.9830e+05,3.9561e+05,51.9,47.2,0.3,0.5,1.3020e+30,1.2797e+30,1.5340e+28,6.9900e+27,7.8849e+27,0.0000e+00,98.3,1.2,0.5
247,1.2815e+30,6.6068e+29,6.0959e+29,4.3200e+27,6.9600e+27,5.3684e+29,1.2384e+29,4.7354e+29,1.3605e+29,2.8800e+27,1.4400e+27,3.4800e+27,3.4800e+27,9.9660e+28,9.6300e+27,5.6584e+08,2.4134e+06,1.4062e+09,4.1427e-17,2.9811e+07,5.2361e+04,4.0103e+05,3.9831e+05,51.6,47.6,0.3,0.5,1.2834e+30,1.2600e+30,1.5260e+28,8.0500e+27,8.0026e+27,0.0000e+00,98.2,1.2,0.6
248,1.2477e+30,6.4832e+29,5.8813e+29,4.2600e+27,7.0200e+27,5.2624e+29,1.2208e+29,4.5837e+29,1.2976e+29,2.7700e+27,1.4900e+27,3.3600e+27,3.6600e+27,1.0175e+29,1.0640e+28,5.7139e+08,2.8728e+06,1.2042e+09,5.5000e-12,2.9264e+07,5.3766e+04,4.0380e+05,4.0105e+05,52.0,47.1,0.3,0.6,1.2471e+30,1.2230e+30,1.5850e+28,8.2600e+27,8.1573e+27,0.0000e+00,98.1,1.3,0.7
249,1.2356e+30,6.3940e+29,5.8546e+29,3.7900e+27,6.9300e+27,5.2133e+29,1.1807e+29,4.5858e+29,1.2688e+29,2.6600e+27,1.1300e+27,3.3600e+27,3.5700e+27,1.0426e+29,1.2150e+28,5.7743e+08,3.1599e+06,1.4728e+09,1.1617e-09,2.9050e+07,5.0571e+04,4.0658e+05,4.0381e+05,51.7,47.4,0.3,0.6,1.2360e+30,1.2131e+30,1.4960e+28,7.9200e+27,8.2429e+27,0.0000e+00,98.1,1.2,0.6
250,1.2111e+30,6.3057e+29,5.6990e+29,3.7000e+27,6.9300e+27,5.1837e+29,1.1220e+29,4.4661e+29,1.2329e+29,2.5100e+27,1.1900e+27,3.2700e+27,3.6600e+27,1.1075e+29,1.2330e+28,5.7756e+08,3.1799e+06,1.5925e+09,1.3078e-08,2.8359e+07,4.7218e+04,4.0940e+05,4.0659e+05,52.1,47.1,0.3,0.6,1.2110e+30,1.1888e+30,1.4300e+28,7.8900e+27,8.4017e+27,0.0000e+00,98.2,1.2,0.7
251,1.1968e+30,6.2532e+29,5.6088e+29,3.6700e+27,6.9700e+27,5.1626e+29,1.0906e+29,4.4330e+29,1.1758e+29,2.3000e+27,1.3700e+27,3.6700e+27,3.3000e+27,1.1342e+29,1.3320e+28,5.8005e+08,2.5838e+06,1.3574e+09,4.8319e-10,2.7818e+07,4.7727e+04,4.1224e+05,4.0941e+05,52.2,46.9,0.3,0.6,1.1980e+30,1.1752e+30,1.4950e+28,7.8100e+27,8.5643e+27,0.0000e+00,98.1,1.2,0.7
252,1.1658e+30,6.1651e+29,5.3860e+29,3.8000e+27,6.9400e+27,5.0989e+29,1.0662e+29,4.3049e+29,1.0811e+29,2.5000e+27,1.3000e+27,3.5600e+27,3.3800e+27,1.1358e+29,1.2470e+28,5.8261e+08,1.5975e+06,1.4272e+09,3.7178e-12,2.7042e+07,5.1550e+04,4.1511e+05,4.1226e+05,52.9,46.2,0.3,0.6,1.1650e+30,1.1428e+30,1.4290e+28,7.9000e+27,8.6916e+27,0.0000e+00,98.1,1.2,0.7
253,1.1447e+30,6.0070e+29,5.3400e+29,3.0400e+27,6.9300e+27,5.0064e+29,1.0006e+29,4.2659e+29,1.0741e+29,1.9300e+27,1.1100e+27,3.5100e+27,3.4200e+27,1.0354e+29,1.0920e+28,5.8440e+08,6.2968e+05,1.3158e+09,2.9187e-16,2.6699e+07,4.5662e+04,4.1800e+05,4.1513e+05,52.5,46.7,0.3,0.6,1.1445e+30,1.1224e+30,1.3350e+28,8.7500e+27,8.8199e+27,0.0000e+00,98.1,1.2,0.8
254,1.1297e+30,5.9109e+29,5.2840e+29,3.2200e+27,7.0400e+27,4.9132e+29,9.9770e+28,4.1990e+29,1.0850e+29,2.1600e+27,1.0600e+27,3.6400e+27,3.4000e+27,1.0177e+29,1.0770e+28,5.8507e+08,3.7284e+03,1.2376e+09,1.0031e-20,2.9853e+07,4.0904e+04,4.2091e+05,4.1802e+05,52.3,46.8,0.3,0.6,1.1311e+30,1.1097e+30,1.3690e+28,7.6500e+27,8.9491e+27,0.0000e+00,98.1,1.2,0.7
255,1.1131e+30,5.8453e+29,5.1812e+29,3.4700e+27,6.9400e+27,4.8248e+29,1.0205e+29,4.0471e+29,1.1341e+29,2.4300e+27,1.0400e+27,3.5200e+27,3.4200e+27,1.0293e+29,1.1020e+28,5.8838e+08,2.1141e+06,1.5338e+09,3.5032e-18,2.9769e+07,3.7530e+04,4.2385e+05,4.2093e+05,52.5,46.5,0.3,0.6,1.1137e+30,1.0916e+30,1.4100e+28,7.9900e+27,9.1210e+27,0.0000e+00,98.0,1.3,0.7
256,1.1004e+30,5.7622e+29,5.1426e+29,2.9500e+27,6.9300e+27,4.7707e+29,9.9150e+28,3.9863e+29,1.1563e+29,1.9000e+27,1.0500e+27,3.4700e+27,3.4600e+27,1.0450e+29,1.2650e+28,5.9365e+08,2.3811e+06,1.5472e+09,1.3868e-12,2.9357e+07,4.5887e+04,4.2682e+05,4.2387e+05,52.4,46.7,0.3,0.6,1.1004e+30,1.0773e+30,1.4380e+28,8.6400e+27,9.2965e+27,0.0000e+00,97.9,1.3,0.8
257,1.0813e+30,5.6761e+29,5.0376e+29,2.9800e+27,6.9900e+27,4.7016e+29,9.7450e+28,3.9356e+29,1.1020e+29,1.8800e+27,1.1000e+27,3.3400e+27,3.6500e+27,1.0742e+29,1.3730e+28,5.9826e+08,2.5173e+06,1.2487e+09,3.5106e-10,2.8819e+07,4.0853e+04,4.2981e+05,4.2684e+05,52.5,46.6,0.3,0.6,1.0814e+30,1.0585e+30,1.3860e+28,9.0500e+27,9.4318e+27,0.0000e+00,97.9,1.3,0.8
258,1.0698e+30,5.5860e+29,5.0128e+29,2.9000e+27,7.0200e+27,4.6748e+29,9.1120e+28,3.8869e+29,1.1259e+29,1.9000e+27,1.0000e+27,3.3800e+27,3.6400e+27,1.1225e+29,1.3950e+28,6.0145e+08,2.2279e+06,1.3548e+09,1.2283e-08,2.7896e+07,4.3172e+04,4.3282e+05,4.2983e+05,52.2,46.9,0.3,0.7,1.0688e+30,1.0470e+30,1.3330e+28,8.5400e+27,9.5675e+27,0.0000e+00,98.0,1.2,0.8
259,1.0483e+30,5.5001e+29,4.8843e+29,2.9500e+27,6.9500e+27,4.6013e+29,8.9880e+28,3.8344e+29,1.0499e+29,1.8800e+27,1.0700e+27,3.5400e+27,3.4100e+27,1.1817e+29,1.5080e+28,6.0730e+08,2.1718e+06,1.2637e+09,1.7755e-08,2.7355e+07,3.7542e+04,4.3583e+05,4.3283e+05,52.5,46.6,0.3,0.7,1.0497e+30,1.0285e+30,1.2600e+28,8.6300e+27,9.7036e+27,0.0000e+00,98.0,1.2,0.8
260,1.0370e+30,5.4257e+29,4.8466e+29,2.8900e+27,6.8800e+27,4.5542e+29,8.7150e+28,3.7961e+29,1.0505e+29,1.8900e+27,1.0000e+27,3.5400e+27,3.3400e+27,1.1741e+29,1.4790e+28,6.1393e+08,2.2969e+06,1.7109e+09,1.1483e-09,2.6640e+07,3.2567e+04,4.3888e+05,4.3585e+05,52.3,46.7,0.3,0.7,1.0372e+30,1.0159e+30,1.2870e+28,8.4500e+27,9.8871e+27,0.0000e+00,97.9,1.2,0.8
261,1.0204e+30,5.3155e+29,4.7908e+29,2.8700e+27,6.8700e+27,4.4770e+29,8.3850e+28,3.7517e+29,1.0391e+29,1.9000e+27,9.7000e+26,3.4200e+27,3.4500e+27,1.1744e+29,1.5720e+28,6.1657e+08,1.6419e+06,1.4762e+09,2.7956e-11,2.6053e+07,3.8387e+04,4.4195e+05,4.3889e+05,52.1,47.0,0.3,0.7,1.0203e+30,9.9860e+29,1.3010e+28,8.7300e+27,1.0074e+28,0.0000e+00,97.9,1.3,0.9
262,1.0017e+30,5.2536e+29,4.6684e+29,2.5900e+27,6.9600e+27,4.4317e+29,8.2190e+28,3.6184e+29,1.0500e+29,1.7600e+27,8.3000e+26,3.1500e+27,3.8100e+27,1.1013e+29,1.2970e+28,6.2101e+08,9.2646e+05,1.2730e+09,7.9955e-14,2.5342e+07,3.8618e+04,4.4503e+05,4.4196e+05,52.4,46.6,0.3,0.7,1.0009e+30,9.7872e+29,1.2870e+28,9.2900e+27,1.0215e+28,0.0000e+00,97.8,1.3,0.9
263,9.8804e+29,5.1639e+29,4.6227e+29,2.6100e+27,6.7700e+27,4.3768e+29,7.8710e+28,3.6282e+29,9.9450e+28,1.6400e+27,9.7000e+26,3.3500e+27,3.4200e+27,1.0680e+29,1.2340e+28,6.2682e+08,2.0770e+05,1.3964e+09,3.3780e-20,2.4825e+07,3.6904e+04,4.4812e+05,4.4504e+05,52.3,46.8,0.3,0.7,9.8955e+29,9.6786e+29,1.2800e+28,8.8900e+27,1.0356e+28,0.0000e+00,97.8,1.3,0.9
264,9.6671e+29,5.0627e+29,4.5095e+29,2.6100e+27,6.8800e+27,4.2672e+29,7.9550e+28,3.4424e+29,1.0671e+29,1.8000e+27,8.1000e+26,3.3700e+27,3.5100e+27,1.0659e+29,1.2780e+28,6.3151e+08,3.8060e+02,1.1429e+09,1.0042e-20,2.9002e+07,3.9177e+04,4.5123e+05,4.4814e+05,52.4,46.6,0.3,0.7,9.6621e+29,9.4386e+29,1.3110e+28,9.2400e+27,1.0548e+28,0.0000e+00,97.7,1.4,1.0
265,9.6578e+29,4.9920e+29,4.5714e+29,2.5900e+27,6.8500e+27,4.1989e+29,7.9310e+28,3.4293e+29,1.1421e+29,1.7900e+27,8.0000e+26,3.1800e+27,3.6700e+27,1.0849e+29,1.4280e+28,6.3439e+08,1.7597e+06,1.5192e+09,6.4934e-16,2.8535e+07,3.1886e+04,4.5436e+05,4.5125e+05,51.7,47.3,0.3,0.7,9.6557e+29,9.4331e+29,1.2860e+28,9.4000e+27,1.0690e+28,0.0000e+00,97.7,1.3,1.0
266,9.4524e+29,4.9176e+29,4.4390e+29,2.6500e+27,6.9300e+27,4.1393e+29,7.7830e+28,3.3343e+29,1.1047e+29,1.7000e+27,9.5000e+26,3.5100e+27,3.4200e+27,1.0987e+29,1.4940e+28,6.3924e+08,1.9485e+06,1.5246e+09,3.5006e-12,2.8076e+07,3.5949e+04,4.5750e+05,4.5437e+05,52.0,47.0,0.3,0.7,9.4651e+29,9.2524e+29,1.2300e+28,8.9700e+27,1.0886e+28,0.0000e+00,97.8,1.3,0.9
267,9.3683e+29,4.8933e+29,4.3790e+29,2.6700e+27,6.9300e+27,4.1320e+29,7.6130e+28,3.2980e+29,1.0810e+29,1.8600e+27,8.1000e+26,3.1100e+27,3.8200e+27,1.1166e+29,1.5130e+28,6.4057e+08,2.1154e+06,1.4843e+09,3.4490e-10,2.7417e+07,3.3555e+04,4.6066e+05,4.5752e+05,52.2,46.7,0.3,0.7,9.3655e+29,9.1509e+29,1.2400e+28,9.0600e+27,1.1085e+28,0.0000e+00,97.7,1.3,1.0
268,9.2103e+29,4.7746e+29,4.3462e+29,2.0300e+27,6.9200e+27,4.0373e+29,7.3730e+28,3.2815e+29,1.0647e+29,1.4300e+27,6.0000e+26,3.4100e+27,3.5100e+27,1.1447e+29,1.5490e+28,6.4389e+08,1.4226e+06,1.5118e+09,7.9459e-09,2.6723e+07,3.4132e+04,4.6383e+05,4.6068e+05,51.8,47.2,0.2,0.8,9.2110e+29,8.9928e+29,1.2270e+28,9.5500e+27,1.1230e+28,0.0000e+00,97.6,1.3,1.0
269,8.9571e+29,4.6923e+29,4.1750e+29,2.2400e+27,6.7400e+27,3.9773e+29,7.1500e+28,3.1789e+29,9.9610e+28,1.5200e+27,7.2000e+26,3.3900e+27,3.3500e+27,1.1594e+29,1.5500e+28,6.4722e+08,1.4924e+06,1.4220e+09,8.4609e-08,2.5986e+07,2.8804e+04,4.6700e+05,4.6385e+05,52.4,46.6,0.3,0.8,8.9596e+29,8.7507e+29,1.2440e+28,8.4500e+27,1.1374e+28,0.0000e+00,97.7,1.4,0.9
270,9.0265e+29,4.6628e+29,4.2748e+29,1.8600e+27,7.0300e+27,3.9618e+29,7.0100e+28,3.1586e+29,1.1162e+29,1.1700e+27,6.9000e+26,3.2300e+27,3.8000e+27,1.2199e+29,1.7760e+28,6.4642e+08,1.5289e+06,1.5805e+09,4.9091e-08,2.5446e+07,2.8021e+04,4.7020e+05,4.6702e+05,51.7,47.4,0.2,0.8,9.0274e+29,8.8091e+29,1.2090e+28,9.7400e+27,1.1635e+28,0.0000e+00,97.6,1.3,1.1
271,8.8632e+29,4.5412e+29,4.2284e+29,2.4200e+27,6.9400e+27,3.8787e+29,6.6250e+28,3.1532e+29,1.0752e+29,1.6300e+27,7.9000e+26,3.5500e+27,3.3900e+27,1.1948e+29,1.7340e+28,6.4839e+08,1.3287e+06,1.6156e+09,6.6482e-09,2.4653e+07,3.3236e+04,4.7339e+05,4.7022e+05,51.2,47.7,0.3,0.8,8.8550e+29,8.6321e+29,1.2530e+28,9.7600e+27,1.1721e+28,0.0000e+00,97.5,1.4,1.1
272,8.8191e+29,4.5405e+29,4.1900e+29,1.8800e+27,6.9800e+27,3.8740e+29,6.6650e+28,3.0817e+29,1.1083e+29,1.2500e+27,6.3000e+26,3.4600e+27,3.5200e+27,1.2573e+29,1.8880e+28,6.4851e+08,1.5007e+06,1.1455e+09,5.5554e-10,2.4250e+07,3.2797e+04,4.7661e+05,4.7341e+05,51.5,47.5,0.2,0.8,8.8288e+29,8.6094e+29,1.2350e+28,9.5900e+27,1.1987e+28,0.0000e+00,97.5,1.4,1.1
273,8.6252e+29,4.4324e+29,4.1071e+29,1.7400e+27,6.8300e+27,3.7833e+29,6.4910e+28,3.0679e+29,1.0392e+29,1.1400e+27,6.0000e+26,3.3800e+27,3.4500e+27,1.1985e+29,1.7550e+28,6.4823e+08,1.3785e+06,1.5093e+09,2.2415e-11,2.3228e+07,3.2826e+04,4.7982e+05,4.7662e+05,51.4,47.6,0.2,0.8,8.6278e+29,8.4132e+29,1.2250e+28,9.2100e+27,1.2133e+28,0.0000e+00,97.5,1.4,1.1
274,8.4319e+29,4.3214e+29,4.0255e+29,1.6400e+27,6.8600e+27,3.6848e+29,6.3660e+28,3.0231e+29,1.0024e+29,1.0600e+27,5.8000e+26,3.2200e+27,3.6400e+27,1.1063e+29,1.4980e+28,6.4746e+08,8.9079e+05,1.5296e+09,2.1943e-13,2.2652e+07,3.2116e+04,4.8303e+05,4.7984e+05,51.3,47.7,0.2,0.8,8.4333e+29,8.2190e+29,1.1800e+28,9.6300e+27,1.2277e+28,0.0000e+00,97.5,1.4,1.1
275,8.4194e+29,4.2874e+29,4.0442e+29,1.8400e+27,6.9400e+27,3.6553e+29,6.3210e+28,3.0226e+29,1.0216e+29,1.0900e+27,7.5000e+26,3.4700e+27,3.4700e+27,1.1165e+29,1.4980e+28,6.4790e+08,3.8010e+05,1.5313e+09,4.0562e-17,2.2050e+07,3.4179e+04,4.8627e+05,4.8305e+05,50.9,48.0,0.2,0.8,8.4140e+29,8.1949e+29,1.2380e+28,9.5300e+27,1.2551e+28,0.0000e+00,97.4,1.5,1.1
276,8.2700e+29,4.1829e+29,3.9987e+29,2.0000e+27,6.8400e+27,3.5711e+29,6.1180e+28,2.9118e+29,1.0869e+29,1.2700e+27,7.3000e+26,3.4600e+27,3.3800e+27,1.0849e+29,1.5270e+28,6.4732e+08,2.6107e+01,1.2852e+09,1.0095e-20,2.6202e+07,2.7348e+04,4.8950e+05,4.8629e+05,50.6,48.4,0.2,0.8,8.2700e+29,8.0597e+29,1.1400e+28,9.6300e+27,1.2696e+28,0.0000e+00,97.5,1.4,1.2
277,8.0101e+29,4.0997e+29,3.8243e+29,1.8000e+27,6.8100e+27,3.4791e+29,6.2060e+28,2.7036e+29,1.1207e+29,1.2500e+27,5.5000e+26,3.4000e+27,3.4100e+27,1.0538e+29,1.6140e+28,6.4696e+08,1.3941e+06,1.4283e+09,1.0859e-20,2.6080e+07,2.9157e+04,4.9272e+05,4.8952e+05,51.2,47.7,0.2,0.9,8.0157e+29,7.8131e+29,1.1080e+28,9.1800e+27,1.2838e+28,0.0000e+00,97.5,1.4,1.1
278,8.0383e+29,4.0620e+29,3.8929e+29,1.4800e+27,6.8600e+27,3.4320e+29,6.3000e+28,2.7122e+29,1.1807e+29,1.0400e+27,4.4000e+26,3.4300e+27,3.4300e+27,1.1102e+29,1.7440e+28,6.4417e+08,1.2271e+06,1.1257e+09,1.6326e-14,2.5464e+07,3.1494e+04,4.9597e+05,4.9274e+05,50.5,48.4,0.2,0.9,8.0477e+29,7.8426e+29,1.0890e+28,9.6200e+27,1.3119e+28,0.0000e+00,97.5,1.4,1.2
279,7.8715e+29,4.0127e+29,3.7729e+29,1.7200e+27,6.8700e+27,3.4111e+29,6.0160e+28,2.5968e+29,1.1761e+29,1.2000e+27,5.2000e+26,3.2600e+27,3.6100e+27,1.1384e+29,1.6370e+28,6.4265e+08,1.5482e+06,1.1002e+09,5.1590e-12,2.4639e+07,2.3453e+04,4.9920e+05,4.9599e+05,51.0,47.9,0.2,0.9,7.8709e+29,7.6697e+29,1.0740e+28,9.3800e+27,1.3262e+28,0.0000e+00,97.4,1.4,1.2
280,7.9398e+29,3.9946e+29,3.8622e+29,1.4800e+27,6.8200e+27,3.3894e+29,6.0520e+28,2.6576e+29,1.2046e+29,1.0100e+27,4.7000e+26,3.4700e+27,3.3500e+27,1.1592e+29,1.6660e+28,6.4356e+08,1.4827e+06,1.5328e+09,1.9500e-10,2.3986e+07,2.0574e+04,5.0244e+05,4.9922e+05,50.3,48.6,0.2,0.9,7.9398e+29,7.7356e+29,1.1280e+28,9.1400e+27,1.3475e+28,0.0000e+00,97.4,1.4,1.2
281,7.7886e+29,3.9021e+29,3.8011e+29,1.6600e+27,6.8800e+27,3.3140e+29,5.8810e+28,2.6358e+29,1.1653e+29,1.1200e+27,5.4000e+26,3.4900e+27,3.3900e+27,1.1471e+29,1.6030e+28,6.4674e+08,1.9420e+06,1.1551e+09,2.7392e-09,2.3151e+07,2.5436e+04,5.0567e+05,5.0246e+05,50.1,48.8,0.2,0.9,7.7919e+29,7.5866e+29,1.1180e+28,9.3500e+27,1.3613e+28,0.0000e+00,97.4,1.4,1.2
282,7.7960e+29,3.8666e+29,3.8477e+29,1.3000e+27,6.8700e+27,3.2691e+29,5.9750e+28,2.6710e+29,1.1767e+29,8.1000e+26,4.9000e+26,3.7200e+27,3.1500e+27,1.1503e+29,1.6010e+28,6.4803e+08,1.8220e+06,1.7980e+09,2.1328e-08,2.2486e+07,2.3521e+04,5.0891e+05,5.0569e+05,49.6,49.4,0.2,0.9,7.7882e+29,7.5868e+29,1.0910e+28,9.2300e+27,1.3902e+28,0.0000e+00,97.4,1.4,1.2
283,7.5239e+29,3.7522e+29,3.6898e+29,1.3200e+27,6.8700e+27,3.1868e+29,5.6540e+28,2.5384e+29,1.1514e+29,8.5000e+26,4.7000e+26,3.3600e+27,3.5100e+27,1.1650e+29,1.6440e+28,6.5037e+08,1.7967e+06,1.5146e+09,1.1561e-07,2.1882e+07,2.9037e+04,5.1214e+05,5.0893e+05,49.9,49.0,0.2,0.9,7.5335e+29,7.3389e+29,1.0370e+28,9.0900e+27,1.4040e+28,0.0000e+00,97.4,1.4,1.2
284,7.5823e+29,3.7299e+29,3.7703e+29,1.3100e+27,6.9000e+27,3.1675e+29,5.6240e+28,2.6097e+29,1.1606e+29,8.4000e+26,4.7000e+26,3.5600e+27,3.3400e+27,1.2020e+29,1.7650e+28,6.5143e+08,1.6295e+06,1.1634e+09,4.8184e-07,2.1540e+07,2.2613e+04,5.1536e+05,5.1216e+05,49.2,49.7,0.2,0.9,7.5746e+29,7.3668e+29,1.1420e+28,9.3600e+27,1.4253e+28,0.0000e+00,97.3,1.5,1.2
285,7.4733e+29,3.6546e+29,3.7350e+29,1.5800e+27,6.7900e+27,3.1141e+29,5.4050e+28,2.5856e+29,1.1494e+29,1.0800e+27,5.0000e+26,3.5300e+27,3.2600e+27,1.2310e+29,1.9350e+28,6.5470e+08,1.8907e+06,1.2201e+09,2.7388e-07,2.0898e+07,2.5467e+04,5.1859e+05,5.1538e+05,48.9,50.0,0.2,0.9,7.4758e+29,7.2836e+29,1.0480e+28,8.7400e+27,1.4467e+28,0.0000e+00,97.4,1.4,1.2
286,7.3569e+29,3.6366e+29,3.6368e+29,1.4500e+27,6.9000e+27,3.0893e+29,5.4730e+28,2.4934e+29,1.1434e+29,8.7000e+26,5.8000e+26,3.2800e+27,3.6200e+27,1.2253e+29,1.9330e+28,6.5676e+08,1.6970e+06,1.0739e+09,8.5773e-08,2.0411e+07,2.6368e+04,5.2179e+05,5.1861e+05,49.4,49.4,0.2,0.9,7.3540e+29,7.1530e+29,1.0980e+28,9.1200e+27,1.4597e+28,0.0000e+00,97.3,1.5,1.2
287,7.4139e+29,3.5892e+29,3.7442e+29,1.1900e+27,6.8600e+27,3.0623e+29,5.2690e+28,2.5728e+29,1.1714e+29,7.5000e+26,4.4000e+26,3.4400e+27,3.4200e+27,1.2397e+29,2.0440e+28,6.5739e+08,1.4172e+06,1.4635e+09,2.4353e-08,1.9798e+07,2.5248e+04,5.2501e+05,5.2181e+05,48.4,50.5,0.2,0.9,7.4219e+29,7.2212e+29,1.0970e+28,9.1000e+27,1.4893e+28,0.0000e+00,97.3,1.5,1.2
288,7.2994e+29,3.4980e+29,3.7206e+29,1.2300e+27,6.8500e+27,2.9807e+29,5.1730e+28,2.4983e+29,1.2223e+29,7.8000e+26,4.5000e+26,3.3000e+27,3.5500e+27,1.2484e+29,2.0130e+28,6.5715e+08,1.8439e+06,1.2353e+09,5.7408e-09,1.9332e+07,3.0043e+04,5.2820e+05,5.2502e+05,47.9,51.0,0.2,0.9,7.2979e+29,7.1010e+29,1.0620e+28,9.0700e+27,1.5020e+28,0.0000e+00,97.3,1.5,1.2
289,7.1909e+29,3.4227e+29,3.6876e+29,1.1700e+27,6.8900e+27,2.9040e+29,5.1870e+28,2.5063e+29,1.1813e+29,7.8000e+26,3.9000e+26,3.4000e+27,3.4900e+27,1.2326e+29,1.9940e+28,6.6062e+08,1.2638e+06,1.8278e+09,1.1039e-09,1.8969e+07,2.2131e+04,5.3138e+05,5.2821e+05,47.6,51.3,0.2,1.0,7.1890e+29,7.0031e+29,1.0210e+28,8.3800e+27,1.5230e+28,0.0000e+00,97.4,1.4,1.2
290,7.1879e+29,3.4223e+29,3.6844e+29,1.2300e+27,6.8900e+27,2.9063e+29,5.1600e+28,2.5010e+29,1.1834e+29,7.4000e+26,4.9000e+26,3.4900e+27,3.4000e+27,1.1932e+29,1.8050e+28,6.6225e+08,1.2246e+06,1.5226e+09,1.5944e-10,1.8291e+07,1.7274e+04,5.3457e+05,5.3140e+05,47.6,51.3,0.2,1.0,7.1877e+29,6.9910e+29,1.0750e+28,8.9200e+27,1.5531e+28,0.0000e+00,97.3,1.5,1.2
291,7.0490e+29,3.3480e+29,3.6240e+29,8.4000e+26,6.8600e+27,2.8368e+29,5.1120e+28,2.4540e+29,1.1700e+29,5.0000e+26,3.4000e+26,3.3700e+27,3.4900e+27,1.1337e+29,1.6280e+28,6.6333e+08,1.4143e+06,1.5297e+09,1.6031e-11,1.7786e+07,1.9591e+04,5.3773e+05,5.3459e+05,47.5,51.4,0.1,1.0,7.0511e+29,6.8532e+29,1.0800e+28,8.9900e+27,1.5651e+28,0.0000e+00,97.2,1.5,1.3
292,7.0505e+29,3.3188e+29,3.6539e+29,9.5000e+26,6.8300e+27,2.8224e+29,4.9640e+28,2.4556e+29,1.1983e+29,6.9000e+26,2.6000e+26,3.4900e+27,3.3400e+27,1.1294e+29,1.6390e+28,6.6374e+08,1.0779e+06,1.2039e+09,8.7007e-13,1.7008e+07,2.6999e+04,5.4088e+05,5.3775e+05,47.1,51.8,0.1,1.0,7.0454e+29,6.8550e+29,1.0450e+28,8.5900e+27,1.5859e+28,0.0000e+00,97.3,1.5,1.2
293,6.8107e+29,3.1914e+29,3.5399e+29,1.0700e+27,6.8700e+27,2.7002e+29,4.9120e+28,2.3883e+29,1.1516e+29,6.7000e+26,4.0000e+26,3.6800e+27,3.1900e+27,1.0601e+29,1.5710e+28,6.6516e+08,7.3911e+05,1.5361e+09,1.6587e-14,1.6832e+07,2.6787e+04,5.4401e+05,5.4089e+05,46.9,52.0,0.2,1.0,6.8212e+29,6.6312e+29,1.0580e+28,8.4200e+27,1.6066e+28,0.0000e+00,97.2,1.6,1.2
294,6.8080e+29,3.1690e+29,3.5607e+29,9.6000e+26,6.8700e+27,2.6887e+29,4.8030e+28,2.3549e+29,1.2058e+29,5.7000e+26,3.9000e+26,3.4800e+27,3.3900e+27,1.0842e+29,1.6490e+28,6.6509e+08,3.9476e+05,1.6208e+09,3.1159e-17,1.6113e+07,2.6601e+04,5.4713e+05,5.4403e+05,46.5,52.3,0.1,1.0,6.8050e+29,6.6216e+29,9.9300e+27,8.4100e+27,1.6271e+28,0.0000e+00,97.3,1.5,1.2
295,6.7640e+29,3.1194e+29,3.5660e+29,9.6000e+26,6.9000e+27,2.6342e+29,4.8520e+28,2.3671e+29,1.1989e+29,5.9000e+26,3.7000e+26,3.4400e+27,3.4600e+27,1.0678e+29,1.5340e+28,6.6588e+08,5.1115e+04,1.1909e+09,1.0215e-20,1.5586e+07,2.3763e+04,5.5023e+05,5.4715e+05,46.1,52.7,0.1,1.0,6.7727e+29,6.5807e+29,1.0720e+28,8.4800e+27,1.6475e+28,0.0000e+00,97.2,1.6,1.3
296,6.6335e+29,3.0461e+29,3.5086e+29,1.0300e+27,6.8500e+27,2.5688e+29,4.7730e+28,2.1873e+29,1.3213e+29,6.9000e+26,3.4000e+26,3.4200e+27,3.4300e+27,1.0486e+29,1.5270e+28,6.6459e+08,7.4714e+02,1.2252e+09,1.0010e-20,2.0520e+07,2.3947e+04,5.5332e+05,5.5025e+05,45.9,52.9,0.2,1.0,6.6298e+29,6.4436e+29,1.0460e+28,8.1600e+27,1.6677e+28,0.0000e+00,97.2,1.6,1.2
297,6.6590e+29,3.0367e+29,3.5435e+29,1.0000e+27,6.8800e+27,2.5382e+29,4.9850e+28,2.1736e+29,1.3699e+29,5.8000e+26,4.2000e+26,3.7200e+27,3.1600e+27,1.0532e+29,1.5220e+28,6.6328e+08,1.6857e+06,1.3071e+09,3.1505e-18,1.9737e+07,2.2068e+04,5.5638e+05,5.5334e+05,45.6,53.2,0.2,1.0,6.6493e+29,6.4682e+29,1.0150e+28,7.9600e+27,1.6878e+28,0.0000e+00,97.3,1.5,1.2
298,6.6228e+29,2.9962e+29,3.5490e+29,9.5000e+26,6.8100e+27,2.5133e+29,4.8290e+28,2.1872e+29,1.3618e+29,5.4000e+26,4.1000e+26,3.4200e+27,3.3900e+27,1.0632e+29,1.3920e+28,6.6288e+08,1.6191e+06,1.2353e+09,4.8349e-15,1.8980e+07,1.9620e+04,5.5942e+05,5.5640e+05,45.2,53.6,0.1,1.0,6.6305e+29,6.4474e+29,1.0200e+28,8.1100e+27,1.7075e+28,0.0000e+00,97.2,1.5,1.2
299,6.5206e+29,2.9298e+29,3.5126e+29,9.6000e+26,6.8600e+27,2.4471e+29,4.8270e+28,2.1632e+29,1.3494e+29,6.0000e+26,3.6000e+26,3.3800e+27,3.4800e+27,1.0649e+29,1.3860e+28,6.6072e+08,1.4905e+06,1.1821e+09,3.0372e-13,1.8163e+07,1.7210e+04,5.6244e+05,5.5944e+05,44.9,53.9,0.1,1.1,6.5231e+29,6.3412e+29,1.0460e+28,7.7300e+27,1.7271e+28,0.0000e+00,97.2,1.6,1.2
300,6.5807e+29,2.8989e+29,3.6048e+29,9.8000e+26,6.7200e+27,2.4202e+29,4.7870e+28,2.2052e+29,1.3996e+29,6.6000e+26,3.2000e+26,3.2400e+27,3.4800e+27,1.0920e+29,1.4620e+28,6.5847e+08,1.6250e+06,1.2163e+09,5.4102e-12,1.7674e+07,2.3119e+04,5.6544e+05,5.6246e+05,44.1,54.8,0.1,1.0,6.5826e+29,6.3999e+29,1.0350e+28,7.9200e+27,1.7463e+28,0.0000e+00,97.2,1.6,1.2
301,6.5808e+29,2.8977e+29,3.6052e+29,8.1000e+26,6.9800e+27,2.4259e+29,4.7180e+28,2.2023e+29,1.4029e+29,5.7000e+26,2.4000e+26,3.4700e+27,3.5100e+27,1.0969e+29,1.4420e+28,6.5735e+08,1.5875e+06,1.1143e+09,4.7950e-11,1.7115e+07,2.6138e+04,5.6843e+05,5.6546e+05,44.0,54.8,0.1,1.1,6.5710e+29,6.3950e+29,9.9900e+27,7.6100e+27,1.7764e+28,0.0000e+00,97.3,1.5,1.2
302,6.4506e+29,2.8171e+29,3.5564e+29,8.7000e+26,6.8400e+27,2.3488e+29,4.6830e+28,2.1647e+29,1.3917e+29,5.7000e+26,3.0000e+26,3.3500e+27,3.4900e+27,1.0661e+29,1.4150e+28,6.5354e+08,1.4316e+06,2.0441e+09,2.8012e-10,1.6776e+07,2.0254e+04,5.7137e+05,5.6845e+05,43.7,55.1,0.1,1.1,6.4647e+29,6.2929e+29,9.6400e+27,7.5400e+27,1.7842e+28,0.0000e+00,97.3,1.5,1.2
303,6.4813e+29,2.8063e+29,3.6008e+29,7.1000e+26,6.7100e+27,2.3422e+29,4.6410e+28,2.1640e+29,1.4368e+29,4.6000e+26,2.5000e+26,3.3800e+27,3.3300e+27,1.0932e+29,1.3830e+28,6.4942e+08,1.6283e+06,1.2087e+09,1.1883e-09,1.6179e+07,2.0639e+04,5.7430e+05,5.7139e+05,43.3,55.6,0.1,1.0,6.4729e+29,6.3037e+29,9.8600e+27,7.0600e+27,1.8139e+28,0.0000e+00,97.4,1.5,1.1
304,6.4808e+29,2.8027e+29,3.6026e+29,7.7000e+26,6.7800e+27,2.3354e+29,4.6730e+28,2.1920e+29,1.4106e+29,5.0000e+26,2.7000e+26,3.2100e+27,3.5700e+27,1.0882e+29,1.3390e+28,6.4692e+08,1.4034e+06,1.4289e+09,4.1105e-09,1.5927e+07,1.6207e+04,5.7721e+05,5.7432e+05,43.2,55.6,0.1,1.0,6.4774e+29,6.3001e+29,1.0660e+28,7.0700e+27,1.8322e+28,0.0000e+00,97.3,1.6,1.1
305,6.2848e+29,2.6973e+29,3.5104e+29,8.5000e+26,6.8600e+27,2.2553e+29,4.4200e+28,2.1047e+29,1.4057e+29,5.3000e+26,3.2000e+26,3.3100e+27,3.5500e+27,1.0745e+29,1.4050e+28,6.4681e+08,1.4490e+06,1.4678e+09,1.1897e-08,1.5424e+07,2.5365e+04,5.8006e+05,5.7723e+05,42.9,55.9,0.1,1.1,6.2902e+29,6.1176e+29,9.9100e+27,7.3500e+27,1.8384e+28,0.0000e+00,97.3,1.6,1.2
306,6.4940e+29,2.6895e+29,3.7291e+29,7.2000e+26,6.8200e+27,2.2279e+29,4.6160e+28,2.2302e+29,1.4989e+29,4.2000e+26,3.0000e+26,3.4400e+27,3.3800e+27,1.0824e+29,1.4930e+28,6.4118e+08,1.1892e+06,1.5412e+09,2.9944e-08,1.4829e+07,2.1463e+04,5.8292e+05,5.8008e+05,41.4,57.4,0.1,1.1,6.4839e+29,6.3114e+29,1.0390e+28,6.8600e+27,1.8795e+28,0.0000e+00,97.3,1.6,1.1
307,6.3782e+29,2.6290e+29,3.6739e+29,7.2000e+26,6.8100e+27,2.1828e+29,4.4620e+28,2.2000e+29,1.4739e+29,4.7000e+26,2.5000e+26,3.5100e+27,3.3000e+27,1.0936e+29,1.4650e+28,6.3700e+08,1.3114e+06,1.1881e+09,6.8919e-08,1.4504e+07,2.0411e+04,5.8572e+05,5.8293e+05,41.2,57.6,0.1,1.1,6.3935e+29,6.2180e+29,1.0670e+28,6.8800e+27,1.8849e+28,0.0000e+00,97.3,1.7,1.1
308,6.4235e+29,2.5945e+29,3.7553e+29,5.3000e+26,6.8400e+27,2.1474e+29,4.4710e+28,2.1866e+29,1.5687e+29,3.2000e+26,2.1000e+26,3.1800e+27,3.6600e+27,1.0597e+29,1.4270e+28,6.3088e+08,9.8173e+05,1.2044e+09,1.4296e-07,1.4194e+07,2.1018e+04,5.8849e+05,5.8574e+05,40.4,58.5,0.1,1.1,6.4136e+29,6.2501e+29,1.0330e+28,6.0200e+27,1.9015e+28,0.0000e+00,97.5,1.6,0.9
309,6.4551e+29,2.5975e+29,3.7821e+29,7.5000e+26,6.8000e+27,2.1491e+29,4.4840e+28,2.2049e+29,1.5772e+29,4.7000e+26,2.8000e+26,3.5700e+27,3.2300e+27,1.0802e+29,1.4070e+28,6.2986e+08,1.2943e+06,1.1939e+09,2.7712e-07,1.3752e+07,2.1403e+04,5.9124e+05,5.8851e+05,40.2,58.6,0.1,1.1,6.4593e+29,6.2944e+29,1.0760e+28,5.7300e+27,1.9303e+28,0.0000e+00,97.4,1.7,0.9
310,6.2583e+29,2.5664e+29,3.6169e+29,6.5000e+26,6.8500e+27,2.1184e+29,4.4800e+28,2.1839e+29,1.4330e+29,3.9000e+26,2.6000e+26,3.5300e+27,3.3200e+27,1.0816e+29,1.4280e+28,6.2909e+08,1.2197e+06,1.3562e+09,5.0524e-07,1.3448e+07,2.2656e+04,5.9395e+05,5.9126e+05,41.0,57.8,0.1,1.1,6.2656e+29,6.1029e+29,1.0280e+28,5.9900e+27,1.9463e+28,0.0000e+00,97.4,1.6,1.0
311,6.2481e+29,2.5160e+29,3.6580e+29,6.3000e+26,6.7800e+27,2.0692e+29,4.4680e+28,2.1527e+29,1.5053e+29,3.2000e+26,3.1000e+26,3.4500e+27,3.3300e+27,1.0656e+29,1.3790e+28,6.2887e+08,1.1342e+06,1.2570e+09,8.6311e-07,1.3178e+07,1.9833e+04,5.9662e+05,5.9396e+05,40.3,58.5,0.1,1.1,6.2469e+29,6.0827e+29,1.0520e+28,5.9000e+27,1.9619e+28,0.0000e+00,97.4,1.7,0.9
312,6.2200e+29,2.4734e+29,3.6714e+29,5.9000e+26,6.9300e+27,2.0470e+29,4.2640e+28,2.2451e+29,1.4263e+29,3.6000e+26,2.3000e+26,3.3600e+27,3.5700e+27,1.0770e+29,1.3240e+28,6.2773e+08,1.0894e+06,1.4227e+09,1.4030e-06,1.2803e+07,2.3601e+04,5.9927e+05,5.9664e+05,39.8,59.0,0.1,1.1,6.2227e+29,6.0598e+29,1.0630e+28,5.6600e+27,1.9900e+28,0.0000e+00,97.4,1.7,0.9
313,6.2610e+29,2.4469e+29,3.7375e+29,8.2000e+26,6.8400e+27,2.0141e+29,4.3280e+28,2.2286e+29,1.5089e+29,4.9000e+26,3.3000e+26,3.3000e+27,3.5400e+27,1.0650e+29,1.4240e+28,6.2813e+08,1.0125e+06,1.4918e+09,2.1888e-06,1.2488e+07,2.4245e+04,6.0187e+05,5.9929e+05,39.1,59.7,0.1,1.1,6.2505e+29,6.0968e+29,1.0350e+28,5.0200e+27,2.0048e+28,0.0000e+00,97.5,1.7,0.8
314,6.2115e+29,2.4022e+29,3.7338e+29,7.9000e+26,6.7600e+27,1.9796e+29,4.2260e+28,2.2171e+29,1.5167e+29,4.8000e+26,3.1000e+26,3.4000e+27,3.3600e+27,1.0761e+29,1.3470e+28,6.2700e+08,9.7286e+05,1.4133e+09,3.2821e-06,1.2207e+07,1.9816e+04,6.0443e+05,6.0189e+05,38.7,60.1,0.1,1.1,6.2195e+29,6.0658e+29,1.0520e+28,4.8500e+27,2.0190e+28,0.0000e+00,97.5,1.7,0.8
315,6.1704e+29,2.3698e+29,3.7239e+29,8.1000e+26,6.8600e+27,1.9393e+29,4.3050e+28,2.1888e+29,1.5351e+29,5.8000e+26,2.3000e+26,3.4900e+27,3.3700e+27,1.0402e+29,1.3040e+28,6.2417e+08,1.3070e+06,1.2489e+09,4.7502e-06,1.2042e+07,1.7886e+04,6.0695e+05,6.0445e+05,38.4,60.4,0.1,1.1,6.1698e+29,6.0252e+29,1.0140e+28,4.3200e+27,2.0327e+28,0.0000e+00,97.7,1.6,0.7
316,6.0225e+29,2.3449e+29,3.6025e+29,6.9000e+26,6.8200e+27,1.9161e+29,4.2880e+28,2.1118e+29,1.4907e+29,4.7000e+26,2.2000e+26,3.2900e+27,3.5300e+27,1.0638e+29,1.3250e+28,6.2183e+08,1.3580e+06,1.2669e+09,5.5725e-06,1.1948e+07,1.7876e+04,6.0944e+05,6.0697e+05,38.9,59.8,0.1,1.1,6.0307e+29,5.8906e+29,9.9600e+27,4.0500e+27,2.0595e+28,0.0000e+00,97.7,1.7,0.7
317,6.0232e+29,2.3356e+29,3.6153e+29,5.9000e+26,6.6400e+27,1.9120e+29,4.2360e+28,2.1302e+29,1.4851e+29,3.4000e+26,2.5000e+26,3.3600e+27,3.2800e+27,1.0653e+29,1.2970e+28,6.1964e+08,1.3123e+06,1.2944e+09,4.6494e-06,1.1799e+07,1.9779e+04,6.1188e+05,6.0945e+05,38.8,60.0,0.1,1.1,6.0138e+29,5.8745e+29,1.0030e+28,3.9000e+27,2.0723e+28,0.0000e+00,97.7,1.7,0.6
318,6.0822e+29,2.3099e+29,3.6967e+29,7.7000e+26,6.7900e+27,1.8830e+29,4.2690e+28,2.1439e+29,1.5528e+29,5.4000e+26,2.3000e+26,3.2500e+27,3.5400e+27,1.0642e+29,1.3140e+28,6.1895e+08,1.0360e+06,1.5048e+09,3.8500e-06,1.1513e+07,1.7605e+04,6.1428e+05,6.1189e+05,38.0,60.8,0.1,1.1,6.0869e+29,5.9390e+29,1.1050e+28,3.7400e+27,2.0985e+28,0.0000e+00,97.6,1.8,0.6
319,6.0425e+29,2.2661e+29,3.7012e+29,7.3000e+26,6.7900e+27,1.8416e+29,4.2450e+28,2.0724e+29,1.6288e+29,4.3000e+26,3.0000e+26,3.5500e+27,3.2400e+27,1.0376e+29,1.2800e+28,6.1556e+08,9.1617e+05,1.1877e+09,3.2280e-06,1.1220e+07,2.2491e+04,6.1664e+05,6.1430e+05,37.5,61.3,0.1,1.1,6.0415e+29,5.9108e+29,9.9800e+27,3.0900e+27,2.1102e+28,0.0000e+00,97.8,1.7,0.5
320,6.1276e+29,2.2614e+29,3.7915e+29,6.9000e+26,6.7800e+27,1.8304e+29,4.3100e+28,2.1510e+29,1.6405e+29,4.0000e+26,2.9000e+26,3.5100e+27,3.2700e+27,1.0529e+29,1.2160e+28,6.1300e+08,1.3703e+06,1.4556e+09,2.7415e-06,1.1210e+07,2.0219e+04,6.1895e+05,6.1666e+05,36.9,61.9,0.1,1.1,6.1246e+29,5.9922e+29,1.0440e+28,2.8000e+27,2.1213e+28,0.0000e+00,97.8,1.7,0.5
321,6.0558e+29,2.2022e+29,3.7788e+29,6.1000e+26,6.8700e+27,1.7795e+29,4.2270e+28,2.1744e+29,1.6044e+29,3.1000e+26,3.0000e+26,3.6000e+27,3.2700e+27,1.0303e+29,1.2790e+28,6.0998e+08,1.0413e+06,1.3281e+09,2.3569e-06,1.0875e+07,1.9661e+04,6.2122e+05,6.1896e+05,36.4,62.4,0.1,1.1,6.0535e+29,5.9202e+29,1.0560e+28,2.7700e+27,2.1463e+28,0.0000e+00,97.8,1.7,0.5
322,6.0983e+29,2.1905e+29,3.8334e+29,5.6000e+26,6.8800e+27,1.7721e+29,4.1840e+28,2.1889e+29,1.6445e+29,3.2000e+26,2.4000e+26,3.1800e+27,3.7000e+27,1.0389e+29,1.2550e+28,6.0846e+08,1.0539e+06,1.3270e+09,2.0523e-06,1.0504e+07,1.5324e+04,6.2345e+05,6.2123e+05,35.9,62.9,0.1,1.1,6.1062e+29,5.9733e+29,1.0880e+28,2.4100e+27,2.1711e+28,0.0000e+00,97.8,1.8,0.4
323,5.9364e+29,2.1278e+29,3.7350e+29,6.1000e+26,6.7500e+27,1.7074e+29,4.2040e+28,2.0979e+29,1.6371e+29,3.6000e+26,2.5000e+26,3.1100e+27,3.6400e+27,1.0047e+29,1.2260e+28,6.0695e+08,1.1056e+06,2.0615e+09,1.8136e-06,1.0238e+07,1.9986e+04,6.2561e+05,6.2347e+05,35.8,62.9,0.1,1.1,5.9376e+29,5.8085e+29,1.0730e+28,2.1800e+27,2.1656e+28,0.0000e+00,97.8,1.8,0.4
324,5.9273e+29,2.1082e+29,3.7450e+29,5.9000e+26,6.8200e+27,1.7008e+29,4.0740e+28,2.1116e+29,1.6334e+29,3.3000e+26,2.6000e+26,3.4900e+27,3.3300e+27,1.0046e+29,1.1900e+28,6.0430e+08,1.0425e+06,1.4165e+09,1.6242e-06,9.9905e+06,1.8683e+04,6.2774e+05,6.2563e+05,35.6,63.2,0.1,1.2,5.9260e+29,5.8007e+29,1.0640e+28,1.8900e+27,2.1892e+28,0.0000e+00,97.9,1.8,0.3
325,6.0750e+29,2.1082e+29,3.8927e+29,6.5000e+26,6.7600e+27,1.6766e+29,4.3160e+28,2.1429e+29,1.7498e+29,4.1000e+26,2.4000e+26,3.3000e+27,3.4600e+27,9.6840e+28,1.1610e+28,6.0347e+08,1.1221e+06,1.2573e+09,1.4744e-06,9.8238e+06,2.0021e+04,6.2982e+05,6.2775e+05,34.7,64.1,0.1,1.1,6.0781e+29,5.9466e+29,1.1490e+28,1.6600e+27,2.2125e+28,0.0000e+00,97.8,1.9,0.3
326,6.0652e+29,2.0614e+29,3.9293e+29,6.2000e+26,6.8300e+27,1.6440e+29,4.1740e+28,2.1374e+29,1.7919e+29,4.2000e+26,2.0000e+26,3.4300e+27,3.4000e+27,9.6380e+28,1.1850e+28,6.0063e+08,1.0166e+06,1.4984e+09,1.3579e-06,9.5406e+06,1.9051e+04,6.3184e+05,6.2983e+05,34.0,64.8,0.1,1.1,6.0665e+29,5.9379e+29,1.1480e+28,1.3800e+27,2.2200e+28,0.0000e+00,97.9,1.9,0.2
327,6.1346e+29,2.0562e+29,4.0061e+29,4.7000e+26,6.7600e+27,1.6198e+29,4.3640e+28,2.1780e+29,1.8281e+29,3.3000e+26,1.4000e+26,3.4700e+27,3.2900e+27,9.5900e+28,1.1360e+28,5.9941e+08,1.0021e+06,1.4560e+09,1.2679e-06,9.2787e+06,1.8968e+04,6.3382e+05,6.3186e+05,33.5,65.3,0.1,1.1,6.1170e+29,5.9914e+29,1.1430e+28,1.1300e+27,2.2424e+28,0.0000e+00,97.9,1.9,0.2
328,6.0764e+29,2.0210e+29,3.9810e+29,5.9000e+26,6.8500e+27,1.5910e+29,4.3000e+28,2.1968e+29,1.7842e+29,4.1000e+26,1.8000e+26,3.2300e+27,3.6200e+27,9.3830e+28,1.0920e+28,5.9774e+08,1.1296e+06,1.3796e+09,1.2009e-06,9.0651e+06,2.2358e+04,6.3574e+05,6.3384e+05,33.3,65.5,0.1,1.1,6.0803e+29,5.9557e+29,1.1360e+28,1.1000e+27,2.2485e+28,0.0000e+00,98.0,1.9,0.2
329,6.1006e+29,1.9970e+29,4.0289e+29,6.6000e+26,6.8100e+27,1.5681e+29,4.2890e+28,2.1805e+29,1.8484e+29,3.5000e+26,3.1000e+26,3.4200e+27,3.3900e+27,9.2270e+28,1.1540e+28,5.9604e+08,1.2149e+06,1.2141e+09,1.1530e-06,8.8801e+06,1.5284e+04,6.3762e+05,6.3576e+05,32.7,66.0,0.1,1.1,6.0939e+29,5.9633e+29,1.1870e+28,1.1900e+27,2.2698e+28,0.0000e+00,97.9,1.9,0.2
330,6.1324e+29,1.9819e+29,4.0760e+29,6.2000e+26,6.8300e+27,1.5455e+29,4.3640e+28,2.2146e+29,1.8614e+29,3.1000e+26,3.1000e+26,3.4500e+27,3.3800e+27,9.1470e+28,1.1910e+28,5.9358e+08,1.2970e+06,1.4196e+09,1.1225e-06,8.9056e+06,1.8128e+04,6.3943e+05,6.3763e+05,32.3,66.5,0.1,1.1,6.1338e+29,6.0050e+29,1.1990e+28,8.9000e+26,2.2746e+28,0.0000e+00,97.9,2.0,0.1
331,6.2659e+29,2.0055e+29,4.1883e+29,4.7000e+26,6.7400e+27,1.5597e+29,4.4580e+28,2.2727e+29,1.9156e+29,2.5000e+26,2.2000e+26,3.2500e+27,3.4900e+27,9.2450e+28,1.0220e+28,5.9105e+08,1.0433e+06,1.3575e+09,1.1075e-06,8.6277e+06,2.3683e+04,6.4120e+05,6.3945e+05,32.0,66.8,0.1,1.1,6.2583e+29,6.1232e+29,1.2720e+28,7.9000e+26,2.2948e+28,0.0000e+00,97.8,2.0,0.1
332,6.3607e+29,1.9581e+29,4.3282e+29,5.8000e+26,6.8600e+27,1.5130e+29,4.4510e+28,2.4198e+29,1.9084e+29,3.9000e+26,1.9000e+26,3.6400e+27,3.2200e+27,9.0410e+28,1.0860e+28,5.8762e+08,1.0904e+06,1.5026e+09,1.1054e-06,8.2377e+06,1.8197e+04,6.4291e+05,6.4121e+05,30.8,68.0,0.1,1.1,6.3667e+29,6.2335e+29,1.2580e+28,7.4000e+26,2.3145e+28,0.0000e+00,97.9,2.0,0.1
333,6.3545e+29,1.9582e+29,4.3247e+29,4.7000e+26,6.6900e+27,1.5174e+29,4.4080e+28,2.4521e+29,1.8726e+29,3.0000e+26,1.7000e+26,3.4100e+27,3.2800e+27,9.0190e+28,1.0900e+28,5.8537e+08,9.7513e+05,1.6132e+09,1.1070e-06,8.0745e+06,1.9377e+04,6.4457e+05,6.4293e+05,30.8,68.1,0.1,1.1,6.3469e+29,6.2133e+29,1.2750e+28,6.1000e+26,2.3172e+28,0.0000e+00,97.9,2.0,0.1
334,6.5483e+29,1.9715e+29,4.5028e+29,5.2000e+26,6.8800e+27,1.5233e+29,4.4820e+28,2.5114e+29,1.9914e+29,2.9000e+26,2.3000e+26,3.2400e+27,3.6400e+27,8.9930e+28,1.0470e+28,5.8333e+08,1.2487e+06,1.5318e+09,1.1206e-06,8.0600e+06,2.2456e+04,6.4617e+05,6.4458e+05,30.1,68.8,0.1,1.1,6.5373e+29,6.3960e+29,1.3440e+28,6.9000e+26,2.3357e+28,0.0000e+00,97.8,2.1,0.1
335,6.6277e+29,1.9355e+29,4.6191e+29,5.2000e+26,6.7900e+27,1.4878e+29,4.4770e+28,2.5074e+29,2.1117e+29,3.2000e+26,2.0000e+26,3.5600e+27,3.2300e+27,8.7420e+28,9.8100e+27,5.7962e+08,1.0981e+06,1.3679e+09,1.1483e-06,7.9456e+06,1.9919e+04,6.4771e+05,6.4618e+05,29.2,69.7,0.1,1.0,6.6311e+29,6.4899e+29,1.3500e+28,6.2000e+26,2.3369e+28,0.0000e+00,97.9,2.0,0.1
336,6.7178e+29,1.9242e+29,4.7197e+29,6.3000e+26,6.7600e+27,1.4721e+29,4.5210e+28,2.5897e+29,2.1300e+29,3.6000e+26,2.7000e+26,3.4600e+27,3.3000e+27,8.5730e+28,9.7900e+27,5.7771e+08,9.6458e+05,1.5187e+09,1.1903e-06,7.8414e+06,2.6760e+04,6.4919e+05,6.4772e+05,28.6,70.3,0.1,1.0,6.7146e+29,6.5649e+29,1.4440e+28,5.3000e+26,2.3541e+28,0.0000e+00,97.8,2.2,0.1
337,6.9040e+29,1.9189e+29,4.9120e+29,4.8000e+26,6.8300e+27,1.4550e+29,4.6390e+28,2.6421e+29,2.2699e+29,2.5000e+26,2.3000e+26,3.5100e+27,3.3200e+27,8.4050e+28,1.0470e+28,5.7440e+08,1.0549e+06,1.5006e+09,1.2475e-06,7.8949e+06,2.0643e+04,6.5061e+05,6.4920e+05,27.8,71.1,0.1,1.0,6.8862e+29,6.7336e+29,1.4800e+28,4.6000e+26,2.3708e+28,0.0000e+00,97.8,2.1,0.1
338,6.9835e+29,1.9328e+29,4.9778e+29,5.3000e+26,6.7600e+27,1.4577e+29,4.7510e+28,2.7283e+29,2.2495e+29,2.5000e+26,2.8000e+26,3.3900e+27,3.3700e+27,8.4110e+28,9.6600e+27,5.7141e+08,1.1215e+06,1.9596e+09,1.3696e-06,7.8550e+06,2.1993e+04,6.5198e+05,6.5062e+05,27.7,71.3,0.1,1.0,6.9761e+29,6.8202e+29,1.5160e+28,4.3000e+26,2.3698e+28,0.0000e+00,97.8,2.2,0.1
339,7.1887e+29,1.9636e+29,5.1506e+29,6.5000e+26,6.8000e+27,1.4774e+29,4.8620e+28,2.7804e+29,2.3702e+29,3.4000e+26,3.1000e+26,3.3600e+27,3.4400e+27,8.5330e+28,1.0050e+28,5.6960e+08,8.6636e+05,1.5277e+09,1.4647e-06,7.7273e+06,1.9465e+04,6.5329e+05,6.5199e+05,27.3,71.6,0.1,0.9,7.1920e+29,7.0368e+29,1.5150e+28,3.7000e+26,2.4023e+28,0.0000e+00,97.8,2.1,0.1
340,7.1230e+29,1.9215e+29,5.1291e+29,5.3000e+26,6.7100e+27,1.4455e+29,4.7600e+28,2.7915e+29,2.3376e+29,2.9000e+26,2.4000e+26,3.2700e+27,3.4400e+27,8.3410e+28,8.9800e+27,5.6745e+08,9.9730e+05,1.6018e+09,1.5818e-06,7.6032e+06,1.7271e+04,6.5453e+05,6.5330e+05,27.0,72.0,0.1,0.9,7.1060e+29,6.9434e+29,1.5840e+28,4.2000e+26,2.3825e+28,0.0000e+00,97.7,2.2,0.1
341,7.3195e+29,1.8853e+29,5.3600e+29,6.0000e+26,6.8200e+27,1.4118e+29,4.7350e+28,2.8850e+29,2.4750e+29,3.7000e+26,2.3000e+26,3.3400e+27,3.4800e+27,7.9850e+28,8.9400e+27,5.6485e+08,1.3391e+06,1.4496e+09,1.7211e-06,7.5743e+06,2.7354e+04,6.5572e+05,6.5454e+05,25.8,73.2,0.1,0.9,7.3136e+29,7.1512e+29,1.5850e+28,3.9000e+26,2.4138e+28,0.0000e+00,97.8,2.2,0.1
342,7.3517e+29,1.9142e+29,5.3631e+29,7.0000e+26,6.7400e+27,1.4204e+29,4.9380e+28,2.9435e+29,2.4196e+29,3.1000e+26,3.9000e+26,3.2800e+27,3.4600e+27,7.9910e+28,8.7300e+27,5.6214e+08,1.5297e+06,1.5754e+09,1.8887e-06,7.4767e+06,2.4385e+04,6.5685e+05,6.5573e+05,26.0,73.0,0.1,0.9,7.3612e+29,7.1989e+29,1.5900e+28,3.3000e+26,2.4098e+28,0.0000e+00,97.8,2.2,0.0
343,7.5227e+29,1.8987e+29,5.5506e+29,5.7000e+26,6.7700e+27,1.4142e+29,4.8450e+28,3.0691e+29,2.4815e+29,3.0000e+26,2.7000e+26,3.3300e+27,3.4400e+27,7.8830e+28,8.4600e+27,5.6031e+08,1.4906e+06,1.5275e+09,2.0863e-06,7.5960e+06,2.3798e+04,6.5791e+05,6.5685e+05,25.2,73.8,0.1,0.9,7.5161e+29,7.3459e+29,1.6620e+28,4.0000e+26,2.4224e+28,0.0000e+00,97.7,2.2,0.1
344,7.7985e+29,1.9107e+29,5.8121e+29,7.3000e+26,6.8400e+27,1.4184e+29,4.9230e+28,3.1882e+29,2.6239e+29,3.3000e+26,4.0000e+26,3.4400e+27,3.4000e+27,7.8830e+28,8.0600e+27,5.5811e+08,1.6761e+06,1.4789e+09,2.3197e-06,7.7098e+06,2.0142e+04,6.5891e+05,6.5791e+05,24.5,74.5,0.1,0.9,7.7750e+29,7.5964e+29,1.7610e+28,2.5000e+26,2.4343e+28,0.0000e+00,97.7,2.3,0.0
345,7.9398e+29,1.8942e+29,5.9718e+29,5.6000e+26,6.8200e+27,1.3948e+29,4.9940e+28,3.2336e+29,2.7382e+29,2.7000e+26,2.9000e+26,3.4400e+27,3.3800e+27,7.6960e+28,8.5000e+27,5.5561e+08,9.4402e+05,1.5328e+09,2.5945e-06,7.8686e+06,3.7639e+04,6.5985e+05,6.5892e+05,23.9,75.2,0.1,0.9,7.9326e+29,7.7483e+29,1.8040e+28,3.9000e+26,2.4456e+28,0.0000e+00,97.7,2.3,0.0
346,8.1109e+29,1.8870e+29,6.1496e+29,7.0000e+26,6.7300e+27,1.3870e+29,5.0000e+28,3.3688e+29,2.7808e+29,3.7000e+26,3.3000e+26,3.5600e+27,3.1700e+27,7.6340e+28,8.8400e+27,5.5235e+08,1.2464e+06,1.5456e+09,2.9169e-06,7.5846e+06,3.3059e+04,6.6073e+05,6.5986e+05,23.3,75.8,0.1,0.8,8.1224e+29,7.9299e+29,1.8950e+28,3.0000e+26,2.4384e+28,0.0000e+00,97.6,2.3,0.0
347,8.1465e+29,1.9254e+29,6.1461e+29,6.6000e+26,6.8400e+27,1.3972e+29,5.2820e+28,3.3219e+29,2.8242e+29,4.5000e+26,2.1000e+26,3.5900e+27,3.2500e+27,7.7030e+28,7.7900e+27,5.4874e+08,1.0151e+06,1.8334e+09,3.2916e-06,7.7424e+06,2.8233e+04,6.6154e+05,6.6073e+05,23.6,75.4,0.1,0.8,8.1294e+29,7.9304e+29,1.9580e+28,3.2000e+26,2.4661e+28,0.0000e+00,97.6,2.4,0.0
348,8.4168e+29,1.8853e+29,6.4578e+29,5.8000e+26,6.7900e+27,1.3712e+29,5.1410e+28,3.4503e+29,3.0075e+29,3.7000e+26,2.1000e+26,3.2900e+27,3.5000e+27,7.4190e+28,8.3800e+27,5.4450e+08,1.5565e+06,1.5200e+09,3.7320e-06,7.6828e+06,2.9934e+04,6.6229e+05,6.6155e+05,22.4,76.7,0.1,0.8,8.4141e+29,8.2149e+29,1.9660e+28,2.6000e+26,2.4573e+28,0.0000e+00,97.6,2.3,0.0
349,8.3731e+29,1.8681e+29,6.4284e+29,8.5000e+26,6.8100e+27,1.3459e+29,5.2220e+28,3.4777e+29,2.9507e+29,5.0000e+26,3.5000e+26,3.3500e+27,3.4600e+27,7.2180e+28,7.8900e+27,5.4073e+08,1.5073e+06,1.6023e+09,4.2411e-06,7.7535e+06,2.8132e+04,6.6298e+05,6.6230e+05,22.3,76.8,0.1,0.8,8.3748e+29,8.1693e+29,2.0250e+28,3.0000e+26,2.4656e+28,0.0000e+00,97.5,2.4,0.0
350,8.4248e+29,1.8846e+29,6.4664e+29,6.5000e+26,6.7300e+27,1.3388e+29,5.4580e+28,3.4718e+29,2.9946e+29,3.3000e+26,3.2000e+26,3.4300e+27,3.3000e+27,7.1190e+28,7.2000e+27,5.3693e+08,1.4215e+06,1.6350e+09,4.8322e-06,7.7053e+06,3.8770e+04,6.6360e+05,6.6298e+05,22.4,76.8,0.1,0.8,8.4101e+29,8.2015e+29,2.0650e+28,2.1000e+26,2.4552e+28,0.0000e+00,97.5,2.5,0.0
351,8.6586e+29,1.8949e+29,6.6881e+29,7.4000e+26,6.8200e+27,1.3466e+29,5.4830e+28,3.5749e+29,3.1132e+29,3.9000e+26,3.5000e+26,3.5900e+27,3.2300e+27,7.0170e+28,7.3900e+27,5.3389e+08,1.7857e+06,1.6106e+09,5.5116e-06,7.4551e+06,4.4259e+04,6.6415e+05,6.6360e+05,21.9,77.2,0.1,0.8,8.6459e+29,8.4423e+29,2.0080e+28,2.8000e+26,2.4801e+28,0.0000e+00,97.6,2.3,0.0
352,8.8822e+29,1.8759e+29,6.9305e+29,8.3000e+26,6.7500e+27,1.3402e+29,5.3570e+28,3.7864e+29,3.1441e+29,5.1000e+26,3.2000e+26,3.4000e+27,3.3500e+27,6.8930e+28,7.4300e+27,5.3095e+08,2.1482e+06,1.5830e+09,6.4133e-06,7.2714e+06,4.3070e+04,6.6464e+05,6.6416e+05,21.1,78.0,0.1,0.8,8.8880e+29,8.6781e+29,2.0710e+28,2.8000e+26,2.4681e+28,0.0000e+00,97.6,2.3,0.0
353,9.0350e+29,1.8863e+29,7.0733e+29,7.4000e+26,6.8000e+27,1.3383e+29,5.4800e+28,3.8210e+29,3.2523e+29,4.0000e+26,3.4000e+26,3.4000e+27,3.4000e+27,6.9200e+28,6.8900e+27,5.2652e+08,2.1650e+06,1.9239e+09,7.3316e-06,7.1134e+06,4.4168e+04,6.6507e+05,6.6464e+05,20.9,78.3,0.1,0.8,9.0251e+29,8.8081e+29,2.1470e+28,2.3000e+26,2.4916e+28,0.0000e+00,97.6,2.4,0.0
354,9.0514e+29,1.9002e+29,7.0759e+29,7.4000e+26,6.7900e+27,1.3412e+29,5.5900e+28,3.8514e+29,3.2245e+29,3.6000e+26,3.8000e+26,3.4600e+27,3.3300e+27,6.6940e+28,6.9900e+27,5.2260e+08,2.2090e+06,1.9001e+09,8.3927e-06,6.9175e+06,3.6828e+04,6.6543e+05,6.6507e+05,21.0,78.2,0.1,0.8,9.0464e+29,8.8320e+29,2.1310e+28,1.3000e+26,2.4780e+28,0.0000e+00,97.6,2.4,0.0
355,9.1343e+29,1.8813e+29,7.1788e+29,6.2000e+26,6.8000e+27,1.3245e+29,5.5680e+28,3.9390e+29,3.2398e+29,3.0000e+26,3.2000e+26,3.4200e+27,3.3800e+27,6.6210e+28,7.2300e+27,5.1794e+08,1.9114e+06,1.9996e+09,9.5965e-06,7.0426e+06,3.7677e+04,6.6573e+05,6.6544e+05,20.6,78.6,0.1,0.7,9.1333e+29,8.9092e+29,2.2050e+28,3.6000e+26,2.5001e+28,0.0000e+00,97.5,2.4,0.0
356,9.2540e+29,1.8702e+29,7.3072e+29,8.9000e+26,6.7700e+27,1.3123e+29,5.5790e+28,3.9262e+29,3.3810e+29,5.4000e+26,3.5000e+26,3.3500e+27,3.4200e+27,6.5240e+28,6.7500e+27,5.1285e+08,2.1506e+06,2.0533e+09,1.0976e-05,7.2654e+06,4.3357e+04,6.6596e+05,6.6573e+05,20.2,79.0,0.1,0.7,9.2421e+29,9.0093e+29,2.3000e+28,2.8000e+26,2.4849e+28,0.0000e+00,97.5,2.5,0.0
357,9.3601e+29,1.8636e+29,7.4207e+29,8.0000e+26,6.7800e+27,1.3061e+29,5.5750e+28,3.9363e+29,3.4844e+29,4.0000e+26,4.0000e+26,3.3200e+27,3.4600e+27,6.4550e+28,6.2900e+27,5.0892e+08,2.2742e+06,2.0352e+09,1.2528e-05,7.3365e+06,3.2188e+04,6.6612e+05,6.6596e+05,19.9,79.3,0.1,0.7,9.3607e+29,9.1326e+29,2.2540e+28,2.7000e+26,2.4872e+28,0.0000e+00,97.6,2.4,0.0
358,9.2065e+29,1.8551e+29,7.2771e+29,6.4000e+26,6.7900e+27,1.2966e+29,5.5850e+28,3.9552e+29,3.3219e+29,4.1000e+26,2.3000e+26,3.4300e+27,3.3600e+27,6.3390e+28,6.4800e+27,5.0536e+08,1.9706e+06,1.8285e+09,1.4279e-05,6.9624e+06,3.7113e+04,6.6622e+05,6.6612e+05,20.1,79.0,0.1,0.7,9.2000e+29,8.9784e+29,2.1880e+28,2.8000e+26,2.4888e+28,0.0000e+00,97.6,2.4,0.0
359,9.4695e+29,1.8802e+29,7.5157e+29,6.1000e+26,6.7500e+27,1.2989e+29,5.8130e+28,4.0541e+29,3.4616e+29,3.1000e+26,3.0000e+26,3.3700e+27,3.3800e+27,6.1670e+28,5.9500e+27,5.0244e+08,2.1833e+06,1.9596e+09,1.6242e-05,6.9072e+06,4.5957e+04,6.6625e+05,6.6622e+05,19.9,79.4,0.1,0.7,9.4598e+29,9.2310e+29,2.2680e+28,2.0000e+26,2.4895e+28,0.0000e+00,97.6,2.4,0.0
