TAA_Bin,Band_Index,EffCos_Lo,EffCos_Hi,Gen_PSD_Dawn,Gen_TD_Dawn,Gen_PSD_Dusk,Gen_TD_Dusk,Stock_Dawn,Stock_Dusk,Step_Count
0,0,0.0000,0.0500,1.9100e+27,1.1000e+26,1.8900e+27,9.0000e+25,4.5524e+32,3.5089e+32,136
0,1,0.0500,0.1000,2.7100e+27,1.1200e+27,2.0500e+27,4.6000e+26,2.0467e+32,1.7377e+32,136
0,2,0.1000,0.2000,8.4100e+27,1.1440e+28,6.5000e+27,7.5300e+27,4.0170e+32,3.1794e+32,136
0,3,0.2000,0.3500,1.2040e+28,4.4040e+28,9.8200e+27,3.5680e+28,3.0959e+32,2.4007e+32,136
0,4,0.3500,0.5500,7.9200e+27,1.0364e+29,6.5300e+27,8.5150e+28,1.2099e+32,9.4136e+31,136
0,5,0.5500,1.0100,3.1800e+27,2.9235e+29,3.2400e+27,2.7939e+29,2.7750e+31,2.5582e+31,136
1,0,0.0000,0.0500,2.2400e+27,2.0000e+26,1.6300e+27,1.0000e+26,4.5557e+32,3.5110e+32,136
1,1,0.0500,0.1000,2.7100e+27,1.0300e+27,1.8200e+27,6.4000e+26,2.0471e+32,1.7378e+32,136
1,2,0.1000,0.2000,8.8200e+27,1.0140e+28,7.0000e+27,8.4200e+27,4.0167e+32,3.1802e+32,136
1,3,0.2000,0.3500,1.2030e+28,4.3790e+28,9.5800e+27,3.4370e+28,3.0907e+32,2.3977e+32,136
1,4,0.3500,0.5500,7.9500e+27,1.0072e+29,6.2800e+27,8.5810e+28,1.2065e+32,9.3931e+31,136
1,5,0.5500,1.0100,3.4200e+27,2.9055e+29,2.9400e+27,2.7358e+29,2.7824e+31,2.5606e+31,136
2,0,0.0000,0.0500,2.1800e+27,2.2000e+26,1.5400e+27,1.2000e+26,4.5587e+32,3.5130e+32,136
2,1,0.0500,0.1000,2.6400e+27,1.0200e+27,2.3800e+27,6.9000e+26,2.0472e+32,1.7385e+32,136
2,2,0.1000,0.2000,8.5000e+27,1.1080e+28,7.0500e+27,7.6800e+27,4.0161e+32,3.1806e+32,136
2,3,0.2000,0.3500,1.2720e+28,4.4850e+28,9.4800e+27,3.5600e+28,3.0859e+32,2.3946e+32,136
2,4,0.3500,0.5500,8.0200e+27,9.9670e+28,6.4500e+27,8.3220e+28,1.2038e+32,9.3688e+31,136
2,5,0.5500,1.0100,2.8800e+27,2.8783e+29,2.7800e+27,2.7176e+29,2.7876e+31,2.5592e+31,136
3,0,0.0000,0.0500,2.1500e+27,1.4000e+26,1.7200e+27,8.0000e+25,4.5955e+32,3.5408e+32,137
3,1,0.0500,0.1000,2.7300e+27,1.0500e+27,2.0700e+27,6.1000e+26,2.0628e+32,1.7517e+32,137
3,2,0.1000,0.2000,8.8200e+27,1.0920e+28,7.4200e+27,7.8200e+27,4.0450e+32,3.2047e+32,137
3,3,0.2000,0.3500,1.2760e+28,4.5010e+28,9.5800e+27,3.5450e+28,3.1058e+32,2.4101e+32,137
3,4,0.3500,0.5500,8.0700e+27,9.9860e+28,6.4000e+27,8.4400e+28,1.2101e+32,9.4160e+31,137
3,5,0.5500,1.0100,3.1500e+27,2.7954e+29,2.6200e+27,2.7424e+29,2.8076e+31,2.5819e+31,137
4,0,0.0000,0.0500,1.8700e+27,1.2000e+26,1.7700e+27,1.3000e+26,4.5651e+32,3.5173e+32,136
4,1,0.0500,0.1000,2.3100e+27,1.0500e+27,2.2200e+27,6.6000e+26,2.0487e+32,1.7392e+32,136
4,2,0.1000,0.2000,8.9500e+27,1.1050e+28,7.1300e+27,7.9400e+27,4.0157e+32,3.1819e+32,136
4,3,0.2000,0.3500,1.2640e+28,4.2720e+28,9.5400e+27,3.6160e+28,3.1089e+32,2.3900e+32,136
4,4,0.3500,0.5500,7.9400e+27,9.1770e+28,6.2500e+27,8.2390e+28,1.1698e+32,9.3267e+31,136
4,5,0.5500,1.0100,3.1200e+27,2.7960e+29,2.9100e+27,2.6800e+29,2.7848e+31,2.5662e+31,136
5,0,0.0000,0.0500,2.1800e+27,1.3000e+26,1.9200e+27,1.1000e+26,4.5681e+32,3.5195e+32,136
5,1,0.0500,0.1000,2.5000e+27,1.1300e+27,1.9800e+27,7.9000e+26,2.1723e+32,1.7398e+32,136
5,2,0.1000,0.2000,8.6300e+27,1.0260e+28,7.1500e+27,7.4000e+27,3.9162e+32,3.1818e+32,136
5,3,0.2000,0.3500,1.2370e+28,4.2760e+28,9.7300e+27,3.5920e+28,3.1034e+32,2.3876e+32,136
5,4,0.3500,0.5500,7.7900e+27,9.2100e+28,6.4400e+27,8.7170e+28,1.1437e+32,9.3200e+31,136
5,5,0.5500,1.0100,2.9500e+27,2.8570e+29,2.8300e+27,2.8542e+29,2.7867e+31,2.5798e+31,136
6,0,0.0000,0.0500,1.9500e+27,1.3000e+26,1.8200e+27,1.6000e+26,4.6046e+32,3.5471e+32,137
6,1,0.0500,0.1000,2.7800e+27,8.3000e+26,1.8800e+27,6.0000e+26,2.2024e+32,1.6795e+32,137
6,2,0.1000,0.2000,8.8200e+27,1.1000e+28,7.4800e+27,7.9800e+27,4.0140e+32,3.2785e+32,137
6,3,0.2000,0.3500,1.3330e+28,4.2680e+28,9.5300e+27,3.5780e+28,3.0401e+32,2.4027e+32,137
6,4,0.3500,0.5500,7.6300e+27,9.4440e+28,6.4400e+27,8.4650e+28,1.1493e+32,9.3726e+31,137
6,5,0.5500,1.0100,2.8700e+27,2.8457e+29,2.9600e+27,2.8769e+29,2.8148e+31,2.6045e+31,137
7,0,0.0000,0.0500,2.1200e+27,9.0000e+25,1.7600e+27,1.9000e+26,4.5744e+32,3.5230e+32,136
7,1,0.0500,0.1000,2.6600e+27,9.2000e+26,1.9700e+27,5.6000e+26,2.1871e+32,1.6404e+32,136
7,2,0.1000,0.2000,9.0600e+27,1.0890e+28,7.2500e+27,7.6600e+27,3.9848e+32,3.2820e+32,136
7,3,0.2000,0.3500,1.3200e+28,4.0690e+28,9.9300e+27,3.6360e+28,3.0138e+32,2.3828e+32,136
7,4,0.3500,0.5500,7.9000e+27,9.2290e+28,6.5700e+27,8.5510e+28,1.1390e+32,9.2857e+31,136
7,5,0.5500,1.0100,3.1100e+27,2.8151e+29,2.7700e+27,2.8228e+29,2.8009e+31,2.5967e+31,136
8,0,0.0000,0.0500,1.9000e+27,9.0000e+25,1.6900e+27,1.7000e+26,4.6110e+32,3.5296e+32,137
8,1,0.0500,0.1000,3.1000e+27,1.0800e+27,2.1400e+27,7.5000e+26,2.2040e+32,1.6740e+32,137
8,2,0.1000,0.2000,9.4600e+27,9.2700e+27,7.5900e+27,7.5500e+27,4.0137e+32,3.3062e+32,137
8,3,0.2000,0.3500,1.2110e+28,4.0870e+28,9.5800e+27,3.4400e+28,3.0314e+32,2.3982e+32,137
8,4,0.3500,0.5500,7.1200e+27,8.8910e+28,6.4200e+27,8.0810e+28,1.1455e+32,9.3330e+31,137
8,5,0.5500,1.0100,3.0000e+27,2.7600e+29,2.5200e+27,2.7927e+29,2.8167e+31,2.6175e+31,137
9,0,0.0000,0.0500,2.2200e+27,1.3000e+26,1.8700e+27,1.8000e+26,4.6143e+32,3.4336e+32,137
9,1,0.0500,0.1000,2.9100e+27,1.1400e+27,1.8300e+27,5.5000e+26,2.2045e+32,1.7723e+32,137
9,2,0.1000,0.2000,8.4900e+27,9.8200e+27,7.2100e+27,7.4100e+27,4.0503e+32,3.3066e+32,137
9,3,0.2000,0.3500,1.1960e+28,3.9920e+28,9.7300e+27,3.6210e+28,2.9909e+32,2.3963e+32,137
9,4,0.3500,0.5500,7.6800e+27,8.8150e+28,6.3200e+27,8.2400e+28,1.1415e+32,9.3171e+31,137
9,5,0.5500,1.0100,3.0800e+27,2.6259e+29,2.6600e+27,2.6839e+29,2.8054e+31,2.6103e+31,137
10,0,0.0000,0.0500,1.6000e+27,1.3000e+26,1.6100e+27,1.5000e+26,4.6171e+32,3.3957e+32,137
10,1,0.0500,0.1000,2.8900e+27,8.4000e+26,2.2100e+27,6.2000e+26,2.2052e+32,1.8128e+32,137
10,2,0.1000,0.2000,9.8400e+27,1.0170e+28,7.7400e+27,7.8700e+27,4.1191e+32,3.3069e+32,137
10,3,0.2000,0.3500,1.2150e+28,3.9680e+28,1.0330e+28,3.4580e+28,2.9185e+32,2.3951e+32,137
10,4,0.3500,0.5500,7.4400e+27,8.7870e+28,6.5100e+27,8.2020e+28,1.1382e+32,9.3003e+31,137
10,5,0.5500,1.0100,3.2400e+27,2.7831e+29,2.9200e+27,2.6875e+29,2.8112e+31,2.6062e+31,137
11,0,0.0000,0.0500,1.7800e+27,7.0000e+25,1.5600e+27,1.5000e+26,4.6199e+32,3.3280e+32,137
11,1,0.0500,0.1000,2.3200e+27,1.0800e+27,1.9100e+27,6.4000e+26,2.2056e+32,1.8832e+32,137
11,2,0.1000,0.2000,9.0600e+27,1.0000e+28,7.3400e+27,7.6400e+27,4.1196e+32,3.3071e+32,137
11,3,0.2000,0.3500,1.1770e+28,3.9540e+28,9.8300e+27,3.4280e+28,2.9149e+32,2.3925e+32,137
11,4,0.3500,0.5500,8.3200e+27,8.5370e+28,6.4300e+27,8.0980e+28,1.1354e+32,9.2826e+31,137
11,5,0.5500,1.0100,2.8900e+27,2.6530e+29,3.1400e+27,2.7665e+29,2.8165e+31,2.6047e+31,137
12,0,0.0000,0.0500,2.1300e+27,4.0000e+25,1.5100e+27,1.0000e+26,4.6226e+32,3.3185e+32,137
12,1,0.0500,0.1000,2.8200e+27,8.8000e+26,2.1900e+27,6.0000e+26,2.2060e+32,1.8955e+32,137
12,2,0.1000,0.2000,9.7900e+27,9.7300e+27,7.3800e+27,8.4000e+27,4.1193e+32,3.3077e+32,137
12,3,0.2000,0.3500,1.1840e+28,3.8460e+28,1.0210e+28,3.5180e+28,2.9117e+32,2.3904e+32,137
12,4,0.3500,0.5500,7.6600e+27,8.5420e+28,6.3900e+27,8.0180e+28,1.1322e+32,9.2679e+31,137
12,5,0.5500,1.0100,3.1600e+27,2.7883e+29,2.8400e+27,2.7571e+29,2.8250e+31,2.6207e+31,137
13,0,0.0000,0.0500,2.1600e+27,8.0000e+25,1.4700e+27,6.0000e+25,4.6257e+32,3.3165e+32,137
13,1,0.0500,0.1000,2.4200e+27,6.7000e+26,2.2600e+27,6.8000e+26,2.2063e+32,1.9001e+32,137
13,2,0.1000,0.2000,9.1600e+27,9.7800e+27,7.1000e+27,7.1700e+27,4.1189e+32,3.3076e+32,137
13,3,0.2000,0.3500,1.1190e+28,3.7260e+28,9.3600e+27,3.4090e+28,2.9088e+32,2.3882e+32,137
13,4,0.3500,0.5500,7.4000e+27,8.6350e+28,6.3900e+27,8.2920e+28,1.1306e+32,9.2506e+31,137
13,5,0.5500,1.0100,2.9900e+27,2.6651e+29,2.7500e+27,2.7011e+29,2.8328e+31,2.6253e+31,137
14,0,0.0000,0.0500,1.9400e+27,1.0000e+26,1.4100e+27,9.0000e+25,4.6623e+32,3.2601e+32,138
14,1,0.0500,0.1000,2.8300e+27,7.6000e+26,2.1200e+27,6.1000e+26,2.2231e+32,1.9972e+32,138
14,2,0.1000,0.2000,9.0800e+27,9.4100e+27,7.7600e+27,7.5000e+27,4.1478e+32,3.3320e+32,138
14,3,0.2000,0.3500,1.1410e+28,3.7290e+28,9.9900e+27,3.2320e+28,2.9268e+32,2.4025e+32,138
14,4,0.3500,0.5500,7.6400e+27,8.6310e+28,6.2700e+27,7.9920e+28,1.1370e+32,9.3057e+31,138
14,5,0.5500,1.0100,2.8100e+27,2.6438e+29,3.2100e+27,2.6755e+29,2.8543e+31,2.6430e+31,138
15,0,0.0000,0.0500,1.9800e+27,1.2000e+26,1.3100e+27,1.6000e+26,4.6650e+32,3.2617e+32,138
15,1,0.0500,0.1000,2.4700e+27,7.3000e+26,2.4500e+27,7.0000e+26,2.2240e+32,1.9981e+32,138
15,2,0.1000,0.2000,9.1900e+27,9.4200e+27,7.0800e+27,7.3900e+27,4.1469e+32,3.2707e+32,138
15,3,0.2000,0.3500,1.1960e+28,3.5860e+28,9.8900e+27,3.4940e+28,2.9231e+32,2.4613e+32,138
15,4,0.3500,0.5500,7.5300e+27,8.5670e+28,6.1500e+27,7.9300e+28,1.1353e+32,9.2971e+31,138
15,5,0.5500,1.0100,3.0300e+27,2.7109e+29,2.9700e+27,2.7528e+29,2.8581e+31,2.6550e+31,138
16,0,0.0000,0.0500,1.9000e+27,6.0000e+25,1.6700e+27,1.7000e+26,4.6676e+32,3.2635e+32,138
16,1,0.0500,0.1000,2.9800e+27,6.3000e+26,2.0500e+27,6.3000e+26,2.2245e+32,1.9991e+32,138
16,2,0.1000,0.2000,9.0500e+27,8.9100e+27,7.0600e+27,7.4100e+27,4.1460e+32,3.2622e+32,138
16,3,0.2000,0.3500,1.2280e+28,3.5610e+28,1.0230e+28,3.3500e+28,2.9208e+32,2.4682e+32,138
16,4,0.3500,0.5500,7.5500e+27,8.0410e+28,6.3000e+27,7.9800e+28,1.1318e+32,9.2852e+31,138
16,5,0.5500,1.0100,2.9400e+27,2.5656e+29,3.0700e+27,2.7183e+29,2.8609e+31,2.6649e+31,138
17,0,0.0000,0.0500,1.7400e+27,8.0000e+25,1.5700e+27,1.0000e+26,4.6705e+32,3.2652e+32,138
17,1,0.0500,0.1000,2.8600e+27,9.2000e+26,2.4800e+27,5.7000e+26,2.2255e+32,2.0000e+32,138
17,2,0.1000,0.2000,9.4400e+27,8.9900e+27,7.4000e+27,7.4700e+27,4.1453e+32,3.2628e+32,138
17,3,0.2000,0.3500,1.1620e+28,3.5430e+28,9.8700e+27,3.4070e+28,2.9172e+32,2.4658e+32,138
17,4,0.3500,0.5500,7.1400e+27,8.2990e+28,6.3500e+27,7.7650e+28,1.1294e+32,9.2747e+31,138
17,5,0.5500,1.0100,2.8900e+27,2.6230e+29,2.6900e+27,2.6635e+29,2.8624e+31,2.6700e+31,138
18,0,0.0000,0.0500,1.7700e+27,1.1000e+26,1.4300e+27,5.0000e+25,4.7075e+32,3.2903e+32,139
18,1,0.0500,0.1000,3.0000e+27,7.0000e+26,2.0800e+27,7.0000e+26,2.2424e+32,2.0154e+32,139
18,2,0.1000,0.2000,9.2300e+27,8.2300e+27,7.3300e+27,7.1500e+27,4.1755e+32,3.2865e+32,139
18,3,0.2000,0.3500,1.1880e+28,3.4620e+28,9.9200e+27,3.2980e+28,2.9348e+32,2.4822e+32,139
18,4,0.3500,0.5500,7.6400e+27,8.0050e+28,6.4000e+27,7.8420e+28,1.1357e+32,9.3325e+31,139
18,5,0.5500,1.0100,3.0300e+27,2.5656e+29,3.0000e+27,2.6284e+29,2.8863e+31,2.6979e+31,139
19,0,0.0000,0.0500,1.8700e+27,6.0000e+25,1.7000e+27,1.4000e+26,4.7107e+32,3.2183e+32,139
19,1,0.0500,0.1000,3.2600e+27,8.7000e+26,2.8300e+27,5.5000e+26,2.2427e+32,2.0900e+32,139
19,2,0.1000,0.2000,8.8700e+27,9.1300e+27,7.4700e+27,7.2000e+27,4.1756e+32,3.2864e+32,139
19,3,0.2000,0.3500,1.2150e+28,3.3770e+28,9.5200e+27,3.2820e+28,2.9311e+32,2.4806e+32,139
19,4,0.3500,0.5500,7.7300e+27,7.7890e+28,6.6100e+27,7.8180e+28,1.1328e+32,9.3198e+31,139
19,5,0.5500,1.0100,3.0700e+27,2.6127e+29,3.0700e+27,2.6317e+29,2.8974e+31,2.7024e+31,139
20,0,0.0000,0.0500,1.8000e+27,6.0000e+25,1.4700e+27,1.0000e+26,4.7139e+32,3.2091e+32,139
20,1,0.0500,0.1000,2.8900e+27,7.4000e+26,2.5100e+27,7.2000e+26,2.2434e+32,2.1023e+32,139
20,2,0.1000,0.2000,8.7400e+27,8.3300e+27,7.2500e+27,7.0600e+27,4.1758e+32,3.2873e+32,139
20,3,0.2000,0.3500,1.1600e+28,3.3820e+28,9.9800e+27,3.2170e+28,2.9288e+32,2.4787e+32,139
20,4,0.3500,0.5500,7.7800e+27,7.7090e+28,6.1400e+27,7.6560e+28,1.1309e+32,9.3111e+31,139
20,5,0.5500,1.0100,3.0000e+27,2.5007e+29,2.9800e+27,2.4708e+29,2.9014e+31,2.6987e+31,139
21,0,0.0000,0.0500,1.7900e+27,1.1000e+26,1.3900e+27,1.0000e+25,4.7168e+32,3.2105e+32,139
21,1,0.0500,0.1000,2.7100e+27,7.4000e+26,2.3100e+27,6.5000e+26,2.2443e+32,2.1039e+32,139
21,2,0.1000,0.2000,9.3000e+27,7.9900e+27,7.1200e+27,6.9700e+27,4.1749e+32,3.2872e+32,139
21,3,0.2000,0.3500,1.1330e+28,3.3470e+28,1.0200e+28,3.3160e+28,2.9258e+32,2.4775e+32,139
21,4,0.3500,0.5500,7.4900e+27,7.5890e+28,6.1100e+27,7.0970e+28,1.1290e+32,9.2836e+31,139
21,5,0.5500,1.0100,2.9600e+27,2.4310e+29,2.6300e+27,2.4741e+29,2.9042e+31,2.6919e+31,139
22,0,0.0000,0.0500,2.1900e+27,5.0000e+25,1.4000e+27,1.1000e+26,4.7539e+32,3.2349e+32,140
22,1,0.0500,0.1000,2.7400e+27,9.4000e+26,2.3100e+27,5.5000e+26,2.2613e+32,2.1201e+32,140
22,2,0.1000,0.2000,9.4400e+27,8.2800e+27,7.3700e+27,7.1600e+27,4.2048e+32,3.3118e+32,140
22,3,0.2000,0.3500,1.1940e+28,3.3560e+28,9.2800e+27,3.0820e+28,2.9444e+32,2.4924e+32,140
22,4,0.3500,0.5500,7.8200e+27,7.7890e+28,6.2100e+27,7.7340e+28,1.1360e+32,9.3369e+31,140
22,5,0.5500,1.0100,3.0200e+27,2.3366e+29,3.0200e+27,2.4008e+29,2.9202e+31,2.7119e+31,140
23,0,0.0000,0.0500,1.7800e+27,7.0000e+25,1.5300e+27,9.0000e+25,4.7574e+32,3.2367e+32,140
23,1,0.0500,0.1000,2.6600e+27,8.3000e+26,2.1100e+27,7.7000e+26,2.2622e+32,2.1215e+32,140
23,2,0.1000,0.2000,9.2700e+27,8.5600e+27,7.2600e+27,6.3900e+27,4.2056e+32,3.3124e+32,140
23,3,0.2000,0.3500,1.1590e+28,3.3470e+28,9.4500e+27,3.0130e+28,2.9414e+32,2.4900e+32,140
23,4,0.3500,0.5500,7.7500e+27,7.4080e+28,6.3300e+27,7.4350e+28,1.1341e+32,9.3245e+31,140
23,5,0.5500,1.0100,2.8600e+27,2.2910e+29,2.6800e+27,2.3371e+29,2.9095e+31,2.7117e+31,140
24,0,0.0000,0.0500,2.0100e+27,9.0000e+25,1.5300e+27,1.2000e+26,4.7610e+32,3.2385e+32,140
24,1,0.0500,0.1000,2.5600e+27,8.4000e+26,2.2800e+27,5.3000e+26,2.2629e+32,2.1228e+32,140
24,2,0.1000,0.2000,9.1600e+27,7.7300e+27,7.3400e+27,6.6200e+27,4.2988e+32,3.3128e+32,140
24,3,0.2000,0.3500,1.1520e+28,3.0380e+28,1.0260e+28,3.0590e+28,2.8452e+32,2.4887e+32,140
24,4,0.3500,0.5500,7.3500e+27,7.2250e+28,6.2500e+27,7.2450e+28,1.1315e+32,9.3015e+31,140
24,5,0.5500,1.0100,3.3400e+27,2.2822e+29,2.8900e+27,2.2110e+29,2.9012e+31,2.7011e+31,140
25,0,0.0000,0.0500,1.6500e+27,1.2000e+26,1.4000e+27,1.5000e+26,4.7990e+32,3.2634e+32,141
25,1,0.0500,0.1000,2.9100e+27,8.8000e+26,2.3600e+27,6.9000e+26,2.2795e+32,2.1392e+32,141
25,2,0.1000,0.2000,8.9400e+27,8.5500e+27,7.7600e+27,6.4300e+27,4.3338e+32,3.3378e+32,141
25,3,0.2000,0.3500,1.1050e+28,3.0840e+28,9.6900e+27,3.1110e+28,2.8594e+32,2.5063e+32,141
25,4,0.3500,0.5500,7.2000e+27,7.2560e+28,6.1000e+27,7.1710e+28,1.1368e+32,9.3523e+31,141
25,5,0.5500,1.0100,2.9900e+27,2.2073e+29,3.1600e+27,2.2643e+29,2.9255e+31,2.7206e+31,141
26,0,0.0000,0.0500,1.9200e+27,9.0000e+25,1.4700e+27,1.1000e+26,4.8025e+32,3.2651e+32,141
26,1,0.0500,0.1000,2.8000e+27,5.9000e+26,2.3600e+27,6.0000e+26,2.2801e+32,2.1404e+32,141
26,2,0.1000,0.2000,9.3300e+27,7.8300e+27,7.1800e+27,6.4100e+27,4.3077e+32,3.3391e+32,141
26,3,0.2000,0.3500,1.0850e+28,2.9090e+28,1.0250e+28,3.0440e+28,2.8827e+32,2.5050e+32,141
26,4,0.3500,0.5500,7.5700e+27,6.9680e+28,5.8000e+27,6.6550e+28,1.1338e+32,9.3300e+31,141
26,5,0.5500,1.0100,2.9800e+27,2.1356e+29,2.6200e+27,2.0566e+29,2.9264e+31,2.7059e+31,141
27,0,0.0000,0.0500,1.9200e+27,9.0000e+25,1.4500e+27,1.0000e+26,4.8402e+32,3.2902e+32,142
27,1,0.0500,0.1000,2.6200e+27,6.3000e+26,2.4800e+27,4.6000e+26,2.2969e+32,2.1573e+32,142
27,2,0.1000,0.2000,9.2900e+27,7.6500e+27,7.5300e+27,6.6200e+27,4.2666e+32,3.3636e+32,142
27,3,0.2000,0.3500,1.1480e+28,3.1390e+28,1.0010e+28,2.8990e+28,2.9718e+32,2.5202e+32,142
27,4,0.3500,0.5500,7.0500e+27,6.7190e+28,6.3200e+27,6.6290e+28,1.1378e+32,9.3697e+31,142
27,5,0.5500,1.0100,3.4200e+27,2.0890e+29,2.5500e+27,2.0757e+29,2.9381e+31,2.7080e+31,142
28,0,0.0000,0.0500,2.0100e+27,7.0000e+25,1.3900e+27,1.0000e+26,4.8445e+32,3.2923e+32,142
28,1,0.0500,0.1000,2.6900e+27,7.2000e+26,2.3200e+27,6.0000e+26,2.2979e+32,2.1592e+32,142
28,2,0.1000,0.2000,9.1600e+27,7.5500e+27,7.2200e+27,6.9800e+27,4.2669e+32,3.3641e+32,142
28,3,0.2000,0.3500,1.0830e+28,3.0630e+28,9.9400e+27,2.9030e+28,2.9681e+32,2.5183e+32,142
28,4,0.3500,0.5500,7.2700e+27,6.5350e+28,6.2700e+27,6.4310e+28,1.1343e+32,9.3462e+31,142
28,5,0.5500,1.0100,2.9700e+27,2.0105e+29,2.9700e+27,2.0208e+29,2.9259e+31,2.7015e+31,142
29,0,0.0000,0.0500,1.8500e+27,1.0000e+25,1.3700e+27,1.2000e+26,4.8487e+32,3.2944e+32,142
29,1,0.0500,0.1000,2.6400e+27,7.3000e+26,2.2600e+27,6.3000e+26,2.2986e+32,2.1611e+32,142
29,2,0.1000,0.2000,8.9200e+27,7.5800e+27,7.0300e+27,6.4100e+27,4.2664e+32,3.3650e+32,142
29,3,0.2000,0.3500,1.1240e+28,2.8190e+28,1.0190e+28,2.9410e+28,2.9647e+32,2.5170e+32,142
29,4,0.3500,0.5500,7.1600e+27,6.6870e+28,5.8500e+27,6.2510e+28,1.1322e+32,9.3210e+31,142
29,5,0.5500,1.0100,3.3500e+27,1.9892e+29,2.8900e+27,2.0213e+29,2.9089e+31,2.6928e+31,142
30,0,0.0000,0.0500,1.9300e+27,1.0000e+26,1.4200e+27,8.0000e+25,4.8875e+32,3.3203e+32,143
30,1,0.0500,0.1000,2.6100e+27,7.9000e+26,2.0800e+27,4.7000e+26,2.3156e+32,2.1781e+32,143
30,2,0.1000,0.2000,9.1700e+27,7.3200e+27,7.0800e+27,5.6800e+27,4.2961e+32,3.3898e+32,143
30,3,0.2000,0.3500,1.1680e+28,2.8070e+28,9.6300e+27,2.7760e+28,2.9823e+32,2.5333e+32,143
30,4,0.3500,0.5500,7.6000e+27,6.3520e+28,6.3400e+27,6.2580e+28,1.1373e+32,9.3628e+31,143
30,5,0.5500,1.0100,2.8600e+27,1.9844e+29,2.8300e+27,1.9423e+29,2.9254e+31,2.6966e+31,143
31,0,0.0000,0.0500,1.8100e+27,8.0000e+25,1.5600e+27,8.0000e+25,4.8915e+32,3.3967e+32,143
31,1,0.0500,0.1000,2.5400e+27,5.5000e+26,2.3400e+27,4.5000e+26,2.3159e+32,2.1051e+32,143
31,2,0.1000,0.2000,8.7300e+27,7.4500e+27,7.3900e+27,6.0000e+27,4.2966e+32,3.3905e+32,143
31,3,0.2000,0.3500,1.1170e+28,2.7800e+28,9.7700e+27,2.8000e+28,2.9785e+32,2.5312e+32,143
31,4,0.3500,0.5500,6.9400e+27,6.3380e+28,5.8200e+27,6.2900e+28,1.1332e+32,9.3462e+31,143
31,5,0.5500,1.0100,3.2900e+27,2.0271e+29,3.0300e+27,1.8980e+29,2.9299e+31,2.6910e+31,143
32,0,0.0000,0.0500,1.9800e+27,2.0000e+25,1.3600e+27,7.0000e+25,4.9297e+32,3.4381e+32,144
32,1,0.0500,0.1000,2.5200e+27,5.9000e+26,2.1400e+27,3.9000e+26,2.3328e+32,2.1064e+32,144
32,2,0.1000,0.2000,9.0900e+27,7.2200e+27,6.9600e+27,5.2700e+27,4.3269e+32,3.4153e+32,144
32,3,0.2000,0.3500,1.1140e+28,2.9460e+28,9.8500e+27,2.6890e+28,2.9958e+32,2.5471e+32,144
32,4,0.3500,0.5500,7.3500e+27,6.3750e+28,6.3000e+27,5.6790e+28,1.1396e+32,9.3842e+31,144
32,5,0.5500,1.0100,3.1100e+27,1.9384e+29,3.0000e+27,1.9213e+29,2.9357e+31,2.6962e+31,144
33,0,0.0000,0.0500,1.6200e+27,1.0000e+26,1.6100e+27,9.0000e+25,4.9337e+32,3.4405e+32,144
33,1,0.0500,0.1000,2.4500e+27,5.3000e+26,2.1700e+27,5.2000e+26,2.3339e+32,2.1076e+32,144
33,2,0.1000,0.2000,9.1000e+27,7.2300e+27,6.9100e+27,5.7000e+27,4.3275e+32,3.4162e+32,144
33,3,0.2000,0.3500,1.2200e+28,2.7200e+28,1.0550e+28,2.6380e+28,2.9934e+32,2.5449e+32,144
33,4,0.3500,0.5500,7.2100e+27,6.1090e+28,6.2000e+27,5.7550e+28,1.1357e+32,9.3619e+31,144
33,5,0.5500,1.0100,3.3000e+27,1.8933e+29,2.7100e+27,1.8620e+29,2.9295e+31,2.6877e+31,144
34,0,0.0000,0.0500,2.0000e+27,5.0000e+25,1.4900e+27,1.5000e+26,4.9725e+32,3.4668e+32,145
34,1,0.0500,0.1000,2.8500e+27,6.6000e+26,2.2700e+27,4.5000e+26,2.3508e+32,2.1236e+32,145
34,2,0.1000,0.2000,9.0400e+27,7.8400e+27,7.1800e+27,5.7600e+27,4.3588e+32,3.4856e+32,145
34,3,0.2000,0.3500,1.1320e+28,2.8600e+28,9.2400e+27,2.5010e+28,3.0117e+32,2.5175e+32,145
34,4,0.3500,0.5500,7.2200e+27,6.1220e+28,6.1600e+27,5.5210e+28,1.1409e+32,9.4007e+31,145
34,5,0.5500,1.0100,3.2900e+27,1.8232e+29,2.5500e+27,1.7268e+29,2.9389e+31,2.6936e+31,145
35,0,0.0000,0.0500,1.9700e+27,3.0000e+25,1.3800e+27,1.0000e+26,4.9769e+32,3.5377e+32,145
35,1,0.0500,0.1000,2.8200e+27,5.8000e+26,2.3100e+27,4.2000e+26,2.3515e+32,2.0565e+32,145
35,2,0.1000,0.2000,9.6200e+27,7.5900e+27,7.5100e+27,5.8700e+27,4.3602e+32,3.5157e+32,145
35,3,0.2000,0.3500,1.1390e+28,2.8800e+28,9.6300e+27,2.3830e+28,3.0094e+32,2.4853e+32,145
35,4,0.3500,0.5500,6.7400e+27,5.8030e+28,5.9300e+27,5.2020e+28,1.1375e+32,9.3732e+31,145
35,5,0.5500,1.0100,2.6200e+27,1.6555e+29,2.5600e+27,1.6354e+29,2.9155e+31,2.6688e+31,145
36,0,0.0000,0.0500,2.1000e+27,1.1000e+26,1.5000e+27,9.0000e+25,5.0161e+32,3.5912e+32,146
36,1,0.0500,0.1000,2.6200e+27,6.2000e+26,2.0100e+27,4.2000e+26,2.3689e+32,2.0457e+32,146
36,2,0.1000,0.2000,9.4800e+27,7.0500e+27,7.3400e+27,5.7200e+27,4.3907e+32,3.5414e+32,146
36,3,0.2000,0.3500,1.1670e+28,2.6120e+28,1.0220e+28,2.2750e+28,3.0258e+32,2.4993e+32,146
36,4,0.3500,0.5500,6.8500e+27,5.7830e+28,5.9000e+27,5.1730e+28,1.1416e+32,9.4086e+31,146
36,5,0.5500,1.0100,3.1500e+27,1.6932e+29,2.8400e+27,1.6634e+29,2.9209e+31,2.6734e+31,146
37,0,0.0000,0.0500,1.7800e+27,4.0000e+25,1.4300e+27,8.0000e+25,5.0205e+32,3.6591e+32,146
37,1,0.0500,0.1000,3.0400e+27,6.4000e+26,2.4200e+27,3.5000e+26,2.3698e+32,1.9823e+32,146
37,2,0.1000,0.2000,9.4000e+27,7.2700e+27,7.4400e+27,5.5200e+27,4.3918e+32,3.5424e+32,146
37,3,0.2000,0.3500,1.1440e+28,2.7490e+28,9.8600e+27,2.3380e+28,3.0217e+32,2.4977e+32,146
37,4,0.3500,0.5500,7.3600e+27,5.5970e+28,5.6000e+27,5.1390e+28,1.1387e+32,9.3768e+31,146
37,5,0.5500,1.0100,2.8200e+27,1.7050e+29,2.7500e+27,1.6337e+29,2.9116e+31,2.6639e+31,146
38,0,0.0000,0.0500,1.8900e+27,6.0000e+25,1.4700e+27,7.0000e+25,5.0597e+32,3.7797e+32,147
38,1,0.0500,0.1000,2.7200e+27,7.1000e+26,2.1000e+27,4.4000e+26,2.3869e+32,1.9043e+32,147
38,2,0.1000,0.2000,9.0400e+27,7.3900e+27,6.8700e+27,5.3300e+27,4.3418e+32,3.5676e+32,147
38,3,0.2000,0.3500,1.1790e+28,2.6150e+28,9.5500e+27,2.3050e+28,3.1204e+32,2.5131e+32,147
38,4,0.3500,0.5500,7.3100e+27,5.5600e+28,5.8800e+27,4.9530e+28,1.1434e+32,9.4238e+31,147
38,5,0.5500,1.0100,2.6900e+27,1.6189e+29,2.8000e+27,1.5826e+29,2.9141e+31,2.6763e+31,147
39,0,0.0000,0.0500,2.1100e+27,1.0000e+26,1.6500e+27,4.0000e+25,5.0643e+32,3.8978e+32,147
39,1,0.0500,0.1000,2.9800e+27,5.9000e+26,1.8200e+27,3.5000e+26,2.3880e+32,1.7897e+32,147
39,2,0.1000,0.2000,8.7100e+27,6.6100e+27,7.3400e+27,5.1200e+27,4.3086e+32,3.5689e+32,147
39,3,0.2000,0.3500,1.1570e+28,2.6740e+28,9.0700e+27,2.2560e+28,3.1509e+32,2.5115e+32,147
39,4,0.3500,0.5500,6.7100e+27,5.2850e+28,6.0700e+27,4.8580e+28,1.1391e+32,9.3921e+31,147
39,5,0.5500,1.0100,2.8400e+27,1.5179e+29,2.4900e+27,1.5638e+29,2.9004e+31,2.6660e+31,147
40,0,0.0000,0.0500,2.3900e+27,1.3000e+26,1.8500e+27,7.0000e+25,5.1034e+32,3.9280e+32,148
40,1,0.0500,0.1000,2.6100e+27,8.2000e+26,1.9900e+27,2.7000e+26,2.4051e+32,1.8667e+32,148
40,2,0.1000,0.2000,8.7800e+27,7.0900e+27,6.6700e+27,5.0200e+27,4.3071e+32,3.5303e+32,148
40,3,0.2000,0.3500,1.2250e+28,2.6570e+28,9.4900e+27,2.1850e+28,3.2009e+32,2.5272e+32,148
40,4,0.3500,0.5500,6.9600e+27,5.2550e+28,5.9800e+27,4.9790e+28,1.1429e+32,9.4435e+31,148
40,5,0.5500,1.0100,2.8200e+27,1.4729e+29,2.7300e+27,1.4425e+29,2.8957e+31,2.6728e+31,148
41,0,0.0000,0.0500,2.2400e+27,7.0000e+25,1.6300e+27,5.0000e+25,5.1436e+32,3.9584e+32,149
41,1,0.0500,0.1000,2.8600e+27,7.0000e+26,2.2000e+27,4.2000e+26,2.2867e+32,1.9281e+32,149
41,2,0.1000,0.2000,9.3700e+27,6.4600e+27,7.3300e+27,4.4800e+27,4.3912e+32,3.5069e+32,149
41,3,0.2000,0.3500,1.1760e+28,2.6320e+28,9.3600e+27,2.1230e+28,3.2730e+32,2.5423e+32,149
41,4,0.3500,0.5500,7.2200e+27,5.2330e+28,5.8700e+27,4.3230e+28,1.1717e+32,9.4797e+31,149
41,5,0.5500,1.0100,2.9100e+27,1.4529e+29,2.7800e+27,1.3968e+29,2.9031e+31,2.6778e+31,149
42,0,0.0000,0.0500,2.4400e+27,5.0000e+25,1.6400e+27,7.0000e+25,5.1487e+32,3.9617e+32,149
42,1,0.0500,0.1000,2.5500e+27,5.6000e+26,2.3000e+27,4.1000e+26,2.2692e+32,1.9290e+32,149
42,2,0.1000,0.2000,8.9400e+27,5.7700e+27,6.8200e+27,4.3800e+27,4.4106e+32,3.5076e+32,149
42,3,0.2000,0.3500,1.2150e+28,2.6590e+28,9.3200e+27,2.0620e+28,3.2444e+32,2.5407e+32,149
42,4,0.3500,0.5500,7.0500e+27,5.2090e+28,5.6900e+27,4.3710e+28,1.1926e+32,9.4509e+31,149
42,5,0.5500,1.0100,2.9500e+27,1.4691e+29,2.5300e+27,1.3280e+29,2.8904e+31,2.6648e+31,149
43,0,0.0000,0.0500,2.1000e+27,8.0000e+25,1.5900e+27,6.0000e+25,5.1884e+32,3.9913e+32,150
43,1,0.0500,0.1000,2.6500e+27,6.5000e+26,2.0700e+27,3.1000e+26,2.2856e+32,1.9429e+32,150
43,2,0.1000,0.2000,9.7300e+27,7.2300e+27,6.8600e+27,4.1800e+27,4.4425e+32,3.5318e+32,150
43,3,0.2000,0.3500,1.2360e+28,2.5710e+28,9.3600e+27,1.9690e+28,3.2630e+32,2.5551e+32,150
43,4,0.3500,0.5500,6.9700e+27,4.8930e+28,5.8600e+27,4.2980e+28,1.1950e+32,9.4961e+31,150
43,5,0.5500,1.0100,3.2900e+27,1.3801e+29,2.5300e+27,1.3830e+29,2.8996e+31,2.6761e+31,150
44,0,0.0000,0.0500,2.0400e+27,1.5000e+26,1.7200e+27,3.0000e+25,5.1934e+32,4.0082e+32,150
44,1,0.0500,0.1000,2.4900e+27,7.1000e+26,2.0600e+27,3.3000e+26,2.2868e+32,1.9327e+32,150
44,2,0.1000,0.2000,9.2600e+27,6.9600e+27,6.6400e+27,4.0800e+27,4.4439e+32,3.5328e+32,150
44,3,0.2000,0.3500,1.1490e+28,2.5370e+28,9.1500e+27,1.8600e+28,3.2588e+32,2.5500e+32,150
44,4,0.3500,0.5500,6.7300e+27,4.6700e+28,6.2600e+27,4.4320e+28,1.1895e+32,9.4788e+31,150
44,5,0.5500,1.0100,2.9200e+27,1.4165e+29,2.7800e+27,1.3735e+29,2.8884e+31,2.6760e+31,150
45,0,0.0000,0.0500,2.2000e+27,1.5000e+26,1.7200e+27,4.0000e+25,5.0516e+32,4.2688e+32,151
45,1,0.0500,0.1000,2.8500e+27,6.1000e+26,2.3400e+27,5.4000e+26,2.3187e+32,1.9170e+32,151
45,2,0.1000,0.2000,8.6700e+27,6.4600e+27,6.9600e+27,4.2500e+27,4.5382e+32,3.4390e+32,151
45,3,0.2000,0.3500,1.2530e+28,2.6450e+28,9.1800e+27,1.9270e+28,3.3791e+32,2.4823e+32,151
45,4,0.3500,0.5500,7.0600e+27,4.9210e+28,5.9100e+27,4.2160e+28,1.1928e+32,9.5229e+31,151
45,5,0.5500,1.0100,2.8800e+27,1.4393e+29,2.6000e+27,1.3560e+29,2.8997e+31,2.6894e+31,151
46,0,0.0000,0.0500,2.0800e+27,6.0000e+25,1.8000e+27,5.0000e+25,4.9665e+32,4.3159e+32,152
46,1,0.0500,0.1000,2.7400e+27,4.4000e+26,2.2100e+27,3.4000e+26,2.3612e+32,1.9291e+32,152
46,2,0.1000,0.2000,8.6000e+27,6.3200e+27,7.1100e+27,4.2300e+27,4.6218e+32,3.4615e+32,152
46,3,0.2000,0.3500,1.2560e+28,2.5910e+28,8.5900e+27,1.7410e+28,3.4420e+32,2.4840e+32,152
46,4,0.3500,0.5500,7.1200e+27,4.8060e+28,5.6100e+27,4.0780e+28,1.1968e+32,9.5634e+31,152
46,5,0.5500,1.0100,3.0900e+27,1.4197e+29,2.4300e+27,1.3262e+29,2.9192e+31,2.7124e+31,152
47,0,0.0000,0.0500,2.0100e+27,1.2000e+26,1.6100e+27,2.0000e+25,5.0039e+32,4.3476e+32,153
47,1,0.0500,0.1000,2.6300e+27,6.8000e+26,2.0000e+27,3.6000e+26,2.3774e+32,1.9424e+32,153
47,2,0.1000,0.2000,9.0400e+27,6.0500e+27,6.6400e+27,4.0400e+27,4.6525e+32,3.4845e+32,153
47,3,0.2000,0.3500,1.2060e+28,2.3820e+28,8.7400e+27,1.7670e+28,3.4593e+32,2.4981e+32,153
47,4,0.3500,0.5500,7.3000e+27,5.0160e+28,5.9100e+27,4.0930e+28,1.2003e+32,9.6066e+31,153
47,5,0.5500,1.0100,2.9700e+27,1.4081e+29,2.4600e+27,1.2594e+29,2.9378e+31,2.7191e+31,153
48,0,0.0000,0.0500,2.3800e+27,1.0000e+26,1.6300e+27,2.0000e+25,5.0090e+32,4.3508e+32,153
48,1,0.0500,0.1000,2.4500e+27,6.9000e+26,2.0700e+27,4.2000e+26,2.3500e+32,2.0064e+32,153
48,2,0.1000,0.2000,8.9700e+27,6.3700e+27,6.5200e+27,4.0600e+27,4.6806e+32,3.4512e+32,153
48,3,0.2000,0.3500,1.3090e+28,2.4970e+28,9.1000e+27,1.6140e+28,3.4543e+32,2.4953e+32,153
48,4,0.3500,0.5500,6.7900e+27,4.5800e+28,4.9600e+27,3.7410e+28,1.1962e+32,9.3067e+31,153
48,5,0.5500,1.0100,2.8700e+27,1.2929e+29,2.6300e+27,1.2430e+29,2.9236e+31,2.7206e+31,153
49,0,0.0000,0.0500,2.2400e+27,1.0000e+26,1.5600e+27,3.0000e+25,4.9661e+32,4.3829e+32,154
49,1,0.0500,0.1000,2.3700e+27,5.7000e+26,2.2200e+27,3.1000e+26,2.3086e+32,2.0660e+32,154
49,2,0.1000,0.2000,9.3700e+27,6.7700e+27,6.9200e+27,4.0700e+27,4.8489e+32,3.4941e+32,154
49,3,0.2000,0.3500,1.1960e+28,2.3560e+28,9.0400e+27,1.5770e+28,3.4710e+32,2.4506e+32,154
49,4,0.3500,0.5500,6.5400e+27,4.5620e+28,5.7500e+27,3.5550e+28,1.1982e+32,9.2814e+31,154
49,5,0.5500,1.0100,2.4800e+27,1.2816e+29,2.6600e+27,1.2193e+29,2.9256e+31,2.7293e+31,154
50,0,0.0000,0.0500,1.9900e+27,9.0000e+25,1.8300e+27,4.0000e+25,4.6674e+32,4.4153e+32,155
50,1,0.0500,0.1000,2.8200e+27,6.5000e+26,2.1500e+27,3.2000e+26,2.6600e+32,2.0802e+32,155
50,2,0.1000,0.2000,9.5100e+27,6.5500e+27,7.0100e+27,3.6900e+27,4.8800e+32,3.5867e+32,155
50,3,0.2000,0.3500,1.2870e+28,2.3890e+28,8.3700e+27,1.4880e+28,3.4878e+32,2.3940e+32,155
50,4,0.3500,0.5500,7.3100e+27,4.3930e+28,5.5700e+27,3.4150e+28,1.2007e+32,9.3230e+31,155
50,5,0.5500,1.0100,2.8000e+27,1.1943e+29,2.6100e+27,1.2555e+29,2.9304e+31,2.7494e+31,155
51,0,0.0000,0.0500,2.2300e+27,1.5000e+26,1.5800e+27,4.0000e+25,4.4553e+32,4.4186e+32,155
51,1,0.0500,0.1000,2.6300e+27,5.5000e+26,2.3600e+27,4.4000e+26,2.8772e+32,2.0809e+32,155
51,2,0.1000,0.2000,8.4800e+27,6.4000e+27,7.4400e+27,3.9800e+27,4.7869e+32,3.5871e+32,155
51,3,0.2000,0.3500,1.2360e+28,2.5020e+28,8.1800e+27,1.5180e+28,3.5755e+32,2.3917e+32,155
51,4,0.3500,0.5500,7.2600e+27,4.2910e+28,5.7200e+27,3.6030e+28,1.1959e+32,9.3114e+31,155
51,5,0.5500,1.0100,2.5000e+27,1.2376e+29,2.2500e+27,1.1657e+29,2.9143e+31,2.7497e+31,155
52,0,0.0000,0.0500,1.8100e+27,1.3000e+26,1.7300e+27,5.0000e+25,4.3659e+32,4.4794e+32,157
52,1,0.0500,0.1000,3.4400e+27,5.7000e+26,2.3000e+27,2.3000e+26,3.0662e+32,2.1367e+32,157
52,2,0.1000,0.2000,9.2800e+27,6.3700e+27,6.9400e+27,3.6100e+27,4.8172e+32,3.6925e+32,157
52,3,0.2000,0.3500,1.2990e+28,2.5190e+28,7.9700e+27,1.4910e+28,3.6467e+32,2.3344e+32,157
52,4,0.3500,0.5500,6.9700e+27,4.3260e+28,4.9200e+27,3.5510e+28,1.2065e+32,9.4258e+31,157
52,5,0.5500,1.0100,2.6700e+27,1.2111e+29,2.5300e+27,1.1257e+29,2.9448e+31,2.7834e+31,157
53,0,0.0000,0.0500,1.8400e+27,1.2000e+26,1.4200e+27,1.0000e+25,4.2236e+32,4.4826e+32,157
53,1,0.0500,0.1000,3.3700e+27,8.1000e+26,2.1400e+27,4.6000e+26,3.2139e+32,2.2147e+32,157
53,2,0.1000,0.2000,9.4000e+27,6.4200e+27,7.3200e+27,3.6100e+27,4.8172e+32,3.7066e+32,157
53,3,0.2000,0.3500,1.2400e+28,2.3930e+28,7.9600e+27,1.3830e+28,3.5919e+32,2.2417e+32,157
53,4,0.3500,0.5500,6.9900e+27,4.1620e+28,5.2400e+27,3.1460e+28,1.2412e+32,9.4086e+31,157
53,5,0.5500,1.0100,2.9300e+27,1.2178e+29,2.6300e+27,1.1688e+29,3.0228e+31,2.7839e+31,157
54,0,0.0000,0.0500,1.5300e+27,1.2000e+26,1.4100e+27,1.0000e+25,4.0379e+32,4.5144e+32,158
54,1,0.0500,0.1000,3.0700e+27,9.9000e+26,2.2900e+27,2.8000e+26,3.4520e+32,2.2294e+32,158
54,2,0.1000,0.2000,9.0800e+27,6.7000e+27,7.5000e+27,3.7300e+27,4.8476e+32,3.8364e+32,158
54,3,0.2000,0.3500,1.2250e+28,2.3850e+28,7.4800e+27,1.2850e+28,3.5495e+32,2.1477e+32,158
54,4,0.3500,0.5500,7.9300e+27,4.2040e+28,4.9300e+27,3.0620e+28,1.2868e+32,9.4473e+31,158
54,5,0.5500,1.0100,3.0300e+27,1.2618e+29,2.4900e+27,1.0968e+29,3.2045e+31,2.8006e+31,158
55,0,0.0000,0.0500,1.5100e+27,9.0000e+25,1.3300e+27,3.0000e+25,3.9296e+32,4.5177e+32,158
55,1,0.0500,0.1000,3.4000e+27,1.0500e+27,2.3900e+27,2.5000e+26,3.4629e+32,2.2757e+32,158
55,2,0.1000,0.2000,9.6900e+27,7.1600e+27,7.4600e+27,3.8400e+27,4.9498e+32,3.9275e+32,158
55,3,0.2000,0.3500,1.2600e+28,2.2840e+28,7.6000e+27,1.1740e+28,3.5421e+32,2.0406e+32,158
55,4,0.3500,0.5500,7.1700e+27,4.1570e+28,5.1700e+27,2.9820e+28,1.2774e+32,9.1921e+31,158
55,5,0.5500,1.0100,2.9700e+27,1.1823e+29,2.4500e+27,1.1179e+29,3.2655e+31,2.7173e+31,158
56,0,0.0000,0.0500,1.5600e+27,6.0000e+25,1.2000e+27,1.0000e+25,3.8375e+32,4.5781e+32,160
56,1,0.0500,0.1000,3.4100e+27,1.2800e+27,2.4700e+27,2.0000e+26,3.5778e+32,2.3594e+32,160
56,2,0.1000,0.2000,9.6600e+27,7.1700e+27,7.5200e+27,3.5600e+27,5.0857e+32,3.9426e+32,160
56,3,0.2000,0.3500,1.2360e+28,2.3810e+28,7.1700e+27,1.2100e+28,3.5837e+32,2.0491e+32,160
56,4,0.3500,0.5500,7.2600e+27,4.0690e+28,5.4700e+27,2.8370e+28,1.2851e+32,9.2653e+31,160
56,5,0.5500,1.0100,3.1700e+27,1.1676e+29,2.5300e+27,1.1011e+29,3.3131e+31,2.7546e+31,160
57,0,0.0000,0.0500,1.4900e+27,3.0000e+25,1.2800e+27,3.0000e+25,3.8021e+32,4.6670e+32,160
57,1,0.0500,0.1000,3.4600e+27,1.2500e+27,2.5300e+27,3.0000e+26,3.6181e+32,2.3248e+32,160
57,2,0.1000,0.2000,9.8000e+27,6.9600e+27,7.9900e+27,3.6200e+27,4.9534e+32,3.8923e+32,160
57,3,0.2000,0.3500,1.2720e+28,2.4760e+28,7.8500e+27,1.1420e+28,3.7108e+32,2.0707e+32,160
57,4,0.3500,0.5500,7.4500e+27,3.8490e+28,5.0300e+27,2.7360e+28,1.2690e+32,9.0065e+31,160
57,5,0.5500,1.0100,3.4200e+27,1.2514e+29,2.3200e+27,1.0121e+29,3.4284e+31,2.7598e+31,160
58,0,0.0000,0.0500,1.6500e+27,4.0000e+25,1.3300e+27,0.0000e+00,3.6962e+32,4.8016e+32,162
58,1,0.0500,0.1000,3.9500e+27,1.3800e+27,2.5700e+27,2.9000e+26,3.8210e+32,2.3453e+32,162
58,2,0.1000,0.2000,9.5000e+27,7.0400e+27,7.0300e+27,2.8600e+27,5.0148e+32,3.8774e+32,162
58,3,0.2000,0.3500,1.3510e+28,2.4090e+28,7.6600e+27,1.1700e+28,3.7507e+32,2.1542e+32,162
58,4,0.3500,0.5500,7.0000e+27,3.8570e+28,4.5600e+27,2.6860e+28,1.2717e+32,8.5150e+31,162
58,5,0.5500,1.0100,3.2600e+27,1.1551e+29,2.7500e+27,9.6060e+28,3.5491e+31,2.7860e+31,162
59,0,0.0000,0.0500,1.5700e+27,3.0000e+25,1.3700e+27,2.0000e+25,3.6599e+32,4.8050e+32,162
59,1,0.0500,0.1000,3.8300e+27,1.6000e+27,2.5400e+27,3.4000e+26,3.8622e+32,2.4526e+32,162
59,2,0.1000,0.2000,9.6900e+27,6.9400e+27,7.1700e+27,3.0000e+27,5.0137e+32,3.7711e+32,162
59,3,0.2000,0.3500,1.2620e+28,2.4500e+28,7.5700e+27,1.1560e+28,3.7436e+32,2.1822e+32,162
59,4,0.3500,0.5500,7.8000e+27,3.7640e+28,4.8000e+27,2.4420e+28,1.2650e+32,8.1921e+31,162
59,5,0.5500,1.0100,3.1700e+27,1.2213e+29,2.3700e+27,9.5070e+28,3.5650e+31,2.7874e+31,162
60,0,0.0000,0.0500,1.2900e+27,1.0000e+26,1.1400e+27,2.0000e+25,3.5890e+32,4.8380e+32,163
60,1,0.0500,0.1000,4.1700e+27,2.0300e+27,2.6000e+27,2.5000e+26,3.9838e+32,2.6836e+32,163
60,2,0.1000,0.2000,9.6800e+27,6.8600e+27,6.8300e+27,2.3200e+27,4.9283e+32,3.6100e+32,163
60,3,0.2000,0.3500,1.3510e+28,2.4160e+28,7.0500e+27,1.1610e+28,3.8685e+32,2.1625e+32,163
60,4,0.3500,0.5500,7.1200e+27,3.6700e+28,4.7200e+27,2.5220e+28,1.2715e+32,8.2455e+31,163
60,5,0.5500,1.0100,3.4700e+27,1.2062e+29,2.5300e+27,1.0170e+29,3.6127e+31,2.8062e+31,163
61,0,0.0000,0.0500,1.3200e+27,5.0000e+25,1.0800e+27,1.0000e+25,3.5037e+32,4.8711e+32,164
61,1,0.0500,0.1000,3.8200e+27,2.1300e+27,2.9500e+27,2.5000e+26,4.0314e+32,2.8892e+32,164
61,2,0.1000,0.2000,9.7200e+27,7.7900e+27,7.1100e+27,2.8600e+27,5.0290e+32,3.5697e+32,164
61,3,0.2000,0.3500,1.3400e+28,2.4280e+28,7.4000e+27,1.1220e+28,3.8761e+32,2.0994e+32,164
61,4,0.3500,0.5500,7.2400e+27,3.7410e+28,4.4400e+27,2.5390e+28,1.2887e+32,7.8383e+31,164
61,5,0.5500,1.0100,3.2800e+27,1.2330e+29,2.3900e+27,9.9210e+28,3.7485e+31,2.7730e+31,164
62,0,0.0000,0.0500,1.4500e+27,3.0000e+25,9.8000e+26,0.0000e+00,3.4371e+32,4.9044e+32,165
62,1,0.0500,0.1000,4.1300e+27,2.1300e+27,2.9200e+27,2.2000e+26,3.8969e+32,2.9079e+32,165
62,2,0.1000,0.2000,9.5700e+27,7.7400e+27,6.8700e+27,2.3000e+27,5.2636e+32,3.5973e+32,165
62,3,0.2000,0.3500,1.3460e+28,2.3490e+28,7.6700e+27,1.1810e+28,3.8890e+32,2.1426e+32,165
62,4,0.3500,0.5500,7.5100e+27,3.6160e+28,4.1400e+27,2.3280e+28,1.3355e+32,7.4996e+31,165
62,5,0.5500,1.0100,3.4200e+27,1.1126e+29,2.3100e+27,9.6050e+28,3.8377e+31,2.8000e+31,165
63,0,0.0000,0.0500,1.2800e+27,5.0000e+25,1.1500e+27,3.0000e+25,3.2169e+32,5.0940e+32,166
63,1,0.0500,0.1000,3.9400e+27,2.3000e+27,2.8700e+27,2.4000e+26,4.1657e+32,2.7704e+32,166
63,2,0.1000,0.2000,1.0060e+28,8.0900e+27,6.7700e+27,2.6300e+27,5.1945e+32,3.6183e+32,166
63,3,0.2000,0.3500,1.3380e+28,2.3720e+28,7.3200e+27,1.0590e+28,3.9918e+32,2.1543e+32,166
63,4,0.3500,0.5500,7.6000e+27,3.7690e+28,3.9900e+27,2.3740e+28,1.3456e+32,7.5526e+31,166
63,5,0.5500,1.0100,3.4700e+27,1.1806e+29,2.2600e+27,1.0019e+29,3.9078e+31,2.8125e+31,166
64,0,0.0000,0.0500,1.0800e+27,2.0000e+25,1.0500e+27,1.0000e+25,3.5642e+32,4.8252e+32,167
64,1,0.0500,0.1000,4.1400e+27,2.4200e+27,2.8300e+27,2.1000e+26,4.2523e+32,2.9182e+32,167
64,2,0.1000,0.2000,1.0160e+28,8.6700e+27,6.7200e+27,2.1600e+27,5.2236e+32,3.5142e+32,167
64,3,0.2000,0.3500,1.3530e+28,2.5870e+28,7.5500e+27,1.0580e+28,4.0031e+32,2.1878e+32,167
64,4,0.3500,0.5500,7.5300e+27,3.6100e+28,4.2000e+27,2.2250e+28,1.3455e+32,7.5080e+31,167
64,5,0.5500,1.0100,3.4300e+27,1.0990e+29,2.2700e+27,9.0600e+28,3.8987e+31,2.8093e+31,167
65,0,0.0000,0.0500,1.1800e+27,2.0000e+25,1.0700e+27,1.0000e+25,6.3345e+32,2.7163e+32,168
65,1,0.0500,0.1000,4.1600e+27,2.4100e+27,2.8200e+27,2.4000e+26,4.1349e+32,3.0146e+32,168
65,2,0.1000,0.2000,1.0040e+28,8.8100e+27,6.3200e+27,1.8300e+27,5.3427e+32,3.5135e+32,168
65,3,0.2000,0.3500,1.3990e+28,2.4480e+28,8.2900e+27,1.0810e+28,3.9527e+32,2.2463e+32,168
65,4,0.3500,0.5500,7.9400e+27,3.4610e+28,4.1800e+27,2.1460e+28,1.3565e+32,7.6736e+31,168
65,5,0.5500,1.0100,3.2400e+27,9.9680e+28,2.7800e+27,1.0239e+29,3.7499e+31,3.0006e+31,168
66,0,0.0000,0.0500,1.4500e+27,5.0000e+25,1.0700e+27,0.0000e+00,6.2899e+32,2.8297e+32,169
66,1,0.0500,0.1000,4.1700e+27,2.7600e+27,2.7200e+27,1.6000e+26,4.1392e+32,2.9369e+32,169
66,2,0.1000,0.2000,1.0780e+28,8.8600e+27,6.4600e+27,1.9100e+27,5.4880e+32,3.5414e+32,169
66,3,0.2000,0.3500,1.3490e+28,2.4860e+28,7.4400e+27,9.5900e+27,3.9485e+32,2.2501e+32,169
66,4,0.3500,0.5500,7.5400e+27,3.3350e+28,4.3900e+27,2.0680e+28,1.3618e+32,7.7251e+31,169
66,5,0.5500,1.0100,3.4700e+27,9.9470e+28,2.5400e+27,1.0405e+29,3.9145e+31,3.0425e+31,169
67,0,0.0000,0.0500,1.3700e+27,5.0000e+25,1.1900e+27,1.0000e+25,6.1932e+32,3.0355e+32,170
67,1,0.0500,0.1000,3.9400e+27,2.7600e+27,2.4900e+27,1.7000e+26,4.3088e+32,2.8450e+32,170
67,2,0.1000,0.2000,1.0550e+28,9.0200e+27,6.3600e+27,2.1300e+27,5.5193e+32,3.5530e+32,170
67,3,0.2000,0.3500,1.3430e+28,2.5050e+28,7.9900e+27,9.7500e+27,3.9175e+32,2.2121e+32,170
67,4,0.3500,0.5500,7.7700e+27,3.4850e+28,4.3200e+27,2.1720e+28,1.4105e+32,7.6395e+31,170
67,5,0.5500,1.0100,3.3700e+27,9.8140e+28,2.7700e+27,1.0166e+29,3.9303e+31,3.0127e+31,170
68,0,0.0000,0.0500,1.2800e+27,4.0000e+25,1.2600e+27,1.0000e+25,6.2740e+32,3.1367e+32,172
68,1,0.0500,0.1000,4.1900e+27,2.8200e+27,2.8200e+27,1.7000e+26,4.1231e+32,2.9840e+32,172
68,2,0.1000,0.2000,1.0600e+28,9.4700e+27,5.9800e+27,2.1700e+27,5.6434e+32,3.4338e+32,172
68,3,0.2000,0.3500,1.3350e+28,2.4910e+28,7.6500e+27,9.8300e+27,3.9931e+32,2.2462e+32,172
68,4,0.3500,0.5500,8.0900e+27,3.4220e+28,3.7800e+27,2.0750e+28,1.5538e+32,7.6131e+31,172
68,5,0.5500,1.0100,3.6000e+27,9.7490e+28,2.3200e+27,1.0221e+29,4.0516e+31,2.9916e+31,172
69,0,0.0000,0.0500,1.5200e+27,6.0000e+25,1.2700e+27,1.0000e+25,6.2822e+32,3.2242e+32,172
69,1,0.0500,0.1000,3.7800e+27,2.1400e+27,2.5400e+27,1.5000e+26,3.6070e+32,2.8979e+32,172
69,2,0.1000,0.2000,1.1000e+28,1.0450e+28,6.0900e+27,1.8900e+27,6.0528e+32,3.5078e+32,172
69,3,0.2000,0.3500,1.3990e+28,2.3320e+28,6.9500e+27,8.6800e+27,4.0487e+32,2.1751e+32,172
69,4,0.3500,0.5500,8.3000e+27,3.3970e+28,4.1300e+27,2.0680e+28,1.5864e+32,7.5826e+31,172
69,5,0.5500,1.0100,3.5000e+27,9.6530e+28,2.2700e+27,9.6130e+28,4.0886e+31,2.9846e+31,172
70,0,0.0000,0.0500,1.4400e+27,7.0000e+25,1.1700e+27,0.0000e+00,6.2447e+32,3.3530e+32,173
70,1,0.0500,0.1000,3.3900e+27,1.8900e+27,2.5100e+27,1.5000e+26,3.4747e+32,2.8065e+32,173
70,2,0.1000,0.2000,1.2230e+28,1.2220e+28,5.6700e+27,1.4400e+27,6.3236e+32,3.5311e+32,173
70,3,0.2000,0.3500,1.2780e+28,2.2820e+28,7.3900e+27,8.7000e+27,3.9257e+32,2.1812e+32,173
70,4,0.3500,0.5500,9.1600e+27,3.7720e+28,3.8400e+27,1.9640e+28,1.7258e+32,7.6780e+31,173
70,5,0.5500,1.0100,3.7300e+27,9.8340e+28,2.8500e+27,9.5570e+28,4.1079e+31,2.9713e+31,173
71,0,0.0000,0.0500,1.8400e+27,4.0000e+25,1.2200e+27,0.0000e+00,6.1342e+32,3.4790e+32,174
71,1,0.0500,0.1000,3.2400e+27,1.7500e+27,2.3500e+27,1.4000e+26,3.4861e+32,2.7430e+32,174
71,2,0.1000,0.2000,1.2100e+28,1.3200e+28,6.1900e+27,1.8500e+27,6.5117e+32,3.5905e+32,174
71,3,0.2000,0.3500,1.2330e+28,2.1440e+28,6.3000e+27,7.4800e+27,3.8713e+32,2.1257e+32,174
71,4,0.3500,0.5500,9.2100e+27,3.9110e+28,4.0300e+27,2.0570e+28,1.8098e+32,7.8272e+31,174
71,5,0.5500,1.0100,3.8100e+27,1.0019e+29,2.5100e+27,9.2490e+28,4.1465e+31,2.9233e+31,174
72,0,0.0000,0.0500,1.4400e+27,4.0000e+25,1.3400e+27,1.0000e+25,6.2134e+32,3.7309e+32,176
72,1,0.0500,0.1000,3.1000e+27,1.7600e+27,2.0000e+27,7.0000e+25,3.3905e+32,2.6651e+32,176
72,2,0.1000,0.2000,1.1020e+28,1.2510e+28,6.3700e+27,1.7000e+27,6.3338e+32,3.5302e+32,176
72,3,0.2000,0.3500,1.3560e+28,2.3320e+28,6.5300e+27,7.2300e+27,4.2071e+32,2.1650e+32,176
72,4,0.3500,0.5500,9.6500e+27,3.7650e+28,4.1800e+27,2.1140e+28,1.8929e+32,7.8581e+31,176
72,5,0.5500,1.0100,3.9500e+27,9.6230e+28,2.4100e+27,9.2590e+28,4.3694e+31,2.8801e+31,176
73,0,0.0000,0.0500,1.9300e+27,5.0000e+25,1.6500e+27,0.0000e+00,6.2580e+32,4.0235e+32,177
73,1,0.0500,0.1000,2.8900e+27,1.5400e+27,2.2800e+27,7.0000e+25,3.2344e+32,2.4108e+32,177
73,2,0.1000,0.2000,1.0580e+28,1.2490e+28,6.6800e+27,1.5800e+27,6.1562e+32,3.5668e+32,177
73,3,0.2000,0.3500,1.4860e+28,2.5020e+28,6.9600e+27,7.5700e+27,4.6090e+32,2.1961e+32,177
73,4,0.3500,0.5500,9.7600e+27,3.8580e+28,3.7300e+27,1.9990e+28,1.8958e+32,7.6464e+31,177
73,5,0.5500,1.0100,3.6000e+27,9.9820e+28,2.3500e+27,8.8220e+28,4.3886e+31,2.8103e+31,177
74,0,0.0000,0.0500,2.1400e+27,3.0000e+25,1.4200e+27,0.0000e+00,6.2672e+32,4.4075e+32,177
74,1,0.0500,0.1000,3.2200e+27,1.5300e+27,2.0100e+27,1.6000e+26,3.1672e+32,2.0716e+32,177
74,2,0.1000,0.2000,1.0150e+28,1.2480e+28,5.5900e+27,1.2000e+27,5.9743e+32,3.5709e+32,177
74,3,0.2000,0.3500,1.5680e+28,2.5910e+28,6.6900e+27,7.2500e+27,4.8326e+32,2.1463e+32,177
74,4,0.3500,0.5500,9.1600e+27,3.8310e+28,4.0200e+27,2.0100e+28,1.9016e+32,7.6578e+31,177
74,5,0.5500,1.0100,3.5100e+27,9.7200e+28,2.3200e+27,8.4920e+28,4.3834e+31,2.8290e+31,177
75,0,0.0000,0.0500,2.2000e+27,9.0000e+25,1.5400e+27,1.0000e+25,6.2627e+32,4.6276e+32,179
75,1,0.0500,0.1000,3.0100e+27,1.5400e+27,1.9800e+27,5.0000e+25,3.0500e+32,2.0711e+32,179
75,2,0.1000,0.2000,1.1050e+28,1.2440e+28,5.6900e+27,1.2100e+27,6.0645e+32,3.4925e+32,179
75,3,0.2000,0.3500,1.4860e+28,2.7040e+28,6.4000e+27,6.0300e+27,5.0121e+32,2.1420e+32,179
75,4,0.3500,0.5500,1.0230e+28,3.8510e+28,4.2300e+27,1.9670e+28,1.9925e+32,7.7551e+31,179
75,5,0.5500,1.0100,3.7800e+27,1.0041e+29,2.7600e+27,8.5330e+28,4.4367e+31,2.8825e+31,179
76,0,0.0000,0.0500,2.2100e+27,4.0000e+25,1.5200e+27,0.0000e+00,6.0320e+32,4.8767e+32,181
76,1,0.0500,0.1000,2.9900e+27,1.5900e+27,2.2500e+27,1.0000e+26,3.0736e+32,2.0915e+32,181
76,2,0.1000,0.2000,1.0250e+28,1.3820e+28,5.9100e+27,1.4900e+27,6.2985e+32,3.4209e+32,181
76,3,0.2000,0.3500,1.6560e+28,2.8000e+28,6.5300e+27,6.8000e+27,5.2108e+32,2.0922e+32,181
76,4,0.3500,0.5500,9.9200e+27,4.0420e+28,4.1300e+27,1.8100e+28,2.0056e+32,7.7419e+31,181
76,5,0.5500,1.0100,3.6000e+27,9.7860e+28,2.5300e+27,8.2850e+28,4.4908e+31,2.9399e+31,181
77,0,0.0000,0.0500,1.7700e+27,6.0000e+25,1.4600e+27,0.0000e+00,5.4886e+32,4.8788e+32,181
77,1,0.0500,0.1000,3.0400e+27,1.3100e+27,2.0400e+27,1.2000e+26,3.4535e+32,2.1643e+32,181
77,2,0.1000,0.2000,1.0240e+28,1.4320e+28,5.7200e+27,1.4500e+27,6.4010e+32,3.4560e+32,181
77,3,0.2000,0.3500,1.6180e+28,2.9700e+28,6.4100e+27,6.4600e+27,5.2685e+32,1.9967e+32,181
77,4,0.3500,0.5500,1.0260e+28,4.0320e+28,4.0400e+27,1.7240e+28,1.9968e+32,7.6062e+31,181
77,5,0.5500,1.0100,3.7200e+27,9.2050e+28,2.1300e+27,7.7590e+28,4.4887e+31,2.9564e+31,181
78,0,0.0000,0.0500,1.8400e+27,1.0000e+25,1.5900e+27,0.0000e+00,5.0205e+32,4.9353e+32,183
78,1,0.0500,0.1000,3.3300e+27,1.4500e+27,2.2100e+27,7.0000e+25,4.0313e+32,2.2731e+32,183
78,2,0.1000,0.2000,1.0470e+28,1.4150e+28,5.5000e+27,1.6600e+27,6.3598e+32,3.5824e+32,183
78,3,0.2000,0.3500,1.5550e+28,2.9230e+28,5.2100e+27,4.7800e+27,5.3296e+32,1.8414e+32,183
78,4,0.3500,0.5500,1.0740e+28,4.2210e+28,3.3800e+27,1.5140e+28,2.0840e+32,7.6985e+31,183
78,5,0.5500,1.0100,4.1600e+27,9.1260e+28,2.6600e+27,7.8830e+28,4.7369e+31,3.0173e+31,183
79,0,0.0000,0.0500,1.4900e+27,3.0000e+25,1.0700e+27,1.0000e+25,4.5903e+32,4.9376e+32,183
79,1,0.0500,0.1000,3.7900e+27,1.7800e+27,1.9900e+27,9.0000e+25,4.2951e+32,2.3581e+32,183
79,2,0.1000,0.2000,1.0970e+28,1.4330e+28,6.1600e+27,1.5000e+27,6.5172e+32,3.6867e+32,183
79,3,0.2000,0.3500,1.6450e+28,3.0680e+28,5.0500e+27,5.6400e+27,5.2479e+32,1.6706e+32,183
79,4,0.3500,0.5500,1.0520e+28,3.9460e+28,3.5000e+27,1.5730e+28,2.1217e+32,7.5498e+31,183
79,5,0.5500,1.0100,4.1100e+27,9.2490e+28,2.6900e+27,7.6760e+28,5.1456e+31,2.9865e+31,183
80,0,0.0000,0.0500,1.4200e+27,1.0000e+25,1.1800e+27,1.0000e+25,4.4080e+32,5.1359e+32,185
80,1,0.0500,0.1000,3.8900e+27,1.6500e+27,1.9000e+27,1.1000e+26,4.5287e+32,2.3730e+32,185
80,2,0.1000,0.2000,1.1320e+28,1.4040e+28,5.7800e+27,1.3500e+27,6.4705e+32,3.6058e+32,185
80,3,0.2000,0.3500,1.6510e+28,3.1010e+28,5.1000e+27,5.2100e+27,5.4636e+32,1.7295e+32,185
80,4,0.3500,0.5500,1.0550e+28,3.8120e+28,3.5700e+27,1.4730e+28,2.1037e+32,7.0971e+31,185
80,5,0.5500,1.0100,4.3900e+27,9.5290e+28,2.2600e+27,7.1930e+28,5.4963e+31,3.0401e+31,185
81,0,0.0000,0.0500,1.3200e+27,4.0000e+25,1.0600e+27,1.0000e+25,4.2597e+32,5.2129e+32,187
81,1,0.0500,0.1000,3.9600e+27,2.4800e+27,2.3800e+27,1.0000e+26,4.7838e+32,2.6649e+32,187
81,2,0.1000,0.2000,1.1110e+28,1.4090e+28,5.7000e+27,1.2800e+27,6.4186e+32,3.3951e+32,187
81,3,0.2000,0.3500,1.7720e+28,3.2740e+28,4.9900e+27,5.8700e+27,5.6167e+32,1.7495e+32,187
81,4,0.3500,0.5500,1.0250e+28,3.9040e+28,3.2400e+27,1.4940e+28,2.1136e+32,6.8188e+31,187
81,5,0.5500,1.0100,4.5600e+27,9.0540e+28,2.5600e+27,7.2750e+28,5.6988e+31,3.0836e+31,187
82,0,0.0000,0.0500,1.3900e+27,3.0000e+25,1.0200e+27,0.0000e+00,4.0437e+32,5.2716e+32,188
82,1,0.0500,0.1000,3.5700e+27,2.5600e+27,2.5000e+27,8.0000e+25,4.6914e+32,2.8490e+32,188
82,2,0.1000,0.2000,1.1720e+28,1.3300e+28,5.2500e+27,1.0600e+27,6.6763e+32,3.3134e+32,188
82,3,0.2000,0.3500,1.7290e+28,3.3820e+28,5.0400e+27,5.5800e+27,5.6785e+32,1.7104e+32,188
82,4,0.3500,0.5500,1.1030e+28,3.7990e+28,3.0000e+27,1.3330e+28,2.1812e+32,6.3789e+31,188
82,5,0.5500,1.0100,4.6400e+27,9.4030e+28,2.8000e+27,6.7100e+28,6.0097e+31,3.0721e+31,188
83,0,0.0000,0.0500,1.0500e+27,3.0000e+25,1.1300e+27,0.0000e+00,4.2331e+32,4.9457e+32,188
83,1,0.0500,0.1000,3.9400e+27,3.3400e+27,2.4200e+27,3.0000e+25,4.9746e+32,2.8108e+32,188
83,2,0.1000,0.2000,1.0690e+28,1.3810e+28,5.5100e+27,1.0400e+27,6.6250e+32,3.2323e+32,188
83,3,0.2000,0.3500,1.7790e+28,3.6420e+28,5.1300e+27,4.9500e+27,5.7421e+32,1.7341e+32,188
83,4,0.3500,0.5500,1.0500e+28,3.9710e+28,3.2900e+27,1.2550e+28,2.2003e+32,6.3234e+31,188
83,5,0.5500,1.0100,4.5200e+27,9.4090e+28,2.4000e+27,6.7600e+28,6.0503e+31,3.0780e+31,188
84,0,0.0000,0.0500,1.3900e+27,4.0000e+25,1.0200e+27,0.0000e+00,6.8046e+32,2.9659e+32,191
84,1,0.0500,0.1000,4.2000e+27,4.2600e+27,2.4700e+27,4.0000e+25,4.8444e+32,2.9202e+32,191
84,2,0.1000,0.2000,1.1500e+28,1.4800e+28,5.2800e+27,9.4000e+26,6.9393e+32,3.2265e+32,191
84,3,0.2000,0.3500,1.8040e+28,3.5560e+28,5.5800e+27,4.7900e+27,5.7128e+32,1.8067e+32,191
84,4,0.3500,0.5500,1.0990e+28,4.0350e+28,2.9300e+27,1.2200e+28,2.2560e+32,6.5525e+31,191
84,5,0.5500,1.0100,4.8900e+27,8.5930e+28,2.7800e+27,8.1790e+28,6.0892e+31,3.3524e+31,191
85,0,0.0000,0.0500,1.3500e+27,1.0000e+25,1.3100e+27,2.0000e+25,6.6131e+32,3.2072e+32,191
85,1,0.0500,0.1000,4.5000e+27,4.8400e+27,2.2600e+27,6.0000e+25,4.9473e+32,2.8166e+32,191
85,2,0.1000,0.2000,1.1980e+28,1.5400e+28,5.0200e+27,1.1500e+27,6.9740e+32,3.1448e+32,191
85,3,0.2000,0.3500,1.7480e+28,3.5610e+28,5.3200e+27,5.0500e+27,5.6012e+32,1.7701e+32,191
85,4,0.3500,0.5500,1.1580e+28,3.9930e+28,3.2200e+27,1.2190e+28,2.3963e+32,6.4586e+31,191
85,5,0.5500,1.0100,4.7500e+27,7.9260e+28,2.7500e+27,7.8540e+28,6.2347e+31,3.3087e+31,191
86,0,0.0000,0.0500,1.6300e+27,3.0000e+25,1.3400e+27,0.0000e+00,6.6947e+32,3.3899e+32,193
86,1,0.0500,0.1000,3.7100e+27,3.3400e+27,2.2300e+27,6.0000e+25,4.2068e+32,2.7911e+32,193
86,2,0.1000,0.2000,1.2940e+28,1.5690e+28,5.1100e+27,9.6000e+26,7.5345e+32,3.1408e+32,193
86,3,0.2000,0.3500,1.7750e+28,3.6040e+28,5.2100e+27,4.6500e+27,5.7262e+32,1.7459e+32,193
86,4,0.3500,0.5500,1.2160e+28,4.3290e+28,3.0200e+27,1.2550e+28,2.6206e+32,6.4497e+31,193
86,5,0.5500,1.0100,5.0000e+27,8.5950e+28,2.7100e+27,7.4010e+28,6.4714e+31,3.2953e+31,193
87,0,0.0000,0.0500,1.4700e+27,0.0000e+00,1.3300e+27,0.0000e+00,6.5572e+32,3.5873e+32,195
87,1,0.0500,0.1000,3.6600e+27,3.1000e+27,2.1600e+27,7.0000e+25,4.0905e+32,2.6702e+32,195
87,2,0.1000,0.2000,1.3240e+28,1.8630e+28,4.5200e+27,8.2000e+26,7.9904e+32,3.2021e+32,195
87,3,0.2000,0.3500,1.6470e+28,3.3110e+28,4.9400e+27,4.3100e+27,5.4733e+32,1.7204e+32,195
87,4,0.3500,0.5500,1.3220e+28,4.5390e+28,3.4100e+27,1.3110e+28,2.9378e+32,6.6189e+31,195
87,5,0.5500,1.0100,5.0000e+27,8.5120e+28,2.5100e+27,7.3490e+28,6.5309e+31,3.2835e+31,195
88,0,0.0000,0.0500,1.7100e+27,1.0000e+25,1.2600e+27,0.0000e+00,6.5532e+32,3.9036e+32,196
88,1,0.0500,0.1000,3.1800e+27,2.7300e+27,1.7000e+27,6.0000e+25,3.8989e+32,2.4852e+32,196
88,2,0.1000,0.2000,1.2200e+28,1.6710e+28,4.5800e+27,9.1000e+26,7.6636e+32,3.1381e+32,196
88,3,0.2000,0.3500,1.7250e+28,3.6590e+28,4.9300e+27,3.9800e+27,5.9532e+32,1.7304e+32,196
88,4,0.3500,0.5500,1.4350e+28,4.8390e+28,2.9800e+27,1.2270e+28,3.0764e+32,6.5879e+31,196
88,5,0.5500,1.0100,5.2200e+27,8.5090e+28,2.4200e+27,6.5970e+28,6.8543e+31,3.1756e+31,196
89,0,0.0000,0.0500,1.9400e+27,1.0000e+25,1.3800e+27,1.0000e+25,6.5990e+32,4.3751e+32,197
89,1,0.0500,0.1000,3.5200e+27,2.7000e+27,1.5300e+27,6.0000e+25,3.7232e+32,2.0759e+32,197
89,2,0.1000,0.2000,1.1870e+28,1.4880e+28,4.4100e+27,7.6000e+26,7.2924e+32,3.1670e+32,197
89,3,0.2000,0.3500,1.8720e+28,4.0190e+28,4.8200e+27,4.0200e+27,6.5566e+32,1.7134e+32,197
89,4,0.3500,0.5500,1.4240e+28,4.7790e+28,2.9700e+27,1.2710e+28,3.0952e+32,6.5124e+31,197
89,5,0.5500,1.0100,5.1800e+27,8.0160e+28,2.7100e+27,6.3380e+28,6.8646e+31,3.1530e+31,197
90,0,0.0000,0.0500,2.2600e+27,2.0000e+25,1.4900e+27,0.0000e+00,6.4065e+32,4.7150e+32,198
90,1,0.0500,0.1000,2.8900e+27,2.2000e+27,1.7100e+27,5.0000e+25,3.5686e+32,1.9642e+32,198
90,2,0.1000,0.2000,1.1440e+28,1.4280e+28,4.2100e+27,7.2000e+26,7.3448e+32,3.0355e+32,198
90,3,0.2000,0.3500,1.9260e+28,4.5600e+28,4.7800e+27,3.6800e+27,6.8488e+32,1.6723e+32,198
90,4,0.3500,0.5500,1.5210e+28,5.1980e+28,2.8300e+27,1.1230e+28,3.2197e+32,6.5607e+31,198
90,5,0.5500,1.0100,5.0900e+27,8.5390e+28,2.6700e+27,6.7500e+28,6.8759e+31,3.2117e+31,198
91,0,0.0000,0.0500,2.0100e+27,3.0000e+25,1.3000e+27,1.0000e+25,5.9046e+32,4.8777e+32,200
91,1,0.0500,0.1000,3.0200e+27,1.9500e+27,1.6800e+27,7.0000e+25,3.7782e+32,2.0412e+32,200
91,2,0.1000,0.2000,1.1410e+28,1.6100e+28,4.7200e+27,7.8000e+26,7.6555e+32,3.0030e+32,200
91,3,0.2000,0.3500,1.9700e+28,4.6960e+28,3.8800e+27,3.5900e+27,7.0729e+32,1.5961e+32,200
91,4,0.3500,0.5500,1.5590e+28,5.2760e+28,2.9300e+27,1.1130e+28,3.2349e+32,6.4627e+31,200
91,5,0.5500,1.0100,4.7400e+27,7.9250e+28,2.9400e+27,6.5830e+28,6.9292e+31,3.2833e+31,200
92,0,0.0000,0.0500,1.8200e+27,5.0000e+25,1.1200e+27,0.0000e+00,5.1937e+32,4.9278e+32,202
92,1,0.0500,0.1000,3.2300e+27,2.0000e+27,1.6400e+27,3.0000e+25,4.5201e+32,2.1520e+32,202
92,2,0.1000,0.2000,1.1660e+28,1.6610e+28,4.5400e+27,9.9000e+26,7.6603e+32,3.1325e+32,202
92,3,0.2000,0.3500,2.0700e+28,5.1070e+28,4.2800e+27,3.1200e+27,7.0835e+32,1.4238e+32,202
92,4,0.3500,0.5500,1.5150e+28,5.1840e+28,3.1200e+27,1.1020e+28,3.3861e+32,6.5208e+31,202
92,5,0.5500,1.0100,5.3000e+27,8.3890e+28,2.3100e+27,6.0670e+28,7.5398e+31,3.3365e+31,202
93,0,0.0000,0.0500,1.5400e+27,1.0000e+25,1.1900e+27,2.0000e+25,4.7432e+32,5.0361e+32,203
93,1,0.0500,0.1000,4.0500e+27,1.9800e+27,1.6500e+27,5.0000e+25,4.8217e+32,2.1997e+32,203
93,2,0.1000,0.2000,1.2490e+28,1.8850e+28,4.7300e+27,6.9000e+26,7.7532e+32,3.1338e+32,203
93,3,0.2000,0.3500,1.9800e+28,5.3190e+28,3.7500e+27,3.0800e+27,7.1684e+32,1.3608e+32,203
93,4,0.3500,0.5500,1.6130e+28,5.2700e+28,2.8300e+27,1.0670e+28,3.3842e+32,6.2448e+31,203
93,5,0.5500,1.0100,5.8800e+27,8.6340e+28,2.6500e+27,6.3320e+28,8.4394e+31,3.3414e+31,203
94,0,0.0000,0.0500,1.5600e+27,2.0000e+25,9.8000e+26,0.0000e+00,4.5049e+32,5.1317e+32,204
94,1,0.0500,0.1000,3.7300e+27,1.9800e+27,1.9600e+27,5.0000e+25,5.0818e+32,2.4116e+32,204
94,2,0.1000,0.2000,1.2100e+28,1.9430e+28,4.0600e+27,7.2000e+26,7.6098e+32,2.9190e+32,204
94,3,0.2000,0.3500,2.1200e+28,5.4810e+28,3.8600e+27,3.3400e+27,7.3835e+32,1.3776e+32,204
94,4,0.3500,0.5500,1.5530e+28,5.0580e+28,2.5200e+27,9.2800e+27,3.3548e+32,5.7968e+31,204
94,5,0.5500,1.0100,6.0500e+27,8.0000e+28,2.4500e+27,5.9810e+28,8.9543e+31,3.3793e+31,204
95,0,0.0000,0.0500,1.2300e+27,0.0000e+00,9.0000e+26,2.0000e+25,4.1268e+32,5.2719e+32,206
95,1,0.0500,0.1000,4.0600e+27,2.0200e+27,1.8400e+27,6.0000e+25,5.1126e+32,2.5062e+32,206
95,2,0.1000,0.2000,1.2320e+28,1.8580e+28,4.2400e+27,6.1000e+26,7.8814e+32,2.8512e+32,206
95,3,0.2000,0.3500,2.0550e+28,5.7030e+28,3.8100e+27,3.4500e+27,7.5143e+32,1.3637e+32,206
95,4,0.3500,0.5500,1.5610e+28,5.3080e+28,2.3800e+27,8.7900e+27,3.4950e+32,5.5415e+31,206
95,5,0.5500,1.0100,6.4300e+27,8.8050e+28,2.3200e+27,5.3760e+28,9.5297e+31,3.3808e+31,206
96,0,0.0000,0.0500,1.1900e+27,0.0000e+00,9.5000e+26,0.0000e+00,6.4784e+32,3.3073e+32,208
96,1,0.0500,0.1000,3.9600e+27,2.6800e+27,2.3900e+27,4.0000e+25,5.1205e+32,2.6061e+32,208
96,2,0.1000,0.2000,1.2590e+28,1.9540e+28,4.1800e+27,6.4000e+26,8.0897e+32,2.7817e+32,208
96,3,0.2000,0.3500,2.1520e+28,5.9840e+28,3.7900e+27,3.4500e+27,7.4926e+32,1.4368e+32,208
96,4,0.3500,0.5500,1.5750e+28,5.7540e+28,2.5200e+27,9.2200e+27,3.5505e+32,5.7575e+31,208
96,5,0.5500,1.0100,7.0700e+27,7.7320e+28,2.5400e+27,6.0620e+28,9.5747e+31,3.6421e+31,208
97,0,0.0000,0.0500,1.5400e+27,0.0000e+00,1.1300e+27,0.0000e+00,6.6756e+32,3.2878e+32,209
97,1,0.0500,0.1000,4.1200e+27,2.8900e+27,1.8000e+27,1.0000e+25,5.0217e+32,2.5035e+32,209
97,2,0.1000,0.2000,1.2910e+28,2.0120e+28,3.8600e+27,5.3000e+26,8.2783e+32,2.7008e+32,209
97,3,0.2000,0.3500,2.1710e+28,5.4890e+28,3.6400e+27,2.7800e+27,7.3662e+32,1.4195e+32,209
97,4,0.3500,0.5500,1.7050e+28,6.1000e+28,2.5300e+27,9.1600e+27,3.8200e+32,5.7746e+31,209
97,5,0.5500,1.0100,6.5400e+27,8.2420e+28,2.4600e+27,5.4720e+28,1.0009e+32,3.6027e+31,209
98,0,0.0000,0.0500,1.2000e+27,1.0000e+25,9.2000e+26,0.0000e+00,6.6283e+32,3.4536e+32,210
98,1,0.0500,0.1000,3.5300e+27,2.4800e+27,1.6900e+27,2.0000e+25,4.3322e+32,2.4266e+32,210
98,2,0.1000,0.2000,1.3420e+28,2.0180e+28,4.0700e+27,6.1000e+26,8.8554e+32,2.7014e+32,210
98,3,0.2000,0.3500,1.9120e+28,5.1150e+28,4.0100e+27,2.4700e+27,7.1975e+32,1.3849e+32,210
98,4,0.3500,0.5500,1.8790e+28,6.6790e+28,2.8000e+27,9.4100e+27,4.2617e+32,5.8119e+31,210
98,5,0.5500,1.0100,6.9700e+27,7.9420e+28,2.5300e+27,5.5350e+28,1.0245e+32,3.5569e+31,210
99,0,0.0000,0.0500,1.5400e+27,1.0000e+25,8.5000e+26,0.0000e+00,6.5406e+32,3.7637e+32,212
99,1,0.0500,0.1000,3.4300e+27,1.9400e+27,1.6600e+27,5.0000e+25,4.1912e+32,2.2445e+32,212
99,2,0.1000,0.2000,1.3020e+28,1.8920e+28,3.9100e+27,6.4000e+26,8.7650e+32,2.6822e+32,212
99,3,0.2000,0.3500,1.9320e+28,4.8610e+28,3.7300e+27,2.5700e+27,7.4034e+32,1.3812e+32,212
99,4,0.3500,0.5500,1.9850e+28,7.2260e+28,2.6800e+27,8.6100e+27,4.6105e+32,5.9263e+31,212
99,5,0.5500,1.0100,6.6600e+27,8.2130e+28,2.4100e+27,5.1560e+28,1.0693e+32,3.4721e+31,212
100,0,0.0000,0.0500,1.8400e+27,2.0000e+25,1.2100e+27,1.0000e+25,6.6168e+32,4.2176e+32,214
100,1,0.0500,0.1000,3.0100e+27,1.8300e+27,1.4200e+27,1.0000e+25,3.9716e+32,1.8958e+32,214
100,2,0.1000,0.2000,1.2070e+28,1.5210e+28,3.3900e+27,5.8000e+26,8.1465e+32,2.6860e+32,214
100,3,0.2000,0.3500,2.1960e+28,5.3850e+28,3.5600e+27,2.4600e+27,8.3222e+32,1.3843e+32,214
100,4,0.3500,0.5500,1.9830e+28,7.5330e+28,2.7100e+27,9.4200e+27,4.7151e+32,5.9051e+31,214
100,5,0.5500,1.0100,7.5000e+27,8.4140e+28,2.4200e+27,5.4540e+28,1.0893e+32,3.4439e+31,214
101,0,0.0000,0.0500,2.0200e+27,1.0000e+25,1.2300e+27,0.0000e+00,6.2260e+32,4.5682e+32,215
101,1,0.0500,0.1000,2.9100e+27,1.5100e+27,1.3900e+27,3.0000e+25,3.8187e+32,1.8091e+32,215
101,2,0.1000,0.2000,1.2020e+28,1.3990e+28,3.5600e+27,6.0000e+26,8.3161e+32,2.5346e+32,215
101,3,0.2000,0.3500,2.2400e+28,5.6080e+28,3.3700e+27,2.4100e+27,8.6990e+32,1.3243e+32,215
101,4,0.3500,0.5500,2.0720e+28,7.9540e+28,2.6100e+27,9.1800e+27,4.8378e+32,5.8953e+31,215
101,5,0.5500,1.0100,7.3600e+27,8.5780e+28,2.7600e+27,5.1580e+28,1.0896e+32,3.5067e+31,215
102,0,0.0000,0.0500,1.2400e+27,0.0000e+00,9.7000e+26,0.0000e+00,5.4272e+32,4.6233e+32,216
102,1,0.0500,0.1000,2.9700e+27,1.3600e+27,1.2300e+27,3.0000e+25,4.4356e+32,1.8848e+32,216
102,2,0.1000,0.2000,1.2720e+28,1.5510e+28,3.7100e+27,6.2000e+26,8.3679e+32,2.5712e+32,216
102,3,0.2000,0.3500,2.3190e+28,6.0190e+28,3.4700e+27,2.3400e+27,8.8277e+32,1.2136e+32,216
102,4,0.3500,0.5500,2.1370e+28,8.4720e+28,2.5100e+27,8.5500e+27,4.9204e+32,5.8550e+31,216
102,5,0.5500,1.0100,7.4600e+27,8.2580e+28,2.6200e+27,4.8140e+28,1.1369e+32,3.5607e+31,216
103,0,0.0000,0.0500,1.4100e+27,1.0000e+25,9.4000e+26,0.0000e+00,4.8792e+32,4.7507e+32,219
103,1,0.0500,0.1000,3.7100e+27,1.4000e+27,1.4500e+27,5.0000e+25,4.9077e+32,1.9558e+32,219
103,2,0.1000,0.2000,1.2600e+28,1.5670e+28,3.4200e+27,4.8000e+26,8.5468e+32,2.6407e+32,219
103,3,0.2000,0.3500,2.3220e+28,6.2000e+28,3.1000e+27,2.2900e+27,8.8696e+32,1.1197e+32,219
103,4,0.3500,0.5500,2.1110e+28,8.5330e+28,2.3100e+27,8.4400e+27,4.9988e+32,5.6979e+31,219
103,5,0.5500,1.0100,8.6200e+27,8.9200e+28,2.7600e+27,4.9640e+28,1.3442e+32,3.5960e+31,219
104,0,0.0000,0.0500,1.4300e+27,0.0000e+00,8.9000e+26,0.0000e+00,4.5966e+32,4.8467e+32,220
104,1,0.0500,0.1000,3.9400e+27,1.5800e+27,1.6400e+27,2.0000e+25,5.0869e+32,2.1187e+32,220
104,2,0.1000,0.2000,1.1930e+28,1.6110e+28,3.3100e+27,4.6000e+26,8.4399e+32,2.4674e+32,220
104,3,0.2000,0.3500,2.3200e+28,6.5910e+28,2.8500e+27,2.6200e+27,9.1344e+32,1.1352e+32,220
104,4,0.3500,0.5500,2.1390e+28,8.1780e+28,2.2900e+27,6.8900e+27,4.9486e+32,5.2552e+31,220
104,5,0.5500,1.0100,9.1800e+27,9.3740e+28,2.7200e+27,4.8610e+28,1.4625e+32,3.6271e+31,220
105,0,0.0000,0.0500,1.2600e+27,0.0000e+00,9.3000e+26,0.0000e+00,4.9078e+32,4.3508e+32,221
105,1,0.0500,0.1000,3.5600e+27,1.5600e+27,1.6000e+27,0.0000e+00,5.1678e+32,2.1765e+32,221
105,2,0.1000,0.2000,1.1830e+28,1.5840e+28,3.3900e+27,4.1000e+26,8.5616e+32,2.3839e+32,221
105,3,0.2000,0.3500,2.4260e+28,6.7890e+28,2.6800e+27,2.1500e+27,9.2331e+32,1.1492e+32,221
105,4,0.3500,0.5500,2.1190e+28,8.4630e+28,2.2200e+27,7.4500e+27,5.0887e+32,5.1787e+31,221
105,5,0.5500,1.0100,1.0130e+28,9.4260e+28,2.9700e+27,5.0400e+28,1.5280e+32,3.7430e+31,221
106,0,0.0000,0.0500,1.4000e+27,1.0000e+25,1.0100e+27,0.0000e+00,6.5261e+32,3.1513e+32,224
106,1,0.0500,0.1000,3.5400e+27,1.9000e+27,1.4400e+27,1.0000e+25,5.0460e+32,2.1909e+32,224
106,2,0.1000,0.2000,1.3620e+28,1.7490e+28,3.1200e+27,5.4000e+26,8.9817e+32,2.3349e+32,224
106,3,0.2000,0.3500,2.3530e+28,7.0510e+28,2.6900e+27,2.1200e+27,9.0525e+32,1.1977e+32,224
106,4,0.3500,0.5500,2.2570e+28,8.7510e+28,2.2000e+27,7.6500e+27,5.3092e+32,5.4672e+31,224
106,5,0.5500,1.0100,1.0190e+28,9.2460e+28,3.1000e+27,5.7130e+28,1.6073e+32,4.0093e+31,224
107,0,0.0000,0.0500,1.6200e+27,1.0000e+25,8.4000e+26,0.0000e+00,6.4200e+32,3.3548e+32,224
107,1,0.0500,0.1000,3.2100e+27,1.5800e+27,1.3900e+27,0.0000e+00,4.3861e+32,2.0955e+32,224
107,2,0.1000,0.2000,1.2770e+28,1.7780e+28,2.9800e+27,4.1000e+26,9.2942e+32,2.2732e+32,224
107,3,0.2000,0.3500,2.2250e+28,6.2100e+28,3.0900e+27,2.2500e+27,8.8186e+32,1.1679e+32,224
107,4,0.3500,0.5500,2.3730e+28,1.0027e+29,1.9600e+27,6.7000e+27,5.9137e+32,5.4397e+31,224
107,5,0.5500,1.0100,1.0880e+28,9.6170e+28,2.7400e+27,5.2640e+28,1.6645e+32,3.9375e+31,224
108,0,0.0000,0.0500,1.5900e+27,0.0000e+00,9.9000e+26,0.0000e+00,6.3360e+32,3.6403e+32,227
108,1,0.0500,0.1000,3.3700e+27,1.4100e+27,1.3400e+27,5.0000e+25,4.2402e+32,1.9344e+32,227
108,2,0.1000,0.2000,1.2810e+28,1.7130e+28,2.8400e+27,2.7000e+26,9.2118e+32,2.2783e+32,227
108,3,0.2000,0.3500,2.3090e+28,5.9890e+28,3.1700e+27,2.2500e+27,8.9401e+32,1.1675e+32,227
108,4,0.3500,0.5500,2.6420e+28,1.0779e+29,2.4700e+27,7.3400e+27,6.4876e+32,5.5986e+31,227
108,5,0.5500,1.0100,1.0730e+28,9.7200e+28,2.7100e+27,4.8740e+28,1.7407e+32,3.8648e+31,227
109,0,0.0000,0.0500,1.8300e+27,3.0000e+25,1.0600e+27,0.0000e+00,6.3188e+32,4.0292e+32,228
109,1,0.0500,0.1000,2.9000e+27,1.5400e+27,1.1700e+27,3.0000e+25,4.0008e+32,1.6449e+32,228
109,2,0.1000,0.2000,1.1490e+28,1.4190e+28,3.0200e+27,3.6000e+26,8.4888e+32,2.2455e+32,228
109,3,0.2000,0.3500,2.4910e+28,6.4600e+28,2.4800e+27,2.0600e+27,9.8819e+32,1.1550e+32,228
109,4,0.3500,0.5500,2.7240e+28,1.1353e+29,2.5900e+27,6.2300e+27,6.6370e+32,5.5913e+31,228
109,5,0.5500,1.0100,1.1100e+28,9.8860e+28,2.5700e+27,4.6770e+28,1.7624e+32,3.8310e+31,228
110,0,0.0000,0.0500,1.6800e+27,2.0000e+25,1.1200e+27,0.0000e+00,5.7240e+32,4.3058e+32,230
110,1,0.0500,0.1000,2.9600e+27,1.1100e+27,1.0500e+27,4.0000e+25,4.0423e+32,1.6092e+32,230
110,2,0.1000,0.2000,1.2440e+28,1.3530e+28,2.4500e+27,4.7000e+26,8.7589e+32,2.1532e+32,230
110,3,0.2000,0.3500,2.5450e+28,6.3100e+28,2.6100e+27,2.1100e+27,1.0329e+33,1.0938e+32,230
110,4,0.3500,0.5500,2.7330e+28,1.2096e+29,2.4200e+27,7.4900e+27,6.7641e+32,5.5682e+31,230
110,5,0.5500,1.0100,1.1380e+28,1.0232e+29,2.6600e+27,4.5370e+28,1.7674e+32,3.9119e+31,230
111,0,0.0000,0.0500,1.5000e+27,0.0000e+00,8.7000e+26,0.0000e+00,4.9987e+32,4.3399e+32,231
111,1,0.0500,0.1000,3.2600e+27,9.9000e+26,1.0100e+27,2.0000e+25,4.6465e+32,1.6753e+32,231
111,2,0.1000,0.2000,1.2210e+28,1.3090e+28,2.7800e+27,3.3000e+26,8.7873e+32,2.2261e+32,231
111,3,0.2000,0.3500,2.5730e+28,6.3060e+28,2.0500e+27,1.4800e+27,1.0143e+33,9.7212e+31,231
111,4,0.3500,0.5500,2.8180e+28,1.1956e+29,2.2600e+27,6.3600e+27,6.9121e+32,5.5405e+31,231
111,5,0.5500,1.0100,1.2130e+28,1.1042e+29,2.5400e+27,4.7140e+28,2.0289e+32,3.9438e+31,231
112,0,0.0000,0.0500,1.4100e+27,2.0000e+25,8.2000e+26,0.0000e+00,4.6593e+32,4.4771e+32,233
112,1,0.0500,0.1000,3.1700e+27,1.2400e+27,1.2000e+27,3.0000e+25,4.9223e+32,1.7339e+32,233
112,2,0.1000,0.2000,1.2000e+28,1.4450e+28,2.7800e+27,3.0000e+26,8.7044e+32,2.1505e+32,233
112,3,0.2000,0.3500,2.6160e+28,6.9070e+28,2.1900e+27,1.6700e+27,1.0472e+33,9.8635e+31,233
112,4,0.3500,0.5500,2.6620e+28,1.1388e+29,2.0200e+27,6.2000e+27,6.7479e+32,5.0995e+31,233
112,5,0.5500,1.0100,1.4590e+28,1.2130e+29,2.7100e+27,4.5580e+28,2.3027e+32,4.0054e+31,233
113,0,0.0000,0.0500,1.2400e+27,0.0000e+00,8.3000e+26,0.0000e+00,4.8391e+32,4.1086e+32,235
113,1,0.0500,0.1000,3.3200e+27,1.1200e+27,1.2500e+27,2.0000e+25,4.9136e+32,1.8351e+32,235
113,2,0.1000,0.2000,1.1660e+28,1.5120e+28,2.6400e+27,3.9000e+26,8.9192e+32,2.0771e+32,235
113,3,0.2000,0.3500,2.6720e+28,6.9100e+28,2.3300e+27,1.8900e+27,1.0546e+33,1.0011e+32,235
113,4,0.3500,0.5500,2.7020e+28,1.1634e+29,1.9600e+27,5.8400e+27,6.9586e+32,5.0392e+31,235
113,5,0.5500,1.0100,1.3930e+28,1.2386e+29,2.6800e+27,4.5400e+28,2.4445e+32,4.1490e+31,235
114,0,0.0000,0.0500,1.1600e+27,0.0000e+00,9.0000e+26,0.0000e+00,6.1573e+32,3.0964e+32,237
114,1,0.0500,0.1000,3.2100e+27,1.2900e+27,1.3600e+27,2.0000e+25,4.7162e+32,1.8423e+32,237
114,2,0.1000,0.2000,1.3320e+28,1.4910e+28,2.5900e+27,3.3000e+26,9.2494e+32,2.0147e+32,237
114,3,0.2000,0.3500,2.6500e+28,7.1280e+28,2.5600e+27,1.8800e+27,1.0304e+33,1.0524e+32,237
114,4,0.3500,0.5500,2.9480e+28,1.2318e+29,1.7500e+27,6.1100e+27,7.2349e+32,5.3641e+31,237
114,5,0.5500,1.0100,1.5600e+28,1.2373e+29,2.9300e+27,4.9650e+28,2.5798e+32,4.4312e+31,237
115,0,0.0000,0.0500,1.3700e+27,1.0000e+25,7.6000e+26,0.0000e+00,6.0413e+32,3.2688e+32,238
115,1,0.0500,0.1000,3.1500e+27,1.0500e+27,1.1400e+27,0.0000e+00,4.2377e+32,1.7710e+32,238
115,2,0.1000,0.2000,1.3060e+28,1.6940e+28,2.2700e+27,3.3000e+26,9.5099e+32,1.9834e+32,238
115,3,0.2000,0.3500,2.4080e+28,6.3650e+28,2.6500e+27,1.6700e+27,9.8421e+32,1.0317e+32,238
115,4,0.3500,0.5500,3.1820e+28,1.3365e+29,2.2800e+27,6.0300e+27,8.0920e+32,5.4162e+31,238
115,5,0.5500,1.0100,1.5760e+28,1.2647e+29,2.9200e+27,4.7420e+28,2.6603e+32,4.3516e+31,238
116,0,0.0000,0.0500,1.5100e+27,1.0000e+25,9.1000e+26,0.0000e+00,5.9965e+32,3.5634e+32,240
116,1,0.0500,0.1000,3.0700e+27,1.2100e+27,8.4000e+26,0.0000e+00,4.1003e+32,1.5640e+32,240
116,2,0.1000,0.2000,1.1860e+28,1.4370e+28,2.2700e+27,3.0000e+26,8.7792e+32,1.9728e+32,240
116,3,0.2000,0.3500,2.5040e+28,6.3750e+28,2.5400e+27,1.6400e+27,1.0473e+33,1.0386e+32,240
116,4,0.3500,0.5500,3.3060e+28,1.4132e+29,2.1100e+27,6.1700e+27,8.5447e+32,5.5277e+31,240
116,5,0.5500,1.0100,1.6830e+28,1.3075e+29,2.9600e+27,4.8010e+28,2.7964e+32,4.2471e+31,240
117,0,0.0000,0.0500,1.4700e+27,0.0000e+00,8.0000e+26,0.0000e+00,5.6829e+32,3.8704e+32,241
117,1,0.0500,0.1000,2.6500e+27,8.0000e+26,9.2000e+26,1.0000e+25,3.8974e+32,1.4017e+32,241
117,2,0.1000,0.2000,1.0930e+28,1.2910e+28,2.3400e+27,3.2000e+26,8.5784e+32,1.9078e+32,241
117,3,0.2000,0.3500,2.6460e+28,6.6570e+28,2.1300e+27,1.9100e+27,1.1099e+33,1.0004e+32,241
117,4,0.3500,0.5500,3.4030e+28,1.4730e+29,2.2300e+27,6.6700e+27,8.7829e+32,5.5379e+31,241
117,5,0.5500,1.0100,1.6950e+28,1.3622e+29,2.9200e+27,4.5750e+28,2.7850e+32,4.3042e+31,241
118,0,0.0000,0.0500,1.4000e+27,0.0000e+00,8.4000e+26,0.0000e+00,5.0015e+32,3.9735e+32,243
118,1,0.0500,0.1000,2.5700e+27,8.4000e+26,9.0000e+26,1.0000e+25,4.3236e+32,1.4277e+32,243
118,2,0.1000,0.2000,1.1090e+28,1.2190e+28,2.3300e+27,3.3000e+26,8.7538e+32,1.9504e+32,243
118,3,0.2000,0.3500,2.5810e+28,6.5930e+28,1.7700e+27,1.5100e+27,1.1144e+33,9.0659e+31,243
118,4,0.3500,0.5500,3.4820e+28,1.5116e+29,2.0000e+27,5.4100e+27,8.8983e+32,5.5352e+31,243
118,5,0.5500,1.0100,1.7720e+28,1.4532e+29,3.0700e+27,4.4770e+28,3.0006e+32,4.3783e+31,243
119,0,0.0000,0.0500,1.0000e+27,0.0000e+00,7.9000e+26,0.0000e+00,4.6211e+32,4.0873e+32,245
119,1,0.0500,0.1000,3.2600e+27,1.0600e+27,9.1000e+26,0.0000e+00,4.6546e+32,1.4555e+32,245
119,2,0.1000,0.2000,1.1330e+28,1.3090e+28,2.3100e+27,2.9000e+26,8.6681e+32,1.9373e+32,245
119,3,0.2000,0.3500,2.6720e+28,6.8380e+28,2.0900e+27,1.4700e+27,1.1289e+33,8.8964e+31,245
119,4,0.3500,0.5500,3.2430e+28,1.4457e+29,2.0300e+27,5.8700e+27,8.6790e+32,5.2182e+31,245
119,5,0.5500,1.0100,2.0570e+28,1.6459e+29,2.9700e+27,3.9430e+28,3.5143e+32,4.4183e+31,245
120,0,0.0000,0.0500,1.1700e+27,0.0000e+00,7.0000e+26,0.0000e+00,4.7112e+32,3.8172e+32,247
120,1,0.0500,0.1000,3.0200e+27,7.7000e+26,8.6000e+26,2.0000e+25,4.5785e+32,1.5550e+32,247
120,2,0.1000,0.2000,1.1590e+28,1.2770e+28,1.9100e+27,2.8000e+26,8.9069e+32,1.8683e+32,247
120,3,0.2000,0.3500,2.7160e+28,6.8280e+28,2.1100e+27,1.4800e+27,1.1318e+33,9.1889e+31,247
120,4,0.3500,0.5500,3.4350e+28,1.4783e+29,1.7500e+27,5.0800e+27,8.8343e+32,5.1074e+31,247
120,5,0.5500,1.0100,2.1700e+28,1.7144e+29,3.3100e+27,4.2290e+28,3.7689e+32,4.5813e+31,247
121,0,0.0000,0.0500,1.0900e+27,0.0000e+00,5.6000e+26,0.0000e+00,5.7764e+32,3.0136e+32,249
121,1,0.0500,0.1000,2.8500e+27,7.7000e+26,1.1200e+27,0.0000e+00,4.3362e+32,1.5724e+32,249
121,2,0.1000,0.2000,1.2010e+28,1.3940e+28,2.1600e+27,3.1000e+26,9.1919e+32,1.8161e+32,249
121,3,0.2000,0.3500,2.6900e+28,6.5700e+28,2.3200e+27,1.5400e+27,1.1013e+33,9.7845e+31,249
121,4,0.3500,0.5500,3.3580e+28,1.4943e+29,1.9400e+27,6.6100e+27,9.1649e+32,5.5010e+31,249
121,5,0.5500,1.0100,2.2140e+28,1.7691e+29,3.2500e+27,4.1790e+28,3.9799e+32,4.9234e+31,249
122,0,0.0000,0.0500,1.2500e+27,1.0000e+25,6.9000e+26,0.0000e+00,5.6545e+32,3.1625e+32,250
122,1,0.0500,0.1000,2.8100e+27,7.9000e+26,8.9000e+26,0.0000e+00,4.0038e+32,1.5055e+32,250
122,2,0.1000,0.2000,1.1320e+28,1.4840e+28,2.1700e+27,3.4000e+26,9.2249e+32,1.7909e+32,250
122,3,0.2000,0.3500,2.4030e+28,5.8210e+28,2.2300e+27,1.6200e+27,1.0421e+33,9.6561e+31,250
122,4,0.3500,0.5500,3.8510e+28,1.6249e+29,2.3500e+27,6.2400e+27,1.0181e+33,5.6090e+31,250
122,5,0.5500,1.0100,2.3750e+28,1.7859e+29,3.3100e+27,4.2770e+28,4.1120e+32,4.8201e+31,250
123,0,0.0000,0.0500,1.2500e+27,0.0000e+00,7.3000e+26,0.0000e+00,5.6197e+32,3.4186e+32,251
123,1,0.0500,0.1000,2.8500e+27,7.4000e+26,7.2000e+26,1.0000e+25,3.8569e+32,1.3076e+32,251
123,2,0.1000,0.2000,1.0350e+28,1.2120e+28,2.0500e+27,2.7000e+26,8.2846e+32,1.7781e+32,251
123,3,0.2000,0.3500,2.6740e+28,6.0550e+28,2.0300e+27,1.5000e+27,1.1244e+33,9.6850e+31,251
123,4,0.3500,0.5500,3.8410e+28,1.7243e+29,2.3200e+27,6.0200e+27,1.0502e+33,5.6960e+31,251
123,5,0.5500,1.0100,2.4640e+28,1.8515e+29,2.8700e+27,4.2580e+28,4.2249e+32,4.7270e+31,251
124,0,0.0000,0.0500,1.3200e+27,0.0000e+00,8.4000e+26,0.0000e+00,5.1033e+32,3.6941e+32,254
124,1,0.0500,0.1000,2.5500e+27,5.4000e+26,7.7000e+26,1.0000e+25,3.8425e+32,1.2175e+32,254
124,2,0.1000,0.2000,1.0770e+28,1.1240e+28,1.7000e+27,2.0000e+26,8.4970e+32,1.7430e+32,254
124,3,0.2000,0.3500,2.7130e+28,6.4580e+28,2.2800e+27,1.4500e+27,1.1770e+33,9.1602e+31,254
124,4,0.3500,0.5500,4.1090e+28,1.7809e+29,2.0000e+27,5.3200e+27,1.0749e+33,5.7350e+31,254
124,5,0.5500,1.0100,2.4430e+28,1.8357e+29,2.7800e+27,4.1890e+28,4.2480e+32,4.8476e+31,254
125,0,0.0000,0.0500,1.0600e+27,0.0000e+00,6.4000e+26,0.0000e+00,4.5833e+32,3.7397e+32,255
125,1,0.0500,0.1000,2.5200e+27,7.4000e+26,7.6000e+26,0.0000e+00,4.2606e+32,1.2401e+32,255
125,2,0.1000,0.2000,1.1060e+28,1.1310e+28,1.8100e+27,3.4000e+26,8.5294e+32,1.8008e+32,255
125,3,0.2000,0.3500,2.6690e+28,6.3750e+28,1.8800e+27,1.5000e+27,1.1467e+33,8.4580e+31,255
125,4,0.3500,0.5500,3.9810e+28,1.7041e+29,1.9000e+27,5.0400e+27,1.0562e+33,5.5922e+31,255
125,5,0.5500,1.0100,2.8100e+28,2.1162e+29,3.2600e+27,4.1860e+28,4.9396e+32,4.8855e+31,255
126,0,0.0000,0.0500,1.0200e+27,0.0000e+00,7.3000e+26,0.0000e+00,4.3060e+32,3.8290e+32,257
126,1,0.0500,0.1000,2.6500e+27,5.4000e+26,9.3000e+26,1.0000e+25,4.3102e+32,1.3026e+32,257
126,2,0.1000,0.2000,1.0610e+28,1.0880e+28,1.8800e+27,2.2000e+26,8.5168e+32,1.7402e+32,257
126,3,0.2000,0.3500,2.6430e+28,6.4010e+28,2.0000e+27,1.3100e+27,1.1669e+33,8.6644e+31,257
126,4,0.3500,0.5500,3.8620e+28,1.6517e+29,1.6600e+27,4.9100e+27,1.0395e+33,5.2398e+31,257
126,5,0.5500,1.0100,2.9370e+28,2.2660e+29,3.2200e+27,4.0400e+28,5.4471e+32,4.9309e+31,257
127,0,0.0000,0.0500,1.1500e+27,0.0000e+00,7.1000e+26,1.0000e+25,5.4456e+32,2.9195e+32,259
127,1,0.0500,0.1000,2.7700e+27,5.6000e+26,8.7000e+26,1.0000e+25,4.0444e+32,1.3804e+32,259
127,2,0.1000,0.2000,1.0640e+28,1.1390e+28,2.0200e+27,1.2000e+26,8.8939e+32,1.7100e+32,259
127,3,0.2000,0.3500,2.5670e+28,6.2160e+28,2.1700e+27,1.5900e+27,1.1273e+33,9.6037e+31,259
127,4,0.3500,0.5500,3.9370e+28,1.6976e+29,2.2800e+27,5.6500e+27,1.0655e+33,5.8454e+31,259
127,5,0.5500,1.0100,3.1280e+28,2.2675e+29,3.1800e+27,4.5300e+28,5.6821e+32,5.5466e+31,259
128,0,0.0000,0.0500,1.1900e+27,0.0000e+00,7.8000e+26,0.0000e+00,5.3789e+32,3.0222e+32,260
128,1,0.0500,0.1000,2.2100e+27,6.1000e+26,7.9000e+26,0.0000e+00,3.7299e+32,1.3228e+32,260
128,2,0.1000,0.2000,1.0980e+28,1.2130e+28,1.8100e+27,2.1000e+26,8.9009e+32,1.6871e+32,260
128,3,0.2000,0.3500,2.4800e+28,5.4130e+28,1.8900e+27,1.4800e+27,1.0657e+33,9.5488e+31,260
128,4,0.3500,0.5500,4.2120e+28,1.8042e+29,2.2100e+27,5.5700e+27,1.1560e+33,5.9635e+31,260
128,5,0.5500,1.0100,3.2990e+28,2.4245e+29,3.6400e+27,4.4090e+28,5.9316e+32,5.4762e+31,260
129,0,0.0000,0.0500,1.2300e+27,0.0000e+00,6.4000e+26,0.0000e+00,5.3534e+32,3.2484e+32,262
129,1,0.0500,0.1000,2.4400e+27,6.6000e+26,7.1000e+26,1.0000e+25,3.6526e+32,1.1621e+32,262
129,2,0.1000,0.2000,9.6000e+27,1.0750e+28,1.7700e+27,2.9000e+26,8.0259e+32,1.6852e+32,262
129,3,0.2000,0.3500,2.5100e+28,5.3410e+28,1.8900e+27,1.4800e+27,1.1288e+33,9.6332e+31,262
129,4,0.3500,0.5500,4.3410e+28,1.8525e+29,2.2200e+27,5.5600e+27,1.2019e+33,6.1016e+31,262
129,5,0.5500,1.0100,3.3810e+28,2.5518e+29,3.4500e+27,3.8690e+28,6.1263e+32,5.3570e+31,262
130,0,0.0000,0.0500,1.0800e+27,0.0000e+00,7.2000e+26,0.0000e+00,4.8386e+32,3.4764e+32,263
130,1,0.0500,0.1000,2.2800e+27,3.5000e+26,7.8000e+26,0.0000e+00,3.6328e+32,1.0623e+32,263
130,2,0.1000,0.2000,9.7800e+27,1.0100e+28,2.1400e+27,1.9000e+26,8.1043e+32,1.6551e+32,263
130,3,0.2000,0.3500,2.6500e+28,5.6570e+28,1.7700e+27,1.1400e+27,1.1699e+33,9.0115e+31,263
130,4,0.3500,0.5500,4.3930e+28,1.9312e+29,2.3000e+27,5.5500e+27,1.2179e+33,6.0958e+31,263
130,5,0.5500,1.0100,3.3790e+28,2.6403e+29,3.6000e+27,4.0690e+28,6.1380e+32,5.4318e+31,263
131,0,0.0000,0.0500,9.6000e+26,0.0000e+00,5.6000e+26,0.0000e+00,4.4238e+32,3.5346e+32,265
131,1,0.0500,0.1000,2.5500e+27,5.6000e+26,6.0000e+26,0.0000e+00,4.0103e+32,1.0851e+32,265
131,2,0.1000,0.2000,9.8400e+27,9.9100e+27,1.8700e+27,1.9000e+26,8.1410e+32,1.7120e+32,265
131,3,0.2000,0.3500,2.5370e+28,5.8980e+28,1.7700e+27,1.5500e+27,1.1499e+33,8.4950e+31,265
131,4,0.3500,0.5500,4.2760e+28,1.8114e+29,2.1600e+27,4.9700e+27,1.1782e+33,5.9353e+31,265
131,5,0.5500,1.0100,3.8550e+28,2.8361e+29,2.9400e+27,3.8860e+28,7.0381e+32,5.4886e+31,265
132,0,0.0000,0.0500,9.4000e+26,1.0000e+25,6.3000e+26,0.0000e+00,4.3998e+32,3.4415e+32,267
132,1,0.0500,0.1000,2.2000e+27,4.1000e+26,6.0000e+26,1.0000e+25,3.9756e+32,1.1582e+32,267
132,2,0.1000,0.2000,1.0130e+28,9.3400e+27,1.7800e+27,2.2000e+26,8.2428e+32,1.6696e+32,267
132,3,0.2000,0.3500,2.5500e+28,5.8260e+28,1.9900e+27,1.4500e+27,1.1457e+33,8.9260e+31,267
132,4,0.3500,0.5500,4.1350e+28,1.7515e+29,1.7000e+27,5.0600e+27,1.1635e+33,5.7617e+31,267
132,5,0.5500,1.0100,4.0590e+28,3.1043e+29,3.6400e+27,3.7100e+28,7.6497e+32,5.6601e+31,267
133,0,0.0000,0.0500,1.1400e+27,1.0000e+25,4.9000e+26,0.0000e+00,5.2280e+32,2.8700e+32,269
133,1,0.0500,0.1000,2.0200e+27,3.9000e+26,7.4000e+26,3.0000e+25,3.6265e+32,1.1930e+32,269
133,2,0.1000,0.2000,1.0020e+28,9.7000e+27,1.7200e+27,2.4000e+26,8.5594e+32,1.6643e+32,269
133,3,0.2000,0.3500,2.3830e+28,5.6060e+28,2.0300e+27,1.4600e+27,1.0983e+33,9.8366e+31,269
133,4,0.3500,0.5500,4.2130e+28,1.7542e+29,2.2000e+27,5.4800e+27,1.1927e+33,6.4551e+31,269
133,5,0.5500,1.0100,4.3580e+28,3.1659e+29,4.0600e+27,4.2540e+28,8.0056e+32,6.2883e+31,269
134,0,0.0000,0.0500,1.0400e+27,0.0000e+00,6.7000e+26,0.0000e+00,5.1287e+32,2.9915e+32,270
134,1,0.0500,0.1000,1.8800e+27,4.7000e+26,6.3000e+26,1.0000e+25,3.4758e+32,1.1259e+32,270
134,2,0.1000,0.2000,9.1200e+27,9.6200e+27,1.6200e+27,2.3000e+26,8.2511e+32,1.6545e+32,270
134,3,0.2000,0.3500,2.3240e+28,4.9300e+28,2.2000e+27,1.2100e+27,1.0497e+33,9.8324e+31,270
134,4,0.3500,0.5500,4.5750e+28,1.8605e+29,2.4500e+27,5.6400e+27,1.2850e+33,6.6144e+31,270
134,5,0.5500,1.0100,4.3790e+28,3.2295e+29,3.8900e+27,3.9040e+28,8.2545e+32,6.1317e+31,270
135,0,0.0000,0.0500,1.2000e+27,0.0000e+00,7.0000e+26,0.0000e+00,4.9786e+32,3.2174e+32,272
135,1,0.0500,0.1000,2.0800e+27,4.0000e+26,6.9000e+26,0.0000e+00,3.3903e+32,9.8893e+31,272
135,2,0.1000,0.2000,8.7500e+27,7.3400e+27,1.8600e+27,1.6000e+26,7.6294e+32,1.6456e+32,272
135,3,0.2000,0.3500,2.4530e+28,5.0810e+28,1.8400e+27,1.2000e+27,1.1328e+33,9.6885e+31,272
135,4,0.3500,0.5500,4.6160e+28,1.9005e+29,2.2300e+27,6.3900e+27,1.3069e+33,6.7271e+31,272
135,5,0.5500,1.0100,4.5470e+28,3.3954e+29,3.9800e+27,3.9970e+28,8.3611e+32,6.1118e+31,272
136,0,0.0000,0.0500,1.1300e+27,2.0000e+25,6.7000e+26,0.0000e+00,4.4664e+32,3.3256e+32,273
136,1,0.0500,0.1000,2.0500e+27,3.1000e+26,5.5000e+26,1.0000e+25,3.6082e+32,9.6253e+31,273
136,2,0.1000,0.2000,8.5600e+27,8.1900e+27,1.7500e+27,2.5000e+26,7.7537e+32,1.6777e+32,273
136,3,0.2000,0.3500,2.4360e+28,5.1210e+28,1.7500e+27,1.0200e+27,1.1327e+33,8.9372e+31,273
136,4,0.3500,0.5500,4.6000e+28,1.9150e+29,2.5000e+27,5.6600e+27,1.2909e+33,6.7219e+31,273
136,5,0.5500,1.0100,4.6900e+28,3.5478e+29,3.2200e+27,3.9500e+28,8.8096e+32,6.1957e+31,273
137,0,0.0000,0.0500,1.0400e+27,0.0000e+00,6.8000e+26,0.0000e+00,4.2073e+32,3.3982e+32,275
137,1,0.0500,0.1000,2.3000e+27,5.5000e+26,5.7000e+26,0.0000e+00,3.7565e+32,9.8767e+31,275
137,2,0.1000,0.2000,9.1100e+27,8.4200e+27,2.0600e+27,2.5000e+26,7.7837e+32,1.6774e+32,275
137,3,0.2000,0.3500,2.3860e+28,5.3730e+28,1.8200e+27,1.3500e+27,1.1242e+33,9.0916e+31,275
137,4,0.3500,0.5500,4.3190e+28,1.7610e+29,2.2700e+27,5.3900e+27,1.2340e+33,6.2914e+31,275
137,5,0.5500,1.0100,5.2910e+28,3.8697e+29,3.6400e+27,3.8760e+28,9.8402e+32,6.2681e+31,275
138,0,0.0000,0.0500,9.2000e+26,1.0000e+25,6.8000e+26,0.0000e+00,4.8480e+32,2.8711e+32,276
138,1,0.0500,0.1000,2.0900e+27,4.3000e+26,7.8000e+26,1.0000e+25,3.4753e+32,1.0815e+32,276
138,2,0.1000,0.2000,9.1700e+27,8.8600e+27,1.5500e+27,2.1000e+26,8.0976e+32,1.6666e+32,276
138,3,0.2000,0.3500,2.3190e+28,4.9440e+28,2.1800e+27,1.6700e+27,1.0742e+33,1.0466e+32,276
138,4,0.3500,0.5500,4.3900e+28,1.7415e+29,2.7100e+27,6.1600e+27,1.2350e+33,7.2049e+31,276
138,5,0.5500,1.0100,5.4170e+28,4.0298e+29,4.0000e+27,4.5500e+28,1.0222e+33,7.1692e+31,276
139,0,0.0000,0.0500,1.0300e+27,1.0000e+25,5.0000e+26,0.0000e+00,4.9792e+32,2.8467e+32,278
139,1,0.0500,0.1000,1.9800e+27,3.2000e+26,5.7000e+26,0.0000e+00,3.2325e+32,1.0656e+32,278
139,2,0.1000,0.2000,9.1800e+27,8.4600e+27,1.8100e+27,1.9000e+26,8.0614e+32,1.6647e+32,278
139,3,0.2000,0.3500,2.2640e+28,4.3850e+28,2.0200e+27,1.6000e+27,1.0150e+33,1.0795e+32,278
139,4,0.3500,0.5500,4.5700e+28,1.7940e+29,2.3200e+27,6.6000e+27,1.3098e+33,7.5725e+31,278
139,5,0.5500,1.0100,5.6540e+28,4.1891e+29,4.4200e+27,4.7790e+28,1.0612e+33,7.3049e+31,278
140,0,0.0000,0.0500,1.0300e+27,0.0000e+00,7.1000e+26,0.0000e+00,4.8930e+32,3.0304e+32,280
140,1,0.0500,0.1000,2.0700e+27,3.3000e+26,4.9000e+26,0.0000e+00,3.1804e+32,9.4705e+31,280
140,2,0.1000,0.2000,8.0600e+27,7.1800e+27,1.7300e+27,2.2000e+26,7.3149e+32,1.6690e+32,280
140,3,0.2000,0.3500,2.2910e+28,4.6240e+28,2.3500e+27,1.4300e+27,1.0817e+33,1.0773e+32,280
140,4,0.3500,0.5500,4.6590e+28,1.8386e+29,2.6600e+27,6.3700e+27,1.3434e+33,7.7692e+31,280
140,5,0.5500,1.0100,5.7740e+28,4.3206e+29,4.1100e+27,4.6780e+28,1.0792e+33,7.2420e+31,280
141,0,0.0000,0.0500,9.8000e+26,0.0000e+00,6.6000e+26,0.0000e+00,4.4228e+32,3.1662e+32,281
141,1,0.0500,0.1000,1.8100e+27,3.2000e+26,4.7000e+26,1.0000e+25,3.3167e+32,8.9805e+31,281
141,2,0.1000,0.2000,7.9700e+27,7.6900e+27,1.5800e+27,2.1000e+26,7.4088e+32,1.6967e+32,281
141,3,0.2000,0.3500,2.2610e+28,4.5760e+28,1.8500e+27,1.2800e+27,1.0970e+33,1.0004e+32,281
141,4,0.3500,0.5500,4.6590e+28,1.8749e+29,2.3600e+27,5.9400e+27,1.3330e+33,7.7601e+31,281
141,5,0.5500,1.0100,5.9850e+28,4.5401e+29,4.2100e+27,4.2810e+28,1.1097e+33,7.3405e+31,281
142,0,0.0000,0.0500,9.0000e+26,0.0000e+00,5.8000e+26,0.0000e+00,4.1616e+32,3.2204e+32,283
142,1,0.0500,0.1000,1.8600e+27,2.8000e+26,6.4000e+26,0.0000e+00,3.5066e+32,9.2929e+31,283
142,2,0.1000,0.2000,8.4000e+27,7.1200e+27,1.5900e+27,1.4000e+26,7.4454e+32,1.7177e+32,283
142,3,0.2000,0.3500,2.3200e+28,4.7020e+28,1.7500e+27,1.3600e+27,1.0826e+33,1.0029e+32,283
142,4,0.3500,0.5500,4.3760e+28,1.7220e+29,2.3400e+27,5.7700e+27,1.2661e+33,7.3785e+31,283
142,5,0.5500,1.0100,6.5640e+28,4.8120e+29,4.0300e+27,4.3820e+28,1.2232e+33,7.4347e+31,283
143,0,0.0000,0.0500,9.1000e+26,1.0000e+25,5.5000e+26,0.0000e+00,4.6515e+32,2.8068e+32,284
143,1,0.0500,0.1000,1.8200e+27,3.0000e+26,4.3000e+26,0.0000e+00,3.2289e+32,1.0264e+32,284
143,2,0.1000,0.2000,8.8100e+27,7.5800e+27,1.8500e+27,2.3000e+26,7.7461e+32,1.7282e+32,284
143,3,0.2000,0.3500,2.1270e+28,4.4080e+28,2.4100e+27,1.5200e+27,1.0297e+33,1.1624e+32,284
143,4,0.3500,0.5500,4.1810e+28,1.6676e+29,2.5500e+27,6.7200e+27,1.2497e+33,8.5480e+31,284
143,5,0.5500,1.0100,6.7100e+28,5.0294e+29,4.7400e+27,5.0930e+28,1.2713e+33,8.6365e+31,284
144,0,0.0000,0.0500,1.1500e+27,0.0000e+00,4.9000e+26,0.0000e+00,4.8087e+32,2.7452e+32,285
144,1,0.0500,0.1000,1.6300e+27,3.2000e+26,5.5000e+26,1.0000e+25,2.9646e+32,1.0222e+32,285
144,2,0.1000,0.2000,9.2100e+27,8.0000e+27,1.7200e+27,1.6000e+26,7.7056e+32,1.7266e+32,285
144,3,0.2000,0.3500,2.0150e+28,3.9700e+28,2.3500e+27,1.5500e+27,9.6906e+32,1.2140e+32,285
144,4,0.3500,0.5500,4.4280e+28,1.7108e+29,3.1300e+27,6.8500e+27,1.3075e+33,9.0966e+31,285
144,5,0.5500,1.0100,6.7700e+28,5.1215e+29,4.9200e+27,5.4840e+28,1.3053e+33,8.9098e+31,285
145,0,0.0000,0.0500,9.6000e+26,0.0000e+00,6.6000e+26,0.0000e+00,4.7089e+32,2.9229e+32,287
145,1,0.0500,0.1000,1.7800e+27,3.6000e+26,5.3000e+26,0.0000e+00,2.9189e+32,9.0915e+31,287
145,2,0.1000,0.2000,7.1200e+27,6.0600e+27,1.8500e+27,1.6000e+26,7.0648e+32,1.7347e+32,287
145,3,0.2000,0.3500,2.0080e+28,4.1860e+28,2.2100e+27,1.6400e+27,1.0309e+33,1.2088e+32,287
145,4,0.3500,0.5500,4.5590e+28,1.7827e+29,3.2500e+27,7.7200e+27,1.3360e+33,9.3285e+31,287
145,5,0.5500,1.0100,6.8940e+28,5.3088e+29,5.2400e+27,5.5490e+28,1.3207e+33,8.8865e+31,287
146,0,0.0000,0.0500,7.8000e+26,0.0000e+00,6.0000e+26,0.0000e+00,4.2601e+32,3.0425e+32,288
146,1,0.0500,0.1000,1.9900e+27,2.5000e+26,5.1000e+26,0.0000e+00,3.0984e+32,8.6854e+31,288
146,2,0.1000,0.2000,7.6000e+27,6.1600e+27,1.9000e+27,2.5000e+26,7.1295e+32,1.7776e+32,288
146,3,0.2000,0.3500,2.0630e+28,4.1600e+28,2.2200e+27,1.6500e+27,1.0441e+33,1.1298e+32,288
146,4,0.3500,0.5500,4.3910e+28,1.7580e+29,3.2500e+27,7.6300e+27,1.3132e+33,9.3559e+31,288
146,5,0.5500,1.0100,7.0580e+28,5.5652e+29,5.1300e+27,5.5910e+28,1.3606e+33,9.0507e+31,288
147,0,0.0000,0.0500,8.9000e+26,0.0000e+00,5.2000e+26,0.0000e+00,4.0332e+32,3.0933e+32,290
147,1,0.0500,0.1000,1.8600e+27,3.4000e+26,4.8000e+26,0.0000e+00,3.2400e+32,9.0514e+31,290
147,2,0.1000,0.2000,7.7700e+27,6.5300e+27,2.0900e+27,2.1000e+26,7.1876e+32,1.7906e+32,290
147,3,0.2000,0.3500,2.0600e+28,4.0600e+28,2.1300e+27,1.8600e+27,1.0266e+33,1.1538e+32,290
147,4,0.3500,0.5500,4.1440e+28,1.5916e+29,2.7400e+27,6.8000e+27,1.2498e+33,8.8955e+31,290
147,5,0.5500,1.0100,7.6620e+28,5.9579e+29,5.4000e+27,5.6090e+28,1.4717e+33,9.1893e+31,290
148,0,0.0000,0.0500,9.0000e+26,0.0000e+00,6.4000e+26,1.0000e+25,4.6139e+32,2.7109e+32,291
148,1,0.0500,0.1000,1.6400e+27,2.6000e+26,6.9000e+26,1.0000e+25,2.8480e+32,1.0207e+32,291
148,2,0.1000,0.2000,8.2900e+27,6.7700e+27,1.9000e+27,2.4000e+26,7.4849e+32,1.8223e+32,291
148,3,0.2000,0.3500,1.9070e+28,3.8580e+28,2.7200e+27,2.2200e+27,9.6416e+32,1.3911e+32,291
148,4,0.3500,0.5500,4.0990e+28,1.5771e+29,3.6100e+27,8.2400e+27,1.2297e+33,1.0979e+32,291
148,5,0.5500,1.0100,7.9180e+28,5.9772e+29,6.8500e+27,6.9110e+28,1.5074e+33,1.1398e+32,291
149,0,0.0000,0.0500,9.5000e+26,0.0000e+00,4.3000e+26,0.0000e+00,4.5976e+32,2.7749e+32,292
149,1,0.0500,0.1000,1.5700e+27,2.4000e+26,5.4000e+26,0.0000e+00,2.7011e+32,9.8574e+31,292
149,2,0.1000,0.2000,8.0900e+27,6.3200e+27,1.8600e+27,2.4000e+26,7.2574e+32,1.8219e+32,292
149,3,0.2000,0.3500,1.9380e+28,3.3140e+28,2.5600e+27,1.8800e+27,9.2519e+32,1.4104e+32,292
149,4,0.3500,0.5500,4.2920e+28,1.6276e+29,3.7000e+27,8.3800e+27,1.2898e+33,1.1349e+32,292
149,5,0.5500,1.0100,8.0730e+28,6.2412e+29,6.5100e+27,7.3070e+28,1.5341e+33,1.1435e+32,292
150,0,0.0000,0.0500,1.0000e+27,0.0000e+00,4.9000e+26,0.0000e+00,4.4158e+32,2.9707e+32,294
150,1,0.0500,0.1000,1.6400e+27,2.4000e+26,5.6000e+26,3.0000e+25,2.6777e+32,8.7276e+31,294
150,2,0.1000,0.2000,7.2500e+27,5.3200e+27,1.9100e+27,1.9000e+26,6.8409e+32,1.8331e+32,294
150,3,0.2000,0.3500,1.9470e+28,3.7450e+28,2.6200e+27,1.8200e+27,9.8905e+32,1.3847e+32,294
150,4,0.3500,0.5500,4.3670e+28,1.7081e+29,4.0200e+27,8.9200e+27,1.3061e+33,1.1528e+32,294
150,5,0.5500,1.0100,8.1690e+28,6.3315e+29,6.5900e+27,6.7300e+28,1.5428e+33,1.1579e+32,294
151,0,0.0000,0.0500,7.9000e+26,0.0000e+00,6.2000e+26,0.0000e+00,4.0076e+32,3.0326e+32,294
151,1,0.0500,0.1000,1.7400e+27,2.6000e+26,5.7000e+26,0.0000e+00,2.9217e+32,8.6243e+31,294
151,2,0.1000,0.2000,7.4200e+27,5.5400e+27,1.8000e+27,2.7000e+26,6.8492e+32,1.8910e+32,294
151,3,0.2000,0.3500,2.0210e+28,3.7580e+28,2.7300e+27,1.8700e+27,9.8837e+32,1.3156e+32,294
151,4,0.3500,0.5500,4.1970e+28,1.5874e+29,3.6700e+27,8.6400e+27,1.2483e+33,1.1353e+32,294
151,5,0.5500,1.0100,8.3800e+28,6.6397e+29,6.4700e+27,7.0480e+28,1.6083e+33,1.1719e+32,294
152,0,0.0000,0.0500,8.1000e+26,1.0000e+25,6.2000e+26,0.0000e+00,4.0751e+32,2.9400e+32,296
152,1,0.0500,0.1000,1.7300e+27,2.4000e+26,5.0000e+26,2.0000e+25,2.8348e+32,9.4790e+31,296
152,2,0.1000,0.2000,7.3000e+27,5.6600e+27,2.0200e+27,3.5000e+26,7.0258e+32,1.9047e+32,296
152,3,0.2000,0.3500,1.9290e+28,3.5990e+28,2.8400e+27,2.1300e+27,9.4945e+32,1.4489e+32,296
152,4,0.3500,0.5500,3.8210e+28,1.4474e+29,3.8600e+27,8.9700e+27,1.2014e+33,1.1969e+32,296
152,5,0.5500,1.0100,8.8550e+28,6.8125e+29,7.3400e+27,7.5460e+28,1.6900e+33,1.3109e+32,296
153,0,0.0000,0.0500,8.3000e+26,0.0000e+00,4.9000e+26,0.0000e+00,4.4800e+32,2.7484e+32,298
153,1,0.0500,0.1000,1.4200e+27,2.7000e+26,6.0000e+26,1.0000e+25,2.5265e+32,1.0129e+32,298
153,2,0.1000,0.2000,8.0700e+27,5.9700e+27,1.7800e+27,2.4000e+26,7.2313e+32,1.9423e+32,298
153,3,0.2000,0.3500,1.7080e+28,3.1620e+28,3.0300e+27,2.3800e+27,8.8797e+32,1.6553e+32,298
153,4,0.3500,0.5500,4.0440e+28,1.4577e+29,4.4800e+27,1.0230e+28,1.2097e+33,1.4241e+32,298
153,5,0.5500,1.0100,8.8210e+28,7.0026e+29,9.1100e+27,9.1280e+28,1.7103e+33,1.5510e+32,298
154,0,0.0000,0.0500,1.0900e+27,0.0000e+00,5.7000e+26,0.0000e+00,4.4260e+32,2.8585e+32,298
154,1,0.0500,0.1000,1.4500e+27,2.5000e+26,5.8000e+26,1.0000e+25,2.4326e+32,9.3339e+31,298
154,2,0.1000,0.2000,7.3400e+27,5.4400e+27,1.8300e+27,2.0000e+26,6.6970e+32,1.9405e+32,298
154,3,0.2000,0.3500,1.7780e+28,3.0140e+28,3.2500e+27,2.2500e+27,9.0109e+32,1.6552e+32,298
154,4,0.3500,0.5500,4.1000e+28,1.4851e+29,4.5100e+27,1.0810e+28,1.2441e+33,1.4470e+32,298
154,5,0.5500,1.0100,9.0200e+28,7.0941e+29,8.4400e+27,8.7060e+28,1.7208e+33,1.5400e+32,298
155,0,0.0000,0.0500,1.0000e+27,0.0000e+00,5.5000e+26,0.0000e+00,4.0476e+32,3.0210e+32,299
155,1,0.0500,0.1000,1.4200e+27,2.0000e+26,3.9000e+26,1.0000e+25,2.5419e+32,8.5789e+31,299
155,2,0.1000,0.2000,6.9700e+27,5.1200e+27,1.9700e+27,3.5000e+26,6.5722e+32,1.9845e+32,299
155,3,0.2000,0.3500,1.8840e+28,3.3170e+28,2.7500e+27,2.0700e+27,9.4067e+32,1.5696e+32,299
155,4,0.3500,0.5500,3.9910e+28,1.4854e+29,4.8800e+27,1.0740e+28,1.2341e+33,1.4549e+32,299
155,5,0.5500,1.0100,9.1400e+28,7.1910e+29,8.9700e+27,8.7020e+28,1.7368e+33,1.5635e+32,299
156,0,0.0000,0.0500,7.6000e+26,0.0000e+00,4.5000e+26,0.0000e+00,3.8313e+32,3.0637e+32,301
156,1,0.0500,0.1000,1.4300e+27,2.3000e+26,3.6000e+26,0.0000e+00,2.7115e+32,8.9366e+31,301
156,2,0.1000,0.2000,7.0300e+27,5.4500e+27,2.2100e+27,1.7000e+26,6.6272e+32,2.0258e+32,301
156,3,0.2000,0.3500,1.8920e+28,3.1970e+28,2.9900e+27,2.1000e+27,9.2759e+32,1.5889e+32,301
156,4,0.3500,0.5500,3.8120e+28,1.3437e+29,4.2600e+27,1.0440e+28,1.1802e+33,1.4044e+32,301
156,5,0.5500,1.0100,9.5450e+28,7.5843e+29,8.9000e+27,8.4600e+28,1.8265e+33,1.5914e+32,301
157,0,0.0000,0.0500,8.3000e+26,0.0000e+00,5.9000e+26,0.0000e+00,4.3016e+32,2.7917e+32,302
157,1,0.0500,0.1000,1.5700e+27,2.1000e+26,5.9000e+26,0.0000e+00,2.3945e+32,1.0244e+32,302
157,2,0.1000,0.2000,7.0500e+27,5.0500e+27,2.0500e+27,2.7000e+26,6.8264e+32,2.0770e+32,302
157,3,0.2000,0.3500,1.7360e+28,3.0200e+28,3.5600e+27,2.3600e+27,8.6726e+32,1.9093e+32,302
157,4,0.3500,0.5500,3.6490e+28,1.2703e+29,5.6000e+27,1.2290e+28,1.1257e+33,1.7480e+32,302
157,5,0.5500,1.0100,9.5830e+28,7.5828e+29,1.0680e+28,1.1528e+29,1.8416e+33,2.0736e+32,302
158,0,0.0000,0.0500,7.9000e+26,0.0000e+00,5.2000e+26,0.0000e+00,4.3291e+32,2.8244e+32,302
158,1,0.0500,0.1000,1.1600e+27,8.0000e+25,5.9000e+26,1.0000e+25,2.2301e+32,9.9503e+31,302
158,2,0.1000,0.2000,7.2100e+27,5.2800e+27,1.7300e+27,2.4000e+26,6.6487e+32,2.0819e+32,302
158,3,0.2000,0.3500,1.5700e+28,2.7110e+28,3.9400e+27,2.3800e+27,8.2385e+32,1.9561e+32,302
158,4,0.3500,0.5500,3.8360e+28,1.3741e+29,5.5500e+27,1.2220e+28,1.1758e+33,1.8215e+32,302
158,5,0.5500,1.0100,9.5730e+28,7.7018e+29,1.1710e+28,1.1554e+29,1.8454e+33,2.1225e+32,302
159,0,0.0000,0.0500,8.7000e+26,0.0000e+00,6.0000e+26,1.0000e+25,4.1441e+32,3.0161e+32,304
159,1,0.0500,0.1000,1.1600e+27,1.3000e+26,4.3000e+26,2.0000e+25,2.2361e+32,8.8880e+31,304
159,2,0.1000,0.2000,6.4300e+27,4.3600e+27,1.9200e+27,2.0000e+26,6.2918e+32,2.1282e+32,304
159,3,0.2000,0.3500,1.7500e+28,2.9350e+28,3.4800e+27,2.0600e+27,8.7947e+32,1.8986e+32,304
159,4,0.3500,0.5500,3.8920e+28,1.3755e+29,5.6700e+27,1.2430e+28,1.1900e+33,1.8448e+32,304
159,5,0.5500,1.0100,9.7930e+28,7.8722e+29,1.2190e+28,1.1839e+29,1.8540e+33,2.1512e+32,304
160,0,0.0000,0.0500,7.6000e+26,0.0000e+00,5.4000e+26,0.0000e+00,3.8147e+32,3.0658e+32,304
160,1,0.0500,0.1000,1.5200e+27,7.0000e+25,4.9000e+26,1.0000e+25,2.4531e+32,8.9415e+31,304
160,2,0.1000,0.2000,6.6100e+27,4.5300e+27,2.4600e+27,2.7000e+26,6.2575e+32,2.2057e+32,304
160,3,0.2000,0.3500,1.6690e+28,2.9260e+28,3.3700e+27,2.1300e+27,8.7843e+32,1.8333e+32,304
160,4,0.3500,0.5500,3.5880e+28,1.2745e+29,5.5600e+27,1.1540e+28,1.1454e+33,1.8028e+32,304
160,5,0.5500,1.0100,1.0048e+29,8.0774e+29,1.1670e+28,1.1540e+29,1.9025e+33,2.1782e+32,304
161,0,0.0000,0.0500,6.5000e+26,0.0000e+00,5.5000e+26,0.0000e+00,4.0254e+32,2.9177e+32,305
161,1,0.0500,0.1000,1.3000e+27,2.2000e+26,5.7000e+26,0.0000e+00,2.2782e+32,9.9957e+31,305
161,2,0.1000,0.2000,7.0700e+27,5.0200e+27,1.9600e+27,2.9000e+26,6.4139e+32,2.2452e+32,305
161,3,0.2000,0.3500,1.6100e+28,2.8600e+28,3.9400e+27,2.4500e+27,8.3076e+32,2.0993e+32,305
161,4,0.3500,0.5500,3.3550e+28,1.1654e+29,6.2000e+27,1.3810e+28,1.0756e+33,2.0338e+32,305
161,5,0.5500,1.0100,1.0033e+29,8.0939e+29,1.4630e+28,1.3962e+29,1.9367e+33,2.6331e+32,305
162,0,0.0000,0.0500,7.8000e+26,0.0000e+00,6.7000e+26,0.0000e+00,4.2782e+32,2.8450e+32,307
162,1,0.0500,0.1000,9.2000e+26,1.0000e+26,5.7000e+26,0.0000e+00,2.0530e+32,1.0510e+32,307
162,2,0.1000,0.2000,6.4200e+27,4.8400e+27,2.3400e+27,3.2000e+26,6.4485e+32,2.2845e+32,307
162,3,0.2000,0.3500,1.4910e+28,2.4500e+28,4.7100e+27,2.7000e+27,7.7538e+32,2.3031e+32,307
162,4,0.3500,0.5500,3.5160e+28,1.1817e+29,7.1400e+27,1.5060e+28,1.0988e+33,2.3040e+32,307
162,5,0.5500,1.0100,9.9960e+28,8.2251e+29,1.5850e+28,1.5913e+29,1.9263e+33,2.9835e+32,307
163,0,0.0000,0.0500,1.0100e+27,0.0000e+00,5.2000e+26,0.0000e+00,4.1576e+32,3.0031e+32,307
163,1,0.0500,0.1000,1.1500e+27,1.0000e+26,5.4000e+26,1.0000e+25,2.0008e+32,9.3640e+31,307
163,2,0.1000,0.2000,6.1000e+27,4.3800e+27,2.2100e+27,1.6000e+26,5.9952e+32,2.3138e+32,307
163,3,0.2000,0.3500,1.5460e+28,2.4920e+28,4.5100e+27,3.0800e+27,8.1051e+32,2.2611e+32,307
163,4,0.3500,0.5500,3.5260e+28,1.2289e+29,7.3300e+27,1.5060e+28,1.1188e+33,2.3279e+32,307
163,5,0.5500,1.0100,1.0213e+29,8.1022e+29,1.6480e+28,1.5179e+29,1.9213e+33,2.9855e+32,307
164,0,0.0000,0.0500,8.3000e+26,0.0000e+00,5.9000e+26,0.0000e+00,3.7996e+32,3.0957e+32,307
164,1,0.0500,0.1000,1.0700e+27,1.1000e+26,5.1000e+26,0.0000e+00,2.1959e+32,9.0556e+31,307
164,2,0.1000,0.2000,5.9100e+27,4.6100e+27,2.1300e+27,2.8000e+26,5.9174e+32,2.4115e+32,307
164,3,0.2000,0.3500,1.5900e+28,2.7160e+28,3.7100e+27,3.1900e+27,8.2730e+32,2.1512e+32,307
164,4,0.3500,0.5500,3.5160e+28,1.2044e+29,7.0700e+27,1.4530e+28,1.0934e+33,2.3018e+32,307
164,5,0.5500,1.0100,1.0265e+29,8.3207e+29,1.7330e+28,1.5418e+29,1.9423e+33,3.0181e+32,307
165,0,0.0000,0.0500,5.8000e+26,0.0000e+00,6.9000e+26,0.0000e+00,3.8629e+32,3.0364e+32,309
165,1,0.0500,0.1000,1.0900e+27,1.2000e+26,6.7000e+26,0.0000e+00,2.1719e+32,1.0015e+32,309
165,2,0.1000,0.2000,6.2400e+27,4.5000e+27,2.2100e+27,3.3000e+26,5.9986e+32,2.4572e+32,309
165,3,0.2000,0.3500,1.5890e+28,2.6520e+28,4.6300e+27,3.3200e+27,7.9572e+32,2.3622e+32,309
165,4,0.3500,0.5500,3.2680e+28,1.0885e+29,7.6700e+27,1.5790e+28,1.0417e+33,2.4176e+32,309
165,5,0.5500,1.0100,1.0473e+29,8.3913e+29,1.8030e+28,1.6333e+29,1.9785e+33,3.4030e+32,309
166,0,0.0000,0.0500,7.3000e+26,0.0000e+00,5.9000e+26,0.0000e+00,4.2073e+32,2.8765e+32,309
166,1,0.0500,0.1000,1.0700e+27,6.0000e+25,6.9000e+26,1.0000e+25,1.9090e+32,1.0910e+32,309
166,2,0.1000,0.2000,6.4600e+27,4.5900e+27,2.5600e+27,2.8000e+26,6.0712e+32,2.5114e+32,309
166,3,0.2000,0.3500,1.3840e+28,2.3290e+28,5.4100e+27,3.1600e+27,7.3185e+32,2.6761e+32,309
166,4,0.3500,0.5500,3.1530e+28,1.0588e+29,9.3100e+27,1.8570e+28,1.0121e+33,2.8731e+32,309
166,5,0.5500,1.0100,1.0210e+29,8.1085e+29,2.2390e+28,1.9802e+29,1.9244e+33,4.1040e+32,309
167,0,0.0000,0.0500,9.5000e+26,0.0000e+00,5.5000e+26,0.0000e+00,4.1491e+32,3.0212e+32,310
167,1,0.0500,0.1000,8.8000e+26,1.0000e+26,5.6000e+26,0.0000e+00,1.8395e+32,1.0002e+32,310
167,2,0.1000,0.2000,5.7000e+27,3.7900e+27,2.2800e+27,3.3000e+26,5.7111e+32,2.5363e+32,310
167,3,0.2000,0.3500,1.4260e+28,2.2510e+28,4.7700e+27,3.3000e+27,7.4692e+32,2.6642e+32,310
167,4,0.3500,0.5500,3.2700e+28,1.1092e+29,9.0800e+27,1.9450e+28,1.0460e+33,2.9144e+32,310
167,5,0.5500,1.0100,1.0124e+29,8.3065e+29,2.2100e+28,1.9865e+29,1.9270e+33,4.1058e+32,310
168,0,0.0000,0.0500,8.6000e+26,0.0000e+00,5.8000e+26,0.0000e+00,3.8031e+32,3.1499e+32,310
168,1,0.0500,0.1000,1.1400e+27,1.2000e+26,4.5000e+26,0.0000e+00,1.9939e+32,9.4704e+31,310
168,2,0.1000,0.2000,5.5400e+27,3.8700e+27,2.3000e+27,4.7000e+26,5.5751e+32,2.6484e+32,310
168,3,0.2000,0.3500,1.4230e+28,2.3260e+28,4.9200e+27,3.1600e+27,7.7407e+32,2.5162e+32,310
168,4,0.3500,0.5500,3.1310e+28,1.0957e+29,9.8000e+27,1.7060e+28,1.0332e+33,2.9015e+32,310
168,5,0.5500,1.0100,1.0051e+29,8.3760e+29,2.2780e+28,1.8766e+29,1.9318e+33,4.1353e+32,310
169,0,0.0000,0.0500,7.9000e+26,1.0000e+25,5.1000e+26,0.0000e+00,3.7270e+32,3.1368e+32,311
169,1,0.0500,0.1000,1.2100e+27,1.3000e+26,4.9000e+26,1.0000e+25,2.0619e+32,1.0182e+32,311
169,2,0.1000,0.2000,5.7000e+27,4.1100e+27,2.6600e+27,4.3000e+26,5.6054e+32,2.6916e+32,311
169,3,0.2000,0.3500,1.4150e+28,2.2690e+28,5.0300e+27,3.4600e+27,7.5315e+32,2.6760e+32,311
169,4,0.3500,0.5500,3.1500e+28,9.9440e+28,8.6900e+27,1.7350e+28,9.8940e+32,2.8972e+32,311
169,5,0.5500,1.0100,1.0363e+29,8.4478e+29,2.3850e+28,1.9264e+29,1.9602e+33,4.3818e+32,311
170,0,0.0000,0.0500,8.4000e+26,0.0000e+00,6.8000e+26,0.0000e+00,4.1425e+32,2.9322e+32,311
170,1,0.0500,0.1000,9.7000e+26,1.5000e+26,8.0000e+26,1.0000e+25,1.7820e+32,1.1499e+32,311
170,2,0.1000,0.2000,5.4700e+27,3.9600e+27,2.5300e+27,3.7000e+26,5.6704e+32,2.7737e+32,311
170,3,0.2000,0.3500,1.3220e+28,2.2110e+28,6.1100e+27,3.7000e+27,6.8473e+32,3.1123e+32,311
170,4,0.3500,0.5500,2.8690e+28,9.4900e+28,1.0480e+28,2.1690e+28,9.2569e+32,3.5489e+32,311
170,5,0.5500,1.0100,9.7750e+28,8.0474e+29,3.0770e+28,2.5249e+29,1.8633e+33,5.5373e+32,311
171,0,0.0000,0.0500,7.8000e+26,0.0000e+00,5.1000e+26,0.0000e+00,4.1065e+32,3.0550e+32,312
171,1,0.0500,0.1000,7.6000e+26,9.0000e+25,6.6000e+26,2.0000e+25,1.7002e+32,1.0788e+32,312
171,2,0.1000,0.2000,5.3900e+27,3.9400e+27,2.6200e+27,5.1000e+26,5.4343e+32,2.7896e+32,312
171,3,0.2000,0.3500,1.2480e+28,1.9500e+28,5.8300e+27,4.1100e+27,6.8124e+32,3.1207e+32,312
171,4,0.3500,0.5500,2.9720e+28,9.7690e+28,1.0970e+28,2.1720e+28,9.6438e+32,3.6064e+32,312
171,5,0.5500,1.0100,1.0028e+29,8.0808e+29,3.0050e+28,2.3863e+29,1.8661e+33,5.5071e+32,312
172,0,0.0000,0.0500,8.5000e+26,0.0000e+00,6.2000e+26,0.0000e+00,3.7717e+32,3.2211e+32,312
172,1,0.0500,0.1000,9.4000e+26,7.0000e+25,7.3000e+26,0.0000e+00,1.8527e+32,9.9637e+31,312
172,2,0.1000,0.2000,4.9800e+27,3.3800e+27,2.7300e+27,5.6000e+26,5.2142e+32,2.9164e+32,312
172,3,0.2000,0.3500,1.3380e+28,2.1070e+28,5.2000e+27,3.5300e+27,7.1655e+32,2.9381e+32,312
172,4,0.3500,0.5500,3.0240e+28,1.0039e+29,1.0890e+28,2.2570e+28,9.5796e+32,3.6089e+32,312
172,5,0.5500,1.0100,9.7920e+28,8.1975e+29,3.0170e+28,2.4315e+29,1.8642e+33,5.5261e+32,312
173,0,0.0000,0.0500,6.8000e+26,0.0000e+00,5.3000e+26,0.0000e+00,3.6140e+32,3.2425e+32,313
173,1,0.0500,0.1000,8.9000e+26,1.4000e+26,6.2000e+26,0.0000e+00,1.9771e+32,1.0490e+32,313
173,2,0.1000,0.2000,5.2900e+27,3.6900e+27,2.9100e+27,4.8000e+26,5.2386e+32,2.9753e+32,313
173,3,0.2000,0.3500,1.2500e+28,2.2620e+28,6.0300e+27,3.3900e+27,7.0596e+32,3.0633e+32,313
173,4,0.3500,0.5500,2.9600e+28,9.2910e+28,1.0970e+28,2.0480e+28,9.2824e+32,3.4934e+32,313
173,5,0.5500,1.0100,1.0174e+29,8.4080e+29,2.9970e+28,2.3826e+29,1.8953e+33,5.6404e+32,313
174,0,0.0000,0.0500,6.5000e+26,0.0000e+00,6.5000e+26,0.0000e+00,4.0870e+32,3.0064e+32,313
174,1,0.0500,0.1000,1.0300e+27,6.0000e+25,5.7000e+26,0.0000e+00,1.7055e+32,1.2145e+32,313
174,2,0.1000,0.2000,4.8400e+27,4.0500e+27,2.8400e+27,4.1000e+26,5.2498e+32,3.0859e+32,313
174,3,0.2000,0.3500,1.1450e+28,2.0030e+28,6.2600e+27,4.3000e+27,6.3462e+32,3.6140e+32,313
174,4,0.3500,0.5500,2.5680e+28,8.4800e+28,1.3570e+28,2.5090e+28,8.3833e+32,4.3242e+32,313
174,5,0.5500,1.0100,9.2360e+28,7.7229e+29,3.9410e+28,3.0125e+29,1.7484e+33,7.2767e+32,313
175,0,0.0000,0.0500,7.0000e+26,0.0000e+00,5.6000e+26,0.0000e+00,4.0471e+32,3.1068e+32,313
175,1,0.0500,0.1000,8.2000e+26,5.0000e+25,5.8000e+26,0.0000e+00,1.6083e+32,1.1528e+32,313
175,2,0.1000,0.2000,4.7100e+27,3.5900e+27,3.0400e+27,5.0000e+26,5.1017e+32,3.0828e+32,313
175,3,0.2000,0.3500,1.1730e+28,1.8810e+28,6.1700e+27,3.9800e+27,6.1753e+32,3.6332e+32,313
175,4,0.3500,0.5500,2.6570e+28,8.8540e+28,1.3730e+28,2.6740e+28,8.7595e+32,4.3787e+32,313
175,5,0.5500,1.0100,9.3680e+28,7.8002e+29,3.8720e+28,2.9626e+29,1.7447e+33,7.1931e+32,313
176,0,0.0000,0.0500,6.3000e+26,0.0000e+00,7.6000e+26,0.0000e+00,3.7344e+32,3.3039e+32,313
176,1,0.0500,0.1000,8.5000e+26,1.1000e+26,4.8000e+26,0.0000e+00,1.7391e+32,1.0541e+32,313
176,2,0.1000,0.2000,4.9400e+27,3.0800e+27,2.7900e+27,6.1000e+26,4.8625e+32,3.2230e+32,313
176,3,0.2000,0.3500,1.1610e+28,1.9850e+28,6.5200e+27,3.8500e+27,6.5527e+32,3.4196e+32,313
176,4,0.3500,0.5500,2.7160e+28,9.2440e+28,1.2930e+28,2.7560e+28,8.7318e+32,4.3858e+32,313
176,5,0.5500,1.0100,9.4140e+28,7.8516e+29,3.9090e+28,2.9409e+29,1.7416e+33,7.1894e+32,313
177,0,0.0000,0.0500,1.0200e+27,0.0000e+00,5.7000e+26,0.0000e+00,3.5357e+32,3.3404e+32,314
177,1,0.0500,0.1000,8.9000e+26,1.1000e+26,6.1000e+26,0.0000e+00,1.8932e+32,1.0981e+32,314
177,2,0.1000,0.2000,5.0200e+27,3.6100e+27,3.0200e+27,6.5000e+26,4.8846e+32,3.2994e+32,314
177,3,0.2000,0.3500,1.2140e+28,1.9270e+28,6.7400e+27,3.8100e+27,6.5075e+32,3.5172e+32,314
177,4,0.3500,0.5500,2.5620e+28,8.3990e+28,1.2830e+28,2.4660e+28,8.5330e+32,4.2158e+32,314
177,5,0.5500,1.0100,9.4080e+28,7.9822e+29,3.8260e+28,2.9513e+29,1.7707e+33,7.2151e+32,314
178,0,0.0000,0.0500,7.1000e+26,0.0000e+00,8.2000e+26,0.0000e+00,3.9954e+32,3.1000e+32,313
178,1,0.0500,0.1000,9.3000e+26,1.2000e+26,8.7000e+26,0.0000e+00,1.6445e+32,1.2924e+32,313
178,2,0.1000,0.2000,4.8400e+27,3.4100e+27,3.2900e+27,5.7000e+26,4.8340e+32,3.3998e+32,313
178,3,0.2000,0.3500,1.0660e+28,1.9190e+28,7.8700e+27,5.8900e+27,5.7770e+32,4.1471e+32,313
178,4,0.3500,0.5500,2.3420e+28,7.5640e+28,1.6470e+28,3.0870e+28,7.4504e+32,5.1341e+32,313
178,5,0.5500,1.0100,8.4270e+28,7.1945e+29,4.9410e+28,3.6236e+29,1.5834e+33,9.1248e+32,313
179,0,0.0000,0.0500,7.3000e+26,0.0000e+00,7.5000e+26,0.0000e+00,3.9887e+32,3.2000e+32,314
179,1,0.0500,0.1000,8.0000e+26,9.0000e+25,6.4000e+26,1.0000e+25,1.5338e+32,1.2430e+32,314
179,2,0.1000,0.2000,4.3100e+27,3.4300e+27,3.0500e+27,5.2000e+26,4.7549e+32,3.4129e+32,314
179,3,0.2000,0.3500,1.0270e+28,1.7140e+28,7.5400e+27,4.8800e+27,5.5692e+32,4.2167e+32,314
179,4,0.3500,0.5500,2.3400e+28,8.1790e+28,1.6260e+28,3.1980e+28,7.8189e+32,5.2641e+32,314
179,5,0.5500,1.0100,8.3400e+28,7.2692e+29,4.9090e+28,3.5969e+29,1.5778e+33,9.0982e+32,314
180,0,0.0000,0.0500,6.1000e+26,0.0000e+00,6.1000e+26,1.0000e+25,3.7048e+32,3.4003e+32,313
180,1,0.0500,0.1000,7.8000e+26,1.1000e+26,5.7000e+26,2.0000e+25,1.6331e+32,1.1304e+32,313
180,2,0.1000,0.2000,4.2900e+27,3.1200e+27,3.5400e+27,5.5000e+26,4.5009e+32,3.5527e+32,313
180,3,0.2000,0.3500,1.0620e+28,1.8020e+28,7.0300e+27,4.9200e+27,5.9150e+32,3.9812e+32,313
180,4,0.3500,0.5500,2.4370e+28,8.0660e+28,1.5490e+28,3.0350e+28,7.7805e+32,5.2577e+32,313
180,5,0.5500,1.0100,8.4870e+28,7.2599e+29,4.8650e+28,3.4658e+29,1.5685e+33,9.0420e+32,313
181,0,0.0000,0.0500,7.4000e+26,0.0000e+00,5.7000e+26,0.0000e+00,3.4811e+32,3.4448e+32,314
181,1,0.0500,0.1000,1.1900e+27,8.0000e+25,7.1000e+26,0.0000e+00,1.8067e+32,1.1693e+32,314
181,2,0.1000,0.2000,3.9800e+27,3.8400e+27,3.5400e+27,5.0000e+26,4.5115e+32,3.6791e+32,314
181,3,0.2000,0.3500,1.1440e+28,1.8770e+28,7.1900e+27,5.1900e+27,5.9094e+32,4.0461e+32,314
181,4,0.3500,0.5500,2.3050e+28,7.8640e+28,1.5730e+28,2.9430e+28,7.6310e+32,5.0736e+32,314
181,5,0.5500,1.0100,8.6490e+28,7.4333e+29,4.8300e+28,3.3708e+29,1.5907e+33,9.0445e+32,314
182,0,0.0000,0.0500,8.5000e+26,0.0000e+00,6.3000e+26,0.0000e+00,3.8954e+32,3.2124e+32,313
182,1,0.0500,0.1000,9.0000e+26,8.0000e+25,6.4000e+26,1.0000e+25,1.6106e+32,1.3672e+32,313
182,2,0.1000,0.2000,3.8200e+27,3.6400e+27,3.8600e+27,6.1000e+26,4.4415e+32,3.7602e+32,313
182,3,0.2000,0.3500,9.7900e+27,1.8420e+28,8.4400e+27,5.6200e+27,5.2533e+32,4.6697e+32,313
182,4,0.3500,0.5500,2.0140e+28,6.6280e+28,1.7680e+28,3.3590e+28,6.5963e+32,5.9301e+32,313
182,5,0.5500,1.0100,7.5310e+28,6.7329e+29,6.0340e+28,4.0628e+29,1.4043e+33,1.0883e+33,313
183,0,0.0000,0.0500,7.1000e+26,0.0000e+00,5.8000e+26,0.0000e+00,3.9206e+32,3.2774e+32,313
183,1,0.0500,0.1000,7.9000e+26,7.0000e+25,7.9000e+26,2.0000e+25,1.4737e+32,1.3354e+32,313
183,2,0.1000,0.2000,4.3100e+27,3.2500e+27,3.5800e+27,5.5000e+26,4.3901e+32,3.7704e+32,313
183,3,0.2000,0.3500,9.1200e+27,1.5620e+28,9.4800e+27,5.1600e+27,4.9979e+32,4.7869e+32,313
183,4,0.3500,0.5500,2.1300e+28,7.4310e+28,1.9100e+28,3.6790e+28,6.8131e+32,6.1424e+32,313
183,5,0.5500,1.0100,7.4320e+28,6.7472e+29,5.7870e+28,3.9955e+29,1.3779e+33,1.0926e+33,313
184,0,0.0000,0.0500,7.5000e+26,0.0000e+00,5.7000e+26,0.0000e+00,3.6994e+32,3.5045e+32,314
184,1,0.0500,0.1000,7.5000e+26,2.0000e+25,7.6000e+26,0.0000e+00,1.5534e+32,1.2289e+32,314
184,2,0.1000,0.2000,4.2100e+27,3.0000e+27,3.4800e+27,6.2000e+26,4.1914e+32,3.9212e+32,314
184,3,0.2000,0.3500,9.8500e+27,1.7580e+28,8.4300e+27,6.1400e+27,5.3338e+32,4.5934e+32,314
184,4,0.3500,0.5500,2.0890e+28,7.3520e+28,1.8990e+28,3.4910e+28,6.8578e+32,6.1804e+32,314
184,5,0.5500,1.0100,7.5170e+28,6.7640e+29,5.8350e+28,3.9888e+29,1.3789e+33,1.0895e+33,314
185,0,0.0000,0.0500,6.4000e+26,0.0000e+00,7.1000e+26,1.0000e+25,3.4229e+32,3.5276e+32,312
185,1,0.0500,0.1000,9.9000e+26,9.0000e+25,6.2000e+26,2.0000e+25,1.7235e+32,1.2538e+32,312
185,2,0.1000,0.2000,4.0900e+27,3.1800e+27,4.0500e+27,6.5000e+26,4.1528e+32,4.0577e+32,312
185,3,0.2000,0.3500,9.7600e+27,1.7640e+28,8.7300e+27,5.8200e+27,5.3023e+32,4.5756e+32,312
185,4,0.3500,0.5500,2.0390e+28,6.9910e+28,1.8230e+28,3.3660e+28,6.6913e+32,5.9250e+32,312
185,5,0.5500,1.0100,7.5170e+28,6.8395e+29,5.7510e+28,3.8261e+29,1.3835e+33,1.0778e+33,312
186,0,0.0000,0.0500,6.9000e+26,0.0000e+00,5.8000e+26,0.0000e+00,3.8105e+32,3.3288e+32,313
186,1,0.0500,0.1000,8.7000e+26,9.0000e+25,8.3000e+26,2.0000e+25,1.5873e+32,1.4607e+32,313
186,2,0.1000,0.2000,4.0800e+27,3.3400e+27,4.2000e+27,5.5000e+26,4.1198e+32,4.1221e+32,313
186,3,0.2000,0.3500,9.1500e+27,1.7310e+28,9.7100e+27,6.6300e+27,4.7803e+32,5.1900e+32,313
186,4,0.3500,0.5500,1.8480e+28,6.4730e+28,2.0300e+28,3.8030e+28,5.8428e+32,6.6649e+32,313
186,5,0.5500,1.0100,6.6950e+28,6.1069e+29,6.7870e+28,4.5145e+29,1.2264e+33,1.2438e+33,313
187,0,0.0000,0.0500,7.6000e+26,0.0000e+00,6.1000e+26,0.0000e+00,3.8779e+32,3.3536e+32,312
187,1,0.0500,0.1000,7.0000e+26,4.0000e+25,7.8000e+26,2.0000e+25,1.4266e+32,1.4547e+32,312
187,2,0.1000,0.2000,3.6100e+27,3.2900e+27,4.2100e+27,5.2000e+26,4.0840e+32,4.1206e+32,312
187,3,0.2000,0.3500,8.2800e+27,1.6140e+28,9.8700e+27,6.6900e+27,4.4856e+32,5.3595e+32,312
187,4,0.3500,0.5500,1.8430e+28,6.5880e+28,2.1690e+28,4.0360e+28,5.9153e+32,6.9601e+32,312
187,5,0.5500,1.0100,6.3640e+28,6.0077e+29,6.8380e+28,4.5128e+29,1.1782e+33,1.2546e+33,312
188,0,0.0000,0.0500,5.9000e+26,0.0000e+00,8.1000e+26,0.0000e+00,3.6818e+32,3.5811e+32,312
188,1,0.0500,0.1000,6.8000e+26,7.0000e+25,7.0000e+26,2.0000e+25,1.4758e+32,1.3359e+32,312
188,2,0.1000,0.2000,3.8800e+27,3.1400e+27,3.7100e+27,7.4000e+26,3.8824e+32,4.2439e+32,312
188,3,0.2000,0.3500,8.8700e+27,1.6080e+28,9.4200e+27,6.0000e+27,4.7678e+32,5.1684e+32,312
188,4,0.3500,0.5500,1.8440e+28,6.7340e+28,2.1300e+28,3.9090e+28,5.9710e+32,6.9980e+32,312
188,5,0.5500,1.0100,6.3740e+28,6.0969e+29,6.7880e+28,4.4371e+29,1.1748e+33,1.2435e+33,312
189,0,0.0000,0.0500,5.7000e+26,0.0000e+00,5.8000e+26,0.0000e+00,3.3848e+32,3.6322e+32,311
189,1,0.0500,0.1000,8.9000e+26,6.0000e+25,8.0000e+26,1.0000e+25,1.6801e+32,1.3573e+32,311
189,2,0.1000,0.2000,3.6400e+27,3.3300e+27,4.1600e+27,6.2000e+26,3.8517e+32,4.4643e+32,311
189,3,0.2000,0.3500,8.7200e+27,1.7350e+28,9.5300e+27,6.7400e+27,4.7839e+32,5.0799e+32,311
189,4,0.3500,0.5500,1.8450e+28,6.6100e+28,2.1580e+28,3.7870e+28,5.8569e+32,6.7637e+32,311
189,5,0.5500,1.0100,6.4060e+28,6.2651e+29,6.5800e+28,4.3100e+29,1.1835e+33,1.2328e+33,311
190,0,0.0000,0.0500,5.1000e+26,0.0000e+00,7.5000e+26,0.0000e+00,3.7040e+32,3.4411e+32,311
190,1,0.0500,0.1000,9.6000e+26,1.3000e+26,7.3000e+26,0.0000e+00,1.5832e+32,1.5582e+32,311
190,2,0.1000,0.2000,3.9000e+27,3.4100e+27,4.2300e+27,7.6000e+26,3.8225e+32,4.4784e+32,311
190,3,0.2000,0.3500,7.9200e+27,1.5720e+28,1.0410e+28,7.3600e+27,4.3617e+32,5.6371e+32,311
190,4,0.3500,0.5500,1.5980e+28,5.7480e+28,2.1710e+28,4.2410e+28,5.1398e+32,7.2564e+32,311
190,5,0.5500,1.0100,5.8160e+28,5.7025e+29,7.3710e+28,4.8346e+29,1.0565e+33,1.3596e+33,311
191,0,0.0000,0.0500,6.5000e+26,0.0000e+00,7.1000e+26,0.0000e+00,3.8496e+32,3.4203e+32,310
191,1,0.0500,0.1000,7.9000e+26,1.3000e+26,6.9000e+26,1.0000e+25,1.3981e+32,1.5974e+32,310
191,2,0.1000,0.2000,4.0700e+27,3.2000e+27,4.9000e+27,5.6000e+26,3.8181e+32,4.4674e+32,310
191,3,0.2000,0.3500,8.0000e+27,1.3970e+28,1.0530e+28,6.8100e+27,4.0306e+32,5.8899e+32,310
191,4,0.3500,0.5500,1.5890e+28,6.0580e+28,2.3840e+28,4.4420e+28,5.0893e+32,7.6640e+32,310
191,5,0.5500,1.0100,5.3000e+28,5.3099e+29,7.6300e+28,5.0129e+29,9.8946e+32,1.3834e+33,310
192,0,0.0000,0.0500,7.1000e+26,0.0000e+00,8.3000e+26,0.0000e+00,3.6999e+32,3.6584e+32,310
192,1,0.0500,0.1000,8.4000e+26,3.0000e+25,8.4000e+26,0.0000e+00,1.4091e+32,1.4738e+32,310
192,2,0.1000,0.2000,3.1500e+27,3.3200e+27,4.3900e+27,6.5000e+26,3.6312e+32,4.5562e+32,310
192,3,0.2000,0.3500,7.7200e+27,1.5220e+28,1.0520e+28,7.3100e+27,4.2696e+32,5.7404e+32,310
192,4,0.3500,0.5500,1.6210e+28,6.3800e+28,2.3770e+28,4.4630e+28,5.1768e+32,7.7366e+32,310
192,5,0.5500,1.0100,5.4770e+28,5.4151e+29,7.3040e+28,4.7536e+29,9.8756e+32,1.3660e+33,310
193,0,0.0000,0.0500,6.8000e+26,0.0000e+00,7.0000e+26,0.0000e+00,3.3704e+32,3.7371e+32,309
193,1,0.0500,0.1000,9.8000e+26,1.1000e+26,8.0000e+26,1.0000e+25,1.6400e+32,1.4901e+32,309
193,2,0.1000,0.2000,3.3400e+27,2.9700e+27,4.6100e+27,9.2000e+26,3.5832e+32,4.8321e+32,309
193,3,0.2000,0.3500,7.9200e+27,1.5360e+28,1.0100e+28,6.4800e+27,4.3201e+32,5.5386e+32,309
193,4,0.3500,0.5500,1.6160e+28,6.0830e+28,2.3450e+28,4.1850e+28,5.1022e+32,7.5252e+32,309
193,5,0.5500,1.0100,5.3870e+28,5.4717e+29,7.1220e+28,4.5652e+29,9.9350e+32,1.3522e+33,309
194,0,0.0000,0.0500,6.4000e+26,0.0000e+00,7.1000e+26,0.0000e+00,3.5805e+32,3.5803e+32,309
194,1,0.0500,0.1000,9.3000e+26,1.1000e+26,9.9000e+26,3.0000e+25,1.5852e+32,1.6800e+32,309
194,2,0.1000,0.2000,3.6200e+27,3.2100e+27,4.8900e+27,7.4000e+26,3.5880e+32,4.8550e+32,309
194,3,0.2000,0.3500,7.8700e+27,1.5440e+28,1.1480e+28,7.7400e+27,4.0202e+32,6.0420e+32,309
194,4,0.3500,0.5500,1.4340e+28,5.5150e+28,2.4570e+28,4.4640e+28,4.5878e+32,7.7120e+32,309
194,5,0.5500,1.0100,4.9210e+28,5.0990e+29,7.7850e+28,4.9760e+29,9.1076e+32,1.4323e+33,309
195,0,0.0000,0.0500,6.4000e+26,0.0000e+00,6.3000e+26,0.0000e+00,3.8295e+32,3.4864e+32,308
195,1,0.0500,0.1000,9.3000e+26,1.3000e+26,9.8000e+26,1.0000e+25,1.4013e+32,1.7907e+32,308
195,2,0.1000,0.2000,3.3900e+27,2.6400e+27,4.6100e+27,8.9000e+26,3.5956e+32,4.8110e+32,308
195,3,0.2000,0.3500,6.8400e+27,1.5210e+28,1.2030e+28,8.3200e+27,3.6346e+32,6.4043e+32,308
195,4,0.3500,0.5500,1.3830e+28,5.5000e+28,2.6640e+28,4.9050e+28,4.3774e+32,8.2648e+32,308
195,5,0.5500,1.0100,4.4470e+28,4.7617e+29,7.9860e+28,5.1913e+29,8.2306e+32,1.4693e+33,308
196,0,0.0000,0.0500,7.1000e+26,0.0000e+00,8.7000e+26,0.0000e+00,3.7200e+32,3.7136e+32,307
196,1,0.0500,0.1000,8.3000e+26,7.0000e+25,9.7000e+26,4.0000e+25,1.3550e+32,1.6480e+32,307
196,2,0.1000,0.2000,3.1200e+27,2.8800e+27,5.1200e+27,5.1000e+26,3.4162e+32,4.8574e+32,307
196,3,0.2000,0.3500,6.9300e+27,1.4990e+28,1.1990e+28,7.8100e+27,3.8102e+32,6.3050e+32,307
196,4,0.3500,0.5500,1.4630e+28,5.6770e+28,2.6270e+28,4.8430e+28,4.4812e+32,8.3758e+32,307
196,5,0.5500,1.0100,4.6060e+28,4.8335e+29,7.8730e+28,4.9764e+29,8.2107e+32,1.4361e+33,307
197,0,0.0000,0.0500,6.4000e+26,0.0000e+00,7.4000e+26,0.0000e+00,3.3756e+32,3.8402e+32,306
197,1,0.0500,0.1000,7.4000e+26,7.0000e+25,9.8000e+26,1.0000e+25,1.5740e+32,1.6455e+32,306
197,2,0.1000,0.2000,3.3700e+27,2.7100e+27,4.9500e+27,1.0500e+27,3.3640e+32,5.1569e+32,306
197,3,0.2000,0.3500,7.4800e+27,1.5260e+28,1.0530e+28,7.8700e+27,3.9107e+32,5.9789e+32,306
197,4,0.3500,0.5500,1.4210e+28,5.8930e+28,2.6300e+28,4.8700e+28,4.4357e+32,8.2247e+32,306
197,5,0.5500,1.0100,4.5270e+28,4.9560e+29,7.8050e+28,4.9780e+29,8.2539e+32,1.4234e+33,306
198,0,0.0000,0.0500,6.4000e+26,0.0000e+00,7.3000e+26,0.0000e+00,3.4143e+32,3.7442e+32,305
198,1,0.0500,0.1000,9.5000e+26,9.0000e+25,9.2000e+26,3.0000e+25,1.5998e+32,1.8064e+32,305
198,2,0.1000,0.2000,3.3500e+27,2.8900e+27,5.5800e+27,9.1000e+26,3.3562e+32,5.2103e+32,305
198,3,0.2000,0.3500,6.8000e+27,1.5410e+28,1.2600e+28,8.2900e+27,3.7435e+32,6.3634e+32,305
198,4,0.3500,0.5500,1.3330e+28,5.3010e+28,2.5110e+28,4.5310e+28,4.1464e+32,8.0117e+32,305
198,5,0.5500,1.0100,4.3820e+28,4.5963e+29,7.6940e+28,4.9667e+29,7.9146e+32,1.4497e+33,305
199,0,0.0000,0.0500,8.8000e+26,0.0000e+00,7.5000e+26,0.0000e+00,3.8444e+32,3.5406e+32,305
199,1,0.0500,0.1000,6.7000e+26,7.0000e+25,9.1000e+26,1.0000e+25,1.4298e+32,2.0045e+32,305
199,2,0.1000,0.2000,3.4300e+27,2.9900e+27,5.2700e+27,8.2000e+26,3.3854e+32,5.1566e+32,305
199,3,0.2000,0.3500,6.5900e+27,1.3960e+28,1.3640e+28,8.9700e+27,3.3216e+32,6.8452e+32,305
199,4,0.3500,0.5500,1.2200e+28,5.0320e+28,2.8400e+28,5.3930e+28,3.7396e+32,8.7294e+32,305
199,5,0.5500,1.0100,3.8170e+28,4.2581e+29,8.2950e+28,5.2877e+29,6.8492e+32,1.5086e+33,305
200,0,0.0000,0.0500,7.4000e+26,0.0000e+00,8.0000e+26,0.0000e+00,3.7685e+32,3.7241e+32,303
200,1,0.0500,0.1000,6.9000e+26,1.3000e+26,1.1000e+27,3.0000e+25,1.3337e+32,1.8731e+32,303
200,2,0.1000,0.2000,3.4700e+27,3.2000e+27,4.9900e+27,6.8000e+26,3.2561e+32,5.1379e+32,303
200,3,0.2000,0.3500,6.3600e+27,1.3710e+28,1.3130e+28,8.8500e+27,3.3725e+32,6.8415e+32,303
200,4,0.3500,0.5500,1.3100e+28,5.3020e+28,2.8100e+28,5.2560e+28,3.8757e+32,8.8706e+32,303
200,5,0.5500,1.0100,3.8630e+28,4.2538e+29,7.9070e+28,5.0962e+29,6.8319e+32,1.4578e+33,303
201,0,0.0000,0.0500,5.8000e+26,0.0000e+00,9.8000e+26,0.0000e+00,3.4460e+32,3.9660e+32,303
201,1,0.0500,0.1000,8.4000e+26,1.0000e+26,1.1000e+27,0.0000e+00,1.5048e+32,1.8333e+32,303
201,2,0.1000,0.2000,3.0500e+27,3.3000e+27,5.6800e+27,8.4000e+26,3.1950e+32,5.4122e+32,303
201,3,0.2000,0.3500,6.6900e+27,1.4510e+28,1.2220e+28,8.1400e+27,3.5597e+32,6.4288e+32,303
201,4,0.3500,0.5500,1.2230e+28,5.4200e+28,2.8530e+28,5.1360e+28,3.8842e+32,8.8684e+32,303
201,5,0.5500,1.0100,3.8030e+28,4.3217e+29,7.8960e+28,4.9055e+29,6.8558e+32,1.4443e+33,303
202,0,0.0000,0.0500,5.9000e+26,0.0000e+00,7.7000e+26,0.0000e+00,3.2141e+32,3.9939e+32,301
202,1,0.0500,0.1000,9.3000e+26,6.0000e+25,9.5000e+26,0.0000e+00,1.6411e+32,1.8961e+32,301
202,2,0.1000,0.2000,3.0800e+27,3.2800e+27,6.0900e+27,9.8000e+26,3.1872e+32,5.5913e+32,301
202,3,0.2000,0.3500,6.5900e+27,1.5960e+28,1.2190e+28,9.2700e+27,3.5322e+32,6.6165e+32,301
202,4,0.3500,0.5500,1.2160e+28,5.1630e+28,2.6410e+28,4.9610e+28,3.7805e+32,8.3347e+32,301
202,5,0.5500,1.0100,3.8980e+28,4.3898e+29,7.6350e+28,4.7243e+29,6.9460e+32,1.4175e+33,301
203,0,0.0000,0.0500,5.7000e+26,0.0000e+00,7.3000e+26,0.0000e+00,3.8467e+32,3.5998e+32,301
203,1,0.0500,0.1000,7.6000e+26,7.0000e+25,1.2300e+27,0.0000e+00,1.4911e+32,2.2250e+32,301
203,2,0.1000,0.2000,3.3900e+27,3.1100e+27,5.5200e+27,1.0400e+27,3.1839e+32,5.4895e+32,301
203,3,0.2000,0.3500,6.1200e+27,1.3940e+28,1.4290e+28,1.0160e+28,3.1034e+32,7.2248e+32,301
203,4,0.3500,0.5500,1.0130e+28,4.7290e+28,2.8580e+28,5.5250e+28,3.2254e+32,8.9223e+32,301
203,5,0.5500,1.0100,3.3060e+28,3.7114e+29,8.3110e+28,5.1869e+29,5.7916e+32,1.4986e+33,301
204,0,0.0000,0.0500,7.2000e+26,0.0000e+00,7.6000e+26,0.0000e+00,3.8066e+32,3.7260e+32,299
204,1,0.0500,0.1000,7.0000e+26,1.1000e+26,1.3000e+27,1.0000e+25,1.3600e+32,2.1463e+32,299
204,2,0.1000,0.2000,3.1700e+27,3.0800e+27,5.3700e+27,9.7000e+26,3.1815e+32,5.4504e+32,299
204,3,0.2000,0.3500,5.7700e+27,1.2030e+28,1.4460e+28,9.9000e+27,2.9922e+32,7.3273e+32,299
204,4,0.3500,0.5500,1.0720e+28,5.0220e+28,3.0010e+28,5.9700e+28,3.3753e+32,9.1799e+32,299
204,5,0.5500,1.0100,3.2020e+28,3.7866e+29,7.8690e+28,5.0448e+29,5.7259e+32,1.4358e+33,299
205,0,0.0000,0.0500,7.2000e+26,0.0000e+00,8.7000e+26,1.0000e+25,3.6170e+32,4.0576e+32,299
205,1,0.0500,0.1000,7.4000e+26,1.0000e+26,9.8000e+26,3.0000e+25,1.3989e+32,2.0269e+32,299
205,2,0.1000,0.2000,3.0300e+27,3.0100e+27,5.6100e+27,9.4000e+26,3.0750e+32,5.5298e+32,299
205,3,0.2000,0.3500,5.9100e+27,1.3600e+28,1.4450e+28,8.9600e+27,3.2175e+32,7.1275e+32,299
205,4,0.3500,0.5500,1.0990e+28,5.1210e+28,2.9420e+28,5.5810e+28,3.4161e+32,9.2680e+32,299
205,5,0.5500,1.0100,3.2580e+28,3.8975e+29,7.7170e+28,4.9380e+29,5.7265e+32,1.4114e+33,299
206,0,0.0000,0.0500,7.1000e+26,0.0000e+00,8.0000e+26,0.0000e+00,3.2800e+32,4.1213e+32,297
206,1,0.0500,0.1000,8.6000e+26,1.0000e+26,1.2900e+27,2.0000e+25,1.6331e+32,2.0753e+32,297
206,2,0.1000,0.2000,3.1600e+27,3.3600e+27,6.2900e+27,1.2000e+27,3.0545e+32,5.9219e+32,297
206,3,0.2000,0.3500,6.3600e+27,1.5050e+28,1.3500e+28,9.9100e+27,3.2225e+32,6.8344e+32,297
206,4,0.3500,0.5500,1.0940e+28,5.2110e+28,2.8600e+28,5.4460e+28,3.3400e+32,8.9537e+32,297
206,5,0.5500,1.0100,3.1750e+28,3.9328e+29,7.3930e+28,4.6564e+29,5.7982e+32,1.3865e+33,297
207,0,0.0000,0.0500,8.0000e+26,0.0000e+00,6.2000e+26,0.0000e+00,3.5438e+32,3.8915e+32,296
207,1,0.0500,0.1000,7.7000e+26,1.4000e+26,1.3800e+27,0.0000e+00,1.6001e+32,2.3177e+32,296
207,2,0.1000,0.2000,3.1200e+27,3.3500e+27,6.2500e+27,1.1500e+27,3.0741e+32,5.8633e+32,296
207,3,0.2000,0.3500,5.9800e+27,1.5850e+28,1.4780e+28,1.0690e+28,3.0253e+32,7.3531e+32,296
207,4,0.3500,0.5500,1.0190e+28,4.6220e+28,2.7840e+28,5.3340e+28,3.0427e+32,8.8113e+32,296
207,5,0.5500,1.0100,3.0520e+28,3.5238e+29,7.5190e+28,4.8351e+29,5.3724e+32,1.4068e+33,296
208,0,0.0000,0.0500,6.7000e+26,0.0000e+00,9.5000e+26,0.0000e+00,3.9005e+32,3.7418e+32,295
208,1,0.0500,0.1000,8.4000e+26,1.4000e+26,1.3000e+27,3.0000e+25,1.4342e+32,2.4924e+32,295
208,2,0.1000,0.2000,3.2800e+27,3.5400e+27,5.9600e+27,1.1100e+27,3.1264e+32,5.7208e+32,295
208,3,0.2000,0.3500,5.4000e+27,1.3840e+28,1.5830e+28,1.0430e+28,2.7390e+32,7.7109e+32,295
208,4,0.3500,0.5500,9.3100e+27,4.7140e+28,3.1800e+28,5.9480e+28,2.9225e+32,9.2858e+32,295
208,5,0.5500,1.0100,2.7790e+28,3.2546e+29,7.6450e+28,4.8500e+29,4.8567e+32,1.3893e+33,295
209,0,0.0000,0.0500,7.1000e+26,1.0000e+25,8.4000e+26,0.0000e+00,3.8094e+32,4.0346e+32,293
209,1,0.0500,0.1000,7.2000e+26,9.0000e+25,1.2000e+27,1.0000e+25,1.3562e+32,2.2700e+32,293
209,2,0.1000,0.2000,2.8000e+27,3.3000e+27,6.0700e+27,1.2900e+27,2.9825e+32,5.7072e+32,293
209,3,0.2000,0.3500,5.5700e+27,1.3130e+28,1.5030e+28,9.5000e+27,2.8662e+32,7.7020e+32,293
209,4,0.3500,0.5500,9.4100e+27,4.8490e+28,3.0790e+28,6.1950e+28,3.0085e+32,9.4882e+32,293
209,5,0.5500,1.0100,2.8500e+28,3.4635e+29,7.2480e+28,4.6348e+29,4.8407e+32,1.3277e+33,293
210,0,0.0000,0.0500,8.1000e+26,0.0000e+00,9.5000e+26,0.0000e+00,3.4684e+32,4.2852e+32,293
210,1,0.0500,0.1000,8.1000e+26,1.0000e+26,1.3300e+27,6.0000e+25,1.5483e+32,2.2740e+32,293
210,2,0.1000,0.2000,2.8900e+27,3.1000e+27,6.5100e+27,1.1500e+27,2.9835e+32,6.0055e+32,293
210,3,0.2000,0.3500,5.8700e+27,1.4840e+28,1.4720e+28,8.9900e+27,2.9881e+32,7.2365e+32,293
210,4,0.3500,0.5500,9.6200e+27,4.9200e+28,3.0670e+28,5.8010e+28,3.0162e+32,9.4602e+32,293
210,5,0.5500,1.0100,2.7590e+28,3.4347e+29,7.3250e+28,4.5390e+29,4.8655e+32,1.3149e+33,293
211,0,0.0000,0.0500,6.8000e+26,0.0000e+00,1.0700e+27,0.0000e+00,3.2109e+32,4.3194e+32,290
211,1,0.0500,0.1000,8.7000e+26,1.6000e+26,1.3700e+27,1.0000e+25,1.6909e+32,2.3486e+32,290
211,2,0.1000,0.2000,3.0000e+27,3.1100e+27,6.6200e+27,1.4100e+27,2.9636e+32,6.2165e+32,290
211,3,0.2000,0.3500,5.7200e+27,1.4510e+28,1.5360e+28,1.1090e+28,2.9638e+32,7.3700e+32,290
211,4,0.3500,0.5500,9.3500e+27,4.8190e+28,2.8830e+28,5.5110e+28,2.9221e+32,8.8505e+32,290
211,5,0.5500,1.0100,2.8580e+28,3.5173e+29,7.0740e+28,4.3639e+29,4.9350e+32,1.2814e+33,290
212,0,0.0000,0.0500,5.5000e+26,0.0000e+00,9.6000e+26,1.0000e+25,3.9081e+32,3.8479e+32,290
212,1,0.0500,0.1000,1.0700e+27,2.2000e+26,1.4700e+27,5.0000e+25,1.5941e+32,2.7262e+32,290
212,2,0.1000,0.2000,2.9800e+27,3.4600e+27,6.3200e+27,1.2700e+27,2.9848e+32,6.0259e+32,290
212,3,0.2000,0.3500,5.4600e+27,1.5110e+28,1.5290e+28,1.1820e+28,2.6596e+32,7.9236e+32,290
212,4,0.3500,0.5500,8.1100e+27,4.4970e+28,3.0200e+28,6.1790e+28,2.5768e+32,9.1334e+32,290
212,5,0.5500,1.0100,2.4320e+28,3.0307e+29,7.1530e+28,4.6358e+29,4.2886e+32,1.3111e+33,290
213,0,0.0000,0.0500,7.9000e+26,0.0000e+00,7.4000e+26,0.0000e+00,3.9393e+32,3.9435e+32,288
213,1,0.0500,0.1000,5.6000e+26,1.4000e+26,1.5400e+27,1.0000e+25,1.4352e+32,2.6917e+32,288
213,2,0.1000,0.2000,3.1400e+27,3.8500e+27,6.3500e+27,1.2000e+27,3.0411e+32,5.9681e+32,288
213,3,0.2000,0.3500,5.0700e+27,1.2820e+28,1.7210e+28,1.1240e+28,2.5329e+32,8.0690e+32,288
213,4,0.3500,0.5500,9.1100e+27,4.8020e+28,3.1000e+28,6.4340e+28,2.6754e+32,9.3923e+32,288
213,5,0.5500,1.0100,2.3630e+28,3.1024e+29,7.0720e+28,4.5116e+29,4.1811e+32,1.2476e+33,288
214,0,0.0000,0.0500,8.1000e+26,0.0000e+00,9.9000e+26,0.0000e+00,3.8054e+32,4.3400e+32,287
214,1,0.0500,0.1000,7.4000e+26,1.9000e+26,1.3000e+27,3.0000e+25,1.4078e+32,2.4800e+32,287
214,2,0.1000,0.2000,2.7200e+27,3.0600e+27,6.4000e+27,1.2500e+27,2.9158e+32,5.9567e+32,287
214,3,0.2000,0.3500,5.2800e+27,1.4090e+28,1.5370e+28,1.1920e+28,2.7325e+32,7.9900e+32,287
214,4,0.3500,0.5500,9.3400e+27,4.8230e+28,3.2010e+28,6.2730e+28,2.7260e+32,9.5436e+32,287
214,5,0.5500,1.0100,2.4900e+28,3.0992e+29,6.8080e+28,4.3772e+29,4.1665e+32,1.2027e+33,287
215,0,0.0000,0.0500,8.7000e+26,0.0000e+00,9.9000e+26,0.0000e+00,3.4090e+32,4.5013e+32,286
215,1,0.0500,0.1000,1.0200e+27,1.2000e+26,1.6400e+27,2.0000e+25,1.6679e+32,2.5271e+32,286
215,2,0.1000,0.2000,2.9800e+27,3.4800e+27,6.9500e+27,1.4000e+27,2.9293e+32,6.3798e+32,286
215,3,0.2000,0.3500,5.1300e+27,1.5220e+28,1.5070e+28,1.1110e+28,2.7876e+32,7.4855e+32,286
215,4,0.3500,0.5500,9.0100e+27,4.9350e+28,3.2330e+28,6.1980e+28,2.7018e+32,9.3828e+32,286
215,5,0.5500,1.0100,2.4040e+28,3.1072e+29,6.7360e+28,4.2269e+29,4.2000e+32,1.1863e+33,286
216,0,0.0000,0.0500,6.8000e+26,0.0000e+00,9.3000e+26,0.0000e+00,3.2526e+32,4.5114e+32,284
216,1,0.0500,0.1000,8.5000e+26,1.8000e+26,1.6400e+27,2.0000e+25,1.7645e+32,2.6968e+32,284
216,2,0.1000,0.2000,3.2800e+27,3.3100e+27,7.2600e+27,1.5400e+27,2.9331e+32,6.4629e+32,284
216,3,0.2000,0.3500,5.4800e+27,1.5330e+28,1.5900e+28,1.2790e+28,2.7583e+32,7.7916e+32,284
216,4,0.3500,0.5500,8.6800e+27,4.6250e+28,3.0150e+28,5.8270e+28,2.6131e+32,8.7949e+32,284
216,5,0.5500,1.0100,2.4420e+28,3.2036e+29,6.6750e+28,3.9473e+29,4.2315e+32,1.1570e+33,284
217,0,0.0000,0.0500,7.0000e+26,0.0000e+00,8.2000e+26,0.0000e+00,4.1512e+32,3.8685e+32,282
217,1,0.0500,0.1000,8.4000e+26,1.3000e+26,1.9700e+27,6.0000e+25,1.6153e+32,3.0358e+32,282
217,2,0.1000,0.2000,3.1100e+27,3.5500e+27,6.8100e+27,1.4900e+27,2.9630e+32,6.1990e+32,282
217,3,0.2000,0.3500,5.3000e+27,1.4810e+28,1.7770e+28,1.2990e+28,2.4505e+32,8.2602e+32,282
217,4,0.3500,0.5500,8.0900e+27,4.5740e+28,3.1250e+28,6.3900e+28,2.3164e+32,9.0209e+32,282
217,5,0.5500,1.0100,2.1470e+28,2.8548e+29,6.4580e+28,4.3051e+29,3.6500e+32,1.1650e+33,282
218,0,0.0000,0.0500,6.4000e+26,0.0000e+00,8.3000e+26,1.0000e+25,4.0675e+32,4.1054e+32,281
218,1,0.0500,0.1000,8.6000e+26,2.3000e+26,1.5300e+27,3.0000e+25,1.4808e+32,2.9331e+32,281
218,2,0.1000,0.2000,3.3500e+27,3.9600e+27,6.8900e+27,1.5400e+27,3.0218e+32,6.1864e+32,281
218,3,0.2000,0.3500,4.9800e+27,1.3350e+28,1.7780e+28,1.2820e+28,2.3925e+32,8.3609e+32,281
218,4,0.3500,0.5500,8.1400e+27,4.6790e+28,3.2540e+28,6.5740e+28,2.4827e+32,9.2980e+32,281
218,5,0.5500,1.0100,2.1400e+28,2.8784e+29,6.1230e+28,4.0179e+29,3.6531e+32,1.0947e+33,281
219,0,0.0000,0.0500,9.2000e+26,0.0000e+00,1.0700e+27,0.0000e+00,3.9141e+32,4.5610e+32,280
219,1,0.0500,0.1000,8.2000e+26,1.8000e+26,1.6300e+27,3.0000e+25,1.4618e+32,2.7100e+32,280
219,2,0.1000,0.2000,3.3300e+27,3.5700e+27,6.7700e+27,1.2900e+27,2.9121e+32,6.1516e+32,280
219,3,0.2000,0.3500,5.4400e+27,1.4980e+28,1.7780e+28,1.2180e+28,2.6072e+32,8.2678e+32,280
219,4,0.3500,0.5500,8.6800e+27,4.8840e+28,3.2390e+28,6.4530e+28,2.5177e+32,9.3867e+32,280
219,5,0.5500,1.0100,2.1340e+28,2.8633e+29,5.9560e+28,3.9498e+29,3.6302e+32,1.0548e+33,280
220,0,0.0000,0.0500,6.7000e+26,0.0000e+00,1.1000e+27,0.0000e+00,3.4768e+32,4.6960e+32,278
220,1,0.0500,0.1000,9.3000e+26,2.6000e+26,1.8500e+27,3.0000e+25,1.7457e+32,2.7717e+32,278
220,2,0.1000,0.2000,2.7900e+27,3.6300e+27,7.6400e+27,1.6200e+27,2.9194e+32,6.6139e+32,278
220,3,0.2000,0.3500,5.0100e+27,1.5370e+28,1.6140e+28,1.0730e+28,2.6465e+32,7.6682e+32,278
220,4,0.3500,0.5500,8.8400e+27,4.8840e+28,3.1540e+28,6.3260e+28,2.4830e+32,9.1833e+32,278
220,5,0.5500,1.0100,2.1890e+28,2.9470e+29,5.8950e+28,3.8080e+29,3.6534e+32,1.0342e+33,278
221,0,0.0000,0.0500,6.9000e+26,0.0000e+00,9.3000e+26,0.0000e+00,3.2389e+32,4.7643e+32,276
221,1,0.0500,0.1000,1.2200e+27,2.0000e+26,1.6400e+27,5.0000e+25,1.8616e+32,2.9499e+32,276
221,2,0.1000,0.2000,2.9300e+27,3.7500e+27,7.4200e+27,1.7100e+27,2.9229e+32,6.6904e+32,276
221,3,0.2000,0.3500,5.3000e+27,1.5590e+28,1.7040e+28,1.3170e+28,2.6443e+32,7.9510e+32,276
221,4,0.3500,0.5500,8.5300e+27,4.7170e+28,2.9460e+28,6.0790e+28,2.4158e+32,8.5477e+32,276
221,5,0.5500,1.0100,2.1860e+28,2.9947e+29,5.7670e+28,3.6724e+29,3.7178e+32,1.0032e+33,276
222,0,0.0000,0.0500,7.4000e+26,0.0000e+00,6.7000e+26,0.0000e+00,4.3294e+32,3.9554e+32,275
222,1,0.0500,0.1000,1.0000e+27,1.1000e+26,2.1500e+27,4.0000e+25,1.7455e+32,3.2996e+32,275
222,2,0.1000,0.2000,3.2700e+27,3.7300e+27,7.7600e+27,1.3900e+27,2.9656e+32,6.4332e+32,275
222,3,0.2000,0.3500,4.7400e+27,1.5800e+28,1.7550e+28,1.3950e+28,2.3797e+32,8.4377e+32,275
222,4,0.3500,0.5500,7.8100e+27,4.4070e+28,2.9820e+28,6.4610e+28,2.1633e+32,8.6813e+32,275
222,5,0.5500,1.0100,1.8820e+28,2.6884e+29,5.5830e+28,3.7810e+29,3.2451e+32,1.0102e+33,275
223,0,0.0000,0.0500,9.1000e+26,0.0000e+00,1.1300e+27,0.0000e+00,4.2601e+32,4.1871e+32,274
223,1,0.0500,0.1000,1.1000e+27,1.2000e+26,1.8100e+27,7.0000e+25,1.5838e+32,3.2242e+32,274
223,2,0.1000,0.2000,3.5500e+27,4.1000e+27,7.6800e+27,1.3800e+27,3.0769e+32,6.4229e+32,274
223,3,0.2000,0.3500,5.3400e+27,1.4020e+28,1.7910e+28,1.3630e+28,2.3059e+32,8.4990e+32,274
223,4,0.3500,0.5500,7.8300e+27,4.7580e+28,3.2990e+28,6.6230e+28,2.3084e+32,8.8936e+32,274
223,5,0.5500,1.0100,1.9250e+28,2.6223e+29,5.5120e+28,3.5987e+29,3.2337e+32,9.4746e+32,274
224,0,0.0000,0.0500,1.0000e+27,0.0000e+00,1.1300e+27,0.0000e+00,4.1215e+32,4.6403e+32,271
224,1,0.0500,0.1000,9.2000e+26,1.8000e+26,1.7300e+27,6.0000e+25,1.5137e+32,2.9042e+32,271
224,2,0.1000,0.2000,3.3200e+27,3.3400e+27,7.4600e+27,1.6100e+27,2.9201e+32,6.3243e+32,271
224,3,0.2000,0.3500,4.8900e+27,1.5990e+28,1.7810e+28,1.4100e+28,2.5034e+32,8.4455e+32,271
224,4,0.3500,0.5500,8.7800e+27,5.0240e+28,3.2390e+28,6.9560e+28,2.3384e+32,8.9802e+32,271
224,5,0.5500,1.0100,1.9580e+28,2.6945e+29,5.3050e+28,3.5816e+29,3.1879e+32,8.9170e+32,271
225,0,0.0000,0.0500,6.6000e+26,0.0000e+00,1.1300e+27,0.0000e+00,3.6830e+32,4.8850e+32,270
225,1,0.0500,0.1000,1.0400e+27,2.0000e+26,1.9800e+27,4.0000e+25,1.7651e+32,2.9734e+32,270
225,2,0.1000,0.2000,3.0900e+27,3.6500e+27,7.6200e+27,1.6100e+27,2.9652e+32,6.6516e+32,270
225,3,0.2000,0.3500,6.2100e+27,1.6760e+28,1.6580e+28,1.2950e+28,2.5819e+32,7.8552e+32,270
225,4,0.3500,0.5500,8.5200e+27,5.0250e+28,3.1380e+28,6.4670e+28,2.3419e+32,8.8671e+32,270
225,5,0.5500,1.0100,1.9680e+28,2.7501e+29,5.0890e+28,3.4218e+29,3.1884e+32,8.7884e+32,270
226,0,0.0000,0.0500,9.0000e+26,0.0000e+00,9.7000e+26,0.0000e+00,3.4010e+32,4.9764e+32,269
226,1,0.0500,0.1000,1.0300e+27,2.5000e+26,1.9400e+27,4.0000e+25,1.9625e+32,3.1343e+32,269
226,2,0.1000,0.2000,3.2400e+27,3.9300e+27,7.6200e+27,1.7800e+27,2.9619e+32,6.9410e+32,269
226,3,0.2000,0.3500,5.5300e+27,1.7510e+28,1.7690e+28,1.4080e+28,2.5967e+32,7.9237e+32,269
226,4,0.3500,0.5500,8.1600e+27,5.1240e+28,2.8440e+28,6.3790e+28,2.2840e+32,8.2926e+32,269
226,5,0.5500,1.0100,1.9390e+28,2.8546e+29,4.9860e+28,3.3107e+29,3.2623e+32,8.5595e+32,269
227,0,0.0000,0.0500,7.4000e+26,0.0000e+00,8.4000e+26,0.0000e+00,4.0336e+32,4.3804e+32,267
227,1,0.0500,0.1000,1.2500e+27,2.0000e+26,2.1400e+27,6.0000e+25,1.9624e+32,3.4055e+32,267
227,2,0.1000,0.2000,3.5100e+27,4.5100e+27,8.2500e+27,1.7700e+27,3.0079e+32,6.7582e+32,267
227,3,0.2000,0.3500,5.1500e+27,1.6610e+28,1.7850e+28,1.4640e+28,2.4698e+32,8.2796e+32,267
227,4,0.3500,0.5500,7.6100e+27,4.9750e+28,2.8920e+28,6.0800e+28,2.1271e+32,8.0541e+32,267
227,5,0.5500,1.0100,1.8540e+28,2.6339e+29,4.7970e+28,3.3620e+29,3.0546e+32,8.4630e+32,267
228,0,0.0000,0.0500,7.9000e+26,0.0000e+00,1.0900e+27,0.0000e+00,4.5066e+32,4.1543e+32,265
228,1,0.0500,0.1000,9.9000e+26,3.2000e+26,2.2600e+27,9.0000e+25,1.7776e+32,3.5129e+32,265
228,2,0.1000,0.2000,3.5400e+27,4.9000e+27,7.9900e+27,2.0800e+27,3.1221e+32,6.5601e+32,265
228,3,0.2000,0.3500,4.9500e+27,1.4720e+28,1.8350e+28,1.4120e+28,2.3085e+32,8.4351e+32,265
228,4,0.3500,0.5500,8.0300e+27,4.7880e+28,2.9630e+28,6.4030e+28,2.1467e+32,8.1569e+32,265
228,5,0.5500,1.0100,1.7360e+28,2.5817e+29,4.7220e+28,3.3405e+29,2.8799e+32,8.0747e+32,265
229,0,0.0000,0.0500,9.5000e+26,0.0000e+00,1.0900e+27,0.0000e+00,4.4217e+32,4.5329e+32,264
229,1,0.0500,0.1000,1.0300e+27,3.6000e+26,1.9600e+27,3.0000e+25,1.6590e+32,3.2237e+32,264
229,2,0.1000,0.2000,3.3300e+27,4.6000e+27,7.7100e+27,1.5500e+27,3.0818e+32,6.5840e+32,264
229,3,0.2000,0.3500,5.2100e+27,1.5660e+28,1.8300e+28,1.4070e+28,2.3876e+32,8.4780e+32,264
229,4,0.3500,0.5500,8.4200e+27,5.4270e+28,3.1150e+28,6.6700e+28,2.2559e+32,8.3805e+32,264
229,5,0.5500,1.0100,1.7820e+28,2.6132e+29,4.4430e+28,3.2664e+29,2.8681e+32,7.5042e+32,264
230,0,0.0000,0.0500,1.0200e+27,0.0000e+00,1.0600e+27,0.0000e+00,4.1552e+32,5.0395e+32,262
230,1,0.0500,0.1000,1.2100e+27,2.3000e+26,1.8300e+27,6.0000e+25,1.6754e+32,3.0507e+32,262
230,2,0.1000,0.2000,3.3400e+27,4.5900e+27,7.7800e+27,1.7500e+27,3.0435e+32,6.4609e+32,262
230,3,0.2000,0.3500,5.6600e+27,1.8270e+28,1.8230e+28,1.3460e+28,2.5746e+32,8.2478e+32,262
230,4,0.3500,0.5500,8.3700e+27,5.4250e+28,3.0040e+28,6.6890e+28,2.2795e+32,8.2923e+32,262
230,5,0.5500,1.0100,1.8040e+28,2.6584e+29,4.3150e+28,3.1136e+29,2.8234e+32,7.2783e+32,262
231,0,0.0000,0.0500,7.3000e+26,0.0000e+00,1.2700e+27,0.0000e+00,3.6526e+32,5.1227e+32,260
231,1,0.0500,0.1000,1.5000e+27,1.9000e+26,2.1400e+27,6.0000e+25,2.0333e+32,3.1569e+32,260
231,2,0.1000,0.2000,3.5700e+27,4.5700e+27,8.2300e+27,2.1300e+27,3.0561e+32,7.0318e+32,260
231,3,0.2000,0.3500,6.2700e+27,1.8680e+28,1.6910e+28,1.3570e+28,2.5851e+32,7.5538e+32,260
231,4,0.3500,0.5500,8.1700e+27,5.4220e+28,2.8750e+28,6.4140e+28,2.2403e+32,8.0767e+32,260
231,5,0.5500,1.0100,1.7980e+28,2.7327e+29,4.1920e+28,3.0074e+29,2.8605e+32,7.0974e+32,260
232,0,0.0000,0.0500,9.1000e+26,0.0000e+00,1.1900e+27,0.0000e+00,3.3837e+32,5.2107e+32,258
232,1,0.0500,0.1000,1.3100e+27,3.5000e+26,2.1600e+27,6.0000e+25,2.1680e+32,3.3956e+32,258
232,2,0.1000,0.2000,3.3900e+27,4.8600e+27,8.8900e+27,1.7800e+27,3.0556e+32,6.9986e+32,258
232,3,0.2000,0.3500,5.8200e+27,1.8220e+28,1.8220e+28,1.5140e+28,2.6038e+32,7.8358e+32,258
232,4,0.3500,0.5500,7.9800e+27,5.3840e+28,2.7560e+28,6.1860e+28,2.1791e+32,7.4144e+32,258
232,5,0.5500,1.0100,1.8400e+28,2.7558e+29,4.0890e+28,2.8648e+29,2.9092e+32,6.8558e+32,258
233,0,0.0000,0.0500,6.9000e+26,0.0000e+00,8.8000e+26,0.0000e+00,4.5193e+32,4.2558e+32,257
233,1,0.0500,0.1000,1.4500e+27,3.9000e+26,2.4600e+27,3.0000e+25,2.1468e+32,3.6854e+32,257
233,2,0.1000,0.2000,4.2300e+27,5.1200e+27,8.7800e+27,2.0200e+27,3.1171e+32,6.7678e+32,257
233,3,0.2000,0.3500,5.9600e+27,1.7540e+28,1.8750e+28,1.6100e+28,2.4570e+32,8.1707e+32,257
233,4,0.3500,0.5500,7.5100e+27,4.9060e+28,2.7440e+28,6.4180e+28,2.0299e+32,7.3394e+32,257
233,5,0.5500,1.0100,1.7050e+28,2.5600e+29,4.1250e+28,3.0910e+29,2.6729e+32,6.8285e+32,257
234,0,0.0000,0.0500,7.6000e+26,0.0000e+00,1.0500e+27,0.0000e+00,4.7280e+32,4.2521e+32,255
234,1,0.0500,0.1000,1.3100e+27,3.7000e+26,2.3700e+27,1.1000e+26,1.9260e+32,3.6865e+32,255
234,2,0.1000,0.2000,3.9200e+27,5.2300e+27,8.5800e+27,1.8000e+27,3.2712e+32,6.6568e+32,255
234,3,0.2000,0.3500,5.6200e+27,1.7340e+28,1.8160e+28,1.5930e+28,2.3448e+32,8.1919e+32,255
234,4,0.3500,0.5500,8.0300e+27,5.2200e+28,2.7620e+28,6.4890e+28,2.1168e+32,7.3744e+32,255
234,5,0.5500,1.0100,1.6670e+28,2.5069e+29,3.9290e+28,3.0082e+29,2.6006e+32,6.4429e+32,255
235,0,0.0000,0.0500,9.8000e+26,0.0000e+00,1.3100e+27,0.0000e+00,4.6416e+32,4.6845e+32,254
235,1,0.0500,0.1000,1.3200e+27,3.6000e+26,2.4100e+27,8.0000e+25,1.8109e+32,3.3544e+32,254
235,2,0.1000,0.2000,3.9300e+27,5.3900e+27,8.0700e+27,1.6300e+27,3.2035e+32,6.6622e+32,254
235,3,0.2000,0.3500,5.0500e+27,1.8610e+28,1.8780e+28,1.4760e+28,2.4688e+32,8.2294e+32,254
235,4,0.3500,0.5500,8.0300e+27,5.5080e+28,2.8550e+28,6.8380e+28,2.2071e+32,7.5436e+32,254
235,5,0.5500,1.0100,1.6380e+28,2.5468e+29,3.6310e+28,2.8019e+29,2.5879e+32,5.9477e+32,254
236,0,0.0000,0.0500,1.0200e+27,0.0000e+00,1.3200e+27,1.0000e+25,4.3846e+32,5.2300e+32,252
236,1,0.0500,0.1000,1.1900e+27,3.3000e+26,2.0700e+27,7.0000e+25,1.7980e+32,3.1548e+32,252
236,2,0.1000,0.2000,3.9500e+27,4.9900e+27,8.0300e+27,1.8000e+27,3.1745e+32,6.5045e+32,252
236,3,0.2000,0.3500,5.9000e+27,1.9170e+28,1.8300e+28,1.4090e+28,2.6562e+32,8.0020e+32,252
236,4,0.3500,0.5500,8.7700e+27,6.0070e+28,2.7430e+28,6.6410e+28,2.2314e+32,7.4419e+32,252
236,5,0.5500,1.0100,1.6150e+28,2.6193e+29,3.6170e+28,2.8488e+29,2.5387e+32,5.7637e+32,252
237,0,0.0000,0.0500,9.9000e+26,0.0000e+00,1.2000e+27,1.0000e+25,3.8259e+32,5.3089e+32,250
237,1,0.0500,0.1000,1.6500e+27,3.6000e+26,2.1800e+27,8.0000e+25,2.1877e+32,3.2827e+32,250
237,2,0.1000,0.2000,4.0800e+27,4.7500e+27,8.8600e+27,2.6100e+27,3.1985e+32,7.0030e+32,250
237,3,0.2000,0.3500,5.9100e+27,1.9750e+28,1.7480e+28,1.3530e+28,2.6741e+32,7.2674e+32,250
237,4,0.3500,0.5500,8.6300e+27,5.9660e+28,2.7650e+28,6.3580e+28,2.2100e+32,7.2963e+32,250
237,5,0.5500,1.0100,1.6420e+28,2.5821e+29,3.4410e+28,2.7109e+29,2.5529e+32,5.6243e+32,250
238,0,0.0000,0.0500,9.5000e+26,0.0000e+00,9.7000e+26,0.0000e+00,3.5293e+32,5.4081e+32,248
238,1,0.0500,0.1000,1.4000e+27,3.5000e+26,2.2700e+27,8.0000e+25,2.3605e+32,3.5044e+32,248
238,2,0.1000,0.2000,4.0800e+27,4.9800e+27,8.7300e+27,2.4100e+27,3.1888e+32,7.0078e+32,248
238,3,0.2000,0.3500,5.8300e+27,2.0230e+28,1.7980e+28,1.5750e+28,2.6895e+32,7.4632e+32,248
238,4,0.3500,0.5500,8.2700e+27,5.7350e+28,2.5540e+28,6.1770e+28,2.1434e+32,6.6470e+32,248
238,5,0.5500,1.0100,1.7030e+28,2.6193e+29,3.3750e+28,2.6161e+29,2.5945e+32,5.4377e+32,248
239,0,0.0000,0.0500,8.7000e+26,0.0000e+00,1.1800e+27,0.0000e+00,4.1833e+32,4.7465e+32,247
239,1,0.0500,0.1000,1.6100e+27,4.4000e+26,2.2800e+27,6.0000e+25,2.3909e+32,3.7856e+32,247
239,2,0.1000,0.2000,3.9700e+27,5.3400e+27,8.7700e+27,2.4500e+27,3.2638e+32,6.8362e+32,247
239,3,0.2000,0.3500,6.0700e+27,2.0160e+28,1.9410e+28,1.6910e+28,2.6299e+32,7.6986e+32,247
239,4,0.3500,0.5500,7.7800e+27,5.4830e+28,2.3850e+28,6.3710e+28,2.0561e+32,6.4220e+32,247
239,5,0.5500,1.0100,1.6840e+28,2.5665e+29,3.3320e+28,2.7038e+29,2.5011e+32,5.3503e+32,247
240,0,0.0000,0.0500,9.6000e+26,0.0000e+00,8.3000e+26,0.0000e+00,5.0325e+32,4.1887e+32,245
240,1,0.0500,0.1000,1.4600e+27,6.6000e+26,3.0100e+27,8.0000e+25,2.2410e+32,3.8436e+32,245
240,2,0.1000,0.2000,4.3900e+27,6.0000e+27,8.6700e+27,2.2800e+27,3.3683e+32,6.6295e+32,245
240,3,0.2000,0.3500,6.1500e+27,1.9150e+28,1.8440e+28,1.7060e+28,2.5056e+32,7.7814e+32,245
240,4,0.3500,0.5500,7.6500e+27,5.7510e+28,2.4790e+28,6.6390e+28,2.0309e+32,6.4086e+32,245
240,5,0.5500,1.0100,1.5440e+28,2.4411e+29,3.2310e+28,2.7903e+29,2.3517e+32,5.1737e+32,245
241,0,0.0000,0.0500,9.2000e+26,1.0000e+25,1.0000e+27,1.0000e+25,4.8930e+32,4.4651e+32,243
241,1,0.0500,0.1000,1.3800e+27,6.0000e+26,2.6200e+27,1.0000e+26,2.0373e+32,3.6637e+32,243
241,2,0.1000,0.2000,4.3700e+27,6.7400e+27,8.6100e+27,2.1300e+27,3.5150e+32,6.6308e+32,243
241,3,0.2000,0.3500,5.5000e+27,1.9360e+28,1.8340e+28,1.5960e+28,2.4256e+32,7.6592e+32,243
241,4,0.3500,0.5500,8.7200e+27,6.0050e+28,2.4510e+28,6.7020e+28,2.1878e+32,6.5043e+32,243
241,5,0.5500,1.0100,1.5390e+28,2.5097e+29,3.1350e+28,2.7271e+29,2.3252e+32,4.7957e+32,243
242,0,0.0000,0.0500,1.2600e+27,0.0000e+00,1.2900e+27,0.0000e+00,4.8474e+32,5.0368e+32,242
242,1,0.0500,0.1000,1.2700e+27,5.2000e+26,2.1800e+27,1.1000e+26,1.9090e+32,3.2261e+32,242
242,2,0.1000,0.2000,3.9600e+27,5.6300e+27,8.0500e+27,2.0300e+27,3.3364e+32,6.5779e+32,242
242,3,0.2000,0.3500,6.0900e+27,2.1060e+28,1.9020e+28,1.6840e+28,2.6962e+32,7.7323e+32,242
242,4,0.3500,0.5500,8.5200e+27,6.5430e+28,2.6350e+28,6.8210e+28,2.2176e+32,6.4953e+32,242
242,5,0.5500,1.0100,1.5180e+28,2.5458e+29,2.7980e+28,2.6098e+29,2.3005e+32,4.4798e+32,242
243,0,0.0000,0.0500,1.2300e+27,0.0000e+00,1.3800e+27,0.0000e+00,4.3936e+32,5.4907e+32,240
243,1,0.0500,0.1000,1.4900e+27,4.1000e+26,2.0700e+27,9.0000e+25,2.0457e+32,3.2036e+32,240
243,2,0.1000,0.2000,4.1200e+27,5.4000e+27,8.6400e+27,2.3400e+27,3.4057e+32,6.4459e+32,240
243,3,0.2000,0.3500,6.6800e+27,2.1940e+28,1.7550e+28,1.5180e+28,2.8324e+32,7.3442e+32,240
243,4,0.3500,0.5500,8.5700e+27,6.7690e+28,2.5220e+28,6.4500e+28,2.2277e+32,6.3537e+32,240
243,5,0.5500,1.0100,1.4710e+28,2.5384e+29,2.8450e+28,2.5938e+29,2.2484e+32,4.4035e+32,240
244,0,0.0000,0.0500,1.0600e+27,1.0000e+25,1.1700e+27,0.0000e+00,3.8511e+32,5.4881e+32,238
244,1,0.0500,0.1000,1.6900e+27,4.4000e+26,2.1800e+27,1.1000e+26,2.4587e+32,3.3418e+32,238
244,2,0.1000,0.2000,4.3300e+27,5.1600e+27,9.2900e+27,2.4400e+27,3.4091e+32,7.0017e+32,238
244,3,0.2000,0.3500,6.7500e+27,2.2110e+28,1.5450e+28,1.4660e+28,2.7986e+32,6.6629e+32,238
244,4,0.3500,0.5500,9.6300e+27,6.9320e+28,2.4310e+28,6.2010e+28,2.1943e+32,6.1732e+32,238
244,5,0.5500,1.0100,1.5830e+28,2.6391e+29,2.6440e+28,2.4462e+29,2.2888e+32,4.2650e+32,238
245,0,0.0000,0.0500,1.1400e+27,1.0000e+25,1.1400e+27,0.0000e+00,3.5791e+32,5.5738e+32,236
245,1,0.0500,0.1000,1.7500e+27,6.4000e+26,2.4900e+27,7.0000e+25,2.5986e+32,3.6253e+32,236
245,2,0.1000,0.2000,4.5300e+27,6.1200e+27,9.4600e+27,2.5800e+27,3.3913e+32,6.8142e+32,236
245,3,0.2000,0.3500,7.2300e+27,2.3800e+28,1.6750e+28,1.6030e+28,2.8350e+32,6.8978e+32,236
245,4,0.3500,0.5500,8.2200e+27,6.5570e+28,2.2380e+28,5.8410e+28,2.1331e+32,5.5938e+32,236
245,5,0.5500,1.0100,1.5550e+28,2.5756e+29,2.5270e+28,2.4366e+29,2.3096e+32,4.1199e+32,236
246,0,0.0000,0.0500,7.6000e+26,0.0000e+00,1.3000e+27,1.0000e+25,4.2222e+32,4.8926e+32,235
246,1,0.0500,0.1000,1.7400e+27,5.6000e+26,2.6000e+27,6.0000e+25,2.6582e+32,3.8657e+32,235
246,2,0.1000,0.2000,4.2800e+27,6.0700e+27,9.1000e+27,2.4900e+27,3.4641e+32,6.6388e+32,235
246,3,0.2000,0.3500,6.2500e+27,2.3990e+28,1.7550e+28,1.7240e+28,2.7922e+32,7.0716e+32,235
246,4,0.3500,0.5500,7.7400e+27,6.7010e+28,2.1240e+28,5.9580e+28,2.0670e+32,5.3911e+32,235
246,5,0.5500,1.0100,1.5140e+28,2.5986e+29,2.5480e+28,2.4381e+29,2.2427e+32,4.0404e+32,235
247,0,0.0000,0.0500,9.7000e+26,0.0000e+00,1.2300e+27,0.0000e+00,5.2652e+32,4.1368e+32,233
247,1,0.0500,0.1000,1.7300e+27,8.2000e+26,3.0200e+27,1.6000e+26,2.5416e+32,3.8886e+32,233
247,2,0.1000,0.2000,4.4000e+27,6.9500e+27,9.1500e+27,2.6700e+27,3.5578e+32,6.4214e+32,233
247,3,0.2000,0.3500,7.1500e+27,2.4280e+28,1.8390e+28,1.7550e+28,2.6640e+32,7.1331e+32,233
247,4,0.3500,0.5500,8.3900e+27,6.5860e+28,2.1520e+28,6.3900e+28,2.0362e+32,5.3623e+32,233
247,5,0.5500,1.0100,1.4600e+28,2.4144e+29,2.6080e+28,2.5041e+29,2.1100e+32,3.9354e+32,233
248,0,0.0000,0.0500,9.6000e+26,0.0000e+00,1.2100e+27,0.0000e+00,5.1578e+32,4.3736e+32,232
248,1,0.0500,0.1000,1.4700e+27,6.0000e+26,2.6600e+27,1.3000e+26,2.2666e+32,3.7990e+32,232
248,2,0.1000,0.2000,5.1400e+27,7.9200e+27,8.3900e+27,2.4200e+27,3.8099e+32,6.4560e+32,232
248,3,0.2000,0.3500,6.2100e+27,2.3430e+28,1.7790e+28,1.7620e+28,2.5701e+32,6.9953e+32,232
248,4,0.3500,0.5500,9.3200e+27,7.2710e+28,2.2280e+28,6.2710e+28,2.1989e+32,5.3962e+32,232
248,5,0.5500,1.0100,1.4670e+28,2.4977e+29,2.3940e+28,2.4403e+29,2.0873e+32,3.7011e+32,232
249,0,0.0000,0.0500,1.3300e+27,0.0000e+00,1.3000e+27,0.0000e+00,5.0392e+32,4.8597e+32,229
249,1,0.0500,0.1000,1.5100e+27,8.1000e+26,2.0900e+27,1.6000e+26,2.1435e+32,3.3378e+32,229
249,2,0.1000,0.2000,4.7000e+27,7.2800e+27,9.2500e+27,2.2500e+27,3.6141e+32,6.3617e+32,229
249,3,0.2000,0.3500,6.1700e+27,2.4130e+28,1.7460e+28,1.7310e+28,2.7634e+32,7.0076e+32,229
249,4,0.3500,0.5500,9.1800e+27,7.4140e+28,2.1850e+28,6.2760e+28,2.2369e+32,5.3731e+32,229
249,5,0.5500,1.0100,1.3870e+28,2.4731e+29,2.2520e+28,2.3409e+29,2.0534e+32,3.3554e+32,229
250,0,0.0000,0.0500,1.2000e+27,0.0000e+00,1.6400e+27,0.0000e+00,4.8688e+32,5.4235e+32,228
250,1,0.0500,0.1000,1.5500e+27,5.5000e+26,2.1200e+27,1.3000e+26,2.0579e+32,3.0990e+32,228
250,2,0.1000,0.2000,4.6400e+27,6.3800e+27,8.3600e+27,2.5400e+27,3.5890e+32,6.1787e+32,228
250,3,0.2000,0.3500,7.1400e+27,2.4760e+28,1.7230e+28,1.7510e+28,2.9645e+32,6.8528e+32,228
250,4,0.3500,0.5500,9.1300e+27,7.9240e+28,2.2740e+28,6.4480e+28,2.2726e+32,5.3129e+32,228
250,5,0.5500,1.0100,1.3820e+28,2.4987e+29,2.1930e+28,2.3300e+29,2.0080e+32,3.2780e+32,228
251,0,0.0000,0.0500,1.0800e+27,1.0000e+25,1.3600e+27,0.0000e+00,4.3124e+32,5.5810e+32,227
251,1,0.0500,0.1000,1.5900e+27,6.8000e+26,2.3800e+27,1.8000e+26,2.4012e+32,3.2185e+32,227
251,2,0.1000,0.2000,4.8200e+27,6.4000e+27,8.5400e+27,2.2000e+27,3.6701e+32,6.3790e+32,227
251,3,0.2000,0.3500,7.9300e+27,2.6310e+28,1.6540e+28,1.7270e+28,3.0314e+32,6.3854e+32,227
251,4,0.3500,0.5500,9.4100e+27,8.1470e+28,2.2550e+28,6.1350e+28,2.2746e+32,5.1981e+32,227
251,5,0.5500,1.0100,1.3760e+28,2.5811e+29,2.2180e+28,2.2637e+29,1.9850e+32,3.2294e+32,227
252,0,0.0000,0.0500,9.7000e+26,0.0000e+00,1.1100e+27,0.0000e+00,3.8322e+32,5.6179e+32,225
252,1,0.0500,0.1000,1.9100e+27,7.1000e+26,2.9100e+27,1.9000e+26,2.7359e+32,3.3161e+32,225
252,2,0.1000,0.2000,5.0200e+27,6.7400e+27,1.0220e+28,2.8200e+27,3.6814e+32,6.7610e+32,225
252,3,0.2000,0.3500,7.6700e+27,2.7820e+28,1.5540e+28,1.6290e+28,3.0042e+32,5.9406e+32,225
252,4,0.3500,0.5500,9.7400e+27,7.9530e+28,2.0860e+28,5.9980e+28,2.2224e+32,4.9674e+32,225
252,5,0.5500,1.0100,1.4660e+28,2.6296e+29,2.0590e+28,2.1169e+29,2.0339e+32,3.1013e+32,225
253,0,0.0000,0.0500,1.0700e+27,1.0000e+25,1.2000e+27,0.0000e+00,3.5925e+32,5.6712e+32,223
253,1,0.0500,0.1000,2.2100e+27,7.7000e+26,2.6300e+27,1.4000e+26,2.8374e+32,3.6685e+32,223
253,2,0.1000,0.2000,5.3500e+27,7.0000e+27,8.9900e+27,2.7200e+27,3.6474e+32,6.4392e+32,223
253,3,0.2000,0.3500,7.5700e+27,2.8540e+28,1.6270e+28,1.7090e+28,3.0463e+32,6.1178e+32,223
253,4,0.3500,0.5500,8.9000e+27,7.7090e+28,1.9240e+28,5.9130e+28,2.1776e+32,4.5205e+32,223
253,5,0.5500,1.0100,1.4630e+28,2.7316e+29,2.0380e+28,2.1130e+29,2.0422e+32,3.0014e+32,223
254,0,0.0000,0.0500,9.4000e+26,0.0000e+00,1.0700e+27,1.0000e+25,4.1498e+32,5.0375e+32,221
254,1,0.0500,0.1000,1.9100e+27,9.0000e+26,2.6100e+27,9.0000e+25,2.8962e+32,3.8040e+32,221
254,2,0.1000,0.2000,5.0600e+27,7.8300e+27,9.0500e+27,2.7800e+27,3.7016e+32,6.2463e+32,221
254,3,0.2000,0.3500,7.5800e+27,3.0160e+28,1.6350e+28,1.8500e+28,3.0106e+32,6.2109e+32,221
254,4,0.3500,0.5500,8.8300e+27,7.5390e+28,1.8500e+28,5.7540e+28,2.1199e+32,4.3394e+32,221
254,5,0.5500,1.0100,1.3820e+28,2.5792e+29,2.0260e+28,2.2261e+29,1.9855e+32,2.9272e+32,221
255,0,0.0000,0.0500,8.1000e+26,1.0000e+25,1.1900e+27,1.0000e+25,5.5039e+32,3.9808e+32,220
255,1,0.0500,0.1000,2.1000e+27,9.0000e+26,2.8000e+27,1.6000e+26,2.8208e+32,3.8484e+32,220
255,2,0.1000,0.2000,5.6100e+27,7.8600e+27,8.5600e+27,2.5000e+27,3.8018e+32,6.0693e+32,220
255,3,0.2000,0.3500,7.4500e+27,2.9980e+28,1.6950e+28,1.8140e+28,2.8797e+32,6.2887e+32,220
255,4,0.3500,0.5500,9.3700e+27,7.6140e+28,1.8520e+28,5.9900e+28,2.0825e+32,4.3352e+32,220
255,5,0.5500,1.0100,1.3960e+28,2.5052e+29,2.0610e+28,2.4104e+29,1.8753e+32,2.9067e+32,220
256,0,0.0000,0.0500,1.0600e+27,1.0000e+25,1.2500e+27,0.0000e+00,5.4225e+32,4.2395e+32,219
256,1,0.0500,0.1000,1.6700e+27,1.0800e+27,2.7300e+27,1.2000e+26,2.4767e+32,3.7883e+32,219
256,2,0.1000,0.2000,5.4600e+27,7.8100e+27,9.3900e+27,2.7500e+27,4.0536e+32,6.0350e+32,219
256,3,0.2000,0.3500,7.6700e+27,3.0730e+28,1.6680e+28,1.9550e+28,2.8477e+32,6.1873e+32,219
256,4,0.3500,0.5500,9.4500e+27,8.0420e+28,1.8490e+28,6.1490e+28,2.2096e+32,4.2932e+32,219
256,5,0.5500,1.0100,1.2840e+28,2.4500e+29,2.0110e+28,2.3025e+29,1.8573e+32,2.7385e+32,219
257,0,0.0000,0.0500,1.2600e+27,1.0000e+25,1.4300e+27,0.0000e+00,5.2575e+32,4.5244e+32,217
257,1,0.0500,0.1000,2.0900e+27,1.1100e+27,2.7600e+27,1.5000e+26,2.3843e+32,3.5425e+32,217
257,2,0.1000,0.2000,5.4900e+27,8.6500e+27,8.8800e+27,2.6200e+27,4.0735e+32,6.0072e+32,217
257,3,0.2000,0.3500,7.5400e+27,2.9260e+28,1.6280e+28,1.8360e+28,2.8263e+32,6.0727e+32,217
257,4,0.3500,0.5500,1.0090e+28,8.7970e+28,1.8240e+28,6.4220e+28,2.3200e+32,4.3414e+32,217
257,5,0.5500,1.0100,1.3140e+28,2.5678e+29,1.8110e+28,2.2005e+29,1.8275e+32,2.5293e+32,217
258,0,0.0000,0.0500,1.4300e+27,0.0000e+00,1.3600e+27,0.0000e+00,5.2161e+32,5.0416e+32,215
258,1,0.0500,0.1000,1.7800e+27,9.5000e+26,2.0200e+27,8.0000e+25,2.2265e+32,3.0541e+32,215
258,2,0.1000,0.2000,5.2000e+27,7.3300e+27,8.7300e+27,2.5400e+27,3.8340e+32,5.9500e+32,215
258,3,0.2000,0.3500,8.6000e+27,3.1330e+28,1.5610e+28,1.8700e+28,3.1265e+32,6.0832e+32,215
258,4,0.3500,0.5500,9.7900e+27,8.9710e+28,1.9120e+28,6.3510e+28,2.3178e+32,4.2543e+32,215
258,5,0.5500,1.0100,1.2980e+28,2.5188e+29,1.7140e+28,2.1370e+29,1.7892e+32,2.3655e+32,215
259,0,0.0000,0.0500,1.1800e+27,1.0000e+25,1.4400e+27,0.0000e+00,4.9309e+32,5.4733e+32,213
259,1,0.0500,0.1000,1.6100e+27,9.0000e+26,2.3400e+27,1.6000e+26,2.1766e+32,2.9637e+32,213
259,2,0.1000,0.2000,5.4100e+27,7.2800e+27,8.2900e+27,2.7000e+27,3.8988e+32,5.6907e+32,213
259,3,0.2000,0.3500,8.4900e+27,3.2680e+28,1.5460e+28,1.8230e+28,3.2511e+32,5.8600e+32,213
259,4,0.3500,0.5500,1.0320e+28,9.3560e+28,1.8400e+28,6.2440e+28,2.3299e+32,4.1777e+32,213
259,5,0.5500,1.0100,1.2340e+28,2.5014e+29,1.6660e+28,2.0908e+29,1.7367e+32,2.3165e+32,213
260,0,0.0000,0.0500,1.3700e+27,1.0000e+25,1.3400e+27,0.0000e+00,4.3789e+32,5.5219e+32,212
260,1,0.0500,0.1000,1.8600e+27,1.0400e+27,2.5100e+27,1.2000e+26,2.5672e+32,3.0878e+32,212
260,2,0.1000,0.2000,5.4400e+27,7.4200e+27,8.5500e+27,3.5300e+27,3.9423e+32,5.8980e+32,212
260,3,0.2000,0.3500,8.7300e+27,3.3700e+28,1.4360e+28,1.6980e+28,3.3020e+32,5.4642e+32,212
260,4,0.3500,0.5500,1.0280e+28,9.4470e+28,1.8470e+28,6.2300e+28,2.3231e+32,4.0903e+32,212
260,5,0.5500,1.0100,1.2880e+28,2.4869e+29,1.5730e+28,2.0663e+29,1.7095e+32,2.2770e+32,212
261,0,0.0000,0.0500,1.3100e+27,0.0000e+00,1.2800e+27,0.0000e+00,3.9331e+32,5.5486e+32,211
261,1,0.0500,0.1000,2.1400e+27,9.7000e+26,2.5100e+27,1.1000e+26,2.8922e+32,3.1989e+32,211
261,2,0.1000,0.2000,5.7300e+27,7.7900e+27,9.0600e+27,3.5600e+27,3.9803e+32,6.2542e+32,211
261,3,0.2000,0.3500,8.6300e+27,3.5070e+28,1.3840e+28,1.6790e+28,3.2632e+32,5.0313e+32,211
261,4,0.3500,0.5500,1.0180e+28,9.0490e+28,1.7900e+28,6.3690e+28,2.2901e+32,3.9750e+32,211
261,5,0.5500,1.0100,1.3220e+28,2.5384e+29,1.5690e+28,1.9824e+29,1.7606e+32,2.1927e+32,211
262,0,0.0000,0.0500,1.0200e+27,0.0000e+00,1.3400e+27,0.0000e+00,3.6846e+32,5.6345e+32,209
262,1,0.0500,0.1000,2.4100e+27,9.7000e+26,2.5900e+27,1.9000e+26,3.0616e+32,3.3919e+32,209
262,2,0.1000,0.2000,5.5600e+27,8.2400e+27,8.6600e+27,3.3000e+27,3.8872e+32,5.9410e+32,209
262,3,0.2000,0.3500,8.9600e+27,3.8890e+28,1.3890e+28,1.8380e+28,3.3162e+32,5.2186e+32,209
262,4,0.3500,0.5500,1.0130e+28,8.5950e+28,1.6490e+28,5.9620e+28,2.2149e+32,3.6215e+32,209
262,5,0.5500,1.0100,1.2590e+28,2.5620e+29,1.5170e+28,1.9394e+29,1.7622e+32,2.1314e+32,209
263,0,0.0000,0.0500,1.0000e+27,0.0000e+00,9.4000e+26,1.0000e+25,3.4093e+32,5.6641e+32,207
263,1,0.0500,0.1000,2.3700e+27,1.2200e+27,3.3000e+27,1.4000e+26,3.0565e+32,3.6133e+32,207
263,2,0.1000,0.2000,5.8600e+27,8.4800e+27,9.0100e+27,3.7600e+27,3.9871e+32,5.8077e+32,207
263,3,0.2000,0.3500,9.7200e+27,3.9240e+28,1.4940e+28,2.0050e+28,3.3148e+32,5.1680e+32,207
263,4,0.3500,0.5500,9.6200e+27,8.6960e+28,1.5340e+28,5.7400e+28,2.1976e+32,3.3840e+32,207
263,5,0.5500,1.0100,1.3580e+28,2.5811e+29,1.5020e+28,1.9087e+29,1.7654e+32,2.0383e+32,207
264,0,0.0000,0.0500,1.1100e+27,1.0000e+25,1.0100e+27,1.0000e+25,5.0514e+32,4.1984e+32,206
264,1,0.0500,0.1000,2.3700e+27,1.3400e+27,2.8600e+27,1.6000e+26,3.0504e+32,3.7758e+32,206
264,2,0.1000,0.2000,6.4900e+27,9.3000e+27,8.9800e+27,3.1800e+27,4.0244e+32,5.5664e+32,206
264,3,0.2000,0.3500,9.8000e+27,4.0340e+28,1.5060e+28,2.0100e+28,3.2366e+32,5.3233e+32,206
264,4,0.3500,0.5500,9.6200e+27,9.0020e+28,1.5080e+28,5.8940e+28,2.1252e+32,3.3579e+32,206
264,5,0.5500,1.0100,1.2430e+28,2.4768e+29,1.4870e+28,2.0842e+29,1.6627e+32,2.0461e+32,206
265,0,0.0000,0.0500,9.9000e+26,2.0000e+25,1.1300e+27,1.0000e+25,5.5567e+32,3.8541e+32,204
265,1,0.0500,0.1000,2.3400e+27,1.7600e+27,2.8900e+27,1.9000e+26,3.0458e+32,3.6484e+32,204
265,2,0.1000,0.2000,6.2500e+27,9.4600e+27,8.9300e+27,3.3900e+27,4.0728e+32,5.4485e+32,204
265,3,0.2000,0.3500,9.0300e+27,3.9710e+28,1.5190e+28,2.0840e+28,3.1315e+32,5.2720e+32,204
265,4,0.3500,0.5500,1.0280e+28,9.2510e+28,1.5170e+28,6.0500e+28,2.1305e+32,3.3262e+32,204
265,5,0.5500,1.0100,1.2080e+28,2.3996e+29,1.3970e+28,2.0555e+29,1.6101e+32,1.9711e+32,204
266,0,0.0000,0.0500,1.0300e+27,1.0000e+25,1.3700e+27,0.0000e+00,5.5315e+32,4.0443e+32,203
266,1,0.0500,0.1000,1.9200e+27,1.3100e+27,2.5100e+27,2.6000e+26,2.6275e+32,3.5978e+32,203
266,2,0.1000,0.2000,6.5300e+27,1.0790e+28,8.6400e+27,3.2400e+27,4.3298e+32,5.4160e+32,203
266,3,0.2000,0.3500,8.7300e+27,3.8500e+28,1.4410e+28,2.0670e+28,3.1283e+32,5.1828e+32,203
266,4,0.3500,0.5500,1.1010e+28,9.4160e+28,1.5120e+28,6.3400e+28,2.2307e+32,3.2798e+32,203
266,5,0.5500,1.0100,1.1740e+28,2.4329e+29,1.3850e+28,2.0107e+29,1.5911e+32,1.8674e+32,203
267,0,0.0000,0.0500,1.1500e+27,2.0000e+25,1.3100e+27,1.0000e+25,5.3496e+32,4.2238e+32,202
267,1,0.0500,0.1000,2.2300e+27,1.1700e+27,2.9100e+27,1.2000e+26,2.5750e+32,3.4470e+32,202
267,2,0.1000,0.2000,6.6400e+27,1.0820e+28,8.1000e+27,3.2800e+27,4.4741e+32,5.4433e+32,202
267,3,0.2000,0.3500,8.4700e+27,3.6840e+28,1.4290e+28,1.9080e+28,2.9965e+32,5.0499e+32,202
267,4,0.3500,0.5500,1.0970e+28,1.0344e+29,1.5090e+28,6.1950e+28,2.3786e+32,3.3301e+32,202
267,5,0.5500,1.0100,1.1810e+28,2.4033e+29,1.3440e+28,1.8802e+29,1.5567e+32,1.7583e+32,202
268,0,0.0000,0.0500,1.4500e+27,0.0000e+00,1.4600e+27,0.0000e+00,5.3044e+32,4.6190e+32,200
268,1,0.0500,0.1000,2.1200e+27,1.1900e+27,2.4200e+27,1.1000e+26,2.4266e+32,3.0724e+32,200
268,2,0.1000,0.2000,6.5100e+27,8.9700e+27,7.8800e+27,3.2300e+27,4.2143e+32,5.3444e+32,200
268,3,0.2000,0.3500,9.1300e+27,3.9680e+28,1.4830e+28,2.0960e+28,3.2865e+32,5.1156e+32,200
268,4,0.3500,0.5500,1.0820e+28,1.0637e+29,1.5020e+28,6.4550e+28,2.3624e+32,3.2470e+32,200
268,5,0.5500,1.0100,1.1680e+28,2.4322e+29,1.2550e+28,1.8358e+29,1.5294e+32,1.6036e+32,200
269,0,0.0000,0.0500,1.6400e+27,1.0000e+25,1.4500e+27,0.0000e+00,5.2592e+32,5.0015e+32,198
269,1,0.0500,0.1000,1.9500e+27,1.2300e+27,1.9000e+27,1.5000e+26,2.2975e+32,2.7170e+32,198
269,2,0.1000,0.2000,6.0500e+27,8.9500e+27,7.7500e+27,3.3400e+27,4.0689e+32,5.2750e+32,198
269,3,0.2000,0.3500,9.7400e+27,4.2320e+28,1.3810e+28,2.0360e+28,3.4492e+32,5.0093e+32,198
269,4,0.3500,0.5500,1.1520e+28,1.0744e+29,1.5150e+28,6.3480e+28,2.3626e+32,3.1989e+32,198
269,5,0.5500,1.0100,1.1320e+28,2.4117e+29,1.2060e+28,1.8569e+29,1.4766e+32,1.5555e+32,198
270,0,0.0000,0.0500,1.8300e+27,2.0000e+25,1.6200e+27,0.0000e+00,4.9626e+32,5.3844e+32,198
270,1,0.0500,0.1000,1.7500e+27,9.6000e+26,2.2200e+27,1.4000e+26,2.2943e+32,2.7368e+32,198
270,2,0.1000,0.2000,6.5700e+27,9.2000e+27,7.9300e+27,3.2100e+27,4.2275e+32,5.0722e+32,198
270,3,0.2000,0.3500,1.0470e+28,4.4270e+28,1.4030e+28,2.0320e+28,3.5953e+32,4.8538e+32,198
270,4,0.3500,0.5500,1.1760e+28,1.0638e+29,1.4640e+28,6.1040e+28,2.3777e+32,3.1610e+32,198
270,5,0.5500,1.0100,1.1210e+28,2.4148e+29,1.2000e+28,1.8387e+29,1.4394e+32,1.5346e+32,198
271,0,0.0000,0.0500,1.5200e+27,3.0000e+25,1.8100e+27,1.0000e+25,4.4515e+32,5.3095e+32,195
271,1,0.0500,0.1000,2.1600e+27,9.9000e+26,2.4100e+27,1.9000e+26,2.6001e+32,2.8061e+32,195
271,2,0.1000,0.2000,6.6200e+27,9.1000e+27,8.2800e+27,3.3900e+27,4.2190e+32,5.1637e+32,195
271,3,0.2000,0.3500,1.0160e+28,4.6620e+28,1.3250e+28,1.9040e+28,3.6029e+32,4.5520e+32,195
271,4,0.3500,0.5500,1.1380e+28,1.1185e+29,1.4630e+28,6.0810e+28,2.3354e+32,3.0612e+32,195
271,5,0.5500,1.0100,1.0630e+28,2.3804e+29,1.0880e+28,1.7298e+29,1.3854e+32,1.4898e+32,195
272,0,0.0000,0.0500,1.3200e+27,2.0000e+25,1.2000e+27,0.0000e+00,4.0522e+32,5.3153e+32,195
272,1,0.0500,0.1000,2.0500e+27,9.8000e+26,2.7500e+27,2.0000e+26,2.9563e+32,2.9319e+32,195
272,2,0.1000,0.2000,6.3800e+27,1.0780e+28,8.8200e+27,4.0800e+27,4.2527e+32,5.4850e+32,195
272,3,0.2000,0.3500,1.0950e+28,4.7300e+28,1.2290e+28,1.8050e+28,3.5350e+32,4.1524e+32,195
272,4,0.3500,0.5500,1.1020e+28,1.0646e+29,1.4800e+28,5.9330e+28,2.3510e+32,3.0335e+32,195
272,5,0.5500,1.0100,1.1050e+28,2.4943e+29,1.1230e+28,1.6609e+29,1.4307e+32,1.4493e+32,195
273,0,0.0000,0.0500,1.1800e+27,1.0000e+25,1.2300e+27,1.0000e+25,3.7872e+32,5.3895e+32,193
273,1,0.0500,0.1000,2.4100e+27,1.1500e+27,2.4300e+27,2.2000e+26,3.0803e+32,2.9262e+32,193
273,2,0.1000,0.2000,6.9900e+27,1.1850e+28,9.3600e+27,3.9900e+27,4.2211e+32,5.4222e+32,193
273,3,0.2000,0.3500,1.0680e+28,4.9610e+28,1.2480e+28,1.9730e+28,3.5742e+32,4.1481e+32,193
273,4,0.3500,0.5500,1.1490e+28,1.0609e+29,1.3640e+28,5.8740e+28,2.2665e+32,2.8399e+32,193
273,5,0.5500,1.0100,1.1480e+28,2.4902e+29,1.1080e+28,1.6655e+29,1.4385e+32,1.3958e+32,193
274,0,0.0000,0.0500,1.1900e+27,1.0000e+25,1.1700e+27,0.0000e+00,3.6083e+32,5.3960e+32,191
274,1,0.0500,0.1000,2.4400e+27,1.1300e+27,2.6900e+27,1.7000e+26,3.2001e+32,3.1757e+32,191
274,2,0.1000,0.2000,6.9700e+27,1.1310e+28,8.2200e+27,3.5000e+27,4.1111e+32,5.1094e+32,191
274,3,0.2000,0.3500,1.0660e+28,5.0520e+28,1.2100e+28,2.1520e+28,3.6043e+32,4.2088e+32,191
274,4,0.3500,0.5500,1.0480e+28,1.0266e+29,1.3110e+28,5.7550e+28,2.2163e+32,2.6405e+32,191
274,5,0.5500,1.0100,1.1410e+28,2.4409e+29,1.0510e+28,1.6403e+29,1.4158e+32,1.3521e+32,191
275,0,0.0000,0.0500,1.0300e+27,2.0000e+25,1.2400e+27,0.0000e+00,3.4282e+32,5.4455e+32,191
275,1,0.0500,0.1000,2.6400e+27,1.4100e+27,2.9900e+27,2.8000e+26,3.1544e+32,3.3743e+32,191
275,2,0.1000,0.2000,6.9900e+27,1.2180e+28,8.8100e+27,4.0500e+27,4.2752e+32,5.0627e+32,191
275,3,0.2000,0.3500,1.1530e+28,5.3750e+28,1.2730e+28,2.1820e+28,3.6195e+32,4.1937e+32,191
275,4,0.3500,0.5500,1.1190e+28,1.0700e+29,1.2220e+28,5.5730e+28,2.2299e+32,2.4857e+32,191
275,5,0.5500,1.0100,1.1680e+28,2.5273e+29,1.0490e+28,1.5974e+29,1.4288e+32,1.3084e+32,191
276,0,0.0000,0.0500,1.1200e+27,0.0000e+00,1.1500e+27,0.0000e+00,3.8844e+32,4.9236e+32,189
276,1,0.0500,0.1000,2.7100e+27,1.8900e+27,2.8200e+27,2.8000e+26,3.2918e+32,3.3706e+32,189
276,2,0.1000,0.2000,7.2200e+27,1.1230e+28,8.0300e+27,3.5900e+27,4.2214e+32,4.8848e+32,189
276,3,0.2000,0.3500,1.0670e+28,5.3600e+28,1.3180e+28,2.2640e+28,3.6008e+32,4.2329e+32,189
276,4,0.3500,0.5500,1.0470e+28,1.0897e+29,1.2420e+28,5.7740e+28,2.1778e+32,2.4435e+32,189
276,5,0.5500,1.0100,1.0710e+28,2.5182e+29,9.6100e+27,1.5851e+29,1.3777e+32,1.2630e+32,189
277,0,0.0000,0.0500,1.3200e+27,0.0000e+00,1.2900e+27,1.0000e+25,5.7053e+32,3.3414e+32,187
277,1,0.0500,0.1000,2.6200e+27,2.2300e+27,2.8500e+27,2.3000e+26,3.1137e+32,3.4059e+32,187
277,2,0.1000,0.2000,7.3600e+27,1.3080e+28,8.4500e+27,4.2100e+27,4.3222e+32,4.7772e+32,187
277,3,0.2000,0.3500,1.0830e+28,5.3620e+28,1.2860e+28,2.2420e+28,3.4566e+32,4.2731e+32,187
277,4,0.3500,0.5500,1.1000e+28,1.0324e+29,1.1990e+28,6.0940e+28,2.1216e+32,2.4384e+32,187
277,5,0.5500,1.0100,1.0120e+28,2.2884e+29,1.0220e+28,1.7176e+29,1.2916e+32,1.2795e+32,187
278,0,0.0000,0.0500,1.3900e+27,2.0000e+25,8.8000e+26,2.0000e+25,5.5877e+32,3.6006e+32,187
278,1,0.0500,0.1000,2.8800e+27,2.1900e+27,3.0000e+27,2.1000e+26,3.2144e+32,3.3278e+32,187
278,2,0.1000,0.2000,7.5300e+27,1.3360e+28,7.8600e+27,3.9900e+27,4.3408e+32,4.7046e+32,187
278,3,0.2000,0.3500,1.0970e+28,5.2750e+28,1.3680e+28,2.4570e+28,3.4075e+32,4.2415e+32,187
278,4,0.3500,0.5500,1.1380e+28,1.0792e+29,1.1930e+28,6.0400e+28,2.1746e+32,2.4106e+32,187
278,5,0.5500,1.0100,9.9200e+27,2.2005e+29,9.5400e+27,1.7303e+29,1.2733e+32,1.2176e+32,187
279,0,0.0000,0.0500,1.4100e+27,4.0000e+25,1.4300e+27,1.0000e+25,5.5380e+32,3.7057e+32,185
279,1,0.0500,0.1000,2.4800e+27,1.7500e+27,2.5900e+27,2.1000e+26,2.7884e+32,3.2789e+32,185
279,2,0.1000,0.2000,7.5200e+27,1.3540e+28,7.9500e+27,4.5200e+27,4.5312e+32,4.6363e+32,185
279,3,0.2000,0.3500,1.0740e+28,5.2960e+28,1.2930e+28,2.3740e+28,3.4382e+32,4.1594e+32,185
279,4,0.3500,0.5500,1.1130e+28,1.0924e+29,1.1570e+28,6.0400e+28,2.2273e+32,2.3493e+32,185
279,5,0.5500,1.0100,1.0300e+28,2.1867e+29,9.4800e+27,1.7309e+29,1.2491e+32,1.1555e+32,185
280,0,0.0000,0.0500,1.4900e+27,2.0000e+25,1.1300e+27,0.0000e+00,5.4279e+32,3.8008e+32,184
280,1,0.0500,0.1000,2.4400e+27,1.7400e+27,2.5800e+27,2.4000e+26,2.6742e+32,3.1528e+32,184
280,2,0.1000,0.2000,8.0100e+27,1.4720e+28,8.4500e+27,3.9200e+27,4.7168e+32,4.6716e+32,184
280,3,0.2000,0.3500,1.0470e+28,4.8990e+28,1.2920e+28,2.3200e+28,3.2682e+32,4.0836e+32,184
280,4,0.3500,0.5500,1.2580e+28,1.1443e+29,1.2460e+28,6.0210e+28,2.3553e+32,2.3570e+32,184
280,5,0.5500,1.0100,9.1600e+27,2.2278e+29,9.0300e+27,1.7074e+29,1.2059e+32,1.1033e+32,184
281,0,0.0000,0.0500,1.6000e+27,1.0000e+25,1.3700e+27,1.0000e+25,5.2934e+32,3.9293e+32,182
281,1,0.0500,0.1000,2.2900e+27,1.6400e+27,2.6400e+27,2.4000e+26,2.6169e+32,3.0402e+32,182
281,2,0.1000,0.2000,7.9600e+27,1.5730e+28,7.8500e+27,3.6200e+27,4.7039e+32,4.6069e+32,182
281,3,0.2000,0.3500,1.0280e+28,4.6510e+28,1.2190e+28,2.3830e+28,3.2408e+32,3.9780e+32,182
281,4,0.3500,0.5500,1.1850e+28,1.1620e+29,1.2910e+28,6.1380e+28,2.3915e+32,2.3564e+32,182
281,5,0.5500,1.0100,9.2200e+27,2.1565e+29,8.4600e+27,1.6227e+29,1.1727e+32,1.0410e+32,182
282,0,0.0000,0.0500,1.8300e+27,3.0000e+25,1.5700e+27,0.0000e+00,5.3043e+32,4.2311e+32,182
282,1,0.0500,0.1000,2.4200e+27,1.4200e+27,2.5500e+27,2.4000e+26,2.5247e+32,2.7990e+32,182
282,2,0.1000,0.2000,7.0700e+27,1.3590e+28,7.2500e+27,3.6000e+27,4.4832e+32,4.5579e+32,182
282,3,0.2000,0.3500,1.1360e+28,5.1010e+28,1.2440e+28,2.3910e+28,3.5393e+32,4.0905e+32,182
282,4,0.3500,0.5500,1.2500e+28,1.1718e+29,1.2230e+28,6.3520e+28,2.3912e+32,2.3013e+32,182
282,5,0.5500,1.0100,9.7200e+27,2.2442e+29,8.1500e+27,1.6969e+29,1.1564e+32,9.6158e+31,182
283,0,0.0000,0.0500,1.6800e+27,2.0000e+25,1.5700e+27,4.0000e+25,5.2564e+32,4.5113e+32,180
283,1,0.0500,0.1000,2.1600e+27,1.5600e+27,2.4100e+27,2.9000e+26,2.4458e+32,2.4641e+32,180
283,2,0.1000,0.2000,7.1500e+27,1.4300e+28,8.0700e+27,3.7500e+27,4.3287e+32,4.5804e+32,180
283,3,0.2000,0.3500,1.1720e+28,5.4250e+28,1.2590e+28,2.4210e+28,3.6793e+32,3.9847e+32,180
283,4,0.3500,0.5500,1.2240e+28,1.1909e+29,1.1820e+28,6.4000e+28,2.3472e+32,2.2576e+32,180
283,5,0.5500,1.0100,9.1500e+27,2.1757e+29,7.9400e+27,1.5865e+29,1.1119e+32,9.2931e+31,180
284,0,0.0000,0.0500,1.7800e+27,4.0000e+25,1.6300e+27,1.0000e+25,5.2368e+32,4.6698e+32,179
284,1,0.0500,0.1000,2.0400e+27,1.3000e+27,2.2400e+27,3.2000e+26,2.3134e+32,2.4043e+32,179
284,2,0.1000,0.2000,7.2800e+27,1.2960e+28,7.8900e+27,3.9500e+27,4.2872e+32,4.4424e+32,179
284,3,0.2000,0.3500,1.1730e+28,5.5670e+28,1.2620e+28,2.3050e+28,3.7565e+32,3.9528e+32,179
284,4,0.3500,0.5500,1.2690e+28,1.2110e+29,1.1860e+28,6.3550e+28,2.3799e+32,2.2357e+32,179
284,5,0.5500,1.0100,9.1400e+27,2.1394e+29,7.9200e+27,1.5560e+29,1.0746e+32,9.0788e+31,179
285,0,0.0000,0.0500,1.6200e+27,0.0000e+00,1.7700e+27,2.0000e+25,4.9087e+32,4.9433e+32,178
285,1,0.0500,0.1000,1.9300e+27,1.1300e+27,2.6700e+27,3.2000e+26,2.3569e+32,2.3500e+32,178
285,2,0.1000,0.2000,7.0800e+27,1.3790e+28,6.9700e+27,4.0200e+27,4.4010e+32,4.2893e+32,178
285,3,0.2000,0.3500,1.2460e+28,5.9230e+28,1.2040e+28,2.2700e+28,3.8676e+32,3.8244e+32,178
285,4,0.3500,0.5500,1.2480e+28,1.2671e+29,1.2060e+28,6.0530e+28,2.3544e+32,2.2080e+32,178
285,5,0.5500,1.0100,8.9100e+27,2.1362e+29,8.0600e+27,1.5607e+29,1.0373e+32,8.8853e+31,178
286,0,0.0000,0.0500,1.6300e+27,5.0000e+25,1.5800e+27,2.0000e+25,4.6796e+32,4.8934e+32,176
286,1,0.0500,0.1000,2.1100e+27,1.1600e+27,2.5100e+27,3.9000e+26,2.3959e+32,2.4323e+32,176
286,2,0.1000,0.2000,8.0900e+27,1.3840e+28,7.2500e+27,3.9000e+27,4.4842e+32,4.2921e+32,176
286,3,0.2000,0.3500,1.3040e+28,5.8680e+28,1.1890e+28,2.2330e+28,3.8301e+32,3.6794e+32,176
286,4,0.3500,0.5500,1.2340e+28,1.2342e+29,1.0680e+28,6.1090e+28,2.3076e+32,2.1273e+32,176
286,5,0.5500,1.0100,8.4100e+27,2.0151e+29,7.2800e+27,1.5533e+29,9.9363e+31,8.6493e+31,176
287,0,0.0000,0.0500,1.5800e+27,3.0000e+25,1.5700e+27,0.0000e+00,4.3222e+32,4.8988e+32,176
287,1,0.0500,0.1000,2.4400e+27,1.3000e+27,2.1700e+27,3.1000e+26,2.7572e+32,2.4700e+32,176
287,2,0.1000,0.2000,7.5300e+27,1.4110e+28,7.7100e+27,4.2000e+27,4.4092e+32,4.3995e+32,176
287,3,0.2000,0.3500,1.2710e+28,6.2520e+28,1.1450e+28,2.1320e+28,3.9226e+32,3.5421e+32,176
287,4,0.3500,0.5500,1.2760e+28,1.2454e+29,1.1210e+28,6.1710e+28,2.2927e+32,2.1198e+32,176
287,5,0.5500,1.0100,8.4900e+27,2.0945e+29,6.8300e+27,1.5111e+29,9.6574e+31,8.4946e+31,176
288,0,0.0000,0.0500,1.5800e+27,6.0000e+25,1.3400e+27,1.0000e+25,3.9984e+32,4.8484e+32,174
288,1,0.0500,0.1000,2.7500e+27,1.2000e+27,2.5100e+27,2.8000e+26,3.0145e+32,2.5105e+32,174
288,2,0.1000,0.2000,8.1900e+27,1.4740e+28,8.2100e+27,4.8500e+27,4.3706e+32,4.5410e+32,174
288,3,0.2000,0.3500,1.2310e+28,5.9620e+28,1.1100e+28,2.1430e+28,3.7767e+32,3.2606e+32,174
288,4,0.3500,0.5500,1.1900e+28,1.2348e+29,1.0890e+28,6.1540e+28,2.2917e+32,2.0829e+32,174
288,5,0.5500,1.0100,8.6200e+27,2.1668e+29,6.6800e+27,1.5364e+29,9.8526e+31,8.2072e+31,174
289,0,0.0000,0.0500,1.5000e+27,4.0000e+25,1.3800e+27,2.0000e+25,3.7930e+32,4.8262e+32,173
289,1,0.0500,0.1000,2.5300e+27,1.4300e+27,2.1600e+27,3.6000e+26,3.0538e+32,2.5865e+32,173
289,2,0.1000,0.2000,7.8700e+27,1.5100e+28,8.5100e+27,5.2000e+27,4.4835e+32,4.6178e+32,173
289,3,0.2000,0.3500,1.2020e+28,5.8910e+28,1.0690e+28,2.2090e+28,3.7522e+32,3.1024e+32,173
289,4,0.3500,0.5500,1.2000e+28,1.2192e+29,1.0570e+28,5.9550e+28,2.2458e+32,2.0350e+32,173
289,5,0.5500,1.0100,7.8700e+27,2.0809e+29,7.0500e+27,1.4764e+29,9.7944e+31,7.8547e+31,173
290,0,0.0000,0.0500,1.1800e+27,2.0000e+25,1.4300e+27,0.0000e+00,3.6879e+32,4.9682e+32,173
290,1,0.0500,0.1000,2.7100e+27,1.4800e+27,2.7100e+27,3.3000e+26,3.1732e+32,2.5303e+32,173
290,2,0.1000,0.2000,8.2000e+27,1.6080e+28,8.0800e+27,4.9800e+27,4.4005e+32,4.5454e+32,173
290,3,0.2000,0.3500,1.2480e+28,6.2450e+28,1.0900e+28,2.2640e+28,3.8509e+32,3.2044e+32,173
290,4,0.3500,0.5500,1.1660e+28,1.2080e+29,1.0110e+28,6.0130e+28,2.1910e+32,1.9250e+32,173
290,5,0.5500,1.0100,7.9300e+27,2.1407e+29,6.8800e+27,1.5156e+29,9.8169e+31,7.7259e+31,173
291,0,0.0000,0.0500,1.4200e+27,4.0000e+25,1.2400e+27,4.0000e+25,3.5585e+32,4.9455e+32,171
291,1,0.0500,0.1000,2.9500e+27,1.8400e+27,2.3200e+27,3.4000e+26,3.2372e+32,2.6013e+32,171
291,2,0.1000,0.2000,8.0900e+27,1.5260e+28,8.4500e+27,4.9600e+27,4.3585e+32,4.3739e+32,171
291,3,0.2000,0.3500,1.2400e+28,6.2910e+28,1.1400e+28,2.5190e+28,3.8137e+32,3.2641e+32,171
291,4,0.3500,0.5500,1.1630e+28,1.1843e+29,9.8900e+27,5.6420e+28,2.1274e+32,1.8004e+32,171
291,5,0.5500,1.0100,8.7100e+27,2.2244e+29,6.6500e+27,1.5707e+29,9.5969e+31,7.5181e+31,171
292,0,0.0000,0.0500,1.3300e+27,8.0000e+25,1.2000e+27,2.0000e+25,3.4289e+32,4.9221e+32,170
292,1,0.0500,0.1000,2.9600e+27,2.2300e+27,2.7800e+27,3.0000e+26,3.3406e+32,2.8677e+32,170
292,2,0.1000,0.2000,7.2900e+27,1.5990e+28,7.7500e+27,5.2600e+27,4.2360e+32,4.1700e+32,170
292,3,0.2000,0.3500,1.2850e+28,6.4980e+28,1.0540e+28,2.3360e+28,3.8810e+32,3.1821e+32,170
292,4,0.3500,0.5500,1.1560e+28,1.1866e+29,9.2200e+27,5.4910e+28,2.0996e+32,1.7582e+32,170
292,5,0.5500,1.0100,7.8700e+27,2.1811e+29,5.9600e+27,1.4747e+29,9.4430e+31,7.2784e+31,170
293,0,0.0000,0.0500,1.2000e+27,3.0000e+25,1.2200e+27,2.0000e+25,3.3500e+32,4.8985e+32,169
293,1,0.0500,0.1000,3.4300e+27,2.2800e+27,2.8500e+27,4.4000e+26,3.1756e+32,2.9546e+32,169
293,2,0.1000,0.2000,8.4000e+27,1.7200e+28,7.5700e+27,5.2300e+27,4.4405e+32,4.1617e+32,169
293,3,0.2000,0.3500,1.2970e+28,6.6770e+28,1.0520e+28,2.5630e+28,3.8140e+32,3.1508e+32,169
293,4,0.3500,0.5500,1.1200e+28,1.1806e+29,9.1300e+27,5.7560e+28,2.0891e+32,1.6501e+32,169
293,5,0.5500,1.0100,7.8000e+27,2.1275e+29,6.4800e+27,1.4350e+29,9.3525e+31,7.0164e+31,169
294,0,0.0000,0.0500,1.1700e+27,6.0000e+25,9.2000e+26,4.0000e+25,3.1269e+32,4.9796e+32,168
294,1,0.0500,0.1000,3.0800e+27,2.5000e+27,2.8900e+27,3.3000e+26,3.3071e+32,2.8365e+32,168
294,2,0.1000,0.2000,7.8800e+27,1.5750e+28,8.0000e+27,5.5400e+27,4.3880e+32,4.1428e+32,168
294,3,0.2000,0.3500,1.3420e+28,6.4660e+28,1.0890e+28,2.5310e+28,3.8590e+32,3.1572e+32,168
294,4,0.3500,0.5500,1.1490e+28,1.1613e+29,9.0100e+27,5.4370e+28,2.0761e+32,1.6085e+32,168
294,5,0.5500,1.0100,7.4300e+27,2.0841e+29,6.0700e+27,1.4582e+29,9.2289e+31,6.8520e+31,168
295,0,0.0000,0.0500,1.2700e+27,5.0000e+25,1.0000e+27,2.0000e+25,3.0123e+32,5.0090e+32,167
295,1,0.0500,0.1000,3.6600e+27,2.7300e+27,2.8500e+27,2.9000e+26,3.3958e+32,2.8616e+32,167
295,2,0.1000,0.2000,8.3100e+27,1.5950e+28,7.4000e+27,4.9600e+27,4.3694e+32,4.0323e+32,167
295,3,0.2000,0.3500,1.2510e+28,6.5890e+28,1.1150e+28,2.5850e+28,3.8431e+32,3.1583e+32,167
295,4,0.3500,0.5500,1.1080e+28,1.1111e+29,8.6400e+27,5.5980e+28,2.0360e+32,1.5910e+32,167
295,5,0.5500,1.0100,7.7100e+27,2.0345e+29,5.2900e+27,1.4460e+29,8.9124e+31,6.5010e+31,167
296,0,0.0000,0.0500,1.3300e+27,6.0000e+25,1.2800e+27,6.0000e+25,5.2760e+32,3.1719e+32,166
296,1,0.0500,0.1000,3.1100e+27,2.5400e+27,2.7800e+27,4.7000e+26,3.3027e+32,2.9821e+32,166
296,2,0.1000,0.2000,8.5500e+27,1.7190e+28,7.7100e+27,5.2400e+27,4.3725e+32,3.9431e+32,166
296,3,0.2000,0.3500,1.2590e+28,6.2870e+28,1.0730e+28,2.7460e+28,3.7420e+32,3.2309e+32,166
296,4,0.3500,0.5500,1.1740e+28,1.1438e+29,8.7300e+27,6.0900e+28,1.9706e+32,1.5879e+32,166
296,5,0.5500,1.0100,7.4200e+27,1.9435e+29,5.7600e+27,1.5473e+29,8.2623e+31,6.7109e+31,166
297,0,0.0000,0.0500,1.3100e+27,3.0000e+25,1.0200e+27,1.0000e+25,5.6193e+32,2.8967e+32,165
297,1,0.0500,0.1000,2.8800e+27,2.3000e+27,2.9100e+27,5.3000e+26,3.1321e+32,2.9470e+32,165
297,2,0.1000,0.2000,8.7500e+27,1.7650e+28,7.1100e+27,5.0500e+27,4.5078e+32,3.9238e+32,165
297,3,0.2000,0.3500,1.3010e+28,6.4880e+28,1.1350e+28,2.7020e+28,3.6732e+32,3.2213e+32,165
297,4,0.3500,0.5500,1.0820e+28,1.1721e+29,8.6600e+27,5.8880e+28,1.9493e+32,1.5779e+32,165
297,5,0.5500,1.0100,7.3100e+27,1.9343e+29,5.5700e+27,1.6218e+29,8.1069e+31,6.6121e+31,165
298,0,0.0000,0.0500,1.2200e+27,3.0000e+25,1.1200e+27,3.0000e+25,5.4371e+32,3.0454e+32,164
298,1,0.0500,0.1000,3.3800e+27,2.2700e+27,2.5700e+27,4.4000e+26,3.2828e+32,2.7691e+32,164
298,2,0.1000,0.2000,8.5100e+27,1.7850e+28,7.3000e+27,5.1100e+27,4.4914e+32,3.9535e+32,164
298,3,0.2000,0.3500,1.3180e+28,6.5900e+28,1.0910e+28,2.7180e+28,3.6529e+32,3.1563e+32,164
298,4,0.3500,0.5500,1.1120e+28,1.1498e+29,8.9800e+27,5.9680e+28,1.9038e+32,1.5653e+32,164
298,5,0.5500,1.0100,7.3000e+27,1.8948e+29,5.8100e+27,1.5514e+29,7.9351e+31,6.3920e+31,164
299,0,0.0000,0.0500,1.1800e+27,6.0000e+25,1.0400e+27,8.0000e+25,5.4019e+32,3.1162e+32,163
299,1,0.0500,0.1000,3.2900e+27,2.6600e+27,2.7200e+27,3.7000e+26,3.2876e+32,2.8132e+32,163
299,2,0.1000,0.2000,9.2000e+27,1.9410e+28,7.2400e+27,5.7800e+27,4.4737e+32,3.8261e+32,163
299,3,0.2000,0.3500,1.3390e+28,6.6930e+28,1.0610e+28,2.7240e+28,3.5597e+32,3.1447e+32,163
299,4,0.3500,0.5500,1.0680e+28,1.1498e+29,8.2300e+27,5.8080e+28,1.9408e+32,1.5191e+32,163
299,5,0.5500,1.0100,6.6800e+27,1.9564e+29,5.8900e+27,1.5232e+29,7.6666e+31,6.0829e+31,163
300,0,0.0000,0.0500,1.6500e+27,2.0000e+25,1.2200e+27,1.0000e+25,5.3803e+32,3.1407e+32,162
300,1,0.0500,0.1000,3.1900e+27,2.4300e+27,3.0300e+27,4.4000e+26,3.1416e+32,2.8635e+32,162
300,2,0.1000,0.2000,8.9900e+27,1.8910e+28,7.0800e+27,5.0100e+27,4.4501e+32,3.7015e+32,162
300,3,0.2000,0.3500,1.3090e+28,6.3850e+28,1.1300e+28,2.6650e+28,3.5615e+32,3.1469e+32,162
300,4,0.3500,0.5500,1.1080e+28,1.1874e+29,8.9100e+27,5.8360e+28,2.0124e+32,1.4913e+32,162
300,5,0.5500,1.0100,7.1900e+27,1.9215e+29,5.0400e+27,1.5555e+29,7.5624e+31,5.8269e+31,162
301,0,0.0000,0.0500,1.6600e+27,4.0000e+25,1.2600e+27,2.0000e+25,5.3915e+32,3.2308e+32,162
301,1,0.0500,0.1000,2.5700e+27,2.3900e+27,2.8500e+27,4.4000e+26,2.8551e+32,2.7795e+32,162
301,2,0.1000,0.2000,9.3400e+27,1.9680e+28,7.3900e+27,5.1100e+27,4.6811e+32,3.7952e+32,162
301,3,0.2000,0.3500,1.2920e+28,6.4620e+28,1.0000e+28,2.7700e+28,3.6271e+32,3.0717e+32,162
301,4,0.3500,0.5500,1.1070e+28,1.1734e+29,8.5000e+27,6.0090e+28,1.9912e+32,1.4761e+32,162
301,5,0.5500,1.0100,6.7600e+27,1.8958e+29,5.2300e+27,1.5336e+29,7.4176e+31,5.6612e+31,162
302,0,0.0000,0.0500,1.4800e+27,4.0000e+25,1.2700e+27,0.0000e+00,5.3367e+32,3.1932e+32,160
302,1,0.0500,0.1000,2.9200e+27,1.8600e+27,3.0300e+27,5.3000e+26,2.7106e+32,2.7487e+32,160
302,2,0.1000,0.2000,9.0100e+27,2.0070e+28,7.0800e+27,5.9000e+27,4.7536e+32,3.7637e+32,160
302,3,0.2000,0.3500,1.2730e+28,6.5310e+28,1.0800e+28,2.7560e+28,3.5346e+32,3.0237e+32,160
302,4,0.3500,0.5500,1.0820e+28,1.1854e+29,8.0000e+27,5.7660e+28,1.9871e+32,1.4481e+32,160
302,5,0.5500,1.0100,6.3000e+27,1.8627e+29,4.9200e+27,1.4598e+29,7.1194e+31,5.4967e+31,160
303,0,0.0000,0.0500,1.5800e+27,1.0000e+26,1.1300e+27,2.0000e+25,5.3365e+32,3.2940e+32,160
303,1,0.0500,0.1000,2.7300e+27,2.0900e+27,2.5800e+27,3.3000e+26,2.6647e+32,2.6541e+32,160
303,2,0.1000,0.2000,9.3700e+27,2.1160e+28,7.2900e+27,5.7600e+27,4.8330e+32,3.7691e+32,160
303,3,0.2000,0.3500,1.3070e+28,6.0270e+28,1.1040e+28,2.6220e+28,3.4498e+32,3.0225e+32,160
303,4,0.3500,0.5500,1.1880e+28,1.1773e+29,8.5700e+27,5.9100e+28,2.0435e+32,1.4502e+32,160
303,5,0.5500,1.0100,6.2000e+27,1.7703e+29,5.2100e+27,1.5408e+29,6.9139e+31,5.2882e+31,160
304,0,0.0000,0.0500,1.3400e+27,8.0000e+25,1.3100e+27,3.0000e+25,5.1505e+32,3.2934e+32,159
304,1,0.0500,0.1000,2.7900e+27,1.9500e+27,2.7000e+27,5.1000e+26,2.7167e+32,2.6242e+32,159
304,2,0.1000,0.2000,9.7600e+27,2.1200e+28,7.3000e+27,5.4200e+27,4.9191e+32,3.7929e+32,159
304,3,0.2000,0.3500,1.2340e+28,5.9760e+28,1.0600e+28,2.7290e+28,3.3166e+32,2.9598e+32,159
304,4,0.3500,0.5500,1.2290e+28,1.2199e+29,8.4200e+27,6.0270e+28,2.1117e+32,1.4421e+32,159
304,5,0.5500,1.0100,5.9100e+27,1.7541e+29,4.8700e+27,1.5204e+29,6.6788e+31,5.0910e+31,159
305,0,0.0000,0.0500,1.3400e+27,1.0000e+26,1.3500e+27,5.0000e+25,5.0972e+32,3.3317e+32,157
305,1,0.0500,0.1000,2.9400e+27,1.9300e+27,2.6300e+27,6.1000e+26,2.6876e+32,2.5177e+32,157
305,2,0.1000,0.2000,9.6300e+27,2.1750e+28,7.5200e+27,5.7600e+27,4.8721e+32,3.7835e+32,157
305,3,0.2000,0.3500,1.1710e+28,5.9600e+28,1.0040e+28,2.6630e+28,3.2726e+32,2.8892e+32,157
305,4,0.3500,0.5500,1.1670e+28,1.1921e+29,8.4500e+27,5.9380e+28,2.0605e+32,1.4254e+32,157
305,5,0.5500,1.0100,5.7600e+27,1.7629e+29,4.4500e+27,1.5888e+29,6.4024e+31,4.8519e+31,157
306,0,0.0000,0.0500,1.8900e+27,6.0000e+25,1.2600e+27,3.0000e+25,5.1417e+32,3.3842e+32,158
306,1,0.0500,0.1000,3.1300e+27,2.0300e+27,2.6600e+27,4.5000e+26,2.5935e+32,2.6154e+32,158
306,2,0.1000,0.2000,9.4700e+27,2.2410e+28,7.3800e+27,5.5000e+27,4.9282e+32,3.7063e+32,158
306,3,0.2000,0.3500,1.1800e+28,6.3550e+28,1.0760e+28,2.6580e+28,3.3572e+32,2.9063e+32,158
306,4,0.3500,0.5500,1.2190e+28,1.2403e+29,8.7000e+27,6.2110e+28,2.0788e+32,1.4269e+32,158
306,5,0.5500,1.0100,6.3100e+27,1.8410e+29,4.7000e+27,1.5038e+29,6.3853e+31,4.8024e+31,158
307,0,0.0000,0.0500,1.8000e+27,5.0000e+25,1.2500e+27,5.0000e+25,5.0880e+32,3.4932e+32,156
307,1,0.0500,0.1000,2.6900e+27,2.0200e+27,2.3800e+27,5.8000e+26,2.5667e+32,2.4498e+32,156
307,2,0.1000,0.2000,9.2900e+27,2.0840e+28,7.4800e+27,5.6300e+27,4.7209e+32,3.6509e+32,156
307,3,0.2000,0.3500,1.2060e+28,6.1150e+28,1.0330e+28,2.7740e+28,3.4374e+32,2.8867e+32,156
307,4,0.3500,0.5500,1.2750e+28,1.2275e+29,8.1100e+27,6.1440e+28,2.0504e+32,1.4000e+32,156
307,5,0.5500,1.0100,5.5500e+27,1.8183e+29,4.4200e+27,1.4952e+29,6.2561e+31,4.4961e+31,156
308,0,0.0000,0.0500,1.7200e+27,6.0000e+25,1.3000e+27,1.0000e+25,5.0670e+32,3.5672e+32,155
308,1,0.0500,0.1000,2.9000e+27,2.3500e+27,2.2000e+27,4.2000e+26,2.5567e+32,2.3445e+32,155
308,2,0.1000,0.2000,9.6500e+27,2.0170e+28,7.1400e+27,5.9900e+27,4.5981e+32,3.6321e+32,155
308,3,0.2000,0.3500,1.3120e+28,6.2530e+28,1.0330e+28,2.8050e+28,3.5197e+32,2.9124e+32,155
308,4,0.3500,0.5500,1.2430e+28,1.2031e+29,8.2700e+27,6.2070e+28,2.0125e+32,1.3547e+32,155
308,5,0.5500,1.0100,5.5900e+27,1.8088e+29,4.0200e+27,1.4345e+29,6.0569e+31,4.2254e+31,155
309,0,0.0000,0.0500,1.7100e+27,7.0000e+25,1.4800e+27,3.0000e+25,5.0787e+32,3.6338e+32,155
309,1,0.0500,0.1000,2.7200e+27,2.1400e+27,2.2800e+27,4.3000e+26,2.4396e+32,2.2844e+32,155
309,2,0.1000,0.2000,8.6200e+27,1.9430e+28,7.2700e+27,5.7700e+27,4.5807e+32,3.6367e+32,155
309,3,0.2000,0.3500,1.3500e+28,6.5900e+28,1.0380e+28,2.7460e+28,3.6719e+32,2.9325e+32,155
309,4,0.3500,0.5500,1.1520e+28,1.1813e+29,7.8200e+27,6.0550e+28,1.9876e+32,1.3299e+32,155
309,5,0.5500,1.0100,5.5100e+27,1.7258e+29,4.0800e+27,1.4823e+29,5.8876e+31,4.0910e+31,155
310,0,0.0000,0.0500,2.0200e+27,1.0000e+26,1.6500e+27,6.0000e+25,5.0574e+32,3.6946e+32,154
310,1,0.0500,0.1000,2.7000e+27,1.8000e+27,1.9900e+27,4.4000e+26,2.4259e+32,2.1920e+32,154
310,2,0.1000,0.2000,8.8400e+27,1.8990e+28,7.0400e+27,5.9700e+27,4.4992e+32,3.6400e+32,154
310,3,0.2000,0.3500,1.3500e+28,6.5240e+28,1.1020e+28,2.8750e+28,3.7134e+32,2.8905e+32,154
310,4,0.3500,0.5500,1.1940e+28,1.1685e+29,8.1100e+27,6.4240e+28,1.9491e+32,1.3136e+32,154
310,5,0.5500,1.0100,5.6400e+27,1.8153e+29,3.9000e+27,1.4572e+29,5.7093e+31,3.9884e+31,154
311,0,0.0000,0.0500,2.0000e+27,4.0000e+25,1.6100e+27,3.0000e+25,5.0363e+32,3.7758e+32,153
311,1,0.0500,0.1000,2.7900e+27,1.8300e+27,2.0800e+27,3.7000e+26,2.4153e+32,2.0791e+32,153
311,2,0.1000,0.2000,9.1800e+27,1.8430e+28,7.8500e+27,6.0500e+27,4.4809e+32,3.6655e+32,153
311,3,0.2000,0.3500,1.3070e+28,6.3990e+28,1.0290e+28,2.9040e+28,3.6865e+32,2.8272e+32,153
311,4,0.3500,0.5500,1.1200e+28,1.1827e+29,8.0500e+27,6.2880e+28,1.9123e+32,1.2978e+32,153
311,5,0.5500,1.0100,5.0700e+27,1.8303e+29,4.0100e+27,1.4355e+29,5.5374e+31,3.8977e+31,153
312,0,0.0000,0.0500,1.9400e+27,1.5000e+26,1.6400e+27,6.0000e+25,5.0479e+32,3.9394e+32,153
312,1,0.0500,0.1000,2.7900e+27,2.0700e+27,1.8700e+27,4.3000e+26,2.4203e+32,1.9218e+32,153
312,2,0.1000,0.2000,8.6800e+27,1.7820e+28,7.3100e+27,5.9700e+27,4.4037e+32,3.6699e+32,153
312,3,0.2000,0.3500,1.3560e+28,6.7140e+28,9.5500e+27,2.8620e+28,3.7716e+32,2.8263e+32,153
312,4,0.3500,0.5500,1.1640e+28,1.2016e+29,7.7600e+27,6.6020e+28,1.8885e+32,1.2911e+32,153
312,5,0.5500,1.0100,5.2700e+27,1.8111e+29,3.7400e+27,1.5117e+29,5.3922e+31,3.8317e+31,153
313,0,0.0000,0.0500,1.9600e+27,1.5000e+26,1.4700e+27,2.0000e+25,5.0264e+32,3.9736e+32,152
313,1,0.0500,0.1000,2.6700e+27,2.0000e+27,1.9600e+27,4.7000e+26,2.3892e+32,1.9190e+32,152
313,2,0.1000,0.2000,9.0100e+27,1.7160e+28,7.0100e+27,6.0300e+27,4.3348e+32,3.5866e+32,152
313,3,0.2000,0.3500,1.3960e+28,6.7150e+28,1.0500e+28,2.8790e+28,3.8150e+32,2.8068e+32,152
313,4,0.3500,0.5500,1.1460e+28,1.1638e+29,7.8700e+27,6.3860e+28,1.8536e+32,1.2765e+32,152
313,5,0.5500,1.0100,5.1800e+27,1.7966e+29,3.6700e+27,1.4747e+29,5.2343e+31,3.7448e+31,152
314,0,0.0000,0.0500,1.9000e+27,1.6000e+26,1.5900e+27,6.0000e+25,5.0040e+32,3.9519e+32,151
314,1,0.0500,0.1000,2.6000e+27,1.8600e+27,2.0000e+27,4.8000e+26,2.2641e+32,1.9481e+32,151
314,2,0.1000,0.2000,9.0800e+27,1.6710e+28,7.1700e+27,5.6400e+27,4.3617e+32,3.5271e+32,151
314,3,0.2000,0.3500,1.3720e+28,6.5080e+28,9.9800e+27,2.8420e+28,3.7956e+32,2.7863e+32,151
314,4,0.3500,0.5500,1.1400e+28,1.1659e+29,7.4200e+27,6.1350e+28,1.8790e+32,1.2612e+32,151
314,5,0.5500,1.0100,4.7300e+27,1.7078e+29,3.6200e+27,1.4509e+29,5.0657e+31,3.6575e+31,151
315,0,0.0000,0.0500,2.2100e+27,2.5000e+26,1.7500e+27,4.0000e+25,4.9816e+32,3.9303e+32,150
315,1,0.0500,0.1000,2.5200e+27,1.9000e+27,1.9400e+27,3.2000e+26,2.2537e+32,1.9371e+32,150
315,2,0.1000,0.2000,8.6300e+27,1.7290e+28,6.9700e+27,6.5500e+27,4.3446e+32,3.5078e+32,150
315,3,0.2000,0.3500,1.4250e+28,6.5990e+28,1.0030e+28,3.0340e+28,3.7591e+32,2.7673e+32,150
315,4,0.3500,0.5500,1.1600e+28,1.1736e+29,8.0200e+27,6.3860e+28,1.8521e+32,1.2460e+32,150
315,5,0.5500,1.0100,4.8700e+27,1.7931e+29,3.9500e+27,1.4404e+29,4.9127e+31,3.5767e+31,150
316,0,0.0000,0.0500,2.4100e+27,2.4000e+26,1.6500e+27,3.0000e+25,4.9930e+32,3.9348e+32,150
316,1,0.0500,0.1000,2.6300e+27,2.2500e+27,2.0600e+27,4.8000e+26,2.2582e+32,1.9390e+32,150
316,2,0.1000,0.2000,8.8700e+27,1.7420e+28,6.6800e+27,6.2600e+27,4.3569e+32,3.5129e+32,150
316,3,0.2000,0.3500,1.5020e+28,6.6640e+28,1.0620e+28,2.9690e+28,3.7558e+32,2.7664e+32,150
316,4,0.3500,0.5500,1.1450e+28,1.1570e+29,8.2000e+27,6.1760e+28,1.8287e+32,1.2396e+32,150
316,5,0.5500,1.0100,4.5900e+27,1.8093e+29,3.4300e+27,1.4885e+29,4.8033e+31,3.5168e+31,150
317,0,0.0000,0.0500,2.0500e+27,2.6000e+26,1.6700e+27,4.0000e+25,4.9316e+32,4.0700e+32,149
317,1,0.0500,0.1000,2.5000e+27,2.0800e+27,2.0100e+27,5.6000e+26,2.2453e+32,1.8887e+32,149
317,2,0.1000,0.2000,8.3300e+27,1.7410e+28,7.0200e+27,6.9700e+27,4.3462e+32,3.4279e+32,149
317,3,0.2000,0.3500,1.4410e+28,6.7460e+28,9.9900e+27,2.9240e+28,3.7607e+32,2.6957e+32,149
317,4,0.3500,0.5500,1.0690e+28,1.1394e+29,7.6000e+27,6.3280e+28,1.7947e+32,1.2246e+32,149
317,5,0.5500,1.0100,4.6300e+27,1.7892e+29,3.1300e+27,1.5101e+29,4.6662e+31,3.4425e+31,149
318,0,0.0000,0.0500,1.8800e+27,1.8000e+26,1.7100e+27,4.0000e+25,4.6852e+32,4.1787e+32,149
318,1,0.0500,0.1000,2.2500e+27,1.9900e+27,2.1300e+27,6.0000e+26,2.2906e+32,1.8843e+32,149
318,2,0.1000,0.2000,8.6400e+27,1.7290e+28,6.6300e+27,6.7800e+27,4.4660e+32,3.3813e+32,149
318,3,0.2000,0.3500,1.4580e+28,6.9510e+28,1.0020e+28,2.8900e+28,3.8638e+32,2.6480e+32,149
318,4,0.3500,0.5500,1.0990e+28,1.1564e+29,7.4200e+27,6.1390e+28,1.7724e+32,1.2169e+32,149
318,5,0.5500,1.0100,4.2900e+27,1.7237e+29,3.4700e+27,1.4396e+29,4.5476e+31,3.3819e+31,149
319,0,0.0000,0.0500,2.1600e+27,1.4000e+26,1.8600e+27,8.0000e+25,4.6584e+32,4.1556e+32,148
319,1,0.0500,0.1000,2.4300e+27,1.7900e+27,2.0000e+27,7.0000e+26,2.2852e+32,1.8735e+32,148
319,2,0.1000,0.2000,9.0100e+27,1.6050e+28,6.4700e+27,7.2200e+27,4.4445e+32,3.3627e+32,148
319,3,0.2000,0.3500,1.4620e+28,6.8330e+28,9.5600e+27,2.8500e+28,3.8349e+32,2.6290e+32,148
319,4,0.3500,0.5500,1.0810e+28,1.1277e+29,7.4000e+27,6.2890e+28,1.7392e+32,1.2015e+32,148
319,5,0.5500,1.0100,4.7100e+27,1.7193e+29,3.4500e+27,1.4552e+29,4.4058e+31,3.3032e+31,148
320,0,0.0000,0.0500,1.9400e+27,2.2000e+26,1.6600e+27,1.0000e+25,4.6369e+32,4.1326e+32,147
320,1,0.0500,0.1000,2.3800e+27,1.9400e+27,2.2700e+27,5.8000e+26,2.2734e+32,1.8630e+32,147
320,2,0.1000,0.2000,9.4500e+27,1.6480e+28,6.5800e+27,6.7100e+27,4.4244e+32,3.3434e+32,147
320,3,0.2000,0.3500,1.3710e+28,6.7590e+28,9.8600e+27,2.9290e+28,3.8048e+32,2.6095e+32,147
320,4,0.3500,0.5500,1.1190e+28,1.1550e+29,7.5200e+27,6.3700e+28,1.7088e+32,1.1875e+32,147
320,5,0.5500,1.0100,4.3400e+27,1.7728e+29,3.3700e+27,1.5010e+29,4.2720e+31,3.2298e+31,147
321,0,0.0000,0.0500,1.9600e+27,2.2000e+26,1.7600e+27,1.0000e+26,4.6464e+32,4.1377e+32,147
321,1,0.0500,0.1000,2.6100e+27,1.7700e+27,2.4000e+27,7.2000e+26,2.2769e+32,1.8653e+32,147
321,2,0.1000,0.2000,8.9500e+27,1.6350e+28,7.3000e+27,7.0700e+27,4.4352e+32,3.3477e+32,147
321,3,0.2000,0.3500,1.4220e+28,6.7530e+28,9.8700e+27,2.9510e+28,3.7987e+32,2.6088e+32,147
321,4,0.3500,0.5500,1.0020e+28,1.0926e+29,6.9600e+27,6.3340e+28,1.6883e+32,1.1802e+32,147
321,5,0.5500,1.0100,4.0200e+27,1.7521e+29,3.2000e+27,1.4535e+29,4.1699e+31,3.1869e+31,147
322,0,0.0000,0.0500,1.9600e+27,3.3000e+26,1.7300e+27,5.0000e+25,4.6565e+32,4.1426e+32,147
322,1,0.0500,0.1000,2.6500e+27,1.9900e+27,2.0500e+27,5.9000e+26,2.2806e+32,1.8679e+32,147
322,2,0.1000,0.2000,9.3100e+27,1.6450e+28,6.7600e+27,6.6800e+27,4.4452e+32,3.3523e+32,147
322,3,0.2000,0.3500,1.4720e+28,6.8340e+28,1.0030e+28,3.1710e+28,3.7929e+32,2.6262e+32,147
322,4,0.3500,0.5500,1.0350e+28,1.0990e+29,7.0100e+27,6.2020e+28,1.6683e+32,1.1546e+32,147
322,5,0.5500,1.0100,4.0500e+27,1.7557e+29,2.8400e+27,1.4318e+29,4.0784e+31,3.1304e+31,147
323,0,0.0000,0.0500,2.1200e+27,2.1000e+26,1.8100e+27,7.0000e+25,4.6024e+32,4.0910e+32,145
323,1,0.0500,0.1000,2.4600e+27,1.9500e+27,2.1100e+27,6.5000e+26,2.2535e+32,1.9351e+32,145
323,2,0.1000,0.2000,9.1400e+27,1.6320e+28,7.0900e+27,6.9400e+27,4.3941e+32,3.2522e+32,145
323,3,0.2000,0.3500,1.4450e+28,6.9140e+28,9.9100e+27,3.0930e+28,3.7353e+32,2.5745e+32,145
323,4,0.3500,0.5500,1.0170e+28,1.0939e+29,6.7500e+27,5.9810e+28,1.6282e+32,1.1151e+32,145
323,5,0.5500,1.0100,4.0000e+27,1.6421e+29,2.7700e+27,1.4526e+29,3.9273e+31,3.0412e+31,145
324,0,0.0000,0.0500,2.2100e+27,2.4000e+26,1.7000e+27,1.1000e+26,4.6114e+32,4.0963e+32,145
324,1,0.0500,0.1000,2.2400e+27,1.3300e+27,2.3700e+27,5.4000e+26,2.1237e+32,1.9384e+32,145
324,2,0.1000,0.2000,9.1500e+27,1.6730e+28,6.9000e+27,7.4100e+27,4.5375e+32,3.3054e+32,145
324,3,0.2000,0.3500,1.4940e+28,7.0990e+28,9.7900e+27,3.1140e+28,3.7292e+32,2.5227e+32,145
324,4,0.3500,0.5500,1.0400e+28,1.0745e+29,6.9500e+27,6.3090e+28,1.6109e+32,1.1084e+32,145
324,5,0.5500,1.0100,4.0200e+27,1.6648e+29,3.0700e+27,1.5099e+29,3.8317e+31,2.9986e+31,145
325,0,0.0000,0.0500,2.3000e+27,2.9000e+26,1.6800e+27,1.2000e+26,4.6205e+32,4.1013e+32,145
325,1,0.0500,0.1000,2.1100e+27,1.7000e+27,2.2400e+27,6.6000e+26,2.1191e+32,1.9405e+32,145
325,2,0.1000,0.2000,9.1800e+27,1.6850e+28,6.7400e+27,8.0100e+27,4.5560e+32,3.3096e+32,145
325,3,0.2000,0.3500,1.4050e+28,6.8330e+28,1.0080e+28,3.1030e+28,3.7223e+32,2.5209e+32,145
325,4,0.3500,0.5500,9.8300e+27,1.0350e+29,6.5100e+27,6.3030e+28,1.5928e+32,1.1023e+32,145
325,5,0.5500,1.0100,3.5300e+27,1.7441e+29,3.2300e+27,1.5503e+29,3.7505e+31,2.9605e+31,145
326,0,0.0000,0.0500,2.1500e+27,2.8000e+26,1.6000e+27,1.0000e+26,4.5529e+32,4.0778e+32,144
326,1,0.0500,0.1000,2.4600e+27,1.5200e+27,2.2800e+27,8.5000e+26,2.1522e+32,1.9290e+32,144
326,2,0.1000,0.2000,9.7800e+27,1.6610e+28,6.6600e+27,7.5000e+27,4.5346e+32,3.2906e+32,144
326,3,0.2000,0.3500,1.4340e+28,7.1050e+28,9.4000e+27,3.2320e+28,3.6890e+32,2.5029e+32,144
326,4,0.3500,0.5500,1.0000e+28,1.0306e+29,6.7500e+27,6.1280e+28,1.5647e+32,1.0886e+32,144
326,5,0.5500,1.0100,3.5500e+27,1.7586e+29,2.9700e+27,1.6396e+29,3.6431e+31,2.9116e+31,144
327,0,0.0000,0.0500,2.3500e+27,4.2000e+26,1.3900e+27,2.0000e+25,4.4400e+32,4.0823e+32,144
327,1,0.0500,0.1000,2.3600e+27,1.7700e+27,2.0300e+27,6.9000e+26,2.2766e+32,1.9309e+32,144
327,2,0.1000,0.2000,9.6700e+27,1.7000e+28,7.1800e+27,7.5100e+27,4.5438e+32,3.3066e+32,144
327,3,0.2000,0.3500,1.4040e+28,6.9160e+28,9.4700e+27,3.1840e+28,3.6823e+32,2.4898e+32,144
327,4,0.3500,0.5500,1.0140e+28,1.0462e+29,6.6400e+27,6.4130e+28,1.5489e+32,1.0828e+32,144
327,5,0.5500,1.0100,3.4900e+27,1.7619e+29,3.0300e+27,1.5638e+29,3.5765e+31,2.8825e+31,144
328,0,0.0000,0.0500,2.1600e+27,3.0000e+26,1.7000e+27,1.2000e+26,4.3451e+32,4.0581e+32,143
328,1,0.0500,0.1000,2.6200e+27,1.7300e+27,2.2500e+27,7.8000e+26,2.3355e+32,1.9193e+32,143
328,2,0.1000,0.2000,9.4100e+27,1.7230e+28,7.3700e+27,7.4800e+27,4.5212e+32,3.3389e+32,143
328,3,0.2000,0.3500,1.3990e+28,6.6240e+28,9.8500e+27,3.1600e+28,3.6494e+32,2.4204e+32,143
328,4,0.3500,0.5500,9.4500e+27,1.0109e+29,6.8000e+27,6.3980e+28,1.5217e+32,1.0692e+32,143
328,5,0.5500,1.0100,3.6700e+27,1.7000e+29,2.7800e+27,1.5428e+29,3.4814e+31,2.8219e+31,143
329,0,0.0000,0.0500,2.1900e+27,2.0000e+26,1.5400e+27,7.0000e+25,4.3520e+32,4.0623e+32,143
329,1,0.0500,0.1000,2.5100e+27,1.8800e+27,2.0800e+27,8.1000e+26,2.3392e+32,1.9213e+32,143
329,2,0.1000,0.2000,9.5900e+27,1.7750e+28,7.2600e+27,8.0900e+27,4.5307e+32,3.3429e+32,143
329,3,0.2000,0.3500,1.4630e+28,6.8200e+28,9.6100e+27,3.0640e+28,3.6426e+32,2.4183e+32,143
329,4,0.3500,0.5500,9.4600e+27,1.0202e+29,6.1700e+27,6.3840e+28,1.5066e+32,1.0625e+32,143
329,5,0.5500,1.0100,3.5200e+27,1.7502e+29,2.8900e+27,1.6203e+29,3.4129e+31,2.7878e+31,143
330,0,0.0000,0.0500,1.7400e+27,3.7000e+26,1.7100e+27,1.1000e+26,4.2500e+32,4.0378e+32,142
330,1,0.0500,0.1000,2.6000e+27,1.8200e+27,2.4300e+27,7.2000e+26,2.4050e+32,1.9101e+32,142
330,2,0.1000,0.2000,9.7800e+27,1.6580e+28,7.3100e+27,7.8100e+27,4.5080e+32,3.3231e+32,142
330,3,0.2000,0.3500,1.3320e+28,6.9270e+28,9.0100e+27,3.3090e+28,3.6104e+32,2.4002e+32,142
330,4,0.3500,0.5500,9.8100e+27,1.0191e+29,6.2000e+27,6.8260e+28,1.4821e+32,1.0496e+32,142
330,5,0.5500,1.0100,3.4800e+27,1.8087e+29,2.7900e+27,1.5965e+29,3.3330e+31,2.7383e+31,142
331,0,0.0000,0.0500,2.1200e+27,2.5000e+26,1.6000e+27,3.0000e+25,4.2133e+32,4.0419e+32,142
331,1,0.0500,0.1000,3.0900e+27,1.5700e+27,2.3000e+27,7.9000e+26,2.4514e+32,1.9123e+32,142
331,2,0.1000,0.2000,9.3700e+27,1.6960e+28,7.0000e+27,8.2600e+27,4.5147e+32,3.3267e+32,142
331,3,0.2000,0.3500,1.3820e+28,6.7180e+28,9.5400e+27,3.1410e+28,3.6022e+32,2.3983e+32,142
331,4,0.3500,0.5500,9.0600e+27,1.0394e+29,6.6100e+27,6.6260e+28,1.4705e+32,1.0441e+32,142
331,5,0.5500,1.0100,3.5500e+27,1.8745e+29,2.9100e+27,1.6031e+29,3.2838e+31,2.7069e+31,142
332,0,0.0000,0.0500,1.9600e+27,2.6000e+26,1.7400e+27,7.0000e+25,4.2193e+32,4.0458e+32,142
332,1,0.0500,0.1000,2.5900e+27,1.6800e+27,2.5400e+27,6.5000e+26,2.4548e+32,1.9141e+32,142
332,2,0.1000,0.2000,1.0050e+28,1.7220e+28,6.8600e+27,8.4500e+27,4.5221e+32,3.3298e+32,142
332,3,0.2000,0.3500,1.4490e+28,6.9460e+28,8.7500e+27,3.2410e+28,3.5953e+32,2.3969e+32,142
332,4,0.3500,0.5500,1.0070e+28,1.0805e+29,7.0400e+27,6.6370e+28,1.4601e+32,1.0392e+32,142
332,5,0.5500,1.0100,3.3500e+27,1.8894e+29,2.3100e+27,1.6822e+29,3.2370e+31,2.6813e+31,142
333,0,0.0000,0.0500,1.9300e+27,2.2000e+26,1.6700e+27,8.0000e+25,4.1950e+32,4.0211e+32,141
333,1,0.0500,0.1000,2.6400e+27,1.7200e+27,2.4000e+27,9.2000e+26,2.4410e+32,1.9024e+32,141
333,2,0.1000,0.2000,9.3600e+27,1.6800e+28,7.5200e+27,8.0600e+27,4.4974e+32,3.3097e+32,141
333,3,0.2000,0.3500,1.4010e+28,6.6790e+28,9.3800e+27,3.3000e+28,3.5631e+32,2.3792e+32,141
333,4,0.3500,0.5500,9.3800e+27,1.0575e+29,6.3500e+27,6.6310e+28,1.4382e+32,1.0278e+32,141
333,5,0.5500,1.0100,3.0200e+27,1.7991e+29,2.7900e+27,1.7098e+29,3.1628e+31,2.6404e+31,141
334,0,0.0000,0.0500,1.7600e+27,3.1000e+26,1.8200e+27,1.0000e+26,4.2003e+32,4.0247e+32,141
334,1,0.0500,0.1000,2.9700e+27,1.6400e+27,2.5700e+27,7.8000e+26,2.4440e+32,1.9044e+32,141
334,2,0.1000,0.2000,9.5600e+27,1.6050e+28,6.6100e+27,7.9800e+27,4.5032e+32,3.3127e+32,141
334,3,0.2000,0.3500,1.3860e+28,6.7270e+28,9.5200e+27,3.1960e+28,3.5558e+32,2.3777e+32,141
334,4,0.3500,0.5500,9.2700e+27,1.0783e+29,7.0100e+27,6.7190e+28,1.4272e+32,1.0234e+32,141
334,5,0.5500,1.0100,3.4300e+27,1.8267e+29,2.5300e+27,1.6868e+29,3.1119e+31,2.6155e+31,141
335,0,0.0000,0.0500,1.9700e+27,2.9000e+26,1.6000e+27,6.0000e+25,4.1756e+32,4.0000e+32,140
335,1,0.0500,0.1000,2.5200e+27,1.7400e+27,2.0100e+27,8.1000e+26,2.4295e+32,1.8925e+32,140
335,2,0.1000,0.2000,9.2600e+27,1.6660e+28,7.2300e+27,8.1300e+27,4.4776e+32,3.2918e+32,140
335,3,0.2000,0.3500,1.4920e+28,6.5380e+28,9.3000e+27,3.3260e+28,3.5242e+32,2.3597e+32,140
335,4,0.3500,0.5500,9.4100e+27,1.0153e+29,7.0100e+27,6.9650e+28,1.4060e+32,1.0121e+32,140
335,5,0.5500,1.0100,3.1800e+27,1.9152e+29,2.6800e+27,1.7844e+29,3.0563e+31,2.5812e+31,140
336,0,0.0000,0.0500,1.9500e+27,3.1000e+26,1.8800e+27,9.0000e+25,4.1804e+32,4.0033e+32,140
336,1,0.0500,0.1000,2.7900e+27,1.7200e+27,2.1400e+27,6.9000e+26,2.4327e+32,1.8944e+32,140
336,2,0.1000,0.2000,9.6500e+27,1.6450e+28,7.6100e+27,9.0900e+27,4.4828e+32,3.2951e+32,140
336,3,0.2000,0.3500,1.4170e+28,6.6220e+28,9.4700e+27,3.2680e+28,3.5183e+32,2.3577e+32,140
336,4,0.3500,0.5500,9.0500e+27,1.0478e+29,6.8200e+27,7.2010e+28,1.3949e+32,1.0094e+32,140
336,5,0.5500,1.0100,3.4500e+27,2.0192e+29,2.7700e+27,1.8264e+29,3.0283e+31,2.5624e+31,140
337,0,0.0000,0.0500,2.1300e+27,3.6000e+26,1.4100e+27,8.0000e+25,4.1851e+32,4.0067e+32,140
337,1,0.0500,0.1000,2.8500e+27,1.6500e+27,2.4100e+27,8.6000e+26,2.4355e+32,1.8961e+32,140
337,2,0.1000,0.2000,9.6300e+27,1.6560e+28,7.4200e+27,8.3000e+27,4.4881e+32,3.2980e+32,140
337,3,0.2000,0.3500,1.4220e+28,6.5890e+28,9.4400e+27,3.2190e+28,3.5122e+32,2.3555e+32,140
337,4,0.3500,0.5500,9.0700e+27,1.0787e+29,6.5800e+27,6.9990e+28,1.3856e+32,1.0065e+32,140
337,5,0.5500,1.0100,2.9700e+27,1.9132e+29,2.4900e+27,1.8614e+29,2.9909e+31,2.5536e+31,140
338,0,0.0000,0.0500,2.0600e+27,2.9000e+26,1.6400e+27,7.0000e+25,4.1600e+32,3.9812e+32,139
338,1,0.0500,0.1000,2.8200e+27,1.4900e+27,2.0800e+27,7.1000e+26,2.4211e+32,1.8840e+32,139
338,2,0.1000,0.2000,9.9100e+27,1.7080e+28,7.2800e+27,8.6800e+27,4.4614e+32,3.2764e+32,139
338,3,0.2000,0.3500,1.3440e+28,6.4870e+28,9.1800e+27,3.2880e+28,3.4813e+32,2.3368e+32,139
338,4,0.3500,0.5500,9.1800e+27,1.0748e+29,6.3200e+27,7.3020e+28,1.3670e+32,9.9584e+31,139
338,5,0.5500,1.0100,3.2600e+27,2.0501e+29,2.9400e+27,1.9027e+29,2.9398e+31,2.5240e+31,139
339,0,0.0000,0.0500,2.1800e+27,3.3000e+26,1.9300e+27,5.0000e+25,4.3034e+32,4.0132e+32,140
339,1,0.0500,0.1000,2.7000e+27,1.5600e+27,2.3500e+27,7.4000e+26,2.3324e+32,1.8988e+32,140
339,2,0.1000,0.2000,9.3000e+27,1.6570e+28,7.0100e+27,8.3800e+27,4.4978e+32,3.3019e+32,140
339,3,0.2000,0.3500,1.4200e+28,6.4700e+28,9.1100e+27,3.4130e+28,3.5004e+32,2.3524e+32,140
339,4,0.3500,0.5500,8.4700e+27,1.0917e+29,6.8900e+27,7.3610e+28,1.3690e+32,9.9872e+31,140
339,5,0.5500,1.0100,3.0900e+27,2.0841e+29,2.8300e+27,1.9396e+29,2.9419e+31,2.5375e+31,140
340,0,0.0000,0.0500,2.1500e+27,3.4000e+26,1.7300e+27,8.0000e+25,4.2603e+32,3.9591e+32,138
340,1,0.0500,0.1000,2.6300e+27,1.4300e+27,2.1500e+27,7.8000e+26,2.2873e+32,1.8727e+32,138
340,2,0.1000,0.2000,9.4600e+27,1.5430e+28,6.9600e+27,9.2500e+27,4.4376e+32,3.2568e+32,138
340,3,0.2000,0.3500,1.4000e+28,6.4190e+28,9.6200e+27,3.5060e+28,3.4445e+32,2.3176e+32,138
340,4,0.3500,0.5500,8.5300e+27,1.0733e+29,6.4800e+27,7.4130e+28,1.3413e+32,9.8202e+31,138
340,5,0.5500,1.0100,2.8400e+27,2.1095e+29,2.6700e+27,2.0800e+29,2.8720e+31,2.4947e+31,138
341,0,0.0000,0.0500,2.0600e+27,3.5000e+26,1.5200e+27,1.0000e+26,4.2956e+32,3.9909e+32,139
341,1,0.0500,0.1000,2.9900e+27,1.5000e+27,2.3400e+27,7.7000e+26,2.3059e+32,1.8876e+32,139
341,2,0.1000,0.2000,9.5400e+27,1.5930e+28,7.2100e+27,8.6600e+27,4.4726e+32,3.2824e+32,139
341,3,0.2000,0.3500,1.3620e+28,6.2690e+28,9.0300e+27,3.5390e+28,3.4636e+32,2.3331e+32,139
341,4,0.3500,0.5500,9.1500e+27,1.0832e+29,6.4200e+27,7.7990e+28,1.3432e+32,9.8759e+31,139
341,5,0.5500,1.0100,2.9900e+27,2.1690e+29,2.6500e+27,2.1338e+29,2.8671e+31,2.5219e+31,139
342,0,0.0000,0.0500,2.2400e+27,4.5000e+26,1.7400e+27,9.0000e+25,4.3490e+32,3.9655e+32,138
342,1,0.0500,0.1000,2.4700e+27,1.1900e+27,2.1400e+27,8.2000e+26,2.2107e+32,1.8754e+32,138
342,2,0.1000,0.2000,9.2800e+27,1.5120e+28,6.8600e+27,8.1600e+27,4.4433e+32,3.2022e+32,138
342,3,0.2000,0.3500,1.4440e+28,6.1780e+28,9.4100e+27,3.5910e+28,3.4330e+32,2.3734e+32,138
342,4,0.3500,0.5500,9.3700e+27,1.0860e+29,6.5500e+27,7.9790e+28,1.3277e+32,9.7787e+31,138
342,5,0.5500,1.0100,2.8900e+27,2.2671e+29,2.6500e+27,2.1155e+29,2.8325e+31,2.4952e+31,138
343,0,0.0000,0.0500,2.1700e+27,2.9000e+26,1.5300e+27,1.0000e+26,4.4464e+32,3.9685e+32,138
343,1,0.0500,0.1000,2.2700e+27,1.2100e+27,2.1000e+27,7.9000e+26,2.1187e+32,1.8762e+32,138
343,2,0.1000,0.2000,9.8800e+27,1.4510e+28,7.0300e+27,8.2400e+27,4.4456e+32,3.1972e+32,138
343,3,0.2000,0.3500,1.3920e+28,6.0710e+28,9.7300e+27,3.4810e+28,3.4279e+32,2.3779e+32,138
343,4,0.3500,0.5500,8.7800e+27,1.0703e+29,6.4400e+27,7.6320e+28,1.3205e+32,9.7548e+31,138
343,5,0.5500,1.0100,2.8400e+27,2.3874e+29,2.7600e+27,2.2166e+29,2.8293e+31,2.4954e+31,138
344,0,0.0000,0.0500,2.1500e+27,3.5000e+26,1.6400e+27,7.0000e+25,4.5184e+32,3.9710e+32,138
344,1,0.0500,0.1000,2.3000e+27,1.3400e+27,2.1700e+27,8.5000e+26,2.0523e+32,1.8773e+32,138
344,2,0.1000,0.2000,9.5000e+27,1.4280e+28,6.9500e+27,8.4000e+27,4.4469e+32,3.1986e+32,138
344,3,0.2000,0.3500,1.3640e+28,6.1450e+28,9.2000e+27,3.6370e+28,3.4213e+32,2.3764e+32,138
344,4,0.3500,0.5500,9.0600e+27,1.0815e+29,6.4400e+27,7.9670e+28,1.3124e+32,9.7270e+31,138
344,5,0.5500,1.0100,2.9700e+27,2.3546e+29,2.6300e+27,2.2770e+29,2.8157e+31,2.4970e+31,138
345,0,0.0000,0.0500,2.2800e+27,3.4000e+26,1.8200e+27,1.3000e+26,4.5233e+32,3.9741e+32,138
345,1,0.0500,0.1000,2.8400e+27,1.4000e+27,2.4600e+27,9.7000e+26,2.0534e+32,1.8783e+32,138
345,2,0.1000,0.2000,1.0710e+28,1.4870e+28,7.5400e+27,8.4200e+27,4.4505e+32,3.1996e+32,138
345,3,0.2000,0.3500,1.4340e+28,6.0620e+28,9.5700e+27,3.5510e+28,3.4156e+32,2.3751e+32,138
345,4,0.3500,0.5500,9.1600e+27,1.0999e+29,6.8100e+27,8.2470e+28,1.3069e+32,9.7071e+31,138
345,5,0.5500,1.0100,2.9600e+27,2.3617e+29,2.6200e+27,2.3040e+29,2.8005e+31,2.4953e+31,138
346,0,0.0000,0.0500,2.0400e+27,4.2000e+26,1.6600e+27,5.0000e+25,4.4946e+32,3.9481e+32,137
346,1,0.0500,0.1000,2.1800e+27,1.1600e+27,2.4700e+27,8.1000e+26,2.0470e+32,1.8658e+32,137
346,2,0.1000,0.2000,9.5900e+27,1.4230e+28,7.2600e+27,8.3700e+27,4.4138e+32,3.1778e+32,137
346,3,0.2000,0.3500,1.3930e+28,6.1210e+28,9.5500e+27,3.5520e+28,3.3852e+32,2.3560e+32,137
346,4,0.3500,0.5500,8.6700e+27,1.0914e+29,6.1100e+27,8.0350e+28,1.2921e+32,9.6235e+31,137
346,5,0.5500,1.0100,2.8500e+27,2.5123e+29,2.7000e+27,2.3216e+29,2.7781e+31,2.4768e+31,137
347,0,0.0000,0.0500,2.1800e+27,3.8000e+26,1.7700e+27,6.0000e+25,4.5316e+32,3.9794e+32,138
347,1,0.0500,0.1000,2.5900e+27,1.2600e+27,2.5100e+27,8.4000e+26,2.1978e+32,1.8802e+32,138
347,2,0.1000,0.2000,9.4900e+27,1.4010e+28,7.1700e+27,8.2100e+27,4.3116e+32,3.1668e+32,138
347,3,0.2000,0.3500,1.4570e+28,5.8440e+28,9.7400e+27,3.6090e+28,3.4055e+32,2.4071e+32,138
347,4,0.3500,0.5500,8.2500e+27,1.0903e+29,6.4100e+27,8.1060e+28,1.2951e+32,9.6757e+31,138
347,5,0.5500,1.0100,2.9000e+27,2.5601e+29,2.5900e+27,2.4625e+29,2.7951e+31,2.5011e+31,138
348,0,0.0000,0.0500,2.2600e+27,2.8000e+26,1.8400e+27,8.0000e+25,4.5033e+32,3.9531e+32,137
348,1,0.0500,0.1000,2.6300e+27,1.2400e+27,2.1400e+27,7.0000e+26,2.1826e+32,1.8126e+32,137
348,2,0.1000,0.2000,9.9500e+27,1.3390e+28,6.8200e+27,8.1400e+27,4.2813e+32,3.1543e+32,137
348,3,0.2000,0.3500,1.3390e+28,5.7280e+28,1.0050e+28,3.6830e+28,3.3748e+32,2.4329e+32,137
348,4,0.3500,0.5500,8.4300e+27,1.0650e+29,6.2600e+27,7.9790e+28,1.2801e+32,9.5768e+31,137
348,5,0.5500,1.0100,2.8500e+27,2.6438e+29,2.7900e+27,2.5216e+29,2.7774e+31,2.4978e+31,137
349,0,0.0000,0.0500,2.2100e+27,2.4000e+26,1.8500e+27,1.5000e+26,4.5068e+32,3.9560e+32,137
349,1,0.0500,0.1000,2.5200e+27,1.3000e+27,2.3100e+27,7.7000e+26,2.1837e+32,1.7765e+32,137
349,2,0.1000,0.2000,9.7700e+27,1.3400e+28,7.2600e+27,7.5800e+27,4.2826e+32,3.1912e+32,137
349,3,0.2000,0.3500,1.3730e+28,5.5210e+28,9.3500e+27,3.5510e+28,3.3688e+32,2.4032e+32,137
349,4,0.3500,0.5500,8.1600e+27,1.0980e+29,6.4400e+27,8.5760e+28,1.2752e+32,9.8306e+31,137
349,5,0.5500,1.0100,2.8500e+27,2.6989e+29,2.4600e+27,2.6108e+29,2.7826e+31,2.5063e+31,137
350,0,0.0000,0.0500,2.2000e+27,2.4000e+26,1.7700e+27,8.0000e+25,4.4778e+32,3.9300e+32,136
350,1,0.0500,0.1000,2.5700e+27,1.1100e+27,2.4400e+27,6.6000e+26,2.1688e+32,1.7641e+32,136
350,2,0.1000,0.2000,9.7900e+27,1.3630e+28,6.6200e+27,8.2400e+27,4.2524e+32,3.1685e+32,136
350,3,0.2000,0.3500,1.3660e+28,5.4550e+28,9.8300e+27,3.5790e+28,3.3387e+32,2.3788e+32,136
350,4,0.3500,0.5500,8.2100e+27,1.0709e+29,6.6100e+27,8.2400e+28,1.2610e+32,9.7900e+31,136
350,5,0.5500,1.0100,3.0900e+27,2.6774e+29,2.7100e+27,2.5600e+29,2.7692e+31,2.4858e+31,136
351,0,0.0000,0.0500,2.2600e+27,2.4000e+26,1.6400e+27,1.0000e+26,4.5143e+32,3.9614e+32,137
351,1,0.0500,0.1000,2.5600e+27,1.3000e+27,2.4100e+27,7.5000e+26,2.1858e+32,1.7778e+32,137
351,2,0.1000,0.2000,9.7400e+27,1.3080e+28,6.9800e+27,8.3200e+27,4.2842e+32,3.1924e+32,137
351,3,0.2000,0.3500,1.3800e+28,5.6310e+28,1.0360e+28,3.4040e+28,3.3591e+32,2.3938e+32,137
351,4,0.3500,0.5500,8.5600e+27,1.0819e+29,6.1200e+27,8.8470e+28,1.2648e+32,9.8411e+31,137
351,5,0.5500,1.0100,2.6400e+27,2.7651e+29,2.6900e+27,2.5360e+29,2.7915e+31,2.5064e+31,137
352,0,0.0000,0.0500,1.9200e+27,1.8000e+26,1.7500e+27,2.0000e+26,4.4851e+32,3.9351e+32,136
352,1,0.0500,0.1000,2.6100e+27,1.2300e+27,2.1200e+27,8.8000e+26,2.1707e+32,1.7657e+32,136
352,2,0.1000,0.2000,8.6900e+27,1.2610e+28,7.4800e+27,8.3300e+27,4.2531e+32,3.1691e+32,136
352,3,0.2000,0.3500,1.3530e+28,5.4440e+28,9.7500e+27,3.5200e+28,3.3310e+32,2.3748e+32,136
352,4,0.3500,0.5500,8.5700e+27,1.0453e+29,6.7100e+27,8.4730e+28,1.2518e+32,9.7452e+31,136
352,5,0.5500,1.0100,3.0500e+27,2.7867e+29,2.4300e+27,2.6330e+29,2.7736e+31,2.4997e+31,136
353,0,0.0000,0.0500,2.0900e+27,2.6000e+26,1.6400e+27,9.0000e+25,4.5217e+32,3.9665e+32,137
353,1,0.0500,0.1000,2.5600e+27,1.2500e+27,2.2300e+27,6.6000e+26,2.1874e+32,1.7795e+32,137
353,2,0.1000,0.2000,9.9400e+27,1.2680e+28,7.2300e+27,7.9500e+27,4.2847e+32,3.1929e+32,137
353,3,0.2000,0.3500,1.3630e+28,5.3050e+28,9.8500e+27,3.6000e+28,3.3500e+32,2.3900e+32,137
353,4,0.3500,0.5500,8.1800e+27,1.0713e+29,6.3900e+27,8.6510e+28,1.2559e+32,9.8046e+31,137
353,5,0.5500,1.0100,3.1800e+27,2.7670e+29,2.6800e+27,2.6532e+29,2.7981e+31,2.5327e+31,137
354,0,0.0000,0.0500,2.3400e+27,1.6000e+26,1.6600e+27,7.0000e+25,4.4926e+32,3.9399e+32,136
354,1,0.0500,0.1000,2.4300e+27,9.5000e+26,2.3400e+27,5.9000e+26,2.1718e+32,1.7673e+32,136
354,2,0.1000,0.2000,9.2300e+27,1.1950e+28,7.1300e+27,8.5200e+27,4.2535e+32,3.1700e+32,136
354,3,0.2000,0.3500,1.2980e+28,5.2300e+28,9.3800e+27,3.6330e+28,3.3201e+32,2.3717e+32,136
354,4,0.3500,0.5500,8.1800e+27,1.0815e+29,6.4400e+27,8.3970e+28,1.2435e+32,9.7142e+31,136
354,5,0.5500,1.0100,2.7600e+27,2.7506e+29,2.8200e+27,2.6850e+29,2.7774e+31,2.5102e+31,136
355,0,0.0000,0.0500,2.0400e+27,2.5000e+26,1.8000e+27,7.0000e+25,4.5290e+32,3.9706e+32,137
355,1,0.0500,0.1000,2.2700e+27,1.0500e+27,2.3700e+27,9.2000e+26,2.1884e+32,1.7809e+32,137
355,2,0.1000,0.2000,9.2300e+27,1.2340e+28,7.5000e+27,7.5000e+27,4.2849e+32,3.1931e+32,137
355,3,0.2000,0.3500,1.3540e+28,5.3500e+28,9.4400e+27,3.5020e+28,3.3406e+32,2.3864e+32,137
355,4,0.3500,0.5500,8.1400e+27,1.0498e+29,6.5700e+27,8.3190e+28,1.2482e+32,9.7614e+31,137
355,5,0.5500,1.0100,3.0700e+27,2.8776e+29,2.7300e+27,2.7574e+29,2.8007e+31,2.5447e+31,137
356,0,0.0000,0.0500,2.1000e+27,2.7000e+26,1.8900e+27,1.0000e+26,4.5976e+32,3.9437e+32,136
356,1,0.0500,0.1000,2.4400e+27,1.0900e+27,2.4400e+27,7.1000e+26,2.1367e+32,1.7685e+32,136
356,2,0.1000,0.2000,8.4300e+27,1.2360e+28,7.4300e+27,8.4100e+27,4.2111e+32,3.1698e+32,136
356,3,0.2000,0.3500,1.3360e+28,5.1570e+28,9.7900e+27,3.4350e+28,3.2925e+32,2.3661e+32,136
356,4,0.3500,0.5500,8.6600e+27,1.0315e+29,6.4400e+27,8.4770e+28,1.2352e+32,9.6639e+31,136
356,5,0.5500,1.0100,2.7500e+27,2.8055e+29,2.6400e+27,2.7077e+29,2.7819e+31,2.5311e+31,136
357,0,0.0000,0.0500,2.1000e+27,1.9000e+26,1.7300e+27,1.2000e+26,4.7865e+32,3.8395e+32,136
357,1,0.0500,0.1000,2.6700e+27,9.8000e+26,2.3400e+27,7.6000e+26,2.1347e+32,1.7666e+32,136
357,2,0.1000,0.2000,9.1900e+27,1.2360e+28,7.1700e+27,8.4700e+27,4.1401e+32,3.2233e+32,136
357,3,0.2000,0.3500,1.2650e+28,4.9210e+28,9.8100e+27,3.3700e+28,3.1756e+32,2.4190e+32,136
357,4,0.3500,0.5500,8.3700e+27,9.5950e+28,6.5800e+27,8.4220e+28,1.2310e+32,9.6373e+31,136
357,5,0.5500,1.0100,3.1500e+27,2.8324e+29,2.9400e+27,2.6805e+29,2.7819e+31,2.5277e+31,136
358,0,0.0000,0.0500,2.2300e+27,1.6000e+26,1.6000e+27,8.0000e+25,4.7895e+32,3.7059e+32,136
358,1,0.0500,0.1000,2.7400e+27,1.3300e+27,2.3600e+27,5.2000e+26,2.1354e+32,1.8113e+32,136
358,2,0.1000,0.2000,8.9400e+27,1.2030e+28,7.0700e+27,7.7900e+27,4.1425e+32,3.2806e+32,136
358,3,0.2000,0.3500,1.2440e+28,4.8390e+28,9.9000e+27,3.5250e+28,3.1678e+32,2.4508e+32,136
358,4,0.3500,0.5500,8.3000e+27,1.0374e+29,6.4800e+27,8.1600e+28,1.2267e+32,9.6105e+31,136
358,5,0.5500,1.0100,3.2500e+27,2.8814e+29,2.5100e+27,2.7864e+29,2.7885e+31,2.5339e+31,136
359,0,0.0000,0.0500,2.5300e+27,1.6000e+26,1.6700e+27,1.9000e+26,4.7822e+32,3.6995e+32,136
359,1,0.0500,0.1000,2.6300e+27,9.8000e+26,2.4200e+27,7.7000e+26,2.1321e+32,1.8086e+32,136
359,2,0.1000,0.2000,9.5300e+27,1.1440e+28,7.1400e+27,7.5600e+27,4.1360e+32,3.2757e+32,136
359,3,0.2000,0.3500,1.2780e+28,4.7540e+28,9.9700e+27,3.5800e+28,3.1605e+32,2.4467e+32,136
359,4,0.3500,0.5500,8.5700e+27,1.0167e+29,6.4000e+27,8.5330e+28,1.2238e+32,9.5808e+31,136
359,5,0.5500,1.0100,2.9900e+27,2.8637e+29,3.0100e+27,2.7417e+29,2.7904e+31,2.5414e+31,136
