TAA_Bin,Gen_Total,Gen_PSD,Gen_TD,Gen_SWS,Gen_MMV,Gen_PSD_Dawn,Gen_PSD_Dusk,Gen_TD_Dawn,Gen_TD_Dusk,Gen_SWS_Dawn,Gen_SWS_Dusk,Gen_MMV_Dawn,Gen_MMV_Dusk,Max_Flux_PSD,Min_Flux_PSD,Max_Flux_TD,Min_Flux_TD,Max_Flux_SWS,Min_Flux_SWS,Max_Flux_MMV,Min_Flux_MMV,Pct_PSD,Pct_TD,Pct_SWS,Pct_MMV,Loss_Total,Loss_Stuck,Loss_Ionized,Loss_Escaped,Supply_Internal,Trans_Inward,Pct_Stuck,Pct_Ionized,Pct_Escaped
0,6.1109e+29,1.3713e+29,4.6516e+29,2.0100e+27,6.7900e+27,9.4320e+28,4.2810e+28,2.4372e+29,2.2144e+29,1.1200e+27,8.9000e+26,3.5500e+27,3.2400e+27,3.2238e+08,2.8605e+06,1.3202e+09,1.0862e-05,1.5047e+07,1.5130e+05,6.6625e+05,6.6621e+05,22.4,76.1,0.3,1.1,6.1141e+29,5.9233e+29,1.8730e+28,3.5000e+26,2.0933e+28,0.0000e+00,96.9,3.1,0.1
1,6.0918e+29,1.3456e+29,4.6584e+29,2.0000e+27,6.7800e+27,9.3540e+28,4.1020e+28,2.4658e+29,2.1926e+29,9.6000e+26,1.0400e+27,3.2300e+27,3.5500e+27,3.2019e+08,2.7656e+06,1.4982e+09,9.4339e-06,1.5068e+07,1.5140e+05,6.6621e+05,6.6612e+05,22.1,76.5,0.3,1.1,6.0925e+29,5.9052e+29,1.8300e+28,4.3000e+26,2.0925e+28,0.0000e+00,96.9,3.0,0.1
2,6.1299e+29,1.3556e+29,4.6854e+29,2.1000e+27,6.7900e+27,9.2300e+28,4.3260e+28,2.4653e+29,2.2201e+29,1.1600e+27,9.4000e+26,3.3500e+27,3.4400e+27,3.1896e+08,2.3065e+06,1.3888e+09,8.1762e-06,1.4962e+07,1.4803e+05,6.6611e+05,6.6595e+05,22.1,76.4,0.3,1.1,6.1306e+29,5.9366e+29,1.8940e+28,4.6000e+26,2.0909e+28,0.0000e+00,96.8,3.1,0.1
3,6.1880e+29,1.3562e+29,4.7425e+29,2.1200e+27,6.8100e+27,9.2280e+28,4.3340e+28,2.5064e+29,2.2361e+29,1.2800e+27,8.4000e+26,3.6100e+27,3.2000e+27,3.1636e+08,2.0268e+06,1.2680e+09,7.0664e-06,1.5046e+07,1.4193e+05,6.6595e+05,6.6572e+05,21.9,76.6,0.3,1.1,6.1862e+29,5.9982e+29,1.8310e+28,4.9000e+26,2.1038e+28,0.0000e+00,97.0,3.0,0.1
4,6.2407e+29,1.3518e+29,4.8007e+29,2.0400e+27,6.7800e+27,9.1130e+28,4.4050e+28,2.4873e+29,2.3134e+29,1.2700e+27,7.7000e+26,3.2200e+27,3.5600e+27,3.1515e+08,2.5379e+06,1.3115e+09,6.1066e-06,1.4697e+07,1.4945e+05,6.6572e+05,6.6543e+05,21.7,76.9,0.3,1.1,6.2309e+29,6.0359e+29,1.9170e+28,3.3000e+26,2.0853e+28,0.0000e+00,96.9,3.1,0.1
5,6.2198e+29,1.3248e+29,4.8048e+29,2.2400e+27,6.7800e+27,8.9140e+28,4.3340e+28,2.5373e+29,2.2675e+29,1.2400e+27,1.0000e+27,3.5100e+27,3.2700e+27,3.1197e+08,2.2322e+06,1.2293e+09,5.3377e-06,1.4450e+07,1.4250e+05,6.6542e+05,6.6507e+05,21.3,77.3,0.4,1.1,6.2219e+29,6.0292e+29,1.8670e+28,6.0000e+26,2.0813e+28,0.0000e+00,96.9,3.0,0.1
6,6.2678e+29,1.3584e+29,4.8222e+29,1.9100e+27,6.8100e+27,9.1270e+28,4.4570e+28,2.5155e+29,2.3067e+29,9.3000e+26,9.8000e+26,3.3800e+27,3.4300e+27,3.0965e+08,2.3705e+06,1.4751e+09,4.6034e-06,1.4431e+07,1.2377e+05,6.6506e+05,6.6464e+05,21.7,76.9,0.3,1.1,6.2673e+29,6.0647e+29,1.9710e+28,5.5000e+26,2.0917e+28,0.0000e+00,96.8,3.1,0.1
7,6.2098e+29,1.3263e+29,4.7944e+29,2.1600e+27,6.7500e+27,8.8590e+28,4.4040e+28,2.5481e+29,2.2463e+29,1.1600e+27,1.0000e+27,3.2800e+27,3.4700e+27,3.0783e+08,2.2653e+06,1.1974e+09,3.9755e-06,1.4843e+07,1.0999e+05,6.6464e+05,6.6415e+05,21.4,77.2,0.3,1.1,6.2081e+29,6.0159e+29,1.8680e+28,5.4000e+26,2.0709e+28,0.0000e+00,96.9,3.0,0.1
8,6.0701e+29,1.3222e+29,4.6588e+29,2.1000e+27,6.8100e+27,8.8360e+28,4.3860e+28,2.4810e+29,2.1778e+29,1.1100e+27,9.9000e+26,3.2400e+27,3.5700e+27,3.0497e+08,2.2391e+06,1.4135e+09,3.4328e-06,1.4137e+07,1.4967e+05,6.6415e+05,6.6359e+05,21.8,76.7,0.3,1.1,6.0890e+29,5.8958e+29,1.8820e+28,5.0000e+26,2.0798e+28,0.0000e+00,96.8,3.1,0.1
9,6.1408e+29,1.3273e+29,4.7239e+29,2.1600e+27,6.8000e+27,8.7790e+28,4.4940e+28,2.4967e+29,2.2272e+29,1.0600e+27,1.1000e+27,3.4400e+27,3.3600e+27,3.0242e+08,2.4133e+06,1.3583e+09,2.9689e-06,1.3967e+07,1.5162e+05,6.6359e+05,6.6297e+05,21.6,76.9,0.4,1.1,6.1271e+29,5.9339e+29,1.8610e+28,7.1000e+26,2.0726e+28,0.0000e+00,96.8,3.0,0.1
10,6.0694e+29,1.3155e+29,4.6649e+29,2.0700e+27,6.8300e+27,8.7710e+28,4.3840e+28,2.4491e+29,2.2158e+29,9.4000e+26,1.1300e+27,3.3000e+27,3.5300e+27,3.0051e+08,2.4444e+06,1.3081e+09,2.5731e-06,1.4508e+07,1.7087e+05,6.6297e+05,6.6229e+05,21.7,76.9,0.3,1.1,6.0704e+29,5.8750e+29,1.9020e+28,5.2000e+26,2.0647e+28,0.0000e+00,96.8,3.1,0.1
11,6.0519e+29,1.3167e+29,4.6511e+29,1.6300e+27,6.7800e+27,8.7040e+28,4.4630e+28,2.4198e+29,2.2313e+29,9.6000e+26,6.7000e+26,3.3700e+27,3.4100e+27,2.9798e+08,2.7480e+06,1.2848e+09,2.2364e-06,1.4225e+07,1.6220e+05,6.6228e+05,6.6154e+05,21.8,76.9,0.3,1.1,6.0578e+29,5.8614e+29,1.9010e+28,6.3000e+26,2.0560e+28,0.0000e+00,96.8,3.1,0.1
12,6.0386e+29,1.3098e+29,4.6423e+29,1.9300e+27,6.7200e+27,8.6360e+28,4.4620e+28,2.4227e+29,2.2196e+29,1.0000e+27,9.3000e+26,3.5300e+27,3.1900e+27,2.9639e+08,2.7349e+06,1.5551e+09,1.9506e-06,1.3969e+07,1.2726e+05,6.6153e+05,6.6073e+05,21.7,76.9,0.3,1.1,6.0454e+29,5.8557e+29,1.8510e+28,4.6000e+26,2.0466e+28,0.0000e+00,96.9,3.1,0.1
13,5.8717e+29,1.2887e+29,4.4962e+29,1.9300e+27,6.7500e+27,8.5130e+28,4.3740e+28,2.3793e+29,2.1169e+29,1.0300e+27,9.0000e+26,3.4000e+27,3.3500e+27,2.9419e+08,2.4331e+06,1.3424e+09,1.7085e-06,1.3983e+07,1.3351e+05,6.6072e+05,6.5985e+05,21.9,76.6,0.3,1.1,5.8782e+29,5.7010e+29,1.7000e+28,7.2000e+26,2.0364e+28,0.0000e+00,97.0,2.9,0.1
14,5.9601e+29,1.3005e+29,4.5724e+29,1.8700e+27,6.8500e+27,8.5890e+28,4.4160e+28,2.4323e+29,2.1401e+29,9.8000e+26,8.9000e+26,3.4300e+27,3.4200e+27,2.9168e+08,1.7809e+06,1.4717e+09,1.5025e-06,1.3596e+07,1.6711e+05,6.5985e+05,6.5891e+05,21.8,76.7,0.3,1.1,5.9523e+29,5.7695e+29,1.7600e+28,6.8000e+26,2.0403e+28,0.0000e+00,96.9,3.0,0.1
15,5.8459e+29,1.2948e+29,4.4635e+29,2.0300e+27,6.7300e+27,8.4410e+28,4.5070e+28,2.3647e+29,2.0988e+29,1.1000e+27,9.3000e+26,3.3200e+27,3.4100e+27,2.8978e+08,2.3048e+06,1.4314e+09,1.3288e-06,1.3764e+07,1.3084e+05,6.5891e+05,6.5791e+05,22.1,76.4,0.3,1.2,5.8570e+29,5.6787e+29,1.7160e+28,6.7000e+26,2.0287e+28,0.0000e+00,97.0,2.9,0.1
16,5.8039e+29,1.2910e+29,4.4246e+29,2.0800e+27,6.7500e+27,8.3940e+28,4.5160e+28,2.2950e+29,2.1296e+29,1.1100e+27,9.7000e+26,3.4500e+27,3.3000e+27,2.8665e+08,2.3981e+06,1.3963e+09,1.1830e-06,1.3521e+07,1.1889e+05,6.5790e+05,6.5685e+05,22.2,76.2,0.4,1.2,5.8089e+29,5.6342e+29,1.6760e+28,7.1000e+26,2.0163e+28,0.0000e+00,97.0,2.9,0.1
17,5.7781e+29,1.2913e+29,4.3974e+29,2.1600e+27,6.7800e+27,8.4010e+28,4.5120e+28,2.2626e+29,2.1348e+29,1.1100e+27,1.0500e+27,3.5000e+27,3.2800e+27,2.8417e+08,2.2164e+06,1.4426e+09,1.0608e-06,1.3425e+07,1.4539e+05,6.5684e+05,6.5573e+05,22.3,76.1,0.4,1.2,5.7758e+29,5.5981e+29,1.6820e+28,9.5000e+26,2.0032e+28,0.0000e+00,96.9,2.9,0.2
18,5.6057e+29,1.2824e+29,4.2341e+29,2.0500e+27,6.8700e+27,8.3430e+28,4.4810e+28,2.1803e+29,2.0538e+29,1.0400e+27,1.0100e+27,3.3800e+27,3.4900e+27,2.8202e+08,2.1303e+06,1.5312e+09,9.5810e-07,1.3616e+07,1.3895e+05,6.5572e+05,6.5453e+05,22.9,75.5,0.4,1.2,5.6151e+29,5.4449e+29,1.6040e+28,9.8000e+26,2.0039e+28,0.0000e+00,97.0,2.9,0.2
19,5.6056e+29,1.2740e+29,4.2419e+29,2.1500e+27,6.8200e+27,8.2200e+28,4.5200e+28,2.1715e+29,2.0704e+29,1.1800e+27,9.7000e+26,3.3400e+27,3.4800e+27,2.7973e+08,1.1286e+06,1.2037e+09,8.7311e-07,1.3692e+07,1.1993e+05,6.5453e+05,6.5329e+05,22.7,75.7,0.4,1.2,5.6046e+29,5.4320e+29,1.6320e+28,9.4000e+26,1.9894e+28,0.0000e+00,96.9,2.9,0.2
20,5.5688e+29,1.2549e+29,4.2254e+29,2.0400e+27,6.8100e+27,8.0670e+28,4.4820e+28,2.1692e+29,2.0562e+29,1.0300e+27,1.0100e+27,3.7000e+27,3.1100e+27,2.7698e+08,1.0588e+06,1.2654e+09,8.0327e-07,1.3429e+07,1.2675e+05,6.5328e+05,6.5198e+05,22.5,75.9,0.4,1.2,5.5836e+29,5.4105e+29,1.5990e+28,1.3200e+27,1.9743e+28,0.0000e+00,96.9,2.9,0.2
21,5.4238e+29,1.2445e+29,4.0886e+29,2.2800e+27,6.7900e+27,8.0410e+28,4.4040e+28,2.1188e+29,1.9698e+29,1.2800e+27,1.0000e+27,3.5600e+27,3.2300e+27,2.7517e+08,2.2148e+06,1.4678e+09,7.4671e-07,1.3600e+07,1.3952e+05,6.5197e+05,6.5062e+05,22.9,75.4,0.4,1.3,5.4223e+29,5.2488e+29,1.5840e+28,1.5100e+27,1.9586e+28,0.0000e+00,96.8,2.9,0.3
22,5.5008e+29,1.2349e+29,4.1766e+29,2.0700e+27,6.8600e+27,7.8950e+28,4.4540e+28,2.1596e+29,2.0170e+29,1.1100e+27,9.6000e+26,3.2700e+27,3.5900e+27,2.7324e+08,2.3587e+06,1.4604e+09,7.1007e-07,1.4089e+07,1.4182e+05,6.5061e+05,6.4919e+05,22.4,75.9,0.4,1.2,5.5050e+29,5.3308e+29,1.5870e+28,1.5500e+27,1.9563e+28,0.0000e+00,96.8,2.9,0.3
23,5.4421e+29,1.2435e+29,4.1108e+29,2.0500e+27,6.7300e+27,7.9280e+28,4.5070e+28,2.1373e+29,1.9735e+29,1.0800e+27,9.7000e+26,3.4400e+27,3.2900e+27,2.7068e+08,2.1578e+06,1.3985e+09,6.7495e-07,1.3978e+07,1.0229e+05,6.4918e+05,6.4771e+05,22.8,75.5,0.4,1.2,5.4422e+29,5.2851e+29,1.4210e+28,1.5000e+27,1.9392e+28,0.0000e+00,97.1,2.6,0.3
24,5.3691e+29,1.2283e+29,4.0535e+29,1.9800e+27,6.7500e+27,7.8800e+28,4.4030e+28,2.0880e+29,1.9655e+29,1.2100e+27,7.7000e+26,3.2600e+27,3.4900e+27,2.6842e+08,1.6296e+06,1.2586e+09,6.5742e-07,1.4061e+07,1.1160e+05,6.4770e+05,6.4617e+05,22.9,75.5,0.4,1.3,5.3942e+29,5.2334e+29,1.4370e+28,1.7100e+27,1.9216e+28,0.0000e+00,97.0,2.7,0.3
25,5.2121e+29,1.2105e+29,3.9118e+29,2.2300e+27,6.7500e+27,7.7060e+28,4.3990e+28,2.0223e+29,1.8895e+29,1.1600e+27,1.0700e+27,3.3800e+27,3.3700e+27,2.6628e+08,1.8203e+06,1.2218e+09,6.4079e-07,1.3681e+07,1.2930e+05,6.4616e+05,6.4457e+05,23.2,75.1,0.4,1.3,5.2129e+29,5.0585e+29,1.3460e+28,1.9800e+27,1.9171e+28,0.0000e+00,97.0,2.6,0.4
26,5.0379e+29,1.2381e+29,3.7119e+29,1.9600e+27,6.8300e+27,7.8770e+28,4.5040e+28,1.9205e+29,1.7914e+29,9.4000e+26,1.0200e+27,3.2500e+27,3.5800e+27,2.6431e+08,2.1366e+06,1.4532e+09,6.3315e-07,1.3110e+07,1.3516e+05,6.4456e+05,6.4292e+05,24.6,73.7,0.4,1.4,5.0357e+29,4.8814e+29,1.3390e+28,2.0400e+27,1.8983e+28,0.0000e+00,96.9,2.7,0.4
27,5.1074e+29,1.1949e+29,3.8263e+29,1.8200e+27,6.8000e+27,7.6580e+28,4.2910e+28,1.9520e+29,1.8743e+29,8.8000e+26,9.4000e+26,3.3600e+27,3.4400e+27,2.6248e+08,1.6546e+06,1.4375e+09,6.3257e-07,1.2293e+07,1.3938e+05,6.4291e+05,6.4121e+05,23.4,74.9,0.4,1.3,5.1218e+29,4.9683e+29,1.3030e+28,2.3200e+27,1.8923e+28,0.0000e+00,97.0,2.5,0.5
28,4.8664e+29,1.1814e+29,3.5954e+29,2.1000e+27,6.8600e+27,7.4310e+28,4.3830e+28,1.8427e+29,1.7527e+29,1.0300e+27,1.0700e+27,3.3000e+27,3.5600e+27,2.6054e+08,1.4202e+06,1.2796e+09,6.3448e-07,1.1964e+07,1.0966e+05,6.4119e+05,6.3944e+05,24.3,73.9,0.4,1.4,4.8709e+29,4.7250e+29,1.2120e+28,2.4700e+27,1.8722e+28,0.0000e+00,97.0,2.5,0.5
29,4.8286e+29,1.1822e+29,3.5606e+29,1.7600e+27,6.8200e+27,7.5290e+28,4.2930e+28,1.8623e+29,1.6983e+29,9.1000e+26,8.5000e+26,3.3200e+27,3.5000e+27,2.5806e+08,1.4942e+06,1.2416e+09,6.4507e-07,1.1494e+07,1.0233e+05,6.3943e+05,6.3763e+05,24.5,73.7,0.4,1.4,4.8326e+29,4.6898e+29,1.1700e+28,2.5800e+27,1.8518e+28,0.0000e+00,97.0,2.4,0.5
30,4.7050e+29,1.1767e+29,3.4409e+29,1.9000e+27,6.8400e+27,7.4310e+28,4.3360e+28,1.7763e+29,1.6646e+29,9.7000e+26,9.3000e+26,3.5200e+27,3.3200e+27,2.5562e+08,1.8038e+06,1.2629e+09,6.6559e-07,1.1075e+07,1.0387e+05,6.3761e+05,6.3575e+05,25.0,73.1,0.4,1.5,4.7101e+29,4.5665e+29,1.1500e+28,2.8600e+27,1.8439e+28,0.0000e+00,97.0,2.4,0.6
31,4.6079e+29,1.1620e+29,3.3596e+29,1.9000e+27,6.7300e+27,7.3480e+28,4.2720e+28,1.7365e+29,1.6231e+29,9.4000e+26,9.6000e+26,3.1500e+27,3.5800e+27,2.5371e+08,1.6329e+06,1.1865e+09,6.9729e-07,1.0793e+07,1.0770e+05,6.3574e+05,6.3383e+05,25.2,72.9,0.4,1.5,4.6147e+29,4.4681e+29,1.1860e+28,2.8000e+27,1.8224e+28,0.0000e+00,96.8,2.6,0.6
32,4.5354e+29,1.1738e+29,3.2745e+29,1.9300e+27,6.7800e+27,7.4460e+28,4.2920e+28,1.6722e+29,1.6023e+29,1.1400e+27,7.9000e+26,3.4400e+27,3.3400e+27,2.5231e+08,1.6970e+06,1.1148e+09,7.4163e-07,1.0898e+07,9.4689e+04,6.3382e+05,6.3185e+05,25.9,72.2,0.4,1.5,4.5379e+29,4.4018e+29,1.0550e+28,3.0600e+27,1.8132e+28,0.0000e+00,97.0,2.3,0.7
33,4.5145e+29,1.1427e+29,3.2858e+29,1.8500e+27,6.7500e+27,7.2650e+28,4.1620e+28,1.6903e+29,1.5955e+29,1.0000e+27,8.5000e+26,3.6000e+27,3.1500e+27,2.5019e+08,1.5645e+06,1.1159e+09,8.0125e-07,1.0582e+07,1.0096e+05,6.3184e+05,6.2983e+05,25.3,72.8,0.4,1.5,4.5145e+29,4.3726e+29,1.1070e+28,3.1200e+27,1.7907e+28,0.0000e+00,96.9,2.5,0.7
34,4.3149e+29,1.1334e+29,3.0939e+29,1.8800e+27,6.8800e+27,7.1730e+28,4.1610e+28,1.6090e+29,1.4849e+29,8.3000e+26,1.0500e+27,3.5400e+27,3.3400e+27,2.4811e+08,1.6146e+06,1.1027e+09,8.7888e-07,1.0458e+07,1.1159e+05,6.2982e+05,6.2775e+05,26.3,71.7,0.4,1.6,4.3268e+29,4.1943e+29,1.0150e+28,3.1000e+27,1.7803e+28,0.0000e+00,96.9,2.3,0.7
35,4.2271e+29,1.1199e+29,3.0214e+29,1.7300e+27,6.8500e+27,7.1630e+28,4.0360e+28,1.5468e+29,1.4746e+29,8.7000e+26,8.6000e+26,3.4200e+27,3.4300e+27,2.4580e+08,1.8469e+06,1.3624e+09,9.7926e-07,1.0584e+07,8.9469e+04,6.2773e+05,6.2563e+05,26.5,71.5,0.4,1.6,4.2360e+29,4.0941e+29,1.0920e+28,3.2700e+27,1.7570e+28,0.0000e+00,96.7,2.6,0.8
36,4.1898e+29,1.1103e+29,2.9931e+29,1.8300e+27,6.8100e+27,6.9970e+28,4.1060e+28,1.5254e+29,1.4677e+29,8.8000e+26,9.5000e+26,3.2700e+27,3.5400e+27,2.4379e+08,1.2713e+06,1.2594e+09,1.1073e-06,1.0962e+07,5.8790e+04,6.2561e+05,6.2345e+05,26.5,71.4,0.4,1.6,4.1902e+29,4.0615e+29,9.5800e+27,3.2900e+27,1.7454e+28,0.0000e+00,96.9,2.3,0.8
37,4.0615e+29,1.1137e+29,2.8640e+29,1.5900e+27,6.7900e+27,7.0690e+28,4.0680e+28,1.4715e+29,1.3925e+29,7.7000e+26,8.2000e+26,3.5000e+27,3.2900e+27,2.4169e+08,1.5229e+06,1.1189e+09,1.2715e-06,1.1364e+07,9.4319e+04,6.2343e+05,6.2123e+05,27.4,70.5,0.4,1.7,4.0678e+29,3.9391e+29,9.0300e+27,3.8400e+27,1.7213e+28,0.0000e+00,96.8,2.2,0.9
38,3.9916e+29,1.0945e+29,2.8109e+29,1.7700e+27,6.8500e+27,6.9270e+28,4.0180e+28,1.4682e+29,1.3427e+29,9.0000e+26,8.7000e+26,3.5400e+27,3.3100e+27,2.4008e+08,1.2270e+06,1.1385e+09,1.4806e-06,1.1388e+07,1.0094e+05,6.2121e+05,6.1896e+05,27.4,70.4,0.4,1.7,4.0050e+29,3.8790e+29,8.7400e+27,3.8600e+27,1.7087e+28,0.0000e+00,96.9,2.2,1.0
39,4.0030e+29,1.0996e+29,2.8153e+29,1.9700e+27,6.8400e+27,7.0950e+28,3.9010e+28,1.4616e+29,1.3537e+29,1.0000e+27,9.7000e+26,3.4700e+27,3.3700e+27,2.3815e+08,1.1906e+06,1.2556e+09,1.7496e-06,1.1354e+07,9.8641e+04,6.1894e+05,6.1666e+05,27.5,70.3,0.5,1.7,4.0023e+29,3.8816e+29,8.7900e+27,3.2800e+27,1.6840e+28,0.0000e+00,97.0,2.2,0.8
40,3.8930e+29,1.0962e+29,2.7123e+29,1.7300e+27,6.7200e+27,6.9480e+28,4.0140e+28,1.4056e+29,1.3067e+29,7.9000e+26,9.4000e+26,3.3600e+27,3.3600e+27,2.3723e+08,1.2446e+06,1.0437e+09,2.0946e-06,1.1066e+07,9.3982e+04,6.1664e+05,6.1430e+05,28.2,69.7,0.4,1.7,3.8920e+29,3.7714e+29,8.3000e+27,3.7600e+27,1.6703e+28,0.0000e+00,96.9,2.1,1.0
41,3.7696e+29,1.0760e+29,2.6097e+29,1.5000e+27,6.8900e+27,6.8710e+28,3.8890e+28,1.3878e+29,1.2219e+29,7.7000e+26,7.3000e+26,3.6400e+27,3.2500e+27,2.3514e+08,1.3750e+06,1.3284e+09,2.5418e-06,1.0809e+07,8.7352e+04,6.1428e+05,6.1189e+05,28.5,69.2,0.4,1.8,3.7828e+29,3.6624e+29,7.9800e+27,4.0600e+27,1.6561e+28,0.0000e+00,96.8,2.1,1.1
42,3.7504e+29,1.0788e+29,2.5879e+29,1.6100e+27,6.7600e+27,6.8530e+28,3.9350e+28,1.3709e+29,1.2170e+29,7.9000e+26,8.2000e+26,3.3600e+27,3.4000e+27,2.3449e+08,1.4873e+06,1.0376e+09,3.1252e-06,1.0431e+07,7.9716e+04,6.1187e+05,6.0945e+05,28.8,69.0,0.4,1.8,3.7514e+29,3.6379e+29,7.6900e+27,3.6600e+27,1.6304e+28,0.0000e+00,97.0,2.0,1.0
43,3.6492e+29,1.0634e+29,2.5019e+29,1.5000e+27,6.8900e+27,6.8690e+28,3.7650e+28,1.3633e+29,1.1386e+29,8.0000e+26,7.0000e+26,3.4900e+27,3.4000e+27,2.3292e+08,1.4519e+06,1.3539e+09,3.8852e-06,1.0382e+07,8.5014e+04,6.0943e+05,6.0696e+05,29.1,68.6,0.4,1.9,3.6556e+29,3.5427e+29,7.5900e+27,3.7000e+27,1.6154e+28,0.0000e+00,96.9,2.1,1.0
44,3.5384e+29,1.0305e+29,2.4244e+29,1.3100e+27,7.0400e+27,6.6910e+28,3.6140e+28,1.2892e+29,1.1352e+29,6.7000e+26,6.4000e+26,3.6500e+27,3.3900e+27,2.3132e+08,1.5094e+06,1.3200e+09,2.9704e-06,1.0607e+07,7.3509e+04,6.0695e+05,6.0445e+05,29.1,68.5,0.4,2.0,3.5415e+29,3.4338e+29,6.8200e+27,3.9500e+27,1.5893e+28,0.0000e+00,97.0,1.9,1.1
45,3.4946e+29,1.0281e+29,2.3849e+29,1.3100e+27,6.8500e+27,6.6030e+28,3.6780e+28,1.2568e+29,1.1281e+29,7.6000e+26,5.5000e+26,3.4100e+27,3.4400e+27,2.3083e+08,8.9977e+05,1.1600e+09,2.1019e-06,1.0680e+07,5.6772e+04,6.0443e+05,6.0189e+05,29.4,68.2,0.4,2.0,3.4915e+29,3.3896e+29,6.3600e+27,3.8300e+27,1.5735e+28,0.0000e+00,97.1,1.8,1.1
46,3.5508e+29,1.0421e+29,2.4252e+29,1.4600e+27,6.8900e+27,6.7870e+28,3.6340e+28,1.2712e+29,1.1540e+29,7.7000e+26,6.9000e+26,3.3400e+27,3.5500e+27,2.2983e+08,9.1284e+05,1.0272e+09,1.4406e-06,1.0852e+07,4.6060e+04,6.0187e+05,5.9928e+05,29.3,68.3,0.4,1.9,3.5524e+29,3.4431e+29,7.1200e+27,3.8100e+27,1.5572e+28,0.0000e+00,96.9,2.0,1.1
47,3.5158e+29,1.0437e+29,2.3892e+29,1.4900e+27,6.8000e+27,6.7240e+28,3.7130e+28,1.2468e+29,1.1424e+29,7.3000e+26,7.6000e+26,3.3900e+27,3.4100e+27,2.2855e+08,1.2866e+06,1.1246e+09,9.5319e-07,1.0636e+07,6.2355e+04,5.9926e+05,5.9663e+05,29.7,68.0,0.4,1.9,3.5221e+29,3.4154e+29,6.9800e+27,3.6900e+27,1.5405e+28,0.0000e+00,97.0,2.0,1.0
48,3.3887e+29,1.0019e+29,2.3059e+29,1.3100e+27,6.7800e+27,6.5230e+28,3.4960e+28,1.2195e+29,1.0864e+29,7.0000e+26,6.1000e+26,3.5100e+27,3.2700e+27,2.2716e+08,1.2375e+06,1.0324e+09,6.0817e-07,9.9135e+06,6.1468e+04,5.9662e+05,5.9396e+05,29.6,68.0,0.4,2.0,3.3920e+29,3.2859e+29,6.6700e+27,3.9400e+27,1.5135e+28,0.0000e+00,96.9,2.0,1.2
49,3.3747e+29,1.0197e+29,2.2729e+29,1.3300e+27,6.8800e+27,6.6740e+28,3.5230e+28,1.1815e+29,1.0914e+29,7.1000e+26,6.2000e+26,3.2300e+27,3.6500e+27,2.2601e+08,1.2421e+06,1.0131e+09,3.7140e-07,9.5290e+06,5.7816e+04,5.9395e+05,5.9125e+05,30.2,67.4,0.4,2.0,3.3722e+29,3.2687e+29,6.7200e+27,3.6300e+27,1.4963e+28,0.0000e+00,96.9,2.0,1.1
50,3.2352e+29,1.0012e+29,2.1520e+29,1.4000e+27,6.8000e+27,6.6210e+28,3.3910e+28,1.1044e+29,1.0476e+29,7.2000e+26,6.8000e+26,3.4100e+27,3.3900e+27,2.2415e+08,1.4832e+06,1.0183e+09,2.1586e-07,9.3247e+06,7.2044e+04,5.9124e+05,5.8850e+05,30.9,66.5,0.4,2.1,3.2434e+29,3.1375e+29,6.5200e+27,4.0700e+27,1.4786e+28,0.0000e+00,96.7,2.0,1.3
51,3.2149e+29,1.0020e+29,2.1294e+29,1.4800e+27,6.8700e+27,6.7010e+28,3.3190e+28,1.1341e+29,9.9530e+28,8.5000e+26,6.3000e+26,3.5700e+27,3.3000e+27,2.2275e+08,1.2016e+06,1.0242e+09,1.1901e-07,9.3751e+06,8.4333e+04,5.8849e+05,5.8574e+05,31.2,66.2,0.5,2.1,3.2087e+29,3.1066e+29,6.2800e+27,3.9300e+27,1.4513e+28,0.0000e+00,96.8,2.0,1.2
52,3.2517e+29,9.9730e+28,2.1714e+29,1.4800e+27,6.8200e+27,6.6210e+28,3.3520e+28,1.1734e+29,9.9800e+28,7.7000e+26,7.1000e+26,3.4300e+27,3.3900e+27,2.2127e+08,1.3591e+06,1.1126e+09,6.2997e-08,9.4118e+06,8.1824e+04,5.8572e+05,5.8291e+05,30.7,66.8,0.5,2.1,3.2643e+29,3.1631e+29,6.0000e+27,4.1200e+27,1.4424e+28,0.0000e+00,96.9,1.8,1.3
53,3.1428e+29,1.0093e+29,2.0526e+29,1.2000e+27,6.8900e+27,6.6300e+28,3.4630e+28,1.0534e+29,9.9920e+28,6.2000e+26,5.8000e+26,3.3300e+27,3.5600e+27,2.2014e+08,1.4088e+06,1.0503e+09,3.0168e-08,9.0776e+06,8.4629e+04,5.8290e+05,5.8008e+05,32.1,65.3,0.4,2.2,3.1427e+29,3.0462e+29,5.6500e+27,4.0000e+27,1.4148e+28,0.0000e+00,96.9,1.8,1.3
54,3.0726e+29,9.8890e+28,2.0043e+29,1.1400e+27,6.8000e+27,6.6310e+28,3.2580e+28,1.0485e+29,9.5580e+28,6.8000e+26,4.6000e+26,3.3600e+27,3.4400e+27,2.1962e+08,1.2489e+06,1.0247e+09,1.3204e-08,8.4879e+06,7.3206e+04,5.8006e+05,5.7721e+05,32.2,65.2,0.4,2.2,3.0729e+29,2.9716e+29,5.8700e+27,4.2600e+27,1.3962e+28,0.0000e+00,96.7,1.9,1.4
55,3.0292e+29,9.9550e+28,1.9536e+29,1.2400e+27,6.7700e+27,6.5940e+28,3.3610e+28,1.0218e+29,9.3180e+28,7.5000e+26,4.9000e+26,3.1800e+27,3.5900e+27,2.1912e+08,1.3021e+06,9.8663e+08,5.2165e-09,8.1581e+06,6.8968e+04,5.7719e+05,5.7432e+05,32.9,64.5,0.4,2.2,3.0288e+29,2.9291e+29,5.9000e+27,4.0700e+27,1.3687e+28,0.0000e+00,96.7,1.9,1.3
56,3.0028e+29,9.7780e+28,1.9450e+29,1.0500e+27,6.9500e+27,6.5940e+28,3.1840e+28,1.0588e+29,8.8620e+28,5.9000e+26,4.6000e+26,3.4300e+27,3.5200e+27,2.1809e+08,1.3332e+06,1.0183e+09,1.7928e-09,7.8509e+06,6.4560e+04,5.7430e+05,5.7139e+05,32.6,64.8,0.3,2.3,3.0058e+29,2.9042e+29,6.0500e+27,4.1100e+27,1.3583e+28,0.0000e+00,96.6,2.0,1.4
57,2.9773e+29,9.7230e+28,1.9258e+29,1.0400e+27,6.8800e+27,6.5730e+28,3.1500e+28,1.0609e+29,8.6490e+28,5.8000e+26,4.6000e+26,3.3400e+27,3.5400e+27,2.1658e+08,9.5604e+05,1.0146e+09,5.2444e-10,7.7699e+06,4.4161e+04,5.7137e+05,5.6845e+05,32.7,64.7,0.3,2.3,2.9863e+29,2.8906e+29,5.6800e+27,3.8900e+27,1.3307e+28,0.0000e+00,96.8,1.9,1.3
58,3.0349e+29,9.7520e+28,1.9776e+29,1.2600e+27,6.9500e+27,6.6170e+28,3.1350e+28,1.0854e+29,8.9220e+28,5.7000e+26,6.9000e+26,3.5400e+27,3.4100e+27,2.1537e+08,8.9285e+05,1.0160e+09,1.2207e-10,8.0894e+06,8.8068e+04,5.6843e+05,5.6546e+05,32.1,65.2,0.4,2.3,3.0316e+29,2.9447e+29,5.1700e+27,3.5200e+27,1.3195e+28,0.0000e+00,97.1,1.7,1.2
59,2.9819e+29,9.6790e+28,1.9361e+29,1.0100e+27,6.7800e+27,6.6630e+28,3.0160e+28,1.0956e+29,8.4050e+28,5.2000e+26,4.9000e+26,3.3800e+27,3.4000e+27,2.1481e+08,9.1283e+05,1.1789e+09,2.1249e-11,7.8561e+06,8.3689e+04,5.6544e+05,5.6246e+05,32.5,64.9,0.3,2.3,2.9825e+29,2.8899e+29,5.1100e+27,4.1500e+27,1.2918e+28,0.0000e+00,96.9,1.7,1.4
60,2.9228e+29,9.6470e+28,1.8753e+29,1.3900e+27,6.8900e+27,6.6350e+28,3.0120e+28,1.0483e+29,8.2700e+28,7.0000e+26,6.9000e+26,3.6700e+27,3.2200e+27,2.1372e+08,8.0389e+05,9.9853e+08,2.3994e-12,8.0022e+06,6.9975e+04,5.6244e+05,5.5944e+05,33.0,64.2,0.5,2.4,2.9230e+29,2.8351e+29,4.9400e+27,3.8500e+27,1.2723e+28,0.0000e+00,97.0,1.7,1.3
61,2.9347e+29,9.7230e+28,1.8820e+29,1.1600e+27,6.8800e+27,6.8050e+28,2.9180e+28,1.0870e+29,7.9500e+28,5.9000e+26,5.7000e+26,3.2800e+27,3.6000e+27,2.1242e+08,1.2513e+06,9.9997e+08,1.3658e-13,7.8369e+06,8.1901e+04,5.5942e+05,5.5640e+05,33.1,64.1,0.4,2.3,2.9354e+29,2.8458e+29,5.1500e+27,3.8100e+27,1.2526e+28,0.0000e+00,96.9,1.8,1.3
62,2.9284e+29,9.7610e+28,1.8700e+29,1.3500e+27,6.8800e+27,6.7500e+28,3.0110e+28,1.0280e+29,8.4200e+28,7.3000e+26,6.2000e+26,3.2700e+27,3.6100e+27,2.1115e+08,1.0692e+06,1.2588e+09,2.2112e-15,7.2088e+06,5.2297e+04,5.5638e+05,5.5334e+05,33.3,63.9,0.5,2.3,2.9305e+29,2.8398e+29,5.0700e+27,4.0000e+27,1.2327e+28,0.0000e+00,96.9,1.7,1.4
63,2.8684e+29,9.6320e+28,1.8230e+29,1.3900e+27,6.8300e+27,6.7540e+28,2.8780e+28,9.9760e+28,8.2540e+28,6.2000e+26,7.7000e+26,3.4300e+27,3.4000e+27,2.0967e+08,7.4415e+05,1.0385e+09,1.5419e-18,6.8974e+06,6.1391e+04,5.5332e+05,5.5025e+05,33.6,63.6,0.5,2.4,2.8730e+29,2.7821e+29,5.0500e+27,4.0400e+27,1.2128e+28,0.0000e+00,96.8,1.8,1.4
64,2.8461e+29,9.9160e+28,1.7745e+29,1.1600e+27,6.8400e+27,6.9340e+28,2.9820e+28,9.5900e+28,8.1550e+28,5.9000e+26,5.7000e+26,3.4600e+27,3.3800e+27,2.0893e+08,2.1808e+03,9.9091e+08,1.0009e-20,1.0150e+07,6.7214e+04,5.5023e+05,5.4715e+05,34.8,62.3,0.4,2.4,2.8437e+29,2.7547e+29,4.9800e+27,3.9200e+27,1.1929e+28,0.0000e+00,96.9,1.8,1.4
65,2.8420e+29,9.8940e+28,1.7729e+29,1.1600e+27,6.8100e+27,6.8910e+28,3.0030e+28,8.8650e+28,8.8640e+28,5.5000e+26,6.1000e+26,3.5500e+27,3.2600e+27,2.0798e+08,5.0906e+05,1.0119e+09,1.0402e-20,1.0284e+07,7.5555e+04,5.4713e+05,5.4403e+05,34.8,62.4,0.4,2.4,2.8458e+29,2.7531e+29,5.1500e+27,4.1200e+27,1.1729e+28,0.0000e+00,96.7,1.8,1.4
66,2.7915e+29,9.9600e+28,1.7139e+29,1.3100e+27,6.8500e+27,6.9810e+28,2.9790e+28,8.7800e+28,8.3590e+28,5.2000e+26,7.9000e+26,3.4200e+27,3.4300e+27,2.0681e+08,1.1773e+06,1.1450e+09,5.5993e-17,9.8521e+06,5.5282e+04,5.4401e+05,5.4090e+05,35.7,61.4,0.5,2.5,2.7929e+29,2.7037e+29,5.0400e+27,3.8800e+27,1.1528e+28,0.0000e+00,96.8,1.8,1.4
67,2.7983e+29,1.0123e+29,1.7054e+29,1.2000e+27,6.8600e+27,7.2510e+28,2.8720e+28,8.7420e+28,8.3120e+28,6.1000e+26,5.9000e+26,3.6600e+27,3.2000e+27,2.0627e+08,1.0217e+06,1.1493e+09,3.2265e-14,9.3402e+06,4.7985e+04,5.4088e+05,5.3775e+05,36.2,60.9,0.4,2.5,2.7952e+29,2.7105e+29,4.5300e+27,3.9400e+27,1.1328e+28,0.0000e+00,97.0,1.6,1.4
68,2.8399e+29,1.0453e+29,1.7144e+29,1.1200e+27,6.9000e+27,7.4770e+28,2.9760e+28,8.8260e+28,8.3180e+28,5.5000e+26,5.7000e+26,3.4900e+27,3.4100e+27,2.0571e+08,9.3621e+05,9.5576e+08,1.7270e-12,8.7637e+06,5.9666e+04,5.3773e+05,5.3457e+05,36.8,60.4,0.4,2.4,2.8443e+29,2.7549e+29,4.6600e+27,4.2800e+27,1.1192e+28,0.0000e+00,96.9,1.6,1.5
69,2.7839e+29,1.0572e+29,1.6452e+29,1.2700e+27,6.8800e+27,7.6550e+28,2.9170e+28,8.5980e+28,7.8540e+28,6.5000e+26,6.2000e+26,3.4300e+27,3.4500e+27,2.0622e+08,1.2123e+06,8.5579e+08,3.2554e-11,8.5871e+06,6.7315e+04,5.3455e+05,5.3139e+05,38.0,59.1,0.5,2.5,2.7790e+29,2.6944e+29,4.3500e+27,4.1100e+27,1.0927e+28,0.0000e+00,97.0,1.6,1.5
70,2.7491e+29,1.0614e+29,1.6075e+29,1.1800e+27,6.8400e+27,7.8270e+28,2.7870e+28,8.5200e+28,7.5550e+28,6.7000e+26,5.1000e+26,3.4000e+27,3.4400e+27,2.0731e+08,1.2668e+06,9.5181e+08,3.2927e-10,8.0955e+06,7.5115e+04,5.3138e+05,5.2821e+05,38.6,58.5,0.4,2.5,2.7577e+29,2.6718e+29,4.2700e+27,4.3200e+27,1.0728e+28,0.0000e+00,96.9,1.5,1.6
71,2.7392e+29,1.1004e+29,1.5586e+29,1.1300e+27,6.8900e+27,8.1020e+28,2.9020e+28,8.3680e+28,7.2180e+28,6.2000e+26,5.1000e+26,3.3300e+27,3.5600e+27,2.0828e+08,1.1800e+06,9.4623e+08,2.2509e-09,7.5537e+06,5.5855e+04,5.2819e+05,5.2502e+05,40.2,56.9,0.4,2.5,2.7379e+29,2.6531e+29,4.0900e+27,4.3900e+27,1.0529e+28,0.0000e+00,96.9,1.5,1.6
72,2.7668e+29,1.1229e+29,1.5644e+29,1.0600e+27,6.8900e+27,8.4340e+28,2.7950e+28,8.5650e+28,7.0790e+28,5.7000e+26,4.9000e+26,3.4400e+27,3.4500e+27,2.0928e+08,1.0038e+06,8.4658e+08,1.1681e-08,7.5350e+06,4.7326e+04,5.2500e+05,5.2181e+05,40.6,56.5,0.4,2.5,2.7664e+29,2.6802e+29,4.3300e+27,4.2900e+27,1.0390e+28,0.0000e+00,96.9,1.6,1.6
73,2.7872e+29,1.1156e+29,1.5942e+29,8.6000e+26,6.8800e+27,8.4150e+28,2.7410e+28,8.3540e+28,7.5880e+28,4.8000e+26,3.8000e+26,3.1900e+27,3.6900e+27,2.1016e+08,1.0180e+06,9.2049e+08,4.9770e-08,7.5875e+06,4.8059e+04,5.2179e+05,5.1859e+05,40.0,57.2,0.3,2.5,2.7877e+29,2.7032e+29,4.1200e+27,4.3300e+27,1.0191e+28,0.0000e+00,97.0,1.5,1.6
74,2.7235e+29,1.1379e+29,1.5059e+29,1.1700e+27,6.8000e+27,8.6570e+28,2.7220e+28,7.9720e+28,7.0870e+28,6.2000e+26,5.5000e+26,3.3500e+27,3.4500e+27,2.1073e+08,9.4263e+05,9.4251e+08,1.8069e-07,7.4636e+06,4.5515e+04,5.1857e+05,5.1538e+05,41.8,55.3,0.4,2.5,2.7195e+29,2.6314e+29,4.1100e+27,4.7000e+27,9.9374e+27,0.0000e+00,96.8,1.5,1.7
75,2.8189e+29,1.1838e+29,1.5553e+29,1.1000e+27,6.8800e+27,9.1040e+28,2.7340e+28,8.5210e+28,7.0320e+28,5.7000e+26,5.3000e+26,3.5000e+27,3.3800e+27,2.1320e+08,1.0429e+06,8.9938e+08,2.9743e-07,7.5403e+06,6.6114e+04,5.1537e+05,5.1216e+05,42.0,55.2,0.4,2.4,2.8217e+29,2.7292e+29,4.6400e+27,4.6100e+27,9.7978e+27,0.0000e+00,96.7,1.6,1.6
76,2.8300e+29,1.2046e+29,1.5461e+29,1.0800e+27,6.8500e+27,9.3660e+28,2.6800e+28,8.6950e+28,6.7660e+28,6.4000e+26,4.4000e+26,3.4300e+27,3.4200e+27,2.1763e+08,1.2268e+06,7.9040e+08,7.9947e-08,6.8832e+06,7.6901e+04,5.1214e+05,5.0891e+05,42.6,54.6,0.4,2.4,2.8300e+29,2.7473e+29,3.9300e+27,4.3400e+27,9.6556e+27,0.0000e+00,97.1,1.4,1.5
77,2.7903e+29,1.2197e+29,1.4906e+29,1.1900e+27,6.8100e+27,9.6760e+28,2.5210e+28,8.4150e+28,6.4910e+28,6.4000e+26,5.5000e+26,3.1500e+27,3.6600e+27,2.2205e+08,1.1583e+06,8.8985e+08,1.7336e-08,7.0312e+06,8.1787e+04,5.0889e+05,5.0569e+05,43.7,53.4,0.4,2.4,2.7910e+29,2.6987e+29,4.5500e+27,4.6800e+27,9.4085e+27,0.0000e+00,96.7,1.6,1.7
78,2.8175e+29,1.2619e+29,1.4755e+29,1.1500e+27,6.8600e+27,1.0048e+29,2.5710e+28,8.3550e+28,6.4000e+28,5.9000e+26,5.6000e+26,3.4000e+27,3.4600e+27,2.2603e+08,1.1590e+06,9.8544e+08,2.7441e-09,6.8083e+06,5.4086e+04,5.0567e+05,5.0244e+05,44.8,52.4,0.4,2.4,2.8226e+29,2.7347e+29,4.3900e+27,4.4000e+27,9.2674e+27,0.0000e+00,96.9,1.6,1.6
79,2.7790e+29,1.2533e+29,1.4461e+29,1.1700e+27,6.7900e+27,1.0051e+29,2.4820e+28,8.5780e+28,5.8830e+28,6.6000e+26,5.1000e+26,3.5700e+27,3.2200e+27,2.3004e+08,1.0035e+06,8.6112e+08,2.8152e-10,6.9027e+06,7.1535e+04,5.0243e+05,4.9922e+05,45.1,52.0,0.4,2.4,2.7755e+29,2.6883e+29,4.1100e+27,4.6100e+27,9.0269e+27,0.0000e+00,96.9,1.5,1.7
80,2.8148e+29,1.2946e+29,1.4412e+29,1.0300e+27,6.8700e+27,1.0493e+29,2.4530e+28,8.4960e+28,5.9160e+28,5.3000e+26,5.0000e+26,3.6800e+27,3.1900e+27,2.3444e+08,1.0785e+06,8.5032e+08,1.3994e-11,7.1646e+06,6.9407e+04,4.9921e+05,4.9599e+05,46.0,51.2,0.4,2.4,2.8142e+29,2.7253e+29,4.5700e+27,4.3200e+27,8.8873e+27,0.0000e+00,96.8,1.6,1.5
81,2.8886e+29,1.3198e+29,1.4885e+29,1.1900e+27,6.8400e+27,1.0781e+29,2.4170e+28,8.6150e+28,6.2700e+28,5.8000e+26,6.1000e+26,3.4400e+27,3.4000e+27,2.3834e+08,1.2406e+06,8.3377e+08,1.7910e-13,7.0161e+06,6.9174e+04,4.9597e+05,4.9274e+05,45.7,51.5,0.4,2.4,2.8880e+29,2.8029e+29,4.1600e+27,4.3500e+27,8.7462e+27,0.0000e+00,97.1,1.4,1.5
82,2.8721e+29,1.3264e+29,1.4650e+29,1.2200e+27,6.8500e+27,1.0809e+29,2.4550e+28,8.8570e+28,5.7930e+28,5.7000e+26,6.5000e+26,3.7000e+27,3.1500e+27,2.4227e+08,6.2843e+05,9.0666e+08,7.0095e-17,6.9573e+06,6.6972e+04,4.9272e+05,4.8950e+05,46.2,51.0,0.4,2.4,2.8725e+29,2.7822e+29,4.3000e+27,4.7300e+27,8.5589e+27,0.0000e+00,96.9,1.5,1.6
83,2.8740e+29,1.3310e+29,1.4651e+29,1.0500e+27,6.7400e+27,1.0936e+29,2.3740e+28,8.8010e+28,5.8500e+28,5.9000e+26,4.6000e+26,3.4100e+27,3.3300e+27,2.4690e+08,3.4629e+03,8.0045e+08,1.0032e-20,8.4603e+06,8.1005e+04,4.8948e+05,4.8629e+05,46.3,51.0,0.4,2.3,2.8742e+29,2.7934e+29,3.9800e+27,4.1000e+27,8.3304e+27,0.0000e+00,97.2,1.4,1.4
84,2.9134e+29,1.3908e+29,1.4386e+29,1.3900e+27,7.0100e+27,1.1456e+29,2.4520e+28,8.2360e+28,6.1500e+28,8.0000e+26,5.9000e+26,3.5000e+27,3.5100e+27,2.5204e+08,1.0234e+06,7.6979e+08,1.0425e-20,8.6784e+06,7.5442e+04,4.8627e+05,4.8305e+05,47.7,49.4,0.5,2.4,2.9169e+29,2.8240e+29,4.3200e+27,4.9700e+27,8.2358e+27,0.0000e+00,96.8,1.5,1.7
85,2.9599e+29,1.4315e+29,1.4479e+29,1.1400e+27,6.9100e+27,1.1825e+29,2.4900e+28,8.4130e+28,6.0660e+28,6.5000e+26,4.9000e+26,3.5000e+27,3.4100e+27,2.5710e+08,1.3548e+06,7.8236e+08,8.6902e-15,8.2980e+06,7.0745e+04,4.8303e+05,4.7984e+05,48.4,48.9,0.4,2.3,2.9567e+29,2.8648e+29,4.3300e+27,4.8600e+27,8.0127e+27,0.0000e+00,96.9,1.5,1.6
86,3.0536e+29,1.4714e+29,1.5004e+29,1.3100e+27,6.8700e+27,1.2361e+29,2.3530e+28,8.9550e+28,6.0490e+28,7.4000e+26,5.7000e+26,3.4600e+27,3.4100e+27,2.6211e+08,1.1947e+06,7.3909e+08,4.1914e-12,8.1060e+06,5.5475e+04,4.7982e+05,4.7663e+05,48.2,49.1,0.4,2.2,3.0476e+29,2.9553e+29,4.1000e+27,5.1300e+27,7.8764e+27,0.0000e+00,97.0,1.3,1.7
87,3.0227e+29,1.5301e+29,1.4112e+29,1.2100e+27,6.9300e+27,1.2889e+29,2.4120e+28,8.3550e+28,5.7570e+28,6.1000e+26,6.0000e+26,3.4100e+27,3.5200e+27,2.6696e+08,9.5759e+05,8.3805e+08,2.0379e-10,7.9469e+06,6.2177e+04,4.7661e+05,4.7341e+05,50.6,46.7,0.4,2.3,3.0262e+29,2.9331e+29,4.3300e+27,4.9800e+27,7.7396e+27,0.0000e+00,96.9,1.4,1.6
88,3.0154e+29,1.5443e+29,1.3909e+29,1.0300e+27,6.9900e+27,1.3101e+29,2.3420e+28,8.3530e+28,5.5560e+28,5.8000e+26,4.5000e+26,3.5600e+27,3.4300e+27,2.7198e+08,1.0423e+06,8.3396e+08,3.5061e-09,7.6399e+06,7.6035e+04,4.7339e+05,4.7020e+05,51.2,46.1,0.3,2.3,3.0136e+29,2.9258e+29,4.2400e+27,4.5400e+27,7.5645e+27,0.0000e+00,97.1,1.4,1.5
89,3.0984e+29,1.6002e+29,1.4166e+29,1.1800e+27,6.9800e+27,1.3658e+29,2.3440e+28,8.8320e+28,5.3340e+28,6.6000e+26,5.2000e+26,3.4900e+27,3.4900e+27,2.8108e+08,1.2876e+06,7.4198e+08,3.2875e-08,7.6597e+06,6.3691e+04,4.7019e+05,4.6702e+05,51.6,45.7,0.4,2.3,3.1014e+29,3.0053e+29,4.4900e+27,5.1200e+27,7.3926e+27,0.0000e+00,96.9,1.4,1.7
90,3.0740e+29,1.6418e+29,1.3514e+29,1.2300e+27,6.8500e+27,1.4139e+29,2.2790e+28,8.3540e+28,5.1600e+28,6.6000e+26,5.7000e+26,3.6000e+27,3.2500e+27,2.8954e+08,1.2491e+06,7.6797e+08,3.8675e-08,7.6396e+06,6.3346e+04,4.6700e+05,4.6385e+05,53.4,44.0,0.4,2.2,3.0750e+29,2.9847e+29,3.9400e+27,5.0900e+27,7.2238e+27,0.0000e+00,97.1,1.3,1.7
91,3.1788e+29,1.6885e+29,1.4088e+29,1.2700e+27,6.8800e+27,1.4624e+29,2.2610e+28,8.8350e+28,5.2530e+28,7.1000e+26,5.6000e+26,3.6200e+27,3.2600e+27,2.9791e+08,1.1119e+06,7.6178e+08,4.4898e-09,7.3014e+06,7.4973e+04,4.6383e+05,4.6068e+05,53.1,44.3,0.4,2.2,3.1807e+29,3.0882e+29,4.3900e+27,4.8600e+27,7.0931e+27,0.0000e+00,97.1,1.4,1.5
92,3.2504e+29,1.7223e+29,1.4462e+29,1.2300e+27,6.9600e+27,1.5068e+29,2.1550e+28,9.2830e+28,5.1790e+28,8.3000e+26,4.0000e+26,3.3500e+27,3.6100e+27,3.0604e+08,1.1902e+06,8.1852e+08,2.7863e-10,6.8364e+06,5.7274e+04,4.6067e+05,4.5752e+05,53.0,44.5,0.4,2.1,3.2450e+29,3.1518e+29,4.3300e+27,4.9900e+27,6.9627e+27,0.0000e+00,97.1,1.3,1.5
93,3.3113e+29,1.7520e+29,1.4804e+29,9.5000e+26,6.9400e+27,1.5286e+29,2.2340e+28,9.5460e+28,5.2580e+28,4.8000e+26,4.7000e+26,3.4100e+27,3.5300e+27,3.1264e+08,1.2261e+06,7.3976e+08,6.0987e-12,6.7917e+06,5.9107e+04,4.5750e+05,4.5437e+05,52.9,44.7,0.3,2.1,3.3129e+29,3.2190e+29,4.7100e+27,4.6800e+27,6.7996e+27,0.0000e+00,97.2,1.4,1.4
94,3.2658e+29,1.7704e+29,1.4147e+29,1.1400e+27,6.9300e+27,1.5604e+29,2.1000e+28,9.4330e+28,4.7140e+28,6.7000e+26,4.7000e+26,3.1900e+27,3.7400e+27,3.1916e+08,6.7227e+05,7.3465e+08,1.0828e-14,6.5853e+06,6.9776e+04,4.5436e+05,4.5125e+05,54.2,43.3,0.3,2.1,3.2687e+29,3.1738e+29,4.5500e+27,4.9400e+27,6.6400e+27,0.0000e+00,97.1,1.4,1.5
95,3.3708e+29,1.8180e+29,1.4712e+29,1.2600e+27,6.9000e+27,1.6076e+29,2.1040e+28,9.9730e+28,4.7390e+28,6.9000e+26,5.7000e+26,3.6600e+27,3.2400e+27,3.2451e+08,7.6696e+04,9.4352e+08,1.0066e-20,6.5163e+06,6.2564e+04,4.5124e+05,4.4814e+05,53.9,43.6,0.4,2.0,3.3679e+29,3.2746e+29,4.6000e+27,4.7300e+27,6.5150e+27,0.0000e+00,97.2,1.4,1.4
96,3.4263e+29,1.8715e+29,1.4723e+29,1.3000e+27,6.9500e+27,1.6492e+29,2.2230e+28,9.9160e+28,4.8070e+28,7.6000e+26,5.4000e+26,3.7300e+27,3.2200e+27,3.3260e+08,5.8111e+02,9.5912e+08,1.0110e-20,9.7457e+06,8.4740e+04,4.4812e+05,4.4503e+05,54.6,43.0,0.4,2.0,3.4192e+29,3.3240e+29,4.6500e+27,4.8700e+27,6.3906e+27,0.0000e+00,97.2,1.4,1.4
97,3.4934e+29,1.9312e+29,1.4804e+29,1.2100e+27,6.9700e+27,1.7084e+29,2.2280e+28,9.9170e+28,4.8870e+28,7.1000e+26,5.0000e+26,3.6200e+27,3.3500e+27,3.3945e+08,1.3548e+06,7.3272e+08,3.1546e-15,9.4676e+06,7.3618e+04,4.4502e+05,4.4195e+05,55.3,42.4,0.3,2.0,3.4979e+29,3.3959e+29,4.9400e+27,5.2600e+27,6.2378e+27,0.0000e+00,97.1,1.4,1.5
98,3.5046e+29,1.9922e+29,1.4316e+29,1.1900e+27,6.8900e+27,1.7752e+29,2.1700e+28,9.4930e+28,4.8230e+28,6.6000e+26,5.3000e+26,3.3200e+27,3.5700e+27,3.4560e+08,1.2985e+06,1.0054e+09,6.5088e-12,9.3087e+06,6.4425e+04,4.4193e+05,4.3889e+05,56.8,40.8,0.3,2.0,3.4966e+29,3.4012e+29,4.8500e+27,4.6900e+27,6.0883e+27,0.0000e+00,97.3,1.4,1.3
99,3.5767e+29,2.0293e+29,1.4641e+29,1.4200e+27,6.9100e+27,1.8252e+29,2.0410e+28,1.0014e+29,4.6270e+28,9.7000e+26,4.5000e+26,3.4300e+27,3.4800e+27,3.5213e+08,1.3442e+06,7.9166e+08,5.0444e-10,8.8883e+06,8.4397e+04,4.3888e+05,4.3585e+05,56.7,40.9,0.4,1.9,3.5818e+29,3.4868e+29,4.5700e+27,4.9300e+27,5.9702e+27,0.0000e+00,97.3,1.3,1.4
100,3.6480e+29,2.0987e+29,1.4697e+29,1.1200e+27,6.8400e+27,1.8890e+29,2.0970e+28,1.0048e+29,4.6490e+28,6.7000e+26,4.5000e+26,3.3100e+27,3.5300e+27,3.5729e+08,1.0088e+06,7.5043e+08,1.0806e-08,8.8405e+06,8.4340e+04,4.3583e+05,4.3282e+05,57.5,40.3,0.3,1.9,3.6475e+29,3.5482e+29,4.4800e+27,5.4500e+27,5.8531e+27,0.0000e+00,97.3,1.2,1.5
101,3.6016e+29,2.1216e+29,1.3990e+29,1.1800e+27,6.9200e+27,1.9249e+29,1.9670e+28,9.7610e+28,4.2290e+28,6.0000e+26,5.8000e+26,3.5900e+27,3.3300e+27,3.6234e+08,1.0777e+06,7.7147e+08,6.3061e-09,8.4735e+06,7.6486e+04,4.3280e+05,4.2981e+05,58.9,38.8,0.3,1.9,3.6036e+29,3.5073e+29,4.6200e+27,5.0100e+27,5.7111e+27,0.0000e+00,97.3,1.3,1.4
102,3.7443e+29,2.1998e+29,1.4605e+29,1.5300e+27,6.8700e+27,2.0052e+29,1.9460e+28,1.0493e+29,4.1120e+28,8.1000e+26,7.2000e+26,3.4400e+27,3.4300e+27,3.6699e+08,1.1224e+06,7.3722e+08,2.6725e-10,8.2343e+06,8.5851e+04,4.2980e+05,4.2684e+05,58.8,39.0,0.4,1.8,3.7361e+29,3.6338e+29,4.7700e+27,5.4600e+27,5.5726e+27,0.0000e+00,97.3,1.3,1.5
103,3.8099e+29,2.2594e+29,1.4688e+29,1.1800e+27,6.9900e+27,2.0603e+29,1.9910e+28,1.0567e+29,4.1210e+28,7.6000e+26,4.2000e+26,3.4800e+27,3.5100e+27,3.7206e+08,7.2257e+05,7.9694e+08,2.4770e-12,8.1177e+06,7.5980e+04,4.2683e+05,4.2387e+05,59.3,38.6,0.3,1.8,3.8118e+29,3.7124e+29,4.9400e+27,5.0000e+27,5.4870e+27,0.0000e+00,97.4,1.3,1.3
104,3.9147e+29,2.3045e+29,1.5294e+29,1.1200e+27,6.9600e+27,2.1084e+29,1.9610e+28,1.1130e+29,4.1640e+28,5.6000e+26,5.6000e+26,3.6200e+27,3.3400e+27,3.7386e+08,3.0167e+05,7.3491e+08,3.4538e-16,7.9036e+06,8.5012e+04,4.2385e+05,4.2093e+05,58.9,39.1,0.3,1.8,3.9154e+29,3.8105e+29,5.3900e+27,5.1000e+27,5.3526e+27,0.0000e+00,97.3,1.4,1.3
105,3.9128e+29,2.3279e+29,1.5052e+29,1.1300e+27,6.8400e+27,2.1346e+29,1.9330e+28,1.1348e+29,3.7040e+28,6.5000e+26,4.8000e+26,3.4700e+27,3.3700e+27,3.7650e+08,1.7856e+03,7.4624e+08,1.0008e-20,1.0298e+07,7.8023e+04,4.2091e+05,4.1802e+05,59.5,38.5,0.3,1.7,3.9180e+29,3.8228e+29,4.7500e+27,4.7700e+27,5.2218e+27,0.0000e+00,97.6,1.2,1.2
106,4.0249e+29,2.3980e+29,1.5442e+29,1.2500e+27,7.0200e+27,2.2000e+29,1.9800e+28,1.1512e+29,3.9300e+28,8.6000e+26,3.9000e+26,3.2300e+27,3.7900e+27,3.8032e+08,8.8681e+05,7.4722e+08,4.8221e-19,1.0100e+07,6.8285e+04,4.1800e+05,4.1511e+05,59.6,38.4,0.3,1.7,4.0152e+29,3.9130e+29,5.2700e+27,4.9500e+27,5.1397e+27,0.0000e+00,97.5,1.3,1.2
107,4.1044e+29,2.4636e+29,1.5571e+29,1.4300e+27,6.9400e+27,2.2636e+29,2.0000e+28,1.1644e+29,3.9270e+28,9.6000e+26,4.7000e+26,3.5300e+27,3.4100e+27,3.8443e+08,1.2295e+06,7.2647e+08,7.2267e-13,9.7056e+06,6.6095e+04,4.1510e+05,4.1226e+05,60.0,37.9,0.3,1.7,4.1093e+29,4.0071e+29,5.2800e+27,4.9400e+27,4.9913e+27,0.0000e+00,97.5,1.3,1.2
108,4.2359e+29,2.5580e+29,1.5939e+29,1.4500e+27,6.9500e+27,2.3666e+29,1.9140e+28,1.2086e+29,3.8530e+28,8.1000e+26,6.4000e+26,3.4100e+27,3.5400e+27,3.8809e+08,1.2500e+06,7.2339e+08,2.2530e-10,9.7631e+06,5.7760e+04,4.1224e+05,4.0941e+05,60.4,37.6,0.3,1.6,4.2321e+29,4.1299e+29,5.4800e+27,4.7400e+27,4.9123e+27,0.0000e+00,97.6,1.3,1.1
109,4.2453e+29,2.5775e+29,1.5856e+29,1.2400e+27,6.9800e+27,2.3839e+29,1.9360e+28,1.2124e+29,3.7320e+28,8.5000e+26,3.9000e+26,3.5500e+27,3.4300e+27,3.9059e+08,1.0904e+06,7.1707e+08,9.0008e-09,9.5155e+06,6.9452e+04,4.0940e+05,4.0660e+05,60.7,37.3,0.3,1.6,4.2482e+29,4.1471e+29,5.1800e+27,4.9300e+27,4.7916e+27,0.0000e+00,97.6,1.2,1.2
110,4.3061e+29,2.6470e+29,1.5752e+29,1.4000e+27,6.9900e+27,2.4603e+29,1.8670e+28,1.2337e+29,3.4150e+28,9.1000e+26,4.9000e+26,3.7100e+27,3.2800e+27,3.9207e+08,8.2455e+05,7.1863e+08,4.6938e-10,9.4802e+06,6.4584e+04,4.0658e+05,4.0380e+05,61.5,36.6,0.3,1.6,4.3022e+29,4.1982e+29,5.6300e+27,4.7700e+27,4.6944e+27,0.0000e+00,97.6,1.3,1.1
111,4.3942e+29,2.7088e+29,1.6031e+29,1.2700e+27,6.9600e+27,2.5191e+29,1.8970e+28,1.2713e+29,3.3180e+28,8.8000e+26,3.9000e+26,3.2900e+27,3.6700e+27,3.9451e+08,5.4122e+05,7.6771e+08,4.5932e-12,9.8977e+06,6.1865e+04,4.0379e+05,4.0105e+05,61.6,36.5,0.3,1.6,4.3938e+29,4.2904e+29,5.7300e+27,4.6100e+27,4.5794e+27,0.0000e+00,97.6,1.3,1.0
112,4.4966e+29,2.7693e+29,1.6436e+29,1.4300e+27,6.9400e+27,2.5844e+29,1.8490e+28,1.3144e+29,3.2920e+28,8.8000e+26,5.5000e+26,3.4300e+27,3.5100e+27,3.9575e+08,2.3903e+05,8.3146e+08,7.5021e-16,1.0055e+07,5.8445e+04,4.0104e+05,3.9832e+05,61.6,36.6,0.3,1.5,4.4958e+29,4.3884e+29,5.9000e+27,4.8400e+27,4.4867e+27,0.0000e+00,97.6,1.3,1.1
113,4.6893e+29,2.8577e+29,1.7463e+29,1.5800e+27,6.9500e+27,2.6676e+29,1.9010e+28,1.3716e+29,3.7470e+28,1.0700e+27,5.1000e+26,3.5700e+27,3.3800e+27,3.9701e+08,8.2603e+02,7.1122e+08,1.0040e-20,1.2677e+07,6.4192e+04,3.9830e+05,3.9561e+05,60.9,37.2,0.3,1.5,4.6917e+29,4.5882e+29,5.6700e+27,4.6800e+27,4.3957e+27,0.0000e+00,97.8,1.2,1.0
114,4.7486e+29,2.8870e+29,1.7755e+29,1.5900e+27,7.0200e+27,2.6916e+29,1.9540e+28,1.4103e+29,3.6520e+28,9.9000e+26,6.0000e+26,3.4100e+27,3.6100e+27,3.9704e+08,1.3616e+06,8.1141e+08,4.6831e-19,1.2702e+07,6.8660e+04,3.9560e+05,3.9293e+05,60.8,37.4,0.3,1.5,4.7447e+29,4.6406e+29,5.7100e+27,4.7000e+27,4.3065e+27,0.0000e+00,97.8,1.2,1.0
115,4.8851e+29,2.9921e+29,1.8057e+29,1.7800e+27,6.9500e+27,2.7898e+29,2.0230e+28,1.4595e+29,3.4620e+28,1.1400e+27,6.4000e+26,3.7100e+27,3.2400e+27,3.9756e+08,1.0965e+06,7.4350e+08,1.1864e-12,1.2531e+07,5.7840e+04,3.9292e+05,3.9029e+05,61.2,37.0,0.4,1.4,4.8807e+29,4.7810e+29,5.6400e+27,4.3300e+27,4.2016e+27,0.0000e+00,98.0,1.2,0.9
116,5.0001e+29,3.0484e+29,1.8651e+29,1.7200e+27,6.9400e+27,2.8604e+29,1.8800e+28,1.5293e+29,3.3580e+28,1.2100e+27,5.1000e+26,3.5300e+27,3.4100e+27,3.9853e+08,9.4874e+05,6.8372e+08,4.0869e-10,1.2388e+07,5.5292e+04,3.9028e+05,3.8767e+05,61.0,37.3,0.3,1.4,4.9950e+29,4.8879e+29,6.3900e+27,4.3200e+27,4.1168e+27,0.0000e+00,97.9,1.3,0.9
117,5.0736e+29,3.1311e+29,1.8557e+29,1.7100e+27,6.9700e+27,2.9354e+29,1.9570e+28,1.5346e+29,3.2110e+28,1.0800e+27,6.3000e+26,3.5900e+27,3.3800e+27,3.9948e+08,7.2651e+05,7.7892e+08,9.2520e-10,1.2021e+07,5.8502e+04,3.8766e+05,3.8510e+05,61.7,36.6,0.3,1.4,5.0678e+29,4.9589e+29,6.2200e+27,4.6700e+27,4.0174e+27,0.0000e+00,97.9,1.2,0.9
118,5.2212e+29,3.2102e+29,1.9242e+29,1.6500e+27,7.0300e+27,3.0217e+29,1.8850e+28,1.5867e+29,3.3750e+28,9.8000e+26,6.7000e+26,3.5100e+27,3.5200e+27,4.0168e+08,4.6103e+05,6.8716e+08,9.2150e-12,1.2223e+07,8.7076e+04,3.8509e+05,3.8255e+05,61.5,36.9,0.3,1.3,5.2256e+29,5.1151e+29,6.3900e+27,4.6600e+27,3.9371e+27,0.0000e+00,97.9,1.2,0.9
119,5.3473e+29,3.3245e+29,1.9373e+29,1.5900e+27,6.9600e+27,3.1326e+29,1.9190e+28,1.6026e+29,3.3470e+28,1.1000e+27,4.9000e+26,3.4200e+27,3.5400e+27,4.0382e+08,1.9934e+05,7.8206e+08,1.6216e-15,1.2116e+07,8.4617e+04,3.8254e+05,3.8003e+05,62.2,36.2,0.3,1.3,5.3399e+29,5.2335e+29,6.6000e+27,4.0400e+27,3.8585e+27,0.0000e+00,98.0,1.2,0.8
120,5.4058e+29,3.3271e+29,1.9875e+29,2.0600e+27,7.0600e+27,3.1446e+29,1.8250e+28,1.6512e+29,3.3630e+28,1.3400e+27,7.2000e+26,3.5100e+27,3.5500e+27,4.0494e+08,3.3345e+02,6.6997e+08,1.0092e-20,1.7743e+07,9.1168e+04,3.8002e+05,3.7754e+05,61.5,36.8,0.4,1.3,5.4154e+29,5.3068e+29,6.2900e+27,4.5700e+27,3.7817e+27,0.0000e+00,98.0,1.2,0.8
121,5.6118e+29,3.4481e+29,2.0692e+29,2.3600e+27,7.0900e+27,3.2464e+29,2.0170e+28,1.7311e+29,3.3810e+28,1.6200e+27,7.4000e+26,3.4100e+27,3.6800e+27,4.0706e+08,1.1339e+06,6.8780e+08,6.3478e-19,1.7714e+07,7.9088e+04,3.7753e+05,3.7509e+05,61.4,36.9,0.4,1.3,5.6046e+29,5.4957e+29,6.4900e+27,4.4000e+27,3.7066e+27,0.0000e+00,98.1,1.2,0.8
122,5.6869e+29,3.5089e+29,2.0835e+29,2.4300e+27,7.0200e+27,3.3098e+29,1.9910e+28,1.7657e+29,3.1780e+28,1.8000e+27,6.3000e+26,3.7600e+27,3.2600e+27,4.0925e+08,9.2209e+05,7.5066e+08,2.3221e-12,1.7504e+07,6.4293e+04,3.7508e+05,3.7267e+05,61.7,36.6,0.4,1.2,5.6847e+29,5.5732e+29,6.7900e+27,4.3600e+27,3.6191e+27,0.0000e+00,98.0,1.2,0.8
123,5.7964e+29,3.5605e+29,2.1452e+29,2.0500e+27,7.0200e+27,3.3683e+29,1.9220e+28,1.8190e+29,3.2620e+28,1.4100e+27,6.4000e+26,3.5400e+27,3.4800e+27,4.1093e+08,6.9769e+05,6.3977e+08,8.2089e-10,1.7460e+07,8.7735e+04,3.7266e+05,3.7029e+05,61.4,37.0,0.4,1.2,5.7972e+29,5.6772e+29,7.6800e+27,4.3200e+27,3.5344e+27,0.0000e+00,97.9,1.3,0.7
124,5.9990e+29,3.6928e+29,2.2154e+29,2.1000e+27,6.9800e+27,3.4891e+29,2.0370e+28,1.9027e+29,3.1270e+28,1.6400e+27,4.6000e+26,3.5400e+27,3.4400e+27,4.1081e+08,4.6200e+05,7.4054e+08,6.4977e-11,1.7268e+07,8.0821e+04,3.7028e+05,3.6794e+05,61.6,36.9,0.4,1.2,5.9936e+29,5.8727e+29,7.6300e+27,4.4600e+27,3.4797e+27,0.0000e+00,98.0,1.3,0.7
125,6.0409e+29,3.7071e+29,2.2427e+29,2.0800e+27,7.0300e+27,3.5113e+29,1.9580e+28,1.9420e+29,3.0070e+28,1.4900e+27,5.9000e+26,3.2900e+27,3.7400e+27,4.1069e+08,2.3817e+05,8.1829e+08,7.6462e-14,1.6974e+07,1.0105e+05,3.6793e+05,3.6563e+05,61.4,37.1,0.3,1.2,6.0373e+29,5.9149e+29,7.8300e+27,4.4100e+27,3.3993e+27,0.0000e+00,98.0,1.3,0.7
126,6.1849e+29,3.7842e+29,2.3090e+29,2.1500e+27,7.0200e+27,3.5895e+29,1.9470e+28,2.0213e+29,2.8770e+28,1.5200e+27,6.3000e+26,3.7300e+27,3.2900e+27,4.1134e+08,7.3617e+03,6.7881e+08,1.0049e-20,1.6281e+07,9.0665e+04,3.6562e+05,3.6335e+05,61.2,37.3,0.3,1.1,6.1864e+29,6.0709e+29,7.3900e+27,4.1600e+27,3.3344e+27,0.0000e+00,98.1,1.2,0.7
127,6.4024e+29,3.8856e+29,2.4183e+29,2.8000e+27,7.0500e+27,3.6777e+29,2.0790e+28,2.0416e+29,3.7670e+28,2.0900e+27,7.1000e+26,3.6300e+27,3.4200e+27,4.1086e+08,4.8523e+01,7.3343e+08,1.0207e-20,2.1826e+07,7.9950e+04,3.6334e+05,3.6111e+05,60.7,37.8,0.4,1.1,6.4055e+29,6.2853e+29,7.9600e+27,4.0600e+27,3.2712e+27,0.0000e+00,98.1,1.2,0.6
128,6.5622e+29,3.9876e+29,2.4796e+29,2.5100e+27,6.9900e+27,3.7798e+29,2.0780e+28,2.1541e+29,3.2550e+28,1.8300e+27,6.8000e+26,3.3800e+27,3.6100e+27,4.1116e+08,7.0265e+05,7.8391e+08,2.0304e-13,2.0876e+07,9.0067e+04,3.6110e+05,3.5891e+05,60.8,37.8,0.4,1.1,6.5503e+29,6.4295e+29,8.0500e+27,4.0300e+27,3.1976e+27,0.0000e+00,98.2,1.2,0.6
129,6.8054e+29,4.1223e+29,2.5887e+29,2.5500e+27,6.8900e+27,3.9135e+29,2.0880e+28,2.2687e+29,3.2000e+28,1.9200e+27,6.3000e+26,3.6200e+27,3.2700e+27,4.1108e+08,5.2620e+05,7.4292e+08,2.5517e-10,2.0596e+07,7.9895e+04,3.5890e+05,3.5674e+05,60.6,38.0,0.4,1.0,6.8032e+29,6.6860e+29,7.6500e+27,4.0700e+27,3.1384e+27,0.0000e+00,98.3,1.1,0.6
130,6.9184e+29,4.1735e+29,2.6467e+29,2.7700e+27,7.0500e+27,3.9676e+29,2.0590e+28,2.3231e+29,3.2360e+28,2.1200e+27,6.5000e+26,3.4700e+27,3.5800e+27,4.0965e+08,3.5387e+05,9.5664e+08,2.8419e-11,2.0449e+07,9.7389e+04,3.5673e+05,3.5462e+05,60.3,38.3,0.4,1.0,6.9195e+29,6.7985e+29,8.0400e+27,4.0600e+27,3.0694e+27,0.0000e+00,98.3,1.2,0.6
131,7.0496e+29,4.2448e+29,2.7034e+29,3.1200e+27,7.0200e+27,4.0295e+29,2.1530e+28,2.3658e+29,3.3760e+28,2.3600e+27,7.6000e+26,3.4800e+27,3.5400e+27,4.0820e+08,1.6291e+05,7.7933e+08,8.5793e-15,2.0441e+07,8.8837e+04,3.5461e+05,3.5253e+05,60.2,38.3,0.4,1.0,7.0439e+29,6.9232e+29,8.0600e+27,4.0100e+27,3.0140e+27,0.0000e+00,98.3,1.1,0.6
132,7.2142e+29,4.3437e+29,2.7658e+29,3.3500e+27,7.1200e+27,4.1319e+29,2.1180e+28,2.4345e+29,3.3130e+28,2.4900e+27,8.6000e+26,3.3000e+27,3.8200e+27,4.0511e+08,6.3055e+02,9.6728e+08,1.0134e-20,2.7108e+07,1.0337e+05,3.5252e+05,3.5048e+05,60.2,38.3,0.5,1.0,7.2166e+29,7.0906e+29,8.0600e+27,4.5400e+27,2.9603e+27,0.0000e+00,98.3,1.1,0.6
133,7.3919e+29,4.4405e+29,2.8400e+29,3.9400e+27,7.2000e+27,4.2131e+29,2.2740e+28,2.4890e+29,3.5100e+28,3.0300e+27,9.1000e+26,3.6400e+27,3.5600e+27,4.0219e+08,7.7019e+05,9.4722e+08,5.4478e-20,2.6843e+07,9.5066e+04,3.5047e+05,3.4846e+05,60.1,38.4,0.5,1.0,7.3929e+29,7.2663e+29,8.4000e+27,4.2600e+27,2.9081e+27,0.0000e+00,98.3,1.1,0.6
134,7.5208e+29,4.4792e+29,2.9310e+29,3.9700e+27,7.0900e+27,4.2549e+29,2.2430e+28,2.5919e+29,3.3910e+28,3.0800e+27,8.9000e+26,3.7200e+27,3.3700e+27,4.0001e+08,5.7235e+05,7.9006e+08,2.6470e-12,2.6056e+07,9.9209e+04,3.4845e+05,3.4648e+05,59.6,39.0,0.5,0.9,7.5145e+29,7.3855e+29,8.6900e+27,4.2100e+27,2.8471e+27,0.0000e+00,98.3,1.2,0.6
135,7.7718e+29,4.6303e+29,3.0318e+29,4.0300e+27,6.9400e+27,4.3917e+29,2.3860e+28,2.6959e+29,3.3590e+28,3.1800e+27,8.5000e+26,3.4700e+27,3.4700e+27,3.9722e+08,4.1051e+05,7.2904e+08,3.5019e-10,2.6244e+07,8.3770e+04,3.4648e+05,3.4455e+05,59.6,39.0,0.5,0.9,7.7690e+29,7.6370e+29,9.4800e+27,3.7200e+27,2.7986e+27,0.0000e+00,98.3,1.2,0.5
136,7.9166e+29,4.6937e+29,3.1135e+29,3.9500e+27,6.9900e+27,4.4663e+29,2.2740e+28,2.8062e+29,3.0730e+28,3.1400e+27,8.1000e+26,3.6500e+27,3.3400e+27,3.9388e+08,2.2007e+05,8.0627e+08,7.0661e-13,2.6022e+07,9.3782e+04,3.4454e+05,3.4265e+05,59.3,39.3,0.5,0.9,7.9126e+29,7.7875e+29,8.8600e+27,3.6500e+27,2.7416e+27,0.0000e+00,98.4,1.1,0.5
137,8.1535e+29,4.8077e+29,3.2355e+29,3.9500e+27,7.0800e+27,4.5764e+29,2.3130e+28,2.9194e+29,3.1610e+28,3.1000e+27,8.5000e+26,3.2800e+27,3.8000e+27,3.9066e+08,3.3655e+04,8.2958e+08,1.0984e-20,2.5301e+07,8.2531e+04,3.4265e+05,3.4080e+05,59.0,39.7,0.5,0.9,8.1512e+29,8.0192e+29,9.7100e+27,3.4900e+27,2.6966e+27,0.0000e+00,98.4,1.2,0.4
138,8.4126e+29,4.8995e+29,3.3937e+29,4.8600e+27,7.0800e+27,4.6453e+29,2.5420e+28,3.0184e+29,3.7530e+28,3.8600e+27,1.0000e+27,3.5800e+27,3.5000e+27,3.8734e+08,4.7980e+01,9.5856e+08,1.0264e-20,3.7353e+07,7.1782e+04,3.4079e+05,3.3898e+05,58.2,40.3,0.6,0.8,8.4088e+29,8.2734e+29,9.6500e+27,3.8900e+27,2.6435e+27,0.0000e+00,98.4,1.1,0.5
139,8.5442e+29,4.9984e+29,3.4210e+29,5.4100e+27,7.0700e+27,4.7388e+29,2.5960e+28,3.0124e+29,4.0860e+28,4.4400e+27,9.7000e+26,3.5600e+27,3.5100e+27,3.8410e+08,5.3557e+05,8.8502e+08,6.5337e-14,3.6212e+07,8.9203e+04,3.3898e+05,3.3721e+05,58.5,40.0,0.6,0.8,8.5380e+29,8.4003e+29,9.9500e+27,3.8200e+27,2.6018e+27,0.0000e+00,98.4,1.2,0.4
140,8.8684e+29,5.1357e+29,3.6103e+29,5.1600e+27,7.0800e+27,4.8708e+29,2.6490e+28,3.2275e+29,3.8280e+28,4.0900e+27,1.0700e+27,3.6600e+27,3.4200e+27,3.7912e+08,3.7755e+05,7.7885e+08,2.0834e-10,3.4671e+07,8.0547e+04,3.3720e+05,3.3547e+05,57.9,40.7,0.6,0.8,8.8626e+29,8.7237e+29,9.9800e+27,3.9100e+27,2.5615e+27,0.0000e+00,98.4,1.1,0.4
141,8.9753e+29,5.1755e+29,3.6787e+29,5.1100e+27,7.0000e+27,4.9085e+29,2.6700e+28,3.2935e+29,3.8520e+28,4.0200e+27,1.0900e+27,3.6400e+27,3.3600e+27,3.7604e+08,2.1721e+05,7.6648e+08,8.3614e-13,3.3592e+07,7.2797e+04,3.3547e+05,3.3378e+05,57.7,41.0,0.6,0.8,8.9741e+29,8.8288e+29,1.0780e+28,3.7500e+27,2.5138e+27,0.0000e+00,98.4,1.2,0.4
142,9.2550e+29,5.3099e+29,3.8180e+29,5.8600e+27,6.8500e+27,5.0390e+29,2.7090e+28,3.4484e+29,3.6960e+28,4.7600e+27,1.1000e+27,3.5000e+27,3.3500e+27,3.7611e+08,4.1810e+04,9.5447e+08,8.0128e-20,3.2460e+07,1.1594e+05,3.3378e+05,3.3213e+05,57.4,41.3,0.6,0.7,9.2486e+29,9.1026e+29,1.1020e+28,3.5800e+27,2.4766e+27,0.0000e+00,98.4,1.2,0.4
143,9.3683e+29,5.3415e+29,3.8890e+29,6.5900e+27,7.1900e+27,5.0500e+29,2.9150e+28,3.4756e+29,4.1340e+28,5.4000e+27,1.1900e+27,3.5800e+27,3.6100e+27,3.7664e+08,7.2994e+01,8.5075e+08,1.0018e-20,5.1074e+07,1.0562e+05,3.3212e+05,3.3052e+05,57.0,41.5,0.7,0.8,9.3660e+29,9.2180e+29,1.0820e+28,3.9800e+27,2.4324e+27,0.0000e+00,98.4,1.2,0.4
144,9.6759e+29,5.4857e+29,4.0496e+29,7.0200e+27,7.0400e+27,5.1805e+29,3.0520e+28,3.6153e+29,4.3430e+28,5.6600e+27,1.3600e+27,3.5300e+27,3.5100e+27,3.7691e+08,5.8632e+05,1.0074e+09,5.3942e-14,4.9650e+07,1.3408e+05,3.3051e+05,3.2895e+05,56.7,41.9,0.7,0.7,9.6659e+29,9.5114e+29,1.1220e+28,4.2300e+27,2.3900e+27,0.0000e+00,98.4,1.2,0.4
145,9.9505e+29,5.6521e+29,4.1609e+29,6.8500e+27,6.9000e+27,5.3414e+29,3.1070e+28,3.7176e+29,4.4330e+28,5.4400e+27,1.4100e+27,3.6700e+27,3.2300e+27,3.7826e+08,3.8720e+05,1.1203e+09,1.5238e-10,4.7617e+07,1.3831e+05,3.2895e+05,3.2742e+05,56.8,41.8,0.7,0.7,9.9552e+29,9.8045e+29,1.1290e+28,3.7800e+27,2.3576e+27,0.0000e+00,98.5,1.1,0.4
146,1.0282e+30,5.7205e+29,4.4200e+29,7.1900e+27,6.9800e+27,5.4011e+29,3.1940e+28,3.9773e+29,4.4270e+28,5.6100e+27,1.5800e+27,3.9500e+27,3.0300e+27,3.7903e+08,2.0934e+05,8.7519e+08,1.7713e-13,4.6020e+07,1.4417e+05,3.2742e+05,3.2594e+05,55.6,43.0,0.7,0.7,1.0277e+30,1.0126e+30,1.1910e+28,3.1800e+27,2.3185e+27,0.0000e+00,98.5,1.2,0.3
147,1.0564e+30,5.8662e+29,4.5546e+29,7.2800e+27,7.0900e+27,5.5376e+29,3.2860e+28,4.0995e+29,4.5510e+28,5.8800e+27,1.4000e+27,3.7900e+27,3.3000e+27,3.7970e+08,1.0847e+04,9.7635e+08,1.1515e-20,4.5126e+07,1.4721e+05,3.2594e+05,3.2450e+05,55.5,43.1,0.7,0.7,1.0560e+30,1.0405e+30,1.1950e+28,3.6000e+27,2.2890e+27,0.0000e+00,98.5,1.1,0.3
148,1.0868e+30,5.9876e+29,4.7192e+29,9.2200e+27,6.9100e+27,5.6175e+29,3.7010e+28,4.1883e+29,5.3090e+28,7.5900e+27,1.6300e+27,3.4300e+27,3.4800e+27,3.8005e+08,1.1400e+02,9.8011e+08,1.0130e-20,6.8860e+07,1.6736e+05,3.2449e+05,3.2310e+05,55.1,43.4,0.8,0.6,1.0848e+30,1.0685e+30,1.2550e+28,3.7400e+27,2.2530e+27,0.0000e+00,98.5,1.2,0.3
149,1.1082e+30,6.0732e+29,4.8462e+29,9.2700e+27,6.9500e+27,5.6958e+29,3.7740e+28,4.3014e+29,5.4480e+28,7.4400e+27,1.8300e+27,3.2000e+27,3.7500e+27,3.7961e+08,4.6015e+05,8.8982e+08,4.9354e-13,6.6259e+07,1.6786e+05,3.2309e+05,3.2174e+05,54.8,43.7,0.8,0.6,1.1089e+30,1.0922e+30,1.3040e+28,3.7100e+27,2.2187e+27,0.0000e+00,98.5,1.2,0.3
150,1.1491e+30,6.2370e+29,5.0940e+29,9.0200e+27,7.0100e+27,5.8434e+29,3.9360e+28,4.5564e+29,5.3760e+28,7.2600e+27,1.7600e+27,3.5600e+27,3.4500e+27,3.7846e+08,2.8218e+05,9.6180e+08,2.4732e-11,6.2451e+07,1.7846e+05,3.2174e+05,3.2043e+05,54.3,44.3,0.8,0.6,1.1481e+30,1.1316e+30,1.2910e+28,3.6200e+27,2.1934e+27,0.0000e+00,98.6,1.1,0.3
151,1.1705e+30,6.2991e+29,5.2400e+29,9.6000e+27,7.0000e+27,5.9158e+29,3.8330e+28,4.6924e+29,5.4760e+28,7.8300e+27,1.7700e+27,3.7200e+27,3.2800e+27,3.7840e+08,1.1199e+05,1.0352e+09,2.4630e-15,5.9368e+07,1.9215e+05,3.2043e+05,3.1916e+05,53.8,44.8,0.8,0.6,1.1709e+30,1.1537e+30,1.3470e+28,3.6900e+27,2.1547e+27,0.0000e+00,98.5,1.2,0.3
152,1.2103e+30,6.4853e+29,5.4507e+29,9.6800e+27,7.0200e+27,6.0589e+29,4.2640e+28,4.8069e+29,6.4380e+28,7.6500e+27,2.0300e+27,3.7100e+27,3.3100e+27,3.7764e+08,1.7254e+02,9.8258e+08,1.0296e-20,7.2710e+07,1.8388e+05,3.1916e+05,3.1794e+05,53.6,45.0,0.8,0.6,1.2091e+30,1.1921e+30,1.4130e+28,2.9000e+27,2.1323e+27,0.0000e+00,98.6,1.2,0.2
153,1.2437e+30,6.5528e+29,5.6959e+29,1.1740e+28,7.1100e+27,6.0785e+29,4.7430e+28,4.9644e+29,7.3150e+28,9.4200e+27,2.3200e+27,3.5000e+27,3.6100e+27,3.7680e+08,5.0896e+05,1.1038e+09,2.5360e-17,7.1518e+07,2.2631e+05,3.1793e+05,3.1675e+05,52.7,45.8,0.9,0.6,1.2444e+30,1.2260e+30,1.4620e+28,3.7100e+27,2.1110e+27,0.0000e+00,98.5,1.2,0.3
154,1.2818e+30,6.6851e+29,5.9433e+29,1.1990e+28,6.9500e+27,6.2012e+29,4.8390e+28,5.2097e+29,7.3360e+28,9.5900e+27,2.4000e+27,3.6100e+27,3.3400e+27,3.7597e+08,3.6599e+05,1.1179e+09,2.3282e-11,6.7975e+07,2.3057e+05,3.1675e+05,3.1561e+05,52.2,46.4,0.9,0.5,1.2805e+30,1.2622e+30,1.4700e+28,3.6100e+27,2.0770e+27,0.0000e+00,98.6,1.1,0.3
155,1.3135e+30,6.8022e+29,6.1404e+29,1.2260e+28,6.9700e+27,6.3083e+29,4.9390e+28,5.3666e+29,7.7380e+28,9.7700e+27,2.4900e+27,3.5000e+27,3.4700e+27,3.7525e+08,1.9138e+05,1.0376e+09,6.2520e-13,6.4686e+07,2.3000e+05,3.1561e+05,3.1452e+05,51.8,46.7,0.9,0.5,1.3129e+30,1.2945e+30,1.5060e+28,3.2800e+27,2.0516e+27,0.0000e+00,98.6,1.1,0.2
156,1.3475e+30,6.9308e+29,6.3536e+29,1.2100e+28,6.9900e+27,6.4292e+29,5.0160e+28,5.6147e+29,7.3890e+28,9.7600e+27,2.3400e+27,3.5700e+27,3.4200e+27,3.7309e+08,2.0992e+04,1.0364e+09,1.0765e-20,6.1207e+07,2.9044e+05,3.1451e+05,3.1346e+05,51.4,47.1,0.9,0.5,1.3465e+30,1.3280e+30,1.5240e+28,3.3000e+27,2.0344e+27,0.0000e+00,98.6,1.1,0.2
157,1.3665e+30,7.0131e+29,6.4345e+29,1.4640e+28,7.0600e+27,6.4159e+29,5.9720e+28,5.5624e+29,8.7210e+28,1.1760e+28,2.8800e+27,3.6600e+27,3.4000e+27,3.7095e+08,1.3274e+02,1.0758e+09,1.0197e-20,7.5252e+07,2.8198e+05,3.1346e+05,3.1245e+05,51.3,47.1,1.1,0.5,1.3672e+30,1.3472e+30,1.6600e+28,3.3500e+27,2.0116e+27,0.0000e+00,98.5,1.2,0.2
158,1.4068e+30,7.1845e+29,6.6678e+29,1.4650e+28,6.9400e+27,6.5596e+29,6.2490e+28,5.7468e+29,9.2100e+28,1.1660e+28,2.9900e+27,3.4800e+27,3.4600e+27,3.6863e+08,3.8175e+05,1.1029e+09,3.8898e-13,7.1903e+07,2.8282e+05,3.1245e+05,3.1149e+05,51.1,47.4,1.0,0.5,1.4047e+30,1.3846e+30,1.6820e+28,3.2600e+27,1.9837e+27,0.0000e+00,98.6,1.2,0.2
159,1.4469e+30,7.3013e+29,6.9404e+29,1.5510e+28,7.1800e+27,6.6602e+29,6.4110e+28,5.9541e+29,9.8630e+28,1.2330e+28,3.1800e+27,3.8100e+27,3.3700e+27,3.6664e+08,2.5865e+05,1.0292e+09,7.7323e-12,6.7875e+07,3.4244e+05,3.1149e+05,3.1057e+05,50.5,48.0,1.1,0.5,1.4476e+30,1.4275e+30,1.6560e+28,3.4900e+27,1.9702e+27,0.0000e+00,98.6,1.1,0.2
160,1.4712e+30,7.3812e+29,7.1104e+29,1.4960e+28,7.1000e+27,6.7340e+29,6.4720e+28,6.1351e+29,9.7530e+28,1.1650e+28,3.3100e+27,3.4100e+27,3.6900e+27,3.6430e+08,8.2681e+04,1.1243e+09,7.5075e-17,6.4745e+07,3.7568e+05,3.1057e+05,3.0969e+05,50.2,48.3,1.0,0.5,1.4688e+30,1.4483e+30,1.7220e+28,3.3000e+27,1.9451e+27,0.0000e+00,98.6,1.2,0.2
161,1.5143e+30,7.5555e+29,7.3511e+29,1.6650e+28,7.0000e+27,6.8252e+29,7.3030e+28,6.2267e+29,1.1244e+29,1.3360e+28,3.2900e+27,3.3100e+27,3.6900e+27,3.6456e+08,3.7478e+02,1.2386e+09,1.0289e-20,7.7437e+07,4.4402e+05,3.0969e+05,3.0886e+05,49.9,48.5,1.1,0.5,1.5149e+30,1.4928e+30,1.8550e+28,3.4800e+27,1.9278e+27,0.0000e+00,98.5,1.2,0.2
162,1.5609e+30,7.7335e+29,7.6226e+29,1.8300e+28,6.9900e+27,6.9203e+29,8.1320e+28,6.3637e+29,1.2589e+29,1.4620e+28,3.6800e+27,3.4600e+27,3.5300e+27,3.6395e+08,5.0178e+05,1.0083e+09,3.9571e-15,7.5530e+07,4.9941e+05,3.0886e+05,3.0808e+05,49.5,48.8,1.2,0.4,1.5601e+30,1.5385e+30,1.8100e+28,3.5900e+27,1.9180e+27,0.0000e+00,98.6,1.2,0.2
163,1.5832e+30,7.8095e+29,7.7703e+29,1.8260e+28,6.9900e+27,7.0012e+29,8.0830e+28,6.5179e+29,1.2524e+29,1.4560e+28,3.7000e+27,3.7500e+27,3.2400e+27,3.6251e+08,3.3013e+05,1.2862e+09,3.1336e-11,7.1257e+07,5.2527e+05,3.0807e+05,3.0733e+05,49.3,49.1,1.2,0.4,1.5826e+30,1.5611e+30,1.8070e+28,3.4600e+27,1.8970e+27,0.0000e+00,98.6,1.1,0.2
164,1.6080e+30,7.8594e+29,7.9780e+29,1.7310e+28,7.0000e+27,7.0246e+29,8.3480e+28,6.6898e+29,1.2882e+29,1.3240e+28,4.0700e+27,3.2200e+27,3.7800e+27,3.6017e+08,1.5133e+05,1.1684e+09,3.6387e-15,6.8478e+07,5.7446e+05,3.0733e+05,3.0664e+05,48.9,49.6,1.1,0.4,1.6078e+30,1.5860e+30,1.8630e+28,3.2000e+27,1.8774e+27,0.0000e+00,98.6,1.2,0.2
165,1.6641e+30,8.0712e+29,8.3146e+29,1.8340e+28,7.2000e+27,7.1767e+29,8.9450e+28,6.9495e+29,1.3651e+29,1.3860e+28,4.4800e+27,3.9300e+27,3.2700e+27,3.5680e+08,3.0432e+02,1.2932e+09,1.0001e-20,8.1115e+07,5.8039e+05,3.0664e+05,3.0598e+05,48.5,50.0,1.1,0.4,1.6627e+30,1.6407e+30,1.9160e+28,2.7800e+27,1.8712e+27,0.0000e+00,98.7,1.2,0.2
166,1.6863e+30,8.1219e+29,8.4592e+29,2.1220e+28,6.9700e+27,7.1370e+29,9.8490e+28,6.8702e+29,1.5890e+29,1.6390e+28,4.8300e+27,3.3900e+27,3.5800e+27,3.5368e+08,6.5963e+05,1.0633e+09,1.7679e-17,7.9826e+07,6.0567e+05,3.0598e+05,3.0538e+05,48.2,50.2,1.3,0.4,1.6866e+30,1.6629e+30,1.9980e+28,3.7700e+27,1.8541e+27,0.0000e+00,98.6,1.2,0.2
167,1.7086e+30,8.2707e+29,8.5409e+29,2.0210e+28,7.1800e+27,7.2506e+29,1.0201e+29,6.9972e+29,1.5437e+29,1.5640e+28,4.5700e+27,3.6000e+27,3.5800e+27,3.5064e+08,4.3103e+05,1.1240e+09,2.3343e-11,7.6430e+07,6.5731e+05,3.0537e+05,3.0481e+05,48.4,50.0,1.2,0.4,1.7076e+30,1.6841e+30,1.9910e+28,3.6000e+27,1.8443e+27,0.0000e+00,98.6,1.2,0.2
168,1.7411e+30,8.3674e+29,8.7739e+29,1.9890e+28,7.0300e+27,7.3390e+29,1.0284e+29,7.2359e+29,1.5380e+29,1.5200e+28,4.6900e+27,3.5000e+27,3.5300e+27,3.4775e+08,1.9541e+05,1.0681e+09,5.5125e-14,7.2911e+07,6.5566e+05,3.0481e+05,3.0429e+05,48.1,50.4,1.1,0.4,1.7407e+30,1.7175e+30,1.9730e+28,3.5300e+27,1.8298e+27,0.0000e+00,98.7,1.1,0.2
169,1.7758e+30,8.4037e+29,9.0816e+29,2.0270e+28,6.9600e+27,7.3459e+29,1.0578e+29,7.5033e+29,1.5783e+29,1.5290e+28,4.9800e+27,3.7300e+27,3.2300e+27,3.4512e+08,8.2096e+01,1.2445e+09,1.0048e-20,7.8702e+07,7.1949e+05,3.0429e+05,3.0382e+05,47.3,51.1,1.1,0.4,1.7743e+30,1.7499e+30,2.0650e+28,3.6800e+27,1.8224e+27,0.0000e+00,98.6,1.2,0.2
170,1.7929e+30,8.5241e+29,9.0981e+29,2.3540e+28,7.1700e+27,7.2973e+29,1.2268e+29,7.2608e+29,1.8373e+29,1.8280e+28,5.2600e+27,3.6500e+27,3.5200e+27,3.4255e+08,5.9694e+05,1.0068e+09,2.4835e-20,7.8097e+07,8.4644e+05,3.0382e+05,3.0339e+05,47.5,50.7,1.3,0.4,1.7936e+30,1.7687e+30,2.1130e+28,3.7000e+27,1.8104e+27,0.0000e+00,98.6,1.2,0.2
171,1.8100e+30,8.6360e+29,9.1568e+29,2.3670e+28,7.0500e+27,7.3851e+29,1.2509e+29,7.3589e+29,1.7979e+29,1.8040e+28,5.6300e+27,3.6000e+27,3.4500e+27,3.3970e+08,4.8793e+05,1.1845e+09,7.4610e-12,7.4529e+07,8.3855e+05,3.0339e+05,3.0301e+05,47.7,50.6,1.3,0.4,1.8099e+30,1.7844e+30,2.1570e+28,3.9400e+27,1.8055e+27,0.0000e+00,98.6,1.2,0.2
172,1.8346e+30,8.7120e+29,9.3453e+29,2.1830e+28,7.0900e+27,7.4979e+29,1.2141e+29,7.5538e+29,1.7915e+29,1.6060e+28,5.7700e+27,3.6300e+27,3.4600e+27,3.3718e+08,2.4861e+05,1.1343e+09,1.2306e-13,7.1290e+07,7.7958e+05,3.0301e+05,3.0267e+05,47.5,50.9,1.2,0.4,1.8344e+30,1.8098e+30,2.1150e+28,3.4300e+27,1.7959e+27,0.0000e+00,98.7,1.2,0.2
173,1.8540e+30,8.7097e+29,9.5335e+29,2.2600e+28,7.0300e+27,7.4563e+29,1.2534e+29,7.6979e+29,1.8356e+29,1.6840e+28,5.7600e+27,3.3800e+27,3.6500e+27,3.3652e+08,7.2167e+02,1.0797e+09,1.0058e-20,8.2499e+07,8.1431e+05,3.0267e+05,3.0237e+05,47.0,51.4,1.2,0.4,1.8528e+30,1.8275e+30,2.1770e+28,3.5400e+27,1.7933e+27,0.0000e+00,98.6,1.2,0.2
174,1.8870e+30,8.8584e+29,9.6825e+29,2.6060e+28,6.8800e+27,7.4280e+29,1.4304e+29,7.5343e+29,2.1482e+29,1.9610e+28,6.4500e+27,3.3800e+27,3.5000e+27,3.3376e+08,1.5647e+05,1.1012e+09,1.0625e-20,8.2422e+07,9.6027e+05,3.0237e+05,3.0213e+05,46.9,51.3,1.4,0.4,1.8856e+30,1.8595e+30,2.1980e+28,4.0300e+27,1.7862e+27,0.0000e+00,98.6,1.2,0.2
175,1.8950e+30,8.8501e+29,9.7836e+29,2.4620e+28,6.9900e+27,7.4223e+29,1.4278e+29,7.7029e+29,2.0807e+29,1.8190e+28,6.4300e+27,3.3700e+27,3.6200e+27,3.3020e+08,5.1088e+05,1.1286e+09,2.9255e-12,7.8804e+07,1.0458e+06,3.0213e+05,3.0192e+05,46.7,51.6,1.3,0.4,1.8964e+30,1.8699e+30,2.2430e+28,4.0900e+27,1.7802e+27,0.0000e+00,98.6,1.2,0.2
176,1.9183e+30,8.9657e+29,9.9129e+29,2.3490e+28,6.9900e+27,7.5310e+29,1.4347e+29,7.8351e+29,2.0778e+29,1.7420e+28,6.0700e+27,3.6400e+27,3.3500e+27,3.2845e+08,2.6388e+05,1.1703e+09,2.6899e-13,7.4404e+07,9.8265e+05,3.0192e+05,3.0176e+05,46.7,51.7,1.2,0.4,1.9171e+30,1.8915e+30,2.1910e+28,3.6000e+27,1.7755e+27,0.0000e+00,98.7,1.1,0.2
177,1.9363e+30,8.9972e+29,1.0057e+30,2.3810e+28,7.1000e+27,7.5755e+29,1.4217e+29,8.0314e+29,2.0252e+29,1.7420e+28,6.3900e+27,3.5300e+27,3.5700e+27,3.2804e+08,1.0550e+04,1.0680e+09,1.0270e-20,7.1250e+07,1.1101e+06,3.0176e+05,3.0165e+05,46.5,51.9,1.2,0.4,1.9368e+30,1.9104e+30,2.2840e+28,3.5600e+27,1.7776e+27,0.0000e+00,98.6,1.2,0.2
178,1.9598e+30,9.0187e+29,1.0240e+30,2.6910e+28,7.0900e+27,7.3962e+29,1.6225e+29,7.8278e+29,2.4118e+29,2.0310e+28,6.6000e+27,3.3700e+27,3.7200e+27,3.2843e+08,4.0290e+02,1.1820e+09,1.0851e-20,7.8550e+07,1.1555e+06,3.0165e+05,3.0158e+05,46.0,52.2,1.4,0.4,1.9596e+30,1.9324e+30,2.3220e+28,3.9400e+27,1.7696e+27,0.0000e+00,98.6,1.2,0.2
179,1.9738e+30,9.1021e+29,1.0294e+30,2.6860e+28,7.2800e+27,7.4572e+29,1.6449e+29,7.9015e+29,2.3926e+29,2.0050e+28,6.8100e+27,3.8100e+27,3.4700e+27,3.2849e+08,5.9625e+05,1.1564e+09,1.0699e-12,7.6052e+07,1.2088e+06,3.0158e+05,3.0156e+05,46.1,52.2,1.4,0.4,1.9729e+30,1.9462e+30,2.2740e+28,4.0000e+27,1.7740e+27,0.0000e+00,98.6,1.2,0.2
180,1.9669e+30,9.0619e+29,1.0275e+30,2.6000e+28,7.1700e+27,7.4229e+29,1.6390e+29,7.8911e+29,2.3841e+29,1.8680e+28,7.3200e+27,3.6100e+27,3.5600e+27,3.2570e+08,3.2464e+05,1.2077e+09,7.4251e-13,7.3364e+07,1.1588e+06,3.0158e+05,3.0156e+05,46.1,52.2,1.3,0.4,1.9663e+30,1.9394e+30,2.3040e+28,3.8800e+27,1.7684e+27,0.0000e+00,98.6,1.2,0.2
181,1.9978e+30,9.1848e+29,1.0461e+30,2.5900e+28,7.2800e+27,7.5656e+29,1.6192e+29,8.1646e+29,2.2967e+29,1.8230e+28,7.6700e+27,3.6600e+27,3.6200e+27,3.2374e+08,3.4541e+04,1.1147e+09,1.1311e-20,7.1259e+07,1.1680e+06,3.0165e+05,3.0158e+05,46.0,52.4,1.3,0.4,1.9981e+30,1.9708e+30,2.3630e+28,3.6400e+27,1.7752e+27,0.0000e+00,98.6,1.2,0.2
182,2.0142e+30,9.1859e+29,1.0598e+30,2.8780e+28,7.0100e+27,7.3612e+29,1.8247e+29,7.9202e+29,2.6778e+29,2.0750e+28,8.0300e+27,3.4600e+27,3.5500e+27,3.2270e+08,7.7953e+02,1.3677e+09,1.0113e-20,7.9838e+07,1.2024e+06,3.0176e+05,3.0165e+05,45.6,52.6,1.4,0.3,2.0143e+30,1.9858e+30,2.4050e+28,4.4200e+27,1.7719e+27,0.0000e+00,98.6,1.2,0.2
183,2.0256e+30,9.1972e+29,1.0712e+30,2.7600e+28,7.0200e+27,7.3844e+29,1.8128e+29,7.9845e+29,2.7278e+29,1.9980e+28,7.6200e+27,3.1400e+27,3.8800e+27,3.2040e+08,8.8081e+05,1.3426e+09,5.5775e-13,7.6212e+07,1.2219e+06,3.0192e+05,3.0176e+05,45.4,52.9,1.4,0.3,2.0243e+30,1.9968e+30,2.3580e+28,3.9400e+27,1.7755e+27,0.0000e+00,98.6,1.2,0.2
184,2.0338e+30,9.2452e+29,1.0754e+30,2.6820e+28,7.0300e+27,7.4342e+29,1.8110e+29,8.1319e+29,2.6226e+29,1.8980e+28,7.8400e+27,3.3300e+27,3.7000e+27,3.2081e+08,5.0536e+05,1.1747e+09,1.9571e-12,7.3332e+07,1.2983e+06,3.0213e+05,3.0192e+05,45.5,52.9,1.3,0.3,2.0337e+30,2.0065e+30,2.3420e+28,3.8500e+27,1.7859e+27,0.0000e+00,98.7,1.2,0.2
185,2.0455e+30,9.2670e+29,1.0850e+30,2.6650e+28,7.1300e+27,7.4368e+29,1.8302e+29,8.3257e+29,2.5244e+29,1.8820e+28,7.8300e+27,3.5300e+27,3.6000e+27,3.2133e+08,8.7821e+04,1.2400e+09,4.5552e-20,7.0545e+07,1.3434e+06,3.0237e+05,3.0213e+05,45.3,53.0,1.3,0.3,2.0464e+30,2.0184e+30,2.3970e+28,4.0300e+27,1.7805e+27,0.0000e+00,98.6,1.2,0.2
186,2.0509e+30,9.2876e+29,1.0866e+30,2.8590e+28,6.9700e+27,7.3004e+29,1.9872e+29,7.9918e+29,2.8742e+29,1.9890e+28,8.7000e+27,3.5200e+27,3.4500e+27,3.2163e+08,8.0134e+02,1.0644e+09,1.0432e-20,7.8170e+07,1.3679e+06,3.0267e+05,3.0237e+05,45.3,53.0,1.4,0.3,2.0497e+30,2.0210e+30,2.4780e+28,3.9600e+27,1.7933e+27,0.0000e+00,98.6,1.2,0.2
187,2.0551e+30,9.3191e+29,1.0868e+30,2.9390e+28,7.0000e+27,7.3015e+29,2.0176e+29,7.9843e+29,2.8841e+29,2.0470e+28,8.9200e+27,3.5500e+27,3.4500e+27,3.2070e+08,9.8657e+05,1.1062e+09,1.9349e-13,7.5711e+07,1.5496e+06,3.0301e+05,3.0267e+05,45.3,52.9,1.4,0.3,2.0547e+30,2.0265e+30,2.3920e+28,4.2800e+27,1.7959e+27,0.0000e+00,98.6,1.2,0.2
188,2.0633e+30,9.3238e+29,1.0962e+30,2.7600e+28,7.0900e+27,7.3108e+29,2.0130e+29,8.1545e+29,2.8078e+29,1.9340e+28,8.2600e+27,3.5500e+27,3.5400e+27,3.2062e+08,5.9293e+05,1.2690e+09,5.6961e-12,7.2420e+07,1.5760e+06,3.0339e+05,3.0301e+05,45.2,53.1,1.3,0.3,2.0640e+30,2.0347e+30,2.5020e+28,4.2200e+27,1.8055e+27,0.0000e+00,98.6,1.2,0.2
189,2.0538e+30,9.2825e+29,1.0914e+30,2.7250e+28,6.9900e+27,7.3067e+29,1.9758e+29,8.1829e+29,2.7307e+29,1.8800e+28,8.4500e+27,3.6000e+27,3.3900e+27,3.2015e+08,1.4264e+05,1.3389e+09,3.7710e-18,7.0220e+07,1.5265e+06,3.0382e+05,3.0339e+05,45.2,53.1,1.3,0.3,2.0539e+30,2.0261e+30,2.3810e+28,4.0100e+27,1.8104e+27,0.0000e+00,98.6,1.2,0.2
190,2.0652e+30,9.2901e+29,1.0992e+30,2.9900e+28,7.0700e+27,7.1710e+29,2.1191e+29,7.9745e+29,3.0180e+29,2.0220e+28,9.6800e+27,3.5500e+27,3.5200e+27,3.1833e+08,7.2348e+02,1.2533e+09,1.0006e-20,7.7227e+07,1.6443e+06,3.0429e+05,3.0382e+05,45.0,53.2,1.4,0.3,2.0650e+30,2.0375e+30,2.3330e+28,4.1500e+27,1.8224e+27,0.0000e+00,98.7,1.1,0.2
191,2.0710e+30,9.3478e+29,1.1007e+30,2.8430e+28,7.1200e+27,7.1573e+29,2.1905e+29,7.8884e+29,3.1185e+29,1.9770e+28,8.6600e+27,3.6500e+27,3.4700e+27,3.1606e+08,1.4038e+06,1.1606e+09,3.1332e-14,7.4987e+07,1.7187e+06,3.0481e+05,3.0429e+05,45.1,53.1,1.4,0.3,2.0711e+30,2.0425e+30,2.4340e+28,4.3500e+27,1.8298e+27,0.0000e+00,98.6,1.2,0.2
192,2.0730e+30,9.3056e+29,1.1079e+30,2.7390e+28,7.1500e+27,7.1422e+29,2.1634e+29,8.0215e+29,3.0580e+29,1.8870e+28,8.5200e+27,3.9400e+27,3.2100e+27,3.1618e+08,8.6035e+05,1.3253e+09,8.9753e-12,7.2719e+07,1.7112e+06,3.0537e+05,3.0481e+05,44.9,53.4,1.3,0.3,2.0723e+30,2.0434e+30,2.4800e+28,4.1100e+27,1.8443e+27,0.0000e+00,98.6,1.2,0.2
193,2.0596e+30,9.2567e+29,1.0985e+30,2.8420e+28,7.0200e+27,7.1632e+29,2.0935e+29,8.0662e+29,2.9192e+29,1.9380e+28,9.0400e+27,3.4300e+27,3.5900e+27,3.1701e+08,2.8817e+05,1.2741e+09,1.0955e-16,7.0233e+07,1.7195e+06,3.0598e+05,3.0537e+05,44.9,53.3,1.4,0.3,2.0601e+30,2.0322e+30,2.3760e+28,4.1400e+27,1.8541e+27,0.0000e+00,98.6,1.2,0.2
194,2.0688e+30,9.2930e+29,1.1037e+30,2.8770e+28,6.9800e+27,7.0853e+29,2.2077e+29,7.9498e+29,3.0873e+29,1.9380e+28,9.3900e+27,3.6200e+27,3.3600e+27,3.1669e+08,1.0063e+03,1.3695e+09,1.0346e-20,7.8573e+07,1.8346e+06,3.0663e+05,3.0598e+05,44.9,53.4,1.4,0.3,2.0684e+30,2.0411e+30,2.3390e+28,3.9400e+27,1.8712e+27,0.0000e+00,98.7,1.1,0.2
195,2.0518e+30,9.2139e+29,1.0937e+30,2.9700e+28,7.0200e+27,6.9372e+29,2.2767e+29,7.7457e+29,3.1915e+29,2.0550e+28,9.1500e+27,3.5900e+27,3.4300e+27,3.1597e+08,1.6747e+06,1.2618e+09,2.8104e-15,7.6549e+07,1.7933e+06,3.0733e+05,3.0664e+05,44.9,53.3,1.4,0.3,2.0534e+30,2.0246e+30,2.4310e+28,4.5300e+27,1.8835e+27,0.0000e+00,98.6,1.2,0.2
196,2.0318e+30,9.2143e+29,1.0751e+30,2.8180e+28,7.1300e+27,6.9672e+29,2.2471e+29,7.7373e+29,3.0134e+29,1.9220e+28,8.9600e+27,3.7600e+27,3.3700e+27,3.1643e+08,1.1027e+06,1.1711e+09,5.7754e-11,7.3453e+07,1.8177e+06,3.0807e+05,3.0733e+05,45.4,52.9,1.4,0.4,2.0309e+30,2.0024e+30,2.4550e+28,3.9000e+27,1.8970e+27,0.0000e+00,98.6,1.2,0.2
197,2.0383e+30,9.1287e+29,1.0895e+30,2.8780e+28,7.0800e+27,6.9775e+29,2.1512e+29,7.9617e+29,2.9338e+29,1.9660e+28,9.1200e+27,3.7000e+27,3.3800e+27,3.1674e+08,4.9977e+05,1.1560e+09,8.3655e-15,7.0373e+07,1.8533e+06,3.0886e+05,3.0808e+05,44.8,53.5,1.4,0.3,2.0383e+30,2.0106e+30,2.3430e+28,4.2100e+27,1.9118e+27,0.0000e+00,98.6,1.1,0.2
198,2.0354e+30,9.1519e+29,1.0845e+30,2.8600e+28,7.2100e+27,6.9516e+29,2.2003e+29,7.9225e+29,2.9220e+29,1.8930e+28,9.6700e+27,3.4900e+27,3.7200e+27,3.1867e+08,1.7353e+03,1.1385e+09,1.0068e-20,7.5392e+07,1.8139e+06,3.0969e+05,3.0886e+05,45.0,53.3,1.4,0.4,2.0355e+30,2.0081e+30,2.2690e+28,4.6500e+27,1.9278e+27,0.0000e+00,98.7,1.1,0.2
199,2.0275e+30,9.1054e+29,1.0808e+30,2.9170e+28,7.0500e+27,6.7705e+29,2.3349e+29,7.6174e+29,3.1904e+29,1.9530e+28,9.6400e+27,3.3600e+27,3.6900e+27,3.1882e+08,9.7857e+05,1.1036e+09,6.7868e-18,7.4615e+07,1.8310e+06,3.1057e+05,3.0969e+05,44.9,53.3,1.4,0.3,2.0289e+30,2.0016e+30,2.3070e+28,4.2100e+27,1.9515e+27,0.0000e+00,98.7,1.1,0.2
200,2.0252e+30,9.0335e+29,1.0868e+30,2.7850e+28,7.1700e+27,6.7503e+29,2.2832e+29,7.6945e+29,3.1739e+29,1.8850e+28,9.0000e+27,3.5700e+27,3.6000e+27,3.1885e+08,1.4368e+06,1.2532e+09,1.8692e-11,7.1701e+07,1.7421e+06,3.1149e+05,3.1057e+05,44.6,53.7,1.4,0.4,2.0248e+30,1.9982e+30,2.2300e+28,4.2700e+27,1.9638e+27,0.0000e+00,98.7,1.1,0.2
201,2.0107e+30,9.0718e+29,1.0689e+30,2.7550e+28,7.0800e+27,6.8134e+29,2.2584e+29,7.6106e+29,3.0783e+29,1.8580e+28,8.9700e+27,3.6400e+27,3.4400e+27,3.1975e+08,7.6416e+05,1.1103e+09,3.0186e-13,6.9509e+07,1.7409e+06,3.1245e+05,3.1149e+05,45.1,53.2,1.4,0.4,2.0101e+30,1.9827e+30,2.2960e+28,4.4900e+27,1.9903e+27,0.0000e+00,98.6,1.1,0.2
202,1.9710e+30,8.9179e+29,1.0452e+30,2.7110e+28,6.9800e+27,6.7418e+29,2.1761e+29,7.6285e+29,2.8232e+29,1.8270e+28,8.8400e+27,3.4100e+27,3.5700e+27,3.2142e+08,3.7060e+04,1.2076e+09,1.1133e-20,6.7928e+07,1.8066e+06,3.1346e+05,3.1246e+05,45.2,53.0,1.4,0.4,1.9719e+30,1.9455e+30,2.2060e+28,4.2900e+27,2.0050e+27,0.0000e+00,98.7,1.1,0.2
203,1.9638e+30,8.9183e+29,1.0355e+30,2.9400e+28,7.0500e+27,6.5485e+29,2.3698e+29,7.1998e+29,3.1554e+29,1.9630e+28,9.7700e+27,3.7200e+27,3.3300e+27,3.2323e+08,1.8197e+03,1.3124e+09,1.0053e-20,7.8979e+07,1.7556e+06,3.1451e+05,3.1346e+05,45.4,52.7,1.5,0.4,1.9643e+30,1.9370e+30,2.2590e+28,4.7300e+27,2.0344e+27,0.0000e+00,98.6,1.2,0.2
204,1.9299e+30,8.8164e+29,1.0130e+30,2.8280e+28,7.0600e+27,6.5178e+29,2.2986e+29,7.1772e+29,2.9524e+29,1.8860e+28,9.4200e+27,3.2500e+27,3.8100e+27,3.2572e+08,2.1971e+06,1.3002e+09,6.8095e-13,7.6193e+07,1.8122e+06,3.1561e+05,3.1452e+05,45.7,52.5,1.5,0.4,1.9302e+30,1.9027e+30,2.2740e+28,4.8100e+27,2.0516e+27,0.0000e+00,98.6,1.2,0.2
205,1.9328e+30,8.7273e+29,1.0262e+30,2.6790e+28,7.0300e+27,6.4839e+29,2.2434e+29,7.3406e+29,2.9216e+29,1.7520e+28,9.2700e+27,3.4000e+27,3.6300e+27,3.2619e+08,1.3864e+06,1.3885e+09,1.5598e-11,7.3998e+07,1.5888e+06,3.1675e+05,3.1561e+05,45.2,53.1,1.4,0.4,1.9346e+30,1.9081e+30,2.2120e+28,4.3700e+27,2.0840e+27,0.0000e+00,98.6,1.1,0.2
206,1.8908e+30,8.6003e+29,9.9651e+29,2.7220e+28,7.0200e+27,6.4282e+29,2.1721e+29,7.2076e+29,2.7575e+29,1.7930e+28,9.2900e+27,3.3800e+27,3.6400e+27,3.2675e+08,4.7571e+05,1.1869e+09,2.8491e-16,7.2571e+07,1.5333e+06,3.1793e+05,3.1675e+05,45.5,52.7,1.4,0.4,1.8901e+30,1.8630e+30,2.2260e+28,4.9200e+27,2.1039e+27,0.0000e+00,98.6,1.2,0.3
207,1.8792e+30,8.5392e+29,9.9146e+29,2.6740e+28,7.0400e+27,6.3237e+29,2.2155e+29,7.0917e+29,2.8229e+29,1.7820e+28,8.9200e+27,3.5200e+27,3.5200e+27,3.2632e+08,1.2286e+03,1.1617e+09,1.0222e-20,7.7585e+07,1.4821e+06,3.1916e+05,3.1794e+05,45.4,52.8,1.4,0.4,1.8801e+30,1.8536e+30,2.1420e+28,5.1100e+27,2.1322e+27,0.0000e+00,98.6,1.1,0.3
208,1.8417e+30,8.4700e+29,9.6161e+29,2.5990e+28,7.0600e+27,6.2158e+29,2.2542e+29,6.7462e+29,2.8699e+29,1.7320e+28,8.6700e+27,3.7400e+27,3.3200e+27,3.2542e+08,1.8190e+06,1.2351e+09,1.1182e-15,7.6546e+07,1.5120e+06,3.2043e+05,3.1916e+05,46.0,52.2,1.4,0.4,1.8414e+30,1.8155e+30,2.0870e+28,5.0800e+27,2.1621e+27,0.0000e+00,98.6,1.1,0.3
209,1.8201e+30,8.4193e+29,9.4554e+29,2.5560e+28,7.0700e+27,6.2419e+29,2.1774e+29,6.7915e+29,2.6639e+29,1.7090e+28,8.4700e+27,3.5800e+27,3.4900e+27,3.2438e+08,2.1245e+06,1.2047e+09,7.3373e-11,7.3585e+07,1.5118e+06,3.2174e+05,3.2043e+05,46.3,51.9,1.4,0.4,1.8213e+30,1.7955e+30,2.1010e+28,4.8800e+27,2.1859e+27,0.0000e+00,98.6,1.2,0.3
210,1.7830e+30,8.2310e+29,9.2713e+29,2.5810e+28,6.9400e+27,6.1458e+29,2.0852e+29,6.7130e+29,2.5583e+29,1.6910e+28,8.9000e+27,3.3500e+27,3.5900e+27,3.2706e+08,1.1641e+06,1.0597e+09,6.2446e-13,7.1797e+07,1.4029e+06,3.2310e+05,3.2174e+05,46.2,52.0,1.4,0.4,1.7827e+30,1.7578e+30,1.9850e+28,5.1000e+27,2.2263e+27,0.0000e+00,98.6,1.1,0.3
211,1.7499e+30,8.1225e+29,9.0645e+29,2.4220e+28,7.0300e+27,6.1273e+29,1.9952e+29,6.6952e+29,2.3693e+29,1.5990e+28,8.2300e+27,3.5900e+27,3.4400e+27,3.2901e+08,1.3660e+05,1.3854e+09,1.0029e-20,6.9578e+07,1.3607e+06,3.2449e+05,3.2310e+05,46.4,51.8,1.4,0.4,1.7511e+30,1.7265e+30,1.9760e+28,4.8000e+27,2.2453e+27,0.0000e+00,98.6,1.1,0.3
212,1.7217e+30,8.0353e+29,8.8498e+29,2.6150e+28,7.0300e+27,5.9302e+29,2.1051e+29,6.2820e+29,2.5678e+29,1.7160e+28,8.9900e+27,3.5000e+27,3.5300e+27,3.3186e+08,1.7119e+03,1.2217e+09,1.0190e-20,7.7356e+07,1.1816e+06,3.2594e+05,3.2450e+05,46.7,51.4,1.5,0.4,1.7218e+30,1.6977e+30,1.8990e+28,5.1800e+27,2.2889e+27,0.0000e+00,98.6,1.1,0.3
213,1.6950e+30,7.9530e+29,8.6856e+29,2.4210e+28,6.9200e+27,5.8901e+29,2.0629e+29,6.2483e+29,2.4373e+29,1.5740e+28,8.4700e+27,3.4100e+27,3.5100e+27,3.3334e+08,2.9939e+06,1.3004e+09,2.6670e-13,7.5359e+07,1.2476e+06,3.2742e+05,3.2594e+05,46.9,51.2,1.4,0.4,1.6952e+30,1.6714e+30,1.8400e+28,5.3300e+27,2.3185e+27,0.0000e+00,98.6,1.1,0.3
214,1.6675e+30,7.8330e+29,8.5289e+29,2.4130e+28,7.2100e+27,5.8564e+29,1.9766e+29,6.1948e+29,2.3341e+29,1.6050e+28,8.0800e+27,3.5600e+27,3.6500e+27,3.3397e+08,2.0298e+06,1.1938e+09,1.4539e-10,7.4007e+07,1.2123e+06,3.2894e+05,3.2742e+05,47.0,51.1,1.4,0.4,1.6687e+30,1.6444e+30,1.8610e+28,5.6400e+27,2.3576e+27,0.0000e+00,98.5,1.1,0.3
215,1.6478e+30,7.7776e+29,8.4042e+29,2.2570e+28,7.0300e+27,5.8649e+29,1.9127e+29,6.2216e+29,2.1826e+29,1.4720e+28,7.8500e+27,3.7200e+27,3.3100e+27,3.3400e+08,1.0178e+06,1.1926e+09,9.7623e-14,7.2239e+07,1.1581e+06,3.3052e+05,3.2895e+05,47.2,51.0,1.4,0.4,1.6468e+30,1.6226e+30,1.8610e+28,5.5600e+27,2.3985e+27,0.0000e+00,98.5,1.1,0.3
216,1.5977e+30,7.6009e+29,8.0882e+29,2.1790e+28,7.0200e+27,5.7808e+29,1.8201e+29,5.9788e+29,2.1094e+29,1.4080e+28,7.7100e+27,3.6100e+27,3.4100e+27,3.3738e+08,2.7064e+03,1.0239e+09,1.0111e-20,7.8685e+07,1.0979e+06,3.3213e+05,3.3052e+05,47.6,50.6,1.4,0.4,1.5991e+30,1.5756e+30,1.8280e+28,5.2100e+27,2.4325e+27,0.0000e+00,98.5,1.1,0.3
217,1.5677e+30,7.4672e+29,7.9064e+29,2.3230e+28,7.1000e+27,5.5559e+29,1.9113e+29,5.6917e+29,2.2147e+29,1.5560e+28,7.6700e+27,3.8300e+27,3.2700e+27,3.3894e+08,2.2740e+05,1.1642e+09,1.1650e-20,7.8523e+07,9.7542e+05,3.3377e+05,3.3213e+05,47.6,50.4,1.5,0.5,1.5674e+30,1.5443e+30,1.7660e+28,5.4800e+27,2.4679e+27,0.0000e+00,98.5,1.1,0.3
218,1.5374e+30,7.3778e+29,7.7005e+29,2.2410e+28,7.1300e+27,5.5620e+29,1.8158e+29,5.6217e+29,2.0788e+29,1.4900e+28,7.5100e+27,3.6600e+27,3.4700e+27,3.4072e+08,3.5597e+06,1.1308e+09,1.2749e-12,7.6357e+07,9.1897e+05,3.3547e+05,3.3378e+05,48.0,50.1,1.5,0.5,1.5388e+30,1.5157e+30,1.7300e+28,5.7900e+27,2.5137e+27,0.0000e+00,98.5,1.1,0.4
219,1.5191e+30,7.2940e+29,7.6140e+29,2.1310e+28,7.0300e+27,5.5347e+29,1.7593e+29,5.6315e+29,1.9825e+29,1.4020e+28,7.2900e+27,3.5900e+27,3.4400e+27,3.4090e+08,2.4635e+06,1.2547e+09,2.2721e-10,7.4392e+07,8.3053e+05,3.3720e+05,3.3547e+05,48.0,50.1,1.4,0.5,1.5194e+30,1.4961e+30,1.7370e+28,5.9100e+27,2.5615e+27,0.0000e+00,98.5,1.1,0.4
220,1.4877e+30,7.1626e+29,7.4360e+29,2.0810e+28,7.0100e+27,5.4705e+29,1.6921e+29,5.6100e+29,1.8260e+29,1.3920e+28,6.8900e+27,3.4600e+27,3.5500e+27,3.4088e+08,1.2582e+06,1.2126e+09,2.2238e-13,7.1543e+07,7.7879e+05,3.3898e+05,3.3721e+05,48.1,50.0,1.4,0.5,1.4871e+30,1.4646e+30,1.6530e+28,5.9800e+27,2.6018e+27,0.0000e+00,98.5,1.1,0.4
221,1.4533e+30,7.0192e+29,7.2344e+29,2.0900e+28,7.0400e+27,5.4195e+29,1.5997e+29,5.4816e+29,1.7528e+29,1.3200e+28,7.7000e+27,3.4600e+27,3.5800e+27,3.4336e+08,2.3717e+04,1.2714e+09,1.0114e-20,6.9335e+07,7.6808e+05,3.4079e+05,3.3898e+05,48.3,49.8,1.4,0.5,1.4548e+30,1.4320e+30,1.7140e+28,5.7200e+27,2.6435e+27,0.0000e+00,98.4,1.2,0.4
222,1.4313e+30,6.9553e+29,7.0725e+29,2.1530e+28,7.0000e+27,5.2602e+29,1.6951e+29,5.2000e+29,1.8725e+29,1.4490e+28,7.0400e+27,3.8200e+27,3.1800e+27,3.4685e+08,9.4774e+02,1.2105e+09,1.0143e-20,8.1807e+07,7.1719e+05,3.4265e+05,3.4080e+05,48.6,49.4,1.5,0.5,1.4306e+30,1.4072e+30,1.6700e+28,6.7200e+27,2.6965e+27,0.0000e+00,98.4,1.2,0.5
223,1.4122e+30,6.8903e+29,6.9500e+29,2.1180e+28,6.9700e+27,5.2410e+29,1.6493e+29,5.1640e+29,1.7860e+29,1.4000e+28,7.1800e+27,3.2400e+27,3.7300e+27,3.4779e+08,3.8737e+06,1.0691e+09,5.0600e-13,7.9160e+07,6.8641e+05,3.4455e+05,3.4265e+05,48.8,49.2,1.5,0.5,1.4133e+30,1.3911e+30,1.6210e+28,5.9700e+27,2.7517e+27,0.0000e+00,98.4,1.1,0.4
224,1.3733e+30,6.7325e+29,6.7345e+29,1.9550e+28,7.0100e+27,5.1751e+29,1.5574e+29,5.0584e+29,1.6761e+29,1.2840e+28,6.7100e+27,3.7200e+27,3.2900e+27,3.4938e+08,2.7391e+06,1.1691e+09,6.1237e-10,7.6598e+07,6.5697e+05,3.4648e+05,3.4455e+05,49.0,49.0,1.4,0.5,1.3744e+30,1.3517e+30,1.5680e+28,6.9700e+27,2.7884e+27,0.0000e+00,98.4,1.1,0.5
225,1.3437e+30,6.6270e+29,6.5482e+29,1.8980e+28,7.2200e+27,5.1249e+29,1.5021e+29,4.9894e+29,1.5588e+29,1.2380e+28,6.6000e+27,3.5700e+27,3.6500e+27,3.5210e+08,1.6692e+06,1.0196e+09,3.5884e-12,7.4122e+07,6.2403e+05,3.4845e+05,3.4648e+05,49.3,48.7,1.4,0.5,1.3438e+30,1.3222e+30,1.5330e+28,6.2200e+27,2.8471e+27,0.0000e+00,98.4,1.1,0.5
226,1.3277e+30,6.5457e+29,6.4814e+29,1.7970e+28,7.0400e+27,5.0922e+29,1.4535e+29,5.0125e+29,1.4689e+29,1.1830e+28,6.1400e+27,3.3500e+27,3.6900e+27,3.5278e+08,5.0021e+05,1.3525e+09,1.4937e-17,7.0812e+07,5.7268e+05,3.5047e+05,3.4846e+05,49.3,48.8,1.4,0.5,1.3275e+30,1.3057e+30,1.5610e+28,6.1700e+27,2.9081e+27,0.0000e+00,98.4,1.2,0.5
227,1.2908e+30,6.4217e+29,6.2320e+29,1.8380e+28,7.0800e+27,4.9715e+29,1.4502e+29,4.7063e+29,1.5257e+29,1.2230e+28,6.1500e+27,3.5600e+27,3.5200e+27,3.5409e+08,1.4841e+03,1.2325e+09,1.0093e-20,7.8862e+07,5.2113e+05,3.5252e+05,3.5047e+05,49.7,48.3,1.4,0.5,1.2916e+30,1.2702e+30,1.5060e+28,6.3500e+27,2.9602e+27,0.0000e+00,98.3,1.2,0.5
228,1.2577e+30,6.2979e+29,6.0155e+29,1.9330e+28,7.0300e+27,4.8800e+29,1.4179e+29,4.5405e+29,1.4750e+29,1.2990e+28,6.3400e+27,3.5400e+27,3.4900e+27,3.5466e+08,2.5471e+06,1.2026e+09,2.7941e-15,7.6846e+07,4.7517e+05,3.5461e+05,3.5253e+05,50.1,47.8,1.5,0.6,1.2577e+30,1.2356e+30,1.5010e+28,7.1100e+27,3.0140e+27,0.0000e+00,98.2,1.2,0.6
229,1.2639e+30,6.2939e+29,6.1005e+29,1.7390e+28,7.0500e+27,4.9177e+29,1.3762e+29,4.6648e+29,1.4357e+29,1.1640e+28,5.7500e+27,3.4000e+27,3.6500e+27,3.5498e+08,3.5738e+06,1.2449e+09,5.3524e-11,7.4732e+07,4.3341e+05,3.5674e+05,3.5461e+05,49.8,48.3,1.4,0.6,1.2654e+30,1.2432e+30,1.4910e+28,7.3100e+27,3.0811e+27,0.0000e+00,98.2,1.2,0.6
230,1.2198e+30,6.0927e+29,5.8789e+29,1.5610e+28,7.0300e+27,4.8069e+29,1.2858e+29,4.5636e+29,1.3153e+29,1.0130e+28,5.4800e+27,3.5400e+27,3.4900e+27,3.5961e+08,2.4771e+06,1.1364e+09,2.9359e-10,7.1830e+07,4.0171e+05,3.5891e+05,3.5675e+05,49.9,48.2,1.3,0.6,1.2195e+30,1.1979e+30,1.4800e+28,6.8000e+27,3.1387e+27,0.0000e+00,98.2,1.2,0.6
231,1.2089e+30,6.0814e+29,5.7738e+29,1.6230e+28,7.1300e+27,4.8283e+29,1.2531e+29,4.5107e+29,1.2631e+29,1.0160e+28,6.0700e+27,3.6500e+27,3.4800e+27,3.6088e+08,1.3757e+06,1.1396e+09,6.6723e-13,6.8998e+07,3.6112e+05,3.6111e+05,3.5891e+05,50.3,47.8,1.3,0.6,1.2084e+30,1.1875e+30,1.4120e+28,6.7700e+27,3.1979e+27,0.0000e+00,98.3,1.2,0.6
232,1.1774e+30,5.9050e+29,5.6451e+29,1.5390e+28,6.9700e+27,4.7133e+29,1.1917e+29,4.4790e+29,1.1661e+29,9.8100e+27,5.5800e+27,3.2900e+27,3.6800e+27,3.6243e+08,2.3505e+05,1.1305e+09,1.7851e-20,6.6842e+07,3.5253e+05,3.6334e+05,3.6112e+05,50.2,47.9,1.3,0.6,1.1774e+30,1.1566e+30,1.3880e+28,6.9200e+27,3.2587e+27,0.0000e+00,98.2,1.2,0.6
233,1.1594e+30,5.8692e+29,5.4926e+29,1.6120e+28,7.0800e+27,4.6510e+29,1.2182e+29,4.2519e+29,1.2407e+29,1.0650e+28,5.4700e+27,3.5500e+27,3.5300e+27,3.6445e+08,2.4104e+03,1.1868e+09,1.0016e-20,8.1129e+07,3.5208e+05,3.6562e+05,3.6335e+05,50.6,47.4,1.4,0.6,1.1603e+30,1.1399e+30,1.3490e+28,6.9800e+27,3.3343e+27,0.0000e+00,98.2,1.2,0.6
234,1.1300e+30,5.7633e+29,5.3108e+29,1.5600e+28,6.9500e+27,4.5685e+29,1.1948e+29,4.1705e+29,1.1403e+29,1.0250e+28,5.3500e+27,3.4200e+27,3.5300e+27,3.6547e+08,3.3983e+06,1.0389e+09,3.9726e-14,7.9172e+07,3.1658e+05,3.6793e+05,3.6563e+05,51.0,47.0,1.4,0.6,1.1302e+30,1.1100e+30,1.3030e+28,7.2300e+27,3.3992e+27,0.0000e+00,98.2,1.2,0.6
235,1.1190e+30,5.7142e+29,5.2594e+29,1.4550e+28,7.0600e+27,4.5740e+29,1.1402e+29,4.1571e+29,1.1023e+29,9.8200e+27,4.7300e+27,3.6100e+27,3.4500e+27,3.6692e+08,3.3982e+06,1.3126e+09,1.3463e-10,7.6916e+07,2.8547e+05,3.7028e+05,3.6794e+05,51.1,47.0,1.3,0.6,1.1184e+30,1.0983e+30,1.3030e+28,7.0900e+27,3.4796e+27,0.0000e+00,98.2,1.2,0.6
236,1.1032e+30,5.6042e+29,5.2205e+29,1.3710e+28,7.0200e+27,4.5057e+29,1.0985e+29,4.1124e+29,1.1081e+29,9.1200e+27,4.5900e+27,3.6200e+27,3.4000e+27,3.6977e+08,2.5038e+06,1.0883e+09,6.8897e-10,7.4836e+07,2.8039e+05,3.7267e+05,3.7029e+05,50.8,47.3,1.2,0.6,1.1043e+30,1.0845e+30,1.3270e+28,6.5600e+27,3.5486e+27,0.0000e+00,98.2,1.2,0.6
237,1.0878e+30,5.5309e+29,5.1410e+29,1.3710e+28,6.9100e+27,4.4873e+29,1.0436e+29,4.1044e+29,1.0366e+29,8.8700e+27,4.8400e+27,3.4600e+27,3.4500e+27,3.7211e+08,1.5622e+06,9.9343e+08,4.0781e-12,7.2894e+07,2.7048e+05,3.7508e+05,3.7268e+05,50.8,47.3,1.3,0.6,1.0887e+30,1.0684e+30,1.3220e+28,7.0600e+27,3.6194e+27,0.0000e+00,98.1,1.2,0.6
238,1.0705e+30,5.4570e+29,5.0498e+29,1.2820e+28,7.0200e+27,4.4476e+29,1.0094e+29,4.0266e+29,1.0232e+29,8.4700e+27,4.3500e+27,3.3100e+27,3.7100e+27,3.7440e+08,5.4474e+05,1.0676e+09,9.6493e-17,7.0077e+07,2.4813e+05,3.7753e+05,3.7509e+05,51.0,47.2,1.2,0.7,1.0702e+30,1.0505e+30,1.3130e+28,6.5900e+27,3.6919e+27,0.0000e+00,98.2,1.2,0.6
239,1.0485e+30,5.4226e+29,4.8616e+29,1.3060e+28,7.0400e+27,4.4103e+29,1.0123e+29,3.8845e+29,9.7710e+28,8.9900e+27,4.0700e+27,3.4700e+27,3.5700e+27,3.7675e+08,2.0922e+03,1.3203e+09,1.0012e-20,8.3624e+07,2.5736e+05,3.8002e+05,3.7754e+05,51.7,46.4,1.2,0.7,1.0488e+30,1.0295e+30,1.2530e+28,6.7800e+27,3.7816e+27,0.0000e+00,98.2,1.2,0.6
240,1.0266e+30,5.2924e+29,4.7736e+29,1.3070e+28,6.9700e+27,4.2945e+29,9.9790e+28,3.7765e+29,9.9710e+28,8.5000e+27,4.5700e+27,3.5100e+27,3.4600e+27,3.7844e+08,2.1367e+06,1.2485e+09,1.7435e-16,8.1502e+07,2.4661e+05,3.8254e+05,3.8003e+05,51.6,46.5,1.3,0.7,1.0261e+30,1.0055e+30,1.2980e+28,7.6300e+27,3.8584e+27,0.0000e+00,98.0,1.3,0.7
241,1.0036e+30,5.1742e+29,4.6615e+29,1.3000e+28,6.9900e+27,4.2221e+29,9.5210e+28,3.6996e+29,9.6190e+28,8.6100e+27,4.3900e+27,3.5000e+27,3.4900e+27,3.8059e+08,3.1134e+06,1.0207e+09,1.2533e-11,7.9236e+07,2.0909e+05,3.8508e+05,3.8255e+05,51.6,46.4,1.3,0.7,1.0045e+30,9.8412e+29,1.2820e+28,7.5100e+27,3.9370e+27,0.0000e+00,98.0,1.3,0.7
242,9.9157e+29,5.1214e+29,4.6098e+29,1.1450e+28,7.0000e+27,4.2171e+29,9.0430e+28,3.7265e+29,8.8330e+28,7.8800e+27,3.5700e+27,3.3900e+27,3.6100e+27,3.8031e+08,2.8019e+06,1.0492e+09,2.3144e-09,7.7145e+07,1.8859e+05,3.8767e+05,3.8509e+05,51.6,46.5,1.2,0.7,9.9215e+29,9.7282e+29,1.2210e+28,7.1200e+27,4.0342e+27,0.0000e+00,98.1,1.2,0.7
243,9.7313e+29,5.0475e+29,4.5005e+29,1.1390e+28,6.9400e+27,4.1708e+29,8.7670e+28,3.6127e+29,8.8780e+28,7.8900e+27,3.5000e+27,3.2700e+27,3.6700e+27,3.8130e+08,2.0696e+06,9.1720e+08,3.6168e-10,7.4480e+07,1.7527e+05,3.9029e+05,3.8768e+05,51.9,46.2,1.2,0.7,9.7273e+29,9.5365e+29,1.1760e+28,7.3200e+27,4.1172e+27,0.0000e+00,98.0,1.2,0.8
244,9.5031e+29,4.9696e+29,4.3547e+29,1.0890e+28,6.9900e+27,4.1338e+29,8.3580e+28,3.5406e+29,8.1410e+28,7.1600e+27,3.7300e+27,3.3900e+27,3.6000e+27,3.8423e+08,1.2778e+06,1.2112e+09,2.3892e-12,7.0915e+07,1.4251e+05,3.9293e+05,3.9030e+05,52.3,45.8,1.1,0.7,9.5127e+29,9.3191e+29,1.2010e+28,7.3500e+27,4.2020e+27,0.0000e+00,98.0,1.3,0.8
245,9.3578e+29,4.8656e+29,4.3136e+29,1.0910e+28,6.9500e+27,4.0505e+29,8.1510e+28,3.4933e+29,8.2030e+28,7.4100e+27,3.5000e+27,3.4700e+27,3.4800e+27,3.9113e+08,4.7116e+05,1.2323e+09,9.9289e-17,6.8407e+07,1.6027e+05,3.9560e+05,3.9294e+05,52.0,46.1,1.2,0.7,9.3635e+29,9.1677e+29,1.2240e+28,7.3400e+27,4.2885e+27,0.0000e+00,97.9,1.3,0.8
246,9.1034e+29,4.7607e+29,4.1640e+29,1.0910e+28,6.9600e+27,3.9794e+29,7.8130e+28,3.3605e+29,8.0350e+28,7.2600e+27,3.6500e+27,3.5800e+27,3.3800e+27,3.9565e+08,2.3866e+03,9.6996e+08,1.0279e-20,8.4903e+07,1.5786e+05,3.9830e+05,3.9561e+05,52.3,45.7,1.2,0.8,9.0967e+29,8.9070e+29,1.1710e+28,7.2600e+27,4.3956e+27,0.0000e+00,97.9,1.3,0.8
247,8.9545e+29,4.7363e+29,4.0395e+29,1.0910e+28,6.9600e+27,3.9242e+29,8.1210e+28,3.2279e+29,8.1160e+28,7.9000e+27,3.0100e+27,3.4800e+27,3.4800e+27,3.9893e+08,1.9514e+06,1.2361e+09,2.6870e-17,8.3394e+07,1.6834e+05,4.0103e+05,3.9831e+05,52.9,45.1,1.2,0.8,8.9555e+29,8.7660e+29,1.1190e+28,7.7600e+27,4.4866e+27,0.0000e+00,97.9,1.2,0.9
248,8.8402e+29,4.6622e+29,4.0065e+29,1.0130e+28,7.0200e+27,3.8877e+29,7.7450e+28,3.1850e+29,8.2150e+28,7.1700e+27,2.9600e+27,3.3600e+27,3.6600e+27,4.0204e+08,2.2413e+06,1.2001e+09,3.4975e-12,8.0223e+07,1.4891e+05,4.0380e+05,4.0105e+05,52.7,45.3,1.1,0.8,8.8447e+29,8.6555e+29,1.1390e+28,7.5300e+27,4.5994e+27,0.0000e+00,97.9,1.3,0.9
249,8.7015e+29,4.5839e+29,3.9473e+29,1.0100e+28,6.9300e+27,3.8389e+29,7.4500e+28,3.2040e+29,7.4330e+28,6.9700e+27,3.1300e+27,3.3600e+27,3.5700e+27,4.0486e+08,2.1284e+06,9.2611e+08,7.3155e-10,7.5730e+07,1.2707e+05,4.0658e+05,4.0381e+05,52.7,45.4,1.2,0.8,8.7013e+29,8.5087e+29,1.1580e+28,7.6800e+27,4.6742e+27,0.0000e+00,97.8,1.3,0.9
250,8.5705e+29,4.5248e+29,3.8851e+29,9.1300e+27,6.9300e+27,3.7890e+29,7.3580e+28,3.1050e+29,7.8010e+28,6.2200e+27,2.9100e+27,3.2700e+27,3.6600e+27,4.0490e+08,1.7365e+06,1.3884e+09,8.5354e-09,7.3717e+07,1.2924e+05,4.0939e+05,4.0659e+05,52.8,45.3,1.1,0.8,8.5762e+29,8.3895e+29,1.1160e+28,7.5100e+27,4.7915e+27,0.0000e+00,97.8,1.3,0.9
251,8.4566e+29,4.4430e+29,3.8530e+29,9.0900e+27,6.9700e+27,3.7604e+29,6.8260e+28,3.1250e+29,7.2800e+28,6.2000e+27,2.8900e+27,3.6700e+27,3.3000e+27,4.0684e+08,1.6844e+06,1.2036e+09,3.1536e-10,7.1320e+07,1.0975e+05,4.1224e+05,4.0941e+05,52.5,45.6,1.1,0.8,8.4586e+29,8.2702e+29,1.1530e+28,7.3100e+27,4.9122e+27,0.0000e+00,97.8,1.4,0.9
252,8.3792e+29,4.4020e+29,3.8233e+29,8.4500e+27,6.9400e+27,3.7447e+29,6.5730e+28,3.1150e+29,7.0830e+28,5.6800e+27,2.7700e+27,3.5600e+27,3.3800e+27,4.0840e+08,1.1581e+06,8.9547e+08,2.4264e-12,6.8508e+07,1.0955e+05,4.1511e+05,4.1226e+05,52.5,45.6,1.0,0.8,8.3775e+29,8.1945e+29,1.0710e+28,7.5900e+27,5.0138e+27,0.0000e+00,97.8,1.3,0.9
253,8.1905e+29,4.3402e+29,3.6991e+29,8.1900e+27,6.9300e+27,3.6866e+29,6.5360e+28,3.0430e+29,6.5610e+28,5.4500e+27,2.7400e+27,3.5100e+27,3.4200e+27,4.0723e+08,4.6841e+05,1.2713e+09,1.9050e-16,6.6913e+07,1.0804e+05,4.1800e+05,4.1513e+05,53.0,45.2,1.0,0.8,8.1897e+29,8.0078e+29,1.0780e+28,7.4100e+27,5.1170e+27,0.0000e+00,97.8,1.3,0.9
254,7.9072e+29,4.2160e+29,3.5324e+29,8.8400e+27,7.0400e+27,3.5839e+29,6.3210e+28,2.8701e+29,6.6230e+28,5.9900e+27,2.8500e+27,3.6400e+27,3.4000e+27,4.0785e+08,2.8569e+03,9.5046e+08,1.0253e-20,8.2056e+07,1.0791e+05,4.2091e+05,4.1802e+05,53.3,44.7,1.1,0.9,7.9127e+29,7.7385e+29,1.0270e+28,7.1500e+27,5.2217e+27,0.0000e+00,97.8,1.3,0.9
255,7.9307e+29,4.1683e+29,3.6070e+29,8.6000e+27,6.9400e+27,3.5261e+29,6.4220e+28,2.8681e+29,7.3890e+28,6.0300e+27,2.5700e+27,3.5200e+27,3.4200e+27,4.0868e+08,1.6271e+06,1.1074e+09,2.0090e-18,8.0898e+07,8.3288e+04,4.2385e+05,4.2093e+05,52.6,45.5,1.1,0.9,7.9360e+29,7.7586e+29,9.8600e+27,7.8800e+27,5.3525e+27,0.0000e+00,97.8,1.2,1.0
256,7.8455e+29,4.1375e+29,3.5594e+29,7.9300e+27,6.9300e+27,3.5147e+29,6.2280e+28,2.8434e+29,7.1600e+28,5.6800e+27,2.2500e+27,3.4700e+27,3.4600e+27,4.0869e+08,1.2898e+06,9.7006e+08,8.0783e-13,7.8012e+07,5.9579e+04,4.2682e+05,4.2387e+05,52.7,45.4,1.0,0.9,7.8386e+29,7.6628e+29,1.0090e+28,7.4900e+27,5.4869e+27,0.0000e+00,97.8,1.3,1.0
257,7.5558e+29,4.0363e+29,3.3714e+29,7.8200e+27,6.9900e+27,3.4401e+29,5.9620e+28,2.7183e+29,6.5310e+28,5.5200e+27,2.3000e+27,3.3400e+27,3.6500e+27,4.0884e+08,1.3672e+06,1.0935e+09,2.0450e-10,7.5134e+07,8.5155e+04,4.2981e+05,4.2684e+05,53.4,44.6,1.0,0.9,7.5593e+29,7.3823e+29,9.4800e+27,8.2200e+27,5.5987e+27,0.0000e+00,97.7,1.3,1.1
258,7.5023e+29,3.9780e+29,3.3770e+29,7.7100e+27,7.0200e+27,3.4054e+29,5.7260e+28,2.7053e+29,6.7170e+28,5.2600e+27,2.4500e+27,3.3800e+27,3.6400e+27,4.1004e+08,1.1153e+06,1.0239e+09,7.0915e-09,7.2058e+07,9.6526e+04,4.3282e+05,4.2983e+05,53.0,45.0,1.0,0.9,7.5121e+29,7.3277e+29,1.0300e+28,8.1400e+27,5.7118e+27,0.0000e+00,97.5,1.4,1.1
259,7.3005e+29,3.9199e+29,3.2434e+29,6.7700e+27,6.9500e+27,3.3615e+29,5.5840e+28,2.5854e+29,6.5800e+28,4.6900e+27,2.0800e+27,3.5400e+27,3.4100e+27,4.1533e+08,1.1177e+06,9.9696e+08,1.1212e-08,6.9573e+07,1.0629e+05,4.3583e+05,4.3283e+05,53.7,44.4,0.9,1.0,7.2948e+29,7.1202e+29,9.9500e+27,7.5100e+27,5.8261e+27,0.0000e+00,97.6,1.4,1.0
260,7.2305e+29,3.8796e+29,3.2139e+29,6.8200e+27,6.8800e+27,3.3389e+29,5.4070e+28,2.5909e+29,6.2300e+28,4.6700e+27,2.1500e+27,3.5400e+27,3.3400e+27,4.1994e+08,1.0598e+06,1.0320e+09,7.2512e-10,6.8207e+07,1.1126e+05,4.3888e+05,4.3585e+05,53.7,44.4,0.9,1.0,7.2326e+29,7.0586e+29,9.7400e+27,7.6600e+27,5.9701e+27,0.0000e+00,97.6,1.3,1.1
261,7.2061e+29,3.8240e+29,3.2441e+29,6.9300e+27,6.8700e+27,3.3011e+29,5.2290e+28,2.5731e+29,6.7100e+28,4.9000e+27,2.0300e+27,3.4200e+27,3.4500e+27,4.2238e+08,1.1804e+06,1.4891e+09,1.7257e-11,6.5763e+07,9.7050e+04,4.4195e+05,4.3889e+05,53.1,45.0,1.0,1.0,7.2136e+29,7.0355e+29,9.9300e+27,7.8800e+27,6.1177e+27,0.0000e+00,97.5,1.4,1.1
262,7.0850e+29,3.7403e+29,3.2127e+29,6.2400e+27,6.9600e+27,3.2298e+29,5.1050e+28,2.6025e+29,6.1020e+28,4.2200e+27,2.0200e+27,3.1500e+27,3.8100e+27,4.2400e+08,6.7493e+05,1.2748e+09,5.0831e-14,6.4077e+07,9.1381e+04,4.4503e+05,4.4196e+05,52.8,45.3,0.9,1.0,7.0825e+29,6.9048e+29,9.9700e+27,7.8000e+27,6.2385e+27,0.0000e+00,97.5,1.4,1.1
263,6.8872e+29,3.7038e+29,3.0628e+29,5.2900e+27,6.7700e+27,3.2067e+29,4.9710e+28,2.4723e+29,5.9050e+28,3.6100e+27,1.6800e+27,3.3500e+27,3.4200e+27,4.2453e+08,1.5065e+05,1.0439e+09,2.1136e-20,6.2865e+07,8.8119e+04,4.4812e+05,4.4504e+05,53.8,44.5,0.8,1.0,6.8871e+29,6.7122e+29,9.9900e+27,7.5000e+27,6.3602e+27,0.0000e+00,97.5,1.5,1.1
264,6.8398e+29,3.5980e+29,3.1139e+29,5.9100e+27,6.8800e+27,3.1076e+29,4.9040e+28,2.4498e+29,6.6410e+28,4.1000e+27,1.8100e+27,3.3700e+27,3.5100e+27,4.2560e+08,2.7517e+02,9.6950e+08,1.0242e-20,7.7739e+07,8.0761e+04,4.5123e+05,4.4813e+05,52.6,45.5,0.9,1.0,6.8466e+29,6.6751e+29,9.9600e+27,7.1900e+27,6.5149e+27,0.0000e+00,97.5,1.5,1.1
265,6.7578e+29,3.5831e+29,3.0397e+29,6.6500e+27,6.8500e+27,3.0822e+29,5.0090e+28,2.3858e+29,6.5390e+28,4.9000e+27,1.7500e+27,3.1800e+27,3.6700e+27,4.2603e+08,1.2763e+06,1.0195e+09,4.2720e-16,7.6053e+07,6.7313e+04,4.5436e+05,4.5125e+05,53.0,45.0,1.0,1.0,6.7500e+29,6.5784e+29,9.3600e+27,7.8000e+27,6.6399e+27,0.0000e+00,97.5,1.4,1.2
266,6.6010e+29,3.5224e+29,2.9500e+29,5.9300e+27,6.9300e+27,3.0431e+29,4.7930e+28,2.3279e+29,6.2210e+28,4.0600e+27,1.8700e+27,3.5100e+27,3.4200e+27,4.2717e+08,1.3156e+06,9.8418e+08,2.2826e-12,7.2856e+07,7.7818e+04,4.5750e+05,4.5437e+05,53.4,44.7,0.9,1.0,6.6069e+29,6.4380e+29,8.8400e+27,8.0500e+27,6.7996e+27,0.0000e+00,97.4,1.3,1.2
267,6.5761e+29,3.5061e+29,2.9401e+29,6.0600e+27,6.9300e+27,3.0336e+29,4.7250e+28,2.3015e+29,6.3860e+28,4.1600e+27,1.9000e+27,3.1100e+27,3.8200e+27,4.2847e+08,9.1568e+05,9.2510e+08,2.2797e-10,7.0688e+07,8.4829e+04,4.6066e+05,4.5752e+05,53.3,44.7,0.9,1.1,6.5711e+29,6.4000e+29,9.2200e+27,7.8900e+27,6.9626e+27,0.0000e+00,97.4,1.4,1.2
268,6.3896e+29,3.3968e+29,2.8733e+29,5.0300e+27,6.9200e+27,2.9495e+29,4.4730e+28,2.2338e+29,6.3950e+28,3.5900e+27,1.4400e+27,3.4100e+27,3.5100e+27,4.2812e+08,1.2039e+06,9.6729e+08,5.3227e-09,6.8419e+07,9.3390e+04,4.6383e+05,4.6068e+05,53.2,45.0,0.8,1.1,6.3963e+29,6.2312e+29,8.9700e+27,7.5400e+27,7.0930e+27,0.0000e+00,97.4,1.4,1.2
269,6.2653e+29,3.3580e+29,2.7908e+29,4.9100e+27,6.7400e+27,2.9111e+29,4.4690e+28,2.1601e+29,6.3070e+28,3.3100e+27,1.6000e+27,3.3900e+27,3.3500e+27,4.2924e+08,1.1877e+06,1.1980e+09,5.7432e-08,6.5959e+07,6.1692e+04,4.6700e+05,4.6385e+05,53.6,44.5,0.8,1.1,6.2686e+29,6.1040e+29,9.1900e+27,7.2700e+27,7.2237e+27,0.0000e+00,97.4,1.5,1.2
270,6.3257e+29,3.3546e+29,2.8507e+29,5.0100e+27,7.0300e+27,2.9188e+29,4.3580e+28,2.2056e+29,6.4510e+28,3.4600e+27,1.5500e+27,3.2300e+27,3.8000e+27,4.3080e+08,1.0963e+06,9.7628e+08,3.5225e-08,6.3655e+07,7.3534e+04,4.7020e+05,4.6702e+05,53.0,45.1,0.8,1.1,6.3218e+29,6.1509e+29,9.2000e+27,7.8900e+27,7.4305e+27,0.0000e+00,97.3,1.5,1.2
271,6.1976e+29,3.2738e+29,2.8028e+29,5.1600e+27,6.9400e+27,2.8500e+29,4.2380e+28,2.1258e+29,6.7700e+28,3.3400e+27,1.8200e+27,3.5500e+27,3.3900e+27,4.3106e+08,1.2138e+06,1.4160e+09,4.7705e-09,6.1676e+07,7.2763e+04,4.7339e+05,4.7022e+05,52.8,45.2,0.8,1.1,6.1997e+29,6.0328e+29,8.9500e+27,7.7400e+27,7.5264e+27,0.0000e+00,97.3,1.4,1.2
272,6.0993e+29,3.2260e+29,2.7584e+29,4.5100e+27,6.9800e+27,2.8100e+29,4.1600e+28,2.1369e+29,6.2150e+28,2.9900e+27,1.5200e+27,3.4600e+27,3.5200e+27,4.3077e+08,9.4152e+05,1.0564e+09,3.9865e-10,5.8784e+07,6.8963e+04,4.7661e+05,4.7341e+05,52.9,45.2,0.7,1.1,6.1038e+29,5.9365e+29,8.9000e+27,7.8300e+27,7.7395e+27,0.0000e+00,97.3,1.5,1.3
273,5.9544e+29,3.1713e+29,2.6720e+29,4.2800e+27,6.8300e+27,2.7635e+29,4.0780e+28,2.0620e+29,6.1000e+28,2.7200e+27,1.5600e+27,3.3800e+27,3.4500e+27,4.3337e+08,9.5831e+05,9.6486e+08,1.5766e-11,5.7967e+07,6.4020e+04,4.7982e+05,4.7662e+05,53.3,44.9,0.7,1.1,5.9540e+29,5.7921e+29,8.1900e+27,8.0000e+27,7.8763e+27,0.0000e+00,97.3,1.4,1.3
274,5.9093e+29,3.0947e+29,2.7081e+29,3.7900e+27,6.8600e+27,2.6947e+29,4.0000e+28,2.0825e+29,6.2560e+28,2.3600e+27,1.4300e+27,3.2200e+27,3.6400e+27,4.3382e+08,6.1690e+05,1.1841e+09,1.5118e-13,5.6807e+07,6.8298e+04,4.8303e+05,4.7984e+05,52.4,45.8,0.6,1.2,5.9125e+29,5.7542e+29,8.5000e+27,7.3300e+27,8.0126e+27,0.0000e+00,97.3,1.4,1.2
275,5.8219e+29,3.0783e+29,2.6350e+29,3.9200e+27,6.9400e+27,2.6914e+29,3.8690e+28,2.0285e+29,6.0650e+28,2.6400e+27,1.2800e+27,3.4700e+27,3.4700e+27,4.3373e+08,2.6817e+05,1.2333e+09,2.7443e-17,5.3815e+07,5.9738e+04,4.8627e+05,4.8305e+05,52.9,45.3,0.7,1.2,5.8229e+29,5.6600e+29,8.3600e+27,7.9300e+27,8.2357e+27,0.0000e+00,97.2,1.4,1.4
276,5.7170e+29,2.9957e+29,2.6154e+29,3.7500e+27,6.8400e+27,2.6130e+29,3.8270e+28,1.9921e+29,6.2330e+28,2.6500e+27,1.1000e+27,3.4600e+27,3.3800e+27,4.3367e+08,1.8020e+01,1.1524e+09,1.0317e-20,7.1431e+07,4.6755e+04,4.8950e+05,4.8629e+05,52.4,45.7,0.7,1.2,5.7210e+29,5.5657e+29,7.8100e+27,7.7200e+27,8.3753e+27,0.0000e+00,97.3,1.4,1.3
277,5.6537e+29,2.9587e+29,2.5859e+29,4.1000e+27,6.8100e+27,2.5699e+29,3.8880e+28,1.9097e+29,6.7620e+28,2.8700e+27,1.2300e+27,3.4000e+27,3.4100e+27,4.3408e+08,6.1598e+05,9.8888e+08,1.0022e-20,7.1205e+07,2.8913e+04,4.9272e+05,4.8952e+05,52.3,45.7,0.7,1.2,5.6477e+29,5.4821e+29,8.7300e+27,7.8300e+27,8.5139e+27,0.0000e+00,97.1,1.5,1.4
278,5.5079e+29,2.9073e+29,2.4941e+29,3.7900e+27,6.8600e+27,2.5258e+29,3.8150e+28,1.8509e+29,6.4320e+28,2.5500e+27,1.2400e+27,3.4300e+27,3.4300e+27,4.3447e+08,1.0794e+06,1.2072e+09,1.2290e-14,6.7442e+07,4.9987e+04,4.9597e+05,4.9274e+05,52.8,45.3,0.7,1.2,5.5113e+29,5.3510e+29,8.2400e+27,7.7900e+27,8.7462e+27,0.0000e+00,97.1,1.5,1.4
279,5.4088e+29,2.8283e+29,2.4748e+29,3.7000e+27,6.8700e+27,2.4576e+29,3.7070e+28,1.8324e+29,6.4240e+28,2.5100e+27,1.1900e+27,3.2600e+27,3.6100e+27,4.3363e+08,8.2988e+05,9.7421e+08,3.9339e-12,6.4023e+07,3.8426e+04,4.9920e+05,4.9599e+05,52.3,45.8,0.7,1.3,5.4139e+29,5.2592e+29,8.4300e+27,7.0400e+27,8.8873e+27,0.0000e+00,97.1,1.6,1.3
280,5.4188e+29,2.8321e+29,2.4803e+29,3.8200e+27,6.8200e+27,2.4639e+29,3.6820e+28,1.8145e+29,6.6580e+28,2.6800e+27,1.1400e+27,3.4700e+27,3.3500e+27,4.3521e+08,1.0823e+06,1.0364e+09,1.4958e-10,6.1021e+07,5.0102e+04,5.0244e+05,4.9922e+05,52.3,45.8,0.7,1.3,5.4145e+29,5.2543e+29,8.1200e+27,7.9000e+27,9.0768e+27,0.0000e+00,97.0,1.5,1.5
281,5.3148e+29,2.7562e+29,2.4539e+29,3.5900e+27,6.8800e+27,2.3961e+29,3.6010e+28,1.7627e+29,6.9120e+28,2.4000e+27,1.1900e+27,3.4900e+27,3.3900e+27,4.3387e+08,1.1966e+06,1.1651e+09,2.1072e-09,5.8333e+07,5.7074e+04,5.0567e+05,5.0246e+05,51.9,46.2,0.7,1.3,5.3109e+29,5.1540e+29,8.3600e+27,7.3300e+27,9.2173e+27,0.0000e+00,97.0,1.6,1.4
282,5.3424e+29,2.7567e+29,2.4797e+29,3.7300e+27,6.8700e+27,2.3934e+29,3.6330e+28,1.8004e+29,6.7930e+28,2.7100e+27,1.0200e+27,3.7200e+27,3.1500e+27,4.3462e+08,1.0963e+06,1.1819e+09,1.6407e-08,5.5804e+07,5.5971e+04,5.0891e+05,5.0568e+05,51.6,46.4,0.7,1.3,5.3442e+29,5.1855e+29,7.9100e+27,7.9600e+27,9.4611e+27,0.0000e+00,97.0,1.5,1.5
283,5.2566e+29,2.6899e+29,2.4657e+29,3.2300e+27,6.8700e+27,2.3425e+29,3.4740e+28,1.7681e+29,6.9760e+28,2.2900e+27,9.4000e+26,3.3600e+27,3.5100e+27,4.3399e+08,8.5157e+05,1.1349e+09,8.8930e-08,5.3888e+07,7.5286e+04,5.1214e+05,5.0893e+05,51.2,46.9,0.6,1.3,5.2577e+29,5.0988e+29,8.0100e+27,7.8800e+27,9.6029e+27,0.0000e+00,97.0,1.5,1.5
284,5.2001e+29,2.6370e+29,2.4638e+29,3.0300e+27,6.9000e+27,2.2850e+29,3.5200e+28,1.7546e+29,7.0920e+28,1.9900e+27,1.0400e+27,3.5600e+27,3.3400e+27,4.3353e+08,9.8865e+05,9.7145e+08,3.8074e-07,5.1302e+07,6.6946e+04,5.1537e+05,5.1216e+05,50.7,47.4,0.6,1.3,5.1981e+29,5.0497e+29,7.7300e+27,7.1100e+27,9.7977e+27,0.0000e+00,97.1,1.5,1.4
285,5.2949e+29,2.6365e+29,2.5591e+29,3.1400e+27,6.7900e+27,2.2837e+29,3.5280e+28,1.8100e+29,7.4910e+28,2.0800e+27,1.0600e+27,3.5300e+27,3.2600e+27,4.3366e+08,1.0585e+06,9.4523e+08,1.6080e-07,4.9560e+07,4.8939e+04,5.1859e+05,5.1538e+05,49.8,48.3,0.6,1.3,5.2912e+29,5.1414e+29,7.9500e+27,7.0300e+27,9.9942e+27,0.0000e+00,97.2,1.5,1.3
286,5.1745e+29,2.5907e+29,2.4885e+29,2.6300e+27,6.9000e+27,2.2468e+29,3.4390e+28,1.7546e+29,7.3390e+28,1.7400e+27,8.9000e+26,3.2800e+27,3.6200e+27,4.3736e+08,1.1051e+06,1.7222e+09,5.0362e-08,4.8166e+07,5.8224e+04,5.2179e+05,5.1861e+05,50.1,48.1,0.5,1.3,5.1760e+29,5.0266e+29,7.9100e+27,7.0300e+27,1.0134e+28,0.0000e+00,97.1,1.5,1.4
287,5.1533e+29,2.5503e+29,2.5068e+29,2.7600e+27,6.8600e+27,2.2084e+29,3.4190e+28,1.7378e+29,7.6900e+28,1.7800e+27,9.8000e+26,3.4400e+27,3.4200e+27,4.3992e+08,1.2738e+06,1.1976e+09,1.3803e-08,4.6449e+07,5.8922e+04,5.2500e+05,5.2181e+05,49.5,48.6,0.5,1.3,5.1616e+29,5.0100e+29,8.2500e+27,6.9100e+27,1.0390e+28,0.0000e+00,97.1,1.6,1.3
288,4.9991e+29,2.4974e+29,2.4053e+29,2.7900e+27,6.8500e+27,2.1633e+29,3.3410e+28,1.7127e+29,6.9260e+28,1.8500e+27,9.4000e+26,3.3000e+27,3.5500e+27,4.4125e+08,1.1364e+06,1.0103e+09,3.3532e-09,4.4760e+07,5.2570e+04,5.2819e+05,5.2502e+05,50.0,48.1,0.6,1.4,4.9985e+29,4.8446e+29,8.0700e+27,7.3200e+27,1.0529e+28,0.0000e+00,96.9,1.6,1.5
289,4.9663e+29,2.4533e+29,2.4182e+29,2.5900e+27,6.8900e+27,2.1198e+29,3.3350e+28,1.6710e+29,7.4720e+28,1.7300e+27,8.6000e+26,3.4000e+27,3.4900e+27,4.4324e+08,1.0196e+06,1.3311e+09,6.4479e-10,4.2796e+07,6.5818e+04,5.3138e+05,5.2821e+05,49.4,48.7,0.5,1.4,4.9637e+29,4.8127e+29,7.6600e+27,7.4400e+27,1.0727e+28,0.0000e+00,97.0,1.5,1.5
290,4.9460e+29,2.4447e+29,2.4041e+29,2.8300e+27,6.8900e+27,2.1142e+29,3.3050e+28,1.6379e+29,7.6620e+28,1.7400e+27,1.0900e+27,3.4900e+27,3.4000e+27,4.4341e+08,9.7629e+05,1.1948e+09,9.3132e-11,4.1373e+07,5.3943e+04,5.3457e+05,5.3139e+05,49.4,48.6,0.6,1.4,4.9465e+29,4.7922e+29,8.1200e+27,7.3100e+27,1.0991e+28,0.0000e+00,96.9,1.6,1.5
291,4.8670e+29,2.3803e+29,2.3915e+29,2.6600e+27,6.8600e+27,2.0486e+29,3.3170e+28,1.6380e+29,7.5350e+28,1.8600e+27,8.0000e+26,3.3700e+27,3.4900e+27,4.4533e+08,9.0884e+05,1.0483e+09,9.2033e-12,3.9654e+07,4.8494e+04,5.3773e+05,5.3459e+05,48.9,49.1,0.5,1.4,4.8639e+29,4.7183e+29,8.0300e+27,6.5300e+27,1.1128e+28,0.0000e+00,97.0,1.7,1.3
292,4.8471e+29,2.3611e+29,2.3966e+29,2.1100e+27,6.8300e+27,2.0350e+29,3.2610e+28,1.6491e+29,7.4750e+28,1.4700e+27,6.4000e+26,3.4900e+27,3.3400e+27,4.4659e+08,6.9527e+05,1.2614e+09,4.9954e-13,3.7831e+07,6.1981e+04,5.4088e+05,5.3775e+05,48.7,49.4,0.4,1.4,4.8501e+29,4.7020e+29,7.9600e+27,6.8500e+27,1.1328e+28,0.0000e+00,96.9,1.6,1.4
293,4.8056e+29,2.3208e+29,2.3913e+29,2.4800e+27,6.8700e+27,2.0007e+29,3.2010e+28,1.6592e+29,7.3210e+28,1.5300e+27,9.5000e+26,3.6800e+27,3.1900e+27,4.4667e+08,4.8643e+05,1.0456e+09,9.8067e-15,3.6552e+07,4.3813e+04,5.4401e+05,5.4090e+05,48.3,49.8,0.5,1.4,4.8095e+29,4.6685e+29,7.2600e+27,6.8400e+27,1.1528e+28,0.0000e+00,97.1,1.5,1.4
294,4.7914e+29,2.2710e+29,2.4277e+29,2.4000e+27,6.8700e+27,1.9556e+29,3.1540e+28,1.6441e+29,7.8360e+28,1.5800e+27,8.2000e+26,3.4800e+27,3.3900e+27,4.4631e+08,2.6621e+05,1.0879e+09,1.8112e-17,3.5733e+07,2.8554e+04,5.4713e+05,5.4403e+05,47.4,50.7,0.5,1.4,4.7851e+29,4.6352e+29,8.2100e+27,6.7800e+27,1.1729e+28,0.0000e+00,96.9,1.7,1.4
295,4.7923e+29,2.2288e+29,2.4702e+29,2.4300e+27,6.9000e+27,1.9133e+29,3.1550e+28,1.6495e+29,8.2070e+28,1.4400e+27,9.9000e+26,3.4400e+27,3.4600e+27,4.4556e+08,3.4364e+04,1.0174e+09,1.0826e-20,3.4112e+07,2.7545e+04,5.5023e+05,5.4715e+05,46.5,51.5,0.5,1.4,4.7936e+29,4.6449e+29,8.1500e+27,6.7200e+27,1.1929e+28,0.0000e+00,96.9,1.7,1.4
296,4.7613e+29,2.2113e+29,2.4553e+29,2.6200e+27,6.8500e+27,1.8872e+29,3.2410e+28,1.5791e+29,8.7620e+28,1.7700e+27,8.5000e+26,3.4200e+27,3.4300e+27,4.4584e+08,5.1425e+02,1.0783e+09,1.0314e-20,5.3756e+07,7.5012e+04,5.5332e+05,5.5025e+05,46.4,51.6,0.6,1.4,4.7659e+29,4.6198e+29,7.6400e+27,6.9700e+27,1.2128e+28,0.0000e+00,96.9,1.6,1.5
297,4.7291e+29,2.1980e+29,2.4389e+29,2.3400e+27,6.8800e+27,1.8762e+29,3.2180e+28,1.5554e+29,8.8350e+28,1.5600e+27,7.8000e+26,3.7200e+27,3.1600e+27,4.4575e+08,1.1202e+06,1.0435e+09,2.4884e-18,5.0392e+07,7.4514e+04,5.5638e+05,5.5334e+05,46.5,51.6,0.5,1.5,4.7270e+29,4.5860e+29,7.9000e+27,6.2000e+27,1.2327e+28,0.0000e+00,97.0,1.7,1.3
298,4.7315e+29,2.1775e+29,2.4630e+29,2.2900e+27,6.8100e+27,1.8460e+29,3.3150e+28,1.5244e+29,9.3860e+28,1.4900e+27,8.0000e+26,3.4200e+27,3.3900e+27,4.4289e+08,1.2696e+06,1.2624e+09,3.8597e-15,4.8597e+07,7.4122e+04,5.5942e+05,5.5640e+05,46.0,52.1,0.5,1.4,4.7217e+29,4.5738e+29,8.3500e+27,6.4400e+27,1.2526e+28,0.0000e+00,96.9,1.8,1.4
299,4.7195e+29,2.1079e+29,2.5212e+29,2.1800e+27,6.8600e+27,1.7883e+29,3.1960e+28,1.5638e+29,9.5740e+28,1.4900e+27,6.9000e+26,3.3800e+27,3.4800e+27,4.4171e+08,1.2815e+06,1.0946e+09,2.4243e-13,4.6732e+07,7.5359e+04,5.6244e+05,5.5944e+05,44.7,53.4,0.5,1.5,4.7335e+29,4.5864e+29,7.9700e+27,6.7400e+27,1.2723e+28,0.0000e+00,96.9,1.7,1.4
300,4.5768e+29,2.0789e+29,2.4063e+29,2.4400e+27,6.7200e+27,1.7650e+29,3.1390e+28,1.4726e+29,9.3370e+28,1.5500e+27,8.9000e+26,3.2400e+27,3.4800e+27,4.4069e+08,1.0367e+06,1.0863e+09,4.2822e-12,4.5733e+07,7.1696e+04,5.6544e+05,5.6246e+05,45.4,52.6,0.5,1.5,4.5690e+29,4.4293e+29,7.8700e+27,6.1000e+27,1.2919e+28,0.0000e+00,96.9,1.7,1.3
301,4.6035e+29,2.0674e+29,2.4439e+29,2.2400e+27,6.9800e+27,1.7510e+29,3.1640e+28,1.5270e+29,9.1690e+28,1.5700e+27,6.7000e+26,3.4700e+27,3.5100e+27,4.3981e+08,9.8119e+05,1.3395e+09,3.8357e-11,4.3519e+07,5.7039e+04,5.6843e+05,5.6546e+05,44.9,53.1,0.5,1.5,4.6048e+29,4.4672e+29,7.4900e+27,6.2700e+27,1.3195e+28,0.0000e+00,97.0,1.6,1.4
302,4.5011e+29,2.0352e+29,2.3781e+29,1.9400e+27,6.8400e+27,1.7162e+29,3.1900e+28,1.4464e+29,9.3170e+28,1.2900e+27,6.5000e+26,3.3500e+27,3.4900e+27,4.3659e+08,1.1342e+06,1.1390e+09,2.2220e-10,4.2013e+07,6.2512e+04,5.7137e+05,5.6845e+05,45.2,52.8,0.4,1.5,4.5147e+29,4.3759e+29,7.8600e+27,6.0200e+27,1.3307e+28,0.0000e+00,96.9,1.7,1.3
303,4.4677e+29,2.0026e+29,2.3766e+29,2.1400e+27,6.7100e+27,1.6929e+29,3.0970e+28,1.4434e+29,9.3320e+28,1.3400e+27,8.0000e+26,3.3800e+27,3.3300e+27,4.3439e+08,1.0332e+06,1.2871e+09,9.4256e-10,4.0380e+07,7.4720e+04,5.7430e+05,5.7139e+05,44.8,53.2,0.5,1.5,4.4580e+29,4.3217e+29,7.6900e+27,5.9400e+27,1.3583e+28,0.0000e+00,96.9,1.7,1.3
304,4.4648e+29,1.9606e+29,2.4141e+29,2.2300e+27,6.7800e+27,1.6562e+29,3.0440e+28,1.5134e+29,9.0070e+28,1.2800e+27,9.5000e+26,3.2100e+27,3.5700e+27,4.3333e+08,7.9588e+05,1.0612e+09,3.2674e-09,3.8896e+07,5.8315e+04,5.7720e+05,5.7432e+05,43.9,54.1,0.5,1.5,4.4747e+29,4.3388e+29,7.9700e+27,5.6200e+27,1.3775e+28,0.0000e+00,97.0,1.8,1.3
305,4.4393e+29,1.9434e+29,2.4088e+29,1.8500e+27,6.8600e+27,1.6435e+29,2.9990e+28,1.4354e+29,9.7340e+28,1.1300e+27,7.2000e+26,3.3100e+27,3.5500e+27,4.3125e+08,1.1386e+06,1.0992e+09,9.4569e-09,3.8028e+07,6.2297e+04,5.8006e+05,5.7722e+05,43.8,54.3,0.4,1.5,4.4308e+29,4.2988e+29,7.4500e+27,5.7500e+27,1.3874e+28,0.0000e+00,97.0,1.7,1.3
306,4.4266e+29,1.9278e+29,2.4067e+29,2.3900e+27,6.8200e+27,1.6231e+29,3.0470e+28,1.4641e+29,9.4260e+28,1.5100e+27,8.8000e+26,3.4400e+27,3.3800e+27,4.3027e+08,9.2838e+05,1.1795e+09,2.3802e-08,3.6406e+07,6.8368e+04,5.8292e+05,5.8008e+05,43.6,54.4,0.5,1.5,4.4205e+29,4.2852e+29,8.3100e+27,5.2200e+27,1.4239e+28,0.0000e+00,96.9,1.9,1.2
307,4.4525e+29,1.8922e+29,2.4740e+29,1.8200e+27,6.8100e+27,1.5867e+29,3.0550e+28,1.4996e+29,9.7440e+28,1.2600e+27,5.6000e+26,3.5100e+27,3.3000e+27,4.2806e+08,1.1161e+06,1.1988e+09,5.4327e-08,3.4294e+07,5.2968e+04,5.8572e+05,5.8293e+05,42.5,55.6,0.4,1.5,4.4562e+29,4.3219e+29,7.7000e+27,5.7300e+27,1.4333e+28,0.0000e+00,97.0,1.7,1.3
308,4.4340e+29,1.8776e+29,2.4688e+29,1.9200e+27,6.8400e+27,1.5753e+29,3.0230e+28,1.4879e+29,9.8090e+28,1.1700e+27,7.5000e+26,3.1800e+27,3.6600e+27,4.2565e+08,9.0830e+05,1.9646e+09,1.1269e-07,3.4071e+07,4.6274e+04,5.8849e+05,5.8574e+05,42.3,55.7,0.4,1.5,4.4377e+29,4.3133e+29,7.5700e+27,4.8700e+27,1.4514e+28,0.0000e+00,97.2,1.7,1.1
309,4.4958e+29,1.8814e+29,2.5265e+29,1.9900e+27,6.8000e+27,1.5689e+29,3.1250e+28,1.5071e+29,1.0194e+29,1.2700e+27,7.2000e+26,3.5700e+27,3.2300e+27,4.2454e+08,1.0808e+06,1.1189e+09,2.1665e-07,3.3270e+07,5.9149e+04,5.9124e+05,5.8851e+05,41.8,56.2,0.4,1.5,4.4861e+29,4.3559e+29,8.4500e+27,4.5700e+27,1.4787e+28,0.0000e+00,97.1,1.9,1.0
310,4.3228e+29,1.8046e+29,2.4341e+29,1.5600e+27,6.8500e+27,1.5007e+29,3.0390e+28,1.4587e+29,9.7540e+28,9.9000e+26,5.7000e+26,3.5300e+27,3.3200e+27,4.2241e+08,9.9098e+05,1.2130e+09,3.9177e-07,3.1697e+07,8.1186e+04,5.9395e+05,5.9126e+05,41.7,56.3,0.4,1.6,4.3357e+29,4.2107e+29,7.9500e+27,4.5500e+27,1.4963e+28,0.0000e+00,97.1,1.8,1.0
311,4.3183e+29,1.8095e+29,2.4260e+29,1.5000e+27,6.7800e+27,1.5091e+29,3.0040e+28,1.4496e+29,9.7640e+28,8.9000e+26,6.1000e+26,3.4500e+27,3.3300e+27,4.2169e+08,7.6377e+05,1.3164e+09,6.6925e-07,3.1169e+07,6.3926e+04,5.9662e+05,5.9396e+05,41.9,56.2,0.3,1.6,4.3077e+29,4.1824e+29,7.9000e+27,4.6300e+27,1.5135e+28,0.0000e+00,97.1,1.8,1.1
312,4.4416e+29,1.7982e+29,2.5604e+29,1.3700e+27,6.9300e+27,1.4861e+29,3.1210e+28,1.4800e+29,1.0804e+29,8.6000e+26,5.1000e+26,3.3600e+27,3.5700e+27,4.2223e+08,9.5951e+05,1.0439e+09,1.0879e-06,2.9629e+07,5.7682e+04,5.9927e+05,5.9664e+05,40.5,57.6,0.3,1.6,4.4431e+29,4.3221e+29,7.9600e+27,4.1400e+27,1.5405e+28,0.0000e+00,97.3,1.8,0.9
313,4.3627e+29,1.7734e+29,2.5041e+29,1.6800e+27,6.8400e+27,1.4627e+29,3.1070e+28,1.4427e+29,1.0614e+29,9.6000e+26,7.2000e+26,3.3000e+27,3.5400e+27,4.2105e+08,1.2062e+06,1.1555e+09,1.6971e-06,2.8596e+07,6.3440e+04,6.0187e+05,5.9929e+05,40.6,57.4,0.4,1.6,4.3622e+29,4.2362e+29,8.3400e+27,4.2600e+27,1.5573e+28,0.0000e+00,97.1,1.9,1.0
314,4.4102e+29,1.7586e+29,2.5674e+29,1.6600e+27,6.7600e+27,1.4550e+29,3.0360e+28,1.4683e+29,1.0991e+29,9.2000e+26,7.4000e+26,3.4000e+27,3.3600e+27,4.1798e+08,1.0459e+06,1.0545e+09,2.5448e-06,2.7043e+07,6.6265e+04,6.0443e+05,6.0189e+05,39.9,58.2,0.4,1.5,4.4095e+29,4.2897e+29,8.1800e+27,3.8000e+27,1.5735e+28,0.0000e+00,97.3,1.9,0.9
315,4.3402e+29,1.7147e+29,2.5422e+29,1.4700e+27,6.8600e+27,1.4102e+29,3.0450e+28,1.4724e+29,1.0698e+29,1.0000e+27,4.7000e+26,3.4900e+27,3.3700e+27,4.1709e+08,1.0770e+06,1.1058e+09,3.6831e-06,2.6888e+07,5.5589e+04,6.0695e+05,6.0445e+05,39.5,58.6,0.3,1.6,4.3416e+29,4.2254e+29,8.0000e+27,3.6200e+27,1.5893e+28,0.0000e+00,97.3,1.8,0.8
316,4.2670e+29,1.7007e+29,2.4831e+29,1.5000e+27,6.8200e+27,1.4033e+29,2.9740e+28,1.4379e+29,1.0452e+29,8.9000e+26,6.1000e+26,3.2900e+27,3.5300e+27,4.1579e+08,1.0917e+06,1.1619e+09,3.6487e-06,2.6427e+07,6.0386e+04,6.0944e+05,6.0696e+05,39.9,58.2,0.4,1.6,4.2720e+29,4.1557e+29,8.2200e+27,3.4100e+27,1.6154e+28,0.0000e+00,97.3,1.9,0.8
317,4.2763e+29,1.6660e+29,2.5253e+29,1.8600e+27,6.6400e+27,1.3628e+29,3.0320e+28,1.4639e+29,1.0614e+29,1.0800e+27,7.8000e+26,3.3600e+27,3.2800e+27,4.1572e+08,7.4351e+05,1.2224e+09,2.9895e-06,2.5294e+07,6.1380e+04,6.1187e+05,6.0945e+05,39.0,59.1,0.4,1.6,4.2736e+29,4.1590e+29,8.2700e+27,3.1900e+27,1.6304e+28,0.0000e+00,97.3,1.9,0.7
318,4.3349e+29,1.6560e+29,2.5932e+29,1.7800e+27,6.7900e+27,1.3501e+29,3.0590e+28,1.4821e+29,1.1111e+29,1.0400e+27,7.4000e+26,3.2500e+27,3.5400e+27,4.1488e+08,6.1512e+05,1.0486e+09,2.4756e-06,2.4385e+07,6.4942e+04,6.1428e+05,6.1189e+05,38.2,59.8,0.4,1.6,4.3270e+29,4.2144e+29,8.4300e+27,2.8300e+27,1.6561e+28,0.0000e+00,97.4,1.9,0.7
319,4.2779e+29,1.6348e+29,2.5585e+29,1.6700e+27,6.7900e+27,1.3264e+29,3.0840e+28,1.4449e+29,1.1136e+29,9.4000e+26,7.3000e+26,3.5500e+27,3.2400e+27,4.1391e+08,7.9114e+05,1.1248e+09,2.0757e-06,2.3478e+07,8.9708e+04,6.1664e+05,6.1430e+05,38.2,59.8,0.4,1.6,4.2861e+29,4.1765e+29,8.0400e+27,2.9200e+27,1.6704e+28,0.0000e+00,97.4,1.9,0.7
320,4.2040e+29,1.6000e+29,2.5202e+29,1.6000e+27,6.7800e+27,1.3024e+29,2.9760e+28,1.4310e+29,1.0892e+29,9.8000e+26,6.2000e+26,3.5100e+27,3.2700e+27,4.1209e+08,9.4743e+05,1.0555e+09,1.7628e-06,2.3329e+07,7.2840e+04,6.1895e+05,6.1666e+05,38.1,59.9,0.4,1.6,4.2067e+29,4.0981e+29,8.4400e+27,2.4200e+27,1.6840e+28,0.0000e+00,97.4,2.0,0.6
321,4.2440e+29,1.5940e+29,2.5646e+29,1.6700e+27,6.8700e+27,1.2770e+29,3.1700e+28,1.3792e+29,1.1854e+29,9.1000e+26,7.6000e+26,3.6000e+27,3.2700e+27,4.1032e+08,9.1311e+05,1.0421e+09,1.5155e-06,2.2928e+07,6.6901e+04,6.2122e+05,6.1896e+05,37.6,60.4,0.4,1.6,4.2418e+29,4.1344e+29,8.4400e+27,2.3000e+27,1.7087e+28,0.0000e+00,97.5,2.0,0.5
322,4.2467e+29,1.5817e+29,2.5823e+29,1.3900e+27,6.8800e+27,1.2762e+29,3.0550e+28,1.4122e+29,1.1701e+29,8.0000e+26,5.9000e+26,3.1800e+27,3.7000e+27,4.0950e+08,8.3208e+05,1.2275e+09,1.3196e-06,2.1796e+07,6.4940e+04,6.2345e+05,6.2123e+05,37.2,60.8,0.3,1.6,4.2478e+29,4.1403e+29,8.7500e+27,2.0000e+27,1.7332e+28,0.0000e+00,97.5,2.1,0.5
323,4.3377e+29,1.5747e+29,2.6811e+29,1.4400e+27,6.7500e+27,1.2456e+29,3.2910e+28,1.4446e+29,1.2365e+29,8.0000e+26,6.4000e+26,3.1100e+27,3.6400e+27,4.0861e+08,8.0120e+05,1.2015e+09,1.1662e-06,2.1284e+07,6.1957e+04,6.2561e+05,6.2346e+05,36.3,61.8,0.3,1.6,4.3249e+29,4.2241e+29,8.3000e+27,1.7800e+27,1.7335e+28,0.0000e+00,97.7,1.9,0.4
324,4.2765e+29,1.5656e+29,2.6290e+29,1.3700e+27,6.8200e+27,1.2480e+29,3.1760e+28,1.4499e+29,1.1791e+29,7.2000e+26,6.5000e+26,3.4900e+27,3.3300e+27,4.0734e+08,6.7660e+05,1.2429e+09,1.0444e-06,2.0364e+07,4.8556e+04,6.2774e+05,6.2563e+05,36.6,61.5,0.3,1.6,4.2865e+29,4.1780e+29,8.9900e+27,1.8600e+27,1.7570e+28,0.0000e+00,97.5,2.1,0.4
325,4.2627e+29,1.5214e+29,2.6604e+29,1.3300e+27,6.7600e+27,1.2087e+29,3.1270e+28,1.4247e+29,1.2357e+29,7.1000e+26,6.2000e+26,3.3000e+27,3.4600e+27,4.0605e+08,8.4524e+05,1.2301e+09,9.4812e-07,2.0029e+07,3.9083e+04,6.2982e+05,6.2775e+05,35.7,62.4,0.3,1.6,4.2619e+29,4.1605e+29,8.4400e+27,1.7000e+27,1.7803e+28,0.0000e+00,97.6,2.0,0.4
326,4.2978e+29,1.5005e+29,2.7169e+29,1.2100e+27,6.8300e+27,1.1842e+29,3.1630e+28,1.4895e+29,1.2274e+29,6.9000e+26,5.2000e+26,3.4300e+27,3.4000e+27,4.0458e+08,8.2128e+05,1.1143e+09,8.7313e-07,1.9683e+07,3.9554e+04,6.3184e+05,6.2983e+05,34.9,63.2,0.3,1.6,4.2938e+29,4.1853e+29,9.4100e+27,1.4400e+27,1.7908e+28,0.0000e+00,97.5,2.2,0.3
327,4.3184e+29,1.5125e+29,2.7235e+29,1.4800e+27,6.7600e+27,1.1858e+29,3.2670e+28,1.4685e+29,1.2550e+29,7.9000e+26,6.9000e+26,3.4700e+27,3.2900e+27,4.0331e+08,9.3962e+05,1.4085e+09,8.1527e-07,1.9746e+07,4.8782e+04,6.3382e+05,6.3186e+05,35.0,63.1,0.3,1.6,4.3120e+29,4.2059e+29,9.4000e+27,1.2100e+27,1.8132e+28,0.0000e+00,97.5,2.2,0.3
328,4.3212e+29,1.4780e+29,2.7602e+29,1.4500e+27,6.8500e+27,1.1593e+29,3.1870e+28,1.5004e+29,1.2598e+29,8.3000e+26,6.2000e+26,3.2300e+27,3.6200e+27,4.0291e+08,7.5579e+05,1.1011e+09,7.7217e-07,2.0197e+07,3.7670e+04,6.3574e+05,6.3384e+05,34.2,63.9,0.3,1.6,4.3199e+29,4.2130e+29,9.5600e+27,1.1300e+27,1.8225e+28,0.0000e+00,97.5,2.2,0.3
329,4.3814e+29,1.4750e+29,2.8229e+29,1.5400e+27,6.8100e+27,1.1463e+29,3.2870e+28,1.5593e+29,1.2636e+29,8.5000e+26,6.9000e+26,3.4200e+27,3.3900e+27,4.0083e+08,8.9181e+05,1.4013e+09,7.4145e-07,1.9702e+07,4.3311e+04,6.3762e+05,6.3576e+05,33.7,64.4,0.4,1.6,4.3908e+29,4.2828e+29,9.7000e+27,1.1000e+27,1.8439e+28,0.0000e+00,97.5,2.2,0.3
330,4.4128e+29,1.4349e+29,2.8963e+29,1.3300e+27,6.8300e+27,1.1128e+29,3.2210e+28,1.5539e+29,1.3424e+29,7.9000e+26,5.4000e+26,3.4500e+27,3.3800e+27,3.9886e+08,7.9982e+05,1.4155e+09,7.2184e-07,1.9499e+07,8.0841e+04,6.3943e+05,6.3763e+05,32.5,65.6,0.3,1.5,4.4028e+29,4.2940e+29,9.8100e+27,1.0700e+27,1.8519e+28,0.0000e+00,97.5,2.2,0.2
331,4.4740e+29,1.4613e+29,2.9304e+29,1.4900e+27,6.7400e+27,1.1262e+29,3.3510e+28,1.6352e+29,1.2952e+29,7.8000e+26,7.1000e+26,3.2500e+27,3.4900e+27,3.9722e+08,7.9767e+05,1.1864e+09,7.1210e-07,1.8937e+07,9.2337e+04,6.4120e+05,6.3945e+05,32.7,65.5,0.3,1.5,4.4713e+29,4.3615e+29,1.0080e+28,9.0000e+26,1.8723e+28,0.0000e+00,97.5,2.3,0.2
332,4.5310e+29,1.4537e+29,2.9923e+29,1.6400e+27,6.8600e+27,1.1253e+29,3.2840e+28,1.6681e+29,1.3242e+29,9.1000e+26,7.3000e+26,3.6400e+27,3.2200e+27,3.9655e+08,7.5616e+05,1.2346e+09,7.1078e-07,1.8556e+07,6.2886e+04,6.4291e+05,6.4121e+05,32.1,66.0,0.4,1.5,4.5167e+29,4.4052e+29,1.0190e+28,9.6000e+26,1.8923e+28,0.0000e+00,97.5,2.3,0.2
333,4.6754e+29,1.4548e+29,3.1383e+29,1.5400e+27,6.6900e+27,1.1260e+29,3.2880e+28,1.6981e+29,1.4402e+29,8.6000e+26,6.8000e+26,3.4100e+27,3.2800e+27,3.9598e+08,1.3625e+06,1.4304e+09,7.3195e-07,1.8953e+07,7.0863e+04,6.4457e+05,6.4293e+05,31.1,67.1,0.3,1.4,4.6741e+29,4.5564e+29,1.0890e+28,8.8000e+26,1.8983e+28,0.0000e+00,97.5,2.3,0.2
334,4.6555e+29,1.3966e+29,3.1762e+29,1.3900e+27,6.8800e+27,1.0725e+29,3.2410e+28,1.6861e+29,1.4901e+29,7.6000e+26,6.3000e+26,3.2400e+27,3.6400e+27,3.9514e+08,1.2211e+06,1.1076e+09,7.4095e-07,1.8693e+07,6.8495e+04,6.4617e+05,6.4458e+05,30.0,68.2,0.3,1.5,4.6505e+29,4.5343e+29,1.0930e+28,6.9000e+26,1.9171e+28,0.0000e+00,97.5,2.4,0.1
335,4.6213e+29,1.4065e+29,3.1311e+29,1.5800e+27,6.7900e+27,1.0735e+29,3.3300e+28,1.7203e+29,1.4108e+29,8.9000e+26,6.9000e+26,3.5600e+27,3.2300e+27,3.9407e+08,1.2678e+06,1.1044e+09,7.5924e-07,1.9027e+07,6.4617e+04,6.4770e+05,6.4618e+05,30.4,67.8,0.3,1.5,4.6247e+29,4.5003e+29,1.1670e+28,7.7000e+26,1.9217e+28,0.0000e+00,97.3,2.5,0.2
336,4.7568e+29,1.4450e+29,3.2287e+29,1.5500e+27,6.7600e+27,1.1012e+29,3.4380e+28,1.7579e+29,1.4708e+29,8.6000e+26,6.9000e+26,3.4600e+27,3.3000e+27,3.9238e+08,1.0963e+06,1.2624e+09,7.8701e-07,1.8987e+07,7.7865e+04,6.4919e+05,6.4772e+05,30.4,67.9,0.3,1.4,4.7499e+29,4.6305e+29,1.1400e+28,5.4000e+26,1.9393e+28,0.0000e+00,97.5,2.4,0.1
337,4.7647e+29,1.4132e+29,3.2669e+29,1.6300e+27,6.8300e+27,1.0618e+29,3.5140e+28,1.7377e+29,1.5292e+29,8.0000e+26,8.3000e+26,3.5100e+27,3.3200e+27,3.9065e+08,8.6423e+05,1.1722e+09,8.2487e-07,1.8751e+07,7.1483e+04,6.5061e+05,6.4920e+05,29.7,68.6,0.3,1.4,4.7617e+29,4.6329e+29,1.2230e+28,6.5000e+26,1.9563e+28,0.0000e+00,97.3,2.6,0.1
338,4.8576e+29,1.4104e+29,3.3651e+29,1.4500e+27,6.7600e+27,1.0570e+29,3.5340e+28,1.8675e+29,1.4976e+29,7.9000e+26,6.6000e+26,3.3900e+27,3.3700e+27,3.8831e+08,1.2528e+06,1.2010e+09,8.7375e-07,1.8730e+07,6.5695e+04,6.5198e+05,6.5062e+05,29.0,69.3,0.3,1.4,4.8515e+29,4.7240e+29,1.2240e+28,5.1000e+26,1.9587e+28,0.0000e+00,97.4,2.5,0.1
339,5.0596e+29,1.4514e+29,3.5255e+29,1.4700e+27,6.8000e+27,1.0894e+29,3.6200e+28,1.9210e+29,1.6045e+29,9.5000e+26,5.2000e+26,3.3600e+27,3.4400e+27,3.8623e+08,1.3001e+06,1.0988e+09,9.3434e-07,1.8711e+07,6.3703e+04,6.5329e+05,6.5199e+05,28.7,69.7,0.3,1.3,5.0418e+29,4.9055e+29,1.3100e+28,5.3000e+26,1.9886e+28,0.0000e+00,97.3,2.6,0.1
340,5.0193e+29,1.4286e+29,3.5073e+29,1.6300e+27,6.7100e+27,1.0714e+29,3.5720e+28,1.9244e+29,1.5829e+29,8.4000e+26,7.9000e+26,3.2700e+27,3.4400e+27,3.8407e+08,1.3427e+06,1.3199e+09,1.0091e-06,1.8740e+07,7.5619e+04,6.5453e+05,6.5330e+05,28.5,69.9,0.3,1.3,5.0185e+29,4.8798e+29,1.3260e+28,6.1000e+26,1.9752e+28,0.0000e+00,97.2,2.6,0.1
341,5.1505e+29,1.4011e+29,3.6633e+29,1.7900e+27,6.8200e+27,1.0379e+29,3.6320e+28,1.9967e+29,1.6666e+29,9.7000e+26,8.2000e+26,3.3400e+27,3.4800e+27,3.8192e+08,1.2853e+06,1.0615e+09,1.0979e-06,1.8906e+07,8.2797e+04,6.5572e+05,6.5454e+05,27.2,71.1,0.3,1.3,5.1442e+29,5.0010e+29,1.3890e+28,4.3000e+26,2.0040e+28,0.0000e+00,97.2,2.7,0.1
342,5.1809e+29,1.4085e+29,3.6875e+29,1.7500e+27,6.7400e+27,1.0374e+29,3.7110e+28,1.9808e+29,1.7067e+29,1.0300e+27,7.2000e+26,3.2800e+27,3.4600e+27,3.8007e+08,1.5084e+06,1.1831e+09,1.2048e-06,1.9221e+07,7.8113e+04,6.5684e+05,6.5573e+05,27.2,71.2,0.3,1.3,5.1759e+29,5.0249e+29,1.4610e+28,4.9000e+26,2.0033e+28,0.0000e+00,97.1,2.8,0.1
343,5.3368e+29,1.4081e+29,3.8430e+29,1.8000e+27,6.7700e+27,1.0398e+29,3.6830e+28,2.0845e+29,1.7585e+29,9.3000e+26,8.7000e+26,3.3300e+27,3.4400e+27,3.7671e+08,1.4976e+06,1.2664e+09,1.3309e-06,1.9283e+07,7.5080e+04,6.5791e+05,6.5685e+05,26.4,72.0,0.3,1.3,5.3291e+29,5.1757e+29,1.4910e+28,4.3000e+26,2.0163e+28,0.0000e+00,97.1,2.8,0.1
344,5.3919e+29,1.4167e+29,3.8899e+29,1.6900e+27,6.8400e+27,1.0312e+29,3.8550e+28,2.0749e+29,1.8150e+29,8.4000e+26,8.5000e+26,3.4400e+27,3.4000e+27,3.7444e+08,1.4846e+06,1.2703e+09,1.5208e-06,1.9110e+07,7.2414e+04,6.5891e+05,6.5792e+05,26.3,72.1,0.3,1.3,5.3881e+29,5.2290e+29,1.5420e+28,4.9000e+26,2.0287e+28,0.0000e+00,97.0,2.9,0.1
345,5.5445e+29,1.4423e+29,4.0186e+29,1.5400e+27,6.8200e+27,1.0498e+29,3.9250e+28,2.1064e+29,1.9122e+29,7.8000e+26,7.6000e+26,3.4400e+27,3.3800e+27,3.7101e+08,1.3642e+06,1.2022e+09,1.7010e-06,1.8647e+07,7.5758e+04,6.5985e+05,6.5892e+05,26.0,72.5,0.3,1.2,5.5368e+29,5.3746e+29,1.5750e+28,4.7000e+26,2.0404e+28,0.0000e+00,97.1,2.8,0.1
346,5.6043e+29,1.4254e+29,4.0933e+29,1.8300e+27,6.7300e+27,1.0285e+29,3.9690e+28,2.1534e+29,1.9399e+29,1.0100e+27,8.2000e+26,3.5600e+27,3.1700e+27,3.6981e+08,1.8616e+06,1.1853e+09,1.9124e-06,1.8587e+07,1.2316e+05,6.6073e+05,6.5986e+05,25.4,73.0,0.3,1.2,5.5940e+29,5.4224e+29,1.6780e+28,3.8000e+26,2.0365e+28,0.0000e+00,96.9,3.0,0.1
347,5.6466e+29,1.4225e+29,4.1356e+29,2.0100e+27,6.8400e+27,1.0257e+29,3.9680e+28,2.2070e+29,1.9286e+29,1.1600e+27,8.5000e+26,3.5900e+27,3.2500e+27,3.6671e+08,1.7872e+06,1.2026e+09,2.1579e-06,1.8435e+07,1.0936e+05,6.6154e+05,6.6073e+05,25.2,73.2,0.4,1.2,5.6429e+29,5.4691e+29,1.6940e+28,4.4000e+26,2.0616e+28,0.0000e+00,96.9,3.0,0.1
348,5.6408e+29,1.4124e+29,4.1434e+29,1.7100e+27,6.7900e+27,1.0125e+29,3.9990e+28,2.2148e+29,1.9286e+29,1.0300e+27,6.8000e+26,3.2900e+27,3.5000e+27,3.6319e+08,1.7906e+06,1.3907e+09,2.4467e-06,1.8278e+07,1.0209e+05,6.6229e+05,6.6155e+05,25.0,73.5,0.3,1.2,5.6506e+29,5.4799e+29,1.6590e+28,4.8000e+26,2.0561e+28,0.0000e+00,97.0,2.9,0.1
349,5.6010e+29,1.4040e+29,4.1117e+29,1.7200e+27,6.8100e+27,1.0126e+29,3.9140e+28,2.2717e+29,1.8400e+29,9.1000e+26,8.1000e+26,3.3500e+27,3.4600e+27,3.6006e+08,1.5013e+06,1.5111e+09,2.7805e-06,1.7892e+07,7.8111e+04,6.6298e+05,6.6230e+05,25.1,73.4,0.3,1.2,5.5890e+29,5.4191e+29,1.6610e+28,3.8000e+26,2.0648e+28,0.0000e+00,97.0,3.0,0.1
350,5.6409e+29,1.3968e+29,4.1599e+29,1.6900e+27,6.7300e+27,1.0064e+29,3.9040e+28,2.2730e+29,1.8869e+29,8.9000e+26,8.0000e+26,3.4300e+27,3.3000e+27,3.5728e+08,1.5926e+06,1.9245e+09,3.1680e-06,1.7833e+07,7.3632e+04,6.6360e+05,6.6298e+05,24.8,73.7,0.3,1.2,5.6351e+29,5.4666e+29,1.6460e+28,3.9000e+26,2.0576e+28,0.0000e+00,97.0,2.9,0.1
351,5.8756e+29,1.4165e+29,4.3717e+29,1.9200e+27,6.8200e+27,1.0204e+29,3.9610e+28,2.3420e+29,2.0297e+29,1.0800e+27,8.4000e+26,3.5900e+27,3.2300e+27,3.5488e+08,1.6135e+06,1.1705e+09,3.7113e-06,1.8240e+07,7.4598e+04,6.6415e+05,6.6360e+05,24.1,74.4,0.3,1.2,5.8614e+29,5.6832e+29,1.7320e+28,5.0000e+26,2.0798e+28,0.0000e+00,97.0,3.0,0.1
352,5.8474e+29,1.4019e+29,4.3587e+29,1.9300e+27,6.7500e+27,9.8840e+28,4.1350e+28,2.3197e+29,2.0390e+29,1.2300e+27,7.0000e+26,3.4000e+27,3.3500e+27,3.5168e+08,1.9597e+06,1.3845e+09,4.2430e-06,1.8037e+07,9.0581e+04,6.6464e+05,6.6416e+05,24.0,74.5,0.3,1.2,5.8454e+29,5.6606e+29,1.8000e+28,4.8000e+26,2.0710e+28,0.0000e+00,96.8,3.1,0.1
353,6.1439e+29,1.4125e+29,4.6437e+29,1.9700e+27,6.8000e+27,9.9150e+28,4.2100e+28,2.4964e+29,2.1473e+29,1.1300e+27,8.4000e+26,3.4000e+27,3.4000e+27,3.4887e+08,2.1717e+06,1.2203e+09,4.8507e-06,1.7378e+07,1.0038e+05,6.6507e+05,6.6465e+05,23.0,75.6,0.3,1.1,6.1325e+29,5.9465e+29,1.8250e+28,3.5000e+26,2.0918e+28,0.0000e+00,97.0,3.0,0.1
354,5.9972e+29,1.3984e+29,4.5133e+29,1.7600e+27,6.7900e+27,9.8130e+28,4.1710e+28,2.3894e+29,2.1239e+29,9.2000e+26,8.4000e+26,3.4600e+27,3.3300e+27,3.4675e+08,1.9794e+06,1.2560e+09,5.5525e-06,1.7029e+07,1.0092e+05,6.6543e+05,6.6507e+05,23.3,75.3,0.3,1.1,6.0138e+29,5.8331e+29,1.7770e+28,3.0000e+26,2.0814e+28,0.0000e+00,97.0,3.0,0.0
355,5.9985e+29,1.3934e+29,4.5166e+29,2.0500e+27,6.8000e+27,9.7260e+28,4.2080e+28,2.4208e+29,2.0958e+29,1.0800e+27,9.7000e+26,3.4200e+27,3.3800e+27,3.4394e+08,2.4116e+06,1.5071e+09,6.3488e-06,1.7210e+07,1.3372e+05,6.6573e+05,6.6543e+05,23.2,75.3,0.3,1.1,5.9956e+29,5.8173e+29,1.7390e+28,4.4000e+26,2.1007e+28,0.0000e+00,97.0,2.9,0.1
356,5.9208e+29,1.3853e+29,4.4476e+29,2.0200e+27,6.7700e+27,9.5950e+28,4.2580e+28,2.3865e+29,2.0611e+29,1.1800e+27,8.4000e+26,3.3500e+27,3.4200e+27,3.4106e+08,2.1659e+06,1.3234e+09,7.2616e-06,1.6857e+07,1.0927e+05,6.6596e+05,6.6573e+05,23.4,75.1,0.3,1.1,5.9190e+29,5.7374e+29,1.7790e+28,3.7000e+26,2.0886e+28,0.0000e+00,96.9,3.0,0.1
357,5.9712e+29,1.4119e+29,4.4727e+29,1.8800e+27,6.7800e+27,9.8820e+28,4.2370e+28,2.4163e+29,2.0564e+29,1.0700e+27,8.1000e+26,3.3200e+27,3.4600e+27,3.3896e+08,2.3147e+06,1.2946e+09,8.2890e-06,1.7374e+07,1.3732e+05,6.6612e+05,6.6596e+05,23.6,74.9,0.3,1.1,5.9714e+29,5.7823e+29,1.8580e+28,3.3000e+26,2.0910e+28,0.0000e+00,96.8,3.1,0.1
358,5.9804e+29,1.3763e+29,4.5149e+29,2.1300e+27,6.7900e+27,9.5490e+28,4.2140e+28,2.4452e+29,2.0697e+29,1.2300e+27,9.0000e+26,3.4300e+27,3.3600e+27,3.3654e+08,1.8385e+06,1.5460e+09,9.6975e-06,1.7412e+07,1.3683e+05,6.6622e+05,6.6612e+05,23.0,75.5,0.4,1.1,5.9825e+29,5.7984e+29,1.7910e+28,5.0000e+26,2.0926e+28,0.0000e+00,96.9,3.0,0.1
359,6.0212e+29,1.3906e+29,4.5432e+29,1.9900e+27,6.7500e+27,9.5850e+28,4.3210e+28,2.4767e+29,2.0665e+29,1.0200e+27,9.7000e+26,3.3700e+27,3.3800e+27,3.3497e+08,2.3121e+06,1.2894e+09,1.1031e-05,1.7083e+07,1.1709e+05,6.6625e+05,6.6622e+05,23.1,75.5,0.3,1.1,6.0067e+29,5.8168e+29,1.8550e+28,4.4000e+26,2.0934e+28,0.0000e+00,96.8,3.1,0.1
