Time_hours,TAA,Exosphere_Total,Surface_Total,Gen_Total,Gen_PSD,Gen_TD,Gen_SWS,Gen_MMV,Loss_Total,Loss_Stuck,Loss_Ionized,Loss_Escaped,Supply_Internal,Trans_Inward
29557.777777777777,0.004613984076968336,3.7079999999999997e+28,3.3312142020276227e+31,4.949000000000012e+28,6.000000000000005e+27,4.299000000000012e+28,1.5000000000000002e+26,3.5e+26,5.024999999999993e+28,4.904999999999993e+28,1.18e+27,2e+25,1.2813938826112553e+27,0.0
29561.555555555555,1.0035978740661449,3.718e+28,3.331954363187234e+31,9.62560000000002e+29,1.1991000000000009e+29,8.314000000000021e+29,4.4600000000000006e+27,6.78999999999999e+27,9.624599999999987e+29,9.382599999999996e+29,2.344e+28,7.600000000000006e+26,2.4894453216448845e+28,0.0
29565.333333333332,2.0024777896696833,3.681e+28,3.3324908107004517e+31,9.63180000000002e+29,1.1780000000000012e+29,8.34510000000002e+29,4.090000000000002e+27,6.77999999999999e+27,9.635499999999988e+29,9.398299999999999e+29,2.282999999999999e+28,8.900000000000004e+26,2.488670602747906e+28,0.0
29569.11111111111,3.001149752583842,3.743e+28,3.3330450145747803e+31,9.583400000000018e+29,1.1713000000000013e+29,8.301700000000013e+29,4.250000000000003e+27,6.78999999999999e+27,9.577199999999996e+29,9.344000000000004e+29,2.2549999999999996e+28,7.700000000000007e+26,2.4871245505938524e+28,0.0
29572.916666666668,4.006850565499008,3.7519999999999996e+28,3.333921349583046e+31,9.762300000000024e+29,1.1862000000000013e+29,8.46410000000002e+29,4.390000000000002e+27,6.80999999999999e+27,9.761399999999983e+29,9.517799999999995e+29,2.3499999999999994e+28,8.600000000000002e+26,2.5030922725694004e+28,0.0
29576.694444444445,5.004794939285603,3.718e+28,3.33478367586269e+31,9.762800000000025e+29,1.1836000000000013e+29,8.472200000000024e+29,3.9200000000000025e+27,6.779999999999991e+27,9.76619999999998e+29,9.522599999999994e+29,2.3520000000000004e+28,8.400000000000007e+26,2.4817388748696293e+28,0.0
29580.472222222223,6.002221622954494,3.863e+28,3.335858282629684e+31,9.871100000000021e+29,1.1803000000000007e+29,8.581700000000024e+29,4.1300000000000037e+27,6.779999999999991e+27,9.856599999999978e+29,9.618699999999986e+29,2.2929999999999995e+28,8.600000000000002e+26,2.47791299120634e+28,0.0
29584.277777777777,7.006355805322528,3.7949999999999997e+28,3.336750648744393e+31,9.738100000000016e+29,1.1977000000000009e+29,8.429400000000019e+29,4.2900000000000026e+27,6.80999999999999e+27,9.744899999999988e+29,9.507799999999996e+29,2.3009999999999993e+28,7.000000000000008e+26,2.4914953557053713e+28,0.0
29588.055555555555,8.002435972621242,3.6280000000000004e+28,3.337693738958309e+31,9.470200000000017e+29,1.1783000000000017e+29,8.18180000000002e+29,4.2600000000000013e+27,6.74999999999999e+27,9.486900000000001e+29,9.247000000000004e+29,2.320999999999999e+28,7.800000000000004e+26,2.4679726486300197e+28,0.0
29591.86111111111,9.005008106069909,3.643e+28,3.338210160317269e+31,9.487700000000019e+29,1.1830000000000014e+29,8.194100000000018e+29,4.2500000000000016e+27,6.80999999999999e+27,9.486200000000005e+29,9.242100000000007e+29,2.348e+28,9.300000000000003e+26,2.479983468077559e+28,0.0
29595.666666666668,10.006642251123594,3.5239999999999997e+28,3.3393531590691696e+31,9.498100000000019e+29,1.1793000000000015e+29,8.211800000000017e+29,3.900000000000003e+27,6.79999999999999e+27,9.510000000000002e+29,9.275900000000001e+29,2.253e+28,8.799999999999999e+26,2.4730849120901242e+28,0.0
29599.472222222223,11.007237818787871,3.675e+28,3.3397913683196094e+31,9.409000000000016e+29,1.169300000000001e+29,8.128600000000014e+29,4.2800000000000035e+27,6.829999999999989e+27,9.39390000000001e+29,9.162200000000006e+29,2.224e+28,9.300000000000003e+26,2.465447699856506e+28,0.0
29603.277777777777,12.006691724029224,3.5709999999999996e+28,3.340534510344681e+31,9.28900000000002e+29,1.1632000000000012e+29,8.015200000000015e+29,4.2800000000000035e+27,6.77999999999999e+27,9.299400000000012e+29,9.072700000000011e+29,2.174e+28,9.300000000000005e+26,2.457099883898094e+28,0.0
29607.083333333332,13.004907008396003,3.5339999999999996e+28,3.341410520463309e+31,9.360900000000019e+29,1.1717000000000016e+29,8.083600000000017e+29,3.840000000000001e+27,6.71999999999999e+27,9.364600000000015e+29,9.137900000000002e+29,2.1750000000000008e+28,9.200000000000007e+26,2.448027060626874e+28,0.0
29610.88888888889,14.001781400720574,3.475e+28,3.3421660490955717e+31,8.999200000000012e+29,1.1663000000000016e+29,7.726200000000006e+29,3.92e+27,6.74999999999999e+27,9.005100000000012e+29,8.781600000000014e+29,2.1320000000000007e+28,1.0300000000000002e+27,2.4382512039513673e+28,0.0
29614.722222222223,15.00448100761787,3.4160000000000004e+28,3.3430070358749264e+31,9.119200000000013e+29,1.177700000000001e+29,7.83430000000001e+29,3.880000000000002e+27,6.83999999999999e+27,9.12510000000002e+29,8.895800000000012e+29,2.158000000000001e+28,1.3500000000000004e+27,2.4454826412914868e+28,0.0
29618.555555555555,16.00562305434778,3.42e+28,3.343596310985887e+31,8.956500000000007e+29,1.1504000000000016e+29,7.698100000000007e+29,4.0600000000000026e+27,6.73999999999999e+27,8.956100000000022e+29,8.73960000000001e+29,2.0620000000000004e+28,1.0300000000000005e+27,2.4341933588153768e+28,0.0
29622.38888888889,17.005112599375934,3.49e+28,3.3445785381585055e+31,8.99210000000001e+29,1.1679000000000012e+29,7.714900000000009e+29,4.18e+27,6.74999999999999e+27,8.985100000000018e+29,8.76500000000001e+29,2.0690000000000003e+28,1.32e+27,2.422230700220615e+28,0.0
29626.222222222223,18.00285225893549,3.307e+28,3.3459139037719155e+31,8.955900000000004e+29,1.1601000000000018e+29,7.689700000000005e+29,3.8300000000000015e+27,6.77999999999999e+27,8.974200000000027e+29,8.762900000000014e+29,2.003000000000001e+28,1.0999999999999998e+27,2.4096099629423675e+28,0.0
29630.083333333332,19.005959042609902,3.224e+28,3.3467683030406874e+31,8.830199999999999e+29,1.160500000000002e+29,7.561099999999996e+29,3.990000000000005e+27,6.869999999999989e+27,8.838500000000013e+29,8.61840000000001e+29,2.0770000000000005e+28,1.2400000000000003e+27,2.413664169920789e+28,0.0
29633.944444444445,20.007098782366484,3.175e+28,3.347792830885781e+31,8.635099999999989e+29,1.1632000000000012e+29,7.362299999999991e+29,4.1400000000000023e+27,6.819999999999988e+27,8.64000000000002e+29,8.420900000000016e+29,2.0369999999999995e+28,1.5399999999999997e+27,2.3995861130547145e+28,0.0
29637.805555555555,21.006181921215102,3.077e+28,3.3486155168456605e+31,8.555599999999997e+29,1.1583000000000006e+29,7.290899999999995e+29,3.84e+27,6.79999999999999e+27,8.565400000000022e+29,8.356700000000025e+29,1.9120000000000004e+28,1.7499999999999995e+27,2.384896549729674e+28,0.0
29641.666666666668,22.00311353141751,3.118e+28,3.349759278512547e+31,8.429899999999995e+29,1.1582000000000017e+29,7.163099999999993e+29,4.0600000000000004e+27,6.79999999999999e+27,8.425800000000024e+29,8.221000000000029e+29,1.824999999999999e+28,2.2299999999999987e+27,2.3696020732180266e+28,0.0
29645.555555555555,23.004953424037012,3.071e+28,3.350771030640538e+31,8.345999999999996e+29,1.1603000000000004e+29,7.075799999999995e+29,4.1300000000000015e+27,6.859999999999989e+27,8.350700000000037e+29,8.135200000000037e+29,1.931000000000001e+28,2.239999999999999e+27,2.370610975447727e+28,0.0
29649.444444444445,24.00443394508602,3.1360000000000003e+28,3.3520610139437544e+31,8.310999999999999e+29,1.1606000000000014e+29,7.043299999999988e+29,3.980000000000001e+27,6.72999999999999e+27,8.30450000000003e+29,8.100200000000039e+29,1.843e+28,1.9999999999999984e+27,2.3539512158978996e+28,0.0
29653.333333333332,25.001460617982048,2.9290000000000004e+28,3.3532862719349254e+31,8.187699999999998e+29,1.141000000000001e+29,6.94169999999999e+29,3.750000000000002e+27,6.74999999999999e+27,8.20840000000004e+29,8.004600000000041e+29,1.8300000000000008e+28,2.0799999999999984e+27,2.3367496727600288e+28,0.0
29657.25,26.003048653217775,2.9270000000000003e+28,3.3544431444522168e+31,8.030799999999991e+29,1.1503000000000009e+29,6.77039999999999e+29,4.260000000000001e+27,6.74999999999999e+27,8.031000000000053e+29,7.831800000000061e+29,1.7510000000000005e+28,2.4099999999999983e+27,2.335532618013715e+28,0.0
29661.166666666668,27.0019799175343,2.763e+28,3.355722839332014e+31,7.901299999999986e+29,1.1529000000000016e+29,6.639199999999987e+29,4.1e+27,6.819999999999991e+27,7.91770000000006e+29,7.717500000000053e+29,1.714999999999999e+28,2.8699999999999983e+27,2.317045920836709e+28,0.0
29665.11111111111,28.00522643509339,2.7849999999999996e+28,3.356960925071444e+31,7.740399999999985e+29,1.1467000000000009e+29,6.48159999999999e+29,4.400000000000002e+27,6.80999999999999e+27,7.738200000000063e+29,7.54290000000006e+29,1.6630000000000002e+28,2.8999999999999996e+27,2.3142956524042085e+28,0.0
29669.055555555555,29.005606455742054,2.5860000000000004e+28,3.358319021552146e+31,7.420999999999984e+29,1.1550000000000002e+29,6.159799999999986e+29,3.7600000000000026e+27,6.859999999999989e+27,7.440900000000064e+29,7.254900000000068e+29,1.5679999999999995e+28,2.9199999999999995e+27,2.2945904336425105e+28,0.0
29673.0,30.003044531214073,2.6150000000000003e+28,3.359568599821575e+31,7.329099999999986e+29,1.1358000000000003e+29,6.086199999999989e+29,3.890000000000003e+27,6.819999999999988e+27,7.326200000000072e+29,7.154200000000065e+29,1.4319999999999993e+28,2.880000000000002e+27,2.2744236354308634e+28,0.0
29676.972222222223,31.0044533078526,2.4050000000000004e+28,3.3606978923499237e+31,7.077099999999994e+29,1.1207000000000008e+29,5.84929999999999e+29,3.870000000000003e+27,6.83999999999999e+27,7.098100000000066e+29,6.921400000000068e+29,1.4109999999999998e+28,3.5600000000000016e+27,2.2696242183626244e+28,0.0
29680.944444444445,32.00271981885089,2.3610000000000005e+28,3.3620663602296184e+31,6.917799999999993e+29,1.1447000000000006e+29,5.667899999999991e+29,3.790000000000004e+27,6.729999999999989e+27,6.922200000000067e+29,6.750500000000067e+29,1.4009999999999995e+28,3.160000000000001e+27,2.2483385774603285e+28,0.0
29684.944444444445,33.00471602220841,2.4090000000000003e+28,3.36320861800432e+31,6.833699999999992e+29,1.1321000000000013e+29,5.59829999999999e+29,3.550000000000001e+27,6.77999999999999e+27,6.828900000000063e+29,6.657600000000066e+29,1.3679999999999997e+28,3.4500000000000023e+27,2.2421667484188836e+28,0.0
29688.944444444445,34.003375284204594,2.3180000000000004e+28,3.364478755123702e+31,6.757899999999993e+29,1.1195000000000014e+29,5.534499999999986e+29,3.6400000000000046e+27,6.749999999999992e+27,6.767000000000068e+29,6.601900000000064e+29,1.2700000000000002e+28,3.810000000000001e+27,2.2198262135068545e+28,0.0
29692.972222222223,35.00552557374431,2.172e+28,3.365910753514082e+31,6.616199999999989e+29,1.1254000000000005e+29,5.38279999999999e+29,3.9300000000000017e+27,6.869999999999989e+27,6.630800000000061e+29,6.46210000000006e+29,1.323e+28,3.640000000000001e+27,2.212323915585277e+28,0.0
29697.0,36.00414959593218,2.1120000000000004e+28,3.3671761375199374e+31,6.342799999999992e+29,1.1186000000000008e+29,5.116099999999992e+29,3.9600000000000024e+27,6.849999999999991e+27,6.348800000000053e+29,6.1919000000000565e+29,1.1820000000000002e+28,3.870000000000002e+27,2.1890084607993725e+28,0.0
29701.055555555555,37.00602931426238,2.1420000000000006e+28,3.3686871001854347e+31,6.276799999999993e+29,1.1520000000000003e+29,5.021199999999994e+29,3.540000000000002e+27,6.81999999999999e+27,6.2738000000000534e+29,6.117800000000049e+29,1.1739999999999998e+28,3.860000000000001e+27,2.180253776087581e+28,0.0
29705.11111111111,38.00419875568241,2.1120000000000004e+28,3.3696986370320815e+31,6.099299999999992e+29,1.0859000000000012e+29,4.910899999999988e+29,3.4600000000000036e+27,6.78999999999999e+27,6.1023000000000494e+29,5.9428000000000466e+29,1.1890000000000001e+28,4.0600000000000037e+27,2.1560462369223156e+28,0.0
29709.194444444445,39.005386379531956,2.028e+28,3.371120074619785e+31,6.156999999999989e+29,1.1210000000000011e+29,4.9329999999999934e+29,3.45e+27,6.84999999999999e+27,6.165400000000046e+29,6.006900000000047e+29,1.1680000000000007e+28,4.1700000000000025e+27,2.146104403357422e+28,0.0
29713.277777777777,40.00268691729707,1.931e+28,3.372321697744602e+31,5.8737999999999965e+29,1.1040000000000009e+29,4.665199999999994e+29,3.630000000000003e+27,6.829999999999989e+27,5.8835000000000444e+29,5.728400000000041e+29,1.1260000000000007e+28,4.250000000000001e+27,2.121086191621557e+28,0.0
29717.38888888889,41.0027849822809,1.894e+28,3.3736035373063513e+31,5.818099999999995e+29,1.0992000000000012e+29,4.616699999999994e+29,3.5000000000000024e+27,6.71999999999999e+27,5.821800000000038e+29,5.67420000000004e+29,1.0340000000000004e+28,4.420000000000002e+27,2.110033811864055e+28,0.0
29721.527777777777,42.005535486106965,1.848e+28,3.37502124566113e+31,5.625599999999994e+29,1.1223000000000013e+29,4.3984999999999955e+29,3.580000000000004e+27,6.899999999999988e+27,5.630200000000034e+29,5.485700000000037e+29,1.0060000000000007e+28,4.3900000000000017e+27,2.098286239392119e+28,0.0
29725.666666666668,43.00411472425367,1.7270000000000001e+28,3.3760304577611727e+31,5.499499999999996e+29,1.088200000000001e+29,4.307599999999996e+29,3.620000000000001e+27,6.749999999999993e+27,5.511600000000031e+29,5.363800000000035e+29,9.870000000000004e+27,4.9100000000000004e+27,2.0720444769436077e+28,0.0
29729.833333333332,44.005128244846674,1.794e+28,3.377124821309719e+31,5.468299999999998e+29,1.1051000000000006e+29,4.256999999999996e+29,3.730000000000002e+27,6.88999999999999e+27,5.4616000000000314e+29,5.32220000000003e+29,9.220000000000001e+27,4.7200000000000024e+27,2.0593079698197053e+28,0.0
29734.0,45.001806313835914,1.738e+28,3.37841282783323e+31,5.337699999999992e+29,1.1060000000000006e+29,4.12729999999999e+29,3.3900000000000025e+27,7.049999999999985e+27,5.3433000000000284e+29,5.198100000000029e+29,9.700000000000001e+27,4.820000000000003e+27,2.0324728441787057e+28,0.0
29738.194444444445,46.00070392554244,1.6920000000000002e+28,3.3797090489133063e+31,5.374599999999996e+29,1.0981000000000009e+29,4.1733999999999956e+29,3.4700000000000017e+27,6.839999999999988e+27,5.379200000000029e+29,5.229800000000027e+29,1.003000000000001e+28,4.9100000000000015e+27,2.0188347126044215e+28,0.0
29742.416666666668,47.00168539260085,1.6479999999999999e+28,3.3809486589099442e+31,5.262499999999995e+29,1.0940000000000007e+29,4.0659999999999946e+29,3.3500000000000015e+27,6.89999999999999e+27,5.266900000000025e+29,5.132300000000025e+29,8.97e+27,4.4900000000000035e+27,2.004594623711283e+28,0.0
29746.666666666668,48.004611567426764,1.6180000000000001e+28,3.38218490224939e+31,5.2092999999999945e+29,1.0820000000000007e+29,4.024899999999997e+29,3.440000000000001e+27,6.79999999999999e+27,5.212300000000023e+29,5.075300000000021e+29,8.840000000000002e+27,4.8600000000000036e+27,1.9897776747444604e+28,0.0
29750.916666666668,49.00284454740995,1.622e+28,3.3837890799246424e+31,5.200099999999999e+29,1.1011e+29,3.998199999999995e+29,3.310000000000001e+27,6.769999999999991e+27,5.1997000000000226e+29,5.062100000000024e+29,9.100000000000003e+27,4.6600000000000016e+27,1.9616676379706677e+28,0.0
29755.194444444445,50.002822641674356,1.5930000000000001e+28,3.384707149282059e+31,4.954299999999995e+29,1.0785000000000003e+29,3.773899999999999e+29,3.300000000000003e+27,6.889999999999988e+27,4.9572000000000146e+29,4.826600000000018e+29,8.380000000000004e+27,4.6800000000000026e+27,1.9461192774969978e+28,0.0
29759.5,51.004414351022206,1.488e+28,3.3860763844651223e+31,4.945899999999996e+29,1.0841000000000007e+29,3.7613999999999946e+29,3.249999999999999e+27,6.78999999999999e+27,4.956400000000015e+29,4.827800000000017e+29,8.170000000000004e+27,4.6900000000000034e+27,1.9300492535042192e+28,0.0
29763.805555555555,52.00107477755773,1.5400000000000001e+28,3.3873620968223727e+31,4.8890999999999974e+29,1.0755000000000002e+29,3.709899999999996e+29,3.5000000000000013e+27,6.869999999999987e+27,4.883900000000011e+29,4.759600000000015e+29,7.69e+27,4.7400000000000035e+27,1.9013179886405623e+28,0.0
29768.166666666668,53.00553487950492,1.5109999999999998e+28,3.3886102410722547e+31,4.859799999999998e+29,1.0796000000000007e+29,3.674399999999997e+29,3.750000000000005e+27,6.82999999999999e+27,4.862700000000012e+29,4.728800000000012e+29,8.159999999999998e+27,5.230000000000005e+27,1.896633912829579e+28,0.0
29772.527777777777,54.004874866488535,1.5479999999999999e+28,3.389826453575346e+31,4.8153999999999994e+29,1.0793999999999998e+29,3.635699999999996e+29,3.139999999999998e+27,6.889999999999988e+27,4.8117000000000084e+29,4.688400000000011e+29,7.739999999999999e+27,4.590000000000002e+27,1.8673530528442886e+28,0.0
29776.916666666668,55.005382798110986,1.48e+28,3.391098253803978e+31,4.762599999999998e+29,1.0808999999999998e+29,3.578199999999998e+29,3.5500000000000014e+27,6.799999999999991e+27,4.769400000000007e+29,4.642500000000013e+29,7.530000000000002e+27,5.160000000000005e+27,1.8498082127803364e+28,0.0
29781.305555555555,56.00065394897865,1.401e+28,3.392217409967289e+31,4.560799999999995e+29,1.0710000000000005e+29,3.390199999999997e+29,3.1999999999999996e+27,6.759999999999991e+27,4.568700000000008e+29,4.446400000000005e+29,7.47e+27,4.7600000000000034e+27,1.8204325702393904e+28,0.0
29785.75,57.00316668173491,1.4460000000000002e+28,3.3933431050966223e+31,4.582099999999998e+29,1.0729000000000004e+29,3.408199999999998e+29,3.15e+27,6.949999999999989e+27,4.577600000000003e+29,4.455700000000005e+29,7.270000000000001e+27,4.920000000000004e+27,1.8137160792657494e+28,0.0
29790.194444444445,58.00026458011598,1.391e+28,3.3946402721299887e+31,4.5755999999999994e+29,1.0781000000000002e+29,3.397299999999999e+29,3.130000000000002e+27,6.889999999999988e+27,4.581100000000006e+29,4.459900000000002e+29,7.360000000000003e+27,4.760000000000003e+27,1.7839673841336046e+28,0.0
29794.694444444445,59.00429795129003,1.371e+28,3.395822574609469e+31,4.526700000000001e+29,1.0949000000000006e+29,3.328399999999998e+29,3.3999999999999994e+27,6.939999999999987e+27,4.5287e+29,4.400499999999998e+29,7.640000000000001e+27,5.180000000000002e+27,1.7761878115185886e+28,0.0
29799.194444444445,60.0027540685569,1.33e+28,3.397047834316352e+31,4.567599999999999e+29,1.0704000000000004e+29,3.3955999999999976e+29,3.3800000000000017e+27,6.779999999999987e+27,4.571700000000002e+29,4.4536e+29,6.929999999999999e+27,4.8800000000000024e+27,1.7461540893649218e+28,0.0
29803.722222222223,61.00173500668643,1.388e+28,3.3983740294627454e+31,4.621100000000002e+29,1.0847000000000006e+29,3.4379e+29,2.96e+27,6.889999999999987e+27,4.615300000000004e+29,4.498700000000001e+29,7.200000000000001e+27,4.460000000000001e+27,1.7268917566378283e+28,0.0
29808.277777777777,62.00112468513362,1.3590000000000001e+28,3.399699928633737e+31,4.5402999999999995e+29,1.0825e+29,3.351999999999999e+29,3.7000000000000017e+27,6.879999999999989e+27,4.543199999999998e+29,4.4235000000000005e+29,6.999999999999998e+27,4.970000000000002e+27,1.7073498136689295e+28,0.0
29812.86111111111,63.00081937842879,1.274e+28,3.400667484740227e+31,4.3452999999999974e+29,1.0604000000000002e+29,3.187100000000002e+29,2.8999999999999996e+27,6.879999999999988e+27,4.353799999999997e+29,4.240599999999997e+29,6.400000000000001e+27,4.920000000000002e+27,1.687571798957833e+28,0.0
29817.472222222223,64.00070868425337,1.1990000000000003e+28,3.401453832389366e+31,4.204400000000002e+29,1.0669000000000003e+29,3.0378999999999984e+29,3.1299999999999985e+27,6.82999999999999e+27,4.211899999999993e+29,4.0953999999999954e+29,6.740000000000001e+27,4.9100000000000026e+27,1.667559072657068e+28,0.0
29822.11111111111,65.00068511882,1.338e+28,3.402769026378169e+31,4.3415e+29,1.1109000000000008e+29,3.131799999999999e+29,3.0400000000000007e+27,6.839999999999989e+27,4.327599999999993e+29,4.215199999999994e+29,6.660000000000003e+27,4.580000000000001e+27,1.6473524880211725e+28,0.0
29826.777777777777,66.00064637813011,1.27e+28,3.404176354953593e+31,4.3978000000000006e+29,1.0864000000000004e+29,3.2103e+29,3.3000000000000003e+27,6.809999999999989e+27,4.404599999999996e+29,4.289299999999995e+29,6.410000000000003e+27,5.120000000000006e+27,1.626958757365235e+28,0.0
29831.472222222223,67.00049104378922,1.2870000000000002e+28,3.4054796255745815e+31,4.3604999999999995e+29,1.0844999999999998e+29,3.172000000000001e+29,3.550000000000001e+27,6.849999999999989e+27,4.358799999999995e+29,4.239299999999991e+29,7.010000000000001e+27,4.940000000000003e+27,1.6064104969646238e+28,0.0
29836.194444444445,68.00012067072475,1.259e+28,3.4066193347749187e+31,4.267800000000001e+29,1.0935000000000013e+29,3.0737e+29,3.200000000000003e+27,6.859999999999988e+27,4.270599999999994e+29,4.155699999999994e+29,6.510000000000001e+27,4.979999999999998e+27,1.5857216013836384e+28,0.0
29840.972222222223,69.00526629947035,1.216e+28,3.4080756002518673e+31,4.3491000000000004e+29,1.1152000000000002e+29,3.1295000000000007e+29,3.540000000000003e+27,6.899999999999989e+27,4.353399999999997e+29,4.237299999999996e+29,6.330000000000002e+27,5.280000000000003e+27,1.5739839264106226e+28,0.0
29845.75,70.00414846010699,1.248e+28,3.4092867496640433e+31,4.260099999999998e+29,1.1079000000000007e+29,3.0510000000000005e+29,3.2400000000000017e+27,6.879999999999989e+27,4.256899999999991e+29,4.144899999999994e+29,6.200000000000001e+27,5.000000000000001e+27,1.5438461102561317e+28,0.0
29850.555555555555,71.00253102739589,1.233e+28,3.410415349475022e+31,4.251400000000002e+29,1.1121000000000013e+29,3.0387000000000026e+29,3.220000000000002e+27,6.83999999999999e+27,4.252899999999995e+29,4.137899999999994e+29,6.300000000000003e+27,5.200000000000003e+27,1.5228745473301565e+28,0.0
29855.38888888889,72.00033255760445,1.2000000000000001e+28,3.411502677878775e+31,4.195100000000004e+29,1.1178000000000007e+29,2.9765000000000008e+29,3.1900000000000016e+27,6.889999999999991e+27,4.198399999999993e+29,4.0856999999999946e+29,6.04e+27,5.230000000000004e+27,1.501850590336281e+28,0.0
29860.277777777777,73.00314130991956,1.1760000000000002e+28,3.4126780384161124e+31,4.247400000000001e+29,1.1318000000000009e+29,3.0121999999999996e+29,3.4500000000000006e+27,6.889999999999991e+27,4.2497999999999926e+29,4.1367999999999916e+29,6.360000000000004e+27,4.9400000000000044e+27,1.4891682467004964e+28,0.0
29865.194444444445,74.0051264018839,1.188e+28,3.413883640563104e+31,4.240500000000003e+29,1.1423000000000006e+29,2.9997000000000007e+29,2.9699999999999996e+27,6.87999999999999e+27,4.239299999999992e+29,4.130499999999994e+29,5.880000000000002e+27,5.000000000000005e+27,1.4677555427936802e+28,0.0
29870.11111111111,75.00059929960116,1.098e+28,3.4150111378375206e+31,4.1248000000000025e+29,1.1119000000000007e+29,2.9123999999999993e+29,3.2499999999999997e+27,6.799999999999993e+27,4.1337999999999935e+29,4.028499999999991e+29,5.470000000000005e+27,5.060000000000006e+27,1.4383071535560203e+28,0.0
29875.083333333332,76.00072599319174,1.1299999999999999e+28,3.4160007428947747e+31,4.1350999999999996e+29,1.1280000000000005e+29,2.9082000000000002e+29,3.0099999999999995e+27,6.879999999999992e+27,4.131899999999992e+29,4.022399999999989e+29,6.199999999999998e+27,4.750000000000005e+27,1.4251409623339223e+28,0.0
29880.11111111111,77.00532652080892,1.1730000000000002e+28,3.4170302764153346e+31,4.154400000000004e+29,1.1334000000000017e+29,2.9218000000000025e+29,3.0700000000000014e+27,6.849999999999993e+27,4.150099999999993e+29,4.04609999999999e+29,6.120000000000006e+27,4.2800000000000007e+27,1.411521550667508e+28,0.0
29885.13888888889,78.00322421159217,1.0800000000000001e+28,3.4181208813027466e+31,4.135100000000001e+29,1.1404000000000005e+29,2.8941000000000008e+29,3.26e+27,6.799999999999997e+27,4.144399999999991e+29,4.039199999999989e+29,5.650000000000002e+27,4.8700000000000016e+27,1.3823706502956565e+28,0.0
29890.222222222223,79.00537633706335,1.0640000000000002e+28,3.419205470738059e+31,4.0647000000000004e+29,1.1519000000000012e+29,2.810600000000001e+29,3.36e+27,6.859999999999996e+27,4.066299999999993e+29,3.9607999999999925e+29,5.870000000000001e+27,4.680000000000005e+27,1.3685859809480716e+28,0.0
29895.305555555555,80.00076723960683,1.117e+28,3.419999935833442e+31,4.022500000000001e+29,1.1512000000000011e+29,2.7742999999999994e+29,2.899999999999999e+27,6.799999999999996e+27,4.0171999999999916e+29,3.916699999999991e+29,5.480000000000002e+27,4.5700000000000016e+27,1.3399278628914727e+28,0.0
29900.444444444445,81.00021328628645,1.066e+28,3.420982318963177e+31,4.004900000000002e+29,1.1786000000000013e+29,2.7268000000000015e+29,3.0800000000000006e+27,6.869999999999996e+27,4.00999999999999e+29,3.903699999999989e+29,5.870000000000001e+27,4.760000000000006e+27,1.3260311379432509e+28,0.0
29905.63888888889,82.00353314367294,1.0800000000000001e+28,3.421939198993274e+31,4.011700000000001e+29,1.1637000000000008e+29,2.744300000000001e+29,3.5300000000000026e+27,6.840000000000001e+27,4.0102999999999905e+29,3.90639999999999e+29,5.550000000000005e+27,4.840000000000005e+27,1.311802741961358e+28,0.0
29910.86111111111,83.00525874460982,1.0970000000000001e+28,3.4228332686817914e+31,4.1133e+29,1.169800000000001e+29,2.843500000000002e+29,3.1600000000000025e+27,6.839999999999999e+27,4.1115999999999896e+29,4.008099999999989e+29,5.640000000000004e+27,4.710000000000003e+27,1.290486917167603e+28,0.0
29916.083333333332,84.00005947128193,1.063e+28,3.4239407484578135e+31,4.092300000000001e+29,1.1785000000000011e+29,2.8133000000000016e+29,3.31e+27,6.739999999999999e+27,4.095699999999994e+29,3.994599999999992e+29,5.680000000000007e+27,4.430000000000003e+27,1.2626821397334408e+28,0.0
29921.38888888889,85.00369947759827,9.84e+27,3.425011725175653e+31,4.119700000000003e+29,1.2114000000000012e+29,2.801500000000001e+29,3.660000000000002e+27,7.019999999999999e+27,4.127599999999988e+29,4.023299999999989e+29,5.590000000000008e+27,4.8400000000000037e+27,1.2549894329851519e+28,0.0
29926.694444444445,86.00031383804162,1.039e+28,3.4257108168455764e+31,4.085699999999998e+29,1.2126000000000013e+29,2.7726000000000007e+29,3.1500000000000017e+27,6.900000000000001e+27,4.080199999999991e+29,3.978899999999987e+29,5.400000000000006e+27,4.730000000000005e+27,1.2275556614945082e+28,0.0
29932.055555555555,87.00029284598168,9.94e+27,3.42646588801682e+31,4.071100000000003e+29,1.2254000000000007e+29,2.7423000000000032e+29,3.460000000000003e+27,6.88e+27,4.0755999999999904e+29,3.974499999999991e+29,5.170000000000006e+27,4.9400000000000055e+27,1.2131805365429406e+28,0.0
29937.472222222223,88.00348455375752,1.024e+28,3.4273053854945e+31,4.1013999999999994e+29,1.2340000000000005e+29,2.7646000000000007e+29,3.350000000000002e+27,6.930000000000004e+27,4.098399999999989e+29,3.999099999999993e+29,5.220000000000005e+27,4.7100000000000055e+27,1.1986053018830604e+28,0.0
29942.916666666668,89.00464595278572,1.0149999999999998e+28,3.4282458774021198e+31,4.134500000000002e+29,1.252500000000001e+29,2.7771000000000007e+29,3.4999999999999996e+27,6.989999999999998e+27,4.135399999999991e+29,4.035499999999993e+29,5.060000000000001e+27,4.930000000000008e+27,1.177907135097703e+28,0.0
29948.38888888889,90.00374751841355,1.046e+28,3.429063529838132e+31,4.143500000000001e+29,1.2567000000000008e+29,2.7842000000000008e+29,3.280000000000003e+27,6.980000000000002e+27,4.140399999999992e+29,4.046699999999993e+29,4.920000000000006e+27,4.450000000000005e+27,1.1574542569815752e+28,0.0
29953.88888888889,91.00075155739069,9.959999999999999e+27,3.4303708758481235e+31,4.2943e+29,1.2930000000000014e+29,2.9012000000000012e+29,3.170000000000002e+27,6.840000000000004e+27,4.2992999999999856e+29,4.201999999999989e+29,5.300000000000007e+27,4.4300000000000026e+27,1.1372549066848129e+28,0.0
29959.444444444445,92.00061366183581,1.088e+28,3.4314402627753266e+31,4.352200000000002e+29,1.3076000000000014e+29,2.9430999999999988e+29,3.270000000000004e+27,6.880000000000004e+27,4.342999999999991e+29,4.249499999999992e+29,5.240000000000001e+27,4.110000000000004e+27,1.1228658236002005e+28,0.0
29965.055555555555,93.00319064866017,1.0440000000000001e+28,3.432172157543846e+31,4.343599999999997e+29,1.3006000000000015e+29,2.9371999999999993e+29,3.620000000000003e+27,6.960000000000003e+27,4.347999999999987e+29,4.2465999999999895e+29,5.400000000000006e+27,4.740000000000006e+27,1.108369921152756e+28,0.0
29970.694444444445,94.0034483699983,1.017e+28,3.4328223588621304e+31,4.3320999999999965e+29,1.3200000000000021e+29,2.9065999999999997e+29,3.6100000000000045e+27,6.940000000000007e+27,4.334799999999991e+29,4.2309999999999924e+29,5.830000000000006e+27,4.5500000000000044e+27,1.088483106159872e+28,0.0
29976.36111111111,95.00136483396727,9.86e+27,3.433814702659122e+31,4.377700000000001e+29,1.3466000000000007e+29,2.9317999999999986e+29,3.000000000000002e+27,6.930000000000006e+27,4.380799999999989e+29,4.28339999999999e+29,5.800000000000008e+27,3.940000000000004e+27,1.0688934385723383e+28,0.0
29982.083333333332,96.00176211385042,1.0490000000000003e+28,3.434698652426342e+31,4.490399999999997e+29,1.3556000000000013e+29,3.0308e+29,3.490000000000002e+27,6.910000000000009e+27,4.4840999999999926e+29,4.3852999999999876e+29,6.000000000000005e+27,3.880000000000004e+27,1.0546643523556177e+28,0.0
29987.86111111111,97.00451614856138,1.0620000000000002e+28,3.4349894584588933e+31,4.437099999999998e+29,1.353100000000002e+29,2.9777000000000006e+29,3.690000000000003e+27,6.940000000000004e+27,4.4357999999999896e+29,4.333399999999991e+29,5.64000000000001e+27,4.6000000000000056e+27,1.0403950698390548e+28,0.0
29993.666666666668,98.0047458769186,1.091e+28,3.4361499281464536e+31,4.6593999999999975e+29,1.3997000000000018e+29,3.1532999999999994e+29,3.6600000000000024e+27,6.980000000000004e+27,4.656499999999989e+29,4.557199999999991e+29,5.530000000000002e+27,4.4000000000000036e+27,1.0212673533122228e+28,0.0
29999.5,99.00244348172237,1.0670000000000002e+28,3.4366947997178932e+31,4.5754999999999994e+29,1.3946000000000022e+29,3.0767999999999986e+29,3.530000000000003e+27,6.88000000000001e+27,4.5778999999999836e+29,4.479399999999987e+29,5.520000000000003e+27,4.3300000000000047e+27,1.0024723401086136e+28,0.0
30005.38888888889,100.00229916537592,1.02e+28,3.4372360588598155e+31,4.510399999999995e+29,1.4119000000000017e+29,2.992099999999998e+29,3.730000000000004e+27,6.910000000000012e+27,4.515099999999992e+29,4.4194999999999905e+29,5.540000000000003e+27,4.020000000000004e+27,9.886134316725214e+27,0.0
30011.333333333332,101.00420952465356,1.11e+28,3.4384532773821375e+31,4.719899999999998e+29,1.4784000000000007e+29,3.135600000000002e+29,3.750000000000002e+27,6.840000000000011e+27,4.7108999999999874e+29,4.613299999999988e+29,5.390000000000003e+27,4.3700000000000045e+27,9.747686174530916e+27,0.0
30017.305555555555,102.00344379278431,1.006e+28,3.438994217196801e+31,4.6179999999999956e+29,1.4506000000000016e+29,3.0626999999999988e+29,3.5500000000000047e+27,6.920000000000015e+27,4.62839999999999e+29,4.532899999999988e+29,5.410000000000007e+27,4.1400000000000067e+27,9.565523411996154e+27,0.0
30023.305555555555,103.00000611698579,1.0250000000000002e+28,3.439603645844104e+31,4.6821e+29,1.479200000000002e+29,3.0978999999999967e+29,3.6200000000000014e+27,6.880000000000014e+27,4.6801999999999896e+29,4.582899999999992e+29,5.800000000000001e+27,3.930000000000002e+27,9.386902914868318e+27,0.0
30029.38888888889,104.00302981378627,1.0430000000000003e+28,3.440101414865231e+31,4.765199999999995e+29,1.502700000000003e+29,3.1561999999999972e+29,3.6500000000000054e+27,6.980000000000015e+27,4.763399999999987e+29,4.6645999999999855e+29,5.830000000000004e+27,4.0500000000000023e+27,9.295665907115978e+27,0.0
30035.5,105.00326311803292,1.077e+28,3.440623556327256e+31,4.8045999999999974e+29,1.5221000000000014e+29,3.177199999999998e+29,3.570000000000001e+27,6.960000000000017e+27,4.80119999999999e+29,4.702099999999987e+29,6.120000000000006e+27,3.7900000000000044e+27,9.120142061878217e+27,0.0
30041.63888888889,106.00071910112183,1.0160000000000001e+28,3.441165331848758e+31,4.876300000000001e+29,1.5409000000000026e+29,3.228499999999999e+29,3.85e+27,6.840000000000016e+27,4.882399999999992e+29,4.7807999999999874e+29,5.910000000000008e+27,4.2500000000000066e+27,8.948267586102097e+27,0.0
30047.86111111111,107.00434556584969,1.099e+28,3.4419647173005973e+31,5.0712e+29,1.595500000000002e+29,3.362499999999996e+29,4.300000000000005e+27,7.020000000000017e+27,5.062899999999989e+29,4.963199999999988e+29,5.900000000000005e+27,4.070000000000005e+27,8.858187278127353e+27,0.0
30054.083333333332,108.00067090760876,1.0580000000000001e+28,3.442288834206652e+31,5.109e+29,1.568100000000002e+29,3.426999999999997e+29,4.450000000000005e+27,6.940000000000018e+27,5.1130999999999884e+29,5.0132999999999884e+29,5.580000000000005e+27,4.4000000000000025e+27,8.651737890266205e+27,0.0
30060.38888888889,109.00300923294981,1.091e+28,3.443004489885746e+31,5.280899999999999e+29,1.6544000000000014e+29,3.513099999999997e+29,4.390000000000006e+27,6.950000000000018e+27,5.277599999999991e+29,5.175799999999985e+29,6.070000000000001e+27,4.110000000000004e+27,8.563578566367576e+27,0.0
30066.722222222223,110.002461861749,1.112e+28,3.443470211491396e+31,5.2782000000000066e+29,1.6482000000000023e+29,3.5165999999999946e+29,4.3600000000000037e+27,6.980000000000017e+27,5.276099999999995e+29,5.1724999999999934e+29,6.080000000000009e+27,4.280000000000005e+27,8.400997695356417e+27,0.0
30073.11111111111,111.00339427630479,1.111e+28,3.4442377521573577e+31,5.391700000000002e+29,1.6951000000000017e+29,3.5830999999999965e+29,4.360000000000003e+27,6.990000000000022e+27,5.3917999999999934e+29,5.291099999999989e+29,6.410000000000007e+27,3.6600000000000007e+27,8.277763109601657e+27,0.0
30079.527777777777,112.00143311978354,1.101e+28,3.444656917101751e+31,5.361600000000004e+29,1.7043000000000014e+29,3.546699999999999e+29,4.100000000000005e+27,6.960000000000021e+27,5.3625999999999905e+29,5.261299999999987e+29,6.530000000000003e+27,3.600000000000004e+27,8.121015779094675e+27,0.0
30086.0,113.00089054796172,1.101e+28,3.4452797674150526e+31,5.488000000000001e+29,1.732800000000002e+29,3.639899999999992e+29,4.5900000000000054e+27,6.940000000000022e+27,5.4879999999999946e+29,5.388399999999988e+29,5.910000000000007e+27,4.0500000000000045e+27,8.001971825668961e+27,0.0
30092.527777777777,114.00171171313377,1.1980000000000002e+28,3.445479808241136e+31,5.5713e+29,1.753300000000003e+29,3.6996999999999934e+29,4.8800000000000046e+27,6.950000000000021e+27,5.561599999999991e+29,5.4594999999999895e+29,6.380000000000004e+27,3.8300000000000026e+27,7.884293277665861e+27,0.0
30099.11111111111,115.00384496862898,1.201e+28,3.445741769174397e+31,5.6773999999999975e+29,1.7929000000000012e+29,3.765399999999995e+29,4.8900000000000043e+27,7.020000000000023e+27,5.677099999999994e+29,5.578799999999996e+29,5.980000000000002e+27,3.8500000000000036e+27,7.768039899746615e+27,0.0
30105.722222222223,116.00305488468712,1.194e+28,3.4460219540412043e+31,5.798699999999999e+29,1.8227000000000002e+29,3.8530999999999915e+29,5.340000000000008e+27,6.950000000000023e+27,5.7993999999999986e+29,5.69379999999999e+29,6.660000000000007e+27,3.9000000000000076e+27,7.621667286654727e+27,0.0
30112.38888888889,117.00354575072197,1.157e+28,3.446506478226363e+31,5.981499999999994e+29,1.8301000000000002e+29,4.032299999999993e+29,4.970000000000006e+27,6.940000000000023e+27,5.985199999999991e+29,5.878999999999994e+29,6.570000000000005e+27,4.0500000000000056e+27,7.509970608617198e+27,0.0
30119.083333333332,118.00115099819322,1.248e+28,3.446915084539817e+31,6.046799999999995e+29,1.8817000000000014e+29,4.043399999999991e+29,5.200000000000007e+27,6.970000000000024e+27,6.0376999999999924e+29,5.935599999999994e+29,6.460000000000005e+27,3.7500000000000023e+27,7.36965624589342e+27,0.0
30125.833333333332,119.00001505041473,1.208e+28,3.447120643589327e+31,6.099099999999997e+29,1.9192999999999996e+29,4.0577999999999915e+29,5.170000000000009e+27,7.03000000000002e+27,6.103099999999998e+29,5.994599999999999e+29,6.960000000000002e+27,3.890000000000004e+27,7.262590381419221e+27,0.0
30132.63888888889,120.00010627741085,1.23e+28,3.447081558811008e+31,6.177899999999996e+29,1.9380999999999998e+29,4.120799999999991e+29,4.9400000000000077e+27,6.960000000000023e+27,6.175699999999992e+29,6.06519999999999e+29,7.420000000000006e+27,3.6300000000000033e+27,7.157194642086249e+27,0.0
30139.5,121.00139781000053,1.276e+28,3.447190308872133e+31,6.296499999999995e+29,1.9718000000000006e+29,4.203199999999993e+29,5.100000000000007e+27,7.050000000000023e+27,6.291899999999992e+29,6.1860999999999954e+29,7.01000000000001e+27,3.570000000000004e+27,7.053497652038821e+27,0.0
30146.416666666668,122.00386110666386,1.1930000000000002e+28,3.447330665158882e+31,6.468799999999993e+29,2.0106000000000008e+29,4.327299999999993e+29,5.990000000000009e+27,7.100000000000023e+27,6.477099999999993e+29,6.364599999999995e+29,7.180000000000008e+27,4.0700000000000023e+27,6.951585470175493e+27,0.0
30153.36111111111,123.00349078665113,1.316e+28,3.4473410849249837e+31,6.624199999999995e+29,2.0163999999999996e+29,4.473100000000001e+29,6.450000000000001e+27,7.020000000000023e+27,6.611900000000001e+29,6.503199999999998e+29,7.150000000000006e+27,3.7200000000000027e+27,6.824474686576048e+27,0.0
30160.333333333332,124.00035124939313,1.3560000000000001e+28,3.447565957547785e+31,6.757599999999997e+29,2.0785999999999997e+29,4.545499999999997e+29,6.330000000000011e+27,7.020000000000024e+27,6.753599999999994e+29,6.643499999999998e+29,7.120000000000008e+27,3.8900000000000057e+27,6.700987909028271e+27,0.0
30167.38888888889,125.00237157977244,1.291e+28,3.4476913647375202e+31,6.905099999999996e+29,2.0981999999999994e+29,4.672799999999999e+29,6.440000000000007e+27,6.970000000000024e+27,6.911600000000001e+29,6.7932e+29,7.820000000000007e+27,4.020000000000007e+27,6.632731111721869e+27,0.0
30174.472222222223,126.00164901293738,1.2810000000000001e+28,3.447968498835387e+31,7.067400000000003e+29,2.151100000000001e+29,4.7851999999999994e+29,6.070000000000008e+27,7.040000000000022e+27,7.068400000000007e+29,6.958000000000008e+29,7.400000000000003e+27,3.640000000000006e+27,6.51407444792464e+27,0.0
30181.61111111111,127.00213373334464,1.277e+28,3.4480953739219897e+31,7.168399999999998e+29,2.1742999999999992e+29,4.859199999999997e+29,6.470000000000016e+27,7.020000000000022e+27,7.168800000000008e+29,7.058600000000008e+29,7.400000000000006e+27,3.6200000000000075e+27,6.423674374271879e+27,0.0
30188.805555555555,128.0038253971079,1.4169999999999999e+28,3.4485802284790515e+31,7.423199999999998e+29,2.230799999999999e+29,5.041399999999996e+29,8.050000000000007e+27,7.050000000000024e+27,7.40920000000001e+29,7.290400000000008e+29,7.780000000000006e+27,4.100000000000005e+27,6.33516199857244e+27,0.0
30196.027777777777,129.00288985829502,1.3889999999999999e+28,3.448432575833713e+31,7.507700000000004e+29,2.231200000000001e+29,5.130599999999991e+29,7.600000000000006e+27,6.990000000000027e+27,7.510500000000013e+29,7.395400000000016e+29,7.68e+27,3.830000000000004e+27,6.22487877899398e+27,0.0
30203.305555555555,130.00321290671855,1.4270000000000002e+28,3.4483887245316007e+31,7.7069e+29,2.2962999999999985e+29,5.261399999999992e+29,8.030000000000009e+27,6.890000000000024e+27,7.703100000000013e+29,7.582000000000015e+29,7.980000000000006e+27,4.130000000000002e+27,6.141224545899154e+27,0.0
30210.61111111111,131.00101790884491,1.4520000000000002e+28,3.4484785007825285e+31,7.909099999999988e+29,2.329499999999999e+29,5.435499999999986e+29,7.36e+27,7.050000000000023e+27,7.906600000000011e+29,7.781200000000017e+29,8.560000000000005e+27,3.980000000000004e+27,6.036763870293177e+27,0.0
30217.972222222223,132.00014552717857,1.47e+28,3.448420469969269e+31,8.046099999999989e+29,2.358099999999998e+29,5.5398999999999845e+29,7.790000000000003e+27,7.020000000000026e+27,8.04430000000001e+29,7.920200000000016e+29,8.680000000000004e+27,3.7300000000000057e+27,5.957862716179119e+27,0.0
30225.38888888889,133.0006084039951,1.4520000000000002e+28,3.448638744389189e+31,8.261299999999978e+29,2.412e+29,5.692599999999984e+29,8.550000000000015e+27,7.120000000000027e+27,8.26310000000001e+29,8.137100000000011e+29,8.490000000000007e+27,4.1100000000000043e+27,5.880868483097724e+27,0.0
30232.86111111111,134.00242270286344,1.615e+28,3.4483560154576714e+31,8.475699999999977e+29,2.4349000000000004e+29,5.866699999999988e+29,1.022000000000001e+28,7.190000000000025e+27,8.459400000000006e+29,8.333700000000007e+29,8.570000000000012e+27,4.000000000000008e+27,5.805805978052724e+27,0.0
30240.36111111111,135.00191871443803,1.567e+28,3.448693948885641e+31,8.70359999999997e+29,2.4893e+29,6.044899999999987e+29,9.840000000000009e+27,7.100000000000027e+27,8.708400000000019e+29,8.577200000000019e+29,8.980000000000003e+27,4.140000000000007e+27,5.711750675485686e+27,0.0
30247.916666666668,136.00285571891618,1.499e+28,3.448635530498653e+31,8.885899999999973e+29,2.5155000000000007e+29,6.194799999999986e+29,1.0629999999999999e+28,6.930000000000029e+27,8.892700000000017e+29,8.750500000000016e+29,9.910000000000003e+27,4.310000000000008e+27,5.64140290715229e+27,0.0
30255.5,137.0016127660956,1.562e+28,3.4487590299527397e+31,9.007599999999967e+29,2.5836000000000013e+29,6.2538999999999866e+29,1.001000000000001e+28,7.000000000000026e+27,9.001300000000023e+29,8.867000000000025e+29,9.340000000000009e+27,4.090000000000009e+27,5.552842450145467e+27,0.0
30263.13888888889,138.00191049539444,1.621e+28,3.4487839851873106e+31,9.228499999999974e+29,2.592300000000002e+29,6.468299999999994e+29,9.710000000000003e+27,7.080000000000026e+27,9.222600000000035e+29,9.097700000000035e+29,8.790000000000007e+27,3.700000000000005e+27,5.48712440834728e+27,0.0
30270.805555555555,139.00017347803532,1.6800000000000002e+28,3.448894670758588e+31,9.52269999999997e+29,2.639500000000001e+29,6.679499999999986e+29,1.3290000000000002e+28,7.080000000000029e+27,9.516800000000049e+29,9.373600000000038e+29,9.890000000000005e+27,4.430000000000005e+27,5.403929366271078e+27,0.0
30278.527777777777,140.00008709319718,1.656e+28,3.4485410431706e+31,9.631699999999987e+29,2.6654999999999975e+29,6.765699999999989e+29,1.298e+28,7.07000000000003e+27,9.634100000000063e+29,9.487900000000058e+29,1.0020000000000006e+28,4.600000000000006e+27,5.342752222944394e+27,0.0
30286.305555555555,141.00168962396947,1.69e+28,3.4474653693760367e+31,9.755899999999985e+29,2.6946e+29,6.862799999999991e+29,1.2770000000000018e+28,7.080000000000025e+27,9.75250000000006e+29,9.603400000000053e+29,1.0370000000000005e+28,4.54000000000001e+27,5.283476561947527e+27,0.0
30294.11111111111,142.00147809465307,1.763e+28,3.447184484083007e+31,1.0093100000000001e+30,2.7573000000000004e+29,7.13229999999999e+29,1.336e+28,6.990000000000028e+27,1.0085800000000075e+30,9.937300000000071e+29,1.0020000000000003e+28,4.8300000000000106e+27,5.20774580201898e+27,0.0
30301.972222222223,143.00308069924995,1.7100000000000001e+28,3.4467835448477195e+31,1.0288800000000006e+30,2.7751999999999985e+29,7.316299999999987e+29,1.2870000000000002e+28,6.86000000000003e+27,1.0294100000000074e+30,1.0147900000000076e+30,1.0070000000000005e+28,4.5500000000000066e+27,5.152915251256865e+27,0.0
30309.86111111111,144.0030395757285,1.845e+28,3.4464705858817677e+31,1.0541600000000015e+30,2.811999999999999e+29,7.500099999999997e+29,1.5759999999999994e+28,7.190000000000029e+27,1.0528100000000074e+30,1.0371200000000079e+30,1.1130000000000005e+28,4.560000000000006e+27,5.082233013769542e+27,0.0
30317.777777777777,145.00145785749737,1.8390000000000002e+28,3.445902005547256e+31,1.0721600000000025e+30,2.8586999999999994e+29,7.620699999999998e+29,1.7189999999999995e+28,7.03000000000003e+27,1.072220000000007e+30,1.056250000000008e+30,1.1050000000000016e+28,4.92000000000001e+27,5.014346934290136e+27,0.0
30325.75,146.00191993807675,1.8819999999999998e+28,3.445469422635114e+31,1.1009500000000017e+30,2.9191e+29,7.852299999999999e+29,1.689999999999999e+28,6.910000000000026e+27,1.1005200000000067e+30,1.0836200000000078e+30,1.1779999999999997e+28,5.12000000000001e+27,4.96633176835515e+27,0.0
30333.75,147.00102328569028,2.002e+28,3.4448523610715026e+31,1.1185000000000008e+30,2.9489e+29,7.995600000000004e+29,1.7070000000000003e+28,6.980000000000026e+27,1.1173000000000063e+30,1.1014800000000071e+30,1.0960000000000014e+28,4.86000000000001e+27,4.903288803177914e+27,0.0
30341.805555555555,148.00232273983147,2.0130000000000003e+28,3.4439947255593284e+31,1.1440700000000005e+30,2.9749999999999975e+29,8.226400000000014e+29,1.683999999999999e+28,7.090000000000033e+27,1.1439600000000059e+30,1.1263000000000071e+30,1.2790000000000004e+28,4.870000000000007e+27,4.8595270228067935e+27,0.0
30349.88888888889,149.00245386726874,2.035e+28,3.4432591366642947e+31,1.1680299999999988e+30,3.0383999999999984e+29,8.359899999999998e+29,2.1299999999999983e+28,6.900000000000028e+27,1.1678100000000065e+30,1.1502100000000068e+30,1.2180000000000007e+28,5.420000000000003e+27,4.8012135004304016e+27,0.0
30358.0,150.00153009016321,2.1470000000000003e+28,3.4427651667133502e+31,1.2004199999999985e+30,3.0764999999999983e+29,8.642699999999997e+29,2.1549999999999987e+28,6.950000000000025e+27,1.199300000000009e+30,1.1806500000000073e+30,1.2900000000000002e+28,5.750000000000012e+27,4.7454792028741513e+27,0.0
30366.166666666668,151.00306632032698,2.14e+28,3.4421490916785946e+31,1.2287599999999968e+30,3.1141999999999972e+29,8.894399999999993e+29,2.087999999999999e+28,7.020000000000032e+27,1.2288300000000096e+30,1.2107400000000086e+30,1.279e+28,5.300000000000014e+27,4.70818347313993e+27,0.0
30374.333333333332,152.00036442303372,2.172e+28,3.4417548110175712e+31,1.2491699999999967e+30,3.147899999999999e+29,9.066999999999991e+29,2.0689999999999977e+28,6.990000000000028e+27,1.2488500000000104e+30,1.2307300000000089e+30,1.292000000000001e+28,5.200000000000008e+27,4.641335431360486e+27,0.0
30382.555555555555,153.00032751768777,2.189e+28,3.4409740840111266e+31,1.2751199999999984e+30,3.1635999999999983e+29,9.291999999999987e+29,2.252999999999999e+28,7.030000000000035e+27,1.274950000000013e+30,1.2567700000000112e+30,1.3310000000000008e+28,4.8700000000000137e+27,4.6085326060813723e+27,0.0
30390.833333333332,154.00303421667832,2.23e+28,3.439776318624576e+31,1.2932899999999986e+30,3.201e+29,9.403799999999986e+29,2.5710000000000008e+28,7.100000000000035e+27,1.2928800000000116e+30,1.272930000000012e+30,1.3950000000000006e+28,6.000000000000014e+27,4.577506354956013e+27,0.0
30399.11111111111,155.0018744211011,2.272e+28,3.438638258356595e+31,1.310870000000001e+30,3.223999999999997e+29,9.56389999999999e+29,2.513e+28,6.950000000000027e+27,1.310450000000013e+30,1.2904900000000125e+30,1.3680000000000017e+28,6.280000000000018e+27,4.5181507799921483e+27,0.0
30407.416666666668,156.00034314061577,2.3620000000000003e+28,3.4379755572514573e+31,1.3425500000000007e+30,3.2890999999999986e+29,9.82039999999999e+29,2.4619999999999994e+28,6.98000000000003e+27,1.3416500000000138e+30,1.3219700000000126e+30,1.39e+28,5.780000000000013e+27,4.4766114762976113e+27,0.0
30415.777777777777,157.001882779492,2.3190000000000002e+28,3.4371023080301495e+31,1.3652300000000023e+30,3.3196999999999985e+29,1.0014700000000011e+30,2.4810000000000016e+28,6.980000000000034e+27,1.3656600000000132e+30,1.345350000000014e+30,1.4949999999999997e+28,5.360000000000012e+27,4.452094162525866e+27,0.0
30424.166666666668,158.00327523803935,2.37e+28,3.435914523270776e+31,1.396450000000002e+30,3.3617999999999975e+29,1.0251600000000011e+30,2.8050000000000003e+28,7.060000000000033e+27,1.3959400000000126e+30,1.3752900000000133e+30,1.4829999999999998e+28,5.82000000000001e+27,4.4148193120766297e+27,0.0
30432.555555555555,159.00134790177253,2.467e+28,3.435354706401317e+31,1.4278000000000022e+30,3.396899999999998e+29,1.0531200000000035e+30,2.804999999999999e+28,6.940000000000033e+27,1.4268300000000144e+30,1.4058000000000137e+30,1.51e+28,5.930000000000009e+27,4.3654498805847364e+27,0.0
30441.0,160.00283813249098,2.429e+28,3.4347066093643224e+31,1.4426800000000015e+30,3.4435999999999986e+29,1.0638800000000035e+30,2.725000000000003e+28,7.190000000000034e+27,1.4430600000000138e+30,1.4223100000000137e+30,1.5160000000000004e+28,5.59000000000001e+27,4.347242628645122e+27,0.0
30449.444444444445,161.00128664858948,2.499e+28,3.43364079934706e+31,1.450620000000001e+30,3.4493999999999985e+29,1.071080000000005e+30,2.751000000000001e+28,7.090000000000033e+27,1.449920000000015e+30,1.4297700000000137e+30,1.4880000000000009e+28,5.270000000000013e+27,4.3026334616105164e+27,0.0
30457.916666666668,162.00012013149626,2.564e+28,3.432759994946429e+31,1.476110000000003e+30,3.4962999999999954e+29,1.0890800000000052e+30,3.0399999999999993e+28,7.000000000000032e+27,1.4754600000000163e+30,1.4546900000000158e+30,1.538999999999999e+28,5.380000000000012e+27,4.274595570065601e+27,0.0
30466.444444444445,163.00273514799937,2.538e+28,3.431788777017992e+31,1.5042800000000032e+30,3.525699999999997e+29,1.113090000000005e+30,3.163000000000006e+28,6.990000000000031e+27,1.5045400000000175e+30,1.482060000000016e+30,1.6219999999999998e+28,6.260000000000013e+27,4.2625376446273867e+27,0.0
30474.972222222223,164.0027295577529,2.521e+28,3.4308054389038382e+31,1.5230400000000028e+30,3.546899999999995e+29,1.1304500000000057e+30,3.0910000000000018e+28,6.990000000000033e+27,1.5232100000000177e+30,1.5015500000000157e+30,1.606000000000001e+28,5.600000000000008e+27,4.2248679800131724e+27,0.0
30483.5,165.0002652179419,2.56e+28,3.429633083251939e+31,1.5300100000000013e+30,3.5754999999999955e+29,1.1352900000000059e+30,3.017000000000001e+28,7.000000000000033e+27,1.5296200000000182e+30,1.507060000000017e+30,1.7059999999999998e+28,5.500000000000011e+27,4.1896880549893757e+27,0.0
30492.083333333332,166.0019764890494,2.706e+28,3.4283192689650447e+31,1.5477000000000044e+30,3.5905999999999955e+29,1.1508800000000058e+30,3.0560000000000014e+28,7.20000000000003e+27,1.5462400000000179e+30,1.524930000000017e+30,1.5919999999999994e+28,5.390000000000009e+27,4.1839250066848974e+27,0.0
30500.666666666668,167.00151458047822,2.7050000000000003e+28,3.4271279927903657e+31,1.567080000000005e+30,3.634099999999997e+29,1.1641500000000052e+30,3.255000000000003e+28,6.970000000000032e+27,1.567090000000019e+30,1.5450100000000192e+30,1.6129999999999982e+28,5.950000000000005e+27,4.153185369530279e+27,0.0
30509.277777777777,168.00226555630434,2.644e+28,3.4261786830283466e+31,1.5913900000000056e+30,3.6551999999999955e+29,1.1845900000000058e+30,3.410000000000001e+28,7.180000000000034e+27,1.5920000000000207e+30,1.5693000000000169e+30,1.6910000000000006e+28,5.79000000000001e+27,4.138124109793848e+27,0.0
30517.88888888889,169.00114913832203,2.644e+28,3.424895112166397e+31,1.5939700000000058e+30,3.6612999999999946e+29,1.1876800000000051e+30,3.313000000000004e+28,7.03000000000003e+27,1.59397000000002e+30,1.5713400000000185e+30,1.706000000000001e+28,5.57000000000001e+27,4.111942129930885e+27,0.0
30526.527777777777,170.0015371992049,2.713e+28,3.4236631755056767e+31,1.6132500000000056e+30,3.7176999999999965e+29,1.2008000000000042e+30,3.372000000000004e+28,6.960000000000032e+27,1.6125600000000195e+30,1.5909500000000183e+30,1.6330000000000002e+28,5.28000000000001e+27,4.101208882000717e+27,0.0
30535.166666666668,171.00036452963923,2.7729999999999996e+28,3.422264808037121e+31,1.6288000000000057e+30,3.7213999999999946e+29,1.214390000000003e+30,3.5089999999999987e+28,7.18000000000003e+27,1.62820000000002e+30,1.6051900000000194e+30,1.7519999999999995e+28,5.490000000000011e+27,4.0794745710157056e+27,0.0
30543.833333333332,172.00099200193745,2.8580000000000003e+28,3.421298976655056e+31,1.6515900000000064e+30,3.7408e+29,1.2355800000000031e+30,3.4890000000000006e+28,7.040000000000034e+27,1.65074000000002e+30,1.6273600000000185e+30,1.7509999999999992e+28,5.870000000000011e+27,4.0730246008692076e+27,0.0
30552.5,173.00036539168832,2.765e+28,3.419836455679471e+31,1.6608200000000085e+30,3.711899999999992e+29,1.2477900000000017e+30,3.474000000000006e+28,7.100000000000029e+27,1.66175000000002e+30,1.638730000000019e+30,1.7510000000000003e+28,5.510000000000006e+27,4.0556728472417295e+27,0.0
30561.194444444445,174.00184068494582,2.786e+28,3.4188732661915544e+31,1.6775300000000084e+30,3.778799999999997e+29,1.2578600000000022e+30,3.477000000000002e+28,7.020000000000033e+27,1.6773200000000194e+30,1.654130000000019e+30,1.7820000000000005e+28,5.370000000000011e+27,4.053483254513022e+27,0.0
30569.88888888889,175.00237039211606,2.8400000000000002e+28,3.4176449918498784e+31,1.6716100000000072e+30,3.7724000000000015e+29,1.2513400000000009e+30,3.614000000000002e+28,6.890000000000029e+27,1.6710700000000197e+30,1.6487300000000195e+30,1.6779999999999978e+28,5.56000000000001e+27,4.040481949097369e+27,0.0
30578.583333333332,176.00211401143315,2.912e+28,3.416218460841945e+31,1.6848000000000065e+30,3.784299999999996e+29,1.2636400000000007e+30,3.5750000000000043e+28,6.980000000000033e+27,1.6840800000000198e+30,1.66141000000002e+30,1.7569999999999997e+28,5.100000000000012e+27,4.02967586863776e+27,0.0
30587.277777777777,177.00122855690552,2.802e+28,3.41522513893224e+31,1.6831400000000076e+30,3.813399999999999e+29,1.259940000000001e+30,3.4870000000000036e+28,6.99000000000003e+27,1.6842400000000187e+30,1.6615800000000193e+30,1.7530000000000009e+28,5.130000000000011e+27,4.0210552094763094e+27,0.0
30596.0,178.00306131638717,2.9170000000000004e+28,3.4140542997306887e+31,1.6986200000000076e+30,3.829199999999996e+29,1.2735200000000014e+30,3.5080000000000024e+28,7.100000000000036e+27,1.6974700000000182e+30,1.6743900000000186e+30,1.8009999999999978e+28,5.070000000000008e+27,4.027410913476863e+27,0.0
30604.694444444445,179.00138882813644,2.834e+28,3.4127231839939754e+31,1.7058800000000077e+30,3.8264999999999995e+29,1.2797899999999989e+30,3.634000000000002e+28,7.100000000000037e+27,1.7067100000000186e+30,1.6832700000000194e+30,1.7879999999999986e+28,5.56000000000001e+27,4.0102889629523794e+27,0.0
30613.416666666668,180.00274854990857,2.8770000000000003e+28,3.4115729694111242e+31,1.721160000000007e+30,3.8525999999999986e+29,1.2931999999999984e+30,3.542e+28,7.280000000000036e+27,1.720730000000018e+30,1.6972800000000188e+30,1.8289999999999985e+28,5.160000000000014e+27,4.020948620118361e+27,0.0
30622.11111111111,181.00091871927543,2.8970000000000005e+28,3.4102473746276803e+31,1.7125500000000065e+30,3.8167e+29,1.286679999999999e+30,3.7040000000000002e+28,7.160000000000036e+27,1.7123500000000175e+30,1.6892200000000182e+30,1.781000000000002e+28,5.320000000000009e+27,4.00814851681816e+27,0.0
30630.833333333332,182.00243674544163,2.96e+28,3.4094012409928453e+31,1.7401000000000085e+30,3.8538000000000006e+29,1.3107799999999987e+30,3.665999999999998e+28,7.280000000000032e+27,1.739470000000017e+30,1.715500000000018e+30,1.8639999999999997e+28,5.330000000000009e+27,4.023129962893951e+27,0.0
30639.527777777777,183.001079449592,2.8680000000000002e+28,3.4074664653754137e+31,1.7009800000000048e+30,3.800700000000005e+29,1.2775999999999978e+30,3.630000000000001e+28,7.010000000000036e+27,1.7019000000000181e+30,1.6784700000000184e+30,1.8049999999999993e+28,5.380000000000013e+27,4.014630165821205e+27,0.0
30648.222222222223,184.00019455157053,2.875e+28,3.4060561493829187e+31,1.7086000000000037e+30,3.866300000000004e+29,1.2783399999999982e+30,3.6610000000000028e+28,7.020000000000032e+27,1.7085300000000183e+30,1.6850300000000186e+30,1.8089999999999996e+28,5.410000000000007e+27,4.0210949320616984e+27,0.0
30656.944444444445,185.0031337874343,2.85e+28,3.404868653245501e+31,1.7308700000000056e+30,3.861899999999999e+29,1.3017499999999977e+30,3.5899999999999987e+28,7.030000000000036e+27,1.731120000000017e+30,1.707940000000018e+30,1.8049999999999993e+28,5.130000000000007e+27,4.0426194194457795e+27,0.0
30665.61111111111,186.0004699418705,2.894e+28,3.403582732534879e+31,1.7294300000000072e+30,3.8189000000000034e+29,1.304449999999998e+30,3.596000000000002e+28,7.130000000000035e+27,1.7289900000000163e+30,1.7053100000000182e+30,1.8219999999999982e+28,5.460000000000012e+27,4.027659351401274e+27,0.0
30674.305555555555,187.0019457931221,2.8740000000000003e+28,3.4018317336420674e+31,1.7202400000000046e+30,3.830000000000002e+29,1.2933899999999972e+30,3.6880000000000007e+28,6.970000000000034e+27,1.7204400000000178e+30,1.6972400000000182e+30,1.8099999999999992e+28,5.10000000000001e+27,4.053560763788186e+27,0.0
30682.972222222223,188.00132048064916,2.875e+28,3.4004178358338798e+31,1.7062200000000046e+30,3.845400000000002e+29,1.2783699999999974e+30,3.631000000000002e+28,7.000000000000033e+27,1.706210000000018e+30,1.6825300000000186e+30,1.846999999999998e+28,5.210000000000012e+27,4.0557766478640156e+27,0.0
30691.63888888889,189.0019499907985,2.8510000000000004e+28,3.3991527072311788e+31,1.7172900000000044e+30,3.8109e+29,1.2941099999999963e+30,3.5e+28,7.090000000000027e+27,1.717530000000017e+30,1.6951000000000174e+30,1.7619999999999994e+28,4.810000000000012e+27,4.0731260000813956e+27,0.0
30700.277777777777,190.00077843249346,2.8670000000000004e+28,3.3981157545590247e+31,1.7127000000000048e+30,3.844700000000006e+29,1.2868399999999962e+30,3.439999999999999e+28,6.990000000000034e+27,1.712540000000016e+30,1.6900400000000173e+30,1.7800000000000006e+28,4.700000000000008e+27,4.0795855267119167e+27,0.0
30708.916666666668,191.00116862697269,2.906e+28,3.3973524868107643e+31,1.7237100000000044e+30,3.8641e+29,1.2953099999999967e+30,3.4909999999999986e+28,7.080000000000036e+27,1.7233200000000163e+30,1.7008200000000166e+30,1.7419999999999991e+28,5.080000000000004e+27,4.1013378145617675e+27,0.0
30717.527777777777,192.00005405068896,2.901e+28,3.3963020242761814e+31,1.705820000000003e+30,3.8224000000000015e+29,1.2813899999999958e+30,3.5080000000000024e+28,7.110000000000037e+27,1.705870000000017e+30,1.683670000000019e+30,1.7259999999999992e+28,4.940000000000011e+27,4.1120758570834894e+27,0.0
30726.13888888889,193.00080598813656,2.9399999999999998e+28,3.3953196640934562e+31,1.7057700000000035e+30,3.832300000000006e+29,1.2794099999999964e+30,3.5970000000000004e+28,7.160000000000035e+27,1.705380000000017e+30,1.682110000000018e+30,1.7959999999999986e+28,5.310000000000009e+27,4.1382754580227995e+27,0.0
30734.722222222223,194.00034788771973,2.8570000000000005e+28,3.3942880146757537e+31,1.7036400000000038e+30,3.789000000000005e+29,1.2824899999999962e+30,3.5230000000000024e+28,7.020000000000032e+27,1.7044700000000167e+30,1.6819500000000176e+30,1.7449999999999998e+28,5.070000000000012e+27,4.153355597176656e+27,0.0
30743.305555555555,195.00206079754662,2.9020000000000003e+28,3.3929421896447285e+31,1.690690000000003e+30,3.769700000000006e+29,1.2722599999999957e+30,3.4489999999999997e+28,6.970000000000032e+27,1.6902400000000173e+30,1.6676300000000182e+30,1.8009999999999985e+28,4.600000000000006e+27,4.184099681604457e+27,0.0
30751.86111111111,196.00285239431105,2.9230000000000004e+28,3.391995978651253e+31,1.692640000000004e+30,3.792000000000003e+29,1.2722799999999954e+30,3.4140000000000046e+28,7.020000000000034e+27,1.6924300000000172e+30,1.6697900000000176e+30,1.7919999999999993e+28,4.7200000000000085e+27,4.203587827598645e+27,0.0
30760.38888888889,197.00285903264376,2.8029999999999997e+28,3.391535566008273e+31,1.6920600000000035e+30,3.786000000000006e+29,1.2705599999999956e+30,3.5770000000000023e+28,7.13000000000003e+27,1.6932600000000168e+30,1.6708100000000177e+30,1.7579999999999993e+28,4.87000000000001e+27,4.225197510473302e+27,0.0
30768.88888888889,198.00221548544232,2.789e+28,3.3907703558887514e+31,1.6759700000000035e+30,3.745000000000004e+29,1.2606499999999962e+30,3.3740000000000054e+28,7.080000000000032e+27,1.676110000000018e+30,1.6539500000000184e+30,1.730999999999999e+28,4.8500000000000094e+27,4.248938502370113e+27,0.0
30777.36111111111,199.0010531439366,2.808e+28,3.3896566508383373e+31,1.6579600000000013e+30,3.7407000000000046e+29,1.2429199999999969e+30,3.3760000000000043e+28,7.210000000000031e+27,1.6577700000000162e+30,1.6353100000000168e+30,1.74e+28,5.060000000000006e+27,4.274834384727871e+27,0.0
30785.833333333332,200.00279424886776,2.835e+28,3.3883538454089743e+31,1.646290000000002e+30,3.735800000000003e+29,1.2322699999999971e+30,3.3380000000000035e+28,7.060000000000034e+27,1.646020000000019e+30,1.6237800000000196e+30,1.7269999999999995e+28,4.970000000000007e+27,4.317115098257074e+27,0.0
30794.25,201.000999319298,2.701e+28,3.38688326314407e+31,1.622120000000002e+30,3.6727000000000015e+29,1.2141799999999987e+30,3.3499999999999982e+28,7.170000000000034e+27,1.6234600000000194e+30,1.6009100000000192e+30,1.7169999999999994e+28,5.380000000000006e+27,4.3332719113342935e+27,0.0
30802.666666666668,202.002386256524,2.731e+28,3.3859285002939235e+31,1.633790000000002e+30,3.6810000000000045e+29,1.2253799999999981e+30,3.3230000000000003e+28,7.080000000000031e+27,1.6334900000000185e+30,1.6113700000000177e+30,1.6959999999999981e+28,5.160000000000007e+27,4.3802681721324026e+27,0.0
30811.027777777777,203.00047348236694,2.762e+28,3.3852318537912286e+31,1.626250000000002e+30,3.647900000000002e+29,1.221979999999997e+30,3.250000000000002e+28,6.980000000000031e+27,1.6259400000000184e+30,1.6038300000000185e+30,1.6590000000000007e+28,5.520000000000012e+27,4.400576773002481e+27,0.0
30819.38888888889,204.0020192566535,2.775e+28,3.384712805517253e+31,1.6191100000000005e+30,3.6366000000000016e+29,1.2173099999999982e+30,3.109000000000002e+28,7.050000000000032e+27,1.6189800000000183e+30,1.5978600000000165e+30,1.6149999999999994e+28,4.970000000000007e+27,4.4523998630588425e+27,0.0
30827.694444444445,205.0004928162789,2.5409999999999997e+28,3.3840127463846123e+31,1.5904399999999998e+30,3.570500000000003e+29,1.1951699999999987e+30,3.117000000000001e+28,7.050000000000036e+27,1.5927800000000186e+30,1.5715200000000165e+30,1.5909999999999998e+28,5.35000000000001e+27,4.4769488173731546e+27,0.0
30836.0,206.00269738397947,2.688e+28,3.382841429066179e+31,1.5746900000000003e+30,3.5571e+29,1.1802199999999994e+30,3.173000000000003e+28,7.030000000000028e+27,1.5732200000000174e+30,1.5521700000000165e+30,1.5689999999999996e+28,5.360000000000008e+27,4.5337460413457446e+27,0.0
30844.25,207.0020511042585,2.684e+28,3.3819732311735933e+31,1.55711e+30,3.549100000000002e+29,1.1644099999999999e+30,3.0770000000000002e+28,7.020000000000032e+27,1.55715000000002e+30,1.5367300000000195e+30,1.5109999999999987e+28,5.310000000000008e+27,4.5625982946137527e+27,0.0
30852.472222222223,208.00202007325515,2.548e+28,3.381570463595733e+31,1.5524399999999998e+30,3.538900000000003e+29,1.1613900000000002e+30,3.0120000000000037e+28,7.040000000000032e+27,1.553800000000019e+30,1.5332900000000177e+30,1.520999999999999e+28,5.300000000000005e+27,4.608896995271792e+27,0.0
30860.666666666668,209.0027257094307,2.458e+28,3.3809202138628465e+31,1.528679999999999e+30,3.506300000000001e+29,1.1417000000000009e+30,2.9290000000000013e+28,7.060000000000036e+27,1.5295800000000188e+30,1.5090800000000166e+30,1.543000000000001e+28,5.07000000000001e+27,4.657631677284775e+27,0.0
30868.805555555555,210.00086880476738,2.53e+28,3.380020322932669e+31,1.5092499999999997e+30,3.4862000000000024e+29,1.1242600000000015e+30,2.9290000000000017e+28,7.080000000000031e+27,1.5085300000000173e+30,1.4879700000000154e+30,1.5199999999999992e+28,5.360000000000011e+27,4.6926808749147395e+27,0.0
30876.944444444445,211.00338325726625,2.533e+28,3.3789761803890233e+31,1.4996399999999988e+30,3.4312e+29,1.1202700000000015e+30,2.9310000000000023e+28,6.940000000000031e+27,1.4996100000000166e+30,1.478200000000015e+30,1.5950000000000012e+28,5.460000000000005e+27,4.7622785197947645e+27,0.0
30885.0,212.0000942287661,2.5349999999999997e+28,3.3780760242516838e+31,1.4752699999999986e+30,3.411900000000003e+29,1.099700000000001e+30,2.735000000000001e+28,7.03000000000003e+27,1.4752500000000166e+30,1.4550000000000147e+30,1.464e+28,5.610000000000009e+27,4.785277782456056e+27,0.0
30893.055555555555,213.00140205010575,2.493e+28,3.3767862794831824e+31,1.4466099999999995e+30,3.3743000000000055e+29,1.0750200000000004e+30,2.714e+28,7.020000000000026e+27,1.4470300000000155e+30,1.4270400000000155e+30,1.4790000000000001e+28,5.200000000000011e+27,4.859988483799091e+27,0.0
30901.055555555555,214.00051504056046,2.469e+28,3.3763460586149627e+31,1.4564199999999976e+30,3.3379e+29,1.0883900000000022e+30,2.731000000000002e+28,6.930000000000033e+27,1.456660000000015e+30,1.437270000000014e+30,1.4230000000000006e+28,5.16000000000001e+27,4.9037735895588955e+27,0.0
30909.027777777777,215.00098666025406,2.5229999999999996e+28,3.3751951448047862e+31,1.4281999999999993e+30,3.343100000000003e+29,1.0594700000000005e+30,2.7220000000000015e+28,7.20000000000003e+27,1.427660000000014e+30,1.407140000000013e+30,1.4420000000000003e+28,6.100000000000005e+27,4.966832481622671e+27,0.0
30916.972222222223,216.00292753545,2.4599999999999997e+28,3.3745662448685876e+31,1.4215499999999983e+30,3.2980000000000036e+29,1.058220000000001e+30,2.649000000000002e+28,7.040000000000029e+27,1.4221800000000145e+30,1.4017100000000137e+30,1.4609999999999996e+28,5.860000000000008e+27,5.032612794890823e+27,0.0
30924.86111111111,217.00291384455886,2.3810000000000003e+28,3.3737513581039914e+31,1.4114599999999991e+30,3.241600000000001e+29,1.0542100000000007e+30,2.608e+28,7.010000000000031e+27,1.4122500000000134e+30,1.3920200000000134e+30,1.4340000000000003e+28,5.890000000000004e+27,5.083090244109975e+27,0.0
30932.694444444445,218.0009985141378,2.3750000000000003e+28,3.373467916204436e+31,1.398099999999998e+30,3.2321000000000024e+29,1.0432300000000011e+30,2.455999999999999e+28,7.10000000000003e+27,1.3981600000000137e+30,1.378970000000013e+30,1.358e+28,5.610000000000005e+27,5.135426439699788e+27,0.0
30940.5,219.00079700723927,2.3530000000000007e+28,3.3728905739610787e+31,1.379579999999999e+30,3.211700000000002e+29,1.0266300000000008e+30,2.4650000000000016e+28,7.130000000000028e+27,1.3798000000000126e+30,1.3603600000000125e+30,1.4079999999999998e+28,5.360000000000013e+27,5.208322580089233e+27,0.0
30948.277777777777,220.00241394898057,2.3120000000000003e+28,3.372224365962751e+31,1.3725999999999987e+30,3.1768e+29,1.0231400000000004e+30,2.473999999999999e+28,7.040000000000031e+27,1.3730100000000124e+30,1.3538500000000118e+30,1.3530000000000003e+28,5.630000000000012e+27,5.284087357246271e+27,0.0
30956.0,221.00233975708034,2.289e+28,3.3714412469608804e+31,1.3476899999999994e+30,3.127400000000001e+29,1.0033099999999981e+30,2.4629999999999993e+28,7.01000000000003e+27,1.3479200000000126e+30,1.3281200000000126e+30,1.374999999999999e+28,6.050000000000008e+27,5.343378226946314e+27,0.0
30963.666666666668,222.000616723436,2.256e+28,3.3709116655850077e+31,1.3330099999999998e+30,3.075200000000003e+29,9.94909999999999e+29,2.355000000000001e+28,7.030000000000026e+27,1.333340000000013e+30,1.3148500000000125e+30,1.2960000000000009e+28,5.530000000000005e+27,5.404576734045425e+27,0.0
30971.305555555555,223.00092770628453,2.257e+28,3.370022616482034e+31,1.3157799999999997e+30,3.041400000000001e+29,9.819999999999985e+29,2.2630000000000007e+28,7.010000000000024e+27,1.3157700000000124e+30,1.2968800000000122e+30,1.3020000000000003e+28,5.87000000000001e+27,5.487804218449979e+27,0.0
30978.916666666668,224.0033684970358,2.241e+28,3.369460405914221e+31,1.3144000000000004e+30,3.0565000000000018e+29,9.790399999999982e+29,2.2739999999999995e+28,6.970000000000027e+27,1.3145600000000117e+30,1.2955100000000116e+30,1.3649999999999995e+28,5.400000000000009e+27,5.574081502552841e+27,0.0
30986.444444444445,225.0006498870689,2.251e+28,3.3690273014777647e+31,1.2939600000000005e+30,2.9899000000000024e+29,9.653599999999983e+29,2.2599999999999993e+28,7.010000000000023e+27,1.2938600000000107e+30,1.2745000000000114e+30,1.3500000000000012e+28,5.860000000000007e+27,5.621587785491375e+27,0.0
30993.944444444445,226.00016302531185,2.283e+28,3.3682448900700574e+31,1.275690000000001e+30,2.9776000000000034e+29,9.483199999999977e+29,2.2399999999999995e+28,7.21000000000003e+27,1.275370000000012e+30,1.2561700000000125e+30,1.3220000000000005e+28,5.980000000000008e+27,5.712500923257587e+27,0.0
31001.416666666668,227.00199300457734,2.2289999999999997e+28,3.367755275441072e+31,1.2744000000000021e+30,2.9577000000000034e+29,9.498099999999984e+29,2.1769999999999996e+28,7.050000000000025e+27,1.2749400000000116e+30,1.2557000000000122e+30,1.342e+28,5.820000000000012e+27,5.806587345628791e+27,0.0
31008.833333333332,228.0024727207483,2.216e+28,3.3675869070064233e+31,1.2589200000000015e+30,2.906500000000003e+29,9.408999999999972e+29,2.0299999999999983e+28,7.070000000000026e+27,1.2590500000000113e+30,1.2409100000000125e+30,1.27e+28,5.440000000000011e+27,5.881679310595355e+27,0.0
31016.194444444445,229.00161743761055,2.165e+28,3.3668995841669166e+31,1.2346900000000006e+30,2.8608000000000034e+29,9.215499999999976e+29,2.0019999999999983e+28,7.040000000000024e+27,1.2352000000000118e+30,1.2170300000000123e+30,1.2659999999999994e+28,5.51000000000001e+27,5.958689696262373e+27,0.0
31023.527777777777,230.00324718431148,2.189e+28,3.3669376323546384e+31,1.2523300000000016e+30,2.8728000000000027e+29,9.380699999999982e+29,1.9929999999999983e+28,7.050000000000026e+27,1.252090000000012e+30,1.2331300000000125e+30,1.313e+28,5.83000000000001e+27,6.060805086565062e+27,0.0
31030.805555555555,231.0036121408466,2.1850000000000002e+28,3.3663435474716617e+31,1.2285700000000013e+30,2.831300000000003e+29,9.192699999999972e+29,1.9139999999999988e+28,7.030000000000023e+27,1.2286100000000124e+30,1.2098000000000121e+30,1.2900000000000004e+28,5.910000000000008e+27,6.142597413200599e+27,0.0
31038.027777777777,232.00272264124578,2.179e+28,3.3654896656408002e+31,1.202300000000001e+30,2.8008000000000023e+29,8.951899999999976e+29,1.9909999999999977e+28,7.120000000000024e+27,1.2023600000000115e+30,1.1833400000000126e+30,1.2609999999999999e+28,6.410000000000007e+27,6.226308742849285e+27,0.0
31045.194444444445,233.00057786906564,2.2060000000000003e+28,3.3648248275386043e+31,1.1970900000000001e+30,2.7485000000000044e+29,8.959899999999972e+29,1.9279999999999984e+28,6.970000000000025e+27,1.196820000000012e+30,1.1789700000000128e+30,1.212000000000001e+28,5.730000000000001e+27,6.311927189677154e+27,0.0
31052.333333333332,234.00108429270222,2.0840000000000004e+28,3.3639521379837744e+31,1.1789299999999997e+30,2.734800000000003e+29,8.791899999999979e+29,1.916999999999999e+28,7.090000000000025e+27,1.180150000000012e+30,1.162100000000013e+30,1.215e+28,5.900000000000007e+27,6.424660185342241e+27,0.0
31059.416666666668,235.0003821940527,2.0850000000000007e+28,3.3635411047368675e+31,1.1729599999999994e+30,2.686500000000002e+29,8.786099999999973e+29,1.8749999999999993e+28,6.950000000000023e+27,1.1729500000000118e+30,1.154660000000012e+30,1.2940000000000003e+28,5.350000000000002e+27,6.515076139791255e+27,0.0
31066.472222222223,236.00242269640967,2.1430000000000004e+28,3.362816004326181e+31,1.16987e+30,2.6670000000000004e+29,8.77459999999998e+29,1.8649999999999994e+28,7.060000000000024e+27,1.1692900000000108e+30,1.1505700000000116e+30,1.2500000000000006e+28,6.220000000000004e+27,6.633780283055545e+27,0.0
31073.472222222223,237.00329084700843,2.176e+28,3.3626692577794165e+31,1.1596199999999996e+30,2.6661000000000027e+29,8.687499999999984e+29,1.7239999999999984e+28,7.020000000000024e+27,1.1592900000000113e+30,1.141070000000012e+30,1.248999999999999e+28,5.730000000000006e+27,6.729065901561032e+27,0.0
31080.416666666668,238.0029717532043,2.1110000000000005e+28,3.3621405015291017e+31,1.1456399999999998e+30,2.6100000000000014e+29,8.598999999999974e+29,1.7830000000000004e+28,6.910000000000023e+27,1.1462900000000118e+30,1.1277700000000124e+30,1.2200000000000006e+28,6.320000000000007e+27,6.826206364879217e+27,0.0
31087.305555555555,239.00144739497864,2.164e+28,3.3617595731333077e+31,1.1338499999999989e+30,2.5617000000000044e+29,8.533199999999975e+29,1.7339999999999996e+28,7.020000000000024e+27,1.133320000000012e+30,1.1154700000000127e+30,1.2210000000000005e+28,5.640000000000006e+27,6.925129597220634e+27,0.0
31094.166666666668,240.00276132643467,2.1190000000000003e+28,3.3614586228112156e+31,1.1341599999999997e+30,2.5747000000000004e+29,8.534499999999983e+29,1.62e+28,7.04000000000002e+27,1.1346100000000114e+30,1.1167300000000113e+30,1.1770000000000007e+28,6.110000000000009e+27,7.054687479547098e+27,0.0
31100.972222222223,241.00287905719597,2.2310000000000003e+28,3.361549261133469e+31,1.1349899999999998e+30,2.5531000000000017e+29,8.562099999999985e+29,1.6500000000000002e+28,6.970000000000024e+27,1.1338700000000114e+30,1.1153900000000118e+30,1.237e+28,6.110000000000009e+27,7.158403829452905e+27,0.0
31107.722222222223,242.00176876004662,2.065e+28,3.3612662320182944e+31,1.1178299999999995e+30,2.4654000000000025e+29,8.481399999999982e+29,1.6159999999999997e+28,6.990000000000023e+27,1.1194900000000116e+30,1.1020300000000114e+30,1.178e+28,5.680000000000006e+27,7.26383874555653e+27,0.0
31114.444444444445,243.0035517335691,2.14e+28,3.36128278954882e+31,1.1194700000000006e+30,2.5098000000000022e+29,8.450199999999984e+29,1.6469999999999996e+28,7.000000000000023e+27,1.118720000000011e+30,1.1002800000000107e+30,1.2380000000000005e+28,6.060000000000008e+27,7.401890655752613e+27,0.0
31121.11111111111,244.0040981770062,2.07e+28,3.360854038607708e+31,1.1016799999999986e+30,2.4928000000000035e+29,8.295499999999979e+29,1.591e+28,6.940000000000023e+27,1.1023800000000112e+30,1.0833800000000113e+30,1.233999999999999e+28,6.66000000000001e+27,7.512016837709889e+27,0.0
31127.722222222223,245.0033680892784,2.154e+28,3.3609301053390535e+31,1.1049400000000001e+30,2.4227000000000032e+29,8.402699999999982e+29,1.5409999999999987e+28,6.990000000000023e+27,1.1041000000000118e+30,1.0862300000000119e+30,1.2300000000000005e+28,5.570000000000006e+27,7.623758458453471e+27,0.0
31134.277777777777,246.001314035424,2.139e+28,3.3606691544703195e+31,1.080249999999999e+30,2.4078000000000025e+29,8.166799999999977e+29,1.5849999999999993e+28,6.940000000000024e+27,1.0804000000000108e+30,1.0616700000000117e+30,1.2589999999999995e+28,6.140000000000006e+27,7.737042524929367e+27,0.0
31140.805555555555,247.00216143236958,2.165e+28,3.360075137773947e+31,1.0806699999999992e+30,2.3965000000000037e+29,8.19489999999998e+29,1.4560000000000005e+28,6.970000000000021e+27,1.0804100000000113e+30,1.0619300000000116e+30,1.2540000000000002e+28,5.940000000000005e+27,7.885732774713855e+27,0.0
31147.277777777777,248.00165059515712,2.177e+28,3.359866481817027e+31,1.0666499999999999e+30,2.376900000000002e+29,8.07219999999998e+29,1.4779999999999988e+28,6.960000000000023e+27,1.0665300000000112e+30,1.048890000000012e+30,1.162e+28,6.020000000000007e+27,8.003448971318158e+27,0.0
31153.722222222223,249.0040557314951,2.1430000000000004e+28,3.3592622901797983e+31,1.0543199999999986e+30,2.3559000000000035e+29,7.971099999999971e+29,1.4599999999999995e+28,7.02000000000002e+27,1.0546600000000113e+30,1.0365900000000113e+30,1.2050000000000003e+28,6.020000000000003e+27,8.158133276818225e+27,0.0
31160.083333333332,250.0006791234473,2.0830000000000005e+28,3.3587195191312187e+31,1.03662e+30,2.292000000000004e+29,7.860699999999977e+29,1.4419999999999983e+28,6.930000000000019e+27,1.0372200000000095e+30,1.0192200000000107e+30,1.1640000000000008e+28,6.360000000000008e+27,8.243743570251762e+27,0.0
31166.416666666668,251.00016203191808,2.1100000000000007e+28,3.358194268016808e+31,1.0429699999999996e+30,2.2845000000000037e+29,7.935599999999986e+29,1.4029999999999997e+28,6.930000000000018e+27,1.0427000000000103e+30,1.0243900000000107e+30,1.2099999999999996e+28,6.210000000000007e+27,8.402606133802433e+27,0.0
31172.722222222223,252.00253263870036,2.07e+28,3.358633749226596e+31,1.0496299999999999e+30,2.2999000000000022e+29,7.985999999999979e+29,1.4070000000000002e+28,6.970000000000017e+27,1.0500300000000107e+30,1.0324700000000115e+30,1.1199999999999995e+28,6.360000000000007e+27,8.565223769509598e+27,0.0
31178.972222222223,253.00335252716832,2.1930000000000004e+28,3.3587418500787244e+31,1.0460400000000004e+30,2.2697000000000026e+29,7.980199999999987e+29,1.4110000000000003e+28,6.940000000000019e+27,1.0448100000000106e+30,1.0263900000000114e+30,1.2120000000000006e+28,6.300000000000002e+27,8.692542585188614e+27,0.0
31185.166666666668,254.00254537900219,2.0880000000000003e+28,3.3585655804590126e+31,1.0311899999999997e+30,2.2340000000000034e+29,7.865399999999989e+29,1.4319999999999997e+28,6.930000000000018e+27,1.0322400000000104e+30,1.0142200000000107e+30,1.1950000000000004e+28,6.07000000000001e+27,8.820844267900678e+27,0.0
31191.305555555555,255.00003573882987,2.0820000000000002e+28,3.3584927373338087e+31,1.02319e+30,2.2338000000000013e+29,7.792499999999986e+29,1.3510000000000004e+28,7.050000000000014e+27,1.0232500000000093e+30,1.0051300000000096e+30,1.1990000000000005e+28,6.130000000000008e+27,8.950044986551786e+27,0.0
31197.416666666668,256.0002999023036,1.989e+28,3.358321131116052e+31,1.0120699999999994e+30,2.1643000000000034e+29,7.752999999999989e+29,1.3409999999999996e+28,6.930000000000014e+27,1.01300000000001e+30,9.953100000000108e+29,1.178e+28,5.910000000000006e+27,9.121962436535325e+27,0.0
31203.5,257.0033556380622,2.114e+28,3.3577049623668512e+31,1.004059999999999e+30,2.191500000000003e+29,7.644499999999995e+29,1.3529999999999999e+28,6.930000000000014e+27,1.0028100000000098e+30,9.849000000000099e+29,1.1830000000000008e+28,6.080000000000004e+27,9.297547422617872e+27,0.0
31209.527777777777,258.0045823239143,2.1210000000000004e+28,3.357499401865642e+31,1.0146500000000005e+30,2.1662000000000028e+29,7.779999999999987e+29,1.3030000000000001e+28,7.00000000000001e+27,1.0145800000000098e+30,9.960000000000099e+29,1.182e+28,6.760000000000006e+27,9.432807984829987e+27,0.0
31215.5,259.0038841619471,2.101e+28,3.357263317983654e+31,9.940100000000004e+29,2.1378000000000015e+29,7.60249999999999e+29,1.2969999999999992e+28,7.01000000000001e+27,9.942100000000097e+29,9.761300000000103e+29,1.2050000000000005e+28,6.030000000000005e+27,9.568528255632994e+27,0.0
31221.416666666668,260.0011644553215,2.1290000000000006e+28,3.357200425492494e+31,9.956200000000005e+29,2.136200000000002e+29,7.625699999999983e+29,1.2479999999999997e+28,6.950000000000011e+27,9.953400000000091e+29,9.776100000000098e+29,1.1559999999999993e+28,6.170000000000007e+27,9.704663278023297e+27,0.0
31227.305555555555,261.0010570654795,2.133e+28,3.3572048748141197e+31,9.8611e+29,2.1181000000000022e+29,7.557699999999987e+29,1.1650000000000002e+28,6.880000000000012e+27,9.86070000000009e+29,9.681300000000096e+29,1.1979999999999997e+28,5.96e+27,9.888200834403888e+27,0.0
31233.166666666668,262.0035554745764,2.1100000000000007e+28,3.3569737471562465e+31,9.8612e+29,2.098200000000002e+29,7.56809999999998e+29,1.261e+28,6.880000000000011e+27,9.863500000000091e+29,9.683100000000096e+29,1.1960000000000003e+28,6.080000000000004e+27,1.007512111715741e+28,0.0
31238.972222222223,263.0038573884103,2.1490000000000005e+28,3.35694088989009e+31,9.645199999999997e+29,2.0637000000000028e+29,7.390599999999992e+29,1.2139999999999993e+28,6.950000000000006e+27,9.641300000000094e+29,9.465700000000101e+29,1.1370000000000002e+28,6.190000000000004e+27,1.021600616214561e+28,0.0
31244.722222222223,264.0018435013417,2.1530000000000003e+28,3.3566361610258345e+31,9.572500000000001e+29,2.044000000000005e+29,7.340199999999987e+29,1.2060000000000008e+28,6.770000000000011e+27,9.572100000000094e+29,9.390900000000102e+29,1.1970000000000005e+28,6.149999999999999e+27,1.0356700733000772e+28,0.0
31250.444444444445,265.0022741878902,2.095e+28,3.3568476715127966e+31,9.628099999999992e+29,2.0308000000000018e+29,7.413199999999984e+29,1.1530000000000004e+28,6.880000000000006e+27,9.633900000000095e+29,9.451500000000096e+29,1.1940000000000005e+28,6.300000000000003e+27,1.0548905975594172e+28,0.0
31256.11111111111,266.0002264060986,2.216e+28,3.3562381153990145e+31,9.309899999999999e+29,1.982700000000002e+29,7.137499999999989e+29,1.2119999999999993e+28,6.850000000000008e+27,9.297800000000096e+29,9.121000000000103e+29,1.148e+28,6.200000000000007e+27,1.069123709029625e+28,0.0
31261.75,267.0005218036649,2.1270000000000005e+28,3.3564804581131883e+31,9.52259999999999e+29,2.0012000000000025e+29,7.331899999999994e+29,1.202e+28,6.930000000000006e+27,9.531500000000092e+29,9.352900000000098e+29,1.1299999999999994e+28,6.560000000000003e+27,1.088720058924414e+28,0.0
31267.36111111111,268.00313938003,2.148e+28,3.356207305719703e+31,9.392299999999999e+29,1.9900000000000033e+29,7.214699999999992e+29,1.1819999999999996e+28,6.940000000000006e+27,9.390200000000095e+29,9.207900000000099e+29,1.1830000000000003e+28,6.400000000000008e+27,1.1086115805538284e+28,0.0
31272.916666666668,269.0030362967709,2.0800000000000005e+28,3.3562051542056557e+31,9.373200000000003e+29,1.968900000000002e+29,7.227399999999989e+29,1.0780000000000004e+28,6.910000000000002e+27,9.380000000000088e+29,9.19490000000009e+29,1.2299999999999999e+28,6.210000000000001e+27,1.1231109746635525e+28,0.0
31278.416666666668,270.0000756582476,2.1420000000000006e+28,3.3563224865263495e+31,9.292700000000004e+29,1.965800000000003e+29,7.145699999999987e+29,1.1379999999999994e+28,6.740000000000003e+27,9.28650000000009e+29,9.103500000000094e+29,1.1930000000000002e+28,6.370000000000006e+27,1.1375037471498568e+28,0.0
31283.916666666668,271.0043059320724,2.1420000000000006e+28,3.355819519011306e+31,9.212399999999997e+29,1.9415000000000024e+29,7.087899999999989e+29,1.1260000000000007e+28,7.039999999999999e+27,9.212400000000094e+29,9.028500000000095e+29,1.1929999999999996e+28,6.460000000000004e+27,1.1636530431873792e+28,0.0
31289.333333333332,272.0004171729306,2.1060000000000004e+28,3.3558221208026585e+31,9.172700000000006e+29,1.923300000000002e+29,7.076899999999989e+29,1.032e+28,6.929999999999998e+27,9.176300000000084e+29,8.990100000000089e+29,1.2269999999999996e+28,6.350000000000005e+27,1.1722246464465827e+28,0.0
31294.75,273.00364443176477,2.203e+28,3.355763430484847e+31,9.105000000000001e+29,1.907800000000002e+29,7.015199999999996e+29,1.1209999999999998e+28,6.990000000000001e+27,9.09530000000008e+29,8.909000000000088e+29,1.1930000000000005e+28,6.700000000000006e+27,1.198872378541513e+28,0.0
31300.11111111111,274.00366039004166,2.192e+28,3.356113127240882e+31,9.080499999999992e+29,1.909300000000003e+29,6.995799999999993e+29,1.0719999999999993e+28,6.819999999999999e+27,9.081600000000083e+29,8.901400000000089e+29,1.1859999999999997e+28,6.159999999999998e+27,1.2134515619915556e+28,0.0
31305.416666666668,275.00031351249527,2.21e+28,3.3566263066715275e+31,9.058199999999999e+29,1.8916000000000024e+29,6.993399999999992e+29,1.045e+28,6.870000000000001e+27,9.05640000000008e+29,8.875100000000087e+29,1.1920000000000006e+28,6.210000000000003e+27,1.2278296948665793e+28,0.0
31310.722222222223,276.0039941276709,2.0940000000000003e+28,3.356811282917176e+31,9.025900000000001e+29,1.8545000000000035e+29,7.000599999999994e+29,1.014e+28,6.939999999999999e+27,9.037500000000081e+29,8.856400000000085e+29,1.1519999999999992e+28,6.590000000000002e+27,1.2552721603592198e+28,0.0
31315.972222222223,277.00414296594226,2.233e+28,3.3568534264327094e+31,8.898000000000002e+29,1.8476000000000023e+29,6.883099999999996e+29,9.890000000000003e+27,6.840000000000001e+27,8.884100000000083e+29,8.70540000000009e+29,1.1740000000000007e+28,6.130000000000004e+27,1.2697582677580363e+28,0.0
31321.166666666668,278.00059488504667,2.2609999999999996e+28,3.3572299559119175e+31,8.9348e+29,1.8300000000000027e+29,6.934699999999992e+29,1.0209999999999999e+28,6.799999999999998e+27,8.932000000000087e+29,8.748200000000085e+29,1.2099999999999998e+28,6.280000000000001e+27,1.2839876112252948e+28,0.0
31326.36111111111,279.0039578329415,2.1810000000000003e+28,3.357653386971122e+31,8.895399999999996e+29,1.834900000000002e+29,6.898699999999987e+29,9.310000000000005e+27,6.869999999999996e+27,8.903400000000086e+29,8.718400000000087e+29,1.2009999999999995e+28,6.490000000000006e+27,1.3120993684401866e+28,0.0
31331.5,280.0034378502878,2.176e+28,3.3580225417110817e+31,8.837300000000001e+29,1.783900000000002e+29,6.88519999999999e+29,9.960000000000007e+27,6.859999999999997e+27,8.837800000000081e+29,8.656300000000087e+29,1.208e+28,6.070000000000005e+27,1.326329846701001e+28,0.0
31336.61111111111,281.00432794415156,2.165e+28,3.3582184889313345e+31,8.658600000000001e+29,1.8162000000000018e+29,6.680999999999987e+29,9.309999999999999e+27,6.829999999999997e+27,8.659700000000082e+29,8.480200000000088e+29,1.197e+28,5.98e+27,1.3476318066056465e+28,0.0
31341.666666666668,282.0010629557755,2.234e+28,3.3585263473392426e+31,8.581700000000003e+29,1.7790000000000025e+29,6.638899999999991e+29,9.510000000000004e+27,6.869999999999992e+27,8.574800000000082e+29,8.391900000000085e+29,1.1769999999999999e+28,6.52e+27,1.361486603790857e+28,0.0
31346.722222222223,283.00453153445596,2.212e+28,3.3590598394106775e+31,8.766400000000001e+29,1.7840000000000025e+29,6.828199999999996e+29,8.540000000000005e+27,6.879999999999994e+27,8.768600000000081e+29,8.590700000000086e+29,1.1380000000000003e+28,6.410000000000002e+27,1.3904066542872982e+28,0.0
31351.722222222223,284.00363803106575,2.139e+28,3.359084294250797e+31,8.395200000000004e+29,1.732900000000003e+29,6.500699999999991e+29,9.290000000000002e+27,6.869999999999993e+27,8.402500000000078e+29,8.223800000000079e+29,1.163999999999999e+28,6.230000000000001e+27,1.4041210734118738e+28,0.0
31356.694444444445,285.00380569916524,2.182e+28,3.359639389048858e+31,8.528900000000005e+29,1.765500000000002e+29,6.600799999999991e+29,9.370000000000008e+27,6.889999999999992e+27,8.524600000000077e+29,8.337500000000078e+29,1.2239999999999998e+28,6.470000000000001e+27,1.425461161337164e+28,0.0
31361.63888888889,286.0049589062028,2.1550000000000005e+28,3.360099642055691e+31,8.415899999999998e+29,1.7360000000000015e+29,6.526699999999992e+29,8.520000000000005e+27,6.799999999999993e+27,8.41860000000008e+29,8.247100000000084e+29,1.1519999999999999e+28,5.630000000000003e+27,1.4468440482383142e+28,0.0
31366.527777777777,287.0013379391312,2.1940000000000003e+28,3.3602530286133454e+31,8.322199999999999e+29,1.7281000000000037e+29,6.438999999999991e+29,8.610000000000004e+27,6.899999999999991e+27,8.318300000000077e+29,8.132500000000083e+29,1.1880000000000003e+28,6.700000000000004e+27,1.459874712897157e+28,0.0
31371.416666666668,288.0041863997594,2.275e+28,3.3610987663091377e+31,8.483400000000004e+29,1.7376000000000023e+29,6.58699999999999e+29,9.020000000000004e+27,6.859999999999993e+27,8.475300000000081e+29,8.289200000000075e+29,1.225e+28,6.360000000000004e+27,1.4895057623366262e+28,0.0
31376.25,289.00202750341305,2.2289999999999997e+28,3.361476629807187e+31,8.335800000000003e+29,1.6929000000000023e+29,6.489999999999993e+29,8.439999999999997e+27,6.849999999999991e+27,8.340400000000074e+29,8.158700000000077e+29,1.1579999999999995e+28,6.590000000000001e+27,1.5021870997031528e+28,0.0
31381.055555555555,290.00044996776523,2.283e+28,3.361834798924444e+31,8.216000000000001e+29,1.690500000000002e+29,6.367699999999985e+29,8.890000000000003e+27,6.889999999999988e+27,8.210600000000072e+29,8.033800000000076e+29,1.1350000000000003e+28,6.329999999999999e+27,1.5232149340005562e+28,0.0
31385.86111111111,291.0051955286053,2.1250000000000003e+28,3.3625527045003484e+31,8.290100000000006e+29,1.6789000000000022e+29,6.45739999999999e+29,8.490000000000005e+27,6.88999999999999e+27,8.305900000000076e+29,8.120600000000082e+29,1.1709999999999996e+28,6.82e+27,1.5532600837061642e+28,0.0
31390.61111111111,292.0045562842415,2.1280000000000003e+28,3.363441987096868e+31,8.144900000000004e+29,1.6662000000000008e+29,6.328299999999991e+29,8.180000000000001e+27,6.859999999999988e+27,8.144600000000075e+29,7.969500000000075e+29,1.1829999999999997e+28,5.680000000000002e+27,1.5652636080596238e+28,0.0
31395.333333333332,293.00422557415914,2.295e+28,3.364296901297924e+31,8.176799999999998e+29,1.6775000000000017e+29,6.35139999999999e+29,7.959999999999998e+27,6.829999999999989e+27,8.160100000000074e+29,7.980500000000081e+29,1.1969999999999992e+28,5.990000000000003e+27,1.5860759306898635e+28,0.0
31400.027777777777,294.00410992376874,2.1340000000000004e+28,3.365044155208082e+31,8.119600000000001e+29,1.655500000000002e+29,6.31449999999999e+29,8.090000000000001e+27,6.869999999999988e+27,8.135700000000079e+29,7.954200000000076e+29,1.1769999999999996e+28,6.379999999999999e+27,1.6067675963767223e+28,0.0
31404.694444444445,295.00410980827746,2.195e+28,3.365576343194754e+31,8.002799999999999e+29,1.617300000000002e+29,6.242699999999989e+29,7.409999999999999e+27,6.869999999999988e+27,7.996700000000074e+29,7.817700000000081e+29,1.1909999999999996e+28,5.99e+27,1.6273223568214969e+28,0.0
31409.333333333332,296.0041250864906,2.215e+28,3.3659454766386345e+31,7.924700000000001e+29,1.604900000000003e+29,6.175399999999993e+29,7.539999999999999e+27,6.899999999999988e+27,7.922700000000075e+29,7.738000000000081e+29,1.199e+28,6.48e+27,1.647718810284186e+28,0.0
31413.944444444445,297.0040512587875,2.1410000000000003e+28,3.3666132320648105e+31,7.862699999999995e+29,1.612600000000002e+29,6.102099999999986e+29,7.950000000000002e+27,6.849999999999987e+27,7.870100000000073e+29,7.688600000000078e+29,1.1959999999999996e+28,6.190000000000002e+27,1.6679317415381927e+28,0.0
31418.527777777777,298.00378205027755,2.1680000000000004e+28,3.367454128945591e+31,7.908800000000001e+29,1.6007000000000026e+29,6.1597999999999886e+29,7.950000000000005e+27,6.879999999999989e+27,7.906100000000076e+29,7.729600000000078e+29,1.1670000000000004e+28,5.980000000000003e+27,1.6879427774357992e+28,0.0
31423.083333333332,299.00321054870983,2.216e+28,3.368150974194722e+31,7.7795e+29,1.585300000000003e+29,6.046599999999989e+29,7.950000000000001e+27,6.80999999999999e+27,7.774700000000073e+29,7.603500000000075e+29,1.1249999999999997e+28,5.870000000000002e+27,1.7077279029889298e+28,0.0
31427.61111111111,300.00223043280766,2.102e+28,3.3687717358148545e+31,7.737799999999997e+29,1.5583000000000021e+29,6.03459999999999e+29,7.63e+27,6.859999999999988e+27,7.749200000000075e+29,7.572600000000076e+29,1.174e+28,5.920000000000003e+27,1.727270107644413e+28,0.0
31432.11111111111,301.00072147716946,2.209e+28,3.36935583777751e+31,7.696399999999994e+29,1.5596000000000014e+29,5.9982999999999874e+29,7.13e+27,6.719999999999989e+27,7.685700000000072e+29,7.511500000000074e+29,1.121e+28,6.210000000000004e+27,1.7465333422646585e+28,0.0
31436.61111111111,302.00479624010677,2.1350000000000007e+28,3.369780611548783e+31,7.660999999999995e+29,1.5580000000000027e+29,5.96619999999999e+29,6.700000000000007e+27,6.979999999999989e+27,7.668400000000073e+29,7.495500000000077e+29,1.1649999999999998e+28,5.640000000000006e+27,1.7765622393965925e+28,0.0
31441.055555555555,303.0019313252915,2.108e+28,3.3701119390071625e+31,7.508599999999995e+29,1.5357000000000014e+29,5.8309999999999885e+29,7.350000000000003e+27,6.839999999999989e+27,7.511300000000071e+29,7.344900000000075e+29,1.1010000000000007e+28,5.630000000000003e+27,1.7843446867419468e+28,0.0
31445.5,304.0044786012868,2.282e+28,3.370765870853676e+31,7.628099999999995e+29,1.5432000000000016e+29,5.9472999999999904e+29,7.05e+27,6.70999999999999e+27,7.610700000000073e+29,7.429800000000073e+29,1.23e+28,5.790000000000002e+27,1.8141024529260121e+28,0.0
31449.916666666668,305.0061050966533,2.1050000000000005e+28,3.371273192354064e+31,7.504299999999997e+29,1.4934000000000021e+29,5.874399999999988e+29,6.87e+27,6.779999999999987e+27,7.522000000000071e+29,7.353900000000075e+29,1.1359999999999993e+28,5.450000000000005e+27,1.832436285734274e+28,0.0
31454.277777777777,306.0003353444772,2.1880000000000002e+28,3.371878640521456e+31,7.506999999999996e+29,1.5002000000000019e+29,5.871799999999992e+29,6.630000000000003e+27,6.869999999999988e+27,7.498700000000071e+29,7.332200000000072e+29,1.1479999999999995e+28,5.17e+27,1.83858371189063e+28,0.0
31458.666666666668,307.00609380487185,2.242e+28,3.3724923348958654e+31,7.6172e+29,1.5177000000000019e+29,5.9609999999999856e+29,7.040000000000002e+27,6.809999999999988e+27,7.61180000000007e+29,7.430000000000075e+29,1.284999999999999e+28,5.330000000000004e+27,1.8797332530704364e+28,0.0
31463.0,308.0042096599982,2.2669999999999997e+28,3.3737427017292254e+31,7.623699999999996e+29,1.4984000000000009e+29,5.990899999999993e+29,6.63e+27,6.809999999999991e+27,7.621200000000071e+29,7.439600000000074e+29,1.2239999999999998e+28,5.920000000000005e+27,1.8850358501820236e+28,0.0
31467.305555555555,309.00090605303103,2.27e+28,3.3743878764548738e+31,7.455199999999993e+29,1.476500000000002e+29,5.843799999999991e+29,6.640000000000004e+27,6.849999999999991e+27,7.454900000000072e+29,7.283300000000071e+29,1.181e+28,5.350000000000004e+27,1.901703391835547e+28,0.0
31471.61111111111,310.002532652582,2.249e+28,3.3754114056310334e+31,7.460299999999997e+29,1.4819000000000016e+29,5.8481999999999924e+29,6.22e+27,6.799999999999989e+27,7.462400000000071e+29,7.291500000000071e+29,1.2199999999999997e+28,4.890000000000004e+27,1.9304455585100487e+28,0.0
31475.88888888889,311.00254517650956,2.243e+28,3.3766188655201945e+31,7.523399999999998e+29,1.4742000000000024e+29,5.922399999999992e+29,5.840000000000004e+27,6.839999999999987e+27,7.52400000000007e+29,7.353800000000075e+29,1.2080000000000003e+28,4.9400000000000055e+27,1.9465067470560106e+28,0.0
31480.13888888889,312.00081199036777,2.21e+28,3.3771557134271844e+31,7.259199999999998e+29,1.4406000000000024e+29,5.6875999999999904e+29,6.320000000000003e+27,6.77999999999999e+27,7.262500000000071e+29,7.095300000000073e+29,1.202e+28,4.7000000000000036e+27,1.9620544491591595e+28,0.0
31484.38888888889,313.003776435472,2.253e+28,3.3780196547591152e+31,7.358399999999997e+29,1.4646000000000007e+29,5.760099999999987e+29,6.429999999999998e+27,6.939999999999988e+27,7.354100000000065e+29,7.188900000000073e+29,1.1829999999999999e+28,4.690000000000002e+27,1.990167315671519e+28,0.0
31488.61111111111,314.004793109616,2.253e+28,3.3792017917967705e+31,7.242299999999996e+29,1.4533000000000014e+29,5.662499999999988e+29,5.810000000000002e+27,6.839999999999987e+27,7.242300000000068e+29,7.076700000000069e+29,1.1739999999999998e+28,4.820000000000003e+27,2.00498650101629e+28,0.0
31492.805555555555,315.00372148743554,2.244e+28,3.380399183826607e+31,7.285799999999996e+29,1.4237000000000021e+29,5.738499999999989e+29,5.610000000000004e+27,6.749999999999988e+27,7.286700000000066e+29,7.123600000000068e+29,1.183e+28,4.48e+27,2.019221560516345e+28,0.0
31496.972222222223,316.00043783505316,2.2940000000000002e+28,3.381447876288514e+31,7.306299999999993e+29,1.4197000000000018e+29,5.7612999999999906e+29,5.660000000000002e+27,6.869999999999988e+27,7.301300000000067e+29,7.141800000000074e+29,1.1869999999999993e+28,4.079999999999999e+27,2.0328558185592146e+28,0.0
31501.13888888889,317.00148246328354,2.298e+28,3.382856371398537e+31,7.370699999999998e+29,1.4213000000000019e+29,5.82119999999999e+29,6.000000000000002e+27,6.81999999999999e+27,7.370300000000067e+29,7.209100000000071e+29,1.2280000000000001e+28,3.8400000000000017e+27,2.0596915862802664e+28,0.0
31505.277777777777,318.0000975654839,2.275e+28,3.383966491960083e+31,7.190799999999994e+29,1.4093000000000017e+29,5.6620999999999905e+29,5.300000000000005e+27,6.63999999999999e+27,7.193100000000068e+29,7.028900000000071e+29,1.2699999999999995e+28,3.7200000000000027e+27,2.072427153022369e+28,0.0
31509.416666666668,319.0028805755792,2.203e+28,3.3851178545768003e+31,7.180899999999992e+29,1.3864000000000014e+29,5.6684999999999924e+29,5.820000000000001e+27,6.779999999999991e+27,7.188100000000066e+29,7.030100000000066e+29,1.2099999999999994e+28,3.700000000000002e+27,2.0986708095392856e+28,0.0
31513.527777777777,320.0030105832593,2.295e+28,3.3863985376968464e+31,7.331999999999991e+29,1.4034000000000014e+29,5.803299999999991e+29,5.740000000000002e+27,6.78999999999999e+27,7.322800000000071e+29,7.158900000000074e+29,1.263e+28,3.760000000000002e+27,2.1104139493602264e+28,0.0
31517.61111111111,321.0003452908113,2.2359999999999996e+28,3.387857576241984e+31,7.261299999999995e+29,1.3828000000000015e+29,5.756199999999992e+29,5.440000000000004e+27,6.789999999999989e+27,7.267200000000076e+29,7.113300000000074e+29,1.2379999999999996e+28,3.009999999999999e+27,2.121450775682549e+28,0.0
31521.694444444445,322.00156779876943,2.307e+28,3.38951434478759e+31,7.150099999999991e+29,1.3864000000000014e+29,5.641699999999993e+29,5.340000000000002e+27,6.859999999999988e+27,7.143000000000068e+29,6.992900000000068e+29,1.217999999999999e+28,2.8300000000000006e+27,2.146475854924582e+28,0.0
31525.777777777777,323.0066149106715,2.251e+28,3.3908214019203675e+31,7.175399999999993e+29,1.3765000000000017e+29,5.677499999999992e+29,5.250000000000003e+27,6.889999999999988e+27,7.181000000000068e+29,7.024600000000069e+29,1.2670000000000004e+28,2.970000000000001e+27,2.1712655032668387e+28,0.0
31529.805555555555,324.00167540115217,2.3110000000000005e+28,3.392406940720159e+31,7.207199999999993e+29,1.3535000000000014e+29,5.728799999999991e+29,5.740000000000003e+27,6.74999999999999e+27,7.20120000000007e+29,7.046200000000068e+29,1.283999999999999e+28,2.659999999999999e+27,2.1657638436178336e+28,0.0
31533.833333333332,325.0003304680404,2.3099999999999997e+28,3.393743273114925e+31,7.235499999999992e+29,1.3431000000000019e+29,5.774199999999993e+29,5.000000000000004e+27,6.81999999999999e+27,7.235600000000072e+29,7.076200000000069e+29,1.3299999999999992e+28,2.639999999999998e+27,2.189367991640797e+28,0.0
31537.86111111111,326.002512001377,2.25e+28,3.394724379230723e+31,7.106699999999994e+29,1.3273000000000014e+29,5.658399999999992e+29,5.339999999999999e+27,6.759999999999988e+27,7.112700000000068e+29,6.95840000000007e+29,1.305e+28,2.3799999999999976e+27,2.2126809150097542e+28,0.0
31541.86111111111,327.00120194515966,2.244e+28,3.3960148370955394e+31,7.087499999999994e+29,1.324100000000002e+29,5.640699999999993e+29,5.44e+27,6.82999999999999e+27,7.088100000000072e+29,6.934000000000071e+29,1.3119999999999997e+28,2.289999999999997e+27,2.220179384385535e+28,0.0
31545.86111111111,328.00322752400916,2.3980000000000005e+28,3.397092936015148e+31,7.187599999999993e+29,1.3265000000000019e+29,5.7429999999999896e+29,5.050000000000002e+27,6.759999999999988e+27,7.172200000000071e+29,7.01800000000007e+29,1.3339999999999995e+28,2.079999999999998e+27,2.2425195850234876e+28,0.0
31549.833333333332,329.00152270875515,2.357e+28,3.39891008035017e+31,7.251499999999992e+29,1.3329000000000019e+29,5.798099999999994e+29,5.210000000000004e+27,6.839999999999991e+27,7.255600000000066e+29,7.10400000000007e+29,1.3209999999999991e+28,1.949999999999999e+27,2.248685622648911e+28,0.0
31553.805555555555,330.00295986373476,2.351e+28,3.3997298708692495e+31,7.260999999999991e+29,1.287900000000002e+29,5.8554999999999914e+29,4.94e+27,6.819999999999991e+27,7.26160000000007e+29,7.111800000000068e+29,1.3239999999999996e+28,1.739999999999999e+27,2.269968173706178e+28,0.0
31557.75,331.00042694201966,2.4110000000000005e+28,3.401148546139107e+31,7.310199999999987e+29,1.3164000000000016e+29,5.87899999999999e+29,4.650000000000001e+27,6.829999999999989e+27,7.304200000000069e+29,7.148100000000065e+29,1.3909999999999996e+28,1.6999999999999992e+27,2.2747576678609354e+28,0.0
31561.694444444445,332.0008385679257,2.4560000000000003e+28,3.402441427213869e+31,7.365499999999989e+29,1.3049000000000014e+29,5.9435999999999895e+29,4.960000000000004e+27,6.73999999999999e+27,7.361000000000063e+29,7.202600000000067e+29,1.4140000000000005e+28,1.6999999999999992e+27,2.294919131884457e+28,0.0
31565.63888888889,333.00411138729487,2.4490000000000004e+28,3.403895366935008e+31,7.454699999999989e+29,1.306900000000001e+29,6.030699999999989e+29,4.8600000000000014e+27,6.849999999999989e+27,7.455400000000068e+29,7.289400000000064e+29,1.4849999999999993e+28,1.749999999999999e+27,2.314626537553095e+28,0.0
31569.555555555555,334.0030677616005,2.613e+28,3.4049888577003934e+31,7.467099999999989e+29,1.283400000000001e+29,6.065499999999993e+29,5.120000000000004e+27,6.69999999999999e+27,7.45070000000007e+29,7.285200000000068e+29,1.4880000000000002e+28,1.6699999999999993e+27,2.317364458808383e+28,0.0
31573.472222222223,335.0046807213748,2.721e+28,3.406375986832964e+31,7.719699999999997e+29,1.2796000000000015e+29,6.32839999999999e+29,4.290000000000004e+27,6.87999999999999e+27,7.708900000000063e+29,7.536600000000063e+29,1.5820000000000001e+28,1.4099999999999997e+27,2.3358461621764485e+28,0.0
31577.36111111111,336.0017368935378,2.7120000000000002e+28,3.4078910434244126e+31,7.861899999999992e+29,1.2827000000000007e+29,6.464699999999998e+29,4.659999999999999e+27,6.789999999999991e+27,7.862800000000057e+29,7.687500000000052e+29,1.6149999999999997e+28,1.3799999999999998e+27,2.3370618035508864e+28,0.0
31581.25,337.0012407216509,2.7789999999999996e+28,3.4093474763008393e+31,7.903599999999996e+29,1.2787000000000013e+29,6.507399999999994e+29,4.990000000000003e+27,6.75999999999999e+27,7.896900000000049e+29,7.722000000000053e+29,1.626e+28,1.2300000000000003e+27,2.3542480265963313e+28,0.0
31585.13888888889,338.00310402596824,2.77e+28,3.41065357434015e+31,8.009400000000001e+29,1.2806000000000005e+29,6.614699999999999e+29,4.5900000000000026e+27,6.81999999999999e+27,8.01030000000005e+29,7.834600000000056e+29,1.638999999999999e+28,1.1800000000000007e+27,2.370903972065118e+28,0.0
31589.0,339.00006227122776,2.794e+28,3.411744082143055e+31,7.978000000000004e+29,1.2695000000000018e+29,6.599e+29,4.1800000000000016e+27,6.769999999999991e+27,7.975600000000046e+29,7.796200000000052e+29,1.684000000000001e+28,1.1000000000000002e+27,2.369884028136605e+28,0.0
31592.88888888889,340.00636328350083,2.7659999999999997e+28,3.412879896145745e+31,8.147400000000002e+29,1.2769000000000017e+29,6.751599999999997e+29,5.100000000000003e+27,6.789999999999989e+27,8.150200000000041e+29,7.966300000000046e+29,1.7339999999999996e+28,1.0500000000000004e+27,2.402378079868439e+28,0.0
31596.722222222223,341.0003311846076,2.8990000000000003e+28,3.413841700354867e+31,8.098800000000005e+29,1.2505000000000017e+29,6.7342e+29,4.690000000000004e+27,6.719999999999991e+27,8.085500000000042e+29,7.903300000000043e+29,1.7089999999999992e+28,1.1300000000000006e+27,2.3826375219134474e+28,0.0
31600.583333333332,342.00346024124156,3.1340000000000006e+28,3.414697786717495e+31,8.246299999999994e+29,1.2861000000000016e+29,6.841499999999995e+29,5.050000000000004e+27,6.819999999999991e+27,8.222800000000027e+29,8.028700000000035e+29,1.836e+28,1.0500000000000004e+27,2.4139262419070453e+28,0.0
31604.416666666668,343.00122133084005,3.039e+28,3.4158744022541797e+31,8.498000000000002e+29,1.2514000000000021e+29,7.1337e+29,4.5500000000000033e+27,6.73999999999999e+27,8.507500000000028e+29,8.31380000000002e+29,1.838e+28,9.900000000000009e+26,2.409861828291914e+28,0.0
31608.25,344.0007329639411,3.1959999999999997e+28,3.4170277398873785e+31,8.674100000000004e+29,1.2570000000000013e+29,7.300300000000001e+29,4.9100000000000015e+27,6.76999999999999e+27,8.658400000000028e+29,8.456700000000021e+29,1.924e+28,9.300000000000007e+26,2.4224600722485126e+28,0.0
31612.083333333332,345.0018958009414,3.2589999999999996e+28,3.417931867822351e+31,8.7033e+29,1.2666000000000009e+29,7.325200000000003e+29,4.3100000000000025e+27,6.83999999999999e+27,8.697000000000022e+29,8.496600000000015e+29,1.9180000000000007e+28,8.600000000000004e+26,2.4344223810236113e+28,0.0
31615.916666666668,346.00461579353487,3.244e+28,3.41918017601083e+31,8.798600000000004e+29,1.264000000000001e+29,7.419400000000001e+29,4.7000000000000025e+27,6.81999999999999e+27,8.800100000000015e+29,8.595600000000018e+29,1.9500000000000012e+28,9.500000000000002e+26,2.4457056741443152e+28,0.0
31619.722222222223,347.00151060423195,3.32e+28,3.4198700554118813e+31,8.770200000000008e+29,1.2385000000000013e+29,7.421100000000006e+29,4.3299999999999997e+27,6.72999999999999e+27,8.762600000000021e+29,8.555300000000012e+29,1.992000000000001e+28,8.100000000000006e+26,2.4384706361084525e+28,0.0
31623.555555555555,348.00703534940567,3.4040000000000003e+28,3.4206441261269924e+31,9.068500000000019e+29,1.2486000000000018e+29,7.713200000000012e+29,3.830000000000001e+27,6.83999999999999e+27,9.06010000000002e+29,8.84640000000001e+29,2.042e+28,9.500000000000006e+26,2.4661411445836475e+28,0.0
31627.36111111111,349.00651674973506,3.481e+28,3.4214797718708125e+31,9.023000000000014e+29,1.2458000000000006e+29,7.662900000000013e+29,4.640000000000001e+27,6.78999999999999e+27,9.015300000000018e+29,8.795600000000014e+29,2.1269999999999996e+28,7.000000000000004e+26,2.457348374212012e+28,0.0
31631.166666666668,350.0071370301057,3.3840000000000005e+28,3.422150677869115e+31,9.25260000000002e+29,1.2151000000000013e+29,7.92700000000002e+29,4.2400000000000025e+27,6.80999999999999e+27,9.262300000000013e+29,9.043900000000006e+29,2.1009999999999997e+28,8.300000000000001e+26,2.4656969767751845e+28,0.0
31634.944444444445,351.0014815800614,3.594e+28,3.423094865233853e+31,9.164000000000017e+29,1.2443000000000014e+29,7.808600000000014e+29,4.389999999999999e+27,6.71999999999999e+27,9.143000000000015e+29,8.914800000000012e+29,2.2060000000000008e+28,7.600000000000003e+26,2.4552269672495666e+28,0.0
31638.75,352.00406901206316,3.48e+28,3.424113378323047e+31,9.278200000000019e+29,1.2619000000000017e+29,7.90370000000002e+29,4.4300000000000043e+27,6.82999999999999e+27,9.289600000000013e+29,9.070000000000012e+29,2.1270000000000014e+28,6.900000000000004e+26,2.4801552800960136e+28,0.0
31642.527777777777,353.0001658824676,3.581e+28,3.4246937783836982e+31,9.372000000000017e+29,1.230200000000001e+29,8.029900000000012e+29,4.440000000000003e+27,6.74999999999999e+27,9.361900000000002e+29,9.128900000000006e+29,2.2529999999999994e+28,7.700000000000006e+26,2.468119638688418e+28,0.0
31646.333333333332,354.00431494301756,3.6460000000000005e+28,3.4256818715100747e+31,9.633300000000024e+29,1.2491000000000016e+29,8.26950000000002e+29,4.670000000000001e+27,6.79999999999999e+27,9.626799999999994e+29,9.386100000000005e+29,2.321999999999999e+28,8.5e+26,2.491644348755061e+28,0.0
31650.11111111111,355.0017558061245,3.52e+28,3.426344069821907e+31,9.42020000000002e+29,1.2200000000000016e+29,8.088100000000018e+29,4.4200000000000046e+27,6.78999999999999e+27,9.432800000000003e+29,9.208600000000006e+29,2.1639999999999992e+28,7.800000000000008e+26,2.4780406307836013e+28,0.0
31653.916666666668,356.0070540826164,3.518e+28,3.4267865563255455e+31,9.44280000000002e+29,1.2230000000000007e+29,8.10510000000002e+29,4.6700000000000023e+27,6.79999999999999e+27,9.443000000000007e+29,9.206900000000012e+29,2.2630000000000007e+28,9.800000000000006e+26,2.5001254812200724e+28,0.0
31657.694444444445,357.0054283312138,3.569e+28,3.4274273649039027e+31,9.446800000000016e+29,1.1877000000000016e+29,8.144900000000015e+29,4.650000000000003e+27,6.769999999999991e+27,9.441699999999996e+29,9.219100000000009e+29,2.1310000000000004e+28,9.499999999999999e+26,2.4849413299565684e+28,0.0
31661.472222222223,358.00411285723294,3.683e+28,3.4280597071363024e+31,9.385100000000018e+29,1.2389000000000016e+29,8.035900000000013e+29,4.250000000000003e+27,6.77999999999999e+27,9.373700000000004e+29,9.135400000000007e+29,2.3099999999999993e+28,7.300000000000006e+26,2.4872392016157963e+28,0.0
31665.25,359.0030041073487,3.7139999999999997e+28,3.429017509590513e+31,9.616000000000019e+29,1.2211000000000015e+29,8.285300000000021e+29,4.170000000000002e+27,6.78999999999999e+27,9.612899999999987e+29,9.381599999999995e+29,2.2369999999999986e+28,7.600000000000005e+26,2.488764887896457e+28,0.0
