TAA_Bin,Gen_Total,Gen_PSD,Gen_TD,Gen_SWS,Gen_MMV,Gen_PSD_Dawn,Gen_PSD_Dusk,Gen_TD_Dawn,Gen_TD_Dusk,Gen_SWS_Dawn,Gen_SWS_Dusk,Gen_MMV_Dawn,Gen_MMV_Dusk,Max_Flux_PSD,Min_Flux_PSD,Max_Flux_TD,Min_Flux_TD,Max_Flux_SWS,Min_Flux_SWS,Max_Flux_MMV,Min_Flux_MMV,Pct_PSD,Pct_TD,Pct_SWS,Pct_MMV,Loss_Total,Loss_Stuck,Loss_Ionized,Loss_Escaped,Supply_Internal,Trans_Inward,Pct_Stuck,Pct_Ionized,Pct_Escaped
0,1.1110e+30,1.8221e+29,9.1987e+29,2.0900e+27,6.7900e+27,1.3700e+29,4.5210e+28,5.1279e+29,4.0708e+29,1.1400e+27,9.5000e+26,3.5500e+27,3.2400e+27,5.9957e+08,1.3925e+03,1.8281e+09,3.4537e-14,4.1664e+07,8.6900e+01,6.6625e+05,6.6621e+05,16.4,82.8,0.2,0.6,1.1094e+30,1.0776e+30,3.1310e+28,4.8000e+26,3.4608e+28,0.0000e+00,97.1,2.8,0.0
1,1.1319e+30,1.8080e+29,9.4248e+29,1.8500e+27,6.7800e+27,1.3418e+29,4.6620e+28,5.1617e+29,4.2631e+29,1.1100e+27,7.4000e+26,3.2300e+27,3.5500e+27,5.9521e+08,1.3927e+03,1.9556e+09,2.8737e-14,4.0804e+07,8.6911e+01,6.6621e+05,6.6612e+05,16.0,83.3,0.2,0.6,1.1314e+30,1.0977e+30,3.3150e+28,5.3000e+26,3.4602e+28,0.0000e+00,97.0,2.9,0.0
2,1.1201e+30,1.7960e+29,9.3195e+29,1.7200e+27,6.7900e+27,1.3363e+29,4.5970e+28,5.1402e+29,4.1793e+29,9.5000e+26,7.7000e+26,3.3500e+27,3.4400e+27,5.8990e+08,1.3934e+03,1.8180e+09,2.3812e-14,3.9897e+07,8.6953e+01,6.6611e+05,6.6595e+05,16.0,83.2,0.2,0.6,1.1206e+30,1.0877e+30,3.2440e+28,5.1000e+26,3.4588e+28,0.0000e+00,97.1,2.9,0.0
3,1.1358e+30,1.7888e+29,9.4835e+29,1.7600e+27,6.8100e+27,1.3191e+29,4.6970e+28,5.3003e+29,4.1832e+29,9.9000e+26,7.7000e+26,3.6100e+27,3.2000e+27,5.8508e+08,1.3946e+03,1.8635e+09,1.9669e-14,3.9361e+07,8.7031e+01,6.6595e+05,6.6572e+05,15.7,83.5,0.2,0.6,1.1356e+30,1.1028e+30,3.2420e+28,4.2000e+26,3.4822e+28,0.0000e+00,97.1,2.9,0.0
4,1.1181e+30,1.7699e+29,9.3285e+29,1.5000e+27,6.7800e+27,1.3069e+29,4.6300e+28,5.1306e+29,4.1979e+29,8.3000e+26,6.7000e+26,3.2200e+27,3.5600e+27,5.7982e+08,1.3965e+03,1.7250e+09,1.6258e-14,3.8902e+07,8.7145e+01,6.6572e+05,6.6543e+05,15.8,83.4,0.1,0.6,1.1198e+30,1.0880e+30,3.1520e+28,3.2000e+26,3.4541e+28,0.0000e+00,97.2,2.8,0.0
5,1.1097e+30,1.7485e+29,9.2632e+29,1.7300e+27,6.7800e+27,1.2841e+29,4.6440e+28,5.0458e+29,4.2174e+29,9.5000e+26,7.8000e+26,3.5100e+27,3.2700e+27,5.7626e+08,1.3988e+03,2.3368e+09,1.3410e-14,3.8563e+07,8.7293e+01,6.6542e+05,6.6507e+05,15.8,83.5,0.2,0.6,1.1092e+30,1.0774e+30,3.1310e+28,4.7000e+26,3.4507e+28,0.0000e+00,97.1,2.8,0.0
6,1.1144e+30,1.7384e+29,9.3199e+29,1.7300e+27,6.8100e+27,1.2729e+29,4.6550e+28,5.0066e+29,4.3133e+29,1.0100e+27,7.2000e+26,3.3800e+27,3.4300e+27,5.7256e+08,1.4017e+03,2.1210e+09,1.1046e-14,3.8363e+07,8.7481e+01,6.6506e+05,6.6464e+05,15.6,83.6,0.2,0.6,1.1147e+30,1.0823e+30,3.1930e+28,4.9000e+26,3.4720e+28,0.0000e+00,97.1,2.9,0.0
7,1.0754e+30,1.6949e+29,8.9766e+29,1.4600e+27,6.7500e+27,1.2375e+29,4.5740e+28,4.7980e+29,4.1786e+29,8.5000e+26,6.1000e+26,3.2800e+27,3.4700e+27,5.6799e+08,1.4054e+03,1.9584e+09,9.1122e-15,3.8112e+07,8.7700e+01,6.6464e+05,6.6415e+05,15.8,83.5,0.1,0.6,1.0779e+30,1.0472e+30,3.0050e+28,5.8000e+26,3.4419e+28,0.0000e+00,97.2,2.8,0.1
8,1.0839e+30,1.7092e+29,9.0442e+29,1.7400e+27,6.8100e+27,1.2403e+29,4.6890e+28,4.8552e+29,4.1890e+29,9.6000e+26,7.8000e+26,3.2400e+27,3.5700e+27,5.6461e+08,1.4093e+03,1.7802e+09,7.5218e-15,3.6690e+07,8.7954e+01,6.6415e+05,6.6359e+05,15.8,83.4,0.2,0.6,1.0833e+30,1.0518e+30,3.0900e+28,5.5000e+26,3.4618e+28,0.0000e+00,97.1,2.9,0.1
9,1.0804e+30,1.6596e+29,9.0593e+29,1.7200e+27,6.8000e+27,1.2088e+29,4.5080e+28,4.8244e+29,4.2349e+29,1.0300e+27,6.9000e+26,3.4400e+27,3.3600e+27,5.5941e+08,1.4140e+03,1.7089e+09,6.2168e-15,3.7221e+07,8.8249e+01,6.6359e+05,6.6297e+05,15.4,83.9,0.2,0.6,1.0808e+30,1.0485e+30,3.1610e+28,6.3000e+26,3.4557e+28,0.0000e+00,97.0,2.9,0.1
10,1.0789e+30,1.6735e+29,9.0317e+29,1.5700e+27,6.8300e+27,1.2054e+29,4.6810e+28,4.8068e+29,4.2249e+29,7.6000e+26,8.1000e+26,3.3000e+27,3.5300e+27,5.5475e+08,1.4192e+03,1.6987e+09,5.1512e-15,3.7024e+07,8.8578e+01,6.6297e+05,6.6229e+05,15.5,83.7,0.1,0.6,1.0783e+30,1.0472e+30,3.0620e+28,5.1000e+26,3.4489e+28,0.0000e+00,97.1,2.8,0.0
11,1.0644e+30,1.6780e+29,8.8835e+29,1.4300e+27,6.7800e+27,1.2010e+29,4.7700e+28,4.7221e+29,4.1614e+29,7.9000e+26,6.4000e+26,3.3700e+27,3.4100e+27,5.5016e+08,1.4250e+03,1.8292e+09,4.2866e-15,3.6119e+07,8.8947e+01,6.6228e+05,6.6154e+05,15.8,83.5,0.1,0.6,1.0659e+30,1.0359e+30,2.9650e+28,4.2000e+26,3.4415e+28,0.0000e+00,97.2,2.8,0.0
12,1.0587e+30,1.6373e+29,8.8677e+29,1.4400e+27,6.7200e+27,1.1778e+29,4.5950e+28,4.7166e+29,4.1511e+29,7.8000e+26,6.6000e+26,3.5300e+27,3.1900e+27,5.4685e+08,1.4314e+03,1.7176e+09,3.5858e-15,3.5648e+07,8.9351e+01,6.6153e+05,6.6073e+05,15.5,83.8,0.1,0.6,1.0577e+30,1.0273e+30,2.9810e+28,5.1000e+26,3.4334e+28,0.0000e+00,97.1,2.8,0.0
13,1.0578e+30,1.6332e+29,8.8595e+29,1.7600e+27,6.7500e+27,1.1686e+29,4.6460e+28,4.6657e+29,4.1938e+29,9.9000e+26,7.7000e+26,3.4000e+27,3.3500e+27,5.4136e+08,1.4384e+03,1.8601e+09,3.0145e-15,3.5571e+07,8.9793e+01,6.6072e+05,6.5985e+05,15.4,83.8,0.2,0.6,1.0593e+30,1.0288e+30,2.9940e+28,6.5000e+26,3.4247e+28,0.0000e+00,97.1,2.8,0.1
14,1.0492e+30,1.6282e+29,8.7770e+29,1.8600e+27,6.8500e+27,1.1663e+29,4.6190e+28,4.6355e+29,4.1415e+29,9.5000e+26,9.1000e+26,3.4300e+27,3.4200e+27,5.3590e+08,1.4460e+03,1.6127e+09,2.5483e-15,3.5607e+07,9.0273e+01,6.5985e+05,6.5891e+05,15.5,83.7,0.2,0.7,1.0484e+30,1.0180e+30,2.9590e+28,8.1000e+26,3.4403e+28,0.0000e+00,97.1,2.8,0.1
15,1.0402e+30,1.6228e+29,8.6955e+29,1.6200e+27,6.7300e+27,1.1606e+29,4.6220e+28,4.5879e+29,4.1076e+29,1.0000e+27,6.2000e+26,3.3200e+27,3.4100e+27,5.3075e+08,1.4542e+03,1.5916e+09,2.1694e-15,3.5738e+07,9.0803e+01,6.5891e+05,6.5791e+05,15.6,83.6,0.2,0.6,1.0413e+30,1.0116e+30,2.8860e+28,8.1000e+26,3.4302e+28,0.0000e+00,97.2,2.8,0.1
16,1.0240e+30,1.6001e+29,8.5560e+29,1.6800e+27,6.7500e+27,1.1345e+29,4.6560e+28,4.5974e+29,3.9586e+29,9.1000e+26,7.7000e+26,3.4500e+27,3.3000e+27,5.2657e+08,1.4631e+03,1.6437e+09,1.8614e-15,3.6089e+07,9.1362e+01,6.5790e+05,6.5685e+05,15.6,83.6,0.2,0.7,1.0255e+30,9.9575e+29,2.8890e+28,8.9000e+26,3.4195e+28,0.0000e+00,97.1,2.8,0.1
17,1.0227e+30,1.6083e+29,8.5325e+29,1.8600e+27,6.7800e+27,1.1343e+29,4.7400e+28,4.5495e+29,3.9830e+29,1.0000e+27,8.6000e+26,3.5000e+27,3.2800e+27,5.2252e+08,1.4726e+03,1.8025e+09,1.6137e-15,3.6068e+07,9.1958e+01,6.5684e+05,6.5573e+05,15.7,83.4,0.2,0.7,1.0225e+30,9.9350e+29,2.7900e+28,1.1100e+27,3.4081e+28,0.0000e+00,97.2,2.7,0.1
18,1.0181e+30,1.6125e+29,8.4821e+29,1.7900e+27,6.8700e+27,1.1435e+29,4.6900e+28,4.5505e+29,3.9316e+29,9.0000e+26,8.9000e+26,3.3800e+27,3.4900e+27,5.1801e+08,1.4826e+03,1.5418e+09,1.4116e-15,3.4897e+07,9.2599e+01,6.5572e+05,6.5453e+05,15.8,83.3,0.2,0.7,1.0203e+30,9.9138e+29,2.7910e+28,9.7000e+26,3.4208e+28,0.0000e+00,97.2,2.7,0.1
19,9.7484e+29,1.5862e+29,8.0796e+29,1.4400e+27,6.8200e+27,1.1124e+29,4.7380e+28,4.3119e+29,3.7677e+29,8.1000e+26,6.3000e+26,3.3400e+27,3.4800e+27,5.1330e+08,1.4935e+03,1.5627e+09,1.2498e-15,3.4329e+07,9.3287e+01,6.5453e+05,6.5329e+05,16.3,82.9,0.1,0.7,9.7612e+29,9.4917e+29,2.5870e+28,1.0800e+27,3.4081e+28,0.0000e+00,97.2,2.7,0.1
20,9.7202e+29,1.5875e+29,8.0482e+29,1.6400e+27,6.8100e+27,1.1112e+29,4.7630e+28,4.2633e+29,3.7849e+29,9.6000e+26,6.8000e+26,3.7000e+27,3.1100e+27,5.1012e+08,1.5051e+03,1.5762e+09,1.1218e-15,3.4241e+07,9.4014e+01,6.5328e+05,6.5198e+05,16.3,82.8,0.2,0.7,9.7169e+29,9.4460e+29,2.5840e+28,1.2500e+27,3.3948e+28,0.0000e+00,97.2,2.7,0.1
21,9.4890e+29,1.5647e+29,7.8423e+29,1.4100e+27,6.7900e+27,1.0940e+29,4.7070e+28,4.1285e+29,3.7138e+29,8.6000e+26,5.5000e+26,3.5600e+27,3.2300e+27,5.0622e+08,1.5172e+03,1.6756e+09,1.0199e-15,3.3817e+07,9.4786e+01,6.5197e+05,6.5062e+05,16.5,82.6,0.1,0.7,9.5052e+29,9.2396e+29,2.5070e+28,1.4900e+27,3.3810e+28,0.0000e+00,97.2,2.6,0.2
22,9.3124e+29,1.5610e+29,7.6679e+29,1.4900e+27,6.8600e+27,1.0960e+29,4.6500e+28,3.9912e+29,3.6767e+29,9.1000e+26,5.8000e+26,3.2700e+27,3.5900e+27,5.0268e+08,1.5299e+03,1.6168e+09,9.3955e-16,3.3358e+07,9.5598e+01,6.5061e+05,6.4919e+05,16.8,82.3,0.2,0.7,9.3276e+29,9.0666e+29,2.4380e+28,1.7200e+27,3.3908e+28,0.0000e+00,97.2,2.6,0.2
23,9.0234e+29,1.5455e+29,7.3935e+29,1.7100e+27,6.7300e+27,1.0834e+29,4.6210e+28,3.9309e+29,3.4626e+29,9.3000e+26,7.8000e+26,3.4400e+27,3.2900e+27,4.9844e+08,1.5435e+03,1.7120e+09,8.7951e-16,3.2194e+07,9.6461e+01,6.4918e+05,6.4771e+05,17.1,81.9,0.2,0.7,9.0384e+29,8.7845e+29,2.3670e+28,1.7200e+27,3.3757e+28,0.0000e+00,97.2,2.6,0.2
24,8.7980e+29,1.5286e+29,7.1865e+29,1.5400e+27,6.7500e+27,1.0694e+29,4.5920e+28,3.8295e+29,3.3570e+29,8.1000e+26,7.3000e+26,3.2600e+27,3.4900e+27,4.9379e+08,1.5577e+03,1.4908e+09,8.3712e-16,3.1758e+07,9.7370e+01,6.4770e+05,6.4617e+05,17.4,81.7,0.2,0.8,8.8119e+29,8.5698e+29,2.2240e+28,1.9700e+27,3.3600e+28,0.0000e+00,97.3,2.5,0.2
25,8.6895e+29,1.5410e+29,7.0658e+29,1.5200e+27,6.7500e+27,1.0674e+29,4.7360e+28,3.6252e+29,3.4406e+29,8.6000e+26,6.6000e+26,3.3800e+27,3.3700e+27,4.8958e+08,1.5727e+03,1.5686e+09,8.0964e-16,3.1189e+07,9.8322e+01,6.4616e+05,6.4457e+05,17.7,81.3,0.2,0.8,8.6989e+29,8.4559e+29,2.2170e+28,2.1300e+27,3.3676e+28,0.0000e+00,97.2,2.5,0.2
26,8.5650e+29,1.5215e+29,6.9578e+29,1.7400e+27,6.8300e+27,1.0528e+29,4.6870e+28,3.6055e+29,3.3523e+29,9.7000e+26,7.7000e+26,3.2500e+27,3.5800e+27,4.8507e+08,1.5886e+03,1.7263e+09,7.9791e-16,3.0385e+07,9.9330e+01,6.4456e+05,6.4292e+05,17.8,81.2,0.2,0.8,8.5668e+29,8.3206e+29,2.1820e+28,2.8000e+27,3.3506e+28,0.0000e+00,97.1,2.5,0.3
27,8.4837e+29,1.5233e+29,6.8768e+29,1.5600e+27,6.8000e+27,1.0547e+29,4.6860e+28,3.5509e+29,3.3259e+29,9.1000e+26,6.5000e+26,3.3600e+27,3.4400e+27,4.8032e+08,1.6051e+03,1.4531e+09,7.9700e-16,3.0634e+07,1.0038e+02,6.4291e+05,6.4121e+05,18.0,81.1,0.2,0.8,8.4955e+29,8.2579e+29,2.0990e+28,2.7700e+27,3.3568e+28,0.0000e+00,97.2,2.5,0.3
28,8.2135e+29,1.4931e+29,6.6357e+29,1.6100e+27,6.8600e+27,1.0240e+29,4.6910e+28,3.4601e+29,3.1756e+29,8.2000e+26,7.9000e+26,3.3000e+27,3.5600e+27,4.7621e+08,1.6225e+03,1.5347e+09,8.0092e-16,3.1054e+07,1.0149e+02,6.4119e+05,6.3944e+05,18.2,80.8,0.2,0.8,8.2276e+29,8.0051e+29,1.9380e+28,2.8700e+27,3.3386e+28,0.0000e+00,97.3,2.4,0.3
29,7.9750e+29,1.4823e+29,6.4052e+29,1.9300e+27,6.8200e+27,1.0254e+29,4.5690e+28,3.2812e+29,3.1240e+29,1.0100e+27,9.2000e+26,3.3200e+27,3.5000e+27,4.7154e+08,1.6407e+03,1.4123e+09,8.2011e-16,3.0950e+07,1.0265e+02,6.3943e+05,6.3763e+05,18.6,80.3,0.2,0.9,7.9947e+29,7.7684e+29,1.9440e+28,3.1900e+27,3.3199e+28,0.0000e+00,97.2,2.4,0.4
30,7.7715e+29,1.4924e+29,6.1935e+29,1.7200e+27,6.8400e+27,1.0282e+29,4.6420e+28,3.1749e+29,3.0186e+29,9.5000e+26,7.7000e+26,3.5200e+27,3.3200e+27,4.6815e+08,1.6597e+03,1.6355e+09,8.5584e-16,3.0761e+07,1.0386e+02,6.3761e+05,6.3575e+05,19.2,79.7,0.2,0.9,7.7730e+29,7.5525e+29,1.8470e+28,3.5800e+27,3.3240e+28,0.0000e+00,97.2,2.4,0.5
31,7.6293e+29,1.4740e+29,6.0732e+29,1.4800e+27,6.7300e+27,1.0167e+29,4.5730e+28,3.1888e+29,2.8844e+29,8.4000e+26,6.4000e+26,3.1500e+27,3.5800e+27,4.6403e+08,1.6797e+03,1.4565e+09,9.1029e-16,3.0794e+07,1.0514e+02,6.3574e+05,6.3383e+05,19.3,79.6,0.2,0.9,7.6429e+29,7.4242e+29,1.8010e+28,3.8600e+27,3.3042e+28,0.0000e+00,97.1,2.4,0.5
32,7.5757e+29,1.4704e+29,6.0225e+29,1.5000e+27,6.7800e+27,1.0144e+29,4.5600e+28,3.1358e+29,2.8867e+29,9.0000e+26,6.0000e+26,3.4400e+27,3.3400e+27,4.6127e+08,1.7005e+03,1.6090e+09,9.8958e-16,2.9916e+07,1.0646e+02,6.3382e+05,6.3185e+05,19.4,79.5,0.2,0.9,7.5689e+29,7.3550e+29,1.7190e+28,4.2000e+27,3.3068e+28,0.0000e+00,97.2,2.3,0.6
33,7.5274e+29,1.4895e+29,5.9537e+29,1.6700e+27,6.7500e+27,1.0283e+29,4.6120e+28,3.0823e+29,2.8714e+29,9.9000e+26,6.8000e+26,3.6000e+27,3.1500e+27,4.5695e+08,1.7223e+03,1.4716e+09,1.0980e-15,2.9389e+07,1.0785e+02,6.3184e+05,6.2983e+05,19.8,79.1,0.2,0.9,7.5398e+29,7.3297e+29,1.6770e+28,4.2400e+27,3.2859e+28,0.0000e+00,97.2,2.2,0.6
34,7.2032e+29,1.4647e+29,5.6542e+29,1.5500e+27,6.8800e+27,1.0068e+29,4.5790e+28,2.9133e+29,2.7409e+29,8.9000e+26,6.6000e+26,3.5400e+27,3.3400e+27,4.5371e+08,1.7449e+03,1.2097e+09,1.2426e-15,2.9460e+07,1.0929e+02,6.2982e+05,6.2775e+05,20.3,78.5,0.2,1.0,7.2164e+29,7.0186e+29,1.5390e+28,4.3900e+27,3.2871e+28,0.0000e+00,97.3,2.1,0.6
35,7.1269e+29,1.4514e+29,5.5932e+29,1.3800e+27,6.8500e+27,1.0055e+29,4.4590e+28,2.9369e+29,2.6563e+29,7.5000e+26,6.3000e+26,3.4200e+27,3.4300e+27,4.5019e+08,1.7686e+03,1.2467e+09,1.4369e-15,2.9247e+07,1.1081e+02,6.2773e+05,6.2563e+05,20.4,78.5,0.2,1.0,7.1410e+29,6.9438e+29,1.5230e+28,4.4900e+27,3.2651e+28,0.0000e+00,97.2,2.1,0.6
36,6.9834e+29,1.4556e+29,5.4430e+29,1.6700e+27,6.8100e+27,1.0050e+29,4.5060e+28,2.8460e+29,2.5970e+29,8.5000e+26,8.2000e+26,3.2700e+27,3.5400e+27,4.4617e+08,1.7933e+03,1.3740e+09,1.6946e-15,2.9086e+07,1.1238e+02,6.2561e+05,6.2345e+05,20.8,77.9,0.2,1.0,6.9799e+29,6.7843e+29,1.4930e+28,4.6300e+27,3.2650e+28,0.0000e+00,97.2,2.1,0.7
37,6.9517e+29,1.4468e+29,5.4225e+29,1.4500e+27,6.7900e+27,9.9150e+28,4.5530e+28,2.8232e+29,2.5993e+29,7.8000e+26,6.7000e+26,3.5000e+27,3.2900e+27,4.4154e+08,1.8191e+03,1.3198e+09,2.0347e-15,2.8883e+07,1.1404e+02,6.2343e+05,6.2123e+05,20.8,78.0,0.2,1.0,6.9631e+29,6.7697e+29,1.4350e+28,4.9900e+27,3.2419e+28,0.0000e+00,97.2,2.1,0.7
38,6.6759e+29,1.4183e+29,5.1746e+29,1.4500e+27,6.8500e+27,9.7390e+28,4.4440e+28,2.6570e+29,2.5176e+29,8.4000e+26,6.1000e+26,3.5400e+27,3.3100e+27,4.3761e+08,1.8458e+03,1.2269e+09,2.4900e-15,2.8291e+07,1.1574e+02,6.2121e+05,6.1896e+05,21.2,77.5,0.2,1.0,6.6786e+29,6.4865e+29,1.3900e+28,5.3100e+27,3.2405e+28,0.0000e+00,97.1,2.1,0.8
39,6.5966e+29,1.4216e+29,5.0933e+29,1.3300e+27,6.8400e+27,9.7680e+28,4.4480e+28,2.6102e+29,2.4831e+29,7.0000e+26,6.3000e+26,3.4700e+27,3.3700e+27,4.3313e+08,1.8738e+03,1.2400e+09,3.1092e-15,2.8002e+07,1.1752e+02,6.1894e+05,6.1666e+05,21.6,77.2,0.2,1.0,6.5990e+29,6.4145e+29,1.3270e+28,5.1800e+27,3.2164e+28,0.0000e+00,97.2,2.0,0.8
40,6.5590e+29,1.4226e+29,5.0548e+29,1.4400e+27,6.7200e+27,9.6590e+28,4.5670e+28,2.5584e+29,2.4964e+29,8.6000e+26,5.8000e+26,3.3600e+27,3.3600e+27,4.2990e+08,1.9029e+03,1.4621e+09,3.9479e-15,2.7117e+07,1.1937e+02,6.1664e+05,6.1430e+05,21.7,77.1,0.2,1.0,6.5724e+29,6.3832e+29,1.3210e+28,5.7100e+27,3.2137e+28,0.0000e+00,97.1,2.0,0.9
41,6.3873e+29,1.4206e+29,4.8828e+29,1.5000e+27,6.8900e+27,9.7330e+28,4.4730e+28,2.4659e+29,2.4169e+29,7.7000e+26,7.3000e+26,3.6400e+27,3.2500e+27,4.2582e+08,1.9329e+03,1.2531e+09,5.1047e-15,2.6395e+07,1.2131e+02,6.1428e+05,6.1189e+05,22.2,76.4,0.2,1.1,6.3946e+29,6.2080e+29,1.3210e+28,5.4500e+27,3.2103e+28,0.0000e+00,97.1,2.1,0.9
42,6.2379e+29,1.4003e+29,4.7571e+29,1.2900e+27,6.7600e+27,9.6380e+28,4.3650e+28,2.4440e+29,2.3131e+29,8.5000e+26,4.4000e+26,3.3600e+27,3.4000e+27,4.2225e+08,1.9645e+03,1.1705e+09,6.7175e-15,2.5704e+07,1.2333e+02,6.1187e+05,6.0945e+05,22.4,76.3,0.2,1.1,6.2421e+29,6.0612e+29,1.2310e+28,5.7800e+27,3.1847e+28,0.0000e+00,97.1,2.0,0.9
43,6.3789e+29,1.4169e+29,4.8774e+29,1.5700e+27,6.8900e+27,9.7140e+28,4.4550e+28,2.5353e+29,2.3421e+29,7.2000e+26,8.5000e+26,3.4900e+27,3.4000e+27,4.2015e+08,1.9972e+03,1.3861e+09,8.9772e-15,2.5447e+07,1.2544e+02,6.0943e+05,6.0696e+05,22.2,76.5,0.2,1.1,6.3675e+29,6.1934e+29,1.2060e+28,5.3500e+27,3.1800e+28,0.0000e+00,97.3,1.9,0.8
44,6.3079e+29,1.4138e+29,4.8080e+29,1.5700e+27,7.0400e+27,9.6860e+28,4.4520e+28,2.4962e+29,2.3118e+29,9.1000e+26,6.6000e+26,3.6500e+27,3.3900e+27,4.1780e+08,2.0312e+03,1.3412e+09,8.5962e-15,2.5740e+07,1.2761e+02,6.0695e+05,6.0445e+05,22.4,76.2,0.2,1.1,6.3244e+29,6.1445e+29,1.1940e+28,6.0500e+27,3.1537e+28,0.0000e+00,97.2,1.9,1.0
45,6.1798e+29,1.3927e+29,4.7051e+29,1.3500e+27,6.8500e+27,9.6720e+28,4.2550e+28,2.4514e+29,2.2537e+29,7.7000e+26,5.8000e+26,3.4100e+27,3.4400e+27,4.1469e+08,2.0665e+03,1.1936e+09,5.4642e-15,2.5777e+07,1.2987e+02,6.0443e+05,6.0189e+05,22.5,76.1,0.2,1.1,6.1805e+29,6.0096e+29,1.1420e+28,5.6700e+27,3.1478e+28,0.0000e+00,97.2,1.8,0.9
46,6.1471e+29,1.4067e+29,4.6591e+29,1.2400e+27,6.8900e+27,9.7260e+28,4.3410e+28,2.4134e+29,2.2457e+29,7.2000e+26,5.2000e+26,3.3400e+27,3.5500e+27,4.1188e+08,2.1025e+03,1.5770e+09,3.3221e-15,2.5439e+07,1.3216e+02,6.0187e+05,5.9928e+05,22.9,75.8,0.2,1.1,6.1515e+29,5.9805e+29,1.1440e+28,5.6600e+27,3.1413e+28,0.0000e+00,97.2,1.9,0.9
47,5.9381e+29,1.4002e+29,4.4589e+29,1.1000e+27,6.8000e+27,9.8100e+28,4.1920e+28,2.3453e+29,2.1136e+29,6.5000e+26,4.5000e+26,3.3900e+27,3.4100e+27,4.0911e+08,2.1398e+03,1.2558e+09,1.9288e-15,2.4620e+07,1.3454e+02,5.9926e+05,5.9663e+05,23.6,75.1,0.2,1.1,5.9492e+29,5.7772e+29,1.1510e+28,5.6900e+27,3.1340e+28,0.0000e+00,97.1,1.9,1.0
48,6.0031e+29,1.4032e+29,4.5191e+29,1.3000e+27,6.7800e+27,9.7740e+28,4.2580e+28,2.3767e+29,2.1424e+29,6.9000e+26,6.1000e+26,3.5100e+27,3.2700e+27,4.0640e+08,2.1786e+03,1.2531e+09,1.0668e-15,2.4268e+07,1.3702e+02,5.9662e+05,5.9396e+05,23.4,75.3,0.2,1.1,5.9905e+29,5.8222e+29,1.1050e+28,5.7800e+27,3.1058e+28,0.0000e+00,97.2,1.8,1.0
49,6.0750e+29,1.4089e+29,4.5842e+29,1.3100e+27,6.8800e+27,9.9780e+28,4.1110e+28,2.3909e+29,2.1933e+29,7.0000e+26,6.1000e+26,3.2300e+27,3.6500e+27,4.0304e+08,2.2186e+03,1.1491e+09,5.5681e-16,2.3352e+07,1.3956e+02,5.9395e+05,5.9125e+05,23.2,75.5,0.2,1.1,6.0833e+29,5.9166e+29,1.0770e+28,5.9000e+27,3.0976e+28,0.0000e+00,97.3,1.8,1.0
50,6.0319e+29,1.4107e+29,4.5418e+29,1.1400e+27,6.8000e+27,9.9930e+28,4.1140e+28,2.3713e+29,2.1705e+29,6.7000e+26,4.7000e+26,3.4100e+27,3.3900e+27,4.0083e+08,2.2602e+03,1.3623e+09,2.7238e-16,2.2868e+07,1.4222e+02,5.9124e+05,5.8850e+05,23.4,75.3,0.2,1.1,6.0283e+29,5.8585e+29,1.0900e+28,6.0800e+27,3.0886e+28,0.0000e+00,97.2,1.8,1.0
51,5.9453e+29,1.3937e+29,4.4688e+29,1.4100e+27,6.8700e+27,9.8530e+28,4.0840e+28,2.2728e+29,2.1960e+29,7.6000e+26,6.5000e+26,3.5700e+27,3.3000e+27,3.9816e+08,2.3035e+03,1.3616e+09,1.2406e-16,2.2032e+07,1.4502e+02,5.8849e+05,5.8574e+05,23.4,75.2,0.2,1.2,5.9538e+29,5.7860e+29,1.0570e+28,6.2100e+27,3.0593e+28,0.0000e+00,97.2,1.8,1.0
52,5.9553e+29,1.4184e+29,4.4564e+29,1.2300e+27,6.8200e+27,1.0102e+29,4.0820e+28,2.2952e+29,2.1612e+29,6.2000e+26,6.1000e+26,3.4300e+27,3.3900e+27,3.9569e+08,2.3481e+03,1.2693e+09,5.1598e-17,2.0908e+07,1.4783e+02,5.8572e+05,5.8291e+05,23.8,74.8,0.2,1.1,5.9571e+29,5.7916e+29,1.0400e+28,6.1500e+27,3.0689e+28,0.0000e+00,97.2,1.7,1.0
53,5.7496e+29,1.3929e+29,4.2740e+29,1.3800e+27,6.8900e+27,9.8850e+28,4.0440e+28,2.1959e+29,2.0781e+29,7.8000e+26,6.0000e+26,3.3300e+27,3.5600e+27,3.9373e+08,2.3949e+03,1.1647e+09,1.9555e-17,2.0611e+07,1.5087e+02,5.8290e+05,5.8008e+05,24.2,74.3,0.2,1.2,5.7580e+29,5.5961e+29,9.6200e+27,6.5700e+27,3.0387e+28,0.0000e+00,97.2,1.7,1.1
54,5.7705e+29,1.4014e+29,4.2881e+29,1.3000e+27,6.8000e+27,9.9450e+28,4.0690e+28,2.2651e+29,2.0230e+29,6.7000e+26,6.3000e+26,3.3600e+27,3.4400e+27,3.9184e+08,2.4431e+03,1.1392e+09,6.5723e-18,2.0255e+07,1.5389e+02,5.8006e+05,5.7721e+05,24.3,74.3,0.2,1.2,5.7694e+29,5.6024e+29,1.0180e+28,6.5200e+27,3.0276e+28,0.0000e+00,97.1,1.8,1.1
55,5.8551e+29,1.4011e+29,4.3755e+29,1.0800e+27,6.7700e+27,1.0089e+29,3.9220e+28,2.3042e+29,2.0713e+29,6.2000e+26,4.6000e+26,3.1800e+27,3.5900e+27,3.8911e+08,2.4932e+03,1.0896e+09,1.9327e-18,1.9885e+07,1.5718e+02,5.7719e+05,5.7432e+05,23.9,74.7,0.2,1.2,5.8535e+29,5.6918e+29,9.9600e+27,6.2100e+27,2.9970e+28,0.0000e+00,97.2,1.7,1.1
56,5.8987e+29,1.3955e+29,4.4232e+29,1.0500e+27,6.9500e+27,1.0026e+29,3.9290e+28,2.2573e+29,2.1659e+29,6.3000e+26,4.2000e+26,3.4300e+27,3.5200e+27,3.8692e+08,2.5449e+03,1.3693e+09,4.7216e-19,1.9571e+07,1.6042e+02,5.7430e+05,5.7139e+05,23.7,75.0,0.2,1.2,5.9066e+29,5.7470e+29,9.5600e+27,6.4000e+27,3.0037e+28,0.0000e+00,97.3,1.6,1.1
57,5.7412e+29,1.4025e+29,4.2579e+29,1.2000e+27,6.8800e+27,1.0140e+29,3.8850e+28,2.1886e+29,2.0693e+29,6.6000e+26,5.4000e+26,3.3400e+27,3.5400e+27,3.8557e+08,2.5990e+03,1.3486e+09,9.3286e-20,1.9143e+07,1.6388e+02,5.7137e+05,5.6845e+05,24.4,74.2,0.2,1.2,5.7451e+29,5.5881e+29,9.4500e+27,6.2500e+27,2.9724e+28,0.0000e+00,97.3,1.6,1.1
58,5.6454e+29,1.4035e+29,4.1621e+29,1.0300e+27,6.9500e+27,1.0212e+29,3.8230e+28,2.1544e+29,2.0077e+29,4.2000e+26,6.1000e+26,3.5400e+27,3.4100e+27,3.8429e+08,2.6548e+03,1.5227e+09,1.3609e-20,1.8773e+07,1.6745e+02,5.6843e+05,5.6546e+05,24.9,73.7,0.2,1.2,5.6411e+29,5.4792e+29,9.7600e+27,6.4300e+27,2.9776e+28,0.0000e+00,97.1,1.7,1.1
59,5.7609e+29,1.4183e+29,4.2638e+29,1.1000e+27,6.7800e+27,1.0255e+29,3.9280e+28,2.2126e+29,2.0512e+29,4.9000e+26,6.1000e+26,3.3800e+27,3.4000e+27,3.8346e+08,2.7131e+03,1.0809e+09,1.0066e-20,1.7889e+07,1.7116e+02,5.6544e+05,5.6246e+05,24.6,74.0,0.2,1.2,5.7614e+29,5.5993e+29,9.5700e+27,6.6400e+27,2.9456e+28,0.0000e+00,97.2,1.7,1.2
60,5.7290e+29,1.4003e+29,4.2479e+29,1.1900e+27,6.8900e+27,1.0305e+29,3.6980e+28,2.2657e+29,1.9822e+29,5.6000e+26,6.3000e+26,3.6700e+27,3.2200e+27,3.8279e+08,2.7734e+03,1.2072e+09,5.7084e-17,1.7530e+07,1.7504e+02,5.6244e+05,5.5944e+05,24.4,74.1,0.2,1.2,5.7357e+29,5.5738e+29,1.0100e+28,6.0900e+27,2.9315e+28,0.0000e+00,97.2,1.8,1.1
61,5.7103e+29,1.3994e+29,4.2301e+29,1.2000e+27,6.8800e+27,1.0309e+29,3.6850e+28,2.2591e+29,1.9710e+29,6.5000e+26,5.5000e+26,3.2800e+27,3.6000e+27,3.8213e+08,2.8358e+03,1.2302e+09,1.2663e-18,1.6774e+07,1.7903e+02,5.5942e+05,5.5640e+05,24.5,74.1,0.2,1.2,5.7044e+29,5.5497e+29,9.4900e+27,5.9800e+27,2.9169e+28,0.0000e+00,97.3,1.7,1.0
62,5.7727e+29,1.4003e+29,4.2921e+29,1.1500e+27,6.8800e+27,1.0365e+29,3.6380e+28,2.3071e+29,1.9850e+29,5.6000e+26,5.9000e+26,3.2700e+27,3.6100e+27,3.8127e+08,2.9007e+03,1.2868e+09,1.0092e-20,1.6210e+07,1.8319e+02,5.5638e+05,5.5334e+05,24.3,74.4,0.2,1.2,5.7746e+29,5.6154e+29,9.5300e+27,6.3900e+27,2.9018e+28,0.0000e+00,97.2,1.7,1.1
63,5.6438e+29,1.4071e+29,4.1550e+29,1.3400e+27,6.8300e+27,1.0548e+29,3.5230e+28,2.2731e+29,1.8819e+29,6.3000e+26,7.1000e+26,3.4300e+27,3.4000e+27,3.8046e+08,2.9682e+03,1.0730e+09,1.0111e-20,1.5958e+07,1.8752e+02,5.5332e+05,5.5025e+05,24.9,73.6,0.2,1.2,5.6573e+29,5.5066e+29,9.0400e+27,6.0300e+27,2.8863e+28,0.0000e+00,97.3,1.6,1.1
64,5.6674e+29,1.4058e+29,4.1803e+29,1.2900e+27,6.8400e+27,1.0471e+29,3.5870e+28,2.2658e+29,1.9145e+29,7.4000e+26,5.5000e+26,3.4600e+27,3.3800e+27,3.7971e+08,3.0387e+03,1.2449e+09,1.0020e-20,2.2305e+07,1.9202e+02,5.5023e+05,5.4715e+05,24.8,73.8,0.2,1.2,5.6681e+29,5.5181e+29,8.9800e+27,6.0200e+27,2.8704e+28,0.0000e+00,97.4,1.6,1.1
65,5.6266e+29,1.4428e+29,4.1018e+29,1.3900e+27,6.8100e+27,1.0919e+29,3.5090e+28,2.0712e+29,2.0306e+29,8.7000e+26,5.2000e+26,3.5500e+27,3.2600e+27,3.7881e+08,3.1110e+03,1.2629e+09,1.0040e-20,2.2259e+07,1.9670e+02,5.4713e+05,5.4403e+05,25.6,72.9,0.2,1.2,5.6276e+29,5.4704e+29,8.8700e+27,6.8500e+27,2.8540e+28,0.0000e+00,97.2,1.6,1.2
66,5.8237e+29,1.4716e+29,4.2705e+29,1.3100e+27,6.8500e+27,1.1094e+29,3.6220e+28,2.1510e+29,2.1195e+29,7.9000e+26,5.2000e+26,3.4200e+27,3.4300e+27,3.7830e+08,3.1866e+03,1.1255e+09,1.0331e-20,2.1691e+07,2.0156e+02,5.4401e+05,5.4090e+05,25.3,73.3,0.2,1.2,5.8272e+29,5.6773e+29,9.0800e+27,5.9100e+27,2.8372e+28,0.0000e+00,97.4,1.6,1.0
67,5.7039e+29,1.5069e+29,4.1148e+29,1.3600e+27,6.8600e+27,1.1381e+29,3.6880e+28,2.1005e+29,2.0143e+29,6.9000e+26,6.7000e+26,3.6600e+27,3.2000e+27,3.7775e+08,3.2652e+03,1.0219e+09,2.2030e-19,2.0731e+07,2.0662e+02,5.4088e+05,5.3775e+05,26.4,72.1,0.2,1.2,5.6992e+29,5.5422e+29,9.2300e+27,6.4700e+27,2.8200e+28,0.0000e+00,97.2,1.6,1.1
68,5.8726e+29,1.5982e+29,4.1932e+29,1.2200e+27,6.9000e+27,1.2312e+29,3.6700e+28,2.1392e+29,2.0540e+29,7.1000e+26,5.1000e+26,3.4900e+27,3.4100e+27,3.7708e+08,3.3482e+03,9.9888e+08,4.5347e-17,2.0286e+07,2.1194e+02,5.3773e+05,5.3457e+05,27.2,71.4,0.2,1.2,5.8610e+29,5.7144e+29,8.3500e+27,6.3100e+27,2.8188e+28,0.0000e+00,97.5,1.4,1.1
69,5.9431e+29,1.5912e+29,4.2706e+29,1.2500e+27,6.8800e+27,1.2403e+29,3.5090e+28,2.1627e+29,2.1079e+29,7.5000e+26,5.0000e+26,3.4300e+27,3.4500e+27,3.7653e+08,3.4321e+03,1.0169e+09,1.0071e-20,1.9904e+07,2.1751e+02,5.3455e+05,5.3139e+05,26.8,71.9,0.2,1.2,5.9553e+29,5.7931e+29,9.6600e+27,6.5600e+27,2.7844e+28,0.0000e+00,97.3,1.6,1.1
70,5.8815e+29,1.6426e+29,4.1568e+29,1.3700e+27,6.8400e+27,1.2932e+29,3.4940e+28,2.1308e+29,2.0260e+29,6.6000e+26,7.1000e+26,3.4000e+27,3.4400e+27,3.7579e+08,3.5213e+03,1.1012e+09,3.4412e-20,1.9828e+07,2.2307e+02,5.3138e+05,5.2821e+05,27.9,70.7,0.2,1.2,5.8758e+29,5.7247e+29,8.6000e+27,6.5100e+27,2.7662e+28,0.0000e+00,97.4,1.5,1.1
71,5.7312e+29,1.6649e+29,3.9847e+29,1.2700e+27,6.8900e+27,1.3247e+29,3.4020e+28,2.0631e+29,1.9216e+29,7.4000e+26,5.3000e+26,3.3300e+27,3.5600e+27,3.7570e+08,3.6119e+03,1.0879e+09,4.3656e-19,1.8860e+07,2.2907e+02,5.2819e+05,5.2502e+05,29.0,69.5,0.2,1.2,5.7362e+29,5.5823e+29,8.3800e+27,7.0100e+27,2.7477e+28,0.0000e+00,97.3,1.5,1.2
72,5.8500e+29,1.7357e+29,4.0338e+29,1.1600e+27,6.8900e+27,1.3884e+29,3.4730e+28,2.0778e+29,1.9560e+29,6.2000e+26,5.4000e+26,3.4400e+27,3.4500e+27,3.7540e+08,3.7071e+03,1.1891e+09,3.8490e-18,1.8370e+07,2.3516e+02,5.2500e+05,5.2181e+05,29.7,69.0,0.2,1.2,5.8431e+29,5.6887e+29,8.4900e+27,6.9500e+27,2.7443e+28,0.0000e+00,97.4,1.5,1.2
73,6.0338e+29,1.7661e+29,4.1854e+29,1.3500e+27,6.8800e+27,1.4321e+29,3.3400e+28,2.2101e+29,1.9753e+29,7.6000e+26,5.9000e+26,3.1900e+27,3.6900e+27,3.8032e+08,3.8067e+03,9.7723e+08,2.6167e-17,1.8241e+07,2.4170e+02,5.2179e+05,5.1859e+05,29.3,69.4,0.2,1.1,6.0385e+29,5.8803e+29,8.9800e+27,6.8400e+27,2.7249e+28,0.0000e+00,97.4,1.5,1.1
74,5.9093e+29,1.7940e+29,4.0340e+29,1.3300e+27,6.8000e+27,1.4556e+29,3.3840e+28,2.1832e+29,1.8508e+29,6.5000e+26,6.8000e+26,3.3500e+27,3.4500e+27,3.8839e+08,3.9103e+03,9.7130e+08,1.4383e-16,1.8027e+07,2.4866e+02,5.1857e+05,5.1538e+05,30.4,68.3,0.2,1.2,5.9133e+29,5.7560e+29,8.7100e+27,7.0200e+27,2.6900e+28,0.0000e+00,97.3,1.5,1.2
75,6.2020e+29,1.8781e+29,4.2415e+29,1.3600e+27,6.8800e+27,1.5268e+29,3.5130e+28,2.2294e+29,2.0121e+29,8.3000e+26,5.3000e+26,3.5000e+27,3.3800e+27,3.9669e+08,4.0175e+03,1.1657e+09,4.2136e-16,1.7061e+07,2.5531e+02,5.1537e+05,5.1216e+05,30.3,68.4,0.2,1.1,6.1918e+29,6.0311e+29,8.7100e+27,7.3600e+27,2.6854e+28,0.0000e+00,97.4,1.4,1.2
76,6.1498e+29,1.8897e+29,4.1782e+29,1.3400e+27,6.8500e+27,1.5497e+29,3.4000e+28,2.2281e+29,1.9501e+29,7.8000e+26,5.6000e+26,3.4300e+27,3.4200e+27,4.0470e+08,4.1276e+03,1.3871e+09,7.4447e-17,1.7499e+07,2.6253e+02,5.1214e+05,5.0891e+05,30.7,67.9,0.2,1.1,6.1530e+29,5.9930e+29,8.7200e+27,7.2800e+27,2.6799e+28,0.0000e+00,97.4,1.4,1.2
77,6.2155e+29,1.9297e+29,4.2037e+29,1.4000e+27,6.8100e+27,1.6049e+29,3.2480e+28,2.1717e+29,2.0320e+29,7.9000e+26,6.1000e+26,3.1500e+27,3.6600e+27,4.1223e+08,4.2375e+03,1.1003e+09,9.8804e-18,1.7370e+07,2.6969e+02,5.0889e+05,5.0569e+05,31.0,67.6,0.2,1.1,6.2123e+29,6.0478e+29,8.8900e+27,7.5600e+27,2.6447e+28,0.0000e+00,97.4,1.4,1.2
78,6.2461e+29,1.9894e+29,4.1757e+29,1.2400e+27,6.8600e+27,1.6626e+29,3.2680e+28,2.2038e+29,1.9719e+29,6.5000e+26,5.9000e+26,3.4000e+27,3.4600e+27,4.2001e+08,4.3525e+03,1.1534e+09,8.6902e-19,1.6245e+07,2.7678e+02,5.0567e+05,5.0244e+05,31.9,66.9,0.2,1.1,6.2471e+29,6.0857e+29,8.8800e+27,7.2600e+27,2.6385e+28,0.0000e+00,97.4,1.4,1.2
79,6.2088e+29,2.0300e+29,4.0991e+29,1.1800e+27,6.7900e+27,1.6987e+29,3.3130e+28,2.2454e+29,1.8537e+29,6.6000e+26,5.2000e+26,3.5700e+27,3.2200e+27,4.2875e+08,4.4693e+03,9.6403e+08,4.2962e-20,1.5659e+07,2.8440e+02,5.0243e+05,4.9922e+05,32.7,66.0,0.2,1.1,6.2109e+29,6.0545e+29,8.0000e+27,7.6400e+27,2.6033e+28,0.0000e+00,97.5,1.3,1.2
80,6.3255e+29,2.0946e+29,4.1477e+29,1.4500e+27,6.8700e+27,1.7735e+29,3.2110e+28,2.2561e+29,1.8916e+29,8.1000e+26,6.4000e+26,3.6800e+27,3.1900e+27,4.3834e+08,4.5929e+03,9.5128e+08,1.0122e-20,1.4991e+07,2.9227e+02,4.9921e+05,4.9599e+05,33.1,65.6,0.2,1.1,6.3308e+29,6.1626e+29,8.9000e+27,7.9200e+27,2.5964e+28,0.0000e+00,97.3,1.4,1.3
81,6.3900e+29,2.1674e+29,4.1414e+29,1.2800e+27,6.8400e+27,1.8326e+29,3.3480e+28,2.3171e+29,1.8243e+29,6.8000e+26,6.0000e+26,3.4400e+27,3.4000e+27,4.4798e+08,4.7192e+03,1.1612e+09,1.4303e-18,1.4601e+07,3.0057e+02,4.9597e+05,4.9274e+05,33.9,64.8,0.2,1.1,6.3885e+29,6.2230e+29,8.6400e+27,7.9100e+27,2.5889e+28,0.0000e+00,97.4,1.4,1.2
82,6.3041e+29,2.1862e+29,4.0341e+29,1.5300e+27,6.8500e+27,1.8634e+29,3.2280e+28,2.2788e+29,1.7553e+29,7.6000e+26,7.7000e+26,3.7000e+27,3.1500e+27,4.5763e+08,4.8525e+03,1.0785e+09,1.0297e-20,1.4725e+07,3.0910e+02,4.9272e+05,4.8950e+05,34.7,64.0,0.2,1.1,6.3101e+29,6.1451e+29,8.8200e+27,7.6800e+27,2.5671e+28,0.0000e+00,97.4,1.4,1.2
83,6.5337e+29,2.2155e+29,4.2368e+29,1.4000e+27,6.7400e+27,1.8970e+29,3.1850e+28,2.3201e+29,1.9167e+29,7.5000e+26,6.5000e+26,3.4100e+27,3.3300e+27,4.6688e+08,4.9948e+03,1.3104e+09,1.0005e-20,2.0697e+07,3.1806e+02,4.8948e+05,4.8629e+05,33.9,64.8,0.2,1.0,6.5275e+29,6.3528e+29,9.3200e+27,8.1500e+27,2.5319e+28,0.0000e+00,97.3,1.4,1.2
84,6.5548e+29,2.2893e+29,4.1789e+29,1.6500e+27,7.0100e+27,1.9723e+29,3.1700e+28,2.1241e+29,2.0548e+29,1.0400e+27,6.1000e+26,3.5000e+27,3.5100e+27,4.7618e+08,5.1373e+03,1.1015e+09,1.0247e-20,2.0417e+07,3.2747e+02,4.8627e+05,4.8305e+05,34.9,63.8,0.3,1.1,6.5524e+29,6.3907e+29,8.4300e+27,7.7400e+27,2.5367e+28,0.0000e+00,97.5,1.3,1.2
85,6.5355e+29,2.3663e+29,4.0851e+29,1.5000e+27,6.9100e+27,2.0476e+29,3.1870e+28,2.1304e+29,1.9547e+29,8.7000e+26,6.3000e+26,3.5000e+27,3.4100e+27,4.8520e+08,5.2846e+03,1.0983e+09,3.3558e-20,1.9765e+07,3.3726e+02,4.8303e+05,4.7984e+05,36.2,62.5,0.2,1.1,6.5325e+29,6.3616e+29,9.0000e+27,8.0900e+27,2.5014e+28,0.0000e+00,97.4,1.4,1.2
86,6.8111e+29,2.4666e+29,4.2605e+29,1.5300e+27,6.8700e+27,2.1435e+29,3.2310e+28,2.2779e+29,1.9826e+29,9.6000e+26,5.7000e+26,3.4600e+27,3.4100e+27,4.9503e+08,5.4406e+03,8.8811e+08,1.0193e-20,1.9006e+07,3.4724e+02,4.7982e+05,4.7663e+05,36.2,62.6,0.2,1.0,6.8091e+29,6.6422e+29,8.6600e+27,8.0300e+27,2.4922e+28,0.0000e+00,97.5,1.3,1.2
87,6.9476e+29,2.5513e+29,4.3114e+29,1.5600e+27,6.9300e+27,2.2344e+29,3.1690e+28,2.3129e+29,1.9985e+29,8.3000e+26,7.3000e+26,3.4100e+27,3.5200e+27,5.0389e+08,5.6031e+03,1.2827e+09,1.7584e-20,1.8247e+07,3.5798e+02,4.7661e+05,4.7341e+05,36.7,62.1,0.2,1.0,6.9486e+29,6.7755e+29,9.0700e+27,8.2400e+27,2.4825e+28,0.0000e+00,97.5,1.3,1.2
88,6.8899e+29,2.6224e+29,4.1835e+29,1.4100e+27,6.9900e+27,2.3077e+29,3.1470e+28,2.1948e+29,1.9887e+29,8.9000e+26,5.2000e+26,3.5600e+27,3.4300e+27,5.1235e+08,5.7752e+03,8.8724e+08,7.5558e-19,1.8057e+07,3.6940e+02,4.7339e+05,4.7020e+05,38.1,60.7,0.2,1.0,6.8921e+29,6.7131e+29,9.2100e+27,8.6900e+27,2.4598e+28,0.0000e+00,97.4,1.3,1.3
89,6.8559e+29,2.7218e+29,4.0497e+29,1.4600e+27,6.9800e+27,2.4011e+29,3.2070e+28,2.1577e+29,1.8920e+29,8.2000e+26,6.4000e+26,3.4900e+27,3.4900e+27,5.2119e+08,5.9537e+03,1.0814e+09,1.4580e-17,1.8174e+07,3.8052e+02,4.7019e+05,4.6702e+05,39.7,59.1,0.2,1.0,6.8538e+29,6.6824e+29,8.7500e+27,8.3900e+27,2.4372e+28,0.0000e+00,97.5,1.3,1.2
90,7.0966e+29,2.7784e+29,4.2339e+29,1.5800e+27,6.8500e+27,2.4632e+29,3.1520e+28,2.2778e+29,1.9561e+29,9.6000e+26,6.2000e+26,3.6000e+27,3.2500e+27,5.2960e+08,6.1356e+03,1.0500e+09,3.3844e-17,1.7785e+07,3.9281e+02,4.6700e+05,4.6385e+05,39.2,59.7,0.2,1.0,7.0917e+29,6.9174e+29,8.9600e+27,8.4700e+27,2.4146e+28,0.0000e+00,97.5,1.3,1.2
91,7.1818e+29,2.8492e+29,4.2480e+29,1.5800e+27,6.8800e+27,2.5385e+29,3.1070e+28,2.3509e+29,1.8971e+29,8.0000e+26,7.8000e+26,3.6200e+27,3.2600e+27,5.3897e+08,6.3282e+03,8.6544e+08,1.9711e-18,1.6838e+07,4.0467e+02,4.6383e+05,4.6068e+05,39.7,59.1,0.2,1.0,7.1835e+29,7.0063e+29,9.3300e+27,8.3900e+27,2.4040e+28,0.0000e+00,97.5,1.3,1.2
92,7.3866e+29,2.9634e+29,4.3365e+29,1.7100e+27,6.9600e+27,2.6504e+29,3.1300e+28,2.3907e+29,1.9458e+29,1.0000e+27,7.1000e+26,3.3500e+27,3.6100e+27,5.5472e+08,6.5065e+03,1.2400e+09,5.0270e-20,1.6793e+07,4.1669e+02,4.6067e+05,4.5752e+05,40.1,58.7,0.2,0.9,7.3858e+29,7.2076e+29,9.0800e+27,8.7400e+27,2.3929e+28,0.0000e+00,97.6,1.2,1.2
93,7.4346e+29,3.0276e+29,4.3224e+29,1.5200e+27,6.9400e+27,2.7139e+29,3.1370e+28,2.4231e+29,1.8993e+29,8.8000e+26,6.4000e+26,3.4100e+27,3.5300e+27,5.6865e+08,6.6985e+03,1.0463e+09,1.0166e-20,1.6563e+07,4.2955e+02,4.5750e+05,4.5437e+05,40.7,58.1,0.2,0.9,7.4308e+29,7.2467e+29,9.2200e+27,9.1900e+27,2.3699e+28,0.0000e+00,97.5,1.2,1.2
94,7.3990e+29,3.1019e+29,4.2114e+29,1.6400e+27,6.9300e+27,2.7874e+29,3.1450e+28,2.4111e+29,1.8003e+29,9.0000e+26,7.4000e+26,3.1900e+27,3.7400e+27,5.8284e+08,6.9019e+03,9.6428e+08,3.2838e-20,1.6533e+07,4.4344e+02,4.5436e+05,4.5125e+05,41.9,56.9,0.2,0.9,7.4033e+29,7.2282e+29,9.2300e+27,8.2800e+27,2.3469e+28,0.0000e+00,97.6,1.2,1.1
95,7.7113e+29,3.1777e+29,4.4471e+29,1.7500e+27,6.9000e+27,2.8637e+29,3.1400e+28,2.6021e+29,1.8450e+29,9.9000e+26,7.6000e+26,3.6600e+27,3.2400e+27,5.9511e+08,7.1039e+03,9.4337e+08,1.0039e-20,1.6136e+07,4.5533e+02,4.5124e+05,4.4814e+05,41.2,57.7,0.2,0.9,7.7001e+29,7.5142e+29,9.7800e+27,8.8100e+27,2.3354e+28,0.0000e+00,97.6,1.3,1.1
96,7.9293e+29,3.2764e+29,4.5649e+29,1.8500e+27,6.9500e+27,2.9604e+29,3.1600e+28,2.4783e+29,2.0866e+29,1.1100e+27,7.4000e+26,3.7300e+27,3.2200e+27,6.0843e+08,1.1916e+03,1.0358e+09,1.0006e-20,1.9647e+07,4.7086e+02,4.4812e+05,4.4503e+05,41.3,57.6,0.2,0.9,7.9300e+29,7.7358e+29,1.0150e+28,9.2700e+27,2.3235e+28,0.0000e+00,97.6,1.3,1.2
97,7.6724e+29,3.3879e+29,4.1982e+29,1.6600e+27,6.9700e+27,3.0810e+29,3.0690e+28,2.3219e+29,1.8763e+29,1.0500e+27,6.1000e+26,3.6200e+27,3.3500e+27,6.2212e+08,7.5562e+03,9.9557e+08,1.0030e-20,1.8991e+07,4.8427e+02,4.4502e+05,4.4195e+05,44.2,54.7,0.2,0.9,7.6763e+29,7.4896e+29,9.8900e+27,8.7800e+27,2.3003e+28,0.0000e+00,97.6,1.3,1.1
98,7.9340e+29,3.4648e+29,4.3837e+29,1.6600e+27,6.8900e+27,3.1577e+29,3.0710e+28,2.4938e+29,1.8899e+29,1.1000e+27,5.6000e+26,3.3200e+27,3.5700e+27,6.3474e+08,7.7894e+03,1.0190e+09,1.0093e-20,1.8222e+07,5.0297e+02,4.4193e+05,4.3889e+05,43.7,55.3,0.2,0.9,7.9325e+29,7.7481e+29,1.0070e+28,8.3700e+27,2.2773e+28,0.0000e+00,97.7,1.3,1.1
99,8.1022e+29,3.5978e+29,4.4175e+29,1.7800e+27,6.9100e+27,3.2852e+29,3.1260e+28,2.4971e+29,1.9204e+29,1.2400e+27,5.4000e+26,3.4300e+27,3.4800e+27,6.4644e+08,8.0336e+03,8.1206e+08,6.7391e-20,1.7852e+07,5.1894e+02,4.3888e+05,4.3585e+05,44.4,54.5,0.2,0.9,8.1041e+29,7.9176e+29,1.0000e+28,8.6500e+27,2.2652e+28,0.0000e+00,97.7,1.2,1.1
100,8.1646e+29,3.7080e+29,4.3716e+29,1.6600e+27,6.8400e+27,3.3877e+29,3.2030e+28,2.4712e+29,1.9004e+29,1.0100e+27,6.5000e+26,3.3100e+27,3.5300e+27,6.5746e+08,8.3001e+03,9.5813e+08,3.8706e-18,1.7385e+07,5.3428e+02,4.3583e+05,4.3282e+05,45.4,53.5,0.2,0.8,8.1463e+29,7.9499e+29,1.0370e+28,9.2700e+27,2.2527e+28,0.0000e+00,97.6,1.3,1.1
101,8.2633e+29,3.7929e+29,4.3802e+29,2.1000e+27,6.9200e+27,3.4758e+29,3.1710e+28,2.5146e+29,1.8656e+29,1.2100e+27,8.9000e+26,3.5900e+27,3.3300e+27,6.6846e+08,8.5647e+03,9.4625e+08,2.4289e-18,1.7316e+07,5.5128e+02,4.3280e+05,4.2981e+05,45.9,53.0,0.3,0.8,8.2638e+29,8.0735e+29,9.9700e+27,9.0600e+27,2.2297e+28,0.0000e+00,97.7,1.2,1.1
102,8.5307e+29,3.9030e+29,4.5405e+29,1.8500e+27,6.8700e+27,3.5933e+29,3.0970e+28,2.6768e+29,1.8637e+29,9.9000e+26,8.6000e+26,3.4400e+27,3.4300e+27,6.7686e+08,8.8224e+03,7.6239e+08,3.7369e-20,1.6929e+07,5.6792e+02,4.2980e+05,4.2684e+05,45.8,53.2,0.2,0.8,8.5286e+29,8.3337e+29,1.0490e+28,9.0000e+27,2.2070e+28,0.0000e+00,97.7,1.2,1.1
103,8.6989e+29,4.0381e+29,4.5719e+29,1.9000e+27,6.9900e+27,3.7273e+29,3.1080e+28,2.8509e+29,1.7210e+29,1.1000e+27,8.0000e+26,3.4800e+27,3.5100e+27,6.8485e+08,9.1001e+03,9.5747e+08,1.0099e-20,1.6228e+07,5.8852e+02,4.2683e+05,4.2387e+05,46.4,52.6,0.2,0.8,8.7018e+29,8.5096e+29,1.0370e+28,8.8500e+27,2.2044e+28,0.0000e+00,97.8,1.2,1.0
104,8.7281e+29,4.1384e+29,4.5019e+29,1.8200e+27,6.9600e+27,3.8223e+29,3.1610e+28,2.8466e+29,1.6553e+29,1.1300e+27,6.9000e+26,3.6200e+27,3.3400e+27,6.9215e+08,9.3803e+03,8.9156e+08,1.0151e-20,1.6070e+07,6.1129e+02,4.2385e+05,4.2093e+05,47.4,51.6,0.2,0.8,8.7254e+29,8.5358e+29,1.0240e+28,8.7200e+27,2.1816e+28,0.0000e+00,97.8,1.2,1.0
105,8.9261e+29,4.2167e+29,4.6214e+29,1.9600e+27,6.8400e+27,3.9035e+29,3.1320e+28,2.8238e+29,1.7976e+29,1.2000e+27,7.6000e+26,3.4700e+27,3.3700e+27,6.9794e+08,4.2439e+03,8.6886e+08,1.0114e-20,2.2852e+07,6.2339e+02,4.2091e+05,4.1802e+05,47.2,51.8,0.2,0.8,8.9260e+29,8.7286e+29,1.0850e+28,8.8900e+27,2.1590e+28,0.0000e+00,97.8,1.2,1.0
106,8.8895e+29,4.3553e+29,4.4428e+29,2.1200e+27,7.0200e+27,4.0414e+29,3.1390e+28,2.7305e+29,1.7123e+29,1.3400e+27,7.8000e+26,3.2300e+27,3.7900e+27,7.0642e+08,9.9722e+03,7.4588e+08,1.0348e-20,2.2885e+07,6.4390e+02,4.1800e+05,4.1511e+05,49.0,50.0,0.2,0.8,8.8951e+29,8.6938e+29,1.0950e+28,9.1800e+27,2.1558e+28,0.0000e+00,97.7,1.2,1.0
107,9.0428e+29,4.4729e+29,4.4782e+29,2.2300e+27,6.9400e+27,4.1537e+29,3.1920e+28,2.7697e+29,1.7085e+29,1.4500e+27,7.8000e+26,3.5300e+27,3.4100e+27,7.1292e+08,1.0284e+04,8.3465e+08,1.0055e-20,2.2208e+07,6.6328e+02,4.1510e+05,4.1226e+05,49.5,49.5,0.2,0.8,9.0303e+29,8.8249e+29,1.1280e+28,9.2600e+27,2.1238e+28,0.0000e+00,97.7,1.2,1.0
108,9.6349e+29,4.6087e+29,4.9315e+29,2.5200e+27,6.9500e+27,4.3021e+29,3.0660e+28,3.0531e+29,1.8784e+29,1.5500e+27,9.7000e+26,3.4100e+27,3.5400e+27,7.1999e+08,1.0663e+04,7.1368e+08,1.8000e-20,2.1012e+07,6.8617e+02,4.1224e+05,4.0941e+05,47.8,51.2,0.3,0.7,9.6351e+29,9.4339e+29,1.1460e+28,8.6600e+27,2.1203e+28,0.0000e+00,97.9,1.2,0.9
109,9.7988e+29,4.7372e+29,4.9709e+29,2.0900e+27,6.9800e+27,4.4240e+29,3.1320e+28,3.1653e+29,1.8056e+29,1.3300e+27,7.6000e+26,3.5500e+27,3.4300e+27,7.2582e+08,1.1010e+04,7.2222e+08,2.3567e-18,2.0289e+07,7.1048e+02,4.0940e+05,4.0660e+05,48.3,50.7,0.2,0.7,9.7983e+29,9.5913e+29,1.1610e+28,9.0900e+27,2.0980e+28,0.0000e+00,97.9,1.2,0.9
110,9.8634e+29,4.8590e+29,4.9127e+29,2.1800e+27,6.9900e+27,4.5366e+29,3.2240e+28,3.1302e+29,1.7825e+29,1.3600e+27,8.2000e+26,3.7100e+27,3.2800e+27,7.3044e+08,1.1390e+04,8.3267e+08,1.1613e-19,1.9969e+07,7.4450e+02,4.0658e+05,4.0380e+05,49.3,49.8,0.2,0.7,9.8567e+29,9.6557e+29,1.1990e+28,8.1100e+27,2.0851e+28,0.0000e+00,98.0,1.2,0.8
111,9.7755e+29,4.9448e+29,4.7378e+29,2.3300e+27,6.9600e+27,4.6365e+29,3.0830e+28,3.1492e+29,1.5886e+29,1.4500e+27,8.8000e+26,3.2900e+27,3.6700e+27,7.3566e+08,1.1724e+04,7.1899e+08,1.0101e-20,1.9863e+07,7.5214e+02,4.0379e+05,4.0105e+05,50.6,48.5,0.2,0.7,9.7736e+29,9.5761e+29,1.1610e+28,8.1400e+27,2.0633e+28,0.0000e+00,98.0,1.2,0.8
112,1.0176e+30,5.0871e+29,4.9925e+29,2.7000e+27,6.9400e+27,4.7826e+29,3.0450e+28,3.2984e+29,1.6941e+29,1.7000e+27,1.0000e+27,3.4300e+27,3.5100e+27,7.4018e+08,1.2045e+04,7.4001e+08,1.0339e-20,1.9493e+07,7.8180e+02,4.0104e+05,3.9832e+05,50.0,49.1,0.3,0.7,1.0176e+30,9.9705e+29,1.2030e+28,8.4800e+27,2.0505e+28,0.0000e+00,98.0,1.2,0.8
113,1.0154e+30,5.1954e+29,4.8634e+29,2.6000e+27,6.9500e+27,4.8865e+29,3.0890e+28,3.1788e+29,1.6846e+29,1.7500e+27,8.5000e+26,3.5700e+27,3.3800e+27,7.4277e+08,2.2476e+03,6.3183e+08,1.0025e-20,2.6837e+07,8.0286e+02,3.9830e+05,3.9561e+05,51.2,47.9,0.3,0.7,1.0146e+30,9.9339e+29,1.2600e+28,8.6400e+27,2.0377e+28,0.0000e+00,97.9,1.2,0.9
114,1.0911e+30,5.3676e+29,5.4436e+29,2.9700e+27,7.0200e+27,5.0404e+29,3.2720e+28,3.3913e+29,2.0523e+29,2.0600e+27,9.1000e+26,3.4100e+27,3.6100e+27,7.4585e+08,1.2735e+04,7.0743e+08,1.0077e-20,2.7220e+07,8.3489e+02,3.9560e+05,3.9293e+05,49.2,49.9,0.3,0.6,1.0913e+30,1.0694e+30,1.3230e+28,8.6100e+27,2.0249e+28,0.0000e+00,98.0,1.2,0.8
115,1.0910e+30,5.4782e+29,5.3309e+29,3.1000e+27,6.9500e+27,5.1586e+29,3.1960e+28,3.5121e+29,1.8188e+29,2.1600e+27,9.4000e+26,3.7100e+27,3.2400e+27,7.4625e+08,1.3206e+04,6.5256e+08,1.0080e-20,2.6681e+07,8.5324e+02,3.9292e+05,3.9029e+05,50.2,48.9,0.3,0.6,1.0902e+30,1.0689e+30,1.3030e+28,8.1900e+27,2.0037e+28,0.0000e+00,98.1,1.2,0.8
116,1.1233e+30,5.6499e+29,5.4842e+29,2.9700e+27,6.9400e+27,5.3009e+29,3.4900e+28,3.6353e+29,1.8489e+29,1.9400e+27,1.0300e+27,3.5300e+27,3.4100e+27,7.4542e+08,1.3571e+04,6.6814e+08,5.1013e-20,2.6182e+07,8.8573e+02,3.9028e+05,3.8767e+05,50.3,48.8,0.3,0.6,1.1233e+30,1.1012e+30,1.3440e+28,8.5800e+27,1.9911e+28,0.0000e+00,98.0,1.2,0.8
117,1.1600e+30,5.7772e+29,5.7232e+29,3.0200e+27,6.9700e+27,5.4228e+29,3.5440e+28,3.7657e+29,1.9575e+29,2.0500e+27,9.7000e+26,3.5900e+27,3.3800e+27,7.4439e+08,1.4125e+04,5.9990e+08,2.6880e-19,2.5990e+07,9.2371e+02,3.8766e+05,3.8510e+05,49.8,49.3,0.3,0.6,1.1595e+30,1.1373e+30,1.3850e+28,8.4100e+27,1.9704e+28,0.0000e+00,98.1,1.2,0.7
118,1.1644e+30,5.9130e+29,5.6256e+29,3.4700e+27,7.0300e+27,5.5829e+29,3.3010e+28,3.9843e+29,1.6413e+29,2.3000e+27,1.1700e+27,3.5100e+27,3.5200e+27,7.4912e+08,1.4506e+04,5.3969e+08,1.0006e-20,2.5707e+07,9.4582e+02,3.8509e+05,3.8255e+05,50.8,48.3,0.3,0.6,1.1652e+30,1.1432e+30,1.3950e+28,8.0700e+27,1.9581e+28,0.0000e+00,98.1,1.2,0.7
119,1.1711e+30,6.0318e+29,5.5779e+29,3.1700e+27,6.9600e+27,5.6939e+29,3.3790e+28,4.0698e+29,1.5081e+29,2.1000e+27,1.0700e+27,3.4200e+27,3.5400e+27,7.5310e+08,1.4978e+04,5.4986e+08,1.0380e-20,2.5369e+07,9.6394e+02,3.8254e+05,3.8003e+05,51.5,47.6,0.3,0.6,1.1698e+30,1.1478e+30,1.3960e+28,8.0400e+27,1.9459e+28,0.0000e+00,98.1,1.2,0.7
120,1.2214e+30,6.2101e+29,5.8994e+29,3.3700e+27,7.0600e+27,5.8673e+29,3.4280e+28,4.1616e+29,1.7378e+29,2.2500e+27,1.1200e+27,3.5100e+27,3.5500e+27,7.5661e+08,9.3808e+02,5.9736e+08,1.0023e-20,3.2723e+07,1.0087e+03,3.8002e+05,3.7754e+05,50.8,48.3,0.3,0.6,1.2209e+30,1.1980e+30,1.4490e+28,8.4000e+27,1.9337e+28,0.0000e+00,98.1,1.2,0.7
121,1.2402e+30,6.3309e+29,5.9607e+29,3.9100e+27,7.0900e+27,5.9758e+29,3.5510e+28,4.2162e+29,1.7445e+29,2.8100e+27,1.1000e+27,3.4100e+27,3.6800e+27,7.5825e+08,1.6028e+04,5.0081e+08,1.0276e-20,3.2739e+07,1.0296e+03,3.7753e+05,3.7509e+05,51.0,48.1,0.3,0.6,1.2398e+30,1.2181e+30,1.3800e+28,7.8800e+27,1.9216e+28,0.0000e+00,98.3,1.1,0.6
122,1.2641e+30,6.5077e+29,6.0215e+29,4.1700e+27,7.0200e+27,6.1599e+29,3.4780e+28,4.3330e+29,1.6885e+29,2.8700e+27,1.3000e+27,3.7600e+27,3.2600e+27,7.6052e+08,1.6538e+04,5.3631e+08,1.0086e-20,3.1933e+07,1.0918e+03,3.7508e+05,3.7267e+05,51.5,47.6,0.3,0.6,1.2646e+30,1.2421e+30,1.4360e+28,8.0800e+27,1.9020e+28,0.0000e+00,98.2,1.1,0.6
123,1.2979e+30,6.6446e+29,6.2276e+29,3.6400e+27,7.0200e+27,6.2889e+29,3.5570e+28,4.5742e+29,1.6534e+29,2.5500e+27,1.0900e+27,3.5400e+27,3.4800e+27,7.6154e+08,1.6816e+04,6.0004e+08,1.1023e-19,3.1911e+07,1.1267e+03,3.7266e+05,3.7029e+05,51.2,48.0,0.3,0.5,1.2968e+30,1.2737e+30,1.5190e+28,7.9100e+27,1.8829e+28,0.0000e+00,98.2,1.2,0.6
124,1.3313e+30,6.7677e+29,6.4333e+29,4.2100e+27,6.9800e+27,6.4206e+29,3.4710e+28,4.7763e+29,1.6570e+29,2.9600e+27,1.2500e+27,3.5400e+27,3.4400e+27,7.6315e+08,1.7375e+04,4.8996e+08,1.0079e-20,3.1040e+07,1.1512e+03,3.7028e+05,3.6794e+05,50.8,48.3,0.3,0.5,1.3311e+30,1.3080e+30,1.5270e+28,7.8900e+27,1.8788e+28,0.0000e+00,98.3,1.1,0.6
125,1.3789e+30,6.9339e+29,6.7433e+29,4.1200e+27,7.0300e+27,6.5739e+29,3.6000e+28,4.9482e+29,1.7951e+29,3.0000e+27,1.1200e+27,3.2900e+27,3.7400e+27,7.6344e+08,1.7850e+04,6.3043e+08,4.5222e-19,3.0425e+07,1.2020e+03,3.6793e+05,3.6563e+05,50.3,48.9,0.3,0.5,1.3771e+30,1.3537e+30,1.5680e+28,7.7500e+27,1.8601e+28,0.0000e+00,98.3,1.1,0.6
126,1.4253e+30,7.0946e+29,7.0477e+29,4.0700e+27,7.0200e+27,6.7325e+29,3.6210e+28,5.2810e+29,1.7667e+29,2.7100e+27,1.3600e+27,3.7300e+27,3.2900e+27,7.6355e+08,1.8482e+04,5.1902e+08,1.0020e-20,3.0228e+07,1.3905e+03,3.6562e+05,3.6335e+05,49.8,49.4,0.3,0.5,1.4252e+30,1.4005e+30,1.6680e+28,7.9900e+27,1.8490e+28,0.0000e+00,98.3,1.2,0.6
127,1.4597e+30,7.2673e+29,7.2083e+29,5.0800e+27,7.0500e+27,6.8805e+29,3.8680e+28,5.3441e+29,1.8642e+29,3.7100e+27,1.3700e+27,3.6300e+27,3.4200e+27,7.6358e+08,1.5413e+02,5.3705e+08,1.0032e-20,3.9512e+07,1.5005e+03,3.6334e+05,3.6111e+05,49.8,49.4,0.3,0.5,1.4604e+30,1.4359e+30,1.6800e+28,7.6800e+27,1.8380e+28,0.0000e+00,98.3,1.2,0.5
128,1.4968e+30,7.3902e+29,7.4556e+29,5.2300e+27,6.9900e+27,7.0182e+29,3.7200e+28,5.5925e+29,1.8631e+29,3.9800e+27,1.2500e+27,3.3800e+27,3.6100e+27,7.6339e+08,1.9383e+04,5.5767e+08,1.0076e-20,3.8890e+07,1.3076e+03,3.6110e+05,3.5891e+05,49.4,49.8,0.3,0.5,1.4949e+30,1.4698e+30,1.7480e+28,7.5900e+27,1.8202e+28,0.0000e+00,98.3,1.2,0.5
129,1.5529e+30,7.5970e+29,7.8095e+29,5.3700e+27,6.8900e+27,7.2127e+29,3.8430e+28,5.8652e+29,1.9443e+29,3.9600e+27,1.4100e+27,3.6200e+27,3.2700e+27,7.6128e+08,2.0895e+04,5.6111e+08,3.1688e-20,3.8595e+07,1.3618e+03,3.5890e+05,3.5674e+05,48.9,50.3,0.3,0.4,1.5526e+30,1.5284e+30,1.7020e+28,7.1900e+27,1.8097e+28,0.0000e+00,98.4,1.1,0.5
130,1.5751e+30,7.7251e+29,7.9024e+29,5.2500e+27,7.0500e+27,7.3276e+29,3.9750e+28,6.0291e+29,1.8733e+29,3.9000e+27,1.3500e+27,3.4700e+27,3.5800e+27,7.5948e+08,2.0814e+04,5.6403e+08,1.0101e-20,3.8165e+07,1.4534e+03,3.5673e+05,3.5462e+05,49.0,50.2,0.3,0.4,1.5752e+30,1.5500e+30,1.7850e+28,7.3900e+27,1.7927e+28,0.0000e+00,98.4,1.1,0.5
131,1.6326e+30,7.8801e+29,8.3217e+29,5.3900e+27,7.0200e+27,7.4749e+29,4.0520e+28,6.4462e+29,1.8755e+29,3.9600e+27,1.4300e+27,3.4800e+27,3.5400e+27,7.5678e+08,2.2544e+04,5.7858e+08,3.0291e-20,3.7615e+07,1.6581e+03,3.5461e+05,3.5253e+05,48.3,51.0,0.3,0.4,1.6307e+30,1.6050e+30,1.8140e+28,7.5400e+27,1.7827e+28,0.0000e+00,98.4,1.1,0.5
132,1.6779e+30,8.0315e+29,8.6184e+29,5.8000e+27,7.1200e+27,7.6223e+29,4.0920e+28,6.7165e+29,1.9019e+29,4.2800e+27,1.5200e+27,3.3000e+27,3.8200e+27,7.5272e+08,2.0827e+03,5.8543e+08,1.0043e-20,5.4101e+07,2.3794e+03,3.5252e+05,3.5048e+05,47.9,51.4,0.3,0.4,1.6774e+30,1.6516e+30,1.8910e+28,6.8600e+27,1.7729e+28,0.0000e+00,98.5,1.1,0.4
133,1.7120e+30,8.1804e+29,8.7949e+29,7.3200e+27,7.2000e+27,7.7734e+29,4.0700e+28,6.8671e+29,1.9278e+29,5.5800e+27,1.7400e+27,3.6400e+27,3.5600e+27,7.4726e+08,2.2424e+04,6.2878e+08,1.0055e-20,5.3919e+07,1.8766e+03,3.5047e+05,3.4846e+05,47.8,51.4,0.4,0.4,1.7118e+30,1.6858e+30,1.8610e+28,7.4000e+27,1.7634e+28,0.0000e+00,98.5,1.1,0.4
134,1.7286e+30,8.3436e+29,8.7947e+29,7.6700e+27,7.0900e+27,7.9213e+29,4.2230e+28,7.0193e+29,1.7754e+29,5.6000e+27,2.0700e+27,3.7200e+27,3.3700e+27,7.4306e+08,2.4092e+04,6.4633e+08,1.0197e-20,5.2356e+07,1.6912e+03,3.4845e+05,3.4648e+05,48.3,50.9,0.4,0.4,1.7288e+30,1.7032e+30,1.8780e+28,6.8300e+27,1.7476e+28,0.0000e+00,98.5,1.1,0.4
135,1.7894e+30,8.5537e+29,9.1993e+29,7.2100e+27,6.9400e+27,8.1109e+29,4.4280e+28,7.3856e+29,1.8137e+29,5.5200e+27,1.6900e+27,3.4700e+27,3.4700e+27,7.3983e+08,2.4944e+04,6.6987e+08,5.1743e-20,5.1157e+07,2.3976e+03,3.4648e+05,3.4455e+05,47.8,51.4,0.4,0.4,1.7878e+30,1.7614e+30,1.9670e+28,6.7600e+27,1.7386e+28,0.0000e+00,98.5,1.1,0.4
136,1.8340e+30,8.6525e+29,9.5459e+29,7.1600e+27,6.9900e+27,8.2121e+29,4.4040e+28,7.6581e+29,1.8878e+29,5.4000e+27,1.7600e+27,3.6500e+27,3.3400e+27,7.3519e+08,2.4276e+04,6.9348e+08,1.0069e-20,4.9533e+07,1.8336e+03,3.4454e+05,3.4265e+05,47.2,52.0,0.4,0.4,1.8341e+30,1.8069e+30,2.0110e+28,7.0800e+27,1.7236e+28,0.0000e+00,98.5,1.1,0.4
137,1.9027e+30,8.8474e+29,1.0028e+30,8.0900e+27,7.0800e+27,8.4047e+29,4.4270e+28,8.1156e+29,1.9123e+29,6.0200e+27,2.0700e+27,3.2800e+27,3.8000e+27,7.2873e+08,2.5221e+04,7.1131e+08,1.0083e-20,4.8242e+07,3.7581e+03,3.4265e+05,3.4080e+05,46.5,52.7,0.4,0.4,1.9016e+30,1.8742e+30,2.0800e+28,6.6100e+27,1.7152e+28,0.0000e+00,98.6,1.1,0.3
138,1.9537e+30,8.9901e+29,1.0382e+30,9.4100e+27,7.0800e+27,8.5236e+29,4.6650e+28,8.3384e+29,2.0439e+29,7.5000e+27,1.9100e+27,3.5800e+27,3.5000e+27,7.2165e+08,1.6638e+02,7.1657e+08,1.0034e-20,6.9183e+07,1.8960e+03,3.4079e+05,3.3898e+05,46.0,53.1,0.5,0.4,1.9518e+30,1.9231e+30,2.1620e+28,7.0200e+27,1.7009e+28,0.0000e+00,98.5,1.1,0.4
139,2.0352e+30,9.1878e+29,1.0993e+30,1.0080e+28,7.0700e+27,8.6974e+29,4.9040e+28,8.8660e+29,2.1271e+29,7.8500e+27,2.2300e+27,3.5600e+27,3.5100e+27,7.1403e+08,2.8258e+04,7.4837e+08,1.0167e-20,6.7099e+07,4.1333e+03,3.3898e+05,3.3721e+05,45.1,54.0,0.5,0.3,2.0353e+30,2.0058e+30,2.2410e+28,7.1200e+27,1.6931e+28,0.0000e+00,98.5,1.1,0.3
140,2.0913e+30,9.3709e+29,1.1373e+30,9.9000e+27,7.0800e+27,8.8692e+29,5.0170e+28,9.1311e+29,2.2415e+29,7.7000e+27,2.2000e+27,3.6600e+27,3.4200e+27,7.0538e+08,3.2108e+04,7.8000e+08,2.6771e-20,6.4548e+07,6.0272e+03,3.3720e+05,3.3547e+05,44.8,54.4,0.5,0.3,2.0899e+30,2.0607e+30,2.2380e+28,6.7800e+27,1.6856e+28,0.0000e+00,98.6,1.1,0.3
141,2.1671e+30,9.5606e+29,1.1943e+30,9.7600e+27,7.0000e+27,9.0563e+29,5.0430e+28,9.6920e+29,2.2507e+29,7.6000e+27,2.1600e+27,3.6400e+27,3.3600e+27,6.9908e+08,2.8075e+04,8.3025e+08,1.0015e-20,6.2744e+07,6.2130e+03,3.3547e+05,3.3378e+05,44.1,55.1,0.5,0.3,2.1657e+30,2.1355e+30,2.3680e+28,6.5200e+27,1.6724e+28,0.0000e+00,98.6,1.1,0.3
142,2.2687e+30,9.7280e+29,1.2787e+30,1.0300e+28,6.8500e+27,9.2208e+29,5.0720e+28,1.0570e+30,2.2171e+29,7.9700e+27,2.3300e+27,3.5000e+27,3.3500e+27,6.9510e+08,3.1875e+04,8.6716e+08,1.0174e-20,6.0860e+07,6.0746e+03,3.3378e+05,3.3213e+05,42.9,56.4,0.5,0.3,2.2671e+30,2.2365e+30,2.4310e+28,6.2400e+27,1.6656e+28,0.0000e+00,98.7,1.1,0.3
143,2.3332e+30,9.8933e+29,1.3243e+30,1.2310e+28,7.1900e+27,9.3504e+29,5.4290e+28,1.0695e+30,2.5488e+29,9.8100e+27,2.5000e+27,3.5800e+27,3.6100e+27,6.9641e+08,2.7117e+02,8.7781e+08,1.0067e-20,9.9566e+07,4.2387e+03,3.3212e+05,3.3052e+05,42.4,56.8,0.5,0.3,2.3321e+30,2.3008e+30,2.4480e+28,6.8100e+27,1.6532e+28,0.0000e+00,98.7,1.0,0.3
144,2.3948e+30,1.0046e+30,1.3702e+30,1.2980e+28,7.0400e+27,9.4684e+29,5.7720e+28,1.1191e+30,2.5105e+29,1.0270e+28,2.7100e+27,3.5300e+27,3.5100e+27,6.9708e+08,3.2582e+04,9.0359e+08,1.0163e-20,9.5885e+07,1.1108e+04,3.3051e+05,3.2895e+05,41.9,57.2,0.5,0.3,2.3944e+30,2.3620e+30,2.5650e+28,6.7100e+27,1.6413e+28,0.0000e+00,98.6,1.1,0.3
145,2.4956e+30,1.0246e+30,1.4504e+30,1.3650e+28,6.9000e+27,9.6496e+29,5.9660e+28,1.2099e+30,2.4048e+29,1.0670e+28,2.9800e+27,3.6700e+27,3.2300e+27,6.9717e+08,7.9103e+04,9.6398e+08,2.4599e-20,9.2139e+07,1.3413e+04,3.2895e+05,3.2742e+05,41.1,58.1,0.5,0.3,2.4939e+30,2.4603e+30,2.7400e+28,6.1600e+27,1.6355e+28,0.0000e+00,98.7,1.1,0.2
146,2.5787e+30,1.0416e+30,1.5170e+30,1.3070e+28,6.9800e+27,9.8161e+29,5.9980e+28,1.2714e+30,2.4562e+29,1.0070e+28,3.0000e+27,3.9500e+27,3.0300e+27,6.9795e+08,4.6355e+04,1.0124e+09,1.0007e-20,8.8671e+07,1.4251e+04,3.2742e+05,3.2594e+05,40.4,58.8,0.5,0.3,2.5775e+30,2.5429e+30,2.7800e+28,6.8000e+27,1.6244e+28,0.0000e+00,98.7,1.1,0.3
147,2.6851e+30,1.0599e+30,1.6041e+30,1.4050e+28,7.0900e+27,9.9883e+29,6.1070e+28,1.3425e+30,2.6163e+29,1.0680e+28,3.3700e+27,3.7900e+27,3.3000e+27,6.9880e+08,2.8725e+04,9.9824e+08,1.0022e-20,8.5195e+07,1.1575e+04,3.2594e+05,3.2450e+05,39.5,59.7,0.5,0.3,2.6834e+30,2.6484e+30,2.8950e+28,6.0600e+27,1.6192e+28,0.0000e+00,98.7,1.1,0.2
148,2.7903e+30,1.0769e+30,1.6896e+30,1.6900e+28,6.9100e+27,1.0098e+30,6.7080e+28,1.3752e+30,3.1437e+29,1.3700e+28,3.2000e+27,3.4300e+27,3.4800e+27,6.9917e+08,3.0190e+02,1.0078e+09,1.0108e-20,1.3254e+08,1.5931e+04,3.2449e+05,3.2310e+05,38.6,60.6,0.6,0.2,2.7879e+30,2.7507e+30,3.0630e+28,6.5200e+27,1.6089e+28,0.0000e+00,98.7,1.1,0.2
149,2.9089e+30,1.0942e+30,1.7905e+30,1.7190e+28,6.9500e+27,1.0259e+30,6.8270e+28,1.4718e+30,3.1869e+29,1.3860e+28,3.3300e+27,3.2000e+27,3.7500e+27,6.9942e+08,9.0596e+04,1.0770e+09,1.0101e-20,1.2646e+08,1.6160e+04,3.2309e+05,3.2174e+05,37.6,61.6,0.6,0.2,2.9079e+30,2.8710e+30,3.0460e+28,6.5000e+27,1.5991e+28,0.0000e+00,98.7,1.0,0.2
150,3.0031e+30,1.1198e+30,1.8587e+30,1.7580e+28,7.0100e+27,1.0477e+30,7.2110e+28,1.5524e+30,3.0633e+29,1.3950e+28,3.6300e+27,3.5600e+27,3.4500e+27,6.9876e+08,2.0266e+05,1.1124e+09,1.0030e-20,1.2169e+08,3.1209e+04,3.2174e+05,3.2043e+05,37.3,61.9,0.6,0.2,3.0007e+30,2.9633e+30,3.1500e+28,5.9200e+27,1.5951e+28,0.0000e+00,98.8,1.0,0.2
151,3.1016e+30,1.1289e+30,1.9483e+30,1.7440e+28,7.0000e+27,1.0558e+30,7.3090e+28,1.6285e+30,3.1983e+29,1.3440e+28,4.0000e+27,3.7200e+27,3.2800e+27,6.9642e+08,3.9227e+05,1.1431e+09,1.0595e-20,1.1694e+08,3.5042e+04,3.2043e+05,3.1916e+05,36.4,62.8,0.6,0.2,3.1003e+30,3.0611e+30,3.3520e+28,5.7600e+27,1.5807e+28,0.0000e+00,98.7,1.1,0.2
152,3.2574e+30,1.1507e+30,2.0808e+30,1.8860e+28,7.0200e+27,1.0750e+30,7.5740e+28,1.7135e+30,3.6731e+29,1.5270e+28,3.5900e+27,3.7100e+27,3.3100e+27,6.9536e+08,6.0436e+02,1.1554e+09,1.0027e-20,1.3888e+08,6.4210e+04,3.1916e+05,3.1794e+05,35.3,63.9,0.6,0.2,3.2552e+30,3.2149e+30,3.4490e+28,5.8400e+27,1.5775e+28,0.0000e+00,98.8,1.1,0.2
153,3.4070e+30,1.1685e+30,2.2089e+30,2.2450e+28,7.1100e+27,1.0839e+30,8.4660e+28,1.7795e+30,4.2942e+29,1.8000e+28,4.4500e+27,3.5000e+27,3.6100e+27,6.9482e+08,6.2877e+05,1.2041e+09,1.0056e-20,1.3678e+08,6.8882e+04,3.1793e+05,3.1675e+05,34.3,64.8,0.7,0.2,3.4059e+30,3.3629e+30,3.6620e+28,6.4500e+27,1.5746e+28,0.0000e+00,98.7,1.1,0.2
154,3.5115e+30,1.1836e+30,2.2984e+30,2.2500e+28,6.9500e+27,1.0969e+30,8.6750e+28,1.8761e+30,4.2234e+29,1.7790e+28,4.7100e+27,3.6100e+27,3.3400e+27,6.9371e+08,5.3042e+05,1.2843e+09,1.0230e-20,1.2925e+08,5.9187e+04,3.1675e+05,3.1561e+05,33.7,65.5,0.6,0.2,3.5082e+30,3.4650e+30,3.6850e+28,6.3200e+27,1.5617e+28,0.0000e+00,98.8,1.1,0.2
155,3.6500e+30,1.2019e+30,2.4199e+30,2.1230e+28,6.9700e+27,1.1128e+30,8.9080e+28,1.9750e+30,4.4493e+29,1.6850e+28,4.3800e+27,3.5000e+27,3.4700e+27,6.9331e+08,6.2719e+05,1.2608e+09,1.0218e-20,1.2345e+08,1.1674e+05,3.1561e+05,3.1452e+05,32.9,66.3,0.6,0.2,3.6477e+30,3.6036e+30,3.8570e+28,5.5500e+27,1.5545e+28,0.0000e+00,98.8,1.1,0.2
156,3.7757e+30,1.2221e+30,2.5243e+30,2.2360e+28,6.9900e+27,1.1305e+30,9.1570e+28,2.0818e+30,4.4250e+29,1.6950e+28,5.4100e+27,3.5700e+27,3.4200e+27,6.9157e+08,6.6931e+04,1.2985e+09,1.0067e-20,1.1773e+08,9.9064e+04,3.1451e+05,3.1346e+05,32.4,66.9,0.6,0.2,3.7750e+30,3.7298e+30,3.9450e+28,5.8000e+27,1.5528e+28,0.0000e+00,98.8,1.0,0.2
157,3.9127e+30,1.2425e+30,2.6355e+30,2.7610e+28,7.0600e+27,1.1392e+30,1.0331e+29,2.1086e+30,5.2694e+29,2.2010e+28,5.6000e+27,3.6600e+27,3.4000e+27,6.8954e+08,4.2885e+02,1.3863e+09,1.0074e-20,1.4096e+08,1.1352e+05,3.1346e+05,3.1245e+05,31.8,67.4,0.7,0.2,3.9100e+30,3.8630e+30,4.0820e+28,6.2400e+27,1.5465e+28,0.0000e+00,98.8,1.0,0.2
158,4.0091e+30,1.2525e+30,2.7236e+30,2.5940e+28,6.9400e+27,1.1465e+30,1.0600e+29,2.1901e+30,5.3353e+29,2.0420e+28,5.5200e+27,3.4800e+27,3.4600e+27,6.8699e+08,8.6585e+05,1.4259e+09,1.0101e-20,1.3524e+08,1.2642e+05,3.1245e+05,3.1149e+05,31.2,67.9,0.6,0.2,4.0072e+30,3.9586e+30,4.2550e+28,6.1000e+27,1.5355e+28,0.0000e+00,98.8,1.1,0.2
159,4.1678e+30,1.2752e+30,2.8587e+30,2.6730e+28,7.1800e+27,1.1642e+30,1.1098e+29,2.3088e+30,5.4983e+29,2.0920e+28,5.8100e+27,3.8100e+27,3.3700e+27,6.8420e+08,8.3956e+05,1.4372e+09,1.0043e-20,1.2800e+08,1.5727e+05,3.1149e+05,3.1057e+05,30.6,68.6,0.6,0.2,4.1662e+30,4.1163e+30,4.4550e+28,5.3500e+27,1.5351e+28,0.0000e+00,98.8,1.1,0.1
160,4.3000e+30,1.2857e+30,2.9812e+30,2.6040e+28,7.1000e+27,1.1749e+30,1.1081e+29,2.4224e+30,5.5878e+29,1.9860e+28,6.1800e+27,3.4100e+27,3.6900e+27,6.8232e+08,2.6476e+05,1.5143e+09,1.0188e-20,1.2153e+08,1.6629e+05,3.1057e+05,3.0969e+05,29.9,69.3,0.6,0.2,4.2973e+30,4.2465e+30,4.4960e+28,5.8100e+27,1.5251e+28,0.0000e+00,98.8,1.0,0.1
161,4.4262e+30,1.3033e+30,3.0865e+30,2.9470e+28,7.0000e+27,1.1826e+30,1.2063e+29,2.4679e+30,6.1855e+29,2.2620e+28,6.8500e+27,3.3100e+27,3.6900e+27,6.7970e+08,1.1598e+03,1.5089e+09,1.0005e-20,1.4135e+08,1.5489e+05,3.0969e+05,3.0886e+05,29.4,69.7,0.7,0.2,4.4243e+30,4.3712e+30,4.6870e+28,6.2100e+27,1.5207e+28,0.0000e+00,98.8,1.1,0.1
162,4.5525e+30,1.3235e+30,3.1900e+30,3.1940e+28,6.9900e+27,1.1949e+30,1.2865e+29,2.5145e+30,6.7551e+29,2.5340e+28,6.6000e+27,3.4600e+27,3.5300e+27,6.7627e+08,1.5413e+06,1.5424e+09,1.0238e-20,1.3782e+08,1.8521e+05,3.0886e+05,3.0808e+05,29.1,70.1,0.7,0.2,4.5516e+30,4.4980e+30,4.7600e+28,6.0200e+27,1.5216e+28,0.0000e+00,98.8,1.0,0.1
163,4.6440e+30,1.3352e+30,3.2706e+30,3.1130e+28,6.9900e+27,1.2042e+30,1.3103e+29,2.6090e+30,6.6165e+29,2.3870e+28,7.2600e+27,3.7500e+27,3.2400e+27,6.7346e+08,9.8128e+05,1.5718e+09,1.0054e-20,1.3243e+08,1.6278e+05,3.0807e+05,3.0733e+05,28.8,70.4,0.7,0.2,4.6417e+30,4.5875e+30,4.8200e+28,6.0400e+27,1.5130e+28,0.0000e+00,98.8,1.0,0.1
164,4.7497e+30,1.3403e+30,3.3710e+30,3.1390e+28,7.0000e+27,1.2085e+30,1.3185e+29,2.7212e+30,6.4981e+29,2.3890e+28,7.5000e+27,3.2200e+27,3.7800e+27,6.6870e+08,4.1695e+05,1.6221e+09,2.5587e-20,1.2711e+08,2.4928e+05,3.0733e+05,3.0664e+05,28.2,71.0,0.7,0.1,4.7490e+30,4.6938e+30,4.9620e+28,5.5700e+27,1.5050e+28,0.0000e+00,98.8,1.0,0.1
165,4.8514e+30,1.3629e+30,3.4494e+30,3.1920e+28,7.2000e+27,1.2200e+30,1.4287e+29,2.7656e+30,6.8383e+29,2.4480e+28,7.4400e+27,3.9300e+27,3.2700e+27,6.6346e+08,8.1215e+02,1.6831e+09,1.0018e-20,1.4625e+08,2.2549e+05,3.0664e+05,3.0598e+05,28.1,71.1,0.7,0.1,4.8500e+30,4.7940e+30,5.0170e+28,5.7400e+27,1.5073e+28,0.0000e+00,98.8,1.0,0.1
166,4.9701e+30,1.3745e+30,3.5532e+30,3.5400e+28,6.9700e+27,1.2190e+30,1.5551e+29,2.7688e+30,7.8436e+29,2.7680e+28,7.7200e+27,3.3900e+27,3.5800e+27,6.5766e+08,1.6164e+06,1.7555e+09,1.0011e-20,1.4371e+08,2.3415e+05,3.0598e+05,3.0538e+05,27.7,71.5,0.7,0.1,4.9675e+30,4.9087e+30,5.2320e+28,6.4900e+27,1.5003e+28,0.0000e+00,98.8,1.1,0.1
167,5.1008e+30,1.3900e+30,3.6681e+30,3.5600e+28,7.1800e+27,1.2321e+30,1.5785e+29,2.8781e+30,7.8995e+29,2.6930e+28,8.6700e+27,3.6000e+27,3.5800e+27,6.5225e+08,1.0751e+06,1.7329e+09,1.0026e-20,1.3682e+08,2.7392e+05,3.0537e+05,3.0481e+05,27.2,71.9,0.7,0.1,5.0979e+30,5.0399e+30,5.2200e+28,5.8600e+27,1.4986e+28,0.0000e+00,98.9,1.0,0.1
168,5.1882e+30,1.3956e+30,3.7504e+30,3.5170e+28,7.0300e+27,1.2366e+30,1.5904e+29,2.9692e+30,7.8121e+29,2.6300e+28,8.8700e+27,3.5000e+27,3.5300e+27,6.4751e+08,5.2569e+05,1.7974e+09,1.0039e-20,1.3094e+08,3.4991e+05,3.0481e+05,3.0429e+05,26.9,72.3,0.7,0.1,5.1897e+30,5.1303e+30,5.3830e+28,5.5300e+27,1.4926e+28,0.0000e+00,98.9,1.0,0.1
169,5.2668e+30,1.4035e+30,3.8197e+30,3.6560e+28,6.9600e+27,1.2406e+30,1.6298e+29,3.0289e+30,7.9084e+29,2.7660e+28,8.9000e+27,3.7300e+27,3.2300e+27,6.4345e+08,2.1932e+02,1.7620e+09,1.0116e-20,1.5008e+08,3.1012e+05,3.0429e+05,3.0382e+05,26.6,72.5,0.7,0.1,5.2632e+30,5.2033e+30,5.3820e+28,6.1300e+27,1.4919e+28,0.0000e+00,98.9,1.0,0.1
170,5.3451e+30,1.4105e+30,3.8870e+30,4.0480e+28,7.1700e+27,1.2310e+30,1.7951e+29,2.9745e+30,9.1252e+29,3.0990e+28,9.4900e+27,3.6500e+27,3.5200e+27,6.4075e+08,9.8255e+05,1.7926e+09,1.0041e-20,1.4922e+08,3.3475e+05,3.0382e+05,3.0339e+05,26.4,72.7,0.8,0.1,5.3443e+30,5.2842e+30,5.3670e+28,6.4300e+27,1.4868e+28,0.0000e+00,98.9,1.0,0.1
171,5.4244e+30,1.4286e+30,3.9492e+30,3.9630e+28,7.0500e+27,1.2459e+30,1.8272e+29,3.0719e+30,8.7731e+29,3.0150e+28,9.4800e+27,3.6000e+27,3.4500e+27,6.3621e+08,1.3225e+06,1.7714e+09,1.0208e-20,1.4375e+08,3.4487e+05,3.0339e+05,3.0301e+05,26.3,72.8,0.7,0.1,5.4250e+30,5.3634e+30,5.5740e+28,5.8400e+27,1.4871e+28,0.0000e+00,98.9,1.0,0.1
172,5.4413e+30,1.4310e+30,3.9652e+30,3.7990e+28,7.0900e+27,1.2464e+30,1.8460e+29,3.1108e+30,8.5441e+29,2.8430e+28,9.5600e+27,3.6300e+27,3.4600e+27,6.3264e+08,6.6433e+05,1.7989e+09,1.0163e-20,1.3689e+08,2.9811e+05,3.0301e+05,3.0267e+05,26.3,72.9,0.7,0.1,5.4426e+30,5.3817e+30,5.4870e+28,6.0200e+27,1.4831e+28,0.0000e+00,98.9,1.0,0.1
173,5.5285e+30,1.4490e+30,4.0340e+30,3.8520e+28,7.0300e+27,1.2586e+30,1.9041e+29,3.2012e+30,8.3277e+29,2.9060e+28,9.4600e+27,3.3800e+27,3.6500e+27,6.3008e+08,1.9221e+03,1.8452e+09,1.0015e-20,1.4582e+08,3.3073e+05,3.0267e+05,3.0237e+05,26.2,73.0,0.7,0.1,5.5254e+30,5.4632e+30,5.6180e+28,5.9800e+27,1.4843e+28,0.0000e+00,98.9,1.0,0.1
174,5.5851e+30,1.4450e+30,4.0895e+30,4.3710e+28,6.8800e+27,1.2385e+30,2.0653e+29,3.0989e+30,9.9058e+29,3.3110e+28,1.0600e+28,3.3800e+27,3.5000e+27,6.2611e+08,2.7963e+05,1.8187e+09,1.0082e-20,1.4537e+08,3.1817e+05,3.0237e+05,3.0213e+05,25.9,73.2,0.8,0.1,5.5843e+30,5.5214e+30,5.6580e+28,6.3800e+27,1.4813e+28,0.0000e+00,98.9,1.0,0.1
175,5.6338e+30,1.4482e+30,4.1351e+30,4.3390e+28,6.9900e+27,1.2404e+30,2.0787e+29,3.1686e+30,9.6658e+29,3.2200e+28,1.1190e+28,3.3700e+27,3.6200e+27,6.2084e+08,1.5405e+06,1.8347e+09,1.0235e-20,1.3934e+08,3.7835e+05,3.0213e+05,3.0192e+05,25.7,73.4,0.8,0.1,5.6323e+30,5.5685e+30,5.7130e+28,6.7000e+27,1.4788e+28,0.0000e+00,98.9,1.0,0.1
176,5.7124e+30,1.4598e+30,4.2032e+30,4.2380e+28,6.9900e+27,1.2499e+30,2.0987e+29,3.2446e+30,9.5858e+29,3.1060e+28,1.1320e+28,3.6400e+27,3.3500e+27,6.1717e+08,8.1567e+05,1.8800e+09,1.0096e-20,1.3381e+08,3.8236e+05,3.0192e+05,3.0176e+05,25.6,73.6,0.7,0.1,5.7130e+30,5.6490e+30,5.7390e+28,6.7000e+27,1.4768e+28,0.0000e+00,98.9,1.0,0.1
177,5.7707e+30,1.4672e+30,4.2551e+30,4.1350e+28,7.1000e+27,1.2573e+30,2.0986e+29,3.3322e+30,9.2291e+29,2.9780e+28,1.1570e+28,3.5300e+27,3.5700e+27,6.1274e+08,3.3082e+04,1.8687e+09,1.0109e-20,1.2878e+08,3.9195e+05,3.0176e+05,3.0165e+05,25.4,73.7,0.7,0.1,5.7688e+30,5.7047e+30,5.7850e+28,6.2400e+27,1.4800e+28,0.0000e+00,98.9,1.0,0.1
178,5.7666e+30,1.4577e+30,4.2547e+30,4.7050e+28,7.0900e+27,1.2261e+30,2.3155e+29,3.1798e+30,1.0749e+30,3.4600e+28,1.2450e+28,3.3700e+27,3.7200e+27,6.0796e+08,1.2633e+03,1.8294e+09,1.0053e-20,1.4763e+08,3.8859e+05,3.0165e+05,3.0158e+05,25.3,73.8,0.8,0.1,5.7659e+30,5.7007e+30,5.8320e+28,6.9200e+27,1.4743e+28,0.0000e+00,98.9,1.0,0.1
179,5.8231e+30,1.4721e+30,4.2983e+30,4.5480e+28,7.2800e+27,1.2376e+30,2.3446e+29,3.2501e+30,1.0482e+30,3.3390e+28,1.2090e+28,3.8100e+27,3.4700e+27,6.0317e+08,1.7058e+06,1.9115e+09,1.0049e-20,1.4085e+08,3.7459e+05,3.0158e+05,3.0156e+05,25.3,73.8,0.8,0.1,5.8239e+30,5.7579e+30,5.9480e+28,6.5200e+27,1.4785e+28,0.0000e+00,98.9,1.0,0.1
180,5.8720e+30,1.4699e+30,4.3509e+30,4.4010e+28,7.1700e+27,1.2373e+30,2.3264e+29,3.3318e+30,1.0191e+30,3.1620e+28,1.2390e+28,3.6100e+27,3.5600e+27,5.9828e+08,9.3058e+05,1.9295e+09,1.0103e-20,1.3535e+08,4.1249e+05,3.0158e+05,3.0156e+05,25.0,74.1,0.7,0.1,5.8714e+30,5.8045e+30,6.0450e+28,6.4200e+27,1.4738e+28,0.0000e+00,98.9,1.0,0.1
181,5.9349e+30,1.4760e+30,4.4085e+30,4.3100e+28,7.2800e+27,1.2439e+30,2.3210e+29,3.4226e+30,9.8588e+29,3.0490e+28,1.2610e+28,3.6600e+27,3.6200e+27,5.9518e+08,9.9197e+04,1.8624e+09,1.0029e-20,1.2937e+08,3.8060e+05,3.0165e+05,3.0158e+05,24.9,74.3,0.7,0.1,5.9330e+30,5.8677e+30,5.8790e+28,6.4200e+27,1.4790e+28,0.0000e+00,98.9,1.0,0.1
182,5.9132e+30,1.4682e+30,4.3909e+30,4.7030e+28,7.0100e+27,1.2159e+30,2.5231e+29,3.2711e+30,1.1198e+30,3.4650e+28,1.2380e+28,3.4600e+27,3.5500e+27,5.9518e+08,2.2387e+03,1.9486e+09,1.0068e-20,1.4656e+08,4.2398e+05,3.0176e+05,3.0165e+05,24.8,74.3,0.8,0.1,5.9145e+30,5.8476e+30,5.9810e+28,7.0700e+27,1.4753e+28,0.0000e+00,98.9,1.0,0.1
183,5.9324e+30,1.4734e+30,4.4040e+30,4.7940e+28,7.0200e+27,1.2175e+30,2.5595e+29,3.3110e+30,1.0930e+30,3.4550e+28,1.3390e+28,3.1400e+27,3.8800e+27,5.9314e+08,2.1562e+06,1.9511e+09,1.0106e-20,1.4135e+08,4.2078e+05,3.0192e+05,3.0176e+05,24.8,74.2,0.8,0.1,5.9309e+30,5.8630e+30,6.1010e+28,6.8800e+27,1.4768e+28,0.0000e+00,98.9,1.0,0.1
184,5.9793e+30,1.4789e+30,4.4482e+30,4.5100e+28,7.0300e+27,1.2226e+30,2.5635e+29,3.3850e+30,1.0632e+30,3.1710e+28,1.3390e+28,3.3300e+27,3.7000e+27,5.9301e+08,1.2205e+06,1.9271e+09,1.0027e-20,1.3543e+08,4.5626e+05,3.0213e+05,3.0192e+05,24.7,74.4,0.8,0.1,5.9809e+30,5.9139e+30,5.9990e+28,6.9700e+27,1.4835e+28,0.0000e+00,98.9,1.0,0.1
185,5.9278e+30,1.4703e+30,4.4050e+30,4.5360e+28,7.1300e+27,1.2187e+30,2.5165e+29,3.4040e+30,1.0010e+30,3.1450e+28,1.3910e+28,3.5300e+27,3.6000e+27,5.9304e+08,2.0729e+05,1.8610e+09,1.0027e-20,1.2975e+08,4.4506e+05,3.0237e+05,3.0213e+05,24.8,74.3,0.8,0.1,5.9268e+30,5.8619e+30,5.8680e+28,6.2300e+27,1.4766e+28,0.0000e+00,98.9,1.0,0.1
186,5.9703e+30,1.4733e+30,4.4397e+30,5.0260e+28,6.9700e+27,1.2030e+30,2.7035e+29,3.2981e+30,1.1416e+30,3.6330e+28,1.3930e+28,3.5200e+27,3.4500e+27,5.9094e+08,1.8390e+03,1.9577e+09,1.0054e-20,1.4653e+08,4.3634e+05,3.0267e+05,3.0237e+05,24.7,74.4,0.8,0.1,5.9690e+30,5.9012e+30,6.0880e+28,6.9200e+27,1.4843e+28,0.0000e+00,98.9,1.0,0.1
187,5.9513e+30,1.4700e+30,4.4246e+30,4.9730e+28,7.0000e+27,1.1952e+30,2.7477e+29,3.2876e+30,1.1370e+30,3.5720e+28,1.4010e+28,3.5500e+27,3.4500e+27,5.8759e+08,2.2529e+06,1.9016e+09,1.0251e-20,1.4208e+08,4.2176e+05,3.0301e+05,3.0267e+05,24.7,74.3,0.8,0.1,5.9521e+30,5.8838e+30,6.1100e+28,7.2400e+27,1.4831e+28,0.0000e+00,98.9,1.0,0.1
188,5.9073e+30,1.4664e+30,4.3865e+30,4.7280e+28,7.0900e+27,1.1953e+30,2.7109e+29,3.3143e+30,1.0722e+30,3.3480e+28,1.3800e+28,3.5500e+27,3.5400e+27,5.8473e+08,1.3083e+06,1.8710e+09,1.0043e-20,1.3702e+08,4.0320e+05,3.0339e+05,3.0301e+05,24.8,74.3,0.8,0.1,5.9092e+30,5.8420e+30,5.9990e+28,7.1900e+27,1.4871e+28,0.0000e+00,98.9,1.0,0.1
189,5.8879e+30,1.4592e+30,4.3765e+30,4.5180e+28,6.9900e+27,1.1904e+30,2.6879e+29,3.3536e+30,1.0230e+30,3.1180e+28,1.4000e+28,3.6000e+27,3.3900e+27,5.8305e+08,3.2440e+05,1.8664e+09,1.0093e-20,1.3307e+08,4.2384e+05,3.0382e+05,3.0339e+05,24.8,74.3,0.8,0.1,5.8866e+30,5.8212e+30,5.8730e+28,6.6600e+27,1.4868e+28,0.0000e+00,98.9,1.0,0.1
190,5.8945e+30,1.4601e+30,4.3782e+30,4.9160e+28,7.0700e+27,1.1787e+30,2.8140e+29,3.2579e+30,1.1203e+30,3.4310e+28,1.4850e+28,3.5500e+27,3.5200e+27,5.8190e+08,1.6324e+03,1.9152e+09,1.0025e-20,1.4547e+08,4.1116e+05,3.0429e+05,3.0382e+05,24.8,74.3,0.8,0.1,5.8958e+30,5.8293e+30,5.9490e+28,7.0200e+27,1.4919e+28,0.0000e+00,98.9,1.0,0.1
191,5.8657e+30,1.4523e+30,4.3570e+30,4.9300e+28,7.1200e+27,1.1659e+30,2.8638e+29,3.2299e+30,1.1271e+30,3.4470e+28,1.4830e+28,3.6500e+27,3.4700e+27,5.8168e+08,2.8797e+06,1.8769e+09,1.0125e-20,1.4182e+08,4.1007e+05,3.0481e+05,3.0429e+05,24.8,74.3,0.8,0.1,5.8649e+30,5.7973e+30,6.0690e+28,6.9800e+27,1.4926e+28,0.0000e+00,98.8,1.0,0.1
192,5.8479e+30,1.4549e+30,4.3382e+30,4.7690e+28,7.1500e+27,1.1694e+30,2.8543e+29,3.2605e+30,1.0777e+30,3.3060e+28,1.4630e+28,3.9400e+27,3.2100e+27,5.7887e+08,1.7905e+06,1.8555e+09,1.0091e-20,1.3594e+08,3.6642e+05,3.0537e+05,3.0481e+05,24.9,74.2,0.8,0.1,5.8483e+30,5.7810e+30,6.0090e+28,7.1300e+27,1.4986e+28,0.0000e+00,98.9,1.0,0.1
193,5.7696e+30,1.4446e+30,4.2715e+30,4.6540e+28,7.0200e+27,1.1653e+30,2.7925e+29,3.2671e+30,1.0044e+30,3.2490e+28,1.4050e+28,3.4300e+27,3.5900e+27,5.7612e+08,6.0489e+05,1.7927e+09,1.0142e-20,1.3205e+08,3.4020e+05,3.0598e+05,3.0537e+05,25.0,74.0,0.8,0.1,5.7723e+30,5.7077e+30,5.7810e+28,6.7100e+27,1.5003e+28,0.0000e+00,98.9,1.0,0.1
194,5.7167e+30,1.4336e+30,4.2279e+30,4.8220e+28,6.9800e+27,1.1483e+30,2.8534e+29,3.1698e+30,1.0581e+30,3.3440e+28,1.4780e+28,3.6200e+27,3.3600e+27,5.7698e+08,2.1112e+03,1.7657e+09,1.0064e-20,1.4210e+08,3.1483e+05,3.0663e+05,3.0598e+05,25.1,74.0,0.8,0.1,5.7174e+30,5.6527e+30,5.7490e+28,7.1800e+27,1.5073e+28,0.0000e+00,98.9,1.0,0.1
195,5.6172e+30,1.4246e+30,4.1363e+30,4.9290e+28,7.0200e+27,1.1321e+30,2.9255e+29,3.0704e+30,1.0660e+30,3.4170e+28,1.5120e+28,3.5900e+27,3.4300e+27,5.7967e+08,2.7182e+06,1.7318e+09,1.0023e-20,1.3978e+08,3.2807e+05,3.0733e+05,3.0664e+05,25.4,73.6,0.9,0.1,5.6178e+30,5.5522e+30,5.8440e+28,7.0900e+27,1.5099e+28,0.0000e+00,98.8,1.0,0.1
196,5.5433e+30,1.4216e+30,4.0685e+30,4.5990e+28,7.1300e+27,1.1318e+30,2.8986e+29,3.0580e+30,1.0106e+30,3.2180e+28,1.3810e+28,3.7600e+27,3.3700e+27,5.8195e+08,2.0702e+06,1.7130e+09,1.0149e-20,1.3450e+08,2.7209e+05,3.0807e+05,3.0733e+05,25.6,73.4,0.8,0.1,5.5454e+30,5.4827e+30,5.6010e+28,6.6800e+27,1.5130e+28,0.0000e+00,98.9,1.0,0.1
197,5.4541e+30,1.4120e+30,3.9891e+30,4.5900e+28,7.0800e+27,1.1291e+30,2.8290e+29,3.0426e+30,9.4651e+29,3.1130e+28,1.4770e+28,3.7000e+27,3.3800e+27,5.8149e+08,8.8010e+05,1.7738e+09,7.7971e-20,1.3004e+08,2.6233e+05,3.0886e+05,3.0808e+05,25.9,73.1,0.8,0.1,5.4546e+30,5.3926e+30,5.5270e+28,6.7100e+27,1.5166e+28,0.0000e+00,98.9,1.0,0.1
198,5.3248e+30,1.4016e+30,3.8695e+30,4.6380e+28,7.2100e+27,1.1153e+30,2.8638e+29,2.9416e+30,9.2798e+29,3.1360e+28,1.5020e+28,3.4900e+27,3.7200e+27,5.8119e+08,3.1503e+03,1.7304e+09,1.0000e-20,1.4302e+08,2.4027e+05,3.0969e+05,3.0886e+05,26.3,72.7,0.9,0.1,5.3278e+30,5.2672e+30,5.3740e+28,6.8600e+27,1.5206e+28,0.0000e+00,98.9,1.0,0.1
199,5.2460e+30,1.3951e+30,3.7945e+30,4.9460e+28,7.0500e+27,1.0981e+30,2.9697e+29,2.8186e+30,9.7587e+29,3.4230e+28,1.5230e+28,3.3600e+27,3.6900e+27,5.7987e+08,1.6414e+06,1.7026e+09,1.0312e-20,1.4200e+08,2.0583e+05,3.1057e+05,3.0969e+05,26.6,72.3,0.9,0.1,5.2475e+30,5.1860e+30,5.3690e+28,7.8100e+27,1.5302e+28,0.0000e+00,98.8,1.0,0.1
200,5.1101e+30,1.3822e+30,3.6743e+30,4.6520e+28,7.1700e+27,1.0930e+30,2.8921e+29,2.7794e+30,8.9491e+29,3.2190e+28,1.4330e+28,3.5700e+27,3.6000e+27,5.7874e+08,1.7739e+06,1.7066e+09,1.0012e-20,1.3795e+08,2.0043e+05,3.1149e+05,3.1057e+05,27.0,71.9,0.9,0.1,5.1114e+30,5.0524e+30,5.1680e+28,7.3400e+27,1.5301e+28,0.0000e+00,98.8,1.0,0.1
201,5.0084e+30,1.3776e+30,3.5793e+30,4.4410e+28,7.0800e+27,1.0935e+30,2.8406e+29,2.7415e+30,8.3783e+29,2.9850e+28,1.4560e+28,3.6400e+27,3.4400e+27,5.8139e+08,1.3006e+06,1.6892e+09,1.0123e-20,1.3314e+08,1.5081e+05,3.1245e+05,3.1149e+05,27.5,71.5,0.9,0.1,5.0100e+30,4.9525e+30,5.0230e+28,7.2800e+27,1.5406e+28,0.0000e+00,98.9,1.0,0.1
202,4.8655e+30,1.3574e+30,3.4565e+30,4.4640e+28,6.9800e+27,1.0831e+30,2.7430e+29,2.7006e+30,7.5583e+29,2.9420e+28,1.5220e+28,3.4100e+27,3.5700e+27,5.8234e+08,7.1782e+04,1.6203e+09,1.0064e-20,1.2825e+08,1.4930e+05,3.1346e+05,3.1246e+05,27.9,71.0,0.9,0.1,4.8668e+30,4.8094e+30,5.0150e+28,7.2400e+27,1.5414e+28,0.0000e+00,98.8,1.0,0.1
203,4.7495e+30,1.3548e+30,3.3400e+30,4.7630e+28,7.0500e+27,1.0618e+30,2.9301e+29,2.5216e+30,8.1847e+29,3.2880e+28,1.4750e+28,3.7200e+27,3.3300e+27,5.8469e+08,3.4956e+03,1.5998e+09,1.0151e-20,1.3918e+08,1.3053e+05,3.1451e+05,3.1346e+05,28.5,70.3,1.0,0.1,4.7523e+30,4.6960e+30,4.8520e+28,7.7600e+27,1.5528e+28,0.0000e+00,98.8,1.0,0.2
204,4.5945e+30,1.3396e+30,3.2032e+30,4.4730e+28,7.0600e+27,1.0562e+30,2.8339e+29,2.4617e+30,7.4149e+29,3.0460e+28,1.4270e+28,3.2500e+27,3.8100e+27,5.8434e+08,8.6786e+05,1.5667e+09,1.0061e-20,1.3524e+08,9.7588e+04,3.1561e+05,3.1452e+05,29.2,69.7,1.0,0.2,4.5962e+30,4.5433e+30,4.5420e+28,7.4700e+27,1.5545e+28,0.0000e+00,98.8,1.0,0.2
205,4.5034e+30,1.3311e+30,3.1222e+30,4.3120e+28,7.0300e+27,1.0522e+30,2.7891e+29,2.4259e+30,6.9631e+29,2.9040e+28,1.4080e+28,3.4000e+27,3.6300e+27,5.8968e+08,6.7273e+05,1.5603e+09,1.0061e-20,1.3087e+08,9.3944e+04,3.1675e+05,3.1561e+05,29.6,69.3,1.0,0.2,4.5054e+30,4.4522e+30,4.5770e+28,7.4800e+27,1.5669e+28,0.0000e+00,98.8,1.0,0.2
206,4.3499e+30,1.3144e+30,2.9872e+30,4.1220e+28,7.0200e+27,1.0443e+30,2.7010e+29,2.3598e+30,6.2747e+29,2.7620e+28,1.3600e+28,3.3800e+27,3.6400e+27,5.9316e+08,3.9405e+05,1.5330e+09,1.0257e-20,1.2698e+08,9.9606e+04,3.1793e+05,3.1675e+05,30.2,68.7,0.9,0.2,4.3521e+30,4.2994e+30,4.5380e+28,7.3100e+27,1.5694e+28,0.0000e+00,98.8,1.0,0.2
207,4.2197e+30,1.3054e+30,2.8647e+30,4.2670e+28,7.0400e+27,1.0324e+30,2.7300e+29,2.2395e+30,6.2514e+29,2.8730e+28,1.3940e+28,3.5200e+27,3.5200e+27,5.9470e+08,2.1172e+03,1.4737e+09,1.0019e-20,1.4210e+08,7.9306e+04,3.1916e+05,3.1794e+05,30.9,67.9,1.0,0.2,4.2214e+30,4.1701e+30,4.3450e+28,7.8600e+27,1.5775e+28,0.0000e+00,98.8,1.0,0.2
208,4.1113e+30,1.2915e+30,2.7694e+30,4.3370e+28,7.0600e+27,1.0157e+30,2.7577e+29,2.1434e+30,6.2597e+29,2.9380e+28,1.3990e+28,3.7400e+27,3.3200e+27,5.9555e+08,3.5128e+05,1.4284e+09,1.0091e-20,1.3922e+08,6.5441e+04,3.2043e+05,3.1916e+05,31.4,67.4,1.1,0.2,4.1130e+30,4.0624e+30,4.2600e+28,7.9400e+27,1.5861e+28,0.0000e+00,98.8,1.0,0.2
209,3.9936e+30,1.2781e+30,2.6659e+30,4.2600e+28,7.0700e+27,1.0100e+30,2.6813e+29,2.0926e+30,5.7325e+29,2.8520e+28,1.4080e+28,3.5800e+27,3.4900e+27,5.9413e+08,2.4519e+05,1.4124e+09,1.0159e-20,1.3424e+08,5.8404e+04,3.2174e+05,3.2043e+05,32.0,66.8,1.1,0.2,3.9950e+30,3.9453e+30,4.1830e+28,7.9000e+27,1.5897e+28,0.0000e+00,98.8,1.0,0.2
210,3.8673e+30,1.2647e+30,2.5547e+30,4.0970e+28,6.9400e+27,1.0041e+30,2.6068e+29,2.0334e+30,5.2124e+29,2.7420e+28,1.3550e+28,3.3500e+27,3.5900e+27,5.9509e+08,9.2827e+04,1.3881e+09,1.0108e-20,1.3052e+08,3.7485e+04,3.2310e+05,3.2174e+05,32.7,66.1,1.1,0.2,3.8712e+30,3.8231e+30,4.0070e+28,8.0500e+27,1.6046e+28,0.0000e+00,98.8,1.0,0.2
211,3.7243e+30,1.2466e+30,2.4325e+30,3.8290e+28,7.0300e+27,9.9528e+29,2.5127e+29,1.9706e+30,4.6191e+29,2.5210e+28,1.3080e+28,3.5900e+27,3.4400e+27,5.9660e+08,1.3263e+05,1.3838e+09,1.0210e-20,1.2722e+08,2.7728e+04,3.2449e+05,3.2310e+05,33.5,65.3,1.0,0.2,3.7244e+30,3.6782e+30,3.8310e+28,7.8100e+27,1.6034e+28,0.0000e+00,98.8,1.0,0.2
212,3.6393e+30,1.2380e+30,2.3539e+30,4.0300e+28,7.0300e+27,9.7681e+29,2.6122e+29,1.8545e+30,4.9943e+29,2.7250e+28,1.3050e+28,3.5000e+27,3.5300e+27,6.0081e+08,2.6311e+03,1.3523e+09,1.0019e-20,1.4888e+08,2.8313e+04,3.2594e+05,3.2450e+05,34.0,64.7,1.1,0.2,3.6413e+30,3.5953e+30,3.7180e+28,8.8200e+27,1.6192e+28,0.0000e+00,98.7,1.0,0.2
213,3.5212e+30,1.2173e+30,2.2587e+30,3.8380e+28,6.9200e+27,9.6489e+29,2.5236e+29,1.7983e+30,4.6042e+29,2.6080e+28,1.2300e+28,3.4100e+27,3.5100e+27,6.0253e+08,5.4085e+04,1.3072e+09,1.0020e-20,1.4527e+08,1.3876e+04,3.2742e+05,3.2594e+05,34.6,64.1,1.1,0.2,3.5222e+30,3.4773e+30,3.6440e+28,8.4100e+27,1.6243e+28,0.0000e+00,98.7,1.0,0.2
214,3.4144e+30,1.2026e+30,2.1666e+30,3.8000e+28,7.2100e+27,9.5808e+29,2.4454e+29,1.7360e+30,4.3061e+29,2.5610e+28,1.2390e+28,3.5600e+27,3.6500e+27,6.0402e+08,6.2914e+04,1.2975e+09,2.6818e-20,1.4073e+08,1.5250e+04,3.2894e+05,3.2742e+05,35.2,63.5,1.1,0.2,3.4158e+30,3.3722e+30,3.5210e+28,8.3400e+27,1.6355e+28,0.0000e+00,98.7,1.0,0.2
215,3.3050e+30,1.1953e+30,2.0659e+30,3.6830e+28,7.0300e+27,9.5683e+29,2.3843e+29,1.6775e+30,3.8838e+29,2.4410e+28,1.2420e+28,3.7200e+27,3.3100e+27,6.0582e+08,3.9049e+04,1.2983e+09,1.0026e-20,1.3570e+08,1.1467e+04,3.3052e+05,3.2895e+05,36.2,62.5,1.1,0.2,3.3074e+30,3.2645e+30,3.4460e+28,8.5000e+27,1.6470e+28,0.0000e+00,98.7,1.0,0.3
216,3.2071e+30,1.1730e+30,1.9913e+30,3.5800e+28,7.0200e+27,9.4582e+29,2.2717e+29,1.6376e+30,3.5369e+29,2.3670e+28,1.2130e+28,3.6100e+27,3.4100e+27,6.0680e+08,4.3804e+03,1.2498e+09,1.0056e-20,1.4854e+08,1.0455e+04,3.3213e+05,3.3052e+05,36.6,62.1,1.1,0.2,3.2085e+30,3.1667e+30,3.3050e+28,8.7300e+27,1.6532e+28,0.0000e+00,98.7,1.0,0.3
217,3.1072e+30,1.1594e+30,1.9029e+30,3.7850e+28,7.1000e+27,9.2280e+29,2.3657e+29,1.5285e+30,3.7437e+29,2.5940e+28,1.1910e+28,3.8300e+27,3.2700e+27,6.1333e+08,2.8758e+04,1.2281e+09,1.0004e-20,1.4805e+08,5.2461e+03,3.3377e+05,3.3213e+05,37.3,61.2,1.2,0.2,3.1072e+30,3.0650e+30,3.3330e+28,8.8800e+27,1.6597e+28,0.0000e+00,98.6,1.1,0.3
218,3.0624e+30,1.1456e+30,1.8733e+30,3.6330e+28,7.1300e+27,9.1745e+29,2.2813e+29,1.5050e+30,3.6831e+29,2.4500e+28,1.1830e+28,3.6600e+27,3.4700e+27,6.1665e+08,3.3125e+04,1.2482e+09,1.0153e-20,1.4326e+08,7.1906e+03,3.3547e+05,3.3378e+05,37.4,61.2,1.2,0.2,3.0635e+30,3.0232e+30,3.1250e+28,9.0400e+27,1.6724e+28,0.0000e+00,98.7,1.0,0.3
219,2.9930e+30,1.1335e+30,1.8186e+30,3.3910e+28,7.0300e+27,9.1383e+29,2.1965e+29,1.4713e+30,3.4724e+29,2.2840e+28,1.1070e+28,3.5900e+27,3.4400e+27,6.2124e+08,2.8442e+04,1.2234e+09,3.2358e-20,1.3876e+08,4.4562e+03,3.3720e+05,3.3547e+05,37.9,60.8,1.1,0.2,2.9946e+30,2.9532e+30,3.2180e+28,9.2600e+27,1.6856e+28,0.0000e+00,98.6,1.1,0.3
220,2.9203e+30,1.1196e+30,1.7603e+30,3.3370e+28,7.0100e+27,9.0794e+29,2.1163e+29,1.4496e+30,3.1074e+29,2.2210e+28,1.1160e+28,3.4600e+27,3.5500e+27,6.2209e+08,2.6260e+04,1.1592e+09,1.0063e-20,1.3344e+08,5.8676e+03,3.3898e+05,3.3721e+05,38.3,60.3,1.1,0.2,2.9213e+30,2.8810e+30,3.0350e+28,9.9100e+27,1.6931e+28,0.0000e+00,98.6,1.0,0.3
221,2.8466e+30,1.0988e+30,1.7090e+30,3.1810e+28,7.0400e+27,8.9590e+29,2.0291e+29,1.4176e+30,2.9141e+29,2.0810e+28,1.1000e+28,3.4600e+27,3.5800e+27,6.2649e+08,2.5887e+04,1.1575e+09,1.0012e-20,1.3002e+08,3.9218e+03,3.4079e+05,3.3898e+05,38.6,60.0,1.1,0.2,2.8479e+30,2.8081e+30,3.0730e+28,9.0600e+27,1.7009e+28,0.0000e+00,98.6,1.1,0.3
222,2.7945e+30,1.0860e+30,1.6674e+30,3.4080e+28,7.0000e+27,8.7679e+29,2.0923e+29,1.3495e+30,3.1795e+29,2.3210e+28,1.0870e+28,3.8200e+27,3.1800e+27,6.2960e+08,1.3453e+03,1.1800e+09,1.0191e-20,1.4994e+08,3.1940e+03,3.4265e+05,3.4080e+05,38.9,59.7,1.2,0.3,2.7938e+30,2.7542e+30,2.9570e+28,1.0120e+28,1.7152e+28,0.0000e+00,98.6,1.1,0.4
223,2.7548e+30,1.0769e+30,1.6375e+30,3.3510e+28,6.9700e+27,8.7508e+29,2.0179e+29,1.3248e+30,3.1265e+29,2.2580e+28,1.0930e+28,3.2400e+27,3.7300e+27,6.3198e+08,2.5246e+04,1.1559e+09,1.0173e-20,1.4438e+08,2.4142e+03,3.4455e+05,3.4265e+05,39.1,59.4,1.2,0.3,2.7548e+30,2.7139e+30,2.9610e+28,1.1280e+28,1.7299e+28,0.0000e+00,98.5,1.1,0.4
224,2.6844e+30,1.0588e+30,1.5886e+30,2.9990e+28,7.0100e+27,8.6160e+29,1.9721e+29,1.2899e+30,2.9869e+29,2.0350e+28,9.6400e+27,3.7200e+27,3.2900e+27,6.3298e+08,2.3821e+04,1.1176e+09,9.4905e-20,1.3999e+08,1.9373e+03,3.4648e+05,3.4455e+05,39.4,59.2,1.1,0.3,2.6861e+30,2.6463e+30,2.9340e+28,1.0430e+28,1.7322e+28,0.0000e+00,98.5,1.1,0.4
225,2.6334e+30,1.0462e+30,1.5512e+30,2.8710e+28,7.2200e+27,8.5778e+29,1.8846e+29,1.2695e+30,2.8176e+29,1.9470e+28,9.2400e+27,3.5700e+27,3.6500e+27,6.3620e+08,2.3785e+04,1.1083e+09,1.0013e-20,1.3580e+08,2.4718e+03,3.4845e+05,3.4648e+05,39.7,58.9,1.1,0.3,2.6344e+30,2.5954e+30,2.8420e+28,1.0540e+28,1.7476e+28,0.0000e+00,98.5,1.1,0.4
226,2.5821e+30,1.0366e+30,1.5109e+30,2.7620e+28,7.0400e+27,8.5253e+29,1.8406e+29,1.2436e+30,2.6729e+29,1.8280e+28,9.3400e+27,3.3500e+27,3.6900e+27,6.3692e+08,2.2572e+04,1.1402e+09,1.0049e-20,1.3209e+08,1.9022e+03,3.5047e+05,3.4846e+05,40.1,58.5,1.1,0.3,2.5823e+30,2.5444e+30,2.7720e+28,1.0190e+28,1.7634e+28,0.0000e+00,98.5,1.1,0.4
227,2.5245e+30,1.0209e+30,1.4683e+30,2.8270e+28,7.0800e+27,8.3772e+29,1.8313e+29,1.2008e+30,2.6757e+29,1.8920e+28,9.3500e+27,3.5600e+27,3.5200e+27,6.4337e+08,1.8947e+03,1.0990e+09,1.0067e-20,1.5207e+08,1.4796e+03,3.5252e+05,3.5047e+05,40.4,58.2,1.1,0.3,2.5244e+30,2.4874e+30,2.7190e+28,9.8200e+27,1.7729e+28,0.0000e+00,98.5,1.1,0.4
228,2.5112e+30,1.0111e+30,1.4630e+30,3.0100e+28,7.0300e+27,8.2933e+29,1.8174e+29,1.1708e+30,2.9222e+29,2.0800e+28,9.3000e+27,3.5400e+27,3.4900e+27,6.4660e+08,2.1263e+04,1.0670e+09,1.0588e-20,1.4900e+08,1.5338e+03,3.5461e+05,3.5253e+05,40.3,58.3,1.2,0.3,2.5114e+30,2.4735e+30,2.6250e+28,1.1630e+28,1.7827e+28,0.0000e+00,98.5,1.0,0.5
229,2.4596e+30,9.9784e+29,1.4266e+30,2.8120e+28,7.0500e+27,8.2098e+29,1.7686e+29,1.1555e+30,2.7110e+29,1.9100e+28,9.0200e+27,3.4000e+27,3.6500e+27,6.4991e+08,2.1785e+04,1.0462e+09,1.0005e-20,1.4430e+08,2.0396e+03,3.5674e+05,3.5461e+05,40.6,58.0,1.1,0.3,2.4609e+30,2.4225e+30,2.6700e+28,1.1660e+28,1.7995e+28,0.0000e+00,98.4,1.1,0.5
230,2.4219e+30,9.8738e+29,1.4001e+30,2.7410e+28,7.0300e+27,8.1702e+29,1.7036e+29,1.1300e+30,2.7007e+29,1.8230e+28,9.1800e+27,3.5400e+27,3.4900e+27,6.5264e+08,2.0444e+04,1.0880e+09,4.4939e-20,1.3939e+08,1.4826e+03,3.5891e+05,3.5675e+05,40.8,57.8,1.1,0.3,2.4205e+30,2.3823e+30,2.6650e+28,1.1520e+28,1.8098e+28,0.0000e+00,98.4,1.1,0.5
231,2.3800e+30,9.7252e+29,1.3754e+30,2.4970e+28,7.1300e+27,8.0946e+29,1.6306e+29,1.1123e+30,2.6313e+29,1.6550e+28,8.4200e+27,3.6500e+27,3.4800e+27,6.5598e+08,1.9517e+04,1.0628e+09,1.0169e-20,1.3544e+08,1.4499e+03,3.6111e+05,3.5891e+05,40.9,57.8,1.0,0.3,2.3815e+30,2.3446e+30,2.5500e+28,1.1370e+28,1.8203e+28,0.0000e+00,98.5,1.1,0.5
232,2.3165e+30,9.5659e+29,1.3285e+30,2.4430e+28,6.9700e+27,8.0122e+29,1.5537e+29,1.0859e+30,2.4256e+29,1.6190e+28,8.2400e+27,3.2900e+27,3.6800e+27,6.5820e+08,1.8933e+04,1.0427e+09,1.0111e-20,1.3085e+08,1.2855e+03,3.6334e+05,3.6112e+05,41.3,57.3,1.1,0.3,2.3166e+30,2.2788e+30,2.5910e+28,1.1850e+28,1.8309e+28,0.0000e+00,98.4,1.1,0.5
233,2.2727e+30,9.4818e+29,1.2909e+30,2.6610e+28,7.0800e+27,7.8719e+29,1.6099e+29,1.0389e+30,2.5198e+29,1.8370e+28,8.2400e+27,3.5500e+27,3.5300e+27,6.6285e+08,2.8472e+03,1.0211e+09,1.0013e-20,1.5465e+08,1.2381e+03,3.6562e+05,3.6335e+05,41.7,56.8,1.2,0.3,2.2748e+30,2.2381e+30,2.4780e+28,1.1920e+28,1.8490e+28,0.0000e+00,98.4,1.1,0.5
234,2.2299e+30,9.3644e+29,1.2613e+30,2.5270e+28,6.9500e+27,7.7863e+29,1.5781e+29,1.0123e+30,2.4893e+29,1.7350e+28,7.9200e+27,3.4200e+27,3.5300e+27,6.6652e+08,1.7785e+04,1.0345e+09,2.4354e-19,1.5001e+08,1.1712e+03,3.6793e+05,3.6563e+05,42.0,56.6,1.1,0.3,2.2299e+30,2.1937e+30,2.4080e+28,1.2070e+28,1.8601e+28,0.0000e+00,98.4,1.1,0.5
235,2.2176e+30,9.2636e+29,1.2590e+30,2.5190e+28,7.0600e+27,7.7429e+29,1.5207e+29,1.0083e+30,2.5063e+29,1.7220e+28,7.9700e+27,3.6100e+27,3.4500e+27,6.7285e+08,1.7512e+04,1.0321e+09,1.0011e-20,1.4736e+08,1.1562e+03,3.7028e+05,3.6794e+05,41.8,56.8,1.1,0.3,2.2169e+30,2.1789e+30,2.5330e+28,1.2690e+28,1.8788e+28,0.0000e+00,98.3,1.1,0.6
236,2.1792e+30,9.1357e+29,1.2350e+30,2.3530e+28,7.0200e+27,7.6543e+29,1.4814e+29,9.9153e+29,2.4351e+29,1.6140e+28,7.3900e+27,3.6200e+27,3.4000e+27,6.7772e+08,1.6738e+04,1.0150e+09,1.5205e-19,1.4324e+08,1.1392e+03,3.7267e+05,3.7029e+05,41.9,56.7,1.1,0.3,2.1801e+30,2.1434e+30,2.4300e+28,1.2410e+28,1.8904e+28,0.0000e+00,98.3,1.1,0.6
237,2.1433e+30,9.0113e+29,1.2135e+30,2.1830e+28,6.9100e+27,7.5853e+29,1.4260e+29,9.8648e+29,2.2699e+29,1.4850e+28,6.9800e+27,3.4600e+27,3.4500e+27,6.8108e+08,1.6779e+04,9.7417e+08,1.0137e-20,1.3906e+08,1.1267e+03,3.7508e+05,3.7268e+05,42.0,56.6,1.0,0.3,2.1436e+30,2.1079e+30,2.3670e+28,1.2070e+28,1.9021e+28,0.0000e+00,98.3,1.1,0.6
238,2.1059e+30,8.8764e+29,1.1906e+30,2.0570e+28,7.0200e+27,7.5007e+29,1.3757e+29,9.6684e+29,2.2380e+29,1.3700e+28,6.8700e+27,3.3100e+27,3.7100e+27,6.8751e+08,1.5783e+04,9.5931e+08,1.0451e-20,1.3472e+08,1.0809e+03,3.7753e+05,3.7509e+05,42.2,56.5,1.0,0.3,2.1073e+30,2.0720e+30,2.3450e+28,1.1850e+28,1.9139e+28,0.0000e+00,98.3,1.1,0.6
239,2.0834e+30,8.7966e+29,1.1749e+30,2.1870e+28,7.0400e+27,7.4115e+29,1.3851e+29,9.3186e+29,2.4299e+29,1.4650e+28,7.2200e+27,3.4700e+27,3.5700e+27,6.9816e+08,2.1009e+03,9.7700e+08,1.0228e-20,1.5944e+08,1.0195e+03,3.8002e+05,3.7754e+05,42.2,56.4,1.0,0.3,2.0837e+30,2.0486e+30,2.3410e+28,1.1770e+28,1.9337e+28,0.0000e+00,98.3,1.1,0.6
240,2.0356e+30,8.6945e+29,1.1375e+30,2.1690e+28,6.9700e+27,7.3000e+29,1.3945e+29,8.9074e+29,2.4677e+29,1.5100e+28,6.5900e+27,3.5100e+27,3.4600e+27,7.0362e+08,1.4984e+04,9.7999e+08,1.0356e-20,1.5740e+08,9.8296e+02,3.8254e+05,3.8003e+05,42.7,55.9,1.1,0.3,2.0348e+30,2.0008e+30,2.2190e+28,1.1760e+28,1.9458e+28,0.0000e+00,98.3,1.1,0.6
241,1.9784e+30,8.5596e+29,1.0942e+30,2.1220e+28,6.9900e+27,7.2375e+29,1.3221e+29,8.7353e+29,2.2066e+29,1.4640e+28,6.5800e+27,3.5000e+27,3.4900e+27,7.0885e+08,1.4442e+04,9.4513e+08,1.0029e-20,1.5343e+08,9.4760e+02,3.8508e+05,3.8255e+05,43.3,55.3,1.1,0.4,1.9800e+30,1.9448e+30,2.2830e+28,1.2370e+28,1.9581e+28,0.0000e+00,98.2,1.2,0.6
242,1.9710e+30,8.4670e+29,1.0980e+30,1.9290e+28,7.0000e+27,7.1772e+29,1.2898e+29,8.7662e+29,2.2137e+29,1.3200e+28,6.0900e+27,3.3900e+27,3.6100e+27,7.1802e+08,1.4140e+04,9.2699e+08,3.4657e-19,1.4824e+08,9.3330e+02,3.8767e+05,3.8509e+05,43.0,55.7,1.0,0.4,1.9707e+30,1.9361e+30,2.2370e+28,1.2250e+28,1.9786e+28,0.0000e+00,98.2,1.1,0.6
243,1.9237e+30,8.3946e+29,1.0580e+30,1.9340e+28,6.9400e+27,7.1411e+29,1.2535e+29,8.5916e+29,1.9883e+29,1.3100e+28,6.2400e+27,3.2700e+27,3.6700e+27,7.2393e+08,1.3611e+04,9.2604e+08,8.3563e-20,1.4270e+08,8.9612e+02,3.9029e+05,3.8768e+05,43.6,55.0,1.0,0.4,1.9243e+30,1.8895e+30,2.2260e+28,1.2480e+28,1.9912e+28,0.0000e+00,98.2,1.2,0.6
244,1.8858e+30,8.2360e+29,1.0370e+30,1.8220e+28,6.9900e+27,7.0230e+29,1.2130e+29,8.3504e+29,2.0198e+29,1.2010e+28,6.2100e+27,3.3900e+27,3.6000e+27,7.3118e+08,1.3154e+04,9.3613e+08,1.0105e-20,1.3752e+08,8.6520e+02,3.9293e+05,3.9030e+05,43.7,55.0,1.0,0.4,1.8866e+30,1.8523e+30,2.1440e+28,1.2850e+28,2.0038e+28,0.0000e+00,98.2,1.1,0.7
245,1.8650e+30,8.0893e+29,1.0314e+30,1.7690e+28,6.9500e+27,6.9397e+29,1.1496e+29,8.1373e+29,2.1767e+29,1.1700e+28,5.9900e+27,3.4700e+27,3.4800e+27,7.3676e+08,1.2748e+04,9.4441e+08,1.0013e-20,1.3472e+08,8.3532e+02,3.9560e+05,3.9294e+05,43.4,55.3,0.9,0.4,1.8643e+30,1.8302e+30,2.1860e+28,1.2290e+28,2.0164e+28,0.0000e+00,98.2,1.2,0.7
246,1.8326e+30,7.9796e+29,1.0096e+30,1.8130e+28,6.9600e+27,6.8252e+29,1.1544e+29,7.8870e+29,2.2087e+29,1.2310e+28,5.8200e+27,3.5800e+27,3.3800e+27,7.4070e+08,2.4398e+03,9.0040e+08,1.0031e-20,1.5884e+08,8.0178e+02,3.9830e+05,3.9561e+05,43.5,55.1,1.0,0.4,1.8335e+30,1.7993e+30,2.0810e+28,1.3390e+28,2.0377e+28,0.0000e+00,98.1,1.1,0.7
247,1.7904e+30,7.9094e+29,9.7500e+29,1.7450e+28,6.9600e+27,6.7293e+29,1.1801e+29,7.5025e+29,2.2475e+29,1.2470e+28,4.9800e+27,3.4800e+27,3.4800e+27,7.4564e+08,1.1996e+04,8.9796e+08,1.0039e-20,1.5706e+08,7.8207e+02,4.0103e+05,3.9831e+05,44.2,54.5,1.0,0.4,1.7900e+30,1.7560e+30,2.0470e+28,1.3540e+28,2.0505e+28,0.0000e+00,98.1,1.1,0.8
248,1.7643e+30,7.8013e+29,9.5959e+29,1.7550e+28,7.0200e+27,6.6676e+29,1.1337e+29,7.4464e+29,2.1495e+29,1.2170e+28,5.3800e+27,3.3600e+27,3.6600e+27,7.4949e+08,1.1691e+04,8.6545e+08,1.0023e-20,1.5142e+08,7.5332e+02,4.0380e+05,4.0105e+05,44.2,54.4,1.0,0.4,1.7658e+30,1.7314e+30,2.1040e+28,1.3360e+28,2.0723e+28,0.0000e+00,98.1,1.2,0.8
249,1.7496e+30,7.6712e+29,9.5876e+29,1.6740e+28,6.9300e+27,6.5676e+29,1.1036e+29,7.3799e+29,2.2077e+29,1.1340e+28,5.4000e+27,3.3600e+27,3.5700e+27,7.5347e+08,1.1341e+04,8.7642e+08,1.0555e-19,1.4607e+08,7.3230e+02,4.0658e+05,4.0381e+05,43.8,54.8,1.0,0.4,1.7494e+30,1.7155e+30,2.0960e+28,1.2930e+28,2.0761e+28,0.0000e+00,98.1,1.2,0.7
250,1.7179e+30,7.6024e+29,9.3556e+29,1.5180e+28,6.9300e+27,6.5342e+29,1.0682e+29,7.2253e+29,2.1303e+29,1.0080e+28,5.1000e+27,3.2700e+27,3.6600e+27,7.5462e+08,1.0960e+04,8.8103e+08,2.9054e-18,1.4158e+08,7.1548e+02,4.0939e+05,4.0659e+05,44.3,54.5,0.9,0.4,1.7190e+30,1.6844e+30,2.1550e+28,1.3010e+28,2.0980e+28,0.0000e+00,98.0,1.3,0.8
251,1.6949e+30,7.4828e+29,9.2455e+29,1.5050e+28,6.9700e+27,6.4564e+29,1.0264e+29,7.1850e+29,2.0605e+29,1.0280e+28,4.7700e+27,3.6700e+27,3.3000e+27,7.5763e+08,1.0615e+04,8.6690e+08,3.7492e-20,1.3644e+08,6.8845e+02,4.1224e+05,4.0941e+05,44.2,54.6,0.9,0.4,1.6949e+30,1.6611e+30,2.0730e+28,1.3120e+28,2.1203e+28,0.0000e+00,98.0,1.2,0.8
252,1.6527e+30,7.3932e+29,8.9209e+29,1.4300e+28,6.9400e+27,6.4008e+29,9.9240e+28,6.9578e+29,1.9631e+29,9.5200e+27,4.7800e+27,3.5600e+27,3.3800e+27,7.5929e+08,1.0277e+04,8.4901e+08,1.0120e-20,1.3246e+08,6.6467e+02,4.1511e+05,4.1226e+05,44.7,54.0,0.9,0.4,1.6524e+30,1.6192e+30,2.0220e+28,1.3000e+28,2.1333e+28,0.0000e+00,98.0,1.2,0.8
253,1.6311e+30,7.2500e+29,8.8501e+29,1.4140e+28,6.9300e+27,6.2798e+29,9.7020e+28,6.9088e+29,1.9413e+29,9.3300e+27,4.8100e+27,3.5100e+27,3.4200e+27,7.5673e+08,1.0010e+04,8.2739e+08,1.0232e-20,1.2895e+08,6.4401e+02,4.1800e+05,4.1513e+05,44.4,54.3,0.9,0.4,1.6312e+30,1.5985e+30,1.9650e+28,1.3120e+28,2.1462e+28,0.0000e+00,98.0,1.2,0.8
254,1.6074e+30,7.1120e+29,8.7492e+29,1.4230e+28,7.0400e+27,6.1527e+29,9.5930e+28,6.6128e+29,2.1364e+29,9.7000e+27,4.5300e+27,3.6400e+27,3.4000e+27,7.5490e+08,2.9361e+03,7.9853e+08,1.0023e-20,1.6011e+08,6.2240e+02,4.2091e+05,4.1802e+05,44.2,54.4,0.9,0.4,1.6073e+30,1.5756e+30,1.8910e+28,1.2820e+28,2.1590e+28,0.0000e+00,98.0,1.2,0.8
255,1.5718e+30,7.0563e+29,8.4440e+29,1.4840e+28,6.9400e+27,6.0739e+29,9.8240e+28,6.3644e+29,2.0796e+29,1.0720e+28,4.1200e+27,3.5200e+27,3.4200e+27,7.5678e+08,9.3740e+03,9.4477e+08,1.0424e-20,1.5783e+08,6.0570e+02,4.2385e+05,4.2093e+05,44.9,53.7,0.9,0.4,1.5731e+30,1.5404e+30,1.9110e+28,1.3630e+28,2.1815e+28,0.0000e+00,97.9,1.2,0.9
256,1.5767e+30,6.9747e+29,8.5805e+29,1.4210e+28,6.9300e+27,6.0340e+29,9.4070e+28,6.4121e+29,2.1684e+29,9.8100e+27,4.4000e+27,3.4700e+27,3.4600e+27,7.5965e+08,9.1308e+03,8.6284e+08,1.0034e-20,1.5272e+08,5.8734e+02,4.2682e+05,4.2387e+05,44.2,54.4,0.9,0.4,1.5760e+30,1.5421e+30,1.9920e+28,1.4020e+28,2.2044e+28,0.0000e+00,97.8,1.3,0.9
257,1.5377e+30,6.8660e+29,8.3078e+29,1.3300e+28,6.9900e+27,5.9489e+29,9.1710e+28,6.1583e+29,2.1495e+29,8.9400e+27,4.3600e+27,3.3400e+27,3.6500e+27,7.6288e+08,8.8179e+03,8.8606e+08,2.1472e-20,1.4869e+08,5.7351e+02,4.2981e+05,4.2684e+05,44.7,54.0,0.9,0.5,1.5381e+30,1.5059e+30,1.8850e+28,1.3390e+28,2.2172e+28,0.0000e+00,97.9,1.2,0.9
258,1.5318e+30,6.7826e+29,8.3367e+29,1.2890e+28,7.0200e+27,5.8898e+29,8.9280e+28,6.1958e+29,2.1409e+29,8.9100e+27,3.9800e+27,3.3800e+27,3.6400e+27,7.6947e+08,8.5618e+03,9.4689e+08,2.3393e-18,1.4380e+08,5.5268e+02,4.3282e+05,4.2983e+05,44.3,54.4,0.8,0.5,1.5318e+30,1.4992e+30,1.8540e+28,1.4140e+28,2.2298e+28,0.0000e+00,97.9,1.2,0.9
259,1.4918e+30,6.6476e+29,8.0801e+29,1.2100e+28,6.9500e+27,5.7851e+29,8.6250e+28,6.0585e+29,2.0216e+29,8.6700e+27,3.4300e+27,3.5400e+27,3.4100e+27,7.7350e+08,8.2961e+03,7.4655e+08,5.0768e-18,1.4031e+08,5.3663e+02,4.3583e+05,4.3283e+05,44.6,54.2,0.8,0.5,1.4921e+30,1.4593e+30,1.9370e+28,1.3390e+28,2.2422e+28,0.0000e+00,97.8,1.3,0.9
260,1.4801e+30,6.5773e+29,8.0416e+29,1.1330e+28,6.8800e+27,5.7184e+29,8.5890e+28,6.0693e+29,1.9723e+29,7.6800e+27,3.6500e+27,3.5400e+27,3.3400e+27,7.7592e+08,8.0372e+03,8.3858e+08,1.3694e-19,1.3581e+08,5.1693e+02,4.3888e+05,4.3585e+05,44.4,54.3,0.8,0.5,1.4802e+30,1.4482e+30,1.9050e+28,1.3010e+28,2.2651e+28,0.0000e+00,97.8,1.3,0.9
261,1.4745e+30,6.4935e+29,8.0713e+29,1.1180e+28,6.8700e+27,5.6540e+29,8.3950e+28,6.0491e+29,2.0222e+29,7.2200e+27,3.9600e+27,3.4200e+27,3.4500e+27,7.7953e+08,7.7939e+03,9.8581e+08,1.0101e-20,1.3200e+08,4.9995e+02,4.4195e+05,4.3889e+05,44.0,54.7,0.8,0.5,1.4751e+30,1.4423e+30,1.9060e+28,1.3830e+28,2.2883e+28,0.0000e+00,97.8,1.3,0.9
262,1.4423e+30,6.4123e+29,7.8379e+29,1.0350e+28,6.9600e+27,5.6037e+29,8.0860e+28,5.8708e+29,1.9671e+29,6.7700e+27,3.5800e+27,3.1500e+27,3.8100e+27,7.8154e+08,7.5578e+03,9.7470e+08,3.5928e-19,1.2708e+08,4.8496e+02,4.4503e+05,4.4196e+05,44.5,54.3,0.7,0.5,1.4411e+30,1.4092e+30,1.7720e+28,1.4150e+28,2.3005e+28,0.0000e+00,97.8,1.2,1.0
263,1.4111e+30,6.3003e+29,7.6421e+29,1.0060e+28,6.7700e+27,5.5069e+29,7.9340e+28,5.6869e+29,1.9552e+29,6.3900e+27,3.6700e+27,3.3500e+27,3.4200e+27,7.8435e+08,7.3626e+03,1.0401e+09,1.0076e-20,1.2250e+08,4.7155e+02,4.4812e+05,4.4504e+05,44.6,54.2,0.7,0.5,1.4126e+30,1.3802e+30,1.8660e+28,1.3780e+28,2.3124e+28,0.0000e+00,97.7,1.3,1.0
264,1.3968e+30,6.2136e+29,7.5820e+29,1.0350e+28,6.8800e+27,5.4073e+29,8.0630e+28,5.4671e+29,2.1149e+29,7.2500e+27,3.1000e+27,3.3700e+27,3.5100e+27,7.9022e+08,3.6815e+02,8.4213e+08,1.0055e-20,1.6292e+08,4.5621e+02,4.5123e+05,4.4813e+05,44.5,54.3,0.7,0.5,1.3971e+30,1.3654e+30,1.7960e+28,1.3670e+28,2.3354e+28,0.0000e+00,97.7,1.3,1.0
265,1.3910e+30,6.1138e+29,7.6169e+29,1.1060e+28,6.8500e+27,5.3106e+29,8.0320e+28,5.3328e+29,2.2841e+29,7.7200e+27,3.3400e+27,3.1800e+27,3.6700e+27,7.9341e+08,6.8942e+03,1.1563e+09,1.0328e-20,1.5790e+08,4.4305e+02,4.5436e+05,4.5125e+05,44.0,54.8,0.8,0.5,1.3915e+30,1.3591e+30,1.8190e+28,1.4120e+28,2.3469e+28,0.0000e+00,97.7,1.3,1.0
266,1.3634e+30,6.0438e+29,7.4168e+29,1.0450e+28,6.9300e+27,5.2713e+29,7.7250e+28,5.1878e+29,2.2290e+29,7.6700e+27,2.7800e+27,3.5100e+27,3.4200e+27,7.9529e+08,6.6981e+03,1.0255e+09,1.0115e-20,1.5280e+08,4.2921e+02,4.5750e+05,4.5437e+05,44.3,54.4,0.8,0.5,1.3629e+30,1.3314e+30,1.7490e+28,1.3980e+28,2.3699e+28,0.0000e+00,97.7,1.3,1.0
267,1.3409e+30,5.9895e+29,7.2442e+29,1.0600e+28,6.9300e+27,5.2231e+29,7.6640e+28,5.0936e+29,2.1506e+29,7.2200e+27,3.3800e+27,3.1100e+27,3.8200e+27,7.9529e+08,6.5109e+03,1.0634e+09,2.1795e-20,1.4835e+08,4.1721e+02,4.6066e+05,4.5752e+05,44.7,54.0,0.8,0.5,1.3411e+30,1.3085e+30,1.8080e+28,1.4530e+28,2.3929e+28,0.0000e+00,97.6,1.3,1.1
268,1.3250e+30,5.8595e+29,7.2318e+29,8.9800e+27,6.9200e+27,5.1071e+29,7.5240e+28,5.0289e+29,2.2029e+29,6.0200e+27,2.9600e+27,3.4100e+27,3.5100e+27,7.9788e+08,6.3164e+03,9.9695e+08,1.3820e-18,1.4267e+08,4.0472e+02,4.6383e+05,4.6068e+05,44.2,54.6,0.7,0.5,1.3253e+30,1.2937e+30,1.7450e+28,1.4170e+28,2.4040e+28,0.0000e+00,97.6,1.3,1.1
269,1.3031e+30,5.7615e+29,7.1124e+29,8.9300e+27,6.7400e+27,5.0459e+29,7.1560e+28,4.9793e+29,2.1331e+29,6.0900e+27,2.8400e+27,3.3900e+27,3.3500e+27,7.9635e+08,6.1384e+03,8.7848e+08,3.1577e-17,1.3859e+08,3.9290e+02,4.6700e+05,4.6385e+05,44.2,54.6,0.7,0.5,1.3032e+30,1.2722e+30,1.6860e+28,1.4180e+28,2.4146e+28,0.0000e+00,97.6,1.3,1.1
270,1.2788e+30,5.7418e+29,6.8930e+29,8.2700e+27,7.0300e+27,5.0314e+29,7.1040e+28,4.9071e+29,1.9859e+29,5.6500e+27,2.6200e+27,3.2300e+27,3.8000e+27,7.9527e+08,5.9543e+03,1.0803e+09,1.8319e-17,1.3423e+08,3.8125e+02,4.7020e+05,4.6702e+05,44.9,53.9,0.6,0.5,1.2792e+30,1.2475e+30,1.7760e+28,1.3860e+28,2.4496e+28,0.0000e+00,97.5,1.4,1.1
271,1.2491e+30,5.6043e+29,6.7366e+29,8.0600e+27,6.9400e+27,4.9030e+29,7.0130e+28,4.8776e+29,1.8590e+29,5.3900e+27,2.6700e+27,3.5500e+27,3.3900e+27,7.9421e+08,5.7751e+03,8.8174e+08,1.3103e-18,1.2898e+08,3.6913e+02,4.7339e+05,4.7022e+05,44.9,53.9,0.6,0.6,1.2489e+30,1.2180e+30,1.6660e+28,1.4180e+28,2.4474e+28,0.0000e+00,97.5,1.3,1.1
272,1.2323e+30,5.5486e+29,6.6260e+29,7.9100e+27,6.9800e+27,4.8719e+29,6.7670e+28,4.7611e+29,1.8649e+29,5.3300e+27,2.5800e+27,3.4600e+27,3.5200e+27,7.9236e+08,5.6042e+03,9.1136e+08,4.9634e-20,1.2625e+08,3.5828e+02,4.7661e+05,4.7341e+05,45.0,53.8,0.6,0.6,1.2329e+30,1.2016e+30,1.7090e+28,1.4270e+28,2.4825e+28,0.0000e+00,97.5,1.4,1.2
273,1.2018e+30,5.4283e+29,6.4472e+29,7.3800e+27,6.8300e+27,4.7614e+29,6.6690e+28,4.5827e+29,1.8645e+29,5.0100e+27,2.3700e+27,3.3800e+27,3.4500e+27,7.9602e+08,5.4417e+03,9.7631e+08,1.0150e-20,1.2274e+08,3.4783e+02,4.7982e+05,4.7662e+05,45.2,53.6,0.6,0.6,1.2018e+30,1.1715e+30,1.6210e+28,1.4070e+28,2.4922e+28,0.0000e+00,97.5,1.3,1.2
274,1.2071e+30,5.3425e+29,6.5911e+29,6.8500e+27,6.8600e+27,4.6894e+29,6.5310e+28,4.6258e+29,1.9653e+29,4.5400e+27,2.3100e+27,3.2200e+27,3.6400e+27,7.9811e+08,5.2847e+03,8.9692e+08,1.1671e-18,1.1958e+08,3.3715e+02,4.8303e+05,4.7984e+05,44.3,54.6,0.6,0.6,1.2072e+30,1.1771e+30,1.6470e+28,1.3570e+28,2.5014e+28,0.0000e+00,97.5,1.4,1.1
275,1.2078e+30,5.3282e+29,6.6124e+29,6.8000e+27,6.9400e+27,4.6792e+29,6.4900e+28,4.5504e+29,2.0620e+29,4.3900e+27,2.4100e+27,3.4700e+27,3.4700e+27,8.0077e+08,5.1338e+03,1.1163e+09,1.0067e-20,1.1516e+08,3.2733e+02,4.8627e+05,4.8305e+05,44.1,54.7,0.6,0.6,1.2077e+30,1.1777e+30,1.6520e+28,1.3480e+28,2.5367e+28,0.0000e+00,97.5,1.4,1.1
276,1.1745e+30,5.1789e+29,6.4335e+29,6.4700e+27,6.8400e+27,4.5472e+29,6.3170e+28,4.4107e+29,2.0228e+29,4.3500e+27,2.1200e+27,3.4600e+27,3.3800e+27,8.0492e+08,3.0065e+01,1.0574e+09,1.0024e-20,1.4332e+08,3.1807e+02,4.8950e+05,4.8629e+05,44.1,54.8,0.6,0.6,1.1748e+30,1.1446e+30,1.6600e+28,1.3630e+28,2.5454e+28,0.0000e+00,97.4,1.4,1.2
277,1.1575e+30,5.0941e+29,6.3375e+29,7.5700e+27,6.8100e+27,4.4535e+29,6.4060e+28,4.2408e+29,2.0967e+29,5.2800e+27,2.2900e+27,3.4000e+27,3.4100e+27,8.0512e+08,4.8520e+03,1.0696e+09,1.0006e-20,1.4143e+08,3.0904e+02,4.9272e+05,4.8952e+05,44.0,54.7,0.7,0.6,1.1578e+30,1.1272e+30,1.6820e+28,1.3710e+28,2.5535e+28,0.0000e+00,97.4,1.5,1.2
278,1.1361e+30,5.0508e+29,6.1697e+29,7.1500e+27,6.8600e+27,4.4310e+29,6.1980e+28,4.0942e+29,2.0755e+29,5.0300e+27,2.1200e+27,3.4300e+27,3.4300e+27,8.0548e+08,4.7177e+03,9.4130e+08,5.6361e-20,1.3650e+08,3.0043e+02,4.9597e+05,4.9274e+05,44.5,54.3,0.6,0.6,1.1371e+30,1.1074e+30,1.5890e+28,1.3770e+28,2.5889e+28,0.0000e+00,97.4,1.4,1.2
279,1.1324e+30,4.9646e+29,6.2249e+29,6.6000e+27,6.8700e+27,4.3479e+29,6.1670e+28,4.0947e+29,2.1302e+29,4.7300e+27,1.8700e+27,3.2600e+27,3.6100e+27,8.0711e+08,4.5898e+03,1.0798e+09,1.0082e-20,1.3273e+08,2.9216e+02,4.9920e+05,4.9599e+05,43.8,55.0,0.6,0.6,1.1320e+30,1.1019e+30,1.6500e+28,1.3660e+28,2.5964e+28,0.0000e+00,97.3,1.5,1.2
280,1.1203e+30,4.9109e+29,6.1616e+29,6.2200e+27,6.8200e+27,4.2974e+29,6.1350e+28,4.1131e+29,2.0485e+29,4.2000e+27,2.0200e+27,3.4700e+27,3.3500e+27,8.0705e+08,4.4666e+03,9.3863e+08,1.1523e-20,1.2759e+08,2.8421e+02,5.0244e+05,4.9922e+05,43.8,55.0,0.6,0.6,1.1215e+30,1.0918e+30,1.6120e+28,1.3630e+28,2.6176e+28,0.0000e+00,97.3,1.4,1.2
281,1.0820e+30,4.7965e+29,5.8956e+29,5.9100e+27,6.8800e+27,4.2093e+29,5.8720e+28,3.9309e+29,1.9647e+29,4.3500e+27,1.5600e+27,3.4900e+27,3.3900e+27,8.0919e+08,4.3487e+03,9.7084e+08,3.7573e-19,1.2535e+08,2.7662e+02,5.0567e+05,5.0246e+05,44.3,54.5,0.5,0.6,1.0812e+30,1.0517e+30,1.6190e+28,1.3380e+28,2.6242e+28,0.0000e+00,97.3,1.5,1.2
282,1.0862e+30,4.7911e+29,5.9429e+29,5.9300e+27,6.8700e+27,4.1980e+29,5.9310e+28,3.9542e+29,1.9887e+29,4.1200e+27,1.8100e+27,3.7200e+27,3.1500e+27,8.1146e+08,4.2344e+03,1.1167e+09,5.6758e-18,1.2132e+08,2.6927e+02,5.0891e+05,5.0568e+05,44.1,54.7,0.5,0.6,1.0867e+30,1.0573e+30,1.5600e+28,1.3840e+28,2.6594e+28,0.0000e+00,97.3,1.4,1.3
283,1.0722e+30,4.6928e+29,5.9040e+29,5.6100e+27,6.8700e+27,4.1023e+29,5.9050e+28,3.9022e+29,2.0018e+29,3.7500e+27,1.8600e+27,3.3600e+27,3.5100e+27,8.1057e+08,4.1262e+03,1.0882e+09,5.3181e-17,1.1810e+08,2.6225e+02,5.1214e+05,5.0893e+05,43.8,55.1,0.5,0.6,1.0719e+30,1.0434e+30,1.5710e+28,1.2830e+28,2.6652e+28,0.0000e+00,97.3,1.5,1.2
284,1.0636e+30,4.6395e+29,5.8759e+29,5.1900e+27,6.9000e+27,4.0608e+29,5.7870e+28,3.8511e+29,2.0248e+29,3.4500e+27,1.7400e+27,3.5600e+27,3.3400e+27,8.0829e+08,4.0194e+03,1.1363e+09,3.4755e-16,1.1525e+08,2.5548e+02,5.1537e+05,5.1216e+05,43.6,55.2,0.5,0.6,1.0629e+30,1.0345e+30,1.5140e+28,1.3190e+28,2.6854e+28,0.0000e+00,97.3,1.4,1.2
285,1.0651e+30,4.5567e+29,5.9779e+29,4.8800e+27,6.7900e+27,4.0056e+29,5.5110e+28,3.8645e+29,2.1134e+29,3.3900e+27,1.4900e+27,3.5300e+27,3.2600e+27,8.0656e+08,3.9118e+03,1.2193e+09,1.7300e-16,1.1043e+08,2.4844e+02,5.1859e+05,5.1538e+05,42.8,56.1,0.5,0.6,1.0654e+30,1.0364e+30,1.5390e+28,1.3590e+28,2.7053e+28,0.0000e+00,97.3,1.4,1.3
286,1.0519e+30,4.4959e+29,5.9026e+29,5.1600e+27,6.9000e+27,3.9393e+29,5.5660e+28,3.8393e+29,2.0633e+29,3.3700e+27,1.7900e+27,3.2800e+27,3.6200e+27,8.0314e+08,3.8078e+03,1.1231e+09,3.7582e-17,1.0785e+08,2.4183e+02,5.2179e+05,5.1861e+05,42.7,56.1,0.5,0.7,1.0522e+30,1.0228e+30,1.6070e+28,1.3310e+28,2.7096e+28,0.0000e+00,97.2,1.5,1.3
287,1.0374e+30,4.4396e+29,5.8216e+29,4.4400e+27,6.8600e+27,3.9070e+29,5.3260e+28,3.7466e+29,2.0750e+29,2.9900e+27,1.4500e+27,3.4400e+27,3.4200e+27,8.0217e+08,3.7080e+03,1.2038e+09,6.8531e-18,1.0596e+08,2.3550e+02,5.2500e+05,5.2181e+05,42.8,56.1,0.4,0.7,1.0379e+30,1.0088e+30,1.5790e+28,1.3240e+28,2.7443e+28,0.0000e+00,97.2,1.5,1.3
288,1.0106e+30,4.3381e+29,5.6571e+29,4.2500e+27,6.8500e+27,3.8159e+29,5.2220e+28,3.6418e+29,2.0153e+29,2.9600e+27,1.2900e+27,3.3000e+27,3.5500e+27,8.0060e+08,3.6125e+03,1.1949e+09,1.0204e-18,1.0224e+08,2.2906e+02,5.2819e+05,5.2502e+05,42.9,56.0,0.4,0.7,1.0104e+30,9.8218e+29,1.4890e+28,1.3280e+28,2.7476e+28,0.0000e+00,97.2,1.5,1.3
289,1.0020e+30,4.2624e+29,5.6451e+29,4.3400e+27,6.8900e+27,3.7419e+29,5.2050e+28,3.5576e+29,2.0875e+29,2.8800e+27,1.4600e+27,3.4000e+27,3.4900e+27,8.0275e+08,3.5207e+03,1.1614e+09,1.1600e-19,9.9176e+07,2.2312e+02,5.3138e+05,5.2821e+05,42.5,56.3,0.4,0.7,1.0026e+30,9.7422e+29,1.5600e+28,1.2820e+28,2.7662e+28,0.0000e+00,97.2,1.6,1.3
290,9.9203e+29,4.2427e+29,5.5637e+29,4.5000e+27,6.8900e+27,3.7249e+29,5.1780e+28,3.5659e+29,1.9978e+29,2.9900e+27,1.5100e+27,3.4900e+27,3.4000e+27,8.0379e+08,3.4318e+03,1.1135e+09,1.0036e-20,9.7478e+07,2.1738e+02,5.3457e+05,5.3139e+05,42.8,56.1,0.5,0.7,9.9296e+29,9.6554e+29,1.4850e+28,1.2570e+28,2.8007e+28,0.0000e+00,97.2,1.5,1.3
291,9.6229e+29,4.1349e+29,5.3748e+29,4.4600e+27,6.8600e+27,3.6266e+29,5.0830e+28,3.4701e+29,1.9047e+29,2.7900e+27,1.6700e+27,3.3700e+27,3.4900e+27,8.0673e+08,3.3474e+03,9.9811e+08,2.9874e-16,9.4871e+07,2.1189e+02,5.3773e+05,5.3459e+05,43.0,55.9,0.5,0.7,9.6172e+29,9.3518e+29,1.4530e+28,1.2010e+28,2.8025e+28,0.0000e+00,97.2,1.5,1.2
292,9.5092e+29,4.0589e+29,5.3469e+29,3.5100e+27,6.8300e+27,3.5559e+29,5.0300e+28,3.4219e+29,1.9250e+29,2.2500e+27,1.2600e+27,3.4900e+27,3.3400e+27,8.0704e+08,3.2651e+03,1.2083e+09,6.3909e-18,9.1900e+07,2.0665e+02,5.4088e+05,5.3775e+05,42.7,56.2,0.4,0.7,9.5142e+29,9.2353e+29,1.5370e+28,1.2520e+28,2.8200e+28,0.0000e+00,97.1,1.6,1.3
293,9.4010e+29,3.9943e+29,5.2986e+29,3.9400e+27,6.8700e+27,3.5029e+29,4.9140e+28,3.3472e+29,1.9514e+29,2.5300e+27,1.4100e+27,3.6800e+27,3.1900e+27,8.0785e+08,3.1873e+03,1.1418e+09,3.1871e-20,8.8262e+07,2.0155e+02,5.4401e+05,5.4090e+05,42.5,56.4,0.4,0.7,9.4026e+29,9.1374e+29,1.4720e+28,1.1800e+28,2.8372e+28,0.0000e+00,97.2,1.6,1.3
294,9.4311e+29,3.9242e+29,5.4012e+29,3.7000e+27,6.8700e+27,3.4364e+29,4.8780e+28,3.3532e+29,2.0480e+29,2.4400e+27,1.2600e+27,3.4800e+27,3.3900e+27,8.0941e+08,3.1107e+03,9.6488e+08,1.0079e-20,8.5516e+07,1.9668e+02,5.4713e+05,5.4403e+05,41.6,57.3,0.4,0.7,9.4254e+29,9.1609e+29,1.4890e+28,1.1560e+28,2.8540e+28,0.0000e+00,97.2,1.6,1.2
295,9.4410e+29,3.8765e+29,5.4600e+29,3.5500e+27,6.9000e+27,3.3849e+29,4.9160e+28,3.3884e+29,2.0716e+29,2.2400e+27,1.3100e+27,3.4400e+27,3.4600e+27,8.0958e+08,3.0378e+03,1.1174e+09,1.0035e-20,8.1927e+07,1.9199e+02,5.5023e+05,5.4715e+05,41.1,57.8,0.4,0.7,9.4463e+29,9.1912e+29,1.4720e+28,1.0790e+28,2.8704e+28,0.0000e+00,97.3,1.6,1.1
296,9.1387e+29,3.8037e+29,5.2321e+29,3.4400e+27,6.8500e+27,3.3056e+29,4.9810e+28,3.1207e+29,2.1114e+29,2.3600e+27,1.0800e+27,3.4200e+27,3.4300e+27,8.1020e+08,9.4669e+02,1.1204e+09,1.0005e-20,1.1785e+08,1.8748e+02,5.5332e+05,5.5025e+05,41.6,57.3,0.4,0.7,9.1422e+29,8.8793e+29,1.4850e+28,1.1440e+28,2.8863e+28,0.0000e+00,97.1,1.6,1.3
297,9.1743e+29,3.7416e+29,5.3287e+29,3.5200e+27,6.8800e+27,3.2427e+29,4.9890e+28,3.1188e+29,2.2099e+29,2.3500e+27,1.1700e+27,3.7200e+27,3.1600e+27,8.1093e+08,2.9001e+03,1.0709e+09,1.0466e-20,1.1476e+08,1.8315e+02,5.5638e+05,5.5334e+05,40.8,58.1,0.4,0.7,9.1656e+29,8.9138e+29,1.4250e+28,1.0930e+28,2.9018e+28,0.0000e+00,97.3,1.6,1.2
298,9.0384e+29,3.7066e+29,5.2224e+29,4.1300e+27,6.8100e+27,3.2258e+29,4.8080e+28,3.1023e+29,2.1201e+29,2.8500e+27,1.2800e+27,3.4200e+27,3.3900e+27,8.0990e+08,2.8353e+03,1.0002e+09,1.0026e-20,1.0993e+08,1.7897e+02,5.5942e+05,5.5640e+05,41.0,57.8,0.5,0.8,9.0441e+29,8.7795e+29,1.4690e+28,1.1770e+28,2.9169e+28,0.0000e+00,97.1,1.6,1.3
299,9.0208e+29,3.6573e+29,5.2608e+29,3.4100e+27,6.8600e+27,3.1631e+29,4.9420e+28,3.1427e+29,2.1181e+29,2.3200e+27,1.0900e+27,3.3800e+27,3.4800e+27,8.0716e+08,2.7725e+03,1.1155e+09,2.5566e-18,1.0606e+08,1.7496e+02,5.6244e+05,5.5944e+05,40.5,58.3,0.4,0.8,9.0124e+29,8.7547e+29,1.5120e+28,1.0650e+28,2.9315e+28,0.0000e+00,97.1,1.7,1.2
300,9.0043e+29,3.5858e+29,5.3151e+29,3.6200e+27,6.7200e+27,3.1122e+29,4.7360e+28,3.1230e+29,2.1921e+29,2.4300e+27,1.1900e+27,3.2400e+27,3.4800e+27,8.0399e+08,2.7122e+03,1.3472e+09,1.1767e-16,1.0124e+08,1.7110e+02,5.6544e+05,5.6246e+05,39.8,59.0,0.4,0.7,9.0115e+29,8.7459e+29,1.5370e+28,1.1190e+28,2.9456e+28,0.0000e+00,97.1,1.7,1.2
301,8.9608e+29,3.5555e+29,5.3024e+29,3.3100e+27,6.9800e+27,3.0675e+29,4.8800e+28,3.1760e+29,2.1264e+29,2.2000e+27,1.1100e+27,3.4700e+27,3.5100e+27,8.0205e+08,2.6538e+03,1.1195e+09,1.0015e-20,9.7548e+07,1.6736e+02,5.6843e+05,5.6546e+05,39.7,59.2,0.4,0.8,8.9625e+29,8.7143e+29,1.4360e+28,1.0460e+28,2.9776e+28,0.0000e+00,97.2,1.6,1.2
302,8.6287e+29,3.5111e+29,5.0180e+29,3.1200e+27,6.8400e+27,3.0279e+29,4.8320e+28,2.9825e+29,2.0355e+29,1.9800e+27,1.1400e+27,3.3500e+27,3.4900e+27,8.0068e+08,2.5979e+03,1.1185e+09,1.6824e-20,9.4383e+07,1.6378e+02,5.7137e+05,5.6845e+05,40.7,58.2,0.4,0.8,8.6316e+29,8.3802e+29,1.4690e+28,1.0450e+28,2.9724e+28,0.0000e+00,97.1,1.7,1.2
303,8.5456e+29,3.4470e+29,5.0010e+29,3.0500e+27,6.7100e+27,2.9796e+29,4.6740e+28,2.9553e+29,2.0457e+29,1.9700e+27,1.0800e+27,3.3800e+27,3.3300e+27,7.9716e+08,2.5438e+03,1.2056e+09,1.1386e-19,8.9360e+07,1.6032e+02,5.7430e+05,5.7139e+05,40.3,58.5,0.4,0.8,8.5414e+29,8.2938e+29,1.4640e+28,1.0120e+28,3.0037e+28,0.0000e+00,97.1,1.7,1.2
304,8.6224e+29,3.4090e+29,5.1150e+29,3.0600e+27,6.7800e+27,2.9393e+29,4.6970e+28,3.0087e+29,2.1063e+29,2.0700e+27,9.9000e+26,3.2100e+27,3.5700e+27,7.9527e+08,2.4918e+03,1.3402e+09,5.8319e-19,8.6773e+07,1.5699e+02,5.7720e+05,5.7432e+05,39.5,59.3,0.4,0.8,8.6251e+29,8.3803e+29,1.4150e+28,1.0330e+28,3.0161e+28,0.0000e+00,97.2,1.6,1.2
305,8.5701e+29,3.3218e+29,5.1524e+29,2.7300e+27,6.8600e+27,2.8651e+29,4.5670e+28,2.9649e+29,2.1875e+29,1.8000e+27,9.3000e+26,3.3100e+27,3.5500e+27,7.9252e+08,2.4419e+03,1.0754e+09,2.3837e-18,8.3292e+07,1.5381e+02,5.8006e+05,5.7722e+05,38.8,60.1,0.3,0.8,8.5671e+29,8.3304e+29,1.4090e+28,9.5800e+27,3.0085e+28,0.0000e+00,97.2,1.6,1.1
306,8.5742e+29,3.3204e+29,5.1572e+29,2.8400e+27,6.8200e+27,2.8631e+29,4.5730e+28,2.9502e+29,2.2070e+29,1.8600e+27,9.8000e+26,3.4400e+27,3.3800e+27,7.8883e+08,2.3933e+03,1.1862e+09,8.1236e-18,8.0571e+07,1.5070e+02,5.8292e+05,5.8008e+05,38.7,60.1,0.3,0.8,8.5844e+29,8.3392e+29,1.5240e+28,9.2800e+27,3.0582e+28,0.0000e+00,97.1,1.8,1.1
307,8.4006e+29,3.2751e+29,5.0328e+29,2.4600e+27,6.8100e+27,2.8212e+29,4.5390e+28,2.8874e+29,2.1454e+29,1.5700e+27,8.9000e+26,3.5100e+27,3.3000e+27,7.8422e+08,2.3469e+03,1.2070e+09,2.4247e-17,7.7077e+07,1.4776e+02,5.8572e+05,5.8293e+05,39.0,59.9,0.3,0.8,8.4023e+29,8.1705e+29,1.4040e+28,9.1400e+27,3.0495e+28,0.0000e+00,97.2,1.7,1.1
308,8.1634e+29,3.2126e+29,4.8564e+29,2.6000e+27,6.8400e+27,2.7513e+29,4.6130e+28,2.8538e+29,2.0026e+29,1.8000e+27,8.0000e+26,3.1800e+27,3.6600e+27,7.8134e+08,2.3022e+03,1.1738e+09,6.3665e-17,7.5225e+07,1.4488e+02,5.8849e+05,5.8574e+05,39.4,59.5,0.3,0.8,8.1574e+29,7.9277e+29,1.4040e+28,8.9300e+27,3.0594e+28,0.0000e+00,97.2,1.7,1.1
309,8.3469e+29,3.1698e+29,5.0834e+29,2.5700e+27,6.8000e+27,2.7182e+29,4.5160e+28,2.9083e+29,2.1751e+29,1.5600e+27,1.0100e+27,3.5700e+27,3.2300e+27,7.7761e+08,2.2589e+03,1.2540e+09,1.5151e-16,7.3874e+07,1.4217e+02,5.9124e+05,5.8851e+05,38.0,60.9,0.3,0.8,8.3491e+29,8.1166e+29,1.4430e+28,8.8200e+27,3.0886e+28,0.0000e+00,97.2,1.7,1.1
310,8.2116e+29,3.1361e+29,4.9804e+29,2.6600e+27,6.8500e+27,2.6889e+29,4.4720e+28,2.8647e+29,2.1157e+29,1.5900e+27,1.0700e+27,3.5300e+27,3.3200e+27,7.7803e+08,2.2173e+03,1.2126e+09,3.3254e-16,7.2479e+07,1.3948e+02,5.9395e+05,5.9126e+05,38.2,60.7,0.3,0.8,8.2128e+29,7.9830e+29,1.4750e+28,8.2300e+27,3.0976e+28,0.0000e+00,97.2,1.8,1.0
311,8.0866e+29,3.0850e+29,4.9087e+29,2.5100e+27,6.7800e+27,2.6482e+29,4.3680e+28,2.9012e+29,2.0075e+29,1.6400e+27,8.7000e+26,3.4500e+27,3.3300e+27,7.7802e+08,2.1772e+03,1.1624e+09,6.7718e-16,7.1344e+07,1.3691e+02,5.9662e+05,5.9396e+05,38.1,60.7,0.3,0.8,8.0885e+29,7.8703e+29,1.3830e+28,7.9900e+27,3.1059e+28,0.0000e+00,97.3,1.7,1.0
312,8.0963e+29,3.0634e+29,4.9394e+29,2.4200e+27,6.9300e+27,2.6171e+29,4.4630e+28,2.8805e+29,2.0589e+29,1.5500e+27,8.7000e+26,3.3600e+27,3.5700e+27,7.7760e+08,2.1384e+03,1.2560e+09,1.2896e-15,7.0297e+07,1.3443e+02,5.9927e+05,5.9664e+05,37.8,61.0,0.3,0.9,8.0990e+29,7.8778e+29,1.4730e+28,7.3900e+27,3.1341e+28,0.0000e+00,97.3,1.8,0.9
313,7.9299e+29,2.9664e+29,4.8761e+29,1.9000e+27,6.8400e+27,2.5416e+29,4.2480e+28,2.8678e+29,2.0083e+29,1.1200e+27,7.8000e+26,3.3000e+27,3.5400e+27,7.7754e+08,2.1011e+03,1.0735e+09,2.3278e-15,7.0071e+07,1.3206e+02,6.0187e+05,5.9929e+05,37.4,61.5,0.2,0.9,7.9323e+29,7.7258e+29,1.4050e+28,6.6000e+27,3.1413e+28,0.0000e+00,97.4,1.8,0.8
314,8.0587e+29,2.9603e+29,5.0068e+29,2.4000e+27,6.7600e+27,2.5194e+29,4.4090e+28,2.8074e+29,2.1994e+29,1.5600e+27,8.4000e+26,3.4000e+27,3.3600e+27,7.7672e+08,2.0653e+03,1.0379e+09,3.9905e-15,6.7699e+07,1.2978e+02,6.0443e+05,6.0189e+05,36.7,62.1,0.3,0.8,8.0573e+29,7.8489e+29,1.4400e+28,6.4400e+27,3.1479e+28,0.0000e+00,97.4,1.8,0.8
315,7.9996e+29,2.8840e+29,5.0234e+29,2.3600e+27,6.8600e+27,2.4584e+29,4.2560e+28,2.8687e+29,2.1547e+29,1.6000e+27,7.6000e+26,3.4900e+27,3.3700e+27,7.7577e+08,2.0309e+03,1.3751e+09,6.5146e-15,6.5886e+07,1.2758e+02,6.0695e+05,6.0445e+05,36.1,62.8,0.3,0.9,7.9974e+29,7.7982e+29,1.3680e+28,6.2400e+27,3.1537e+28,0.0000e+00,97.5,1.7,0.8
316,7.8628e+29,2.8668e+29,4.9089e+29,1.8900e+27,6.8200e+27,2.4421e+29,4.2470e+28,2.7773e+29,2.1316e+29,1.1700e+27,7.2000e+26,3.2900e+27,3.5300e+27,7.7424e+08,1.9975e+03,1.1455e+09,9.9386e-15,6.4922e+07,1.2546e+02,6.0944e+05,6.0696e+05,36.5,62.4,0.2,0.9,7.8643e+29,7.6697e+29,1.4120e+28,5.3400e+27,3.1801e+28,0.0000e+00,97.5,1.8,0.7
317,7.8813e+29,2.8137e+29,4.9810e+29,2.0200e+27,6.6400e+27,2.3803e+29,4.3340e+28,2.8664e+29,2.1146e+29,1.2200e+27,8.0000e+26,3.3600e+27,3.2800e+27,7.7101e+08,1.9653e+03,1.3135e+09,7.6656e-15,6.2670e+07,1.2340e+02,6.1187e+05,6.0945e+05,35.7,63.2,0.3,0.8,7.8829e+29,7.6904e+29,1.3990e+28,5.2600e+27,3.1847e+28,0.0000e+00,97.6,1.8,0.7
318,7.8590e+29,2.8027e+29,4.9657e+29,2.2700e+27,6.7900e+27,2.3774e+29,4.2530e+28,2.7698e+29,2.1959e+29,1.4500e+27,8.2000e+26,3.2500e+27,3.5400e+27,7.6881e+08,1.9339e+03,1.3738e+09,5.9880e-15,6.1551e+07,1.2138e+02,6.1428e+05,6.1189e+05,35.7,63.2,0.3,0.9,7.8641e+29,7.6637e+29,1.4920e+28,5.1200e+27,3.2103e+28,0.0000e+00,97.5,1.9,0.7
319,7.6812e+29,2.7685e+29,4.8264e+29,1.8400e+27,6.7900e+27,2.3426e+29,4.2590e+28,2.7301e+29,2.0963e+29,1.1200e+27,7.2000e+26,3.5500e+27,3.2400e+27,7.6752e+08,1.9034e+03,1.1527e+09,4.7488e-15,6.0834e+07,1.1944e+02,6.1664e+05,6.1430e+05,36.0,62.8,0.2,0.9,7.6801e+29,7.4968e+29,1.4040e+28,4.2900e+27,3.2138e+28,0.0000e+00,97.6,1.8,0.6
320,7.5878e+29,2.6919e+29,4.8092e+29,1.8900e+27,6.7800e+27,2.2836e+29,4.0830e+28,2.6720e+29,2.1372e+29,1.1800e+27,7.1000e+26,3.5100e+27,3.2700e+27,7.6601e+08,1.8744e+03,1.1711e+09,3.8405e-15,5.9286e+07,1.1758e+02,6.1895e+05,6.1666e+05,35.5,63.4,0.2,0.9,7.5906e+29,7.4068e+29,1.4490e+28,3.8900e+27,3.2165e+28,0.0000e+00,97.6,1.9,0.5
321,7.7148e+29,2.6567e+29,4.9698e+29,1.9600e+27,6.8700e+27,2.2364e+29,4.2030e+28,2.8196e+29,2.1502e+29,1.2300e+27,7.3000e+26,3.6000e+27,3.2700e+27,7.6449e+08,1.8469e+03,1.3434e+09,3.1543e-15,5.8309e+07,1.1579e+02,6.2122e+05,6.1896e+05,34.4,64.4,0.3,0.9,7.7103e+29,7.5319e+29,1.4400e+28,3.4400e+27,3.2405e+28,0.0000e+00,97.7,1.9,0.4
322,7.7217e+29,2.6470e+29,4.9871e+29,1.8800e+27,6.8800e+27,2.2253e+29,4.2170e+28,2.8340e+29,2.1531e+29,1.0100e+27,8.7000e+26,3.1800e+27,3.7000e+27,7.6223e+08,1.8196e+03,1.1742e+09,2.6363e-15,5.6605e+07,1.1409e+02,6.2345e+05,6.2123e+05,34.3,64.6,0.2,0.9,7.7221e+29,7.5432e+29,1.4750e+28,3.1400e+27,3.2642e+28,0.0000e+00,97.7,1.9,0.4
323,7.6553e+29,2.5635e+29,5.0065e+29,1.7800e+27,6.7500e+27,2.1485e+29,4.1500e+28,2.8066e+29,2.1999e+29,1.0600e+27,7.2000e+26,3.1100e+27,3.6400e+27,7.6024e+08,1.7939e+03,1.1810e+09,2.2471e-15,5.5123e+07,1.1244e+02,6.2561e+05,6.2346e+05,33.5,65.4,0.2,0.9,7.6566e+29,7.4786e+29,1.4820e+28,2.9800e+27,3.2427e+28,0.0000e+00,97.7,1.9,0.4
324,7.5807e+29,2.5448e+29,4.9481e+29,1.9600e+27,6.8200e+27,2.1378e+29,4.0700e+28,2.6900e+29,2.2581e+29,1.2000e+27,7.6000e+26,3.4900e+27,3.3300e+27,7.6034e+08,1.7694e+03,1.3969e+09,1.9504e-15,5.4142e+07,1.1086e+02,6.2774e+05,6.2563e+05,33.6,65.3,0.3,0.9,7.5875e+29,7.4119e+29,1.4900e+28,2.6600e+27,3.2651e+28,0.0000e+00,97.7,2.0,0.4
325,7.6428e+29,2.5251e+29,5.0330e+29,1.7100e+27,6.7600e+27,2.1019e+29,4.2320e+28,2.7524e+29,2.2806e+29,1.0400e+27,6.7000e+26,3.3000e+27,3.4600e+27,7.5853e+08,1.7455e+03,1.4870e+09,1.7258e-15,5.3629e+07,1.0935e+02,6.2982e+05,6.2775e+05,33.0,65.9,0.2,0.9,7.6330e+29,7.4621e+29,1.4690e+28,2.4000e+27,3.2872e+28,0.0000e+00,97.8,1.9,0.3
326,7.6667e+29,2.4791e+29,5.1018e+29,1.7500e+27,6.8300e+27,2.0688e+29,4.1030e+28,2.7882e+29,2.3136e+29,9.5000e+26,8.0000e+26,3.4300e+27,3.4000e+27,7.5612e+08,1.7230e+03,1.1758e+09,1.5502e-15,5.3697e+07,1.0790e+02,6.3184e+05,6.2983e+05,32.3,66.5,0.2,0.9,7.6699e+29,7.4921e+29,1.5680e+28,2.1000e+27,3.2859e+28,0.0000e+00,97.7,2.0,0.3
327,7.7814e+29,2.4630e+29,5.2335e+29,1.7300e+27,6.7600e+27,2.0474e+29,4.1560e+28,2.8749e+29,2.3586e+29,1.0400e+27,6.9000e+26,3.4700e+27,3.2900e+27,7.5400e+08,1.7011e+03,1.1934e+09,1.4190e-15,5.2442e+07,1.0652e+02,6.3382e+05,6.3186e+05,31.7,67.3,0.2,0.9,7.7727e+29,7.5955e+29,1.5800e+28,1.9200e+27,3.3069e+28,0.0000e+00,97.7,2.0,0.2
328,7.7177e+29,2.4462e+29,5.1878e+29,1.5200e+27,6.8500e+27,2.0316e+29,4.1460e+28,2.8420e+29,2.3458e+29,1.0100e+27,5.1000e+26,3.2300e+27,3.6200e+27,7.5275e+08,1.6805e+03,1.1693e+09,1.3288e-15,5.1481e+07,1.0518e+02,6.3574e+05,6.3384e+05,31.7,67.2,0.2,0.9,7.7076e+29,7.5370e+29,1.5720e+28,1.3400e+27,3.3042e+28,0.0000e+00,97.8,2.0,0.2
329,7.9719e+29,2.4337e+29,5.4525e+29,1.7600e+27,6.8100e+27,2.0044e+29,4.2930e+28,2.9528e+29,2.4997e+29,1.0900e+27,6.7000e+26,3.4200e+27,3.3900e+27,7.4902e+08,1.6604e+03,1.5995e+09,1.2621e-15,5.0144e+07,1.0391e+02,6.3762e+05,6.3576e+05,30.5,68.4,0.2,0.9,7.9673e+29,7.7861e+29,1.6460e+28,1.6600e+27,3.3241e+28,0.0000e+00,97.7,2.1,0.2
330,7.9345e+29,2.3670e+29,5.4831e+29,1.6100e+27,6.8300e+27,1.9537e+29,4.1330e+28,3.0428e+29,2.4403e+29,9.7000e+26,6.4000e+26,3.4500e+27,3.3800e+27,7.4697e+08,1.6413e+03,1.2382e+09,1.2208e-15,4.9145e+07,1.0270e+02,6.3943e+05,6.3763e+05,29.8,69.1,0.2,0.9,7.9292e+29,7.7471e+29,1.6970e+28,1.2400e+27,3.3200e+28,0.0000e+00,97.7,2.1,0.2
331,8.0369e+29,2.3635e+29,5.5907e+29,1.5300e+27,6.7400e+27,1.9336e+29,4.2990e+28,3.0609e+29,2.5298e+29,9.2000e+26,6.1000e+26,3.2500e+27,3.4900e+27,7.4489e+08,1.6231e+03,1.2307e+09,1.2016e-15,4.7875e+07,1.0154e+02,6.4120e+05,6.3945e+05,29.4,69.6,0.2,0.8,8.0373e+29,7.8474e+29,1.7570e+28,1.4200e+27,3.3386e+28,0.0000e+00,97.6,2.2,0.2
332,8.0497e+29,2.3381e+29,5.6259e+29,1.7100e+27,6.8600e+27,1.9175e+29,4.2060e+28,3.1281e+29,2.4978e+29,1.0000e+27,7.1000e+26,3.6400e+27,3.2200e+27,7.4199e+08,1.6056e+03,1.2578e+09,1.2007e-15,4.7611e+07,1.0043e+02,6.4291e+05,6.4121e+05,29.0,69.9,0.2,0.9,8.0407e+29,7.8528e+29,1.7670e+28,1.1200e+27,3.3568e+28,0.0000e+00,97.7,2.2,0.1
333,8.2512e+29,2.3235e+29,5.8436e+29,1.7200e+27,6.6900e+27,1.9005e+29,4.2300e+28,3.2036e+29,2.6400e+29,1.0300e+27,6.9000e+26,3.4100e+27,3.2800e+27,7.3885e+08,1.5890e+03,1.5236e+09,1.2036e-15,4.7487e+07,9.9380e+01,6.4457e+05,6.4293e+05,28.2,70.8,0.2,0.8,8.2354e+29,8.0410e+29,1.8380e+28,1.0600e+27,3.3507e+28,0.0000e+00,97.6,2.2,0.1
334,8.2205e+29,2.2769e+29,5.8564e+29,1.8400e+27,6.8800e+27,1.8570e+29,4.1990e+28,3.2722e+29,2.5842e+29,1.1100e+27,7.3000e+26,3.2400e+27,3.6400e+27,7.3403e+08,1.5733e+03,1.6478e+09,1.2282e-15,4.6870e+07,9.8368e+01,6.4617e+05,6.4458e+05,27.7,71.2,0.2,0.8,8.2245e+29,8.0293e+29,1.8570e+28,9.5000e+26,3.3676e+28,0.0000e+00,97.6,2.3,0.1
335,8.2230e+29,2.2576e+29,5.8791e+29,1.8400e+27,6.7900e+27,1.8348e+29,4.2280e+28,3.2924e+29,2.5867e+29,1.0800e+27,7.6000e+26,3.5600e+27,3.2300e+27,7.2878e+08,1.5582e+03,1.5061e+09,1.2736e-15,4.5816e+07,9.7420e+01,6.4770e+05,6.4618e+05,27.5,71.5,0.2,0.8,8.2080e+29,8.0088e+29,1.8970e+28,9.5000e+26,3.3600e+28,0.0000e+00,97.6,2.3,0.1
336,8.5131e+29,2.2415e+29,6.1871e+29,1.6900e+27,6.7600e+27,1.8170e+29,4.2450e+28,3.4388e+29,2.7483e+29,9.2000e+26,7.7000e+26,3.4600e+27,3.3000e+27,7.2529e+08,1.5440e+03,1.4426e+09,1.3383e-15,4.5716e+07,9.6505e+01,6.4919e+05,6.4772e+05,26.3,72.7,0.2,0.8,8.5031e+29,8.3048e+29,1.8890e+28,9.4000e+26,3.3757e+28,0.0000e+00,97.7,2.2,0.1
337,8.7021e+29,2.2326e+29,6.3855e+29,1.5700e+27,6.8300e+27,1.7959e+29,4.3670e+28,3.5666e+29,2.8189e+29,9.0000e+26,6.7000e+26,3.5100e+27,3.3200e+27,7.2288e+08,1.5304e+03,1.7131e+09,1.4316e-15,4.5450e+07,9.5643e+01,6.5061e+05,6.4920e+05,25.7,73.4,0.2,0.8,8.7028e+29,8.4822e+29,2.1190e+28,8.7000e+26,3.3908e+28,0.0000e+00,97.5,2.4,0.1
338,8.9773e+29,2.1941e+29,6.6989e+29,1.6700e+27,6.7600e+27,1.7749e+29,4.1920e+28,3.6574e+29,3.0415e+29,1.1100e+27,5.6000e+26,3.3900e+27,3.3700e+27,7.1901e+08,1.5176e+03,1.4081e+09,1.5510e-15,4.5158e+07,9.4830e+01,6.5198e+05,6.5062e+05,24.4,74.6,0.2,0.8,8.9517e+29,8.7296e+29,2.1540e+28,6.7000e+26,3.3811e+28,0.0000e+00,97.5,2.4,0.1
339,9.1745e+29,2.1961e+29,6.8950e+29,1.5400e+27,6.8000e+27,1.7609e+29,4.3520e+28,3.8219e+29,3.0731e+29,8.4000e+26,7.0000e+26,3.3600e+27,3.4400e+27,7.1810e+08,1.5054e+03,1.4017e+09,1.7004e-15,4.4180e+07,9.4053e+01,6.5329e+05,6.5199e+05,23.9,75.2,0.2,0.7,9.1702e+29,8.9409e+29,2.2370e+28,5.6000e+26,3.4194e+28,0.0000e+00,97.5,2.4,0.1
340,9.2485e+29,2.1732e+29,6.9905e+29,1.7700e+27,6.7100e+27,1.7375e+29,4.3570e+28,3.9110e+29,3.0795e+29,1.0400e+27,7.3000e+26,3.2700e+27,3.4400e+27,7.1313e+08,1.4940e+03,1.4253e+09,1.8887e-15,4.4592e+07,9.3331e+01,6.5453e+05,6.5330e+05,23.5,75.6,0.2,0.7,9.2343e+29,9.0034e+29,2.2460e+28,6.3000e+26,3.3837e+28,0.0000e+00,97.5,2.4,0.1
341,9.5212e+29,2.1614e+29,7.2749e+29,1.6700e+27,6.8200e+27,1.7276e+29,4.3380e+28,4.0998e+29,3.1751e+29,1.0500e+27,6.2000e+26,3.3400e+27,3.4800e+27,7.0849e+08,1.4832e+03,1.2529e+09,2.1199e-15,4.5357e+07,9.2643e+01,6.5572e+05,6.5454e+05,22.7,76.4,0.2,0.7,9.5069e+29,9.2622e+29,2.3880e+28,5.9000e+26,3.4208e+28,0.0000e+00,97.4,2.5,0.1
342,9.6602e+29,2.1352e+29,7.4394e+29,1.8200e+27,6.7400e+27,1.6987e+29,4.3650e+28,4.1702e+29,3.2692e+29,1.0300e+27,7.9000e+26,3.2800e+27,3.4600e+27,7.0372e+08,1.4731e+03,1.5638e+09,2.4005e-15,4.4877e+07,9.2004e+01,6.5684e+05,6.5573e+05,22.1,77.0,0.2,0.7,9.6515e+29,9.3918e+29,2.5360e+28,6.1000e+26,3.4082e+28,0.0000e+00,97.3,2.6,0.1
343,9.8827e+29,2.1127e+29,7.6842e+29,1.8100e+27,6.7700e+27,1.6737e+29,4.3900e+28,4.2899e+29,3.3943e+29,1.1000e+27,7.1000e+26,3.3300e+27,3.4400e+27,6.9887e+08,1.4636e+03,1.5421e+09,2.7418e-15,4.3969e+07,9.1407e+01,6.5791e+05,6.5685e+05,21.4,77.8,0.2,0.7,9.8731e+29,9.6169e+29,2.5160e+28,4.6000e+26,3.4195e+28,0.0000e+00,97.4,2.5,0.0
344,9.7781e+29,2.1041e+29,7.5912e+29,1.4400e+27,6.8400e+27,1.6616e+29,4.4250e+28,4.1834e+29,3.4078e+29,8.0000e+26,6.4000e+26,3.4400e+27,3.4000e+27,6.9495e+08,1.4547e+03,1.5739e+09,3.1609e-15,4.3609e+07,9.0841e+01,6.5891e+05,6.5792e+05,21.5,77.6,0.1,0.7,9.7782e+29,9.5148e+29,2.5870e+28,4.7000e+26,3.4302e+28,0.0000e+00,97.3,2.6,0.0
345,1.0111e+30,2.1025e+29,7.9222e+29,1.7900e+27,6.8200e+27,1.6673e+29,4.3520e+28,4.4156e+29,3.5066e+29,1.0500e+27,7.4000e+26,3.4400e+27,3.3800e+27,6.9070e+08,1.4465e+03,1.5458e+09,3.6796e-15,4.3798e+07,9.0330e+01,6.5985e+05,6.5892e+05,20.8,78.4,0.2,0.7,1.0093e+30,9.8304e+29,2.5800e+28,4.9000e+26,3.4403e+28,0.0000e+00,97.4,2.6,0.0
346,1.0276e+30,2.0728e+29,8.1193e+29,1.6400e+27,6.7300e+27,1.6254e+29,4.4740e+28,4.5082e+29,3.6111e+29,9.8000e+26,6.6000e+26,3.5600e+27,3.1700e+27,6.8719e+08,1.4389e+03,1.6791e+09,4.3127e-15,4.4320e+07,8.9840e+01,6.6073e+05,6.5986e+05,20.2,79.0,0.2,0.7,1.0250e+30,9.9749e+29,2.7110e+28,4.1000e+26,3.4248e+28,0.0000e+00,97.3,2.6,0.0
347,1.0496e+30,2.0686e+29,8.3404e+29,1.8700e+27,6.8400e+27,1.6126e+29,4.5600e+28,4.6665e+29,3.6739e+29,1.1900e+27,6.8000e+26,3.5900e+27,3.2500e+27,6.8081e+08,1.4319e+03,1.8077e+09,5.0790e-15,4.5058e+07,8.9395e+01,6.6154e+05,6.6073e+05,19.7,79.5,0.2,0.7,1.0503e+30,1.0217e+30,2.8190e+28,4.7000e+26,3.4585e+28,0.0000e+00,97.3,2.7,0.0
348,1.0501e+30,2.0484e+29,8.3651e+29,1.9400e+27,6.7900e+27,1.6010e+29,4.4740e+28,4.6538e+29,3.7113e+29,1.1800e+27,7.6000e+26,3.2900e+27,3.5000e+27,6.7683e+08,1.4255e+03,1.6614e+09,6.0121e-15,4.5186e+07,8.8991e+01,6.6229e+05,6.6155e+05,19.5,79.7,0.2,0.6,1.0482e+30,1.0191e+30,2.8500e+28,6.0000e+26,3.4416e+28,0.0000e+00,97.2,2.7,0.1
349,1.0800e+30,2.0183e+29,8.6942e+29,1.9200e+27,6.8100e+27,1.5697e+29,4.4860e+28,4.8465e+29,3.8477e+29,1.0000e+27,9.2000e+26,3.3500e+27,3.4600e+27,6.7243e+08,1.4198e+03,1.7755e+09,7.1515e-15,4.4892e+07,8.8625e+01,6.6298e+05,6.6230e+05,18.7,80.5,0.2,0.6,1.0800e+30,1.0504e+30,2.9080e+28,4.9000e+26,3.4490e+28,0.0000e+00,97.3,2.7,0.0
350,1.0866e+30,2.0013e+29,8.7804e+29,1.7300e+27,6.7300e+27,1.5379e+29,4.6340e+28,4.8620e+29,3.9184e+29,1.0100e+27,7.2000e+26,3.4300e+27,3.3000e+27,6.6758e+08,1.4145e+03,1.8155e+09,8.5042e-15,4.4076e+07,8.8299e+01,6.6360e+05,6.6298e+05,18.4,80.8,0.2,0.6,1.0853e+30,1.0548e+30,3.0160e+28,3.3000e+26,3.4305e+28,0.0000e+00,97.2,2.8,0.0
351,1.0900e+30,1.9849e+29,8.8280e+29,1.8500e+27,6.8200e+27,1.5403e+29,4.4460e+28,4.9755e+29,3.8525e+29,9.8000e+26,8.7000e+26,3.5900e+27,3.2300e+27,6.6275e+08,1.4099e+03,2.1005e+09,1.0146e-14,4.4053e+07,8.8005e+01,6.6415e+05,6.6360e+05,18.2,81.0,0.2,0.6,1.0901e+30,1.0586e+30,3.1180e+28,3.8000e+26,3.4618e+28,0.0000e+00,97.1,2.9,0.0
352,1.0968e+30,1.9616e+29,8.9192e+29,1.9900e+27,6.7500e+27,1.5067e+29,4.5490e+28,4.9758e+29,3.9434e+29,1.1000e+27,8.9000e+26,3.4000e+27,3.3500e+27,6.5699e+08,1.4059e+03,1.7036e+09,1.2135e-14,4.3489e+07,8.7749e+01,6.6464e+05,6.6416e+05,17.9,81.3,0.2,0.6,1.0947e+30,1.0633e+30,3.0950e+28,4.3000e+26,3.4420e+28,0.0000e+00,97.1,2.8,0.0
353,1.1250e+30,1.9845e+29,9.1784e+29,1.8600e+27,6.8000e+27,1.5102e+29,4.7430e+28,4.9930e+29,4.1854e+29,1.0000e+27,8.6000e+26,3.4000e+27,3.4000e+27,6.5126e+08,1.4024e+03,1.8909e+09,1.4495e-14,4.2354e+07,8.7530e+01,6.6507e+05,6.6465e+05,17.6,81.6,0.2,0.6,1.1248e+30,1.0936e+30,3.0750e+28,4.6000e+26,3.4720e+28,0.0000e+00,97.2,2.7,0.0
354,1.1191e+30,1.9228e+29,9.1812e+29,1.8600e+27,6.7900e+27,1.4717e+29,4.5110e+28,5.0438e+29,4.1374e+29,9.5000e+26,9.1000e+26,3.4600e+27,3.3300e+27,6.4561e+08,1.3995e+03,1.6976e+09,1.7365e-14,4.1624e+07,8.7348e+01,6.6543e+05,6.6507e+05,17.2,82.0,0.2,0.6,1.1184e+30,1.0868e+30,3.1320e+28,3.0000e+26,3.4507e+28,0.0000e+00,97.2,2.8,0.0
355,1.1513e+30,1.9352e+29,9.4911e+29,1.8400e+27,6.8000e+27,1.4679e+29,4.6730e+28,5.2585e+29,4.2326e+29,9.6000e+26,8.8000e+26,3.4200e+27,3.3800e+27,6.4005e+08,1.3971e+03,1.9077e+09,2.0798e-14,4.2452e+07,8.7198e+01,6.6573e+05,6.6543e+05,16.8,82.4,0.2,0.6,1.1498e+30,1.1177e+30,3.1650e+28,4.7000e+26,3.4795e+28,0.0000e+00,97.2,2.8,0.0
356,1.1452e+30,1.8941e+29,9.4712e+29,1.9200e+27,6.7700e+27,1.4422e+29,4.5190e+28,5.2042e+29,4.2670e+29,1.0300e+27,8.9000e+26,3.3500e+27,3.4200e+27,6.3521e+08,1.3953e+03,1.7715e+09,2.4889e-14,4.1952e+07,8.7085e+01,6.6596e+05,6.6573e+05,16.5,82.7,0.2,0.6,1.1460e+30,1.1133e+30,3.2280e+28,3.7000e+26,3.4568e+28,0.0000e+00,97.2,2.8,0.0
357,1.1380e+30,1.8894e+29,9.4044e+29,1.8600e+27,6.7800e+27,1.4239e+29,4.6550e+28,5.1165e+29,4.2879e+29,1.0600e+27,8.0000e+26,3.3200e+27,3.4600e+27,6.3111e+08,1.3938e+03,1.8681e+09,2.9761e-14,4.1482e+07,8.6989e+01,6.6612e+05,6.6596e+05,16.6,82.6,0.2,0.6,1.1375e+30,1.1047e+30,3.2530e+28,3.1000e+26,3.4589e+28,0.0000e+00,97.1,2.9,0.0
358,1.1330e+30,1.8612e+29,9.3827e+29,1.8600e+27,6.7900e+27,1.4084e+29,4.5280e+28,5.0937e+29,4.2890e+29,1.0100e+27,8.5000e+26,3.4300e+27,3.3600e+27,6.2846e+08,1.3929e+03,1.8630e+09,3.5498e-14,4.1449e+07,8.6927e+01,6.6622e+05,6.6612e+05,16.4,82.8,0.2,0.6,1.1337e+30,1.1009e+30,3.2400e+28,4.4000e+26,3.4602e+28,0.0000e+00,97.1,2.9,0.0
359,1.1271e+30,1.8434e+29,9.3410e+29,1.9200e+27,6.7500e+27,1.3878e+29,4.5560e+28,5.0795e+29,4.2615e+29,1.0500e+27,8.7000e+26,3.3700e+27,3.3800e+27,6.2394e+08,1.3925e+03,1.9728e+09,4.1413e-14,4.1634e+07,8.6899e+01,6.6625e+05,6.6622e+05,16.4,82.9,0.2,0.6,1.1279e+30,1.0948e+30,3.2580e+28,4.8000e+26,3.4609e+28,0.0000e+00,97.1,2.9,0.0
