TAA_Bin,Gen_Total,Gen_PSD,Gen_TD,Gen_SWS,Gen_MMV,Gen_PSD_Dawn,Gen_PSD_Dusk,Gen_TD_Dawn,Gen_TD_Dusk,Gen_SWS_Dawn,Gen_SWS_Dusk,Gen_MMV_Dawn,Gen_MMV_Dusk,Gen_PSD_Dawn_Terminator,Gen_TD_Dawn_Terminator,Max_Flux_PSD,Min_Flux_PSD,Max_Flux_TD,Min_Flux_TD,Max_Flux_SWS,Min_Flux_SWS,Max_Flux_MMV,Min_Flux_MMV,Pct_PSD,Pct_TD,Pct_SWS,Pct_MMV,Loss_Total,Loss_Stuck,Loss_Ionized,Loss_Escaped,Supply_Internal,Trans_Inward,Pct_Stuck,Pct_Ionized,Pct_Escaped
0,7.8248e+29,9.8420e+28,6.6884e+29,8.4300e+27,6.7900e+27,6.4750e+28,3.3670e+28,3.7009e+29,2.9875e+29,4.9000e+27,3.5300e+27,3.5500e+27,3.2400e+27,1.9550e+28,7.2600e+27,1.5878e+08,1.0030e+06,1.4998e+09,2.2641e-05,7.5563e+07,5.4347e+05,6.6625e+05,6.6621e+05,12.6,85.5,1.1,0.9,7.8464e+29,7.5883e+29,2.4310e+28,1.5000e+27,2.7475e+28,0.0000e+00,96.7,3.1,0.2
1,7.7251e+29,1.0089e+29,6.5622e+29,8.6200e+27,6.7800e+27,6.5830e+28,3.5060e+28,3.6656e+29,2.8966e+29,4.6800e+27,3.9400e+27,3.2300e+27,3.5500e+27,1.9930e+28,7.0400e+27,1.5844e+08,9.9941e+05,1.4734e+09,1.9677e-05,7.6086e+07,4.6725e+05,6.6621e+05,6.6612e+05,13.1,84.9,1.1,0.9,7.7170e+29,7.4773e+29,2.2600e+28,1.3700e+27,2.7468e+28,0.0000e+00,96.9,2.9,0.2
2,7.5916e+29,9.8850e+28,6.4552e+29,8.0000e+27,6.7900e+27,6.4540e+28,3.4310e+28,3.5451e+29,2.9101e+29,4.7700e+27,3.2300e+27,3.3500e+27,3.4400e+27,1.9730e+28,7.2300e+27,1.5806e+08,1.2703e+06,1.4763e+09,1.7065e-05,7.5509e+07,4.3502e+05,6.6611e+05,6.6595e+05,13.0,85.0,1.1,0.9,7.6006e+29,7.3537e+29,2.3330e+28,1.3600e+27,2.7453e+28,0.0000e+00,96.8,3.1,0.2
3,7.5816e+29,9.8190e+28,6.4471e+29,8.4500e+27,6.8100e+27,6.3970e+28,3.4220e+28,3.5015e+29,2.9456e+29,4.5400e+27,3.9100e+27,3.6100e+27,3.2000e+27,1.8980e+28,6.5100e+27,1.5776e+08,1.0777e+06,1.5708e+09,1.4758e-05,7.4384e+07,4.8368e+05,6.6595e+05,6.6572e+05,13.0,85.0,1.1,0.9,7.5864e+29,7.3419e+29,2.2830e+28,1.6200e+27,2.7632e+28,0.0000e+00,96.8,3.0,0.2
4,7.5738e+29,9.7210e+28,6.4560e+29,7.7900e+27,6.7800e+27,6.2470e+28,3.4740e+28,3.5756e+29,2.8804e+29,4.4700e+27,3.3200e+27,3.2200e+27,3.5600e+27,1.9040e+28,5.7400e+27,1.5756e+08,1.0793e+06,1.4970e+09,1.2762e-05,7.3433e+07,4.6317e+05,6.6572e+05,6.6543e+05,12.8,85.2,1.0,0.9,7.5552e+29,7.3074e+29,2.3330e+28,1.4500e+27,2.7400e+28,0.0000e+00,96.7,3.1,0.2
5,7.6779e+29,9.9870e+28,6.5268e+29,8.4600e+27,6.7800e+27,6.4910e+28,3.4960e+28,3.5688e+29,2.9580e+29,4.6300e+27,3.8300e+27,3.5100e+27,3.2700e+27,1.9310e+28,6.3800e+27,1.5720e+08,1.1975e+06,1.3941e+09,1.1027e-05,7.2283e+07,4.5107e+05,6.6542e+05,6.6507e+05,13.0,85.0,1.1,0.9,7.6844e+29,7.4401e+29,2.2890e+28,1.5400e+27,2.7363e+28,0.0000e+00,96.8,3.0,0.2
6,7.7513e+29,9.8100e+28,6.6192e+29,8.3000e+27,6.8100e+27,6.2980e+28,3.5120e+28,3.6175e+29,3.0017e+29,4.7600e+27,3.5400e+27,3.3800e+27,3.4300e+27,1.9720e+28,6.1200e+27,1.5688e+08,1.2342e+06,1.4996e+09,9.5162e-06,7.1958e+07,4.5561e+05,6.6506e+05,6.6464e+05,12.7,85.4,1.1,0.9,7.7574e+29,7.4972e+29,2.4390e+28,1.6300e+27,2.7520e+28,0.0000e+00,96.6,3.1,0.2
7,7.5026e+29,9.7300e+28,6.3790e+29,8.3100e+27,6.7500e+27,6.2320e+28,3.4980e+28,3.4107e+29,2.9683e+29,4.6000e+27,3.7100e+27,3.2800e+27,3.4700e+27,1.8740e+28,5.6500e+27,1.5646e+08,1.2460e+06,1.4375e+09,8.2234e-06,7.1547e+07,4.7607e+05,6.6464e+05,6.6415e+05,13.0,85.0,1.1,0.9,7.5090e+29,7.2677e+29,2.2670e+28,1.4600e+27,2.7267e+28,0.0000e+00,96.8,3.0,0.2
8,7.5271e+29,9.8940e+28,6.3923e+29,7.7300e+27,6.8100e+27,6.4350e+28,3.4590e+28,3.4470e+29,2.9453e+29,4.2800e+27,3.4500e+27,3.2400e+27,3.5700e+27,1.9250e+28,5.5200e+27,1.5620e+08,1.1939e+06,1.5246e+09,7.1052e-06,7.0121e+07,5.2082e+05,6.6415e+05,6.6359e+05,13.1,84.9,1.0,0.9,7.5260e+29,7.2798e+29,2.3160e+28,1.4600e+27,2.7408e+28,0.0000e+00,96.7,3.1,0.2
9,7.5512e+29,9.7980e+28,6.4187e+29,8.4700e+27,6.8000e+27,6.2970e+28,3.5010e+28,3.5170e+29,2.9017e+29,4.6600e+27,3.8100e+27,3.4400e+27,3.3600e+27,1.8930e+28,5.7900e+27,1.5576e+08,1.2753e+06,2.0950e+09,6.1486e-06,6.9457e+07,5.4113e+05,6.6359e+05,6.6297e+05,13.0,85.0,1.1,0.9,7.5463e+29,7.3022e+29,2.2770e+28,1.6400e+27,2.7341e+28,0.0000e+00,96.8,3.0,0.2
10,7.4424e+29,9.8030e+28,6.3098e+29,8.4000e+27,6.8300e+27,6.3590e+28,3.4440e+28,3.3974e+29,2.9124e+29,4.4600e+27,3.9400e+27,3.3000e+27,3.5300e+27,1.9580e+28,5.3200e+27,1.5541e+08,1.3524e+06,1.4807e+09,5.3321e-06,6.9457e+07,6.0495e+05,6.6297e+05,6.6229e+05,13.2,84.8,1.1,0.9,7.4325e+29,7.1924e+29,2.2180e+28,1.8300e+27,2.7267e+28,0.0000e+00,96.8,3.0,0.2
11,7.3781e+29,9.6730e+28,6.2584e+29,8.4600e+27,6.7800e+27,6.2660e+28,3.4070e+28,3.4471e+29,2.8113e+29,4.5300e+27,3.9300e+27,3.3700e+27,3.4100e+27,1.9120e+28,5.3900e+27,1.5508e+08,1.2003e+06,1.4624e+09,4.6371e-06,6.7897e+07,6.0794e+05,6.6228e+05,6.6154e+05,13.1,84.8,1.1,0.9,7.4042e+29,7.1655e+29,2.2200e+28,1.6700e+27,2.7186e+28,0.0000e+00,96.8,3.0,0.2
12,7.3634e+29,9.7460e+28,6.2387e+29,8.2900e+27,6.7200e+27,6.1490e+28,3.5970e+28,3.3817e+29,2.8570e+29,4.4000e+27,3.8900e+27,3.5300e+27,3.1900e+27,1.8200e+28,5.6000e+27,1.5463e+08,1.3110e+06,1.3753e+09,4.0469e-06,6.7230e+07,5.7058e+05,6.6153e+05,6.6073e+05,13.2,84.7,1.1,0.9,7.3576e+29,7.1186e+29,2.2060e+28,1.8400e+27,2.7098e+28,0.0000e+00,96.8,3.0,0.3
13,7.3859e+29,9.6260e+28,6.2721e+29,8.3700e+27,6.7500e+27,6.1250e+28,3.5010e+28,3.3189e+29,2.9532e+29,4.1900e+27,4.1800e+27,3.4000e+27,3.3500e+27,1.8510e+28,5.1000e+27,1.5428e+08,1.3854e+06,1.4704e+09,3.5674e-06,6.5426e+07,5.4952e+05,6.6072e+05,6.5985e+05,13.0,84.9,1.1,0.9,7.3870e+29,7.1404e+29,2.2610e+28,2.0500e+27,2.7003e+28,0.0000e+00,96.7,3.1,0.3
14,7.3653e+29,9.7950e+28,6.2288e+29,8.8500e+27,6.8500e+27,6.3470e+28,3.4480e+28,3.3215e+29,2.9073e+29,4.9200e+27,3.9300e+27,3.4300e+27,3.4200e+27,1.8910e+28,5.1900e+27,1.5377e+08,1.3782e+06,1.5133e+09,3.1390e-06,6.5031e+07,5.5608e+05,6.5985e+05,6.5891e+05,13.3,84.6,1.2,0.9,7.3619e+29,7.1312e+29,2.1230e+28,1.8400e+27,2.7097e+28,0.0000e+00,96.9,2.9,0.2
15,7.3786e+29,9.5620e+28,6.2727e+29,8.2400e+27,6.7300e+27,6.0240e+28,3.5380e+28,3.3590e+29,2.9137e+29,4.7400e+27,3.5000e+27,3.3200e+27,3.4100e+27,1.7940e+28,5.1300e+27,1.5326e+08,1.1766e+06,1.4643e+09,2.7778e-06,6.4525e+07,5.2762e+05,6.5891e+05,6.5791e+05,13.0,85.0,1.1,0.9,7.3811e+29,7.1404e+29,2.1980e+28,2.0900e+27,2.6987e+28,0.0000e+00,96.7,3.0,0.3
16,7.3129e+29,9.7210e+28,6.1885e+29,8.4800e+27,6.7500e+27,6.1520e+28,3.5690e+28,3.3239e+29,2.8646e+29,4.7200e+27,3.7600e+27,3.4500e+27,3.3000e+27,1.8900e+28,4.9300e+27,1.5283e+08,1.1304e+06,1.4234e+09,2.4743e-06,6.3877e+07,4.9490e+05,6.5790e+05,6.5685e+05,13.3,84.6,1.2,0.9,7.3248e+29,7.0899e+29,2.1340e+28,2.1500e+27,2.6870e+28,0.0000e+00,96.8,2.9,0.3
17,7.2764e+29,9.7700e+28,6.1518e+29,7.9800e+27,6.7800e+27,6.2230e+28,3.5470e+28,3.2705e+29,2.8813e+29,4.3300e+27,3.6500e+27,3.5000e+27,3.2800e+27,1.8800e+28,4.6700e+27,1.5242e+08,1.0851e+06,1.3041e+09,2.2199e-06,6.2935e+07,5.4983e+05,6.5684e+05,6.5573e+05,13.4,84.5,1.1,0.9,7.2804e+29,7.0437e+29,2.1600e+28,2.0700e+27,2.6747e+28,0.0000e+00,96.7,3.0,0.3
18,7.3388e+29,9.7200e+28,6.2217e+29,7.6400e+27,6.8700e+27,6.1820e+28,3.5380e+28,3.2956e+29,2.9261e+29,4.2800e+27,3.3600e+27,3.3800e+27,3.4900e+27,1.8200e+28,5.2500e+27,1.5183e+08,1.0566e+06,1.4373e+09,2.0061e-06,6.2237e+07,5.0233e+05,6.5572e+05,6.5453e+05,13.2,84.8,1.0,0.9,7.3365e+29,7.1076e+29,2.0980e+28,1.9100e+27,2.6811e+28,0.0000e+00,96.9,2.9,0.3
19,7.1014e+29,9.5480e+28,5.9959e+29,8.2500e+27,6.8200e+27,5.9870e+28,3.5610e+28,3.0881e+29,2.9078e+29,4.6100e+27,3.6400e+27,3.3400e+27,3.4800e+27,1.8420e+28,4.1900e+27,1.5133e+08,1.2154e+06,1.5209e+09,1.8291e-06,6.1193e+07,5.4251e+05,6.5453e+05,6.5329e+05,13.4,84.4,1.2,1.0,7.1261e+29,6.8939e+29,2.0920e+28,2.3000e+27,2.6673e+28,0.0000e+00,96.7,2.9,0.3
20,6.9231e+29,9.6220e+28,5.8107e+29,8.2100e+27,6.8100e+27,6.0760e+28,3.5460e+28,3.0669e+29,2.7438e+29,4.4800e+27,3.7300e+27,3.7000e+27,3.1100e+27,1.8180e+28,4.4800e+27,1.5071e+08,1.3053e+06,1.5038e+09,1.6837e-06,6.0450e+07,5.5506e+05,6.5328e+05,6.5198e+05,13.9,83.9,1.2,1.0,6.9203e+29,6.7001e+29,1.9430e+28,2.5900e+27,2.6530e+28,0.0000e+00,96.8,2.8,0.4
21,6.9044e+29,9.7640e+28,5.7794e+29,8.0700e+27,6.7900e+27,6.2200e+28,3.5440e+28,3.0905e+29,2.6889e+29,4.3800e+27,3.6900e+27,3.5600e+27,3.2300e+27,1.8940e+28,4.4200e+27,1.5017e+08,1.3150e+06,1.5033e+09,1.5690e-06,5.9810e+07,5.3327e+05,6.5197e+05,6.5062e+05,14.1,83.7,1.2,1.0,6.9202e+29,6.7010e+29,1.9270e+28,2.6500e+27,2.6380e+28,0.0000e+00,96.8,2.8,0.4
22,6.8921e+29,9.5420e+28,5.7892e+29,8.0100e+27,6.8600e+27,5.9850e+28,3.5570e+28,3.0683e+29,2.7209e+29,4.3800e+27,3.6300e+27,3.2700e+27,3.5900e+27,1.8760e+28,4.1900e+27,1.4971e+08,1.3285e+06,1.2991e+09,1.4748e-06,5.9763e+07,5.6376e+05,6.5061e+05,6.4919e+05,13.8,84.0,1.2,1.0,6.8843e+29,6.6698e+29,1.8880e+28,2.5700e+27,2.6413e+28,0.0000e+00,96.9,2.7,0.4
23,6.7242e+29,9.4470e+28,5.6276e+29,8.4600e+27,6.7300e+27,5.8840e+28,3.5630e+28,2.9249e+29,2.7027e+29,4.4700e+27,3.9900e+27,3.4400e+27,3.2900e+27,1.7910e+28,4.2500e+27,1.4906e+08,1.1713e+06,1.2635e+09,1.4025e-06,5.8294e+07,5.7540e+05,6.4918e+05,6.4771e+05,14.0,83.7,1.3,1.0,6.7387e+29,6.5184e+29,1.9150e+28,2.8800e+27,2.6250e+28,0.0000e+00,96.7,2.8,0.4
24,6.6425e+29,9.4680e+28,5.5430e+29,8.5200e+27,6.7500e+27,5.8550e+28,3.6130e+28,2.9103e+29,2.6327e+29,4.6700e+27,3.8500e+27,3.2600e+27,3.4900e+27,1.7580e+28,4.5600e+27,1.4866e+08,1.1581e+06,1.3730e+09,1.3505e-06,5.7255e+07,5.4708e+05,6.4770e+05,6.4617e+05,14.3,83.4,1.3,1.0,6.6591e+29,6.4460e+29,1.8130e+28,3.1800e+27,2.6081e+28,0.0000e+00,96.8,2.7,0.5
25,6.5113e+29,9.4080e+28,5.4257e+29,7.7300e+27,6.7500e+27,5.9100e+28,3.4980e+28,2.8220e+29,2.6037e+29,4.1600e+27,3.5700e+27,3.3800e+27,3.3700e+27,1.8050e+28,4.1100e+27,1.4800e+08,1.2794e+06,1.2797e+09,1.3170e-06,5.6986e+07,5.5065e+05,6.4616e+05,6.4457e+05,14.4,83.3,1.2,1.0,6.5142e+29,6.3080e+29,1.7700e+28,2.9200e+27,2.6092e+28,0.0000e+00,96.8,2.7,0.4
26,6.5037e+29,9.4720e+28,5.4092e+29,7.9000e+27,6.8300e+27,5.9350e+28,3.5370e+28,2.8174e+29,2.5918e+29,4.5600e+27,3.3400e+27,3.2500e+27,3.5800e+27,1.8060e+28,4.0900e+27,1.4723e+08,1.2551e+06,1.5045e+09,1.3020e-06,5.5816e+07,5.7203e+05,6.4456e+05,6.4292e+05,14.6,83.2,1.2,1.1,6.5087e+29,6.3084e+29,1.6920e+28,3.1100e+27,2.5910e+28,0.0000e+00,96.9,2.6,0.5
27,6.4282e+29,9.5750e+28,5.3234e+29,7.9300e+27,6.8000e+27,5.9760e+28,3.5990e+28,2.7627e+29,2.5607e+29,4.1400e+27,3.7900e+27,3.3600e+27,3.4400e+27,1.7780e+28,4.0900e+27,1.4646e+08,1.2189e+06,1.5265e+09,1.3011e-06,5.5877e+07,5.3542e+05,6.4291e+05,6.4121e+05,14.9,82.8,1.2,1.1,6.4290e+29,6.2289e+29,1.6730e+28,3.2800e+27,2.5906e+28,0.0000e+00,96.9,2.6,0.5
28,6.2561e+29,9.4290e+28,5.1630e+29,8.1600e+27,6.8600e+27,5.9300e+28,3.4990e+28,2.7795e+29,2.3835e+29,4.5600e+27,3.6000e+27,3.3000e+27,3.5600e+27,1.7880e+28,3.8900e+27,1.4577e+08,9.8714e+05,1.3871e+09,1.3054e-06,5.4537e+07,5.1565e+05,6.4119e+05,6.3944e+05,15.1,82.5,1.3,1.1,6.2643e+29,6.0686e+29,1.5750e+28,3.8200e+27,2.5712e+28,0.0000e+00,96.9,2.5,0.6
29,6.1418e+29,9.4690e+28,5.0483e+29,7.8400e+27,6.8200e+27,5.7960e+28,3.6730e+28,2.6420e+29,2.4063e+29,4.2500e+27,3.5900e+27,3.3200e+27,3.5000e+27,1.7700e+28,4.1800e+27,1.4531e+08,8.5175e+05,1.4502e+09,1.3279e-06,5.4645e+07,5.3201e+05,6.3943e+05,6.3763e+05,15.4,82.2,1.3,1.1,6.1593e+29,5.9694e+29,1.5330e+28,3.6600e+27,2.5513e+28,0.0000e+00,96.9,2.5,0.6
30,6.0055e+29,9.5130e+28,4.9080e+29,7.7800e+27,6.8400e+27,5.8460e+28,3.6670e+28,2.5635e+29,2.3445e+29,4.3900e+27,3.3900e+27,3.5200e+27,3.3200e+27,1.8790e+28,4.1300e+27,1.4486e+08,1.0492e+06,1.3712e+09,1.3709e-06,5.4578e+07,5.1278e+05,6.3761e+05,6.3575e+05,15.8,81.7,1.3,1.1,5.9983e+29,5.8080e+29,1.5130e+28,3.9000e+27,2.5488e+28,0.0000e+00,96.8,2.5,0.7
31,5.9936e+29,9.2150e+28,4.9264e+29,7.8400e+27,6.7300e+27,5.7970e+28,3.4180e+28,2.5601e+29,2.3663e+29,4.3600e+27,3.4800e+27,3.1500e+27,3.5800e+27,1.8060e+28,4.4400e+27,1.4426e+08,1.0911e+06,1.2665e+09,1.4370e-06,5.3914e+07,5.0699e+05,6.3574e+05,6.3383e+05,15.4,82.2,1.3,1.1,6.0025e+29,5.8161e+29,1.4810e+28,3.8300e+27,2.5277e+28,0.0000e+00,96.9,2.5,0.6
32,5.8706e+29,9.5540e+28,4.7716e+29,7.5800e+27,6.7800e+27,5.9750e+28,3.5790e+28,2.4743e+29,2.2973e+29,4.2300e+27,3.3500e+27,3.4400e+27,3.3400e+27,1.8490e+28,4.4600e+27,1.4391e+08,1.1440e+06,1.3862e+09,1.5292e-06,5.3044e+07,4.8481e+05,6.3382e+05,6.3185e+05,16.3,81.3,1.3,1.2,5.8818e+29,5.6995e+29,1.3720e+28,4.5100e+27,2.5238e+28,0.0000e+00,96.9,2.3,0.8
33,5.7024e+29,9.2320e+28,4.6348e+29,7.6900e+27,6.7500e+27,5.7680e+28,3.4640e+28,2.4424e+29,2.1924e+29,4.2600e+27,3.4300e+27,3.6000e+27,3.1500e+27,1.7370e+28,3.8400e+27,1.4320e+08,1.1426e+06,1.3212e+09,1.6530e-06,5.2390e+07,4.5860e+05,6.3184e+05,6.2983e+05,16.2,81.3,1.3,1.2,5.7003e+29,5.5225e+29,1.3320e+28,4.4600e+27,2.5017e+28,0.0000e+00,96.9,2.3,0.8
34,5.7097e+29,9.5100e+28,4.6182e+29,7.1700e+27,6.8800e+27,5.9520e+28,3.5580e+28,2.4839e+29,2.1343e+29,3.9600e+27,3.2100e+27,3.5400e+27,3.3400e+27,1.8340e+28,4.5500e+27,1.4255e+08,1.1574e+06,1.1915e+09,1.8142e-06,5.2330e+07,4.4252e+05,6.2982e+05,6.2775e+05,16.7,80.9,1.3,1.2,5.7150e+29,5.5326e+29,1.3770e+28,4.4700e+27,2.4963e+28,0.0000e+00,96.8,2.4,0.8
35,5.5822e+29,9.4650e+28,4.4895e+29,7.7700e+27,6.8500e+27,5.9710e+28,3.4940e+28,2.4360e+29,2.0535e+29,3.9800e+27,3.7900e+27,3.4200e+27,3.4300e+27,1.8970e+28,4.0500e+27,1.4180e+08,1.0446e+06,1.4817e+09,2.0225e-06,5.1756e+07,4.2505e+05,6.2773e+05,6.2563e+05,17.0,80.4,1.4,1.2,5.5925e+29,5.4229e+29,1.2190e+28,4.7700e+27,2.4732e+28,0.0000e+00,97.0,2.2,0.9
36,5.4992e+29,9.4000e+28,4.4120e+29,7.9100e+27,6.8100e+27,5.8710e+28,3.5290e+28,2.3749e+29,2.0371e+29,4.2900e+27,3.6200e+27,3.2700e+27,3.5400e+27,1.8590e+28,4.5700e+27,1.4104e+08,1.0162e+06,1.4796e+09,2.2883e-06,5.1033e+07,3.7554e+05,6.2561e+05,6.2345e+05,17.1,80.2,1.4,1.2,5.5150e+29,5.3424e+29,1.2460e+28,4.8000e+27,2.4666e+28,0.0000e+00,96.9,2.3,0.9
37,5.3425e+29,9.3080e+28,4.2666e+29,7.7200e+27,6.7900e+27,5.8770e+28,3.4310e+28,2.2694e+29,1.9972e+29,3.8400e+27,3.8800e+27,3.5000e+27,3.2900e+27,1.8820e+28,4.0200e+27,1.4028e+08,1.0086e+06,1.4096e+09,2.6291e-06,5.0734e+07,3.7656e+05,6.2343e+05,6.2123e+05,17.4,79.9,1.4,1.3,5.3457e+29,5.1790e+29,1.1890e+28,4.7800e+27,2.4425e+28,0.0000e+00,96.9,2.2,0.9
38,5.3359e+29,9.3450e+28,4.2628e+29,7.0100e+27,6.8500e+27,5.9100e+28,3.4350e+28,2.2824e+29,1.9804e+29,3.4500e+27,3.5600e+27,3.5400e+27,3.3100e+27,1.9060e+28,4.1300e+27,1.3960e+08,1.0298e+06,1.1861e+09,3.0634e-06,5.0424e+07,3.5503e+05,6.2121e+05,6.1896e+05,17.5,79.9,1.3,1.3,5.3400e+29,5.1735e+29,1.1790e+28,4.8600e+27,2.4346e+28,0.0000e+00,96.9,2.2,0.9
39,5.1623e+29,9.5070e+28,4.0671e+29,7.6100e+27,6.8400e+27,6.0030e+28,3.5040e+28,2.1993e+29,1.8678e+29,4.2200e+27,3.3900e+27,3.4700e+27,3.3700e+27,1.8840e+28,4.2900e+27,1.3874e+08,1.0452e+06,1.2080e+09,3.6220e-06,4.9392e+07,3.6036e+05,6.1894e+05,6.1666e+05,18.4,78.8,1.5,1.3,5.1629e+29,5.0035e+29,1.1330e+28,4.6100e+27,2.4097e+28,0.0000e+00,96.9,2.2,0.9
40,5.1462e+29,9.4110e+28,4.0629e+29,7.5000e+27,6.7200e+27,5.9590e+28,3.4520e+28,2.1309e+29,1.9320e+29,4.2100e+27,3.2900e+27,3.3600e+27,3.3600e+27,1.9750e+28,4.0100e+27,1.3797e+08,9.2601e+05,1.2240e+09,4.3388e-06,4.9019e+07,3.1932e+05,6.1664e+05,6.1430e+05,18.3,78.9,1.5,1.3,5.1519e+29,4.9881e+29,1.1330e+28,5.0500e+27,2.4006e+28,0.0000e+00,96.8,2.2,1.0
41,5.1247e+29,9.5010e+28,4.0337e+29,7.2000e+27,6.8900e+27,5.9790e+28,3.5220e+28,2.1460e+29,1.8877e+29,3.9700e+27,3.2300e+27,3.6400e+27,3.2500e+27,1.9340e+28,4.2400e+27,1.3727e+08,8.9373e+05,1.3746e+09,5.2684e-06,4.8249e+07,3.0819e+05,6.1428e+05,6.1189e+05,18.5,78.7,1.4,1.3,5.1311e+29,4.9700e+29,1.0780e+28,5.3300e+27,2.3908e+28,0.0000e+00,96.9,2.1,1.0
42,4.9205e+29,9.4100e+28,3.8386e+29,7.3300e+27,6.7600e+27,5.9480e+28,3.4620e+28,2.0458e+29,1.7928e+29,4.0300e+27,3.3000e+27,3.3600e+27,3.4000e+27,1.9860e+28,4.2500e+27,1.3649e+08,9.8275e+05,1.3142e+09,6.4818e-06,4.7882e+07,3.7531e+05,6.1187e+05,6.0945e+05,19.1,78.0,1.5,1.4,4.9235e+29,4.7729e+29,1.0190e+28,4.8700e+27,2.3645e+28,0.0000e+00,96.9,2.1,1.0
43,4.8619e+29,9.2400e+28,3.7961e+29,7.2900e+27,6.8900e+27,5.8340e+28,3.4060e+28,2.0264e+29,1.7697e+29,3.7900e+27,3.5000e+27,3.4900e+27,3.4000e+27,1.9410e+28,4.3900e+27,1.3578e+08,9.4988e+05,1.2456e+09,8.0633e-06,4.7549e+07,4.0846e+05,6.0943e+05,6.0696e+05,19.0,78.1,1.5,1.4,4.8665e+29,4.7178e+29,9.8600e+27,5.0100e+27,2.3537e+28,0.0000e+00,96.9,2.0,1.0
44,4.8130e+29,9.2620e+28,3.7470e+29,6.9400e+27,7.0400e+27,5.8800e+28,3.3820e+28,2.0142e+29,1.7328e+29,3.5800e+27,3.3600e+27,3.6500e+27,3.3900e+27,2.0120e+28,4.7300e+27,1.3491e+08,9.1010e+05,1.2647e+09,1.0149e-05,4.7526e+07,4.3382e+05,6.0695e+05,6.0445e+05,19.2,77.9,1.4,1.5,4.8136e+29,4.6688e+29,9.4500e+27,5.0300e+27,2.3267e+28,0.0000e+00,97.0,2.0,1.0
45,4.7856e+29,9.0950e+28,3.7355e+29,7.2100e+27,6.8500e+27,5.7830e+28,3.3120e+28,2.0191e+29,1.7164e+29,3.6900e+27,3.5200e+27,3.4100e+27,3.4400e+27,1.9930e+28,4.2500e+27,1.3434e+08,8.9948e+05,1.1767e+09,9.3326e-06,4.7808e+07,3.7492e+05,6.0443e+05,6.0189e+05,19.0,78.1,1.5,1.4,4.7981e+29,4.6515e+29,9.5700e+27,5.0900e+27,2.3148e+28,0.0000e+00,96.9,2.0,1.1
46,4.7091e+29,9.3750e+28,3.6342e+29,6.8500e+27,6.8900e+27,5.9490e+28,3.4260e+28,1.9597e+29,1.6745e+29,3.6400e+27,3.2100e+27,3.3400e+27,3.5500e+27,1.9650e+28,4.3400e+27,1.3372e+08,9.7752e+05,1.1700e+09,6.4011e-06,4.6886e+07,3.8528e+05,6.0187e+05,5.9928e+05,19.9,77.2,1.5,1.5,4.7043e+29,4.5619e+29,9.3800e+27,4.8600e+27,2.3023e+28,0.0000e+00,97.0,2.0,1.0
47,4.5861e+29,9.0280e+28,3.5445e+29,7.0800e+27,6.8000e+27,5.7810e+28,3.2470e+28,1.9138e+29,1.6307e+29,3.8000e+27,3.2800e+27,3.3900e+27,3.4100e+27,1.9380e+28,4.4500e+27,1.3283e+08,9.3528e+05,1.1204e+09,4.2380e-06,4.5745e+07,3.5879e+05,5.9926e+05,5.9663e+05,19.7,77.3,1.5,1.5,4.5945e+29,4.4475e+29,9.3000e+27,5.4000e+27,2.2892e+28,0.0000e+00,96.8,2.0,1.2
48,4.5260e+29,9.0160e+28,3.4877e+29,6.8900e+27,6.7800e+27,5.7210e+28,3.2950e+28,1.9586e+29,1.5291e+29,3.6300e+27,3.2600e+27,3.5100e+27,3.2700e+27,1.9890e+28,4.8100e+27,1.3202e+08,7.7741e+05,1.0872e+09,2.7058e-06,4.4797e+07,3.4919e+05,5.9662e+05,5.9396e+05,19.9,77.1,1.5,1.5,4.5305e+29,4.3884e+29,8.9000e+27,5.3100e+27,2.2608e+28,0.0000e+00,96.9,2.0,1.2
49,4.5398e+29,9.3360e+28,3.4702e+29,6.7200e+27,6.8800e+27,5.9810e+28,3.3550e+28,1.9572e+29,1.5130e+29,3.3000e+27,3.4200e+27,3.2300e+27,3.6500e+27,2.0100e+28,4.4600e+27,1.3113e+08,8.2157e+05,1.2472e+09,1.6534e-06,4.4408e+07,3.4024e+05,5.9395e+05,5.9125e+05,20.6,76.4,1.5,1.5,4.5309e+29,4.3952e+29,8.6800e+27,4.8900e+27,2.2468e+28,0.0000e+00,97.0,1.9,1.1
50,4.5362e+29,9.2990e+28,3.4654e+29,7.2900e+27,6.8000e+27,5.9990e+28,3.3000e+28,1.9650e+29,1.5004e+29,4.0100e+27,3.2800e+27,3.4100e+27,3.3900e+27,2.0240e+28,5.0400e+27,1.3026e+08,9.6322e+05,1.2756e+09,9.6149e-07,4.3966e+07,3.3414e+05,5.9124e+05,5.8850e+05,20.5,76.4,1.6,1.5,4.5446e+29,4.3972e+29,9.4800e+27,5.2600e+27,2.2322e+28,0.0000e+00,96.8,2.1,1.2
51,4.4377e+29,9.2670e+28,3.3770e+29,6.5300e+27,6.8700e+27,6.0400e+28,3.2270e+28,1.8606e+29,1.5164e+29,3.3800e+27,3.1500e+27,3.5700e+27,3.3000e+27,2.0780e+28,5.0200e+27,1.2967e+08,9.8080e+05,1.2329e+09,5.3042e-07,4.2880e+07,3.3804e+05,5.8849e+05,5.8574e+05,20.9,76.1,1.5,1.5,4.4445e+29,4.3025e+29,8.6300e+27,5.5700e+27,2.2030e+28,0.0000e+00,96.8,1.9,1.3
52,4.3539e+29,9.2560e+28,3.2941e+29,6.6000e+27,6.8200e+27,6.0890e+28,3.1670e+28,1.8254e+29,1.4687e+29,3.6800e+27,2.9200e+27,3.4300e+27,3.3900e+27,1.9790e+28,5.1800e+27,1.2909e+08,9.6838e+05,1.2986e+09,2.7305e-07,4.1972e+07,3.3464e+05,5.8572e+05,5.8291e+05,21.3,75.7,1.5,1.6,4.3663e+29,4.2260e+29,8.6700e+27,5.3600e+27,2.2017e+28,0.0000e+00,96.8,2.0,1.2
53,4.3696e+29,9.2300e+28,3.3068e+29,7.0900e+27,6.8900e+27,6.0410e+28,3.1890e+28,1.8569e+29,1.4499e+29,3.6900e+27,3.4000e+27,3.3300e+27,3.5600e+27,2.0760e+28,5.4200e+27,1.2827e+08,9.8217e+05,1.1802e+09,1.3083e-07,4.1381e+07,3.3949e+05,5.8290e+05,5.8008e+05,21.1,75.7,1.6,1.6,4.3616e+29,4.2243e+29,8.2900e+27,5.4400e+27,2.1718e+28,0.0000e+00,96.9,1.9,1.2
54,4.3010e+29,9.1330e+28,3.2537e+29,6.6000e+27,6.8000e+27,5.9410e+28,3.1920e+28,1.8260e+29,1.4277e+29,3.5000e+27,3.1000e+27,3.3600e+27,3.4400e+27,2.0990e+28,5.7600e+27,1.2748e+08,9.5648e+05,1.2233e+09,5.7288e-08,4.0769e+07,3.3080e+05,5.8006e+05,5.7721e+05,21.2,75.6,1.5,1.6,4.2995e+29,4.1640e+29,8.4300e+27,5.1200e+27,2.1555e+28,0.0000e+00,96.8,2.0,1.2
55,4.3286e+29,9.2700e+28,3.2671e+29,6.6800e+27,6.7700e+27,6.1240e+28,3.1460e+28,1.8568e+29,1.4103e+29,3.5600e+27,3.1200e+27,3.1800e+27,3.5900e+27,2.1100e+28,5.7900e+27,1.2692e+08,1.0138e+06,1.2019e+09,2.2642e-08,4.0218e+07,3.5504e+05,5.7719e+05,5.7432e+05,21.4,75.5,1.5,1.6,4.3282e+29,4.1914e+29,8.3400e+27,5.3400e+27,2.1254e+28,0.0000e+00,96.8,1.9,1.2
56,4.3263e+29,9.3580e+28,3.2534e+29,6.7600e+27,6.9500e+27,6.2330e+28,3.1250e+28,1.8600e+29,1.3934e+29,3.4300e+27,3.3300e+27,3.4300e+27,3.5200e+27,2.1520e+28,6.1700e+27,1.2611e+08,9.9591e+05,1.0766e+09,7.7845e-09,4.0205e+07,3.8041e+05,5.7430e+05,5.7139e+05,21.6,75.2,1.6,1.6,4.3303e+29,4.1964e+29,8.0900e+27,5.3000e+27,2.1218e+28,0.0000e+00,96.9,1.9,1.2
57,4.1801e+29,9.2580e+28,3.1231e+29,6.2400e+27,6.8800e+27,6.1080e+28,3.1500e+28,1.7820e+29,1.3411e+29,3.3700e+27,2.8700e+27,3.3400e+27,3.5400e+27,2.0180e+28,5.9600e+27,1.2544e+08,9.5154e+05,1.3627e+09,2.2780e-09,3.9876e+07,4.0835e+05,5.7137e+05,5.6845e+05,22.1,74.7,1.5,1.6,4.1891e+29,4.0584e+29,7.3700e+27,5.7000e+27,2.0912e+28,0.0000e+00,96.9,1.8,1.4
58,4.2087e+29,9.2450e+28,3.1495e+29,6.5200e+27,6.9500e+27,6.1340e+28,3.1110e+28,1.8365e+29,1.3130e+29,3.7200e+27,2.8000e+27,3.5400e+27,3.4100e+27,1.9280e+28,6.1800e+27,1.2461e+08,1.0712e+06,1.2566e+09,5.3039e-10,3.9169e+07,3.8792e+05,5.6843e+05,5.6546e+05,22.0,74.8,1.5,1.7,4.2118e+29,4.0808e+29,7.8400e+27,5.2600e+27,2.0863e+28,0.0000e+00,96.9,1.9,1.2
59,4.0870e+29,8.9770e+28,3.0577e+29,6.3800e+27,6.7800e+27,6.0370e+28,2.9400e+28,1.7586e+29,1.2991e+29,3.1900e+27,3.1900e+27,3.3800e+27,3.4000e+27,1.8300e+28,5.9500e+27,1.2378e+08,9.9585e+05,1.0916e+09,9.2355e-11,3.8665e+07,4.0146e+05,5.6544e+05,5.6246e+05,22.0,74.8,1.6,1.7,4.0836e+29,3.9557e+29,7.5000e+27,5.2900e+27,2.0553e+28,0.0000e+00,96.9,1.8,1.3
60,4.1576e+29,9.2080e+28,3.1030e+29,6.4900e+27,6.8900e+27,6.2460e+28,2.9620e+28,1.8013e+29,1.3017e+29,3.4000e+27,3.0900e+27,3.6700e+27,3.2200e+27,1.9370e+28,6.1100e+27,1.2295e+08,9.4432e+05,1.1868e+09,1.0431e-11,3.8204e+07,4.3220e+05,5.6244e+05,5.5944e+05,22.1,74.6,1.6,1.7,4.1601e+29,4.0359e+29,7.5200e+27,4.9000e+27,2.0368e+28,0.0000e+00,97.0,1.8,1.2
61,4.0131e+29,9.1760e+28,2.9651e+29,6.1600e+27,6.8800e+27,6.2330e+28,2.9430e+28,1.7613e+29,1.2038e+29,3.2600e+27,2.9000e+27,3.2800e+27,3.6000e+27,1.7790e+28,5.3700e+27,1.2220e+08,9.3851e+05,1.0277e+09,5.9386e-13,3.7099e+07,4.0673e+05,5.5942e+05,5.5640e+05,22.9,73.9,1.5,1.7,4.0181e+29,3.8894e+29,7.5800e+27,5.2900e+27,2.0181e+28,0.0000e+00,96.8,1.9,1.3
62,4.0759e+29,9.1930e+28,3.0226e+29,6.5200e+27,6.8800e+27,6.1530e+28,3.0400e+28,1.7539e+29,1.2687e+29,3.3900e+27,3.1300e+27,3.2700e+27,3.6100e+27,1.8270e+28,6.0400e+27,1.2159e+08,9.0067e+05,1.0064e+09,9.6158e-15,3.6301e+07,3.7035e+05,5.5638e+05,5.5334e+05,22.6,74.2,1.6,1.7,4.0741e+29,3.9505e+29,7.1900e+27,5.1700e+27,1.9990e+28,0.0000e+00,97.0,1.8,1.3
63,3.9927e+29,9.1520e+28,2.9436e+29,6.5600e+27,6.8300e+27,6.2770e+28,2.8750e+28,1.7292e+29,1.2144e+29,3.3300e+27,3.2300e+27,3.4300e+27,3.4000e+27,1.8350e+28,5.5900e+27,1.2084e+08,4.2683e+05,1.0574e+09,6.7059e-18,3.6068e+07,4.0652e+05,5.5332e+05,5.5025e+05,22.9,73.7,1.6,1.7,4.0011e+29,3.8740e+29,7.5200e+27,5.1900e+27,1.9796e+28,0.0000e+00,96.8,1.9,1.3
64,4.0038e+29,9.3800e+28,2.9323e+29,6.5100e+27,6.8400e+27,6.3970e+28,2.9830e+28,1.7331e+29,1.1992e+29,3.3200e+27,3.1900e+27,3.4600e+27,3.3800e+27,1.7780e+28,5.4100e+27,1.2015e+08,1.2484e+03,9.7968e+08,1.0054e-20,1.2446e+08,4.2779e+05,5.5023e+05,5.4715e+05,23.4,73.2,1.6,1.7,3.9996e+29,3.8811e+29,6.4700e+27,5.3800e+27,1.9599e+28,0.0000e+00,97.0,1.6,1.3
65,3.9931e+29,9.2400e+28,2.9299e+29,7.1100e+27,6.8100e+27,6.3160e+28,2.9240e+28,1.6514e+29,1.2785e+29,4.3300e+27,2.7800e+27,3.5500e+27,3.2600e+27,1.7650e+28,6.4100e+27,1.1943e+08,1.1988e+05,1.0119e+09,1.0235e-20,1.2395e+08,3.8550e+05,5.4713e+05,5.4403e+05,23.1,73.4,1.8,1.7,3.9985e+29,3.8804e+29,6.5600e+27,5.2500e+27,1.9400e+28,0.0000e+00,97.0,1.6,1.3
66,3.9067e+29,9.1480e+28,2.8521e+29,7.1300e+27,6.8500e+27,6.3100e+28,2.8380e+28,1.6004e+29,1.2517e+29,4.3400e+27,2.7900e+27,3.4200e+27,3.4300e+27,1.8630e+28,5.7400e+27,1.1876e+08,1.0647e+06,9.6114e+08,1.0145e-16,1.2033e+08,3.8787e+05,5.4401e+05,5.4090e+05,23.4,73.0,1.8,1.8,3.8997e+29,3.7837e+29,6.1600e+27,5.4400e+27,1.9199e+28,0.0000e+00,97.0,1.6,1.4
67,3.9723e+29,9.4580e+28,2.8848e+29,7.3100e+27,6.8600e+27,6.5270e+28,2.9310e+28,1.6290e+29,1.2558e+29,4.5700e+27,2.7400e+27,3.6600e+27,3.2000e+27,1.9680e+28,5.9400e+27,1.1808e+08,1.0747e+06,9.4499e+08,5.8461e-14,1.1661e+08,3.7759e+05,5.4088e+05,5.3775e+05,23.8,72.6,1.8,1.7,3.9722e+29,3.8524e+29,6.3800e+27,5.6000e+27,1.8995e+28,0.0000e+00,97.0,1.6,1.4
68,4.0663e+29,9.4760e+28,2.9779e+29,7.1800e+27,6.9000e+27,6.6120e+28,2.8640e+28,1.6869e+29,1.2910e+29,4.2000e+27,2.9800e+27,3.4900e+27,3.4100e+27,1.9110e+28,6.1600e+27,1.1753e+08,9.9740e+05,1.0268e+09,3.1296e-12,1.1319e+08,3.4567e+05,5.3773e+05,5.3457e+05,23.3,73.2,1.8,1.7,4.0738e+29,3.9465e+29,6.9200e+27,5.8100e+27,1.8898e+28,0.0000e+00,96.9,1.7,1.4
69,4.0292e+29,9.5960e+28,2.9263e+29,7.4500e+27,6.8800e+27,6.7660e+28,2.8300e+28,1.6656e+29,1.2607e+29,4.5500e+27,2.9000e+27,3.4300e+27,3.4500e+27,1.9620e+28,6.8000e+27,1.1681e+08,1.0451e+06,9.4804e+08,5.9005e-11,1.0939e+08,3.8366e+05,5.3455e+05,5.3139e+05,23.8,72.6,1.8,1.7,4.0371e+29,3.9225e+29,6.5100e+27,4.9500e+27,1.8580e+28,0.0000e+00,97.2,1.6,1.2
70,3.9636e+29,9.6180e+28,2.8623e+29,7.1100e+27,6.8400e+27,6.8070e+28,2.8110e+28,1.6633e+29,1.1990e+29,4.3100e+27,2.8000e+27,3.4000e+27,3.4400e+27,2.0820e+28,7.6200e+27,1.1624e+08,1.2227e+06,1.1567e+09,5.9697e-10,1.0647e+08,4.2340e+05,5.3138e+05,5.2821e+05,24.3,72.2,1.8,1.7,3.9591e+29,3.8418e+29,6.3100e+27,5.4200e+27,1.8371e+28,0.0000e+00,97.0,1.6,1.4
71,3.9053e+29,9.6220e+28,2.8022e+29,7.2000e+27,6.8900e+27,6.8980e+28,2.7240e+28,1.6133e+29,1.1889e+29,4.2900e+27,2.9100e+27,3.3300e+27,3.5600e+27,1.9920e+28,7.4600e+27,1.1563e+08,1.1198e+06,9.5435e+08,4.0821e-09,1.0417e+08,4.5070e+05,5.2819e+05,5.2502e+05,24.6,71.8,1.8,1.8,3.9069e+29,3.7887e+29,6.5100e+27,5.3100e+27,1.8160e+28,0.0000e+00,97.0,1.7,1.4
72,3.9068e+29,9.7030e+28,2.7960e+29,7.1600e+27,6.8900e+27,6.9710e+28,2.7320e+28,1.6668e+29,1.1292e+29,4.3200e+27,2.8400e+27,3.4400e+27,3.4500e+27,2.0530e+28,8.5900e+27,1.1496e+08,1.1554e+06,9.4646e+08,2.1192e-08,1.0137e+08,4.5126e+05,5.2500e+05,5.2181e+05,24.8,71.6,1.8,1.8,3.9033e+29,3.7883e+29,6.2600e+27,5.2400e+27,1.8051e+28,0.0000e+00,97.1,1.6,1.3
73,3.8863e+29,9.7180e+28,2.7734e+29,7.2300e+27,6.8800e+27,6.9800e+28,2.7380e+28,1.6676e+29,1.1058e+29,4.0600e+27,3.1700e+27,3.1900e+27,3.6900e+27,2.1100e+28,9.1600e+27,1.1442e+08,1.1631e+06,1.0508e+09,9.0894e-08,9.8007e+07,4.2752e+05,5.2179e+05,5.1859e+05,25.0,71.4,1.9,1.8,3.8888e+29,3.7695e+29,6.3800e+27,5.5500e+27,1.7835e+28,0.0000e+00,96.9,1.6,1.4
74,3.9334e+29,9.8590e+28,2.8124e+29,6.7100e+27,6.8000e+27,7.1820e+28,2.6770e+28,1.7109e+29,1.1015e+29,3.9700e+27,2.7400e+27,3.3500e+27,3.4500e+27,2.1490e+28,1.0600e+28,1.1388e+08,1.1687e+06,9.2631e+08,3.3219e-07,9.5602e+07,4.1977e+05,5.1857e+05,5.1538e+05,25.1,71.5,1.7,1.7,3.9320e+29,3.8150e+29,6.2900e+27,5.4100e+27,1.7520e+28,0.0000e+00,97.0,1.6,1.4
75,3.9878e+29,9.9700e+28,2.8556e+29,6.6400e+27,6.8800e+27,7.2720e+28,2.6980e+28,1.7731e+29,1.0825e+29,3.8100e+27,2.8300e+27,3.5000e+27,3.3800e+27,2.2270e+28,1.1790e+28,1.1322e+08,1.1032e+06,8.3714e+08,1.0556e-06,9.3100e+07,4.6269e+05,5.1537e+05,5.1216e+05,25.0,71.6,1.7,1.7,3.9954e+29,3.8726e+29,6.6100e+27,5.6700e+27,1.7403e+28,0.0000e+00,96.9,1.7,1.4
76,3.9068e+29,9.9570e+28,2.7703e+29,7.2300e+27,6.8500e+27,7.3590e+28,2.5980e+28,1.7513e+29,1.0190e+29,4.2400e+27,2.9900e+27,3.4300e+27,3.4200e+27,2.2790e+28,1.2760e+28,1.1256e+08,1.0708e+06,8.5605e+08,3.4201e-07,9.0967e+07,4.7424e+05,5.1214e+05,5.0891e+05,25.5,70.9,1.9,1.8,3.9056e+29,3.7906e+29,6.2600e+27,5.2400e+27,1.7280e+28,0.0000e+00,97.1,1.6,1.3
77,3.9681e+29,1.0186e+29,2.8144e+29,6.7000e+27,6.8100e+27,7.5540e+28,2.6320e+28,1.7856e+29,1.0288e+29,4.0500e+27,2.6500e+27,3.1500e+27,3.6600e+27,2.3310e+28,1.3000e+28,1.1196e+08,1.1363e+06,1.1034e+09,7.4205e-08,8.8601e+07,4.6090e+05,5.0889e+05,5.0569e+05,25.7,70.9,1.7,1.7,3.9654e+29,3.8520e+29,6.2600e+27,5.0800e+27,1.6966e+28,0.0000e+00,97.1,1.6,1.3
78,3.9508e+29,1.0220e+29,2.7905e+29,6.9700e+27,6.8600e+27,7.6330e+28,2.5870e+28,1.7684e+29,1.0221e+29,4.1800e+27,2.7900e+27,3.4000e+27,3.4600e+27,2.3240e+28,1.3590e+28,1.1125e+08,1.2658e+06,8.8444e+08,1.1752e-08,8.6089e+07,4.3601e+05,5.0567e+05,5.0244e+05,25.9,70.6,1.8,1.7,3.9549e+29,3.8393e+29,6.2100e+27,5.3500e+27,1.6840e+28,0.0000e+00,97.1,1.6,1.4
79,3.9647e+29,1.0076e+29,2.8231e+29,6.6100e+27,6.7900e+27,7.5990e+28,2.4770e+28,1.8065e+29,1.0166e+29,3.9100e+27,2.7000e+27,3.5700e+27,3.2200e+27,2.3810e+28,1.3000e+28,1.1074e+08,1.1895e+06,9.6302e+08,1.2061e-09,8.4590e+07,4.5767e+05,5.0243e+05,4.9922e+05,25.4,71.2,1.7,1.7,3.9647e+29,3.8515e+29,5.9300e+27,5.3900e+27,1.6530e+28,0.0000e+00,97.1,1.5,1.4
80,3.8516e+29,1.0308e+29,2.6844e+29,6.7700e+27,6.8700e+27,7.7920e+28,2.5160e+28,1.7643e+29,9.2010e+28,3.9300e+27,2.8400e+27,3.6800e+27,3.1900e+27,2.2380e+28,1.1720e+28,1.1014e+08,1.1662e+06,9.7032e+08,5.9971e-11,8.2092e+07,5.0369e+05,4.9921e+05,4.9599e+05,26.8,69.7,1.8,1.8,3.8560e+29,3.7422e+29,5.9700e+27,5.4100e+27,1.6400e+28,0.0000e+00,97.0,1.5,1.4
81,3.9814e+29,1.0366e+29,2.8090e+29,6.7400e+27,6.8400e+27,7.8270e+28,2.5390e+28,1.8416e+29,9.6740e+28,4.0200e+27,2.7200e+27,3.4400e+27,3.4000e+27,2.0750e+28,1.0970e+28,1.0968e+08,1.1527e+06,1.1164e+09,7.6773e-13,7.9976e+07,4.7935e+05,4.9597e+05,4.9274e+05,26.0,70.6,1.7,1.7,3.9779e+29,3.8698e+29,5.7500e+27,5.0600e+27,1.6267e+28,0.0000e+00,97.3,1.4,1.3
82,3.9540e+29,1.0582e+29,2.7590e+29,6.8300e+27,6.8500e+27,8.1590e+28,2.4230e+28,1.8300e+29,9.2900e+28,4.0800e+27,2.7500e+27,3.7000e+27,3.1500e+27,2.0450e+28,1.1300e+28,1.0903e+08,5.5364e+05,9.7171e+08,3.0050e-16,7.7567e+07,4.5111e+05,4.9272e+05,4.8950e+05,26.8,69.8,1.7,1.7,3.9586e+29,3.8424e+29,6.2600e+27,5.3600e+27,1.6045e+28,0.0000e+00,97.1,1.6,1.4
83,3.8700e+29,1.0466e+29,2.6847e+29,7.1300e+27,6.7400e+27,8.0470e+28,2.4190e+28,1.7726e+29,9.1210e+28,4.4100e+27,2.7200e+27,3.4100e+27,3.3300e+27,1.9880e+28,1.1380e+28,1.0841e+08,1.0494e+03,7.8575e+08,1.0008e-20,1.1948e+08,5.0933e+05,4.8948e+05,4.8629e+05,27.0,69.4,1.8,1.7,3.8690e+29,3.7628e+29,5.9200e+27,4.7000e+27,1.5741e+28,0.0000e+00,97.3,1.5,1.2
84,3.9224e+29,1.0561e+29,2.7169e+29,7.9300e+27,7.0100e+27,8.0820e+28,2.4790e+28,1.7430e+29,9.7390e+28,5.3200e+27,2.6100e+27,3.5000e+27,3.5100e+27,2.0070e+28,1.1530e+28,1.0802e+08,2.2275e+05,9.5739e+08,1.0964e-20,1.1906e+08,5.2418e+05,4.8627e+05,4.8305e+05,26.9,69.3,2.0,1.8,3.9227e+29,3.8054e+29,6.0100e+27,5.7200e+27,1.5687e+28,0.0000e+00,97.0,1.5,1.5
85,3.9587e+29,1.0758e+29,2.7350e+29,7.8800e+27,6.9100e+27,8.3240e+28,2.4340e+28,1.7703e+29,9.6470e+28,5.2600e+27,2.6200e+27,3.5000e+27,3.4100e+27,2.0790e+28,1.1470e+28,1.0775e+08,1.2626e+06,8.2109e+08,1.5347e-14,1.1569e+08,5.2905e+05,4.8303e+05,4.7984e+05,27.2,69.1,2.0,1.7,3.9605e+29,3.8447e+29,5.8800e+27,5.7000e+27,1.5385e+28,0.0000e+00,97.1,1.5,1.4
86,3.9136e+29,1.0887e+29,2.6814e+29,7.4800e+27,6.8700e+27,8.5400e+28,2.3470e+28,1.7740e+29,9.0740e+28,4.9200e+27,2.5600e+27,3.4600e+27,3.4100e+27,2.1730e+28,1.1040e+28,1.0723e+08,1.2841e+06,9.8071e+08,7.4034e-12,1.1254e+08,5.0536e+05,4.7982e+05,4.7663e+05,27.8,68.5,1.9,1.8,3.9148e+29,3.8038e+29,5.8500e+27,5.2500e+27,1.5246e+28,0.0000e+00,97.2,1.5,1.3
87,4.0223e+29,1.0965e+29,2.7809e+29,7.5600e+27,6.9300e+27,8.6220e+28,2.3430e+28,1.8435e+29,9.3740e+28,5.0700e+27,2.4900e+27,3.4100e+27,3.5200e+27,2.2130e+28,1.0780e+28,1.0672e+08,1.3274e+06,9.6214e+08,3.6006e-10,1.0888e+08,4.8562e+05,4.7661e+05,4.7341e+05,27.3,69.1,1.9,1.7,4.0177e+29,3.9096e+29,5.7700e+27,5.0400e+27,1.5104e+28,0.0000e+00,97.3,1.4,1.3
88,4.0338e+29,1.1038e+29,2.7849e+29,7.5200e+27,6.9900e+27,8.7750e+28,2.2630e+28,1.8952e+29,8.8970e+28,4.9700e+27,2.5500e+27,3.5600e+27,3.4300e+27,2.1130e+28,1.1380e+28,1.0627e+08,1.3928e+06,1.1394e+09,6.1970e-09,1.0540e+08,5.2159e+05,4.7339e+05,4.7020e+05,27.4,69.0,1.9,1.7,4.0313e+29,3.9234e+29,5.8400e+27,4.9500e+27,1.4884e+28,0.0000e+00,97.3,1.4,1.2
89,4.1273e+29,1.1179e+29,2.8649e+29,7.4700e+27,6.9800e+27,8.8560e+28,2.3230e+28,1.9323e+29,9.3260e+28,5.1500e+27,2.3200e+27,3.4900e+27,3.4900e+27,2.1790e+28,1.1060e+28,1.0586e+08,1.3935e+06,7.6434e+08,5.8136e-08,1.0245e+08,4.8051e+05,4.7019e+05,4.6702e+05,27.1,69.4,1.8,1.7,4.1307e+29,4.0170e+29,5.9800e+27,5.3900e+27,1.4665e+28,0.0000e+00,97.2,1.4,1.3
90,4.1708e+29,1.1414e+29,2.8878e+29,7.3100e+27,6.8500e+27,9.1310e+28,2.2830e+28,2.0028e+29,8.8500e+28,4.8200e+27,2.4900e+27,3.6000e+27,3.2500e+27,2.3370e+28,1.2810e+28,1.0535e+08,1.5167e+06,8.8902e+08,2.2302e-07,9.9693e+07,5.2313e+05,4.6700e+05,4.6385e+05,27.4,69.2,1.8,1.6,4.1731e+29,4.0640e+29,5.5500e+27,5.3600e+27,1.4449e+28,0.0000e+00,97.4,1.3,1.3
91,4.1741e+29,1.1435e+29,2.8852e+29,7.6600e+27,6.8800e+27,9.2170e+28,2.2180e+28,2.0222e+29,8.6300e+28,5.0500e+27,2.6100e+27,3.6200e+27,3.2600e+27,2.3690e+28,1.3820e+28,1.0502e+08,1.5958e+06,7.7246e+08,2.6117e-08,9.7079e+07,5.5104e+05,4.6383e+05,4.6068e+05,27.4,69.1,1.8,1.6,4.1674e+29,4.0539e+29,6.0900e+27,5.2600e+27,1.4306e+28,0.0000e+00,97.3,1.5,1.3
92,4.2023e+29,1.1457e+29,2.9136e+29,7.3400e+27,6.9600e+27,9.3910e+28,2.0660e+28,2.1154e+29,7.9820e+28,4.7200e+27,2.6200e+27,3.3500e+27,3.6100e+27,2.4150e+28,1.6060e+28,1.0462e+08,1.6369e+06,8.2150e+08,1.6216e-09,9.4431e+07,5.7135e+05,4.6067e+05,4.5752e+05,27.3,69.3,1.7,1.7,4.2125e+29,4.0988e+29,6.1100e+27,5.2600e+27,1.4161e+28,0.0000e+00,97.3,1.5,1.2
93,4.2307e+29,1.1779e+29,2.9040e+29,7.9400e+27,6.9400e+27,9.7350e+28,2.0440e+28,2.0928e+29,8.1120e+28,4.9600e+27,2.9800e+27,3.4100e+27,3.5300e+27,2.3040e+28,1.3500e+28,1.0423e+08,1.2938e+06,9.3563e+08,3.3914e-11,9.1916e+07,5.7099e+05,4.5750e+05,4.5437e+05,27.8,68.6,1.9,1.6,4.2264e+29,4.1236e+29,5.3200e+27,4.9600e+27,1.3946e+28,0.0000e+00,97.6,1.3,1.2
94,4.3291e+29,1.1848e+29,2.9954e+29,7.9600e+27,6.9300e+27,9.8280e+28,2.0200e+28,2.1926e+29,8.0280e+28,4.8600e+27,3.1000e+27,3.1900e+27,3.7400e+27,2.1390e+28,1.0420e+28,1.0374e+08,6.9136e+05,1.0281e+09,6.0223e-14,8.9140e+07,5.8018e+05,4.5436e+05,4.5125e+05,27.4,69.2,1.8,1.6,4.3296e+29,4.2187e+29,5.9000e+27,5.1900e+27,1.3733e+28,0.0000e+00,97.4,1.4,1.2
95,4.3247e+29,1.1960e+29,2.9864e+29,7.3300e+27,6.9000e+27,9.9200e+28,2.0400e+28,2.2226e+29,7.6380e+28,4.6700e+27,2.6600e+27,3.6600e+27,3.2400e+27,2.0200e+28,1.0040e+28,1.0389e+08,7.8214e+04,7.7251e+08,1.1589e-20,8.6600e+07,5.8001e+05,4.5124e+05,4.4814e+05,27.7,69.1,1.7,1.6,4.3210e+29,4.2119e+29,5.9800e+27,4.9300e+27,1.3589e+28,0.0000e+00,97.5,1.4,1.1
96,4.3272e+29,1.2064e+29,2.9615e+29,8.9800e+27,6.9500e+27,1.0073e+29,1.9910e+28,2.1384e+29,8.2310e+28,6.3800e+27,2.6000e+27,3.7300e+27,3.2200e+27,2.0310e+28,9.8000e+27,1.0440e+08,5.8895e+02,9.5241e+08,1.0185e-20,1.2147e+08,6.0264e+05,4.4812e+05,4.4503e+05,27.9,68.4,2.1,1.6,4.3285e+29,4.2168e+29,5.8800e+27,5.2900e+27,1.3443e+28,0.0000e+00,97.4,1.4,1.2
97,4.3756e+29,1.2364e+29,2.9795e+29,9.0000e+27,6.9700e+27,1.0355e+29,2.0090e+28,2.1610e+29,8.1850e+28,6.2200e+27,2.7800e+27,3.6200e+27,3.3500e+27,2.0860e+28,1.0860e+28,1.0497e+08,1.0261e+06,8.3553e+08,6.7561e-15,1.1866e+08,5.8046e+05,4.4502e+05,4.4195e+05,28.3,68.1,2.1,1.6,4.3778e+29,4.2637e+29,5.9000e+27,5.5100e+27,1.3233e+28,0.0000e+00,97.4,1.3,1.3
98,4.4502e+29,1.2590e+29,3.0303e+29,9.2000e+27,6.8900e+27,1.0526e+29,2.0640e+28,2.2001e+29,8.3020e+28,6.3000e+27,2.9000e+27,3.3200e+27,3.5700e+27,1.9920e+28,1.1110e+28,1.0538e+08,1.6675e+06,8.2896e+08,1.3942e-11,1.1534e+08,5.7728e+05,4.4193e+05,4.3889e+05,28.3,68.1,2.1,1.5,4.4471e+29,4.3373e+29,5.5300e+27,5.4500e+27,1.3026e+28,0.0000e+00,97.5,1.2,1.2
99,4.4881e+29,1.2698e+29,3.0548e+29,9.4400e+27,6.9100e+27,1.0677e+29,2.0210e+28,2.2550e+29,7.9980e+28,6.7300e+27,2.7100e+27,3.4300e+27,3.4800e+27,2.0900e+28,1.0350e+28,1.0591e+08,1.6878e+06,7.7920e+08,1.0808e-09,1.1205e+08,5.9297e+05,4.3888e+05,4.3585e+05,28.3,68.1,2.1,1.5,4.4847e+29,4.3705e+29,6.0400e+27,5.3800e+27,1.2883e+28,0.0000e+00,97.5,1.3,1.2
100,4.5419e+29,1.3016e+29,3.0859e+29,8.6000e+27,6.8400e+27,1.1029e+29,1.9870e+28,2.3019e+29,7.8400e+28,5.8900e+27,2.7100e+27,3.3100e+27,3.5300e+27,2.1750e+28,9.8900e+27,1.0657e+08,1.6912e+06,9.4797e+08,2.3320e-08,1.0909e+08,5.9900e+05,4.3583e+05,4.3282e+05,28.7,67.9,1.9,1.5,4.5461e+29,4.4275e+29,6.0300e+27,5.8300e+27,1.2739e+28,0.0000e+00,97.4,1.3,1.3
101,4.5585e+29,1.3084e+29,3.0931e+29,8.7800e+27,6.9200e+27,1.1174e+29,1.9100e+28,2.3292e+29,7.6390e+28,6.2500e+27,2.5300e+27,3.5900e+27,3.3300e+27,2.2050e+28,1.1000e+28,1.0704e+08,1.6170e+06,8.3522e+08,3.0852e-08,1.0591e+08,6.3233e+05,4.3280e+05,4.2981e+05,28.7,67.9,1.9,1.5,4.5589e+29,4.4492e+29,5.5300e+27,5.4400e+27,1.2537e+28,0.0000e+00,97.6,1.2,1.2
102,4.6511e+29,1.3327e+29,3.1641e+29,8.5600e+27,6.8700e+27,1.1393e+29,1.9340e+28,2.4047e+29,7.5940e+28,5.9200e+27,2.6400e+27,3.4400e+27,3.4300e+27,2.1850e+28,1.0920e+28,1.0756e+08,1.1870e+06,8.2501e+08,1.3081e-09,1.0298e+08,6.1072e+05,4.2980e+05,4.2684e+05,28.7,68.0,1.8,1.5,4.6489e+29,4.5379e+29,6.0000e+27,5.1000e+27,1.2338e+28,0.0000e+00,97.6,1.3,1.1
103,4.8095e+29,1.3675e+29,3.2841e+29,8.8000e+27,6.9900e+27,1.1746e+29,1.9290e+28,2.5555e+29,7.2860e+28,6.0500e+27,2.7500e+27,3.4800e+27,3.5100e+27,2.3010e+28,1.0560e+28,1.0808e+08,7.4901e+05,1.1700e+09,1.2128e-11,1.0018e+08,6.1538e+05,4.2683e+05,4.2387e+05,28.4,68.3,1.8,1.5,4.8124e+29,4.6994e+29,6.1200e+27,5.1800e+27,1.2253e+28,0.0000e+00,97.7,1.3,1.1
104,4.8635e+29,1.3602e+29,3.3490e+29,8.4700e+27,6.9600e+27,1.1777e+29,1.8250e+28,2.6297e+29,7.1930e+28,6.0300e+27,2.4400e+27,3.6200e+27,3.3400e+27,1.8800e+28,7.6500e+27,1.0860e+08,3.0945e+05,1.1527e+09,1.6914e-15,9.7630e+07,6.8019e+05,4.2385e+05,4.2093e+05,28.0,68.9,1.7,1.4,4.8559e+29,4.7479e+29,6.0000e+27,4.8000e+27,1.2056e+28,0.0000e+00,97.8,1.2,1.0
105,4.8108e+29,1.3884e+29,3.2582e+29,9.5800e+27,6.8400e+27,1.1998e+29,1.8860e+28,2.5542e+29,7.0400e+28,6.6300e+27,2.9500e+27,3.4700e+27,3.3700e+27,1.8190e+28,7.2600e+27,1.0934e+08,3.8807e+02,9.8372e+08,1.0150e-20,1.2964e+08,6.4744e+05,4.2091e+05,4.1802e+05,28.9,67.7,2.0,1.4,4.8130e+29,4.6987e+29,6.2700e+27,5.1600e+27,1.1863e+28,0.0000e+00,97.6,1.3,1.1
106,5.0122e+29,1.4242e+29,3.4128e+29,1.0500e+28,7.0200e+27,1.2348e+29,1.8940e+28,2.6608e+29,7.5200e+28,8.0400e+27,2.4600e+27,3.2300e+27,3.7900e+27,1.9350e+28,7.7500e+27,1.1014e+08,2.7518e+05,8.9294e+08,7.7633e-19,1.2878e+08,6.5981e+05,4.1800e+05,4.1511e+05,28.4,68.1,2.1,1.4,5.0148e+29,4.8954e+29,6.2500e+27,5.6900e+27,1.1777e+28,0.0000e+00,97.6,1.2,1.1
107,5.0845e+29,1.4471e+29,3.4639e+29,1.0410e+28,6.9400e+27,1.2617e+29,1.8540e+28,2.7724e+29,6.9150e+28,7.8200e+27,2.5900e+27,3.5300e+27,3.4100e+27,1.9750e+28,8.6000e+27,1.1063e+08,1.2054e+06,8.2102e+08,1.1637e-12,1.2524e+08,6.2974e+05,4.1510e+05,4.1226e+05,28.5,68.1,2.0,1.4,5.0817e+29,4.9618e+29,6.2400e+27,5.7500e+27,1.1536e+28,0.0000e+00,97.6,1.2,1.1
108,5.1105e+29,1.4419e+29,3.4912e+29,1.0790e+28,6.9500e+27,1.2610e+29,1.8090e+28,2.8163e+29,6.7490e+28,8.1500e+27,2.6400e+27,3.4100e+27,3.5400e+27,1.8780e+28,8.5000e+27,1.1122e+08,1.3862e+06,7.6819e+08,3.6291e-10,1.2205e+08,6.1079e+05,4.1224e+05,4.0941e+05,28.2,68.3,2.1,1.4,5.1083e+29,4.9927e+29,6.1900e+27,5.3700e+27,1.1451e+28,0.0000e+00,97.7,1.2,1.1
109,5.1282e+29,1.4786e+29,3.4702e+29,1.0960e+28,6.9800e+27,1.3009e+29,1.7770e+28,2.8161e+29,6.5410e+28,7.9600e+27,3.0000e+27,3.5500e+27,3.4300e+27,2.0350e+28,9.0100e+27,1.1251e+08,1.1016e+06,7.2639e+08,1.4506e-08,1.1881e+08,6.6079e+05,4.0940e+05,4.0660e+05,28.8,67.7,2.1,1.4,5.1303e+29,5.0053e+29,6.5900e+27,5.9100e+27,1.1266e+28,0.0000e+00,97.6,1.3,1.2
110,5.2713e+29,1.5079e+29,3.5832e+29,1.1030e+28,6.9900e+27,1.3347e+29,1.7320e+28,2.9171e+29,6.6610e+28,8.2400e+27,2.7900e+27,3.7100e+27,3.2800e+27,2.1050e+28,8.9000e+27,1.1384e+08,8.0662e+05,9.3154e+08,3.3543e-09,1.1581e+08,6.7568e+05,4.0658e+05,4.0380e+05,28.6,68.0,2.1,1.3,5.2696e+29,5.1515e+29,6.3800e+27,5.4300e+27,1.1132e+28,0.0000e+00,97.8,1.2,1.0
111,5.2774e+29,1.5207e+29,3.5837e+29,1.0340e+28,6.9600e+27,1.3397e+29,1.8100e+28,2.9803e+29,6.0340e+28,7.5900e+27,2.7500e+27,3.2900e+27,3.6700e+27,2.0070e+28,8.4400e+27,1.1518e+08,5.1156e+05,8.1629e+08,3.2839e-11,1.1299e+08,6.8092e+05,4.0379e+05,4.0105e+05,28.8,67.9,2.0,1.3,5.2771e+29,5.1659e+29,6.3000e+27,4.8200e+27,1.0952e+28,0.0000e+00,97.9,1.2,0.9
112,5.3273e+29,1.5580e+29,3.5944e+29,1.0550e+28,6.9400e+27,1.3873e+29,1.7070e+28,2.9856e+29,6.0880e+28,8.0000e+27,2.5500e+27,3.4300e+27,3.5100e+27,1.8640e+28,6.7300e+27,1.1648e+08,2.1467e+05,8.2748e+08,5.3649e-15,1.1012e+08,6.6762e+05,4.0104e+05,3.9832e+05,29.2,67.5,2.0,1.3,5.3274e+29,5.2120e+29,6.3100e+27,5.2300e+27,1.0823e+28,0.0000e+00,97.8,1.2,1.0
113,5.6122e+29,1.5967e+29,3.8333e+29,1.1270e+28,6.9500e+27,1.4253e+29,1.7140e+28,3.2141e+29,6.1920e+28,8.3500e+27,2.9200e+27,3.5700e+27,3.3800e+27,1.7520e+28,5.8700e+27,1.1798e+08,7.4265e+02,9.2476e+08,1.0045e-20,1.4483e+08,6.6811e+05,3.9830e+05,3.9561e+05,28.5,68.3,2.0,1.2,5.6055e+29,5.4892e+29,6.9100e+27,4.7200e+27,1.0694e+28,0.0000e+00,97.9,1.2,0.8
114,5.5846e+29,1.6079e+29,3.7677e+29,1.3880e+28,7.0200e+27,1.4349e+29,1.7300e+28,3.1107e+29,6.5700e+28,1.0890e+28,2.9900e+27,3.4100e+27,3.6100e+27,1.7310e+28,6.1700e+27,1.1932e+08,2.1514e+05,1.0217e+09,9.4144e-19,1.4375e+08,6.8466e+05,3.9560e+05,3.9293e+05,28.8,67.5,2.5,1.3,5.5918e+29,5.4639e+29,6.6600e+27,6.1300e+27,1.0566e+28,0.0000e+00,97.7,1.2,1.1
115,5.7067e+29,1.6495e+29,3.8504e+29,1.3730e+28,6.9500e+27,1.4733e+29,1.7620e+28,3.2164e+29,6.3400e+28,1.0910e+28,2.8200e+27,3.7100e+27,3.2400e+27,1.7920e+28,7.1100e+27,1.2068e+08,9.9063e+05,9.6801e+08,2.3853e-12,1.3958e+08,6.8715e+05,3.9292e+05,3.9029e+05,28.9,67.5,2.4,1.2,5.6978e+29,5.5731e+29,6.9000e+27,5.5700e+27,1.0396e+28,0.0000e+00,97.8,1.2,1.0
116,5.9037e+29,1.6715e+29,4.0265e+29,1.3630e+28,6.9400e+27,1.5069e+29,1.6460e+28,3.4232e+29,6.0330e+28,1.0780e+28,2.8500e+27,3.5300e+27,3.4100e+27,1.8170e+28,7.4700e+27,1.2195e+08,8.6664e+05,8.6814e+08,8.0861e-10,1.3572e+08,7.2041e+05,3.9028e+05,3.8767e+05,28.3,68.2,2.3,1.2,5.9083e+29,5.7754e+29,7.4600e+27,5.8300e+27,1.0273e+28,0.0000e+00,97.8,1.3,1.0
117,6.0052e+29,1.7130e+29,4.0833e+29,1.3920e+28,6.9700e+27,1.5484e+29,1.6460e+28,3.4644e+29,6.1890e+28,1.1010e+28,2.9100e+27,3.5900e+27,3.3800e+27,1.8930e+28,7.5800e+27,1.2339e+08,6.3593e+05,1.3564e+09,7.9309e-09,1.3241e+08,7.5798e+05,3.8766e+05,3.8510e+05,28.5,68.0,2.3,1.2,5.9994e+29,5.8716e+29,7.1700e+27,5.6100e+27,1.0109e+28,0.0000e+00,97.9,1.2,0.9
118,6.0727e+29,1.7196e+29,4.1426e+29,1.4020e+28,7.0300e+27,1.5633e+29,1.5630e+28,3.5520e+29,5.9060e+28,1.1120e+28,2.9000e+27,3.5100e+27,3.5200e+27,1.9170e+28,7.7500e+27,1.2470e+08,4.0512e+05,8.5260e+08,7.9035e-11,1.2902e+08,7.2110e+05,3.8509e+05,3.8255e+05,28.3,68.2,2.3,1.2,6.0775e+29,5.9509e+29,6.8500e+27,5.8100e+27,9.9900e+27,0.0000e+00,97.9,1.1,1.0
119,6.2228e+29,1.7660e+29,4.2548e+29,1.3240e+28,6.9600e+27,1.6089e+29,1.5710e+28,3.6534e+29,6.0140e+28,1.0390e+28,2.8500e+27,3.4200e+27,3.5400e+27,1.7690e+28,6.0700e+27,1.2664e+08,1.7270e+05,8.9945e+08,1.3914e-14,1.2530e+08,6.9870e+05,3.8254e+05,3.8003e+05,28.4,68.4,2.1,1.1,6.2086e+29,6.0842e+29,7.3600e+27,5.0800e+27,9.8724e+27,0.0000e+00,98.0,1.2,0.8
120,6.2948e+29,1.7962e+29,4.2914e+29,1.3660e+28,7.0600e+27,1.6365e+29,1.5970e+28,3.7512e+29,5.4020e+28,1.0910e+28,2.7500e+27,3.5100e+27,3.5500e+27,1.6950e+28,5.2600e+27,1.2844e+08,2.9004e+02,9.5611e+08,1.0068e-20,1.5323e+08,6.9862e+05,3.8002e+05,3.7754e+05,28.5,68.2,2.2,1.1,6.2982e+29,6.1735e+29,6.9900e+27,5.4800e+27,9.7563e+27,0.0000e+00,98.0,1.1,0.9
121,6.4684e+29,1.8096e+29,4.4173e+29,1.7060e+28,7.0900e+27,1.6405e+29,1.6910e+28,3.8129e+29,6.0440e+28,1.4020e+28,3.0400e+27,3.4100e+27,3.6800e+27,1.6300e+28,5.1700e+27,1.3023e+08,1.6400e+05,9.8491e+08,1.1401e-18,1.5192e+08,7.2847e+05,3.7753e+05,3.7509e+05,28.0,68.3,2.6,1.1,6.4643e+29,6.3212e+29,7.7900e+27,6.5200e+27,9.6418e+27,0.0000e+00,97.8,1.2,1.0
122,6.6296e+29,1.8550e+29,4.5325e+29,1.7190e+28,7.0200e+27,1.6867e+29,1.6830e+28,3.9362e+29,5.9630e+28,1.4220e+28,2.9700e+27,3.7600e+27,3.2600e+27,1.7020e+28,5.7100e+27,1.3208e+08,6.9867e+05,9.8348e+08,4.1713e-12,1.4749e+08,7.3549e+05,3.7508e+05,3.7267e+05,28.0,68.4,2.6,1.1,6.6266e+29,6.4793e+29,7.9600e+27,6.7700e+27,9.4914e+27,0.0000e+00,97.8,1.2,1.0
123,6.7013e+29,1.8484e+29,4.6067e+29,1.7600e+28,7.0200e+27,1.6824e+29,1.6600e+28,3.9940e+29,6.1270e+28,1.4260e+28,3.3400e+27,3.5400e+27,3.4800e+27,1.7360e+28,6.2300e+27,1.3383e+08,5.2698e+05,8.8974e+08,1.4751e-09,1.4343e+08,7.3202e+05,3.7266e+05,3.7029e+05,27.6,68.7,2.6,1.0,6.6982e+29,6.5577e+29,7.9100e+27,6.1400e+27,9.3449e+27,0.0000e+00,97.9,1.2,0.9
124,6.9304e+29,1.9235e+29,4.7666e+29,1.7050e+28,6.9800e+27,1.7590e+29,1.6450e+28,4.1799e+29,5.8670e+28,1.3900e+28,3.1500e+27,3.5400e+27,3.4400e+27,1.7100e+28,6.7700e+27,1.3541e+08,3.5390e+05,1.1296e+09,6.2047e-10,1.3931e+08,7.2358e+05,3.7028e+05,3.6794e+05,27.8,68.8,2.5,1.0,6.9319e+29,6.7870e+29,7.9700e+27,6.5200e+27,9.2746e+27,0.0000e+00,97.9,1.1,0.9
125,6.9693e+29,1.9288e+29,4.8126e+29,1.5760e+28,7.0300e+27,1.7663e+29,1.6250e+28,4.2200e+29,5.9260e+28,1.2930e+28,2.8300e+27,3.2900e+27,3.7400e+27,1.6960e+28,5.8200e+27,1.3716e+08,1.8043e+05,1.1742e+09,6.6364e-13,1.3605e+08,7.6949e+05,3.6793e+05,3.6563e+05,27.7,69.1,2.3,1.0,6.9661e+29,6.8250e+29,7.7400e+27,6.3700e+27,9.1331e+27,0.0000e+00,98.0,1.1,0.9
126,7.0858e+29,1.9770e+29,4.8730e+29,1.6560e+28,7.0200e+27,1.8208e+29,1.5620e+28,4.3504e+29,5.2260e+28,1.3300e+28,3.2600e+27,3.7300e+27,3.2900e+27,1.5840e+28,4.7700e+27,1.3884e+08,5.4884e+03,8.6901e+08,1.0008e-20,1.3289e+08,7.4462e+05,3.6562e+05,3.6335e+05,27.9,68.8,2.3,1.0,7.0896e+29,6.9478e+29,8.1700e+27,6.0100e+27,9.0303e+27,0.0000e+00,98.0,1.2,0.8
127,7.2967e+29,1.9927e+29,5.0062e+29,2.2730e+28,7.0500e+27,1.8268e+29,1.6590e+28,4.4121e+29,5.9410e+28,1.9140e+28,3.5900e+27,3.6300e+27,3.4200e+27,1.5450e+28,4.5900e+27,1.4038e+08,3.6176e+01,1.2832e+09,1.0667e-20,1.6875e+08,7.7011e+05,3.6334e+05,3.6111e+05,27.3,68.6,3.1,1.0,7.2914e+29,7.1354e+29,8.0900e+27,7.5100e+27,8.9293e+27,0.0000e+00,97.9,1.1,1.0
128,7.4284e+29,2.0435e+29,5.0936e+29,2.2140e+28,6.9900e+27,1.8721e+29,1.7140e+28,4.5203e+29,5.7330e+28,1.8690e+28,3.4500e+27,3.3800e+27,3.6100e+27,1.5320e+28,4.6300e+27,1.4193e+08,5.0901e+05,1.0493e+09,4.4401e-13,1.6418e+08,7.7710e+05,3.6110e+05,3.5891e+05,27.5,68.6,3.0,0.9,7.4261e+29,7.2658e+29,8.4700e+27,7.5600e+27,8.7967e+27,0.0000e+00,97.8,1.1,1.0
129,7.6317e+29,2.0831e+29,5.2535e+29,2.2620e+28,6.8900e+27,1.9219e+29,1.6120e+28,4.6909e+29,5.6260e+28,1.9320e+28,3.3000e+27,3.6200e+27,3.2700e+27,1.5900e+28,5.5000e+27,1.4353e+08,4.3351e+05,1.0163e+09,5.5821e-10,1.5964e+08,8.0053e+05,3.5890e+05,3.5674e+05,27.3,68.8,3.0,0.9,7.6272e+29,7.4592e+29,9.1200e+27,7.6800e+27,8.7009e+27,0.0000e+00,97.8,1.2,1.0
130,7.6828e+29,2.0742e+29,5.3237e+29,2.1440e+28,7.0500e+27,1.9091e+29,1.6510e+28,4.7845e+29,5.3920e+28,1.7930e+28,3.5100e+27,3.4700e+27,3.5800e+27,1.6160e+28,5.8900e+27,1.4495e+08,2.8165e+05,9.5861e+08,2.3823e-10,1.5572e+08,8.5954e+05,3.5673e+05,3.5462e+05,27.0,69.3,2.8,0.9,7.6839e+29,7.5235e+29,9.1200e+27,6.9200e+27,8.5747e+27,0.0000e+00,97.9,1.2,0.9
131,7.8833e+29,2.1381e+29,5.4561e+29,2.1890e+28,7.0200e+27,1.9746e+29,1.6350e+28,4.8995e+29,5.5660e+28,1.8260e+28,3.6300e+27,3.4800e+27,3.5400e+27,1.6450e+28,5.1700e+27,1.4643e+08,1.2655e+05,1.1019e+09,7.1939e-14,1.5178e+08,8.4908e+05,3.5461e+05,3.5253e+05,27.1,69.2,2.8,0.9,7.8787e+29,7.7188e+29,8.7800e+27,7.2100e+27,8.4840e+27,0.0000e+00,98.0,1.1,0.9
132,7.9520e+29,2.1546e+29,5.4942e+29,2.3200e+28,7.1200e+27,1.9878e+29,1.6680e+28,4.9686e+29,5.2560e+28,1.9660e+28,3.5400e+27,3.3000e+27,3.8200e+27,1.4510e+28,4.5100e+27,1.4811e+08,2.7795e+02,9.7743e+08,1.0022e-20,1.9276e+08,8.1958e+05,3.5252e+05,3.5048e+05,27.1,69.1,2.9,0.9,7.9551e+29,7.7906e+29,9.3100e+27,7.1400e+27,8.3953e+27,0.0000e+00,97.9,1.2,0.9
133,8.3613e+29,2.2187e+29,5.7605e+29,3.1010e+28,7.2000e+27,2.0415e+29,1.7720e+28,5.1330e+29,6.2750e+28,2.7460e+28,3.5500e+27,3.6400e+27,3.5600e+27,1.4350e+28,3.9600e+27,1.4968e+08,8.9790e+04,1.0436e+09,1.0122e-19,1.9165e+08,8.2613e+05,3.5047e+05,3.4846e+05,26.5,68.9,3.7,0.9,8.3443e+29,8.1537e+29,9.8000e+27,9.2600e+27,8.3087e+27,0.0000e+00,97.7,1.2,1.1
134,8.4559e+29,2.2169e+29,5.8742e+29,2.9390e+28,7.0900e+27,2.0452e+29,1.7170e+28,5.2758e+29,5.9840e+28,2.5110e+28,4.2800e+27,3.7200e+27,3.3700e+27,1.4780e+28,4.0800e+27,1.5111e+08,4.4350e+05,1.0666e+09,4.9190e-12,1.8604e+08,8.2685e+05,3.4845e+05,3.4648e+05,26.2,69.5,3.5,0.8,8.4568e+29,8.2727e+29,9.7300e+27,8.6800e+27,8.1940e+27,0.0000e+00,97.8,1.2,1.0
135,8.7157e+29,2.2801e+29,6.0779e+29,2.8830e+28,6.9400e+27,2.1073e+29,1.7280e+28,5.4968e+29,5.8110e+28,2.4990e+28,3.8400e+27,3.4700e+27,3.4700e+27,1.5530e+28,5.0100e+27,1.5223e+08,3.0328e+05,1.0080e+09,2.2604e-09,1.8067e+08,8.5692e+05,3.4648e+05,3.4455e+05,26.2,69.7,3.3,0.8,8.7156e+29,8.5313e+29,9.9200e+27,8.5100e+27,8.1126e+27,0.0000e+00,97.9,1.1,1.0
136,8.9299e+29,2.2957e+29,6.2717e+29,2.9260e+28,6.9900e+27,2.1273e+29,1.6840e+28,5.6782e+29,5.9350e+28,2.5020e+28,4.2400e+27,3.6500e+27,3.3400e+27,1.5910e+28,5.2800e+27,1.5350e+08,1.6507e+05,1.0475e+09,4.5626e-12,1.7569e+08,8.3012e+05,3.4454e+05,3.4265e+05,25.7,70.2,3.3,0.8,8.9246e+29,8.7367e+29,1.0210e+28,8.5800e+27,8.0042e+27,0.0000e+00,97.9,1.1,1.0
137,9.0304e+29,2.3480e+29,6.3335e+29,2.7810e+28,7.0800e+27,2.1792e+29,1.6880e+28,5.7957e+29,5.3780e+28,2.4030e+28,3.7800e+27,3.2800e+27,3.8000e+27,1.5110e+28,3.8200e+27,1.5464e+08,2.5625e+04,1.1144e+09,5.3713e-20,1.7093e+08,9.0440e+05,3.4265e+05,3.4080e+05,26.0,70.1,3.1,0.8,9.0268e+29,8.8485e+29,9.6700e+27,8.1600e+27,7.9280e+27,0.0000e+00,98.0,1.1,0.9
138,9.2656e+29,2.3906e+29,6.4510e+29,3.5320e+28,7.0800e+27,2.2040e+29,1.8660e+28,5.8125e+29,6.3850e+28,3.0880e+28,4.4400e+27,3.5800e+27,3.5000e+27,1.4820e+28,3.6900e+27,1.5597e+08,3.6536e+01,1.1554e+09,1.0041e-20,2.0482e+08,9.2027e+05,3.4079e+05,3.3898e+05,25.8,69.6,3.8,0.8,9.2602e+29,9.0548e+29,1.0310e+28,1.0230e+28,7.8257e+27,0.0000e+00,97.8,1.1,1.1
139,9.6057e+29,2.4114e+29,6.7334e+29,3.9020e+28,7.0700e+27,2.2310e+29,1.8040e+28,6.0893e+29,6.4410e+28,3.4520e+28,4.5000e+27,3.5600e+27,3.5100e+27,1.3810e+28,3.7200e+27,1.5754e+08,3.3373e+05,1.0967e+09,1.2507e-13,2.0060e+08,9.1670e+05,3.3898e+05,3.3721e+05,25.1,70.1,4.1,0.7,9.5955e+29,9.3806e+29,1.1110e+28,1.0380e+28,7.7547e+27,0.0000e+00,97.8,1.2,1.1
140,9.7292e+29,2.4567e+29,6.8218e+29,3.7990e+28,7.0800e+27,2.2640e+29,1.9270e+28,6.1487e+29,6.7310e+28,3.3260e+28,4.7300e+27,3.6600e+27,3.4200e+27,1.4930e+28,4.0900e+27,1.5870e+08,2.6443e+05,1.1224e+09,3.9462e-10,1.9585e+08,9.3761e+05,3.3720e+05,3.3547e+05,25.3,70.1,3.9,0.7,9.7390e+29,9.5172e+29,1.1790e+28,1.0390e+28,7.6858e+27,0.0000e+00,97.7,1.2,1.1
141,9.8366e+29,2.4960e+29,6.8978e+29,3.7280e+28,7.0000e+27,2.3219e+29,1.7410e+28,6.2594e+29,6.3840e+28,3.2480e+28,4.8000e+27,3.6400e+27,3.3600e+27,1.5230e+28,4.5700e+27,1.6008e+08,1.4727e+05,1.1085e+09,8.2214e-12,1.9041e+08,9.7304e+05,3.3547e+05,3.3378e+05,25.4,70.1,3.8,0.7,9.8205e+29,9.6082e+29,1.1310e+28,9.9200e+27,7.5922e+27,0.0000e+00,97.8,1.2,1.0
142,1.0081e+30,2.5067e+29,7.1374e+29,3.6850e+28,6.8500e+27,2.3293e+29,1.7740e+28,6.5229e+29,6.1450e+28,3.2010e+28,4.8400e+27,3.5000e+27,3.3500e+27,1.4360e+28,3.3500e+27,1.6116e+08,2.8670e+04,1.1466e+09,7.8804e-19,1.8542e+08,9.5520e+05,3.3378e+05,3.3213e+05,24.9,70.8,3.7,0.7,1.0085e+30,9.8750e+29,1.1470e+28,9.5600e+27,7.5285e+27,0.0000e+00,97.9,1.1,0.9
143,1.0377e+30,2.5461e+29,7.2896e+29,4.6960e+28,7.1900e+27,2.3465e+29,1.9960e+28,6.5809e+29,7.0870e+28,4.1720e+28,5.2400e+27,3.5800e+27,3.6100e+27,1.3660e+28,3.6300e+27,1.6209e+08,4.8408e+01,1.1240e+09,1.0165e-20,2.3384e+08,1.0197e+06,3.3212e+05,3.3052e+05,24.5,70.2,4.5,0.7,1.0365e+30,1.0142e+30,1.1360e+28,1.1020e+28,7.4409e+27,0.0000e+00,97.8,1.1,1.1
144,1.0589e+30,2.5630e+29,7.4694e+29,4.8590e+28,7.0400e+27,2.3508e+29,2.1220e+28,6.6879e+29,7.8150e+28,4.2840e+28,5.7500e+27,3.5300e+27,3.5100e+27,1.3030e+28,3.2900e+27,1.6296e+08,3.0070e+05,1.1299e+09,8.6855e-14,2.2853e+08,1.0439e+06,3.3051e+05,3.2895e+05,24.2,70.5,4.6,0.7,1.0586e+30,1.0341e+30,1.2530e+28,1.2020e+28,7.3566e+27,0.0000e+00,97.7,1.2,1.1
145,1.0948e+30,2.6133e+29,7.7721e+29,4.9310e+28,6.9000e+27,2.4097e+29,2.0360e+28,7.0002e+29,7.7190e+28,4.3200e+28,6.1100e+27,3.6700e+27,3.2300e+27,1.3850e+28,3.6600e+27,1.6388e+08,2.0984e+05,1.1415e+09,4.0088e-10,2.2279e+08,1.0644e+06,3.2895e+05,3.2742e+05,23.9,71.0,4.5,0.6,1.0941e+30,1.0695e+30,1.2740e+28,1.1870e+28,7.3010e+27,0.0000e+00,97.8,1.2,1.1
146,1.1115e+30,2.6499e+29,7.9139e+29,4.8160e+28,6.9800e+27,2.4453e+29,2.0460e+28,7.1661e+29,7.4780e+28,4.2060e+28,6.1000e+27,3.9500e+27,3.0300e+27,1.4010e+28,4.1800e+27,1.6490e+08,1.0839e+05,1.1055e+09,1.4387e-12,2.1686e+08,1.1145e+06,3.2742e+05,3.2594e+05,23.8,71.2,4.3,0.6,1.1106e+30,1.0860e+30,1.2780e+28,1.1780e+28,7.2226e+27,0.0000e+00,97.8,1.2,1.1
147,1.1341e+30,2.7005e+29,8.0969e+29,4.7290e+28,7.0900e+27,2.4929e+29,2.0760e+28,7.3174e+29,7.7950e+28,4.1590e+28,5.7000e+27,3.7900e+27,3.3000e+27,1.4070e+28,3.2500e+27,1.6543e+08,5.4971e+03,1.1124e+09,1.0151e-20,2.1151e+08,1.1346e+06,3.2594e+05,3.2450e+05,23.8,71.4,4.2,0.6,1.1347e+30,1.1104e+30,1.2510e+28,1.1760e+28,7.1719e+27,0.0000e+00,97.9,1.1,1.0
148,1.1635e+30,2.6915e+29,8.2721e+29,6.0270e+28,6.9100e+27,2.4581e+29,2.3340e+28,7.3858e+29,8.8630e+28,5.3770e+28,6.5000e+27,3.4300e+27,3.4800e+27,1.2250e+28,3.0300e+27,1.6598e+08,5.7773e+01,1.2673e+09,1.0283e-20,2.3974e+08,1.1711e+06,3.2449e+05,3.2310e+05,23.1,71.1,5.2,0.6,1.1624e+30,1.1353e+30,1.3970e+28,1.3200e+28,7.0992e+27,0.0000e+00,97.7,1.2,1.1
149,1.1821e+30,2.7392e+29,8.4119e+29,6.0050e+28,6.9500e+27,2.4951e+29,2.4410e+28,7.5279e+29,8.8400e+28,5.2870e+28,7.1800e+27,3.2000e+27,3.7500e+27,1.2740e+28,2.8200e+27,1.6656e+08,2.7558e+05,1.2391e+09,7.5055e-13,2.3374e+08,1.1233e+06,3.2309e+05,3.2174e+05,23.2,71.2,5.1,0.6,1.1822e+30,1.1549e+30,1.3320e+28,1.3930e+28,7.0297e+27,0.0000e+00,97.7,1.1,1.2
150,1.2202e+30,2.7827e+29,8.7461e+29,6.0340e+28,7.0100e+27,2.5328e+29,2.4990e+28,7.8360e+29,9.1010e+28,5.3390e+28,6.9500e+27,3.5600e+27,3.4500e+27,1.3840e+28,3.6700e+27,1.6723e+08,1.7172e+05,1.1398e+09,1.6486e-10,2.2792e+08,1.1391e+06,3.2174e+05,3.2043e+05,22.8,71.7,4.9,0.6,1.2197e+30,1.1904e+30,1.4610e+28,1.4670e+28,6.9870e+27,0.0000e+00,97.6,1.2,1.2
151,1.2374e+30,2.8227e+29,8.8887e+29,5.9300e+28,7.0000e+27,2.5777e+29,2.4500e+28,7.9656e+29,9.2310e+28,5.2200e+28,7.1000e+27,3.7200e+27,3.2800e+27,1.3060e+28,3.6900e+27,1.6808e+08,6.9299e+04,1.2389e+09,1.6420e-14,2.2198e+08,1.2008e+06,3.2043e+05,3.1916e+05,22.8,71.8,4.8,0.6,1.2368e+30,1.2093e+30,1.4390e+28,1.3040e+28,6.8998e+27,0.0000e+00,97.8,1.2,1.1
152,1.2594e+30,2.8263e+29,9.0618e+29,6.3600e+28,7.0200e+27,2.5680e+29,2.5830e+28,8.1087e+29,9.5310e+28,5.5830e+28,7.7700e+27,3.7100e+27,3.3100e+27,1.2960e+28,2.8100e+27,1.6853e+08,1.0953e+02,1.2999e+09,1.0266e-20,2.1624e+08,1.1790e+06,3.1916e+05,3.1794e+05,22.4,72.0,5.0,0.6,1.2584e+30,1.2302e+30,1.4620e+28,1.3550e+28,6.8626e+27,0.0000e+00,97.8,1.2,1.1
153,1.2941e+30,2.8632e+29,9.2792e+29,7.2760e+28,7.1100e+27,2.5764e+29,2.8680e+28,8.1495e+29,1.1297e+29,6.4060e+28,8.7000e+27,3.5000e+27,3.6100e+27,1.2380e+28,2.7500e+27,1.6927e+08,1.2394e+05,1.3564e+09,2.7219e-17,2.1162e+08,1.1971e+06,3.1793e+05,3.1675e+05,22.1,71.7,5.6,0.5,1.2940e+30,1.2623e+30,1.5650e+28,1.5990e+28,6.8276e+27,0.0000e+00,97.6,1.2,1.2
154,1.3012e+30,2.8901e+29,9.3389e+29,7.1380e+28,6.9500e+27,2.6065e+29,2.8360e+28,8.2300e+29,1.1089e+29,6.2230e+28,9.1500e+27,3.6100e+27,3.3400e+27,1.2410e+28,2.9100e+27,1.6943e+08,2.2188e+05,1.1889e+09,2.5000e-11,2.0701e+08,1.3275e+06,3.1675e+05,3.1561e+05,22.2,71.8,5.5,0.5,1.3008e+30,1.2699e+30,1.5570e+28,1.5300e+28,6.7498e+27,0.0000e+00,97.6,1.2,1.2
155,1.3185e+30,2.9418e+29,9.4791e+29,6.9470e+28,6.9700e+27,2.6433e+29,2.9850e+28,8.3400e+29,1.1391e+29,6.0770e+28,8.7000e+27,3.5000e+27,3.4700e+27,1.3520e+28,3.0500e+27,1.7014e+08,1.1814e+05,1.2557e+09,3.4524e-12,2.0131e+08,1.4196e+06,3.1561e+05,3.1452e+05,22.3,71.9,5.3,0.5,1.3187e+30,1.2890e+30,1.5060e+28,1.4560e+28,6.6980e+27,0.0000e+00,97.8,1.1,1.1
156,1.3525e+30,2.9884e+29,9.7602e+29,7.0660e+28,6.9900e+27,2.6930e+29,2.9540e+28,8.6286e+29,1.1316e+29,6.1290e+28,9.3700e+27,3.5700e+27,3.4200e+27,1.2590e+28,2.6200e+27,1.7042e+08,1.2760e+04,1.6029e+09,1.1131e-20,1.9699e+08,1.4790e+06,3.1451e+05,3.1346e+05,22.1,72.2,5.2,0.5,1.3520e+30,1.3207e+30,1.6670e+28,1.4550e+28,6.6711e+27,0.0000e+00,97.7,1.2,1.1
157,1.3751e+30,2.9620e+29,9.9063e+29,8.1210e+28,7.0600e+27,2.6180e+29,3.4400e+28,8.5512e+29,1.3551e+29,7.0410e+28,1.0800e+28,3.6600e+27,3.4000e+27,1.1790e+28,2.4200e+27,1.7088e+08,8.0595e+01,1.4210e+09,1.0116e-20,2.0102e+08,1.5182e+06,3.1346e+05,3.1245e+05,21.5,72.0,5.9,0.5,1.3735e+30,1.3406e+30,1.7310e+28,1.5620e+28,6.6247e+27,0.0000e+00,97.6,1.3,1.1
158,1.3787e+30,2.9871e+29,9.9041e+29,8.2630e+28,6.9400e+27,2.6302e+29,3.5690e+28,8.5575e+29,1.3466e+29,7.0850e+28,1.1780e+28,3.4800e+27,3.4600e+27,1.2020e+28,2.5800e+27,1.7097e+08,2.3647e+05,1.2761e+09,4.2167e-13,1.9651e+08,1.5380e+06,3.1245e+05,3.1149e+05,21.7,71.8,6.0,0.5,1.3794e+30,1.3462e+30,1.6760e+28,1.6420e+28,6.5596e+27,0.0000e+00,97.6,1.2,1.2
159,1.4019e+30,3.0653e+29,1.0084e+30,7.9800e+28,7.1800e+27,2.7093e+29,3.5600e+28,8.7356e+29,1.3480e+29,6.7980e+28,1.1820e+28,3.8100e+27,3.3700e+27,1.2380e+28,2.5400e+27,1.7110e+08,1.4203e+05,1.3849e+09,3.4052e-11,1.9157e+08,1.5398e+06,3.1149e+05,3.1057e+05,21.9,71.9,5.7,0.5,1.4016e+30,1.3699e+30,1.6600e+28,1.5150e+28,6.5408e+27,0.0000e+00,97.7,1.2,1.1
160,1.4302e+30,3.0687e+29,1.0390e+30,7.7220e+28,7.1000e+27,2.6962e+29,3.7250e+28,9.0406e+29,1.3490e+29,6.5890e+28,1.1330e+28,3.4100e+27,3.6900e+27,1.2090e+28,2.9100e+27,1.7141e+08,4.4140e+04,1.2688e+09,2.8503e-16,1.8785e+08,1.5298e+06,3.1057e+05,3.0969e+05,21.5,72.6,5.4,0.5,1.4292e+30,1.3976e+30,1.6690e+28,1.4910e+28,6.4818e+27,0.0000e+00,97.8,1.2,1.0
161,1.4435e+30,3.0801e+29,1.0440e+30,8.4480e+28,7.0000e+27,2.6886e+29,3.9150e+28,8.9079e+29,1.5317e+29,7.1310e+28,1.3170e+28,3.3100e+27,3.6900e+27,1.1420e+28,2.1500e+27,1.7150e+08,1.9351e+02,1.3107e+09,1.0050e-20,1.8575e+08,1.6222e+06,3.0969e+05,3.0886e+05,21.3,72.3,5.9,0.5,1.4429e+30,1.4113e+30,1.7000e+28,1.4650e+28,6.4473e+27,0.0000e+00,97.8,1.2,1.0
162,1.4836e+30,3.1414e+29,1.0734e+30,8.9090e+28,6.9900e+27,2.7065e+29,4.3490e+28,8.9908e+29,1.7427e+29,7.5030e+28,1.4060e+28,3.4600e+27,3.5300e+27,1.1480e+28,2.3100e+27,1.7145e+08,1.9215e+05,1.2447e+09,3.1211e-15,1.8345e+08,2.0012e+06,3.0886e+05,3.0808e+05,21.2,72.3,6.0,0.5,1.4830e+30,1.4474e+30,1.8770e+28,1.6750e+28,6.4364e+27,0.0000e+00,97.6,1.3,1.1
163,1.4719e+30,3.1058e+29,1.0678e+30,8.6560e+28,6.9900e+27,2.6704e+29,4.3540e+28,9.0033e+29,1.6743e+29,7.2170e+28,1.4390e+28,3.7500e+27,3.2400e+27,1.1660e+28,2.5100e+27,1.7151e+08,1.6983e+05,1.3512e+09,1.0398e-10,1.7884e+08,1.9951e+06,3.0807e+05,3.0733e+05,21.1,72.5,5.9,0.5,1.4716e+30,1.4388e+30,1.7940e+28,1.4950e+28,6.3864e+27,0.0000e+00,97.8,1.2,1.0
164,1.4918e+30,3.1488e+29,1.0838e+30,8.6070e+28,7.0000e+27,2.7228e+29,4.2600e+28,9.1916e+29,1.6468e+29,7.1740e+28,1.4330e+28,3.2200e+27,3.7800e+27,1.1740e+28,2.8300e+27,1.7193e+08,6.9684e+04,1.3387e+09,1.7949e-14,1.7463e+08,2.0768e+06,3.0733e+05,3.0664e+05,21.1,72.7,5.8,0.5,1.4929e+30,1.4596e+30,1.9030e+28,1.4290e+28,6.3397e+27,0.0000e+00,97.8,1.3,1.0
165,1.5123e+30,3.1530e+29,1.1006e+30,8.9190e+28,7.2000e+27,2.6753e+29,4.7770e+28,9.1790e+29,1.8266e+29,7.2960e+28,1.6230e+28,3.9300e+27,3.2700e+27,1.0940e+28,2.0200e+27,1.7197e+08,1.3389e+02,1.2744e+09,1.0481e-20,1.7057e+08,2.0900e+06,3.0664e+05,3.0598e+05,20.8,72.8,5.9,0.5,1.5109e+30,1.4780e+30,1.7960e+28,1.4980e+28,6.3371e+27,0.0000e+00,97.8,1.2,1.0
166,1.5251e+30,3.1793e+29,1.1051e+30,9.5080e+28,6.9700e+27,2.6271e+29,5.5220e+28,8.9465e+29,2.1044e+29,7.6630e+28,1.8450e+28,3.3900e+27,3.5800e+27,1.1380e+28,2.3500e+27,1.7219e+08,1.1028e+05,1.2504e+09,1.8335e-17,1.6769e+08,2.4080e+06,3.0598e+05,3.0538e+05,20.8,72.5,6.2,0.5,1.5244e+30,1.4891e+30,1.9010e+28,1.6350e+28,6.2961e+27,0.0000e+00,97.7,1.2,1.1
167,1.5437e+30,3.2106e+29,1.1229e+30,9.2550e+28,7.1800e+27,2.6676e+29,5.4300e+28,9.1254e+29,2.1036e+29,7.5190e+28,1.7360e+28,3.6000e+27,3.5800e+27,1.1560e+28,2.1700e+27,1.7213e+08,1.9201e+05,1.3000e+09,2.4220e-11,1.6376e+08,2.3167e+06,3.0537e+05,3.0481e+05,20.8,72.7,6.0,0.5,1.5439e+30,1.5103e+30,1.8080e+28,1.5540e+28,6.2785e+27,0.0000e+00,97.8,1.2,1.0
168,1.5492e+30,3.2090e+29,1.1305e+30,9.0800e+28,7.0300e+27,2.6585e+29,5.5050e+28,9.2867e+29,2.0181e+29,7.3060e+28,1.7740e+28,3.5000e+27,3.5300e+27,1.1500e+28,2.6700e+27,1.7208e+08,8.9747e+04,1.3988e+09,9.5576e-14,1.5980e+08,2.3243e+06,3.0481e+05,3.0429e+05,20.7,73.0,5.9,0.5,1.5478e+30,1.5137e+30,1.8800e+28,1.5280e+28,6.2436e+27,0.0000e+00,97.8,1.2,1.0
169,1.5566e+30,3.2161e+29,1.1346e+30,9.3410e+28,6.9600e+27,2.6533e+29,5.6280e+28,9.2833e+29,2.0628e+29,7.3890e+28,1.9520e+28,3.7300e+27,3.2300e+27,1.0920e+28,1.9000e+27,1.7213e+08,3.7252e+01,1.2668e+09,1.0194e-20,1.5573e+08,2.4120e+06,3.0429e+05,3.0382e+05,20.7,72.9,6.0,0.4,1.5581e+30,1.5246e+30,1.8970e+28,1.4520e+28,6.2318e+27,0.0000e+00,97.9,1.2,0.9
170,1.5798e+30,3.2348e+29,1.1502e+30,9.9010e+28,7.1700e+27,2.5551e+29,6.7970e+28,8.9644e+29,2.5374e+29,7.6270e+28,2.2740e+28,3.6500e+27,3.5200e+27,1.0840e+28,2.0600e+27,1.7185e+08,5.6184e+04,1.4617e+09,1.8244e-20,1.5223e+08,2.8525e+06,3.0382e+05,3.0339e+05,20.5,72.8,6.3,0.5,1.5795e+30,1.5444e+30,1.9620e+28,1.5480e+28,6.2027e+27,0.0000e+00,97.8,1.2,1.0
171,1.5932e+30,3.2791e+29,1.1593e+30,9.8940e+28,7.0500e+27,2.6009e+29,6.7820e+28,9.0808e+29,2.5123e+29,7.6550e+28,2.2390e+28,3.6000e+27,3.4500e+27,1.1250e+28,2.3500e+27,1.7203e+08,2.1596e+05,1.2101e+09,5.1623e-12,1.4979e+08,2.8474e+06,3.0339e+05,3.0301e+05,20.6,72.8,6.2,0.4,1.5930e+30,1.5582e+30,1.9680e+28,1.5060e+28,6.1965e+27,0.0000e+00,97.8,1.2,0.9
172,1.5996e+30,3.2886e+29,1.1690e+30,9.4700e+28,7.0900e+27,2.6058e+29,6.8280e+28,9.1746e+29,2.5153e+29,7.2070e+28,2.2630e+28,3.6300e+27,3.4600e+27,1.1310e+28,2.5500e+27,1.7197e+08,1.0663e+05,1.3276e+09,4.3094e-13,1.4693e+08,2.9055e+06,3.0301e+05,3.0267e+05,20.6,73.1,5.9,0.4,1.5993e+30,1.5651e+30,1.9190e+28,1.5100e+28,6.1733e+27,0.0000e+00,97.9,1.2,0.9
173,1.5944e+30,3.2573e+29,1.1650e+30,9.6580e+28,7.0300e+27,2.5890e+29,6.6830e+28,9.2474e+29,2.4029e+29,7.3220e+28,2.3360e+28,3.3800e+27,3.6500e+27,1.0400e+28,2.1300e+27,1.7184e+08,1.7845e+02,1.3471e+09,1.0214e-20,1.4439e+08,2.9635e+06,3.0267e+05,3.0237e+05,20.4,73.1,6.1,0.4,1.5937e+30,1.5592e+30,1.9410e+28,1.5050e+28,6.1728e+27,0.0000e+00,97.8,1.2,0.9
174,1.6127e+30,3.2793e+29,1.1760e+30,1.0196e+29,6.8800e+27,2.4480e+29,8.3130e+28,8.6971e+29,3.0626e+29,7.4300e+28,2.7660e+28,3.3800e+27,3.5000e+27,9.8600e+27,1.9400e+27,1.7166e+08,1.5071e+04,1.5631e+09,1.0295e-20,1.4232e+08,3.4665e+06,3.0237e+05,3.0213e+05,20.3,72.9,6.3,0.4,1.6134e+30,1.5779e+30,1.9410e+28,1.6110e+28,6.1554e+27,0.0000e+00,97.8,1.2,1.0
175,1.6176e+30,3.3132e+29,1.1805e+30,9.8870e+28,6.9900e+27,2.4896e+29,8.2360e+28,8.8029e+29,3.0017e+29,7.2270e+28,2.6600e+28,3.3700e+27,3.6200e+27,1.0690e+28,1.9900e+27,1.7133e+08,2.2952e+05,1.5353e+09,2.1861e-12,1.3925e+08,3.5336e+06,3.0213e+05,3.0192e+05,20.5,73.0,6.1,0.4,1.6175e+30,1.5829e+30,1.9410e+28,1.5200e+28,6.1409e+27,0.0000e+00,97.9,1.2,0.9
176,1.6212e+30,3.3142e+29,1.1859e+30,9.6890e+28,6.9900e+27,2.4755e+29,8.3870e+28,8.9011e+29,2.9578e+29,6.9930e+28,2.6960e+28,3.6400e+27,3.3500e+27,1.1030e+28,2.4400e+27,1.7133e+08,1.1790e+05,1.4545e+09,1.1567e-12,1.3739e+08,3.6286e+06,3.0192e+05,3.0176e+05,20.4,73.1,6.0,0.4,1.6202e+30,1.5860e+30,1.9260e+28,1.4930e+28,6.1294e+27,0.0000e+00,97.9,1.2,0.9
177,1.6363e+30,3.3350e+29,1.1990e+30,9.6660e+28,7.1000e+27,2.4926e+29,8.4240e+28,9.0856e+29,2.9048e+29,7.0580e+28,2.6080e+28,3.5300e+27,3.5700e+27,1.0100e+28,2.0600e+27,1.7090e+08,4.5724e+03,1.6301e+09,1.0011e-20,1.3519e+08,3.8100e+06,3.0176e+05,3.0165e+05,20.4,73.3,5.9,0.4,1.6376e+30,1.6026e+30,2.0090e+28,1.4880e+28,6.1403e+27,0.0000e+00,97.9,1.2,0.9
178,1.6336e+30,3.2936e+29,1.1964e+30,1.0079e+29,7.0900e+27,2.3033e+29,9.9030e+28,8.3733e+29,3.5906e+29,6.9290e+28,3.1500e+28,3.3700e+27,3.7200e+27,9.8100e+27,2.0200e+27,1.7043e+08,1.7461e+02,1.4762e+09,1.0305e-20,1.3305e+08,3.9472e+06,3.0165e+05,3.0158e+05,20.2,73.2,6.2,0.4,1.6321e+30,1.5970e+30,2.0140e+28,1.5000e+28,6.1150e+27,0.0000e+00,97.8,1.2,0.9
179,1.6410e+30,3.3060e+29,1.2026e+30,1.0051e+29,7.2800e+27,2.3290e+29,9.7700e+28,8.5341e+29,3.4917e+29,6.8900e+28,3.1610e+28,3.8100e+27,3.4700e+27,9.6800e+27,1.7900e+27,1.6987e+08,2.5744e+05,1.4598e+09,1.1859e-12,1.3004e+08,4.5845e+06,3.0158e+05,3.0156e+05,20.1,73.3,6.1,0.4,1.6420e+30,1.6080e+30,1.9550e+28,1.4430e+28,6.1316e+27,0.0000e+00,97.9,1.2,0.9
180,1.6337e+30,3.3200e+29,1.1950e+30,9.9540e+28,7.1700e+27,2.3407e+29,9.7930e+28,8.5138e+29,3.4364e+29,6.8210e+28,3.1330e+28,3.6100e+27,3.5600e+27,1.0340e+28,2.2500e+27,1.6978e+08,1.3664e+05,1.5238e+09,1.9088e-12,1.2745e+08,4.6272e+06,3.0158e+05,3.0156e+05,20.3,73.1,6.1,0.4,1.6334e+30,1.5993e+30,1.9530e+28,1.4610e+28,6.1121e+27,0.0000e+00,97.9,1.2,0.9
181,1.6459e+30,3.3297e+29,1.2062e+30,9.9370e+28,7.2800e+27,2.3420e+29,9.8770e+28,8.6855e+29,3.3768e+29,6.7810e+28,3.1560e+28,3.6600e+27,3.6200e+27,9.4900e+27,1.8000e+27,1.6913e+08,1.4171e+04,1.5672e+09,1.0597e-20,1.2470e+08,4.7331e+06,3.0165e+05,3.0158e+05,20.2,73.3,6.0,0.4,1.6450e+30,1.6106e+30,1.9480e+28,1.4970e+28,6.1345e+27,0.0000e+00,97.9,1.2,0.9
182,1.6270e+30,3.3008e+29,1.1894e+30,1.0046e+29,7.0100e+27,2.1367e+29,1.1641e+29,7.8980e+29,3.9964e+29,6.4330e+28,3.6130e+28,3.4600e+27,3.5500e+27,9.1800e+27,1.9900e+27,1.6853e+08,2.2343e+02,1.4807e+09,1.0238e-20,1.2264e+08,4.7404e+06,3.0176e+05,3.0165e+05,20.3,73.1,6.2,0.4,1.6276e+30,1.5930e+30,1.9890e+28,1.4680e+28,6.1207e+27,0.0000e+00,97.9,1.2,0.9
183,1.6393e+30,3.3197e+29,1.1996e+30,1.0079e+29,7.0200e+27,2.1545e+29,1.1652e+29,8.0234e+29,3.9722e+29,6.3980e+28,3.6810e+28,3.1400e+27,3.8800e+27,9.2900e+27,1.8600e+27,1.6745e+08,3.0417e+05,1.5372e+09,5.1689e-13,1.2067e+08,5.6914e+06,3.0192e+05,3.0176e+05,20.3,73.2,6.1,0.4,1.6390e+30,1.6040e+30,2.0450e+28,1.4540e+28,6.1294e+27,0.0000e+00,97.9,1.2,0.9
184,1.6537e+30,3.3113e+29,1.2157e+30,9.9800e+28,7.0300e+27,2.1706e+29,1.1407e+29,8.2656e+29,3.8914e+29,6.3040e+28,3.6760e+28,3.3300e+27,3.7000e+27,9.9200e+27,2.4100e+27,1.6666e+08,1.6720e+05,1.2849e+09,4.4358e-12,1.1891e+08,5.7799e+06,3.0213e+05,3.0192e+05,20.0,73.5,6.0,0.4,1.6540e+30,1.6204e+30,1.9570e+28,1.4050e+28,6.1606e+27,0.0000e+00,98.0,1.2,0.8
185,1.6574e+30,3.2925e+29,1.2245e+30,9.6510e+28,7.1300e+27,2.1593e+29,1.1332e+29,8.3175e+29,3.9277e+29,6.0660e+28,3.5850e+28,3.5300e+27,3.6000e+27,9.4600e+27,2.1200e+27,1.6601e+08,2.8270e+04,1.4327e+09,1.0322e-19,1.1670e+08,5.7997e+06,3.0237e+05,3.0213e+05,19.9,73.9,5.8,0.4,1.6571e+30,1.6224e+30,2.0570e+28,1.4110e+28,6.1357e+27,0.0000e+00,97.9,1.2,0.9
186,1.6566e+30,3.3017e+29,1.2205e+30,9.8990e+28,6.9700e+27,2.0088e+29,1.2929e+29,7.8088e+29,4.3957e+29,5.9320e+28,3.9670e+28,3.5200e+27,3.4500e+27,9.3500e+27,1.7000e+27,1.6531e+08,2.5085e+02,1.3056e+09,1.0008e-20,1.1486e+08,5.7916e+06,3.0267e+05,3.0237e+05,19.9,73.7,6.0,0.4,1.6565e+30,1.6224e+30,1.9890e+28,1.4220e+28,6.1728e+27,0.0000e+00,97.9,1.2,0.9
187,1.6466e+30,3.2969e+29,1.2111e+30,9.8790e+28,7.0000e+27,1.9892e+29,1.3077e+29,7.6632e+29,4.4478e+29,5.7290e+28,4.1500e+28,3.5500e+27,3.4500e+27,8.6800e+27,2.0100e+27,1.6445e+08,3.0351e+05,1.5225e+09,1.3453e-13,1.1282e+08,6.7613e+06,3.0301e+05,3.0267e+05,20.0,73.6,6.0,0.4,1.6464e+30,1.6115e+30,2.0370e+28,1.4600e+28,6.1733e+27,0.0000e+00,97.9,1.2,0.9
188,1.6463e+30,3.3052e+29,1.2092e+30,9.9440e+28,7.0900e+27,1.9797e+29,1.3255e+29,7.7602e+29,4.3321e+29,5.8060e+28,4.1380e+28,3.5500e+27,3.5400e+27,8.6000e+27,2.4200e+27,1.6344e+08,1.9422e+05,1.5386e+09,1.1642e-11,1.1118e+08,6.8520e+06,3.0339e+05,3.0301e+05,20.1,73.5,6.0,0.4,1.6469e+30,1.6122e+30,2.0710e+28,1.4030e+28,6.1965e+27,0.0000e+00,97.9,1.3,0.9
189,1.6290e+30,3.2663e+29,1.1985e+30,9.6870e+28,6.9900e+27,1.9984e+29,1.2679e+29,7.8387e+29,4.1465e+29,5.7340e+28,3.9530e+28,3.6000e+27,3.3900e+27,9.2900e+27,2.2700e+27,1.6285e+08,4.6906e+04,1.3799e+09,7.7049e-18,1.0993e+08,6.8677e+06,3.0382e+05,3.0339e+05,20.1,73.6,5.9,0.4,1.6289e+30,1.5951e+30,1.9680e+28,1.4130e+28,6.2027e+27,0.0000e+00,97.9,1.2,0.9
190,1.6222e+30,3.2461e+29,1.1935e+30,9.6980e+28,7.0700e+27,1.8491e+29,1.3970e+29,7.3021e+29,4.6328e+29,5.3700e+28,4.3280e+28,3.5500e+27,3.5200e+27,8.4600e+27,1.6400e+27,1.6182e+08,2.3603e+02,1.3978e+09,1.0121e-20,1.0857e+08,6.8844e+06,3.0429e+05,3.0382e+05,20.0,73.6,6.0,0.4,1.6220e+30,1.5885e+30,1.9890e+28,1.3620e+28,6.2317e+27,0.0000e+00,97.9,1.2,0.8
191,1.6244e+30,3.2631e+29,1.1924e+30,9.8530e+28,7.1200e+27,1.8022e+29,1.4609e+29,7.1289e+29,4.7950e+29,5.3970e+28,4.4560e+28,3.6500e+27,3.4700e+27,8.9300e+27,1.7300e+27,1.6089e+08,2.7627e+05,1.4557e+09,3.7089e-14,1.0692e+08,8.4759e+06,3.0481e+05,3.0429e+05,20.1,73.4,6.1,0.4,1.6248e+30,1.5920e+30,1.9580e+28,1.3250e+28,6.2436e+27,0.0000e+00,98.0,1.2,0.8
192,1.6161e+30,3.2367e+29,1.1920e+30,9.3310e+28,7.1500e+27,1.8053e+29,1.4314e+29,7.2587e+29,4.6613e+29,5.0740e+28,4.2570e+28,3.9400e+27,3.2100e+27,8.3800e+27,2.2600e+27,1.6009e+08,2.4911e+05,1.6145e+09,4.5314e-11,1.0578e+08,8.4823e+06,3.0537e+05,3.0481e+05,20.0,73.8,5.8,0.4,1.6173e+30,1.5837e+30,1.9870e+28,1.3720e+28,6.2785e+27,0.0000e+00,97.9,1.2,0.8
193,1.5887e+30,3.1873e+29,1.1703e+30,9.2600e+28,7.0200e+27,1.8054e+29,1.3819e+29,7.2102e+29,4.4932e+29,5.1070e+28,4.1530e+28,3.4300e+27,3.5900e+27,8.7800e+27,2.0400e+27,1.5905e+08,8.1336e+04,1.3492e+09,5.7318e-16,1.0462e+08,8.4373e+06,3.0598e+05,3.0537e+05,20.1,73.7,5.8,0.4,1.5878e+30,1.5561e+30,1.8870e+28,1.2840e+28,6.2961e+27,0.0000e+00,98.0,1.2,0.8
194,1.6059e+30,3.2160e+29,1.1848e+30,9.2550e+28,6.9800e+27,1.7360e+29,1.4800e+29,7.0232e+29,4.8248e+29,4.8370e+28,4.4180e+28,3.6200e+27,3.3600e+27,7.8200e+27,1.7600e+27,1.5786e+08,2.8128e+02,1.3434e+09,1.0455e-20,1.0377e+08,8.4199e+06,3.0663e+05,3.0598e+05,20.0,73.8,5.8,0.4,1.6056e+30,1.5731e+30,1.9190e+28,1.3230e+28,6.3370e+27,0.0000e+00,98.0,1.2,0.8
195,1.5926e+30,3.1753e+29,1.1755e+30,9.2470e+28,7.0200e+27,1.6333e+29,1.5420e+29,6.6643e+29,5.0911e+29,4.6780e+28,4.5690e+28,3.5900e+27,3.4300e+27,7.9600e+27,1.6600e+27,1.5698e+08,2.0247e+05,1.2431e+09,2.3249e-15,1.0181e+08,9.2440e+06,3.0733e+05,3.0664e+05,19.9,73.8,5.8,0.4,1.5931e+30,1.5610e+30,1.8590e+28,1.3510e+28,6.3604e+27,0.0000e+00,98.0,1.2,0.8
196,1.5763e+30,3.1493e+29,1.1628e+30,9.1530e+28,7.1300e+27,1.6315e+29,1.5178e+29,6.7783e+29,4.8492e+29,4.6740e+28,4.4790e+28,3.7600e+27,3.3700e+27,8.3900e+27,2.3200e+27,1.5568e+08,3.2521e+05,1.3962e+09,1.0225e-10,1.0062e+08,9.3407e+06,3.0807e+05,3.0733e+05,20.0,73.8,5.8,0.5,1.5770e+30,1.5446e+30,1.9090e+28,1.3330e+28,6.3866e+27,0.0000e+00,97.9,1.2,0.8
197,1.5720e+30,3.1818e+29,1.1567e+30,9.0110e+28,7.0800e+27,1.6770e+29,1.5048e+29,6.8204e+29,4.7463e+29,4.5640e+28,4.4470e+28,3.7000e+27,3.3800e+27,8.4500e+27,2.3200e+27,1.5439e+08,1.3710e+05,1.6440e+09,2.7823e-14,9.9407e+07,9.5598e+06,3.0886e+05,3.0808e+05,20.2,73.6,5.7,0.5,1.5721e+30,1.5387e+30,2.0300e+28,1.3070e+28,6.4155e+27,0.0000e+00,97.9,1.3,0.8
198,1.5623e+30,3.1622e+29,1.1505e+30,8.8440e+28,7.2100e+27,1.6226e+29,1.5396e+29,6.6592e+29,4.8455e+29,4.4930e+28,4.3510e+28,3.4900e+27,3.7200e+27,8.0200e+27,1.8000e+27,1.5311e+08,3.3002e+02,1.3621e+09,1.0179e-20,9.7893e+07,9.5433e+06,3.0969e+05,3.0886e+05,20.2,73.6,5.7,0.5,1.5622e+30,1.5308e+30,1.8240e+28,1.3110e+28,6.4473e+27,0.0000e+00,98.0,1.2,0.8
199,1.5397e+30,3.0945e+29,1.1363e+30,8.6950e+28,7.0500e+27,1.4836e+29,1.6109e+29,6.0558e+29,5.3068e+29,4.1390e+28,4.5560e+28,3.3600e+27,3.6900e+27,7.9000e+27,1.7700e+27,1.5186e+08,1.1981e+05,1.6581e+09,7.5214e-18,9.6986e+07,1.0453e+07,3.1057e+05,3.0969e+05,20.1,73.8,5.6,0.5,1.5406e+30,1.5095e+30,1.8540e+28,1.2500e+28,6.5032e+27,0.0000e+00,98.0,1.2,0.8
200,1.5316e+30,3.1148e+29,1.1250e+30,8.7900e+28,7.1700e+27,1.5165e+29,1.5983e+29,6.1941e+29,5.0563e+29,4.2230e+28,4.5670e+28,3.5700e+27,3.6000e+27,7.8200e+27,1.8200e+27,1.5058e+08,4.3582e+05,1.2185e+09,2.1104e-11,9.5813e+07,1.0297e+07,3.1149e+05,3.1057e+05,20.3,73.5,5.7,0.5,1.5306e+30,1.4984e+30,1.8320e+28,1.3810e+28,6.5194e+27,0.0000e+00,97.9,1.2,0.9
201,1.5313e+30,3.0808e+29,1.1292e+30,8.6920e+28,7.0800e+27,1.5135e+29,1.5673e+29,6.3164e+29,4.9756e+29,4.1970e+28,4.4950e+28,3.6400e+27,3.4400e+27,8.0800e+27,2.6300e+27,1.4933e+08,2.2421e+05,1.3090e+09,1.5463e-12,9.5228e+07,1.0333e+07,3.1245e+05,3.1149e+05,20.1,73.7,5.7,0.5,1.5327e+30,1.5015e+30,1.7890e+28,1.3310e+28,6.5814e+27,0.0000e+00,98.0,1.2,0.9
202,1.5132e+30,3.0511e+29,1.1164e+30,8.4730e+28,6.9800e+27,1.5240e+29,1.5271e+29,6.3803e+29,4.7837e+29,4.1320e+28,4.3410e+28,3.4100e+27,3.5700e+27,8.1800e+27,2.0400e+27,1.4799e+08,1.0627e+04,1.2989e+09,1.1274e-20,9.4373e+07,1.0457e+07,3.1346e+05,3.1246e+05,20.2,73.8,5.6,0.5,1.5139e+30,1.4835e+30,1.7770e+28,1.2620e+28,6.6029e+27,0.0000e+00,98.0,1.2,0.8
203,1.5047e+30,3.0287e+29,1.1099e+30,8.4920e+28,7.0500e+27,1.3701e+29,1.6586e+29,5.7639e+29,5.3349e+29,3.9360e+28,4.5560e+28,3.7200e+27,3.3300e+27,7.7500e+27,1.8000e+27,1.4664e+08,4.2455e+02,1.2822e+09,1.0090e-20,9.3837e+07,1.0601e+07,3.1451e+05,3.1346e+05,20.1,73.8,5.6,0.5,1.5041e+30,1.4726e+30,1.8280e+28,1.3290e+28,6.6711e+27,0.0000e+00,97.9,1.2,0.9
204,1.4869e+30,3.0150e+29,1.0951e+30,8.3170e+28,7.0600e+27,1.3864e+29,1.6286e+29,5.7792e+29,5.1723e+29,3.9010e+28,4.4160e+28,3.2500e+27,3.8100e+27,8.2700e+27,1.6300e+27,1.4532e+08,4.3257e+05,1.2158e+09,9.8591e-13,9.2993e+07,1.0743e+07,3.1561e+05,3.1452e+05,20.3,73.7,5.6,0.5,1.4875e+30,1.4561e+30,1.8170e+28,1.3210e+28,6.6979e+27,0.0000e+00,97.9,1.2,0.9
205,1.4703e+30,3.0214e+29,1.0794e+30,8.1700e+28,7.0300e+27,1.4214e+29,1.6000e+29,5.8543e+29,4.9399e+29,3.8190e+28,4.3510e+28,3.4000e+27,3.6300e+27,8.5100e+27,2.2800e+27,1.4400e+08,3.6708e+05,1.2799e+09,6.2902e-11,9.2032e+07,1.0708e+07,3.1675e+05,3.1561e+05,20.5,73.4,5.6,0.5,1.4704e+30,1.4405e+30,1.6440e+28,1.3460e+28,6.7725e+27,0.0000e+00,98.0,1.1,0.9
206,1.4577e+30,2.9784e+29,1.0706e+30,8.2270e+28,7.0200e+27,1.4175e+29,1.5609e+29,5.9631e+29,4.7431e+29,3.8500e+28,4.3770e+28,3.3800e+27,3.6400e+27,8.2200e+27,2.5900e+27,1.4296e+08,1.2438e+05,1.2363e+09,1.1491e-15,9.1015e+07,1.0596e+07,3.1793e+05,3.1675e+05,20.4,73.4,5.6,0.5,1.4585e+30,1.4280e+30,1.7150e+28,1.3300e+28,6.8047e+27,0.0000e+00,97.9,1.2,0.9
207,1.4512e+30,2.9412e+29,1.0703e+30,7.9740e+28,7.0400e+27,1.3569e+29,1.5843e+29,5.7189e+29,4.9837e+29,3.5920e+28,4.3820e+28,3.5200e+27,3.5200e+27,7.8300e+27,1.9900e+27,1.4134e+08,3.1951e+02,1.2816e+09,1.0245e-20,9.0305e+07,1.0587e+07,3.1916e+05,3.1794e+05,20.3,73.8,5.5,0.5,1.4508e+30,1.4206e+30,1.6840e+28,1.3380e+28,6.8625e+27,0.0000e+00,97.9,1.2,0.9
208,1.4321e+30,2.9303e+29,1.0535e+30,7.8510e+28,7.0600e+27,1.2644e+29,1.6659e+29,5.4124e+29,5.1227e+29,3.5890e+28,4.2620e+28,3.7400e+27,3.3200e+27,7.5500e+27,1.9000e+27,1.3993e+08,2.3096e+05,1.3329e+09,1.2788e-15,8.8986e+07,1.0601e+07,3.2043e+05,3.1916e+05,20.5,73.6,5.5,0.5,1.4325e+30,1.4029e+30,1.6470e+28,1.3130e+28,6.9233e+27,0.0000e+00,97.9,1.1,0.9
209,1.4114e+30,2.8977e+29,1.0371e+30,7.7430e+28,7.0700e+27,1.2819e+29,1.6158e+29,5.4454e+29,4.9261e+29,3.5260e+28,4.2170e+28,3.5800e+27,3.4900e+27,8.4000e+27,2.1100e+27,1.3846e+08,5.8636e+05,1.1249e+09,8.2467e-11,8.8095e+07,1.0249e+07,3.2174e+05,3.2043e+05,20.5,73.5,5.5,0.5,1.4116e+30,1.3823e+30,1.6050e+28,1.3210e+28,6.9633e+27,0.0000e+00,97.9,1.1,0.9
210,1.4218e+30,2.8920e+29,1.0495e+30,7.6200e+28,6.9400e+27,1.3155e+29,1.5765e+29,5.6689e+29,4.8262e+29,3.4570e+28,4.1630e+28,3.3500e+27,3.5900e+27,8.7600e+27,2.6700e+27,1.3724e+08,3.1339e+05,1.4706e+09,3.2800e-12,8.7011e+07,9.9526e+06,3.2310e+05,3.2174e+05,20.3,73.8,5.4,0.5,1.4220e+30,1.3910e+30,1.6830e+28,1.4190e+28,7.0539e+27,0.0000e+00,97.8,1.2,1.0
211,1.3828e+30,2.7965e+29,1.0197e+30,7.6410e+28,7.0300e+27,1.2865e+29,1.5100e+29,5.6535e+29,4.5434e+29,3.4310e+28,4.2100e+28,3.5900e+27,3.4400e+27,8.5700e+27,1.8400e+27,1.3610e+08,3.6451e+04,1.2414e+09,1.0302e-20,8.5836e+07,9.7743e+06,3.2449e+05,3.2310e+05,20.2,73.7,5.5,0.5,1.3838e+30,1.3526e+30,1.6710e+28,1.4440e+28,7.0749e+27,0.0000e+00,97.7,1.2,1.0
212,1.3819e+30,2.8476e+29,1.0164e+30,7.3700e+28,7.0300e+27,1.2224e+29,1.6252e+29,5.1763e+29,4.9881e+29,3.2180e+28,4.1520e+28,3.5000e+27,3.5300e+27,8.0900e+27,2.1600e+27,1.3499e+08,4.5422e+02,1.1734e+09,1.0141e-20,8.5324e+07,9.7829e+06,3.2594e+05,3.2450e+05,20.6,73.6,5.3,0.5,1.3817e+30,1.3531e+30,1.5100e+28,1.3500e+28,7.1718e+27,0.0000e+00,97.9,1.1,1.0
213,1.3583e+30,2.8118e+29,9.9773e+29,7.2500e+28,6.9200e+27,1.2031e+29,1.6087e+29,5.1492e+29,4.8281e+29,3.1590e+28,4.0910e+28,3.4100e+27,3.5100e+27,8.2000e+27,2.2000e+27,1.3372e+08,4.6738e+05,1.2242e+09,3.2493e-13,8.4937e+07,9.8042e+06,3.2742e+05,3.2594e+05,20.7,73.5,5.3,0.5,1.3578e+30,1.3285e+30,1.5630e+28,1.3610e+28,7.2225e+27,0.0000e+00,97.8,1.2,1.0
214,1.3412e+30,2.7562e+29,9.8745e+29,7.0940e+28,7.2100e+27,1.1956e+29,1.5606e+29,5.1633e+29,4.7112e+29,3.1710e+28,3.9230e+28,3.5600e+27,3.6500e+27,8.0700e+27,2.5400e+27,1.3255e+08,6.5189e+05,1.2539e+09,7.1546e-10,8.4045e+07,9.6328e+06,3.2894e+05,3.2742e+05,20.5,73.6,5.3,0.5,1.3423e+30,1.3131e+30,1.5050e+28,1.4150e+28,7.3009e+27,0.0000e+00,97.8,1.1,1.1
215,1.3439e+30,2.7674e+29,9.8819e+29,7.1910e+28,7.0300e+27,1.2263e+29,1.5411e+29,5.3173e+29,4.5646e+29,3.2950e+28,3.8960e+28,3.7200e+27,3.3100e+27,8.6700e+27,3.1800e+27,1.3161e+08,3.1766e+05,1.2624e+09,5.5370e-13,8.3177e+07,9.5857e+06,3.3052e+05,3.2895e+05,20.6,73.5,5.4,0.5,1.3446e+30,1.3148e+30,1.5610e+28,1.4170e+28,7.3826e+27,0.0000e+00,97.8,1.2,1.1
216,1.3275e+30,2.7246e+29,9.7818e+29,6.9820e+28,7.0200e+27,1.2234e+29,1.5012e+29,5.3612e+29,4.4206e+29,3.0890e+28,3.8930e+28,3.6100e+27,3.4100e+27,7.9300e+27,2.1400e+27,1.3075e+08,6.2389e+02,1.1934e+09,1.0087e-20,8.5982e+07,9.1702e+06,3.3213e+05,3.3052e+05,20.5,73.7,5.3,0.5,1.3270e+30,1.2982e+30,1.4940e+28,1.3880e+28,7.4412e+27,0.0000e+00,97.8,1.1,1.0
217,1.3008e+30,2.6511e+29,9.6077e+29,6.7870e+28,7.1000e+27,1.1218e+29,1.5293e+29,4.8250e+29,4.7827e+29,3.0290e+28,3.7580e+28,3.8300e+27,3.2700e+27,7.9800e+27,1.9800e+27,1.2951e+08,3.2522e+04,1.1915e+09,1.0212e-20,8.5942e+07,9.1139e+06,3.3377e+05,3.3213e+05,20.4,73.9,5.2,0.5,1.3019e+30,1.2735e+30,1.4520e+28,1.3890e+28,7.5020e+27,0.0000e+00,97.8,1.1,1.1
218,1.2971e+30,2.6585e+29,9.5735e+29,6.6800e+28,7.1300e+27,1.1269e+29,1.5316e+29,4.9643e+29,4.6092e+29,3.0230e+28,3.6570e+28,3.6600e+27,3.4700e+27,8.0600e+27,2.3000e+27,1.2869e+08,5.9932e+05,1.2109e+09,2.0564e-12,8.4838e+07,8.9454e+06,3.3547e+05,3.3378e+05,20.5,73.8,5.1,0.5,1.2968e+30,1.2685e+30,1.4680e+28,1.3650e+28,7.5921e+27,0.0000e+00,97.8,1.1,1.1
219,1.2759e+30,2.6351e+29,9.4011e+29,6.5300e+28,7.0300e+27,1.1570e+29,1.4781e+29,5.0379e+29,4.3632e+29,2.8870e+28,3.6430e+28,3.5900e+27,3.4400e+27,8.9100e+27,2.8600e+27,1.2764e+08,8.3447e+05,1.3094e+09,1.0253e-09,8.3959e+07,8.5151e+06,3.3720e+05,3.3547e+05,20.7,73.7,5.1,0.6,1.2759e+30,1.2483e+30,1.4260e+28,1.3290e+28,7.6857e+27,0.0000e+00,97.8,1.1,1.0
220,1.2708e+30,2.5816e+29,9.4079e+29,6.4850e+28,7.0100e+27,1.1414e+29,1.4402e+29,5.1411e+29,4.2668e+29,2.9080e+28,3.5770e+28,3.4600e+27,3.5500e+27,8.9800e+27,2.8800e+27,1.2649e+08,4.2470e+05,1.2768e+09,1.0039e-12,8.3231e+07,8.2979e+06,3.3898e+05,3.3721e+05,20.3,74.0,5.1,0.6,1.2716e+30,1.2426e+30,1.4930e+28,1.4020e+28,7.7546e+27,0.0000e+00,97.7,1.2,1.1
221,1.2532e+30,2.5513e+29,9.2813e+29,6.2920e+28,7.0400e+27,1.1448e+29,1.4065e+29,5.1948e+29,4.0865e+29,2.8560e+28,3.4360e+28,3.4600e+27,3.5800e+27,8.6500e+27,2.2800e+27,1.2534e+08,7.9310e+03,1.1484e+09,1.1078e-20,8.2222e+07,8.2806e+06,3.4079e+05,3.3898e+05,20.4,74.1,5.0,0.6,1.2535e+30,1.2255e+30,1.4790e+28,1.3250e+28,7.8256e+27,0.0000e+00,97.8,1.2,1.1
222,1.2351e+30,2.5269e+29,9.1393e+29,6.1440e+28,7.0000e+27,1.0600e+29,1.4669e+29,4.6350e+29,4.5043e+29,2.7190e+28,3.4250e+28,3.8200e+27,3.1800e+27,8.2800e+27,2.0800e+27,1.2435e+08,3.1692e+02,1.2650e+09,1.0543e-20,8.4758e+07,8.1190e+06,3.4265e+05,3.4080e+05,20.5,74.0,5.0,0.6,1.2348e+30,1.2068e+30,1.4210e+28,1.3780e+28,7.9279e+27,0.0000e+00,97.7,1.2,1.1
223,1.2209e+30,2.5145e+29,9.0166e+29,6.0820e+28,6.9700e+27,1.0856e+29,1.4289e+29,4.7293e+29,4.2873e+29,2.7660e+28,3.3160e+28,3.2400e+27,3.7300e+27,8.8900e+27,2.4600e+27,1.2301e+08,6.3162e+05,1.0808e+09,9.2589e-13,8.3751e+07,7.8885e+06,3.4455e+05,3.4265e+05,20.6,73.9,5.0,0.6,1.2212e+30,1.1928e+30,1.4560e+28,1.3800e+28,8.0337e+27,0.0000e+00,97.7,1.2,1.1
224,1.2111e+30,2.4752e+29,8.9589e+29,6.0640e+28,7.0100e+27,1.0690e+29,1.4062e+29,4.7692e+29,4.1897e+29,2.7640e+28,3.3000e+28,3.7200e+27,3.2900e+27,8.8800e+27,2.7900e+27,1.2203e+08,1.1438e+06,1.1210e+09,1.1209e-09,8.2932e+07,7.5240e+06,3.4648e+05,3.4455e+05,20.4,74.0,5.0,0.6,1.2108e+30,1.1831e+30,1.4030e+28,1.3680e+28,8.0829e+27,0.0000e+00,97.7,1.2,1.1
225,1.2091e+30,2.4752e+29,8.9539e+29,5.9000e+28,7.2200e+27,1.1081e+29,1.3671e+29,4.9525e+29,4.0014e+29,2.6570e+28,3.2430e+28,3.5700e+27,3.6500e+27,9.1900e+27,3.2600e+27,1.2079e+08,6.7606e+05,1.1910e+09,2.2947e-11,8.2245e+07,7.3132e+06,3.4845e+05,3.4648e+05,20.5,74.1,4.9,0.6,1.2096e+30,1.1816e+30,1.4160e+28,1.3860e+28,8.1939e+27,0.0000e+00,97.7,1.2,1.1
226,1.2042e+30,2.4275e+29,8.9607e+29,5.8360e+28,7.0400e+27,1.0993e+29,1.3282e+29,5.0416e+29,3.9191e+29,2.6270e+28,3.2090e+28,3.3500e+27,3.6900e+27,8.4700e+27,2.6500e+27,1.1973e+08,1.9661e+05,1.2194e+09,9.5647e-17,8.1282e+07,7.1882e+06,3.5047e+05,3.4846e+05,20.2,74.4,4.8,0.6,1.2040e+30,1.1768e+30,1.3900e+28,1.3340e+28,8.3086e+27,0.0000e+00,97.7,1.2,1.1
227,1.1865e+30,2.4293e+29,8.7986e+29,5.6670e+28,7.0800e+27,1.0692e+29,1.3601e+29,4.7456e+29,4.0530e+29,2.5990e+28,3.0680e+28,3.5600e+27,3.5200e+27,8.7700e+27,2.5400e+27,1.1848e+08,5.8017e+02,1.1585e+09,1.0241e-20,9.2075e+07,6.9172e+06,3.5252e+05,3.5047e+05,20.5,74.2,4.8,0.6,1.1862e+30,1.1602e+30,1.3430e+28,1.2580e+28,8.3952e+27,0.0000e+00,97.8,1.1,1.1
228,1.1598e+30,2.3512e+29,8.6211e+29,5.5500e+28,7.0300e+27,1.0048e+29,1.3464e+29,4.5759e+29,4.0452e+29,2.6420e+28,2.9080e+28,3.5400e+27,3.4900e+27,8.7100e+27,2.7600e+27,1.1778e+08,4.1952e+05,1.1593e+09,5.5880e-15,9.1793e+07,6.6826e+06,3.5461e+05,3.5253e+05,20.3,74.3,4.8,0.6,1.1602e+30,1.1334e+30,1.3410e+28,1.3400e+28,8.4839e+27,0.0000e+00,97.7,1.2,1.2
229,1.1640e+30,2.3702e+29,8.6422e+29,5.5720e+28,7.0500e+27,1.0468e+29,1.3234e+29,4.6863e+29,3.9559e+29,2.6550e+28,2.9170e+28,3.4000e+27,3.6500e+27,9.5600e+27,2.8700e+27,1.1721e+08,1.1345e+06,1.1572e+09,1.0494e-10,9.0853e+07,6.5999e+06,3.5674e+05,3.5461e+05,20.4,74.2,4.8,0.6,1.1642e+30,1.1372e+30,1.3440e+28,1.3580e+28,8.6075e+27,0.0000e+00,97.7,1.2,1.2
230,1.1510e+30,2.3159e+29,8.5934e+29,5.3060e+28,7.0300e+27,1.0348e+29,1.2811e+29,4.7710e+29,3.8224e+29,2.4440e+28,2.8620e+28,3.5400e+27,3.4900e+27,1.0130e+28,3.6900e+27,1.1647e+08,1.1876e+06,1.2039e+09,1.1912e-09,8.9978e+07,6.3072e+06,3.5891e+05,3.5675e+05,20.1,74.7,4.6,0.6,1.1514e+30,1.1250e+30,1.3470e+28,1.3000e+28,8.7014e+27,0.0000e+00,97.7,1.2,1.1
231,1.1464e+30,2.2970e+29,8.5564e+29,5.3930e+28,7.1300e+27,1.0623e+29,1.2347e+29,4.8431e+29,3.7133e+29,2.5290e+28,2.8640e+28,3.6500e+27,3.4800e+27,1.0240e+28,3.3300e+27,1.1613e+08,6.4982e+05,1.2602e+09,2.5463e-12,8.8981e+07,6.0899e+06,3.6111e+05,3.5891e+05,20.0,74.6,4.7,0.6,1.1458e+30,1.1192e+30,1.3060e+28,1.3540e+28,8.7972e+27,0.0000e+00,97.7,1.1,1.2
232,1.1201e+30,2.2751e+29,8.3368e+29,5.1910e+28,6.9700e+27,1.0664e+29,1.2087e+29,4.8012e+29,3.5356e+29,2.4120e+28,2.7790e+28,3.2900e+27,3.6800e+27,9.5600e+27,2.9900e+27,1.1544e+08,1.0870e+05,1.2263e+09,6.8134e-20,8.8047e+07,5.7723e+06,3.6334e+05,3.6112e+05,20.3,74.4,4.6,0.6,1.1215e+30,1.0945e+30,1.3350e+28,1.3710e+28,8.8950e+27,0.0000e+00,97.6,1.2,1.2
233,1.1177e+30,2.2692e+29,8.3267e+29,5.1000e+28,7.0800e+27,1.0260e+29,1.2432e+29,4.5433e+29,3.7834e+29,2.4570e+28,2.6430e+28,3.5500e+27,3.5300e+27,9.2200e+27,2.6700e+27,1.1475e+08,1.1207e+03,1.1359e+09,1.0203e-20,9.3069e+07,5.4728e+06,3.6562e+05,3.6335e+05,20.3,74.5,4.6,0.6,1.1171e+30,1.0910e+30,1.2980e+28,1.3040e+28,9.0301e+27,0.0000e+00,97.7,1.2,1.2
234,1.0957e+30,2.2168e+29,8.1827e+29,4.8800e+28,6.9500e+27,1.0012e+29,1.2156e+29,4.4348e+29,3.7479e+29,2.3080e+28,2.5720e+28,3.4200e+27,3.5300e+27,9.3100e+27,2.7400e+27,1.1409e+08,6.3242e+05,1.2424e+09,6.8992e-14,9.2099e+07,5.2931e+06,3.6793e+05,3.6563e+05,20.2,74.7,4.5,0.6,1.0953e+30,1.0696e+30,1.2870e+28,1.2800e+28,9.1330e+27,0.0000e+00,97.7,1.2,1.2
235,1.1167e+30,2.2118e+29,8.3752e+29,5.0950e+28,7.0600e+27,1.0206e+29,1.1912e+29,4.7096e+29,3.6656e+29,2.4760e+28,2.6190e+28,3.6100e+27,3.4500e+27,9.5400e+27,3.2400e+27,1.1364e+08,1.4339e+06,1.3439e+09,2.3581e-10,9.0753e+07,5.1997e+06,3.7028e+05,3.6794e+05,19.8,75.0,4.6,0.6,1.1167e+30,1.0912e+30,1.2780e+28,1.2700e+28,9.2745e+27,0.0000e+00,97.7,1.1,1.1
236,1.1007e+30,2.1884e+29,8.2633e+29,4.8520e+28,7.0200e+27,1.0183e+29,1.1701e+29,4.7315e+29,3.5318e+29,2.3400e+28,2.5120e+28,3.6200e+27,3.4000e+27,1.0560e+28,3.8700e+27,1.1304e+08,1.4647e+06,1.1841e+09,3.5937e-09,8.9897e+07,4.8798e+06,3.7267e+05,3.7029e+05,19.9,75.1,4.4,0.6,1.1005e+30,1.0746e+30,1.3160e+28,1.2820e+28,9.3824e+27,0.0000e+00,97.6,1.2,1.2
237,1.0776e+30,2.1559e+29,8.0834e+29,4.6770e+28,6.9100e+27,1.0404e+29,1.1155e+29,4.6699e+29,3.4135e+29,2.2590e+28,2.4180e+28,3.4600e+27,3.4500e+27,1.0840e+28,3.6700e+27,1.1235e+08,8.8727e+05,1.3344e+09,2.1489e-11,8.8725e+07,4.8022e+06,3.7508e+05,3.7268e+05,20.0,75.0,4.3,0.6,1.0785e+30,1.0523e+30,1.3570e+28,1.2640e+28,9.4920e+27,0.0000e+00,97.6,1.3,1.2
238,1.0650e+30,2.1160e+29,7.9951e+29,4.6840e+28,7.0200e+27,1.0343e+29,1.0817e+29,4.6650e+29,3.3301e+29,2.2300e+28,2.4540e+28,3.3100e+27,3.7100e+27,9.5100e+27,3.0800e+27,1.1175e+08,3.0740e+05,1.2450e+09,5.0859e-16,8.7778e+07,4.8839e+06,3.7753e+05,3.7509e+05,19.9,75.1,4.4,0.7,1.0648e+30,1.0398e+30,1.2510e+28,1.2500e+28,9.6033e+27,0.0000e+00,97.7,1.2,1.2
239,1.0761e+30,2.1279e+29,8.1069e+29,4.5630e+28,7.0400e+27,1.0152e+29,1.1127e+29,4.6754e+29,3.4315e+29,2.3130e+28,2.2500e+28,3.4700e+27,3.5700e+27,9.4200e+27,2.8000e+27,1.1102e+08,1.1897e+03,1.3399e+09,1.0094e-20,9.6535e+07,4.7796e+06,3.8002e+05,3.7754e+05,19.8,75.3,4.2,0.7,1.0767e+30,1.0507e+30,1.3280e+28,1.2750e+28,9.7561e+27,0.0000e+00,97.6,1.2,1.2
240,1.0641e+30,2.1071e+29,8.0120e+29,4.5240e+28,6.9700e+27,9.9440e+28,1.1127e+29,4.5479e+29,3.4641e+29,2.2850e+28,2.2390e+28,3.5100e+27,3.4600e+27,9.7400e+27,3.1500e+27,1.1135e+08,4.1406e+05,1.1337e+09,2.6687e-16,9.5954e+07,4.5983e+06,3.8254e+05,3.8003e+05,19.8,75.3,4.3,0.7,1.0635e+30,1.0389e+30,1.2440e+28,1.2180e+28,9.8722e+27,0.0000e+00,97.7,1.2,1.1
241,1.0475e+30,2.0761e+29,7.8806e+29,4.4880e+28,6.9900e+27,1.0000e+29,1.0761e+29,4.5288e+29,3.3518e+29,2.2890e+28,2.1990e+28,3.5000e+27,3.4900e+27,9.8100e+27,3.4800e+27,1.1169e+08,1.2822e+06,1.1934e+09,1.9189e-11,9.4847e+07,4.4898e+06,3.8508e+05,3.8255e+05,19.8,75.2,4.3,0.7,1.0481e+30,1.0236e+30,1.2880e+28,1.1640e+28,9.9899e+27,0.0000e+00,97.7,1.2,1.1
242,1.0526e+30,2.0782e+29,7.9321e+29,4.4540e+28,7.0000e+27,1.0129e+29,1.0653e+29,4.6577e+29,3.2744e+29,2.2370e+28,2.2170e+28,3.3900e+27,3.6100e+27,1.0880e+28,3.8000e+27,1.1192e+08,2.1608e+06,1.2323e+09,3.5234e-09,9.3562e+07,4.3903e+06,3.8767e+05,3.8509e+05,19.7,75.4,4.2,0.7,1.0512e+30,1.0263e+30,1.2760e+28,1.2090e+28,1.0151e+28,0.0000e+00,97.6,1.2,1.2
243,1.0464e+30,2.0559e+29,7.9036e+29,4.3520e+28,6.9400e+27,1.0229e+29,1.0330e+29,4.7258e+29,3.1778e+29,2.1830e+28,2.1690e+28,3.2700e+27,3.6700e+27,1.0730e+28,4.3800e+27,1.1205e+08,1.6441e+06,1.0694e+09,2.1352e-09,9.2701e+07,4.2695e+06,3.9029e+05,3.8768e+05,19.6,75.5,4.2,0.7,1.0483e+30,1.0224e+30,1.3220e+28,1.2650e+28,1.0274e+28,0.0000e+00,97.5,1.3,1.2
244,1.0373e+30,2.0271e+29,7.8616e+29,4.1490e+28,6.9900e+27,1.0200e+29,1.0071e+29,4.7648e+29,3.0968e+29,2.1320e+28,2.0170e+28,3.3900e+27,3.6000e+27,1.1390e+28,4.2600e+27,1.1217e+08,1.0079e+06,1.3933e+09,1.4110e-11,9.2849e+07,4.1108e+06,3.9293e+05,3.9030e+05,19.5,75.8,4.0,0.7,1.0373e+30,1.0129e+30,1.2760e+28,1.1570e+28,1.0397e+28,0.0000e+00,97.7,1.2,1.1
245,1.0133e+30,1.9798e+29,7.6626e+29,4.2160e+28,6.9500e+27,1.0069e+29,9.7290e+28,4.6438e+29,3.0188e+29,2.1070e+28,2.1090e+28,3.4700e+27,3.4800e+27,1.0400e+28,3.3600e+27,1.1224e+08,3.6705e+05,1.0455e+09,5.6354e-16,9.2176e+07,4.0416e+06,3.9560e+05,3.9294e+05,19.5,75.6,4.2,0.7,1.0127e+30,9.8798e+29,1.2860e+28,1.1870e+28,1.0522e+28,0.0000e+00,97.6,1.3,1.2
246,1.0022e+30,1.9530e+29,7.5899e+29,4.0930e+28,6.9600e+27,1.0129e+29,9.4010e+28,4.6266e+29,2.9633e+29,2.1310e+28,1.9620e+28,3.5800e+27,3.3800e+27,1.0170e+28,3.4300e+27,1.1250e+08,1.3315e+03,1.4478e+09,1.0013e-20,1.0481e+08,3.7949e+06,3.9830e+05,3.9561e+05,19.5,75.7,4.1,0.7,1.0026e+30,9.7748e+29,1.2780e+28,1.2290e+28,1.0694e+28,0.0000e+00,97.5,1.3,1.2
247,1.0020e+30,1.9340e+29,7.5980e+29,4.1870e+28,6.9600e+27,9.7770e+28,9.5630e+28,4.4777e+29,3.1203e+29,2.2320e+28,1.9550e+28,3.4800e+27,3.4800e+27,1.1070e+28,3.3300e+27,1.1292e+08,4.0042e+05,1.3690e+09,5.1230e-17,1.0424e+08,3.6339e+06,4.0103e+05,3.9831e+05,19.3,75.8,4.2,0.7,1.0024e+30,9.7852e+29,1.2030e+28,1.1830e+28,1.0822e+28,0.0000e+00,97.6,1.2,1.2
248,1.0103e+30,1.9821e+29,7.6335e+29,4.1720e+28,7.0200e+27,1.0193e+29,9.6280e+28,4.5357e+29,3.0978e+29,2.1570e+28,2.0150e+28,3.3600e+27,3.6600e+27,1.1250e+28,4.2600e+27,1.1318e+08,1.3281e+06,1.2158e+09,6.6696e-12,1.0323e+08,3.4159e+06,4.0380e+05,4.0105e+05,19.6,75.6,4.1,0.7,1.0100e+30,9.8560e+29,1.1950e+28,1.2470e+28,1.1000e+28,0.0000e+00,97.6,1.2,1.2
249,9.9308e+29,1.9166e+29,7.5581e+29,3.8680e+28,6.9300e+27,9.8300e+28,9.3360e+28,4.6301e+29,2.9280e+29,2.0900e+28,1.7780e+28,3.3600e+27,3.5700e+27,1.1120e+28,4.7600e+27,1.1339e+08,2.2664e+06,1.2071e+09,1.3955e-09,1.0200e+08,3.2782e+06,4.0658e+05,4.0381e+05,19.3,76.1,3.9,0.7,9.9313e+29,9.6924e+29,1.2020e+28,1.1870e+28,1.1084e+28,0.0000e+00,97.6,1.2,1.2
250,9.8832e+29,1.8988e+29,7.5202e+29,3.9490e+28,6.9300e+27,1.0067e+29,8.9210e+28,4.6404e+29,2.8798e+29,2.0910e+28,1.8580e+28,3.2700e+27,3.6600e+27,1.1660e+28,4.8600e+27,1.1364e+08,2.3860e+06,1.3554e+09,3.5670e-08,1.0113e+08,3.2010e+06,4.0939e+05,4.0659e+05,19.2,76.1,4.0,0.7,9.8843e+29,9.6480e+29,1.2270e+28,1.1360e+28,1.1265e+28,0.0000e+00,97.6,1.2,1.1
251,9.8161e+29,1.8701e+29,7.4954e+29,3.8090e+28,6.9700e+27,1.0004e+29,8.6970e+28,4.7440e+29,2.7514e+29,1.9860e+28,1.8230e+28,3.6700e+27,3.3000e+27,1.2030e+28,4.8000e+27,1.1400e+08,1.7413e+06,1.0335e+09,1.3292e-09,1.0008e+08,3.1708e+06,4.1224e+05,4.0941e+05,19.1,76.4,3.9,0.7,9.8072e+29,9.5593e+29,1.2960e+28,1.1830e+28,1.1451e+28,0.0000e+00,97.5,1.3,1.2
252,9.7130e+29,1.8513e+29,7.4264e+29,3.6590e+28,6.9400e+27,1.0016e+29,8.4970e+28,4.7097e+29,2.7167e+29,1.8910e+28,1.7680e+28,3.5600e+27,3.3800e+27,1.1980e+28,5.0500e+27,1.1436e+08,1.0779e+06,1.0677e+09,1.0231e-11,9.9867e+07,3.0038e+06,4.1511e+05,4.1226e+05,19.1,76.5,3.8,0.7,9.7101e+29,9.4780e+29,1.2610e+28,1.0600e+28,1.1587e+28,0.0000e+00,97.6,1.3,1.1
253,9.7595e+29,1.8335e+29,7.4860e+29,3.7070e+28,6.9300e+27,1.0098e+29,8.2370e+28,4.7866e+29,2.6994e+29,1.9600e+28,1.7470e+28,3.5100e+27,3.4200e+27,1.0930e+28,4.4900e+27,1.1450e+08,4.2003e+05,1.8379e+09,8.0337e-16,9.8920e+07,2.9113e+06,4.1800e+05,4.1513e+05,18.8,76.7,3.8,0.7,9.7606e+29,9.5243e+29,1.2280e+28,1.1350e+28,1.1725e+28,0.0000e+00,97.6,1.3,1.2
254,9.5120e+29,1.8174e+29,7.2506e+29,3.7360e+28,7.0400e+27,1.0137e+29,8.0370e+28,4.6429e+29,2.6077e+29,2.0000e+28,1.7360e+28,3.6400e+27,3.4000e+27,1.1750e+28,4.3300e+27,1.1459e+08,6.3105e+02,1.2825e+09,1.0020e-20,1.1756e+08,2.7594e+06,4.2091e+05,4.1802e+05,19.1,76.2,3.9,0.7,9.5291e+29,9.2908e+29,1.2710e+28,1.1120e+28,1.1863e+28,0.0000e+00,97.5,1.3,1.2
255,9.6287e+29,1.8240e+29,7.3687e+29,3.6660e+28,6.9400e+27,9.9030e+28,8.3370e+28,4.5705e+29,2.7982e+29,2.0290e+28,1.6370e+28,3.5200e+27,3.4200e+27,1.1450e+28,4.7800e+27,1.1479e+08,3.5203e+05,1.1342e+09,4.5153e-18,1.1739e+08,2.6062e+06,4.2385e+05,4.2093e+05,18.9,76.5,3.8,0.7,9.6232e+29,9.3864e+29,1.2330e+28,1.1350e+28,1.2056e+28,0.0000e+00,97.5,1.3,1.2
256,9.5567e+29,1.8083e+29,7.3186e+29,3.6050e+28,6.9300e+27,9.9510e+28,8.1320e+28,4.5964e+29,2.7222e+29,1.9720e+28,1.6330e+28,3.4700e+27,3.4600e+27,1.2070e+28,5.2600e+27,1.1515e+08,1.3140e+06,1.3670e+09,1.7876e-12,1.1651e+08,2.5191e+06,4.2682e+05,4.2387e+05,18.9,76.6,3.8,0.7,9.5511e+29,9.3086e+29,1.2230e+28,1.2020e+28,1.2253e+28,0.0000e+00,97.5,1.3,1.3
257,9.4515e+29,1.7736e+29,7.2620e+29,3.4600e+28,6.9900e+27,9.8050e+28,7.9310e+28,4.5866e+29,2.6754e+29,1.9090e+28,1.5510e+28,3.3400e+27,3.6500e+27,1.2150e+28,5.5400e+27,1.1534e+08,2.2936e+06,1.5223e+09,4.5266e-10,1.1556e+08,2.3834e+06,4.2981e+05,4.2684e+05,18.8,76.8,3.7,0.7,9.4570e+29,9.2224e+29,1.2220e+28,1.1240e+28,1.2395e+28,0.0000e+00,97.5,1.3,1.2
258,9.2310e+29,1.7426e+29,7.0641e+29,3.5410e+28,7.0200e+27,9.7790e+28,7.6470e+28,4.4857e+29,2.5784e+29,1.9570e+28,1.5840e+28,3.3800e+27,3.6400e+27,1.2140e+28,6.0300e+27,1.1554e+08,3.1928e+06,1.1525e+09,1.5813e-08,1.1506e+08,2.3473e+06,4.3282e+05,4.2983e+05,18.9,76.5,3.8,0.8,9.2282e+29,8.9992e+29,1.1830e+28,1.1070e+28,1.2538e+28,0.0000e+00,97.5,1.3,1.2
259,9.3284e+29,1.7627e+29,7.1603e+29,3.3590e+28,6.9500e+27,9.9620e+28,7.6650e+28,4.5940e+29,2.5663e+29,1.8490e+28,1.5100e+28,3.5400e+27,3.4100e+27,1.3150e+28,6.2500e+27,1.1585e+08,2.5967e+06,1.1571e+09,4.9533e-08,1.1398e+08,2.1988e+06,4.3583e+05,4.3283e+05,18.9,76.8,3.6,0.7,9.3252e+29,9.0900e+29,1.2340e+28,1.1180e+28,1.2680e+28,0.0000e+00,97.5,1.3,1.2
260,9.3123e+29,1.7679e+29,7.1503e+29,3.2530e+28,6.8800e+27,1.0195e+29,7.4840e+28,4.7115e+29,2.4388e+29,1.7620e+28,1.4910e+28,3.5400e+27,3.3400e+27,1.3840e+28,6.4800e+27,1.1600e+08,1.9929e+06,1.3991e+09,3.2050e-09,1.1310e+08,2.1450e+06,4.3888e+05,4.3585e+05,19.0,76.8,3.5,0.7,9.3088e+29,9.0712e+29,1.3220e+28,1.0540e+28,1.2883e+28,0.0000e+00,97.4,1.4,1.1
261,9.1884e+29,1.7226e+29,7.0792e+29,3.1790e+28,6.8700e+27,1.0053e+29,7.1730e+28,4.6725e+29,2.4067e+29,1.7230e+28,1.4560e+28,3.4200e+27,3.4500e+27,1.3780e+28,6.5300e+27,1.1636e+08,1.3818e+06,1.4555e+09,7.6303e-11,1.1157e+08,2.0575e+06,4.4195e+05,4.3889e+05,18.7,77.0,3.5,0.7,9.1988e+29,8.9723e+29,1.2330e+28,1.0320e+28,1.3089e+28,0.0000e+00,97.5,1.3,1.1
262,9.1152e+29,1.7149e+29,7.0109e+29,3.1980e+28,6.9600e+27,1.0085e+29,7.0640e+28,4.6044e+29,2.4065e+29,1.7880e+28,1.4100e+28,3.1500e+27,3.8100e+27,1.3260e+28,5.8600e+27,1.1656e+08,7.7506e+05,1.1739e+09,2.1690e-13,1.1015e+08,2.0999e+06,4.4503e+05,4.4196e+05,18.8,76.9,3.5,0.8,9.1048e+29,8.8705e+29,1.2630e+28,1.0800e+28,1.3234e+28,0.0000e+00,97.4,1.4,1.2
263,9.1433e+29,1.6897e+29,7.0813e+29,3.0460e+28,6.7700e+27,9.9930e+28,6.9040e+28,4.7099e+29,2.3714e+29,1.6730e+28,1.3730e+28,3.3500e+27,3.4200e+27,1.2580e+28,5.7300e+27,1.1687e+08,1.7132e+05,1.1157e+09,9.0199e-20,1.1008e+08,2.0355e+06,4.4812e+05,4.4504e+05,18.5,77.4,3.3,0.7,9.1479e+29,8.9220e+29,1.2050e+28,1.0540e+28,1.3379e+28,0.0000e+00,97.5,1.3,1.2
264,9.0916e+29,1.6804e+29,7.0246e+29,3.1780e+28,6.8800e+27,9.8470e+28,6.9570e+28,4.5421e+29,2.4825e+29,1.8370e+28,1.3410e+28,3.3700e+27,3.5100e+27,1.2450e+28,5.8800e+27,1.1715e+08,3.1322e+02,1.1973e+09,1.0543e-20,1.3526e+08,1.9322e+06,4.5123e+05,4.4813e+05,18.5,77.3,3.5,0.8,9.0980e+29,8.8651e+29,1.2500e+28,1.0790e+28,1.3588e+28,0.0000e+00,97.4,1.4,1.2
265,8.9168e+29,1.6670e+29,6.8727e+29,3.0860e+28,6.8500e+27,9.6920e+28,6.9780e+28,4.4408e+29,2.4319e+29,1.7950e+28,1.2910e+28,3.1800e+27,3.6700e+27,1.2840e+28,6.8300e+27,1.1763e+08,6.7629e+05,1.2414e+09,8.8736e-16,1.3461e+08,1.9016e+06,4.5436e+05,4.5125e+05,18.7,77.1,3.5,0.8,8.9116e+29,8.6847e+29,1.2090e+28,1.0600e+28,1.3733e+28,0.0000e+00,97.5,1.4,1.2
266,8.9324e+29,1.6405e+29,6.9097e+29,3.1290e+28,6.9300e+27,9.7880e+28,6.6170e+28,4.5152e+29,2.3945e+29,1.8140e+28,1.3150e+28,3.5100e+27,3.4200e+27,1.3290e+28,6.3300e+27,1.1836e+08,1.6166e+06,1.2610e+09,4.7420e-12,1.3328e+08,1.8245e+06,4.5750e+05,4.5437e+05,18.4,77.4,3.5,0.8,8.9349e+29,8.7092e+29,1.1770e+28,1.0800e+28,1.3946e+28,0.0000e+00,97.5,1.3,1.2
267,8.9025e+29,1.6548e+29,6.8765e+29,3.0190e+28,6.9300e+27,9.9070e+28,6.6410e+28,4.4938e+29,2.3827e+29,1.7410e+28,1.2780e+28,3.1100e+27,3.8200e+27,1.3700e+28,7.0800e+27,1.1885e+08,2.5640e+06,1.1346e+09,4.6737e-10,1.3243e+08,1.7502e+06,4.6066e+05,4.5752e+05,18.6,77.2,3.4,0.8,8.8980e+29,8.6728e+29,1.1710e+28,1.0810e+28,1.4161e+28,0.0000e+00,97.5,1.3,1.2
268,8.7546e+29,1.6253e+29,6.7644e+29,2.9570e+28,6.9200e+27,9.7740e+28,6.4790e+28,4.4696e+29,2.2948e+29,1.7060e+28,1.2510e+28,3.4100e+27,3.5100e+27,1.3440e+28,7.3100e+27,1.1940e+08,3.5252e+06,1.1687e+09,1.0772e-08,1.3082e+08,1.6719e+06,4.6383e+05,4.6068e+05,18.6,77.3,3.4,0.8,8.7566e+29,8.5311e+29,1.2110e+28,1.0440e+28,1.4306e+28,0.0000e+00,97.4,1.4,1.2
269,8.6259e+29,1.5879e+29,6.6804e+29,2.9020e+28,6.7400e+27,9.6160e+28,6.2630e+28,4.4052e+29,2.2752e+29,1.6920e+28,1.2100e+28,3.3900e+27,3.3500e+27,1.3350e+28,7.1000e+27,1.1982e+08,3.5588e+06,1.5094e+09,1.1476e-07,1.2922e+08,1.5493e+06,4.6700e+05,4.6385e+05,18.4,77.4,3.4,0.8,8.6317e+29,8.4124e+29,1.1690e+28,1.0240e+28,1.4449e+28,0.0000e+00,97.5,1.4,1.2
270,8.6203e+29,1.6029e+29,6.6673e+29,2.7980e+28,7.0300e+27,9.9330e+28,6.0960e+28,4.4642e+29,2.2031e+29,1.6230e+28,1.1750e+28,3.2300e+27,3.8000e+27,1.4250e+28,7.9200e+27,1.2031e+08,3.0298e+06,1.2395e+09,1.2382e-07,1.2733e+08,1.5102e+06,4.7020e+05,4.6702e+05,18.6,77.3,3.2,0.8,8.6261e+29,8.3978e+29,1.2220e+28,1.0610e+28,1.4741e+28,0.0000e+00,97.4,1.4,1.2
271,8.4758e+29,1.5755e+29,6.5606e+29,2.7030e+28,6.9400e+27,9.7300e+28,6.0250e+28,4.4079e+29,2.1527e+29,1.5650e+28,1.1380e+28,3.5500e+27,3.3900e+27,1.4110e+28,9.0300e+27,1.2079e+08,2.5052e+06,1.0909e+09,1.6777e-08,1.2732e+08,1.5300e+06,4.7339e+05,4.7022e+05,18.6,77.4,3.2,0.8,8.4670e+29,8.2383e+29,1.2550e+28,1.0320e+28,1.4808e+28,0.0000e+00,97.3,1.5,1.2
272,8.5463e+29,1.5795e+29,6.6359e+29,2.6110e+28,6.9800e+27,9.8110e+28,5.9840e+28,4.4670e+29,2.1689e+29,1.4770e+28,1.1340e+28,3.4600e+27,3.5200e+27,1.4950e+28,9.5900e+27,1.2140e+08,1.9730e+06,1.5262e+09,1.4026e-09,1.2566e+08,1.4487e+06,4.7661e+05,4.7341e+05,18.5,77.6,3.1,0.8,8.5472e+29,8.3318e+29,1.1720e+28,9.8200e+27,1.5104e+28,0.0000e+00,97.5,1.4,1.1
273,8.4809e+29,1.5379e+29,6.6069e+29,2.6780e+28,6.8300e+27,9.7060e+28,5.6730e+28,4.4837e+29,2.1232e+29,1.5210e+28,1.1570e+28,3.3800e+27,3.4500e+27,1.5090e+28,9.0200e+27,1.2234e+08,1.4458e+06,1.5770e+09,5.5930e-11,1.2451e+08,1.4186e+06,4.7982e+05,4.7662e+05,18.1,77.9,3.2,0.8,8.4801e+29,8.2589e+29,1.2150e+28,9.9700e+27,1.5246e+28,0.0000e+00,97.4,1.4,1.2
274,8.3329e+29,1.5135e+29,6.4949e+29,2.5590e+28,6.8600e+27,9.6430e+28,5.4920e+28,4.4377e+29,2.0572e+29,1.4410e+28,1.1180e+28,3.2200e+27,3.6400e+27,1.3810e+28,7.0500e+27,1.2313e+08,9.1353e+05,1.1126e+09,5.3641e-13,1.2330e+08,1.2759e+06,4.8303e+05,4.7984e+05,18.2,77.9,3.1,0.8,8.3378e+29,8.1210e+29,1.1650e+28,1.0030e+28,1.5385e+28,0.0000e+00,97.4,1.4,1.2
275,8.2923e+29,1.5433e+29,6.4292e+29,2.5040e+28,6.9400e+27,9.8320e+28,5.6010e+28,4.4539e+29,1.9753e+29,1.4190e+28,1.0850e+28,3.4700e+27,3.4700e+27,1.3600e+28,8.0900e+27,1.2402e+08,3.8483e+05,1.3518e+09,9.7379e-17,1.2215e+08,1.2714e+06,4.8627e+05,4.8305e+05,18.6,77.5,3.0,0.8,8.2979e+29,8.0715e+29,1.2630e+28,1.0010e+28,1.5687e+28,0.0000e+00,97.3,1.5,1.2
276,8.1918e+29,1.5088e+29,6.3600e+29,2.5460e+28,6.8400e+27,9.6730e+28,5.4150e+28,4.3470e+29,2.0130e+29,1.5160e+28,1.0300e+28,3.4600e+27,3.3800e+27,1.3750e+28,7.6800e+27,1.2477e+08,2.5593e+01,1.1996e+09,1.0095e-20,1.5160e+08,1.2180e+06,4.8950e+05,4.8629e+05,18.4,77.6,3.1,0.8,8.1777e+29,7.9585e+29,1.2300e+28,9.6200e+27,1.5825e+28,0.0000e+00,97.3,1.5,1.2
277,8.1067e+29,1.5110e+29,6.2769e+29,2.5070e+28,6.8100e+27,9.4520e+28,5.6580e+28,4.1751e+29,2.1018e+29,1.5140e+28,9.9300e+27,3.4000e+27,3.4100e+27,1.3120e+28,8.6200e+27,1.2551e+08,2.3400e+05,1.2673e+09,1.2373e-20,1.5122e+08,1.2049e+06,4.9272e+05,4.8952e+05,18.6,77.4,3.1,0.8,8.1084e+29,7.8901e+29,1.1900e+28,9.9300e+27,1.5960e+28,0.0000e+00,97.3,1.5,1.2
278,8.2312e+29,1.4982e+29,6.4105e+29,2.5390e+28,6.8600e+27,9.5770e+28,5.4050e+28,4.2846e+29,2.1259e+29,1.5620e+28,9.7700e+27,3.4300e+27,3.4300e+27,1.3940e+28,8.4200e+27,1.2638e+08,1.0789e+06,1.2984e+09,2.5249e-14,1.4973e+08,1.1457e+06,4.9597e+05,4.9274e+05,18.2,77.9,3.1,0.8,8.2394e+29,8.0154e+29,1.2340e+28,1.0060e+28,1.6267e+28,0.0000e+00,97.3,1.5,1.2
279,8.0224e+29,1.4891e+29,6.2131e+29,2.5150e+28,6.8700e+27,9.4880e+28,5.4030e+28,4.1593e+29,2.0538e+29,1.5090e+28,1.0060e+28,3.2600e+27,3.6100e+27,1.3840e+28,8.6200e+27,1.2704e+08,1.9380e+06,1.3594e+09,7.9800e-12,1.4847e+08,1.0774e+06,4.9920e+05,4.9599e+05,18.6,77.4,3.1,0.9,8.0206e+29,7.8092e+29,1.1860e+28,9.2800e+27,1.6400e+28,0.0000e+00,97.4,1.5,1.2
280,7.9523e+29,1.4862e+29,6.1496e+29,2.4830e+28,6.8200e+27,9.4650e+28,5.3970e+28,4.1058e+29,2.0438e+29,1.5130e+28,9.7000e+27,3.4700e+27,3.3500e+27,1.4140e+28,8.4300e+27,1.2783e+08,2.8021e+06,1.2590e+09,2.9594e-10,1.4727e+08,1.0823e+06,5.0244e+05,4.9922e+05,18.7,77.3,3.1,0.9,7.9493e+29,7.7371e+29,1.1700e+28,9.5200e+27,1.6621e+28,0.0000e+00,97.3,1.5,1.2
281,7.7445e+29,1.4344e+29,6.0069e+29,2.3440e+28,6.8800e+27,9.2600e+28,5.0840e+28,4.0424e+29,1.9645e+29,1.4180e+28,9.2600e+27,3.4900e+27,3.3900e+27,1.4130e+28,8.6900e+27,1.2861e+08,2.9224e+06,1.2219e+09,4.1193e-09,1.4527e+08,1.0435e+06,5.0567e+05,5.0246e+05,18.5,77.6,3.0,0.9,7.7461e+29,7.5283e+29,1.2110e+28,9.6700e+27,1.6748e+28,0.0000e+00,97.2,1.6,1.2
282,7.9233e+29,1.4610e+29,6.1564e+29,2.3720e+28,6.8700e+27,9.5440e+28,5.0660e+28,4.1941e+29,1.9623e+29,1.4410e+28,9.3100e+27,3.7200e+27,3.1500e+27,1.4800e+28,8.5200e+27,1.2952e+08,2.8265e+06,1.5146e+09,3.2086e-08,1.4304e+08,1.0185e+06,5.0891e+05,5.0568e+05,18.4,77.7,3.0,0.9,7.9208e+29,7.7063e+29,1.1710e+28,9.7400e+27,1.7061e+28,0.0000e+00,97.3,1.5,1.2
283,7.7823e+29,1.4347e+29,6.0603e+29,2.1860e+28,6.8700e+27,9.5010e+28,4.8460e+28,4.1105e+29,1.9498e+29,1.3330e+28,8.5300e+27,3.3600e+27,3.5100e+27,1.5680e+28,9.3400e+27,1.3054e+08,2.6745e+06,1.0822e+09,1.7401e-07,1.4134e+08,9.1920e+05,5.1214e+05,5.0893e+05,18.4,77.9,2.8,0.9,7.7845e+29,7.5706e+29,1.2180e+28,9.2100e+27,1.7185e+28,0.0000e+00,97.3,1.6,1.2
284,7.7921e+29,1.4320e+29,6.0703e+29,2.2080e+28,6.9000e+27,9.5280e+28,4.7920e+28,4.1132e+29,1.9571e+29,1.3460e+28,8.6200e+27,3.5600e+27,3.3400e+27,1.5980e+28,9.6500e+27,1.3142e+08,2.5090e+06,1.5394e+09,7.1886e-07,1.3944e+08,8.5902e+05,5.1537e+05,5.1216e+05,18.4,77.9,2.8,0.9,7.7876e+29,7.5760e+29,1.2080e+28,9.0800e+27,1.7403e+28,0.0000e+00,97.3,1.6,1.2
285,7.6810e+29,1.4112e+29,5.9920e+29,2.0990e+28,6.7900e+27,9.3790e+28,4.7330e+28,4.0813e+29,1.9107e+29,1.2330e+28,8.6600e+27,3.5300e+27,3.2600e+27,1.6250e+28,1.0560e+28,1.3249e+08,2.3580e+06,1.3006e+09,7.3858e-07,1.3755e+08,8.6794e+05,5.1859e+05,5.1538e+05,18.4,78.0,2.7,0.9,7.6912e+29,7.4815e+29,1.2200e+28,8.7700e+27,1.7620e+28,0.0000e+00,97.3,1.6,1.1
286,7.5155e+29,1.3595e+29,5.8820e+29,2.0500e+28,6.9000e+27,9.0800e+28,4.5150e+28,4.0509e+29,1.8311e+29,1.2260e+28,8.2400e+27,3.2800e+27,3.6200e+27,1.5560e+28,1.0980e+28,1.3320e+08,2.3916e+06,1.2335e+09,2.3300e-07,1.3584e+08,9.0042e+05,5.2179e+05,5.1861e+05,18.1,78.3,2.7,0.9,7.5145e+29,7.3080e+29,1.2220e+28,8.4300e+27,1.7735e+28,0.0000e+00,97.3,1.6,1.1
287,7.6846e+29,1.3915e+29,6.0178e+29,2.0670e+28,6.8600e+27,9.2930e+28,4.6220e+28,4.1306e+29,1.8872e+29,1.2110e+28,8.5600e+27,3.4400e+27,3.4200e+27,1.5870e+28,1.1070e+28,1.3419e+08,2.3437e+06,1.3286e+09,6.3892e-08,1.3438e+08,8.8637e+05,5.2500e+05,5.2181e+05,18.1,78.3,2.7,0.9,7.6789e+29,7.4742e+29,1.2140e+28,8.3300e+27,1.8051e+28,0.0000e+00,97.3,1.6,1.1
288,7.4027e+29,1.3823e+29,5.7552e+29,1.9670e+28,6.8500e+27,9.3600e+28,4.4630e+28,3.9551e+29,1.8001e+29,1.1750e+28,7.9200e+27,3.3000e+27,3.5500e+27,1.7510e+28,1.1950e+28,1.3530e+08,2.2679e+06,1.2535e+09,1.5068e-08,1.3235e+08,8.3583e+05,5.2819e+05,5.2502e+05,18.7,77.7,2.7,0.9,7.4085e+29,7.1983e+29,1.2120e+28,8.9000e+27,1.8160e+28,0.0000e+00,97.2,1.6,1.2
289,7.4098e+29,1.3652e+29,5.7839e+29,1.9180e+28,6.8900e+27,9.0950e+28,4.5570e+28,3.9475e+29,1.8364e+29,1.1330e+28,7.8500e+27,3.4000e+27,3.4900e+27,1.6720e+28,1.1340e+28,1.3655e+08,2.1280e+06,1.5421e+09,2.9177e-09,1.3083e+08,8.3362e+05,5.3138e+05,5.2821e+05,18.4,78.1,2.6,0.9,7.4074e+29,7.2043e+29,1.2080e+28,8.2300e+27,1.8371e+28,0.0000e+00,97.3,1.6,1.1
290,7.3584e+29,1.3664e+29,5.7320e+29,1.9110e+28,6.8900e+27,9.3280e+28,4.3360e+28,3.9475e+29,1.7845e+29,1.1130e+28,7.9800e+27,3.4900e+27,3.4000e+27,1.6560e+28,1.0660e+28,1.3744e+08,1.8105e+06,1.2503e+09,4.2157e-10,1.2989e+08,7.9386e+05,5.3457e+05,5.3139e+05,18.6,77.9,2.6,0.9,7.3574e+29,7.1549e+29,1.2040e+28,8.2100e+27,1.8689e+28,0.0000e+00,97.2,1.6,1.1
291,7.2815e+29,1.3511e+29,5.6793e+29,1.8250e+28,6.8600e+27,9.2170e+28,4.2940e+28,3.9419e+29,1.7374e+29,1.1000e+28,7.2500e+27,3.3700e+27,3.4900e+27,1.5890e+28,9.8600e+27,1.3860e+08,1.4482e+06,1.2387e+09,4.1670e-11,1.2804e+08,7.7201e+05,5.3773e+05,5.3459e+05,18.6,78.0,2.5,0.9,7.2848e+29,7.0760e+29,1.2850e+28,8.0300e+27,1.8789e+28,0.0000e+00,97.1,1.8,1.1
292,7.2308e+29,1.3397e+29,5.6340e+29,1.8880e+28,6.8300e+27,9.1000e+28,4.2970e+28,3.8400e+29,1.7940e+29,1.1160e+28,7.7200e+27,3.4900e+27,3.3400e+27,1.6070e+28,9.9200e+27,1.3939e+08,1.0893e+06,1.4121e+09,2.2622e-12,1.2598e+08,7.6744e+05,5.4088e+05,5.3775e+05,18.5,77.9,2.6,0.9,7.2401e+29,7.0345e+29,1.2170e+28,8.3900e+27,1.8995e+28,0.0000e+00,97.2,1.7,1.2
293,7.2006e+29,1.3348e+29,5.6167e+29,1.8040e+28,6.8700e+27,9.1210e+28,4.2270e+28,3.8404e+29,1.7763e+29,1.0300e+28,7.7400e+27,3.6800e+27,3.1900e+27,1.5950e+28,9.1800e+27,1.4031e+08,7.3585e+05,1.2648e+09,4.3134e-14,1.2468e+08,6.5826e+05,5.4401e+05,5.4090e+05,18.5,78.0,2.5,1.0,7.1889e+29,6.9863e+29,1.2040e+28,8.2200e+27,1.9199e+28,0.0000e+00,97.2,1.7,1.1
294,6.9994e+29,1.2947e+29,5.4627e+29,1.7330e+28,6.8700e+27,8.9820e+28,3.9650e+28,3.7624e+29,1.7003e+29,1.0070e+28,7.2600e+27,3.4800e+27,3.3900e+27,1.5580e+28,1.0110e+28,1.4123e+08,3.9007e+05,1.2812e+09,7.9672e-17,1.2343e+08,6.0047e+05,5.4713e+05,5.4403e+05,18.5,78.0,2.5,1.0,7.0131e+29,6.8172e+29,1.1630e+28,7.9600e+27,1.9400e+28,0.0000e+00,97.2,1.7,1.1
295,7.0344e+29,1.2957e+29,5.4973e+29,1.7240e+28,6.9000e+27,8.8900e+28,4.0670e+28,3.7949e+29,1.7024e+29,9.8800e+27,7.3600e+27,3.4400e+27,3.4600e+27,1.5230e+28,1.0090e+28,1.4206e+08,4.8609e+04,1.2687e+09,1.0220e-20,1.2223e+08,6.3073e+05,5.5023e+05,5.4715e+05,18.4,78.1,2.5,1.0,7.0258e+29,6.8336e+29,1.1810e+28,7.4100e+27,1.9600e+28,0.0000e+00,97.3,1.7,1.1
296,7.1711e+29,1.3040e+29,5.6081e+29,1.9050e+28,6.8500e+27,8.9290e+28,4.1110e+28,3.7452e+29,1.8629e+29,1.2110e+28,6.9400e+27,3.4200e+27,3.4300e+27,1.5450e+28,9.9600e+27,1.4280e+08,1.0268e+02,1.4254e+09,1.0123e-20,1.8236e+08,6.6786e+05,5.5332e+05,5.5025e+05,18.2,78.2,2.7,1.0,7.1593e+29,6.9554e+29,1.2040e+28,8.3500e+27,1.9796e+28,0.0000e+00,97.2,1.7,1.2
297,7.0876e+29,1.3044e+29,5.5326e+29,1.8180e+28,6.8800e+27,8.9140e+28,4.1300e+28,3.6768e+29,1.8558e+29,1.1380e+28,6.8000e+27,3.7200e+27,3.1600e+27,1.6230e+28,8.9000e+27,1.4353e+08,5.6921e+05,1.3433e+09,4.4541e-18,1.7971e+08,6.6484e+05,5.5638e+05,5.5334e+05,18.4,78.1,2.6,1.0,7.0900e+29,6.8910e+29,1.1850e+28,8.0500e+27,1.9990e+28,0.0000e+00,97.2,1.7,1.1
298,7.1491e+29,1.2736e+29,5.6256e+29,1.8180e+28,6.8100e+27,8.6700e+28,4.0660e+28,3.7303e+29,1.8953e+29,1.1550e+28,6.6300e+27,3.4200e+27,3.3900e+27,1.5510e+28,8.8700e+27,1.4440e+08,1.2255e+06,1.2152e+09,6.8351e-15,1.7776e+08,6.3326e+05,5.5942e+05,5.5640e+05,17.8,78.7,2.5,1.0,7.1461e+29,6.9440e+29,1.2080e+28,8.1300e+27,2.0181e+28,0.0000e+00,97.2,1.7,1.1
299,6.8208e+29,1.2708e+29,5.3073e+29,1.7410e+28,6.8600e+27,8.6400e+28,4.0680e+28,3.5206e+29,1.7867e+29,1.0890e+28,6.5200e+27,3.3800e+27,3.4800e+27,1.6220e+28,9.5200e+27,1.4548e+08,1.3217e+06,1.1665e+09,4.2938e-13,1.7469e+08,6.0354e+05,5.6244e+05,5.5944e+05,18.6,77.8,2.6,1.0,6.8276e+29,6.6348e+29,1.1430e+28,7.8500e+27,2.0368e+28,0.0000e+00,97.2,1.7,1.1
300,6.8552e+29,1.2611e+29,5.3628e+29,1.6410e+28,6.7200e+27,8.6370e+28,3.9740e+28,3.5672e+29,1.7956e+29,1.0490e+28,5.9200e+27,3.2400e+27,3.4800e+27,1.6510e+28,9.2100e+27,1.4625e+08,1.3135e+06,1.2589e+09,7.5855e-12,1.7115e+08,5.9692e+05,5.6544e+05,5.6246e+05,18.4,78.2,2.4,1.0,6.8585e+29,6.6630e+29,1.1670e+28,7.8800e+27,2.0553e+28,0.0000e+00,97.1,1.7,1.1
301,6.8589e+29,1.2468e+29,5.3680e+29,1.7430e+28,6.9800e+27,8.5650e+28,3.9030e+28,3.5577e+29,1.8103e+29,1.0760e+28,6.6700e+27,3.4700e+27,3.5100e+27,1.6350e+28,1.0130e+28,1.4724e+08,1.2058e+06,1.3167e+09,6.7647e-11,1.6880e+08,5.5936e+05,5.6843e+05,5.6546e+05,18.2,78.3,2.5,1.0,6.8491e+29,6.6534e+29,1.1690e+28,7.8800e+27,2.0863e+28,0.0000e+00,97.1,1.7,1.2
302,6.8826e+29,1.2447e+29,5.4039e+29,1.6560e+28,6.8400e+27,8.5550e+28,3.8920e+28,3.5824e+29,1.8215e+29,1.0210e+28,6.3500e+27,3.3500e+27,3.4900e+27,1.5890e+28,9.9800e+27,1.4822e+08,1.2574e+06,1.4030e+09,3.9668e-10,1.6617e+08,5.2461e+05,5.7137e+05,5.6845e+05,18.1,78.5,2.4,1.0,6.8881e+29,6.6862e+29,1.2380e+28,7.8100e+27,2.0912e+28,0.0000e+00,97.1,1.8,1.1
303,6.9069e+29,1.2662e+29,5.4077e+29,1.6590e+28,6.7100e+27,8.7390e+28,3.9230e+28,3.6136e+29,1.7941e+29,1.0300e+28,6.2900e+27,3.3800e+27,3.3300e+27,1.7450e+28,1.0180e+28,1.4911e+08,1.2139e+06,1.4502e+09,1.6832e-09,1.6386e+08,4.8772e+05,5.7430e+05,5.7139e+05,18.3,78.3,2.4,1.0,6.9001e+29,6.6989e+29,1.2440e+28,7.6800e+27,2.1218e+28,0.0000e+00,97.1,1.8,1.1
304,6.8046e+29,1.2544e+29,5.3242e+29,1.5820e+28,6.7800e+27,8.7110e+28,3.8330e+28,3.5557e+29,1.7685e+29,9.9000e+27,5.9200e+27,3.2100e+27,3.5700e+27,1.7450e+28,1.0240e+28,1.4999e+08,1.2639e+06,1.8260e+09,5.8100e-09,1.6168e+08,5.3710e+05,5.7720e+05,5.7432e+05,18.4,78.2,2.3,1.0,6.8050e+29,6.6067e+29,1.2270e+28,7.5600e+27,2.1390e+28,0.0000e+00,97.1,1.8,1.1
305,6.6229e+29,1.2274e+29,5.1731e+29,1.5380e+28,6.8600e+27,8.5740e+28,3.7000e+28,3.3842e+29,1.7889e+29,9.6200e+27,5.7600e+27,3.3100e+27,3.5500e+27,1.7180e+28,1.0210e+28,1.5061e+08,1.3149e+06,1.3447e+09,1.6822e-08,1.5985e+08,4.6232e+05,5.8006e+05,5.7722e+05,18.5,78.1,2.3,1.0,6.6341e+29,6.4425e+29,1.2120e+28,7.0400e+27,2.1420e+28,0.0000e+00,97.1,1.8,1.1
306,6.6244e+29,1.2359e+29,5.1738e+29,1.4650e+28,6.8200e+27,8.6240e+28,3.7350e+28,3.3685e+29,1.8053e+29,9.2800e+27,5.3700e+27,3.4400e+27,3.3800e+27,1.8210e+28,1.1260e+28,1.5154e+08,1.2169e+06,1.2092e+09,4.2356e-08,1.5620e+08,4.3446e+05,5.8292e+05,5.8008e+05,18.7,78.1,2.2,1.0,6.6215e+29,6.4383e+29,1.1430e+28,6.8900e+27,2.1857e+28,0.0000e+00,97.2,1.7,1.0
307,6.6318e+29,1.2303e+29,5.1809e+29,1.5250e+28,6.8100e+27,8.5440e+28,3.7590e+28,3.4113e+29,1.7696e+29,9.3700e+27,5.8800e+27,3.5100e+27,3.3000e+27,1.8330e+28,1.1060e+28,1.5238e+08,1.2378e+06,1.2772e+09,9.6720e-08,1.5465e+08,4.2633e+05,5.8572e+05,5.8293e+05,18.6,78.1,2.3,1.0,6.6218e+29,6.4323e+29,1.1990e+28,6.9600e+27,2.1878e+28,0.0000e+00,97.1,1.8,1.1
308,6.6541e+29,1.2112e+29,5.2289e+29,1.4560e+28,6.8400e+27,8.4630e+28,3.6490e+28,3.4150e+29,1.8139e+29,8.5200e+27,6.0400e+27,3.1800e+27,3.6600e+27,1.7810e+28,1.1540e+28,1.5321e+08,1.1372e+06,1.3630e+09,2.0072e-07,1.5245e+08,4.3595e+05,5.8849e+05,5.8574e+05,18.2,78.6,2.2,1.0,6.6588e+29,6.4731e+29,1.2170e+28,6.4000e+27,2.2030e+28,0.0000e+00,97.2,1.8,1.0
309,6.6948e+29,1.2071e+29,5.2759e+29,1.4380e+28,6.8000e+27,8.3190e+28,3.7520e+28,3.3782e+29,1.8977e+29,8.7600e+27,5.6200e+27,3.5700e+27,3.2300e+27,1.7790e+28,1.1400e+28,1.5418e+08,1.0121e+06,1.5161e+09,3.8608e-07,1.4992e+08,4.3279e+05,5.9124e+05,5.8851e+05,18.0,78.8,2.1,1.0,6.6913e+29,6.4986e+29,1.2490e+28,6.7800e+27,2.2323e+28,0.0000e+00,97.1,1.9,1.0
310,6.4972e+29,1.1770e+29,5.1138e+29,1.3790e+28,6.8500e+27,8.1560e+28,3.6140e+28,3.2862e+29,1.8276e+29,8.5900e+27,5.2000e+27,3.5300e+27,3.3200e+27,1.8210e+28,1.1170e+28,1.5474e+08,9.6776e+05,1.5132e+09,6.9854e-07,1.4762e+08,4.0203e+05,5.9395e+05,5.9126e+05,18.1,78.7,2.1,1.1,6.5000e+29,6.3132e+29,1.2040e+28,6.6400e+27,2.2468e+28,0.0000e+00,97.1,1.9,1.0
311,6.3662e+29,1.1891e+29,4.9747e+29,1.3460e+28,6.7800e+27,8.2360e+28,3.6550e+28,3.2517e+29,1.7230e+29,8.6900e+27,4.7700e+27,3.4500e+27,3.3300e+27,1.7790e+28,1.1240e+28,1.5569e+08,9.2097e+05,1.2542e+09,1.1940e-06,1.4548e+08,4.1189e+05,5.9662e+05,5.9396e+05,18.7,78.1,2.1,1.1,6.3647e+29,6.1809e+29,1.2130e+28,6.2500e+27,2.2608e+28,0.0000e+00,97.1,1.9,1.0
312,6.4663e+29,1.1763e+29,5.0924e+29,1.2830e+28,6.9300e+27,8.1880e+28,3.5750e+28,3.2861e+29,1.8063e+29,7.7800e+27,5.0500e+27,3.3600e+27,3.5700e+27,1.8410e+28,1.2080e+28,1.5638e+08,9.3979e+05,1.4584e+09,1.9419e-06,1.4286e+08,3.8346e+05,5.9927e+05,5.9664e+05,18.2,78.8,2.0,1.1,6.4745e+29,6.2922e+29,1.2230e+28,6.0000e+27,2.2892e+28,0.0000e+00,97.2,1.9,0.9
313,6.3147e+29,1.1605e+29,4.9575e+29,1.2830e+28,6.8400e+27,8.0910e+28,3.5140e+28,3.1762e+29,1.7813e+29,8.0300e+27,4.8000e+27,3.3000e+27,3.5400e+27,1.8770e+28,1.1830e+28,1.5706e+08,9.0192e+05,1.4460e+09,3.0312e-06,1.4133e+08,3.7436e+05,6.0187e+05,5.9929e+05,18.4,78.5,2.0,1.1,6.3196e+29,6.1446e+29,1.1340e+28,6.1600e+27,2.3024e+28,0.0000e+00,97.2,1.8,1.0
314,6.3154e+29,1.1437e+29,4.9769e+29,1.2720e+28,6.7600e+27,7.9980e+28,3.4390e+28,3.1914e+29,1.7855e+29,7.7500e+27,4.9700e+27,3.4000e+27,3.3600e+27,1.8940e+28,1.1930e+28,1.5755e+08,8.2563e+05,1.3846e+09,4.5751e-06,1.3943e+08,4.3557e+05,6.0443e+05,6.0189e+05,18.1,78.8,2.0,1.1,6.3119e+29,6.1363e+29,1.1960e+28,5.6000e+27,2.3149e+28,0.0000e+00,97.2,1.9,0.9
315,6.3071e+29,1.1540e+29,4.9648e+29,1.1970e+28,6.8600e+27,8.0460e+28,3.4940e+28,3.2023e+29,1.7625e+29,7.1000e+27,4.8700e+27,3.4900e+27,3.3700e+27,1.9890e+28,1.1720e+28,1.5811e+08,8.4971e+05,1.4188e+09,6.6259e-06,1.3736e+08,3.8136e+05,6.0695e+05,6.0445e+05,18.3,78.7,1.9,1.1,6.3058e+29,6.1338e+29,1.1990e+28,5.2100e+27,2.3267e+28,0.0000e+00,97.3,1.9,0.8
316,6.2417e+29,1.1484e+29,4.8989e+29,1.2620e+28,6.8200e+27,7.9930e+28,3.4910e+28,3.1439e+29,1.7550e+29,7.5700e+27,5.0500e+27,3.2900e+27,3.5300e+27,1.9520e+28,1.2290e+28,1.5858e+08,8.2995e+05,1.4603e+09,9.2939e-06,1.3543e+08,3.6324e+05,6.0944e+05,6.0696e+05,18.4,78.5,2.0,1.1,6.2341e+29,6.0596e+29,1.2250e+28,5.2000e+27,2.3537e+28,0.0000e+00,97.2,2.0,0.8
317,6.2507e+29,1.1291e+29,4.9340e+29,1.2120e+28,6.6400e+27,7.9200e+28,3.3710e+28,3.1493e+29,1.7847e+29,7.2900e+27,4.8300e+27,3.3600e+27,3.2800e+27,1.9750e+28,1.2080e+28,1.5911e+08,8.9573e+05,1.5167e+09,1.2661e-05,1.3448e+08,3.3326e+05,6.1187e+05,6.0945e+05,18.1,78.9,1.9,1.1,6.2615e+29,6.0913e+29,1.2150e+28,4.8700e+27,2.3646e+28,0.0000e+00,97.3,1.9,0.8
318,6.2717e+29,1.1428e+29,4.9449e+29,1.1610e+28,6.7900e+27,7.8940e+28,3.5340e+28,3.1123e+29,1.8326e+29,6.9600e+27,4.6500e+27,3.2500e+27,3.5400e+27,1.9850e+28,1.2240e+28,1.6004e+08,9.6929e+05,1.7126e+09,1.0492e-05,1.3262e+08,3.8194e+05,6.1428e+05,6.1189e+05,18.2,78.8,1.9,1.1,6.2700e+29,6.1013e+29,1.2230e+28,4.6400e+27,2.3908e+28,0.0000e+00,97.3,2.0,0.7
319,6.2500e+29,1.1279e+29,4.9389e+29,1.1530e+28,6.7900e+27,7.8440e+28,3.4350e+28,3.0862e+29,1.8527e+29,6.9200e+27,4.6100e+27,3.5500e+27,3.2400e+27,1.9590e+28,1.2360e+28,1.6046e+08,9.3432e+05,1.8057e+09,8.8032e-06,1.3080e+08,3.5454e+05,6.1664e+05,6.1430e+05,18.0,79.0,1.8,1.1,6.2480e+29,6.0745e+29,1.2410e+28,4.9400e+27,2.4006e+28,0.0000e+00,97.2,2.0,0.8
320,6.1658e+29,1.1296e+29,4.8488e+29,1.1960e+28,6.7800e+27,7.7920e+28,3.5040e+28,3.0521e+29,1.7967e+29,7.0000e+27,4.9600e+27,3.5100e+27,3.2700e+27,2.0250e+28,1.1920e+28,1.6086e+08,9.3302e+05,2.0399e+09,7.4813e-06,1.2864e+08,3.4235e+05,6.1895e+05,6.1666e+05,18.3,78.6,1.9,1.1,6.1690e+29,6.0043e+29,1.2110e+28,4.3600e+27,2.4097e+28,0.0000e+00,97.3,2.0,0.7
321,6.2359e+29,1.1086e+29,4.9403e+29,1.1830e+28,6.8700e+27,7.7580e+28,3.3280e+28,3.1043e+29,1.8360e+29,6.8100e+27,5.0200e+27,3.6000e+27,3.2700e+27,2.0880e+28,1.2050e+28,1.6115e+08,8.8105e+05,1.4087e+09,6.4360e-06,1.2668e+08,3.4056e+05,6.2122e+05,6.1896e+05,17.8,79.2,1.9,1.1,6.2247e+29,6.0558e+29,1.2450e+28,4.4400e+27,2.4347e+28,0.0000e+00,97.3,2.0,0.7
322,6.2405e+29,1.1123e+29,4.9451e+29,1.1430e+28,6.8800e+27,7.7080e+28,3.4150e+28,3.0602e+29,1.8849e+29,6.7000e+27,4.7300e+27,3.1800e+27,3.7000e+27,2.0510e+28,1.2560e+28,1.6168e+08,9.3790e+05,1.2239e+09,5.6075e-06,1.2536e+08,3.7137e+05,6.2345e+05,6.2123e+05,17.8,79.2,1.8,1.1,6.2360e+29,6.0694e+29,1.2580e+28,4.0800e+27,2.4593e+28,0.0000e+00,97.3,2.0,0.7
323,6.1120e+29,1.0830e+29,4.8502e+29,1.1130e+28,6.7500e+27,7.5590e+28,3.2710e+28,3.0180e+29,1.8322e+29,6.8000e+27,4.3300e+27,3.1100e+27,3.6400e+27,2.0040e+28,1.3120e+28,1.6238e+08,8.8408e+05,1.2114e+09,4.9588e-06,1.2394e+08,3.2922e+05,6.2561e+05,6.2346e+05,17.7,79.4,1.8,1.1,6.1239e+29,5.9588e+29,1.2580e+28,3.9300e+27,2.4498e+28,0.0000e+00,97.3,2.1,0.6
324,6.1220e+29,1.0970e+29,4.8611e+29,9.5700e+27,6.8200e+27,7.6140e+28,3.3560e+28,3.0296e+29,1.8315e+29,5.7600e+27,3.8100e+27,3.4900e+27,3.3300e+27,2.0860e+28,1.2580e+28,1.6270e+08,7.9703e+05,1.3566e+09,4.4436e-06,1.2284e+08,3.1606e+05,6.2774e+05,6.2563e+05,17.9,79.4,1.6,1.1,6.1146e+29,5.9599e+29,1.2160e+28,3.3100e+27,2.4733e+28,0.0000e+00,97.5,2.0,0.5
325,6.1000e+29,1.0721e+29,4.8524e+29,1.0790e+28,6.7600e+27,7.3750e+28,3.3460e+28,3.0493e+29,1.8031e+29,6.6000e+27,4.1900e+27,3.3000e+27,3.4600e+27,1.9570e+28,1.1620e+28,1.6310e+08,7.9074e+05,1.4189e+09,4.0364e-06,1.2163e+08,3.2745e+05,6.2982e+05,6.2775e+05,17.6,79.5,1.8,1.1,6.1035e+29,5.9417e+29,1.2550e+28,3.6300e+27,2.4964e+28,0.0000e+00,97.3,2.1,0.6
326,6.1187e+29,1.0618e+29,4.8863e+29,1.0230e+28,6.8300e+27,7.3700e+28,3.2480e+28,3.0169e+29,1.8694e+29,6.0300e+27,4.2000e+27,3.4300e+27,3.4000e+27,2.0360e+28,1.1810e+28,1.6339e+08,7.3703e+05,1.5523e+09,3.7194e-06,1.2042e+08,3.1713e+05,6.3184e+05,6.2983e+05,17.4,79.9,1.7,1.1,6.1125e+29,5.9508e+29,1.2990e+28,3.1800e+27,2.5017e+28,0.0000e+00,97.4,2.1,0.5
327,6.2913e+29,1.0756e+29,5.0426e+29,1.0550e+28,6.7600e+27,7.3750e+28,3.3810e+28,3.0954e+29,1.9472e+29,6.3500e+27,4.2000e+27,3.4700e+27,3.2900e+27,1.9740e+28,1.2170e+28,1.6385e+08,7.1176e+05,1.5128e+09,3.4750e-06,1.1868e+08,3.1189e+05,6.3382e+05,6.3186e+05,17.1,80.2,1.7,1.1,6.2915e+29,6.1249e+29,1.3670e+28,2.9900e+27,2.5238e+28,0.0000e+00,97.4,2.2,0.5
328,6.2064e+29,1.0558e+29,4.9786e+29,1.0350e+28,6.8500e+27,7.2390e+28,3.3190e+28,3.0218e+29,1.9568e+29,6.2200e+27,4.1300e+27,3.2300e+27,3.6200e+27,2.0050e+28,1.2920e+28,1.6428e+08,6.9272e+05,1.5325e+09,3.2933e-06,1.1626e+08,3.0034e+05,6.3574e+05,6.3384e+05,17.0,80.2,1.7,1.1,6.2046e+29,6.0425e+29,1.3370e+28,2.8400e+27,2.5278e+28,0.0000e+00,97.4,2.2,0.5
329,6.2115e+29,1.0659e+29,4.9732e+29,1.0430e+28,6.8100e+27,7.4100e+28,3.2490e+28,3.0617e+29,1.9115e+29,6.3300e+27,4.1000e+27,3.4200e+27,3.3900e+27,2.0470e+28,1.2590e+28,1.6469e+08,7.3994e+05,1.5209e+09,3.1641e-06,1.1524e+08,3.3839e+05,6.3762e+05,6.3576e+05,17.2,80.1,1.7,1.1,6.1912e+29,6.0223e+29,1.3770e+28,3.1200e+27,2.5488e+28,0.0000e+00,97.3,2.2,0.5
330,6.3207e+29,1.0533e+29,5.0978e+29,1.0130e+28,6.8300e+27,7.1990e+28,3.3340e+28,3.0819e+29,2.0159e+29,5.8400e+27,4.2900e+27,3.4500e+27,3.3800e+27,1.9490e+28,1.1700e+28,1.6492e+08,8.1135e+05,1.6657e+09,3.0821e-06,1.1395e+08,2.9462e+05,6.3943e+05,6.3763e+05,16.7,80.7,1.6,1.1,6.3310e+29,6.1615e+29,1.4030e+28,2.9200e+27,2.5514e+28,0.0000e+00,97.3,2.2,0.5
331,6.2509e+29,1.0557e+29,5.0324e+29,9.5400e+27,6.7400e+27,7.2760e+28,3.2810e+28,3.0072e+29,2.0252e+29,5.5000e+27,4.0400e+27,3.2500e+27,3.4900e+27,2.0090e+28,1.1730e+28,1.6503e+08,7.9450e+05,2.0938e+09,3.0423e-06,1.1308e+08,2.7993e+05,6.4120e+05,6.3945e+05,16.9,80.5,1.5,1.1,6.2482e+29,6.0791e+29,1.4400e+28,2.5100e+27,2.5712e+28,0.0000e+00,97.3,2.3,0.4
332,6.2097e+29,1.0470e+29,4.9961e+29,9.8000e+27,6.8600e+27,7.2000e+28,3.2700e+28,2.9951e+29,2.0010e+29,5.6600e+27,4.1400e+27,3.6400e+27,3.2200e+27,2.0530e+28,1.1620e+28,1.6539e+08,7.0399e+05,1.5348e+09,3.0376e-06,1.1167e+08,3.2156e+05,6.4291e+05,6.4121e+05,16.9,80.5,1.6,1.1,6.2084e+29,6.0396e+29,1.4340e+28,2.5400e+27,2.5906e+28,0.0000e+00,97.3,2.3,0.4
333,6.2729e+29,1.0595e+29,5.0507e+29,9.5800e+27,6.6900e+27,7.2410e+28,3.3540e+28,2.9900e+29,2.0607e+29,5.3300e+27,4.2500e+27,3.4100e+27,3.2800e+27,2.0770e+28,1.1900e+28,1.6592e+08,7.3795e+05,1.3090e+09,3.0428e-06,1.1072e+08,3.0895e+05,6.4457e+05,6.4293e+05,16.9,80.5,1.5,1.1,6.2690e+29,6.0991e+29,1.4690e+28,2.3000e+27,2.5911e+28,0.0000e+00,97.3,2.3,0.4
334,6.3624e+29,1.0349e+29,5.1618e+29,9.6900e+27,6.8800e+27,7.0660e+28,3.2830e+28,3.1327e+29,2.0291e+29,5.3500e+27,4.3400e+27,3.2400e+27,3.6400e+27,2.0600e+28,1.1650e+28,1.6608e+08,7.8521e+05,1.3919e+09,3.0820e-06,1.0947e+08,2.8058e+05,6.4617e+05,6.4458e+05,16.3,81.1,1.5,1.1,6.3541e+29,6.1867e+29,1.4720e+28,2.0200e+27,2.6092e+28,0.0000e+00,97.4,2.3,0.3
335,6.3292e+29,1.0290e+29,5.1347e+29,9.7600e+27,6.7900e+27,7.0260e+28,3.2640e+28,3.0915e+29,2.0432e+29,5.6600e+27,4.1000e+27,3.5600e+27,3.2300e+27,2.0640e+28,1.1330e+28,1.6640e+08,6.8247e+05,1.5532e+09,3.1600e-06,1.0796e+08,3.0251e+05,6.4770e+05,6.4618e+05,16.3,81.1,1.5,1.1,6.3198e+29,6.1524e+29,1.4550e+28,2.1900e+27,2.6082e+28,0.0000e+00,97.4,2.3,0.3
336,6.3158e+29,1.0349e+29,5.1230e+29,9.0300e+27,6.7600e+27,7.0660e+28,3.2830e+28,3.0158e+29,2.1072e+29,5.4900e+27,3.5400e+27,3.4600e+27,3.3000e+27,2.0600e+28,1.1680e+28,1.6651e+08,7.1527e+05,1.5837e+09,3.2774e-06,1.0772e+08,3.7079e+05,6.4919e+05,6.4772e+05,16.4,81.1,1.4,1.1,6.3162e+29,6.1463e+29,1.4910e+28,2.0800e+27,2.6250e+28,0.0000e+00,97.3,2.4,0.3
337,6.4790e+29,1.0433e+29,5.2733e+29,9.4100e+27,6.8300e+27,7.1310e+28,3.3020e+28,3.1380e+29,2.1353e+29,5.0100e+27,4.4000e+27,3.5100e+27,3.3200e+27,2.0750e+28,1.1660e+28,1.6669e+08,7.7400e+05,1.6196e+09,3.4371e-06,1.0649e+08,3.6242e+05,6.5061e+05,6.4920e+05,16.1,81.4,1.5,1.1,6.4756e+29,6.2992e+29,1.5730e+28,1.9100e+27,2.6414e+28,0.0000e+00,97.3,2.4,0.3
338,6.5486e+29,1.0147e+29,5.3734e+29,9.2900e+27,6.7600e+27,6.8600e+28,3.2870e+28,3.1507e+29,2.2227e+29,5.1700e+27,4.1200e+27,3.3900e+27,3.3700e+27,1.9830e+28,1.0840e+28,1.6676e+08,7.7562e+05,1.5304e+09,3.6428e-06,1.0504e+08,3.3912e+05,6.5198e+05,6.5062e+05,15.5,82.1,1.4,1.0,6.5264e+29,6.3433e+29,1.6440e+28,1.8700e+27,2.6381e+28,0.0000e+00,97.2,2.5,0.3
339,6.6549e+29,1.0310e+29,5.4701e+29,8.5800e+27,6.8000e+27,7.0620e+28,3.2480e+28,3.2195e+29,2.2506e+29,4.7400e+27,3.8400e+27,3.3600e+27,3.4400e+27,2.0540e+28,1.0710e+28,1.6701e+08,8.2722e+05,1.2584e+09,3.8977e-06,1.0395e+08,3.5167e+05,6.5329e+05,6.5199e+05,15.5,82.2,1.3,1.0,6.6630e+29,6.4745e+29,1.6830e+28,2.0200e+27,2.6721e+28,0.0000e+00,97.2,2.5,0.3
340,6.6777e+29,1.0302e+29,5.4914e+29,8.9000e+27,6.7100e+27,6.9930e+28,3.3090e+28,3.2388e+29,2.2526e+29,5.1700e+27,3.7300e+27,3.2700e+27,3.4400e+27,2.0350e+28,1.0460e+28,1.6706e+08,7.4342e+05,1.3343e+09,4.2120e-06,1.0201e+08,3.4372e+05,6.5453e+05,6.5330e+05,15.4,82.2,1.3,1.0,6.6670e+29,6.4763e+29,1.7470e+28,1.6000e+27,2.6482e+28,0.0000e+00,97.1,2.6,0.2
341,6.8524e+29,1.0363e+29,5.6585e+29,8.9400e+27,6.8200e+27,7.0540e+28,3.3090e+28,3.2405e+29,2.4180e+29,5.1500e+27,3.7900e+27,3.3400e+27,3.4800e+27,2.0570e+28,1.0420e+28,1.6739e+08,8.1618e+05,1.4032e+09,4.5853e-06,1.0124e+08,3.6480e+05,6.5572e+05,6.5454e+05,15.1,82.6,1.3,1.0,6.8321e+29,6.6434e+29,1.7250e+28,1.6200e+27,2.6811e+28,0.0000e+00,97.2,2.5,0.2
342,7.0407e+29,1.0113e+29,5.8744e+29,8.7600e+27,6.7400e+27,6.7830e+28,3.3300e+28,3.3409e+29,2.5335e+29,4.6800e+27,4.0800e+27,3.2800e+27,3.4600e+27,1.9720e+28,1.1180e+28,1.6734e+08,7.6881e+05,1.4814e+09,5.0351e-06,9.9692e+07,3.2804e+05,6.5684e+05,6.5573e+05,14.4,83.4,1.2,1.0,7.0306e+29,6.8267e+29,1.8700e+28,1.6900e+27,2.6748e+28,0.0000e+00,97.1,2.7,0.2
343,6.9439e+29,1.0300e+29,5.7571e+29,8.9100e+27,6.7700e+27,6.9630e+28,3.3370e+28,3.3219e+29,2.4352e+29,5.1200e+27,3.7900e+27,3.3300e+27,3.4400e+27,2.0910e+28,9.9900e+27,1.6743e+08,7.8353e+05,1.6185e+09,5.5651e-06,9.9003e+07,3.5572e+05,6.5791e+05,6.5685e+05,14.8,82.9,1.3,1.0,6.9529e+29,6.7498e+29,1.8710e+28,1.6000e+27,2.6871e+28,0.0000e+00,97.1,2.7,0.2
344,6.9805e+29,1.0195e+29,5.8048e+29,8.7800e+27,6.8400e+27,6.8540e+28,3.3410e+28,3.3768e+29,2.4280e+29,5.0400e+27,3.7400e+27,3.4400e+27,3.4000e+27,2.0500e+28,9.5100e+27,1.6732e+08,9.1496e+05,1.3402e+09,6.1915e-06,9.8252e+07,3.4601e+05,6.5891e+05,6.5792e+05,14.6,83.2,1.3,1.0,6.9769e+29,6.7582e+29,2.0300e+28,1.5700e+27,2.6988e+28,0.0000e+00,96.9,2.9,0.2
345,7.1053e+29,1.0233e+29,5.9239e+29,8.9900e+27,6.8200e+27,6.9350e+28,3.2980e+28,3.4578e+29,2.4661e+29,5.1500e+27,3.8400e+27,3.4400e+27,3.3800e+27,2.0710e+28,1.0520e+28,1.6743e+08,7.8476e+05,1.4859e+09,6.9753e-06,9.7237e+07,3.8080e+05,6.5985e+05,6.5892e+05,14.4,83.4,1.3,1.0,7.1004e+29,6.8933e+29,1.9010e+28,1.7000e+27,2.7098e+28,0.0000e+00,97.1,2.7,0.2
346,7.1583e+29,1.0086e+29,5.9966e+29,8.5800e+27,6.7300e+27,6.7980e+28,3.2880e+28,3.4439e+29,2.5527e+29,4.6500e+27,3.9300e+27,3.5600e+27,3.1700e+27,2.0350e+28,9.8900e+27,1.6768e+08,6.9867e+05,1.3321e+09,7.8471e-06,9.6580e+07,4.0662e+05,6.6073e+05,6.5986e+05,14.1,83.8,1.2,0.9,7.1547e+29,6.9382e+29,2.0220e+28,1.4300e+27,2.7003e+28,0.0000e+00,97.0,2.8,0.2
347,7.2714e+29,1.0417e+29,6.0731e+29,8.8200e+27,6.8400e+27,6.9590e+28,3.4580e+28,3.5035e+29,2.5696e+29,4.9800e+27,3.8400e+27,3.5900e+27,3.2500e+27,2.1720e+28,9.9300e+27,1.6782e+08,6.7213e+05,1.3892e+09,8.8600e-06,9.5652e+07,4.1606e+05,6.6154e+05,6.6073e+05,14.3,83.5,1.2,0.9,7.2658e+29,7.0466e+29,2.0560e+28,1.3600e+27,2.7296e+28,0.0000e+00,97.0,2.8,0.2
348,7.2816e+29,1.0291e+29,6.0984e+29,8.6200e+27,6.7900e+27,6.8500e+28,3.4410e+28,3.4725e+29,2.6259e+29,4.7600e+27,3.8600e+27,3.2900e+27,3.5000e+27,2.1560e+28,9.5700e+27,1.6788e+08,7.4995e+05,1.5743e+09,1.0052e-05,9.5432e+07,4.3336e+05,6.6229e+05,6.6155e+05,14.1,83.8,1.2,0.9,7.2729e+29,7.0470e+29,2.1160e+28,1.4300e+27,2.7187e+28,0.0000e+00,96.9,2.9,0.2
349,7.3713e+29,1.0256e+29,6.1931e+29,8.4500e+27,6.8100e+27,6.8270e+28,3.4290e+28,3.5074e+29,2.6857e+29,5.0100e+27,3.4400e+27,3.3500e+27,3.4600e+27,2.1660e+28,9.4700e+27,1.6782e+08,9.0065e+05,1.3892e+09,1.1430e-05,9.3817e+07,4.3443e+05,6.6298e+05,6.6230e+05,13.9,84.0,1.1,0.9,7.3637e+29,7.1374e+29,2.1180e+28,1.4500e+27,2.7268e+28,0.0000e+00,96.9,2.9,0.2
350,7.4477e+29,1.0109e+29,6.2862e+29,8.3300e+27,6.7300e+27,6.7500e+28,3.3590e+28,3.5212e+29,2.7650e+29,4.7300e+27,3.6000e+27,3.4300e+27,3.3000e+27,2.1090e+28,9.5500e+27,1.6812e+08,9.6014e+05,1.5094e+09,1.3032e-05,9.2490e+07,4.0139e+05,6.6360e+05,6.6298e+05,13.6,84.4,1.1,0.9,7.4480e+29,7.2141e+29,2.2020e+28,1.3700e+27,2.7142e+28,0.0000e+00,96.9,3.0,0.2
351,7.3978e+29,1.0140e+29,6.2310e+29,8.4600e+27,6.8200e+27,6.7620e+28,3.3780e+28,3.5598e+29,2.6712e+29,4.9100e+27,3.5500e+27,3.5900e+27,3.2300e+27,2.0870e+28,9.0300e+27,1.6810e+08,9.1772e+05,1.5061e+09,1.4874e-05,9.1089e+07,4.9203e+05,6.6415e+05,6.6360e+05,13.7,84.2,1.1,0.9,7.3920e+29,7.1580e+29,2.1890e+28,1.5100e+27,2.7409e+28,0.0000e+00,96.8,3.0,0.2
352,7.3944e+29,9.9790e+28,6.2442e+29,8.4800e+27,6.7500e+27,6.6370e+28,3.3420e+28,3.4697e+29,2.7745e+29,4.7300e+27,3.7500e+27,3.4000e+27,3.3500e+27,2.0870e+28,8.7500e+27,1.6787e+08,9.4733e+05,1.4651e+09,1.7016e-05,9.0485e+07,4.8655e+05,6.6464e+05,6.6416e+05,13.5,84.4,1.1,0.9,7.3998e+29,7.1645e+29,2.2020e+28,1.5100e+27,2.7268e+28,0.0000e+00,96.8,3.0,0.2
353,7.5506e+29,1.0103e+29,6.3906e+29,8.1700e+27,6.8000e+27,6.6890e+28,3.4140e+28,3.5903e+29,2.8003e+29,4.2600e+27,3.9100e+27,3.4000e+27,3.4000e+27,2.0880e+28,8.6200e+27,1.6766e+08,8.9501e+05,1.5037e+09,1.9466e-05,8.9340e+07,4.7990e+05,6.6507e+05,6.6465e+05,13.4,84.6,1.1,0.9,7.5323e+29,7.3033e+29,2.1730e+28,1.1700e+27,2.7520e+28,0.0000e+00,97.0,2.9,0.2
354,7.4828e+29,1.0045e+29,6.3202e+29,9.0200e+27,6.7900e+27,6.5770e+28,3.4680e+28,3.5606e+29,2.7596e+29,4.7700e+27,4.2500e+27,3.4600e+27,3.3300e+27,2.0880e+28,7.9600e+27,1.6749e+08,9.3808e+05,1.5619e+09,2.2297e-05,8.8012e+07,4.1376e+05,6.6543e+05,6.6507e+05,13.4,84.5,1.2,0.9,7.4942e+29,7.2529e+29,2.2750e+28,1.3800e+27,2.7364e+28,0.0000e+00,96.8,3.0,0.2
355,7.4711e+29,9.9460e+28,6.3182e+29,9.0300e+27,6.8000e+27,6.5300e+28,3.4160e+28,3.5425e+29,2.7757e+29,5.2200e+27,3.8100e+27,3.4200e+27,3.3800e+27,1.9780e+28,7.8700e+27,1.6721e+08,9.9638e+05,1.5382e+09,2.5513e-05,8.6642e+07,3.6557e+05,6.6573e+05,6.6543e+05,13.3,84.6,1.2,0.9,7.4688e+29,7.2343e+29,2.2040e+28,1.4100e+27,2.7603e+28,0.0000e+00,96.9,3.0,0.2
356,7.3703e+29,9.9430e+28,6.2246e+29,8.3700e+27,6.7700e+27,6.5790e+28,3.3640e+28,3.4679e+29,2.7567e+29,4.6200e+27,3.7500e+27,3.3500e+27,3.4200e+27,1.9920e+28,8.0700e+27,1.6709e+08,1.1188e+06,1.5330e+09,2.9201e-05,8.5591e+07,4.0735e+05,6.6596e+05,6.6573e+05,13.5,84.5,1.1,0.9,7.3639e+29,7.1337e+29,2.1700e+28,1.3200e+27,2.7431e+28,0.0000e+00,96.9,2.9,0.2
357,7.4752e+29,1.0126e+29,6.3100e+29,8.4800e+27,6.7800e+27,6.6010e+28,3.5250e+28,3.4765e+29,2.8335e+29,4.7100e+27,3.7700e+27,3.3200e+27,3.4600e+27,2.0330e+28,7.7300e+27,1.6691e+08,1.1195e+06,1.4466e+09,3.3356e-05,8.5281e+07,4.0950e+05,6.6612e+05,6.6596e+05,13.5,84.4,1.1,0.9,7.4777e+29,7.2421e+29,2.2190e+28,1.3700e+27,2.7453e+28,0.0000e+00,96.8,3.0,0.2
358,7.4394e+29,9.8740e+28,6.2964e+29,8.7700e+27,6.7900e+27,6.4770e+28,3.3970e+28,3.4951e+29,2.8013e+29,4.9800e+27,3.7900e+27,3.4300e+27,3.3600e+27,2.0170e+28,8.0500e+27,1.6656e+08,1.1320e+06,1.5332e+09,3.0056e-05,8.4890e+07,4.5818e+05,6.6622e+05,6.6612e+05,13.3,84.6,1.2,0.9,7.4351e+29,7.1941e+29,2.2630e+28,1.4700e+27,2.7468e+28,0.0000e+00,96.8,3.0,0.2
359,7.4661e+29,1.0125e+29,6.3004e+29,8.5700e+27,6.7500e+27,6.5870e+28,3.5380e+28,3.4654e+29,2.8350e+29,4.7300e+27,3.8400e+27,3.3700e+27,3.3800e+27,2.0530e+28,7.1100e+27,1.6629e+08,1.1298e+06,1.4385e+09,2.5985e-05,8.3630e+07,4.9554e+05,6.6625e+05,6.6622e+05,13.6,84.4,1.1,0.9,7.4522e+29,7.2122e+29,2.2550e+28,1.4500e+27,2.7476e+28,0.0000e+00,96.8,3.0,0.2
