Time_hours,TAA,Gen_Total,Gen_PSD,Gen_TD,Gen_SWS,Gen_MMV,Loss_Total,Loss_Stuck,Loss_Ionized,Loss_Escaped,Supply_Internal,Trans_Inward
0.08333333333333333,0.0063963322958784374,8.202000000000356e+27,2.8799999999999922e+26,7.802000000000356e+27,6.200000000000002e+25,5.000000000000004e+25,3.599000000000145e+27,3.483000000000145e+27,1.159999999999998e+26,0.0,0.0,0.0
3.861111111111111,1.0054067296525773,6.719000000000239e+27,2.809999999999993e+26,6.33000000000024e+27,5.8000000000000015e+25,5.000000000000004e+25,6.964000000000401e+27,6.7180000000004e+27,2.3300000000000035e+26,1.2999999999999995e+25,0.0,0.0
7.638888888888889,2.0043122961221798,5.211000000000125e+27,2.369999999999996e+26,4.8820000000001257e+27,4.199999999999999e+25,5.000000000000004e+25,5.26100000000027e+27,5.083000000000271e+27,1.709999999999997e+26,6.999999999999998e+24,0.0,0.0
11.416666666666666,3.003011034237147,4.310000000000053e+27,2.459999999999995e+26,3.9670000000000535e+27,4.7e+25,5.000000000000004e+25,4.2280000000001907e+27,4.065000000000191e+27,1.5599999999999956e+26,6.999999999999998e+24,0.0,0.0
15.194444444444445,4.001397695617811,3.8000000000000134e+27,2.489999999999995e+26,3.463000000000014e+27,3.799999999999999e+25,5.000000000000004e+25,3.81000000000016e+27,3.67200000000016e+27,1.309999999999997e+26,6.999999999999998e+24,0.0,0.0
19.0,5.006707809993202,3.429999999999984e+27,2.4099999999999957e+26,3.0929999999999846e+27,4.6e+25,5.000000000000004e+25,3.493000000000136e+27,3.370000000000136e+27,1.1299999999999983e+26,9.999999999999997e+24,0.0,0.0
22.77777777777778,6.00415924475783,3.1409999999999625e+27,2.3499999999999958e+26,2.8159999999999627e+27,3.9999999999999995e+25,5.000000000000004e+25,3.2410000000001166e+27,3.129000000000117e+27,1.0099999999999991e+26,1.0999999999999996e+25,0.0,0.0
26.555555555555557,7.000991690631906,2.955999999999947e+27,2.4199999999999954e+26,2.619999999999947e+27,4.399999999999999e+25,5.000000000000004e+25,2.8660000000000887e+27,2.769000000000089e+27,9.299999999999997e+25,4e+24,0.0,0.0
30.36111111111111,8.004424350988131,2.761999999999938e+27,2.2899999999999965e+26,2.439999999999938e+27,4.299999999999999e+25,5.000000000000004e+25,2.8170000000000854e+27,2.7290000000000856e+27,7.700000000000008e+25,1.0999999999999996e+25,0.0,0.0
34.166666666666664,9.007020526269116,2.5979999999999477e+27,2.2799999999999964e+26,2.2769999999999477e+27,4.399999999999999e+25,4.9000000000000035e+25,2.607000000000068e+27,2.5120000000000685e+27,8.8e+25,6.999999999999998e+24,0.0,0.0
37.94444444444444,10.001372027937805,2.4379999999999554e+27,2.1399999999999974e+26,2.1419999999999554e+27,3.1999999999999987e+25,5.000000000000004e+25,2.439000000000056e+27,2.355000000000056e+27,8.000000000000006e+25,4e+24,0.0,0.0
41.75,11.001998503818072,2.3679999999999592e+27,2.0799999999999978e+26,2.0739999999999594e+27,3.599999999999999e+25,5.000000000000004e+25,2.325000000000047e+27,2.2430000000000472e+27,8.000000000000006e+25,2e+24,0.0,0.0
45.55555555555556,12.00148566371746,2.242999999999966e+27,2.029999999999998e+26,1.9609999999999662e+27,2.9999999999999988e+25,4.9000000000000035e+25,2.288000000000044e+27,2.201000000000044e+27,7.700000000000008e+25,9.999999999999997e+24,0.0,0.0
49.388888888888886,13.007015307037705,2.154999999999971e+27,1.9899999999999983e+26,1.8709999999999712e+27,3.599999999999999e+25,4.9000000000000035e+25,2.23200000000004e+27,2.15200000000004e+27,6.900000000000007e+25,1.0999999999999996e+25,0.0,0.0
53.19444444444444,14.003912690712127,2.062999999999976e+27,1.8399999999999995e+26,1.7879999999999762e+27,4.199999999999999e+25,4.9000000000000035e+25,2.0530000000000256e+27,1.9710000000000258e+27,7.600000000000008e+25,5.999999999999999e+24,0.0,0.0
57.02777777777778,15.006635815483037,1.9999999999999789e+27,1.75e+26,1.7439999999999787e+27,3.1999999999999987e+25,4.9000000000000035e+25,1.992000000000023e+27,1.935000000000023e+27,5.200000000000004e+25,4.999999999999999e+24,0.0,0.0
60.833333333333336,16.000551681933644,1.9289999999999845e+27,2.029999999999998e+26,1.6389999999999847e+27,3.699999999999999e+25,5.000000000000004e+25,1.835000000000011e+27,1.783000000000011e+27,5.000000000000004e+25,2e+24,0.0,0.0
64.66666666666667,17.000076776924118,1.7959999999999905e+27,1.7100000000000002e+26,1.5389999999999906e+27,3.699999999999999e+25,4.9000000000000035e+25,1.8020000000000083e+27,1.7480000000000082e+27,5.100000000000004e+25,3e+24,0.0,0.0
68.52777777777777,18.00507362602292,1.7159999999999952e+27,1.77e+26,1.4589999999999953e+27,3.099999999999999e+25,4.9000000000000035e+25,1.6869999999999981e+27,1.6219999999999982e+27,5.900000000000005e+25,5.999999999999999e+24,0.0,0.0
72.36111111111111,19.000992490269994,1.6689999999999978e+27,1.8299999999999994e+26,1.416999999999998e+27,1.9999999999999993e+25,4.9000000000000035e+25,1.6609999999999958e+27,1.5909999999999958e+27,5.300000000000004e+25,1.6999999999999993e+25,0.0,0.0
76.22222222222223,20.002168067657692,1.5840000000000032e+27,1.8599999999999994e+26,1.3250000000000034e+27,2.399999999999999e+25,4.9000000000000035e+25,1.5829999999999913e+27,1.531999999999991e+27,4.3000000000000026e+25,7.999999999999998e+24,0.0,0.0
80.08333333333333,21.001286466183046,1.4700000000000082e+27,1.6300000000000008e+26,1.2220000000000082e+27,3.5999999999999984e+25,4.9000000000000035e+25,1.5639999999999893e+27,1.5069999999999892e+27,4.600000000000003e+25,1.0999999999999996e+25,0.0,0.0
83.97222222222223,22.005420161401503,1.4160000000000075e+27,1.77e+26,1.1630000000000077e+27,2.799999999999999e+25,4.800000000000003e+25,1.4319999999999788e+27,1.378999999999979e+27,4.400000000000003e+25,8.999999999999997e+24,0.0,0.0
87.83333333333333,23.000130991050696,1.3740000000000073e+27,1.6700000000000005e+26,1.1320000000000074e+27,2.699999999999999e+25,4.800000000000003e+25,1.3709999999999738e+27,1.3099999999999736e+27,5.100000000000004e+25,9.999999999999997e+24,0.0,0.0
91.75,24.006777764891524,1.4010000000000077e+27,1.610000000000001e+26,1.1630000000000077e+27,2.8999999999999986e+25,4.800000000000003e+25,1.3469999999999735e+27,1.3079999999999735e+27,3.3000000000000014e+25,5.999999999999999e+24,0.0,0.0
95.63888888888889,25.003827108944904,1.3200000000000068e+27,1.6700000000000005e+26,1.085000000000007e+27,1.9999999999999993e+25,4.800000000000003e+25,1.291999999999968e+27,1.2409999999999682e+27,4.500000000000003e+25,5.999999999999999e+24,0.0,0.0
99.55555555555556,26.005432158412646,1.2300000000000063e+27,1.5300000000000015e+26,1.0090000000000062e+27,1.9999999999999993e+25,4.800000000000003e+25,1.2179999999999716e+27,1.1739999999999717e+27,3.600000000000002e+25,7.999999999999998e+24,0.0,0.0
103.47222222222223,27.004380848282892,1.1810000000000059e+27,1.4800000000000013e+26,9.600000000000057e+26,2.499999999999999e+25,4.800000000000003e+25,1.1669999999999746e+27,1.1229999999999747e+27,3.600000000000002e+25,7.999999999999998e+24,0.0,0.0
107.38888888888889,28.000589266283555,1.1210000000000049e+27,1.6900000000000007e+26,8.820000000000049e+26,2.199999999999999e+25,4.800000000000003e+25,1.144999999999976e+27,1.100999999999976e+27,3.4000000000000016e+25,9.999999999999997e+24,0.0,0.0
111.33333333333333,29.00101138844451,1.0690000000000048e+27,1.4900000000000014e+26,8.510000000000045e+26,2.099999999999999e+25,4.800000000000003e+25,1.0569999999999802e+27,1.0269999999999803e+27,1.9999999999999993e+25,9.999999999999997e+24,0.0,0.0
115.30555555555556,30.005500822053875,1.0300000000000044e+27,1.3700000000000012e+26,8.250000000000043e+26,1.9999999999999993e+25,4.800000000000003e+25,1.0029999999999838e+27,9.699999999999836e+26,2.7000000000000004e+25,5.999999999999999e+24,0.0,0.0
119.27777777777777,31.00692598503241,9.810000000000037e+26,1.4700000000000012e+26,7.650000000000037e+26,2.199999999999999e+25,4.700000000000003e+25,1.0169999999999823e+27,9.939999999999822e+26,1.6999999999999993e+25,5.999999999999999e+24,0.0,0.0
123.25,32.00520863189678,9.290000000000036e+26,1.2700000000000013e+26,7.370000000000035e+26,1.7999999999999994e+25,4.700000000000003e+25,9.529999999999864e+26,9.219999999999864e+26,1.5999999999999993e+25,1.4999999999999994e+25,0.0,0.0
127.22222222222223,33.00027317831348,8.940000000000032e+26,1.3800000000000013e+26,6.94000000000003e+26,1.3999999999999997e+25,4.800000000000003e+25,9.499999999999871e+26,9.109999999999871e+26,2.7000000000000004e+25,1.1999999999999996e+25,0.0,0.0
131.25,34.00589502054993,8.83000000000003e+26,1.3800000000000013e+26,6.820000000000028e+26,1.5999999999999995e+25,4.700000000000003e+25,8.239999999999934e+26,8.019999999999935e+26,1.2999999999999995e+25,8.999999999999997e+24,0.0,0.0
135.25,35.00116106882325,8.360000000000025e+26,1.4200000000000014e+26,6.250000000000023e+26,2.199999999999999e+25,4.700000000000003e+25,8.629999999999922e+26,8.229999999999922e+26,2.5e+25,1.4999999999999994e+25,0.0,0.0
139.30555555555554,36.00669983075335,7.960000000000022e+26,1.3600000000000013e+26,5.9900000000000205e+26,1.3999999999999997e+25,4.700000000000003e+25,7.88999999999996e+26,7.58999999999996e+26,1.5999999999999993e+25,1.3999999999999994e+25,0.0,0.0
143.33333333333334,37.0017439685368,7.67000000000002e+26,1.4200000000000014e+26,5.6900000000000174e+26,8.999999999999999e+24,4.700000000000003e+25,7.279999999999997e+26,6.939999999999998e+26,1.2999999999999995e+25,2.0999999999999995e+25,0.0,0.0
147.41666666666666,38.00677191162828,7.360000000000019e+26,1.1900000000000011e+26,5.5900000000000164e+26,1.1999999999999998e+25,4.600000000000003e+25,7.289999999999994e+26,6.999999999999994e+26,1.9999999999999993e+25,8.999999999999997e+24,0.0,0.0
151.47222222222223,39.0011770617611,7.080000000000013e+26,1.3600000000000011e+26,5.1200000000000116e+26,1.2999999999999997e+25,4.700000000000003e+25,7.309999999999991e+26,7.049999999999991e+26,1.1999999999999996e+25,1.3999999999999994e+25,0.0,0.0
155.58333333333334,40.00528935382761,6.67000000000001e+26,1.2900000000000011e+26,4.750000000000008e+26,1.6999999999999995e+25,4.600000000000003e+25,6.440000000000042e+26,6.160000000000042e+26,1.5999999999999993e+25,1.1999999999999996e+25,0.0,0.0
159.69444444444446,41.00539890120342,6.810000000000011e+26,1.250000000000001e+26,4.94000000000001e+26,1.5999999999999995e+25,4.600000000000003e+25,6.540000000000034e+26,6.340000000000033e+26,8.999999999999997e+24,1.0999999999999996e+25,0.0,0.0
163.80555555555554,42.00144301071663,6.200000000000007e+26,1.070000000000001e+26,4.540000000000006e+26,1.2999999999999997e+25,4.600000000000003e+25,6.550000000000034e+26,6.320000000000034e+26,1.1999999999999996e+25,1.0999999999999996e+25,0.0,0.0
167.94444444444446,43.00006273604339,6.060000000000004e+26,1.2400000000000011e+26,4.210000000000002e+26,1.5999999999999995e+25,4.500000000000003e+25,5.740000000000035e+26,5.5000000000000354e+26,5.999999999999999e+24,1.7999999999999992e+25,0.0,0.0
172.11111111111111,44.001113673900306,5.8700000000000034e+26,1.110000000000001e+26,4.210000000000002e+26,9.999999999999999e+24,4.500000000000003e+25,5.9600000000000366e+26,5.630000000000037e+26,1.3999999999999994e+25,1.8999999999999992e+25,0.0,0.0
176.30555555555554,45.0044637035204,5.870000000000002e+26,1.210000000000001e+26,4.0200000000000004e+26,1.8999999999999994e+25,4.500000000000003e+25,5.4900000000000325e+26,5.2300000000000326e+26,1.4999999999999994e+25,1.0999999999999996e+25,0.0,0.0
180.5,46.00336759171972,5.6500000000000005e+26,1.200000000000001e+26,3.889999999999999e+26,1.0999999999999998e+25,4.500000000000003e+25,5.130000000000029e+26,4.900000000000029e+26,1.1999999999999996e+25,1.0999999999999996e+25,0.0,0.0
184.72222222222223,47.0043578502129,5.3099999999999984e+26,1.0600000000000008e+26,3.689999999999997e+26,1.0999999999999996e+25,4.500000000000003e+25,5.2700000000000296e+26,4.99000000000003e+26,1.6999999999999993e+25,1.0999999999999996e+25,0.0,0.0
188.94444444444446,48.00075374314281,5.199999999999996e+26,1.160000000000001e+26,3.479999999999995e+26,1.0999999999999998e+25,4.500000000000003e+25,5.130000000000029e+26,4.9100000000000294e+26,1.0999999999999996e+25,1.0999999999999996e+25,0.0,0.0
193.22222222222223,49.00553340273336,5.229999999999998e+26,9.500000000000007e+25,3.689999999999997e+26,1.4999999999999996e+25,4.400000000000003e+25,5.050000000000028e+26,4.8200000000000285e+26,1.2999999999999995e+25,9.999999999999997e+24,0.0,0.0
197.5,50.00551748710575,4.849999999999994e+26,1.2800000000000012e+26,3.0399999999999918e+26,8.999999999999998e+24,4.400000000000003e+25,4.800000000000027e+26,4.670000000000027e+26,4.999999999999999e+24,7.999999999999998e+24,0.0,0.0
201.77777777777777,51.000668326192056,4.599999999999995e+26,1.120000000000001e+26,2.929999999999994e+26,1.0999999999999998e+25,4.400000000000003e+25,4.780000000000027e+26,4.610000000000026e+26,7.999999999999998e+24,8.999999999999997e+24,0.0,0.0
206.11111111111111,52.003779823232264,4.729999999999993e+26,1.180000000000001e+26,2.9499999999999916e+26,1.5999999999999995e+25,4.400000000000003e+25,4.840000000000027e+26,4.670000000000027e+26,7.999999999999998e+24,8.999999999999997e+24,0.0,0.0
210.44444444444446,53.00186473963561,4.1599999999999936e+26,8.500000000000004e+25,2.7399999999999932e+26,1.2999999999999997e+25,4.400000000000003e+25,4.20000000000002e+26,4.01000000000002e+26,2e+24,1.6999999999999993e+25,0.0,0.0
214.80555555555554,54.00124194427809,4.029999999999995e+26,9.100000000000007e+25,2.619999999999994e+26,6.999999999999998e+24,4.3000000000000026e+25,4.400000000000022e+26,4.2300000000000225e+26,4e+24,1.2999999999999995e+25,0.0,0.0
219.19444444444446,55.00178743851444,4.309999999999994e+26,1.0000000000000007e+26,2.749999999999993e+26,1.1999999999999998e+25,4.400000000000003e+25,4.420000000000022e+26,4.2200000000000224e+26,7.999999999999998e+24,1.1999999999999996e+25,0.0,0.0
223.61111111111111,56.003379223687716,4.109999999999995e+26,1.0500000000000007e+26,2.5099999999999946e+26,1.1999999999999998e+25,4.3000000000000026e+25,3.9200000000000166e+26,3.700000000000017e+26,1.0999999999999996e+25,1.0999999999999996e+25,0.0,0.0
228.05555555555554,57.0058926188712,3.819999999999996e+26,8.300000000000005e+25,2.3999999999999956e+26,1.6999999999999995e+25,4.200000000000002e+25,4.0500000000000186e+26,3.880000000000019e+26,5.999999999999999e+24,1.0999999999999996e+25,0.0,0.0
232.5,58.002992618321514,4.009999999999997e+26,1.1300000000000009e+26,2.339999999999996e+26,1.0999999999999998e+25,4.3000000000000026e+25,4.060000000000019e+26,3.910000000000019e+26,4e+24,1.0999999999999996e+25,0.0,0.0
236.97222222222223,59.00084881796266,3.929999999999997e+26,9.600000000000007e+25,2.4099999999999957e+26,1.3999999999999997e+25,4.200000000000002e+25,3.8800000000000175e+26,3.7500000000000176e+26,4e+24,8.999999999999997e+24,0.0,0.0
241.5,60.005483848198025,3.499999999999997e+26,7.400000000000004e+25,2.2299999999999966e+26,1.0999999999999998e+25,4.200000000000002e+25,3.8900000000000176e+26,3.7400000000000175e+26,8.999999999999997e+24,5.999999999999999e+24,0.0,0.0
246.02777777777777,61.0044664671226,3.569999999999997e+26,8.200000000000004e+25,2.2499999999999968e+26,8e+24,4.200000000000002e+25,3.930000000000018e+26,3.7500000000000176e+26,8.999999999999997e+24,8.999999999999997e+24,0.0,0.0
250.58333333333334,62.00385579591614,3.669999999999996e+26,7.6000000000000035e+25,2.4099999999999957e+26,8e+24,4.200000000000002e+25,3.840000000000017e+26,3.690000000000017e+26,6.999999999999998e+24,7.999999999999998e+24,0.0,0.0
255.16666666666666,63.003546670024775,3.499999999999998e+26,8.300000000000005e+25,2.189999999999997e+26,7e+24,4.100000000000002e+25,3.5800000000000145e+26,3.480000000000015e+26,4.999999999999999e+24,4.999999999999999e+24,0.0,0.0
259.77777777777777,64.0034329217994,3.269999999999998e+26,7.500000000000004e+25,2.059999999999998e+26,4.999999999999999e+24,4.100000000000002e+25,3.170000000000011e+26,3.0400000000000107e+26,5.999999999999999e+24,6.999999999999998e+24,0.0,0.0
264.4166666666667,65.00340680801912,3.5799999999999966e+26,7.900000000000005e+25,2.339999999999996e+26,4e+24,4.100000000000002e+25,3.440000000000013e+26,3.290000000000013e+26,3e+24,1.1999999999999996e+25,0.0,0.0
269.0833333333333,66.00336531756523,3.329999999999999e+26,8.000000000000004e+25,2.029999999999998e+26,8.999999999999999e+24,4.100000000000002e+25,2.9600000000000085e+26,2.8300000000000085e+26,4e+24,8.999999999999997e+24,0.0,0.0
273.77777777777777,67.00320595095559,3.579999999999997e+26,9.000000000000006e+25,2.199999999999997e+26,7.999999999999999e+24,4.000000000000002e+25,3.5400000000000134e+26,3.370000000000014e+26,4.999999999999999e+24,1.1999999999999996e+25,0.0,0.0
278.5,68.00283221501445,3.299999999999999e+26,8.100000000000005e+25,1.9999999999999984e+26,8.999999999999999e+24,4.000000000000002e+25,3.050000000000009e+26,2.9000000000000093e+26,5.999999999999999e+24,8.999999999999997e+24,0.0,0.0
283.25,69.00214834763864,3.189999999999999e+26,7.100000000000004e+25,1.9799999999999985e+26,9.999999999999999e+24,4.000000000000002e+25,3.5800000000000145e+26,3.4600000000000146e+26,5.999999999999999e+24,5.999999999999999e+24,0.0,0.0
288.02777777777777,70.0010606427544,2.7600000000000017e+26,7.800000000000004e+25,1.5000000000000008e+26,7.999999999999998e+24,4.000000000000002e+25,3.090000000000009e+26,2.9100000000000094e+26,5.999999999999999e+24,1.1999999999999996e+25,0.0,0.0
292.8611111111111,71.00522540275568,3.0200000000000005e+26,7.800000000000004e+25,1.7599999999999997e+26,7.999999999999998e+24,4.000000000000002e+25,3.2000000000000106e+26,3.0400000000000107e+26,4.999999999999999e+24,1.0999999999999996e+25,0.0,0.0
297.69444444444446,72.00302196045033,3.0800000000000004e+26,8.100000000000005e+25,1.8399999999999995e+26,4e+24,3.900000000000002e+25,3.330000000000011e+26,3.1400000000000114e+26,5.999999999999999e+24,1.2999999999999995e+25,0.0,0.0
302.55555555555554,73.00014217380476,3.109999999999999e+26,7.400000000000003e+25,1.9199999999999982e+26,6e+24,3.900000000000002e+25,2.9700000000000086e+26,2.860000000000009e+26,2e+24,8.999999999999997e+24,0.0,0.0
307.47222222222223,74.0021537720043,2.890000000000001e+26,7.900000000000005e+25,1.6500000000000003e+26,6e+24,3.900000000000002e+25,3.10000000000001e+26,2.97000000000001e+26,4e+24,8.999999999999997e+24,0.0,0.0
312.4166666666667,75.00325849069083,3.0099999999999997e+26,7.6000000000000035e+25,1.7799999999999992e+26,8.999999999999999e+24,3.800000000000002e+25,2.9600000000000085e+26,2.8300000000000085e+26,5.999999999999999e+24,6.999999999999998e+24,0.0,0.0
317.3888888888889,76.00337682977226,2.8799999999999987e+26,6.800000000000002e+25,1.7499999999999986e+26,7e+24,3.800000000000002e+25,3.020000000000009e+26,2.9000000000000093e+26,5.999999999999999e+24,5.999999999999999e+24,0.0,0.0
322.3888888888889,77.00243447044579,2.8399999999999997e+26,9.100000000000007e+25,1.499999999999999e+26,4.999999999999999e+24,3.800000000000002e+25,2.820000000000007e+26,2.680000000000007e+26,7.999999999999998e+24,5.999999999999999e+24,0.0,0.0
327.4166666666667,78.00035738325738,2.6500000000000002e+26,8.200000000000004e+25,1.4099999999999996e+26,4e+24,3.800000000000002e+25,2.9500000000000087e+26,2.8300000000000085e+26,6.999999999999998e+24,4.999999999999999e+24,0.0,0.0
332.5,79.00253581380582,2.7699999999999997e+26,6.900000000000003e+25,1.679999999999999e+26,3e+24,3.700000000000002e+25,2.670000000000006e+26,2.5500000000000057e+26,4.999999999999999e+24,6.999999999999998e+24,0.0,0.0
337.6111111111111,80.00337318313291,2.769999999999999e+26,6.900000000000003e+25,1.6699999999999985e+26,4e+24,3.700000000000002e+25,3.190000000000011e+26,3.080000000000011e+26,4e+24,6.999999999999998e+24,0.0,0.0
342.75,81.0028024828863,2.97e+26,8.800000000000005e+25,1.669999999999999e+26,4e+24,3.800000000000002e+25,2.4600000000000037e+26,2.3400000000000036e+26,4e+24,7.999999999999998e+24,0.0,0.0
347.9166666666667,82.00076452031055,2.3900000000000003e+26,5.8000000000000015e+25,1.3999999999999998e+26,4e+24,3.700000000000002e+25,2.9900000000000095e+26,2.9200000000000095e+26,3e+24,4e+24,0.0,0.0
353.1388888888889,83.00251143828552,2.5799999999999998e+26,8.100000000000005e+25,1.3899999999999994e+26,2e+24,3.600000000000002e+25,2.5600000000000044e+26,2.4200000000000044e+26,4.999999999999999e+24,8.999999999999997e+24,0.0,0.0
358.3888888888889,84.00260698292948,2.310000000000001e+26,5.8000000000000015e+25,1.2800000000000003e+26,8e+24,3.700000000000002e+25,2.5000000000000045e+26,2.4200000000000044e+26,4e+24,4e+24,0.0,0.0
363.6666666666667,85.00099716324945,2.7500000000000002e+26,7.900000000000005e+25,1.5699999999999995e+26,3e+24,3.600000000000002e+25,2.7700000000000066e+26,2.6500000000000067e+26,5.999999999999999e+24,5.999999999999999e+24,0.0,0.0
369.0,86.00283123397173,2.5799999999999998e+26,6.000000000000002e+25,1.5599999999999994e+26,5.999999999999999e+24,3.600000000000002e+25,2.810000000000007e+26,2.690000000000007e+26,2e+24,9.999999999999997e+24,0.0,0.0
374.3611111111111,87.00279248628658,2.5199999999999992e+26,6.4000000000000025e+25,1.4999999999999988e+26,3e+24,3.5000000000000017e+25,2.6100000000000053e+26,2.5400000000000056e+26,2e+24,4.999999999999999e+24,0.0,0.0
379.75,88.00083796134066,2.56e+26,7.000000000000003e+25,1.3799999999999995e+26,1.2999999999999997e+25,3.5000000000000017e+25,2.730000000000007e+26,2.670000000000007e+26,2e+24,4e+24,0.0,0.0
385.19444444444446,89.00201883844176,2.7099999999999994e+26,7.100000000000004e+25,1.5699999999999988e+26,7.999999999999999e+24,3.5000000000000017e+25,2.7400000000000066e+26,2.6400000000000066e+26,5.999999999999999e+24,4e+24,0.0,0.0
390.6666666666667,90.00113998909228,2.4899999999999996e+26,5.700000000000001e+25,1.4899999999999992e+26,7.999999999999998e+24,3.5000000000000017e+25,2.100000000000001e+26,2.080000000000001e+26,1e+24,1e+24,0.0,0.0
396.19444444444446,91.00317586831778,2.689999999999999e+26,7.6000000000000035e+25,1.5399999999999985e+26,4e+24,3.5000000000000017e+25,2.4200000000000033e+26,2.300000000000003e+26,4e+24,7.999999999999998e+24,0.0,0.0
401.75,92.00301678552898,2.3900000000000003e+26,7.6000000000000035e+25,1.26e+26,3e+24,3.4000000000000016e+25,2.400000000000003e+26,2.3200000000000034e+26,2e+24,5.999999999999999e+24,0.0,0.0
407.3333333333333,93.00063198894833,2.5599999999999996e+26,7.200000000000003e+25,1.4599999999999994e+26,3e+24,3.5000000000000017e+25,2.4100000000000036e+26,2.3400000000000036e+26,3e+24,4e+24,0.0,0.0
412.97222222222223,94.00090391091521,2.599999999999999e+26,6.700000000000003e+25,1.5199999999999988e+26,7e+24,3.4000000000000016e+25,2.7400000000000066e+26,2.6400000000000066e+26,3e+24,6.999999999999998e+24,0.0,0.0
418.6666666666667,95.0037098314732,2.3299999999999993e+26,5.600000000000002e+25,1.379999999999999e+26,6e+24,3.3000000000000014e+25,2.7100000000000063e+26,2.6000000000000062e+26,1e+24,9.999999999999997e+24,0.0,0.0
424.3888888888889,96.00408316730153,2.3e+26,5.700000000000001e+25,1.3699999999999995e+26,3e+24,3.3000000000000014e+25,2.6300000000000058e+26,2.570000000000006e+26,3e+24,3e+24,0.0,0.0
430.1388888888889,97.00201179804219,3.0499999999999974e+26,6.500000000000003e+25,2.0099999999999974e+26,4.999999999999999e+24,3.4000000000000016e+25,2.200000000000001e+26,2.100000000000001e+26,4.999999999999999e+24,4.999999999999999e+24,0.0,0.0
435.94444444444446,98.00225522913274,2.759999999999997e+26,6.000000000000003e+25,1.7599999999999963e+26,6.999999999999998e+24,3.3000000000000014e+25,2.8200000000000074e+26,2.7100000000000073e+26,4.999999999999999e+24,5.999999999999999e+24,0.0,0.0
441.80555555555554,99.00469573160404,2.2999999999999997e+26,6.4000000000000025e+25,1.3199999999999994e+26,2e+24,3.2000000000000012e+25,2.6500000000000057e+26,2.5600000000000058e+26,3e+24,5.999999999999999e+24,0.0,0.0
447.69444444444446,100.00453090825812,2.7199999999999978e+26,7.200000000000004e+25,1.629999999999997e+26,4e+24,3.3000000000000014e+25,2.510000000000004e+26,2.390000000000004e+26,5.999999999999999e+24,5.999999999999999e+24,0.0,0.0
453.6111111111111,101.00175353963624,2.3699999999999994e+26,5.900000000000002e+25,1.4099999999999989e+26,4e+24,3.3000000000000014e+25,2.390000000000003e+26,2.280000000000003e+26,4e+24,6.999999999999998e+24,0.0,0.0
459.5833333333333,102.00099763528448,2.3699999999999994e+26,5.9000000000000025e+25,1.4199999999999988e+26,4e+24,3.2000000000000012e+25,2.2200000000000013e+26,2.1300000000000014e+26,4e+24,4.999999999999999e+24,0.0,0.0
465.6111111111111,103.00216669864648,2.339999999999999e+26,5.800000000000002e+25,1.4199999999999987e+26,2e+24,3.2000000000000012e+25,2.530000000000005e+26,2.470000000000005e+26,1e+24,4.999999999999999e+24,0.0,0.0
471.6666666666667,104.00060320128375,2.4599999999999986e+26,5.800000000000002e+25,1.5299999999999982e+26,4e+24,3.100000000000001e+25,2.2800000000000023e+26,2.2100000000000022e+26,4e+24,3e+24,0.0,0.0
477.77777777777777,105.00084274225128,2.3299999999999986e+26,5.600000000000004e+25,1.4099999999999984e+26,4.999999999999999e+24,3.100000000000001e+25,2.6900000000000064e+26,2.6400000000000066e+26,3e+24,2e+24,0.0,0.0
483.94444444444446,106.0028066876323,2.5899999999999992e+26,8.000000000000006e+25,1.4299999999999984e+26,4.999999999999999e+24,3.100000000000001e+25,2.750000000000007e+26,2.680000000000007e+26,1e+24,5.999999999999999e+24,0.0,0.0
490.1388888888889,107.00194255342012,2.3399999999999987e+26,6.600000000000005e+25,1.319999999999998e+26,4.999999999999999e+24,3.100000000000001e+25,2.4900000000000047e+26,2.4300000000000045e+26,1e+24,4.999999999999999e+24,0.0,0.0
496.3888888888889,108.00270655282571,2.4199999999999996e+26,7.600000000000005e+25,1.2599999999999991e+26,8.999999999999998e+24,3.100000000000001e+25,2.5000000000000045e+26,2.4200000000000044e+26,4e+24,4e+24,0.0,0.0
502.6666666666667,109.00062298829323,2.639999999999997e+26,6.100000000000004e+25,1.6199999999999966e+26,1.0999999999999998e+25,3.000000000000001e+25,2.5000000000000045e+26,2.4200000000000044e+26,4e+24,4e+24,0.0,0.0
509.0,110.00008179206071,2.6999999999999976e+26,7.300000000000006e+25,1.619999999999997e+26,4e+24,3.100000000000001e+25,2.370000000000003e+26,2.2600000000000027e+26,4.999999999999999e+24,5.999999999999999e+24,0.0,0.0
515.3888888888889,111.00101797174091,2.7499999999999974e+26,6.300000000000004e+25,1.7399999999999968e+26,7.999999999999999e+24,3.000000000000001e+25,2.770000000000007e+26,2.670000000000007e+26,5.999999999999999e+24,4e+24,0.0,0.0
521.8333333333334,112.00336803451523,2.499999999999998e+26,5.4000000000000035e+25,1.5899999999999976e+26,6.999999999999998e+24,3.000000000000001e+25,2.320000000000002e+26,2.200000000000002e+26,2e+24,9.999999999999997e+24,0.0,0.0
528.3055555555555,113.00280261274298,2.559999999999997e+26,6.300000000000004e+25,1.5699999999999964e+26,6e+24,3.000000000000001e+25,2.5400000000000046e+26,2.4500000000000047e+26,2e+24,6.999999999999998e+24,0.0,0.0
534.8333333333334,114.00359671351458,2.5099999999999974e+26,5.800000000000003e+25,1.5599999999999966e+26,8e+24,2.9000000000000008e+25,2.8000000000000072e+26,2.7000000000000072e+26,4.999999999999999e+24,4.999999999999999e+24,0.0,0.0
541.3888888888889,115.00149079511755,2.669999999999997e+26,5.700000000000003e+25,1.7199999999999966e+26,7.999999999999999e+24,3.000000000000001e+25,2.590000000000005e+26,2.480000000000005e+26,5.999999999999999e+24,4.999999999999999e+24,0.0,0.0
548.0,116.00070777679935,2.939999999999997e+26,7.400000000000006e+25,1.839999999999996e+26,6.999999999999998e+24,2.9000000000000008e+25,2.540000000000005e+26,2.480000000000005e+26,2e+24,4e+24,0.0,0.0
554.6666666666666,117.00120262975878,2.6199999999999975e+26,6.400000000000003e+25,1.629999999999997e+26,5.999999999999999e+24,2.9000000000000008e+25,2.780000000000007e+26,2.680000000000007e+26,4e+24,5.999999999999999e+24,0.0,0.0
561.3888888888889,118.0029353228727,2.859999999999997e+26,8.200000000000008e+25,1.669999999999996e+26,7.999999999999999e+24,2.9000000000000008e+25,2.8000000000000072e+26,2.7000000000000072e+26,3e+24,6.999999999999998e+24,0.0,0.0
568.1388888888889,119.00177384290646,2.939999999999997e+26,7.800000000000007e+25,1.799999999999996e+26,7.999999999999998e+24,2.8000000000000006e+25,2.8500000000000084e+26,2.8000000000000082e+26,1e+24,4e+24,0.0,0.0
574.9444444444445,120.00184167320833,2.639999999999996e+26,5.400000000000003e+25,1.7799999999999954e+26,4e+24,2.8000000000000006e+25,2.9500000000000084e+26,2.8300000000000085e+26,5.999999999999999e+24,5.999999999999999e+24,0.0,0.0
581.8055555555555,121.00310641539102,2.6299999999999965e+26,5.3000000000000024e+25,1.759999999999996e+26,4.999999999999999e+24,2.9000000000000008e+25,2.660000000000006e+26,2.570000000000006e+26,4.999999999999999e+24,4e+24,0.0,0.0
588.6944444444445,122.00153464038442,2.4899999999999972e+26,5.500000000000004e+25,1.5599999999999966e+26,8.999999999999998e+24,2.9000000000000008e+25,2.720000000000007e+26,2.6600000000000068e+26,1e+24,4.999999999999999e+24,0.0,0.0
595.6388888888889,123.001167111288,2.6799999999999977e+26,7.100000000000005e+25,1.5599999999999973e+26,1.2999999999999995e+25,2.8000000000000006e+25,3.1300000000000106e+26,3.0200000000000105e+26,5.999999999999999e+24,4.999999999999999e+24,0.0,0.0
602.6388888888889,124.00198773156302,3.0899999999999978e+26,7.500000000000006e+25,1.9999999999999973e+26,6e+24,2.8000000000000006e+25,2.8000000000000076e+26,2.7400000000000076e+26,4e+24,2e+24,0.0,0.0
609.6666666666666,125.00005216074095,2.9099999999999973e+26,6.500000000000005e+25,1.929999999999997e+26,4.999999999999999e+24,2.8000000000000006e+25,2.9400000000000086e+26,2.8500000000000088e+26,5.999999999999999e+24,3e+24,0.0,0.0
616.7777777777778,126.00323504777401,3.0799999999999973e+26,8.800000000000005e+25,1.8099999999999968e+26,1.0999999999999996e+25,2.8000000000000006e+25,2.950000000000009e+26,2.880000000000009e+26,3e+24,4e+24,0.0,0.0
623.9166666666666,127.00369671104431,3.109999999999999e+26,8.000000000000008e+25,1.979999999999998e+26,6e+24,2.7000000000000004e+25,2.8800000000000087e+26,2.8400000000000086e+26,1e+24,3e+24,0.0,0.0
631.0833333333334,128.00150852989015,2.9299999999999965e+26,7.200000000000006e+25,1.829999999999996e+26,1.0999999999999996e+25,2.7000000000000004e+25,3.2900000000000115e+26,3.180000000000012e+26,4.999999999999999e+24,5.999999999999999e+24,0.0,0.0
638.3055555555555,129.00057443309555,3.1299999999999996e+26,7.300000000000006e+25,2.059999999999999e+26,6.999999999999999e+24,2.7000000000000004e+25,2.890000000000008e+26,2.8100000000000083e+26,3e+24,4.999999999999999e+24,0.0,0.0
645.5833333333334,130.00089729514121,3.0099999999999973e+26,7.900000000000007e+25,1.8599999999999966e+26,8.999999999999997e+24,2.7000000000000004e+25,3.460000000000013e+26,3.380000000000014e+26,4e+24,4e+24,0.0,0.0
652.9166666666666,131.00248467628364,3.0499999999999977e+26,6.400000000000004e+25,2.0599999999999976e+26,8.999999999999998e+24,2.6000000000000003e+25,3.270000000000011e+26,3.190000000000012e+26,4e+24,4e+24,0.0,0.0
660.2777777777778,132.0015881860785,3.1999999999999996e+26,7.200000000000006e+25,2.119999999999999e+26,9.999999999999997e+24,2.6000000000000003e+25,3.1300000000000106e+26,3.0500000000000108e+26,1e+24,6.999999999999998e+24,0.0,0.0
667.6944444444445,133.0020268245844,3.1999999999999975e+26,8.200000000000008e+25,1.999999999999997e+26,1.1999999999999998e+25,2.6000000000000003e+25,3.2900000000000115e+26,3.200000000000012e+26,4e+24,4.999999999999999e+24,0.0,0.0
675.1388888888889,134.00010340553206,3.3799999999999994e+26,8.000000000000008e+25,2.1799999999999985e+26,1.3999999999999997e+25,2.6000000000000003e+25,3.1900000000000105e+26,3.080000000000011e+26,6.999999999999998e+24,4e+24,0.0,0.0
682.6666666666666,135.00328961825358,3.31e+26,8.300000000000007e+25,2.1099999999999988e+26,1.0999999999999996e+25,2.6000000000000003e+25,3.120000000000011e+26,3.080000000000011e+26,2e+24,2e+24,0.0,0.0
690.1944444444445,136.00053234791966,3.310000000000001e+26,6.600000000000006e+25,2.27e+26,1.2999999999999995e+25,2.5e+25,3.7900000000000166e+26,3.690000000000017e+26,5.999999999999999e+24,4e+24,0.0,0.0
697.8055555555555,137.0029339738603,3.4300000000000006e+26,7.900000000000007e+25,2.26e+26,1.1999999999999998e+25,2.6000000000000003e+25,3.550000000000015e+26,3.480000000000015e+26,3e+24,4e+24,0.0,0.0
705.4444444444445,138.00320668359944,3.620000000000001e+26,9.000000000000006e+25,2.3200000000000006e+26,1.4999999999999996e+25,2.5e+25,3.7800000000000165e+26,3.6300000000000164e+26,7.999999999999998e+24,6.999999999999998e+24,0.0,0.0
713.1111111111111,139.0014457046654,3.520000000000001e+26,8.800000000000007e+25,2.31e+26,6.999999999999999e+24,2.6000000000000003e+25,3.200000000000011e+26,3.100000000000011e+26,2e+24,7.999999999999998e+24,0.0,0.0
720.8333333333334,140.00133464137133,3.520000000000001e+26,8.000000000000008e+25,2.3400000000000005e+26,1.2999999999999997e+25,2.5e+25,3.4000000000000126e+26,3.320000000000013e+26,4e+24,4e+24,0.0,0.0
728.6111111111111,141.0029134908986,3.4600000000000016e+26,7.500000000000006e+25,2.340000000000001e+26,1.0999999999999996e+25,2.6000000000000003e+25,3.6700000000000154e+26,3.5600000000000156e+26,5.999999999999999e+24,4.999999999999999e+24,0.0,0.0
736.4166666666666,142.00267586219564,3.9100000000000055e+26,7.800000000000007e+25,2.780000000000005e+26,9.999999999999999e+24,2.5e+25,3.730000000000017e+26,3.6400000000000165e+26,3e+24,5.999999999999999e+24,0.0,0.0
744.25,143.00072468451367,3.490000000000001e+26,7.400000000000005e+25,2.4100000000000015e+26,9.999999999999997e+24,2.4e+25,3.8300000000000184e+26,3.790000000000018e+26,3e+24,1e+24,0.0,0.0
752.1388888888889,144.0006752981331,3.920000000000003e+26,9.400000000000001e+25,2.5700000000000028e+26,1.5999999999999993e+25,2.5e+25,3.740000000000016e+26,3.6300000000000164e+26,4.999999999999999e+24,5.999999999999999e+24,0.0,0.0
760.0833333333334,145.00258010036492,4.2400000000000054e+26,9.700000000000003e+25,2.8800000000000056e+26,1.3999999999999997e+25,2.5e+25,3.910000000000018e+26,3.8300000000000184e+26,4e+24,4e+24,0.0,0.0
768.0555555555555,146.00301664643388,4.220000000000006e+26,9.200000000000004e+25,2.9100000000000056e+26,1.3999999999999994e+25,2.5e+25,4.0700000000000195e+26,3.9500000000000196e+26,4.999999999999999e+24,6.999999999999998e+24,0.0,0.0
776.0555555555555,147.0020943844911,3.910000000000004e+26,8.400000000000008e+25,2.660000000000004e+26,1.6999999999999995e+25,2.4e+25,4.3600000000000224e+26,4.270000000000023e+26,4.999999999999999e+24,4e+24,0.0,0.0
784.1111111111111,148.00336803540745,4.530000000000007e+26,1.0199999999999997e+26,3.0400000000000073e+26,2.2999999999999994e+25,2.4e+25,3.820000000000017e+26,3.710000000000017e+26,6.999999999999998e+24,4e+24,0.0,0.0
792.1666666666666,149.0000442793122,4.330000000000007e+26,9.000000000000004e+25,3.0300000000000065e+26,1.5999999999999995e+25,2.4e+25,4.2100000000000216e+26,4.110000000000021e+26,3e+24,6.999999999999998e+24,0.0,0.0
800.3055555555555,150.00252333860834,4.760000000000009e+26,9.9e+25,3.33000000000001e+26,1.9999999999999993e+25,2.4e+25,4.310000000000022e+26,4.2200000000000224e+26,4.999999999999999e+24,4e+24,0.0,0.0
808.4444444444445,151.00063277970924,4.330000000000006e+26,9.899999999999998e+25,2.9400000000000066e+26,1.5999999999999995e+25,2.4e+25,4.240000000000021e+26,4.110000000000021e+26,8.999999999999997e+24,4e+24,0.0,0.0
816.6388888888889,152.00130424340455,4.300000000000004e+26,1.0599999999999995e+26,2.830000000000005e+26,1.6999999999999995e+25,2.4e+25,4.610000000000025e+26,4.490000000000025e+26,4e+24,7.999999999999998e+24,0.0,0.0
824.8611111111111,153.00123901241943,4.5900000000000055e+26,1.1299999999999991e+26,3.0500000000000063e+26,1.7999999999999994e+25,2.3e+25,5.050000000000029e+26,4.880000000000029e+26,1.0999999999999996e+25,5.999999999999999e+24,0.0,0.0
833.1111111111111,154.00055885210145,4.760000000000006e+26,1.2099999999999988e+26,3.090000000000007e+26,2.199999999999999e+25,2.4e+25,4.520000000000025e+26,4.4400000000000246e+26,3e+24,4.999999999999999e+24,0.0,0.0
841.4166666666666,155.00272981664625,4.6800000000000085e+26,1.0099999999999996e+26,3.220000000000008e+26,2.199999999999999e+25,2.3e+25,4.340000000000023e+26,4.250000000000023e+26,7.999999999999998e+24,1e+24,0.0,0.0
849.7222222222222,156.0011700755722,4.860000000000009e+26,1.1299999999999988e+26,3.34000000000001e+26,1.4999999999999996e+25,2.4e+25,4.380000000000023e+26,4.300000000000023e+26,5.999999999999999e+24,2e+24,0.0,0.0
858.0833333333334,157.00268118335168,5.130000000000011e+26,1.1299999999999995e+26,3.520000000000011e+26,2.499999999999999e+25,2.3e+25,4.9700000000000286e+26,4.850000000000029e+26,4.999999999999999e+24,6.999999999999998e+24,0.0,0.0
866.4444444444445,158.0007348925617,4.640000000000008e+26,9.700000000000003e+25,3.270000000000008e+26,1.5999999999999995e+25,2.4e+25,5.4400000000000334e+26,5.280000000000033e+26,6.999999999999998e+24,8.999999999999997e+24,0.0,0.0
874.8611111111111,159.00208821288254,5.140000000000012e+26,1.0199999999999997e+26,3.660000000000012e+26,2.199999999999999e+25,2.4e+25,4.8800000000000284e+26,4.790000000000028e+26,6.999999999999998e+24,2e+24,0.0,0.0
883.2777777777778,160.00025933470397,5.0200000000000126e+26,8.800000000000005e+25,3.690000000000012e+26,2.099999999999999e+25,2.4e+25,4.940000000000029e+26,4.870000000000029e+26,1e+24,5.999999999999999e+24,0.0,0.0
891.75,161.00196680944464,5.430000000000013e+26,1.149999999999999e+26,3.780000000000013e+26,2.7e+25,2.3e+25,5.320000000000032e+26,5.190000000000032e+26,8.999999999999997e+24,4e+24,0.0,0.0
900.2222222222222,162.00077043789133,4.8500000000000075e+26,1.0899999999999998e+26,3.250000000000008e+26,2.7999999999999993e+25,2.3e+25,5.600000000000035e+26,5.460000000000035e+26,8.999999999999997e+24,4.999999999999999e+24,0.0,0.0
908.7222222222222,163.00009270882845,5.850000000000012e+26,1.2799999999999983e+26,4.1200000000000145e+26,2.099999999999999e+25,2.4e+25,5.730000000000037e+26,5.660000000000037e+26,2e+24,4.999999999999999e+24,0.0,0.0
917.25,164.00006570382595,5.670000000000013e+26,1.0699999999999996e+26,4.0400000000000137e+26,3.2999999999999997e+25,2.3e+25,5.6400000000000354e+26,5.560000000000036e+26,4e+24,4e+24,0.0,0.0
925.8055555555555,165.00082350292575,5.5500000000000146e+26,1.0899999999999994e+26,4.020000000000015e+26,2.099999999999999e+25,2.3e+25,5.5900000000000356e+26,5.5100000000000355e+26,6.999999999999998e+24,1e+24,0.0,0.0
934.3888888888889,166.00250308186526,5.3200000000000095e+26,1.2299999999999986e+26,3.620000000000011e+26,2.3999999999999995e+25,2.3e+25,5.840000000000037e+26,5.690000000000037e+26,9.999999999999997e+24,4.999999999999999e+24,0.0,0.0
942.9722222222222,167.0020097515103,5.6200000000000126e+26,1.2499999999999997e+26,3.9200000000000124e+26,2.2999999999999994e+25,2.1999999999999996e+25,5.2700000000000324e+26,5.180000000000032e+26,5.999999999999999e+24,3e+24,0.0,0.0
951.5833333333334,168.00272794573777,5.5500000000000105e+26,1.3199999999999983e+26,3.790000000000012e+26,2.199999999999999e+25,2.1999999999999996e+25,5.950000000000039e+26,5.880000000000039e+26,4e+24,3e+24,0.0,0.0
960.1944444444445,169.00157887164505,5.940000000000014e+26,1.3299999999999984e+26,4.190000000000015e+26,1.8999999999999994e+25,2.3e+25,6.250000000000042e+26,6.140000000000042e+26,6.999999999999998e+24,4e+24,0.0,0.0
968.8333333333334,170.00193489579874,6.220000000000015e+26,1.1999999999999999e+26,4.5000000000000156e+26,2.9e+25,2.3e+25,6.12000000000004e+26,6.0000000000000405e+26,9.999999999999997e+24,2e+24,0.0,0.0
977.4722222222222,171.00072881090534,6.050000000000014e+26,1.239999999999999e+26,4.270000000000015e+26,3.2e+25,2.1999999999999996e+25,6.430000000000036e+26,6.290000000000036e+26,9.999999999999997e+24,4e+24,0.0,0.0
986.1388888888889,172.0013236948514,5.9700000000000134e+26,1.1299999999999998e+26,4.3700000000000136e+26,2.399999999999999e+25,2.3e+25,6.410000000000034e+26,6.320000000000034e+26,6.999999999999998e+24,2e+24,0.0,0.0
994.8055555555555,173.0006633570681,6.380000000000014e+26,1.3099999999999982e+26,4.600000000000016e+26,2.499999999999999e+25,2.1999999999999996e+25,6.380000000000036e+26,6.290000000000036e+26,4.999999999999999e+24,4e+24,0.0,0.0
1003.5,174.00210529194908,6.230000000000009e+26,1.2199999999999989e+26,4.500000000000011e+26,2.799999999999999e+25,2.3e+25,6.0700000000000405e+26,5.95000000000004e+26,8.999999999999997e+24,3e+24,0.0,0.0
1012.1944444444445,175.0026011036707,6.36000000000001e+26,1.409999999999998e+26,4.470000000000012e+26,2.499999999999999e+25,2.3e+25,5.870000000000038e+26,5.750000000000038e+26,6.999999999999998e+24,4.999999999999999e+24,0.0,0.0
1020.8888888888889,176.0023102886289,5.970000000000014e+26,1.1300000000000002e+26,4.360000000000014e+26,2.499999999999999e+25,2.3e+25,6.500000000000032e+26,6.360000000000032e+26,1.0999999999999996e+25,3e+24,0.0,0.0
1029.5833333333333,177.00139034329084,6.320000000000011e+26,1.4299999999999977e+26,4.3000000000000136e+26,3.699999999999999e+25,2.1999999999999996e+25,6.46000000000003e+26,6.40000000000003e+26,5.999999999999999e+24,0.0,0.0,0.0
1038.3055555555557,178.003188656431,6.820000000000013e+26,1.4399999999999982e+26,4.900000000000015e+26,2.599999999999999e+25,2.1999999999999996e+25,6.760000000000018e+26,6.580000000000019e+26,1.2999999999999995e+25,4.999999999999999e+24,0.0,0.0
1047.0,179.0014811897205,6.590000000000014e+26,1.2999999999999992e+26,4.790000000000015e+26,2.699999999999999e+25,2.3e+25,6.900000000000007e+26,6.800000000000006e+26,5.999999999999999e+24,4e+24,0.0,0.0
1055.7222222222222,180.00280533180137,6.970000000000014e+26,1.4099999999999982e+26,5.010000000000017e+26,3.3000000000000005e+25,2.1999999999999996e+25,7.039999999999997e+26,6.939999999999998e+26,6.999999999999998e+24,3e+24,0.0,0.0
1064.4166666666667,181.00094047201787,6.850000000000015e+26,1.2899999999999999e+26,5.0500000000000164e+26,2.8999999999999995e+25,2.1999999999999996e+25,6.50000000000003e+26,6.40000000000003e+26,4e+24,5.999999999999999e+24,0.0,0.0
1073.138888888889,182.00242271385252,6.550000000000017e+26,1.2199999999999992e+26,4.880000000000017e+26,2.199999999999999e+25,2.3e+25,7.289999999999984e+26,7.159999999999985e+26,1.1999999999999996e+25,1e+24,0.0,0.0
1081.8333333333333,183.0010301615132,6.890000000000012e+26,1.3699999999999993e+26,4.9200000000000116e+26,3.7000000000000003e+25,2.3e+25,7.079999999999997e+26,6.959999999999997e+26,7.999999999999998e+24,4e+24,0.0,0.0
1090.5277777777778,184.00010889541022,7.120000000000015e+26,1.489999999999998e+26,5.080000000000016e+26,3.199999999999999e+25,2.3e+25,7.299999999999982e+26,7.199999999999983e+26,6.999999999999998e+24,3e+24,0.0,0.0
1099.25,185.00301222959456,7.440000000000014e+26,1.649999999999998e+26,5.160000000000016e+26,4e+25,2.3e+25,7.239999999999987e+26,7.119999999999987e+26,8.999999999999997e+24,3e+24,0.0,0.0
1107.9166666666667,186.00031155818021,7.200000000000016e+26,1.579999999999998e+26,5.090000000000017e+26,2.9999999999999988e+25,2.3e+25,6.660000000000021e+26,6.540000000000021e+26,1.0999999999999996e+25,1e+24,0.0,0.0
1116.611111111111,187.00175055519276,6.890000000000012e+26,1.4299999999999994e+26,4.950000000000011e+26,2.799999999999999e+25,2.3e+25,7.129999999999999e+26,6.919999999999999e+26,9.999999999999997e+24,1.0999999999999996e+25,0.0,0.0
1125.2777777777778,188.0010891059793,7.480000000000014e+26,1.4999999999999991e+26,5.440000000000015e+26,3.1000000000000002e+25,2.3e+25,7.349999999999986e+26,7.129999999999987e+26,1.4999999999999994e+25,6.999999999999998e+24,0.0,0.0
1133.9444444444443,189.00168167577658,7.570000000000015e+26,1.589999999999999e+26,5.3700000000000155e+26,3.799999999999999e+25,2.3e+25,8.029999999999946e+26,7.809999999999947e+26,1.3999999999999994e+25,7.999999999999998e+24,0.0,0.0
1142.5833333333333,190.00047290059968,7.520000000000015e+26,1.5699999999999988e+26,5.390000000000016e+26,3.2999999999999984e+25,2.3e+25,7.989999999999945e+26,7.839999999999945e+26,1.2999999999999995e+25,2e+24,0.0,0.0
1151.2222222222222,191.00082563776618,7.950000000000017e+26,1.6299999999999987e+26,5.8100000000000186e+26,2.8999999999999986e+25,2.1999999999999996e+25,7.789999999999952e+26,7.719999999999952e+26,3e+24,4e+24,0.0,0.0
1159.861111111111,192.00289874806288,7.560000000000015e+26,1.4699999999999995e+26,5.540000000000015e+26,3.2e+25,2.3e+25,7.799999999999956e+26,7.659999999999956e+26,1.0999999999999996e+25,3e+24,0.0,0.0
1168.4444444444443,193.00038891319707,7.550000000000016e+26,1.3899999999999992e+26,5.530000000000016e+26,3.999999999999999e+25,2.3e+25,7.509999999999969e+26,7.41999999999997e+26,7.999999999999998e+24,1e+24,0.0,0.0
1177.0555555555557,194.0031302259797,7.910000000000015e+26,1.7099999999999975e+26,5.7800000000000176e+26,1.8999999999999994e+25,2.3e+25,7.819999999999957e+26,7.619999999999958e+26,1.2999999999999995e+25,6.999999999999998e+24,0.0,0.0
1185.611111111111,195.00156736180475,7.380000000000015e+26,1.2999999999999997e+26,5.5100000000000156e+26,3.3999999999999985e+25,2.3e+25,7.829999999999953e+26,7.709999999999953e+26,7.999999999999998e+24,4e+24,0.0,0.0
1194.1666666666667,196.0023216648766,8.060000000000019e+26,1.4899999999999987e+26,6.0600000000000205e+26,2.799999999999999e+25,2.3e+25,7.809999999999957e+26,7.649999999999956e+26,1.0999999999999996e+25,4.999999999999999e+24,0.0,0.0
1202.6944444444443,197.0022898742635,8.62000000000002e+26,1.819999999999998e+26,6.180000000000022e+26,3.899999999999999e+25,2.3e+25,7.879999999999951e+26,7.729999999999952e+26,9.999999999999997e+24,4.999999999999999e+24,0.0,0.0
1211.1944444444443,198.0016080138712,8.280000000000021e+26,1.679999999999999e+26,6.110000000000022e+26,2.599999999999999e+25,2.3e+25,8.249999999999931e+26,8.09999999999993e+26,8.999999999999997e+24,5.999999999999999e+24,0.0,0.0
1219.6666666666667,199.00040722140602,8.070000000000021e+26,1.5600000000000004e+26,6.02000000000002e+26,2.499999999999999e+25,2.4e+25,8.689999999999904e+26,8.549999999999904e+26,7.999999999999998e+24,5.999999999999999e+24,0.0,0.0
1228.138888888889,200.0021098835973,8.420000000000021e+26,1.7099999999999992e+26,6.1600000000000215e+26,3.1999999999999987e+25,2.3e+25,8.019999999999941e+26,7.899999999999942e+26,6.999999999999998e+24,4.999999999999999e+24,0.0,0.0
1236.5555555555557,201.00027654922826,8.650000000000021e+26,1.7399999999999985e+26,6.320000000000023e+26,3.4999999999999987e+25,2.4e+25,8.829999999999898e+26,8.659999999999897e+26,1.0999999999999996e+25,5.999999999999999e+24,0.0,0.0
1244.9722222222222,202.0016248860253,8.660000000000024e+26,1.6599999999999987e+26,6.410000000000025e+26,3.4999999999999987e+25,2.4e+25,9.249999999999876e+26,9.009999999999877e+26,1.4999999999999994e+25,8.999999999999997e+24,0.0,0.0
1253.361111111111,203.00299505082103,9.160000000000023e+26,1.9699999999999967e+26,6.620000000000026e+26,3.2999999999999992e+25,2.4e+25,8.509999999999913e+26,8.389999999999913e+26,8.999999999999997e+24,3e+24,0.0,0.0
1261.6944444444443,204.00118015549413,8.260000000000021e+26,1.5999999999999998e+26,6.120000000000021e+26,3.099999999999999e+25,2.3e+25,9.339999999999867e+26,9.159999999999868e+26,7.999999999999998e+24,9.999999999999997e+24,0.0,0.0
1270.0277777777778,205.00296053253987,8.320000000000019e+26,1.679999999999999e+26,6.04000000000002e+26,3.599999999999999e+25,2.4e+25,8.7499999999999e+26,8.6099999999999e+26,6.999999999999998e+24,6.999999999999998e+24,0.0,0.0
1278.3055555555557,206.00178095887702,8.660000000000025e+26,1.6099999999999992e+26,6.600000000000026e+26,2.099999999999999e+25,2.4e+25,8.7699999999999e+26,8.6099999999999e+26,9.999999999999997e+24,5.999999999999999e+24,0.0,0.0
1286.5555555555557,207.00109669851645,8.70000000000002e+26,1.8299999999999977e+26,6.320000000000023e+26,3.099999999999999e+25,2.4e+25,8.879999999999894e+26,8.699999999999895e+26,1.2999999999999995e+25,4.999999999999999e+24,0.0,0.0
1294.7777777777778,208.00102783417128,9.150000000000024e+26,1.939999999999998e+26,6.620000000000026e+26,3.499999999999999e+25,2.4e+25,8.839999999999896e+26,8.669999999999897e+26,9.999999999999997e+24,6.999999999999998e+24,0.0,0.0
1302.9722222222222,209.00169262942507,9.000000000000023e+26,1.909999999999998e+26,6.460000000000025e+26,3.899999999999999e+25,2.4e+25,8.809999999999898e+26,8.649999999999898e+26,9.999999999999997e+24,5.999999999999999e+24,0.0,0.0
1311.138888888889,210.00321263611045,9.48000000000003e+26,1.8099999999999995e+26,7.050000000000031e+26,3.799999999999999e+25,2.4e+25,8.859999999999895e+26,8.689999999999895e+26,1.3999999999999994e+25,3e+24,0.0,0.0
1319.25,211.00227362787507,9.260000000000027e+26,1.7899999999999986e+26,6.710000000000028e+26,5.1e+25,2.5e+25,9.069999999999883e+26,8.919999999999882e+26,8.999999999999997e+24,5.999999999999999e+24,0.0,0.0
1327.3333333333333,212.00238942764133,9.140000000000028e+26,1.6399999999999985e+26,6.920000000000029e+26,3.2999999999999984e+25,2.5e+25,9.509999999999858e+26,9.319999999999859e+26,6.999999999999998e+24,1.1999999999999996e+25,0.0,0.0
1335.361111111111,213.0002148378402,9.110000000000026e+26,1.739999999999998e+26,6.800000000000028e+26,3.2999999999999997e+25,2.4e+25,9.48999999999986e+26,9.28999999999986e+26,1.1999999999999996e+25,7.999999999999998e+24,0.0,0.0
1343.388888888889,214.0027663720291,9.270000000000028e+26,1.8499999999999993e+26,6.790000000000029e+26,3.799999999999999e+25,2.5e+25,8.969999999999891e+26,8.769999999999891e+26,1.0999999999999996e+25,8.999999999999997e+24,0.0,0.0
1351.361111111111,215.00321692049022,9.230000000000029e+26,1.7099999999999982e+26,6.99000000000003e+26,2.8999999999999986e+25,2.4e+25,9.099999999999884e+26,8.889999999999884e+26,9.999999999999997e+24,1.0999999999999996e+25,0.0,0.0
1359.2777777777778,216.00162450948324,9.190000000000028e+26,1.8399999999999988e+26,6.770000000000028e+26,3.2999999999999992e+25,2.5e+25,9.779999999999847e+26,9.509999999999847e+26,1.6999999999999993e+25,9.999999999999997e+24,0.0,0.0
1367.1666666666667,217.00157325006637,9.58000000000003e+26,1.759999999999999e+26,7.180000000000032e+26,3.8999999999999985e+25,2.5e+25,9.65999999999985e+26,9.479999999999849e+26,8.999999999999997e+24,8.999999999999997e+24,0.0,0.0
1375.0277777777778,218.00316791704165,9.63000000000003e+26,1.889999999999998e+26,7.220000000000032e+26,2.699999999999999e+25,2.5e+25,9.609999999999851e+26,9.439999999999851e+26,1.1999999999999996e+25,4.999999999999999e+24,0.0,0.0
1382.8333333333333,219.0029484224907,9.780000000000028e+26,2.1099999999999974e+26,7.04000000000003e+26,3.799999999999999e+25,2.5e+25,9.479999999999863e+26,9.249999999999863e+26,1.0999999999999996e+25,1.1999999999999996e+25,0.0,0.0
1390.5833333333333,220.0009585455,9.450000000000036e+26,1.5200000000000016e+26,7.390000000000035e+26,2.8999999999999986e+25,2.5e+25,8.64999999999991e+26,8.43999999999991e+26,7.999999999999998e+24,1.2999999999999995e+25,0.0,0.0
1398.3055555555557,221.00084608969462,9.890000000000034e+26,1.8199999999999983e+26,7.580000000000036e+26,2.399999999999999e+25,2.5e+25,9.679999999999847e+26,9.509999999999847e+26,7.999999999999998e+24,8.999999999999997e+24,0.0,0.0
1406.0,222.00271295603068,1.036000000000004e+27,1.7199999999999993e+26,8.02000000000004e+26,3.599999999999999e+25,2.6000000000000003e+25,9.939999999999832e+26,9.769999999999832e+26,9.999999999999997e+24,6.999999999999998e+24,0.0,0.0
1413.638888888889,223.00300771375987,1.0350000000000036e+27,1.8999999999999987e+26,7.740000000000038e+26,4.5e+25,2.6000000000000003e+25,9.779999999999847e+26,9.519999999999847e+26,1.3999999999999994e+25,1.1999999999999996e+25,0.0,0.0
1421.2222222222222,224.00176337962773,1.0800000000000039e+27,2.059999999999998e+26,8.030000000000041e+26,4.4999999999999994e+25,2.6000000000000003e+25,1.0069999999999826e+27,9.889999999999825e+26,8.999999999999997e+24,8.999999999999997e+24,0.0,0.0
1428.7777777777778,225.0027004736594,1.0030000000000038e+27,1.7499999999999996e+26,7.710000000000038e+26,3.1999999999999987e+25,2.5e+25,9.689999999999846e+26,9.509999999999847e+26,9.999999999999997e+24,7.999999999999998e+24,0.0,0.0
1436.2777777777778,226.0021977294989,1.0090000000000035e+27,1.7999999999999977e+26,7.670000000000038e+26,3.5999999999999997e+25,2.6000000000000003e+25,9.879999999999838e+26,9.659999999999839e+26,1.1999999999999996e+25,9.999999999999997e+24,0.0,0.0
1443.7222222222222,227.00027912761743,9.870000000000031e+26,1.839999999999997e+26,7.390000000000035e+26,3.7999999999999983e+25,2.6000000000000003e+25,1.0159999999999822e+27,9.949999999999822e+26,9.999999999999997e+24,1.0999999999999996e+25,0.0,0.0
1451.138888888889,228.00072299158808,1.0240000000000036e+27,1.9299999999999984e+26,7.710000000000038e+26,3.3999999999999985e+25,2.6000000000000003e+25,1.0229999999999818e+27,9.999999999999819e+26,1.4999999999999994e+25,7.999999999999998e+24,0.0,0.0
1458.5277777777778,229.00361427550683,1.0320000000000036e+27,1.7499999999999982e+26,7.860000000000039e+26,4.4999999999999994e+25,2.6000000000000003e+25,1.0839999999999787e+27,1.0529999999999788e+27,2.4e+25,6.999999999999998e+24,0.0,0.0
1465.8333333333333,230.0014265173503,1.0270000000000037e+27,1.9099999999999985e+26,7.780000000000038e+26,3.1999999999999987e+25,2.6000000000000003e+25,1.0399999999999813e+27,1.0099999999999813e+27,2.4e+25,5.999999999999999e+24,0.0,0.0
1473.111111111111,231.00175734020513,1.0380000000000037e+27,1.8599999999999976e+26,7.91000000000004e+26,3.3999999999999994e+25,2.7000000000000004e+25,1.1059999999999768e+27,1.0869999999999768e+27,1.1999999999999996e+25,6.999999999999998e+24,0.0,0.0
1480.3333333333333,232.00083072745326,1.075000000000004e+27,1.9999999999999973e+26,8.150000000000042e+26,3.2999999999999992e+25,2.7000000000000004e+25,1.0549999999999798e+27,1.0359999999999798e+27,1.2999999999999995e+25,5.999999999999999e+24,0.0,0.0
1487.5277777777778,233.00253383633162,1.0490000000000037e+27,1.8999999999999974e+26,7.94000000000004e+26,3.799999999999999e+25,2.7000000000000004e+25,9.979999999999831e+26,9.769999999999832e+26,7.999999999999998e+24,1.2999999999999995e+25,0.0,0.0
1494.6666666666667,234.00303077492856,1.0390000000000042e+27,1.6400000000000002e+26,8.120000000000041e+26,3.5999999999999984e+25,2.7000000000000004e+25,1.086999999999978e+27,1.065999999999978e+27,1.0999999999999996e+25,9.999999999999997e+24,0.0,0.0
1501.75,235.002322871513,1.0850000000000041e+27,1.9599999999999983e+26,8.280000000000043e+26,3.3999999999999985e+25,2.7000000000000004e+25,1.0409999999999806e+27,1.0239999999999805e+27,1.0999999999999996e+25,5.999999999999999e+24,0.0,0.0
1508.7777777777778,236.00039969949944,1.0530000000000039e+27,1.759999999999998e+26,8.140000000000042e+26,3.4999999999999996e+25,2.8000000000000006e+25,1.092999999999978e+27,1.066999999999978e+27,1.3999999999999994e+25,1.1999999999999996e+25,0.0,0.0
1515.7777777777778,237.0012352977991,1.0860000000000043e+27,1.9299999999999977e+26,8.330000000000044e+26,3.1999999999999987e+25,2.8000000000000006e+25,1.0999999999999774e+27,1.0749999999999775e+27,1.4999999999999994e+25,9.999999999999997e+24,0.0,0.0
1522.7222222222222,238.00088344423568,1.1120000000000045e+27,1.889999999999997e+26,8.650000000000048e+26,2.9999999999999996e+25,2.8000000000000006e+25,1.1169999999999763e+27,1.0949999999999763e+27,1.3999999999999994e+25,7.999999999999998e+24,0.0,0.0
1529.638888888889,239.0033667480318,1.059000000000004e+27,1.829999999999998e+26,8.160000000000042e+26,3.099999999999999e+25,2.9000000000000008e+25,1.0459999999999803e+27,1.0269999999999803e+27,8.999999999999997e+24,9.999999999999997e+24,0.0,0.0
1536.4722222222222,240.00061195171293,1.047000000000004e+27,1.6399999999999992e+26,8.180000000000042e+26,3.5999999999999993e+25,2.9000000000000008e+25,1.0299999999999814e+27,1.0079999999999814e+27,1.4999999999999994e+25,6.999999999999998e+24,0.0,0.0
1543.2777777777778,241.00069834826024,1.121000000000004e+27,2.079999999999997e+26,8.440000000000045e+26,3.9999999999999995e+25,2.9000000000000008e+25,1.125999999999976e+27,1.100999999999976e+27,1.3999999999999994e+25,1.0999999999999996e+25,0.0,0.0
1550.0555555555557,242.00368327509045,1.1330000000000045e+27,1.969999999999997e+26,8.690000000000048e+26,3.8999999999999985e+25,2.8000000000000006e+25,1.1489999999999748e+27,1.1209999999999748e+27,1.5999999999999993e+25,1.1999999999999996e+25,0.0,0.0
1556.75,243.00131479176423,1.0950000000000038e+27,2.099999999999997e+26,8.200000000000042e+26,3.5999999999999993e+25,2.9000000000000008e+25,1.1789999999999725e+27,1.1599999999999725e+27,9.999999999999997e+24,8.999999999999997e+24,0.0,0.0
1563.4166666666667,244.00183306764222,1.1300000000000045e+27,1.959999999999998e+26,8.650000000000048e+26,3.9999999999999995e+25,2.9000000000000008e+25,1.151999999999975e+27,1.117999999999975e+27,1.0999999999999996e+25,2.3e+25,0.0,0.0
1570.0277777777778,245.00107246564573,1.0660000000000041e+27,1.769999999999998e+26,8.240000000000043e+26,3.4999999999999987e+25,3.000000000000001e+25,1.1119999999999761e+27,1.0969999999999762e+27,6.999999999999998e+24,7.999999999999998e+24,0.0,0.0
1576.611111111111,246.0032356355846,1.0980000000000044e+27,1.7399999999999988e+26,8.610000000000047e+26,3.3999999999999994e+25,2.9000000000000008e+25,1.1369999999999752e+27,1.1119999999999753e+27,1.4999999999999994e+25,9.999999999999997e+24,0.0,0.0
1583.138888888889,247.00408949254825,1.1460000000000048e+27,1.809999999999998e+26,9.02000000000005e+26,3.3999999999999994e+25,2.9000000000000008e+25,1.0829999999999787e+27,1.0539999999999787e+27,1.4999999999999994e+25,1.3999999999999994e+25,0.0,0.0
1589.611111111111,248.0035809417442,1.1380000000000046e+27,1.7999999999999977e+26,8.820000000000047e+26,4.6e+25,3.000000000000001e+25,1.1439999999999747e+27,1.1239999999999746e+27,1.0999999999999996e+25,8.999999999999997e+24,0.0,0.0
1596.0277777777778,249.00165656919194,1.1340000000000047e+27,1.869999999999998e+26,8.780000000000048e+26,3.9e+25,3.000000000000001e+25,1.1499999999999745e+27,1.1259999999999745e+27,1.2999999999999995e+25,1.0999999999999996e+25,0.0,0.0
1602.4166666666667,250.00262522189564,1.1610000000000024e+27,1.9799999999999975e+26,8.890000000000028e+26,4.299999999999999e+25,3.100000000000001e+25,1.1649999999999736e+27,1.1399999999999737e+27,7.999999999999998e+24,1.6999999999999993e+25,0.0,0.0
1608.75,251.0021163247378,1.1410000000000032e+27,1.7399999999999988e+26,9.080000000000033e+26,2.8999999999999995e+25,3.000000000000001e+25,1.157999999999974e+27,1.133999999999974e+27,1.3999999999999994e+25,9.999999999999997e+24,0.0,0.0
1615.0277777777778,252.000063283278,1.117000000000003e+27,1.6999999999999977e+26,8.810000000000033e+26,3.4999999999999987e+25,3.100000000000001e+25,1.1819999999999733e+27,1.1469999999999733e+27,1.8999999999999992e+25,1.5999999999999993e+25,0.0,0.0
1621.2777777777778,253.0008617661274,1.1050000000000034e+27,1.8599999999999983e+26,8.510000000000035e+26,3.699999999999999e+25,3.100000000000001e+25,1.1009999999999769e+27,1.082999999999977e+27,9.999999999999997e+24,7.999999999999998e+24,0.0,0.0
1627.4722222222222,254.0000360035749,1.1050000000000032e+27,1.849999999999998e+26,8.590000000000035e+26,2.9999999999999988e+25,3.100000000000001e+25,1.1589999999999738e+27,1.1369999999999739e+27,8.999999999999997e+24,1.2999999999999995e+25,0.0,0.0
1633.638888888889,255.00203334192554,1.1460000000000018e+27,1.8199999999999983e+26,8.990000000000021e+26,3.3999999999999994e+25,3.100000000000001e+25,1.1389999999999755e+27,1.1089999999999755e+27,1.5999999999999993e+25,1.3999999999999994e+25,0.0,0.0
1639.75,256.0023136386392,1.1240000000000032e+27,1.6899999999999983e+26,8.930000000000033e+26,2.9999999999999988e+25,3.2000000000000012e+25,1.1909999999999722e+27,1.1649999999999722e+27,1.5999999999999993e+25,9.999999999999997e+24,0.0,0.0
1645.8055555555557,257.00078832408144,1.1680000000000019e+27,1.9099999999999978e+26,9.07000000000002e+26,3.800000000000001e+25,3.2000000000000012e+25,1.1729999999999731e+27,1.1489999999999731e+27,1.5999999999999993e+25,7.999999999999998e+24,0.0,0.0
1651.8333333333333,258.0019972081809,1.1760000000000021e+27,1.8899999999999983e+26,9.130000000000024e+26,4.099999999999999e+25,3.3000000000000014e+25,1.1119999999999775e+27,1.0759999999999774e+27,1.7999999999999992e+25,1.7999999999999992e+25,0.0,0.0
1657.8055555555557,259.0012829458733,1.1430000000000011e+27,1.7699999999999974e+26,8.990000000000013e+26,3.4999999999999987e+25,3.2000000000000012e+25,1.1299999999999759e+27,1.1019999999999759e+27,1.3999999999999994e+25,1.3999999999999994e+25,0.0,0.0
1663.75,260.0032464249556,1.1589999999999985e+27,1.6899999999999976e+26,9.289999999999988e+26,2.8999999999999995e+25,3.2000000000000012e+25,1.1789999999999728e+27,1.1559999999999727e+27,1.3999999999999994e+25,8.999999999999997e+24,0.0,0.0
1669.638888888889,261.0031567157771,1.1530000000000011e+27,1.7899999999999976e+26,9.040000000000014e+26,3.7e+25,3.3000000000000014e+25,1.1099999999999774e+27,1.0779999999999773e+27,1.8999999999999992e+25,1.2999999999999995e+25,0.0,0.0
1675.4722222222222,262.0009101124739,1.1490000000000015e+27,1.939999999999997e+26,8.910000000000019e+26,3.099999999999999e+25,3.3000000000000014e+25,1.126999999999976e+27,1.099999999999976e+27,1.3999999999999994e+25,1.2999999999999995e+25,0.0,0.0
1681.2777777777778,263.0011964176233,1.1359999999999986e+27,1.8599999999999976e+26,8.87999999999999e+26,2.899999999999999e+25,3.3000000000000014e+25,1.1909999999999726e+27,1.1589999999999726e+27,1.2999999999999995e+25,1.8999999999999992e+25,0.0,0.0
1687.0555555555557,264.0040095336592,1.1270000000000007e+27,1.7099999999999975e+26,8.910000000000009e+26,3.099999999999999e+25,3.4000000000000016e+25,1.090999999999978e+27,1.0639999999999781e+27,1.3999999999999994e+25,1.2999999999999995e+25,0.0,0.0
1692.7777777777778,265.0044675088028,1.1520000000000036e+27,2.059999999999996e+26,8.750000000000039e+26,3.7000000000000007e+25,3.4000000000000016e+25,1.1139999999999771e+27,1.0789999999999772e+27,1.9999999999999993e+25,1.4999999999999994e+25,0.0,0.0
1698.4444444444443,266.002445421467,1.1070000000000025e+27,1.7599999999999977e+26,8.640000000000028e+26,3.2999999999999992e+25,3.4000000000000016e+25,1.106999999999977e+27,1.082999999999977e+27,1.3999999999999994e+25,9.999999999999997e+24,0.0,0.0
1704.0833333333333,267.0027664836424,1.1300000000000023e+27,1.899999999999998e+26,8.700000000000025e+26,3.5999999999999997e+25,3.4000000000000016e+25,1.0849999999999783e+27,1.0619999999999782e+27,8.999999999999997e+24,1.3999999999999994e+25,0.0,0.0
1709.6666666666667,268.0004271247084,1.149000000000001e+27,1.8199999999999972e+26,9.040000000000014e+26,2.799999999999999e+25,3.5000000000000017e+25,1.1359999999999761e+27,1.0979999999999761e+27,1.9999999999999993e+25,1.7999999999999992e+25,0.0,0.0
1715.2222222222222,269.0003192743434,1.1060000000000014e+27,1.629999999999998e+26,8.770000000000016e+26,3.099999999999999e+25,3.5000000000000017e+25,1.0539999999999808e+27,1.0179999999999808e+27,1.6999999999999993e+25,1.8999999999999992e+25,0.0,0.0
1720.75,270.00240761483735,1.1110000000000022e+27,1.7399999999999978e+26,8.750000000000025e+26,2.699999999999999e+25,3.5000000000000017e+25,1.1129999999999768e+27,1.0859999999999768e+27,1.4999999999999994e+25,1.1999999999999996e+25,0.0,0.0
1726.2222222222222,271.00157749311984,1.0810000000000017e+27,1.7599999999999973e+26,8.42000000000002e+26,2.799999999999999e+25,3.5000000000000017e+25,1.0799999999999786e+27,1.0559999999999786e+27,1.1999999999999996e+25,1.1999999999999996e+25,0.0,0.0
1731.6666666666667,272.0028092339634,1.1439999999999996e+27,1.9299999999999963e+26,8.860000000000001e+26,2.8999999999999995e+25,3.600000000000002e+25,1.1099999999999772e+27,1.0789999999999772e+27,1.9999999999999993e+25,1.0999999999999996e+25,0.0,0.0
1737.0555555555557,273.0009085503366,1.0650000000000023e+27,1.6599999999999977e+26,8.390000000000024e+26,2.499999999999999e+25,3.5000000000000017e+25,1.0829999999999788e+27,1.0519999999999788e+27,1.8999999999999992e+25,1.1999999999999996e+25,0.0,0.0
1742.4166666666667,274.0009249142805,1.1270000000000018e+27,2.0799999999999958e+26,8.610000000000022e+26,2.199999999999999e+25,3.600000000000002e+25,1.0319999999999818e+27,1.0009999999999818e+27,1.9999999999999993e+25,1.0999999999999996e+25,0.0,0.0
1747.75,275.0028131782668,1.0240000000000029e+27,1.6499999999999982e+26,7.960000000000032e+26,2.699999999999999e+25,3.600000000000002e+25,1.048999999999981e+27,1.013999999999981e+27,1.5999999999999993e+25,1.8999999999999992e+25,0.0,0.0
1753.0277777777778,276.0012542114698,1.0310000000000026e+27,1.709999999999997e+26,7.890000000000029e+26,3.4999999999999987e+25,3.600000000000002e+25,1.0639999999999795e+27,1.0399999999999795e+27,1.1999999999999996e+25,1.1999999999999996e+25,0.0,0.0
1758.2777777777778,277.00140410115773,1.0790000000000038e+27,1.909999999999997e+26,8.23000000000004e+26,2.799999999999999e+25,3.700000000000002e+25,1.0309999999999814e+27,1.0059999999999815e+27,1.6999999999999993e+25,7.999999999999998e+24,0.0,0.0
1763.5,278.00320789198406,1.036000000000004e+27,1.5699999999999974e+26,8.100000000000041e+26,3.199999999999999e+25,3.700000000000002e+25,1.0809999999999785e+27,1.0569999999999785e+27,8.999999999999997e+24,1.4999999999999994e+25,0.0,0.0
1768.6666666666667,279.0012234993195,9.920000000000032e+26,1.689999999999998e+26,7.500000000000035e+26,3.499999999999999e+25,3.800000000000002e+25,1.0409999999999808e+27,1.0169999999999809e+27,1.3999999999999994e+25,9.999999999999997e+24,0.0,0.0
1773.8055555555557,280.0007117912786,1.0770000000000029e+27,1.979999999999996e+26,8.070000000000033e+26,3.5000000000000004e+25,3.700000000000002e+25,1.0039999999999834e+27,9.719999999999835e+26,9.999999999999997e+24,2.1999999999999996e+25,0.0,0.0
1778.9166666666667,281.0016040728292,1.0580000000000031e+27,1.8699999999999967e+26,8.050000000000035e+26,2.8999999999999986e+25,3.700000000000002e+25,1.0509999999999808e+27,1.0169999999999809e+27,1.4999999999999994e+25,1.8999999999999992e+25,0.0,0.0
1784.0,282.00383863197885,9.800000000000034e+26,1.6799999999999972e+26,7.420000000000036e+26,3.1999999999999987e+25,3.800000000000002e+25,9.999999999999832e+26,9.769999999999832e+26,1.2999999999999995e+25,9.999999999999997e+24,0.0,0.0
1789.0277777777778,283.00182019988006,9.820000000000033e+26,1.809999999999996e+26,7.400000000000037e+26,2.2999999999999994e+25,3.800000000000002e+25,1.0619999999999799e+27,1.0349999999999798e+27,8.999999999999997e+24,1.7999999999999992e+25,0.0,0.0
1794.0277777777778,284.0009344339554,9.450000000000025e+26,1.8099999999999964e+26,7.06000000000003e+26,1.9999999999999993e+25,3.800000000000002e+25,9.649999999999854e+26,9.409999999999853e+26,1.2999999999999995e+25,1.0999999999999996e+25,0.0,0.0
1799.0,285.0011114260449,9.380000000000031e+26,1.849999999999997e+26,6.960000000000032e+26,1.7999999999999994e+25,3.900000000000002e+25,9.54999999999986e+26,9.279999999999861e+26,1.3999999999999994e+25,1.2999999999999995e+25,0.0,0.0
1803.9444444444443,286.0022757152743,9.590000000000032e+26,1.699999999999998e+26,7.340000000000034e+26,1.5999999999999995e+25,3.900000000000002e+25,9.239999999999882e+26,8.919999999999882e+26,1.5999999999999993e+25,1.5999999999999993e+25,0.0,0.0
1808.861111111111,287.0043480306821,9.350000000000027e+26,1.789999999999997e+26,6.940000000000031e+26,2.199999999999999e+25,4.000000000000002e+25,9.699999999999851e+26,9.429999999999852e+26,1.6999999999999993e+25,9.999999999999997e+24,0.0,0.0
1813.7222222222222,288.00152791593996,9.970000000000033e+26,1.7399999999999974e+26,7.570000000000037e+26,2.699999999999999e+25,3.900000000000002e+25,9.319999999999875e+26,9.029999999999875e+26,1.3999999999999994e+25,1.4999999999999994e+25,0.0,0.0
1818.5833333333333,289.0051351967661,9.490000000000031e+26,1.8499999999999972e+26,6.970000000000033e+26,2.799999999999999e+25,3.900000000000002e+25,9.209999999999884e+26,8.889999999999884e+26,1.5999999999999993e+25,1.5999999999999993e+25,0.0,0.0
1823.388888888889,290.00360780607605,9.100000000000027e+26,1.639999999999997e+26,6.79000000000003e+26,2.699999999999999e+25,4.000000000000002e+25,9.559999999999858e+26,9.319999999999859e+26,1.0999999999999996e+25,1.2999999999999995e+25,0.0,0.0
1828.1666666666667,291.0025807785323,9.370000000000029e+26,1.6299999999999977e+26,7.030000000000031e+26,3.099999999999999e+25,4.000000000000002e+25,8.99999999999989e+26,8.77999999999989e+26,1.1999999999999996e+25,9.999999999999997e+24,0.0,0.0
1832.9166666666667,292.0019562856239,8.760000000000029e+26,1.6899999999999966e+26,6.410000000000033e+26,2.599999999999999e+25,4.000000000000002e+25,8.989999999999898e+26,8.6199999999999e+26,2.1999999999999996e+25,1.4999999999999994e+25,0.0,0.0
1837.638888888889,293.0016420780986,8.82000000000003e+26,1.559999999999998e+26,6.610000000000031e+26,2.399999999999999e+25,4.100000000000002e+25,9.239999999999877e+26,9.019999999999876e+26,1.0999999999999996e+25,1.0999999999999996e+25,0.0,0.0
1842.3333333333333,294.0015431147109,8.530000000000027e+26,1.739999999999997e+26,6.23000000000003e+26,1.4999999999999996e+25,4.100000000000002e+25,8.699999999999913e+26,8.389999999999913e+26,1.3999999999999994e+25,1.6999999999999993e+25,0.0,0.0
1847.0,295.00156239595026,8.320000000000026e+26,1.4299999999999982e+26,6.210000000000027e+26,2.699999999999999e+25,4.100000000000002e+25,8.079999999999949e+26,7.789999999999948e+26,1.7999999999999992e+25,1.0999999999999996e+25,0.0,0.0
1851.638888888889,296.0015984223228,8.570000000000027e+26,1.5399999999999978e+26,6.42000000000003e+26,1.8999999999999994e+25,4.200000000000002e+25,7.799999999999961e+26,7.559999999999962e+26,1.6999999999999993e+25,6.999999999999998e+24,0.0,0.0
1856.25,297.001546779091,9.100000000000027e+26,1.7699999999999978e+26,6.800000000000028e+26,1.1999999999999998e+25,4.100000000000002e+25,8.329999999999932e+26,8.069999999999932e+26,1.3999999999999994e+25,1.1999999999999996e+25,0.0,0.0
1860.8333333333333,298.0013009249319,8.530000000000022e+26,1.7599999999999966e+26,6.1400000000000254e+26,2.099999999999999e+25,4.200000000000002e+25,8.479999999999926e+26,8.169999999999926e+26,1.5999999999999993e+25,1.4999999999999994e+25,0.0,0.0
1865.388888888889,299.00075148466567,8.410000000000022e+26,1.569999999999998e+26,6.150000000000023e+26,2.799999999999999e+25,4.100000000000002e+25,8.239999999999938e+26,7.959999999999938e+26,1.7999999999999992e+25,9.999999999999997e+24,0.0,0.0
1869.9444444444443,300.0059403209267,8.070000000000021e+26,1.4299999999999991e+26,5.990000000000021e+26,2.2999999999999994e+25,4.200000000000002e+25,7.899999999999962e+26,7.549999999999962e+26,1.7999999999999992e+25,1.6999999999999993e+25,0.0,0.0
1874.4444444444443,301.0044940938685,8.130000000000023e+26,1.6599999999999973e+26,5.850000000000026e+26,1.9999999999999993e+25,4.200000000000002e+25,8.039999999999954e+26,7.679999999999955e+26,1.1999999999999996e+25,2.4e+25,0.0,0.0
1878.9166666666667,302.00241027974414,8.550000000000023e+26,1.7699999999999974e+26,6.070000000000026e+26,2.8999999999999986e+25,4.200000000000002e+25,8.339999999999936e+26,7.999999999999936e+26,1.5999999999999993e+25,1.7999999999999992e+25,0.0,0.0
1883.388888888889,303.0058206373691,7.950000000000023e+26,1.4899999999999985e+26,5.850000000000024e+26,1.7999999999999994e+25,4.3000000000000026e+25,8.179999999999942e+26,7.909999999999941e+26,1.2999999999999995e+25,1.3999999999999994e+25,0.0,0.0
1887.8055555555557,304.0021488826578,7.750000000000023e+26,1.4499999999999984e+26,5.740000000000025e+26,1.2999999999999997e+25,4.3000000000000026e+25,8.019999999999952e+26,7.719999999999952e+26,1.5999999999999993e+25,1.3999999999999994e+25,0.0,0.0
1892.2222222222222,305.00380192487523,7.74000000000002e+26,1.5899999999999976e+26,5.560000000000023e+26,1.5999999999999995e+25,4.3000000000000026e+25,7.759999999999964e+26,7.499999999999965e+26,1.2999999999999995e+25,1.2999999999999995e+25,0.0,0.0
1896.611111111111,306.00440835583527,8.03000000000002e+26,1.6199999999999986e+26,5.7700000000000217e+26,2.099999999999999e+25,4.3000000000000026e+25,7.81999999999996e+26,7.57999999999996e+26,8.999999999999997e+24,1.4999999999999994e+25,0.0,0.0
1900.9722222222222,307.0038471769715,7.51000000000002e+26,1.4899999999999985e+26,5.4100000000000214e+26,1.6999999999999995e+25,4.400000000000003e+25,7.419999999999977e+26,7.309999999999976e+26,4.999999999999999e+24,5.999999999999999e+24,0.0,0.0
1905.3055555555557,308.00199351637764,7.660000000000019e+26,1.7599999999999977e+26,5.3300000000000206e+26,1.3999999999999997e+25,4.3000000000000026e+25,7.719999999999966e+26,7.499999999999965e+26,8.999999999999997e+24,1.2999999999999995e+25,0.0,0.0
1909.638888888889,309.0051679061969,7.570000000000016e+26,1.6799999999999972e+26,5.270000000000018e+26,1.7999999999999994e+25,4.400000000000003e+25,7.529999999999976e+26,7.309999999999976e+26,1.1999999999999996e+25,9.999999999999997e+24,0.0,0.0
1913.9166666666667,310.0003813659804,7.090000000000018e+26,1.3899999999999983e+26,5.0300000000000196e+26,2.2999999999999994e+25,4.400000000000003e+25,7.100000000000002e+26,6.870000000000002e+26,9.999999999999997e+24,1.2999999999999995e+25,0.0,0.0
1918.1944444444443,311.00042800518065,7.190000000000015e+26,1.719999999999997e+26,4.880000000000018e+26,1.3999999999999997e+25,4.500000000000003e+25,7.179999999999995e+26,6.999999999999994e+26,1.5999999999999993e+25,2e+24,0.0,0.0
1922.4722222222222,312.00527070613214,7.780000000000017e+26,1.879999999999997e+26,5.36000000000002e+26,8.999999999999999e+24,4.500000000000003e+25,7.100000000000001e+26,6.890000000000001e+26,1.2999999999999995e+25,7.999999999999998e+24,0.0,0.0
1926.6944444444443,313.0017258549233,7.350000000000018e+26,1.5299999999999977e+26,5.2400000000000204e+26,1.2999999999999997e+25,4.500000000000003e+25,6.910000000000019e+26,6.580000000000019e+26,2.1999999999999996e+25,1.0999999999999996e+25,0.0,0.0
1930.9166666666667,314.0027780090321,6.780000000000013e+26,1.449999999999998e+26,4.7200000000000144e+26,1.5999999999999995e+25,4.500000000000003e+25,7.219999999999998e+26,6.929999999999998e+26,1.5999999999999993e+25,1.2999999999999995e+25,0.0,0.0
1935.111111111111,315.0017454597828,6.890000000000015e+26,1.4099999999999987e+26,4.8900000000000154e+26,1.3999999999999997e+25,4.500000000000003e+25,6.550000000000033e+26,6.350000000000032e+26,1.2999999999999995e+25,6.999999999999998e+24,0.0,0.0
1939.3055555555557,316.0051532180687,6.960000000000015e+26,1.5699999999999974e+26,4.740000000000017e+26,1.8999999999999994e+25,4.600000000000003e+25,6.980000000000006e+26,6.790000000000007e+26,7.999999999999998e+24,1.0999999999999996e+25,0.0,0.0
1943.4722222222222,317.00626827060455,6.540000000000016e+26,1.3199999999999987e+26,4.590000000000017e+26,1.6999999999999995e+25,4.600000000000003e+25,6.10000000000004e+26,6.020000000000041e+26,4e+24,4e+24,0.0,0.0
1947.611111111111,318.004946395542,6.540000000000014e+26,1.3499999999999988e+26,4.610000000000016e+26,1.1999999999999998e+25,4.600000000000003e+25,6.42000000000004e+26,6.200000000000041e+26,1.2999999999999995e+25,8.999999999999997e+24,0.0,0.0
1951.7222222222222,319.0010525684653,6.690000000000015e+26,1.4899999999999982e+26,4.4600000000000166e+26,2.7999999999999993e+25,4.600000000000003e+25,7.02000000000001e+26,6.750000000000009e+26,1.2999999999999995e+25,1.3999999999999994e+25,0.0,0.0
1955.8333333333333,320.0012229826435,6.660000000000014e+26,1.3899999999999994e+26,4.710000000000015e+26,9.999999999999999e+24,4.600000000000003e+25,6.470000000000042e+26,6.200000000000041e+26,1.5999999999999993e+25,1.0999999999999996e+25,0.0,0.0
1959.9444444444443,321.00539330483036,6.470000000000012e+26,1.4099999999999987e+26,4.4700000000000125e+26,1.2999999999999997e+25,4.600000000000003e+25,6.330000000000042e+26,6.160000000000042e+26,9.999999999999997e+24,6.999999999999998e+24,0.0,0.0
1964.0277777777778,322.0066818065276,6.070000000000013e+26,1.13e+26,4.310000000000013e+26,1.5999999999999995e+25,4.700000000000003e+25,6.14000000000004e+26,5.97000000000004e+26,1.1999999999999996e+25,4.999999999999999e+24,0.0,0.0
1968.0833333333333,323.0049487294532,6.570000000000013e+26,1.3199999999999997e+26,4.650000000000013e+26,1.2999999999999997e+25,4.700000000000003e+25,6.750000000000024e+26,6.500000000000024e+26,1.3999999999999994e+25,1.0999999999999996e+25,0.0,0.0
1972.111111111111,324.00005100194494,6.450000000000013e+26,1.4499999999999984e+26,4.390000000000014e+26,1.4999999999999996e+25,4.600000000000003e+25,6.0000000000000384e+26,5.850000000000039e+26,1.0999999999999996e+25,4e+24,0.0,0.0
1976.1666666666667,325.0056481426459,6.42000000000001e+26,1.4699999999999985e+26,4.3800000000000116e+26,9.999999999999999e+24,4.700000000000003e+25,5.970000000000038e+26,5.770000000000038e+26,1.0999999999999996e+25,8.999999999999997e+24,0.0,0.0
1980.1666666666667,326.0009721057461,6.630000000000012e+26,1.5399999999999978e+26,4.500000000000014e+26,1.1999999999999998e+25,4.700000000000003e+25,6.250000000000041e+26,6.0900000000000414e+26,1.0999999999999996e+25,4.999999999999999e+24,0.0,0.0
1984.1944444444443,327.0066521973217,6.1300000000000136e+26,1.2299999999999993e+26,4.350000000000014e+26,7.999999999999999e+24,4.700000000000003e+25,6.240000000000042e+26,6.120000000000042e+26,8.999999999999997e+24,3e+24,0.0,0.0
1988.1666666666667,328.00177469177254,6.070000000000009e+26,1.369999999999999e+26,4.13000000000001e+26,9.999999999999999e+24,4.700000000000003e+25,6.13000000000004e+26,5.96000000000004e+26,1.0999999999999996e+25,5.999999999999999e+24,0.0,0.0
1992.138888888889,329.00011516665256,5.930000000000011e+26,1.22e+26,4.110000000000011e+26,1.1999999999999996e+25,4.800000000000003e+25,6.050000000000038e+26,5.8100000000000386e+26,1.9999999999999993e+25,4e+24,0.0,0.0
1996.111111111111,330.00159719969577,6.020000000000008e+26,1.3699999999999985e+26,4.0900000000000094e+26,7.999999999999999e+24,4.800000000000003e+25,5.880000000000037e+26,5.660000000000037e+26,1.3999999999999994e+25,7.999999999999998e+24,0.0,0.0
2000.0833333333333,331.0061442925348,6.320000000000008e+26,1.519999999999998e+26,4.20000000000001e+26,1.1999999999999998e+25,4.800000000000003e+25,6.020000000000038e+26,5.760000000000038e+26,1.7999999999999992e+25,7.999999999999998e+24,0.0,0.0
2004.0277777777778,332.0066191754129,6.150000000000012e+26,1.4399999999999985e+26,4.110000000000013e+26,1.1999999999999998e+25,4.800000000000003e+25,6.0100000000000385e+26,5.830000000000039e+26,1.1999999999999996e+25,5.999999999999999e+24,0.0,0.0
2007.9444444444443,333.00288367601263,6.28000000000001e+26,1.2799999999999993e+26,4.430000000000011e+26,8.999999999999998e+24,4.800000000000003e+25,5.8000000000000364e+26,5.6200000000000366e+26,1.1999999999999996e+25,5.999999999999999e+24,0.0,0.0
2011.861111111111,334.00188812311194,6.07000000000001e+26,1.2499999999999998e+26,4.25000000000001e+26,8e+24,4.9000000000000035e+25,5.990000000000038e+26,5.840000000000039e+26,1.0999999999999996e+25,4e+24,0.0,0.0
2015.7777777777778,335.00354872969524,5.880000000000011e+26,1.1600000000000005e+26,4.170000000000011e+26,7e+24,4.800000000000003e+25,6.330000000000042e+26,6.1100000000000416e+26,1.9999999999999993e+25,2e+24,0.0,0.0
2019.6666666666667,336.00064950280773,5.9700000000000086e+26,1.259999999999999e+26,4.140000000000009e+26,8e+24,4.9000000000000035e+25,6.130000000000041e+26,6.020000000000041e+26,8.999999999999997e+24,2e+24,0.0,0.0
2023.5555555555557,337.00020277798,5.880000000000009e+26,1.16e+26,4.1500000000000086e+26,8.999999999999999e+24,4.800000000000003e+25,6.21000000000004e+26,6.080000000000041e+26,1.1999999999999996e+25,1e+24,0.0,0.0
2027.4444444444443,338.00211538581584,6.150000000000008e+26,1.3699999999999985e+26,4.17000000000001e+26,1.1999999999999996e+25,4.9000000000000035e+25,6.440000000000034e+26,6.320000000000034e+26,4.999999999999999e+24,6.999999999999998e+24,0.0,0.0
2031.3333333333333,339.0062990704889,6.230000000000009e+26,1.2899999999999996e+26,4.360000000000009e+26,9.999999999999999e+24,4.800000000000003e+25,6.350000000000038e+26,6.260000000000038e+26,5.999999999999999e+24,3e+24,0.0,0.0
2035.1944444444443,340.0054705264939,6.35000000000001e+26,1.2299999999999996e+26,4.510000000000011e+26,1.1999999999999998e+25,4.9000000000000035e+25,6.900000000000014e+26,6.670000000000014e+26,1.6999999999999993e+25,5.999999999999999e+24,0.0,0.0
2039.0555555555557,341.0066972479797,6.1800000000000066e+26,1.3399999999999985e+26,4.2600000000000076e+26,8.999999999999999e+24,4.9000000000000035e+25,6.460000000000036e+26,6.290000000000036e+26,1.3999999999999994e+25,3e+24,0.0,0.0
2042.888888888889,342.0026661390548,6.23000000000001e+26,1.1400000000000001e+26,4.5200000000000096e+26,7.999999999999999e+24,4.9000000000000035e+25,6.590000000000027e+26,6.440000000000027e+26,1.3999999999999994e+25,1e+24,0.0,0.0
2046.7222222222222,343.0004764822338,6.410000000000011e+26,1.1100000000000007e+26,4.7400000000000105e+26,6.999999999999998e+24,4.9000000000000035e+25,6.96000000000001e+26,6.73000000000001e+26,1.6999999999999993e+25,5.999999999999999e+24,0.0,0.0
2050.5555555555557,344.00003840005036,6.54000000000001e+26,1.2999999999999995e+26,4.66000000000001e+26,8e+24,5.000000000000004e+25,6.810000000000022e+26,6.530000000000022e+26,2.5e+25,3e+24,0.0,0.0
2054.3888888888887,345.00125165229974,6.910000000000009e+26,1.2699999999999988e+26,5.04000000000001e+26,1.0999999999999998e+25,4.9000000000000035e+25,6.250000000000041e+26,6.080000000000041e+26,1.5999999999999993e+25,1e+24,0.0,0.0
2058.222222222222,346.00402210531047,6.610000000000012e+26,1.2100000000000003e+26,4.800000000000011e+26,9.999999999999999e+24,5.000000000000004e+25,6.930000000000011e+26,6.720000000000011e+26,1.5999999999999993e+25,4.999999999999999e+24,0.0,0.0
2062.027777777778,347.00096629459756,6.48000000000001e+26,1.2200000000000002e+26,4.670000000000009e+26,8.999999999999998e+24,5.000000000000004e+25,6.620000000000025e+26,6.470000000000025e+26,1.4999999999999994e+25,0.0,0.0,0.0
2065.8611111111113,348.0065425887068,6.600000000000014e+26,1.2200000000000007e+26,4.800000000000012e+26,7.999999999999999e+24,5.000000000000004e+25,7.189999999999997e+26,6.959999999999997e+26,1.8999999999999992e+25,4e+24,0.0,0.0
2069.6666666666665,349.0060747139124,6.880000000000011e+26,1.2099999999999993e+26,5.0600000000000124e+26,1.1999999999999998e+25,4.9000000000000035e+25,6.640000000000025e+26,6.460000000000026e+26,1.6999999999999993e+25,1e+24,0.0,0.0
2073.472222222222,350.00674661894595,6.310000000000007e+26,1.1500000000000004e+26,4.6100000000000064e+26,6e+24,4.9000000000000035e+25,6.61000000000003e+26,6.410000000000029e+26,1.7999999999999992e+25,2e+24,0.0,0.0
2077.25,351.00114136850425,6.490000000000009e+26,1.1400000000000004e+26,4.7400000000000084e+26,1.0999999999999998e+25,5.000000000000004e+25,6.960000000000009e+26,6.750000000000009e+26,1.7999999999999992e+25,3e+24,0.0,0.0
2081.0555555555557,352.0037813455101,6.560000000000009e+26,1.1800000000000005e+26,4.770000000000008e+26,1.0999999999999998e+25,5.000000000000004e+25,6.26000000000004e+26,6.1000000000000415e+26,1.4999999999999994e+25,1e+24,0.0,0.0
2084.8611111111113,353.0072565341992,6.84000000000001e+26,1.3100000000000003e+26,4.9800000000000095e+26,4.999999999999999e+24,5.000000000000004e+25,7.139999999999998e+26,6.919999999999999e+26,1.9999999999999993e+25,2e+24,0.0,0.0
2088.6388888888887,354.0041300177994,6.970000000000011e+26,1.3399999999999994e+26,5.030000000000011e+26,9.999999999999999e+24,5.000000000000004e+25,6.870000000000018e+26,6.590000000000018e+26,2.5e+25,3e+24,0.0,0.0
2092.4166666666665,355.0016231469609,6.710000000000009e+26,1.25e+26,4.860000000000008e+26,9.999999999999999e+24,5.000000000000004e+25,6.490000000000031e+26,6.38000000000003e+26,8.999999999999997e+24,2e+24,0.0,0.0
2096.222222222222,356.00697258324715,6.750000000000012e+26,1.0900000000000008e+26,5.0800000000000105e+26,8e+24,5.000000000000004e+25,6.740000000000023e+26,6.510000000000023e+26,2.0999999999999995e+25,2e+24,0.0,0.0
2100.0,357.0053985000302,6.56000000000001e+26,1.1499999999999999e+26,4.890000000000009e+26,2e+24,5.000000000000004e+25,6.740000000000026e+26,6.460000000000026e+26,2.4e+25,4e+24,0.0,0.0
2103.777777777778,358.00413508094573,6.870000000000013e+26,1.1500000000000002e+26,5.120000000000012e+26,9.999999999999999e+24,5.000000000000004e+25,6.610000000000028e+26,6.430000000000028e+26,1.5999999999999993e+25,2e+24,0.0,0.0
2107.5555555555557,359.00307847225974,6.710000000000011e+26,1.0800000000000009e+26,4.99000000000001e+26,1.3999999999999997e+25,5.000000000000004e+25,6.870000000000014e+26,6.670000000000014e+26,1.5999999999999993e+25,4e+24,0.0,0.0
2111.3333333333335,0.0021256283450838964,6.53000000000001e+26,1.1200000000000006e+26,4.840000000000009e+26,6.999999999999999e+24,5.000000000000004e+25,6.720000000000024e+26,6.480000000000025e+26,1.9999999999999993e+25,4e+24,0.0,0.0
2115.1111111111113,1.0011719814340267,6.330000000000009e+26,1.1000000000000009e+26,4.670000000000007e+26,6e+24,5.000000000000004e+25,6.470000000000032e+26,6.340000000000033e+26,1.2999999999999995e+25,0.0,0.0,0.0
2118.8888888888887,2.000114625785045,6.920000000000011e+26,1.2700000000000004e+26,5.0800000000000105e+26,6.999999999999999e+24,5.000000000000004e+25,6.73000000000002e+26,6.55000000000002e+26,1.6999999999999993e+25,1e+24,0.0,0.0
2122.6944444444443,3.006192429657176,6.68000000000001e+26,1.090000000000001e+26,4.940000000000009e+26,1.4999999999999996e+25,5.000000000000004e+25,6.390000000000041e+26,6.21000000000004e+26,1.5999999999999993e+25,2e+24,0.0,0.0
2126.472222222222,4.004614383627768,6.840000000000012e+26,1.1700000000000007e+26,5.0800000000000105e+26,8.999999999999999e+24,5.000000000000004e+25,6.230000000000041e+26,6.0000000000000405e+26,1.8999999999999992e+25,4e+24,0.0,0.0
2130.25,5.002622100238568,6.58000000000001e+26,1.070000000000001e+26,4.93000000000001e+26,8e+24,5.000000000000004e+25,7.119999999999997e+26,6.939999999999998e+26,1.6999999999999993e+25,1e+24,0.0,0.0
2134.027777777778,6.000112339019552,6.920000000000013e+26,1.1200000000000004e+26,5.2100000000000125e+26,9.999999999999999e+24,4.9000000000000035e+25,6.77000000000002e+26,6.55000000000002e+26,1.9999999999999993e+25,2e+24,0.0,0.0
2137.8333333333335,7.004310775177373,6.190000000000007e+26,1.0200000000000008e+26,4.590000000000006e+26,8e+24,5.000000000000004e+25,6.460000000000038e+26,6.240000000000039e+26,1.8999999999999992e+25,3e+24,0.0,0.0
2141.6111111111113,8.00045508497999,6.45000000000001e+26,1.070000000000001e+26,4.850000000000009e+26,3e+24,5.000000000000004e+25,6.490000000000035e+26,6.300000000000035e+26,1.6999999999999993e+25,2e+24,0.0,0.0
2145.4166666666665,9.00309155089758,6.210000000000003e+26,1.4299999999999994e+26,4.220000000000003e+26,6.999999999999998e+24,4.9000000000000035e+25,6.20000000000004e+26,5.98000000000004e+26,1.8999999999999992e+25,3e+24,0.0,0.0
2149.222222222222,10.004789462535655,6.210000000000008e+26,1.0200000000000008e+26,4.640000000000007e+26,5.999999999999999e+24,4.9000000000000035e+25,6.460000000000033e+26,6.340000000000033e+26,8.999999999999997e+24,3e+24,0.0,0.0
2153.027777777778,11.005449841931181,6.070000000000006e+26,9.900000000000008e+25,4.5200000000000055e+26,6.999999999999999e+24,4.9000000000000035e+25,6.360000000000041e+26,6.080000000000041e+26,2.6000000000000003e+25,2e+24,0.0,0.0
2156.8333333333335,12.004967454573148,6.38000000000001e+26,1.0100000000000008e+26,4.8200000000000085e+26,4.999999999999999e+24,5.000000000000004e+25,6.10000000000004e+26,5.93000000000004e+26,1.3999999999999994e+25,3e+24,0.0,0.0
2160.6388888888887,13.003246846747174,5.780000000000001e+26,1.170000000000001e+26,4.0200000000000004e+26,9.999999999999999e+24,4.9000000000000035e+25,5.850000000000037e+26,5.680000000000037e+26,1.0999999999999996e+25,5.999999999999999e+24,0.0,0.0
2164.4444444444443,14.000185579406093,5.700000000000002e+26,1.1100000000000008e+26,4.0300000000000005e+26,6.999999999999998e+24,4.9000000000000035e+25,6.0200000000000386e+26,5.830000000000039e+26,1.6999999999999993e+25,2e+24,0.0,0.0
2168.277777777778,15.002949963825472,5.840000000000003e+26,1.110000000000001e+26,4.200000000000002e+26,4e+24,4.9000000000000035e+25,5.590000000000034e+26,5.4100000000000345e+26,1.3999999999999994e+25,4e+24,0.0,0.0
2172.1111111111113,16.004156411568147,5.800000000000001e+26,1.1200000000000002e+26,4.080000000000001e+26,1.0999999999999998e+25,4.9000000000000035e+25,5.690000000000036e+26,5.5200000000000356e+26,1.4999999999999994e+25,2e+24,0.0,0.0
2175.9444444444443,17.00371080312209,5.6100000000000015e+26,9.800000000000007e+25,4.070000000000001e+26,6.999999999999999e+24,4.9000000000000035e+25,5.8900000000000366e+26,5.670000000000037e+26,1.7999999999999992e+25,4e+24,0.0,0.0
2179.777777777778,18.001513980919754,6.0200000000000015e+26,1.32e+26,4.150000000000002e+26,5.999999999999999e+24,4.9000000000000035e+25,6.020000000000039e+26,5.880000000000039e+26,8.999999999999997e+24,4.999999999999999e+24,0.0,0.0
2183.6388888888887,19.004684633074703,5.8000000000000034e+26,9.800000000000007e+25,4.290000000000003e+26,4e+24,4.9000000000000035e+25,5.7100000000000355e+26,5.530000000000036e+26,1.3999999999999994e+25,4e+24,0.0,0.0
2187.5,20.00588907847657,5.7600000000000044e+26,1.0400000000000008e+26,4.100000000000003e+26,1.2999999999999997e+25,4.9000000000000035e+25,5.610000000000035e+26,5.440000000000035e+26,1.5999999999999993e+25,1e+24,0.0,0.0
2191.3611111111113,21.005036289195573,5.7800000000000025e+26,1.110000000000001e+26,4.040000000000001e+26,1.3999999999999997e+25,4.9000000000000035e+25,5.20000000000003e+26,4.98000000000003e+26,1.5999999999999993e+25,5.999999999999999e+24,0.0,0.0
2195.222222222222,22.00203013217822,5.4900000000000016e+26,9.900000000000008e+25,3.94e+26,6.999999999999998e+24,4.9000000000000035e+25,5.2100000000000304e+26,5.040000000000031e+26,1.0999999999999996e+25,5.999999999999999e+24,0.0,0.0
2199.1111111111113,23.003934790947483,5.1999999999999994e+26,1.0100000000000005e+26,3.659999999999999e+26,4e+24,4.9000000000000035e+25,5.18000000000003e+26,4.97000000000003e+26,1.4999999999999994e+25,5.999999999999999e+24,0.0,0.0
2203.0,24.003477599525127,5.009999999999997e+26,9.300000000000007e+25,3.529999999999996e+26,6.999999999999998e+24,4.800000000000003e+25,5.030000000000028e+26,4.770000000000028e+26,1.4999999999999994e+25,1.0999999999999996e+25,0.0,0.0
2206.8888888888887,25.00056775259793,5.1600000000000024e+26,1.0000000000000007e+26,3.5900000000000015e+26,8e+24,4.9000000000000035e+25,4.9900000000000275e+26,4.7300000000000276e+26,2.0999999999999995e+25,4.999999999999999e+24,0.0,0.0
2210.8055555555557,26.002217994089847,5.169999999999998e+26,1.1800000000000003e+26,3.4699999999999975e+26,4e+24,4.800000000000003e+25,4.770000000000025e+26,4.5200000000000254e+26,1.7999999999999992e+25,6.999999999999998e+24,0.0,0.0
2214.722222222222,27.001212847317447,4.899999999999998e+26,1.0000000000000007e+26,3.369999999999997e+26,4.999999999999999e+24,4.800000000000003e+25,5.010000000000029e+26,4.860000000000029e+26,6.999999999999998e+24,7.999999999999998e+24,0.0,0.0
2218.6666666666665,28.004520729723936,5.0299999999999956e+26,1.130000000000001e+26,3.3099999999999945e+26,1.0999999999999996e+25,4.800000000000003e+25,4.970000000000027e+26,4.750000000000028e+26,1.1999999999999996e+25,9.999999999999997e+24,0.0,0.0
2222.6111111111113,29.004963406124034,4.869999999999998e+26,1.090000000000001e+26,3.209999999999997e+26,8.999999999999999e+24,4.800000000000003e+25,4.500000000000023e+26,4.3200000000000234e+26,1.2999999999999995e+25,4.999999999999999e+24,0.0,0.0
2226.5555555555557,30.002462816590764,4.669999999999998e+26,9.900000000000008e+25,3.129999999999997e+26,6.999999999999999e+24,4.800000000000003e+25,4.4400000000000225e+26,4.260000000000023e+26,1.3999999999999994e+25,4e+24,0.0,0.0
2230.527777777778,31.003933358779705,4.109999999999997e+26,9.900000000000008e+25,2.559999999999996e+26,8e+24,4.800000000000003e+25,4.190000000000021e+26,4.0500000000000206e+26,8.999999999999997e+24,4.999999999999999e+24,0.0,0.0
2234.5,32.00226047226886,4.109999999999996e+26,8.800000000000005e+25,2.669999999999995e+26,8.999999999999998e+24,4.700000000000003e+25,4.2100000000000216e+26,4.120000000000021e+26,3e+24,5.999999999999999e+24,0.0,0.0
2238.5,33.00431738832185,4.179999999999997e+26,1.0000000000000007e+26,2.6499999999999964e+26,6e+24,4.700000000000003e+25,4.460000000000023e+26,4.280000000000023e+26,7.999999999999998e+24,9.999999999999997e+24,0.0,0.0
2242.5,34.00303666183322,4.409999999999998e+26,1.0700000000000006e+26,2.8099999999999977e+26,4.999999999999999e+24,4.800000000000003e+25,4.070000000000019e+26,3.880000000000019e+26,9.999999999999997e+24,8.999999999999997e+24,0.0,0.0
2246.527777777778,35.00524707519037,4.0199999999999956e+26,9.600000000000007e+25,2.5399999999999946e+26,4.999999999999999e+24,4.700000000000003e+25,4.0600000000000194e+26,3.920000000000019e+26,4.999999999999999e+24,8.999999999999997e+24,0.0,0.0
2250.5555555555557,36.00393001629379,4.029999999999998e+26,1.0100000000000008e+26,2.4699999999999963e+26,7.999999999999998e+24,4.700000000000003e+25,4.0800000000000196e+26,3.920000000000019e+26,6.999999999999998e+24,8.999999999999997e+24,0.0,0.0
2254.6111111111113,37.005869216519045,3.769999999999998e+26,9.300000000000005e+25,2.3099999999999964e+26,5.999999999999999e+24,4.700000000000003e+25,4.080000000000019e+26,3.910000000000019e+26,6.999999999999998e+24,9.999999999999997e+24,0.0,0.0
2258.6666666666665,38.004096396499904,4.019999999999997e+26,9.600000000000007e+25,2.5099999999999953e+26,8e+24,4.700000000000003e+25,3.750000000000016e+26,3.6300000000000164e+26,5.999999999999999e+24,5.999999999999999e+24,0.0,0.0
2262.75,39.00534351559941,3.709999999999999e+26,1.1000000000000009e+26,2.1199999999999975e+26,3e+24,4.600000000000003e+25,3.9100000000000165e+26,3.690000000000017e+26,1.0999999999999996e+25,1.0999999999999996e+25,0.0,0.0
2266.8333333333335,40.0027016618875,3.7499999999999976e+26,1.0000000000000007e+26,2.2499999999999968e+26,4e+24,4.600000000000003e+25,3.8300000000000156e+26,3.600000000000016e+26,5.999999999999999e+24,1.6999999999999993e+25,0.0,0.0
2270.9444444444443,41.00285585611164,3.469999999999999e+26,8.900000000000006e+25,2.089999999999998e+26,3e+24,4.600000000000003e+25,3.610000000000015e+26,3.4400000000000144e+26,8.999999999999997e+24,7.999999999999998e+24,0.0,0.0
2275.0833333333335,42.00566405446159,3.519999999999998e+26,9.000000000000006e+25,2.1399999999999974e+26,3e+24,4.500000000000003e+25,3.830000000000018e+26,3.7300000000000174e+26,3e+24,6.999999999999998e+24,0.0,0.0
2279.222222222222,43.00429778870591,3.469999999999999e+26,9.100000000000007e+25,2.0699999999999977e+26,3e+24,4.600000000000003e+25,3.5900000000000146e+26,3.4400000000000144e+26,6.999999999999998e+24,7.999999999999998e+24,0.0,0.0
2283.3888888888887,44.005368650158175,3.6799999999999976e+26,9.400000000000006e+25,2.2299999999999966e+26,4.999999999999999e+24,4.600000000000003e+25,3.250000000000011e+26,3.1400000000000114e+26,4e+24,6.999999999999998e+24,0.0,0.0
2287.5555555555557,45.002100711854496,3.6599999999999995e+26,1.0600000000000008e+26,2.1099999999999974e+26,3e+24,4.600000000000003e+25,3.180000000000011e+26,3.0500000000000108e+26,4e+24,8.999999999999997e+24,0.0,0.0
2291.75,46.00105321137869,3.399999999999999e+26,9.300000000000007e+25,1.9899999999999983e+26,3e+24,4.500000000000003e+25,3.400000000000012e+26,3.220000000000012e+26,5.999999999999999e+24,1.1999999999999996e+25,0.0,0.0
2295.972222222222,47.00208667071331,3.3399999999999997e+26,9.600000000000007e+25,1.879999999999999e+26,6e+24,4.400000000000003e+25,3.280000000000011e+26,3.100000000000011e+26,6.999999999999998e+24,1.0999999999999996e+25,0.0,0.0
2300.222222222222,48.005066576678814,3.030000000000001e+26,9.100000000000007e+25,1.65e+26,3e+24,4.400000000000003e+25,3.5600000000000136e+26,3.380000000000014e+26,9.999999999999997e+24,7.999999999999998e+24,0.0,0.0
2304.472222222222,49.00335246307998,3.16e+26,8.900000000000006e+25,1.8099999999999995e+26,2e+24,4.400000000000003e+25,3.280000000000011e+26,3.0900000000000112e+26,7.999999999999998e+24,1.0999999999999996e+25,0.0,0.0
2308.75,50.00338286484123,3.0199999999999985e+26,8.000000000000004e+25,1.739999999999998e+26,3e+24,4.500000000000003e+25,3.220000000000011e+26,3.060000000000011e+26,4.999999999999999e+24,1.0999999999999996e+25,0.0,0.0
2313.0555555555557,51.005025283531836,3.020000000000001e+26,8.200000000000004e+25,1.72e+26,4e+24,4.400000000000003e+25,3.670000000000015e+26,3.490000000000015e+26,9.999999999999997e+24,7.999999999999998e+24,0.0,0.0
2317.3611111111113,52.00173651952764,3.149999999999999e+26,8.600000000000005e+25,1.8399999999999985e+26,1e+24,4.400000000000003e+25,3.250000000000011e+26,3.120000000000011e+26,3e+24,9.999999999999997e+24,0.0,0.0
2321.722222222222,53.006246120682135,2.8600000000000006e+26,8.000000000000004e+25,1.5999999999999998e+26,3e+24,4.3000000000000026e+25,2.970000000000009e+26,2.860000000000009e+26,4.999999999999999e+24,5.999999999999999e+24,0.0,0.0
2326.0833333333335,54.00563470822533,2.9400000000000004e+26,8.400000000000007e+25,1.6299999999999994e+26,4e+24,4.3000000000000026e+25,2.8800000000000077e+26,2.7400000000000076e+26,3e+24,1.0999999999999996e+25,0.0,0.0
2330.472222222222,55.00619059840312,2.9899999999999995e+26,8.800000000000005e+25,1.629999999999999e+26,4.999999999999999e+24,4.3000000000000026e+25,2.8800000000000077e+26,2.7400000000000076e+26,6.999999999999998e+24,6.999999999999998e+24,0.0,0.0
2334.8611111111113,56.00150884043876,3.2300000000000006e+26,1.0200000000000008e+26,1.739999999999999e+26,4e+24,4.3000000000000026e+25,3.230000000000011e+26,3.070000000000011e+26,7.999999999999998e+24,7.999999999999998e+24,0.0,0.0
2339.3055555555557,57.00406833980412,2.9000000000000003e+26,8.000000000000004e+25,1.6599999999999997e+26,2e+24,4.200000000000002e+25,3.260000000000011e+26,3.1500000000000115e+26,4.999999999999999e+24,5.999999999999999e+24,0.0,0.0
2343.75,58.001213024842855,3.139999999999999e+26,8.300000000000005e+25,1.8499999999999982e+26,4e+24,4.200000000000002e+25,2.8500000000000074e+26,2.7200000000000074e+26,5.999999999999999e+24,6.999999999999998e+24,0.0,0.0
2348.25,59.00529120109786,2.9300000000000003e+26,8.700000000000006e+25,1.5599999999999994e+26,8e+24,4.200000000000002e+25,2.9200000000000084e+26,2.8200000000000084e+26,4.999999999999999e+24,4.999999999999999e+24,0.0,0.0
2352.75,60.00379237431025,2.7800000000000005e+26,7.500000000000004e+25,1.57e+26,4e+24,4.200000000000002e+25,2.9100000000000076e+26,2.760000000000008e+26,3e+24,1.1999999999999996e+25,0.0,0.0
2357.277777777778,61.00281580799856,2.84e+26,7.800000000000004e+25,1.5899999999999997e+26,4.999999999999999e+24,4.200000000000002e+25,2.6900000000000054e+26,2.5200000000000054e+26,6.999999999999998e+24,9.999999999999997e+24,0.0,0.0
2361.8333333333335,62.0022490328073,2.8200000000000005e+26,7.7000000000000045e+25,1.57e+26,6e+24,4.200000000000002e+25,2.6400000000000052e+26,2.5000000000000052e+26,5.999999999999999e+24,7.999999999999998e+24,0.0,0.0
2366.4166666666665,63.001985634427115,3.0699999999999993e+26,9.300000000000005e+25,1.6799999999999986e+26,4e+24,4.200000000000002e+25,2.6900000000000054e+26,2.5400000000000056e+26,5.999999999999999e+24,8.999999999999997e+24,0.0,0.0
2371.027777777778,64.00191608453474,2.7100000000000008e+26,8.700000000000006e+25,1.3600000000000001e+26,7e+24,4.100000000000002e+25,2.3700000000000025e+26,2.2300000000000024e+26,3e+24,1.0999999999999996e+25,0.0,0.0
2375.6666666666665,65.00193234426445,3.02e+26,9.400000000000006e+25,1.599999999999999e+26,6.999999999999998e+24,4.100000000000002e+25,2.9200000000000084e+26,2.8000000000000082e+26,4e+24,7.999999999999998e+24,0.0,0.0
2380.3333333333335,66.00193307803056,2.9200000000000002e+26,9.200000000000008e+25,1.569999999999999e+26,3e+24,4.000000000000002e+25,2.840000000000008e+26,2.780000000000008e+26,2e+24,4e+24,0.0,0.0
2385.027777777778,67.00181682544007,2.8199999999999995e+26,8.400000000000007e+25,1.5499999999999986e+26,3e+24,4.000000000000002e+25,2.9100000000000073e+26,2.7300000000000075e+26,5.999999999999999e+24,1.1999999999999996e+25,0.0,0.0
2389.75,68.00148401882905,2.8200000000000005e+26,8.300000000000007e+25,1.5199999999999997e+26,6e+24,4.100000000000002e+25,2.480000000000004e+26,2.370000000000004e+26,4e+24,6.999999999999998e+24,0.0,0.0
2394.5,69.00083953905039,2.59e+26,8.300000000000005e+25,1.3299999999999991e+26,3e+24,4.000000000000002e+25,2.6800000000000053e+26,2.490000000000005e+26,4.999999999999999e+24,1.3999999999999994e+25,0.0,0.0
2399.3055555555557,70.00558328775173,2.9400000000000004e+26,1.0500000000000007e+26,1.4199999999999993e+26,6.999999999999999e+24,4.000000000000002e+25,2.5600000000000048e+26,2.4400000000000046e+26,4e+24,7.999999999999998e+24,0.0,0.0
2404.1111111111113,71.0040010550274,2.67e+26,7.800000000000004e+25,1.4299999999999994e+26,6.999999999999998e+24,3.900000000000002e+25,2.9000000000000082e+26,2.770000000000008e+26,4.999999999999999e+24,7.999999999999998e+24,0.0,0.0
2408.9444444444443,72.0018364236962,2.6899999999999996e+26,7.900000000000005e+25,1.4599999999999989e+26,4.999999999999999e+24,3.900000000000002e+25,2.8300000000000072e+26,2.7100000000000073e+26,5.999999999999999e+24,5.999999999999999e+24,0.0,0.0
2413.8333333333335,73.00467856430635,2.7399999999999994e+26,9.200000000000006e+25,1.379999999999999e+26,4.999999999999999e+24,3.900000000000002e+25,3.0100000000000087e+26,2.8400000000000086e+26,5.999999999999999e+24,1.0999999999999996e+25,0.0,0.0
2418.722222222222,74.00105325186576,2.649999999999999e+26,7.100000000000004e+25,1.4999999999999986e+26,4.999999999999999e+24,3.900000000000002e+25,2.620000000000005e+26,2.5100000000000053e+26,2e+24,8.999999999999997e+24,0.0,0.0
2423.6666666666665,75.00219873891126,2.959999999999998e+26,8.000000000000006e+25,1.729999999999997e+26,4e+24,3.900000000000002e+25,2.700000000000006e+26,2.580000000000006e+26,5.999999999999999e+24,5.999999999999999e+24,0.0,0.0
2428.6388888888887,76.00235583052347,2.7199999999999992e+26,8.900000000000006e+25,1.4399999999999985e+26,1e+24,3.800000000000002e+25,2.880000000000008e+26,2.7500000000000077e+26,4.999999999999999e+24,7.999999999999998e+24,0.0,0.0
2433.6388888888887,77.00145187012174,3.119999999999999e+26,8.800000000000007e+25,1.8099999999999978e+26,4.999999999999999e+24,3.800000000000002e+25,3.16000000000001e+26,3.0100000000000104e+26,4e+24,1.0999999999999996e+25,0.0,0.0
2438.6944444444443,78.00491220844185,2.719999999999999e+26,7.600000000000005e+25,1.549999999999998e+26,4e+24,3.700000000000002e+25,2.9700000000000086e+26,2.860000000000009e+26,2e+24,8.999999999999997e+24,0.0,0.0
2443.75,79.0016333974088,2.6899999999999982e+26,7.000000000000004e+25,1.5399999999999976e+26,6.999999999999999e+24,3.800000000000002e+25,2.880000000000008e+26,2.760000000000008e+26,4e+24,7.999999999999998e+24,0.0,0.0
2448.8611111111113,80.0025069928954,2.609999999999999e+26,7.000000000000004e+25,1.529999999999998e+26,1e+24,3.700000000000002e+25,2.8200000000000074e+26,2.7200000000000074e+26,3e+24,6.999999999999998e+24,0.0,0.0
2454.0,81.00197739755345,2.8199999999999988e+26,8.200000000000006e+25,1.589999999999998e+26,4e+24,3.700000000000002e+25,2.8200000000000074e+26,2.7300000000000075e+26,4e+24,4.999999999999999e+24,0.0,0.0
2459.1944444444443,82.00532197576331,2.6599999999999975e+26,6.600000000000005e+25,1.589999999999997e+26,4.999999999999999e+24,3.600000000000002e+25,2.5200000000000047e+26,2.4500000000000047e+26,3e+24,4e+24,0.0,0.0
2464.3888888888887,83.0017618269087,2.8299999999999996e+26,9.100000000000005e+25,1.5199999999999986e+26,4e+24,3.600000000000002e+25,2.6400000000000052e+26,2.5000000000000052e+26,3e+24,1.0999999999999996e+25,0.0,0.0
2469.6388888888887,84.00189226154043,2.9099999999999984e+26,8.900000000000006e+25,1.609999999999997e+26,4e+24,3.700000000000002e+25,2.8400000000000073e+26,2.7100000000000073e+26,3e+24,9.999999999999997e+24,0.0,0.0
2474.9166666666665,85.00031600313184,2.8799999999999987e+26,7.800000000000006e+25,1.709999999999998e+26,3e+24,3.600000000000002e+25,2.6600000000000065e+26,2.6000000000000062e+26,1e+24,4.999999999999999e+24,0.0,0.0
2480.25,86.00218687989252,2.7899999999999975e+26,8.000000000000006e+25,1.579999999999997e+26,4.999999999999999e+24,3.600000000000002e+25,2.8800000000000073e+26,2.7300000000000075e+26,5.999999999999999e+24,8.999999999999997e+24,0.0,0.0
2485.6111111111113,87.00218526468336,2.9799999999999987e+26,9.600000000000003e+25,1.579999999999998e+26,8e+24,3.600000000000002e+25,3.0800000000000097e+26,2.9400000000000097e+26,4e+24,9.999999999999997e+24,0.0,0.0
2491.0,88.00026859996456,3.0299999999999982e+26,9.200000000000006e+25,1.7199999999999972e+26,4e+24,3.5000000000000017e+25,2.8700000000000076e+26,2.7200000000000074e+26,6.999999999999998e+24,7.999999999999998e+24,0.0,0.0
2496.4444444444443,89.0014832752255,3.019999999999997e+26,9.000000000000002e+25,1.719999999999997e+26,4.999999999999999e+24,3.5000000000000017e+25,2.870000000000008e+26,2.770000000000008e+26,5.999999999999999e+24,4e+24,0.0,0.0
2501.9166666666665,90.00063508799678,2.9499999999999967e+26,9.100000000000003e+25,1.6699999999999964e+26,2e+24,3.5000000000000017e+25,3.2600000000000126e+26,3.210000000000012e+26,2e+24,3e+24,0.0,0.0
2507.4444444444443,91.00270746608089,3.039999999999997e+26,9.800000000000002e+25,1.689999999999997e+26,3e+24,3.4000000000000016e+25,3.1000000000000096e+26,2.9300000000000096e+26,4.999999999999999e+24,1.1999999999999996e+25,0.0,0.0
2513.0,92.00258169762617,3.0399999999999956e+26,9.9e+25,1.689999999999996e+26,2e+24,3.4000000000000016e+25,3.0900000000000098e+26,2.9400000000000097e+26,4e+24,1.0999999999999996e+25,0.0,0.0
2518.5833333333335,93.00022614708803,3.169999999999997e+26,8.100000000000007e+25,1.9899999999999966e+26,3e+24,3.4000000000000016e+25,3.2000000000000106e+26,3.0900000000000112e+26,6.999999999999998e+24,4e+24,0.0,0.0
2524.222222222222,94.00053040242972,3.1699999999999965e+26,9.200000000000004e+25,1.8899999999999962e+26,2e+24,3.4000000000000016e+25,3.07000000000001e+26,2.98000000000001e+26,3e+24,5.999999999999999e+24,0.0,0.0
2529.9166666666665,95.00336684826937,3.189999999999997e+26,9.300000000000005e+25,1.919999999999996e+26,0.0,3.4000000000000016e+25,3.200000000000011e+26,3.080000000000011e+26,4e+24,7.999999999999998e+24,0.0,0.0
2535.6388888888887,96.00377266194891,3.579999999999996e+26,1.1499999999999987e+26,1.9999999999999967e+26,8.999999999999999e+24,3.4000000000000016e+25,3.410000000000013e+26,3.330000000000013e+26,4e+24,4e+24,0.0,0.0
2541.3888888888887,97.00173248478427,3.179999999999996e+26,9.200000000000003e+25,1.8799999999999958e+26,4.999999999999999e+24,3.3000000000000014e+25,3.0300000000000096e+26,2.9300000000000096e+26,4.999999999999999e+24,4.999999999999999e+24,0.0,0.0
2547.1944444444443,98.00200227266657,3.1199999999999954e+26,1.0399999999999996e+26,1.689999999999996e+26,5.999999999999999e+24,3.3000000000000014e+25,3.340000000000013e+26,3.2500000000000125e+26,3e+24,5.999999999999999e+24,0.0,0.0
2553.0555555555557,99.00447331299983,3.239999999999996e+26,9.6e+25,1.9099999999999964e+26,4.999999999999999e+24,3.2000000000000012e+25,3.180000000000011e+26,3.060000000000011e+26,0.0,1.1999999999999996e+25,0.0,0.0
2558.9444444444443,100.00433382119934,3.449999999999996e+26,1.0199999999999999e+26,2.0499999999999965e+26,6e+24,3.2000000000000012e+25,3.5000000000000137e+26,3.3600000000000136e+26,5.999999999999999e+24,7.999999999999998e+24,0.0,0.0
2564.8611111111113,101.00158237192329,3.4399999999999945e+26,1.1899999999999982e+26,1.8699999999999964e+26,4.999999999999999e+24,3.3000000000000014e+25,3.320000000000011e+26,3.180000000000012e+26,4e+24,9.999999999999997e+24,0.0,0.0
2570.8333333333335,102.00085288726962,3.189999999999998e+26,8.800000000000007e+25,1.9699999999999974e+26,2e+24,3.2000000000000012e+25,3.630000000000016e+26,3.530000000000015e+26,1e+24,8.999999999999997e+24,0.0,0.0
2576.8611111111113,103.00204604246903,3.479999999999997e+26,1.1099999999999991e+26,1.9999999999999973e+26,5.999999999999999e+24,3.100000000000001e+25,3.2400000000000124e+26,3.190000000000012e+26,2e+24,3e+24,0.0,0.0
2582.9166666666665,104.00050521960668,3.649999999999999e+26,1.0999999999999987e+26,2.1900000000000003e+26,4e+24,3.2000000000000012e+25,3.550000000000014e+26,3.420000000000014e+26,6.999999999999998e+24,5.999999999999999e+24,0.0,0.0
2589.027777777778,105.00077255024235,3.640000000000001e+26,9.200000000000001e+25,2.3400000000000008e+26,7e+24,3.100000000000001e+25,3.710000000000016e+26,3.620000000000016e+26,4e+24,4.999999999999999e+24,0.0,0.0
2595.1944444444443,106.00275457825148,3.599999999999999e+26,1.0399999999999994e+26,2.189999999999999e+26,5.999999999999999e+24,3.100000000000001e+25,3.660000000000016e+26,3.570000000000016e+26,3e+24,5.999999999999999e+24,0.0,0.0
2601.3888888888887,107.00191492937483,3.76e+26,1.069999999999999e+26,2.3400000000000005e+26,4e+24,3.100000000000001e+25,3.790000000000017e+26,3.680000000000017e+26,3e+24,7.999999999999998e+24,0.0,0.0
2607.6388888888887,108.00269796906764,4.1400000000000016e+26,1.1999999999999985e+26,2.5600000000000027e+26,7.999999999999998e+24,3.000000000000001e+25,3.960000000000018e+26,3.870000000000019e+26,4e+24,4.999999999999999e+24,0.0,0.0
2613.9166666666665,109.0006309771793,3.8600000000000015e+26,1.069999999999999e+26,2.400000000000002e+26,7.999999999999999e+24,3.100000000000001e+25,4.220000000000021e+26,4.090000000000021e+26,5.999999999999999e+24,6.999999999999998e+24,0.0,0.0
2620.25,110.00010869486766,4.140000000000001e+26,1.239999999999998e+26,2.5400000000000025e+26,6e+24,3.000000000000001e+25,4.190000000000021e+26,4.090000000000021e+26,4.999999999999999e+24,4.999999999999999e+24,0.0,0.0
2626.6388888888887,111.00106326389937,3.870000000000001e+26,1.0699999999999989e+26,2.440000000000002e+26,5.999999999999999e+24,3.000000000000001e+25,4.0800000000000196e+26,3.97000000000002e+26,4.999999999999999e+24,5.999999999999999e+24,0.0,0.0
2633.0833333333335,112.00343026515691,4.160000000000001e+26,1.259999999999998e+26,2.490000000000003e+26,1.0999999999999996e+25,3.000000000000001e+25,4.140000000000021e+26,4.0300000000000204e+26,3e+24,7.999999999999998e+24,0.0,0.0
2639.5555555555557,113.00287800812328,4.030000000000003e+26,1.0899999999999987e+26,2.6200000000000037e+26,2e+24,3.000000000000001e+25,4.17000000000002e+26,4.01000000000002e+26,1.0999999999999996e+25,4.999999999999999e+24,0.0,0.0
2646.0833333333335,114.00368820834376,4.230000000000003e+26,1.1799999999999986e+26,2.6700000000000045e+26,8.999999999999999e+24,2.9000000000000008e+25,4.020000000000019e+26,3.900000000000019e+26,5.999999999999999e+24,5.999999999999999e+24,0.0,0.0
2652.6388888888887,115.00159361779697,4.800000000000004e+26,1.4399999999999965e+26,3.0300000000000075e+26,3e+24,3.000000000000001e+25,4.4100000000000236e+26,4.3400000000000236e+26,0.0,6.999999999999998e+24,0.0,0.0
2659.25,116.00082100880104,4.440000000000007e+26,1.0799999999999993e+26,2.970000000000007e+26,8.999999999999997e+24,3.000000000000001e+25,4.4800000000000236e+26,4.350000000000024e+26,4.999999999999999e+24,7.999999999999998e+24,0.0,0.0
2665.9166666666665,117.0013264133853,4.270000000000004e+26,1.0699999999999992e+26,2.790000000000005e+26,1.1999999999999996e+25,2.9000000000000008e+25,4.410000000000023e+26,4.280000000000023e+26,3e+24,9.999999999999997e+24,0.0,0.0
2672.6388888888887,118.00307068581037,4.430000000000003e+26,1.2399999999999979e+26,2.7800000000000053e+26,1.1999999999999996e+25,2.9000000000000008e+25,4.1600000000000204e+26,4.070000000000021e+26,4e+24,4.999999999999999e+24,0.0,0.0
2679.3888888888887,119.00191878984958,4.420000000000003e+26,1.2699999999999976e+26,2.7400000000000052e+26,1.1999999999999998e+25,2.9000000000000008e+25,4.630000000000025e+26,4.500000000000025e+26,7.999999999999998e+24,4.999999999999999e+24,0.0,0.0
2686.1944444444443,120.001992659086,4.500000000000005e+26,1.1799999999999981e+26,2.950000000000007e+26,8.999999999999997e+24,2.8000000000000006e+25,4.400000000000023e+26,4.280000000000023e+26,5.999999999999999e+24,5.999999999999999e+24,0.0,0.0
2693.0555555555557,121.00326524668526,4.8800000000000064e+26,1.379999999999997e+26,3.1700000000000096e+26,4.999999999999999e+24,2.8000000000000006e+25,4.820000000000027e+26,4.660000000000027e+26,6.999999999999998e+24,8.999999999999997e+24,0.0,0.0
2699.9444444444443,122.00169668207161,5.2000000000000076e+26,1.4499999999999964e+26,3.370000000000011e+26,9.999999999999999e+24,2.8000000000000006e+25,4.950000000000029e+26,4.860000000000029e+26,2e+24,6.999999999999998e+24,0.0,0.0
2706.8888888888887,123.0013328803625,4.660000000000007e+26,1.199999999999998e+26,3.100000000000009e+26,7.999999999999998e+24,2.8000000000000006e+25,4.500000000000025e+26,4.4400000000000246e+26,3e+24,3e+24,0.0,0.0
2713.8888888888887,124.00215752232657,4.880000000000007e+26,1.4099999999999968e+26,3.12000000000001e+26,6.999999999999999e+24,2.8000000000000006e+25,4.930000000000028e+26,4.800000000000028e+26,5.999999999999999e+24,6.999999999999998e+24,0.0,0.0
2720.9166666666665,125.00022286455453,4.8000000000000056e+26,1.3699999999999971e+26,3.0600000000000092e+26,9.999999999999999e+24,2.7000000000000004e+25,5.3400000000000324e+26,5.240000000000033e+26,4e+24,5.999999999999999e+24,0.0,0.0
2728.027777777778,126.00341042607306,5.090000000000009e+26,1.2999999999999974e+26,3.440000000000012e+26,7.999999999999999e+24,2.7000000000000004e+25,5.13000000000003e+26,5.040000000000031e+26,4.999999999999999e+24,4e+24,0.0,0.0
2735.1666666666665,127.00387048036077,4.710000000000008e+26,1.1599999999999984e+26,3.19000000000001e+26,8.999999999999997e+24,2.7000000000000004e+25,5.400000000000033e+26,5.260000000000033e+26,7.999999999999998e+24,5.999999999999999e+24,0.0,0.0
2742.3333333333335,128.00168226954008,5.39000000000001e+26,1.3899999999999968e+26,3.590000000000013e+26,1.3999999999999994e+25,2.7000000000000004e+25,5.300000000000032e+26,5.150000000000032e+26,6.999999999999998e+24,7.999999999999998e+24,0.0,0.0
2749.5555555555557,129.00074526548394,6.030000000000015e+26,1.4899999999999963e+26,4.130000000000019e+26,1.3999999999999997e+25,2.7000000000000004e+25,5.530000000000034e+26,5.4000000000000344e+26,4e+24,8.999999999999997e+24,0.0,0.0
2756.8333333333335,130.00106646625363,5.770000000000013e+26,1.4499999999999964e+26,3.9200000000000166e+26,1.2999999999999995e+25,2.7000000000000004e+25,5.220000000000031e+26,5.1200000000000315e+26,5.999999999999999e+24,4e+24,0.0,0.0
2764.1666666666665,131.00265043205547,5.590000000000013e+26,1.3799999999999969e+26,3.840000000000016e+26,9.999999999999999e+24,2.7000000000000004e+25,5.6300000000000353e+26,5.5000000000000354e+26,8.999999999999997e+24,4e+24,0.0,0.0
2771.527777777778,132.00174910577584,6.030000000000015e+26,1.729999999999997e+26,3.9300000000000173e+26,9.999999999999999e+24,2.7000000000000004e+25,5.960000000000039e+26,5.8100000000000386e+26,6.999999999999998e+24,7.999999999999998e+24,0.0,0.0
2778.9444444444443,133.00218326938943,6.150000000000014e+26,1.5999999999999957e+26,4.130000000000018e+26,1.4999999999999994e+25,2.7000000000000004e+25,6.07000000000004e+26,5.96000000000004e+26,5.999999999999999e+24,4.999999999999999e+24,0.0,0.0
2786.3888888888887,134.00025589895608,6.050000000000014e+26,1.499999999999996e+26,4.090000000000018e+26,1.9999999999999993e+25,2.6000000000000003e+25,6.00000000000004e+26,5.93000000000004e+26,3e+24,4e+24,0.0,0.0
2793.9166666666665,135.00343401339717,6.670000000000019e+26,1.749999999999997e+26,4.520000000000023e+26,1.4999999999999994e+25,2.5e+25,6.180000000000041e+26,6.060000000000041e+26,5.999999999999999e+24,5.999999999999999e+24,0.0,0.0
2801.4444444444443,136.00067070330851,6.260000000000018e+26,1.4099999999999968e+26,4.420000000000022e+26,1.7999999999999994e+25,2.5e+25,6.09000000000004e+26,6.0000000000000405e+26,4.999999999999999e+24,4e+24,0.0,0.0
2809.0555555555557,137.00306576591663,6.430000000000017e+26,1.659999999999996e+26,4.3900000000000207e+26,1.2999999999999997e+25,2.5e+25,6.580000000000024e+26,6.470000000000025e+26,7.999999999999998e+24,3e+24,0.0,0.0
2816.6944444444443,138.0033299594645,6.420000000000017e+26,1.5699999999999957e+26,4.430000000000022e+26,1.5999999999999995e+25,2.6000000000000003e+25,7.010000000000003e+26,6.850000000000003e+26,9.999999999999997e+24,5.999999999999999e+24,0.0,0.0
2824.3611111111113,139.00156074254346,6.690000000000021e+26,1.539999999999996e+26,4.740000000000024e+26,1.5999999999999993e+25,2.5e+25,6.790000000000015e+26,6.660000000000014e+26,6.999999999999998e+24,5.999999999999999e+24,0.0,0.0
2832.0833333333335,140.00143987248634,6.670000000000022e+26,1.619999999999996e+26,4.6400000000000246e+26,1.5999999999999995e+25,2.5e+25,6.960000000000005e+26,6.830000000000004e+26,5.999999999999999e+24,6.999999999999998e+24,0.0,0.0
2839.8611111111113,141.00300830903745,6.81000000000002e+26,1.5799999999999958e+26,4.810000000000025e+26,1.6999999999999993e+25,2.5e+25,7.089999999999997e+26,6.939999999999998e+26,9.999999999999997e+24,4.999999999999999e+24,0.0,0.0
2847.6666666666665,142.00276226179778,6.86000000000002e+26,1.7799999999999965e+26,4.6100000000000236e+26,2.199999999999999e+25,2.5e+25,7.249999999999988e+26,7.109999999999988e+26,4.999999999999999e+24,8.999999999999997e+24,0.0,0.0
2855.5,143.0007999446484,7.660000000000029e+26,1.8299999999999973e+26,5.4200000000000305e+26,1.5999999999999993e+25,2.5e+25,7.40999999999998e+26,7.23999999999998e+26,1.2999999999999995e+25,4e+24,0.0,0.0
2863.3888888888887,144.0007414655637,7.490000000000023e+26,1.9199999999999976e+26,4.930000000000026e+26,4.000000000000002e+25,2.4e+25,7.52999999999997e+26,7.399999999999971e+26,7.999999999999998e+24,4.999999999999999e+24,0.0,0.0
2871.3333333333335,145.00263479667785,7.350000000000026e+26,1.6399999999999957e+26,5.26000000000003e+26,1.9999999999999993e+25,2.5e+25,7.18999999999999e+26,7.06999999999999e+26,4e+24,7.999999999999998e+24,0.0,0.0
2879.3055555555557,146.0030601221439,7.710000000000028e+26,1.739999999999996e+26,5.4800000000000324e+26,2.3999999999999995e+25,2.5e+25,7.379999999999978e+26,7.289999999999977e+26,4.999999999999999e+24,4e+24,0.0,0.0
2887.3055555555557,147.00212720149682,8.130000000000033e+26,1.859999999999997e+26,5.740000000000035e+26,2.8000000000000006e+25,2.5e+25,7.929999999999951e+26,7.739999999999951e+26,1.0999999999999996e+25,7.999999999999998e+24,0.0,0.0
2895.3611111111113,148.0033900999847,8.400000000000036e+26,1.7899999999999973e+26,6.160000000000039e+26,2.099999999999999e+25,2.4e+25,8.179999999999938e+26,7.979999999999937e+26,8.999999999999997e+24,1.0999999999999996e+25,0.0,0.0
2903.4166666666665,149.0000540118316,8.160000000000031e+26,1.7099999999999958e+26,5.8900000000000346e+26,3.200000000000001e+25,2.4e+25,8.069999999999947e+26,7.809999999999947e+26,1.3999999999999994e+25,1.1999999999999996e+25,0.0,0.0
2911.5555555555557,150.0025210982477,8.350000000000033e+26,1.9699999999999988e+26,5.940000000000036e+26,1.9999999999999993e+25,2.4e+25,8.529999999999913e+26,8.369999999999914e+26,7.999999999999998e+24,7.999999999999998e+24,0.0,0.0
2919.6944444444443,151.00062106788118,8.660000000000036e+26,1.9499999999999986e+26,6.230000000000038e+26,2.3999999999999995e+25,2.4e+25,9.189999999999874e+26,9.049999999999874e+26,4.999999999999999e+24,8.999999999999997e+24,0.0,0.0
2927.8888888888887,152.00127928367874,9.010000000000039e+26,1.8899999999999983e+26,6.550000000000041e+26,3.300000000000001e+25,2.4e+25,8.309999999999926e+26,8.169999999999926e+26,1.1999999999999996e+25,2e+24,0.0,0.0
2936.1111111111113,153.0012031192989,9.190000000000038e+26,1.9699999999999977e+26,6.600000000000041e+26,3.800000000000002e+25,2.4e+25,9.139999999999884e+26,8.879999999999884e+26,1.3999999999999994e+25,1.1999999999999996e+25,0.0,0.0
2944.3611111111113,154.00051315554276,9.360000000000036e+26,1.9299999999999977e+26,6.780000000000039e+26,4.100000000000002e+25,2.4e+25,9.179999999999879e+26,8.979999999999878e+26,1.0999999999999996e+25,8.999999999999997e+24,0.0,0.0
2952.6666666666665,155.00267252370872,8.870000000000037e+26,1.8399999999999974e+26,6.48000000000004e+26,3.1000000000000006e+25,2.4e+25,9.329999999999873e+26,9.079999999999873e+26,1.0999999999999996e+25,1.3999999999999994e+25,0.0,0.0
2960.972222222222,156.00110058244468,9.550000000000033e+26,1.9299999999999984e+26,6.850000000000035e+26,5.3000000000000024e+25,2.4e+25,9.349999999999869e+26,9.149999999999868e+26,1.3999999999999994e+25,5.999999999999999e+24,0.0,0.0
2969.3333333333335,157.0026017710893,9.450000000000025e+26,1.819999999999997e+26,7.070000000000029e+26,3.200000000000001e+25,2.4e+25,9.819999999999836e+26,9.689999999999837e+26,7.999999999999998e+24,4.999999999999999e+24,0.0,0.0
2977.6944444444443,158.00064467981736,9.32000000000004e+26,1.9299999999999977e+26,6.730000000000042e+26,4.2000000000000015e+25,2.4e+25,9.539999999999857e+26,9.349999999999857e+26,1.0999999999999996e+25,7.999999999999998e+24,0.0,0.0
2986.1111111111113,159.001987107049,9.840000000000023e+26,1.9699999999999984e+26,7.170000000000024e+26,4.7000000000000015e+25,2.3e+25,9.569999999999858e+26,9.339999999999857e+26,1.5999999999999993e+25,6.999999999999998e+24,0.0,0.0
2994.527777777778,160.00014767324774,1.0330000000000006e+27,2.2300000000000004e+26,7.470000000000005e+26,4.000000000000001e+25,2.3e+25,1.025999999999982e+27,9.989999999999819e+26,1.0999999999999996e+25,1.5999999999999993e+25,0.0,0.0
3003.0,161.0018447564995,1.0180000000000009e+27,2.089999999999999e+26,7.50000000000001e+26,3.6000000000000014e+25,2.3e+25,1.0319999999999811e+27,1.0119999999999812e+27,1.4999999999999994e+25,4.999999999999999e+24,0.0,0.0
3011.472222222222,162.00063939882978,1.0460000000000024e+27,2.099999999999998e+26,7.550000000000025e+26,5.800000000000004e+25,2.3e+25,1.0449999999999805e+27,1.0249999999999804e+27,1.3999999999999994e+25,5.999999999999999e+24,0.0,0.0
3020.0,163.00321344382724,1.0530000000000006e+27,1.9899999999999976e+26,7.820000000000008e+26,4.900000000000002e+25,2.3e+25,9.769999999999847e+26,9.519999999999847e+26,1.7999999999999992e+25,6.999999999999998e+24,0.0,0.0
3028.527777777778,164.00316839067182,1.0699999999999992e+27,1.999999999999998e+26,8.079999999999993e+26,3.900000000000002e+25,2.3e+25,1.0729999999999786e+27,1.0559999999999786e+27,9.999999999999997e+24,6.999999999999998e+24,0.0,0.0
3037.0555555555557,165.00066422477437,1.0650000000000007e+27,2.3000000000000007e+26,7.760000000000006e+26,3.6000000000000006e+25,2.3e+25,1.0569999999999795e+27,1.0409999999999795e+27,9.999999999999997e+24,5.999999999999999e+24,0.0,0.0
3045.6388888888887,166.00233483708973,1.1099999999999998e+27,2.239999999999999e+26,8.099999999999997e+26,5.3000000000000024e+25,2.3e+25,1.1369999999999754e+27,1.1129999999999753e+27,1.7999999999999992e+25,5.999999999999999e+24,0.0,0.0
3054.222222222222,167.0018331765582,1.1139999999999988e+27,2.049999999999998e+26,8.26999999999999e+26,5.900000000000004e+25,2.3e+25,1.1119999999999766e+27,1.0889999999999767e+27,1.4999999999999994e+25,7.999999999999998e+24,0.0,0.0
3062.8333333333335,168.00254379795024,1.0660000000000004e+27,1.9999999999999977e+26,7.910000000000007e+26,5.200000000000001e+25,2.3e+25,1.0859999999999781e+27,1.0639999999999781e+27,1.6999999999999993e+25,4.999999999999999e+24,0.0,0.0
3071.4444444444443,169.00138702807374,1.1090000000000001e+27,2.3300000000000004e+26,8.06e+26,4.700000000000001e+25,2.3e+25,1.1609999999999737e+27,1.1409999999999736e+27,1.3999999999999994e+25,5.999999999999999e+24,0.0,0.0
3080.0833333333335,170.0017356592689,1.1540000000000016e+27,2.4100000000000005e+26,8.210000000000014e+26,6.900000000000003e+25,2.3e+25,1.1389999999999747e+27,1.1239999999999746e+27,8.999999999999997e+24,5.999999999999999e+24,0.0,0.0
3088.722222222222,171.00052265540353,1.155999999999999e+27,2.1599999999999983e+26,8.699999999999991e+26,4.8000000000000025e+25,2.1999999999999996e+25,1.1669999999999732e+27,1.1479999999999732e+27,8.999999999999997e+24,9.999999999999997e+24,0.0,0.0
3097.3888888888887,172.00111104608345,1.1839999999999972e+27,2.0999999999999977e+26,9.009999999999974e+26,5.000000000000002e+25,2.3e+25,1.1529999999999743e+27,1.1289999999999743e+27,1.4999999999999994e+25,8.999999999999997e+24,0.0,0.0
3106.0555555555557,173.00044422333008,1.1419999999999988e+27,2.139999999999998e+26,8.489999999999991e+26,5.700000000000002e+25,2.1999999999999996e+25,1.1939999999999715e+27,1.1769999999999715e+27,1.1999999999999996e+25,4.999999999999999e+24,0.0,0.0
3114.75,174.0018796092072,1.1919999999999994e+27,2.0799999999999975e+26,8.939999999999995e+26,6.700000000000004e+25,2.3e+25,1.1989999999999719e+27,1.1699999999999719e+27,1.8999999999999992e+25,9.999999999999997e+24,0.0,0.0
3123.4444444444443,175.00237017847132,1.186999999999999e+27,2.109999999999997e+26,9.059999999999992e+26,4.800000000000001e+25,2.1999999999999996e+25,1.1979999999999715e+27,1.1769999999999715e+27,5.999999999999999e+24,1.4999999999999994e+25,0.0,0.0
3132.1388888888887,176.0020736769069,1.1770000000000004e+27,2.4199999999999996e+26,8.610000000000005e+26,5.200000000000001e+25,2.1999999999999996e+25,1.164999999999973e+27,1.151999999999973e+27,1.0999999999999996e+25,2e+24,0.0,0.0
3140.8333333333335,177.00114856551102,1.2129999999999976e+27,2.3099999999999988e+26,9.049999999999976e+26,5.400000000000002e+25,2.3e+25,1.2889999999999698e+27,1.2589999999999696e+27,2.1999999999999996e+25,7.999999999999998e+24,0.0,0.0
3149.5555555555557,178.0029417799734,1.2489999999999957e+27,2.2599999999999997e+26,9.399999999999958e+26,6.000000000000004e+25,2.3e+25,1.203999999999971e+27,1.184999999999971e+27,1.0999999999999996e+25,7.999999999999998e+24,0.0,0.0
3158.25,179.00123031919702,1.1970000000000014e+27,2.259999999999997e+26,8.890000000000017e+26,5.9000000000000025e+25,2.3e+25,1.2259999999999697e+27,1.2079999999999697e+27,1.1999999999999996e+25,5.999999999999999e+24,0.0,0.0
3166.972222222222,180.0025503319755,1.2399999999999992e+27,2.3799999999999978e+26,9.399999999999994e+26,3.9e+25,2.3e+25,1.2599999999999683e+27,1.2429999999999683e+27,9.999999999999997e+24,6.999999999999998e+24,0.0,0.0
3175.6666666666665,181.00068135188974,1.2339999999999977e+27,2.2199999999999972e+26,9.339999999999981e+26,5.500000000000001e+25,2.3e+25,1.272999999999969e+27,1.251999999999969e+27,1.0999999999999996e+25,9.999999999999997e+24,0.0,0.0
3184.3888888888887,182.00216074342813,1.244999999999999e+27,2.3799999999999974e+26,9.239999999999994e+26,6.000000000000002e+25,2.3e+25,1.2089999999999711e+27,1.1829999999999712e+27,1.2999999999999995e+25,1.2999999999999995e+25,0.0,0.0
3193.0833333333335,183.0007646349262,1.2470000000000022e+27,2.539999999999999e+26,9.120000000000023e+26,5.8000000000000015e+25,2.3e+25,1.2449999999999688e+27,1.2229999999999688e+27,1.0999999999999996e+25,1.0999999999999996e+25,0.0,0.0
3201.8055555555557,184.0030333909026,1.2360000000000021e+27,2.1999999999999963e+26,9.250000000000025e+26,6.800000000000002e+25,2.3e+25,1.2599999999999683e+27,1.2329999999999682e+27,1.6999999999999993e+25,9.999999999999997e+24,0.0,0.0
3210.5,185.00274056641706,1.2390000000000007e+27,2.249999999999996e+26,9.370000000000011e+26,5.400000000000002e+25,2.3e+25,1.2049999999999707e+27,1.1909999999999707e+27,9.999999999999997e+24,4e+24,0.0,0.0
3219.1666666666665,186.0000380543255,1.2719999999999992e+27,2.359999999999998e+26,9.489999999999994e+26,6.4000000000000025e+25,2.3e+25,1.2129999999999705e+27,1.1949999999999705e+27,1.0999999999999996e+25,6.999999999999998e+24,0.0,0.0
3227.8611111111113,187.00147522929785,1.2610000000000025e+27,2.2099999999999964e+26,9.50000000000003e+26,6.700000000000003e+25,2.3e+25,1.2529999999999686e+27,1.2279999999999685e+27,1.7999999999999992e+25,6.999999999999998e+24,0.0,0.0
3236.527777777778,188.00081106260143,1.2370000000000043e+27,2.2599999999999966e+26,9.330000000000045e+26,5.500000000000001e+25,2.3e+25,1.2719999999999681e+27,1.2409999999999682e+27,1.9999999999999993e+25,1.0999999999999996e+25,0.0,0.0
3245.1944444444443,189.00140142389603,1.2610000000000033e+27,2.2699999999999963e+26,9.440000000000038e+26,6.700000000000003e+25,2.3e+25,1.1829999999999728e+27,1.1539999999999729e+27,1.8999999999999992e+25,9.999999999999997e+24,0.0,0.0
3253.8333333333335,190.00019126945983,1.2700000000000007e+27,2.529999999999997e+26,9.440000000000011e+26,5.1e+25,2.1999999999999996e+25,1.3889999999999768e+27,1.3499999999999768e+27,2.4e+25,1.4999999999999994e+25,0.0,0.0
3262.472222222222,191.00054279418532,1.3020000000000038e+27,2.3499999999999958e+26,9.660000000000042e+26,7.800000000000004e+25,2.3e+25,1.3179999999999718e+27,1.2869999999999718e+27,2.3e+25,7.999999999999998e+24,0.0,0.0
3271.1111111111113,192.0026142889982,1.294000000000005e+27,2.7199999999999964e+26,9.450000000000056e+26,5.400000000000001e+25,2.3e+25,1.2889999999999695e+27,1.2589999999999696e+27,1.9999999999999993e+25,9.999999999999997e+24,0.0,0.0
3279.6944444444443,193.00010383878237,1.312000000000002e+27,2.469999999999995e+26,9.770000000000029e+26,6.500000000000003e+25,2.3e+25,1.29099999999997e+27,1.26299999999997e+27,1.8999999999999992e+25,8.999999999999997e+24,0.0,0.0
3288.3055555555557,194.00284386756186,1.3080000000000015e+27,2.479999999999995e+26,9.87000000000002e+26,5e+25,2.3e+25,1.2949999999999708e+27,1.2739999999999708e+27,1.3999999999999994e+25,6.999999999999998e+24,0.0,0.0
3296.8611111111113,195.00128098722882,1.3170000000000052e+27,2.499999999999996e+26,9.710000000000057e+26,7.300000000000004e+25,2.3e+25,1.2899999999999698e+27,1.2599999999999697e+27,1.8999999999999992e+25,1.0999999999999996e+25,0.0,0.0
3305.4166666666665,196.00203362759328,1.2840000000000054e+27,2.359999999999996e+26,9.570000000000057e+26,6.800000000000003e+25,2.3e+25,1.2969999999999704e+27,1.2689999999999704e+27,1.6999999999999993e+25,1.0999999999999996e+25,0.0,0.0
3313.9444444444443,197.00200202867086,1.307000000000003e+27,2.029999999999998e+26,1.0210000000000033e+27,6.000000000000002e+25,2.3e+25,1.3529999999999745e+27,1.3219999999999746e+27,2.0999999999999995e+25,9.999999999999997e+24,0.0,0.0
3322.4444444444443,198.00131922631329,1.3070000000000033e+27,2.149999999999997e+26,1.0160000000000036e+27,5.300000000000001e+25,2.3e+25,1.261999999999968e+27,1.237999999999968e+27,1.6999999999999993e+25,6.999999999999998e+24,0.0,0.0
3330.9166666666665,199.00011834627526,1.335000000000006e+27,2.179999999999997e+26,1.0370000000000065e+27,5.700000000000001e+25,2.3e+25,1.3619999999999758e+27,1.3359999999999757e+27,1.3999999999999994e+25,1.1999999999999996e+25,0.0,0.0
3339.3888888888887,200.00182034251327,1.3050000000000054e+27,2.2999999999999963e+26,9.88000000000006e+26,6.4000000000000025e+25,2.3e+25,1.3149999999999713e+27,1.2829999999999715e+27,2.3e+25,8.999999999999997e+24,0.0,0.0
3347.8333333333335,201.00328665039433,1.3340000000000055e+27,2.479999999999995e+26,9.95000000000006e+26,6.700000000000003e+25,2.4e+25,1.256999999999968e+27,1.237999999999968e+27,1.4999999999999994e+25,4e+24,0.0,0.0
3356.222222222222,202.00133559225503,1.298000000000005e+27,2.459999999999995e+26,9.640000000000057e+26,6.500000000000003e+25,2.3e+25,1.3199999999999725e+27,1.2929999999999723e+27,1.8999999999999992e+25,7.999999999999998e+24,0.0,0.0
3364.6111111111113,203.0027046908598,1.3450000000000017e+27,2.2899999999999965e+26,1.0470000000000021e+27,4.4999999999999994e+25,2.4e+25,1.3199999999999717e+27,1.2859999999999717e+27,2.3e+25,1.0999999999999996e+25,0.0,0.0
3372.9444444444443,204.00088974979815,1.327000000000005e+27,2.649999999999994e+26,9.660000000000057e+26,7.300000000000004e+25,2.3e+25,1.3029999999999711e+27,1.275999999999971e+27,1.8999999999999992e+25,7.999999999999998e+24,0.0,0.0
3381.277777777778,205.00267029190275,1.3120000000000054e+27,2.3799999999999957e+26,9.85000000000006e+26,6.500000000000003e+25,2.4e+25,1.318999999999973e+27,1.301999999999973e+27,1.0999999999999996e+25,5.999999999999999e+24,0.0,0.0
3389.5555555555557,206.00149019816433,1.3780000000000056e+27,2.8499999999999926e+26,1.0200000000000063e+27,4.900000000000002e+25,2.4e+25,1.2689999999999682e+27,1.2409999999999682e+27,1.5999999999999993e+25,1.1999999999999996e+25,0.0,0.0
3397.8055555555557,207.00080461257994,1.2590000000000053e+27,2.2899999999999965e+26,9.640000000000057e+26,4.199999999999999e+25,2.4e+25,1.325999999999972e+27,1.287999999999972e+27,2.6000000000000003e+25,1.1999999999999996e+25,0.0,0.0
3406.027777777778,208.00073428143958,1.3110000000000059e+27,2.2599999999999966e+26,1.0040000000000061e+27,5.700000000000001e+25,2.4e+25,1.272999999999969e+27,1.252999999999969e+27,8.999999999999997e+24,1.0999999999999996e+25,0.0,0.0
3414.222222222222,209.00140033017112,1.3000000000000053e+27,2.3799999999999957e+26,9.870000000000059e+26,5.1e+25,2.4e+25,1.2559999999999683e+27,1.2349999999999681e+27,1.2999999999999995e+25,7.999999999999998e+24,0.0,0.0
3422.3888888888887,210.00291815991716,1.2900000000000056e+27,2.219999999999997e+26,9.88000000000006e+26,5.600000000000001e+25,2.4e+25,1.29099999999997e+27,1.2659999999999701e+27,1.5999999999999993e+25,8.999999999999997e+24,0.0,0.0
3430.5,211.00197905308846,1.3330000000000054e+27,2.6599999999999948e+26,9.96000000000006e+26,4.7e+25,2.4e+25,1.2329999999999697e+27,1.2059999999999698e+27,1.4999999999999994e+25,1.1999999999999996e+25,0.0,0.0
3438.5833333333335,212.00209418510553,1.360000000000004e+27,2.5699999999999946e+26,1.0240000000000047e+27,5.500000000000001e+25,2.4e+25,1.3039999999999704e+27,1.2689999999999704e+27,1.5999999999999993e+25,1.8999999999999992e+25,0.0,0.0
3446.6388888888887,213.00337864103494,1.309000000000006e+27,2.2599999999999966e+26,1.0010000000000061e+27,5.700000000000001e+25,2.5e+25,1.2959999999999703e+27,1.2659999999999701e+27,1.4999999999999994e+25,1.4999999999999994e+25,0.0,0.0
3454.6388888888887,214.0024686149128,1.3270000000000055e+27,2.5699999999999946e+26,9.85000000000006e+26,6.100000000000002e+25,2.4e+25,1.303999999999971e+27,1.276999999999971e+27,1.5999999999999993e+25,1.0999999999999996e+25,0.0,0.0
3462.6111111111113,215.00291739705278,1.2670000000000051e+27,2.2999999999999963e+26,9.500000000000056e+26,6.200000000000002e+25,2.5e+25,1.2929999999999706e+27,1.2719999999999706e+27,9.999999999999997e+24,1.0999999999999996e+25,0.0,0.0
3470.527777777778,216.00132368669335,1.3150000000000056e+27,2.459999999999995e+26,9.95000000000006e+26,4.9e+25,2.5e+25,1.3059999999999714e+27,1.2819999999999714e+27,1.5999999999999993e+25,7.999999999999998e+24,0.0,0.0
3478.4166666666665,217.00126945398927,1.3060000000000057e+27,2.319999999999996e+26,1.0020000000000061e+27,4.7e+25,2.5e+25,1.3249999999999726e+27,1.2979999999999727e+27,1.5999999999999993e+25,1.0999999999999996e+25,0.0,0.0
3486.277777777778,218.002863161915,1.3350000000000053e+27,2.589999999999994e+26,9.840000000000059e+26,6.700000000000003e+25,2.5e+25,1.1969999999999716e+27,1.1769999999999715e+27,1.3999999999999994e+25,5.999999999999999e+24,0.0,0.0
3494.0833333333335,219.00264090320172,1.2960000000000052e+27,2.4299999999999952e+26,9.720000000000058e+26,5.600000000000001e+25,2.5e+25,1.2519999999999688e+27,1.2229999999999688e+27,1.7999999999999992e+25,1.0999999999999996e+25,0.0,0.0
3501.8333333333335,220.0006481892184,1.3100000000000055e+27,2.4099999999999957e+26,9.93000000000006e+26,5.1e+25,2.5e+25,1.3429999999999743e+27,1.3169999999999742e+27,1.0999999999999996e+25,1.4999999999999994e+25,0.0,0.0
3509.5555555555557,221.00053444373896,1.2740000000000051e+27,2.3999999999999956e+26,9.520000000000056e+26,5.600000000000001e+25,2.6000000000000003e+25,1.2409999999999693e+27,1.2159999999999692e+27,1.8999999999999992e+25,5.999999999999999e+24,0.0,0.0
3517.25,222.0023982437965,1.3080000000000056e+27,2.459999999999995e+26,9.81000000000006e+26,5.500000000000001e+25,2.6000000000000003e+25,1.243999999999969e+27,1.2229999999999688e+27,1.0999999999999996e+25,9.999999999999997e+24,0.0,0.0
3524.8888888888887,223.00268928399657,1.258000000000005e+27,2.3299999999999962e+26,9.430000000000054e+26,5.700000000000001e+25,2.5e+25,1.2379999999999696e+27,1.2109999999999695e+27,1.2999999999999995e+25,1.3999999999999994e+25,0.0,0.0
3532.472222222222,224.0014411476177,1.2910000000000054e+27,2.309999999999996e+26,9.870000000000059e+26,4.7e+25,2.6000000000000003e+25,1.2419999999999688e+27,1.2229999999999688e+27,5.999999999999999e+24,1.2999999999999995e+25,0.0,0.0
3540.027777777778,225.00237321758732,1.265000000000005e+27,2.3799999999999957e+26,9.390000000000054e+26,6.200000000000002e+25,2.6000000000000003e+25,1.277999999999968e+27,1.2349999999999681e+27,1.9999999999999993e+25,2.3e+25,0.0,0.0
3547.527777777778,226.00186873858092,1.2660000000000056e+27,2.2899999999999965e+26,9.640000000000057e+26,4.7e+25,2.6000000000000003e+25,1.1999999999999713e+27,1.1799999999999713e+27,9.999999999999997e+24,9.999999999999997e+24,0.0,0.0
3555.0,227.00368004998313,1.2860000000000053e+27,2.5199999999999947e+26,9.600000000000057e+26,4.8e+25,2.6000000000000003e+25,1.2819999999999698e+27,1.2619999999999698e+27,1.6999999999999993e+25,3e+24,0.0,0.0
3562.3888888888887,228.00038422745172,1.2910000000000054e+27,2.4099999999999957e+26,9.700000000000058e+26,5.300000000000001e+25,2.7000000000000004e+25,1.2349999999999695e+27,1.2129999999999694e+27,1.0999999999999996e+25,1.0999999999999996e+25,0.0,0.0
3569.777777777778,229.00327113073274,1.2610000000000055e+27,2.1199999999999975e+26,9.720000000000058e+26,5e+25,2.7000000000000004e+25,1.2389999999999694e+27,1.2109999999999695e+27,1.4999999999999994e+25,1.2999999999999995e+25,0.0,0.0
3577.0833333333335,230.0010785380955,1.2820000000000055e+27,2.2399999999999967e+26,9.81000000000006e+26,5e+25,2.7000000000000004e+25,1.2749999999999687e+27,1.249999999999969e+27,1.5999999999999993e+25,8.999999999999997e+24,0.0,0.0
3584.3611111111113,231.00140289234412,1.2130000000000051e+27,2.1099999999999974e+26,9.250000000000054e+26,5e+25,2.7000000000000004e+25,1.2759999999999687e+27,1.2469999999999686e+27,1.7999999999999992e+25,1.0999999999999996e+25,0.0,0.0
3591.5833333333335,232.0004743616097,1.2630000000000054e+27,2.2699999999999963e+26,9.630000000000056e+26,4.6e+25,2.7000000000000004e+25,1.2739999999999689e+27,1.2489999999999688e+27,1.1999999999999996e+25,1.2999999999999995e+25,0.0,0.0
3598.777777777778,233.00216995693154,1.2520000000000053e+27,2.1599999999999973e+26,9.670000000000057e+26,4.2e+25,2.7000000000000004e+25,1.2869999999999702e+27,1.26399999999997e+27,1.0999999999999996e+25,1.1999999999999996e+25,0.0,0.0
3605.9166666666665,234.00266250452273,1.2750000000000052e+27,2.4199999999999954e+26,9.650000000000058e+26,4.099999999999999e+25,2.7000000000000004e+25,1.2489999999999688e+27,1.2249999999999687e+27,1.5999999999999993e+25,7.999999999999998e+24,0.0,0.0
3613.0,235.00194651852848,1.218000000000005e+27,2.209999999999997e+26,9.200000000000052e+26,4.9e+25,2.8000000000000006e+25,1.2979999999999697e+27,1.2609999999999698e+27,2.0999999999999995e+25,1.5999999999999993e+25,0.0,0.0
3620.027777777778,236.00001650822708,1.219000000000005e+27,2.2399999999999967e+26,9.380000000000054e+26,2.8999999999999986e+25,2.8000000000000006e+25,1.2369999999999692e+27,1.2159999999999692e+27,1.4999999999999994e+25,5.999999999999999e+24,0.0,0.0
3627.027777777778,237.0008460848377,1.285000000000005e+27,2.2599999999999966e+26,9.810000000000054e+26,5.1e+25,2.7000000000000004e+25,1.2909999999999702e+27,1.26499999999997e+27,1.3999999999999994e+25,1.1999999999999996e+25,0.0,0.0
3633.972222222222,238.00048894996849,1.2170000000000049e+27,2.219999999999997e+26,9.180000000000052e+26,4.9e+25,2.8000000000000006e+25,1.2959999999999703e+27,1.2679999999999703e+27,1.6999999999999993e+25,1.0999999999999996e+25,0.0,0.0
3640.8888888888887,239.0029659175458,1.2320000000000051e+27,2.1199999999999975e+26,9.430000000000054e+26,4.9e+25,2.8000000000000006e+25,1.2349999999999695e+27,1.2099999999999696e+27,1.6999999999999993e+25,7.999999999999998e+24,0.0,0.0
3647.722222222222,240.0002019555427,1.2610000000000052e+27,2.1699999999999974e+26,9.580000000000056e+26,5.700000000000001e+25,2.9000000000000008e+25,1.2799999999999693e+27,1.2549999999999693e+27,1.1999999999999996e+25,1.2999999999999995e+25,0.0,0.0
3654.527777777778,241.00028241866107,1.249000000000005e+27,2.2699999999999963e+26,9.500000000000056e+26,4.399999999999999e+25,2.8000000000000006e+25,1.2429999999999692e+27,1.2179999999999691e+27,8.999999999999997e+24,1.5999999999999993e+25,0.0,0.0
3661.3055555555557,242.003260057788,1.2650000000000036e+27,2.0699999999999977e+26,9.890000000000038e+26,3.9999999999999995e+25,2.9000000000000008e+25,1.217999999999971e+27,1.184999999999971e+27,1.3999999999999994e+25,1.8999999999999992e+25,0.0,0.0
3668.0,243.00088201700441,1.2680000000000052e+27,2.219999999999997e+26,9.740000000000054e+26,4.299999999999999e+25,2.9000000000000008e+25,1.270999999999968e+27,1.235999999999968e+27,1.5999999999999993e+25,1.8999999999999992e+25,0.0,0.0
3674.6666666666665,244.00139273133368,1.2560000000000048e+27,2.179999999999997e+26,9.73000000000005e+26,3.599999999999999e+25,2.9000000000000008e+25,1.3249999999999726e+27,1.2989999999999728e+27,8.999999999999997e+24,1.6999999999999993e+25,0.0,0.0
3681.277777777778,245.00062664701545,1.211000000000005e+27,2.209999999999997e+26,9.280000000000053e+26,3.2999999999999984e+25,2.9000000000000008e+25,1.1909999999999726e+27,1.1559999999999727e+27,1.9999999999999993e+25,1.4999999999999994e+25,0.0,0.0
3687.8611111111113,246.00278147997994,1.2020000000000033e+27,2.0499999999999982e+26,9.230000000000036e+26,4.4999999999999994e+25,2.9000000000000008e+25,1.2229999999999703e+27,1.1959999999999704e+27,1.4999999999999994e+25,1.1999999999999996e+25,0.0,0.0
3694.3888888888887,247.0036249279591,1.2150000000000053e+27,2.0799999999999978e+26,9.410000000000055e+26,3.5999999999999997e+25,3.000000000000001e+25,1.2449999999999688e+27,1.2239999999999688e+27,8.999999999999997e+24,1.1999999999999996e+25,0.0,0.0
3700.8611111111113,248.0031100094443,1.199000000000005e+27,2.089999999999998e+26,9.270000000000052e+26,3.2999999999999984e+25,3.000000000000001e+25,1.2529999999999686e+27,1.2279999999999685e+27,1.4999999999999994e+25,9.999999999999997e+24,0.0,0.0
3707.277777777778,249.00117720845185,1.1610000000000047e+27,2.0499999999999982e+26,8.840000000000049e+26,4.2e+25,3.000000000000001e+25,1.2679999999999684e+27,1.2319999999999683e+27,2.1999999999999996e+25,1.3999999999999994e+25,0.0,0.0
3713.6666666666665,250.0021356571665,1.2220000000000043e+27,2.0399999999999974e+26,9.570000000000046e+26,3.099999999999999e+25,3.000000000000001e+25,1.2089999999999707e+27,1.1909999999999707e+27,8.999999999999997e+24,8.999999999999997e+24,0.0,0.0
3720.0,251.00161763561198,1.266000000000003e+27,2.1299999999999976e+26,9.750000000000033e+26,4.7e+25,3.100000000000001e+25,1.2389999999999694e+27,1.2139999999999693e+27,1.2999999999999995e+25,1.1999999999999996e+25,0.0,0.0
3726.3055555555557,252.0039896935142,1.2290000000000043e+27,2.2899999999999965e+26,9.280000000000048e+26,4.1e+25,3.100000000000001e+25,1.2459999999999694e+27,1.2139999999999693e+27,1.9999999999999993e+25,1.1999999999999996e+25,0.0,0.0
3732.527777777778,253.00034756175432,1.1860000000000048e+27,2.049999999999998e+26,9.02000000000005e+26,4.8e+25,3.100000000000001e+25,1.211999999999971e+27,1.1869999999999709e+27,1.7999999999999992e+25,6.999999999999998e+24,0.0,0.0
3738.75,254.0040071369092,1.1830000000000046e+27,2.339999999999996e+26,8.810000000000049e+26,3.699999999999999e+25,3.100000000000001e+25,1.1959999999999719e+27,1.168999999999972e+27,1.1999999999999996e+25,1.4999999999999994e+25,0.0,0.0
3744.8888888888887,255.00150165261334,1.2440000000000028e+27,1.9699999999999988e+26,9.700000000000029e+26,4.6e+25,3.100000000000001e+25,1.1989999999999724e+27,1.1619999999999724e+27,1.8999999999999992e+25,1.7999999999999992e+25,0.0,0.0
3751.0,256.0017700787372,1.2460000000000032e+27,2.1399999999999974e+26,9.470000000000034e+26,5.300000000000001e+25,3.2000000000000012e+25,1.1899999999999728e+27,1.1549999999999728e+27,1.8999999999999992e+25,1.5999999999999993e+25,0.0,0.0
3757.0555555555557,257.0002348966701,1.1700000000000048e+27,2.1599999999999973e+26,8.90000000000005e+26,3.1999999999999987e+25,3.2000000000000012e+25,1.1919999999999723e+27,1.1629999999999723e+27,1.9999999999999993e+25,8.999999999999997e+24,0.0,0.0
3763.0833333333335,258.0014353440056,1.1810000000000037e+27,1.9399999999999988e+26,9.070000000000038e+26,4.8e+25,3.2000000000000012e+25,1.1209999999999767e+27,1.0889999999999767e+27,1.3999999999999994e+25,1.7999999999999992e+25,0.0,0.0
3769.0555555555557,259.00071056274487,1.148000000000004e+27,1.8499999999999993e+26,8.920000000000041e+26,3.7999999999999996e+25,3.3000000000000014e+25,1.23099999999997e+27,1.20299999999997e+27,1.7999999999999992e+25,9.999999999999997e+24,0.0,0.0
3775.0,260.00266559245085,1.1600000000000037e+27,2.0699999999999977e+26,8.890000000000039e+26,3.099999999999999e+25,3.3000000000000014e+25,1.1769999999999734e+27,1.1449999999999734e+27,1.3999999999999994e+25,1.7999999999999992e+25,0.0,0.0
3780.8888888888887,261.0025694978808,1.1690000000000029e+27,1.719999999999999e+26,9.240000000000031e+26,3.999999999999999e+25,3.3000000000000014e+25,1.1959999999999726e+27,1.1569999999999727e+27,2.1999999999999996e+25,1.6999999999999993e+25,0.0,0.0
3786.722222222222,262.0003107631659,1.1960000000000035e+27,2.0899999999999972e+26,9.130000000000039e+26,4.099999999999999e+25,3.3000000000000014e+25,1.1499999999999747e+27,1.1229999999999747e+27,1.0999999999999996e+25,1.5999999999999993e+25,0.0,0.0
3792.527777777778,263.0005904230238,1.1570000000000032e+27,1.8299999999999977e+26,9.140000000000035e+26,2.699999999999999e+25,3.3000000000000014e+25,1.1799999999999728e+27,1.1539999999999729e+27,1.5999999999999993e+25,9.999999999999997e+24,0.0,0.0
3798.3055555555557,264.00339391387536,1.2370000000000017e+27,2.389999999999996e+26,9.38000000000002e+26,2.599999999999999e+25,3.4000000000000016e+25,1.1619999999999742e+27,1.1329999999999741e+27,1.2999999999999995e+25,1.5999999999999993e+25,0.0,0.0
3804.027777777778,265.00383935182833,1.1570000000000048e+27,1.9299999999999984e+26,8.94000000000005e+26,3.599999999999999e+25,3.4000000000000016e+25,1.1579999999999748e+27,1.1189999999999749e+27,1.6999999999999993e+25,2.1999999999999996e+25,0.0,0.0
3809.6944444444443,266.0018092291805,1.1680000000000019e+27,2.029999999999998e+26,9.02000000000002e+26,2.8999999999999986e+25,3.4000000000000016e+25,1.1989999999999724e+27,1.1609999999999724e+27,1.9999999999999993e+25,1.7999999999999992e+25,0.0,0.0
3815.3333333333335,267.0021222686264,1.1460000000000037e+27,1.879999999999997e+26,8.81000000000004e+26,4.2e+25,3.5000000000000017e+25,1.1539999999999745e+27,1.1259999999999745e+27,1.6999999999999993e+25,1.0999999999999996e+25,0.0,0.0
3820.9444444444443,268.00475846547704,1.1010000000000041e+27,1.9699999999999977e+26,8.300000000000043e+26,3.9999999999999995e+25,3.4000000000000016e+25,1.06799999999998e+27,1.03199999999998e+27,1.8999999999999992e+25,1.6999999999999993e+25,0.0,0.0
3826.5,269.00467493612143,1.1380000000000028e+27,2.0999999999999973e+26,8.63000000000003e+26,2.999999999999999e+25,3.5000000000000017e+25,1.1609999999999742e+27,1.1319999999999741e+27,1.0999999999999996e+25,1.7999999999999992e+25,0.0,0.0
3832.0,270.001735217185,1.1040000000000026e+27,1.8299999999999977e+26,8.560000000000028e+26,2.9999999999999988e+25,3.5000000000000017e+25,1.1109999999999772e+27,1.0809999999999771e+27,1.7999999999999992e+25,1.1999999999999996e+25,0.0,0.0
3837.472222222222,271.00089754045405,1.0710000000000038e+27,1.9699999999999974e+26,8.160000000000042e+26,2.199999999999999e+25,3.600000000000002e+25,1.1769999999999738e+27,1.1379999999999738e+27,1.1999999999999996e+25,2.7000000000000004e+25,0.0,0.0
3842.9166666666665,272.00212305777507,1.097000000000004e+27,1.9699999999999984e+26,8.390000000000041e+26,2.599999999999999e+25,3.5000000000000017e+25,1.0889999999999782e+27,1.0639999999999781e+27,8.999999999999997e+24,1.5999999999999993e+25,0.0,0.0
3848.3055555555557,273.000211862284,1.0910000000000035e+27,2.3199999999999968e+26,7.810000000000039e+26,4.199999999999999e+25,3.600000000000002e+25,1.1049999999999772e+27,1.0779999999999773e+27,1.1999999999999996e+25,1.4999999999999994e+25,0.0,0.0
3853.6666666666665,274.0002170765216,1.0940000000000032e+27,1.8999999999999974e+26,8.420000000000035e+26,2.699999999999999e+25,3.5000000000000017e+25,1.1319999999999758e+27,1.1029999999999758e+27,1.9999999999999993e+25,8.999999999999997e+24,0.0,0.0
3859.0,275.0020966257292,1.1140000000000035e+27,2.159999999999996e+26,8.29000000000004e+26,3.2999999999999984e+25,3.600000000000002e+25,1.0359999999999816e+27,1.0069999999999815e+27,2.3e+25,5.999999999999999e+24,0.0,0.0
3864.277777777778,276.00053295177713,1.057000000000004e+27,1.8099999999999978e+26,8.130000000000042e+26,2.599999999999999e+25,3.700000000000002e+25,1.040999999999981e+27,1.014999999999981e+27,1.2999999999999995e+25,1.2999999999999995e+25,0.0,0.0
3869.527777777778,277.00067411715247,1.081000000000004e+27,1.9699999999999977e+26,8.240000000000043e+26,2.2999999999999994e+25,3.700000000000002e+25,1.1049999999999783e+27,1.0609999999999783e+27,1.8999999999999992e+25,2.5e+25,0.0,0.0
3874.75,278.00246669506544,1.074000000000004e+27,1.949999999999998e+26,8.110000000000042e+26,3.099999999999999e+25,3.700000000000002e+25,1.0809999999999788e+27,1.0529999999999788e+27,1.6999999999999993e+25,1.0999999999999996e+25,0.0,0.0
3879.9166666666665,279.0004775343358,1.0750000000000039e+27,1.9399999999999967e+26,8.200000000000042e+26,2.399999999999999e+25,3.700000000000002e+25,1.048999999999981e+27,1.013999999999981e+27,1.8999999999999992e+25,1.5999999999999993e+25,0.0,0.0
3885.0833333333335,280.0053751111443,1.0350000000000035e+27,1.8899999999999973e+26,7.780000000000038e+26,3.0999999999999994e+25,3.700000000000002e+25,1.0239999999999818e+27,9.989999999999819e+26,1.1999999999999996e+25,1.2999999999999995e+25,0.0,0.0
3890.1666666666665,281.00083992448776,1.0090000000000037e+27,1.6899999999999993e+26,7.810000000000039e+26,2.199999999999999e+25,3.700000000000002e+25,1.0349999999999815e+27,1.0049999999999816e+27,9.999999999999997e+24,1.9999999999999993e+25,0.0,0.0
3895.25,282.0030684590415,1.0280000000000033e+27,1.919999999999997e+26,7.600000000000036e+26,3.7999999999999996e+25,3.800000000000002e+25,1.0129999999999825e+27,9.889999999999825e+26,1.1999999999999996e+25,1.1999999999999996e+25,0.0,0.0
3900.277777777778,283.0010416977343,1.0120000000000036e+27,1.6999999999999984e+26,7.800000000000038e+26,2.399999999999999e+25,3.800000000000002e+25,9.689999999999856e+26,9.369999999999856e+26,1.5999999999999993e+25,1.5999999999999993e+25,0.0,0.0
3905.277777777778,284.00014878819445,9.61000000000003e+26,1.8499999999999972e+26,7.050000000000031e+26,3.1999999999999987e+25,3.900000000000002e+25,9.819999999999846e+26,9.529999999999846e+26,1.5999999999999993e+25,1.2999999999999995e+25,0.0,0.0
3910.25,285.00031764163487,9.980000000000032e+26,1.909999999999997e+26,7.440000000000035e+26,2.399999999999999e+25,3.900000000000002e+25,9.759999999999852e+26,9.419999999999853e+26,1.6999999999999993e+25,1.6999999999999993e+25,0.0,0.0
3915.1944444444443,286.00147300212427,9.880000000000033e+26,1.8599999999999983e+26,7.410000000000035e+26,2.199999999999999e+25,3.900000000000002e+25,9.919999999999843e+26,9.589999999999843e+26,2.0999999999999995e+25,1.1999999999999996e+25,0.0,0.0
3920.1111111111113,287.00353612569245,9.650000000000032e+26,1.8099999999999978e+26,7.150000000000032e+26,2.9999999999999988e+25,3.900000000000002e+25,9.44999999999986e+26,9.279999999999861e+26,7.999999999999998e+24,8.999999999999997e+24,0.0,0.0
3924.972222222222,288.00071007774716,9.810000000000033e+26,1.8399999999999978e+26,7.330000000000034e+26,2.499999999999999e+25,3.900000000000002e+25,9.419999999999873e+26,9.059999999999874e+26,1.6999999999999993e+25,1.8999999999999992e+25,0.0,0.0
3929.8333333333335,289.0043103983339,9.710000000000031e+26,1.779999999999998e+26,7.230000000000033e+26,2.9999999999999988e+25,4.000000000000002e+25,9.469999999999868e+26,9.149999999999868e+26,1.9999999999999993e+25,1.1999999999999996e+25,0.0,0.0
3934.6388888888887,290.0027765549279,9.490000000000029e+26,1.8099999999999978e+26,6.98000000000003e+26,2.9999999999999988e+25,4.000000000000002e+25,9.949999999999838e+26,9.679999999999837e+26,1.7999999999999992e+25,8.999999999999997e+24,0.0,0.0
3939.4166666666665,291.0017399641374,9.450000000000027e+26,1.8999999999999977e+26,6.87000000000003e+26,2.799999999999999e+25,4.000000000000002e+25,9.559999999999858e+26,9.319999999999859e+26,1.0999999999999996e+25,1.2999999999999995e+25,0.0,0.0
3944.1666666666665,292.0011108398819,8.830000000000023e+26,1.6799999999999982e+26,6.530000000000026e+26,2.199999999999999e+25,4.000000000000002e+25,9.389999999999878e+26,8.989999999999878e+26,1.6999999999999993e+25,2.3e+25,0.0,0.0
3948.8888888888887,293.0007909108574,9.130000000000028e+26,1.5599999999999987e+26,6.900000000000029e+26,2.599999999999999e+25,4.100000000000002e+25,9.009999999999892e+26,8.749999999999892e+26,9.999999999999997e+24,1.5999999999999993e+25,0.0,0.0
3953.5833333333335,294.000686767821,8.910000000000027e+26,1.8999999999999987e+26,6.330000000000028e+26,2.699999999999999e+25,4.100000000000002e+25,9.389999999999868e+26,9.139999999999869e+26,1.4999999999999994e+25,9.999999999999997e+24,0.0,0.0
3958.25,295.0006994808672,8.510000000000026e+26,1.7599999999999977e+26,6.200000000000029e+26,1.4999999999999996e+25,4.000000000000002e+25,8.889999999999896e+26,8.659999999999897e+26,1.4999999999999994e+25,7.999999999999998e+24,0.0,0.0
3962.8888888888887,296.00072799538214,9.150000000000024e+26,1.9399999999999964e+26,6.480000000000028e+26,3.099999999999999e+25,4.200000000000002e+25,9.099999999999885e+26,8.869999999999885e+26,1.1999999999999996e+25,1.0999999999999996e+25,0.0,0.0
3967.5,297.00066920050904,8.440000000000021e+26,1.799999999999998e+26,6.050000000000022e+26,1.7999999999999994e+25,4.100000000000002e+25,8.469999999999928e+26,8.149999999999927e+26,1.3999999999999994e+25,1.7999999999999992e+25,0.0,0.0
3972.0833333333335,298.0004148685066,8.380000000000021e+26,1.5399999999999992e+26,6.220000000000022e+26,1.9999999999999993e+25,4.200000000000002e+25,7.78999999999996e+26,7.559999999999962e+26,1.2999999999999995e+25,9.999999999999997e+24,0.0,0.0
3976.6666666666665,299.0059722610282,8.610000000000022e+26,1.7999999999999977e+26,6.180000000000025e+26,2.099999999999999e+25,4.200000000000002e+25,8.299999999999936e+26,7.999999999999936e+26,1.5999999999999993e+25,1.3999999999999994e+25,0.0,0.0
3981.1944444444443,300.0050457549421,8.190000000000015e+26,1.7499999999999986e+26,5.800000000000018e+26,2.199999999999999e+25,4.200000000000002e+25,8.769999999999907e+26,8.489999999999907e+26,1.5999999999999993e+25,1.1999999999999996e+25,0.0,0.0
3985.6944444444443,301.00358962638916,8.240000000000018e+26,1.869999999999997e+26,5.710000000000021e+26,2.399999999999999e+25,4.200000000000002e+25,8.199999999999936e+26,7.979999999999937e+26,1.3999999999999994e+25,7.999999999999998e+24,0.0,0.0
3990.1666666666665,302.0015036470188,8.21000000000002e+26,1.7199999999999976e+26,5.8200000000000215e+26,2.499999999999999e+25,4.200000000000002e+25,8.449999999999927e+26,8.149999999999927e+26,1.8999999999999992e+25,1.0999999999999996e+25,0.0,0.0
3994.6388888888887,303.00490883202565,7.670000000000016e+26,1.5899999999999983e+26,5.5100000000000176e+26,1.4999999999999996e+25,4.200000000000002e+25,8.539999999999922e+26,8.219999999999923e+26,1.6999999999999993e+25,1.4999999999999994e+25,0.0,0.0
3999.0555555555557,304.00122912599863,7.940000000000019e+26,1.5399999999999985e+26,5.7400000000000213e+26,2.2999999999999994e+25,4.3000000000000026e+25,7.619999999999969e+26,7.41999999999997e+26,7.999999999999998e+24,1.1999999999999996e+25,0.0,0.0
4003.472222222222,305.0028789256987,7.40000000000002e+26,1.4999999999999991e+26,5.3100000000000204e+26,1.5999999999999995e+25,4.3000000000000026e+25,7.859999999999959e+26,7.619999999999958e+26,1.7999999999999992e+25,5.999999999999999e+24,0.0,0.0
4007.8611111111113,306.0034824687407,7.530000000000014e+26,1.6499999999999976e+26,5.2200000000000174e+26,2.2999999999999994e+25,4.3000000000000026e+25,8.219999999999942e+26,7.889999999999942e+26,1.6999999999999993e+25,1.5999999999999993e+25,0.0,0.0
4012.222222222222,307.0029166569266,8.060000000000013e+26,1.799999999999997e+26,5.580000000000017e+26,2.399999999999999e+25,4.400000000000003e+25,8.019999999999951e+26,7.74999999999995e+26,1.2999999999999995e+25,1.3999999999999994e+25,0.0,0.0
4016.5555555555557,308.0010587412944,7.710000000000016e+26,1.7699999999999984e+26,5.300000000000018e+26,1.9999999999999993e+25,4.400000000000003e+25,8.059999999999943e+26,7.849999999999945e+26,7.999999999999998e+24,1.2999999999999995e+25,0.0,0.0
4020.8888888888887,309.00422787439993,7.700000000000015e+26,1.8299999999999966e+26,5.270000000000019e+26,1.4999999999999996e+25,4.500000000000003e+25,7.369999999999988e+26,7.109999999999988e+26,1.2999999999999995e+25,1.2999999999999995e+25,0.0,0.0
4025.1944444444443,310.00591407269644,7.740000000000021e+26,1.6199999999999993e+26,5.470000000000022e+26,2.099999999999999e+25,4.400000000000003e+25,7.619999999999969e+26,7.41999999999997e+26,1.4999999999999994e+25,4.999999999999999e+24,0.0,0.0
4029.472222222222,311.0059865125711,7.150000000000016e+26,1.4499999999999984e+26,5.0500000000000164e+26,2.099999999999999e+25,4.400000000000003e+25,7.269999999999996e+26,6.979999999999995e+26,1.5999999999999993e+25,1.2999999999999995e+25,0.0,0.0
4033.722222222222,312.0043137961609,7.430000000000017e+26,1.569999999999999e+26,5.220000000000018e+26,1.8999999999999994e+25,4.500000000000003e+25,7.459999999999981e+26,7.229999999999981e+26,9.999999999999997e+24,1.2999999999999995e+25,0.0,0.0
4037.9444444444443,313.0007689234326,6.940000000000014e+26,1.4199999999999993e+26,4.970000000000016e+26,9.999999999999999e+24,4.500000000000003e+25,7.299999999999992e+26,7.049999999999991e+26,1.0999999999999996e+25,1.3999999999999994e+25,0.0,0.0
4042.1666666666665,314.0018155846958,7.400000000000016e+26,1.5799999999999993e+26,5.160000000000017e+26,2.099999999999999e+25,4.500000000000003e+25,7.879999999999957e+26,7.649999999999956e+26,1.1999999999999996e+25,1.0999999999999996e+25,0.0,0.0
4046.3611111111113,315.00077610688027,6.950000000000012e+26,1.5899999999999987e+26,4.760000000000014e+26,1.4999999999999996e+25,4.500000000000003e+25,6.520000000000039e+26,6.240000000000039e+26,1.1999999999999996e+25,1.5999999999999993e+25,0.0,0.0
4050.5555555555557,316.00418525232976,6.890000000000015e+26,1.5399999999999988e+26,4.710000000000016e+26,1.8999999999999994e+25,4.500000000000003e+25,6.950000000000008e+26,6.750000000000009e+26,7.999999999999998e+24,1.1999999999999996e+25,0.0,0.0
4054.722222222222,317.00529167543687,7.010000000000013e+26,1.5499999999999986e+26,4.900000000000014e+26,1.0999999999999998e+25,4.500000000000003e+25,6.860000000000015e+26,6.650000000000015e+26,1.1999999999999996e+25,8.999999999999997e+24,0.0,0.0
4058.8611111111113,318.00396962087984,6.980000000000012e+26,1.6599999999999984e+26,4.7100000000000136e+26,1.4999999999999996e+25,4.600000000000003e+25,6.810000000000016e+26,6.620000000000017e+26,1.2999999999999995e+25,5.999999999999999e+24,0.0,0.0
4062.972222222222,319.0000720196588,6.950000000000014e+26,1.629999999999999e+26,4.710000000000014e+26,1.4999999999999996e+25,4.600000000000003e+25,6.540000000000038e+26,6.270000000000037e+26,1.5999999999999993e+25,1.0999999999999996e+25,0.0,0.0
4067.0833333333335,320.0002376389855,6.850000000000015e+26,1.3699999999999995e+26,4.8800000000000146e+26,1.2999999999999997e+25,4.700000000000003e+25,6.350000000000042e+26,6.190000000000042e+26,8.999999999999997e+24,6.999999999999998e+24,0.0,0.0
4071.1944444444443,321.00440750131634,6.530000000000011e+26,1.5399999999999978e+26,4.440000000000012e+26,8e+24,4.700000000000003e+25,6.660000000000028e+26,6.410000000000029e+26,1.4999999999999994e+25,9.999999999999997e+24,0.0,0.0
4075.277777777778,322.00569338590094,6.45000000000001e+26,1.4699999999999993e+26,4.4000000000000104e+26,1.0999999999999996e+25,4.700000000000003e+25,6.510000000000034e+26,6.340000000000033e+26,1.0999999999999996e+25,5.999999999999999e+24,0.0,0.0
4079.3333333333335,323.0039549167668,6.350000000000009e+26,1.5199999999999993e+26,4.20000000000001e+26,1.6999999999999995e+25,4.600000000000003e+25,7.19e+26,6.91e+26,1.3999999999999994e+25,1.3999999999999994e+25,0.0,0.0
4083.3888888888887,324.0059288602986,6.300000000000009e+26,1.2899999999999992e+26,4.330000000000009e+26,2.099999999999999e+25,4.700000000000003e+25,6.1000000000000394e+26,5.96000000000004e+26,9.999999999999997e+24,4e+24,0.0,0.0
4087.4166666666665,325.00464835620073,5.940000000000007e+26,1.3099999999999993e+26,4.080000000000007e+26,8e+24,4.700000000000003e+25,6.700000000000019e+26,6.580000000000019e+26,7.999999999999998e+24,4e+24,0.0,0.0
4091.4444444444443,326.0068942653952,6.52000000000001e+26,1.569999999999998e+26,4.340000000000011e+26,1.2999999999999997e+25,4.800000000000003e+25,6.1100000000000395e+26,5.870000000000039e+26,1.5999999999999993e+25,7.999999999999998e+24,0.0,0.0
4095.4444444444443,327.0056480690421,6.100000000000007e+26,1.3899999999999994e+26,4.080000000000008e+26,1.4999999999999996e+25,4.800000000000003e+25,6.28000000000004e+26,6.0900000000000414e+26,1.0999999999999996e+25,7.999999999999998e+24,0.0,0.0
4099.416666666667,328.00076751931965,6.030000000000007e+26,1.3699999999999993e+26,4.000000000000008e+26,1.7999999999999994e+25,4.800000000000003e+25,7.169999999999997e+26,6.939999999999998e+26,1.2999999999999995e+25,9.999999999999997e+24,0.0,0.0
4103.416666666667,329.00609792861223,6.450000000000006e+26,1.489999999999999e+26,4.360000000000006e+26,1.2999999999999997e+25,4.700000000000003e+25,5.960000000000037e+26,5.690000000000037e+26,1.7999999999999992e+25,8.999999999999997e+24,0.0,0.0
4107.361111111111,330.00058419836,6.120000000000007e+26,1.4999999999999986e+26,4.0500000000000076e+26,8.999999999999999e+24,4.800000000000003e+25,6.24000000000004e+26,6.0100000000000406e+26,1.7999999999999992e+25,4.999999999999999e+24,0.0,0.0
4111.333333333333,331.0051302967054,6.41000000000001e+26,1.4599999999999985e+26,4.3500000000000106e+26,1.1999999999999998e+25,4.800000000000003e+25,6.490000000000032e+26,6.330000000000034e+26,1.4999999999999994e+25,1e+24,0.0,0.0
4115.277777777777,332.00560637227954,6.260000000000007e+26,1.479999999999999e+26,4.170000000000008e+26,1.2999999999999997e+25,4.800000000000003e+25,6.1600000000000394e+26,5.9000000000000395e+26,1.7999999999999992e+25,7.999999999999998e+24,0.0,0.0
4119.194444444444,333.0018679590805,6.290000000000007e+26,1.5299999999999982e+26,4.150000000000008e+26,1.2999999999999997e+25,4.800000000000003e+25,6.16000000000004e+26,5.96000000000004e+26,1.3999999999999994e+25,5.999999999999999e+24,0.0,0.0
4123.111111111111,334.0008688281607,6.440000000000008e+26,1.3199999999999997e+26,4.500000000000008e+26,1.3999999999999997e+25,4.800000000000003e+25,6.000000000000039e+26,5.870000000000039e+26,1.1999999999999996e+25,1e+24,0.0,0.0
4127.027777777777,335.0025274492714,6.070000000000005e+26,1.2199999999999995e+26,4.290000000000005e+26,8e+24,4.800000000000003e+25,6.18000000000004e+26,5.98000000000004e+26,1.4999999999999994e+25,4.999999999999999e+24,0.0,0.0
4130.944444444444,336.0067599014342,6.400000000000006e+26,1.5199999999999983e+26,4.2400000000000074e+26,1.4999999999999996e+25,4.9000000000000035e+25,6.830000000000017e+26,6.630000000000016e+26,1.3999999999999994e+25,5.999999999999999e+24,0.0,0.0
4134.833333333333,337.00632795724505,6.600000000000007e+26,1.5299999999999991e+26,4.5200000000000075e+26,6e+24,4.9000000000000035e+25,6.47000000000004e+26,6.21000000000004e+26,2.3e+25,3e+24,0.0,0.0
4138.694444444444,338.0010898088276,6.390000000000007e+26,1.639999999999999e+26,4.170000000000007e+26,8.999999999999999e+24,4.9000000000000035e+25,6.110000000000039e+26,5.860000000000039e+26,1.7999999999999992e+25,6.999999999999998e+24,0.0,0.0
4142.583333333333,339.00527530494446,6.800000000000009e+26,1.5299999999999994e+26,4.710000000000009e+26,6.999999999999999e+24,4.9000000000000035e+25,6.840000000000013e+26,6.670000000000014e+26,1.3999999999999994e+25,3e+24,0.0,0.0
4146.444444444444,340.00444373370306,6.480000000000007e+26,1.489999999999999e+26,4.410000000000008e+26,8.999999999999999e+24,4.9000000000000035e+25,6.55000000000003e+26,6.38000000000003e+26,1.3999999999999994e+25,3e+24,0.0,0.0
4150.305555555556,341.00566990328,6.560000000000006e+26,1.4899999999999987e+26,4.480000000000007e+26,9.999999999999999e+24,4.9000000000000035e+25,6.530000000000034e+26,6.320000000000034e+26,1.6999999999999993e+25,4e+24,0.0,0.0
4154.138888888889,342.0016371848408,6.190000000000009e+26,1.2799999999999998e+26,4.2800000000000085e+26,1.3999999999999997e+25,4.9000000000000035e+25,6.500000000000036e+26,6.280000000000036e+26,1.8999999999999992e+25,3e+24,0.0,0.0
4158.0,343.00668414795496,6.710000000000007e+26,1.489999999999999e+26,4.6600000000000076e+26,6.999999999999999e+24,4.9000000000000035e+25,6.270000000000041e+26,6.1100000000000416e+26,1.3999999999999994e+25,2e+24,0.0,0.0
4161.833333333333,344.006257319827,6.93000000000001e+26,1.3900000000000002e+26,4.9800000000000095e+26,7e+24,4.9000000000000035e+25,6.590000000000032e+26,6.350000000000032e+26,1.9999999999999993e+25,4e+24,0.0,0.0
4165.638888888889,345.0002209455711,6.810000000000008e+26,1.3899999999999989e+26,4.790000000000008e+26,1.2999999999999997e+25,5.000000000000004e+25,7.150000000000002e+26,6.860000000000003e+26,2.6000000000000003e+25,3e+24,0.0,0.0
4169.472222222223,346.00299036202,6.480000000000011e+26,1.200000000000001e+26,4.7000000000000094e+26,8e+24,5.000000000000004e+25,6.690000000000029e+26,6.39000000000003e+26,2.9000000000000008e+25,1e+24,0.0,0.0
4173.305555555556,347.00721632678733,6.600000000000005e+26,1.5199999999999983e+26,4.510000000000007e+26,7e+24,5.000000000000004e+25,6.1400000000000405e+26,6.0000000000000405e+26,1.0999999999999996e+25,3e+24,0.0,0.0
4177.111111111111,348.00550998122526,6.50000000000001e+26,1.3000000000000002e+26,4.60000000000001e+26,1.0999999999999998e+25,4.9000000000000035e+25,6.97000000000001e+26,6.73000000000001e+26,2.3e+25,1e+24,0.0,0.0
4180.916666666667,349.00504216667673,7.10000000000001e+26,1.4699999999999999e+26,4.960000000000009e+26,1.7999999999999994e+25,4.9000000000000035e+25,6.77000000000002e+26,6.57000000000002e+26,1.5999999999999993e+25,4e+24,0.0,0.0
4184.722222222223,350.0057128103349,6.81000000000001e+26,1.2999999999999997e+26,4.9100000000000095e+26,1.0999999999999998e+25,4.9000000000000035e+25,6.880000000000019e+26,6.590000000000018e+26,2.3e+25,5.999999999999999e+24,0.0,0.0
4188.5,351.00010840446976,6.800000000000009e+26,1.2700000000000002e+26,4.920000000000009e+26,1.1999999999999998e+25,4.9000000000000035e+25,7.47999999999998e+26,7.24999999999998e+26,2.0999999999999995e+25,2e+24,0.0,0.0
4192.305555555556,352.0027480154163,6.910000000000009e+26,1.3399999999999989e+26,4.960000000000009e+26,1.0999999999999998e+25,5.000000000000004e+25,6.840000000000016e+26,6.630000000000016e+26,2.0999999999999995e+25,0.0,0.0,0.0
4196.111111111111,353.0062234007819,6.820000000000012e+26,1.2400000000000001e+26,5.04000000000001e+26,4e+24,5.000000000000004e+25,7.12e+26,6.91e+26,1.6999999999999993e+25,4e+24,0.0,0.0
4199.888888888889,354.0030976844,7.36000000000001e+26,1.6999999999999988e+26,5.0100000000000105e+26,1.4999999999999996e+25,5.000000000000004e+25,7.020000000000004e+26,6.830000000000004e+26,1.8999999999999992e+25,0.0,0.0,0.0
4203.666666666667,355.00059063001504,7.30000000000001e+26,1.5599999999999984e+26,5.140000000000011e+26,9.999999999999999e+24,5.000000000000004e+25,6.720000000000029e+26,6.420000000000028e+26,2.5e+25,4.999999999999999e+24,0.0,0.0
4207.472222222223,356.00594026686167,6.87000000000001e+26,1.3399999999999997e+26,4.95000000000001e+26,8.999999999999998e+24,4.9000000000000035e+25,6.95000000000001e+26,6.73000000000001e+26,1.8999999999999992e+25,3e+24,0.0,0.0
4211.25,357.0043672725799,6.72000000000001e+26,1.2500000000000005e+26,4.820000000000008e+26,1.4999999999999996e+25,5.000000000000004e+25,7.159999999999996e+26,6.969999999999996e+26,1.6999999999999993e+25,2e+24,0.0,0.0
4215.027777777777,358.0031040557426,7.420000000000014e+26,1.419999999999999e+26,5.350000000000014e+26,1.4999999999999996e+25,5.000000000000004e+25,7.219999999999991e+26,7.049999999999991e+26,1.6999999999999993e+25,0.0,0.0,0.0
4218.805555555556,359.00204825934884,7.560000000000018e+26,1.42e+26,5.5800000000000156e+26,6e+24,5.000000000000004e+25,6.970000000000013e+26,6.700000000000012e+26,2.3e+25,4e+24,0.0,0.0
4222.583333333333,0.0010959244020796177,7.010000000000012e+26,1.38e+26,5.030000000000011e+26,9.999999999999999e+24,5.000000000000004e+25,7.189999999999997e+26,6.959999999999997e+26,2.0999999999999995e+25,2e+24,0.0,0.0
4226.361111111111,1.000143053492593,6.900000000000011e+26,1.310000000000001e+26,4.9200000000000096e+26,1.6999999999999995e+25,5.000000000000004e+25,7.249999999999995e+26,6.989999999999995e+26,2.5e+25,1e+24,0.0,0.0
4230.166666666667,2.0064314968321924,7.120000000000015e+26,1.2200000000000002e+26,5.340000000000013e+26,6e+24,5.000000000000004e+25,7.110000000000003e+26,6.860000000000003e+26,2.3e+25,2e+24,0.0,0.0
4233.944444444444,3.005166021757532,6.500000000000008e+26,1.18e+26,4.770000000000008e+26,4.999999999999999e+24,5.000000000000004e+25,6.490000000000038e+26,6.250000000000038e+26,2.4e+25,0.0,0.0,0.0
4237.722222222223,4.003589044860746,6.300000000000008e+26,1.0900000000000006e+26,4.640000000000007e+26,7e+24,5.000000000000004e+25,6.370000000000042e+26,6.150000000000042e+26,2.1999999999999996e+25,0.0,0.0,0.0
4241.5,5.001597584983756,7.180000000000013e+26,1.3599999999999998e+26,5.220000000000012e+26,9.999999999999999e+24,5.000000000000004e+25,6.19000000000004e+26,6.0100000000000406e+26,1.7999999999999992e+25,0.0,0.0,0.0
4245.305555555556,6.006422088249792,7.060000000000016e+26,1.170000000000001e+26,5.290000000000013e+26,9.999999999999999e+24,5.000000000000004e+25,6.910000000000013e+26,6.670000000000014e+26,2.0999999999999995e+25,3e+24,0.0,0.0
4249.083333333333,7.003289860718496,7.080000000000014e+26,1.1500000000000007e+26,5.320000000000013e+26,1.0999999999999996e+25,5.000000000000004e+25,6.390000000000042e+26,6.180000000000042e+26,2.0999999999999995e+25,0.0,0.0,0.0
4252.888888888889,8.006756879660315,6.480000000000008e+26,1.1700000000000004e+26,4.760000000000008e+26,4.999999999999999e+24,5.000000000000004e+25,7.479999999999984e+26,7.159999999999985e+26,3.100000000000001e+25,1e+24,0.0,0.0
4256.666666666667,9.002073590414739,6.660000000000009e+26,1.3600000000000006e+26,4.7300000000000076e+26,7e+24,5.000000000000004e+25,7.389999999999984e+26,7.169999999999984e+26,1.6999999999999993e+25,4.999999999999999e+24,0.0,0.0
4260.472222222223,10.003773717557806,6.74000000000001e+26,1.3200000000000004e+26,4.850000000000009e+26,6.999999999999998e+24,5.000000000000004e+25,6.26000000000004e+26,6.0900000000000414e+26,1.5999999999999993e+25,1e+24,0.0,0.0
4264.277777777777,11.004434652387545,6.820000000000013e+26,1.1300000000000007e+26,5.130000000000012e+26,7e+24,4.9000000000000035e+25,6.550000000000036e+26,6.300000000000035e+26,2.0999999999999995e+25,4e+24,0.0,0.0
4268.083333333333,12.003955662471753,6.790000000000012e+26,1.210000000000001e+26,4.96000000000001e+26,1.1999999999999998e+25,5.000000000000004e+25,6.530000000000031e+26,6.360000000000032e+26,1.5999999999999993e+25,1e+24,0.0,0.0
4271.888888888889,13.002235858194808,6.580000000000009e+26,1.2700000000000007e+26,4.750000000000008e+26,5.999999999999999e+24,5.000000000000004e+25,6.630000000000028e+26,6.410000000000029e+26,1.8999999999999992e+25,3e+24,0.0,0.0
4275.722222222223,14.006450872287132,6.260000000000005e+26,1.35e+26,4.350000000000004e+26,7e+24,4.9000000000000035e+25,6.28000000000004e+26,6.050000000000041e+26,1.7999999999999992e+25,4.999999999999999e+24,0.0,0.0
4279.527777777777,15.001944185288949,6.56000000000001e+26,1.130000000000001e+26,4.8300000000000086e+26,1.0999999999999998e+25,4.9000000000000035e+25,6.330000000000042e+26,6.130000000000042e+26,1.2999999999999995e+25,6.999999999999998e+24,0.0,0.0
4283.361111111111,16.00315498289683,6.080000000000004e+26,1.1500000000000004e+26,4.370000000000004e+26,7e+24,4.9000000000000035e+25,6.42000000000004e+26,6.1100000000000416e+26,3.000000000000001e+25,1e+24,0.0,0.0
4287.194444444444,17.00270960925377,6.370000000000008e+26,1.2000000000000004e+26,4.6200000000000065e+26,6e+24,4.9000000000000035e+25,6.330000000000042e+26,6.130000000000042e+26,1.0999999999999996e+25,8.999999999999997e+24,0.0,0.0
4291.027777777777,18.000518189391187,6.020000000000003e+26,1.2200000000000009e+26,4.160000000000002e+26,1.4999999999999996e+25,4.9000000000000035e+25,6.340000000000041e+26,6.130000000000042e+26,1.9999999999999993e+25,1e+24,0.0,0.0
4294.888888888889,19.003688829435532,5.8900000000000016e+26,1.25e+26,4.0500000000000014e+26,9.999999999999999e+24,4.9000000000000035e+25,6.090000000000039e+26,5.9000000000000395e+26,1.4999999999999994e+25,4e+24,0.0,0.0
4298.75,20.00489761822655,5.910000000000004e+26,1.110000000000001e+26,4.2200000000000024e+26,8.999999999999999e+24,4.9000000000000035e+25,5.8300000000000374e+26,5.690000000000037e+26,1.0999999999999996e+25,3e+24,0.0,0.0
4302.611111111111,21.004045584473033,6.1200000000000046e+26,1.2000000000000005e+26,4.390000000000004e+26,4e+24,4.9000000000000035e+25,6.040000000000039e+26,5.830000000000039e+26,1.7999999999999992e+25,3e+24,0.0,0.0
4306.472222222223,22.001044425954433,5.850000000000001e+26,1.3300000000000003e+26,3.94e+26,8.999999999999999e+24,4.9000000000000035e+25,5.530000000000034e+26,5.370000000000034e+26,1.2999999999999995e+25,3e+24,0.0,0.0
4310.361111111111,23.00295261189831,5.830000000000003e+26,1.0400000000000008e+26,4.200000000000002e+26,1.0999999999999998e+25,4.800000000000003e+25,5.630000000000035e+26,5.440000000000035e+26,1.4999999999999994e+25,4e+24,0.0,0.0
4314.25,24.00249621018679,5.6700000000000014e+26,1.0500000000000009e+26,4.01e+26,1.2999999999999997e+25,4.800000000000003e+25,5.840000000000037e+26,5.6000000000000364e+26,1.5999999999999993e+25,7.999999999999998e+24,0.0,0.0
4318.166666666667,25.006703898765636,5.189999999999999e+26,1.0400000000000008e+26,3.609999999999998e+26,6e+24,4.800000000000003e+25,5.3100000000000314e+26,5.060000000000031e+26,1.5999999999999993e+25,8.999999999999997e+24,0.0,0.0
4322.055555555556,26.001246750611926,5.429999999999999e+26,1.0300000000000005e+26,3.819999999999999e+26,9.999999999999999e+24,4.800000000000003e+25,5.540000000000033e+26,5.290000000000033e+26,1.4999999999999994e+25,9.999999999999997e+24,0.0,0.0
4325.972222222223,27.000242357780508,5.369999999999997e+26,1.2100000000000001e+26,3.579999999999997e+26,9.999999999999999e+24,4.800000000000003e+25,5.540000000000033e+26,5.250000000000033e+26,1.9999999999999993e+25,8.999999999999997e+24,0.0,0.0
4329.916666666667,28.00355196748592,5.409999999999998e+26,1.140000000000001e+26,3.679999999999997e+26,1.0999999999999998e+25,4.800000000000003e+25,5.7000000000000354e+26,5.5200000000000356e+26,9.999999999999997e+24,7.999999999999998e+24,0.0,0.0
4333.861111111111,29.003999896737696,5.049999999999997e+26,1.1000000000000009e+26,3.4199999999999963e+26,4.999999999999999e+24,4.800000000000003e+25,5.440000000000033e+26,5.250000000000033e+26,1.0999999999999996e+25,7.999999999999998e+24,0.0,0.0
4337.805555555556,30.001503965057736,4.849999999999998e+26,1.1000000000000009e+26,3.209999999999997e+26,6e+24,4.800000000000003e+25,5.1000000000000286e+26,4.880000000000029e+26,9.999999999999997e+24,1.1999999999999996e+25,0.0,0.0
4341.777777777777,31.00297881912138,4.72e+26,9.500000000000007e+25,3.2399999999999986e+26,5.999999999999999e+24,4.700000000000003e+25,4.6700000000000256e+26,4.500000000000025e+26,8.999999999999997e+24,7.999999999999998e+24,0.0,0.0
4345.75,32.00131064950756,4.569999999999995e+26,1.1600000000000005e+26,2.8799999999999946e+26,4.999999999999999e+24,4.800000000000003e+25,4.670000000000025e+26,4.480000000000025e+26,1.1999999999999996e+25,6.999999999999998e+24,0.0,0.0
4349.75,33.0033715716736,4.5399999999999954e+26,1.090000000000001e+26,2.959999999999994e+26,2e+24,4.700000000000003e+25,5.030000000000027e+26,4.7400000000000277e+26,1.0999999999999996e+25,1.7999999999999992e+25,0.0,0.0
4353.75,34.00209464047202,4.449999999999998e+26,1.070000000000001e+26,2.829999999999996e+26,7.999999999999999e+24,4.700000000000003e+25,4.4600000000000234e+26,4.3300000000000235e+26,7.999999999999998e+24,4.999999999999999e+24,0.0,0.0
4357.777777777777,35.004308904588925,4.469999999999998e+26,1.180000000000001e+26,2.769999999999997e+26,4.999999999999999e+24,4.700000000000003e+25,4.320000000000021e+26,4.160000000000022e+26,4.999999999999999e+24,1.0999999999999996e+25,0.0,0.0
4361.805555555556,36.00299563620456,4.0699999999999954e+26,8.900000000000006e+25,2.6799999999999936e+26,3e+24,4.700000000000003e+25,4.310000000000021e+26,4.110000000000021e+26,7.999999999999998e+24,1.1999999999999996e+25,0.0,0.0
4365.861111111111,37.00493653462354,4.009999999999997e+26,1.0200000000000008e+26,2.4699999999999953e+26,6e+24,4.600000000000003e+25,4.2400000000000205e+26,4.0300000000000204e+26,8.999999999999997e+24,1.1999999999999996e+25,0.0,0.0
4369.916666666667,38.00316725351331,3.899999999999997e+26,1.1200000000000008e+26,2.209999999999997e+26,9.999999999999999e+24,4.700000000000003e+25,3.960000000000018e+26,3.780000000000018e+26,3e+24,1.4999999999999994e+25,0.0,0.0
4374.0,39.004422376464845,3.829999999999997e+26,9.800000000000007e+25,2.339999999999996e+26,4.999999999999999e+24,4.600000000000003e+25,4.1300000000000194e+26,3.9500000000000196e+26,6.999999999999998e+24,1.0999999999999996e+25,0.0,0.0
4378.083333333333,40.001784755388826,3.969999999999997e+26,1.0600000000000008e+26,2.3499999999999958e+26,9.999999999999999e+24,4.600000000000003e+25,4.1000000000000184e+26,3.8400000000000185e+26,1.2999999999999995e+25,1.2999999999999995e+25,0.0,0.0
4382.194444444444,41.00194059523369,3.6099999999999997e+26,1.090000000000001e+26,1.9999999999999984e+26,5.999999999999999e+24,4.600000000000003e+25,3.8500000000000165e+26,3.690000000000017e+26,4.999999999999999e+24,1.0999999999999996e+25,0.0,0.0
4386.333333333333,42.00475554432637,3.9199999999999994e+26,1.2400000000000008e+26,2.1299999999999976e+26,8.999999999999999e+24,4.600000000000003e+25,3.850000000000017e+26,3.7400000000000175e+26,4e+24,6.999999999999998e+24,0.0,0.0
4390.472222222223,43.00339357860844,3.569999999999999e+26,1.0800000000000009e+26,1.9899999999999983e+26,4e+24,4.600000000000003e+25,3.590000000000014e+26,3.400000000000014e+26,5.999999999999999e+24,1.2999999999999995e+25,0.0,0.0
4394.638888888889,44.0044677380306,3.789999999999999e+26,1.1700000000000007e+26,2.1099999999999974e+26,6e+24,4.500000000000003e+25,3.7100000000000144e+26,3.510000000000015e+26,9.999999999999997e+24,9.999999999999997e+24,0.0,0.0
4398.805555555556,45.001204840855735,3.35e+26,8.700000000000006e+25,1.9599999999999987e+26,6.999999999999998e+24,4.500000000000003e+25,3.510000000000013e+26,3.320000000000013e+26,7.999999999999998e+24,1.0999999999999996e+25,0.0,0.0
4403.0,46.00016229993025,3.799999999999998e+26,1.0800000000000009e+26,2.219999999999997e+26,4.999999999999999e+24,4.500000000000003e+25,3.430000000000013e+26,3.2600000000000126e+26,7.999999999999998e+24,8.999999999999997e+24,0.0,0.0
4407.222222222223,47.00119822650868,3.729999999999998e+26,1.0900000000000008e+26,2.1399999999999974e+26,5.999999999999999e+24,4.400000000000003e+25,3.430000000000012e+26,3.2600000000000126e+26,4e+24,1.2999999999999995e+25,0.0,0.0
4411.472222222223,48.004184976786746,3.62e+26,1.070000000000001e+26,2.0099999999999985e+26,8.999999999999999e+24,4.500000000000003e+25,3.530000000000014e+26,3.390000000000014e+26,5.999999999999999e+24,7.999999999999998e+24,0.0,0.0
4415.722222222223,49.002477970171185,3.52e+26,1.140000000000001e+26,1.869999999999999e+26,6.999999999999998e+24,4.400000000000003e+25,3.2700000000000106e+26,3.0900000000000112e+26,6.999999999999998e+24,1.0999999999999996e+25,0.0,0.0
4420.0,50.002511096343824,3.299999999999999e+26,8.800000000000005e+25,1.9399999999999985e+26,4e+24,4.400000000000003e+25,3.730000000000016e+26,3.610000000000016e+26,5.999999999999999e+24,5.999999999999999e+24,0.0,0.0
4424.305555555556,51.00415697436438,3.2699999999999996e+26,9.500000000000007e+25,1.8399999999999988e+26,4e+24,4.400000000000003e+25,3.280000000000011e+26,3.100000000000011e+26,7.999999999999998e+24,9.999999999999997e+24,0.0,0.0
4428.611111111111,52.00087129652252,3.5499999999999984e+26,1.210000000000001e+26,1.879999999999997e+26,2e+24,4.400000000000003e+25,3.480000000000013e+26,3.270000000000013e+26,6.999999999999998e+24,1.3999999999999994e+25,0.0,0.0
4432.972222222223,53.00538731754773,2.8300000000000006e+26,7.900000000000005e+25,1.5499999999999996e+26,4.999999999999999e+24,4.400000000000003e+25,3.17000000000001e+26,3.0000000000000103e+26,3e+24,1.3999999999999994e+25,0.0,0.0
4437.333333333333,54.004782951806874,3.21e+26,1.0400000000000008e+26,1.679999999999999e+26,6e+24,4.3000000000000026e+25,3.0300000000000096e+26,2.9100000000000094e+26,4.999999999999999e+24,6.999999999999998e+24,0.0,0.0
4441.722222222223,55.005345277348624,2.930000000000002e+26,1.0800000000000009e+26,1.3900000000000008e+26,3e+24,4.3000000000000026e+25,3.0900000000000105e+26,3.0200000000000105e+26,3e+24,4e+24,0.0,0.0
4446.111111111111,56.00066651191446,3.26e+26,9.800000000000007e+25,1.7799999999999996e+26,7e+24,4.3000000000000026e+25,3.0800000000000094e+26,2.9100000000000094e+26,7.999999999999998e+24,8.999999999999997e+24,0.0,0.0
4450.555555555556,57.00322866523561,2.9600000000000003e+26,8.900000000000006e+25,1.599999999999999e+26,4e+24,4.3000000000000026e+25,2.9900000000000088e+26,2.8500000000000088e+26,6.999999999999998e+24,6.999999999999998e+24,0.0,0.0
4455.0,58.00038066714569,3.17e+26,1.0900000000000008e+26,1.619999999999999e+26,3e+24,4.3000000000000026e+25,3.000000000000009e+26,2.860000000000009e+26,5.999999999999999e+24,7.999999999999998e+24,0.0,0.0
4459.5,59.004462181813096,3.28e+26,1.0400000000000008e+26,1.7999999999999987e+26,2e+24,4.200000000000002e+25,3.130000000000009e+26,2.9300000000000096e+26,8.999999999999997e+24,1.0999999999999996e+25,0.0,0.0
4464.0,60.00296962518564,2.960000000000001e+26,9.100000000000007e+25,1.55e+26,8e+24,4.200000000000002e+25,2.880000000000008e+26,2.7500000000000077e+26,4.999999999999999e+24,7.999999999999998e+24,0.0,0.0
4468.527777777777,61.001995951870185,2.9100000000000004e+26,8.900000000000006e+25,1.5599999999999997e+26,4e+24,4.200000000000002e+25,2.8200000000000067e+26,2.670000000000007e+26,2e+24,1.2999999999999995e+25,0.0,0.0
4473.083333333333,62.00143655237321,2.8900000000000002e+26,9.000000000000006e+25,1.5399999999999994e+26,3e+24,4.200000000000002e+25,3.260000000000011e+26,3.0900000000000112e+26,8.999999999999997e+24,7.999999999999998e+24,0.0,0.0
4477.666666666667,63.00117741705503,2.7900000000000002e+26,9.400000000000006e+25,1.3799999999999998e+26,4.999999999999999e+24,4.200000000000002e+25,3.210000000000011e+26,3.130000000000011e+26,4e+24,4e+24,0.0,0.0
4482.277777777777,64.00110962098734,2.860000000000001e+26,1.0400000000000008e+26,1.3900000000000002e+26,2e+24,4.100000000000002e+25,2.8800000000000073e+26,2.7300000000000075e+26,5.999999999999999e+24,8.999999999999997e+24,0.0,0.0
4486.916666666667,65.00112995338736,2.85e+26,9.700000000000008e+25,1.4199999999999993e+26,4.999999999999999e+24,4.100000000000002e+25,3.140000000000011e+26,3.080000000000011e+26,2e+24,4e+24,0.0,0.0
4491.583333333333,66.00113591499576,2.9499999999999984e+26,7.500000000000004e+25,1.7699999999999978e+26,2e+24,4.100000000000002e+25,2.8500000000000067e+26,2.670000000000007e+26,2e+24,1.5999999999999993e+25,0.0,0.0
4496.277777777777,67.0010257373533,2.84e+26,9.000000000000006e+25,1.4699999999999995e+26,6e+24,4.100000000000002e+25,2.7600000000000058e+26,2.570000000000006e+26,6.999999999999998e+24,1.1999999999999996e+25,0.0,0.0
4501.0,68.0007005237228,3.0499999999999994e+26,1.0100000000000008e+26,1.6199999999999986e+26,2e+24,4.000000000000002e+25,2.690000000000006e+26,2.580000000000006e+26,3e+24,7.999999999999998e+24,0.0,0.0
4505.75,69.00006261103294,3.0000000000000003e+26,1.0300000000000009e+26,1.5399999999999992e+26,3e+24,4.000000000000002e+25,2.8700000000000076e+26,2.7400000000000076e+26,5.999999999999999e+24,6.999999999999998e+24,0.0,0.0
4510.555555555556,70.00480720848282,2.94e+26,8.600000000000005e+25,1.569999999999999e+26,1.0999999999999998e+25,4.000000000000002e+25,3.0600000000000092e+26,2.890000000000009e+26,8.999999999999997e+24,7.999999999999998e+24,0.0,0.0
4515.361111111111,71.00323475228197,2.8799999999999998e+26,1.0000000000000007e+26,1.4699999999999992e+26,2e+24,3.900000000000002e+25,2.700000000000006e+26,2.580000000000006e+26,3e+24,8.999999999999997e+24,0.0,0.0
4520.194444444444,72.00107065232828,3.1699999999999986e+26,1.0200000000000004e+26,1.6799999999999982e+26,8e+24,3.900000000000002e+25,2.7300000000000065e+26,2.6200000000000064e+26,4.999999999999999e+24,5.999999999999999e+24,0.0,0.0
4525.083333333333,73.00392102617843,2.6e+26,7.6000000000000035e+25,1.3799999999999995e+26,7e+24,3.900000000000002e+25,2.820000000000007e+26,2.7000000000000072e+26,2e+24,9.999999999999997e+24,0.0,0.0
4529.972222222223,74.00029785800007,2.4200000000000006e+26,7.800000000000004e+25,1.2200000000000002e+26,3e+24,3.900000000000002e+25,2.480000000000004e+26,2.370000000000004e+26,3e+24,7.999999999999998e+24,0.0,0.0
4534.916666666667,75.00144609729773,3.0499999999999984e+26,8.800000000000007e+25,1.7599999999999977e+26,3e+24,3.800000000000002e+25,3.0300000000000092e+26,2.870000000000009e+26,4.999999999999999e+24,1.0999999999999996e+25,0.0,0.0
4539.888888888889,76.00160793803116,2.8600000000000003e+26,9.900000000000006e+25,1.4399999999999992e+26,4e+24,3.900000000000002e+25,2.9500000000000084e+26,2.8300000000000085e+26,3e+24,8.999999999999997e+24,0.0,0.0
4544.888888888889,77.0007099432878,2.8600000000000003e+26,9.900000000000008e+25,1.4599999999999994e+26,3e+24,3.800000000000002e+25,2.7100000000000063e+26,2.6200000000000064e+26,2e+24,6.999999999999998e+24,0.0,0.0
4549.944444444444,78.00417325830858,2.8299999999999993e+26,8.800000000000007e+25,1.5399999999999985e+26,3e+24,3.800000000000002e+25,3.0200000000000095e+26,2.9000000000000093e+26,4e+24,7.999999999999998e+24,0.0,0.0
4555.0,79.00090336314065,3.019999999999999e+26,9.500000000000007e+25,1.6199999999999983e+26,6.999999999999999e+24,3.800000000000002e+25,3.12000000000001e+26,2.98000000000001e+26,2e+24,1.1999999999999996e+25,0.0,0.0
4560.111111111111,80.00178169342826,2.8499999999999988e+26,8.600000000000007e+25,1.5199999999999983e+26,8.999999999999999e+24,3.800000000000002e+25,3.020000000000009e+26,2.890000000000009e+26,3e+24,9.999999999999997e+24,0.0,0.0
4565.25,81.00125317242987,2.7999999999999972e+26,8.100000000000005e+25,1.5999999999999967e+26,2e+24,3.700000000000002e+25,3.0700000000000096e+26,2.9100000000000094e+26,4.999999999999999e+24,1.0999999999999996e+25,0.0,0.0
4570.444444444444,82.0046060090317,3.0199999999999985e+26,9.300000000000007e+25,1.6599999999999977e+26,5.999999999999999e+24,3.700000000000002e+25,2.7500000000000067e+26,2.6600000000000068e+26,4e+24,4.999999999999999e+24,0.0,0.0
4575.638888888889,83.00104831980275,3.0399999999999973e+26,9.900000000000001e+25,1.649999999999997e+26,4e+24,3.600000000000002e+25,2.7700000000000066e+26,2.6500000000000067e+26,5.999999999999999e+24,5.999999999999999e+24,0.0,0.0
4580.888888888889,84.00118255684765,3.2699999999999976e+26,9.700000000000006e+25,1.869999999999997e+26,6.999999999999998e+24,3.600000000000002e+25,2.8200000000000078e+26,2.7500000000000077e+26,3e+24,4e+24,0.0,0.0
4586.194444444444,85.00484892433815,2.999999999999998e+26,1.1399999999999996e+26,1.4399999999999982e+26,6e+24,3.600000000000002e+25,3.160000000000011e+26,3.0300000000000106e+26,4.999999999999999e+24,7.999999999999998e+24,0.0,0.0
4591.5,86.0014877090673,2.969999999999998e+26,9.600000000000005e+25,1.639999999999997e+26,1e+24,3.600000000000002e+25,2.9500000000000087e+26,2.8500000000000088e+26,4e+24,5.999999999999999e+24,0.0,0.0
4596.861111111111,87.00148964551477,3.0099999999999984e+26,9.400000000000006e+25,1.6299999999999974e+26,7.999999999999998e+24,3.600000000000002e+25,3.200000000000011e+26,3.0500000000000108e+26,5.999999999999999e+24,8.999999999999997e+24,0.0,0.0
4602.277777777777,88.00470264758337,3.359999999999997e+26,1.05e+26,1.8599999999999966e+26,9.999999999999999e+24,3.5000000000000017e+25,3.060000000000009e+26,2.880000000000009e+26,2e+24,1.5999999999999993e+25,0.0,0.0
4607.694444444444,89.0008001692886,3.1499999999999963e+26,9.200000000000006e+25,1.829999999999996e+26,4e+24,3.600000000000002e+25,3.1000000000000096e+26,2.9300000000000096e+26,5.999999999999999e+24,1.0999999999999996e+25,0.0,0.0
4613.194444444444,90.00500691552088,3.2199999999999964e+26,9.900000000000001e+25,1.8099999999999958e+26,6.999999999999999e+24,3.5000000000000017e+25,3.0200000000000095e+26,2.9300000000000096e+26,3e+24,5.999999999999999e+24,0.0,0.0
4618.694444444444,91.00203311147834,3.439999999999996e+26,1.1299999999999993e+26,1.919999999999996e+26,4e+24,3.5000000000000017e+25,3.5700000000000144e+26,3.4600000000000146e+26,4e+24,6.999999999999998e+24,0.0,0.0
4624.25,92.00190728220628,3.209999999999996e+26,1.1199999999999994e+26,1.6899999999999966e+26,4.999999999999999e+24,3.5000000000000017e+25,3.3900000000000125e+26,3.270000000000013e+26,2e+24,9.999999999999997e+24,0.0,0.0
4629.861111111111,93.00450240006012,3.2399999999999966e+26,1.0199999999999997e+26,1.8499999999999965e+26,3e+24,3.4000000000000016e+25,3.510000000000014e+26,3.390000000000014e+26,4e+24,7.999999999999998e+24,0.0,0.0
4635.5,94.00477554083704,3.399999999999997e+26,1.0699999999999994e+26,1.969999999999997e+26,2e+24,3.4000000000000016e+25,3.730000000000016e+26,3.6300000000000164e+26,5.999999999999999e+24,4e+24,0.0,0.0
4641.166666666667,95.00270605901187,3.689999999999995e+26,1.2199999999999983e+26,2.0799999999999968e+26,4.999999999999999e+24,3.4000000000000016e+25,3.430000000000013e+26,3.330000000000013e+26,4e+24,5.999999999999999e+24,0.0,0.0
4646.888888888889,96.00311525000461,3.259999999999995e+26,1.0499999999999995e+26,1.8299999999999956e+26,4.999999999999999e+24,3.3000000000000014e+25,3.4800000000000134e+26,3.320000000000013e+26,6.999999999999998e+24,8.999999999999997e+24,0.0,0.0
4652.638888888889,97.00107979372297,3.349999999999997e+26,9.100000000000005e+25,1.999999999999996e+26,9.999999999999997e+24,3.4000000000000016e+25,3.430000000000012e+26,3.280000000000013e+26,4.999999999999999e+24,9.999999999999997e+24,0.0,0.0
4658.444444444444,98.001354667638,3.4799999999999976e+26,1.0100000000000001e+26,2.049999999999997e+26,8.999999999999999e+24,3.3000000000000014e+25,3.480000000000013e+26,3.320000000000013e+26,5.999999999999999e+24,9.999999999999997e+24,0.0,0.0
4664.305555555556,99.00382870029034,3.819999999999997e+26,1.1899999999999985e+26,2.189999999999999e+26,1.0999999999999996e+25,3.3000000000000014e+25,3.5900000000000146e+26,3.490000000000015e+26,4e+24,5.999999999999999e+24,0.0,0.0
4670.194444444444,100.00369208117309,3.389999999999998e+26,9.200000000000003e+25,2.1099999999999978e+26,3e+24,3.3000000000000014e+25,3.540000000000014e+26,3.420000000000014e+26,5.999999999999999e+24,5.999999999999999e+24,0.0,0.0
4676.111111111111,101.000946959658,3.5099999999999966e+26,1.1199999999999994e+26,1.9999999999999973e+26,6.999999999999999e+24,3.2000000000000012e+25,3.430000000000013e+26,3.310000000000013e+26,5.999999999999999e+24,5.999999999999999e+24,0.0,0.0
4682.083333333333,102.00022209556164,3.799999999999999e+26,1.1699999999999989e+26,2.2299999999999997e+26,7.999999999999998e+24,3.2000000000000012e+25,3.340000000000012e+26,3.2500000000000125e+26,4.999999999999999e+24,4e+24,0.0,0.0
4688.111111111111,103.00141819102328,3.689999999999999e+26,1.129999999999999e+26,2.2200000000000003e+26,2e+24,3.2000000000000012e+25,3.520000000000014e+26,3.420000000000014e+26,4.999999999999999e+24,4.999999999999999e+24,0.0,0.0
4694.194444444444,104.00444356623325,3.479999999999997e+26,1.0899999999999994e+26,2.019999999999998e+26,4.999999999999999e+24,3.2000000000000012e+25,3.850000000000017e+26,3.720000000000017e+26,4e+24,8.999999999999997e+24,0.0,0.0
4700.277777777777,105.00014986068732,3.880000000000001e+26,1.0199999999999994e+26,2.480000000000002e+26,6e+24,3.2000000000000012e+25,3.810000000000017e+26,3.670000000000017e+26,6.999999999999998e+24,6.999999999999998e+24,0.0,0.0
4706.444444444444,106.00213804726059,3.880000000000004e+26,1.0299999999999995e+26,2.5100000000000032e+26,3e+24,3.100000000000001e+25,3.800000000000017e+26,3.670000000000017e+26,5.999999999999999e+24,6.999999999999998e+24,0.0,0.0
4712.638888888889,107.00130046880213,4.120000000000001e+26,1.2699999999999978e+26,2.460000000000002e+26,7.999999999999998e+24,3.100000000000001e+25,4.050000000000019e+26,3.9400000000000195e+26,4e+24,6.999999999999998e+24,0.0,0.0
4718.888888888889,108.0020865463955,4.010000000000001e+26,1.1899999999999984e+26,2.4100000000000022e+26,9.999999999999999e+24,3.100000000000001e+25,4.07000000000002e+26,3.96000000000002e+26,2e+24,8.999999999999997e+24,0.0,0.0
4725.166666666667,109.00002394808575,4.090000000000002e+26,1.1999999999999988e+26,2.4900000000000027e+26,8.999999999999997e+24,3.100000000000001e+25,3.860000000000017e+26,3.7300000000000174e+26,3e+24,9.999999999999997e+24,0.0,0.0
4731.527777777777,110.0038728211457,4.040000000000001e+26,1.2299999999999981e+26,2.4800000000000026e+26,2e+24,3.100000000000001e+25,4.07000000000002e+26,3.9500000000000196e+26,3e+24,8.999999999999997e+24,0.0,0.0
4737.888888888889,111.00046244008263,4.420000000000001e+26,1.4399999999999966e+26,2.610000000000004e+26,6e+24,3.100000000000001e+25,4.2000000000000215e+26,4.100000000000021e+26,6.999999999999998e+24,3e+24,0.0,0.0
4744.333333333333,112.00283541977024,4.060000000000002e+26,1.1799999999999986e+26,2.5200000000000033e+26,5.999999999999999e+24,3.000000000000001e+25,4.5700000000000245e+26,4.450000000000025e+26,6.999999999999998e+24,4.999999999999999e+24,0.0,0.0
4750.805555555556,113.00228538552392,4.28e+26,1.359999999999997e+26,2.540000000000003e+26,7.999999999999998e+24,3.000000000000001e+25,4.1500000000000196e+26,3.98000000000002e+26,6.999999999999998e+24,9.999999999999997e+24,0.0,0.0
4757.333333333333,114.00309924233102,4.360000000000002e+26,1.2899999999999977e+26,2.6700000000000045e+26,9.999999999999997e+24,3.000000000000001e+25,4.5400000000000236e+26,4.370000000000024e+26,6.999999999999998e+24,9.999999999999997e+24,0.0,0.0
4763.888888888889,115.00100720288106,4.610000000000004e+26,1.3499999999999973e+26,2.910000000000007e+26,6e+24,2.9000000000000008e+25,4.630000000000025e+26,4.510000000000025e+26,4e+24,7.999999999999998e+24,0.0,0.0
4770.5,116.00023822279786,4.6500000000000034e+26,1.3999999999999967e+26,2.860000000000007e+26,9.999999999999997e+24,2.9000000000000008e+25,4.3800000000000226e+26,4.260000000000023e+26,4.999999999999999e+24,6.999999999999998e+24,0.0,0.0
4777.166666666667,117.00074719169584,4.560000000000006e+26,1.2699999999999976e+26,2.9200000000000077e+26,7.999999999999998e+24,2.9000000000000008e+25,4.6900000000000265e+26,4.610000000000026e+26,4.999999999999999e+24,3e+24,0.0,0.0
4783.888888888889,118.00249355022265,4.510000000000004e+26,1.3799999999999972e+26,2.7900000000000068e+26,4.999999999999999e+24,2.9000000000000008e+25,4.430000000000023e+26,4.3200000000000234e+26,6.999999999999998e+24,4e+24,0.0,0.0
4790.638888888889,119.0013464427584,4.930000000000008e+26,1.3199999999999975e+26,3.23000000000001e+26,8.999999999999999e+24,2.9000000000000008e+25,4.630000000000026e+26,4.5400000000000256e+26,6.999999999999998e+24,2e+24,0.0,0.0
4797.444444444444,120.00142380677767,4.9000000000000066e+26,1.3299999999999974e+26,3.1600000000000095e+26,1.1999999999999998e+25,2.9000000000000008e+25,4.920000000000029e+26,4.8300000000000286e+26,6.999999999999998e+24,2e+24,0.0,0.0
4804.305555555556,121.00269877860819,5.00000000000001e+26,1.2199999999999982e+26,3.3500000000000114e+26,1.4999999999999994e+25,2.8000000000000006e+25,5.0000000000000296e+26,4.900000000000029e+26,6.999999999999998e+24,3e+24,0.0,0.0
4811.194444444444,122.00113306098547,5.150000000000007e+26,1.4299999999999964e+26,3.330000000000011e+26,1.0999999999999996e+25,2.8000000000000006e+25,5.370000000000033e+26,5.240000000000033e+26,3e+24,9.999999999999997e+24,0.0,0.0
4818.138888888889,123.00077372836245,5.170000000000009e+26,1.3399999999999972e+26,3.4300000000000116e+26,1.1999999999999996e+25,2.8000000000000006e+25,5.640000000000035e+26,5.460000000000035e+26,6.999999999999998e+24,1.0999999999999996e+25,0.0,0.0
4825.138888888889,124.00160069870662,5.290000000000007e+26,1.4899999999999961e+26,3.4200000000000115e+26,1.0999999999999996e+25,2.7000000000000004e+25,5.200000000000031e+26,5.100000000000031e+26,4.999999999999999e+24,4.999999999999999e+24,0.0,0.0
4832.194444444444,125.0036010498568,5.600000000000011e+26,1.4699999999999964e+26,3.7200000000000145e+26,1.2999999999999995e+25,2.8000000000000006e+25,5.13000000000003e+26,5.040000000000031e+26,4e+24,4.999999999999999e+24,0.0,0.0
4839.277777777777,126.0028583098649,5.6100000000000125e+26,1.4399999999999966e+26,3.780000000000016e+26,1.0999999999999998e+25,2.8000000000000006e+25,5.520000000000034e+26,5.360000000000034e+26,7.999999999999998e+24,7.999999999999998e+24,0.0,0.0
4846.416666666667,127.00332377464497,5.4500000000000095e+26,1.529999999999996e+26,3.520000000000013e+26,1.1999999999999998e+25,2.8000000000000006e+25,5.170000000000031e+26,5.070000000000031e+26,5.999999999999999e+24,4e+24,0.0,0.0
4853.583333333333,128.00113709653124,5.830000000000013e+26,1.529999999999996e+26,3.880000000000017e+26,1.4999999999999994e+25,2.7000000000000004e+25,5.480000000000034e+26,5.370000000000034e+26,6.999999999999998e+24,4e+24,0.0,0.0
4860.805555555556,129.00020448348891,5.980000000000015e+26,1.559999999999996e+26,4.0500000000000186e+26,9.999999999999999e+24,2.7000000000000004e+25,6.04000000000004e+26,5.93000000000004e+26,7.999999999999998e+24,3e+24,0.0,0.0
4868.083333333333,130.00052902297716,5.950000000000013e+26,1.529999999999996e+26,3.970000000000018e+26,1.8999999999999992e+25,2.6000000000000003e+25,5.9500000000000386e+26,5.850000000000039e+26,4e+24,5.999999999999999e+24,0.0,0.0
4875.416666666667,131.002115712133,6.040000000000012e+26,1.7399999999999964e+26,3.8800000000000155e+26,1.5999999999999995e+25,2.6000000000000003e+25,5.590000000000035e+26,5.480000000000035e+26,5.999999999999999e+24,4.999999999999999e+24,0.0,0.0
4882.777777777777,132.00121741106045,6.070000000000014e+26,1.6399999999999954e+26,4.090000000000018e+26,7.999999999999998e+24,2.6000000000000003e+25,5.960000000000039e+26,5.850000000000039e+26,4e+24,6.999999999999998e+24,0.0,0.0
4890.194444444444,133.00165375442862,6.410000000000016e+26,1.8199999999999976e+26,4.110000000000018e+26,2.199999999999999e+25,2.6000000000000003e+25,6.470000000000034e+26,6.320000000000034e+26,4.999999999999999e+24,9.999999999999997e+24,0.0,0.0
4897.666666666667,134.00344246279496,6.420000000000019e+26,1.6099999999999958e+26,4.410000000000022e+26,1.3999999999999994e+25,2.6000000000000003e+25,6.58000000000003e+26,6.38000000000003e+26,1.1999999999999996e+25,7.999999999999998e+24,0.0,0.0
4905.166666666667,135.0029107941573,6.530000000000018e+26,1.5999999999999953e+26,4.480000000000022e+26,1.8999999999999992e+25,2.6000000000000003e+25,6.510000000000031e+26,6.38000000000003e+26,8.999999999999997e+24,4e+24,0.0,0.0
4912.694444444444,136.00015155964024,6.330000000000017e+26,1.5399999999999961e+26,4.340000000000021e+26,1.8999999999999994e+25,2.6000000000000003e+25,6.75000000000002e+26,6.57000000000002e+26,8.999999999999997e+24,8.999999999999997e+24,0.0,0.0
4920.305555555556,137.00254819483234,6.71000000000002e+26,1.5799999999999955e+26,4.640000000000024e+26,2.3e+25,2.6000000000000003e+25,6.440000000000035e+26,6.310000000000035e+26,5.999999999999999e+24,6.999999999999998e+24,0.0,0.0
4927.944444444444,138.00281627082563,6.910000000000023e+26,1.5999999999999957e+26,4.8200000000000264e+26,2.3e+25,2.6000000000000003e+25,7.149999999999991e+26,7.06999999999999e+26,4e+24,4e+24,0.0,0.0
4935.611111111111,139.00104981380582,7.040000000000022e+26,1.8099999999999968e+26,4.730000000000025e+26,2.4999999999999997e+25,2.5e+25,7.129999999999995e+26,6.979999999999995e+26,9.999999999999997e+24,4.999999999999999e+24,0.0,0.0
4943.333333333333,140.00093376422137,7.590000000000029e+26,1.7699999999999967e+26,5.310000000000031e+26,2.4999999999999997e+25,2.6000000000000003e+25,6.960000000000005e+26,6.830000000000004e+26,6.999999999999998e+24,5.999999999999999e+24,0.0,0.0
4951.111111111111,141.00250491638872,7.490000000000027e+26,1.719999999999997e+26,5.27000000000003e+26,2.5e+25,2.5e+25,7.069999999999997e+26,6.949999999999997e+26,4.999999999999999e+24,6.999999999999998e+24,0.0,0.0
4958.916666666667,142.00226048196964,7.660000000000027e+26,1.7399999999999964e+26,5.4000000000000316e+26,2.7e+25,2.5e+25,7.209999999999988e+26,7.099999999999988e+26,7.999999999999998e+24,3e+24,0.0,0.0
4966.75,143.00030313059938,7.480000000000027e+26,1.7299999999999963e+26,5.29000000000003e+26,2.099999999999999e+25,2.5e+25,8.129999999999942e+26,7.879999999999943e+26,1.2999999999999995e+25,1.1999999999999996e+25,0.0,0.0
4974.638888888889,144.00024685261224,8.010000000000029e+26,1.7299999999999967e+26,5.700000000000032e+26,3.400000000000001e+25,2.4e+25,8.129999999999935e+26,8.019999999999935e+26,6.999999999999998e+24,4e+24,0.0,0.0
4982.583333333333,145.00214318837652,8.660000000000037e+26,2.1300000000000007e+26,6.010000000000037e+26,2.7e+25,2.5e+25,8.049999999999947e+26,7.809999999999947e+26,8.999999999999997e+24,1.4999999999999994e+25,0.0,0.0
4990.555555555556,146.00257219401192,7.910000000000029e+26,1.6399999999999954e+26,5.740000000000035e+26,2.9000000000000003e+25,2.4e+25,7.96999999999995e+26,7.75999999999995e+26,1.1999999999999996e+25,8.999999999999997e+24,0.0,0.0
4998.555555555556,147.0016421686762,8.330000000000035e+26,2.0299999999999997e+26,5.7400000000000344e+26,3.200000000000001e+25,2.4e+25,7.869999999999952e+26,7.729999999999952e+26,7.999999999999998e+24,5.999999999999999e+24,0.0,0.0
5006.611111111111,148.00290814405548,8.640000000000037e+26,1.9599999999999983e+26,6.120000000000038e+26,3.2000000000000012e+25,2.4e+25,8.399999999999918e+26,8.289999999999919e+26,7.999999999999998e+24,3e+24,0.0,0.0
5014.694444444444,149.0030058103846,8.730000000000035e+26,1.8099999999999964e+26,6.300000000000038e+26,3.8000000000000018e+25,2.4e+25,8.649999999999909e+26,8.459999999999909e+26,7.999999999999998e+24,1.0999999999999996e+25,0.0,0.0
5022.805555555556,150.00204735268608,8.660000000000033e+26,1.879999999999997e+26,6.080000000000036e+26,4.600000000000002e+25,2.4e+25,8.679999999999904e+26,8.549999999999904e+26,6.999999999999998e+24,5.999999999999999e+24,0.0,0.0
5030.944444444444,151.0001496115001,9.090000000000038e+26,2.029999999999999e+26,6.350000000000039e+26,4.700000000000002e+25,2.4e+25,8.969999999999889e+26,8.809999999999888e+26,5.999999999999999e+24,9.999999999999997e+24,0.0,0.0
5039.138888888889,152.00081241478324,9.020000000000038e+26,2.1699999999999998e+26,6.200000000000038e+26,4.100000000000001e+25,2.4e+25,8.779999999999901e+26,8.5999999999999e+26,6.999999999999998e+24,1.0999999999999996e+25,0.0,0.0
5047.361111111111,153.00074022756598,9.44000000000004e+26,1.9599999999999976e+26,6.750000000000042e+26,4.900000000000003e+25,2.4e+25,9.309999999999871e+26,9.089999999999872e+26,8.999999999999997e+24,1.2999999999999995e+25,0.0,0.0
5055.611111111111,154.0000527094046,9.22000000000004e+26,2.1300000000000004e+26,6.420000000000039e+26,4.400000000000002e+25,2.3e+25,1.0149999999999822e+27,9.939999999999822e+26,1.0999999999999996e+25,9.999999999999997e+24,0.0,0.0
5063.916666666667,155.00221540446432,9.43000000000004e+26,1.949999999999998e+26,6.740000000000043e+26,5.000000000000003e+25,2.4e+25,9.769999999999846e+26,9.529999999999846e+26,9.999999999999997e+24,1.3999999999999994e+25,0.0,0.0
5072.222222222223,156.0006479493884,9.23000000000004e+26,2.029999999999998e+26,6.620000000000041e+26,3.4000000000000016e+25,2.4e+25,1.010999999999983e+27,9.819999999999829e+26,1.7999999999999992e+25,1.0999999999999996e+25,0.0,0.0
5080.583333333333,157.0021521691731,1.0010000000000023e+27,2.0399999999999988e+26,7.190000000000024e+26,5.4000000000000035e+25,2.4e+25,1.0029999999999833e+27,9.749999999999833e+26,1.2999999999999995e+25,1.4999999999999994e+25,0.0,0.0
5088.944444444444,158.00019896279787,9.680000000000034e+26,1.8799999999999975e+26,7.080000000000036e+26,4.900000000000003e+25,2.3e+25,1.0129999999999822e+27,9.929999999999823e+26,9.999999999999997e+24,9.999999999999997e+24,0.0,0.0
5097.361111111111,159.00154655911524,1.0460000000000021e+27,2.109999999999999e+26,7.500000000000021e+26,6.200000000000005e+25,2.3e+25,9.799999999999847e+26,9.509999999999847e+26,1.3999999999999994e+25,1.4999999999999994e+25,0.0,0.0
5105.805555555556,160.0030004796904,1.0400000000000017e+27,2.300000000000001e+26,7.370000000000015e+26,5.000000000000002e+25,2.3e+25,9.809999999999837e+26,9.689999999999837e+26,6.999999999999998e+24,4.999999999999999e+24,0.0,0.0
5114.25,161.0014123814044,1.0310000000000019e+27,2.079999999999999e+26,7.48000000000002e+26,5.100000000000002e+25,2.4e+25,1.05499999999998e+27,1.03099999999998e+27,1.4999999999999994e+25,8.999999999999997e+24,0.0,0.0
5122.722222222223,162.00021065199394,1.0660000000000019e+27,2.22e+26,7.630000000000018e+26,5.800000000000004e+25,2.3e+25,1.029999999999981e+27,1.015999999999981e+27,1.0999999999999996e+25,3e+24,0.0,0.0
5131.25,163.00278877896608,1.0400000000000011e+27,1.959999999999997e+26,7.680000000000014e+26,5.3000000000000024e+25,2.3e+25,1.1019999999999777e+27,1.0699999999999778e+27,1.6999999999999993e+25,1.4999999999999994e+25,0.0,0.0
5139.777777777777,164.00274826106283,1.051000000000002e+27,2.0999999999999987e+26,7.54000000000002e+26,6.400000000000005e+25,2.3e+25,1.047999999999981e+27,1.0129999999999811e+27,1.9999999999999993e+25,1.4999999999999994e+25,0.0,0.0
5148.305555555556,165.0002479404095,1.1209999999999993e+27,2.270000000000001e+26,8.21999999999999e+26,4.900000000000003e+25,2.3e+25,1.1419999999999752e+27,1.1119999999999753e+27,1.6999999999999993e+25,1.2999999999999995e+25,0.0,0.0
5156.888888888889,166.00192275271297,1.0920000000000011e+27,2.099999999999998e+26,7.960000000000012e+26,6.300000000000005e+25,2.3e+25,1.1269999999999758e+27,1.1049999999999757e+27,1.2999999999999995e+25,8.999999999999997e+24,0.0,0.0
5165.472222222223,167.00142539188164,1.1289999999999975e+27,1.909999999999996e+26,8.569999999999978e+26,5.800000000000002e+25,2.3e+25,1.1349999999999752e+27,1.1139999999999752e+27,1.1999999999999996e+25,8.999999999999997e+24,0.0,0.0
5174.083333333333,168.0021403784374,1.1240000000000014e+27,2.4100000000000012e+26,7.900000000000013e+26,7.000000000000004e+25,2.3e+25,1.1259999999999759e+27,1.1019999999999759e+27,1.3999999999999994e+25,9.999999999999997e+24,0.0,0.0
5182.694444444444,169.0009881495082,1.1119999999999983e+27,2.249999999999999e+26,8.169999999999984e+26,4.7000000000000015e+25,2.3e+25,1.1939999999999719e+27,1.1699999999999719e+27,1.1999999999999996e+25,1.1999999999999996e+25,0.0,0.0
5191.333333333333,170.00134078209976,1.1350000000000009e+27,2.1699999999999987e+26,8.350000000000009e+26,6.0000000000000036e+25,2.3e+25,1.1259999999999759e+27,1.100999999999976e+27,1.1999999999999996e+25,1.2999999999999995e+25,0.0,0.0
5199.972222222223,171.00013249016956,1.175e+27,2.3899999999999996e+26,8.620000000000001e+26,5.200000000000001e+25,2.1999999999999996e+25,1.141999999999975e+27,1.1159999999999751e+27,1.2999999999999995e+25,1.2999999999999995e+25,0.0,0.0
5208.638888888889,172.00072538695713,1.1909999999999986e+27,2.2899999999999986e+26,8.819999999999987e+26,5.800000000000002e+25,2.1999999999999996e+25,1.1439999999999751e+27,1.1149999999999751e+27,1.9999999999999993e+25,8.999999999999997e+24,0.0,0.0
5217.305555555556,173.00006308959814,1.1999999999999974e+27,1.9499999999999958e+26,9.109999999999977e+26,7.100000000000005e+25,2.3e+25,1.2099999999999711e+27,1.1829999999999712e+27,1.9999999999999993e+25,6.999999999999998e+24,0.0,0.0
5226.0,174.00150316492795,1.1740000000000022e+27,2.2599999999999972e+26,8.580000000000024e+26,6.700000000000003e+25,2.3e+25,1.2009999999999709e+27,1.185999999999971e+27,6.999999999999998e+24,7.999999999999998e+24,0.0,0.0
5234.694444444444,175.00199874110353,1.1810000000000007e+27,2.2399999999999977e+26,8.810000000000008e+26,5.300000000000003e+25,2.3e+25,1.138999999999975e+27,1.1159999999999751e+27,1.2999999999999995e+25,9.999999999999997e+24,0.0,0.0
5243.388888888889,176.00170701823026,1.1700000000000009e+27,2.349999999999999e+26,8.58000000000001e+26,5.500000000000004e+25,2.1999999999999996e+25,1.1919999999999717e+27,1.1729999999999717e+27,1.3999999999999994e+25,4.999999999999999e+24,0.0,0.0
5252.083333333333,177.0007865142204,1.2119999999999996e+27,2.309999999999998e+26,8.909999999999997e+26,6.700000000000004e+25,2.3e+25,1.2059999999999712e+27,1.1819999999999712e+27,1.0999999999999996e+25,1.2999999999999995e+25,0.0,0.0
5260.805555555556,178.00258460695886,1.2099999999999986e+27,2.159999999999998e+26,9.109999999999986e+26,6.000000000000002e+25,2.3e+25,1.2359999999999701e+27,1.2009999999999701e+27,2.0999999999999995e+25,1.3999999999999994e+25,0.0,0.0
5269.5,179.00087742476944,1.1730000000000021e+27,2.089999999999996e+26,8.840000000000025e+26,5.700000000000001e+25,2.3e+25,1.245999999999969e+27,1.2169999999999692e+27,1.9999999999999993e+25,8.999999999999997e+24,0.0,0.0
5278.222222222223,180.00220233215418,1.2440000000000008e+27,2.409999999999998e+26,9.150000000000011e+26,6.500000000000003e+25,2.3e+25,1.2019999999999716e+27,1.1759999999999716e+27,1.3999999999999994e+25,1.1999999999999996e+25,0.0,0.0
5286.916666666667,181.00033908674686,1.2190000000000008e+27,2.1399999999999967e+26,9.100000000000012e+26,7.300000000000004e+25,2.1999999999999996e+25,1.1889999999999716e+27,1.1729999999999717e+27,7.999999999999998e+24,7.999999999999998e+24,0.0,0.0
5295.638888888889,182.00182216517578,1.2349999999999992e+27,2.2799999999999978e+26,9.249999999999995e+26,5.900000000000002e+25,2.3e+25,1.2219999999999703e+27,1.1969999999999703e+27,1.4999999999999994e+25,9.999999999999997e+24,0.0,0.0
5304.333333333333,183.00043158364383,1.2180000000000046e+27,2.209999999999997e+26,8.990000000000048e+26,7.6000000000000035e+25,2.1999999999999996e+25,1.250999999999969e+27,1.219999999999969e+27,1.5999999999999993e+25,1.4999999999999994e+25,0.0,0.0
5313.055555555556,184.0027051227371,1.2780000000000016e+27,2.3599999999999972e+26,9.610000000000017e+26,5.900000000000002e+25,2.1999999999999996e+25,1.2309999999999701e+27,1.2009999999999701e+27,1.8999999999999992e+25,1.0999999999999996e+25,0.0,0.0
5321.75,185.0024179032398,1.215000000000003e+27,2.379999999999997e+26,8.850000000000032e+26,6.900000000000003e+25,2.3e+25,1.2349999999999698e+27,1.2069999999999698e+27,1.5999999999999993e+25,1.1999999999999996e+25,0.0,0.0
5330.444444444444,186.0029176544283,1.2950000000000002e+27,2.659999999999999e+26,9.390000000000004e+26,6.700000000000003e+25,2.3e+25,1.21799999999997e+27,1.2039999999999699e+27,1.0999999999999996e+25,3e+24,0.0,0.0
5339.111111111111,187.0011623069986,1.2540000000000038e+27,2.219999999999997e+26,9.360000000000043e+26,7.300000000000004e+25,2.3e+25,1.1969999999999727e+27,1.1579999999999726e+27,1.7999999999999992e+25,2.0999999999999995e+25,0.0,0.0
5347.777777777777,188.00050321155618,1.275000000000004e+27,2.529999999999996e+26,9.470000000000045e+26,5.2000000000000006e+25,2.3e+25,1.2959999999999711e+27,1.275999999999971e+27,1.4999999999999994e+25,4.999999999999999e+24,0.0,0.0
5356.444444444444,189.00109936457125,1.2390000000000038e+27,2.2499999999999965e+26,9.31000000000004e+26,6.000000000000002e+25,2.3e+25,1.2509999999999687e+27,1.2219999999999689e+27,1.9999999999999993e+25,8.999999999999997e+24,0.0,0.0
5365.111111111111,190.00310797328075,1.313000000000002e+27,2.5399999999999987e+26,9.720000000000019e+26,6.500000000000003e+25,2.1999999999999996e+25,1.2549999999999682e+27,1.2329999999999682e+27,1.4999999999999994e+25,6.999999999999998e+24,0.0,0.0
5373.722222222223,191.0002509945832,1.2940000000000045e+27,2.529999999999995e+26,9.490000000000052e+26,6.900000000000003e+25,2.3e+25,1.2739999999999686e+27,1.2449999999999685e+27,1.6999999999999993e+25,1.1999999999999996e+25,0.0,0.0
5382.361111111111,192.00232739173475,1.2830000000000034e+27,2.2299999999999966e+26,9.730000000000037e+26,6.4000000000000025e+25,2.3e+25,1.2779999999999692e+27,1.2559999999999694e+27,1.5999999999999993e+25,5.999999999999999e+24,0.0,0.0
5390.972222222223,193.0030532626074,1.3080000000000026e+27,2.359999999999996e+26,9.900000000000031e+26,5.900000000000002e+25,2.3e+25,1.297999999999971e+27,1.275999999999971e+27,1.0999999999999996e+25,1.0999999999999996e+25,0.0,0.0
5399.555555555556,194.00256801530645,1.3000000000000033e+27,2.5599999999999965e+26,9.530000000000036e+26,6.800000000000003e+25,2.3e+25,1.319999999999973e+27,1.300999999999973e+27,1.3999999999999994e+25,4.999999999999999e+24,0.0,0.0
5408.111111111111,195.0010100162749,1.3030000000000052e+27,2.5599999999999945e+26,9.610000000000057e+26,6.300000000000002e+25,2.3e+25,1.345999999999975e+27,1.327999999999975e+27,1.2999999999999995e+25,4.999999999999999e+24,0.0,0.0
5416.666666666667,196.00176836491437,1.3420000000000053e+27,2.5399999999999946e+26,9.93000000000006e+26,7.200000000000004e+25,2.3e+25,1.2939999999999702e+27,1.2669999999999702e+27,1.0999999999999996e+25,1.5999999999999993e+25,0.0,0.0
5425.194444444444,197.00174175433062,1.3000000000000053e+27,2.469999999999995e+26,9.690000000000058e+26,6.100000000000002e+25,2.3e+25,1.3319999999999734e+27,1.3079999999999735e+27,1.5999999999999993e+25,7.999999999999998e+24,0.0,0.0
5433.694444444444,198.00106400524714,1.2810000000000046e+27,2.5399999999999946e+26,9.300000000000053e+26,7.400000000000004e+25,2.3e+25,1.2259999999999699e+27,1.2059999999999698e+27,1.3999999999999994e+25,5.999999999999999e+24,0.0,0.0
5442.194444444444,199.00314872556237,1.2140000000000048e+27,2.2899999999999965e+26,9.090000000000052e+26,5.2000000000000006e+25,2.4e+25,1.2909999999999702e+27,1.2659999999999701e+27,1.7999999999999992e+25,6.999999999999998e+24,0.0,0.0
5450.638888888889,200.0015770361406,1.3310000000000052e+27,2.5999999999999942e+26,9.860000000000059e+26,6.200000000000002e+25,2.3e+25,1.28699999999997e+27,1.2609999999999698e+27,1.7999999999999992e+25,7.999999999999998e+24,0.0,0.0
5459.083333333333,201.00304788895733,1.3050000000000048e+27,2.8599999999999948e+26,9.390000000000054e+26,5.700000000000001e+25,2.3e+25,1.2549999999999682e+27,1.2319999999999683e+27,1.3999999999999994e+25,8.999999999999997e+24,0.0,0.0
5467.472222222223,202.00110299391918,1.354000000000005e+27,2.6299999999999945e+26,9.920000000000057e+26,7.500000000000004e+25,2.4e+25,1.3219999999999726e+27,1.2979999999999727e+27,1.4999999999999994e+25,8.999999999999997e+24,0.0,0.0
5475.861111111111,203.00247846638104,1.301000000000005e+27,2.5399999999999946e+26,9.670000000000057e+26,5.700000000000001e+25,2.3e+25,1.322999999999972e+27,1.2869999999999718e+27,2.6000000000000003e+25,9.999999999999997e+24,0.0,0.0
5484.194444444444,204.0006694784572,1.2820000000000055e+27,2.319999999999996e+26,9.690000000000058e+26,5.700000000000001e+25,2.4e+25,1.316999999999972e+27,1.287999999999972e+27,1.8999999999999992e+25,9.999999999999997e+24,0.0,0.0
5492.527777777777,205.00245518446377,1.342000000000005e+27,2.639999999999994e+26,9.710000000000057e+26,8.300000000000005e+25,2.4e+25,1.3069999999999712e+27,1.277999999999971e+27,1.6999999999999993e+25,1.1999999999999996e+25,0.0,0.0
5500.805555555556,206.00128042320262,1.3380000000000052e+27,2.6999999999999935e+26,9.830000000000058e+26,6.100000000000002e+25,2.4e+25,1.3389999999999737e+27,1.3099999999999736e+27,1.3999999999999994e+25,1.4999999999999994e+25,0.0,0.0
5509.055555555556,207.0006003747244,1.2190000000000045e+27,2.4399999999999953e+26,8.96000000000005e+26,5.600000000000001e+25,2.3e+25,1.28299999999997e+27,1.26299999999997e+27,4.999999999999999e+24,1.4999999999999994e+25,0.0,0.0
5517.277777777777,208.000537291701,1.270000000000005e+27,2.3299999999999962e+26,9.550000000000055e+26,5.8000000000000015e+25,2.4e+25,1.2649999999999681e+27,1.2419999999999683e+27,1.3999999999999994e+25,8.999999999999997e+24,0.0,0.0
5525.472222222223,209.0012079511905,1.2990000000000052e+27,2.5199999999999947e+26,9.680000000000057e+26,5.500000000000001e+25,2.4e+25,1.255999999999968e+27,1.236999999999968e+27,1.0999999999999996e+25,7.999999999999998e+24,0.0,0.0
5533.638888888889,210.00273278156783,1.3000000000000053e+27,2.5499999999999944e+26,9.530000000000057e+26,6.800000000000003e+25,2.4e+25,1.2869999999999693e+27,1.2539999999999692e+27,1.4999999999999994e+25,1.7999999999999992e+25,0.0,0.0
5541.75,211.0017982854938,1.3140000000000047e+27,2.809999999999993e+26,9.580000000000056e+26,5.1e+25,2.4e+25,1.2989999999999703e+27,1.26499999999997e+27,1.8999999999999992e+25,1.4999999999999994e+25,0.0,0.0
5549.833333333333,212.00192112305308,1.2200000000000046e+27,2.4199999999999954e+26,9.00000000000005e+26,5.400000000000001e+25,2.4e+25,1.2499999999999686e+27,1.2239999999999688e+27,1.2999999999999995e+25,1.2999999999999995e+25,0.0,0.0
5557.888888888889,213.00321182362586,1.2500000000000052e+27,2.2899999999999965e+26,9.450000000000056e+26,5.1e+25,2.5e+25,1.2349999999999694e+27,1.2139999999999693e+27,8.999999999999997e+24,1.1999999999999996e+25,0.0,0.0
5565.888888888889,214.0023076169532,1.297000000000005e+27,2.5799999999999943e+26,9.510000000000055e+26,6.300000000000002e+25,2.5e+25,1.2839999999999688e+27,1.2489999999999688e+27,1.6999999999999993e+25,1.7999999999999992e+25,0.0,0.0
5573.861111111111,215.00276255672793,1.2570000000000052e+27,2.3999999999999956e+26,9.460000000000055e+26,4.6e+25,2.5e+25,1.2529999999999686e+27,1.2269999999999686e+27,1.4999999999999994e+25,1.0999999999999996e+25,0.0,0.0
5581.777777777777,216.00117387699083,1.275000000000005e+27,2.529999999999995e+26,9.370000000000055e+26,6.000000000000002e+25,2.5e+25,1.23899999999997e+27,1.2049999999999699e+27,1.6999999999999993e+25,1.6999999999999993e+25,0.0,0.0
5589.666666666667,217.00112648605204,1.227000000000005e+27,2.2799999999999964e+26,9.330000000000054e+26,4.099999999999999e+25,2.5e+25,1.2819999999999687e+27,1.2449999999999685e+27,1.8999999999999992e+25,1.7999999999999992e+25,0.0,0.0
5597.527777777777,218.0027270850378,1.2670000000000051e+27,2.369999999999996e+26,9.490000000000056e+26,5.600000000000001e+25,2.5e+25,1.3019999999999716e+27,1.2829999999999715e+27,1.1999999999999996e+25,6.999999999999998e+24,0.0,0.0
5605.333333333333,219.00251087445713,1.198000000000005e+27,2.089999999999998e+26,9.200000000000052e+26,4.399999999999999e+25,2.5e+25,1.2159999999999703e+27,1.1969999999999703e+27,9.999999999999997e+24,8.999999999999997e+24,0.0,0.0
5613.083333333333,220.00052504372456,1.284000000000005e+27,2.5599999999999945e+26,9.580000000000056e+26,4.4999999999999994e+25,2.5e+25,1.2279999999999695e+27,1.2119999999999695e+27,8.999999999999997e+24,6.999999999999998e+24,0.0,0.0
5620.805555555556,221.00041812380346,1.250000000000005e+27,2.4399999999999953e+26,9.210000000000053e+26,5.900000000000002e+25,2.6000000000000003e+25,1.1979999999999715e+27,1.1769999999999715e+27,1.0999999999999996e+25,9.999999999999997e+24,0.0,0.0
5628.5,222.00228808174506,1.234000000000005e+27,2.3299999999999962e+26,9.250000000000054e+26,5e+25,2.6000000000000003e+25,1.2779999999999697e+27,1.2609999999999698e+27,8.999999999999997e+24,7.999999999999998e+24,0.0,0.0
5636.138888888889,223.00258623739,1.3190000000000054e+27,2.469999999999995e+26,9.95000000000006e+26,5.1e+25,2.6000000000000003e+25,1.273999999999968e+27,1.238999999999968e+27,2.3e+25,1.1999999999999996e+25,0.0,0.0
5643.722222222223,224.00134416420974,1.1560000000000041e+27,2.359999999999996e+26,8.500000000000045e+26,4.399999999999999e+25,2.6000000000000003e+25,1.2149999999999707e+27,1.1919999999999706e+27,1.5999999999999993e+25,6.999999999999998e+24,0.0,0.0
5651.277777777777,225.00228542487002,1.3130000000000052e+27,2.639999999999994e+26,9.700000000000058e+26,5.400000000000001e+25,2.5e+25,1.2749999999999692e+27,1.252999999999969e+27,9.999999999999997e+24,1.1999999999999996e+25,0.0,0.0
5658.777777777777,226.00178616258813,1.2610000000000052e+27,2.199999999999997e+26,9.580000000000056e+26,5.700000000000001e+25,2.6000000000000003e+25,1.2339999999999698e+27,1.2049999999999699e+27,1.9999999999999993e+25,8.999999999999997e+24,0.0,0.0
5666.25,227.00360614065949,1.305000000000005e+27,2.3799999999999957e+26,9.690000000000054e+26,7.200000000000004e+25,2.6000000000000003e+25,1.2699999999999685e+27,1.2449999999999685e+27,1.4999999999999994e+25,9.999999999999997e+24,0.0,0.0
5673.638888888889,228.00031584498106,1.251000000000005e+27,2.3899999999999955e+26,9.320000000000054e+26,5.400000000000001e+25,2.6000000000000003e+25,1.2179999999999702e+27,1.1989999999999702e+27,9.999999999999997e+24,8.999999999999997e+24,0.0,0.0
5681.027777777777,229.00320870684072,1.2140000000000047e+27,2.359999999999996e+26,8.92000000000005e+26,5.900000000000002e+25,2.7000000000000004e+25,1.305999999999971e+27,1.276999999999971e+27,1.3999999999999994e+25,1.4999999999999994e+25,0.0,0.0
5688.333333333333,230.0010231982103,1.347000000000003e+27,2.459999999999995e+26,1.0280000000000033e+27,4.6e+25,2.7000000000000004e+25,1.3229999999999724e+27,1.2929999999999723e+27,1.1999999999999996e+25,1.7999999999999992e+25,0.0,0.0
5695.611111111111,231.0013572127266,1.2300000000000048e+27,2.339999999999996e+26,9.140000000000052e+26,5.600000000000001e+25,2.6000000000000003e+25,1.3459999999999732e+27,1.3069999999999734e+27,2.3e+25,1.5999999999999993e+25,0.0,0.0
5702.833333333333,232.00043361014968,1.2890000000000047e+27,2.339999999999996e+26,9.74000000000005e+26,5.400000000000001e+25,2.7000000000000004e+25,1.245999999999969e+27,1.2169999999999692e+27,1.8999999999999992e+25,9.999999999999997e+24,0.0,0.0
5710.027777777777,233.00213530334076,1.2460000000000046e+27,2.5099999999999946e+26,9.140000000000052e+26,5.400000000000001e+25,2.7000000000000004e+25,1.3129999999999717e+27,1.2849999999999716e+27,1.7999999999999992e+25,9.999999999999997e+24,0.0,0.0
5717.166666666667,234.0026358485004,1.266000000000005e+27,2.3299999999999962e+26,9.420000000000055e+26,6.400000000000002e+25,2.7000000000000004e+25,1.2819999999999695e+27,1.2549999999999693e+27,1.1999999999999996e+25,1.4999999999999994e+25,0.0,0.0
5724.25,235.0019276349476,1.2920000000000044e+27,2.4199999999999954e+26,9.750000000000049e+26,4.8e+25,2.7000000000000004e+25,1.2029999999999714e+27,1.1789999999999714e+27,1.5999999999999993e+25,7.999999999999998e+24,0.0,0.0
5731.277777777777,236.00000509658685,1.2960000000000052e+27,2.3799999999999957e+26,9.710000000000057e+26,5.900000000000002e+25,2.8000000000000006e+25,1.245999999999969e+27,1.2179999999999691e+27,1.5999999999999993e+25,1.1999999999999996e+25,0.0,0.0
5738.277777777777,237.00084095141187,1.213000000000005e+27,2.0999999999999977e+26,9.270000000000052e+26,4.8e+25,2.8000000000000006e+25,1.285999999999969e+27,1.2539999999999692e+27,1.5999999999999993e+25,1.5999999999999993e+25,0.0,0.0
5745.222222222223,238.00049058414197,1.2120000000000046e+27,2.4199999999999954e+26,9.010000000000051e+26,4.099999999999999e+25,2.8000000000000006e+25,1.2299999999999699e+27,1.20299999999997e+27,9.999999999999997e+24,1.6999999999999993e+25,0.0,0.0
5752.138888888889,239.00297310503925,1.2410000000000045e+27,2.4099999999999957e+26,9.17000000000005e+26,5.500000000000001e+25,2.8000000000000006e+25,1.249999999999969e+27,1.2229999999999688e+27,8.999999999999997e+24,1.7999999999999992e+25,0.0,0.0
5758.972222222223,240.00021601083222,1.2910000000000046e+27,2.3299999999999962e+26,9.730000000000049e+26,5.700000000000001e+25,2.8000000000000006e+25,1.267999999999968e+27,1.236999999999968e+27,1.6999999999999993e+25,1.3999999999999994e+25,0.0,0.0
5765.777777777777,241.00030230514017,1.2630000000000054e+27,2.2299999999999966e+26,9.610000000000057e+26,5e+25,2.9000000000000008e+25,1.260999999999968e+27,1.2339999999999682e+27,1.2999999999999995e+25,1.3999999999999994e+25,0.0,0.0
5772.555555555556,242.00328775633466,1.343000000000002e+27,2.309999999999996e+26,1.0210000000000025e+27,6.300000000000002e+25,2.8000000000000006e+25,1.2789999999999698e+27,1.2599999999999697e+27,4.999999999999999e+24,1.3999999999999994e+25,0.0,0.0
5779.25,243.00091712042922,1.3010000000000042e+27,2.339999999999996e+26,9.810000000000044e+26,5.700000000000001e+25,2.9000000000000008e+25,1.2369999999999699e+27,1.2049999999999699e+27,1.7999999999999992e+25,1.3999999999999994e+25,0.0,0.0
5785.916666666667,244.0014338883973,1.2810000000000035e+27,2.2799999999999964e+26,9.730000000000039e+26,5e+25,3.000000000000001e+25,1.2539999999999684e+27,1.2289999999999685e+27,1.3999999999999994e+25,1.0999999999999996e+25,0.0,0.0
5792.527777777777,245.00067270114778,1.2230000000000048e+27,2.2899999999999965e+26,9.200000000000052e+26,4.4999999999999994e+25,2.9000000000000008e+25,1.2779999999999692e+27,1.2539999999999692e+27,1.4999999999999994e+25,8.999999999999997e+24,0.0,0.0
5799.111111111111,246.0028325450171,1.2630000000000023e+27,2.2299999999999966e+26,9.590000000000026e+26,5.1e+25,3.000000000000001e+25,1.2479999999999685e+27,1.2269999999999686e+27,1.3999999999999994e+25,6.999999999999998e+24,0.0,0.0
5805.638888888889,247.003683267219,1.2960000000000036e+27,2.4299999999999952e+26,9.700000000000041e+26,5.300000000000001e+25,3.000000000000001e+25,1.290999999999969e+27,1.252999999999969e+27,2.3e+25,1.4999999999999994e+25,0.0,0.0
5812.111111111111,248.00317329804898,1.212000000000005e+27,2.149999999999997e+26,9.140000000000052e+26,5.300000000000001e+25,3.000000000000001e+25,1.2249999999999704e+27,1.1969999999999703e+27,1.3999999999999994e+25,1.3999999999999994e+25,0.0,0.0
5818.527777777777,249.00124716027744,1.2950000000000013e+27,2.0799999999999978e+26,9.980000000000015e+26,5.900000000000002e+25,3.000000000000001e+25,1.327999999999973e+27,1.302999999999973e+27,1.3999999999999994e+25,1.0999999999999996e+25,0.0,0.0
5824.916666666667,250.00221178235938,1.274000000000002e+27,2.209999999999997e+26,9.910000000000023e+26,3.099999999999999e+25,3.100000000000001e+25,1.246999999999969e+27,1.2219999999999689e+27,1.3999999999999994e+25,1.0999999999999996e+25,0.0,0.0
5831.25,251.00169984675222,1.2200000000000017e+27,1.929999999999999e+26,9.610000000000019e+26,3.5999999999999984e+25,3.000000000000001e+25,1.2579999999999681e+27,1.2349999999999681e+27,1.0999999999999996e+25,1.1999999999999996e+25,0.0,0.0
5837.555555555556,252.00407623476963,1.257000000000001e+27,2.469999999999995e+26,9.220000000000016e+26,5.700000000000001e+25,3.100000000000001e+25,1.271999999999968e+27,1.237999999999968e+27,1.6999999999999993e+25,1.6999999999999993e+25,0.0,0.0
5843.777777777777,253.00043697886122,1.2370000000000007e+27,2.2399999999999967e+26,9.410000000000011e+26,4.1e+25,3.100000000000001e+25,1.2929999999999698e+27,1.26399999999997e+27,1.2999999999999995e+25,1.5999999999999993e+25,0.0,0.0
5850.0,254.0041022808348,1.2769999999999993e+27,2.4699999999999956e+26,9.559999999999998e+26,4.299999999999999e+25,3.100000000000001e+25,1.1609999999999735e+27,1.1409999999999736e+27,7.999999999999998e+24,1.1999999999999996e+25,0.0,0.0
5856.138888888889,255.00160066788158,1.265000000000003e+27,1.9599999999999983e+26,9.890000000000033e+26,4.800000000000001e+25,3.2000000000000012e+25,1.2619999999999682e+27,1.2409999999999682e+27,8.999999999999997e+24,1.1999999999999996e+25,0.0,0.0
5862.25,256.00187623294073,1.2700000000000015e+27,2.2699999999999963e+26,9.750000000000019e+26,3.699999999999999e+25,3.100000000000001e+25,1.3219999999999715e+27,1.2849999999999716e+27,1.5999999999999993e+25,2.0999999999999995e+25,0.0,0.0
5868.305555555556,257.00034467170826,1.2460000000000007e+27,2.219999999999997e+26,9.590000000000012e+26,3.2999999999999992e+25,3.2000000000000012e+25,1.265999999999968e+27,1.239999999999968e+27,1.5999999999999993e+25,9.999999999999997e+24,0.0,0.0
5874.333333333333,258.0015471801687,1.2300000000000013e+27,1.9399999999999978e+26,9.560000000000015e+26,4.7000000000000015e+25,3.3000000000000014e+25,1.256999999999969e+27,1.2219999999999689e+27,1.1999999999999996e+25,2.3e+25,0.0,0.0
5880.305555555556,259.00082800929613,1.2799999999999987e+27,2.0999999999999977e+26,9.989999999999988e+26,3.8999999999999985e+25,3.2000000000000012e+25,1.1819999999999725e+27,1.1609999999999724e+27,1.0999999999999996e+25,9.999999999999997e+24,0.0,0.0
5886.25,260.00278767348345,1.2130000000000006e+27,2.2799999999999964e+26,9.070000000000009e+26,4.6000000000000005e+25,3.2000000000000012e+25,1.257999999999969e+27,1.219999999999969e+27,1.6999999999999993e+25,2.0999999999999995e+25,0.0,0.0
5892.138888888889,261.0026921051424,1.22e+27,2.0699999999999974e+26,9.400000000000004e+26,3.999999999999999e+25,3.3000000000000014e+25,1.2269999999999705e+27,1.1939999999999705e+27,1.3999999999999994e+25,1.8999999999999992e+25,0.0,0.0
5897.972222222223,262.0004374708051,1.2440000000000028e+27,2.2099999999999964e+26,9.480000000000029e+26,4.199999999999999e+25,3.3000000000000014e+25,1.2789999999999682e+27,1.238999999999968e+27,1.8999999999999992e+25,2.0999999999999995e+25,0.0,0.0
5903.777777777777,263.00071805505195,1.2589999999999993e+27,2.309999999999996e+26,9.509999999999996e+26,4.399999999999999e+25,3.3000000000000014e+25,1.2069999999999724e+27,1.1629999999999723e+27,2.8000000000000006e+25,1.5999999999999993e+25,0.0,0.0
5909.555555555556,264.0035268547497,1.2309999999999986e+27,2.1099999999999967e+26,9.44999999999999e+26,4.199999999999999e+25,3.3000000000000014e+25,1.2409999999999696e+27,1.2099999999999696e+27,1.3999999999999994e+25,1.6999999999999993e+25,0.0,0.0
5915.277777777777,265.00397607839477,1.2339999999999996e+27,2.0199999999999982e+26,9.679999999999998e+26,3.099999999999999e+25,3.3000000000000014e+25,1.1909999999999723e+27,1.1629999999999723e+27,1.3999999999999994e+25,1.3999999999999994e+25,0.0,0.0
5920.944444444444,266.001947226016,1.1990000000000014e+27,2.3499999999999958e+26,9.110000000000018e+26,1.8999999999999994e+25,3.4000000000000016e+25,1.2779999999999683e+27,1.2429999999999683e+27,1.5999999999999993e+25,1.8999999999999992e+25,0.0,0.0
5926.583333333333,267.00226115614146,1.1880000000000015e+27,2.0199999999999965e+26,9.040000000000019e+26,4.8e+25,3.4000000000000016e+25,1.1699999999999734e+27,1.1439999999999734e+27,1.3999999999999994e+25,1.1999999999999996e+25,0.0,0.0
5932.194444444444,268.0048976172134,1.1980000000000027e+27,2.3299999999999966e+26,8.94000000000003e+26,3.599999999999999e+25,3.5000000000000017e+25,1.1429999999999754e+27,1.1099999999999754e+27,1.5999999999999993e+25,1.6999999999999993e+25,0.0,0.0
5937.75,269.0048135004481,1.2109999999999991e+27,2.2799999999999964e+26,9.189999999999994e+26,2.9999999999999988e+25,3.4000000000000016e+25,1.24499999999997e+27,1.2059999999999698e+27,2.4e+25,1.4999999999999994e+25,0.0,0.0
5943.25,270.00187894826604,1.2089999999999992e+27,2.0299999999999963e+26,9.329999999999995e+26,3.799999999999999e+25,3.5000000000000017e+25,1.2009999999999716e+27,1.1739999999999717e+27,1.3999999999999994e+25,1.2999999999999995e+25,0.0,0.0
5948.722222222223,271.0010378165555,1.1710000000000015e+27,2.1399999999999964e+26,8.930000000000019e+26,2.799999999999999e+25,3.600000000000002e+25,1.2659999999999682e+27,1.2319999999999683e+27,2.3e+25,1.0999999999999996e+25,0.0,0.0
5954.166666666667,272.00226607086734,1.1410000000000023e+27,1.7299999999999984e+26,9.020000000000026e+26,3.099999999999999e+25,3.5000000000000017e+25,1.130999999999976e+27,1.0989999999999761e+27,1.4999999999999994e+25,1.6999999999999993e+25,0.0,0.0
5959.555555555556,273.0003566168243,1.1550000000000017e+27,2.0899999999999965e+26,8.74000000000002e+26,3.699999999999999e+25,3.5000000000000017e+25,1.1419999999999758e+27,1.1049999999999757e+27,1.7999999999999992e+25,1.8999999999999992e+25,0.0,0.0
5964.916666666667,274.0003623536454,1.1759999999999988e+27,1.9399999999999967e+26,9.069999999999991e+26,3.9999999999999995e+25,3.5000000000000017e+25,1.1129999999999773e+27,1.0769999999999774e+27,1.8999999999999992e+25,1.6999999999999993e+25,0.0,0.0
5970.25,275.0022420084654,1.1530000000000012e+27,2.0399999999999967e+26,8.780000000000017e+26,3.4999999999999987e+25,3.600000000000002e+25,1.154999999999975e+27,1.117999999999975e+27,1.8999999999999992e+25,1.7999999999999992e+25,0.0,0.0
5975.527777777777,276.0006750902205,1.0790000000000034e+27,2.0499999999999975e+26,8.110000000000038e+26,2.699999999999999e+25,3.600000000000002e+25,1.1249999999999766e+27,1.0889999999999767e+27,2.1999999999999996e+25,1.3999999999999994e+25,0.0,0.0
5980.777777777777,277.0008135587002,1.155000000000002e+27,2.1999999999999966e+26,8.640000000000023e+26,3.4999999999999987e+25,3.600000000000002e+25,1.1439999999999752e+27,1.1139999999999752e+27,1.5999999999999993e+25,1.3999999999999994e+25,0.0,0.0
5986.0,278.0026058766689,1.1330000000000038e+27,2.009999999999997e+26,8.530000000000041e+26,4.2e+25,3.700000000000002e+25,1.1069999999999773e+27,1.0779999999999773e+27,1.8999999999999992e+25,9.999999999999997e+24,0.0,0.0
5991.166666666667,279.00061579811927,1.1180000000000012e+27,2.009999999999997e+26,8.420000000000014e+26,3.6999999999999995e+25,3.800000000000002e+25,1.108999999999977e+27,1.083999999999977e+27,1.3999999999999994e+25,1.0999999999999996e+25,0.0,0.0
5996.305555555556,280.000090795789,1.0870000000000036e+27,2.039999999999997e+26,8.110000000000039e+26,3.3999999999999985e+25,3.800000000000002e+25,1.1299999999999759e+27,1.1019999999999759e+27,1.6999999999999993e+25,1.0999999999999996e+25,0.0,0.0
6001.416666666667,281.0009732955439,1.082000000000003e+27,2.0399999999999957e+26,8.080000000000034e+26,3.2999999999999992e+25,3.700000000000002e+25,1.0819999999999791e+27,1.0469999999999791e+27,1.7999999999999992e+25,1.6999999999999993e+25,0.0,0.0
6006.5,282.0032008777366,1.0410000000000032e+27,2.039999999999996e+26,7.680000000000037e+26,3.099999999999999e+25,3.800000000000002e+25,1.0549999999999804e+27,1.0239999999999805e+27,1.6999999999999993e+25,1.3999999999999994e+25,0.0,0.0
6011.527777777777,283.00117261402056,1.1070000000000028e+27,2.079999999999996e+26,8.350000000000032e+26,2.599999999999999e+25,3.800000000000002e+25,1.0919999999999784e+27,1.0609999999999783e+27,1.7999999999999992e+25,1.2999999999999995e+25,0.0,0.0
6016.527777777777,284.0002766000407,1.0630000000000035e+27,2.2499999999999968e+26,7.740000000000038e+26,2.599999999999999e+25,3.800000000000002e+25,1.0669999999999796e+27,1.0389999999999796e+27,1.2999999999999995e+25,1.4999999999999994e+25,0.0,0.0
6021.5,285.00044244851483,1.0700000000000037e+27,2.029999999999996e+26,7.990000000000041e+26,2.8999999999999995e+25,3.900000000000002e+25,1.0759999999999793e+27,1.0439999999999793e+27,1.5999999999999993e+25,1.5999999999999993e+25,0.0,0.0
6026.444444444444,286.0015927134841,1.0590000000000036e+27,2.109999999999996e+26,7.770000000000039e+26,3.2e+25,3.900000000000002e+25,1.0849999999999792e+27,1.0439999999999793e+27,2.0999999999999995e+25,1.9999999999999993e+25,0.0,0.0
6031.361111111111,287.0036510261732,1.0630000000000036e+27,2.259999999999998e+26,7.710000000000038e+26,2.699999999999999e+25,3.900000000000002e+25,1.023999999999982e+27,9.97999999999982e+26,1.1999999999999996e+25,1.3999999999999994e+25,0.0,0.0
6036.222222222223,288.0008247548799,1.0160000000000032e+27,2.0399999999999964e+26,7.510000000000036e+26,2.099999999999999e+25,4.000000000000002e+25,1.0249999999999825e+27,9.899999999999825e+26,1.7999999999999992e+25,1.6999999999999993e+25,0.0,0.0
6041.083333333333,289.0044179407446,1.0290000000000033e+27,2.179999999999997e+26,7.470000000000036e+26,2.399999999999999e+25,4.000000000000002e+25,9.629999999999855e+26,9.359999999999856e+26,1.1999999999999996e+25,1.4999999999999994e+25,0.0,0.0
6045.888888888889,290.00288281227563,9.85000000000003e+26,1.929999999999996e+26,7.310000000000034e+26,2.099999999999999e+25,4.000000000000002e+25,9.799999999999847e+26,9.529999999999846e+26,8.999999999999997e+24,1.7999999999999992e+25,0.0,0.0
6050.666666666667,291.0018395228019,1.0050000000000036e+27,1.6499999999999982e+26,7.690000000000038e+26,3.1e+25,4.000000000000002e+25,1.0389999999999811e+27,1.0119999999999812e+27,1.4999999999999994e+25,1.1999999999999996e+25,0.0,0.0
6055.416666666667,292.0012037346553,1.0160000000000033e+27,2.4399999999999994e+26,7.040000000000033e+26,2.699999999999999e+25,4.100000000000002e+25,9.879999999999849e+26,9.479999999999849e+26,1.7999999999999992e+25,2.1999999999999996e+25,0.0,0.0
6060.138888888889,293.0008803759788,9.620000000000029e+26,2.0699999999999963e+26,6.900000000000033e+26,2.399999999999999e+25,4.100000000000002e+25,1.0069999999999835e+27,9.719999999999835e+26,9.999999999999997e+24,2.5e+25,0.0,0.0
6064.833333333333,294.0007710532966,9.850000000000028e+26,2.0999999999999963e+26,7.070000000000031e+26,2.799999999999999e+25,4.000000000000002e+25,9.779999999999848e+26,9.489999999999849e+26,1.3999999999999994e+25,1.4999999999999994e+25,0.0,0.0
6069.5,295.0007788788507,9.790000000000029e+26,1.9899999999999955e+26,7.110000000000032e+26,2.799999999999999e+25,4.100000000000002e+25,9.67999999999985e+26,9.46999999999985e+26,1.4999999999999994e+25,5.999999999999999e+24,0.0,0.0
6074.138888888889,296.0008010751965,9.230000000000029e+26,2.029999999999996e+26,6.510000000000031e+26,2.7999999999999993e+25,4.100000000000002e+25,9.019999999999887e+26,8.839999999999887e+26,8.999999999999997e+24,8.999999999999997e+24,0.0,0.0
6078.75,297.0007341430746,9.440000000000025e+26,2.119999999999996e+26,6.66000000000003e+26,2.399999999999999e+25,4.200000000000002e+25,9.44999999999987e+26,9.11999999999987e+26,1.1999999999999996e+25,2.0999999999999995e+25,0.0,0.0
6083.333333333333,298.0004756111109,9.330000000000026e+26,2.029999999999997e+26,6.640000000000029e+26,2.399999999999999e+25,4.200000000000002e+25,8.72999999999991e+26,8.459999999999909e+26,1.0999999999999996e+25,1.5999999999999993e+25,0.0,0.0
6087.916666666667,299.00602921442896,9.630000000000027e+26,1.859999999999997e+26,7.080000000000031e+26,2.699999999999999e+25,4.200000000000002e+25,9.27999999999987e+26,9.11999999999987e+26,6.999999999999998e+24,8.999999999999997e+24,0.0,0.0
6092.444444444444,300.0050916270841,8.79000000000002e+26,1.9599999999999963e+26,6.240000000000024e+26,1.6999999999999995e+25,4.200000000000002e+25,9.329999999999872e+26,9.089999999999872e+26,1.4999999999999994e+25,8.999999999999997e+24,0.0,0.0
6096.944444444444,301.00363281327327,9.150000000000025e+26,2.0899999999999962e+26,6.430000000000029e+26,2.099999999999999e+25,4.200000000000002e+25,8.939999999999904e+26,8.539999999999904e+26,2.0999999999999995e+25,1.8999999999999992e+25,0.0,0.0
6101.416666666667,302.0015345359029,8.850000000000025e+26,1.829999999999997e+26,6.340000000000027e+26,2.499999999999999e+25,4.3000000000000026e+25,9.489999999999861e+26,9.279999999999861e+26,1.0999999999999996e+25,9.999999999999997e+24,0.0,0.0
6105.888888888889,303.0049359654495,8.890000000000023e+26,1.849999999999996e+26,6.360000000000026e+26,2.499999999999999e+25,4.3000000000000026e+25,8.469999999999923e+26,8.209999999999923e+26,1.3999999999999994e+25,1.1999999999999996e+25,0.0,0.0
6110.305555555556,304.00124790969494,8.540000000000022e+26,1.8799999999999958e+26,6.070000000000026e+26,1.5999999999999995e+25,4.3000000000000026e+25,8.679999999999915e+26,8.359999999999915e+26,1.5999999999999993e+25,1.5999999999999993e+25,0.0,0.0
6114.722222222223,305.00288553182236,8.710000000000028e+26,1.8799999999999965e+26,6.24000000000003e+26,1.5999999999999995e+25,4.3000000000000026e+25,8.57999999999992e+26,8.26999999999992e+26,1.6999999999999993e+25,1.3999999999999994e+25,0.0,0.0
6119.111111111111,306.00348200404096,8.48000000000002e+26,1.8299999999999963e+26,6.020000000000025e+26,1.9999999999999993e+25,4.3000000000000026e+25,8.549999999999917e+26,8.329999999999916e+26,1.2999999999999995e+25,8.999999999999997e+24,0.0,0.0
6123.472222222223,307.0029093656492,8.120000000000017e+26,1.8299999999999966e+26,5.700000000000021e+26,1.4999999999999996e+25,4.400000000000003e+25,8.559999999999922e+26,8.229999999999922e+26,1.1999999999999996e+25,2.0999999999999995e+25,0.0,0.0
6127.805555555556,308.0010424486452,8.780000000000022e+26,1.8799999999999965e+26,6.240000000000026e+26,2.199999999999999e+25,4.400000000000003e+25,8.229999999999942e+26,7.899999999999942e+26,1.3999999999999994e+25,1.8999999999999992e+25,0.0,0.0
6132.138888888889,309.00420334798673,8.710000000000022e+26,1.9099999999999957e+26,6.200000000000026e+26,1.5999999999999995e+25,4.400000000000003e+25,8.249999999999936e+26,7.989999999999936e+26,1.6999999999999993e+25,8.999999999999997e+24,0.0,0.0
6136.444444444444,310.0058795840391,8.190000000000021e+26,1.709999999999997e+26,5.8400000000000244e+26,1.9999999999999993e+25,4.400000000000003e+25,8.369999999999926e+26,8.159999999999926e+26,1.1999999999999996e+25,8.999999999999997e+24,0.0,0.0
6140.722222222223,311.00594188160403,8.440000000000023e+26,1.949999999999997e+26,5.850000000000026e+26,1.8999999999999994e+25,4.500000000000003e+25,8.14999999999994e+26,7.949999999999939e+26,4e+24,1.5999999999999993e+25,0.0,0.0
6144.972222222223,312.00426345112305,8.000000000000021e+26,1.8799999999999968e+26,5.5100000000000245e+26,1.6999999999999995e+25,4.400000000000003e+25,7.73999999999997e+26,7.41999999999997e+26,1.5999999999999993e+25,1.5999999999999993e+25,0.0,0.0
6149.194444444444,313.00070887939,7.820000000000014e+26,1.969999999999996e+26,5.140000000000019e+26,2.599999999999999e+25,4.500000000000003e+25,7.989999999999951e+26,7.729999999999952e+26,1.4999999999999994e+25,1.0999999999999996e+25,0.0,0.0
6153.416666666667,314.0017435737002,7.540000000000014e+26,1.8499999999999972e+26,5.080000000000017e+26,1.5999999999999993e+25,4.500000000000003e+25,7.399999999999987e+26,7.109999999999988e+26,1.1999999999999996e+25,1.6999999999999993e+25,0.0,0.0
6157.611111111111,315.00069907900183,7.470000000000015e+26,1.919999999999997e+26,4.920000000000018e+26,1.7999999999999994e+25,4.500000000000003e+25,8.60999999999992e+26,8.289999999999919e+26,1.5999999999999993e+25,1.5999999999999993e+25,0.0,0.0
6161.805555555556,316.00409436703944,7.770000000000018e+26,1.7899999999999966e+26,5.36000000000002e+26,1.5999999999999995e+25,4.600000000000003e+25,7.439999999999989e+26,7.089999999999989e+26,1.1999999999999996e+25,2.3e+25,0.0,0.0
6165.972222222223,317.005193584072,7.400000000000018e+26,1.6699999999999978e+26,5.070000000000019e+26,1.9999999999999993e+25,4.600000000000003e+25,7.419999999999986e+26,7.119999999999987e+26,1.6999999999999993e+25,1.2999999999999995e+25,0.0,0.0
6170.111111111111,318.0038588825216,7.440000000000015e+26,1.669999999999997e+26,4.9900000000000185e+26,3.2999999999999992e+25,4.500000000000003e+25,7.23999999999999e+26,7.06999999999999e+26,6.999999999999998e+24,9.999999999999997e+24,0.0,0.0
6174.25,319.0066972339564,7.670000000000017e+26,1.8399999999999967e+26,5.190000000000019e+26,1.7999999999999994e+25,4.600000000000003e+25,7.419999999999986e+26,7.139999999999986e+26,2.0999999999999995e+25,6.999999999999998e+24,0.0,0.0
6178.333333333333,320.00010633270244,7.310000000000015e+26,1.4499999999999986e+26,5.210000000000016e+26,1.8999999999999994e+25,4.600000000000003e+25,7.050000000000009e+26,6.74000000000001e+26,2.0999999999999995e+25,9.999999999999997e+24,0.0,0.0
6182.444444444444,321.00426471515516,7.400000000000012e+26,1.7799999999999968e+26,4.980000000000016e+26,1.6999999999999995e+25,4.700000000000003e+25,7.45999999999998e+26,7.24999999999998e+26,8.999999999999997e+24,1.1999999999999996e+25,0.0,0.0
6186.527777777777,322.00554127218015,6.840000000000012e+26,1.6499999999999976e+26,4.610000000000014e+26,1.0999999999999998e+25,4.700000000000003e+25,7.179999999999998e+26,6.939999999999998e+26,1.4999999999999994e+25,8.999999999999997e+24,0.0,0.0
6190.583333333333,323.00379405593026,7.050000000000012e+26,1.839999999999997e+26,4.640000000000014e+26,1.0999999999999998e+25,4.600000000000003e+25,7.849999999999958e+26,7.609999999999959e+26,1.5999999999999993e+25,7.999999999999998e+24,0.0,0.0
6194.638888888889,324.0057564652982,7.470000000000011e+26,1.9299999999999963e+26,4.9700000000000156e+26,9.999999999999999e+24,4.700000000000003e+25,7.030000000000004e+26,6.840000000000004e+26,1.0999999999999996e+25,7.999999999999998e+24,0.0,0.0
6198.666666666667,325.00446338785105,6.92000000000001e+26,1.7499999999999965e+26,4.480000000000015e+26,2.199999999999999e+25,4.700000000000003e+25,6.90000000000001e+26,6.720000000000011e+26,7.999999999999998e+24,9.999999999999997e+24,0.0,0.0
6202.694444444444,326.0066962147166,7.05000000000001e+26,1.8299999999999966e+26,4.650000000000015e+26,9.999999999999999e+24,4.700000000000003e+25,7.120000000000002e+26,6.870000000000002e+26,1.7999999999999992e+25,6.999999999999998e+24,0.0,0.0
6206.694444444444,327.00543916685797,6.99000000000001e+26,1.739999999999997e+26,4.620000000000013e+26,1.4999999999999996e+25,4.800000000000003e+25,7.499999999999976e+26,7.309999999999976e+26,1.4999999999999994e+25,4e+24,0.0,0.0
6210.666666666667,328.0005490297733,6.870000000000009e+26,1.559999999999998e+26,4.620000000000011e+26,2.199999999999999e+25,4.700000000000003e+25,7.429999999999987e+26,7.129999999999987e+26,2.4e+25,5.999999999999999e+24,0.0,0.0
6214.666666666667,329.00586822426453,6.870000000000012e+26,1.689999999999997e+26,4.5800000000000137e+26,1.1999999999999998e+25,4.800000000000003e+25,6.910000000000012e+26,6.710000000000011e+26,1.3999999999999994e+25,5.999999999999999e+24,0.0,0.0
6218.611111111111,330.00034566158047,6.72000000000001e+26,1.869999999999997e+26,4.2400000000000116e+26,1.2999999999999997e+25,4.800000000000003e+25,7.129999999999998e+26,6.929999999999998e+26,1.4999999999999994e+25,4.999999999999999e+24,0.0,0.0
6222.583333333333,331.00487982578943,6.90000000000001e+26,1.659999999999998e+26,4.6700000000000125e+26,9.999999999999999e+24,4.700000000000003e+25,6.570000000000028e+26,6.420000000000028e+26,1.2999999999999995e+25,2e+24,0.0,0.0
6226.527777777777,332.005342301203,7.250000000000013e+26,1.8199999999999972e+26,4.780000000000014e+26,1.6999999999999995e+25,4.800000000000003e+25,7.070000000000003e+26,6.860000000000003e+26,1.5999999999999993e+25,4.999999999999999e+24,0.0,0.0
6230.444444444444,333.0015912815527,7.150000000000006e+26,1.8699999999999964e+26,4.6900000000000086e+26,1.0999999999999998e+25,4.800000000000003e+25,6.680000000000019e+26,6.580000000000019e+26,6.999999999999998e+24,3e+24,0.0,0.0
6234.361111111111,334.00058019386597,7.440000000000013e+26,1.7299999999999977e+26,5.100000000000014e+26,1.2999999999999997e+25,4.800000000000003e+25,7.389999999999984e+26,7.179999999999984e+26,1.6999999999999993e+25,4e+24,0.0,0.0
6238.277777777777,335.00222966753904,7.130000000000013e+26,1.6599999999999977e+26,4.830000000000014e+26,1.5999999999999995e+25,4.800000000000003e+25,7.020000000000006e+26,6.820000000000005e+26,1.5999999999999993e+25,4e+24,0.0,0.0
6242.194444444444,336.0064499557093,7.28000000000001e+26,1.6199999999999986e+26,5.050000000000011e+26,1.1999999999999998e+25,4.9000000000000035e+25,7.040000000000006e+26,6.810000000000005e+26,1.8999999999999992e+25,4e+24,0.0,0.0
6246.083333333333,337.0060040181577,6.920000000000009e+26,1.5799999999999982e+26,4.770000000000011e+26,7.999999999999999e+24,4.9000000000000035e+25,7.419999999999982e+26,7.219999999999981e+26,1.3999999999999994e+25,5.999999999999999e+24,0.0,0.0
6249.944444444444,338.00075743895786,7.06000000000001e+26,1.5899999999999976e+26,4.840000000000012e+26,1.4999999999999996e+25,4.800000000000003e+25,7.010000000000007e+26,6.770000000000008e+26,2.1999999999999996e+25,2e+24,0.0,0.0
6253.833333333333,339.0049295110018,7.010000000000009e+26,1.629999999999998e+26,4.780000000000011e+26,1.0999999999999996e+25,4.9000000000000035e+25,7.449999999999979e+26,7.23999999999998e+26,1.9999999999999993e+25,1e+24,0.0,0.0
6257.694444444444,340.0040845079129,7.070000000000011e+26,1.539999999999998e+26,4.990000000000013e+26,4.999999999999999e+24,4.9000000000000035e+25,7.179999999999995e+26,6.989999999999995e+26,1.3999999999999994e+25,4.999999999999999e+24,0.0,0.0
6261.555555555556,341.00530085451896,7.23000000000001e+26,1.5499999999999976e+26,5.040000000000013e+26,1.4999999999999994e+25,4.9000000000000035e+25,7.189999999999998e+26,6.929999999999998e+26,2.3e+25,3e+24,0.0,0.0
6265.388888888889,342.00125479776784,7.37000000000001e+26,1.7699999999999978e+26,4.940000000000012e+26,1.6999999999999995e+25,4.9000000000000035e+25,7.150000000000002e+26,6.870000000000002e+26,2.3e+25,4.999999999999999e+24,0.0,0.0
6269.25,343.0062921021113,7.770000000000014e+26,1.6499999999999976e+26,5.5900000000000164e+26,4e+24,4.9000000000000035e+25,7.079999999999998e+26,6.949999999999997e+26,1.2999999999999995e+25,0.0,0.0,0.0
6273.083333333333,344.0058514456232,6.95000000000001e+26,1.4999999999999984e+26,4.8700000000000104e+26,8e+24,5.000000000000004e+25,7.09e+26,6.880000000000001e+26,1.9999999999999993e+25,1e+24,0.0,0.0
6276.916666666667,345.0070650216883,7.220000000000013e+26,1.5699999999999988e+26,5.000000000000013e+26,1.5999999999999995e+25,4.9000000000000035e+25,7.519999999999978e+26,7.269999999999979e+26,2.1999999999999996e+25,3e+24,0.0,0.0
6280.722222222223,346.00256080624604,7.930000000000014e+26,1.6899999999999976e+26,5.6600000000000164e+26,8.999999999999999e+24,4.9000000000000035e+25,7.259999999999989e+26,7.07999999999999e+26,1.4999999999999994e+25,3e+24,0.0,0.0
6284.555555555556,347.00677688121937,7.640000000000012e+26,1.7499999999999972e+26,5.2300000000000134e+26,1.5999999999999995e+25,5.000000000000004e+25,7.189999999999994e+26,6.999999999999994e+26,1.8999999999999992e+25,0.0,0.0,0.0
6288.361111111111,348.0050577230993,7.760000000000014e+26,1.5199999999999981e+26,5.670000000000017e+26,7.999999999999999e+24,4.9000000000000035e+25,7.719999999999965e+26,7.489999999999966e+26,1.9999999999999993e+25,3e+24,0.0,0.0
6292.166666666667,349.00457873567643,7.580000000000011e+26,1.7399999999999985e+26,5.240000000000012e+26,9.999999999999999e+24,5.000000000000004e+25,7.27999999999999e+26,7.06999999999999e+26,1.5999999999999993e+25,4.999999999999999e+24,0.0,0.0
6295.972222222223,350.0052384832645,7.450000000000013e+26,1.5599999999999987e+26,5.290000000000013e+26,1.0999999999999998e+25,4.9000000000000035e+25,7.419999999999985e+26,7.159999999999985e+26,2.0999999999999995e+25,4.999999999999999e+24,0.0,0.0
6299.777777777777,351.00693650245375,7.30000000000001e+26,1.6899999999999987e+26,5.04000000000001e+26,6.999999999999999e+24,5.000000000000004e+25,7.759999999999965e+26,7.499999999999965e+26,2.4e+25,2e+24,0.0,0.0
6303.555555555556,352.0022498038509,8.22000000000002e+26,1.5399999999999985e+26,6.030000000000021e+26,1.4999999999999996e+25,5.000000000000004e+25,7.269999999999991e+26,7.059999999999991e+26,1.5999999999999993e+25,4.999999999999999e+24,0.0,0.0
6307.361111111111,353.0057124992486,7.750000000000014e+26,1.649999999999998e+26,5.470000000000015e+26,1.3999999999999997e+25,4.9000000000000035e+25,8.149999999999937e+26,7.979999999999937e+26,1.6999999999999993e+25,0.0,0.0,0.0
6311.138888888889,354.0025757545966,7.610000000000015e+26,1.4599999999999989e+26,5.4900000000000154e+26,1.5999999999999995e+25,5.000000000000004e+25,7.769999999999963e+26,7.529999999999963e+26,2.0999999999999995e+25,3e+24,0.0,0.0
6314.916666666667,355.0000575175104,8.030000000000015e+26,1.7399999999999968e+26,5.6800000000000166e+26,1.0999999999999998e+25,5.000000000000004e+25,7.649999999999971e+26,7.389999999999971e+26,2.5e+25,1e+24,0.0,0.0
6318.722222222223,356.0053953316685,7.810000000000014e+26,1.729999999999998e+26,5.4900000000000154e+26,8.999999999999999e+24,5.000000000000004e+25,7.879999999999957e+26,7.649999999999956e+26,2.0999999999999995e+25,2e+24,0.0,0.0
6322.5,357.00381109314503,7.860000000000014e+26,1.7199999999999983e+26,5.540000000000015e+26,9.999999999999999e+24,5.000000000000004e+25,7.459999999999984e+26,7.159999999999985e+26,2.9000000000000008e+25,1e+24,0.0,0.0
6326.277777777777,358.0025373158626,7.730000000000013e+26,1.7399999999999978e+26,5.3100000000000135e+26,1.7999999999999994e+25,5.000000000000004e+25,7.67999999999997e+26,7.40999999999997e+26,2.6000000000000003e+25,1e+24,0.0,0.0
6330.055555555556,359.0014700242932,7.430000000000013e+26,1.4699999999999976e+26,5.370000000000014e+26,8.999999999999998e+24,5.000000000000004e+25,7.44999999999998e+26,7.23999999999998e+26,1.8999999999999992e+25,2e+24,0.0,0.0
