TAA_Bin,Gen_Total,Gen_PSD,Gen_TD,Gen_SWS,Gen_MMV,Gen_PSD_Dawn,Gen_PSD_Dusk,Gen_TD_Dawn,Gen_TD_Dusk,Gen_SWS_Dawn,Gen_SWS_Dusk,Gen_MMV_Dawn,Gen_MMV_Dusk,Max_Flux_PSD,Min_Flux_PSD,Max_Flux_TD,Min_Flux_TD,Max_Flux_SWS,Min_Flux_SWS,Max_Flux_MMV,Min_Flux_MMV,Pct_PSD,Pct_TD,Pct_SWS,Pct_MMV,Loss_Total,Loss_Stuck,Loss_Ionized,Loss_Escaped,Supply_Internal,Trans_Inward,Pct_Stuck,Pct_Ionized,Pct_Escaped
0,7.1823e+29,1.4849e+29,5.5862e+29,4.3300e+27,6.7900e+27,1.0431e+29,4.4180e+28,3.0688e+29,2.5174e+29,2.2900e+27,2.0400e+27,3.5500e+27,3.2400e+27,3.2773e+08,1.7891e+06,1.4730e+09,1.6617e-05,4.2210e+07,2.4876e+05,6.6625e+05,6.6621e+05,20.7,77.8,0.6,0.9,7.1841e+29,6.9614e+29,2.1620e+28,6.5000e+26,2.4895e+28,0.0000e+00,96.9,3.0,0.1
1,7.3254e+29,1.4931e+29,5.7231e+29,4.1400e+27,6.7800e+27,1.0514e+29,4.4170e+28,3.1823e+29,2.5408e+29,2.1300e+27,2.0100e+27,3.2300e+27,3.5500e+27,3.2581e+08,1.9496e+06,1.4843e+09,1.4438e-05,4.1353e+07,2.0705e+05,6.6621e+05,6.6612e+05,20.4,78.1,0.6,0.9,7.3191e+29,7.0822e+29,2.2930e+28,7.6000e+26,2.4887e+28,0.0000e+00,96.8,3.1,0.1
2,7.3120e+29,1.4988e+29,5.7045e+29,4.0800e+27,6.7900e+27,1.0383e+29,4.6050e+28,3.0746e+29,2.6299e+29,2.2800e+27,1.8000e+27,3.3500e+27,3.4400e+27,3.2509e+08,1.6608e+06,1.5521e+09,1.2518e-05,4.0217e+07,2.6062e+05,6.6611e+05,6.6595e+05,20.5,78.0,0.6,0.9,7.3146e+29,7.0855e+29,2.2110e+28,8.0000e+26,2.4871e+28,0.0000e+00,96.9,3.0,0.1
3,7.2187e+29,1.4842e+29,5.6239e+29,4.2500e+27,6.8100e+27,1.0327e+29,4.5150e+28,3.0862e+29,2.5377e+29,2.7000e+27,1.5500e+27,3.6100e+27,3.2000e+27,3.2360e+08,1.9967e+06,1.5246e+09,1.0823e-05,3.9777e+07,3.1613e+05,6.6595e+05,6.6572e+05,20.6,77.9,0.6,0.9,7.2226e+29,6.9925e+29,2.2070e+28,9.4000e+26,2.5031e+28,0.0000e+00,96.8,3.1,0.1
4,7.2729e+29,1.4904e+29,5.6735e+29,4.1200e+27,6.7800e+27,1.0267e+29,4.6370e+28,3.0879e+29,2.5856e+29,2.1600e+27,1.9600e+27,3.2200e+27,3.5600e+27,3.2159e+08,1.5683e+06,1.2970e+09,9.3562e-06,3.9146e+07,2.8909e+05,6.6572e+05,6.6543e+05,20.5,78.0,0.6,0.9,7.2671e+29,7.0379e+29,2.2130e+28,7.9000e+26,2.4818e+28,0.0000e+00,96.8,3.0,0.1
5,7.2114e+29,1.4843e+29,5.6175e+29,4.1800e+27,6.7800e+27,1.0154e+29,4.6890e+28,3.0050e+29,2.6125e+29,2.3300e+27,1.8500e+27,3.5100e+27,3.2700e+27,3.2002e+08,1.7748e+06,1.4446e+09,8.0822e-06,3.8897e+07,2.5832e+05,6.6542e+05,6.6507e+05,20.6,77.9,0.6,0.9,7.2191e+29,6.9956e+29,2.1600e+28,7.5000e+26,2.4779e+28,0.0000e+00,96.9,3.0,0.1
6,7.2564e+29,1.4731e+29,5.6736e+29,4.1600e+27,6.8100e+27,1.0171e+29,4.5600e+28,3.0257e+29,2.6479e+29,2.2400e+27,1.9200e+27,3.3800e+27,3.4300e+27,3.1800e+08,1.9293e+06,1.3083e+09,6.9728e-06,3.8955e+07,2.4917e+05,6.6506e+05,6.6464e+05,20.3,78.2,0.6,0.9,7.2533e+29,7.0220e+29,2.2260e+28,8.7000e+26,2.4915e+28,0.0000e+00,96.8,3.1,0.1
7,7.1814e+29,1.4445e+29,5.6265e+29,4.2900e+27,6.7500e+27,9.9660e+28,4.4790e+28,2.9951e+29,2.6314e+29,2.3500e+27,1.9400e+27,3.2800e+27,3.4700e+27,3.1638e+08,1.6909e+06,1.5762e+09,6.0240e-06,3.8711e+07,2.7986e+05,6.6464e+05,6.6415e+05,20.1,78.3,0.6,0.9,7.1779e+29,6.9474e+29,2.2220e+28,8.3000e+26,2.4680e+28,0.0000e+00,96.8,3.1,0.1
8,7.2189e+29,1.4632e+29,5.6425e+29,4.5100e+27,6.8100e+27,1.0069e+29,4.5630e+28,2.9832e+29,2.6593e+29,2.4600e+27,2.0500e+27,3.2400e+27,3.5700e+27,3.1478e+08,1.9845e+06,1.3823e+09,5.2035e-06,3.7784e+07,2.5357e+05,6.6415e+05,6.6359e+05,20.3,78.2,0.6,0.9,7.2184e+29,6.9902e+29,2.1870e+28,9.5000e+26,2.4800e+28,0.0000e+00,96.8,3.0,0.1
9,7.2783e+29,1.4532e+29,5.7120e+29,4.5100e+27,6.8000e+27,9.9930e+28,4.5390e+28,3.0758e+29,2.6362e+29,2.5700e+27,1.9400e+27,3.4400e+27,3.3600e+27,3.1347e+08,1.9093e+06,1.5001e+09,4.5018e-06,3.7314e+07,2.8270e+05,6.6359e+05,6.6297e+05,20.0,78.5,0.6,0.9,7.2743e+29,7.0399e+29,2.2540e+28,9.0000e+26,2.4731e+28,0.0000e+00,96.8,3.1,0.1
10,7.1396e+29,1.4307e+29,5.5976e+29,4.3000e+27,6.8300e+27,9.7710e+28,4.5360e+28,2.9827e+29,2.6149e+29,2.4200e+27,1.8800e+27,3.3000e+27,3.5300e+27,3.1186e+08,2.4299e+06,1.4152e+09,3.9029e-06,3.7094e+07,2.8262e+05,6.6297e+05,6.6229e+05,20.0,78.4,0.6,1.0,7.1434e+29,6.9162e+29,2.1800e+28,9.2000e+26,2.4655e+28,0.0000e+00,96.8,3.1,0.1
11,7.1095e+29,1.4517e+29,5.5494e+29,4.0600e+27,6.7800e+27,9.8530e+28,4.6640e+28,2.9694e+29,2.5800e+29,2.4300e+27,1.6300e+27,3.3700e+27,3.4100e+27,3.1063e+08,2.4722e+06,1.3993e+09,3.3934e-06,3.7025e+07,2.5565e+05,6.6228e+05,6.6154e+05,20.4,78.1,0.6,1.0,7.1265e+29,6.8966e+29,2.2070e+28,9.2000e+26,2.4572e+28,0.0000e+00,96.8,3.1,0.1
12,7.0360e+29,1.4532e+29,5.4700e+29,4.5600e+27,6.7200e+27,9.9350e+28,4.5970e+28,2.9225e+29,2.5475e+29,2.6300e+27,1.9300e+27,3.5300e+27,3.1900e+27,3.0863e+08,1.9280e+06,1.4325e+09,2.9608e-06,3.7434e+07,2.0964e+05,6.6153e+05,6.6073e+05,20.7,77.7,0.6,1.0,7.0181e+29,6.7983e+29,2.0930e+28,1.0500e+27,2.4481e+28,0.0000e+00,96.9,3.0,0.1
13,7.0926e+29,1.4344e+29,5.5448e+29,4.5900e+27,6.7500e+27,9.7460e+28,4.5980e+28,2.9682e+29,2.5766e+29,2.4700e+27,2.1200e+27,3.4000e+27,3.3500e+27,3.0694e+08,1.7993e+06,1.4137e+09,2.5941e-06,3.7101e+07,2.0711e+05,6.6072e+05,6.5985e+05,20.2,78.2,0.6,1.0,7.1071e+29,6.8869e+29,2.0790e+28,1.2300e+27,2.4383e+28,0.0000e+00,96.9,2.9,0.2
14,7.0464e+29,1.4327e+29,5.4995e+29,4.5700e+27,6.8500e+27,9.6910e+28,4.6360e+28,2.9672e+29,2.5323e+29,2.4400e+27,2.1300e+27,3.4300e+27,3.4200e+27,3.0555e+08,2.3796e+06,1.5034e+09,2.2820e-06,3.6884e+07,2.5244e+05,6.5985e+05,6.5891e+05,20.3,78.0,0.6,1.0,7.0654e+29,6.8400e+29,2.1370e+28,1.1700e+27,2.4456e+28,0.0000e+00,96.8,3.0,0.2
15,7.0329e+29,1.4309e+29,5.4958e+29,3.8900e+27,6.7300e+27,9.6240e+28,4.6850e+28,2.9518e+29,2.5440e+29,2.2900e+27,1.6000e+27,3.3200e+27,3.4100e+27,3.0362e+08,2.0476e+06,1.9061e+09,2.0190e-06,3.6458e+07,2.2878e+05,6.5891e+05,6.5791e+05,20.3,78.1,0.6,1.0,7.0135e+29,6.7944e+29,2.0720e+28,1.1900e+27,2.4343e+28,0.0000e+00,96.9,3.0,0.2
16,7.0437e+29,1.4281e+29,5.5053e+29,4.2800e+27,6.7500e+27,9.5690e+28,4.7120e+28,2.9670e+29,2.5383e+29,2.2400e+27,2.0400e+27,3.4500e+27,3.3000e+27,3.0194e+08,1.8930e+06,1.2078e+09,1.7980e-06,3.6764e+07,2.2640e+05,6.5790e+05,6.5685e+05,20.3,78.2,0.6,1.0,7.0415e+29,6.8273e+29,2.0200e+28,1.2200e+27,2.4223e+28,0.0000e+00,97.0,2.9,0.2
17,7.0195e+29,1.3897e+29,5.5220e+29,4.0000e+27,6.7800e+27,9.2950e+28,4.6020e+28,2.9478e+29,2.5742e+29,2.0700e+27,1.9300e+27,3.5000e+27,3.2800e+27,2.9994e+08,2.4064e+06,1.4691e+09,1.6127e-06,3.6643e+07,2.4161e+05,6.5684e+05,6.5573e+05,19.8,78.7,0.6,1.0,7.0386e+29,6.8269e+29,1.9690e+28,1.4800e+27,2.4097e+28,0.0000e+00,97.0,2.8,0.2
18,6.9159e+29,1.4239e+29,5.3838e+29,3.9500e+27,6.8700e+27,9.6190e+28,4.6200e+28,2.9172e+29,2.4666e+29,2.0400e+27,1.9100e+27,3.3800e+27,3.4900e+27,2.9827e+08,1.6684e+06,1.6225e+09,1.4571e-06,3.5010e+07,2.5461e+05,6.5572e+05,6.5453e+05,20.6,77.8,0.6,1.0,6.9222e+29,6.7129e+29,1.9680e+28,1.2500e+27,2.4138e+28,0.0000e+00,97.0,2.8,0.2
19,6.8404e+29,1.4174e+29,5.3138e+29,4.1000e+27,6.8200e+27,9.4520e+28,4.7220e+28,2.8318e+29,2.4820e+29,2.3000e+27,1.8000e+27,3.3400e+27,3.4800e+27,2.9690e+08,1.8474e+06,1.3637e+09,1.3282e-06,3.4650e+07,2.2330e+05,6.5453e+05,6.5329e+05,20.7,77.7,0.6,1.0,6.8437e+29,6.6312e+29,1.9650e+28,1.6000e+27,2.3997e+28,0.0000e+00,96.9,2.9,0.2
20,6.7551e+29,1.3979e+29,5.2433e+29,4.5800e+27,6.8100e+27,9.3700e+28,4.6090e+28,2.7895e+29,2.4538e+29,2.4400e+27,2.1400e+27,3.7000e+27,3.1100e+27,2.9554e+08,1.7425e+06,1.7120e+09,1.2223e-06,3.4619e+07,2.3959e+05,6.5328e+05,6.5198e+05,20.7,77.6,0.7,1.0,6.7507e+29,6.5418e+29,1.9070e+28,1.8200e+27,2.3850e+28,0.0000e+00,96.9,2.8,0.3
21,6.6258e+29,1.3898e+29,5.1258e+29,4.2300e+27,6.7900e+27,9.2720e+28,4.6260e+28,2.7432e+29,2.3826e+29,2.4800e+27,1.7500e+27,3.5600e+27,3.2300e+27,2.9340e+08,1.8956e+06,1.2261e+09,1.1366e-06,3.3467e+07,2.4346e+05,6.5197e+05,6.5062e+05,21.0,77.4,0.6,1.0,6.6435e+29,6.4339e+29,1.8780e+28,2.1800e+27,2.3697e+28,0.0000e+00,96.8,2.8,0.3
22,6.3846e+29,1.3748e+29,4.8975e+29,4.3700e+27,6.8600e+27,9.0960e+28,4.6520e+28,2.6072e+29,2.2903e+29,2.5800e+27,1.7900e+27,3.2700e+27,3.5900e+27,2.9207e+08,2.1134e+06,1.3864e+09,1.0681e-06,3.3400e+07,2.4834e+05,6.5061e+05,6.4919e+05,21.5,76.7,0.7,1.1,6.3949e+29,6.1954e+29,1.7740e+28,2.2100e+27,2.3707e+28,0.0000e+00,96.9,2.8,0.3
23,6.4841e+29,1.3832e+29,4.9906e+29,4.3000e+27,6.7300e+27,9.2000e+28,4.6320e+28,2.6437e+29,2.3469e+29,2.5000e+27,1.8000e+27,3.4400e+27,3.2900e+27,2.9016e+08,1.9910e+06,1.4228e+09,1.0156e-06,3.3138e+07,1.9850e+05,6.4918e+05,6.4771e+05,21.3,77.0,0.7,1.0,6.4842e+29,6.2837e+29,1.7920e+28,2.1300e+27,2.3541e+28,0.0000e+00,96.9,2.8,0.3
24,6.3787e+29,1.3639e+29,4.9068e+29,4.0500e+27,6.7500e+27,9.0750e+28,4.5640e+28,2.6339e+29,2.2729e+29,2.0000e+27,2.0500e+27,3.2600e+27,3.4900e+27,2.8855e+08,1.7285e+06,1.5286e+09,9.7770e-07,3.2781e+07,2.4919e+05,6.4770e+05,6.4617e+05,21.4,76.9,0.6,1.1,6.3898e+29,6.1895e+29,1.7710e+28,2.3200e+27,2.3369e+28,0.0000e+00,96.9,2.8,0.4
25,6.3154e+29,1.3487e+29,4.8559e+29,4.3300e+27,6.7500e+27,8.9170e+28,4.5700e+28,2.6113e+29,2.2446e+29,2.3200e+27,2.0100e+27,3.3800e+27,3.3700e+27,2.8721e+08,1.8698e+06,1.4929e+09,9.6093e-07,3.1977e+07,2.7039e+05,6.4616e+05,6.4457e+05,21.4,76.9,0.7,1.1,6.3253e+29,6.1319e+29,1.6720e+28,2.6200e+27,2.3357e+28,0.0000e+00,96.9,2.6,0.4
26,6.2698e+29,1.3514e+29,4.8073e+29,4.2800e+27,6.8300e+27,9.0050e+28,4.5090e+28,2.5498e+29,2.2575e+29,2.3900e+27,1.8900e+27,3.2500e+27,3.5800e+27,2.8525e+08,1.6736e+06,1.2519e+09,9.4975e-07,3.2885e+07,2.1312e+05,6.4456e+05,6.4292e+05,21.6,76.7,0.7,1.1,6.2606e+29,6.0755e+29,1.5580e+28,2.9300e+27,2.3172e+28,0.0000e+00,97.0,2.5,0.5
27,6.2360e+29,1.3683e+29,4.7564e+29,4.3300e+27,6.8000e+27,9.1690e+28,4.5140e+28,2.4772e+29,2.2792e+29,2.2800e+27,2.0500e+27,3.3600e+27,3.4400e+27,2.8350e+08,1.8621e+06,1.4266e+09,9.4899e-07,3.2614e+07,2.1740e+05,6.4291e+05,6.4121e+05,21.9,76.3,0.7,1.1,6.2398e+29,6.0435e+29,1.6520e+28,3.1100e+27,2.3144e+28,0.0000e+00,96.9,2.6,0.5
28,6.1864e+29,1.3419e+29,4.7371e+29,3.8800e+27,6.8600e+27,8.9170e+28,4.5020e+28,2.5170e+29,2.2201e+29,2.3200e+27,1.5600e+27,3.3000e+27,3.5600e+27,2.8216e+08,1.6781e+06,1.3919e+09,9.5964e-07,3.1913e+07,2.4981e+05,6.4119e+05,6.3944e+05,21.7,76.6,0.6,1.1,6.2033e+29,6.0113e+29,1.6130e+28,3.0700e+27,2.2947e+28,0.0000e+00,96.9,2.6,0.5
29,5.9154e+29,1.3427e+29,4.4635e+29,4.1000e+27,6.8200e+27,8.7770e+28,4.6500e+28,2.2852e+29,2.1783e+29,2.0600e+27,2.0400e+27,3.3200e+27,3.5000e+27,2.8090e+08,1.4385e+06,1.2417e+09,9.7595e-07,3.2165e+07,2.5612e+05,6.3943e+05,6.3763e+05,22.7,75.5,0.7,1.2,5.9238e+29,5.7406e+29,1.5010e+28,3.3100e+27,2.2746e+28,0.0000e+00,96.9,2.5,0.6
30,5.8279e+29,1.3414e+29,4.3810e+29,3.7100e+27,6.8400e+27,8.8390e+28,4.5750e+28,2.2184e+29,2.1626e+29,2.0600e+27,1.6500e+27,3.5200e+27,3.3200e+27,2.7929e+08,1.3550e+06,1.3559e+09,1.0153e-06,3.1698e+07,2.0115e+05,6.3761e+05,6.3575e+05,23.0,75.2,0.6,1.2,5.8467e+29,5.6655e+29,1.4550e+28,3.5700e+27,2.2698e+28,0.0000e+00,96.9,2.5,0.6
31,5.6270e+29,1.3268e+29,4.1943e+29,3.8600e+27,6.7300e+27,8.7290e+28,4.5390e+28,2.1711e+29,2.0232e+29,1.9900e+27,1.8700e+27,3.1500e+27,3.5800e+27,2.7803e+08,1.8195e+06,1.2741e+09,1.0640e-06,3.1059e+07,2.1723e+05,6.3574e+05,6.3383e+05,23.6,74.5,0.7,1.2,5.6314e+29,5.4575e+29,1.3680e+28,3.7100e+27,2.2485e+28,0.0000e+00,96.9,2.4,0.7
32,5.6637e+29,1.3141e+29,4.2453e+29,3.6500e+27,6.7800e+27,8.6170e+28,4.5240e+28,2.2024e+29,2.0429e+29,1.9200e+27,1.7300e+27,3.4400e+27,3.3400e+27,2.7626e+08,1.5874e+06,1.2809e+09,1.1320e-06,3.0513e+07,2.2114e+05,6.3382e+05,6.3185e+05,23.2,75.0,0.6,1.2,5.6586e+29,5.4833e+29,1.3910e+28,3.6200e+27,2.2423e+28,0.0000e+00,96.9,2.5,0.6
33,5.5423e+29,1.3119e+29,4.1223e+29,4.0600e+27,6.7500e+27,8.6100e+28,4.5090e+28,2.1826e+29,1.9397e+29,2.2000e+27,1.8600e+27,3.6000e+27,3.1500e+27,2.7483e+08,1.2206e+06,1.3889e+09,1.2234e-06,3.0146e+07,2.0022e+05,6.3184e+05,6.2983e+05,23.7,74.4,0.7,1.2,5.5555e+29,5.3816e+29,1.3240e+28,4.1500e+27,2.2200e+28,0.0000e+00,96.9,2.4,0.7
34,5.4455e+29,1.3066e+29,4.0298e+29,4.0300e+27,6.8800e+27,8.5360e+28,4.5300e+28,2.0768e+29,1.9530e+29,2.1600e+27,1.8700e+27,3.5400e+27,3.3400e+27,2.7379e+08,1.6157e+06,1.3889e+09,1.3424e-06,2.9692e+07,1.8877e+05,6.2982e+05,6.2775e+05,24.0,74.0,0.7,1.3,5.4461e+29,5.2780e+29,1.2740e+28,4.0700e+27,2.2125e+28,0.0000e+00,96.9,2.3,0.7
35,5.3136e+29,1.3034e+29,3.9031e+29,3.8600e+27,6.8500e+27,8.6170e+28,4.4170e+28,2.0608e+29,1.8423e+29,2.1300e+27,1.7300e+27,3.4200e+27,3.4300e+27,2.7234e+08,1.4921e+06,1.1902e+09,1.4962e-06,2.9531e+07,1.8614e+05,6.2773e+05,6.2563e+05,24.5,73.5,0.7,1.3,5.3187e+29,5.1571e+29,1.1780e+28,4.3800e+27,2.1892e+28,0.0000e+00,97.0,2.2,0.8
36,5.2112e+29,1.2846e+29,3.8227e+29,3.5800e+27,6.8100e+27,8.4670e+28,4.3790e+28,1.9888e+29,1.8339e+29,1.7900e+27,1.7900e+27,3.2700e+27,3.5400e+27,2.7082e+08,1.4242e+06,1.5216e+09,1.6924e-06,2.8773e+07,1.9747e+05,6.2561e+05,6.2345e+05,24.7,73.4,0.7,1.3,5.2193e+29,5.0618e+29,1.1420e+28,4.3300e+27,2.1804e+28,0.0000e+00,97.0,2.2,0.8
37,5.1477e+29,1.2938e+29,3.7482e+29,3.7800e+27,6.7900e+27,8.5210e+28,4.4170e+28,2.0008e+29,1.7474e+29,2.1200e+27,1.6600e+27,3.5000e+27,3.2900e+27,2.6935e+08,1.5458e+06,1.3947e+09,1.9440e-06,2.8616e+07,1.9312e+05,6.2343e+05,6.2123e+05,25.1,72.8,0.7,1.3,5.1488e+29,4.9872e+29,1.1360e+28,4.8000e+27,2.1562e+28,0.0000e+00,96.9,2.2,0.9
38,5.0438e+29,1.2829e+29,3.6570e+29,3.5400e+27,6.8500e+27,8.4020e+28,4.4270e+28,1.9446e+29,1.7124e+29,1.8900e+27,1.6500e+27,3.5400e+27,3.3100e+27,2.6790e+08,1.1667e+06,1.1522e+09,2.2823e-06,2.8067e+07,1.5190e+05,6.2121e+05,6.1896e+05,25.4,72.5,0.7,1.4,5.0555e+29,4.9040e+29,1.0750e+28,4.4000e+27,2.1463e+28,0.0000e+00,97.0,2.1,0.9
39,4.9679e+29,1.2701e+29,3.5936e+29,3.5800e+27,6.8400e+27,8.3920e+28,4.3090e+28,1.9049e+29,1.6887e+29,1.8600e+27,1.7200e+27,3.4700e+27,3.3700e+27,2.6654e+08,1.1221e+06,1.0591e+09,2.7190e-06,2.8065e+07,1.6227e+05,6.1894e+05,6.1666e+05,25.6,72.3,0.7,1.4,4.9752e+29,4.8239e+29,1.0730e+28,4.4000e+27,2.1213e+28,0.0000e+00,97.0,2.2,0.9
40,4.8913e+29,1.2647e+29,3.5244e+29,3.5000e+27,6.7200e+27,8.2730e+28,4.3740e+28,1.8551e+29,1.6693e+29,1.8100e+27,1.6900e+27,3.3600e+27,3.3600e+27,2.6486e+08,1.3693e+06,1.1377e+09,3.2563e-06,2.8034e+07,1.6663e+05,6.1664e+05,6.1430e+05,25.9,72.1,0.7,1.4,4.8962e+29,4.7423e+29,1.0460e+28,4.9300e+27,2.1102e+28,0.0000e+00,96.9,2.1,1.0
41,4.7737e+29,1.2692e+29,3.3984e+29,3.7200e+27,6.8900e+27,8.2930e+28,4.3990e+28,1.8013e+29,1.5971e+29,1.9900e+27,1.7300e+27,3.6400e+27,3.2500e+27,2.6354e+08,1.2604e+06,1.0762e+09,3.9529e-06,2.7777e+07,1.5434e+05,6.1428e+05,6.1189e+05,26.6,71.2,0.8,1.4,4.7760e+29,4.6283e+29,9.5900e+27,5.1800e+27,2.0985e+28,0.0000e+00,96.9,2.0,1.1
42,4.7624e+29,1.2445e+29,3.4164e+29,3.3900e+27,6.7600e+27,8.2230e+28,4.2220e+28,1.8060e+29,1.6104e+29,1.6500e+27,1.7400e+27,3.3600e+27,3.4000e+27,2.6256e+08,1.3471e+06,1.0495e+09,4.8620e-06,2.6915e+07,1.5398e+05,6.1187e+05,6.0945e+05,26.1,71.7,0.7,1.4,4.7666e+29,4.6194e+29,9.8400e+27,4.8800e+27,2.0722e+28,0.0000e+00,96.9,2.1,1.0
43,4.6322e+29,1.2670e+29,3.2619e+29,3.4400e+27,6.8900e+27,8.3590e+28,4.3110e+28,1.7370e+29,1.5249e+29,1.6800e+27,1.7600e+27,3.4900e+27,3.4000e+27,2.6074e+08,1.6229e+06,1.5063e+09,6.0466e-06,2.6567e+07,1.6230e+05,6.0943e+05,6.0696e+05,27.4,70.4,0.7,1.5,4.6347e+29,4.4900e+29,9.6400e+27,4.8300e+27,2.0595e+28,0.0000e+00,96.9,2.1,1.0
44,4.6041e+29,1.2487e+29,3.2508e+29,3.4200e+27,7.0400e+27,8.3770e+28,4.1100e+28,1.7077e+29,1.5431e+29,1.8400e+27,1.5800e+27,3.6500e+27,3.3900e+27,2.5980e+08,1.4100e+06,1.4171e+09,7.6680e-06,2.6174e+07,1.5187e+05,6.0695e+05,6.0445e+05,27.1,70.6,0.7,1.5,4.6071e+29,4.4561e+29,1.0050e+28,5.0500e+27,2.0326e+28,0.0000e+00,96.7,2.2,1.1
45,4.4595e+29,1.2410e+29,3.1151e+29,3.4900e+27,6.8500e+27,8.2540e+28,4.1560e+28,1.5900e+29,1.5251e+29,1.7500e+27,1.7400e+27,3.4100e+27,3.4400e+27,2.5802e+08,1.2609e+06,1.0693e+09,5.6374e-06,2.6005e+07,1.7261e+05,6.0443e+05,6.0189e+05,27.8,69.9,0.8,1.5,4.4633e+29,4.3209e+29,8.9300e+27,5.3100e+27,2.0190e+28,0.0000e+00,96.8,2.0,1.2
46,4.4199e+29,1.2322e+29,3.0860e+29,3.2800e+27,6.8900e+27,8.1800e+28,4.1420e+28,1.6859e+29,1.4001e+29,1.7300e+27,1.5500e+27,3.3400e+27,3.5500e+27,2.5660e+08,1.4126e+06,1.1454e+09,3.8655e-06,2.6094e+07,1.4651e+05,6.0187e+05,5.9928e+05,27.9,69.8,0.7,1.6,4.4245e+29,4.2860e+29,8.9200e+27,4.9300e+27,2.0048e+28,0.0000e+00,96.9,2.0,1.1
47,4.3197e+29,1.2155e+29,3.0028e+29,3.3400e+27,6.8000e+27,8.0490e+28,4.1060e+28,1.6362e+29,1.3666e+29,1.9800e+27,1.3600e+27,3.3900e+27,3.4100e+27,2.5485e+08,1.4805e+06,1.0532e+09,2.5585e-06,2.5254e+07,1.7337e+05,5.9926e+05,5.9663e+05,28.1,69.5,0.8,1.6,4.3309e+29,4.1974e+29,8.1200e+27,5.2300e+27,1.9900e+28,0.0000e+00,96.9,1.9,1.2
48,4.3008e+29,1.2259e+29,2.9745e+29,3.2600e+27,6.7800e+27,8.2440e+28,4.0150e+28,1.6354e+29,1.3391e+29,1.8100e+27,1.4500e+27,3.5100e+27,3.2700e+27,2.5312e+08,1.1090e+06,1.2098e+09,1.6331e-06,2.4544e+07,1.2378e+05,5.9662e+05,5.9396e+05,28.5,69.2,0.8,1.6,4.2986e+29,4.1625e+29,8.3200e+27,5.2900e+27,1.9619e+28,0.0000e+00,96.8,1.9,1.2
49,4.2390e+29,1.2219e+29,2.9211e+29,2.7200e+27,6.8800e+27,8.2190e+28,4.0000e+28,1.5584e+29,1.3627e+29,1.3900e+27,1.3300e+27,3.2300e+27,3.6500e+27,2.5172e+08,1.3601e+06,1.2070e+09,9.9765e-07,2.3472e+07,1.5591e+05,5.9395e+05,5.9125e+05,28.8,68.9,0.6,1.6,4.2417e+29,4.1107e+29,8.0700e+27,5.0300e+27,1.9463e+28,0.0000e+00,96.9,1.9,1.2
50,4.1738e+29,1.2195e+29,2.8544e+29,3.1900e+27,6.8000e+27,8.2200e+28,3.9750e+28,1.5353e+29,1.3191e+29,1.8400e+27,1.3500e+27,3.4100e+27,3.3900e+27,2.5041e+08,1.1332e+06,1.1419e+09,5.8002e-07,2.3650e+07,1.6677e+05,5.9124e+05,5.8850e+05,29.2,68.4,0.8,1.6,4.1721e+29,4.0435e+29,7.9100e+27,4.9500e+27,1.9302e+28,0.0000e+00,96.9,1.9,1.2
51,4.0814e+29,1.2003e+29,2.7845e+29,2.7900e+27,6.8700e+27,8.2560e+28,3.7470e+28,1.5072e+29,1.2773e+29,1.5200e+27,1.2700e+27,3.5700e+27,3.3000e+27,2.4891e+08,1.4003e+06,1.1931e+09,3.1990e-07,2.3068e+07,1.4522e+05,5.8849e+05,5.8574e+05,29.4,68.2,0.7,1.7,4.0874e+29,3.9589e+29,7.7000e+27,5.1500e+27,1.9015e+28,0.0000e+00,96.9,1.9,1.3
52,4.0146e+29,1.2084e+29,2.7065e+29,3.1500e+27,6.8200e+27,8.1780e+28,3.9060e+28,1.4584e+29,1.2481e+29,1.6500e+27,1.5000e+27,3.4300e+27,3.3900e+27,2.4727e+08,1.3909e+06,1.0992e+09,1.6464e-07,2.3058e+07,1.2958e+05,5.8572e+05,5.8291e+05,30.1,67.4,0.8,1.7,4.0156e+29,3.8887e+29,7.4000e+27,5.2900e+27,1.8968e+28,0.0000e+00,96.8,1.8,1.3
53,4.0644e+29,1.2125e+29,2.7511e+29,3.1900e+27,6.8900e+27,8.2460e+28,3.8790e+28,1.4692e+29,1.2819e+29,1.7900e+27,1.4000e+27,3.3300e+27,3.5600e+27,2.4597e+08,1.3289e+06,1.0558e+09,7.8868e-08,2.2540e+07,1.3986e+05,5.8290e+05,5.8008e+05,29.8,67.7,0.8,1.7,4.0680e+29,3.9434e+29,7.3300e+27,5.1300e+27,1.8675e+28,0.0000e+00,96.9,1.8,1.3
54,4.0551e+29,1.1998e+29,2.7567e+29,3.0600e+27,6.8000e+27,8.2680e+28,3.7300e+28,1.5002e+29,1.2565e+29,1.5500e+27,1.5100e+27,3.3600e+27,3.4400e+27,2.4420e+08,1.0016e+06,1.0287e+09,3.4529e-08,2.1821e+07,1.4122e+05,5.8006e+05,5.7721e+05,29.6,68.0,0.8,1.7,4.0564e+29,3.9257e+29,7.6700e+27,5.4000e+27,1.8500e+28,0.0000e+00,96.8,1.9,1.3
55,3.9180e+29,1.2013e+29,2.6200e+29,2.9000e+27,6.7700e+27,8.3490e+28,3.6640e+28,1.4520e+29,1.1680e+29,1.5600e+27,1.3400e+27,3.1800e+27,3.5900e+27,2.4345e+08,1.2449e+06,1.0657e+09,1.3645e-08,2.1586e+07,1.3751e+05,5.7719e+05,5.7432e+05,30.7,66.9,0.7,1.7,3.9217e+29,3.7952e+29,7.1500e+27,5.5000e+27,1.8206e+28,0.0000e+00,96.8,1.8,1.4
56,3.9144e+29,1.2113e+29,2.6059e+29,2.7700e+27,6.9500e+27,8.2930e+28,3.8200e+28,1.4020e+29,1.2039e+29,1.3700e+27,1.4000e+27,3.4300e+27,3.5200e+27,2.4173e+08,1.3172e+06,1.0319e+09,4.6903e-09,2.1247e+07,1.9244e+05,5.7430e+05,5.7139e+05,30.9,66.6,0.7,1.8,3.9079e+29,3.7833e+29,7.2200e+27,5.2400e+27,1.8139e+28,0.0000e+00,96.8,1.8,1.3
57,3.9713e+29,1.1978e+29,2.6761e+29,2.8600e+27,6.8800e+27,8.1490e+28,3.8290e+28,1.4598e+29,1.2163e+29,1.3500e+27,1.5100e+27,3.3400e+27,3.5400e+27,2.4034e+08,1.4788e+06,1.1708e+09,1.3724e-09,2.0174e+07,1.3662e+05,5.7137e+05,5.6845e+05,30.2,67.4,0.7,1.7,3.9793e+29,3.8562e+29,6.8200e+27,5.4900e+27,1.7842e+28,0.0000e+00,96.9,1.7,1.4
58,4.0190e+29,1.1997e+29,2.7214e+29,2.8400e+27,6.9500e+27,8.3310e+28,3.6660e+28,1.5061e+29,1.2153e+29,1.4800e+27,1.3600e+27,3.5400e+27,3.4100e+27,2.3899e+08,1.3851e+06,1.0224e+09,3.1948e-10,2.0135e+07,1.7000e+05,5.6843e+05,5.6546e+05,29.9,67.7,0.7,1.7,4.0211e+29,3.9038e+29,6.6500e+27,5.0800e+27,1.7764e+28,0.0000e+00,97.1,1.7,1.3
59,3.8674e+29,1.2087e+29,2.5642e+29,2.6700e+27,6.7800e+27,8.3630e+28,3.7240e+28,1.4148e+29,1.1494e+29,1.5500e+27,1.1200e+27,3.3800e+27,3.4000e+27,2.3751e+08,1.5903e+06,1.0144e+09,5.5624e-11,2.0142e+07,1.8466e+05,5.6544e+05,5.6246e+05,31.3,66.3,0.7,1.8,3.8717e+29,3.7502e+29,6.7300e+27,5.4200e+27,1.7463e+28,0.0000e+00,96.9,1.7,1.4
60,3.8745e+29,1.2027e+29,2.5762e+29,2.6700e+27,6.8900e+27,8.2510e+28,3.7760e+28,1.4352e+29,1.1410e+29,1.2700e+27,1.4000e+27,3.6700e+27,3.2200e+27,2.3700e+08,1.3565e+06,1.0162e+09,6.2817e-12,1.9670e+07,1.8862e+05,5.6244e+05,5.5944e+05,31.0,66.5,0.7,1.8,3.8709e+29,3.7526e+29,6.8900e+27,4.9400e+27,1.7271e+28,0.0000e+00,96.9,1.8,1.3
61,3.7343e+29,1.1854e+29,2.4512e+29,2.8900e+27,6.8800e+27,8.3490e+28,3.5050e+28,1.3952e+29,1.0560e+29,1.6200e+27,1.2700e+27,3.2800e+27,3.6000e+27,2.3570e+08,1.5293e+06,1.1918e+09,3.6145e-13,1.9232e+07,1.8861e+05,5.5942e+05,5.5640e+05,31.7,65.6,0.8,1.8,3.7445e+29,3.6262e+29,6.5100e+27,5.3200e+27,1.7075e+28,0.0000e+00,96.8,1.7,1.4
62,3.8509e+29,1.2113e+29,2.5438e+29,2.7000e+27,6.8800e+27,8.5600e+28,3.5530e+28,1.4143e+29,1.1295e+29,1.3900e+27,1.3100e+27,3.2700e+27,3.6100e+27,2.3458e+08,1.3391e+06,1.0113e+09,5.8523e-15,1.8797e+07,1.6189e+05,5.5638e+05,5.5334e+05,31.5,66.1,0.7,1.8,3.8382e+29,3.7237e+29,6.6300e+27,4.8200e+27,1.6878e+28,0.0000e+00,97.0,1.7,1.3
63,3.8537e+29,1.2070e+29,2.5539e+29,2.4500e+27,6.8300e+27,8.5580e+28,3.5120e+28,1.3866e+29,1.1673e+29,1.2200e+27,1.2300e+27,3.4300e+27,3.4000e+27,2.3381e+08,6.3996e+05,1.1188e+09,4.1246e-18,1.8532e+07,1.6691e+05,5.5332e+05,5.5025e+05,31.3,66.3,0.6,1.8,3.8604e+29,3.7401e+29,6.8100e+27,5.2200e+27,1.6677e+28,0.0000e+00,96.9,1.8,1.4
64,3.7856e+29,1.1988e+29,2.4906e+29,2.7800e+27,6.8400e+27,8.4480e+28,3.5400e+28,1.3475e+29,1.1431e+29,1.3900e+27,1.3900e+27,3.4600e+27,3.3800e+27,2.3273e+08,1.8960e+03,1.0877e+09,1.0012e-20,3.6920e+07,1.8591e+05,5.5023e+05,5.4715e+05,31.7,65.8,0.7,1.8,3.7915e+29,3.6772e+29,6.3000e+27,5.1300e+27,1.6475e+28,0.0000e+00,97.0,1.7,1.4
65,3.8149e+29,1.2165e+29,2.5003e+29,3.0000e+27,6.8100e+27,8.6450e+28,3.5200e+28,1.2783e+29,1.2220e+29,1.7700e+27,1.2300e+27,3.5500e+27,3.2600e+27,2.3157e+08,3.8701e+05,1.2058e+09,1.0144e-20,3.6606e+07,1.9461e+05,5.4713e+05,5.4403e+05,31.9,65.5,0.8,1.8,3.8160e+29,3.7032e+29,6.1900e+27,5.0900e+27,1.6271e+28,0.0000e+00,97.0,1.6,1.3
66,3.7289e+29,1.2211e+29,2.4114e+29,2.7900e+27,6.8500e+27,8.7360e+28,3.4750e+28,1.2327e+29,1.1787e+29,1.5800e+27,1.2100e+27,3.4200e+27,3.4300e+27,2.3047e+08,1.6982e+06,9.7944e+08,8.5904e-17,3.5123e+07,1.9622e+05,5.4401e+05,5.4090e+05,32.7,64.7,0.7,1.8,3.7332e+29,3.6255e+29,5.9100e+27,4.8600e+27,1.6066e+28,0.0000e+00,97.1,1.6,1.3
67,3.6911e+29,1.2362e+29,2.3601e+29,2.6200e+27,6.8600e+27,8.8220e+28,3.5400e+28,1.2452e+29,1.1149e+29,1.6700e+27,9.5000e+26,3.6600e+27,3.2000e+27,2.2944e+08,1.4536e+06,9.7927e+08,4.9503e-14,3.4009e+07,1.6045e+05,5.4088e+05,5.3775e+05,33.5,63.9,0.7,1.9,3.6897e+29,3.5788e+29,6.2100e+27,4.8800e+27,1.5859e+28,0.0000e+00,97.0,1.7,1.3
68,3.6241e+29,1.2562e+29,2.2717e+29,2.7200e+27,6.9000e+27,9.0210e+28,3.5410e+28,1.2098e+29,1.0619e+29,1.6000e+27,1.1200e+27,3.4900e+27,3.4100e+27,2.2844e+08,1.6040e+06,9.7500e+08,2.6499e-12,3.3070e+07,1.4858e+05,5.3773e+05,5.3457e+05,34.7,62.7,0.8,1.9,3.6248e+29,3.5084e+29,6.1100e+27,5.5300e+27,1.5742e+28,0.0000e+00,96.8,1.7,1.5
69,3.6360e+29,1.2607e+29,2.2784e+29,2.8100e+27,6.8800e+27,9.1400e+28,3.4670e+28,1.1993e+29,1.0791e+29,1.5200e+27,1.2900e+27,3.4300e+27,3.4500e+27,2.2728e+08,1.5030e+06,9.8624e+08,5.0320e-11,3.1858e+07,1.6092e+05,5.3455e+05,5.3139e+05,34.7,62.7,0.8,1.9,3.6346e+29,3.5171e+29,6.2500e+27,5.5000e+27,1.5440e+28,0.0000e+00,96.8,1.7,1.5
70,3.6462e+29,1.2618e+29,2.2878e+29,2.8200e+27,6.8400e+27,9.2670e+28,3.3510e+28,1.2314e+29,1.0564e+29,1.6400e+27,1.1800e+27,3.4000e+27,3.4400e+27,2.2663e+08,1.6065e+06,9.7798e+08,5.0905e-10,3.0481e+07,1.9853e+05,5.3138e+05,5.2821e+05,34.6,62.7,0.8,1.9,3.6506e+29,3.5352e+29,6.1600e+27,5.3800e+27,1.5231e+28,0.0000e+00,96.8,1.7,1.5
71,3.6156e+29,1.2588e+29,2.2605e+29,2.7400e+27,6.8900e+27,9.2900e+28,3.2980e+28,1.2654e+29,9.9510e+28,1.4800e+27,1.2600e+27,3.3300e+27,3.5600e+27,2.2564e+08,1.7235e+06,9.6532e+08,3.4805e-09,2.9173e+07,2.1072e+05,5.2819e+05,5.2502e+05,34.8,62.5,0.8,1.9,3.6158e+29,3.5052e+29,5.8800e+27,5.1800e+27,1.5020e+28,0.0000e+00,96.9,1.6,1.4
72,3.6863e+29,1.3046e+29,2.2863e+29,2.6500e+27,6.8900e+27,9.6890e+28,3.3570e+28,1.2191e+29,1.0672e+29,1.4800e+27,1.1700e+27,3.4400e+27,3.4500e+27,2.2458e+08,1.7261e+06,9.4751e+08,1.8065e-08,2.8280e+07,1.7974e+05,5.2500e+05,5.2181e+05,35.4,62.0,0.7,1.9,3.6896e+29,3.5727e+29,6.1800e+27,5.5100e+27,1.4893e+28,0.0000e+00,96.8,1.7,1.5
73,3.6547e+29,1.2992e+29,2.2589e+29,2.7800e+27,6.8800e+27,9.6340e+28,3.3580e+28,1.2544e+29,1.0045e+29,1.4400e+27,1.3400e+27,3.1900e+27,3.6900e+27,2.2317e+08,1.8634e+06,9.4050e+08,7.6996e-08,2.7214e+07,1.7238e+05,5.2179e+05,5.1859e+05,35.5,61.8,0.8,1.9,3.6557e+29,3.5430e+29,5.8000e+27,5.4700e+27,1.4679e+28,0.0000e+00,96.9,1.6,1.5
74,3.6228e+29,1.3200e+29,2.2094e+29,2.5400e+27,6.8000e+27,9.8740e+28,3.3260e+28,1.2210e+29,9.8840e+28,1.5400e+27,1.0000e+27,3.3500e+27,3.4500e+27,2.2239e+08,1.7223e+06,9.1933e+08,2.7962e-07,2.6124e+07,1.8139e+05,5.1857e+05,5.1538e+05,36.4,61.0,0.7,1.9,3.6208e+29,3.5084e+29,5.8200e+27,5.4200e+27,1.4385e+28,0.0000e+00,96.9,1.6,1.5
75,3.6881e+29,1.3512e+29,2.2409e+29,2.7200e+27,6.8800e+27,1.0269e+29,3.2430e+28,1.2602e+29,9.8070e+28,1.4200e+27,1.3000e+27,3.5000e+27,3.3800e+27,2.2133e+08,1.7582e+06,9.1691e+08,7.8402e-07,2.5525e+07,1.7976e+05,5.1537e+05,5.1216e+05,36.6,60.8,0.7,1.9,3.6824e+29,3.5732e+29,5.5900e+27,5.3300e+27,1.4253e+28,0.0000e+00,97.0,1.5,1.4
76,3.7170e+29,1.3783e+29,2.2435e+29,2.6700e+27,6.8500e+27,1.0441e+29,3.3420e+28,1.2952e+29,9.4830e+28,1.5000e+27,1.1700e+27,3.4300e+27,3.4200e+27,2.2027e+08,1.8280e+06,1.0089e+09,2.1358e-07,2.4663e+07,1.7542e+05,5.1214e+05,5.0891e+05,37.1,60.4,0.7,1.8,3.7205e+29,3.6117e+29,5.6700e+27,5.2100e+27,1.4117e+28,0.0000e+00,97.1,1.5,1.4
77,3.7375e+29,1.3969e+29,2.2446e+29,2.7900e+27,6.8100e+27,1.0693e+29,3.2760e+28,1.2659e+29,9.7870e+28,1.5800e+27,1.2100e+27,3.1500e+27,3.6600e+27,2.1932e+08,1.4704e+06,1.2484e+09,4.6328e-08,2.3737e+07,1.3602e+05,5.0889e+05,5.0569e+05,37.4,60.1,0.7,1.8,3.7347e+29,3.6201e+29,5.7300e+27,5.7300e+27,1.3825e+28,0.0000e+00,96.9,1.5,1.5
78,3.7166e+29,1.3996e+29,2.2239e+29,2.4500e+27,6.8600e+27,1.0885e+29,3.1110e+28,1.3238e+29,9.0010e+28,1.2300e+27,1.2200e+27,3.4000e+27,3.4600e+27,2.1833e+08,1.3778e+06,9.7539e+08,7.4301e-09,2.2741e+07,1.2749e+05,5.0567e+05,5.0244e+05,37.7,59.8,0.7,1.8,3.7227e+29,3.6139e+29,5.5700e+27,5.3100e+27,1.3687e+28,0.0000e+00,97.1,1.5,1.4
79,3.6999e+29,1.3984e+29,2.2079e+29,2.5700e+27,6.7900e+27,1.0903e+29,3.0810e+28,1.3164e+29,8.9150e+28,1.3700e+27,1.2000e+27,3.5700e+27,3.2200e+27,2.1780e+08,1.3635e+06,8.6609e+08,7.6245e-10,2.2197e+07,1.2617e+05,5.0243e+05,4.9922e+05,37.8,59.7,0.7,1.8,3.7028e+29,3.5951e+29,5.3100e+27,5.4600e+27,1.3401e+28,0.0000e+00,97.1,1.4,1.5
80,3.7045e+29,1.4106e+29,2.1984e+29,2.6800e+27,6.8700e+27,1.1099e+29,3.0070e+28,1.2960e+29,9.0240e+28,1.2600e+27,1.4200e+27,3.6800e+27,3.1900e+27,2.1653e+08,1.1220e+06,1.0240e+09,3.7907e-11,2.1308e+07,1.8478e+05,4.9921e+05,4.9599e+05,38.1,59.3,0.7,1.9,3.7021e+29,3.5944e+29,5.4800e+27,5.2900e+27,1.3262e+28,0.0000e+00,97.1,1.5,1.4
81,3.8079e+29,1.4533e+29,2.2582e+29,2.8000e+27,6.8400e+27,1.1468e+29,3.0650e+28,1.3695e+29,8.8870e+28,1.5900e+27,1.2100e+27,3.4400e+27,3.4000e+27,2.1559e+08,1.0949e+06,1.1999e+09,4.8523e-13,2.0546e+07,1.6034e+05,4.9597e+05,4.9274e+05,38.2,59.3,0.7,1.8,3.8018e+29,3.6922e+29,5.7900e+27,5.1700e+27,1.3120e+28,0.0000e+00,97.1,1.5,1.4
82,3.8246e+29,1.4922e+29,2.2368e+29,2.7100e+27,6.8500e+27,1.1933e+29,2.9890e+28,1.4067e+29,8.3010e+28,1.4800e+27,1.2300e+27,3.7000e+27,3.1500e+27,2.1530e+08,6.6627e+05,8.4882e+08,1.8992e-16,2.0026e+07,1.7439e+05,4.9272e+05,4.8950e+05,39.0,58.5,0.7,1.8,3.8299e+29,3.7191e+29,5.6300e+27,5.4500e+27,1.2906e+28,0.0000e+00,97.1,1.5,1.4
83,3.7440e+29,1.4501e+29,2.1995e+29,2.7000e+27,6.7400e+27,1.1491e+29,3.0100e+28,1.3695e+29,8.3000e+28,1.4300e+27,1.2700e+27,3.4100e+27,3.3300e+27,2.1448e+08,3.6208e+03,9.1076e+08,1.0266e-20,3.0300e+07,1.6228e+05,4.8948e+05,4.8629e+05,38.7,58.7,0.7,1.8,3.7485e+29,3.6369e+29,5.9200e+27,5.2400e+27,1.2628e+28,0.0000e+00,97.0,1.6,1.4
84,3.7843e+29,1.5098e+29,2.1728e+29,3.1600e+27,7.0100e+27,1.2037e+29,3.0610e+28,1.2748e+29,8.9800e+28,1.8500e+27,1.3100e+27,3.5000e+27,3.5100e+27,2.1356e+08,7.6733e+05,8.7039e+08,1.0166e-20,3.0407e+07,1.9316e+05,4.8627e+05,4.8305e+05,39.9,57.4,0.8,1.9,3.7840e+29,3.6768e+29,5.4100e+27,5.3100e+27,1.2551e+28,0.0000e+00,97.2,1.4,1.4
85,3.7754e+29,1.5209e+29,2.1593e+29,2.6100e+27,6.9100e+27,1.2248e+29,2.9610e+28,1.2972e+29,8.6210e+28,1.4800e+27,1.1300e+27,3.5000e+27,3.4100e+27,2.1290e+08,1.6567e+06,1.0969e+09,1.2154e-14,2.9147e+07,2.1030e+05,4.8303e+05,4.7984e+05,40.3,57.2,0.7,1.8,3.7744e+29,3.6615e+29,5.8300e+27,5.4600e+27,1.2277e+28,0.0000e+00,97.0,1.5,1.4
86,3.8707e+29,1.5984e+29,2.1719e+29,3.1700e+27,6.8700e+27,1.2956e+29,3.0280e+28,1.3255e+29,8.4640e+28,1.6300e+27,1.5400e+27,3.4600e+27,3.4100e+27,2.1240e+08,1.9940e+06,7.5271e+08,5.8627e-12,2.7956e+07,2.2727e+05,4.7982e+05,4.7663e+05,41.3,56.1,0.8,1.8,3.8722e+29,3.7587e+29,5.8100e+27,5.5400e+27,1.2133e+28,0.0000e+00,97.1,1.5,1.4
87,3.7793e+29,1.5804e+29,2.0986e+29,3.1000e+27,6.9300e+27,1.2979e+29,2.8250e+28,1.3028e+29,7.9580e+28,1.8000e+27,1.3000e+27,3.4100e+27,3.5200e+27,2.1421e+08,2.0925e+06,7.4694e+08,2.8510e-10,2.6893e+07,2.2141e+05,4.7661e+05,4.7341e+05,41.8,55.5,0.8,1.8,3.7764e+29,3.6695e+29,5.6500e+27,5.0400e+27,1.1987e+28,0.0000e+00,97.2,1.5,1.3
88,3.8900e+29,1.6086e+29,2.1818e+29,2.9700e+27,6.9900e+27,1.3253e+29,2.8330e+28,1.3893e+29,7.9250e+28,1.6300e+27,1.3400e+27,3.5600e+27,3.4300e+27,2.1813e+08,1.8178e+06,7.8738e+08,4.9474e-09,2.6277e+07,2.1873e+05,4.7339e+05,4.7020e+05,41.4,56.1,0.8,1.8,3.8911e+29,3.7785e+29,5.6900e+27,5.5700e+27,1.1780e+28,0.0000e+00,97.1,1.5,1.4
89,3.8686e+29,1.6263e+29,2.1443e+29,2.8200e+27,6.9800e+27,1.3484e+29,2.7790e+28,1.3925e+29,7.5180e+28,1.5300e+27,1.2900e+27,3.4900e+27,3.4900e+27,2.2217e+08,1.8833e+06,9.3894e+08,4.6405e-08,2.5662e+07,2.1952e+05,4.7019e+05,4.6702e+05,42.0,55.4,0.7,1.8,3.8685e+29,3.7652e+29,5.1900e+27,5.1400e+27,1.1576e+28,0.0000e+00,97.3,1.3,1.3
90,3.8740e+29,1.6516e+29,2.1260e+29,2.7900e+27,6.8500e+27,1.3738e+29,2.7780e+28,1.4030e+29,7.2300e+28,1.7700e+27,1.0200e+27,3.6000e+27,3.2500e+27,2.2608e+08,1.7327e+06,7.6657e+08,1.1913e-07,2.4894e+07,2.0041e+05,4.6700e+05,4.6385e+05,42.6,54.9,0.7,1.8,3.8812e+29,3.7729e+29,5.5000e+27,5.3300e+27,1.1374e+28,0.0000e+00,97.2,1.4,1.4
91,4.0062e+29,1.7048e+29,2.2056e+29,2.7000e+27,6.8800e+27,1.4296e+29,2.7520e+28,1.4584e+29,7.4720e+28,1.4500e+27,1.2500e+27,3.6200e+27,3.2600e+27,2.3006e+08,1.8251e+06,7.5930e+08,1.3835e-08,2.3780e+07,1.9460e+05,4.6383e+05,4.6068e+05,42.6,55.1,0.7,1.7,3.9997e+29,3.8957e+29,5.5700e+27,4.8300e+27,1.1230e+28,0.0000e+00,97.4,1.4,1.2
92,3.9934e+29,1.7534e+29,2.1398e+29,3.0600e+27,6.9600e+27,1.4832e+29,2.7020e+28,1.4480e+29,6.9180e+28,1.7400e+27,1.3200e+27,3.3500e+27,3.6100e+27,2.3334e+08,1.8408e+06,7.7950e+08,8.5884e-10,2.3083e+07,2.3412e+05,4.6067e+05,4.5752e+05,43.9,53.6,0.8,1.7,3.9933e+29,3.8882e+29,5.3000e+27,5.2100e+27,1.1085e+28,0.0000e+00,97.4,1.3,1.3
93,4.0498e+29,1.7838e+29,2.1684e+29,2.8200e+27,6.9400e+27,1.5123e+29,2.7150e+28,1.4807e+29,6.8770e+28,1.7900e+27,1.0300e+27,3.4100e+27,3.5300e+27,2.3696e+08,1.4112e+06,7.4406e+08,1.7959e-11,2.2405e+07,2.1365e+05,4.5750e+05,4.5437e+05,44.0,53.5,0.7,1.7,4.0466e+29,3.9419e+29,5.0000e+27,5.4700e+27,1.0886e+28,0.0000e+00,97.4,1.2,1.4
94,4.1413e+29,1.8075e+29,2.2359e+29,2.8600e+27,6.9300e+27,1.5448e+29,2.6270e+28,1.5253e+29,7.1060e+28,1.5800e+27,1.2800e+27,3.1900e+27,3.7400e+27,2.4043e+08,7.5648e+05,7.4998e+08,3.1888e-14,2.1973e+07,2.3530e+05,4.5436e+05,4.5125e+05,43.6,54.0,0.7,1.7,4.1469e+29,4.0368e+29,5.5700e+27,5.4400e+27,1.0690e+28,0.0000e+00,97.3,1.3,1.3
95,4.1097e+29,1.8383e+29,2.1735e+29,2.8900e+27,6.9000e+27,1.5751e+29,2.6320e+28,1.5182e+29,6.5530e+28,1.7000e+27,1.1900e+27,3.6600e+27,3.2400e+27,2.4531e+08,8.6264e+04,7.6283e+08,1.0879e-20,2.1431e+07,2.1521e+05,4.5124e+05,4.4814e+05,44.7,52.9,0.7,1.7,4.1117e+29,4.0042e+29,5.6300e+27,5.1200e+27,1.0548e+28,0.0000e+00,97.4,1.4,1.2
96,4.1799e+29,1.8723e+29,2.2043e+29,3.3800e+27,6.9500e+27,1.5980e+29,2.7430e+28,1.5011e+29,7.0320e+28,2.0400e+27,1.3400e+27,3.7300e+27,3.2200e+27,2.4896e+08,6.4956e+02,8.3304e+08,1.0088e-20,3.1476e+07,1.8418e+05,4.4812e+05,4.4503e+05,44.8,52.7,0.8,1.7,4.1780e+29,4.0664e+29,5.8000e+27,5.3600e+27,1.0405e+28,0.0000e+00,97.3,1.4,1.3
97,4.1947e+29,1.8901e+29,2.2015e+29,3.3400e+27,6.9700e+27,1.6231e+29,2.6700e+28,1.5138e+29,6.8770e+28,2.0600e+27,1.2800e+27,3.6200e+27,3.3500e+27,2.5273e+08,1.4867e+06,7.3288e+08,5.8687e-15,3.0527e+07,1.9447e+05,4.4502e+05,4.4195e+05,45.1,52.5,0.8,1.7,4.1988e+29,4.0859e+29,5.8600e+27,5.4300e+27,1.0214e+28,0.0000e+00,97.3,1.4,1.3
98,4.2480e+29,1.9566e+29,2.1914e+29,3.1100e+27,6.8900e+27,1.6898e+29,2.6680e+28,1.5246e+29,6.6680e+28,1.8700e+27,1.2400e+27,3.3200e+27,3.5700e+27,2.5673e+08,2.0628e+06,7.4379e+08,1.2109e-11,2.9752e+07,1.9172e+05,4.4193e+05,4.3889e+05,46.1,51.6,0.7,1.6,4.2374e+29,4.1272e+29,5.9800e+27,5.0400e+27,1.0026e+28,0.0000e+00,97.4,1.4,1.2
99,4.3100e+29,2.0267e+29,2.1826e+29,3.1600e+27,6.9100e+27,1.7607e+29,2.6600e+28,1.5360e+29,6.4660e+28,1.9600e+27,1.2000e+27,3.4300e+27,3.4800e+27,2.6009e+08,1.6976e+06,8.1683e+08,9.3865e-10,2.8799e+07,2.3036e+05,4.3888e+05,4.3585e+05,47.0,50.6,0.7,1.6,4.3101e+29,4.1984e+29,5.7500e+27,5.4200e+27,9.8872e+27,0.0000e+00,97.4,1.3,1.3
100,4.3452e+29,2.0237e+29,2.2209e+29,3.2200e+27,6.8400e+27,1.7756e+29,2.4810e+28,1.5690e+29,6.5190e+28,2.0100e+27,1.2100e+27,3.3100e+27,3.5300e+27,2.6383e+08,1.6288e+06,7.3992e+08,2.0113e-08,2.7530e+07,2.1730e+05,4.3583e+05,4.3282e+05,46.6,51.1,0.7,1.6,4.3466e+29,4.2365e+29,5.6600e+27,5.3500e+27,9.7488e+27,0.0000e+00,97.5,1.3,1.2
101,4.4148e+29,2.0679e+29,2.2486e+29,2.9100e+27,6.9200e+27,1.8229e+29,2.4500e+28,1.6256e+29,6.2300e+28,1.6800e+27,1.2300e+27,3.5900e+27,3.3300e+27,2.6767e+08,1.5920e+06,7.9439e+08,1.5516e-08,2.6555e+07,2.1326e+05,4.3280e+05,4.2981e+05,46.8,50.9,0.7,1.6,4.4187e+29,4.3049e+29,6.0200e+27,5.3600e+27,9.5666e+27,0.0000e+00,97.4,1.4,1.2
102,4.4446e+29,2.1172e+29,2.2283e+29,3.0400e+27,6.8700e+27,1.8757e+29,2.4150e+28,1.6417e+29,5.8660e+28,1.7800e+27,1.2600e+27,3.4400e+27,3.4300e+27,2.7059e+08,1.3484e+06,8.5510e+08,6.5776e-10,2.6240e+07,2.2780e+05,4.2980e+05,4.2684e+05,47.6,50.1,0.7,1.5,4.4389e+29,4.3284e+29,5.5600e+27,5.4900e+27,9.3879e+27,0.0000e+00,97.5,1.3,1.2
103,4.5281e+29,2.1682e+29,2.2568e+29,3.3200e+27,6.9900e+27,1.9228e+29,2.4540e+28,1.6694e+29,5.8740e+28,1.8900e+27,1.4300e+27,3.4800e+27,3.5100e+27,2.7381e+08,8.6054e+05,7.6573e+08,6.0976e-12,2.5684e+07,2.1723e+05,4.2683e+05,4.2387e+05,47.9,49.8,0.7,1.5,4.5256e+29,4.4117e+29,6.2200e+27,5.1700e+27,9.2967e+27,0.0000e+00,97.5,1.4,1.1
104,4.6381e+29,2.1850e+29,2.3502e+29,3.3300e+27,6.9600e+27,1.9372e+29,2.4780e+28,1.7612e+29,5.8900e+28,2.0200e+27,1.3100e+27,3.6200e+27,3.3400e+27,2.7690e+08,3.6355e+05,8.3567e+08,8.8198e-16,2.5317e+07,2.0036e+05,4.2385e+05,4.2093e+05,47.1,50.7,0.7,1.5,4.6415e+29,4.5308e+29,5.9500e+27,5.1200e+27,9.1211e+27,0.0000e+00,97.6,1.3,1.1
105,4.7280e+29,2.2370e+29,2.3908e+29,3.1800e+27,6.8400e+27,1.9941e+29,2.4290e+28,1.7731e+29,6.1770e+28,1.9300e+27,1.2500e+27,3.4700e+27,3.3700e+27,2.8077e+08,1.5394e+03,7.6877e+08,1.0023e-20,3.6239e+07,2.1603e+05,4.2091e+05,4.1802e+05,47.3,50.6,0.7,1.4,4.7252e+29,4.6115e+29,6.2300e+27,5.1400e+27,8.9492e+27,0.0000e+00,97.6,1.3,1.1
106,4.8493e+29,2.3163e+29,2.4256e+29,3.7200e+27,7.0200e+27,2.0678e+29,2.4850e+28,1.8290e+29,5.9660e+28,2.4700e+27,1.2500e+27,3.2300e+27,3.7900e+27,2.8486e+08,1.0997e+06,7.6686e+08,6.7179e-19,3.6111e+07,1.9415e+05,4.1800e+05,4.1511e+05,47.8,50.0,0.8,1.4,4.8548e+29,4.7387e+29,6.5200e+27,5.0900e+27,8.8591e+27,0.0000e+00,97.6,1.3,1.0
107,4.9319e+29,2.3445e+29,2.4807e+29,3.7300e+27,6.9400e+27,2.1044e+29,2.4010e+28,1.8346e+29,6.4610e+28,2.3100e+27,1.4200e+27,3.5300e+27,3.4100e+27,2.8837e+08,1.9341e+06,8.1492e+08,1.0069e-12,3.4764e+07,2.0782e+05,4.1510e+05,4.1226e+05,47.5,50.3,0.8,1.4,4.9269e+29,4.8114e+29,6.0600e+27,5.4900e+27,8.6527e+27,0.0000e+00,97.7,1.2,1.1
108,4.9966e+29,2.4090e+29,2.4814e+29,3.6700e+27,6.9500e+27,2.1714e+29,2.3760e+28,1.8332e+29,6.4820e+28,2.4700e+27,1.2000e+27,3.4100e+27,3.5400e+27,2.9146e+08,1.6777e+06,8.1053e+08,3.1396e-10,3.3407e+07,2.0583e+05,4.1224e+05,4.0941e+05,48.2,49.7,0.7,1.4,4.9847e+29,4.8703e+29,6.3500e+27,5.0900e+27,8.5645e+27,0.0000e+00,97.7,1.3,1.0
109,5.0696e+29,2.4581e+29,2.5073e+29,3.4400e+27,6.9800e+27,2.2127e+29,2.4540e+28,1.8939e+29,6.1340e+28,2.2700e+27,1.1700e+27,3.5500e+27,3.4300e+27,2.9472e+08,1.3463e+06,8.6318e+08,1.2546e-08,3.2412e+07,2.4580e+05,4.0940e+05,4.0660e+05,48.5,49.5,0.7,1.4,5.0784e+29,4.9604e+29,6.5400e+27,5.2600e+27,8.4019e+27,0.0000e+00,97.7,1.3,1.0
110,5.1042e+29,2.4943e+29,2.5036e+29,3.6400e+27,6.9900e+27,2.2497e+29,2.4460e+28,1.9212e+29,5.8240e+28,2.3200e+27,1.3200e+27,3.7100e+27,3.2800e+27,2.9778e+08,9.9717e+05,7.2053e+08,1.4930e-09,3.1637e+07,2.2733e+05,4.0658e+05,4.0380e+05,48.9,49.0,0.7,1.4,5.1104e+29,5.0006e+29,5.8700e+27,5.1100e+27,8.2786e+27,0.0000e+00,97.9,1.1,1.0
111,5.1868e+29,2.5753e+29,2.5089e+29,3.3000e+27,6.9600e+27,2.3345e+29,2.4080e+28,1.9575e+29,5.5140e+28,2.0300e+27,1.2700e+27,3.2900e+27,3.6700e+27,3.0077e+08,6.3703e+05,7.5107e+08,1.4615e-11,3.0406e+07,2.0641e+05,4.0379e+05,4.0105e+05,49.7,48.4,0.6,1.3,5.1807e+29,5.0696e+29,6.3800e+27,4.7300e+27,8.1218e+27,0.0000e+00,97.9,1.2,0.9
112,5.3170e+29,2.5901e+29,2.6234e+29,3.4100e+27,6.9400e+27,2.3516e+29,2.3850e+28,2.0882e+29,5.3520e+28,2.2600e+27,1.1500e+27,3.4300e+27,3.5100e+27,3.0453e+08,2.7132e+05,8.3421e+08,2.3874e-15,2.9975e+07,1.9231e+05,4.0104e+05,3.9832e+05,48.7,49.3,0.6,1.3,5.3210e+29,5.2060e+29,6.4800e+27,5.0200e+27,8.0028e+27,0.0000e+00,97.8,1.2,0.9
113,5.4918e+29,2.6719e+29,2.7138e+29,3.6600e+27,6.9500e+27,2.4322e+29,2.3970e+28,2.1450e+29,5.6880e+28,2.4000e+27,1.2600e+27,3.5700e+27,3.3800e+27,3.0890e+08,9.6671e+02,8.2948e+08,1.0262e-20,4.2382e+07,2.2842e+05,3.9830e+05,3.9561e+05,48.7,49.4,0.7,1.3,5.4828e+29,5.3642e+29,7.0500e+27,4.8100e+27,7.8851e+27,0.0000e+00,97.8,1.3,0.9
114,5.6143e+29,2.7490e+29,2.7536e+29,4.1500e+27,7.0200e+27,2.5069e+29,2.4210e+28,2.1542e+29,5.9940e+28,2.8000e+27,1.3500e+27,3.4100e+27,3.6100e+27,3.1281e+08,8.8899e+05,7.7213e+08,7.1317e-19,4.1884e+07,1.9284e+05,3.9560e+05,3.9293e+05,49.0,49.0,0.7,1.3,5.6147e+29,5.4893e+29,7.4500e+27,5.0900e+27,7.7688e+27,0.0000e+00,97.8,1.3,0.9
115,5.6577e+29,2.7828e+29,2.7639e+29,4.1500e+27,6.9500e+27,2.5373e+29,2.4550e+28,2.2115e+29,5.5240e+28,2.9500e+27,1.2000e+27,3.7100e+27,3.2400e+27,3.1666e+08,1.5424e+06,7.8884e+08,1.8068e-12,4.0355e+07,1.7617e+05,3.9292e+05,3.9029e+05,49.2,48.9,0.7,1.2,5.6523e+29,5.5304e+29,7.1700e+27,5.0200e+27,7.6224e+27,0.0000e+00,97.8,1.3,0.9
116,5.7808e+29,2.8465e+29,2.8234e+29,4.1500e+27,6.9400e+27,2.6019e+29,2.4460e+28,2.2807e+29,5.4270e+28,3.0000e+27,1.1500e+27,3.5300e+27,3.4100e+27,3.2053e+08,1.2361e+06,8.1339e+08,6.1237e-10,3.9238e+07,1.9178e+05,3.9028e+05,3.8767e+05,49.2,48.8,0.7,1.2,5.7855e+29,5.6701e+29,6.8600e+27,4.6800e+27,7.5107e+27,0.0000e+00,98.0,1.2,0.8
117,5.7814e+29,2.8639e+29,2.8034e+29,4.4400e+27,6.9700e+27,2.6226e+29,2.4130e+28,2.2966e+29,5.0680e+28,3.1200e+27,1.3200e+27,3.5900e+27,3.3800e+27,3.2359e+08,9.1399e+05,7.2221e+08,2.7918e-09,3.8032e+07,2.1969e+05,3.8766e+05,3.8510e+05,49.5,48.5,0.8,1.2,5.7848e+29,5.6649e+29,7.2000e+27,4.7900e+27,7.3704e+27,0.0000e+00,97.9,1.2,0.8
118,5.9661e+29,2.9549e+29,2.8999e+29,4.1000e+27,7.0300e+27,2.7207e+29,2.3420e+28,2.4068e+29,4.9310e+28,2.9200e+27,1.1800e+27,3.5100e+27,3.5200e+27,3.2705e+08,5.8628e+05,8.4373e+08,2.7814e-11,3.7262e+07,2.5617e+05,3.8509e+05,3.8255e+05,49.5,48.6,0.7,1.2,5.9535e+29,5.8317e+29,7.4300e+27,4.7500e+27,7.2633e+27,0.0000e+00,98.0,1.2,0.8
119,6.0415e+29,3.0101e+29,2.9211e+29,4.0700e+27,6.9600e+27,2.7774e+29,2.3270e+28,2.4029e+29,5.1820e+28,2.7300e+27,1.3400e+27,3.4200e+27,3.5400e+27,3.2998e+08,2.4916e+05,6.8452e+08,4.8957e-15,3.6314e+07,2.2312e+05,3.8254e+05,3.8003e+05,49.8,48.4,0.7,1.2,6.0434e+29,5.9206e+29,7.5700e+27,4.7100e+27,7.1579e+27,0.0000e+00,98.0,1.3,0.8
120,6.2651e+29,3.0835e+29,3.0669e+29,4.4100e+27,7.0600e+27,2.8438e+29,2.3970e+28,2.5060e+29,5.6090e+28,3.1500e+27,1.2600e+27,3.5100e+27,3.5500e+27,3.3264e+08,4.1872e+02,8.6054e+08,1.0012e-20,5.1582e+07,2.6630e+05,3.8002e+05,3.7754e+05,49.2,49.0,0.7,1.1,6.2571e+29,6.1300e+29,7.7500e+27,4.9600e+27,7.0541e+27,0.0000e+00,98.0,1.2,0.8
121,6.3673e+29,3.1635e+29,3.0814e+29,5.1500e+27,7.0900e+27,2.9179e+29,2.4560e+28,2.5313e+29,5.5010e+28,3.7200e+27,1.4300e+27,3.4100e+27,3.6800e+27,3.3479e+08,7.8355e+05,7.9093e+08,8.2120e-19,5.0976e+07,2.6677e+05,3.7753e+05,3.7509e+05,49.7,48.4,0.8,1.1,6.3686e+29,6.2451e+29,7.6700e+27,4.6800e+27,6.9522e+27,0.0000e+00,98.1,1.2,0.7
122,6.5906e+29,3.2193e+29,3.2481e+29,5.3000e+27,7.0200e+27,2.9761e+29,2.4320e+28,2.6838e+29,5.6430e+28,4.0000e+27,1.3000e+27,3.7600e+27,3.2600e+27,3.3647e+08,1.0745e+06,8.3314e+08,3.0398e-12,4.8834e+07,2.5477e+05,3.7508e+05,3.7267e+05,48.8,49.3,0.8,1.1,6.5909e+29,6.4586e+29,8.1200e+27,5.1100e+27,6.8251e+27,0.0000e+00,98.0,1.2,0.8
123,6.6635e+29,3.2700e+29,3.2699e+29,5.3400e+27,7.0200e+27,3.0340e+29,2.3600e+28,2.7378e+29,5.3210e+28,3.8100e+27,1.5300e+27,3.5400e+27,3.4800e+27,3.3894e+08,8.0925e+05,8.8380e+08,1.0749e-09,4.7045e+07,2.3346e+05,3.7266e+05,3.7029e+05,49.1,49.1,0.8,1.1,6.6628e+29,6.5376e+29,7.8900e+27,4.6300e+27,6.7016e+27,0.0000e+00,98.1,1.2,0.7
124,6.8666e+29,3.3481e+29,3.3930e+29,5.5700e+27,6.9800e+27,3.1105e+29,2.3760e+28,2.8894e+29,5.0360e+28,4.0300e+27,1.5400e+27,3.5400e+27,3.4400e+27,3.4032e+08,5.3903e+05,8.3038e+08,2.5087e-10,4.5739e+07,2.1162e+05,3.7028e+05,3.6794e+05,48.8,49.4,0.8,1.0,6.8670e+29,6.7372e+29,7.9900e+27,4.9900e+27,6.6333e+27,0.0000e+00,98.1,1.2,0.7
125,6.9299e+29,3.3817e+29,3.4254e+29,5.2500e+27,7.0300e+27,3.1480e+29,2.3370e+28,2.9413e+29,4.8410e+28,3.9100e+27,1.3400e+27,3.2900e+27,3.7400e+27,3.4360e+08,2.7841e+05,8.0323e+08,2.6828e-13,4.4211e+07,2.3794e+05,3.6793e+05,3.6563e+05,48.8,49.4,0.8,1.0,6.9190e+29,6.7850e+29,8.6300e+27,4.7700e+27,6.5146e+27,0.0000e+00,98.1,1.2,0.7
126,7.0924e+29,3.4789e+29,3.4877e+29,5.5600e+27,7.0200e+27,3.2433e+29,2.3560e+28,2.9946e+29,4.9310e+28,4.0200e+27,1.5400e+27,3.7300e+27,3.2900e+27,3.4742e+08,8.5089e+03,9.8186e+08,1.0020e-20,4.3504e+07,2.4003e+05,3.6562e+05,3.6335e+05,49.1,49.2,0.8,1.0,7.0951e+29,6.9629e+29,8.1600e+27,5.0600e+27,6.4242e+27,0.0000e+00,98.1,1.2,0.7
127,7.2792e+29,3.5591e+29,3.5850e+29,6.4600e+27,7.0500e+27,3.3167e+29,2.4240e+28,3.0569e+29,5.2810e+28,4.9400e+27,1.5200e+27,3.6300e+27,3.4200e+27,3.5046e+08,5.6637e+01,8.9392e+08,1.0275e-20,6.6061e+07,2.3595e+05,3.6334e+05,3.6111e+05,48.9,49.2,0.9,1.0,7.2716e+29,7.1326e+29,8.9300e+27,4.9700e+27,6.3357e+27,0.0000e+00,98.1,1.2,0.7
128,7.4024e+29,3.6027e+29,3.6600e+29,6.9800e+27,6.9900e+27,3.3538e+29,2.4890e+28,3.1683e+29,4.9170e+28,5.4600e+27,1.5200e+27,3.3800e+27,3.6100e+27,3.5345e+08,9.2111e+05,7.8518e+08,3.0548e-13,6.4923e+07,2.2026e+05,3.6110e+05,3.5891e+05,48.7,49.4,0.9,0.9,7.3988e+29,7.2632e+29,8.8600e+27,4.7000e+27,6.2254e+27,0.0000e+00,98.2,1.2,0.6
129,7.6101e+29,3.7078e+29,3.7704e+29,6.3000e+27,6.8900e+27,3.4486e+29,2.5920e+28,3.2706e+29,4.9980e+28,4.8100e+27,1.4900e+27,3.6200e+27,3.2700e+27,3.5572e+08,6.9253e+05,7.9618e+08,3.8400e-10,6.2916e+07,2.0316e+05,3.5890e+05,3.5674e+05,48.7,49.5,0.8,0.9,7.6184e+29,7.4888e+29,8.6300e+27,4.3300e+27,6.1417e+27,0.0000e+00,98.3,1.1,0.6
130,7.8078e+29,3.7858e+29,3.8850e+29,6.6500e+27,7.0500e+27,3.5333e+29,2.5250e+28,3.3750e+29,5.1000e+28,5.0800e+27,1.5700e+27,3.4700e+27,3.5800e+27,3.5872e+08,4.4800e+05,8.1653e+08,8.9551e-11,6.0831e+07,2.4342e+05,3.5673e+05,3.5462e+05,48.5,49.8,0.9,0.9,7.8003e+29,7.6696e+29,8.6200e+27,4.4500e+27,6.0372e+27,0.0000e+00,98.3,1.1,0.6
131,7.9449e+29,3.8241e+29,3.9859e+29,6.4700e+27,7.0200e+27,3.5866e+29,2.3750e+28,3.4819e+29,5.0400e+28,4.9900e+27,1.4800e+27,3.4800e+27,3.5400e+27,3.6027e+08,1.9978e+05,8.3569e+08,2.7037e-14,5.9063e+07,2.5702e+05,3.5461e+05,3.5253e+05,48.1,50.2,0.8,0.9,7.9396e+29,7.7968e+29,9.7000e+27,4.5800e+27,5.9583e+27,0.0000e+00,98.2,1.2,0.6
132,8.0955e+29,3.9021e+29,4.0476e+29,7.4600e+27,7.1200e+27,3.6509e+29,2.5120e+28,3.5765e+29,4.7110e+28,5.8600e+27,1.6000e+27,3.3000e+27,3.8200e+27,3.6267e+08,7.7367e+02,1.0255e+09,1.0069e-20,8.2856e+07,2.8611e+05,3.5252e+05,3.5048e+05,48.2,50.0,0.9,0.9,8.0917e+29,7.9491e+29,9.4800e+27,4.7800e+27,5.8813e+27,0.0000e+00,98.2,1.2,0.6
133,8.2568e+29,3.9998e+29,4.0956e+29,8.9400e+27,7.2000e+27,3.7424e+29,2.5740e+28,3.5878e+29,5.0780e+28,7.3900e+27,1.5500e+27,3.6400e+27,3.5600e+27,3.6495e+08,4.5331e+05,8.3222e+08,7.6294e-20,8.2378e+07,2.7135e+05,3.5047e+05,3.4846e+05,48.4,49.6,1.1,0.9,8.2604e+29,8.1150e+29,9.5100e+27,5.0300e+27,5.8063e+27,0.0000e+00,98.2,1.2,0.6
134,8.3915e+29,4.0376e+29,4.1960e+29,8.7000e+27,7.0900e+27,3.7679e+29,2.6970e+28,3.7226e+29,4.7340e+28,6.8400e+27,1.8600e+27,3.7200e+27,3.3700e+27,3.6564e+08,6.7119e+05,9.0423e+08,3.7074e-12,7.9684e+07,3.0308e+05,3.4845e+05,3.4648e+05,48.1,50.0,1.0,0.8,8.3881e+29,8.2444e+29,9.4000e+27,4.9700e+27,5.7122e+27,0.0000e+00,98.3,1.1,0.6
135,8.7524e+29,4.1095e+29,4.4787e+29,9.4800e+27,6.9400e+27,3.8579e+29,2.5160e+28,3.9556e+29,5.2310e+28,7.5400e+27,1.9400e+27,3.4700e+27,3.4700e+27,3.6730e+08,4.8347e+05,9.6363e+08,8.3526e-10,7.7028e+07,3.0213e+05,3.4648e+05,3.4455e+05,47.0,51.2,1.1,0.8,8.7460e+29,8.6044e+29,9.3100e+27,4.8500e+27,5.6418e+27,0.0000e+00,98.4,1.1,0.6
136,8.8555e+29,4.1460e+29,4.5521e+29,8.7500e+27,6.9900e+27,3.8854e+29,2.6060e+28,4.0612e+29,4.9090e+28,6.8900e+27,1.8600e+27,3.6500e+27,3.3400e+27,3.6879e+08,2.6396e+05,8.8772e+08,1.6857e-12,7.4280e+07,3.1973e+05,3.4454e+05,3.4265e+05,46.8,51.4,1.0,0.8,8.8555e+29,8.7094e+29,1.0030e+28,4.5800e+27,5.5532e+27,0.0000e+00,98.4,1.1,0.5
137,9.1044e+29,4.2815e+29,4.6612e+29,9.0900e+27,7.0800e+27,4.0258e+29,2.5570e+28,4.1707e+29,4.9050e+28,7.4700e+27,1.6200e+27,3.2800e+27,3.8000e+27,3.6988e+08,4.2027e+04,8.9086e+08,1.9843e-20,7.2232e+07,3.3076e+05,3.4265e+05,3.4080e+05,47.0,51.2,1.0,0.8,9.0940e+29,8.9479e+29,1.0130e+28,4.4800e+27,5.4875e+27,0.0000e+00,98.4,1.1,0.5
138,9.3065e+29,4.3414e+29,4.7798e+29,1.1450e+28,7.0800e+27,4.0544e+29,2.8700e+28,4.2249e+29,5.5490e+28,9.4400e+27,2.0100e+27,3.5800e+27,3.5000e+27,3.7015e+08,6.0669e+01,9.7063e+08,1.0208e-20,1.0673e+08,3.7343e+05,3.4079e+05,3.3898e+05,46.6,51.4,1.2,0.8,9.3070e+29,9.1427e+29,1.1130e+28,5.3000e+27,5.4043e+27,0.0000e+00,98.2,1.2,0.6
139,9.5225e+29,4.4019e+29,4.9258e+29,1.2410e+28,7.0700e+27,4.1058e+29,2.9610e+28,4.4127e+29,5.1310e+28,1.0230e+28,2.1800e+27,3.5600e+27,3.5100e+27,3.7065e+08,6.4729e+05,9.0769e+08,1.2022e-13,1.0327e+08,3.6480e+05,3.3898e+05,3.3721e+05,46.2,51.7,1.3,0.7,9.5193e+29,9.3594e+29,1.0500e+28,5.4900e+27,5.3431e+27,0.0000e+00,98.3,1.1,0.6
140,9.7744e+29,4.5029e+29,5.0847e+29,1.1600e+28,7.0800e+27,4.2204e+29,2.8250e+28,4.5327e+29,5.5200e+28,9.4400e+27,2.1600e+27,3.6600e+27,3.4200e+27,3.7098e+08,4.4290e+05,1.0225e+09,3.7469e-10,1.0024e+08,3.5075e+05,3.3720e+05,3.3547e+05,46.1,52.0,1.2,0.7,9.7764e+29,9.6171e+29,1.0950e+28,4.9800e+27,5.2838e+27,0.0000e+00,98.4,1.1,0.5
141,9.9389e+29,4.5660e+29,5.1824e+29,1.2050e+28,7.0000e+27,4.2801e+29,2.8590e+28,4.6437e+29,5.3870e+28,9.9600e+27,2.0900e+27,3.6400e+27,3.3600e+27,3.7182e+08,2.5114e+05,9.0359e+08,2.9486e-12,9.6979e+07,3.6301e+05,3.3547e+05,3.3378e+05,45.9,52.1,1.2,0.7,9.9280e+29,9.7738e+29,1.0810e+28,4.6100e+27,5.2081e+27,0.0000e+00,98.4,1.1,0.5
142,1.0225e+30,4.6749e+29,5.3626e+29,1.1920e+28,6.8500e+27,4.3968e+29,2.7810e+28,4.8425e+29,5.2010e+28,9.8000e+27,2.1200e+27,3.5000e+27,3.3500e+27,3.7244e+08,4.8459e+04,1.1247e+09,2.8261e-19,9.3641e+07,3.6511e+05,3.3378e+05,3.3213e+05,45.7,52.4,1.2,0.7,1.0223e+30,1.0057e+30,1.1920e+28,4.6700e+27,5.1532e+27,0.0000e+00,98.4,1.2,0.5
143,1.0556e+30,4.7479e+29,5.5709e+29,1.6510e+28,7.1900e+27,4.4312e+29,3.1670e+28,4.9775e+29,5.9340e+28,1.4120e+28,2.3900e+27,3.5800e+27,3.6100e+27,3.7315e+08,8.3020e+01,1.0486e+09,1.0198e-20,1.4309e+08,4.0000e+05,3.3212e+05,3.3052e+05,45.0,52.8,1.6,0.7,1.0540e+30,1.0360e+30,1.1960e+28,6.0400e+27,5.0826e+27,0.0000e+00,98.3,1.1,0.6
144,1.0780e+30,4.8257e+29,5.7169e+29,1.6730e+28,7.0400e+27,4.5039e+29,3.2180e+28,5.0925e+29,6.2440e+28,1.4170e+28,2.5600e+27,3.5300e+27,3.5100e+27,3.7310e+08,6.6430e+05,9.4514e+08,5.9874e-14,1.3916e+08,4.0628e+05,3.3051e+05,3.2895e+05,44.8,53.0,1.6,0.7,1.0789e+30,1.0604e+30,1.2850e+28,5.6500e+27,5.0146e+27,0.0000e+00,98.3,1.2,0.5
145,1.0987e+30,4.9310e+29,5.8226e+29,1.6430e+28,6.9000e+27,4.6119e+29,3.1910e+28,5.2301e+29,5.9250e+28,1.3920e+28,2.5100e+27,3.6700e+27,3.2300e+27,3.7328e+08,4.6062e+05,9.5704e+08,2.7632e-10,1.3322e+08,4.2016e+05,3.2895e+05,3.2742e+05,44.9,53.0,1.5,0.6,1.0982e+30,1.0807e+30,1.2230e+28,5.2400e+27,4.9666e+27,0.0000e+00,98.4,1.1,0.5
146,1.1241e+30,4.9709e+29,6.0325e+29,1.6780e+28,6.9800e+27,4.6438e+29,3.2710e+28,5.4142e+29,6.1830e+28,1.3610e+28,3.1700e+27,3.9500e+27,3.0300e+27,3.7208e+08,2.3512e+05,1.2382e+09,6.0278e-13,1.2752e+08,4.1408e+05,3.2742e+05,3.2594e+05,44.2,53.7,1.5,0.6,1.1241e+30,1.1052e+30,1.3540e+28,5.4400e+27,4.9036e+27,0.0000e+00,98.3,1.2,0.5
147,1.1462e+30,5.0971e+29,6.1347e+29,1.5970e+28,7.0900e+27,4.7590e+29,3.3810e+28,5.5244e+29,6.1030e+28,1.3410e+28,2.5600e+27,3.7900e+27,3.3000e+27,3.7122e+08,1.1788e+04,1.0392e+09,1.0527e-20,1.2215e+08,4.0868e+05,3.2594e+05,3.2450e+05,44.5,53.5,1.4,0.6,1.1454e+30,1.1273e+30,1.3020e+28,5.1000e+27,4.8598e+27,0.0000e+00,98.4,1.1,0.4
148,1.1745e+30,5.1334e+29,6.3315e+29,2.1100e+28,6.9100e+27,4.7727e+29,3.6070e+28,5.6216e+29,7.0990e+28,1.7990e+28,3.1100e+27,3.4300e+27,3.4800e+27,3.7031e+08,1.2389e+02,1.1297e+09,1.0100e-20,1.6743e+08,4.5484e+05,3.2449e+05,3.2310e+05,43.7,53.9,1.8,0.6,1.1732e+30,1.1535e+30,1.3690e+28,6.0100e+27,4.8015e+27,0.0000e+00,98.3,1.2,0.5
149,1.2067e+30,5.1939e+29,6.5890e+29,2.1510e+28,6.9500e+27,4.8114e+29,3.8250e+28,5.8562e+29,7.3280e+28,1.8180e+28,3.3300e+27,3.2000e+27,3.7500e+27,3.6940e+08,4.6240e+05,1.1418e+09,5.0172e-13,1.6103e+08,4.6482e+05,3.2309e+05,3.2174e+05,43.0,54.6,1.8,0.6,1.2061e+30,1.1862e+30,1.3910e+28,5.9900e+27,4.7457e+27,0.0000e+00,98.4,1.2,0.5
150,1.2481e+30,5.3195e+29,6.8695e+29,2.2190e+28,7.0100e+27,4.9349e+29,3.8460e+28,6.1259e+29,7.4360e+28,1.8740e+28,3.4500e+27,3.5600e+27,3.4500e+27,3.6830e+08,2.9639e+05,1.0693e+09,7.2745e-11,1.5419e+08,4.8724e+05,3.2174e+05,3.2043e+05,42.6,55.0,1.8,0.6,1.2474e+30,1.2271e+30,1.4540e+28,5.7500e+27,4.7084e+27,0.0000e+00,98.4,1.2,0.5
151,1.2653e+30,5.3517e+29,7.0164e+29,2.1540e+28,7.0000e+27,4.9649e+29,3.8680e+28,6.2438e+29,7.7260e+28,1.8110e+28,3.4300e+27,3.7200e+27,3.2800e+27,3.6652e+08,1.1821e+05,1.2191e+09,7.6272e-15,1.4759e+08,4.7325e+05,3.2043e+05,3.1916e+05,42.3,55.5,1.7,0.6,1.2655e+30,1.2452e+30,1.4590e+28,5.6800e+27,4.6416e+27,0.0000e+00,98.4,1.2,0.4
152,1.3035e+30,5.5006e+29,7.2263e+29,2.3780e+28,7.0200e+27,5.0854e+29,4.1520e+28,6.4234e+29,8.0290e+28,1.9940e+28,3.8400e+27,3.7100e+27,3.3100e+27,3.6432e+08,1.8547e+02,9.8683e+08,1.0058e-20,1.6349e+08,4.9554e+05,3.1916e+05,3.1794e+05,42.2,55.4,1.8,0.5,1.3033e+30,1.2832e+30,1.4160e+28,5.9500e+27,4.6087e+27,0.0000e+00,98.5,1.1,0.5
153,1.3352e+30,5.5849e+29,7.4260e+29,2.7050e+28,7.1100e+27,5.1069e+29,4.7800e+28,6.4917e+29,9.3430e+28,2.3150e+28,3.9000e+27,3.5000e+27,3.6100e+27,3.6451e+08,5.4373e+05,1.2702e+09,2.8080e-17,1.6184e+08,5.2010e+05,3.1793e+05,3.1675e+05,41.8,55.6,2.0,0.5,1.3335e+30,1.3110e+30,1.5600e+28,6.8800e+27,4.5777e+27,0.0000e+00,98.3,1.2,0.5
154,1.3593e+30,5.6485e+29,7.5972e+29,2.7800e+28,6.9500e+27,5.1811e+29,4.6740e+28,6.6677e+29,9.2950e+28,2.3460e+28,4.3400e+27,3.6100e+27,3.3400e+27,3.6553e+08,3.6555e+05,1.0927e+09,2.5784e-11,1.5595e+08,5.7272e+05,3.1675e+05,3.1561e+05,41.6,55.9,2.0,0.5,1.3590e+30,1.3365e+30,1.6170e+28,6.3700e+27,4.5183e+27,0.0000e+00,98.3,1.2,0.5
155,1.4005e+30,5.7714e+29,7.8877e+29,2.7610e+28,6.9700e+27,5.2975e+29,4.7390e+28,6.9472e+29,9.4050e+28,2.2880e+28,4.7300e+27,3.5000e+27,3.4700e+27,3.6654e+08,1.9911e+05,1.1542e+09,1.8981e-12,1.5039e+08,6.1684e+05,3.1561e+05,3.1452e+05,41.2,56.3,2.0,0.5,1.3998e+30,1.3776e+30,1.5750e+28,6.4700e+27,4.4768e+27,0.0000e+00,98.4,1.1,0.5
156,1.4308e+30,5.8515e+29,8.1162e+29,2.7070e+28,6.9900e+27,5.3650e+29,4.8650e+28,7.1916e+29,9.2460e+28,2.2600e+28,4.4700e+27,3.5700e+27,3.4200e+27,3.6755e+08,2.2048e+04,1.1917e+09,1.0199e-20,1.4428e+08,6.1565e+05,3.1451e+05,3.1346e+05,40.9,56.7,1.9,0.5,1.4309e+30,1.4089e+30,1.5940e+28,6.0500e+27,4.4523e+27,0.0000e+00,98.5,1.1,0.4
157,1.4553e+30,5.9408e+29,8.2150e+29,3.2670e+28,7.0600e+27,5.3784e+29,5.6240e+28,7.1089e+29,1.1061e+29,2.7510e+28,5.1600e+27,3.6600e+27,3.4000e+27,3.6885e+08,1.3814e+02,1.0544e+09,1.0233e-20,1.5425e+08,7.0696e+05,3.1346e+05,3.1245e+05,40.8,56.4,2.2,0.5,1.4541e+30,1.4300e+30,1.7420e+28,6.6600e+27,4.4150e+27,0.0000e+00,98.3,1.2,0.5
158,1.4826e+30,6.0005e+29,8.4216e+29,3.3400e+28,6.9400e+27,5.4246e+29,5.7590e+28,7.2652e+29,1.1564e+29,2.7860e+28,5.5400e+27,3.4800e+27,3.4600e+27,3.6954e+08,4.4465e+05,1.2065e+09,4.3035e-13,1.4954e+08,7.7955e+05,3.1245e+05,3.1149e+05,40.5,56.8,2.3,0.5,1.4811e+30,1.4564e+30,1.7760e+28,6.9600e+27,4.3656e+27,0.0000e+00,98.3,1.2,0.5
159,1.5286e+30,6.0961e+29,8.7909e+29,3.2720e+28,7.1800e+27,5.5047e+29,5.9140e+28,7.6325e+29,1.1584e+29,2.7360e+28,5.3600e+27,3.8100e+27,3.3700e+27,3.7083e+08,2.6999e+05,1.0705e+09,1.4733e-11,1.4465e+08,8.1465e+05,3.1149e+05,3.1057e+05,39.9,57.5,2.1,0.5,1.5298e+30,1.5051e+30,1.7910e+28,6.7200e+27,4.3474e+27,0.0000e+00,98.4,1.2,0.4
160,1.5410e+30,6.1184e+29,8.9032e+29,3.1770e+28,7.1000e+27,5.5162e+29,6.0220e+28,7.7086e+29,1.1946e+29,2.5780e+28,5.9900e+27,3.4100e+27,3.6900e+27,3.7081e+08,8.5097e+04,1.0779e+09,1.2333e-16,1.3978e+08,8.1362e+05,3.1057e+05,3.0969e+05,39.7,57.8,2.1,0.5,1.5412e+30,1.5166e+30,1.8340e+28,6.3000e+27,4.3028e+27,0.0000e+00,98.4,1.2,0.4
161,1.5709e+30,6.2318e+29,9.0416e+29,3.6530e+28,7.0000e+27,5.5707e+29,6.6110e+28,7.7378e+29,1.3038e+29,2.9920e+28,6.6100e+27,3.3100e+27,3.6900e+27,3.7092e+08,3.8553e+02,1.1184e+09,1.0019e-20,1.4734e+08,8.3928e+05,3.0969e+05,3.0886e+05,39.7,57.6,2.3,0.4,1.5692e+30,1.5442e+30,1.8190e+28,6.7400e+27,4.2747e+27,0.0000e+00,98.4,1.2,0.4
162,1.6182e+30,6.3333e+29,9.3977e+29,3.8110e+28,6.9900e+27,5.6117e+29,7.2160e+28,7.9222e+29,1.4755e+29,3.1310e+28,6.8000e+27,3.4600e+27,3.5300e+27,3.7079e+08,4.4814e+05,1.2710e+09,4.1187e-15,1.4449e+08,9.9915e+05,3.0886e+05,3.0808e+05,39.1,58.1,2.4,0.4,1.6185e+30,1.5929e+30,1.8510e+28,7.1500e+27,4.2627e+27,0.0000e+00,98.4,1.1,0.4
163,1.6341e+30,6.3443e+29,9.5549e+29,3.7160e+28,6.9900e+27,5.5999e+29,7.4440e+28,8.0633e+29,1.4916e+29,3.0080e+28,7.0800e+27,3.7500e+27,3.2400e+27,3.7027e+08,2.8922e+05,1.1689e+09,8.2686e-11,1.3880e+08,9.9341e+05,3.0807e+05,3.0733e+05,38.8,58.5,2.3,0.4,1.6341e+30,1.6076e+30,1.9730e+28,6.7100e+27,4.2250e+27,0.0000e+00,98.4,1.2,0.4
164,1.6463e+30,6.3971e+29,9.6161e+29,3.8020e+28,7.0000e+27,5.6676e+29,7.2950e+28,8.2140e+29,1.4021e+29,3.0610e+28,7.4100e+27,3.2200e+27,3.7800e+27,3.7002e+08,1.2378e+05,1.2359e+09,9.6034e-15,1.3384e+08,9.9479e+05,3.0733e+05,3.0664e+05,38.9,58.4,2.3,0.4,1.6446e+30,1.6183e+30,1.9770e+28,6.5200e+27,4.1898e+27,0.0000e+00,98.4,1.2,0.4
165,1.6936e+30,6.4990e+29,9.9791e+29,3.8590e+28,7.2000e+27,5.7254e+29,7.7360e+28,8.4498e+29,1.5293e+29,3.1620e+28,6.9700e+27,3.9300e+27,3.2700e+27,3.7030e+08,2.4610e+02,1.2561e+09,1.0005e-20,1.4405e+08,1.0395e+06,3.0664e+05,3.0598e+05,38.4,58.9,2.3,0.4,1.6922e+30,1.6667e+30,1.9340e+28,6.1800e+27,4.1840e+27,0.0000e+00,98.5,1.1,0.4
166,1.7154e+30,6.5566e+29,1.0096e+30,4.3200e+28,6.9700e+27,5.6810e+29,8.7560e+28,8.2998e+29,1.7960e+29,3.5560e+28,7.6400e+27,3.3900e+27,3.5800e+27,3.6992e+08,5.1266e+05,1.2035e+09,2.4163e-17,1.4300e+08,1.1334e+06,3.0598e+05,3.0538e+05,38.2,58.9,2.5,0.4,1.7164e+30,1.6882e+30,2.0760e+28,7.4400e+27,4.1533e+27,0.0000e+00,98.4,1.2,0.4
167,1.7405e+30,6.6440e+29,1.0269e+30,4.2070e+28,7.1800e+27,5.7557e+29,8.8830e+28,8.4904e+29,1.7782e+29,3.3900e+28,8.1700e+27,3.6000e+27,3.5800e+27,3.6925e+08,4.0712e+05,1.1600e+09,3.2485e-11,1.3860e+08,1.1694e+06,3.0537e+05,3.0481e+05,38.2,59.0,2.4,0.4,1.7395e+30,1.7118e+30,2.0520e+28,7.1400e+27,4.1382e+27,0.0000e+00,98.4,1.2,0.4
168,1.7717e+30,6.7191e+29,1.0506e+30,4.2220e+28,7.0300e+27,5.8020e+29,9.1710e+28,8.6764e+29,1.8295e+29,3.3490e+28,8.7300e+27,3.5000e+27,3.5300e+27,3.6857e+08,1.9240e+05,1.2441e+09,8.8623e-14,1.3404e+08,1.1784e+06,3.0481e+05,3.0429e+05,37.9,59.3,2.4,0.4,1.7699e+30,1.7427e+30,2.0080e+28,7.0600e+27,4.1120e+27,0.0000e+00,98.5,1.1,0.4
169,1.7999e+30,6.8053e+29,1.0706e+30,4.1860e+28,6.9600e+27,5.8713e+29,9.3400e+28,8.8485e+29,1.8573e+29,3.3420e+28,8.4400e+27,3.7300e+27,3.2300e+27,3.6752e+08,8.0992e+01,1.3995e+09,1.0002e-20,1.3761e+08,1.1892e+06,3.0429e+05,3.0382e+05,37.8,59.5,2.3,0.4,1.8015e+30,1.7732e+30,2.1180e+28,7.0700e+27,4.1013e+27,0.0000e+00,98.4,1.2,0.4
170,1.8233e+30,6.8399e+29,1.0855e+30,4.6710e+28,7.1700e+27,5.7463e+29,1.0936e+29,8.6135e+29,2.2411e+29,3.7180e+28,9.5300e+27,3.6500e+27,3.5200e+27,3.6615e+08,2.4211e+05,1.1677e+09,3.3219e-20,1.3719e+08,1.4087e+06,3.0382e+05,3.0339e+05,37.5,59.5,2.6,0.4,1.8223e+30,1.7937e+30,2.1260e+28,7.3000e+27,4.0795e+27,0.0000e+00,98.4,1.2,0.4
171,1.8403e+30,6.8697e+29,1.0998e+30,4.6430e+28,7.0500e+27,5.7808e+29,1.0889e+29,8.7928e+29,2.2053e+29,3.6000e+28,1.0430e+28,3.6000e+27,3.4500e+27,3.6581e+08,3.9120e+05,1.2075e+09,9.3953e-12,1.3274e+08,1.3579e+06,3.0339e+05,3.0301e+05,37.3,59.8,2.5,0.4,1.8397e+30,1.8116e+30,2.0760e+28,7.3400e+27,4.0731e+27,0.0000e+00,98.5,1.1,0.4
172,1.8500e+30,6.8842e+29,1.1095e+30,4.4930e+28,7.0900e+27,5.7938e+29,1.0904e+29,8.9697e+29,2.1256e+29,3.5170e+28,9.7600e+27,3.6300e+27,3.4600e+27,3.6485e+08,1.9371e+05,1.2328e+09,2.8022e-13,1.2844e+08,1.4613e+06,3.0301e+05,3.0267e+05,37.2,60.0,2.4,0.4,1.8513e+30,1.8235e+30,2.0620e+28,7.2200e+27,4.0557e+27,0.0000e+00,98.5,1.1,0.4
173,1.8816e+30,6.9507e+29,1.1351e+30,4.4420e+28,7.0300e+27,5.8559e+29,1.0948e+29,9.1641e+29,2.1870e+29,3.4200e+28,1.0220e+28,3.3800e+27,3.6500e+27,3.6387e+08,5.6241e+02,1.1950e+09,1.0143e-20,1.2930e+08,1.5012e+06,3.0267e+05,3.0237e+05,36.9,60.3,2.4,0.4,1.8793e+30,1.8505e+30,2.2170e+28,6.6200e+27,4.0535e+27,0.0000e+00,98.5,1.2,0.4
174,1.9028e+30,7.0386e+29,1.1423e+30,4.9780e+28,6.8800e+27,5.7132e+29,1.3254e+29,8.8473e+29,2.5752e+29,3.7780e+28,1.2000e+28,3.3800e+27,3.5000e+27,3.6247e+08,6.9979e+04,1.1721e+09,1.0516e-20,1.2913e+08,1.7186e+06,3.0237e+05,3.0213e+05,37.0,60.0,2.6,0.4,1.9035e+30,1.8745e+30,2.1410e+28,7.5900e+27,4.0405e+27,0.0000e+00,98.5,1.1,0.4
175,1.8962e+30,6.9813e+29,1.1407e+30,5.0370e+28,6.9900e+27,5.6739e+29,1.3074e+29,8.8615e+29,2.5454e+29,3.8130e+28,1.2240e+28,3.3700e+27,3.6200e+27,3.6066e+08,4.9584e+05,1.1757e+09,2.6902e-12,1.2526e+08,1.7174e+06,3.0213e+05,3.0192e+05,36.8,60.2,2.7,0.4,1.8948e+30,1.8640e+30,2.3500e+28,7.3500e+27,4.0297e+27,0.0000e+00,98.4,1.2,0.4
176,1.9273e+30,7.0698e+29,1.1652e+30,4.8090e+28,6.9900e+27,5.7853e+29,1.2845e+29,9.1088e+29,2.5431e+29,3.6570e+28,1.1520e+28,3.6400e+27,3.3500e+27,3.5937e+08,2.5815e+05,1.2578e+09,9.0755e-13,1.2185e+08,1.7889e+06,3.0192e+05,3.0176e+05,36.7,60.5,2.5,0.4,1.9276e+30,1.8983e+30,2.2100e+28,7.1800e+27,4.0211e+27,0.0000e+00,98.5,1.1,0.4
177,1.9446e+30,7.1433e+29,1.1764e+30,4.6820e+28,7.1000e+27,5.8634e+29,1.2799e+29,9.3162e+29,2.4473e+29,3.5150e+28,1.1670e+28,3.5300e+27,3.5700e+27,3.5764e+08,9.9697e+03,1.2011e+09,1.0437e-20,1.1855e+08,1.8456e+06,3.0176e+05,3.0165e+05,36.7,60.5,2.4,0.4,1.9461e+30,1.9158e+30,2.3350e+28,6.9600e+27,4.0274e+27,0.0000e+00,98.4,1.2,0.4
178,1.9632e+30,7.1719e+29,1.1867e+30,5.2160e+28,7.0900e+27,5.6476e+29,1.5243e+29,8.8430e+29,3.0242e+29,3.8930e+28,1.3230e+28,3.3700e+27,3.7200e+27,3.5581e+08,3.8073e+02,1.4779e+09,1.0174e-20,1.2448e+08,1.8681e+06,3.0165e+05,3.0158e+05,36.5,60.4,2.7,0.4,1.9614e+30,1.9314e+30,2.2640e+28,7.4400e+27,4.0103e+27,0.0000e+00,98.5,1.2,0.4
179,1.9894e+30,7.2038e+29,1.2089e+30,5.2790e+28,7.2800e+27,5.6589e+29,1.5449e+29,9.1140e+29,2.9754e+29,3.8540e+28,1.4250e+28,3.8100e+27,3.4700e+27,3.5448e+08,5.7168e+05,1.4939e+09,1.2258e-12,1.2128e+08,2.0349e+06,3.0158e+05,3.0156e+05,36.2,60.8,2.7,0.4,1.9884e+30,1.9575e+30,2.3010e+28,7.8800e+27,4.0210e+27,0.0000e+00,98.4,1.2,0.4
180,1.9836e+30,7.2099e+29,1.2043e+30,5.1180e+28,7.1700e+27,5.7027e+29,1.5072e+29,9.1410e+29,2.9017e+29,3.7470e+28,1.3710e+28,3.6100e+27,3.5600e+27,3.5239e+08,3.1051e+05,1.4992e+09,1.2803e-12,1.1830e+08,2.0665e+06,3.0158e+05,3.0156e+05,36.3,60.7,2.6,0.4,1.9837e+30,1.9533e+30,2.3240e+28,7.1900e+27,4.0082e+27,0.0000e+00,98.5,1.2,0.4
181,1.9969e+30,7.2599e+29,1.2134e+30,5.0250e+28,7.2800e+27,5.7295e+29,1.5304e+29,9.2792e+29,2.8545e+29,3.6910e+28,1.3340e+28,3.6600e+27,3.6200e+27,3.5068e+08,3.2873e+04,1.2199e+09,1.0230e-20,1.1460e+08,2.1478e+06,3.0165e+05,3.0158e+05,36.4,60.8,2.5,0.4,1.9969e+30,1.9665e+30,2.2910e+28,7.5100e+27,4.0231e+27,0.0000e+00,98.5,1.1,0.4
182,2.0158e+30,7.2475e+29,1.2325e+30,5.1560e+28,7.0100e+27,5.5210e+29,1.7265e+29,8.9642e+29,3.3606e+29,3.7510e+28,1.4050e+28,3.4600e+27,3.5500e+27,3.4847e+08,7.4191e+02,1.3020e+09,1.0483e-20,1.1940e+08,2.2818e+06,3.0176e+05,3.0165e+05,36.0,61.1,2.6,0.3,2.0153e+30,1.9847e+30,2.3430e+28,7.2300e+27,4.0146e+27,0.0000e+00,98.5,1.2,0.4
183,2.0343e+30,7.2919e+29,1.2448e+30,5.3360e+28,7.0200e+27,5.5530e+29,1.7389e+29,9.0150e+29,3.4327e+29,3.8040e+28,1.5320e+28,3.1400e+27,3.8800e+27,3.4649e+08,6.1967e+05,1.2498e+09,7.3513e-13,1.1635e+08,2.3895e+06,3.0192e+05,3.0176e+05,35.8,61.2,2.6,0.3,2.0340e+30,2.0030e+30,2.3200e+28,7.8300e+27,4.0211e+27,0.0000e+00,98.5,1.1,0.4
184,2.0545e+30,7.3365e+29,1.2619e+30,5.1930e+28,7.0300e+27,5.5855e+29,1.7510e+29,9.3294e+29,3.2895e+29,3.6520e+28,1.5410e+28,3.3300e+27,3.7000e+27,3.4519e+08,3.4252e+05,1.2611e+09,2.9158e-12,1.1412e+08,2.4745e+06,3.0213e+05,3.0192e+05,35.7,61.4,2.5,0.3,2.0551e+30,2.0236e+30,2.4310e+28,7.1800e+27,4.0426e+27,0.0000e+00,98.5,1.2,0.3
185,2.0378e+30,7.3583e+29,1.2437e+30,5.1220e+28,7.1300e+27,5.6455e+29,1.7128e+29,9.2826e+29,3.1540e+29,3.5940e+28,1.5280e+28,3.5300e+27,3.6000e+27,3.4302e+08,5.9012e+04,1.4018e+09,6.7862e-20,1.1116e+08,2.6961e+06,3.0237e+05,3.0213e+05,36.1,61.0,2.5,0.3,2.0367e+30,2.0050e+30,2.4260e+28,7.5200e+27,4.0276e+27,0.0000e+00,98.4,1.2,0.4
186,2.0594e+30,7.3277e+29,1.2650e+30,5.4730e+28,6.9700e+27,5.3791e+29,1.9486e+29,9.0323e+29,3.6173e+29,3.7300e+28,1.7430e+28,3.5200e+27,3.4500e+27,3.4111e+08,5.2936e+02,1.3484e+09,1.0104e-20,1.1429e+08,2.8038e+06,3.0267e+05,3.0237e+05,35.6,61.4,2.7,0.3,2.0583e+30,2.0268e+30,2.3960e+28,7.5800e+27,4.0535e+27,0.0000e+00,98.5,1.2,0.4
187,2.0606e+30,7.3649e+29,1.2635e+30,5.3540e+28,7.0000e+27,5.3877e+29,1.9772e+29,8.9597e+29,3.6758e+29,3.6910e+28,1.6630e+28,3.5500e+27,3.4500e+27,3.3864e+08,7.4111e+05,1.3190e+09,2.1746e-13,1.1211e+08,2.9072e+06,3.0301e+05,3.0267e+05,35.7,61.3,2.6,0.3,2.0616e+30,2.0307e+30,2.3650e+28,7.2800e+27,4.0557e+27,0.0000e+00,98.5,1.1,0.4
188,2.0653e+30,7.3303e+29,1.2721e+30,5.3110e+28,7.0900e+27,5.4011e+29,1.9292e+29,9.0984e+29,3.6228e+29,3.6240e+28,1.6870e+28,3.5500e+27,3.5400e+27,3.3596e+08,4.2795e+05,1.3528e+09,5.0018e-12,1.0938e+08,2.9453e+06,3.0339e+05,3.0301e+05,35.5,61.6,2.6,0.3,2.0648e+30,2.0324e+30,2.4610e+28,7.8100e+27,4.0731e+27,0.0000e+00,98.4,1.2,0.4
189,2.0608e+30,7.3264e+29,1.2693e+30,5.1880e+28,6.9900e+27,5.4020e+29,1.9244e+29,9.2382e+29,3.4545e+29,3.5900e+28,1.5980e+28,3.6000e+27,3.3900e+27,3.3307e+08,1.0491e+05,1.2953e+09,3.3104e-18,1.0664e+08,3.0017e+06,3.0382e+05,3.0339e+05,35.6,61.6,2.5,0.3,2.0618e+30,2.0300e+30,2.4510e+28,7.3200e+27,4.0795e+27,0.0000e+00,98.5,1.2,0.4
190,2.0666e+30,7.3271e+29,1.2728e+30,5.3970e+28,7.0700e+27,5.2528e+29,2.0743e+29,8.8697e+29,3.8585e+29,3.6480e+28,1.7490e+28,3.5500e+27,3.5200e+27,3.3027e+08,5.2475e+02,1.4708e+09,1.0017e-20,1.1013e+08,3.1294e+06,3.0429e+05,3.0382e+05,35.5,61.6,2.6,0.3,2.0654e+30,2.0340e+30,2.3630e+28,7.8000e+27,4.1013e+27,0.0000e+00,98.5,1.1,0.4
191,2.0756e+30,7.3284e+29,1.2807e+30,5.4970e+28,7.1200e+27,5.1915e+29,2.1369e+29,8.8665e+29,3.9402e+29,3.7200e+28,1.7770e+28,3.6500e+27,3.4700e+27,3.2786e+08,9.2723e+05,1.5239e+09,3.9785e-14,1.0800e+08,3.1873e+06,3.0481e+05,3.0429e+05,35.3,61.7,2.6,0.3,2.0758e+30,2.0440e+30,2.3960e+28,7.8200e+27,4.1120e+27,0.0000e+00,98.5,1.2,0.4
192,2.0643e+30,7.3218e+29,1.2730e+30,5.1920e+28,7.1500e+27,5.2466e+29,2.0752e+29,8.9366e+29,3.7936e+29,3.4720e+28,1.7200e+28,3.9400e+27,3.2100e+27,3.2500e+08,5.6230e+05,1.4438e+09,2.5156e-11,1.0528e+08,3.4303e+06,3.0537e+05,3.0481e+05,35.5,61.7,2.5,0.3,2.0651e+30,2.0323e+30,2.4790e+28,7.9600e+27,4.1382e+27,0.0000e+00,98.4,1.2,0.4
193,2.0563e+30,7.2816e+29,1.2690e+30,5.2060e+28,7.0200e+27,5.1976e+29,2.0840e+29,8.8985e+29,3.7918e+29,3.4500e+28,1.7560e+28,3.4300e+27,3.5900e+27,3.2244e+08,1.8421e+05,1.3326e+09,3.0716e-16,1.0291e+08,3.3984e+06,3.0598e+05,3.0537e+05,35.4,61.7,2.5,0.3,2.0561e+30,2.0256e+30,2.3780e+28,6.7500e+27,4.1533e+27,0.0000e+00,98.5,1.2,0.3
194,2.0642e+30,7.2504e+29,1.2782e+30,5.4020e+28,6.9800e+27,5.0673e+29,2.1831e+29,8.7344e+29,4.0474e+29,3.5510e+28,1.8510e+28,3.6200e+27,3.3600e+27,3.1957e+08,6.3679e+02,1.3464e+09,1.0352e-20,1.0647e+08,3.4238e+06,3.0663e+05,3.0598e+05,35.1,61.9,2.6,0.3,2.0643e+30,2.0317e+30,2.4780e+28,7.8300e+27,4.1840e+27,0.0000e+00,98.4,1.2,0.4
195,2.0584e+30,7.2687e+29,1.2709e+30,5.3700e+28,7.0200e+27,4.9728e+29,2.2959e+29,8.4894e+29,4.2192e+29,3.4780e+28,1.8920e+28,3.5900e+27,3.4300e+27,3.1665e+08,7.7891e+05,1.5827e+09,2.8627e-15,1.0472e+08,3.5786e+06,3.0733e+05,3.0664e+05,35.3,61.7,2.6,0.3,2.0585e+30,2.0267e+30,2.4060e+28,7.6900e+27,4.2035e+27,0.0000e+00,98.5,1.2,0.4
196,2.0376e+30,7.1933e+29,1.2589e+30,5.2250e+28,7.1300e+27,4.9409e+29,2.2524e+29,8.5430e+29,4.0459e+29,3.3890e+28,1.8360e+28,3.7600e+27,3.3700e+27,3.1384e+08,8.1303e+05,1.3187e+09,1.1327e-10,1.0174e+08,3.5931e+06,3.0807e+05,3.0733e+05,35.3,61.8,2.6,0.3,2.0369e+30,2.0047e+30,2.4220e+28,7.9400e+27,4.2251e+27,0.0000e+00,98.4,1.2,0.4
197,2.0419e+30,7.1957e+29,1.2635e+30,5.1770e+28,7.0800e+27,5.0048e+29,2.1909e+29,8.6969e+29,3.9383e+29,3.3950e+28,1.7820e+28,3.7000e+27,3.3800e+27,3.1114e+08,3.4357e+05,1.3149e+09,1.6411e-14,9.9557e+07,3.4955e+06,3.0886e+05,3.0808e+05,35.2,61.9,2.5,0.3,2.0426e+30,2.0105e+30,2.4670e+28,7.5100e+27,4.2488e+27,0.0000e+00,98.4,1.2,0.4
198,2.0364e+30,7.1674e+29,1.2608e+30,5.1690e+28,7.2100e+27,4.9472e+29,2.2202e+29,8.6297e+29,3.9779e+29,3.3410e+28,1.8280e+28,3.4900e+27,3.7200e+27,3.0853e+08,1.2347e+03,1.3048e+09,1.0624e-20,1.0709e+08,3.5580e+06,3.0969e+05,3.0886e+05,35.2,61.9,2.5,0.4,2.0365e+30,2.0065e+30,2.2340e+28,7.6600e+27,4.2747e+27,0.0000e+00,98.5,1.1,0.4
199,2.0416e+30,7.1392e+29,1.2657e+30,5.4910e+28,7.0500e+27,4.7652e+29,2.3740e+29,8.2684e+29,4.3889e+29,3.5000e+28,1.9910e+28,3.3600e+27,3.6900e+27,3.0518e+08,4.5092e+05,1.3916e+09,8.7066e-18,1.0617e+08,3.8460e+06,3.1057e+05,3.0969e+05,35.0,62.0,2.7,0.3,2.0412e+30,2.0097e+30,2.3270e+28,8.2300e+27,4.3170e+27,0.0000e+00,98.5,1.1,0.4
200,2.0207e+30,7.0892e+29,1.2511e+30,5.3540e+28,7.1700e+27,4.7306e+29,2.3586e+29,8.3150e+29,4.1962e+29,3.4220e+28,1.9320e+28,3.5700e+27,3.6000e+27,3.0164e+08,1.0803e+06,1.2692e+09,2.4364e-11,1.0290e+08,3.8543e+06,3.1149e+05,3.1057e+05,35.1,61.9,2.6,0.4,2.0213e+30,1.9907e+30,2.2800e+28,7.8900e+27,4.3331e+27,0.0000e+00,98.5,1.1,0.4
201,2.0134e+30,7.1042e+29,1.2443e+30,5.1650e+28,7.0800e+27,4.8045e+29,2.2997e+29,8.3022e+29,4.1405e+29,3.3470e+28,1.8180e+28,3.6400e+27,3.4400e+27,2.9859e+08,5.6208e+05,1.4105e+09,7.0208e-13,1.0048e+08,3.8189e+06,3.1245e+05,3.1149e+05,35.3,61.8,2.6,0.4,2.0147e+30,1.9826e+30,2.3800e+28,8.2600e+27,4.3801e+27,0.0000e+00,98.4,1.2,0.4
202,1.9921e+30,6.9791e+29,1.2367e+30,5.0530e+28,6.9800e+27,4.7563e+29,2.2228e+29,8.4596e+29,3.9077e+29,3.2180e+28,1.8350e+28,3.4100e+27,3.5700e+27,2.9555e+08,2.7271e+04,1.3254e+09,1.0909e-20,9.9232e+07,3.9649e+06,3.1346e+05,3.1246e+05,35.0,62.1,2.5,0.4,1.9922e+30,1.9615e+30,2.2370e+28,8.2700e+27,4.4004e+27,0.0000e+00,98.5,1.1,0.4
203,1.9738e+30,6.9668e+29,1.2201e+30,4.9960e+28,7.0500e+27,4.5564e+29,2.4104e+29,7.8743e+29,4.3269e+29,3.1250e+28,1.8710e+28,3.7200e+27,3.3300e+27,2.9249e+08,1.3280e+03,1.5077e+09,1.0613e-20,1.0427e+08,4.0919e+06,3.1451e+05,3.1346e+05,35.3,61.8,2.5,0.4,1.9736e+30,1.9429e+30,2.2470e+28,8.2400e+27,4.4522e+27,0.0000e+00,98.4,1.1,0.4
204,1.9666e+30,6.9476e+29,1.2133e+30,5.1460e+28,7.0600e+27,4.5598e+29,2.3878e+29,7.9210e+29,4.2120e+29,3.1940e+28,1.9520e+28,3.2500e+27,3.8100e+27,2.8957e+08,1.5143e+06,1.4228e+09,8.8334e-13,1.0203e+08,4.1080e+06,3.1561e+05,3.1452e+05,35.3,61.7,2.6,0.4,1.9666e+30,1.9358e+30,2.2460e+28,8.3300e+27,4.4768e+27,0.0000e+00,98.4,1.1,0.4
205,1.9364e+30,6.8392e+29,1.1959e+30,4.9590e+28,7.0300e+27,4.5396e+29,2.2996e+29,7.9460e+29,4.0129e+29,3.0630e+28,1.8960e+28,3.4000e+27,3.6300e+27,2.8622e+08,9.2664e+05,1.2669e+09,3.4815e-11,9.9218e+07,4.1364e+06,3.1675e+05,3.1561e+05,35.3,61.8,2.6,0.4,1.9370e+30,1.9070e+30,2.2200e+28,7.8100e+27,4.5336e+27,0.0000e+00,98.5,1.1,0.4
206,1.9175e+30,6.8126e+29,1.1804e+30,4.8810e+28,7.0200e+27,4.5631e+29,2.2495e+29,7.9540e+29,3.8498e+29,3.0030e+28,1.8780e+28,3.3800e+27,3.6400e+27,2.8259e+08,3.1504e+05,1.4113e+09,6.3600e-16,9.6982e+07,3.9780e+06,3.1793e+05,3.1675e+05,35.5,61.6,2.5,0.4,1.9179e+30,1.8874e+30,2.1810e+28,8.7400e+27,4.5624e+27,0.0000e+00,98.4,1.1,0.5
207,1.9105e+30,6.7830e+29,1.1756e+30,4.9560e+28,7.0400e+27,4.4316e+29,2.3514e+29,7.7112e+29,4.0446e+29,3.0810e+28,1.8750e+28,3.5200e+27,3.5200e+27,2.7957e+08,8.1150e+02,1.3392e+09,1.0204e-20,1.0772e+08,3.8409e+06,3.1916e+05,3.1794e+05,35.5,61.5,2.6,0.4,1.9104e+30,1.8804e+30,2.1750e+28,8.2000e+27,4.6087e+27,0.0000e+00,98.4,1.1,0.4
208,1.8881e+30,6.6824e+29,1.1631e+30,4.9650e+28,7.0600e+27,4.2926e+29,2.3898e+29,7.4366e+29,4.1946e+29,3.0550e+28,1.9100e+28,3.7400e+27,3.3200e+27,2.7607e+08,8.9295e+05,1.4965e+09,1.0904e-15,1.0621e+08,3.8148e+06,3.2043e+05,3.1916e+05,35.4,61.6,2.6,0.4,1.8886e+30,1.8587e+30,2.1250e+28,8.7000e+27,4.6574e+27,0.0000e+00,98.4,1.1,0.5
209,1.8499e+30,6.6448e+29,1.1297e+30,4.8660e+28,7.0700e+27,4.3082e+29,2.3366e+29,7.4322e+29,3.8647e+29,2.9970e+28,1.8690e+28,3.5800e+27,3.4900e+27,2.7254e+08,1.4752e+06,1.3843e+09,7.0301e-11,1.0356e+08,3.5593e+06,3.2174e+05,3.2043e+05,35.9,61.1,2.6,0.4,1.8500e+30,1.8206e+30,2.0270e+28,9.1600e+27,4.6925e+27,0.0000e+00,98.4,1.1,0.5
210,1.8499e+30,6.6504e+29,1.1308e+30,4.7130e+28,6.9400e+27,4.3275e+29,2.3229e+29,7.5056e+29,3.8027e+29,2.9150e+28,1.7980e+28,3.3500e+27,3.5900e+27,2.6942e+08,7.9146e+05,1.2062e+09,1.4099e-12,1.0182e+08,3.5635e+06,3.2310e+05,3.2174e+05,35.9,61.1,2.5,0.4,1.8514e+30,1.8218e+30,2.1030e+28,8.5600e+27,4.7620e+27,0.0000e+00,98.4,1.1,0.5
211,1.8228e+30,6.5027e+29,1.1192e+30,4.6320e+28,7.0300e+27,4.3163e+29,2.1864e+29,7.6107e+29,3.5808e+29,2.7940e+28,1.8380e+28,3.5900e+27,3.4400e+27,2.6704e+08,9.1727e+04,1.1820e+09,1.0243e-20,1.0006e+08,3.5696e+06,3.2449e+05,3.2310e+05,35.7,61.4,2.5,0.4,1.8224e+30,1.7939e+30,1.9500e+28,8.9800e+27,4.7850e+27,0.0000e+00,98.4,1.1,0.5
212,1.8076e+30,6.4136e+29,1.1115e+30,4.7750e+28,7.0300e+27,4.0847e+29,2.3289e+29,7.1271e+29,3.9875e+29,2.9080e+28,1.8670e+28,3.5000e+27,3.5300e+27,2.6515e+08,1.1430e+03,1.1818e+09,1.0083e-20,1.0406e+08,3.6021e+06,3.2594e+05,3.2450e+05,35.5,61.5,2.6,0.4,1.8074e+30,1.7773e+30,2.0670e+28,9.4400e+27,4.8597e+27,0.0000e+00,98.3,1.1,0.5
213,1.7904e+30,6.3623e+29,1.1015e+30,4.5790e+28,6.9200e+27,4.0742e+29,2.2881e+29,7.1997e+29,3.8150e+29,2.8150e+28,1.7640e+28,3.4100e+27,3.5100e+27,2.6303e+08,1.6474e+06,1.5124e+09,3.4622e-13,1.0271e+08,3.4935e+06,3.2742e+05,3.2594e+05,35.5,61.5,2.6,0.4,1.7911e+30,1.7621e+30,1.9610e+28,9.3900e+27,4.9035e+27,0.0000e+00,98.4,1.1,0.5
214,1.7696e+30,6.3492e+29,1.0817e+30,4.5750e+28,7.2100e+27,4.1150e+29,2.2342e+29,7.1104e+29,3.7064e+29,2.7810e+28,1.7940e+28,3.5600e+27,3.6500e+27,2.6108e+08,1.5913e+06,1.1945e+09,3.6589e-10,1.0078e+08,3.3295e+06,3.2894e+05,3.2742e+05,35.9,61.1,2.6,0.4,1.7693e+30,1.7395e+30,2.0470e+28,9.3000e+27,4.9666e+27,0.0000e+00,98.3,1.2,0.5
215,1.7399e+30,6.2562e+29,1.0630e+30,4.4250e+28,7.0300e+27,4.1275e+29,2.1287e+29,7.1255e+29,3.5043e+29,2.7210e+28,1.7040e+28,3.7200e+27,3.3100e+27,2.5890e+08,7.8541e+05,1.1959e+09,2.5030e-13,9.7797e+07,3.1243e+06,3.3052e+05,3.2895e+05,36.0,61.1,2.5,0.4,1.7411e+30,1.7114e+30,2.0050e+28,9.6300e+27,5.0323e+27,0.0000e+00,98.3,1.2,0.6
216,1.7078e+30,6.1707e+29,1.0401e+30,4.3680e+28,7.0200e+27,4.0740e+29,2.0967e+29,7.0467e+29,3.3539e+29,2.5930e+28,1.7750e+28,3.6100e+27,3.4100e+27,2.5717e+08,2.0588e+03,1.1242e+09,1.0015e-20,1.0912e+08,3.0647e+06,3.3213e+05,3.3052e+05,36.1,60.9,2.6,0.4,1.7084e+30,1.6792e+30,1.9510e+28,9.6100e+27,5.0828e+27,0.0000e+00,98.3,1.1,0.6
217,1.6677e+30,6.0283e+29,1.0136e+30,4.4080e+28,7.1000e+27,3.8360e+29,2.1923e+29,6.5310e+29,3.6055e+29,2.6790e+28,1.7290e+28,3.8300e+27,3.2700e+27,2.5497e+08,1.1175e+05,1.1940e+09,1.1842e-20,1.0899e+08,2.9633e+06,3.3377e+05,3.3213e+05,36.1,60.8,2.6,0.4,1.6683e+30,1.6404e+30,1.8430e+28,9.4500e+27,5.1351e+27,0.0000e+00,98.3,1.1,0.6
218,1.6496e+30,6.0191e+29,9.9751e+29,4.3050e+28,7.1300e+27,3.8873e+29,2.1318e+29,6.5279e+29,3.4472e+29,2.6260e+28,1.6790e+28,3.6600e+27,3.4700e+27,2.5377e+08,2.0915e+06,1.2160e+09,1.6608e-12,1.0646e+08,2.8109e+06,3.3547e+05,3.3378e+05,36.5,60.5,2.6,0.4,1.6491e+30,1.6209e+30,1.8870e+28,9.3500e+27,5.2080e+27,0.0000e+00,98.3,1.1,0.6
219,1.6354e+30,5.9837e+29,9.8837e+29,4.1630e+28,7.0300e+27,3.8705e+29,2.1132e+29,6.5851e+29,3.2986e+29,2.4940e+28,1.6690e+28,3.5900e+27,3.4400e+27,2.5217e+08,1.8440e+06,1.2818e+09,3.5130e-10,1.0412e+08,2.6624e+06,3.3720e+05,3.3547e+05,36.6,60.4,2.5,0.4,1.6363e+30,1.6080e+30,1.8870e+28,9.5100e+27,5.2837e+27,0.0000e+00,98.3,1.2,0.6
220,1.5993e+30,5.8772e+29,9.6386e+29,4.0680e+28,7.0100e+27,3.8716e+29,2.0056e+29,6.5618e+29,3.0768e+29,2.5070e+28,1.5610e+28,3.4600e+27,3.5500e+27,2.5034e+08,9.4456e+05,1.2664e+09,3.4390e-13,1.0224e+08,2.6575e+06,3.3898e+05,3.3721e+05,36.7,60.3,2.5,0.4,1.5996e+30,1.5728e+30,1.7210e+28,9.5900e+27,5.3430e+27,0.0000e+00,98.3,1.1,0.6
221,1.5785e+30,5.8009e+29,9.5292e+29,3.8450e+28,7.0400e+27,3.8667e+29,1.9342e+29,6.6124e+29,2.9168e+29,2.3030e+28,1.5420e+28,3.4600e+27,3.5800e+27,2.4911e+08,1.8000e+04,1.1132e+09,1.0540e-20,1.0047e+08,2.6404e+06,3.4079e+05,3.3898e+05,36.7,60.4,2.4,0.4,1.5796e+30,1.5513e+30,1.8270e+28,1.0000e+28,5.4042e+27,0.0000e+00,98.2,1.2,0.6
222,1.5681e+30,5.7475e+29,9.4500e+29,4.1360e+28,7.0000e+27,3.7059e+29,2.0416e+29,6.2512e+29,3.1988e+29,2.5310e+28,1.6050e+28,3.8200e+27,3.1800e+27,2.4960e+08,7.1926e+02,1.1366e+09,1.0633e-20,1.1085e+08,2.5594e+06,3.4265e+05,3.4080e+05,36.7,60.3,2.6,0.4,1.5671e+30,1.5389e+30,1.7930e+28,1.0230e+28,5.4874e+27,0.0000e+00,98.2,1.1,0.7
223,1.5402e+30,5.6490e+29,9.2798e+29,4.0350e+28,6.9700e+27,3.6784e+29,1.9706e+29,6.2115e+29,3.0683e+29,2.5020e+28,1.5330e+28,3.2400e+27,3.7300e+27,2.4919e+08,2.0803e+06,1.2163e+09,7.5443e-13,1.0907e+08,2.4666e+06,3.4455e+05,3.4265e+05,36.7,60.3,2.6,0.5,1.5403e+30,1.5117e+30,1.8260e+28,1.0430e+28,5.5737e+27,0.0000e+00,98.1,1.2,0.7
224,1.5069e+30,5.5757e+29,9.0317e+29,3.9110e+28,7.0100e+27,3.6713e+29,1.9044e+29,6.1297e+29,2.9020e+29,2.3640e+28,1.5470e+28,3.7200e+27,3.2900e+27,2.4867e+08,2.4639e+06,1.1810e+09,9.2460e-10,1.0681e+08,2.3744e+06,3.4648e+05,3.4455e+05,37.0,59.9,2.6,0.5,1.5075e+30,1.4797e+30,1.7130e+28,1.0680e+28,5.6212e+27,0.0000e+00,98.2,1.1,0.7
225,1.4917e+30,5.5308e+29,8.9417e+29,3.7250e+28,7.2200e+27,3.6982e+29,1.8326e+29,6.1450e+29,2.7967e+29,2.2360e+28,1.4890e+28,3.5700e+27,3.6500e+27,2.5009e+08,1.4544e+06,1.1220e+09,1.0168e-11,1.0452e+08,2.1841e+06,3.4845e+05,3.4648e+05,37.1,59.9,2.5,0.5,1.4911e+30,1.4651e+30,1.6800e+28,9.2400e+27,5.7121e+27,0.0000e+00,98.3,1.1,0.6
226,1.4772e+30,5.4634e+29,8.8706e+29,3.6730e+28,7.0400e+27,3.6727e+29,1.7907e+29,6.1569e+29,2.7137e+29,2.2280e+28,1.4450e+28,3.3500e+27,3.6900e+27,2.5148e+08,4.2758e+05,1.1787e+09,4.2333e-17,1.0220e+08,2.1356e+06,3.5047e+05,3.4846e+05,37.0,60.1,2.5,0.5,1.4785e+30,1.4510e+30,1.7560e+28,9.9300e+27,5.8062e+27,0.0000e+00,98.1,1.2,0.7
227,1.4588e+30,5.3758e+29,8.7681e+29,3.7320e+28,7.0800e+27,3.5741e+29,1.8017e+29,5.9607e+29,2.8074e+29,2.3340e+28,1.3980e+28,3.5600e+27,3.5200e+27,2.5305e+08,1.2708e+03,1.2187e+09,1.0132e-20,1.1380e+08,2.0203e+06,3.5252e+05,3.5047e+05,36.9,60.1,2.6,0.5,1.4587e+30,1.4326e+30,1.6400e+28,9.6400e+27,5.8812e+27,0.0000e+00,98.2,1.1,0.7
228,1.4387e+30,5.3013e+29,8.6494e+29,3.6600e+28,7.0300e+27,3.5053e+29,1.7960e+29,5.8925e+29,2.7569e+29,2.2780e+28,1.3820e+28,3.5400e+27,3.4900e+27,2.5427e+08,1.3915e+06,1.5594e+09,3.7175e-15,1.1204e+08,1.9187e+06,3.5461e+05,3.5253e+05,36.8,60.1,2.5,0.5,1.4384e+30,1.4116e+30,1.6450e+28,1.0340e+28,5.9582e+27,0.0000e+00,98.1,1.1,0.7
229,1.4286e+30,5.2638e+29,8.5945e+29,3.5720e+28,7.0500e+27,3.5360e+29,1.7278e+29,5.8955e+29,2.6990e+29,2.2000e+28,1.3720e+28,3.4000e+27,3.6500e+27,2.5424e+08,3.4146e+06,1.1256e+09,6.9808e-11,1.1014e+08,1.8565e+06,3.5674e+05,3.5461e+05,36.8,60.2,2.5,0.5,1.4300e+30,1.4032e+30,1.6690e+28,1.0140e+28,6.0603e+27,0.0000e+00,98.1,1.2,0.7
230,1.3982e+30,5.1670e+29,8.3950e+29,3.4950e+28,7.0300e+27,3.4893e+29,1.6777e+29,5.8844e+29,2.5106e+29,2.1300e+28,1.3650e+28,3.5400e+27,3.4900e+27,2.5383e+08,2.4072e+06,1.1625e+09,6.3575e-10,1.0798e+08,1.8069e+06,3.5891e+05,3.5675e+05,37.0,60.0,2.5,0.5,1.3983e+30,1.3719e+30,1.6310e+28,1.0160e+28,6.1421e+27,0.0000e+00,98.1,1.2,0.7
231,1.3676e+30,5.1146e+29,8.1654e+29,3.2430e+28,7.1300e+27,3.5110e+29,1.6036e+29,5.7792e+29,2.3862e+29,2.0370e+28,1.2060e+28,3.6500e+27,3.4800e+27,2.5557e+08,1.3336e+06,1.1343e+09,1.3588e-12,1.0605e+08,1.7122e+06,3.6111e+05,3.5891e+05,37.4,59.7,2.4,0.5,1.3669e+30,1.3400e+30,1.6410e+28,1.0550e+28,6.2258e+27,0.0000e+00,98.0,1.2,0.8
232,1.3509e+30,5.0353e+29,8.0743e+29,3.2930e+28,6.9700e+27,3.4732e+29,1.5621e+29,5.7824e+29,2.2919e+29,1.9780e+28,1.3150e+28,3.2900e+27,3.6800e+27,2.5832e+08,2.2746e+05,1.2605e+09,3.6357e-20,1.0366e+08,1.6029e+06,3.6334e+05,3.6112e+05,37.3,59.8,2.4,0.5,1.3520e+30,1.3254e+30,1.6210e+28,1.0420e+28,6.3114e+27,0.0000e+00,98.0,1.2,0.8
233,1.3296e+30,4.9733e+29,7.9224e+29,3.2930e+28,7.0800e+27,3.3750e+29,1.5983e+29,5.4850e+29,2.4374e+29,2.0390e+28,1.2540e+28,3.5500e+27,3.5300e+27,2.5885e+08,2.3437e+03,1.2330e+09,1.0005e-20,1.1707e+08,1.4269e+06,3.6562e+05,3.6335e+05,37.4,59.6,2.5,0.5,1.3295e+30,1.3036e+30,1.5520e+28,1.0350e+28,6.4241e+27,0.0000e+00,98.1,1.2,0.8
234,1.3321e+30,4.9421e+29,7.9818e+29,3.2750e+28,6.9500e+27,3.3735e+29,1.5686e+29,5.5410e+29,2.4408e+29,2.0910e+28,1.1840e+28,3.4200e+27,3.5300e+27,2.6045e+08,1.8796e+06,1.2079e+09,4.9542e-14,1.1459e+08,1.3549e+06,3.6793e+05,3.6563e+05,37.1,59.9,2.5,0.5,1.3320e+30,1.3051e+30,1.6410e+28,1.0520e+28,6.5145e+27,0.0000e+00,98.0,1.2,0.8
235,1.3065e+30,4.8700e+29,7.8050e+29,3.1910e+28,7.0600e+27,3.3632e+29,1.5068e+29,5.5224e+29,2.2826e+29,1.9900e+28,1.2010e+28,3.6100e+27,3.4500e+27,2.6059e+08,3.8561e+06,1.2684e+09,1.6793e-10,1.1283e+08,1.2802e+06,3.7028e+05,3.6794e+05,37.3,59.7,2.4,0.5,1.3071e+30,1.2803e+30,1.6130e+28,1.0670e+28,6.6332e+27,0.0000e+00,97.9,1.2,0.8
236,1.2834e+30,4.8029e+29,7.6622e+29,2.9860e+28,7.0200e+27,3.3511e+29,1.4518e+29,5.4596e+29,2.2026e+29,1.8230e+28,1.1630e+28,3.6200e+27,3.4000e+27,2.6140e+08,2.8045e+06,1.3508e+09,1.3840e-09,1.1055e+08,1.1304e+06,3.7267e+05,3.7029e+05,37.4,59.7,2.3,0.5,1.2831e+30,1.2573e+30,1.5630e+28,1.0180e+28,6.7285e+27,0.0000e+00,98.0,1.2,0.8
237,1.2764e+30,4.7687e+29,7.6310e+29,2.9550e+28,6.9100e+27,3.3534e+29,1.4153e+29,5.5471e+29,2.0839e+29,1.8350e+28,1.1200e+28,3.4600e+27,3.4500e+27,2.6272e+08,1.7201e+06,1.1557e+09,8.1946e-12,1.0848e+08,1.0746e+06,3.7508e+05,3.7268e+05,37.4,59.8,2.3,0.5,1.2763e+30,1.2510e+30,1.5260e+28,9.9800e+27,6.8256e+27,0.0000e+00,98.0,1.2,0.8
238,1.2566e+30,4.6654e+29,7.5399e+29,2.9080e+28,7.0200e+27,3.3018e+29,1.3636e+29,5.4941e+29,2.0458e+29,1.8330e+28,1.0750e+28,3.3100e+27,3.7100e+27,2.6324e+08,6.0038e+05,1.0893e+09,1.9392e-16,1.0642e+08,1.0608e+06,3.7753e+05,3.7509e+05,37.1,60.0,2.3,0.6,1.2577e+30,1.2326e+30,1.4820e+28,1.0290e+28,6.9245e+27,0.0000e+00,98.0,1.2,0.8
239,1.2216e+30,4.6049e+29,7.2543e+29,2.8600e+28,7.0400e+27,3.2387e+29,1.3662e+29,5.2297e+29,2.0246e+29,1.8410e+28,1.0190e+28,3.4700e+27,3.5700e+27,2.6597e+08,2.3221e+03,1.2527e+09,1.0092e-20,1.2173e+08,1.0460e+06,3.8002e+05,3.7754e+05,37.7,59.4,2.3,0.6,1.2219e+30,1.1971e+30,1.4700e+28,1.0090e+28,7.0540e+27,0.0000e+00,98.0,1.2,0.8
240,1.2137e+30,4.5885e+29,7.1814e+29,2.9700e+28,6.9700e+27,3.1951e+29,1.3934e+29,5.1287e+29,2.0527e+29,1.8860e+28,1.0840e+28,3.5100e+27,3.4600e+27,2.6715e+08,1.1310e+06,1.3640e+09,2.1000e-16,1.2022e+08,1.0636e+06,3.8254e+05,3.8003e+05,37.8,59.2,2.4,0.6,1.2128e+30,1.1875e+30,1.4950e+28,1.0430e+28,7.1577e+27,0.0000e+00,97.9,1.2,0.9
241,1.2023e+30,4.5681e+29,7.0993e+29,2.8610e+28,6.9900e+27,3.2248e+29,1.3433e+29,5.1214e+29,1.9779e+29,1.8460e+28,1.0150e+28,3.5000e+27,3.4900e+27,2.6878e+08,3.5765e+06,1.0885e+09,1.5128e-11,1.1728e+08,9.9315e+05,3.8508e+05,3.8255e+05,38.0,59.0,2.4,0.6,1.2025e+30,1.1769e+30,1.5200e+28,1.0360e+28,7.2632e+27,0.0000e+00,97.9,1.3,0.9
242,1.1711e+30,4.4582e+29,6.9095e+29,2.7370e+28,7.0000e+27,3.1854e+29,1.2728e+29,5.0061e+29,1.9034e+29,1.7300e+28,1.0070e+28,3.3900e+27,3.6100e+27,2.7155e+08,3.7710e+06,1.0077e+09,2.7772e-09,1.1423e+08,8.9820e+05,3.8767e+05,3.8509e+05,38.1,59.0,2.3,0.6,1.1719e+30,1.1470e+30,1.4580e+28,1.0270e+28,7.4012e+27,0.0000e+00,97.9,1.2,0.9
243,1.1578e+30,4.4246e+29,6.8206e+29,2.6380e+28,6.9400e+27,3.1829e+29,1.2417e+29,5.0079e+29,1.8127e+29,1.6560e+28,9.8200e+27,3.2700e+27,3.6700e+27,2.7315e+08,2.7179e+06,1.2591e+09,1.0786e-09,1.1252e+08,8.6031e+05,3.9029e+05,3.8768e+05,38.2,58.9,2.3,0.6,1.1585e+30,1.1335e+30,1.4930e+28,1.0160e+28,7.5113e+27,0.0000e+00,97.8,1.3,0.9
244,1.1517e+30,4.3878e+29,6.8066e+29,2.5280e+28,6.9900e+27,3.1761e+29,1.2117e+29,5.0599e+29,1.7467e+29,1.5950e+28,9.3300e+27,3.3900e+27,3.6000e+27,2.7477e+08,1.6702e+06,1.2448e+09,7.2640e-12,1.1126e+08,7.9950e+05,3.9293e+05,3.9030e+05,38.1,59.1,2.2,0.6,1.1515e+30,1.1281e+30,1.3880e+28,9.5000e+27,7.6230e+27,0.0000e+00,98.0,1.2,0.8
245,1.1262e+30,4.3075e+29,6.6411e+29,2.4410e+28,6.9500e+27,3.1532e+29,1.1543e+29,4.9461e+29,1.6950e+29,1.5430e+28,8.9800e+27,3.4700e+27,3.4800e+27,2.7675e+08,6.1415e+05,1.3777e+09,2.9009e-16,1.1005e+08,7.8823e+05,3.9560e+05,3.9294e+05,38.2,59.0,2.2,0.6,1.1273e+30,1.1041e+30,1.3800e+28,9.4400e+27,7.7363e+27,0.0000e+00,97.9,1.2,0.8
246,1.1012e+30,4.2087e+29,6.4801e+29,2.5370e+28,6.9600e+27,3.0801e+29,1.1286e+29,4.7681e+29,1.7120e+29,1.6370e+28,9.0000e+27,3.5800e+27,3.3800e+27,2.7973e+08,3.0721e+03,1.1203e+09,1.0210e-20,1.2635e+08,7.0683e+05,3.9830e+05,3.9561e+05,38.2,58.8,2.3,0.6,1.1006e+30,1.0771e+30,1.3460e+28,9.9800e+27,7.8849e+27,0.0000e+00,97.9,1.2,0.9
247,1.1028e+30,4.2094e+29,6.4967e+29,2.5190e+28,6.9600e+27,3.0589e+29,1.1505e+29,4.7528e+29,1.7439e+29,1.6680e+28,8.5100e+27,3.4800e+27,3.4800e+27,2.8137e+08,1.0185e+06,1.0741e+09,4.0745e-17,1.2541e+08,6.3303e+05,4.0103e+05,3.9831e+05,38.2,58.9,2.3,0.6,1.1039e+30,1.0788e+30,1.4200e+28,1.0830e+28,8.0027e+27,0.0000e+00,97.7,1.3,1.0
248,1.0913e+30,4.1388e+29,6.4506e+29,2.5370e+28,7.0200e+27,3.0178e+29,1.1210e+29,4.8117e+29,1.6389e+29,1.6290e+28,9.0800e+27,3.3600e+27,3.6600e+27,2.8394e+08,3.4406e+06,1.1753e+09,5.3041e-12,1.2295e+08,6.3262e+05,4.0380e+05,4.0105e+05,37.9,59.1,2.3,0.6,1.0916e+30,1.0680e+30,1.3260e+28,1.0310e+28,8.1573e+27,0.0000e+00,97.8,1.2,0.9
249,1.0596e+30,4.0496e+29,6.2449e+29,2.3250e+28,6.9300e+27,2.9767e+29,1.0729e+29,4.6773e+29,1.5676e+29,1.5040e+28,8.2100e+27,3.3600e+27,3.5700e+27,2.8617e+08,4.2288e+06,1.5121e+09,1.1096e-09,1.2082e+08,6.2651e+05,4.0658e+05,4.0381e+05,38.2,58.9,2.2,0.7,1.0592e+30,1.0350e+30,1.4020e+28,1.0240e+28,8.2429e+27,0.0000e+00,97.7,1.3,1.0
250,1.0560e+30,4.0580e+29,6.2042e+29,2.2900e+28,6.9300e+27,3.0113e+29,1.0467e+29,4.6299e+29,1.5743e+29,1.4880e+28,8.0200e+27,3.2700e+27,3.6600e+27,2.8799e+08,3.3475e+06,1.4165e+09,1.6765e-08,1.1853e+08,6.2678e+05,4.0939e+05,4.0659e+05,38.4,58.7,2.2,0.7,1.0557e+30,1.0324e+30,1.3200e+28,1.0110e+28,8.4017e+27,0.0000e+00,97.8,1.3,1.0
251,1.0333e+30,3.9705e+29,6.0673e+29,2.2520e+28,6.9700e+27,2.9566e+29,1.0139e+29,4.5590e+29,1.5083e+29,1.4460e+28,8.0600e+27,3.6700e+27,3.3000e+27,2.9065e+08,2.4421e+06,1.6999e+09,6.1960e-10,1.1616e+08,5.5824e+05,4.1224e+05,4.0941e+05,38.4,58.7,2.2,0.7,1.0338e+30,1.0094e+30,1.4050e+28,1.0380e+28,8.5643e+27,0.0000e+00,97.6,1.4,1.0
252,1.0205e+30,3.9437e+29,5.9854e+29,2.0690e+28,6.9400e+27,2.9577e+29,9.8600e+28,4.5449e+29,1.4405e+29,1.3310e+28,7.3800e+27,3.5600e+27,3.3800e+27,2.9037e+08,1.5177e+06,1.2621e+09,4.8503e-12,1.1477e+08,5.5000e+05,4.1511e+05,4.1226e+05,38.6,58.6,2.0,0.7,1.0219e+30,9.9953e+29,1.3120e+28,9.2700e+27,8.6916e+27,0.0000e+00,97.8,1.3,0.9
253,1.0056e+30,3.8939e+29,5.8935e+29,1.9970e+28,6.9300e+27,2.9468e+29,9.4710e+28,4.4977e+29,1.3958e+29,1.2710e+28,7.2600e+27,3.5100e+27,3.4200e+27,2.9055e+08,5.9762e+05,1.2977e+09,3.8728e-16,1.1180e+08,4.8978e+05,4.1800e+05,4.1513e+05,38.7,58.6,2.0,0.7,1.0047e+30,9.8242e+29,1.2620e+28,9.6800e+27,8.8199e+27,0.0000e+00,97.8,1.3,1.0
254,9.9320e+29,3.8154e+29,5.8491e+29,1.9710e+28,7.0400e+27,2.8798e+29,9.3560e+28,4.3863e+29,1.4628e+29,1.2720e+28,6.9900e+27,3.6400e+27,3.4000e+27,2.9064e+08,1.5417e+03,1.1738e+09,1.0650e-20,1.3500e+08,5.0497e+05,4.2091e+05,4.1802e+05,38.4,58.9,2.0,0.7,9.9244e+29,9.7030e+29,1.2690e+28,9.4500e+27,8.9491e+27,0.0000e+00,97.8,1.3,1.0
255,9.7988e+29,3.7732e+29,5.7452e+29,2.1100e+28,6.9400e+27,2.8276e+29,9.4560e+28,4.2371e+29,1.5081e+29,1.3890e+28,7.2100e+27,3.5200e+27,3.4200e+27,2.9262e+08,8.7049e+05,1.0326e+09,3.2479e-18,1.3398e+08,4.9387e+05,4.2385e+05,4.2093e+05,38.5,58.6,2.2,0.7,9.8168e+29,9.5837e+29,1.3180e+28,1.0130e+28,9.1210e+27,0.0000e+00,97.6,1.3,1.0
256,9.7853e+29,3.7761e+29,5.7327e+29,2.0720e+28,6.9300e+27,2.8534e+29,9.2270e+28,4.3129e+29,1.4198e+29,1.3990e+28,6.7300e+27,3.4700e+27,3.4600e+27,2.9358e+08,3.3357e+06,1.0505e+09,1.2858e-12,1.3183e+08,4.4414e+05,4.2682e+05,4.2387e+05,38.6,58.6,2.1,0.7,9.7759e+29,9.5446e+29,1.2690e+28,1.0440e+28,9.2965e+27,0.0000e+00,97.6,1.3,1.1
257,9.5863e+29,3.6907e+29,5.6297e+29,1.9600e+28,6.9900e+27,2.8080e+29,8.8270e+28,4.2628e+29,1.3669e+29,1.2520e+28,7.0800e+27,3.3400e+27,3.6500e+27,2.9599e+08,3.3252e+06,1.2160e+09,3.2556e-10,1.2915e+08,4.1620e+05,4.2981e+05,4.2684e+05,38.5,58.7,2.0,0.7,9.5903e+29,9.3633e+29,1.2250e+28,1.0450e+28,9.4318e+27,0.0000e+00,97.6,1.3,1.1
258,9.4917e+29,3.6477e+29,5.5772e+29,1.9660e+28,7.0200e+27,2.7903e+29,8.5740e+28,4.1995e+29,1.3777e+29,1.3220e+28,6.4400e+27,3.3800e+27,3.6400e+27,2.9652e+08,3.7281e+06,1.1549e+09,1.1292e-08,1.2643e+08,4.2667e+05,4.3282e+05,4.2983e+05,38.4,58.8,2.1,0.7,9.4941e+29,9.2686e+29,1.2840e+28,9.7100e+27,9.5675e+27,0.0000e+00,97.6,1.4,1.0
259,9.3436e+29,3.6112e+29,5.4711e+29,1.9180e+28,6.9500e+27,2.7784e+29,8.3280e+28,4.1582e+29,1.3129e+29,1.2180e+28,7.0000e+27,3.5400e+27,3.4100e+27,2.9846e+08,3.2160e+06,1.5300e+09,2.6758e-08,1.2348e+08,4.0996e+05,4.3583e+05,4.3283e+05,38.6,58.6,2.1,0.7,9.3451e+29,9.1175e+29,1.2700e+28,1.0060e+28,9.7036e+27,0.0000e+00,97.6,1.4,1.1
260,9.1741e+29,3.5769e+29,5.3494e+29,1.7900e+28,6.8800e+27,2.7603e+29,8.1660e+28,4.1117e+29,1.2377e+29,1.1730e+28,6.1700e+27,3.5400e+27,3.3400e+27,3.0026e+08,2.5199e+06,1.0766e+09,1.7310e-09,1.2104e+08,4.1110e+05,4.3888e+05,4.3585e+05,39.0,58.3,2.0,0.7,9.1748e+29,8.9564e+29,1.2180e+28,9.6600e+27,9.8871e+27,0.0000e+00,97.6,1.3,1.1
261,9.1585e+29,3.5453e+29,5.3792e+29,1.6530e+28,6.8700e+27,2.7464e+29,7.9890e+28,4.0969e+29,1.2823e+29,1.0730e+28,5.8000e+27,3.4200e+27,3.4500e+27,3.0507e+08,1.7701e+06,1.4774e+09,4.1205e-11,1.1877e+08,4.0621e+05,4.4195e+05,4.3889e+05,38.7,58.7,1.8,0.8,9.1599e+29,8.9446e+29,1.2180e+28,9.3500e+27,1.0074e+28,0.0000e+00,97.6,1.3,1.0
262,9.0025e+29,3.4901e+29,5.2833e+29,1.5950e+28,6.9600e+27,2.7218e+29,7.6830e+28,4.0114e+29,1.2719e+29,1.0240e+28,5.7100e+27,3.1500e+27,3.8100e+27,3.0523e+08,1.0027e+06,1.2236e+09,1.1891e-13,1.1621e+08,3.8971e+05,4.4503e+05,4.4196e+05,38.8,58.7,1.8,0.8,9.0051e+29,8.7856e+29,1.2760e+28,9.1900e+27,1.0215e+28,0.0000e+00,97.6,1.4,1.0
263,8.7612e+29,3.4202e+29,5.1146e+29,1.5870e+28,6.7700e+27,2.6720e+29,7.4820e+28,3.8689e+29,1.2457e+29,1.0060e+28,5.8100e+27,3.3500e+27,3.4200e+27,3.0710e+08,2.2212e+05,1.5478e+09,4.9447e-20,1.1381e+08,3.4686e+05,4.4812e+05,4.4504e+05,39.0,58.4,1.8,0.8,8.7596e+29,8.5453e+29,1.1970e+28,9.4600e+27,1.0356e+28,0.0000e+00,97.6,1.4,1.1
264,8.7621e+29,3.3832e+29,5.1412e+29,1.6890e+28,6.8800e+27,2.6270e+29,7.5620e+28,3.8466e+29,1.2946e+29,1.1280e+28,5.6100e+27,3.3700e+27,3.5100e+27,3.0846e+08,4.0752e+02,1.1026e+09,1.0110e-20,1.4347e+08,3.2744e+05,4.5123e+05,4.4813e+05,38.6,58.7,1.9,0.8,8.7618e+29,8.5376e+29,1.2470e+28,9.9500e+27,1.0548e+28,0.0000e+00,97.4,1.4,1.1
265,8.7664e+29,3.3680e+29,5.1510e+29,1.7890e+28,6.8500e+27,2.6231e+29,7.4490e+28,3.8443e+29,1.3067e+29,1.2200e+28,5.6900e+27,3.1800e+27,3.6700e+27,3.0986e+08,1.6994e+06,1.2652e+09,6.7684e-16,1.4182e+08,3.0324e+05,4.5436e+05,4.5125e+05,38.4,58.8,2.0,0.8,8.7674e+29,8.5432e+29,1.2320e+28,1.0100e+28,1.0690e+28,0.0000e+00,97.4,1.4,1.2
266,8.7151e+29,3.3654e+29,5.1167e+29,1.6370e+28,6.9300e+27,2.6216e+29,7.4380e+28,3.8343e+29,1.2824e+29,1.1190e+28,5.1800e+27,3.5100e+27,3.4200e+27,3.1073e+08,2.6628e+06,1.0516e+09,3.6167e-12,1.4009e+08,3.1291e+05,4.5750e+05,4.5437e+05,38.6,58.7,1.9,0.8,8.7173e+29,8.4958e+29,1.2130e+28,1.0020e+28,1.0886e+28,0.0000e+00,97.5,1.4,1.1
267,8.6379e+29,3.3139e+29,5.0983e+29,1.5640e+28,6.9300e+27,2.5951e+29,7.1880e+28,3.8072e+29,1.2911e+29,1.0500e+28,5.1400e+27,3.1100e+27,3.8200e+27,3.1112e+08,2.7107e+06,1.4552e+09,3.5948e-10,1.3761e+08,3.0758e+05,4.6066e+05,4.5752e+05,38.4,59.0,1.8,0.8,8.6398e+29,8.4240e+29,1.1630e+28,9.9500e+27,1.1085e+28,0.0000e+00,97.5,1.3,1.2
268,8.3730e+29,3.2619e+29,4.8847e+29,1.5720e+28,6.9200e+27,2.5614e+29,7.0050e+28,3.6223e+29,1.2624e+29,1.0450e+28,5.2700e+27,3.4100e+27,3.5100e+27,3.1331e+08,2.4852e+06,1.2142e+09,8.2835e-09,1.3459e+08,3.2674e+05,4.6383e+05,4.6068e+05,39.0,58.3,1.9,0.8,8.3726e+29,8.1609e+29,1.1420e+28,9.7500e+27,1.1230e+28,0.0000e+00,97.5,1.4,1.2
269,8.2450e+29,3.1948e+29,4.8377e+29,1.4510e+28,6.7400e+27,2.5197e+29,6.7510e+28,3.6024e+29,1.2353e+29,9.5100e+27,5.0000e+27,3.3900e+27,3.3500e+27,3.1620e+08,2.1839e+06,1.1324e+09,8.8233e-08,1.3165e+08,3.2918e+05,4.6700e+05,4.6385e+05,38.7,58.7,1.8,0.8,8.2462e+29,8.0285e+29,1.2030e+28,9.7400e+27,1.1374e+28,0.0000e+00,97.4,1.5,1.2
270,8.3244e+29,3.2064e+29,4.9097e+29,1.3800e+28,7.0300e+27,2.5230e+29,6.8340e+28,3.6339e+29,1.2758e+29,8.9900e+27,4.8100e+27,3.2300e+27,3.8000e+27,3.1898e+08,1.9467e+06,1.4758e+09,7.5047e-08,1.2940e+08,3.0106e+05,4.7020e+05,4.6702e+05,38.5,59.0,1.7,0.8,8.3318e+29,8.1163e+29,1.1780e+28,9.7700e+27,1.1635e+28,0.0000e+00,97.4,1.4,1.2
271,8.0677e+29,3.1233e+29,4.7395e+29,1.3550e+28,6.9400e+27,2.4767e+29,6.4660e+28,3.5148e+29,1.2247e+29,8.9000e+27,4.6500e+27,3.5500e+27,3.3900e+27,3.2317e+08,1.8984e+06,1.5568e+09,1.0166e-08,1.2742e+08,3.1401e+05,4.7339e+05,4.7022e+05,38.7,58.7,1.7,0.9,8.0674e+29,7.8570e+29,1.1570e+28,9.4700e+27,1.1721e+28,0.0000e+00,97.4,1.4,1.2
272,8.0912e+29,3.1030e+29,4.7933e+29,1.2510e+28,6.9800e+27,2.4678e+29,6.3520e+28,3.5977e+29,1.1956e+29,8.2400e+27,4.2700e+27,3.4600e+27,3.5200e+27,3.2618e+08,2.0911e+06,1.0773e+09,8.4973e-10,1.2394e+08,3.0109e+05,4.7661e+05,4.7341e+05,38.4,59.2,1.5,0.9,8.0890e+29,7.8816e+29,1.1830e+28,8.9100e+27,1.1987e+28,0.0000e+00,97.4,1.5,1.1
273,7.9302e+29,3.0607e+29,4.6721e+29,1.2910e+28,6.8300e+27,2.4405e+29,6.2020e+28,3.5244e+29,1.1477e+29,8.4400e+27,4.4700e+27,3.3800e+27,3.4500e+27,3.2875e+08,1.5434e+06,1.2647e+09,3.3612e-11,1.2139e+08,2.7525e+05,4.7982e+05,4.7662e+05,38.6,58.9,1.6,0.9,7.9257e+29,7.7173e+29,1.1760e+28,9.0800e+27,1.2133e+28,0.0000e+00,97.4,1.5,1.1
274,7.8742e+29,3.0415e+29,4.6461e+29,1.1800e+28,6.8600e+27,2.4294e+29,6.1210e+28,3.5209e+29,1.1252e+29,7.5000e+27,4.3000e+27,3.2200e+27,3.6400e+27,3.3226e+08,9.8130e+05,1.0726e+09,3.2234e-13,1.1947e+08,3.0537e+05,4.8303e+05,4.7984e+05,38.6,59.0,1.5,0.9,7.8729e+29,7.6573e+29,1.2010e+28,9.5500e+27,1.2277e+28,0.0000e+00,97.3,1.5,1.2
275,7.7493e+29,3.0102e+29,4.5528e+29,1.1690e+28,6.9400e+27,2.4197e+29,5.9050e+28,3.4822e+29,1.0706e+29,7.2800e+27,4.4100e+27,3.4700e+27,3.4700e+27,3.3460e+08,4.1189e+05,1.2828e+09,5.8513e-17,1.1608e+08,2.4903e+05,4.8627e+05,4.8305e+05,38.8,58.8,1.5,0.9,7.7544e+29,7.5531e+29,1.1240e+28,8.8900e+27,1.2551e+28,0.0000e+00,97.4,1.4,1.1
276,7.6116e+29,2.9390e+29,4.4936e+29,1.1060e+28,6.8400e+27,2.3663e+29,5.7270e+28,3.3656e+29,1.1280e+29,7.0300e+27,4.0300e+27,3.4600e+27,3.3800e+27,3.3732e+08,2.7529e+01,1.2369e+09,1.0007e-20,1.4600e+08,2.4229e+05,4.8950e+05,4.8629e+05,38.6,59.0,1.5,0.9,7.6065e+29,7.4005e+29,1.1450e+28,9.1500e+27,1.2696e+28,0.0000e+00,97.3,1.5,1.2
277,7.5765e+29,2.9074e+29,4.4728e+29,1.2820e+28,6.8100e+27,2.3189e+29,5.8850e+28,3.2468e+29,1.2260e+29,8.9800e+27,3.8400e+27,3.4000e+27,3.4100e+27,3.3998e+08,6.2087e+05,1.5332e+09,1.0149e-20,1.4503e+08,1.9272e+05,4.9272e+05,4.8952e+05,38.4,59.0,1.7,0.9,7.5816e+29,7.3785e+29,1.1240e+28,9.0700e+27,1.2838e+28,0.0000e+00,97.3,1.5,1.2
278,7.4936e+29,2.9022e+29,4.4004e+29,1.2240e+28,6.8600e+27,2.3145e+29,5.8770e+28,3.2051e+29,1.1953e+29,8.7100e+27,3.5300e+27,3.4300e+27,3.4300e+27,3.4139e+08,1.9520e+06,1.2114e+09,1.7427e-14,1.4078e+08,1.9108e+05,4.9597e+05,4.9274e+05,38.7,58.7,1.6,0.9,7.5003e+29,7.2884e+29,1.1780e+28,9.4100e+27,1.3119e+28,0.0000e+00,97.2,1.6,1.3
279,7.3297e+29,2.8558e+29,4.2921e+29,1.1310e+28,6.8700e+27,2.2772e+29,5.7860e+28,3.1420e+29,1.1501e+29,7.5600e+27,3.7500e+27,3.2600e+27,3.6100e+27,3.4247e+08,1.7181e+06,1.1990e+09,5.5073e-12,1.3758e+08,1.6828e+05,4.9920e+05,4.9599e+05,39.0,58.6,1.5,0.9,7.3211e+29,7.1202e+29,1.0910e+28,9.1800e+27,1.3262e+28,0.0000e+00,97.3,1.5,1.3
280,7.2901e+29,2.8214e+29,4.2874e+29,1.1310e+28,6.8200e+27,2.2583e+29,5.6310e+28,3.1332e+29,1.1542e+29,7.7200e+27,3.5900e+27,3.4700e+27,3.3500e+27,3.4558e+08,1.5193e+06,1.1549e+09,2.0422e-10,1.3440e+08,1.4907e+05,5.0244e+05,4.9922e+05,38.7,58.8,1.6,0.9,7.2940e+29,7.0980e+29,1.0660e+28,8.9400e+27,1.3475e+28,0.0000e+00,97.3,1.5,1.2
281,7.2427e+29,2.7822e+29,4.2866e+29,1.0510e+28,6.8800e+27,2.2389e+29,5.4330e+28,3.1176e+29,1.1690e+29,7.1500e+27,3.3600e+27,3.4900e+27,3.3900e+27,3.4946e+08,1.7628e+06,1.0657e+09,2.8422e-09,1.3138e+08,1.9553e+05,5.0567e+05,5.0246e+05,38.4,59.2,1.5,0.9,7.2398e+29,7.0459e+29,1.0380e+28,9.0100e+27,1.3613e+28,0.0000e+00,97.3,1.4,1.2
282,7.1552e+29,2.7785e+29,4.2091e+29,9.8900e+27,6.8700e+27,2.2236e+29,5.5490e+28,3.0813e+29,1.1278e+29,6.7400e+27,3.1500e+27,3.7200e+27,3.1500e+27,3.5013e+08,1.6881e+06,1.2627e+09,2.2135e-08,1.2806e+08,1.7360e+05,5.0891e+05,5.0568e+05,38.8,58.8,1.4,1.0,7.1618e+29,6.9607e+29,1.1350e+28,8.7600e+27,1.3902e+28,0.0000e+00,97.2,1.6,1.2
283,7.0844e+29,2.7348e+29,4.1811e+29,9.9800e+27,6.8700e+27,2.2020e+29,5.3280e+28,3.0173e+29,1.1638e+29,6.6200e+27,3.3600e+27,3.3600e+27,3.5100e+27,3.5299e+08,1.5252e+06,1.2767e+09,1.2002e-07,1.2602e+08,1.8812e+05,5.1214e+05,5.0893e+05,38.6,59.0,1.4,1.0,7.0863e+29,6.8950e+29,1.0710e+28,8.4200e+27,1.4040e+28,0.0000e+00,97.3,1.5,1.2
284,6.9181e+29,2.6861e+29,4.0711e+29,9.1900e+27,6.9000e+27,2.1621e+29,5.2400e+28,2.9295e+29,1.1416e+29,6.2200e+27,2.9700e+27,3.5600e+27,3.3400e+27,3.5448e+08,1.6015e+06,1.6299e+09,5.0022e-07,1.2299e+08,2.1144e+05,5.1537e+05,5.1216e+05,38.8,58.8,1.3,1.0,6.9212e+29,6.7314e+29,1.0400e+28,8.5800e+27,1.4253e+28,0.0000e+00,97.3,1.5,1.2
285,6.8554e+29,2.6629e+29,4.0333e+29,9.1300e+27,6.7900e+27,2.1497e+29,5.1320e+28,2.8789e+29,1.1544e+29,6.1600e+27,2.9700e+27,3.5300e+27,3.2600e+27,3.5622e+08,1.7650e+06,1.1730e+09,3.6240e-07,1.2006e+08,1.8477e+05,5.1859e+05,5.1538e+05,38.8,58.8,1.3,1.0,6.8485e+29,6.6546e+29,1.0660e+28,8.7300e+27,1.4467e+28,0.0000e+00,97.2,1.6,1.3
286,6.7496e+29,2.6130e+29,3.9813e+29,8.6300e+27,6.9000e+27,2.1151e+29,4.9790e+28,2.9007e+29,1.0806e+29,5.4700e+27,3.1600e+27,3.2800e+27,3.6200e+27,3.5697e+08,1.5284e+06,1.1964e+09,1.1354e-07,1.1671e+08,1.6333e+05,5.2179e+05,5.1861e+05,38.7,59.0,1.3,1.0,6.7573e+29,6.5631e+29,1.0770e+28,8.6500e+27,1.4597e+28,0.0000e+00,97.1,1.6,1.3
287,6.6922e+29,2.6327e+29,3.9046e+29,8.6300e+27,6.8600e+27,2.1297e+29,5.0300e+28,2.8056e+29,1.0990e+29,5.4300e+27,3.2000e+27,3.4400e+27,3.4200e+27,3.5763e+08,1.7242e+06,1.0536e+09,3.1127e-08,1.1345e+08,1.6114e+05,5.2500e+05,5.2181e+05,39.3,58.3,1.3,1.0,6.6867e+29,6.4933e+29,1.0870e+28,8.4700e+27,1.4893e+28,0.0000e+00,97.1,1.6,1.3
288,6.6716e+29,2.5480e+29,3.9716e+29,8.3500e+27,6.8500e+27,2.0743e+29,4.7370e+28,2.8531e+29,1.1185e+29,5.4300e+27,2.9200e+27,3.3000e+27,3.5500e+27,3.5775e+08,1.4919e+06,1.2026e+09,7.3392e-09,1.1172e+08,1.4166e+05,5.2819e+05,5.2502e+05,38.2,59.5,1.3,1.0,6.6740e+29,6.4870e+29,1.0390e+28,8.3100e+27,1.5020e+28,0.0000e+00,97.2,1.6,1.2
289,6.6362e+29,2.5510e+29,3.9337e+29,8.2600e+27,6.8900e+27,2.0716e+29,4.7940e+28,2.8367e+29,1.0970e+29,5.1400e+27,3.1200e+27,3.4000e+27,3.4900e+27,3.5818e+08,1.4343e+06,1.2666e+09,1.4116e-09,1.0916e+08,1.6108e+05,5.3138e+05,5.2821e+05,38.4,59.3,1.2,1.0,6.6417e+29,6.4484e+29,1.0860e+28,8.4700e+27,1.5230e+28,0.0000e+00,97.1,1.6,1.3
290,6.4825e+29,2.5160e+29,3.8193e+29,7.8300e+27,6.8900e+27,2.0396e+29,4.7640e+28,2.7127e+29,1.1066e+29,4.9100e+27,2.9200e+27,3.4900e+27,3.4000e+27,3.5822e+08,1.2483e+06,1.9624e+09,2.0392e-10,1.0688e+08,1.7006e+05,5.3457e+05,5.3139e+05,38.8,58.9,1.2,1.1,6.4767e+29,6.2861e+29,1.0860e+28,8.2000e+27,1.5531e+28,0.0000e+00,97.1,1.7,1.3
291,6.4197e+29,2.4548e+29,3.8219e+29,7.4400e+27,6.8600e+27,1.9952e+29,4.5960e+28,2.7172e+29,1.1047e+29,4.6900e+27,2.7500e+27,3.3700e+27,3.4900e+27,3.5974e+08,1.2693e+06,1.1688e+09,2.0154e-11,1.0397e+08,1.6147e+05,5.3773e+05,5.3459e+05,38.2,59.5,1.2,1.1,6.4176e+29,6.2311e+29,1.0470e+28,8.1800e+27,1.5651e+28,0.0000e+00,97.1,1.6,1.3
292,6.4676e+29,2.4512e+29,3.8711e+29,7.7000e+27,6.8300e+27,1.9939e+29,4.5730e+28,2.7291e+29,1.1420e+29,4.8000e+27,2.9000e+27,3.4900e+27,3.3400e+27,3.6053e+08,9.8210e+05,1.2817e+09,1.0940e-12,1.0119e+08,1.7270e+05,5.4088e+05,5.3775e+05,37.9,59.9,1.2,1.1,6.4693e+29,6.2825e+29,1.0620e+28,8.0600e+27,1.5859e+28,0.0000e+00,97.1,1.6,1.2
293,6.3153e+29,2.3960e+29,3.7800e+29,7.0600e+27,6.8700e+27,1.9499e+29,4.4610e+28,2.6569e+29,1.1231e+29,4.5200e+27,2.5400e+27,3.6800e+27,3.1900e+27,3.6077e+08,6.7209e+05,1.2685e+09,2.0858e-14,9.7646e+07,1.6280e+05,5.4401e+05,5.4090e+05,37.9,59.9,1.1,1.1,6.3235e+29,6.1399e+29,1.0490e+28,7.8700e+27,1.6066e+28,0.0000e+00,97.1,1.7,1.2
294,6.2863e+29,2.3817e+29,3.7651e+29,7.0800e+27,6.8700e+27,1.9444e+29,4.3730e+28,2.6684e+29,1.0967e+29,4.4100e+27,2.6700e+27,3.4800e+27,3.3900e+27,3.6242e+08,3.6312e+05,1.1370e+09,3.8524e-17,9.4517e+07,1.6369e+05,5.4713e+05,5.4403e+05,37.9,59.9,1.1,1.1,6.2785e+29,6.1000e+29,9.4500e+27,8.4000e+27,1.6271e+28,0.0000e+00,97.2,1.5,1.3
295,6.2894e+29,2.3306e+29,3.8199e+29,6.9900e+27,6.9000e+27,1.8914e+29,4.3920e+28,2.6775e+29,1.1424e+29,4.3600e+27,2.6300e+27,3.4400e+27,3.4600e+27,3.6354e+08,4.5761e+04,1.2698e+09,1.0072e-20,9.2536e+07,1.7171e+05,5.5023e+05,5.4715e+05,37.1,60.7,1.1,1.1,6.2969e+29,6.1145e+29,1.0420e+28,7.8200e+27,1.6475e+28,0.0000e+00,97.1,1.7,1.2
296,6.2883e+29,2.3304e+29,3.8138e+29,7.5600e+27,6.8500e+27,1.8935e+29,4.3690e+28,2.5708e+29,1.2430e+29,5.2000e+27,2.3600e+27,3.4200e+27,3.4300e+27,3.6482e+08,3.0608e+02,1.2913e+09,1.0032e-20,1.3085e+08,1.8720e+05,5.5332e+05,5.5025e+05,37.1,60.6,1.2,1.1,6.2806e+29,6.0961e+29,1.0910e+28,7.5400e+27,1.6678e+28,0.0000e+00,97.1,1.7,1.2
297,6.2020e+29,2.2739e+29,3.7885e+29,7.0800e+27,6.8800e+27,1.8383e+29,4.3560e+28,2.5975e+29,1.1910e+29,4.7600e+27,2.3200e+27,3.7200e+27,3.1600e+27,3.6636e+08,1.1186e+06,1.2187e+09,3.8237e-18,1.2795e+08,1.6834e+05,5.5638e+05,5.5334e+05,36.7,61.1,1.1,1.1,6.2038e+29,6.0259e+29,1.0150e+28,7.6400e+27,1.6878e+28,0.0000e+00,97.1,1.6,1.2
298,6.0489e+29,2.2830e+29,3.6306e+29,6.7200e+27,6.8100e+27,1.8550e+29,4.2800e+28,2.4431e+29,1.1875e+29,4.3900e+27,2.3300e+27,3.4200e+27,3.3900e+27,3.6756e+08,1.1098e+06,1.3127e+09,5.8675e-15,1.2350e+08,1.4459e+05,5.5942e+05,5.5640e+05,37.7,60.0,1.1,1.1,6.0611e+29,5.8819e+29,1.0180e+28,7.7400e+27,1.7075e+28,0.0000e+00,97.0,1.7,1.3
299,6.0597e+29,2.2571e+29,3.6661e+29,6.7900e+27,6.8600e+27,1.8196e+29,4.3750e+28,2.4452e+29,1.2209e+29,4.4500e+27,2.3400e+27,3.3800e+27,3.4800e+27,3.7102e+08,1.0806e+06,1.2708e+09,3.6858e-13,1.1942e+08,1.6012e+05,5.6244e+05,5.5944e+05,37.2,60.5,1.1,1.1,6.0527e+29,5.8807e+29,9.9100e+27,7.2900e+27,1.7271e+28,0.0000e+00,97.2,1.6,1.2
300,6.0450e+29,2.1960e+29,3.7190e+29,6.2800e+27,6.7200e+27,1.7765e+29,4.1950e+28,2.4818e+29,1.2372e+29,4.2900e+27,1.9900e+27,3.2400e+27,3.4800e+27,3.7159e+08,1.3835e+06,1.5364e+09,6.5110e-12,1.1613e+08,1.7964e+05,5.6544e+05,5.6246e+05,36.3,61.5,1.0,1.1,6.0469e+29,5.8690e+29,1.0640e+28,7.1500e+27,1.7464e+28,0.0000e+00,97.1,1.8,1.2
301,6.0369e+29,2.2104e+29,3.6937e+29,6.3000e+27,6.9800e+27,1.7909e+29,4.1950e+28,2.4551e+29,1.2386e+29,3.9700e+27,2.3300e+27,3.4700e+27,3.5100e+27,3.7252e+08,1.3688e+06,1.1758e+09,5.7711e-11,1.1317e+08,1.8394e+05,5.6843e+05,5.6546e+05,36.6,61.2,1.0,1.2,6.0285e+29,5.8509e+29,1.0420e+28,7.3400e+27,1.7764e+28,0.0000e+00,97.1,1.7,1.2
302,5.9305e+29,2.1432e+29,3.6514e+29,6.7500e+27,6.8400e+27,1.7306e+29,4.1260e+28,2.4398e+29,1.2116e+29,4.5500e+27,2.2000e+27,3.3500e+27,3.4900e+27,3.7334e+08,1.3763e+06,1.1925e+09,3.3436e-10,1.1006e+08,1.8110e+05,5.7137e+05,5.6845e+05,36.1,61.6,1.1,1.2,5.9377e+29,5.7639e+29,1.0100e+28,7.2800e+27,1.7842e+28,0.0000e+00,97.1,1.7,1.2
303,6.0051e+29,2.1462e+29,3.7258e+29,6.6000e+27,6.7100e+27,1.7315e+29,4.1470e+28,2.4817e+29,1.2441e+29,4.4200e+27,2.1800e+27,3.3800e+27,3.3300e+27,3.7483e+08,1.1664e+06,1.1274e+09,1.4186e-09,1.0680e+08,1.8434e+05,5.7430e+05,5.7139e+05,35.7,62.0,1.1,1.1,5.9952e+29,5.8172e+29,1.0810e+28,6.9900e+27,1.8139e+28,0.0000e+00,97.0,1.8,1.2
304,5.9033e+29,2.1032e+29,3.6708e+29,6.1500e+27,6.7800e+27,1.6912e+29,4.1200e+28,2.3523e+29,1.3185e+29,4.1500e+27,2.0000e+27,3.2100e+27,3.5700e+27,3.7544e+08,1.0294e+06,1.3270e+09,4.8671e-09,1.0438e+08,1.4931e+05,5.7720e+05,5.7432e+05,35.6,62.2,1.0,1.1,5.9039e+29,5.7307e+29,1.0050e+28,7.2700e+27,1.8322e+28,0.0000e+00,97.1,1.7,1.2
305,5.8476e+29,2.0919e+29,3.6289e+29,5.8200e+27,6.8600e+27,1.6857e+29,4.0620e+28,2.3274e+29,1.3015e+29,3.6400e+27,2.1800e+27,3.3100e+27,3.5500e+27,3.7613e+08,1.3917e+06,1.1691e+09,1.4090e-08,1.0157e+08,1.5741e+05,5.8006e+05,5.7722e+05,35.8,62.1,1.0,1.2,5.8514e+29,5.6815e+29,1.0150e+28,6.8400e+27,1.8384e+28,0.0000e+00,97.1,1.7,1.2
306,5.8985e+29,2.0705e+29,3.7012e+29,5.8600e+27,6.8200e+27,1.6506e+29,4.1990e+28,2.3971e+29,1.3041e+29,3.9000e+27,1.9600e+27,3.4400e+27,3.3800e+27,3.7643e+08,1.2221e+06,1.1903e+09,3.5471e-08,9.8586e+07,1.6098e+05,5.8292e+05,5.8008e+05,35.1,62.7,1.0,1.2,5.9006e+29,5.7264e+29,1.0580e+28,6.8400e+27,1.8795e+28,0.0000e+00,97.0,1.8,1.2
307,5.7575e+29,2.0329e+29,3.5989e+29,5.7600e+27,6.8100e+27,1.6268e+29,4.0610e+28,2.3241e+29,1.2748e+29,3.6800e+27,2.0800e+27,3.5100e+27,3.3000e+27,3.7795e+08,1.1192e+06,1.1961e+09,8.0984e-08,9.5873e+07,1.4920e+05,5.8572e+05,5.8293e+05,35.3,62.5,1.0,1.2,5.7663e+29,5.5961e+29,1.0570e+28,6.4500e+27,1.8849e+28,0.0000e+00,97.0,1.8,1.1
308,5.6230e+29,2.0194e+29,3.4799e+29,5.5300e+27,6.8400e+27,1.6302e+29,3.8920e+28,2.2449e+29,1.2350e+29,3.3500e+27,2.1800e+27,3.1800e+27,3.6600e+27,3.7861e+08,1.2832e+06,1.2029e+09,1.6803e-07,9.4303e+07,1.5767e+05,5.8849e+05,5.8574e+05,35.9,61.9,1.0,1.2,5.6224e+29,5.4576e+29,1.0350e+28,6.1300e+27,1.9015e+28,0.0000e+00,97.1,1.8,1.1
309,5.7675e+29,2.0243e+29,3.6257e+29,4.9500e+27,6.8000e+27,1.6195e+29,4.0480e+28,2.3336e+29,1.2921e+29,3.0500e+27,1.9000e+27,3.5700e+27,3.2300e+27,3.7897e+08,1.0515e+06,1.3356e+09,3.2314e-07,9.2277e+07,1.1979e+05,5.9124e+05,5.8851e+05,35.1,62.9,0.9,1.2,5.7588e+29,5.5980e+29,1.0420e+28,5.6600e+27,1.9303e+28,0.0000e+00,97.2,1.8,1.0
310,5.7546e+29,2.0096e+29,3.6252e+29,5.1300e+27,6.8500e+27,1.6140e+29,3.9560e+28,2.2690e+29,1.3562e+29,3.0900e+27,2.0400e+27,3.5300e+27,3.3200e+27,3.7863e+08,9.9714e+05,1.1919e+09,5.8453e-07,8.9633e+07,1.6453e+05,5.9395e+05,5.9126e+05,34.9,63.0,0.9,1.2,5.7574e+29,5.5975e+29,1.0370e+28,5.6200e+27,1.9463e+28,0.0000e+00,97.2,1.8,1.0
311,5.6884e+29,1.9622e+29,3.6049e+29,5.3500e+27,6.7800e+27,1.5713e+29,3.9090e+28,2.2880e+29,1.3169e+29,3.4500e+27,1.9000e+27,3.4500e+27,3.3300e+27,3.7840e+08,1.0622e+06,1.5618e+09,1.0059e-06,8.7727e+07,1.4312e+05,5.9662e+05,5.9396e+05,34.5,63.4,0.9,1.2,5.6828e+29,5.5200e+29,1.0590e+28,5.6900e+27,1.9619e+28,0.0000e+00,97.1,1.9,1.0
312,5.8405e+29,1.9849e+29,3.7345e+29,5.1800e+27,6.9300e+27,1.5826e+29,4.0230e+28,2.3366e+29,1.3979e+29,3.4100e+27,1.7700e+27,3.3600e+27,3.5700e+27,3.7842e+08,1.0373e+06,1.2050e+09,1.6357e-06,8.5283e+07,1.3690e+05,5.9927e+05,5.9664e+05,34.0,63.9,0.9,1.2,5.8415e+29,5.6785e+29,1.0420e+28,5.8800e+27,1.9900e+28,0.0000e+00,97.2,1.8,1.0
313,5.6623e+29,1.9129e+29,3.6350e+29,4.6000e+27,6.8400e+27,1.5279e+29,3.8500e+28,2.2385e+29,1.3965e+29,3.0300e+27,1.5700e+27,3.3000e+27,3.5400e+27,3.7798e+08,9.8462e+05,2.0585e+09,2.5704e-06,8.3565e+07,1.6978e+05,6.0187e+05,5.9929e+05,33.8,64.2,0.8,1.2,5.6681e+29,5.5123e+29,1.0780e+28,4.8000e+27,2.0048e+28,0.0000e+00,97.3,1.9,0.8
314,5.6327e+29,1.8944e+29,3.6232e+29,4.7500e+27,6.7600e+27,1.5150e+29,3.7940e+28,2.2214e+29,1.4018e+29,2.9100e+27,1.8400e+27,3.4000e+27,3.3600e+27,3.7820e+08,9.7405e+05,1.0836e+09,3.8826e-06,8.2816e+07,1.2967e+05,6.0443e+05,6.0189e+05,33.6,64.3,0.8,1.2,5.6373e+29,5.4799e+29,1.0680e+28,5.0600e+27,2.0190e+28,0.0000e+00,97.2,1.9,0.9
315,5.6725e+29,1.8878e+29,3.6665e+29,4.9600e+27,6.8600e+27,1.5024e+29,3.8540e+28,2.2906e+29,1.3759e+29,2.9300e+27,2.0300e+27,3.4900e+27,3.3700e+27,3.7825e+08,1.0274e+06,1.3023e+09,5.6215e-06,8.1510e+07,1.3879e+05,6.0695e+05,6.0445e+05,33.3,64.6,0.9,1.2,5.6636e+29,5.5151e+29,1.0280e+28,4.5700e+27,2.0327e+28,0.0000e+00,97.4,1.8,0.8
316,5.5452e+29,1.8763e+29,3.5545e+29,4.6200e+27,6.8200e+27,1.4901e+29,3.8620e+28,2.1901e+29,1.3644e+29,2.9200e+27,1.7000e+27,3.2900e+27,3.5300e+27,3.7792e+08,1.3797e+06,1.2729e+09,7.8829e-06,7.9687e+07,1.4175e+05,6.0944e+05,6.0696e+05,33.8,64.1,0.8,1.2,5.5515e+29,5.4030e+29,1.0920e+28,3.9300e+27,2.0595e+28,0.0000e+00,97.3,2.0,0.7
317,5.5980e+29,1.8794e+29,3.6094e+29,4.2800e+27,6.6400e+27,1.4929e+29,3.8650e+28,2.2252e+29,1.3842e+29,2.9400e+27,1.3400e+27,3.3600e+27,3.2800e+27,3.7849e+08,1.2724e+06,1.2375e+09,7.1997e-06,7.6531e+07,1.5537e+05,6.1187e+05,6.0945e+05,33.6,64.5,0.8,1.2,5.5828e+29,5.4305e+29,1.0960e+28,4.2700e+27,2.0722e+28,0.0000e+00,97.3,2.0,0.8
318,5.6073e+29,1.8430e+29,3.6525e+29,4.3900e+27,6.7900e+27,1.4632e+29,3.7980e+28,2.2922e+29,1.3603e+29,2.6200e+27,1.7700e+27,3.2500e+27,3.5400e+27,3.7860e+08,1.0750e+06,1.5094e+09,5.9644e-06,7.4056e+07,1.2100e+05,6.1428e+05,6.1189e+05,32.9,65.1,0.8,1.2,5.6091e+29,5.4587e+29,1.1090e+28,3.9500e+27,2.0985e+28,0.0000e+00,97.3,2.0,0.7
319,5.4956e+29,1.8022e+29,3.5802e+29,4.5300e+27,6.7900e+27,1.4300e+29,3.7220e+28,2.1797e+29,1.4005e+29,2.7300e+27,1.8000e+27,3.5500e+27,3.2400e+27,3.7927e+08,9.4342e+05,1.2094e+09,5.0029e-06,7.2448e+07,1.5585e+05,6.1664e+05,6.1430e+05,32.8,65.1,0.8,1.2,5.5024e+29,5.3607e+29,1.0540e+28,3.6300e+27,2.1102e+28,0.0000e+00,97.4,1.9,0.7
320,5.5247e+29,1.8016e+29,3.6128e+29,4.2500e+27,6.7800e+27,1.4238e+29,3.7780e+28,2.1779e+29,1.4349e+29,2.6700e+27,1.5800e+27,3.5100e+27,3.2700e+27,3.7910e+08,1.0304e+06,1.3009e+09,4.2505e-06,7.1288e+07,1.6143e+05,6.1895e+05,6.1666e+05,32.6,65.4,0.8,1.2,5.5272e+29,5.3890e+29,1.0340e+28,3.4800e+27,2.1213e+28,0.0000e+00,97.5,1.9,0.6
321,5.5552e+29,1.7952e+29,3.6506e+29,4.0700e+27,6.8700e+27,1.4199e+29,3.7530e+28,2.2630e+29,1.3876e+29,2.5000e+27,1.5700e+27,3.6000e+27,3.2700e+27,3.7922e+08,1.1291e+06,1.2791e+09,3.6556e-06,6.9109e+07,1.4875e+05,6.2122e+05,6.1896e+05,32.3,65.7,0.7,1.2,5.5537e+29,5.4146e+29,1.0920e+28,2.9900e+27,2.1463e+28,0.0000e+00,97.5,2.0,0.5
322,5.5951e+29,1.7913e+29,3.6940e+29,4.1000e+27,6.8800e+27,1.4050e+29,3.8630e+28,2.2523e+29,1.4417e+29,2.5800e+27,1.5200e+27,3.1800e+27,3.7000e+27,3.7930e+08,1.2507e+06,1.2974e+09,3.2213e-06,6.8845e+07,1.6293e+05,6.2345e+05,6.2123e+05,32.0,66.0,0.7,1.2,5.5865e+29,5.4499e+29,1.0760e+28,2.9000e+27,2.1711e+28,0.0000e+00,97.6,1.9,0.5
323,5.5605e+29,1.7480e+29,3.7057e+29,3.9300e+27,6.7500e+27,1.3725e+29,3.7550e+28,2.2500e+29,1.4557e+29,2.4800e+27,1.4500e+27,3.1100e+27,3.6400e+27,3.8022e+08,1.1194e+06,1.4403e+09,2.8479e-06,6.6955e+07,1.6255e+05,6.2561e+05,6.2346e+05,31.4,66.6,0.7,1.2,5.5670e+29,5.4245e+29,1.1610e+28,2.6400e+27,2.1656e+28,0.0000e+00,97.4,2.1,0.5
324,5.6653e+29,1.7522e+29,3.8063e+29,3.8600e+27,6.8200e+27,1.3745e+29,3.7770e+28,2.2909e+29,1.5154e+29,2.2500e+27,1.6100e+27,3.4900e+27,3.3300e+27,3.8174e+08,1.0702e+06,1.3246e+09,2.5513e-06,6.5523e+07,1.5034e+05,6.2774e+05,6.2563e+05,30.9,67.2,0.7,1.2,5.6618e+29,5.5304e+29,1.1010e+28,2.1300e+27,2.1892e+28,0.0000e+00,97.7,1.9,0.4
325,5.6132e+29,1.7350e+29,3.7716e+29,3.9000e+27,6.7600e+27,1.3540e+29,3.8100e+28,2.2901e+29,1.4815e+29,2.3200e+27,1.5800e+27,3.3000e+27,3.4600e+27,3.8055e+08,8.7299e+05,1.2546e+09,2.3178e-06,6.4690e+07,1.3957e+05,6.2982e+05,6.2775e+05,30.9,67.2,0.7,1.2,5.6066e+29,5.4680e+29,1.1650e+28,2.2100e+27,2.2125e+28,0.0000e+00,97.5,2.1,0.4
326,5.5732e+29,1.7204e+29,3.7494e+29,3.5100e+27,6.8300e+27,1.3467e+29,3.7370e+28,2.2102e+29,1.5392e+29,2.1800e+27,1.3300e+27,3.4300e+27,3.4000e+27,3.7991e+08,1.0180e+06,1.3881e+09,2.1352e-06,6.4083e+07,1.3019e+05,6.3184e+05,6.2983e+05,30.9,67.3,0.6,1.2,5.5851e+29,5.4444e+29,1.1860e+28,2.2100e+27,2.2200e+28,0.0000e+00,97.5,2.1,0.4
327,5.5282e+29,1.7131e+29,3.7125e+29,3.5000e+27,6.7600e+27,1.3372e+29,3.7590e+28,2.1685e+29,1.5440e+29,2.0000e+27,1.5000e+27,3.4700e+27,3.2900e+27,3.7985e+08,1.2492e+06,1.1778e+09,1.9944e-06,6.2431e+07,1.4493e+05,6.3382e+05,6.3186e+05,31.0,67.2,0.6,1.2,5.5244e+29,5.3885e+29,1.1800e+28,1.7900e+27,2.2424e+28,0.0000e+00,97.5,2.1,0.3
328,5.4509e+29,1.6793e+29,3.6644e+29,3.8700e+27,6.8500e+27,1.3021e+29,3.7720e+28,2.1831e+29,1.4813e+29,2.3200e+27,1.5500e+27,3.2300e+27,3.6200e+27,3.7964e+08,1.2603e+06,1.4679e+09,1.8896e-06,6.1793e+07,1.1763e+05,6.3574e+05,6.3384e+05,30.8,67.2,0.7,1.3,5.4454e+29,5.3079e+29,1.1920e+28,1.8300e+27,2.2485e+28,0.0000e+00,97.5,2.2,0.3
329,5.5464e+29,1.6778e+29,3.7645e+29,3.6000e+27,6.8100e+27,1.2993e+29,3.7850e+28,2.2166e+29,1.5479e+29,2.1200e+27,1.4800e+27,3.4200e+27,3.3900e+27,3.7883e+08,1.0805e+06,1.4240e+09,1.8150e-06,6.0988e+07,1.0056e+05,6.3762e+05,6.3576e+05,30.3,67.9,0.6,1.2,5.5438e+29,5.4108e+29,1.1680e+28,1.6200e+27,2.2698e+28,0.0000e+00,97.6,2.1,0.3
330,5.6479e+29,1.6538e+29,3.8880e+29,3.7800e+27,6.8300e+27,1.2767e+29,3.7710e+28,2.2708e+29,1.6172e+29,2.2300e+27,1.5500e+27,3.4500e+27,3.3800e+27,3.7861e+08,9.8240e+05,1.2412e+09,1.7772e-06,6.0317e+07,1.5905e+05,6.3943e+05,6.3763e+05,29.3,68.8,0.7,1.2,5.6445e+29,5.5030e+29,1.2600e+28,1.5500e+27,2.2746e+28,0.0000e+00,97.5,2.2,0.3
331,5.6223e+29,1.6633e+29,3.8566e+29,3.5000e+27,6.7400e+27,1.2809e+29,3.8240e+28,2.2781e+29,1.5785e+29,1.8800e+27,1.6200e+27,3.2500e+27,3.4900e+27,3.7682e+08,1.2446e+06,1.4752e+09,1.7638e-06,5.9106e+07,1.7866e+05,6.4120e+05,6.3945e+05,29.6,68.6,0.6,1.2,5.6145e+29,5.4758e+29,1.2420e+28,1.4500e+27,2.2948e+28,0.0000e+00,97.5,2.2,0.3
332,5.6377e+29,1.6309e+29,3.9028e+29,3.5400e+27,6.8600e+27,1.2573e+29,3.7360e+28,2.2749e+29,1.6279e+29,1.9200e+27,1.6200e+27,3.6400e+27,3.2200e+27,3.7569e+08,1.2172e+06,1.1716e+09,1.7609e-06,5.8183e+07,1.5687e+05,6.4291e+05,6.4121e+05,28.9,69.2,0.6,1.2,5.6449e+29,5.4989e+29,1.3120e+28,1.4800e+27,2.3145e+28,0.0000e+00,97.4,2.3,0.3
333,5.6897e+29,1.6335e+29,3.9551e+29,3.4200e+27,6.6900e+27,1.2510e+29,3.8250e+28,2.3096e+29,1.6455e+29,1.8100e+27,1.6100e+27,3.4100e+27,3.2800e+27,3.7573e+08,1.0948e+06,1.1756e+09,1.7637e-06,5.6876e+07,1.3281e+05,6.4457e+05,6.4293e+05,28.7,69.5,0.6,1.2,5.6707e+29,5.5272e+29,1.2990e+28,1.3600e+27,2.3172e+28,0.0000e+00,97.5,2.3,0.2
334,5.7955e+29,1.6284e+29,4.0604e+29,3.7900e+27,6.8800e+27,1.2488e+29,3.7960e+28,2.3947e+29,1.6657e+29,2.2200e+27,1.5700e+27,3.2400e+27,3.6400e+27,3.7487e+08,1.1298e+06,1.5141e+09,1.7860e-06,5.5797e+07,1.1228e+05,6.4617e+05,6.4458e+05,28.1,70.1,0.7,1.2,5.7975e+29,5.6538e+29,1.3170e+28,1.2000e+27,2.3357e+28,0.0000e+00,97.5,2.3,0.2
335,5.6933e+29,1.5990e+29,3.9925e+29,3.3900e+27,6.7900e+27,1.2221e+29,3.7690e+28,2.3255e+29,1.6670e+29,2.0300e+27,1.3600e+27,3.5600e+27,3.2300e+27,3.7383e+08,1.1367e+06,1.2557e+09,1.8307e-06,5.4389e+07,1.0513e+05,6.4770e+05,6.4618e+05,28.1,70.1,0.6,1.2,5.6980e+29,5.5514e+29,1.3610e+28,1.0500e+27,2.3369e+28,0.0000e+00,97.4,2.4,0.2
336,5.7933e+29,1.5833e+29,4.1054e+29,3.7000e+27,6.7600e+27,1.1961e+29,3.8720e+28,2.3838e+29,1.7216e+29,2.1300e+27,1.5700e+27,3.4600e+27,3.3000e+27,3.7212e+08,1.1746e+06,1.4518e+09,1.8983e-06,5.3801e+07,1.4555e+05,6.4919e+05,6.4772e+05,27.3,70.9,0.6,1.2,5.7843e+29,5.6313e+29,1.4410e+28,8.9000e+26,2.3541e+28,0.0000e+00,97.4,2.5,0.2
337,5.9126e+29,1.6205e+29,4.1841e+29,3.9700e+27,6.8300e+27,1.2453e+29,3.7520e+28,2.4274e+29,1.7567e+29,2.2500e+27,1.7200e+27,3.5100e+27,3.3200e+27,3.7188e+08,1.1135e+06,1.3021e+09,1.9902e-06,5.3980e+07,1.4994e+05,6.5061e+05,6.4920e+05,27.4,70.8,0.7,1.2,5.8967e+29,5.7372e+29,1.4990e+28,9.6000e+26,2.3708e+28,0.0000e+00,97.3,2.5,0.2
338,6.0111e+29,1.5774e+29,4.3359e+29,3.0200e+27,6.7600e+27,1.1941e+29,3.8330e+28,2.4207e+29,1.9152e+29,1.7500e+27,1.2700e+27,3.3900e+27,3.3700e+27,3.7109e+08,9.7691e+05,1.3618e+09,2.1089e-06,5.3242e+07,1.5945e+05,6.5198e+05,6.5062e+05,26.2,72.1,0.5,1.1,6.0095e+29,5.8429e+29,1.5530e+28,1.1300e+27,2.3698e+28,0.0000e+00,97.2,2.6,0.2
339,6.1479e+29,1.6000e+29,4.4420e+29,3.7900e+27,6.8000e+27,1.2018e+29,3.9820e+28,2.5228e+29,1.9192e+29,2.2500e+27,1.5400e+27,3.3600e+27,3.4400e+27,3.7009e+08,1.2695e+06,1.4889e+09,2.2559e-06,5.2377e+07,1.5594e+05,6.5329e+05,6.5199e+05,26.0,72.3,0.6,1.1,6.1438e+29,5.9698e+29,1.6550e+28,8.5000e+26,2.4023e+28,0.0000e+00,97.2,2.7,0.1
340,6.0351e+29,1.5633e+29,4.3675e+29,3.7200e+27,6.7100e+27,1.1675e+29,3.9580e+28,2.4920e+29,1.8755e+29,2.0600e+27,1.6600e+27,3.2700e+27,3.4400e+27,3.6911e+08,1.2375e+06,1.3698e+09,2.4372e-06,5.2299e+07,1.4777e+05,6.5453e+05,6.5330e+05,25.9,72.4,0.6,1.1,6.0199e+29,5.8610e+29,1.5020e+28,8.7000e+26,2.3825e+28,0.0000e+00,97.4,2.5,0.1
341,6.2392e+29,1.5835e+29,4.5494e+29,3.8100e+27,6.8200e+27,1.1890e+29,3.9450e+28,2.5566e+29,1.9928e+29,2.2100e+27,1.6000e+27,3.3400e+27,3.4800e+27,3.6775e+08,1.0977e+06,1.5474e+09,2.6525e-06,5.0757e+07,1.7463e+05,6.5572e+05,6.5454e+05,25.4,72.9,0.6,1.1,6.2399e+29,6.0672e+29,1.6320e+28,9.5000e+26,2.4138e+28,0.0000e+00,97.2,2.6,0.2
342,6.3771e+29,1.5854e+29,4.6845e+29,3.9800e+27,6.7400e+27,1.1830e+29,4.0240e+28,2.6447e+29,2.0398e+29,2.3300e+27,1.6500e+27,3.2800e+27,3.4600e+27,3.6705e+08,1.2012e+06,1.3376e+09,2.9120e-06,5.0013e+07,1.8748e+05,6.5684e+05,6.5573e+05,24.9,73.5,0.6,1.1,6.3719e+29,6.1867e+29,1.7630e+28,8.9000e+26,2.4098e+28,0.0000e+00,97.1,2.8,0.1
343,6.3987e+29,1.5711e+29,4.7199e+29,4.0000e+27,6.7700e+27,1.1743e+29,3.9680e+28,2.6929e+29,2.0270e+29,2.3600e+27,1.6400e+27,3.3300e+27,3.4400e+27,3.6598e+08,9.3513e+05,1.3803e+09,3.2177e-06,4.9827e+07,1.9327e+05,6.5791e+05,6.5685e+05,24.6,73.8,0.6,1.1,6.3931e+29,6.2090e+29,1.7640e+28,7.7000e+26,2.4224e+28,0.0000e+00,97.1,2.8,0.1
344,6.5115e+29,1.5777e+29,4.8276e+29,3.7800e+27,6.8400e+27,1.1646e+29,4.1310e+28,2.7175e+29,2.1101e+29,2.0100e+27,1.7700e+27,3.4400e+27,3.4000e+27,3.6532e+08,1.0293e+06,1.2839e+09,3.5789e-06,4.9073e+07,1.6834e+05,6.5891e+05,6.5792e+05,24.2,74.1,0.6,1.1,6.5060e+29,6.3197e+29,1.7870e+28,7.6000e+26,2.4343e+28,0.0000e+00,97.1,2.7,0.1
345,6.6402e+29,1.5724e+29,4.9581e+29,4.1500e+27,6.8200e+27,1.1642e+29,4.0820e+28,2.7896e+29,2.1685e+29,2.3200e+27,1.8300e+27,3.4400e+27,3.3800e+27,3.6437e+08,1.4242e+06,1.2088e+09,4.0060e-06,4.8628e+07,1.5346e+05,6.5985e+05,6.5892e+05,23.7,74.7,0.6,1.0,6.6188e+29,6.4202e+29,1.9000e+28,8.6000e+26,2.4456e+28,0.0000e+00,97.0,2.9,0.1
346,6.5254e+29,1.5459e+29,4.8720e+29,4.0200e+27,6.7300e+27,1.1370e+29,4.0890e+28,2.7170e+29,2.1550e+29,2.3000e+27,1.7200e+27,3.5600e+27,3.1700e+27,3.6248e+08,1.3677e+06,1.4092e+09,4.5055e-06,4.7651e+07,2.2573e+05,6.6073e+05,6.5986e+05,23.7,74.7,0.6,1.0,6.5355e+29,6.3372e+29,1.9040e+28,7.9000e+26,2.4384e+28,0.0000e+00,97.0,2.9,0.1
347,6.7920e+29,1.5538e+29,5.1323e+29,3.7500e+27,6.8400e+27,1.1474e+29,4.0640e+28,2.8415e+29,2.2908e+29,2.2500e+27,1.5000e+27,3.5900e+27,3.2500e+27,3.6056e+08,1.6022e+06,1.3924e+09,5.0857e-06,4.7313e+07,2.2657e+05,6.6154e+05,6.6073e+05,22.9,75.6,0.6,1.0,6.7658e+29,6.5665e+29,1.9220e+28,7.1000e+26,2.4661e+28,0.0000e+00,97.1,2.8,0.1
348,6.7721e+29,1.5457e+29,5.1180e+29,4.0500e+27,6.7900e+27,1.1277e+29,4.1800e+28,2.8402e+29,2.2778e+29,2.2800e+27,1.7700e+27,3.2900e+27,3.5000e+27,3.5922e+08,1.5745e+06,1.4222e+09,5.7683e-06,4.6996e+07,1.8672e+05,6.6229e+05,6.6155e+05,22.8,75.6,0.6,1.0,6.7770e+29,6.5655e+29,2.0320e+28,8.3000e+26,2.4573e+28,0.0000e+00,96.9,3.0,0.1
349,6.7813e+29,1.5747e+29,5.0967e+29,4.1800e+27,6.8100e+27,1.1476e+29,4.2710e+28,2.8162e+29,2.2805e+29,2.3200e+27,1.8600e+27,3.3500e+27,3.4600e+27,3.5919e+08,1.5553e+06,2.0887e+09,6.7082e-06,4.5978e+07,1.4702e+05,6.6298e+05,6.6230e+05,23.2,75.2,0.6,1.0,6.7833e+29,6.5806e+29,1.9540e+28,7.3000e+26,2.4656e+28,0.0000e+00,97.0,2.9,0.1
350,6.7759e+29,1.5475e+29,5.1207e+29,4.0400e+27,6.7300e+27,1.1214e+29,4.2610e+28,2.8056e+29,2.3151e+29,2.2300e+27,1.8100e+27,3.4300e+27,3.3000e+27,3.5827e+08,1.8916e+06,1.4978e+09,7.6461e-06,4.5774e+07,1.8450e+05,6.6360e+05,6.6298e+05,22.8,75.6,0.6,1.0,6.7718e+29,6.5679e+29,1.9760e+28,6.3000e+26,2.4552e+28,0.0000e+00,97.0,2.9,0.1
351,6.9119e+29,1.5552e+29,5.2507e+29,3.7800e+27,6.8200e+27,1.1229e+29,4.3230e+28,2.9071e+29,2.3436e+29,2.0100e+27,1.7700e+27,3.5900e+27,3.2300e+27,3.5672e+08,1.7307e+06,1.5449e+09,8.7245e-06,4.5190e+07,2.3996e+05,6.6415e+05,6.6360e+05,22.5,76.0,0.5,1.0,6.9058e+29,6.6944e+29,2.0270e+28,8.7000e+26,2.4801e+28,0.0000e+00,96.9,2.9,0.1
352,6.9089e+29,1.5113e+29,5.2891e+29,4.1000e+27,6.7500e+27,1.0878e+29,4.2350e+28,2.8798e+29,2.4093e+29,2.2500e+27,1.8500e+27,3.4000e+27,3.3500e+27,3.5511e+08,1.9420e+06,1.4601e+09,9.9781e-06,4.4940e+07,2.3147e+05,6.6464e+05,6.6416e+05,21.9,76.6,0.6,1.0,6.9060e+29,6.6880e+29,2.0960e+28,8.4000e+26,2.4681e+28,0.0000e+00,96.8,3.0,0.1
353,7.0855e+29,1.5474e+29,5.4251e+29,4.5000e+27,6.8000e+27,1.1094e+29,4.3800e+28,2.9396e+29,2.4855e+29,2.3900e+27,2.1100e+27,3.4000e+27,3.4000e+27,3.5375e+08,2.0772e+06,1.7853e+09,1.1412e-05,4.4904e+07,2.7544e+05,6.6507e+05,6.6465e+05,21.8,76.6,0.6,1.0,7.0737e+29,6.8550e+29,2.1090e+28,7.8000e+26,2.4916e+28,0.0000e+00,96.9,3.0,0.1
354,7.1787e+29,1.5003e+29,5.5722e+29,3.8300e+27,6.7900e+27,1.0857e+29,4.1460e+28,3.0407e+29,2.5315e+29,2.0800e+27,1.7500e+27,3.4600e+27,3.3300e+27,3.5154e+08,1.8470e+06,1.4339e+09,1.3068e-05,4.4526e+07,2.7191e+05,6.6543e+05,6.6507e+05,20.9,77.6,0.5,0.9,7.1789e+29,6.9659e+29,2.0600e+28,7.0000e+26,2.4780e+28,0.0000e+00,97.0,2.9,0.1
355,7.1627e+29,1.5289e+29,5.5217e+29,4.4100e+27,6.8000e+27,1.0822e+29,4.4670e+28,3.0311e+29,2.4906e+29,2.3800e+27,2.0300e+27,3.4200e+27,3.3800e+27,3.5019e+08,1.6280e+06,1.2867e+09,1.4948e-05,4.4768e+07,2.3686e+05,6.6573e+05,6.6543e+05,21.3,77.1,0.6,0.9,7.1645e+29,6.9390e+29,2.1660e+28,8.9000e+26,2.5001e+28,0.0000e+00,96.9,3.0,0.1
356,7.1996e+29,1.5394e+29,5.5515e+29,4.1000e+27,6.7700e+27,1.0899e+29,4.4950e+28,3.0758e+29,2.4757e+29,2.3300e+27,1.7700e+27,3.3500e+27,3.4200e+27,3.4880e+08,1.7092e+06,1.4390e+09,1.7104e-05,4.4932e+07,2.3154e+05,6.6596e+05,6.6573e+05,21.4,77.1,0.6,0.9,7.1864e+29,6.9735e+29,2.0600e+28,6.9000e+26,2.4849e+28,0.0000e+00,97.0,2.9,0.1
357,7.2579e+29,1.5239e+29,5.6259e+29,4.0300e+27,6.7800e+27,1.0774e+29,4.4650e+28,3.1251e+29,2.5008e+29,2.1900e+27,1.8400e+27,3.3200e+27,3.4600e+27,3.4709e+08,1.2991e+06,1.4232e+09,1.9531e-05,4.4250e+07,1.7478e+05,6.6612e+05,6.6596e+05,21.0,77.5,0.6,0.9,7.2610e+29,7.0367e+29,2.1730e+28,7.0000e+26,2.4872e+28,0.0000e+00,96.9,3.0,0.1
358,7.1816e+29,1.5246e+29,5.5495e+29,3.9600e+27,6.7900e+27,1.0816e+29,4.4300e+28,3.0342e+29,2.5153e+29,2.2200e+27,1.7400e+27,3.4300e+27,3.3600e+27,3.4564e+08,1.9280e+06,1.3267e+09,2.2520e-05,4.3013e+07,2.1530e+05,6.6622e+05,6.6612e+05,21.2,77.3,0.6,0.9,7.1812e+29,6.9574e+29,2.1620e+28,7.6000e+26,2.4888e+28,0.0000e+00,96.9,3.0,0.1
359,7.0894e+29,1.5367e+29,5.4443e+29,4.0900e+27,6.7500e+27,1.0873e+29,4.4940e+28,3.0199e+29,2.4244e+29,2.4500e+27,1.6400e+27,3.3700e+27,3.3800e+27,3.4360e+08,1.8492e+06,1.4484e+09,1.9077e-05,4.2278e+07,2.5532e+05,6.6625e+05,6.6622e+05,21.7,76.8,0.6,1.0,7.1058e+29,6.8787e+29,2.1900e+28,8.1000e+26,2.4895e+28,0.0000e+00,96.8,3.1,0.1
