TAA_Bin,Band_Index,EffCos_Lo,EffCos_Hi,Gen_PSD_Dawn,Gen_TD_Dawn,Gen_PSD_Dusk,Gen_TD_Dusk,Stock_Dawn,Stock_Dusk,Step_Count
0,0,0.0000,0.0500,2.6750e+28,6.0000e+25,4.3000e+27,3.0000e+25,1.3946e+32,2.1386e+31,136
0,1,0.0500,0.1000,7.6700e+27,7.3000e+26,2.3200e+27,3.3000e+26,1.1805e+31,3.9146e+30,136
0,2,0.1000,0.2000,1.9850e+28,5.5100e+27,9.2600e+27,2.9900e+27,1.7888e+31,8.2189e+30,136
0,3,0.2000,0.3500,2.2090e+28,2.2060e+28,1.4600e+28,1.4850e+28,1.0825e+31,7.1126e+30,136
0,4,0.3500,0.5500,1.9620e+28,6.0840e+28,1.6650e+28,5.2370e+28,5.6656e+30,4.8285e+30,136
0,5,0.5500,1.0100,1.8750e+28,2.5829e+29,1.7020e+28,2.4965e+29,3.5123e+30,3.2853e+30,136
1,0,0.0000,0.0500,2.5610e+28,1.1000e+26,4.6000e+27,3.0000e+25,1.3778e+32,2.1334e+31,136
1,1,0.0500,0.1000,7.2400e+27,4.8000e+26,2.5600e+27,1.0000e+26,1.1644e+31,3.9334e+30,136
1,2,0.1000,0.2000,1.9430e+28,5.3500e+27,8.8500e+27,2.6100e+27,1.7722e+31,8.1975e+30,136
1,3,0.2000,0.3500,2.2400e+28,2.2110e+28,1.4990e+28,1.6970e+28,1.0795e+31,7.1230e+30,136
1,4,0.3500,0.5500,1.9370e+28,6.4750e+28,1.6360e+28,5.3350e+28,5.7502e+30,4.7491e+30,136
1,5,0.5500,1.0100,1.9840e+28,2.6555e+29,1.7570e+28,2.4700e+29,3.6142e+30,3.3183e+30,136
2,0,0.0000,0.0500,2.4310e+28,6.0000e+25,4.6900e+27,7.0000e+25,1.3607e+32,2.1269e+31,136
2,1,0.0500,0.1000,7.0700e+27,4.5000e+26,2.4000e+27,2.4000e+26,1.1485e+31,3.9325e+30,136
2,2,0.1000,0.2000,1.9320e+28,5.1300e+27,8.9300e+27,2.8400e+27,1.7491e+31,8.1872e+30,136
2,3,0.2000,0.3500,2.2430e+28,2.1370e+28,1.4320e+28,1.5630e+28,1.0745e+31,7.1156e+30,136
2,4,0.3500,0.5500,1.9670e+28,6.2670e+28,1.6850e+28,5.4980e+28,5.7813e+30,4.7603e+30,136
2,5,0.5500,1.0100,1.8680e+28,2.6766e+29,1.8790e+28,2.6018e+29,3.6937e+30,3.3624e+30,136
3,0,0.0000,0.0500,2.5300e+28,9.0000e+25,4.6700e+27,7.0000e+25,1.3537e+32,2.1392e+31,137
3,1,0.0500,0.1000,6.7400e+27,5.2000e+26,2.3600e+27,2.1000e+26,1.1395e+31,3.9697e+30,137
3,2,0.1000,0.2000,1.7940e+28,4.9100e+27,9.3000e+27,2.9000e+27,1.7400e+31,8.2466e+30,137
3,3,0.2000,0.3500,2.2670e+28,2.1910e+28,1.5150e+28,1.6300e+28,1.0762e+31,7.2751e+30,137
3,4,0.3500,0.5500,1.9290e+28,6.2630e+28,1.6810e+28,5.4340e+28,5.8042e+30,4.8099e+30,137
3,5,0.5500,1.0100,1.9340e+28,2.6205e+29,1.8330e+28,2.5796e+29,3.6863e+30,3.4036e+30,137
4,0,0.0000,0.0500,2.3360e+28,7.0000e+25,4.9300e+27,8.0000e+25,1.3282e+32,2.1188e+31,136
4,1,0.0500,0.1000,6.8100e+27,4.5000e+26,2.2400e+27,2.6000e+26,1.1128e+31,3.9307e+30,136
4,2,0.1000,0.2000,1.9090e+28,5.7400e+27,9.2100e+27,2.8500e+27,1.7138e+31,8.1684e+30,136
4,3,0.2000,0.3500,2.1300e+28,2.1700e+28,1.4610e+28,1.5270e+28,1.0790e+31,7.1844e+30,136
4,4,0.3500,0.5500,1.8710e+28,5.8470e+28,1.6040e+28,5.0800e+28,5.5932e+30,4.7011e+30,136
4,5,0.5500,1.0100,1.9600e+28,2.6434e+29,1.8360e+28,2.5648e+29,3.6397e+30,3.3595e+30,136
5,0,0.0000,0.0500,2.2630e+28,6.0000e+25,4.7400e+27,3.0000e+25,1.3123e+32,2.1175e+31,136
5,1,0.0500,0.1000,7.2400e+27,5.8000e+26,2.3000e+27,1.8000e+26,1.1813e+31,3.9263e+30,136
5,2,0.1000,0.2000,1.7280e+28,4.9300e+27,8.6800e+27,2.6900e+27,1.6200e+31,8.1881e+30,136
5,3,0.2000,0.3500,2.2160e+28,2.2730e+28,1.4970e+28,1.5340e+28,1.0756e+31,7.1535e+30,136
5,4,0.3500,0.5500,1.9280e+28,6.1220e+28,1.6270e+28,5.6540e+28,5.5524e+30,4.7484e+30,136
5,5,0.5500,1.0100,1.9060e+28,2.6257e+29,1.8280e+28,2.6361e+29,3.6812e+30,3.4603e+30,136
6,0,0.0000,0.0500,2.2460e+28,9.0000e+25,4.5400e+27,8.0000e+25,1.3063e+32,2.1288e+31,137
6,1,0.0500,0.1000,7.0900e+27,5.0000e+26,2.1700e+27,1.5000e+26,1.1774e+31,3.7123e+30,137
6,2,0.1000,0.2000,1.8020e+28,5.4500e+27,9.2200e+27,2.7700e+27,1.6310e+31,8.4282e+30,137
6,3,0.2000,0.3500,2.1940e+28,2.2300e+28,1.4820e+28,1.6120e+28,1.0553e+31,7.2396e+30,137
6,4,0.3500,0.5500,1.9330e+28,6.0420e+28,1.7360e+28,5.7660e+28,5.6386e+30,4.8104e+30,137
6,5,0.5500,1.0100,1.8560e+28,2.5563e+29,1.8760e+28,2.6349e+29,3.6399e+30,3.5218e+30,137
7,0,0.0000,0.0500,2.2310e+28,3.0000e+25,4.4000e+27,6.0000e+25,1.2818e+32,2.1048e+31,136
7,1,0.0500,0.1000,7.3900e+27,5.6000e+26,2.3900e+27,1.8000e+26,1.1494e+31,3.6121e+30,136
7,2,0.1000,0.2000,1.8220e+28,5.2000e+27,9.2200e+27,2.6900e+27,1.6121e+31,8.4583e+30,136
7,3,0.2000,0.3500,2.1230e+28,2.1260e+28,1.4630e+28,1.5750e+28,1.0359e+31,7.1361e+30,136
7,4,0.3500,0.5500,1.8740e+28,6.0120e+28,1.6570e+28,5.6400e+28,5.6909e+30,4.8401e+30,136
7,5,0.5500,1.0100,1.9390e+28,2.6196e+29,1.8860e+28,2.5910e+29,3.6242e+30,3.5378e+30,136
8,0,0.0000,0.0500,2.1870e+28,4.0000e+25,4.4000e+27,4.0000e+25,1.2772e+32,2.0913e+31,137
8,1,0.0500,0.1000,7.1700e+27,5.2000e+26,2.2700e+27,1.7000e+26,1.1394e+31,3.8435e+30,137
8,2,0.1000,0.2000,1.7580e+28,5.2200e+27,9.5900e+27,2.9400e+27,1.6140e+31,8.6199e+30,137
8,3,0.2000,0.3500,2.0920e+28,2.0880e+28,1.5190e+28,1.6010e+28,1.0307e+31,7.1899e+30,137
8,4,0.3500,0.5500,1.9290e+28,5.8930e+28,1.6700e+28,5.5260e+28,5.7328e+30,4.8765e+30,137
8,5,0.5500,1.0100,1.9430e+28,2.5120e+29,1.8380e+28,2.6273e+29,3.6024e+30,3.4896e+30,137
9,0,0.0000,0.0500,2.0730e+28,2.0000e+25,4.7500e+27,4.0000e+25,1.2636e+32,1.9901e+31,137
9,1,0.0500,0.1000,6.9800e+27,4.8000e+26,2.6000e+27,1.3000e+26,1.1189e+31,4.8077e+30,137
9,2,0.1000,0.2000,1.7270e+28,5.9500e+27,9.6500e+27,2.7900e+27,1.6108e+31,8.6868e+30,137
9,3,0.2000,0.3500,2.0300e+28,2.2330e+28,1.4700e+28,1.6130e+28,1.0117e+31,7.2093e+30,137
9,4,0.3500,0.5500,2.0080e+28,5.7630e+28,1.6670e+28,5.4060e+28,5.6848e+30,4.8589e+30,137
9,5,0.5500,1.0100,1.8240e+28,2.5131e+29,1.8660e+28,2.5742e+29,3.5109e+30,3.5111e+30,137
10,0,0.0000,0.0500,2.0390e+28,4.0000e+25,3.9700e+27,6.0000e+25,1.2494e+32,1.9478e+31,137
10,1,0.0500,0.1000,6.9000e+27,5.3000e+26,2.5200e+27,2.6000e+26,1.1033e+31,5.1765e+30,137
10,2,0.1000,0.2000,1.8220e+28,5.5800e+27,9.1500e+27,2.9200e+27,1.6252e+31,8.6563e+30,137
10,3,0.2000,0.3500,1.9450e+28,1.9430e+28,1.4710e+28,1.5560e+28,9.7082e+30,7.1609e+30,137
10,4,0.3500,0.5500,1.8820e+28,5.8790e+28,1.6500e+28,5.4090e+28,5.6725e+30,4.8363e+30,137
10,5,0.5500,1.0100,1.9120e+28,2.5129e+29,1.8070e+28,2.4968e+29,3.5520e+30,3.4554e+30,137
11,0,0.0000,0.0500,2.0350e+28,4.0000e+25,3.8100e+27,5.0000e+25,1.2365e+32,1.8748e+31,137
11,1,0.0500,0.1000,6.2000e+27,4.2000e+26,2.8800e+27,1.7000e+26,1.0856e+31,5.8311e+30,137
11,2,0.1000,0.2000,1.7430e+28,5.1100e+27,9.7400e+27,3.1200e+27,1.6026e+31,8.6830e+30,137
11,3,0.2000,0.3500,2.0570e+28,2.0760e+28,1.4740e+28,1.6220e+28,9.6749e+30,7.1562e+30,137
11,4,0.3500,0.5500,1.8960e+28,5.7580e+28,1.6440e+28,5.5980e+28,5.6503e+30,4.8173e+30,137
11,5,0.5500,1.0100,1.8020e+28,2.4384e+29,1.7080e+28,2.4072e+29,3.5773e+30,3.3149e+30,137
12,0,0.0000,0.0500,1.9870e+28,3.0000e+25,3.6700e+27,7.0000e+25,1.2241e+32,1.8594e+31,137
12,1,0.0500,0.1000,6.5700e+27,3.6000e+26,2.8700e+27,2.2000e+26,1.0693e+31,5.9157e+30,137
12,2,0.1000,0.2000,1.7450e+28,5.3100e+27,9.5800e+27,3.1300e+27,1.5831e+31,8.6945e+30,137
12,3,0.2000,0.3500,1.9280e+28,1.9330e+28,1.4470e+28,1.5900e+28,9.6907e+30,7.1260e+30,137
12,4,0.3500,0.5500,1.9080e+28,5.6040e+28,1.6640e+28,5.2230e+28,5.6038e+30,4.7749e+30,137
12,5,0.5500,1.0100,1.8190e+28,2.4315e+29,1.7790e+28,2.3632e+29,3.4819e+30,3.2807e+30,137
13,0,0.0000,0.0500,1.9180e+28,3.0000e+25,3.5200e+27,4.0000e+25,1.2118e+32,1.8494e+31,137
13,1,0.0500,0.1000,6.3600e+27,3.6000e+26,3.3000e+27,2.0000e+26,1.0523e+31,5.9323e+30,137
13,2,0.1000,0.2000,1.6550e+28,5.1700e+27,9.3000e+27,3.0100e+27,1.5670e+31,8.6468e+30,137
13,3,0.2000,0.3500,1.9390e+28,1.9920e+28,1.4920e+28,1.5630e+28,9.6562e+30,7.1143e+30,137
13,4,0.3500,0.5500,1.8490e+28,5.6950e+28,1.6370e+28,4.9990e+28,5.5797e+30,4.7246e+30,137
13,5,0.5500,1.0100,1.8840e+28,2.5207e+29,1.8040e+28,2.3966e+29,3.5540e+30,3.2762e+30,137
14,0,0.0000,0.0500,1.8930e+28,4.0000e+25,3.7900e+27,3.0000e+25,1.2080e+32,1.7815e+31,138
14,1,0.0500,0.1000,6.3300e+27,4.1000e+26,3.1700e+27,2.6000e+26,1.0461e+31,6.7345e+30,138
14,2,0.1000,0.2000,1.6640e+28,4.6100e+27,9.5800e+27,3.0300e+27,1.5599e+31,8.6656e+30,138
14,3,0.2000,0.3500,1.9750e+28,1.8360e+28,1.5460e+28,1.6880e+28,9.5945e+30,7.2097e+30,138
14,4,0.3500,0.5500,1.9050e+28,5.9230e+28,1.5990e+28,5.2800e+28,5.6742e+30,4.7314e+30,138
14,5,0.5500,1.0100,1.9730e+28,2.5024e+29,1.8290e+28,2.4387e+29,3.6110e+30,3.3162e+30,138
15,0,0.0000,0.0500,1.8010e+28,2.0000e+25,3.3700e+27,1.0000e+25,1.1958e+32,1.7782e+31,138
15,1,0.0500,0.1000,5.8200e+27,4.3000e+26,3.2200e+27,2.1000e+26,1.0310e+31,6.7048e+30,138
15,2,0.1000,0.2000,1.6910e+28,4.4200e+27,9.8800e+27,2.9100e+27,1.5470e+31,8.4590e+30,138
15,3,0.2000,0.3500,1.8770e+28,1.8860e+28,1.5320e+28,1.6340e+28,9.4619e+30,7.5015e+30,138
15,4,0.3500,0.5500,1.9440e+28,5.7590e+28,1.6190e+28,4.9910e+28,5.7275e+30,4.8214e+30,138
15,5,0.5500,1.0100,1.8820e+28,2.4068e+29,1.7770e+28,2.2828e+29,3.6562e+30,3.2836e+30,138
16,0,0.0000,0.0500,1.7580e+28,2.0000e+25,4.0100e+27,4.0000e+25,1.1845e+32,1.7771e+31,138
16,1,0.0500,0.1000,6.1600e+27,4.7000e+26,3.4800e+27,2.5000e+26,1.0163e+31,6.6821e+30,138
16,2,0.1000,0.2000,1.6650e+28,4.7900e+27,9.3700e+27,2.7100e+27,1.5342e+31,8.4100e+30,138
16,3,0.2000,0.3500,1.8550e+28,1.9330e+28,1.5230e+28,1.4560e+28,9.4330e+30,7.4692e+30,138
16,4,0.3500,0.5500,1.9170e+28,5.6680e+28,1.5920e+28,4.8900e+28,5.6923e+30,4.6863e+30,138
16,5,0.5500,1.0100,1.8580e+28,2.3324e+29,1.6430e+28,2.2774e+29,3.5438e+30,3.1377e+30,138
17,0,0.0000,0.0500,1.7380e+28,5.0000e+25,3.5500e+27,4.0000e+25,1.1731e+32,1.7743e+31,138
17,1,0.0500,0.1000,5.8700e+27,4.7000e+26,3.1000e+27,2.3000e+26,1.0028e+31,6.6590e+30,138
17,2,0.1000,0.2000,1.6540e+28,4.7400e+27,9.1900e+27,2.7800e+27,1.5211e+31,8.3756e+30,138
17,3,0.2000,0.3500,1.9680e+28,1.7970e+28,1.5690e+28,1.5290e+28,9.4874e+30,7.4514e+30,138
17,4,0.3500,0.5500,1.8430e+28,5.3010e+28,1.6340e+28,5.1680e+28,5.5459e+30,4.6888e+30,138
17,5,0.5500,1.0100,1.8200e+28,2.3627e+29,1.7490e+28,2.3345e+29,3.5057e+30,3.2397e+30,138
18,0,0.0000,0.0500,1.7810e+28,0.0000e+00,3.7500e+27,1.0000e+25,1.1710e+32,1.7840e+31,139
18,1,0.0500,0.1000,5.6300e+27,3.1000e+26,3.3300e+27,2.9000e+26,9.9522e+30,6.6607e+30,139
18,2,0.1000,0.2000,1.5420e+28,4.4200e+27,9.2000e+27,2.6600e+27,1.5165e+31,8.4191e+30,139
18,3,0.2000,0.3500,1.8970e+28,1.7500e+28,1.4960e+28,1.6110e+28,9.3333e+30,7.5382e+30,139
18,4,0.3500,0.5500,1.7630e+28,5.2120e+28,1.5590e+28,5.1200e+28,5.4378e+30,4.7427e+30,139
18,5,0.5500,1.0100,1.8250e+28,2.3445e+29,1.7030e+28,2.3160e+29,3.5071e+30,3.3432e+30,139
19,0,0.0000,0.0500,1.6110e+28,4.0000e+25,3.6300e+27,4.0000e+25,1.1602e+32,1.7105e+31,139
19,1,0.0500,0.1000,5.5800e+27,4.3000e+26,3.4100e+27,1.7000e+26,9.7880e+30,7.3037e+30,139
19,2,0.1000,0.2000,1.6430e+28,4.0200e+27,8.8800e+27,2.4400e+27,1.4959e+31,8.3492e+30,139
19,3,0.2000,0.3500,1.8470e+28,1.7040e+28,1.5200e+28,1.5850e+28,9.1954e+30,7.5789e+30,139
19,4,0.3500,0.5500,1.7680e+28,5.2860e+28,1.6100e+28,5.0080e+28,5.4288e+30,4.7082e+30,139
19,5,0.5500,1.0100,1.8830e+28,2.2164e+29,1.6950e+28,2.3291e+29,3.4620e+30,3.2768e+30,139
20,0,0.0000,0.0500,1.6760e+28,4.0000e+25,3.4900e+27,2.0000e+25,1.1492e+32,1.6935e+31,139
20,1,0.0500,0.1000,5.7600e+27,5.1000e+26,3.7700e+27,1.7000e+26,9.6645e+30,7.3798e+30,139
20,2,0.1000,0.2000,1.6260e+28,4.4300e+27,8.8800e+27,2.6400e+27,1.4867e+31,8.3186e+30,139
20,3,0.2000,0.3500,1.8270e+28,1.7860e+28,1.5220e+28,1.5730e+28,9.1546e+30,7.5389e+30,139
20,4,0.3500,0.5500,1.7980e+28,5.2160e+28,1.6380e+28,5.1530e+28,5.4009e+30,4.7325e+30,139
20,5,0.5500,1.0100,1.8430e+28,2.2642e+29,1.7290e+28,2.2473e+29,3.4443e+30,3.1839e+30,139
21,0,0.0000,0.0500,1.6520e+28,3.0000e+25,3.4900e+27,1.0000e+25,1.1392e+32,1.6876e+31,139
21,1,0.0500,0.1000,6.1100e+27,4.8000e+26,3.6700e+27,2.2000e+26,9.5772e+30,7.3600e+30,139
21,2,0.1000,0.2000,1.5170e+28,4.2100e+27,8.8800e+27,2.5400e+27,1.4690e+31,8.3221e+30,139
21,3,0.2000,0.3500,1.7640e+28,1.7420e+28,1.4480e+28,1.5730e+28,9.1272e+30,7.4279e+30,139
21,4,0.3500,0.5500,1.8070e+28,5.2790e+28,1.6090e+28,5.0930e+28,5.3492e+30,4.8086e+30,139
21,5,0.5500,1.0100,1.9080e+28,2.3312e+29,1.6590e+28,2.2311e+29,3.4643e+30,3.2184e+30,139
22,0,0.0000,0.0500,1.7170e+28,1.0000e+25,3.1200e+27,5.0000e+25,1.1378e+32,1.6960e+31,140
22,1,0.0500,0.1000,5.9900e+27,4.1000e+26,3.7000e+27,2.4000e+26,9.5758e+30,7.3948e+30,140
22,2,0.1000,0.2000,1.4980e+28,4.2300e+27,9.3100e+27,2.7400e+27,1.4609e+31,8.4135e+30,140
22,3,0.2000,0.3500,1.8410e+28,1.7180e+28,1.4960e+28,1.7730e+28,9.1246e+30,7.4570e+30,140
22,4,0.3500,0.5500,1.7670e+28,5.0460e+28,1.6340e+28,5.0740e+28,5.3229e+30,4.8930e+30,140
22,5,0.5500,1.0100,1.7210e+28,2.2103e+29,1.8010e+28,2.3021e+29,3.4053e+30,3.2563e+30,140
23,0,0.0000,0.0500,1.5780e+28,1.0000e+25,3.4600e+27,2.0000e+25,1.1282e+32,1.6942e+31,140
23,1,0.0500,0.1000,5.7800e+27,4.8000e+26,3.6300e+27,2.5000e+26,9.4601e+30,7.3787e+30,140
23,2,0.1000,0.2000,1.5060e+28,3.9800e+27,9.6100e+27,2.5000e+27,1.4426e+31,8.4680e+30,140
23,3,0.2000,0.3500,1.8200e+28,1.7710e+28,1.5670e+28,1.6650e+28,9.0879e+30,7.5836e+30,140
23,4,0.3500,0.5500,1.7890e+28,4.9830e+28,1.6380e+28,5.2430e+28,5.2817e+30,4.9193e+30,140
23,5,0.5500,1.0100,1.7030e+28,2.0471e+29,1.8360e+28,2.2598e+29,3.2298e+30,3.2637e+30,140
24,0,0.0000,0.0500,1.5040e+28,3.0000e+25,3.2100e+27,2.0000e+25,1.1186e+32,1.6901e+31,140
24,1,0.0500,0.1000,5.9600e+27,3.4000e+26,3.7100e+27,2.1000e+26,9.2988e+30,7.3844e+30,140
24,2,0.1000,0.2000,1.5680e+28,4.5100e+27,9.3100e+27,2.6900e+27,1.4559e+31,8.4573e+30,140
24,3,0.2000,0.3500,1.7030e+28,1.6640e+28,1.5230e+28,1.5360e+28,8.8744e+30,7.6377e+30,140
24,4,0.3500,0.5500,1.7720e+28,4.7140e+28,1.6040e+28,5.0490e+28,5.2820e+30,4.9002e+30,140
24,5,0.5500,1.0100,1.6120e+28,2.0644e+29,1.6910e+28,2.0664e+29,3.1965e+30,3.1828e+30,140
25,0,0.0000,0.0500,1.5570e+28,1.0000e+25,3.2900e+27,2.0000e+25,1.1173e+32,1.7024e+31,141
25,1,0.0500,0.1000,5.8000e+27,3.3000e+26,3.6600e+27,2.1000e+26,9.2820e+30,7.4460e+30,141
25,2,0.1000,0.2000,1.4820e+28,4.3300e+27,9.3900e+27,2.7200e+27,1.4568e+31,8.5296e+30,141
25,3,0.2000,0.3500,1.7510e+28,1.6290e+28,1.6160e+28,1.6080e+28,8.8001e+30,7.7389e+30,141
25,4,0.3500,0.5500,1.7850e+28,4.8160e+28,1.5840e+28,4.9040e+28,5.2898e+30,4.8774e+30,141
25,5,0.5500,1.0100,1.7050e+28,2.0257e+29,1.6890e+28,2.0651e+29,3.2062e+30,3.1557e+30,141
26,0,0.0000,0.0500,1.5200e+28,0.0000e+00,3.2300e+27,0.0000e+00,1.1077e+32,1.7015e+31,141
26,1,0.0500,0.1000,5.4000e+27,3.5000e+26,3.4400e+27,2.1000e+26,9.1977e+30,7.4612e+30,141
26,2,0.1000,0.2000,1.5200e+28,4.1500e+27,9.1600e+27,2.7400e+27,1.4480e+31,8.5509e+30,141
26,3,0.2000,0.3500,1.7410e+28,1.5100e+28,1.5870e+28,1.6000e+28,8.7881e+30,7.8454e+30,141
26,4,0.3500,0.5500,1.7320e+28,4.6950e+28,1.5950e+28,4.7760e+28,5.1586e+30,4.7806e+30,141
26,5,0.5500,1.0100,1.6130e+28,1.9271e+29,1.6580e+28,1.9462e+29,3.1903e+30,3.0412e+30,141
27,0,0.0000,0.0500,1.5790e+28,1.0000e+25,3.3600e+27,1.0000e+25,1.1061e+32,1.7085e+31,142
27,1,0.0500,0.1000,5.3300e+27,3.8000e+26,3.6800e+27,1.3000e+26,9.1784e+30,7.5167e+30,142
27,2,0.1000,0.2000,1.5160e+28,4.0600e+27,8.8600e+27,2.6700e+27,1.4252e+31,8.6907e+30,142
27,3,0.2000,0.3500,1.7200e+28,1.6080e+28,1.5470e+28,1.4720e+28,8.8728e+30,7.8864e+30,142
27,4,0.3500,0.5500,1.6750e+28,4.7600e+28,1.5510e+28,4.5320e+28,5.1772e+30,4.7134e+30,142
27,5,0.5500,1.0100,1.5520e+28,1.8684e+29,1.5390e+28,1.8756e+29,3.0274e+30,2.9375e+30,142
28,0,0.0000,0.0500,1.4960e+28,1.0000e+25,3.5200e+27,3.0000e+25,1.0974e+32,1.7041e+31,142
28,1,0.0500,0.1000,5.1000e+27,3.2000e+26,3.3900e+27,2.4000e+26,9.0816e+30,7.5261e+30,142
28,2,0.1000,0.2000,1.4900e+28,3.6200e+27,8.9000e+27,2.6100e+27,1.4131e+31,8.6800e+30,142
28,3,0.2000,0.3500,1.7450e+28,1.6570e+28,1.5810e+28,1.4650e+28,8.6934e+30,7.7785e+30,142
28,4,0.3500,0.5500,1.6730e+28,4.4110e+28,1.5050e+28,4.0450e+28,5.1182e+30,4.5211e+30,142
28,5,0.5500,1.0100,1.5620e+28,1.8544e+29,1.5160e+28,1.8447e+29,3.0074e+30,2.8827e+30,142
29,0,0.0000,0.0500,1.5200e+28,3.0000e+25,3.2700e+27,2.0000e+25,1.0883e+32,1.7055e+31,142
29,1,0.0500,0.1000,5.2900e+27,3.1000e+26,3.5600e+27,2.8000e+26,8.9429e+30,7.5835e+30,142
29,2,0.1000,0.2000,1.4300e+28,3.8900e+27,9.3500e+27,2.8000e+27,1.4037e+31,8.7121e+30,142
29,3,0.2000,0.3500,1.7040e+28,1.6150e+28,1.4960e+28,1.4370e+28,8.6525e+30,7.6494e+30,142
29,4,0.3500,0.5500,1.6770e+28,4.3420e+28,1.4480e+28,4.0730e+28,5.0494e+30,4.3909e+30,142
29,5,0.5500,1.0100,1.5170e+28,1.7481e+29,1.4070e+28,1.7100e+29,2.9993e+30,2.7528e+30,142
30,0,0.0000,0.0500,1.5430e+28,3.0000e+25,3.3300e+27,0.0000e+00,1.0874e+32,1.7145e+31,143
30,1,0.0500,0.1000,5.3100e+27,3.4000e+26,3.6500e+27,1.8000e+26,8.9440e+30,7.6534e+30,143
30,2,0.1000,0.2000,1.4830e+28,3.9800e+27,9.1100e+27,2.6700e+27,1.4058e+31,8.7715e+30,143
30,3,0.2000,0.3500,1.7310e+28,1.5730e+28,1.5680e+28,1.3410e+28,8.6669e+30,7.6625e+30,143
30,4,0.3500,0.5500,1.6060e+28,4.2920e+28,1.3770e+28,4.0160e+28,5.0355e+30,4.2420e+30,143
30,5,0.5500,1.0100,1.5320e+28,1.7028e+29,1.4280e+28,1.7666e+29,2.9287e+30,2.7766e+30,143
31,0,0.0000,0.0500,1.5280e+28,1.0000e+25,3.4700e+27,3.0000e+25,1.0789e+32,1.7809e+31,143
31,1,0.0500,0.1000,5.0700e+27,3.6000e+26,3.1300e+27,1.7000e+26,8.9066e+30,6.9738e+30,143
31,2,0.1000,0.2000,1.5310e+28,3.6700e+27,8.8500e+27,2.2700e+27,1.3957e+31,8.7160e+30,143
31,3,0.2000,0.3500,1.6250e+28,1.5200e+28,1.5020e+28,1.4510e+28,8.5862e+30,7.6250e+30,143
31,4,0.3500,0.5500,1.5630e+28,3.9800e+28,1.4750e+28,4.3070e+28,4.8890e+30,4.2372e+30,143
31,5,0.5500,1.0100,1.4940e+28,1.6725e+29,1.4640e+28,1.7162e+29,2.8927e+30,2.8058e+30,143
32,0,0.0000,0.0500,1.5100e+28,1.0000e+25,3.7100e+27,4.0000e+25,1.0785e+32,1.8050e+31,144
32,1,0.0500,0.1000,5.3600e+27,3.2000e+26,3.0500e+27,1.5000e+26,8.8456e+30,6.8633e+30,144
32,2,0.1000,0.2000,1.4200e+28,3.4800e+27,9.5100e+27,2.4300e+27,1.3907e+31,8.7901e+30,144
32,3,0.2000,0.3500,1.7030e+28,1.3810e+28,1.5170e+28,1.3870e+28,8.5684e+30,7.6242e+30,144
32,4,0.3500,0.5500,1.5520e+28,3.9690e+28,1.4580e+28,4.0450e+28,4.7777e+30,4.3117e+30,144
32,5,0.5500,1.0100,1.4280e+28,1.5958e+29,1.4840e+28,1.6862e+29,2.7894e+30,2.7295e+30,144
33,0,0.0000,0.0500,1.4440e+28,2.0000e+25,3.5200e+27,3.0000e+25,1.0691e+32,1.8024e+31,144
33,1,0.0500,0.1000,4.7700e+27,3.6000e+26,3.2300e+27,1.5000e+26,8.7532e+30,6.9062e+30,144
33,2,0.1000,0.2000,1.3890e+28,3.6500e+27,9.0700e+27,2.5700e+27,1.3719e+31,8.8203e+30,144
33,3,0.2000,0.3500,1.6210e+28,1.4100e+28,1.4240e+28,1.3610e+28,8.3815e+30,7.5559e+30,144
33,4,0.3500,0.5500,1.5570e+28,3.8090e+28,1.3180e+28,3.7640e+28,4.7125e+30,4.2256e+30,144
33,5,0.5500,1.0100,1.3290e+28,1.5255e+29,1.4390e+28,1.6315e+29,2.7048e+30,2.7079e+30,144
34,0,0.0000,0.0500,1.5200e+28,2.0000e+25,3.2700e+27,0.0000e+00,1.0672e+32,1.8156e+31,145
34,1,0.0500,0.1000,5.0600e+27,3.5000e+26,3.5400e+27,1.7000e+26,8.6899e+30,6.9701e+30,145
34,2,0.1000,0.2000,1.4040e+28,3.5500e+27,8.9000e+27,2.1800e+27,1.3693e+31,9.0015e+30,145
34,3,0.2000,0.3500,1.6000e+28,1.4950e+28,1.4020e+28,1.3020e+28,8.3719e+30,7.3589e+30,145
34,4,0.3500,0.5500,1.5190e+28,3.9600e+28,1.4110e+28,3.8340e+28,4.6780e+30,4.1977e+30,145
34,5,0.5500,1.0100,1.3750e+28,1.4948e+29,1.3960e+28,1.5973e+29,2.6934e+30,2.6301e+30,145
35,0,0.0000,0.0500,1.5250e+28,2.0000e+25,3.4800e+27,2.0000e+25,1.0581e+32,1.8768e+31,145
35,1,0.0500,0.1000,5.4600e+27,4.2000e+26,3.0500e+27,1.6000e+26,8.6437e+30,6.3638e+30,145
35,2,0.1000,0.2000,1.4550e+28,3.8300e+27,9.1500e+27,2.3800e+27,1.3655e+31,9.0519e+30,145
35,3,0.2000,0.3500,1.6080e+28,1.4030e+28,1.4070e+28,1.3250e+28,8.2849e+30,7.2379e+30,145
35,4,0.3500,0.5500,1.4700e+28,3.6340e+28,1.2880e+28,3.5830e+28,4.5786e+30,4.0797e+30,145
35,5,0.5500,1.0100,1.3300e+28,1.4259e+29,1.3840e+28,1.4846e+29,2.6010e+30,2.6026e+30,145
36,0,0.0000,0.0500,1.5310e+28,3.0000e+25,3.6500e+27,3.0000e+25,1.0570e+32,1.9143e+31,146
36,1,0.0500,0.1000,5.2500e+27,4.0000e+26,3.1300e+27,2.3000e+26,8.6619e+30,6.1914e+30,146
36,2,0.1000,0.2000,1.4350e+28,3.6200e+27,9.6000e+27,2.6300e+27,1.3620e+31,9.1655e+30,146
36,3,0.2000,0.3500,1.5990e+28,1.3550e+28,1.4290e+28,1.2660e+28,8.2574e+30,7.2375e+30,146
36,4,0.3500,0.5500,1.3840e+28,3.4080e+28,1.3220e+28,3.6700e+28,4.3883e+30,4.0973e+30,146
36,5,0.5500,1.0100,1.1660e+28,1.3593e+29,1.3340e+28,1.4667e+29,2.5467e+30,2.5524e+30,146
37,0,0.0000,0.0500,1.4650e+28,0.0000e+00,3.7700e+27,2.0000e+25,1.0483e+32,1.9793e+31,146
37,1,0.0500,0.1000,5.1100e+27,3.2000e+26,2.8500e+27,1.6000e+26,8.5659e+30,5.6036e+30,146
37,2,0.1000,0.2000,1.4100e+28,3.5900e+27,9.3100e+27,2.5200e+27,1.3409e+31,9.2459e+30,146
37,3,0.2000,0.3500,1.5370e+28,1.3300e+28,1.3690e+28,1.2890e+28,8.0832e+30,7.2259e+30,146
37,4,0.3500,0.5500,1.3230e+28,3.3770e+28,1.3460e+28,3.4980e+28,4.1984e+30,4.0017e+30,146
37,5,0.5500,1.0100,1.3150e+28,1.3549e+29,1.2560e+28,1.3589e+29,2.5043e+30,2.5011e+30,146
38,0,0.0000,0.0500,1.5030e+28,1.0000e+25,4.0600e+27,1.0000e+25,1.0464e+32,2.0794e+31,147
38,1,0.0500,0.1000,4.8900e+27,3.6000e+26,2.8500e+27,1.0000e+26,8.5405e+30,4.8253e+30,147
38,2,0.1000,0.2000,1.3890e+28,3.0600e+27,9.5100e+27,2.3100e+27,1.3122e+31,9.3681e+30,147
38,3,0.2000,0.3500,1.6090e+28,1.3490e+28,1.3960e+28,1.2070e+28,8.3268e+30,7.1877e+30,147
38,4,0.3500,0.5500,1.3410e+28,3.5400e+28,1.2980e+28,3.5300e+28,4.1599e+30,3.9892e+30,147
38,5,0.5500,1.0100,1.2930e+28,1.3438e+29,1.2790e+28,1.3934e+29,2.5352e+30,2.4463e+30,147
39,0,0.0000,0.0500,1.5840e+28,4.0000e+25,4.5100e+27,3.0000e+25,1.0370e+32,2.1891e+31,147
39,1,0.0500,0.1000,4.8400e+27,3.2000e+26,1.9800e+27,8.0000e+25,8.4536e+30,3.7632e+30,147
39,2,0.1000,0.2000,1.2500e+28,3.0500e+27,9.3200e+27,2.1600e+27,1.2879e+31,9.3699e+30,147
39,3,0.2000,0.3500,1.6490e+28,1.2970e+28,1.3980e+28,1.1540e+28,8.3339e+30,7.0703e+30,147
39,4,0.3500,0.5500,1.2810e+28,3.1650e+28,1.2930e+28,3.1490e+28,4.0974e+30,3.9586e+30,147
39,5,0.5500,1.0100,1.2020e+28,1.2896e+29,1.2810e+28,1.3744e+29,2.4744e+30,2.4705e+30,147
40,0,0.0000,0.0500,1.5380e+28,3.0000e+25,4.4600e+27,3.0000e+25,1.0348e+32,2.2097e+31,148
40,1,0.0500,0.1000,5.0000e+27,3.6000e+26,2.2100e+27,1.6000e+26,8.4872e+30,4.0393e+30,148
40,2,0.1000,0.2000,1.3270e+28,3.2600e+27,9.3500e+27,2.3900e+27,1.2775e+31,9.1689e+30,148
40,3,0.2000,0.3500,1.5160e+28,1.2250e+28,1.3220e+28,1.1420e+28,8.2266e+30,6.9825e+30,148
40,4,0.3500,0.5500,1.2160e+28,3.1380e+28,1.2860e+28,3.0340e+28,4.0310e+30,3.9102e+30,148
40,5,0.5500,1.0100,1.2590e+28,1.2473e+29,1.2530e+28,1.2824e+29,2.4269e+30,2.4298e+30,148
41,0,0.0000,0.0500,1.4980e+28,1.0000e+25,4.2100e+27,3.0000e+25,1.0318e+32,2.2254e+31,149
41,1,0.0500,0.1000,4.4600e+27,3.3000e+26,2.1700e+27,1.2000e+26,7.7621e+30,4.2227e+30,149
41,2,0.1000,0.2000,1.2810e+28,2.9800e+27,9.3700e+27,2.0200e+27,1.3190e+31,9.0032e+30,149
41,3,0.2000,0.3500,1.5130e+28,1.2070e+28,1.2880e+28,1.1240e+28,8.1577e+30,6.9838e+30,149
41,4,0.3500,0.5500,1.2750e+28,3.1290e+28,1.2310e+28,2.9930e+28,4.0330e+30,3.7776e+30,149
41,5,0.5500,1.0100,1.1940e+28,1.1898e+29,1.1680e+28,1.3425e+29,2.3505e+30,2.4295e+30,149
42,0,0.0000,0.0500,1.6270e+28,2.0000e+25,4.2200e+27,1.0000e+25,1.0218e+32,2.2276e+31,149
42,1,0.0500,0.1000,4.2800e+27,1.7000e+26,2.4000e+27,9.0000e+25,7.5837e+30,4.2440e+30,149
42,2,0.1000,0.2000,1.2380e+28,2.8900e+27,8.8400e+27,1.7600e+27,1.3123e+31,8.9240e+30,149
42,3,0.2000,0.3500,1.4790e+28,1.1460e+28,1.2960e+28,1.1260e+28,7.8762e+30,6.9534e+30,149
42,4,0.3500,0.5500,1.2570e+28,2.9640e+28,1.1880e+28,3.1670e+28,3.9786e+30,3.7662e+30,149
42,5,0.5500,1.0100,1.1930e+28,1.2435e+29,1.2660e+28,1.2622e+29,2.3427e+30,2.4476e+30,149
43,0,0.0000,0.0500,1.6390e+28,5.0000e+25,4.2600e+27,2.0000e+25,1.0185e+32,2.2501e+31,150
43,1,0.0500,0.1000,4.2600e+27,2.4000e+26,2.7000e+27,1.2000e+26,7.5671e+30,4.2904e+30,150
43,2,0.1000,0.2000,1.2810e+28,2.8400e+27,8.6500e+27,1.9600e+27,1.3020e+31,8.9244e+30,150
43,3,0.2000,0.3500,1.4180e+28,1.0570e+28,1.3070e+28,1.1540e+28,7.7707e+30,6.9837e+30,150
43,4,0.3500,0.5500,1.2330e+28,3.0040e+28,1.1690e+28,2.9500e+28,3.8693e+30,3.7767e+30,150
43,5,0.5500,1.0100,1.1840e+28,1.2109e+29,1.1780e+28,1.2580e+29,2.3712e+30,2.4053e+30,150
44,0,0.0000,0.0500,1.5480e+28,1.0000e+25,4.5100e+27,1.0000e+25,1.0077e+32,2.2619e+31,150
44,1,0.0500,0.1000,4.5000e+27,3.5000e+26,2.1800e+27,1.7000e+26,7.5048e+30,4.2742e+30,150
44,2,0.1000,0.2000,1.2710e+28,2.8600e+27,8.9200e+27,2.0300e+27,1.2827e+31,8.9457e+30,150
44,3,0.2000,0.3500,1.3040e+28,1.0440e+28,1.2600e+28,1.0550e+28,7.5035e+30,6.9008e+30,150
44,4,0.3500,0.5500,1.2150e+28,2.8620e+28,1.1350e+28,2.7790e+28,3.8332e+30,3.7224e+30,150
44,5,0.5500,1.0100,1.2030e+28,1.2163e+29,1.2660e+28,1.2152e+29,2.3683e+30,2.4212e+30,150
45,0,0.0000,0.0500,1.5940e+28,5.0000e+25,4.5500e+27,1.0000e+25,9.9517e+31,2.3347e+31,151
45,1,0.0500,0.1000,4.4300e+27,3.0000e+26,2.5100e+27,3.0000e+26,7.8547e+30,4.1660e+30,151
45,2,0.1000,0.2000,1.2610e+28,2.5400e+27,9.3200e+27,2.3800e+27,1.2824e+31,8.8412e+30,151
45,3,0.2000,0.3500,1.3660e+28,1.0850e+28,1.2270e+28,9.0200e+27,7.6518e+30,6.5072e+30,151
45,4,0.3500,0.5500,1.1430e+28,2.8300e+28,1.1620e+28,2.6730e+28,3.7797e+30,3.6805e+30,151
45,5,0.5500,1.0100,1.2040e+28,1.1534e+29,1.1700e+28,1.1564e+29,2.4004e+30,2.3565e+30,151
46,0,0.0000,0.0500,1.6110e+28,5.0000e+25,4.1800e+27,0.0000e+00,9.8592e+31,2.3625e+31,152
46,1,0.0500,0.1000,4.2900e+27,3.4000e+26,2.4600e+27,1.0000e+26,8.0413e+30,4.1852e+30,152
46,2,0.1000,0.2000,1.2210e+28,2.3600e+27,8.8900e+27,2.1700e+27,1.2817e+31,8.8594e+30,152
46,3,0.2000,0.3500,1.3950e+28,1.1360e+28,1.1520e+28,8.9600e+27,7.6840e+30,6.4002e+30,152
46,4,0.3500,0.5500,1.1130e+28,2.9290e+28,1.1190e+28,2.6700e+28,3.7922e+30,3.6018e+30,152
46,5,0.5500,1.0100,1.1140e+28,1.1505e+29,1.1570e+28,1.1969e+29,2.3363e+30,2.3595e+30,152
47,0,0.0000,0.0500,1.6380e+28,3.0000e+25,4.0400e+27,1.0000e+25,9.8053e+31,2.3836e+31,153
47,1,0.0500,0.1000,3.9800e+27,2.3000e+26,2.5700e+27,1.2000e+26,7.9608e+30,4.2401e+30,153
47,2,0.1000,0.2000,1.2020e+28,2.4400e+27,8.7200e+27,2.0100e+27,1.2757e+31,8.8500e+30,153
47,3,0.2000,0.3500,1.4050e+28,1.0370e+28,1.1700e+28,9.2800e+27,7.6059e+30,6.3796e+30,153
47,4,0.3500,0.5500,1.1810e+28,2.8330e+28,1.1430e+28,2.5080e+28,3.7627e+30,3.6056e+30,153
47,5,0.5500,1.0100,1.1630e+28,1.1749e+29,1.2370e+28,1.1424e+29,2.3435e+30,2.4175e+30,153
48,0,0.0000,0.0500,1.7110e+28,6.0000e+25,4.2300e+27,2.0000e+25,9.6833e+31,2.3943e+31,153
48,1,0.0500,0.1000,4.2000e+27,2.1000e+26,2.3600e+27,1.9000e+26,7.7333e+30,4.4807e+30,153
48,2,0.1000,0.2000,1.1670e+28,2.6600e+27,8.6100e+27,2.0400e+27,1.2671e+31,8.6623e+30,153
48,3,0.2000,0.3500,1.3350e+28,1.0560e+28,1.1620e+28,8.9200e+27,7.4572e+30,6.3403e+30,153
48,4,0.3500,0.5500,1.0580e+28,2.8400e+28,9.7100e+27,2.5660e+28,3.7594e+30,3.5219e+30,153
48,5,0.5500,1.0100,1.1810e+28,1.1620e+29,1.1860e+28,1.0628e+29,2.3547e+30,2.3752e+30,153
49,0,0.0000,0.0500,1.6130e+28,1.0000e+26,3.9500e+27,2.0000e+25,9.4818e+31,2.4212e+31,154
49,1,0.0500,0.1000,4.3600e+27,1.8000e+26,2.6800e+27,1.6000e+26,8.5715e+30,4.6706e+30,154
49,2,0.1000,0.2000,1.2470e+28,2.8200e+27,8.1700e+27,1.7700e+27,1.3108e+31,8.6434e+30,154
49,3,0.2000,0.3500,1.3070e+28,1.0080e+28,1.1550e+28,8.5800e+27,7.3007e+30,6.1191e+30,154
49,4,0.3500,0.5500,1.1100e+28,2.5530e+28,1.0270e+28,2.3440e+28,3.6275e+30,3.4107e+30,154
49,5,0.5500,1.0100,1.1700e+28,1.1222e+29,1.1280e+28,1.0546e+29,2.3121e+30,2.3008e+30,154
50,0,0.0000,0.0500,1.4630e+28,4.0000e+25,3.7900e+27,0.0000e+00,8.8365e+31,2.4482e+31,155
50,1,0.0500,0.1000,5.9600e+27,3.1000e+26,2.7500e+27,7.0000e+25,1.4307e+31,4.6968e+30,155
50,2,0.1000,0.2000,1.2640e+28,2.6200e+27,8.3800e+27,1.9400e+27,1.2937e+31,8.9249e+30,155
50,3,0.2000,0.3500,1.2450e+28,9.4400e+27,1.0670e+28,8.5200e+27,7.1413e+30,5.8368e+30,155
50,4,0.3500,0.5500,1.0570e+28,2.5000e+28,1.0180e+28,2.5240e+28,3.5578e+30,3.3938e+30,155
50,5,0.5500,1.0100,1.1010e+28,1.0295e+29,1.1020e+28,1.1015e+29,2.2157e+30,2.3196e+30,155
51,0,0.0000,0.0500,1.2790e+28,2.0000e+25,3.5600e+27,0.0000e+00,8.3500e+31,2.4612e+31,155
51,1,0.0500,0.1000,7.9500e+27,3.0000e+26,2.5300e+27,1.2000e+26,1.7768e+31,4.7058e+30,155
51,2,0.1000,0.2000,1.1200e+28,2.4600e+27,8.9100e+27,2.0600e+27,1.2437e+31,8.8456e+30,155
51,3,0.2000,0.3500,1.3270e+28,9.9800e+27,1.0590e+28,8.1800e+27,7.2422e+30,5.8242e+30,155
51,4,0.3500,0.5500,1.1020e+28,2.5610e+28,1.0500e+28,2.3170e+28,3.5425e+30,3.4094e+30,155
51,5,0.5500,1.0100,1.0860e+28,1.0469e+29,1.0790e+28,1.0242e+29,2.1870e+30,2.2870e+30,155
52,0,0.0000,0.0500,1.2510e+28,3.0000e+25,4.1200e+27,0.0000e+00,8.0919e+31,2.5032e+31,157
52,1,0.0500,0.1000,8.6500e+27,2.7000e+26,2.8600e+27,1.4000e+26,2.0157e+31,4.8717e+30,157
52,2,0.1000,0.2000,1.2100e+28,2.6300e+27,8.2500e+27,1.8800e+27,1.2340e+31,8.9683e+30,157
52,3,0.2000,0.3500,1.3180e+28,9.6900e+27,9.8400e+27,7.8800e+27,7.2574e+30,5.6759e+30,157
52,4,0.3500,0.5500,9.8900e+27,2.3790e+28,1.0090e+28,2.1190e+28,3.5033e+30,3.4282e+30,157
52,5,0.5500,1.0100,1.0560e+28,9.9900e+28,1.0800e+28,1.0197e+29,2.1940e+30,2.2962e+30,157
53,0,0.0000,0.0500,1.1590e+28,3.0000e+25,3.5100e+27,0.0000e+00,7.7386e+31,2.5129e+31,157
53,1,0.0500,0.1000,9.3600e+27,3.4000e+26,2.8000e+27,1.0000e+26,2.2269e+31,5.1769e+30,157
53,2,0.1000,0.2000,1.1840e+28,2.6500e+27,8.6000e+27,2.0500e+27,1.2121e+31,8.8403e+30,157
53,3,0.2000,0.3500,1.2830e+28,8.4600e+27,1.0230e+28,7.2200e+27,7.0590e+30,5.4027e+30,157
53,4,0.3500,0.5500,9.9200e+27,2.3810e+28,9.6800e+27,2.0940e+28,3.3980e+30,3.3510e+30,157
53,5,0.5500,1.0100,1.0230e+28,1.0335e+29,1.1320e+28,9.9750e+28,2.1840e+30,2.3422e+30,157
54,0,0.0000,0.0500,1.1320e+28,0.0000e+00,3.1800e+27,0.0000e+00,7.4701e+31,2.5429e+31,158
54,1,0.0500,0.1000,1.0560e+28,3.7000e+26,3.0100e+27,1.5000e+26,2.4092e+31,5.2162e+30,158
54,2,0.1000,0.2000,1.1420e+28,2.7000e+27,9.1900e+27,1.9700e+27,1.1937e+31,9.1457e+30,158
54,3,0.2000,0.3500,1.1690e+28,9.3400e+27,9.4400e+27,7.9700e+27,6.8538e+30,5.1896e+30,158
54,4,0.3500,0.5500,1.0580e+28,2.2360e+28,1.0150e+28,2.2360e+28,3.4314e+30,3.4491e+30,158
54,5,0.5500,1.0100,1.1960e+28,1.0515e+29,1.0660e+28,1.0524e+29,2.4021e+30,2.3806e+30,158
55,0,0.0000,0.0500,1.0850e+28,2.0000e+25,3.2200e+27,1.0000e+25,7.2131e+31,2.5610e+31,158
55,1,0.0500,0.1000,1.0140e+28,4.0000e+26,3.0100e+27,1.1000e+26,2.4683e+31,5.4196e+30,158
55,2,0.1000,0.2000,1.1040e+28,2.2000e+27,9.3100e+27,2.2200e+27,1.2087e+31,9.2695e+30,158
55,3,0.2000,0.3500,1.1180e+28,9.1300e+27,8.6500e+27,6.6300e+27,6.7254e+30,4.8510e+30,158
55,4,0.3500,0.5500,1.0260e+28,2.3870e+28,1.0060e+28,2.1180e+28,3.4115e+30,3.3758e+30,158
55,5,0.5500,1.0100,1.1780e+28,1.1063e+29,1.1540e+28,1.0309e+29,2.5430e+30,2.4392e+30,158
56,0,0.0000,0.0500,9.7900e+27,2.0000e+25,3.1000e+27,1.0000e+25,6.9770e+31,2.6170e+31,160
56,1,0.0500,0.1000,1.0990e+28,3.8000e+26,2.9300e+27,1.5000e+26,2.6334e+31,5.6922e+30,160
56,2,0.1000,0.2000,1.1540e+28,2.6000e+27,8.6800e+27,1.6600e+27,1.2290e+31,9.0375e+30,160
56,3,0.2000,0.3500,1.1690e+28,9.0900e+27,8.3700e+27,5.8500e+27,6.6952e+30,4.7823e+30,160
56,4,0.3500,0.5500,1.0140e+28,2.2450e+28,1.0180e+28,2.0190e+28,3.4846e+30,3.3889e+30,160
56,5,0.5500,1.0100,1.3160e+28,1.0882e+29,1.1060e+28,9.9970e+28,2.6676e+30,2.4597e+30,160
57,0,0.0000,0.0500,9.9100e+27,3.0000e+25,3.0600e+27,0.0000e+00,6.8151e+31,2.6589e+31,160
57,1,0.0500,0.1000,1.1930e+28,5.0000e+26,2.8200e+27,1.2000e+26,2.6284e+31,5.6361e+30,160
57,2,0.1000,0.2000,1.0850e+28,2.2900e+27,8.2900e+27,1.9600e+27,1.1779e+31,8.7385e+30,160
57,3,0.2000,0.3500,1.2070e+28,8.8600e+27,8.0700e+27,6.1300e+27,6.8591e+30,4.7191e+30,160
57,4,0.3500,0.5500,9.6400e+27,2.1300e+28,9.2300e+27,2.0700e+28,3.4270e+30,3.2855e+30,160
57,5,0.5500,1.0100,1.3090e+28,1.0768e+29,1.1840e+28,9.7970e+28,2.6789e+30,2.4955e+30,160
58,0,0.0000,0.0500,9.6100e+27,3.0000e+25,2.7700e+27,1.0000e+25,6.5618e+31,2.7302e+31,162
58,1,0.0500,0.1000,1.1740e+28,6.3000e+26,3.1700e+27,7.0000e+25,2.8311e+31,5.7951e+30,162
58,2,0.1000,0.2000,1.1320e+28,1.9500e+27,8.5000e+27,1.6300e+27,1.1711e+31,8.4874e+30,162
58,3,0.2000,0.3500,1.2120e+28,8.5800e+27,8.4200e+27,6.6700e+27,6.8162e+30,4.9217e+30,162
58,4,0.3500,0.5500,9.7200e+27,2.0880e+28,9.8900e+27,1.8850e+28,3.3780e+30,3.2013e+30,162
58,5,0.5500,1.0100,1.3010e+28,1.0773e+29,1.1530e+28,9.8000e+28,2.7886e+30,2.5142e+30,162
59,0,0.0000,0.0500,9.1200e+27,1.0000e+25,2.5300e+27,0.0000e+00,6.4060e+31,2.7501e+31,162
59,1,0.0500,0.1000,1.1970e+28,7.3000e+26,3.1600e+27,1.6000e+26,2.8086e+31,6.3012e+30,162
59,2,0.1000,0.2000,1.0920e+28,2.1300e+27,7.5000e+27,1.6400e+27,1.1459e+31,7.9200e+30,162
59,3,0.2000,0.3500,1.1880e+28,8.1400e+27,8.9700e+27,7.2700e+27,6.6687e+30,5.0322e+30,162
59,4,0.3500,0.5500,9.3800e+27,2.0140e+28,8.6600e+27,1.8830e+28,3.3517e+30,3.0836e+30,162
59,5,0.5500,1.0100,1.2590e+28,1.0736e+29,1.1200e+28,8.7630e+28,2.7463e+30,2.4511e+30,162
60,0,0.0000,0.0500,8.9500e+27,1.0000e+25,2.1700e+27,0.0000e+00,6.2071e+31,2.7903e+31,163
60,1,0.0500,0.1000,1.2830e+28,6.0000e+26,4.2100e+27,1.6000e+26,2.8769e+31,7.1858e+30,163
60,2,0.1000,0.2000,1.0530e+28,2.2200e+27,7.2700e+27,1.3200e+27,1.1114e+31,7.1362e+30,163
60,3,0.2000,0.3500,1.1820e+28,8.3800e+27,8.3600e+27,6.2300e+27,6.7928e+30,4.9588e+30,163
60,4,0.3500,0.5500,9.1400e+27,2.1180e+28,9.3400e+27,1.8720e+28,3.3471e+30,3.1047e+30,163
60,5,0.5500,1.0100,1.2850e+28,1.0111e+29,1.1350e+28,9.0540e+28,2.7108e+30,2.4035e+30,163
61,0,0.0000,0.0500,8.6000e+27,0.0000e+00,1.9300e+27,0.0000e+00,5.9859e+31,2.8332e+31,164
61,1,0.0500,0.1000,1.2740e+28,7.2000e+26,4.1000e+27,2.8000e+26,2.9397e+31,7.7904e+30,164
61,2,0.1000,0.2000,1.0790e+28,2.5100e+27,6.7000e+27,1.3700e+27,1.1214e+31,6.7243e+30,164
61,3,0.2000,0.3500,1.1250e+28,8.1100e+27,8.3300e+27,6.4900e+27,6.7845e+30,4.8805e+30,164
61,4,0.3500,0.5500,9.6300e+27,1.8760e+28,8.5600e+27,1.7150e+28,3.3248e+30,2.9436e+30,164
61,5,0.5500,1.0100,1.2760e+28,1.0879e+29,1.1170e+28,8.7010e+28,2.7828e+30,2.4044e+30,164
62,0,0.0000,0.0500,8.0100e+27,1.0000e+25,1.7000e+27,0.0000e+00,5.8787e+31,2.8817e+31,165
62,1,0.0500,0.1000,1.2980e+28,8.1000e+26,4.3400e+27,1.8000e+26,2.8385e+31,7.8555e+30,165
62,2,0.1000,0.2000,1.0820e+28,2.6500e+27,6.2600e+27,1.6200e+27,1.1726e+31,6.7085e+30,165
62,3,0.2000,0.3500,1.1950e+28,9.0000e+27,9.0000e+27,6.6500e+27,6.7567e+30,4.9801e+30,165
62,4,0.3500,0.5500,1.0030e+28,2.0230e+28,7.8200e+27,1.7030e+28,3.4046e+30,2.8286e+30,165
62,5,0.5500,1.0100,1.3660e+28,1.0619e+29,1.2020e+28,9.8420e+28,2.8922e+30,2.6005e+30,165
63,0,0.0000,0.0500,8.3900e+27,0.0000e+00,1.5100e+27,0.0000e+00,5.5565e+31,2.9773e+31,166
63,1,0.0500,0.1000,1.3290e+28,6.2000e+26,3.5900e+27,1.4000e+26,3.0264e+31,7.4677e+30,166
63,2,0.1000,0.2000,1.0820e+28,2.2200e+27,7.0200e+27,1.5700e+27,1.1411e+31,6.7571e+30,166
63,3,0.2000,0.3500,1.1350e+28,8.6600e+27,9.2100e+27,6.9700e+27,6.8683e+30,5.0195e+30,166
63,4,0.3500,0.5500,9.7100e+27,1.8010e+28,8.1800e+27,1.6650e+28,3.3729e+30,2.9253e+30,166
63,5,0.5500,1.0100,1.3060e+28,1.0034e+29,1.1330e+28,8.4210e+28,2.8882e+30,2.5540e+30,166
64,0,0.0000,0.0500,7.7400e+27,0.0000e+00,1.2800e+27,0.0000e+00,1.0335e+32,2.7449e+31,167
64,1,0.0500,0.1000,1.4060e+28,6.5000e+26,3.7500e+27,2.1000e+26,3.0403e+31,7.6999e+30,167
64,2,0.1000,0.2000,1.0680e+28,1.9900e+27,5.8900e+27,1.3000e+27,1.1309e+31,6.5257e+30,167
64,3,0.2000,0.3500,1.2050e+28,8.8500e+27,8.4400e+27,6.2400e+27,6.8052e+30,5.0438e+30,167
64,4,0.3500,0.5500,1.0010e+28,2.0290e+28,8.7500e+27,1.6160e+28,3.4397e+30,2.9183e+30,167
64,5,0.5500,1.0100,1.2980e+28,9.3890e+28,1.1100e+28,8.4570e+28,2.8058e+30,2.4748e+30,167
65,0,0.0000,0.0500,1.0470e+28,3.0000e+25,1.1200e+27,1.0000e+25,4.4802e+32,7.9225e+30,168
65,1,0.0500,0.1000,1.3190e+28,8.3000e+26,3.5500e+27,1.3000e+26,2.9320e+31,7.7959e+30,168
65,2,0.1000,0.2000,1.1170e+28,2.5500e+27,6.0600e+27,1.1000e+27,1.1353e+31,6.5023e+30,168
65,3,0.2000,0.3500,1.1400e+28,7.8200e+27,8.9800e+27,6.9200e+27,6.6394e+30,5.2339e+30,168
65,4,0.3500,0.5500,9.5300e+27,1.8910e+28,8.4400e+27,1.5670e+28,3.3913e+30,3.0228e+30,168
65,5,0.5500,1.0100,1.2000e+28,8.1820e+28,1.2690e+28,9.7090e+28,2.6272e+30,2.7055e+30,168
66,0,0.0000,0.0500,1.6850e+28,3.0000e+25,1.2500e+27,0.0000e+00,4.4866e+32,8.2509e+30,169
66,1,0.0500,0.1000,1.4580e+28,8.4000e+26,3.6600e+27,9.0000e+25,2.9585e+31,7.4807e+30,169
66,2,0.1000,0.2000,1.0670e+28,2.8400e+27,6.1600e+27,8.6000e+26,1.1565e+31,6.5003e+30,169
66,3,0.2000,0.3500,1.1300e+28,7.3100e+27,9.4800e+27,6.6400e+27,6.4917e+30,5.2837e+30,169
66,4,0.3500,0.5500,8.9400e+27,1.7310e+28,9.0400e+27,1.5910e+28,3.3225e+30,3.0938e+30,169
66,5,0.5500,1.0100,1.1630e+28,8.4560e+28,1.2230e+28,9.3530e+28,2.6632e+30,2.7526e+30,169
67,0,0.0000,0.0500,2.1890e+28,1.0000e+25,1.3400e+27,0.0000e+00,4.4785e+32,8.7504e+30,170
67,1,0.0500,0.1000,1.4320e+28,9.6000e+26,3.3200e+27,7.0000e+25,3.0884e+31,7.2087e+30,170
67,2,0.1000,0.2000,1.0970e+28,2.4500e+27,5.9200e+27,1.0000e+27,1.1569e+31,6.5114e+30,170
67,3,0.2000,0.3500,1.1390e+28,8.1800e+27,8.7600e+27,5.8700e+27,6.3819e+30,5.2110e+30,170
67,4,0.3500,0.5500,9.6100e+27,1.7900e+28,8.7600e+27,1.5460e+28,3.3861e+30,3.1166e+30,170
67,5,0.5500,1.0100,1.1630e+28,8.2580e+28,1.2250e+28,9.3220e+28,2.6600e+30,2.7906e+30,170
68,0,0.0000,0.0500,2.9270e+28,2.0000e+25,1.3600e+27,0.0000e+00,4.5097e+32,9.0403e+30,172
68,1,0.0500,0.1000,1.3730e+28,8.3000e+26,3.5900e+27,8.0000e+25,2.8813e+31,7.4099e+30,172
68,2,0.1000,0.2000,1.2060e+28,2.6000e+27,5.7800e+27,1.3700e+27,1.2915e+31,6.3307e+30,172
68,3,0.2000,0.3500,1.1430e+28,7.5500e+27,8.5300e+27,5.8300e+27,6.4619e+30,5.2281e+30,172
68,4,0.3500,0.5500,1.0220e+28,1.8090e+28,8.8700e+27,1.7650e+28,3.6258e+30,3.1884e+30,172
68,5,0.5500,1.0100,1.1730e+28,8.6220e+28,1.2010e+28,8.7290e+28,2.7481e+30,2.7210e+30,172
69,0,0.0000,0.0500,3.6410e+28,1.0000e+25,1.5100e+27,0.0000e+00,4.4807e+32,9.3088e+30,172
69,1,0.0500,0.1000,1.1330e+28,6.1000e+26,2.9300e+27,1.0000e+26,2.3839e+31,7.1756e+30,172
69,2,0.1000,0.2000,1.3750e+28,2.8100e+27,5.8600e+27,1.0100e+27,1.6824e+31,6.4457e+30,172
69,3,0.2000,0.3500,1.0750e+28,8.0700e+27,8.6000e+27,5.9600e+27,6.6435e+30,5.1121e+30,172
69,4,0.3500,0.5500,9.9900e+27,1.7930e+28,9.0900e+27,1.6830e+28,3.6249e+30,3.2319e+30,172
69,5,0.5500,1.0100,1.2410e+28,8.7110e+28,1.2850e+28,9.1770e+28,2.7880e+30,2.8294e+30,172
70,0,0.0000,0.0500,4.1220e+28,0.0000e+00,1.4800e+27,0.0000e+00,4.4567e+32,9.7938e+30,173
70,1,0.0500,0.1000,1.0580e+28,6.4000e+26,2.9600e+27,8.0000e+25,2.2489e+31,6.8664e+30,173
70,2,0.1000,0.2000,1.6100e+28,2.8200e+27,5.6000e+27,8.5000e+26,1.8890e+31,6.4763e+30,173
70,3,0.2000,0.3500,1.1300e+28,6.9400e+27,8.9800e+27,5.5500e+27,6.4444e+30,5.1796e+30,173
70,4,0.3500,0.5500,9.9300e+27,1.7360e+28,9.0500e+27,1.6980e+28,3.8230e+30,3.3099e+30,173
70,5,0.5500,1.0100,1.2700e+28,8.9070e+28,1.2700e+28,9.2070e+28,2.8179e+30,2.8917e+30,173
71,0,0.0000,0.0500,4.6550e+28,0.0000e+00,1.3600e+27,0.0000e+00,4.4132e+32,1.0236e+31,174
71,1,0.0500,0.1000,1.0250e+28,5.0000e+26,2.4800e+27,2.0000e+25,2.2856e+31,6.6054e+30,174
71,2,0.1000,0.2000,1.6770e+28,3.8000e+27,5.7800e+27,1.0500e+27,2.0353e+31,6.6600e+30,174
71,3,0.2000,0.3500,1.0160e+28,6.2200e+27,8.6000e+27,4.9800e+27,6.2358e+30,5.0772e+30,174
71,4,0.3500,0.5500,1.0440e+28,1.8060e+28,9.0500e+27,1.5400e+28,3.9660e+30,3.4161e+30,174
71,5,0.5500,1.0100,1.2130e+28,8.6840e+28,1.2700e+28,9.0790e+28,2.8241e+30,2.9000e+30,174
72,0,0.0000,0.0500,5.4590e+28,0.0000e+00,1.9100e+27,0.0000e+00,4.4088e+32,1.1040e+31,176
72,1,0.0500,0.1000,9.4900e+27,5.7000e+26,2.4600e+27,9.0000e+25,2.1382e+31,6.2724e+30,176
72,2,0.1000,0.2000,1.7180e+28,3.0000e+27,5.8200e+27,1.0100e+27,2.0797e+31,6.5059e+30,176
72,3,0.2000,0.3500,1.0500e+28,6.7200e+27,8.3200e+27,5.3900e+27,7.0659e+30,5.1989e+30,176
72,4,0.3500,0.5500,1.0830e+28,1.8280e+28,8.9900e+27,1.6350e+28,4.0062e+30,3.4145e+30,176
72,5,0.5500,1.0100,1.2900e+28,7.6090e+28,1.2690e+28,8.2170e+28,2.8728e+30,2.8255e+30,176
73,0,0.0000,0.0500,6.2250e+28,1.0000e+25,1.8500e+27,0.0000e+00,4.3712e+32,1.2243e+31,177
73,1,0.0500,0.1000,9.6400e+27,6.0000e+26,2.1300e+27,5.0000e+25,1.9463e+31,5.2671e+30,177
73,2,0.1000,0.2000,1.7980e+28,2.9300e+27,5.9600e+27,8.4000e+26,2.1515e+31,6.6171e+30,177
73,3,0.2000,0.3500,1.2370e+28,7.0300e+27,8.6400e+27,5.1600e+27,7.9339e+30,5.4016e+30,177
73,4,0.3500,0.5500,1.0210e+28,1.6100e+28,9.1000e+27,1.7080e+28,3.9224e+30,3.3968e+30,177
73,5,0.5500,1.0100,1.2380e+28,7.9690e+28,1.2000e+28,7.9370e+28,2.8376e+30,2.7170e+30,177
74,0,0.0000,0.0500,6.6470e+28,3.0000e+25,2.3900e+27,0.0000e+00,4.3007e+32,1.4221e+31,177
74,1,0.0500,0.1000,9.0500e+27,5.3000e+26,1.5500e+27,7.0000e+25,1.8461e+31,3.5547e+30,177
74,2,0.1000,0.2000,1.7490e+28,2.9400e+27,5.9500e+27,1.2600e+27,2.1441e+31,6.6768e+30,177
74,3,0.2000,0.3500,1.2530e+28,7.2800e+27,8.5400e+27,4.5600e+27,8.4801e+30,5.2797e+30,177
74,4,0.3500,0.5500,1.0250e+28,1.7610e+28,9.0600e+27,1.6200e+28,3.8723e+30,3.3647e+30,177
74,5,0.5500,1.0100,1.3130e+28,8.2620e+28,1.1590e+28,7.7620e+28,2.9261e+30,2.7512e+30,177
75,0,0.0000,0.0500,7.2300e+28,8.0000e+25,1.9300e+27,1.0000e+25,4.2575e+32,1.5022e+31,179
75,1,0.0500,0.1000,8.1500e+27,5.6000e+26,1.7600e+27,7.0000e+25,1.7660e+31,3.3521e+30,179
75,2,0.1000,0.2000,1.8110e+28,3.2700e+27,5.3500e+27,8.1000e+26,2.2861e+31,6.4864e+30,179
75,3,0.2000,0.3500,1.3490e+28,7.3700e+27,8.0300e+27,5.0100e+27,8.9477e+30,5.2278e+30,179
75,4,0.3500,0.5500,1.0040e+28,1.9070e+28,8.6500e+27,1.5710e+28,4.0716e+30,3.4371e+30,179
75,5,0.5500,1.0100,1.3530e+28,8.6870e+28,1.1630e+28,7.6480e+28,3.0778e+30,2.7307e+30,179
76,0,0.0000,0.0500,7.7900e+28,1.1000e+26,2.2000e+27,0.0000e+00,4.1824e+32,1.5587e+31,181
76,1,0.0500,0.1000,8.5100e+27,4.4000e+26,1.6900e+27,3.0000e+25,1.9647e+31,3.4155e+30,181
76,2,0.1000,0.2000,1.8920e+28,3.3900e+27,5.4600e+27,1.0100e+27,2.3797e+31,6.4943e+30,181
76,3,0.2000,0.3500,1.4320e+28,8.4300e+27,8.1100e+27,5.1900e+27,9.4726e+30,5.1550e+30,181
76,4,0.3500,0.5500,1.1920e+28,1.9870e+28,9.4000e+27,1.5520e+28,4.2261e+30,3.4604e+30,181
76,5,0.5500,1.0100,1.3040e+28,8.3150e+28,1.2340e+28,7.7570e+28,3.1093e+30,2.8458e+30,181
77,0,0.0000,0.0500,6.1490e+28,1.4000e+26,1.9400e+27,0.0000e+00,3.3983e+32,1.5722e+31,181
77,1,0.0500,0.1000,2.9000e+28,4.8000e+26,1.4900e+27,3.0000e+25,8.6602e+31,3.6098e+30,181
77,2,0.1000,0.2000,1.9680e+28,3.7100e+27,5.3400e+27,9.5000e+26,2.5223e+31,6.6332e+30,181
77,3,0.2000,0.3500,1.4910e+28,7.9100e+27,7.9600e+27,4.9400e+27,9.7259e+30,4.9739e+30,181
77,4,0.3500,0.5500,1.1950e+28,1.9530e+28,8.6200e+27,1.4070e+28,4.3301e+30,3.4141e+30,181
77,5,0.5500,1.0100,1.2540e+28,8.0530e+28,1.1460e+28,7.3850e+28,3.0182e+30,2.8034e+30,181
78,0,0.0000,0.0500,4.7110e+28,8.0000e+25,1.9200e+27,0.0000e+00,2.7746e+32,1.6044e+31,183
78,1,0.0500,0.1000,4.8050e+28,8.1000e+26,1.8600e+27,4.0000e+25,1.4270e+32,3.8695e+30,183
78,2,0.1000,0.2000,2.0620e+28,3.8500e+27,5.8100e+27,7.7000e+26,2.5240e+31,6.8118e+30,183
78,3,0.2000,0.3500,1.4670e+28,8.9100e+27,6.6300e+27,4.1900e+27,1.0159e+31,4.6032e+30,183
78,4,0.3500,0.5500,1.1140e+28,1.9860e+28,8.8700e+27,1.3350e+28,4.4653e+30,3.4182e+30,183
78,5,0.5500,1.0100,1.2560e+28,7.8250e+28,1.2220e+28,7.3510e+28,3.0639e+30,2.8811e+30,183
79,0,0.0000,0.0500,3.9840e+28,5.0000e+25,1.4900e+27,0.0000e+00,2.3715e+32,1.6195e+31,183
79,1,0.0500,0.1000,6.0400e+28,1.2500e+27,1.8800e+27,5.0000e+25,1.6996e+32,4.1093e+30,183
79,2,0.1000,0.2000,2.0700e+28,4.1500e+27,6.2900e+27,9.1000e+26,2.6761e+31,7.0235e+30,183
79,3,0.2000,0.3500,1.5180e+28,8.6400e+27,6.6700e+27,3.7700e+27,1.0125e+31,4.0839e+30,183
79,4,0.3500,0.5500,1.1570e+28,1.7550e+28,9.2800e+27,1.4160e+28,4.4823e+30,3.4932e+30,183
79,5,0.5500,1.0100,1.3700e+28,8.0920e+28,1.1910e+28,6.8920e+28,3.2048e+30,2.8257e+30,183
80,0,0.0000,0.0500,3.4410e+28,2.0000e+25,1.5900e+27,0.0000e+00,2.1115e+32,1.6829e+31,185
80,1,0.0500,0.1000,7.0090e+28,1.9400e+27,1.6500e+27,6.0000e+25,1.8763e+32,4.3548e+30,185
80,2,0.1000,0.2000,2.1600e+28,3.9600e+27,5.8600e+27,7.4000e+26,2.7086e+31,6.6929e+30,185
80,3,0.2000,0.3500,1.7010e+28,8.8700e+27,6.5000e+27,4.0100e+27,1.0811e+31,4.3576e+30,185
80,4,0.3500,0.5500,1.1040e+28,1.7080e+28,8.7300e+27,1.3550e+28,4.4043e+30,3.3557e+30,185
80,5,0.5500,1.0100,1.4140e+28,7.8860e+28,1.2190e+28,7.0830e+28,3.3166e+30,2.8450e+30,185
81,0,0.0000,0.0500,3.0260e+28,6.0000e+25,1.5100e+27,0.0000e+00,1.9025e+32,1.7260e+31,187
81,1,0.0500,0.1000,7.6360e+28,3.2000e+27,2.3600e+27,4.0000e+25,2.0000e+32,5.2463e+30,187
81,2,0.1000,0.2000,2.4000e+28,4.7400e+27,5.2000e+27,8.0000e+26,2.7291e+31,6.0091e+30,187
81,3,0.2000,0.3500,1.6570e+28,9.8200e+27,7.2100e+27,4.3400e+27,1.1224e+31,4.5612e+30,187
81,4,0.3500,0.5500,1.0780e+28,1.7170e+28,8.0700e+27,1.3460e+28,4.3649e+30,3.2042e+30,187
81,5,0.5500,1.0100,1.4340e+28,8.0150e+28,1.2500e+28,7.0860e+28,3.4011e+30,3.0172e+30,187
82,0,0.0000,0.0500,2.8520e+28,5.0000e+25,1.2200e+27,0.0000e+00,1.7311e+32,1.7683e+31,188
82,1,0.0500,0.1000,8.2330e+28,4.4200e+27,2.4800e+27,1.0000e+26,2.0352e+32,5.7595e+30,188
82,2,0.1000,0.2000,2.4040e+28,5.1800e+27,4.7400e+27,7.3000e+26,2.9475e+31,5.6669e+30,188
82,3,0.2000,0.3500,1.7190e+28,9.8200e+27,7.2800e+27,3.9100e+27,1.1655e+31,4.6410e+30,188
82,4,0.3500,0.5500,1.1150e+28,1.7110e+28,7.9500e+27,1.1710e+28,4.4853e+30,3.0862e+30,188
82,5,0.5500,1.0100,1.4490e+28,8.1300e+28,1.2480e+28,7.2280e+28,3.4940e+30,3.0116e+30,188
83,0,0.0000,0.0500,2.4070e+28,3.0000e+25,1.0000e+27,0.0000e+00,2.0591e+32,1.6040e+31,188
83,1,0.0500,0.1000,8.8700e+28,5.4400e+27,2.4500e+27,4.0000e+25,2.1467e+32,5.6340e+30,188
83,2,0.1000,0.2000,2.4690e+28,4.2100e+27,4.6400e+27,8.0000e+26,2.9616e+31,5.5678e+30,188
83,3,0.2000,0.3500,1.7470e+28,9.8400e+27,7.3900e+27,4.7500e+27,1.1943e+31,4.7676e+30,188
83,4,0.3500,0.5500,1.0850e+28,1.6550e+28,7.7900e+27,1.2160e+28,4.4372e+30,3.1027e+30,188
83,5,0.5500,1.0100,1.3930e+28,7.8030e+28,1.2460e+28,6.9450e+28,3.4457e+30,3.0911e+30,188
84,0,0.0000,0.0500,2.8150e+28,2.0000e+25,9.8000e+26,0.0000e+00,4.7257e+32,6.3935e+30,191
84,1,0.0500,0.1000,9.1500e+28,6.7300e+27,2.1700e+27,4.0000e+25,2.1043e+32,5.8001e+30,191
84,2,0.1000,0.2000,2.6450e+28,5.2800e+27,4.3900e+27,6.5000e+26,3.0872e+31,5.6486e+30,191
84,3,0.2000,0.3500,1.8280e+28,1.1270e+28,7.5700e+27,4.1200e+27,1.2050e+31,4.9879e+30,191
84,4,0.3500,0.5500,1.0740e+28,1.5570e+28,7.8100e+27,1.2210e+28,4.4165e+30,3.2550e+30,191
84,5,0.5500,1.0100,1.3490e+28,6.6960e+28,1.3100e+28,7.2680e+28,3.2825e+30,3.2585e+30,191
85,0,0.0000,0.0500,3.1870e+28,0.0000e+00,1.1900e+27,0.0000e+00,4.5866e+32,6.8491e+30,191
85,1,0.0500,0.1000,9.4110e+28,7.1200e+27,2.2900e+27,5.0000e+25,2.1217e+32,5.6133e+30,191
85,2,0.1000,0.2000,2.7740e+28,5.4400e+27,4.7300e+27,5.4000e+26,3.2467e+31,5.5689e+30,191
85,3,0.2000,0.3500,1.7680e+28,1.0490e+28,7.3400e+27,3.9200e+27,1.2033e+31,4.9974e+30,191
85,4,0.3500,0.5500,1.1470e+28,1.5890e+28,7.8400e+27,1.2340e+28,4.6342e+30,3.2760e+30,191
85,5,0.5500,1.0100,1.3680e+28,7.0010e+28,1.3250e+28,6.9750e+28,3.3281e+30,3.2717e+30,191
86,0,0.0000,0.0500,3.9580e+28,0.0000e+00,1.0200e+27,0.0000e+00,4.6378e+32,7.2848e+30,193
86,1,0.0500,0.1000,6.9150e+28,4.7300e+27,2.0900e+27,0.0000e+00,1.5823e+32,5.5218e+30,193
86,2,0.1000,0.2000,5.2530e+28,7.6500e+27,4.6500e+27,7.3000e+26,7.6392e+31,5.6255e+30,193
86,3,0.2000,0.3500,1.8970e+28,9.9100e+27,7.4600e+27,4.0800e+27,1.2716e+31,4.9718e+30,193
86,4,0.3500,0.5500,1.2220e+28,1.6180e+28,7.6400e+27,1.1430e+28,4.9944e+30,3.3082e+30,193
86,5,0.5500,1.0100,1.3660e+28,6.9960e+28,1.2850e+28,6.5500e+28,3.4204e+30,3.2078e+30,193
87,0,0.0000,0.0500,4.6390e+28,1.0000e+25,1.1200e+27,0.0000e+00,4.5326e+32,7.8455e+30,195
87,1,0.0500,0.1000,5.8830e+28,3.6600e+27,2.1100e+27,4.0000e+25,1.3845e+32,5.2067e+30,195
87,2,0.1000,0.2000,6.9190e+28,8.7900e+27,4.3800e+27,6.7000e+26,1.0139e+32,5.8167e+30,195
87,3,0.2000,0.3500,1.8050e+28,9.5900e+27,7.0500e+27,3.5700e+27,1.2375e+31,4.9376e+30,195
87,4,0.3500,0.5500,1.2710e+28,1.6700e+28,7.6900e+27,1.1200e+28,5.4305e+30,3.4062e+30,195
87,5,0.5500,1.0100,1.3850e+28,6.9460e+28,1.1660e+28,6.5110e+28,3.4747e+30,3.0652e+30,195
88,0,0.0000,0.0500,5.5030e+28,2.0000e+25,1.3700e+27,0.0000e+00,4.5055e+32,8.7472e+30,196
88,1,0.0500,0.1000,4.8990e+28,2.8700e+27,1.7200e+27,2.0000e+25,1.1739e+32,4.6971e+30,196
88,2,0.1000,0.2000,7.5260e+28,8.5800e+27,4.6400e+27,5.7000e+26,1.1115e+32,5.7646e+30,196
88,3,0.2000,0.3500,2.2510e+28,1.0180e+28,7.2300e+27,3.2700e+27,1.5872e+31,4.9247e+30,196
88,4,0.3500,0.5500,1.2930e+28,1.7440e+28,8.9400e+27,1.2340e+28,5.6310e+30,3.5155e+30,196
88,5,0.5500,1.0100,1.3590e+28,6.8670e+28,1.2940e+28,6.1780e+28,3.5161e+30,3.0738e+30,196
89,0,0.0000,0.0500,6.3220e+28,0.0000e+00,1.5100e+27,0.0000e+00,4.4959e+32,1.0487e+31,197
89,1,0.0500,0.1000,4.1900e+28,2.4600e+27,1.2700e+27,3.0000e+25,1.0004e+32,3.2986e+30,197
89,2,0.1000,0.2000,7.7950e+28,8.6700e+27,4.8700e+27,6.6000e+26,1.1413e+32,5.8972e+30,197
89,3,0.2000,0.3500,2.5720e+28,1.2180e+28,7.0800e+27,3.6400e+27,1.9542e+31,4.9541e+30,197
89,4,0.3500,0.5500,1.3150e+28,1.7540e+28,9.0300e+27,1.3430e+28,5.7343e+30,3.6746e+30,197
89,5,0.5500,1.0100,1.3300e+28,6.5450e+28,1.2610e+28,6.5920e+28,3.4574e+30,3.1053e+30,197
90,0,0.0000,0.0500,6.9270e+28,3.0000e+25,1.7300e+27,0.0000e+00,4.3808e+32,1.1481e+31,198
90,1,0.0500,0.1000,3.8910e+28,1.9500e+27,1.1500e+27,4.0000e+25,9.3088e+31,2.8724e+30,198
90,2,0.1000,0.2000,8.1710e+28,9.2100e+27,4.4000e+27,5.3000e+26,1.1734e+32,5.8239e+30,198
90,3,0.2000,0.3500,2.7330e+28,1.3140e+28,7.0300e+27,3.5500e+27,2.1799e+31,4.9031e+30,198
90,4,0.3500,0.5500,1.4170e+28,1.7620e+28,9.3800e+27,1.2670e+28,5.9071e+30,3.8323e+30,198
90,5,0.5500,1.0100,1.3600e+28,6.2950e+28,1.2600e+28,6.6680e+28,3.5130e+30,3.2446e+30,198
91,0,0.0000,0.0500,6.3560e+28,2.0000e+25,1.5000e+27,0.0000e+00,3.8303e+32,1.1922e+31,200
91,1,0.0500,0.1000,4.6360e+28,1.6800e+27,1.2200e+27,4.0000e+25,1.3148e+32,3.1264e+30,200
91,2,0.1000,0.2000,8.6750e+28,1.0470e+28,4.4100e+27,6.2000e+26,1.2211e+32,5.8640e+30,200
91,3,0.2000,0.3500,3.1060e+28,1.4820e+28,6.8700e+27,3.2300e+27,2.3395e+31,4.8343e+30,200
91,4,0.3500,0.5500,1.3780e+28,1.9830e+28,8.8700e+27,1.0760e+28,5.9540e+30,3.7442e+30,200
91,5,0.5500,1.0100,1.3120e+28,6.3130e+28,1.3060e+28,6.4210e+28,3.4766e+30,3.3236e+30,200
92,0,0.0000,0.0500,4.5900e+28,3.0000e+25,1.3500e+27,0.0000e+00,2.9766e+32,1.2237e+31,202
92,1,0.0500,0.1000,6.9950e+28,1.8400e+27,1.5300e+27,3.0000e+25,2.0724e+32,3.4808e+30,202
92,2,0.1000,0.2000,8.5000e+28,1.0840e+28,4.8700e+27,6.9000e+26,1.1844e+32,6.2740e+30,202
92,3,0.2000,0.3500,3.2480e+28,1.4010e+28,6.6000e+27,2.8700e+27,2.4465e+31,4.3791e+30,202
92,4,0.3500,0.5500,1.4080e+28,1.6910e+28,8.1700e+27,1.1700e+28,6.2175e+30,3.7704e+30,202
92,5,0.5500,1.0100,1.2890e+28,6.2090e+28,1.3540e+28,6.2310e+28,3.5750e+30,3.4741e+30,202
93,0,0.0000,0.0500,3.8680e+28,2.0000e+25,1.2700e+27,0.0000e+00,2.5118e+32,1.2664e+31,203
93,1,0.0500,0.1000,8.0010e+28,1.8900e+27,1.4000e+27,4.0000e+25,2.3481e+32,3.7683e+30,203
93,2,0.1000,0.2000,8.7920e+28,1.1450e+28,5.3400e+27,7.2000e+26,1.1987e+32,6.3318e+30,203
93,3,0.2000,0.3500,3.3160e+28,1.4870e+28,6.3000e+27,2.9400e+27,2.5459e+31,4.3521e+30,203
93,4,0.3500,0.5500,1.4550e+28,1.7140e+28,7.7100e+27,1.1310e+28,6.0956e+30,3.6222e+30,203
93,5,0.5500,1.0100,1.3390e+28,6.2110e+28,1.3460e+28,6.1780e+28,3.6014e+30,3.4975e+30,203
94,0,0.0000,0.0500,3.3540e+28,0.0000e+00,9.7000e+26,0.0000e+00,2.2229e+32,1.3106e+31,204
94,1,0.0500,0.1000,9.2980e+28,2.5400e+27,2.0100e+27,1.0000e+26,2.5295e+32,4.6024e+30,204
94,2,0.1000,0.2000,8.6080e+28,1.2070e+28,4.5400e+27,6.1000e+26,1.1259e+32,5.6799e+30,204
94,3,0.2000,0.3500,3.5230e+28,1.6810e+28,6.5700e+27,2.7400e+27,2.6518e+31,4.5551e+30,204
94,4,0.3500,0.5500,1.4170e+28,1.6400e+28,7.8600e+27,9.3200e+27,6.0179e+30,3.3580e+30,204
94,5,0.5500,1.0100,1.3330e+28,5.7230e+28,1.2980e+28,5.8680e+28,3.6129e+30,3.4230e+30,204
95,0,0.0000,0.0500,2.7880e+28,1.0000e+25,9.4000e+26,0.0000e+00,1.8910e+32,1.3692e+31,206
95,1,0.0500,0.1000,9.9660e+28,4.0800e+27,2.2100e+27,4.0000e+25,2.6566e+32,4.9929e+30,206
95,2,0.1000,0.2000,8.6040e+28,1.2140e+28,4.2600e+27,5.3000e+26,1.1614e+32,5.5091e+30,206
95,3,0.2000,0.3500,3.8380e+28,1.7190e+28,6.3100e+27,2.8100e+27,2.7851e+31,4.6445e+30,206
95,4,0.3500,0.5500,1.3700e+28,1.7320e+28,7.7500e+27,9.6100e+27,6.2653e+30,3.2687e+30,206
95,5,0.5500,1.0100,1.3800e+28,6.5020e+28,1.3050e+28,5.7170e+28,3.8063e+30,3.4799e+30,206
96,0,0.0000,0.0500,2.8630e+28,2.0000e+25,7.2000e+26,0.0000e+00,4.4102e+32,6.7498e+30,208
96,1,0.0500,0.1000,1.0592e+29,5.9600e+27,1.8900e+27,2.0000e+25,2.7244e+32,5.1187e+30,208
96,2,0.1000,0.2000,8.5260e+28,1.2070e+28,4.1000e+27,5.2000e+26,1.1066e+32,5.4359e+30,208
96,3,0.2000,0.3500,3.7830e+28,1.7890e+28,6.5900e+27,3.3900e+27,2.8042e+31,4.9369e+30,208
96,4,0.3500,0.5500,1.3980e+28,1.6650e+28,7.7800e+27,9.9100e+27,6.3378e+30,3.4019e+30,208
96,5,0.5500,1.0100,1.3770e+28,6.3800e+28,1.4670e+28,6.6480e+28,3.7929e+30,3.8552e+30,208
97,0,0.0000,0.0500,3.3710e+28,0.0000e+00,7.7000e+26,0.0000e+00,4.6853e+32,6.2557e+30,209
97,1,0.0500,0.1000,1.0781e+29,6.7200e+27,1.7200e+27,7.0000e+25,2.6327e+32,4.9962e+30,209
97,2,0.1000,0.2000,9.0410e+28,1.2510e+28,4.4900e+27,7.2000e+26,1.1808e+32,5.4078e+30,209
97,3,0.2000,0.3500,3.6560e+28,1.7110e+28,6.7500e+27,3.2800e+27,2.7759e+31,4.8902e+30,209
97,4,0.3500,0.5500,1.5990e+28,1.8500e+28,7.6900e+27,9.6100e+27,7.1884e+30,3.4301e+30,209
97,5,0.5500,1.0100,1.4270e+28,6.0480e+28,1.4800e+28,6.5400e+28,3.8902e+30,3.8700e+30,209
98,0,0.0000,0.0500,4.2790e+28,1.0000e+25,7.7000e+26,0.0000e+00,4.6642e+32,6.7384e+30,210
98,1,0.0500,0.1000,7.4970e+28,4.2600e+27,1.7300e+27,2.0000e+25,1.9316e+32,4.8821e+30,210
98,2,0.1000,0.2000,1.2148e+29,1.6460e+28,4.2500e+27,5.2000e+26,1.7552e+32,5.5106e+30,210
98,3,0.2000,0.3500,3.7350e+28,1.6370e+28,7.0000e+27,2.8900e+27,2.7864e+31,4.8981e+30,210
98,4,0.3500,0.5500,1.7750e+28,1.9700e+28,7.8400e+27,9.5100e+27,8.3614e+30,3.4580e+30,210
98,5,0.5500,1.0100,1.5370e+28,6.3050e+28,1.4290e+28,6.3540e+28,4.0813e+30,3.8477e+30,210
99,0,0.0000,0.0500,5.0570e+28,1.0000e+25,1.0300e+27,0.0000e+00,4.6002e+32,7.6903e+30,212
99,1,0.0500,0.1000,6.5510e+28,3.2700e+27,1.5500e+27,4.0000e+25,1.6698e+32,4.3802e+30,212
99,2,0.1000,0.2000,1.2835e+29,1.6490e+28,4.5300e+27,4.6000e+26,1.8958e+32,5.6017e+30,212
99,3,0.2000,0.3500,4.2420e+28,1.6930e+28,6.8000e+27,2.9800e+27,3.4719e+31,5.0318e+30,212
99,4,0.3500,0.5500,1.9930e+28,2.1570e+28,8.9300e+27,1.0380e+28,9.3093e+30,3.6636e+30,212
99,5,0.5500,1.0100,1.5420e+28,6.6450e+28,1.4990e+28,6.5450e+28,4.2766e+30,3.8802e+30,212
100,0,0.0000,0.0500,6.1960e+28,0.0000e+00,1.2300e+27,0.0000e+00,4.6409e+32,9.4531e+30,214
100,1,0.0500,0.1000,5.5340e+28,2.7200e+27,9.4000e+26,2.0000e+25,1.3981e+32,3.0773e+30,214
100,2,0.1000,0.2000,1.2405e+29,1.3940e+28,3.8200e+27,4.6000e+26,1.8725e+32,5.7873e+30,214
100,3,0.2000,0.3500,5.7990e+28,2.0940e+28,6.5200e+27,2.3300e+27,4.7295e+31,5.1076e+30,214
100,4,0.3500,0.5500,2.0640e+28,2.2800e+28,8.2800e+27,1.0130e+28,9.6276e+30,3.7994e+30,214
100,5,0.5500,1.0100,1.6520e+28,6.7280e+28,1.4110e+28,5.6540e+28,4.4645e+30,3.7459e+30,214
101,0,0.0000,0.0500,6.6950e+28,2.0000e+25,1.2900e+27,0.0000e+00,4.4277e+32,1.0409e+31,215
101,1,0.0500,0.1000,4.8590e+28,2.0700e+27,1.0200e+27,1.0000e+25,1.3246e+32,2.7884e+30,215
101,2,0.1000,0.2000,1.2751e+29,1.3260e+28,4.2800e+27,5.1000e+26,1.9202e+32,5.6980e+30,215
101,3,0.2000,0.3500,6.4250e+28,2.1910e+28,6.6600e+27,2.3600e+27,5.2651e+31,4.8402e+30,215
101,4,0.3500,0.5500,2.1440e+28,2.3310e+28,8.5000e+27,9.2400e+27,1.0122e+31,3.7843e+30,215
101,5,0.5500,1.0100,1.6050e+28,6.3140e+28,1.3970e+28,5.4330e+28,4.4859e+30,3.7136e+30,215
102,0,0.0000,0.0500,4.8900e+28,2.0000e+25,1.1900e+27,0.0000e+00,3.3731e+32,1.0729e+31,216
102,1,0.0500,0.1000,7.1490e+28,2.0000e+27,1.1400e+27,1.0000e+25,2.1907e+32,3.0753e+30,216
102,2,0.1000,0.2000,1.2662e+29,1.4570e+28,4.1900e+27,3.8000e+26,1.8879e+32,6.0607e+30,216
102,3,0.2000,0.3500,6.7130e+28,2.3700e+28,5.8700e+27,2.5400e+27,5.5062e+31,4.5060e+30,216
102,4,0.3500,0.5500,2.1490e+28,2.3070e+28,7.9900e+27,9.0500e+27,1.0376e+31,3.7725e+30,216
102,5,0.5500,1.0100,1.6730e+28,6.3460e+28,1.4440e+28,5.3560e+28,4.5791e+30,3.8139e+30,216
103,0,0.0000,0.0500,3.8480e+28,0.0000e+00,1.2300e+27,0.0000e+00,2.7224e+32,1.1237e+31,219
103,1,0.0500,0.1000,8.6060e+28,1.9500e+27,1.4900e+27,2.0000e+25,2.6752e+32,3.4974e+30,219
103,2,0.1000,0.2000,1.2915e+29,1.4830e+28,4.4700e+27,4.3000e+26,1.8975e+32,6.3137e+30,219
103,3,0.2000,0.3500,6.7230e+28,2.4550e+28,6.0300e+27,2.4100e+27,5.5922e+31,4.3310e+30,219
103,4,0.3500,0.5500,2.2260e+28,2.4560e+28,8.7900e+27,9.0400e+27,1.0747e+31,3.8049e+30,219
103,5,0.5500,1.0100,1.7780e+28,6.2010e+28,1.3360e+28,5.1210e+28,4.8511e+30,3.7567e+30,219
104,0,0.0000,0.0500,3.3640e+28,1.0000e+25,8.1000e+26,0.0000e+00,2.3603e+32,1.1716e+31,220
104,1,0.0500,0.1000,9.9380e+28,2.8100e+27,1.4900e+27,3.0000e+25,2.8944e+32,4.4424e+30,220
104,2,0.1000,0.2000,1.2693e+29,1.6230e+28,4.3100e+27,5.3000e+26,1.8001e+32,5.5955e+30,220
104,3,0.2000,0.3500,7.1210e+28,2.6820e+28,6.7000e+27,3.1500e+27,5.6847e+31,4.6604e+30,220
104,4,0.3500,0.5500,2.2470e+28,2.3990e+28,7.8000e+27,8.7000e+27,1.0708e+31,3.6514e+30,220
104,5,0.5500,1.0100,1.8640e+28,6.6600e+28,1.4000e+28,5.2400e+28,5.1375e+30,3.8664e+30,220
105,0,0.0000,0.0500,2.6980e+28,0.0000e+00,8.1000e+26,0.0000e+00,2.8438e+32,1.0145e+31,221
105,1,0.0500,0.1000,1.0954e+29,3.2100e+27,1.7300e+27,3.0000e+25,3.0760e+32,4.7012e+30,221
105,2,0.1000,0.2000,1.2508e+29,1.7060e+28,3.8900e+27,5.4000e+26,1.7651e+32,5.4773e+30,221
105,3,0.2000,0.3500,7.3000e+28,2.6490e+28,6.8400e+27,2.5500e+27,5.8720e+31,4.9560e+30,221
105,4,0.3500,0.5500,2.2650e+28,2.3340e+28,8.2200e+27,9.4200e+27,1.1115e+31,3.6957e+30,221
105,5,0.5500,1.0100,1.7720e+28,6.3160e+28,1.4600e+28,5.3750e+28,5.1804e+30,4.0466e+30,221
106,0,0.0000,0.0500,3.2640e+28,0.0000e+00,7.6000e+26,0.0000e+00,4.7714e+32,5.8574e+30,224
106,1,0.0500,0.1000,1.1686e+29,5.5700e+27,1.5300e+27,4.0000e+25,3.1048e+32,4.8210e+30,224
106,2,0.1000,0.2000,1.2827e+29,1.7420e+28,3.8700e+27,4.6000e+26,1.7565e+32,5.5764e+30,224
106,3,0.2000,0.3500,7.0930e+28,2.7070e+28,6.8000e+27,2.6900e+27,5.5813e+31,5.2919e+30,224
106,4,0.3500,0.5500,2.3880e+28,2.4720e+28,8.4700e+27,8.9000e+27,1.1892e+31,3.8548e+30,224
106,5,0.5500,1.0100,1.7420e+28,5.6310e+28,1.6030e+28,5.7690e+28,4.9738e+30,4.3124e+30,224
107,0,0.0000,0.0500,4.0390e+28,0.0000e+00,9.2000e+26,0.0000e+00,4.7222e+32,6.4518e+30,224
107,1,0.0500,0.1000,8.8070e+28,3.8600e+27,1.5200e+27,4.0000e+25,2.3189e+32,4.6585e+30,224
107,2,0.1000,0.2000,1.5879e+29,2.2080e+28,3.8900e+27,5.5000e+26,2.3609e+32,5.7276e+30,224
107,3,0.2000,0.3500,6.8830e+28,2.5360e+28,6.3500e+27,2.6700e+27,5.5368e+31,5.2711e+30,224
107,4,0.3500,0.5500,2.8940e+28,2.6850e+28,8.4700e+27,8.8600e+27,1.4419e+31,3.9232e+30,224
107,5,0.5500,1.0100,1.6650e+28,5.4690e+28,1.5560e+28,5.6800e+28,5.0685e+30,4.3337e+30,224
108,0,0.0000,0.0500,4.9200e+28,2.0000e+25,8.9000e+26,0.0000e+00,4.6763e+32,7.4209e+30,227
108,1,0.0500,0.1000,7.0620e+28,2.8900e+27,1.5000e+27,1.0000e+25,1.9553e+32,4.2428e+30,227
108,2,0.1000,0.2000,1.6664e+29,2.1490e+28,3.8300e+27,4.6000e+26,2.5605e+32,5.9369e+30,227
108,3,0.2000,0.3500,7.6570e+28,2.6860e+28,6.3900e+27,2.3400e+27,6.4753e+31,5.3425e+30,227
108,4,0.3500,0.5500,3.2850e+28,2.8390e+28,8.7400e+27,9.5400e+27,1.6489e+31,4.2003e+30,227
108,5,0.5500,1.0100,1.7540e+28,5.8290e+28,1.5340e+28,5.7430e+28,5.2770e+30,4.3071e+30,227
109,0,0.0000,0.0500,6.2280e+28,1.0000e+25,1.3400e+27,0.0000e+00,4.6853e+32,9.3267e+30,228
109,1,0.0500,0.1000,6.0550e+28,2.3900e+27,1.2700e+27,2.0000e+25,1.6320e+32,2.9458e+30,228
109,2,0.1000,0.2000,1.5464e+29,1.8390e+28,4.2700e+27,3.6000e+26,2.4580e+32,6.0675e+30,228
109,3,0.2000,0.3500,9.7330e+28,3.0710e+28,6.7200e+27,2.2100e+27,8.4387e+31,5.3711e+30,228
109,4,0.3500,0.5500,3.3080e+28,3.0950e+28,8.7500e+27,9.7400e+27,1.6998e+31,4.2426e+30,228
109,5,0.5500,1.0100,1.9330e+28,6.2820e+28,1.4590e+28,5.4900e+28,5.4832e+30,4.2359e+30,228
110,0,0.0000,0.0500,5.7050e+28,5.0000e+25,1.2800e+27,0.0000e+00,4.1300e+32,1.0210e+31,230
110,1,0.0500,0.1000,6.1560e+28,1.8600e+27,1.2200e+27,2.0000e+25,1.8643e+32,2.9914e+30,230
110,2,0.1000,0.2000,1.5896e+29,1.6690e+28,4.2700e+27,3.3000e+26,2.5139e+32,6.1492e+30,230
110,3,0.2000,0.3500,1.0547e+29,3.0270e+28,6.4100e+27,2.2400e+27,9.1728e+31,5.2120e+30,230
110,4,0.3500,0.5500,3.4860e+28,3.2110e+28,8.9100e+27,8.3700e+27,1.7420e+31,4.3038e+30,230
110,5,0.5500,1.0100,1.9760e+28,6.6950e+28,1.5300e+28,5.3580e+28,5.7319e+30,4.3954e+30,230
111,0,0.0000,0.0500,4.1220e+28,2.0000e+25,9.7000e+26,0.0000e+00,3.0500e+32,1.0564e+31,231
111,1,0.0500,0.1000,8.5040e+28,1.5400e+27,9.5000e+26,1.0000e+25,2.7403e+32,3.4564e+30,231
111,2,0.1000,0.2000,1.6046e+29,1.7340e+28,3.9600e+27,5.0000e+26,2.4564e+32,6.5781e+30,231
111,3,0.2000,0.3500,1.0641e+29,3.1610e+28,5.7100e+27,2.0400e+27,9.1209e+31,4.6808e+30,231
111,4,0.3500,0.5500,3.5870e+28,3.3160e+28,8.6500e+27,8.2800e+27,1.8373e+31,4.2743e+30,231
111,5,0.5500,1.0100,2.0880e+28,6.8550e+28,1.4980e+28,5.3760e+28,6.2614e+30,4.4818e+30,231
112,0,0.0000,0.0500,3.4120e+28,3.0000e+25,9.3000e+26,0.0000e+00,2.5581e+32,1.1148e+31,233
112,1,0.0500,0.1000,9.8900e+28,1.9200e+27,1.6900e+27,4.0000e+25,3.0819e+32,4.1709e+30,233
112,2,0.1000,0.2000,1.5661e+29,1.8550e+28,3.9500e+27,3.4000e+26,2.3563e+32,6.1084e+30,233
112,3,0.2000,0.3500,1.0941e+29,3.4230e+28,5.9800e+27,2.4300e+27,9.3359e+31,4.9828e+30,233
112,4,0.3500,0.5500,3.6310e+28,3.4710e+28,7.8000e+27,7.4100e+27,1.8146e+31,3.9292e+30,233
112,5,0.5500,1.0100,2.2750e+28,6.7750e+28,1.5330e+28,5.4260e+28,6.8587e+30,4.5900e+30,233
113,0,0.0000,0.0500,2.7620e+28,2.0000e+25,7.6000e+26,0.0000e+00,2.9254e+32,1.0056e+31,235
113,1,0.0500,0.1000,1.0726e+29,2.1100e+27,1.5600e+27,3.0000e+25,3.2531e+32,4.7128e+30,235
113,2,0.1000,0.2000,1.5721e+29,1.8890e+28,3.7400e+27,3.8000e+26,2.3476e+32,5.8775e+30,235
113,3,0.2000,0.3500,1.1377e+29,3.5960e+28,7.0300e+27,2.5500e+27,9.4912e+31,5.3712e+30,235
113,4,0.3500,0.5500,3.7640e+28,3.3540e+28,8.2800e+27,8.0100e+27,1.9024e+31,3.9072e+30,235
113,5,0.5500,1.0100,2.2310e+28,6.8950e+28,1.6490e+28,5.4570e+28,7.1312e+30,4.8090e+30,235
114,0,0.0000,0.0500,3.2400e+28,0.0000e+00,7.4000e+26,0.0000e+00,4.7931e+32,6.4392e+30,237
114,1,0.0500,0.1000,1.1502e+29,4.0000e+27,1.6300e+27,2.0000e+25,3.2288e+32,4.7505e+30,237
114,2,0.1000,0.2000,1.6324e+29,1.9770e+28,4.2100e+27,4.9000e+26,2.3726e+32,5.9902e+30,237
114,3,0.2000,0.3500,1.0869e+29,3.5490e+28,6.6700e+27,2.5800e+27,9.0323e+31,5.7335e+30,237
114,4,0.3500,0.5500,4.0500e+28,3.6080e+28,8.5900e+27,7.8800e+27,2.0725e+31,4.2641e+30,237
114,5,0.5500,1.0100,2.2940e+28,6.9270e+28,1.7570e+28,5.1120e+28,7.2661e+30,5.0427e+30,237
115,0,0.0000,0.0500,4.0990e+28,0.0000e+00,7.9000e+26,0.0000e+00,4.7329e+32,7.1680e+30,238
115,1,0.0500,0.1000,8.3730e+28,2.6400e+27,1.3200e+27,0.0000e+00,2.4091e+32,4.5692e+30,238
115,2,0.1000,0.2000,1.9720e+29,2.5800e+28,3.8600e+27,4.1000e+26,3.0362e+32,6.1726e+30,238
115,3,0.2000,0.3500,1.0236e+29,3.2460e+28,6.6100e+27,2.2500e+27,8.7009e+31,5.7463e+30,238
115,4,0.3500,0.5500,4.7310e+28,3.9800e+28,8.4000e+27,7.7400e+27,2.5540e+31,4.3000e+30,238
115,5,0.5500,1.0100,2.4240e+28,6.7120e+28,1.5520e+28,4.9910e+28,7.5727e+30,4.7995e+30,238
116,0,0.0000,0.0500,5.1980e+28,0.0000e+00,1.2400e+27,0.0000e+00,4.7212e+32,8.6219e+30,240
116,1,0.0500,0.1000,7.1090e+28,2.1800e+27,1.0600e+27,0.0000e+00,2.0260e+32,3.6435e+30,240
116,2,0.1000,0.2000,1.8514e+29,2.3170e+28,3.9500e+27,3.8000e+26,2.9740e+32,6.3086e+30,240
116,3,0.2000,0.3500,1.2539e+29,3.8110e+28,6.7800e+27,2.4900e+27,1.1199e+32,5.9274e+30,240
116,4,0.3500,0.5500,5.1710e+28,4.1920e+28,8.7600e+27,8.7100e+27,2.7909e+31,4.5152e+30,240
116,5,0.5500,1.0100,2.5000e+28,6.7440e+28,1.5270e+28,4.8950e+28,7.7443e+30,4.7015e+30,240
117,0,0.0000,0.0500,5.9590e+28,1.0000e+25,1.2300e+27,0.0000e+00,4.5241e+32,1.0126e+31,241
117,1,0.0500,0.1000,6.0880e+28,1.5900e+27,1.1300e+27,2.0000e+25,1.8093e+32,2.9781e+30,241
117,2,0.1000,0.2000,1.7980e+29,2.1270e+28,3.7700e+27,2.9000e+26,2.9484e+32,6.3473e+30,241
117,3,0.2000,0.3500,1.4308e+29,4.1040e+28,6.4200e+27,2.1400e+27,1.3000e+32,5.8157e+30,241
117,4,0.3500,0.5500,5.5150e+28,4.3700e+28,9.7600e+27,8.7800e+27,2.8948e+31,4.6478e+30,241
117,5,0.5500,1.0100,2.3460e+28,6.4990e+28,1.5580e+28,4.8770e+28,7.5815e+30,4.7138e+30,241
118,0,0.0000,0.0500,4.4390e+28,1.0000e+25,1.1100e+27,0.0000e+00,3.3642e+32,1.0681e+31,243
118,1,0.0500,0.1000,8.1480e+28,1.6500e+27,1.1000e+27,1.0000e+25,2.7245e+32,3.3425e+30,243
118,2,0.1000,0.2000,1.8052e+29,1.9370e+28,4.0600e+27,2.7000e+26,2.9221e+32,6.9154e+30,243
118,3,0.2000,0.3500,1.4710e+29,4.1320e+28,6.4800e+27,2.1700e+27,1.3308e+32,5.3660e+30,243
118,4,0.3500,0.5500,5.5640e+28,4.5550e+28,9.0500e+27,8.4100e+27,2.9484e+31,4.7041e+30,243
118,5,0.5500,1.0100,2.5820e+28,6.8950e+28,1.5550e+28,4.8350e+28,8.1186e+30,4.8278e+30,243
119,0,0.0000,0.0500,3.3920e+28,0.0000e+00,1.1500e+27,0.0000e+00,2.7189e+32,1.1334e+31,245
119,1,0.0500,0.1000,9.9770e+28,1.7100e+27,1.4500e+27,3.0000e+25,3.2128e+32,4.0244e+30,245
119,2,0.1000,0.2000,1.7737e+29,1.8830e+28,4.0800e+27,4.5000e+26,2.7949e+32,6.7957e+30,245
119,3,0.2000,0.3500,1.5479e+29,4.2330e+28,6.8400e+27,2.0400e+27,1.3585e+32,5.5434e+30,245
119,4,0.3500,0.5500,5.3990e+28,4.4600e+28,8.4000e+27,8.3900e+27,2.9158e+31,4.4527e+30,245
119,5,0.5500,1.0100,2.8410e+28,7.0280e+28,1.5800e+28,4.3010e+28,9.1254e+30,4.8498e+30,245
120,0,0.0000,0.0500,2.8100e+28,1.0000e+25,9.4000e+26,0.0000e+00,2.9845e+32,1.0520e+31,247
120,1,0.0500,0.1000,1.0909e+29,1.8800e+27,1.7100e+27,0.0000e+00,3.3856e+32,4.8900e+30,247
120,2,0.1000,0.2000,1.8100e+29,1.9610e+28,4.1500e+27,3.9000e+26,2.8065e+32,6.4620e+30,247
120,3,0.2000,0.3500,1.5413e+29,4.4970e+28,7.0700e+27,2.5600e+27,1.3593e+32,5.9858e+30,247
120,4,0.3500,0.5500,5.5270e+28,4.4920e+28,8.2800e+27,7.8000e+27,3.0024e+31,4.3355e+30,247
120,5,0.5500,1.0100,2.8320e+28,7.2750e+28,1.5620e+28,4.3610e+28,9.4557e+30,4.8879e+30,247
121,0,0.0000,0.0500,3.2590e+28,0.0000e+00,9.9000e+26,0.0000e+00,4.8031e+32,7.2050e+30,249
121,1,0.0500,0.1000,1.1015e+29,3.0800e+27,1.7500e+27,0.0000e+00,3.3066e+32,5.0064e+30,249
121,2,0.1000,0.2000,1.8656e+29,2.2430e+28,3.9300e+27,2.3000e+26,2.8953e+32,6.5873e+30,249
121,3,0.2000,0.3500,1.4697e+29,4.4770e+28,7.4700e+27,2.4700e+27,1.2917e+32,6.4018e+30,249
121,4,0.3500,0.5500,5.8920e+28,4.5910e+28,8.7200e+27,7.7300e+27,3.2380e+31,4.6011e+30,249
121,5,0.5500,1.0100,2.8980e+28,6.9190e+28,1.5620e+28,4.5860e+28,9.6086e+30,5.1004e+30,249
122,0,0.0000,0.0500,4.0690e+28,0.0000e+00,9.3000e+26,0.0000e+00,4.7261e+32,8.0501e+30,250
122,1,0.0500,0.1000,8.2430e+28,1.9800e+27,1.2900e+27,0.0000e+00,2.4985e+32,4.8224e+30,250
122,2,0.1000,0.2000,2.1559e+29,2.7080e+28,4.3700e+27,2.5000e+26,3.5022e+32,6.7972e+30,250
122,3,0.2000,0.3500,1.4097e+29,4.0530e+28,7.5800e+27,2.3200e+27,1.2519e+32,6.4328e+30,250
122,4,0.3500,0.5500,7.0510e+28,5.2030e+28,9.6100e+27,8.4900e+27,3.9791e+31,4.8314e+30,250
122,5,0.5500,1.0100,2.8520e+28,7.3910e+28,1.5120e+28,4.3760e+28,9.9752e+30,4.9391e+30,250
123,0,0.0000,0.0500,5.3410e+28,2.0000e+25,1.0500e+27,0.0000e+00,4.7290e+32,9.9112e+30,251
123,1,0.0500,0.1000,7.0010e+28,1.7300e+27,1.1100e+27,1.0000e+25,2.0692e+32,3.6536e+30,251
123,2,0.1000,0.2000,1.9641e+29,2.3650e+28,4.2200e+27,2.7000e+26,3.2973e+32,6.9533e+30,251
123,3,0.2000,0.3500,1.7213e+29,4.7150e+28,6.9700e+27,2.3600e+27,1.5995e+32,6.6165e+30,251
123,4,0.3500,0.5500,7.4880e+28,5.5940e+28,9.6200e+27,8.8600e+27,4.2209e+31,5.0254e+30,251
123,5,0.5500,1.0100,3.0970e+28,7.4190e+28,1.4580e+28,4.2890e+28,1.0385e+31,4.7362e+30,251
124,0,0.0000,0.0500,5.3120e+28,0.0000e+00,1.1900e+27,0.0000e+00,4.1191e+32,1.1317e+31,254
124,1,0.0500,0.1000,6.7560e+28,1.1000e+27,1.1200e+27,1.0000e+25,2.2792e+32,3.4155e+30,254
124,2,0.1000,0.2000,1.9519e+29,2.2750e+28,4.4200e+27,3.2000e+26,3.3362e+32,7.1741e+30,254
124,3,0.2000,0.3500,1.8840e+29,5.2500e+28,6.8300e+27,2.3600e+27,1.7604e+32,6.2414e+30,254
124,4,0.3500,0.5500,7.9790e+28,5.9590e+28,9.5600e+27,7.5700e+27,4.3404e+31,5.1642e+30,254
124,5,0.5500,1.0100,3.1050e+28,7.3190e+28,1.5840e+28,4.2680e+28,1.0325e+31,4.9926e+30,254
125,0,0.0000,0.0500,3.7460e+28,0.0000e+00,1.2400e+27,0.0000e+00,3.0197e+32,1.1920e+31,255
125,1,0.0500,0.1000,9.1490e+28,1.1400e+27,1.2700e+27,1.0000e+25,3.1466e+32,3.9255e+30,255
125,2,0.1000,0.2000,1.9651e+29,2.0250e+28,4.9100e+27,4.6000e+26,3.2542e+32,7.8243e+30,255
125,3,0.2000,0.3500,1.8639e+29,5.1350e+28,6.7200e+27,1.9300e+27,1.7335e+32,5.7845e+30,255
125,4,0.3500,0.5500,7.8820e+28,5.9770e+28,9.9300e+27,7.8100e+27,4.4651e+31,5.1998e+30,255
125,5,0.5500,1.0100,3.4000e+28,7.5930e+28,1.5470e+28,4.2480e+28,1.1960e+31,5.0880e+30,255
126,0,0.0000,0.0500,3.0000e+28,0.0000e+00,9.4000e+26,0.0000e+00,2.4920e+32,1.2670e+31,257
126,1,0.0500,0.1000,1.0394e+29,1.4600e+27,1.4600e+27,2.0000e+25,3.4332e+32,4.8623e+30,257
126,2,0.1000,0.2000,1.9250e+29,2.0820e+28,4.6200e+27,4.1000e+26,3.1631e+32,7.4580e+30,257
126,3,0.2000,0.3500,1.9362e+29,5.2630e+28,6.9400e+27,2.3500e+27,1.7689e+32,6.2172e+30,257
126,4,0.3500,0.5500,7.8620e+28,5.6440e+28,8.8900e+27,6.8300e+27,4.3647e+31,4.8872e+30,257
126,5,0.5500,1.0100,3.8270e+28,8.4830e+28,1.5650e+28,4.1630e+28,1.3283e+31,5.1605e+30,257
127,0,0.0000,0.0500,2.9960e+28,1.0000e+25,9.9000e+26,0.0000e+00,4.7510e+32,8.3337e+30,259
127,1,0.0500,0.1000,1.1191e+29,2.1700e+27,1.6600e+27,1.0000e+25,3.5084e+32,5.1860e+30,259
127,2,0.1000,0.2000,2.0089e+29,2.1310e+28,4.6500e+27,4.8000e+26,3.1800e+32,7.6559e+30,259
127,3,0.2000,0.3500,1.8596e+29,5.2860e+28,7.4400e+27,2.6400e+27,1.6868e+32,6.9667e+30,259
127,4,0.3500,0.5500,8.1230e+28,5.8560e+28,9.1600e+27,7.2600e+27,4.5555e+31,5.1189e+30,259
127,5,0.5500,1.0100,3.7910e+28,7.7640e+28,1.6530e+28,4.4300e+28,1.3370e+31,5.5666e+30,259
128,0,0.0000,0.0500,3.9010e+28,0.0000e+00,9.4000e+26,0.0000e+00,4.7492e+32,8.9675e+30,260
128,1,0.0500,0.1000,8.5450e+28,1.5500e+27,1.5500e+27,0.0000e+00,2.6747e+32,5.1066e+30,260
128,2,0.1000,0.2000,2.2966e+29,2.6550e+28,4.1800e+27,2.6000e+26,3.8193e+32,7.8004e+30,260
128,3,0.2000,0.3500,1.7609e+29,4.6770e+28,7.3800e+27,2.4400e+27,1.6081e+32,7.0095e+30,260
128,4,0.3500,0.5500,9.6580e+28,6.5490e+28,9.5100e+27,7.6300e+27,5.5861e+31,5.2294e+30,260
128,5,0.5500,1.0100,3.8220e+28,7.8580e+28,1.6570e+28,4.0950e+28,1.3738e+31,5.3934e+30,260
129,0,0.0000,0.0500,5.1080e+28,0.0000e+00,1.3100e+27,0.0000e+00,4.7565e+32,1.0841e+31,262
129,1,0.0500,0.1000,7.2020e+28,1.2600e+27,1.2000e+27,1.0000e+25,2.2179e+32,4.0725e+30,262
129,2,0.1000,0.2000,2.0860e+29,2.4040e+28,4.3700e+27,3.6000e+26,3.6185e+32,7.9293e+30,262
129,3,0.2000,0.3500,2.0416e+29,5.3930e+28,8.4700e+27,2.5000e+27,1.9782e+32,7.3158e+30,262
129,4,0.3500,0.5500,1.0227e+29,7.1030e+28,1.0120e+28,8.5300e+27,6.0366e+31,5.4377e+30,262
129,5,0.5500,1.0100,4.0800e+28,8.6800e+28,1.6800e+28,4.3830e+28,1.4236e+31,5.3545e+30,262
130,0,0.0000,0.0500,4.9580e+28,0.0000e+00,1.3700e+27,0.0000e+00,4.0854e+32,1.2283e+31,263
130,1,0.0500,0.1000,6.9790e+28,9.3000e+26,1.3200e+27,2.0000e+25,2.3898e+32,3.9533e+30,263
130,2,0.1000,0.2000,2.0452e+29,2.3700e+28,4.7100e+27,3.8000e+26,3.6139e+32,8.1727e+30,263
130,3,0.2000,0.3500,2.2341e+29,5.7200e+28,7.6600e+27,2.0900e+27,2.1554e+32,7.1130e+30,263
130,4,0.3500,0.5500,1.0587e+29,7.5580e+28,9.7700e+27,8.3700e+27,6.1047e+31,5.5983e+30,263
130,5,0.5500,1.0100,4.0760e+28,8.7380e+28,1.6700e+28,4.2130e+28,1.4395e+31,5.4816e+30,263
131,0,0.0000,0.0500,3.5200e+28,0.0000e+00,1.1000e+27,0.0000e+00,3.0218e+32,1.2952e+31,265
131,1,0.0500,0.1000,9.2460e+28,1.0200e+27,1.3200e+27,0.0000e+00,3.2491e+32,4.5681e+30,265
131,2,0.1000,0.2000,2.0726e+29,2.0980e+28,5.2700e+27,3.7000e+26,3.5194e+32,8.8054e+30,265
131,3,0.2000,0.3500,2.2564e+29,5.7740e+28,6.8200e+27,2.0400e+27,2.1364e+32,6.8404e+30,265
131,4,0.3500,0.5500,1.0687e+29,7.2610e+28,1.0270e+28,7.9600e+27,6.1640e+31,5.5330e+30,265
131,5,0.5500,1.0100,4.6730e+28,9.7960e+28,1.6920e+28,4.2080e+28,1.7179e+31,5.6371e+30,265
132,0,0.0000,0.0500,2.9050e+28,1.0000e+25,9.7000e+26,0.0000e+00,2.9754e+32,1.2799e+31,267
132,1,0.0500,0.1000,1.0217e+29,1.1900e+27,1.9000e+27,1.0000e+25,3.5162e+32,5.5831e+30,267
132,2,0.1000,0.2000,2.0565e+29,2.0280e+28,4.7900e+27,5.4000e+26,3.4431e+32,8.4734e+30,267
132,3,0.2000,0.3500,2.2922e+29,5.8940e+28,8.2300e+27,2.0200e+27,2.1626e+32,7.5231e+30,267
132,4,0.3500,0.5500,1.0489e+29,7.1980e+28,9.7700e+27,8.1700e+27,6.1063e+31,5.4531e+30,267
132,5,0.5500,1.0100,5.1230e+28,9.9230e+28,1.7310e+28,4.3920e+28,1.8763e+31,6.0036e+30,267
133,0,0.0000,0.0500,3.1840e+28,1.0000e+25,1.2100e+27,0.0000e+00,4.8234e+32,9.5619e+30,269
133,1,0.0500,0.1000,1.0534e+29,1.6500e+27,1.8600e+27,1.0000e+25,3.3604e+32,5.8268e+30,269
133,2,0.1000,0.2000,2.1819e+29,2.1500e+28,5.1400e+27,4.6000e+26,3.6202e+32,8.7305e+30,269
133,3,0.2000,0.3500,2.2133e+29,5.8790e+28,8.4000e+27,2.5900e+27,2.0466e+32,8.3462e+30,269
133,4,0.3500,0.5500,1.1270e+29,7.7090e+28,1.0940e+28,8.1000e+27,6.6252e+31,6.0309e+30,269
133,5,0.5500,1.0100,5.2690e+28,1.0080e+29,1.9540e+28,4.7640e+28,1.9448e+31,6.5862e+30,269
134,0,0.0000,0.0500,4.2460e+28,1.0000e+25,1.3900e+27,0.0000e+00,4.7243e+32,1.0739e+31,270
134,1,0.0500,0.1000,8.0080e+28,9.2000e+26,1.7000e+27,0.0000e+00,2.5899e+32,5.5436e+30,270
134,2,0.1000,0.2000,2.3519e+29,2.4590e+28,4.7200e+27,2.9000e+26,4.0811e+32,9.0463e+30,270
134,3,0.2000,0.3500,2.1365e+29,5.2240e+28,8.9900e+27,2.8200e+27,2.0328e+32,8.4927e+30,270
134,4,0.3500,0.5500,1.3287e+29,8.3440e+28,1.0690e+28,8.0700e+27,8.0179e+31,6.3199e+30,270
134,5,0.5500,1.0100,5.6430e+28,1.0872e+29,1.9060e+28,4.6180e+28,2.0483e+31,6.4951e+30,270
135,0,0.0000,0.0500,5.1900e+28,0.0000e+00,1.7000e+27,0.0000e+00,4.6458e+32,1.2971e+31,272
135,1,0.0500,0.1000,6.7980e+28,9.7000e+26,1.3000e+27,0.0000e+00,2.2115e+32,4.4523e+30,272
135,2,0.1000,0.2000,2.1139e+29,2.0830e+28,4.9700e+27,3.8000e+26,3.8044e+32,9.3167e+30,272
135,3,0.2000,0.3500,2.4545e+29,6.2770e+28,8.9600e+27,2.6400e+27,2.4737e+32,8.6168e+30,272
135,4,0.3500,0.5500,1.3955e+29,9.1550e+28,1.1640e+28,8.6100e+27,8.3173e+31,6.5552e+30,272
135,5,0.5500,1.0100,5.8410e+28,1.1555e+29,1.8270e+28,4.4680e+28,2.1324e+31,6.3145e+30,272
136,0,0.0000,0.0500,3.9260e+28,1.0000e+25,1.6900e+27,0.0000e+00,3.4771e+32,1.3946e+31,273
136,1,0.0500,0.1000,8.0800e+28,7.7000e+26,1.5600e+27,2.0000e+25,2.9833e+32,4.8342e+30,273
136,2,0.1000,0.2000,2.1151e+29,2.2750e+28,5.7400e+27,4.0000e+26,3.7952e+32,9.9802e+30,273
136,3,0.2000,0.3500,2.5400e+29,6.3450e+28,7.8000e+27,2.2700e+27,2.5102e+32,8.1876e+30,273
136,4,0.3500,0.5500,1.4053e+29,8.9940e+28,1.1790e+28,8.1100e+27,8.3700e+31,6.6008e+30,273
136,5,0.5500,1.0100,6.2550e+28,1.2396e+29,1.9140e+28,4.8970e+28,2.3285e+31,6.6084e+30,273
137,0,0.0000,0.0500,3.0640e+28,0.0000e+00,1.2400e+27,1.0000e+25,2.7650e+32,1.4842e+31,275
137,1,0.0500,0.1000,9.7000e+28,6.7000e+26,1.7300e+27,2.0000e+25,3.4617e+32,5.7602e+30,275
137,2,0.1000,0.2000,2.1075e+29,2.0840e+28,5.8600e+27,4.7000e+26,3.6649e+32,1.0042e+31,275
137,3,0.2000,0.3500,2.6116e+29,6.9330e+28,8.8200e+27,2.8100e+27,2.5357e+32,8.6445e+30,275
137,4,0.3500,0.5500,1.3566e+29,8.7730e+28,1.0490e+28,7.4000e+27,8.1178e+31,6.2435e+30,275
137,5,0.5500,1.0100,7.2480e+28,1.3512e+29,1.9480e+28,4.8890e+28,2.7252e+31,6.8510e+30,275
138,0,0.0000,0.0500,2.9260e+28,0.0000e+00,1.2900e+27,0.0000e+00,4.3697e+32,1.1691e+31,276
138,1,0.0500,0.1000,1.0668e+29,1.2400e+27,1.8900e+27,1.0000e+25,3.5819e+32,6.4512e+30,276
138,2,0.1000,0.2000,2.1607e+29,2.0970e+28,5.6400e+27,4.1000e+26,3.6788e+32,1.0165e+31,276
138,3,0.2000,0.3500,2.5641e+29,6.6430e+28,1.0030e+28,3.0900e+27,2.4366e+32,9.6750e+30,276
138,4,0.3500,0.5500,1.3876e+29,8.7880e+28,1.1040e+28,7.4600e+27,8.2603e+31,6.7227e+30,276
138,5,0.5500,1.0100,7.3410e+28,1.3152e+29,2.2550e+28,5.1130e+28,2.8216e+31,7.7464e+30,276
139,0,0.0000,0.0500,3.9570e+28,0.0000e+00,1.3400e+27,0.0000e+00,4.7337e+32,1.1957e+31,278
139,1,0.0500,0.1000,8.3390e+28,1.0900e+27,1.8100e+27,3.0000e+25,2.7860e+32,6.3866e+30,278
139,2,0.1000,0.2000,2.4195e+29,2.3320e+28,5.8900e+27,2.8000e+26,4.2713e+32,1.0522e+31,278
139,3,0.2000,0.3500,2.3325e+29,5.8940e+28,9.5200e+27,2.5700e+27,2.3036e+32,1.0045e+31,278
139,4,0.3500,0.5500,1.6533e+29,1.0178e+29,1.2470e+28,9.2200e+27,1.0024e+32,7.1448e+30,278
139,5,0.5500,1.0100,7.8090e+28,1.4341e+29,2.2300e+28,4.9310e+28,2.9711e+31,7.7736e+30,278
140,0,0.0000,0.0500,4.7960e+28,0.0000e+00,1.6600e+27,0.0000e+00,4.6842e+32,1.4278e+31,280
140,1,0.0500,0.1000,7.0720e+28,8.0000e+26,1.6800e+27,1.0000e+25,2.3339e+32,5.1795e+30,280
140,2,0.1000,0.2000,2.1683e+29,2.0700e+28,5.8500e+27,3.8000e+26,3.9871e+32,1.0894e+31,280
140,3,0.2000,0.3500,2.7511e+29,6.4640e+28,1.0000e+28,2.3000e+27,2.7596e+32,1.0104e+31,280
140,4,0.3500,0.5500,1.7522e+29,1.0841e+29,1.2730e+28,9.4500e+27,1.0677e+32,7.6535e+30,280
140,5,0.5500,1.0100,8.0830e+28,1.5116e+29,2.2930e+28,5.3930e+28,3.0794e+31,7.7709e+30,280
141,0,0.0000,0.0500,4.1580e+28,0.0000e+00,1.2200e+27,0.0000e+00,3.7085e+32,1.5648e+31,281
141,1,0.0500,0.1000,7.6070e+28,6.6000e+26,1.6800e+27,2.0000e+25,2.8262e+32,5.3183e+30,281
141,2,0.1000,0.2000,2.1759e+29,2.2350e+28,6.3900e+27,4.0000e+26,3.9992e+32,1.1556e+31,281
141,3,0.2000,0.3500,2.8297e+29,7.0540e+28,9.2700e+27,2.1600e+27,2.8581e+32,9.4571e+30,281
141,4,0.3500,0.5500,1.7603e+29,1.1159e+29,1.2780e+28,8.9800e+27,1.0790e+32,7.8721e+30,281
141,5,0.5500,1.0100,8.5960e+28,1.5471e+29,2.3570e+28,5.3170e+28,3.2492e+31,8.1817e+30,281
142,0,0.0000,0.0500,3.1260e+28,0.0000e+00,1.2600e+27,0.0000e+00,2.8819e+32,1.6584e+31,283
142,1,0.0500,0.1000,9.3500e+28,8.9000e+26,1.8200e+27,0.0000e+00,3.4227e+32,6.2388e+30,283
142,2,0.1000,0.2000,2.1486e+29,2.0980e+28,5.9400e+27,5.0000e+26,3.8480e+32,1.1833e+31,283
142,3,0.2000,0.3500,2.8917e+29,7.2920e+28,1.0330e+28,2.5700e+27,2.8842e+32,9.8699e+30,283
142,4,0.3500,0.5500,1.7233e+29,1.0489e+29,1.2260e+28,8.7800e+27,1.0483e+32,7.6322e+30,283
142,5,0.5500,1.0100,1.0125e+29,1.8018e+29,2.3130e+28,4.9440e+28,3.8484e+31,8.3428e+30,283
143,0,0.0000,0.0500,2.8760e+28,1.0000e+25,1.3600e+27,0.0000e+00,4.2205e+32,1.3715e+31,284
143,1,0.0500,0.1000,1.0331e+29,1.0100e+27,2.1100e+27,0.0000e+00,3.5739e+32,7.0561e+30,284
143,2,0.1000,0.2000,2.1956e+29,2.0470e+28,6.7400e+27,2.8000e+26,3.8544e+32,1.1961e+31,284
143,3,0.2000,0.3500,2.8344e+29,7.1140e+28,1.0730e+28,2.8500e+27,2.7807e+32,1.1194e+31,284
143,4,0.3500,0.5500,1.7504e+29,1.1202e+29,1.3490e+28,9.2000e+27,1.0695e+32,8.3425e+30,284
143,5,0.5500,1.0100,1.0582e+29,1.8171e+29,2.5810e+28,6.1800e+28,4.0851e+31,9.3050e+30,284
144,0,0.0000,0.0500,3.7660e+28,0.0000e+00,1.4900e+27,0.0000e+00,4.6930e+32,1.3881e+31,285
144,1,0.0500,0.1000,8.1420e+28,9.3000e+26,1.8400e+27,1.0000e+25,2.7955e+32,6.9414e+30,285
144,2,0.1000,0.2000,2.4143e+29,2.2260e+28,6.6900e+27,3.1000e+26,4.3763e+32,1.2316e+31,285
144,3,0.2000,0.3500,2.6474e+29,6.0650e+28,1.1580e+28,2.7800e+27,2.6107e+32,1.1672e+31,285
144,4,0.3500,0.5500,2.0349e+29,1.2195e+29,1.4450e+28,1.0460e+28,1.2771e+32,8.9934e+30,285
144,5,0.5500,1.0100,1.1224e+29,1.9957e+29,2.7550e+28,6.3770e+28,4.3436e+31,9.7730e+30,285
145,0,0.0000,0.0500,4.8610e+28,0.0000e+00,1.7000e+27,0.0000e+00,4.6226e+32,1.6384e+31,287
145,1,0.0500,0.1000,6.7380e+28,6.4000e+26,1.8100e+27,0.0000e+00,2.3392e+32,5.9167e+30,287
145,2,0.1000,0.2000,2.1748e+29,1.9040e+28,6.2300e+27,4.4000e+26,4.0719e+32,1.2568e+31,287
145,3,0.2000,0.3500,2.9817e+29,7.0890e+28,1.1800e+28,2.9200e+27,3.0868e+32,1.2027e+31,287
145,4,0.3500,0.5500,2.1694e+29,1.3003e+29,1.6240e+28,1.1450e+28,1.3526e+32,9.6805e+30,287
145,5,0.5500,1.0100,1.1724e+29,2.0950e+29,2.8900e+28,6.4080e+28,4.5213e+31,1.0194e+31,287
146,0,0.0000,0.0500,3.7700e+28,1.0000e+25,1.6100e+27,0.0000e+00,3.5695e+32,1.7800e+31,288
146,1,0.0500,0.1000,7.7320e+28,4.9000e+26,1.8700e+27,1.0000e+25,2.9247e+32,6.2909e+30,288
146,2,0.1000,0.2000,2.1559e+29,2.0270e+28,7.3700e+27,4.6000e+26,4.0633e+32,1.3457e+31,288
146,3,0.2000,0.3500,3.0865e+29,7.1170e+28,1.1650e+28,2.8500e+27,3.1614e+32,1.1360e+31,288
146,4,0.3500,0.5500,2.2017e+29,1.3200e+29,1.6290e+28,1.1410e+28,1.3619e+32,1.0128e+31,288
146,5,0.5500,1.0100,1.2619e+29,2.2061e+29,2.9500e+28,6.2080e+28,4.8508e+31,1.0790e+31,288
147,0,0.0000,0.0500,2.9550e+28,0.0000e+00,1.4800e+27,0.0000e+00,2.8087e+32,1.8919e+31,290
147,1,0.0500,0.1000,9.2670e+28,5.6000e+26,2.1200e+27,0.0000e+00,3.4418e+32,7.2801e+30,290
147,2,0.1000,0.2000,2.1425e+29,2.0570e+28,7.4100e+27,5.7000e+26,3.9147e+32,1.3791e+31,290
147,3,0.2000,0.3500,3.1187e+29,7.7520e+28,1.0910e+28,3.0400e+27,3.1770e+32,1.1929e+31,290
147,4,0.3500,0.5500,2.1218e+29,1.2906e+29,1.5400e+28,1.0090e+28,1.3181e+32,9.8042e+30,290
147,5,0.5500,1.0100,1.4098e+29,2.3634e+29,3.2010e+28,6.5080e+28,5.6130e+31,1.1298e+31,290
148,0,0.0000,0.0500,2.9060e+28,0.0000e+00,1.6600e+27,0.0000e+00,4.6488e+32,1.4891e+31,291
148,1,0.0500,0.1000,9.5200e+28,7.7000e+26,2.5400e+27,0.0000e+00,3.3932e+32,8.2089e+30,291
148,2,0.1000,0.2000,2.2387e+29,1.9620e+28,7.1300e+27,5.3000e+26,4.0320e+32,1.3863e+31,291
148,3,0.2000,0.3500,2.9992e+29,7.3710e+28,1.3660e+28,2.6100e+27,3.0127e+32,1.3605e+31,291
148,4,0.3500,0.5500,2.1934e+29,1.2909e+29,1.7920e+28,1.2270e+28,1.3647e+32,1.1144e+31,291
148,5,0.5500,1.0100,1.4749e+29,2.4713e+29,3.6880e+28,7.6930e+28,5.8631e+31,1.3359e+31,291
149,0,0.0000,0.0500,3.9040e+28,1.0000e+25,1.9200e+27,0.0000e+00,4.6566e+32,1.6382e+31,292
149,1,0.0500,0.1000,7.3300e+28,7.2000e+26,1.9800e+27,0.0000e+00,2.6389e+32,7.7437e+30,292
149,2,0.1000,0.2000,2.3637e+29,2.0630e+28,7.4500e+27,4.5000e+26,4.4235e+32,1.4264e+31,292
149,3,0.2000,0.3500,2.8269e+29,6.7640e+28,1.3430e+28,3.3100e+27,2.9025e+32,1.4358e+31,292
149,4,0.3500,0.5500,2.5347e+29,1.4942e+29,1.9530e+28,1.3270e+28,1.6127e+32,1.1930e+31,292
149,5,0.5500,1.0100,1.5365e+29,2.6042e+29,3.9090e+28,8.3370e+28,6.1565e+31,1.3812e+31,292
150,0,0.0000,0.0500,4.5140e+28,0.0000e+00,2.0300e+27,0.0000e+00,4.4033e+32,1.9132e+31,294
150,1,0.0500,0.1000,6.5080e+28,3.9000e+26,1.8500e+27,1.0000e+25,2.3707e+32,6.8456e+30,294
150,2,0.1000,0.2000,2.1350e+29,1.7380e+28,6.9100e+27,4.3000e+26,4.1132e+32,1.4670e+31,294
150,3,0.2000,0.3500,3.2341e+29,7.4770e+28,1.3430e+28,3.0000e+27,3.3899e+32,1.4464e+31,294
150,4,0.3500,0.5500,2.6328e+29,1.5702e+29,2.0620e+28,1.3690e+28,1.6631e+32,1.2655e+31,294
150,5,0.5500,1.0100,1.5932e+29,2.7118e+29,3.9350e+28,8.1210e+28,6.3046e+31,1.4275e+31,294
151,0,0.0000,0.0500,3.3920e+28,0.0000e+00,1.7200e+27,0.0000e+00,3.2567e+32,2.0262e+31,294
151,1,0.0500,0.1000,8.2380e+28,3.5000e+26,2.2000e+27,1.0000e+25,3.1520e+32,7.5402e+30,294
151,2,0.1000,0.2000,2.1287e+29,2.0210e+28,7.6800e+27,4.8000e+26,4.0316e+32,1.5783e+31,294
151,3,0.2000,0.3500,3.2162e+29,7.8410e+28,1.3760e+28,3.7100e+27,3.3570e+32,1.3828e+31,294
151,4,0.3500,0.5500,2.6144e+29,1.5488e+29,1.9540e+28,1.4810e+28,1.6418e+32,1.2705e+31,294
151,5,0.5500,1.0100,1.7855e+29,2.9803e+29,4.1720e+28,8.6150e+28,7.0750e+31,1.5048e+31,294
152,0,0.0000,0.0500,2.7600e+28,0.0000e+00,1.7800e+27,0.0000e+00,3.4081e+32,1.9565e+31,296
152,1,0.0500,0.1000,9.1270e+28,5.6000e+26,2.3800e+27,1.0000e+25,3.3978e+32,8.8704e+30,296
152,2,0.1000,0.2000,2.1565e+29,1.9550e+28,8.7700e+27,4.8000e+26,3.9874e+32,1.5896e+31,296
152,3,0.2000,0.3500,3.2950e+29,8.1110e+28,1.4500e+28,3.6000e+27,3.3753e+32,1.5399e+31,296
152,4,0.3500,0.5500,2.5335e+29,1.4907e+29,2.0960e+28,1.2700e+28,1.5937e+32,1.2912e+31,296
152,5,0.5500,1.0100,1.9446e+29,3.1688e+29,4.4740e+28,9.0250e+28,7.8294e+31,1.6383e+31,296
153,0,0.0000,0.0500,3.2510e+28,0.0000e+00,1.6700e+27,0.0000e+00,4.6558e+32,1.7387e+31,298
153,1,0.0500,0.1000,8.2950e+28,7.1000e+26,2.4200e+27,0.0000e+00,3.0469e+32,9.3922e+30,298
153,2,0.1000,0.2000,2.3499e+29,1.9640e+28,8.5100e+27,5.1000e+26,4.3258e+32,1.6352e+31,298
153,3,0.2000,0.3500,3.0624e+29,7.2750e+28,1.6440e+28,4.5900e+27,3.1138e+32,1.7309e+31,298
153,4,0.3500,0.5500,2.7617e+29,1.5973e+29,2.3590e+28,1.5370e+28,1.7704e+32,1.4621e+31,298
153,5,0.5500,1.0100,2.0299e+29,3.2885e+29,4.7940e+28,9.5130e+28,8.1401e+31,1.8130e+31,298
154,0,0.0000,0.0500,4.2620e+28,0.0000e+00,2.1100e+27,0.0000e+00,4.5700e+32,1.9997e+31,298
154,1,0.0500,0.1000,6.7580e+28,5.0000e+26,2.2100e+27,1.0000e+25,2.4191e+32,8.2589e+30,298
154,2,0.1000,0.2000,2.1768e+29,1.8740e+28,8.4500e+27,4.5000e+26,4.2038e+32,1.6808e+31,298
154,3,0.2000,0.3500,3.1525e+29,6.9020e+28,1.6730e+28,3.8300e+27,3.3594e+32,1.7941e+31,298
154,4,0.3500,0.5500,3.0446e+29,1.7530e+29,2.4790e+28,1.6340e+28,1.9563e+32,1.5547e+31,298
154,5,0.5500,1.0100,2.1624e+29,3.4922e+29,4.9150e+28,9.5690e+28,8.4833e+31,1.8092e+31,298
155,0,0.0000,0.0500,3.9470e+28,0.0000e+00,2.3300e+27,0.0000e+00,3.7732e+32,2.2418e+31,299
155,1,0.0500,0.1000,6.9610e+28,4.6000e+26,2.3200e+27,1.0000e+25,2.6831e+32,8.0803e+30,299
155,2,0.1000,0.2000,2.0961e+29,1.8150e+28,9.3500e+27,5.9000e+26,4.1265e+32,1.7807e+31,299
155,3,0.2000,0.3500,3.3655e+29,7.8840e+28,1.6440e+28,4.1200e+27,3.5803e+32,1.7211e+31,299
155,4,0.3500,0.5500,3.0996e+29,1.7913e+29,2.5810e+28,1.6710e+28,1.9680e+32,1.6164e+31,299
155,5,0.5500,1.0100,2.2395e+29,3.6678e+29,5.0590e+28,1.0221e+29,8.8571e+31,1.8992e+31,299
156,0,0.0000,0.0500,3.0540e+28,0.0000e+00,1.8600e+27,0.0000e+00,2.9395e+32,2.3722e+31,301
156,1,0.0500,0.1000,8.4420e+28,5.0000e+26,2.4100e+27,2.0000e+25,3.2641e+32,9.1751e+30,301
156,2,0.1000,0.2000,2.0952e+29,1.9660e+28,9.6500e+27,5.3000e+26,3.9864e+32,1.8763e+31,301
156,3,0.2000,0.3500,3.4362e+29,8.2690e+28,1.6660e+28,3.8600e+27,3.5911e+32,1.7885e+31,301
156,4,0.3500,0.5500,2.9385e+29,1.7115e+29,2.4930e+28,1.6120e+28,1.8911e+32,1.5995e+31,301
156,5,0.5500,1.0100,2.4881e+29,3.9490e+29,5.3730e+28,1.0316e+29,1.0145e+32,2.0115e+31,301
157,0,0.0000,0.0500,2.9220e+28,0.0000e+00,2.0400e+27,0.0000e+00,4.4033e+32,1.9538e+31,302
157,1,0.0500,0.1000,8.6430e+28,5.8000e+26,2.8100e+27,3.0000e+25,3.2489e+32,1.0555e+31,302
157,2,0.1000,0.2000,2.1937e+29,1.7960e+28,9.8800e+27,5.0000e+26,4.0913e+32,1.8932e+31,302
157,3,0.2000,0.3500,3.3268e+29,8.0450e+28,1.9440e+28,4.4200e+27,3.4294e+32,2.0662e+31,302
157,4,0.3500,0.5500,2.9657e+29,1.7094e+29,2.7970e+28,1.8670e+28,1.9106e+32,1.8207e+31,302
157,5,0.5500,1.0100,2.5813e+29,4.1120e+29,6.3520e+28,1.2768e+29,1.0460e+32,2.3792e+31,302
158,0,0.0000,0.0500,3.8240e+28,0.0000e+00,2.1000e+27,0.0000e+00,4.5302e+32,2.0984e+31,302
158,1,0.0500,0.1000,7.1630e+28,4.6000e+26,2.7200e+27,2.0000e+25,2.5557e+32,1.0120e+31,302
158,2,0.1000,0.2000,2.2715e+29,1.8220e+28,9.1400e+27,4.6000e+26,4.3731e+32,1.9377e+31,302
158,3,0.2000,0.3500,3.0975e+29,6.7710e+28,1.9880e+28,5.0700e+27,3.2687e+32,2.1580e+31,302
158,4,0.3500,0.5500,3.3751e+29,1.8614e+29,3.0740e+28,1.8680e+28,2.1897e+32,1.9491e+31,302
158,5,0.5500,1.0100,2.6469e+29,4.1960e+29,6.5620e+28,1.2724e+29,1.0819e+32,2.4297e+31,302
159,0,0.0000,0.0500,4.2120e+28,0.0000e+00,2.2600e+27,0.0000e+00,4.1936e+32,2.4400e+31,304
159,1,0.0500,0.1000,6.3060e+28,3.5000e+26,2.3000e+27,2.0000e+25,2.3858e+32,9.0814e+30,304
159,2,0.1000,0.2000,2.0298e+29,1.6000e+28,9.8700e+27,5.2000e+26,4.0658e+32,1.9899e+31,304
159,3,0.2000,0.3500,3.5027e+29,7.7190e+28,1.9770e+28,3.9800e+27,3.7415e+32,2.1614e+31,304
159,4,0.3500,0.5500,3.4482e+29,1.9744e+29,3.2370e+28,2.0100e+28,2.2344e+32,2.0554e+31,304
159,5,0.5500,1.0100,2.6919e+29,4.3643e+29,6.7490e+28,1.3201e+29,1.0879e+32,2.5262e+31,304
160,0,0.0000,0.0500,3.1930e+28,0.0000e+00,1.9400e+27,0.0000e+00,3.1437e+32,2.5805e+31,304
160,1,0.0500,0.1000,7.8420e+28,4.2000e+26,2.6300e+27,1.0000e+25,3.1045e+32,9.9238e+30,304
160,2,0.1000,0.2000,2.0716e+29,1.8800e+28,1.0610e+28,6.8000e+26,3.9772e+32,2.1652e+31,304
160,3,0.2000,0.3500,3.4761e+29,7.9970e+28,2.1000e+28,4.6200e+27,3.6842e+32,2.1053e+31,304
160,4,0.3500,0.5500,3.3535e+29,1.8733e+29,3.1850e+28,1.9860e+28,2.1570e+32,2.0635e+31,304
160,5,0.5500,1.0100,2.9971e+29,4.7670e+29,7.0950e+28,1.3059e+29,1.2112e+32,2.6435e+31,304
161,0,0.0000,0.0500,2.7550e+28,0.0000e+00,2.2800e+27,0.0000e+00,3.7464e+32,2.3728e+31,305
161,1,0.0500,0.1000,8.4510e+28,3.3000e+26,2.9200e+27,1.0000e+25,3.2327e+32,1.1369e+31,305
161,2,0.1000,0.2000,2.1023e+29,1.8270e+28,1.1730e+28,5.2000e+26,4.0044e+32,2.2062e+31,305
161,3,0.2000,0.3500,3.4695e+29,8.2270e+28,2.3140e+28,4.7900e+27,3.6178e+32,2.3723e+31,305
161,4,0.3500,0.5500,3.2350e+29,1.8332e+29,3.4930e+28,2.0950e+28,2.0925e+32,2.2051e+31,305
161,5,0.5500,1.0100,3.1594e+29,5.0144e+29,7.9220e+28,1.4783e+29,1.2973e+32,2.9822e+31,305
162,0,0.0000,0.0500,3.3950e+28,0.0000e+00,2.0400e+27,0.0000e+00,4.5239e+32,2.2866e+31,307
162,1,0.0500,0.1000,7.2810e+28,4.0000e+26,3.0500e+27,1.0000e+25,2.6989e+32,1.1828e+31,307
162,2,0.1000,0.2000,2.2693e+29,1.8670e+28,1.1220e+28,6.2000e+26,4.3496e+32,2.2752e+31,307
162,3,0.2000,0.3500,3.1583e+29,7.1390e+28,2.3740e+28,5.6200e+27,3.3407e+32,2.5794e+31,307
162,4,0.3500,0.5500,3.6009e+29,1.9826e+29,3.8700e+28,2.3410e+28,2.3579e+32,2.4714e+31,307
162,5,0.5500,1.0100,3.2920e+29,5.1498e+29,8.7100e+28,1.6618e+29,1.3397e+32,3.2404e+31,307
163,0,0.0000,0.0500,4.2180e+28,1.0000e+25,2.6400e+27,0.0000e+00,4.3454e+32,2.6443e+31,307
163,1,0.0500,0.1000,6.0230e+28,3.4000e+26,2.7400e+27,2.0000e+25,2.2804e+32,1.0345e+31,307
163,2,0.1000,0.2000,2.0127e+29,1.5220e+28,1.0890e+28,7.0000e+26,4.0313e+32,2.3522e+31,307
163,3,0.2000,0.3500,3.4589e+29,7.5930e+28,2.4430e+28,5.4100e+27,3.7552e+32,2.6169e+31,307
163,4,0.3500,0.5500,3.7543e+29,2.0965e+29,4.0540e+28,2.5040e+28,2.4563e+32,2.6081e+31,307
163,5,0.5500,1.0100,3.3240e+29,5.3341e+29,8.6490e+28,1.6479e+29,1.3511e+32,3.2694e+31,307
164,0,0.0000,0.0500,3.2610e+28,0.0000e+00,3.0400e+27,0.0000e+00,3.3284e+32,2.8480e+31,307
164,1,0.0500,0.1000,7.2970e+28,4.4000e+26,2.9800e+27,1.0000e+25,2.8922e+32,1.1139e+31,307
164,2,0.1000,0.2000,1.9788e+29,1.7630e+28,1.2560e+28,7.0000e+26,3.9697e+32,2.5399e+31,307
164,3,0.2000,0.3500,3.5211e+29,7.9610e+28,2.3000e+28,4.7200e+27,3.7717e+32,2.4992e+31,307
164,4,0.3500,0.5500,3.6753e+29,2.0569e+29,3.9640e+28,2.3960e+28,2.3969e+32,2.6406e+31,307
164,5,0.5500,1.0100,3.5403e+29,5.5568e+29,8.8360e+28,1.6654e+29,1.4324e+32,3.3953e+31,307
165,0,0.0000,0.0500,2.6720e+28,0.0000e+00,2.3000e+27,0.0000e+00,3.3717e+32,2.7999e+31,309
165,1,0.0500,0.1000,8.1550e+28,3.9000e+26,3.5000e+27,1.0000e+25,3.1586e+32,1.3102e+31,309
165,2,0.1000,0.2000,2.0570e+29,1.8850e+28,1.3290e+28,6.9000e+26,3.9271e+32,2.5861e+31,309
165,3,0.2000,0.3500,3.5386e+29,8.2690e+28,2.5290e+28,5.7500e+27,3.7538e+32,2.7271e+31,309
165,4,0.3500,0.5500,3.4983e+29,1.9377e+29,4.2080e+28,2.2950e+28,2.2876e+32,2.6687e+31,309
165,5,0.5500,1.0100,3.7811e+29,5.8040e+29,9.5470e+28,1.7658e+29,1.5514e+32,3.6761e+31,309
166,0,0.0000,0.0500,3.0860e+28,1.0000e+25,2.6900e+27,0.0000e+00,4.4686e+32,2.5149e+31,309
166,1,0.0500,0.1000,7.4580e+28,4.3000e+26,3.6800e+27,1.0000e+25,2.8018e+32,1.3915e+31,309
166,2,0.1000,0.2000,2.1745e+29,1.7400e+28,1.3000e+28,6.8000e+26,4.2327e+32,2.6132e+31,309
166,3,0.2000,0.3500,3.2389e+29,7.4400e+28,2.7900e+28,6.6000e+27,3.4203e+32,3.0495e+31,309
166,4,0.3500,0.5500,3.7274e+29,2.0152e+29,4.6260e+28,2.7120e+28,2.4443e+32,2.9695e+31,309
166,5,0.5500,1.0100,3.7769e+29,5.8091e+29,1.0757e+29,2.0387e+29,1.5576e+32,4.0625e+31,309
167,0,0.0000,0.0500,4.0230e+28,0.0000e+00,2.8300e+27,0.0000e+00,4.3638e+32,2.9209e+31,310
167,1,0.0500,0.1000,6.2460e+28,3.1000e+26,3.1100e+27,0.0000e+00,2.3134e+32,1.2370e+31,310
167,2,0.1000,0.2000,2.0036e+29,1.5560e+28,1.3200e+28,7.8000e+26,4.0021e+32,2.6784e+31,310
167,3,0.2000,0.3500,3.3713e+29,7.4070e+28,2.8610e+28,6.1900e+27,3.7050e+32,3.1489e+31,310
167,4,0.3500,0.5500,3.9603e+29,2.1700e+29,4.8030e+28,2.8080e+28,2.6196e+32,3.0924e+31,310
167,5,0.5500,1.0100,3.8777e+29,5.9728e+29,1.0737e+29,2.0165e+29,1.5783e+32,4.0805e+31,310
168,0,0.0000,0.0500,3.3930e+28,0.0000e+00,2.8000e+27,0.0000e+00,3.4951e+32,3.2055e+31,310
168,1,0.0500,0.1000,6.7590e+28,2.8000e+26,3.1500e+27,1.0000e+25,2.6859e+32,1.2738e+31,310
168,2,0.1000,0.2000,1.9831e+29,1.5840e+28,1.4870e+28,7.7000e+26,3.9711e+32,2.8794e+31,310
168,3,0.2000,0.3500,3.5096e+29,7.7290e+28,2.7620e+28,6.0400e+27,3.8089e+32,2.9895e+31,310
168,4,0.3500,0.5500,3.9072e+29,2.1971e+29,4.6810e+28,2.7690e+28,2.5704e+32,3.1281e+31,310
168,5,0.5500,1.0100,3.9971e+29,6.2903e+29,1.1100e+29,2.0101e+29,1.6242e+32,4.1714e+31,310
169,0,0.0000,0.0500,2.7780e+28,0.0000e+00,2.6800e+27,0.0000e+00,3.1210e+32,3.2622e+31,311
169,1,0.0500,0.1000,7.8370e+28,2.9000e+26,4.1100e+27,2.0000e+25,3.0796e+32,1.4855e+31,311
169,2,0.1000,0.2000,1.9702e+29,1.7350e+28,1.5200e+28,6.7000e+26,3.8603e+32,2.9542e+31,311
169,3,0.2000,0.3500,3.5771e+29,8.1580e+28,3.0280e+28,6.4000e+27,3.7954e+32,3.1804e+31,311
169,4,0.3500,0.5500,3.7259e+29,2.0374e+29,4.6560e+28,2.5920e+28,2.4330e+32,3.0436e+31,311
169,5,0.5500,1.0100,4.3008e+29,6.5778e+29,1.1226e+29,2.0329e+29,1.7626e+32,4.3502e+31,311
170,0,0.0000,0.0500,3.0230e+28,0.0000e+00,2.7900e+27,0.0000e+00,4.4571e+32,2.7702e+31,311
170,1,0.0500,0.1000,7.3820e+28,3.7000e+26,4.0900e+27,2.0000e+25,2.8102e+32,1.6115e+31,311
170,2,0.1000,0.2000,2.1136e+29,1.7210e+28,1.5210e+28,7.3000e+26,4.1095e+32,3.0161e+31,311
170,3,0.2000,0.3500,3.3240e+29,7.7680e+28,3.2580e+28,6.7100e+27,3.5131e+32,3.5508e+31,311
170,4,0.3500,0.5500,3.7974e+29,2.0457e+29,5.3380e+28,3.0960e+28,2.5135e+32,3.4384e+31,311
170,5,0.5500,1.0100,4.2678e+29,6.4450e+29,1.2877e+29,2.3664e+29,1.7538e+32,4.9020e+31,311
171,0,0.0000,0.0500,3.8150e+28,0.0000e+00,2.9900e+27,0.0000e+00,4.3538e+32,3.1998e+31,312
171,1,0.0500,0.1000,6.2090e+28,3.4000e+26,3.8500e+27,1.0000e+25,2.3190e+32,1.4605e+31,312
171,2,0.1000,0.2000,1.9947e+29,1.5910e+28,1.5280e+28,7.4000e+26,4.0001e+32,3.0942e+31,312
171,3,0.2000,0.3500,3.3333e+29,7.1010e+28,3.2920e+28,6.5400e+27,3.6363e+32,3.6532e+31,312
171,4,0.3500,0.5500,4.1042e+29,2.2168e+29,5.6690e+28,3.3720e+28,2.7405e+32,3.6474e+31,312
171,5,0.5500,1.0100,4.3396e+29,6.6707e+29,1.2785e+29,2.4083e+29,1.7749e+32,4.8927e+31,312
172,0,0.0000,0.0500,3.5910e+28,0.0000e+00,3.3000e+27,0.0000e+00,3.6030e+32,3.5901e+31,312
172,1,0.0500,0.1000,6.3870e+28,3.0000e+26,3.5200e+27,1.0000e+25,2.5565e+32,1.4427e+31,312
172,2,0.1000,0.2000,1.9208e+29,1.4900e+28,1.6190e+28,8.1000e+26,3.9160e+32,3.2809e+31,312
172,3,0.2000,0.3500,3.5018e+29,7.6280e+28,3.0910e+28,6.2500e+27,3.8260e+32,3.4488e+31,312
172,4,0.3500,0.5500,4.1323e+29,2.2455e+29,5.6120e+28,3.3640e+28,2.7060e+32,3.7358e+31,312
172,5,0.5500,1.0100,4.4480e+29,6.8152e+29,1.3031e+29,2.3584e+29,1.7936e+32,5.0085e+31,312
173,0,0.0000,0.0500,2.7170e+28,0.0000e+00,3.1900e+27,0.0000e+00,2.9641e+32,3.7574e+31,313
173,1,0.0500,0.1000,7.6860e+28,4.9000e+26,4.2700e+27,4.0000e+25,3.0214e+32,1.6407e+31,313
173,2,0.1000,0.2000,1.9133e+29,1.6350e+28,1.6680e+28,7.6000e+26,3.8030e+32,3.4141e+31,313
173,3,0.2000,0.3500,3.5534e+29,8.0400e+28,3.2770e+28,7.2900e+27,3.7982e+32,3.5705e+31,313
173,4,0.3500,0.5500,3.8755e+29,2.0884e+29,5.4060e+28,3.0910e+28,2.5417e+32,3.6030e+31,313
173,5,0.5500,1.0100,4.7773e+29,7.2897e+29,1.3117e+29,2.3049e+29,1.9556e+32,5.0804e+31,313
174,0,0.0000,0.0500,3.0000e+28,0.0000e+00,2.9500e+27,0.0000e+00,4.4498e+32,3.0681e+31,313
174,1,0.0500,0.1000,7.4470e+28,3.6000e+26,4.4400e+27,1.0000e+25,2.8219e+32,1.8026e+31,313
174,2,0.1000,0.2000,2.0723e+29,1.6650e+28,1.7740e+28,9.3000e+26,4.0102e+32,3.4374e+31,313
174,3,0.2000,0.3500,3.3104e+29,7.7140e+28,3.6920e+28,8.0700e+27,3.5362e+32,4.0094e+31,313
174,4,0.3500,0.5500,3.8579e+29,2.0732e+29,6.1900e+28,3.5880e+28,2.5646e+32,4.0468e+31,313
174,5,0.5500,1.0100,4.6741e+29,7.0847e+29,1.5256e+29,2.7857e+29,1.9309e+32,5.7831e+31,313
175,0,0.0000,0.0500,3.7130e+28,0.0000e+00,3.4200e+27,0.0000e+00,4.3353e+32,3.5002e+31,313
175,1,0.0500,0.1000,6.1350e+28,4.0000e+26,3.9900e+27,1.0000e+25,2.3239e+32,1.6142e+31,313
175,2,0.1000,0.2000,2.0045e+29,1.5060e+28,1.7700e+28,8.2000e+26,3.9757e+32,3.5054e+31,313
175,3,0.2000,0.3500,3.1970e+29,6.9240e+28,3.7460e+28,7.5000e+27,3.5311e+32,4.1134e+31,313
175,4,0.3500,0.5500,4.1992e+29,2.2396e+29,6.4420e+28,3.7770e+28,2.7998e+32,4.2373e+31,313
175,5,0.5500,1.0100,4.7074e+29,7.1414e+29,1.5036e+29,2.7589e+29,1.9271e+32,5.7254e+31,313
176,0,0.0000,0.0500,3.5450e+28,0.0000e+00,3.5300e+27,0.0000e+00,3.6785e+32,3.9882e+31,313
176,1,0.0500,0.1000,6.0400e+28,2.2000e+26,4.2400e+27,2.0000e+25,2.4484e+32,1.5776e+31,313
176,2,0.1000,0.2000,1.8880e+29,1.4460e+28,1.7750e+28,1.0800e+27,3.8537e+32,3.6352e+31,313
176,3,0.2000,0.3500,3.4528e+29,7.5080e+28,3.4950e+28,7.3200e+27,3.7987e+32,3.9209e+31,313
176,4,0.3500,0.5500,4.1944e+29,2.2805e+29,6.6300e+28,3.6350e+28,2.7655e+32,4.3095e+31,313
176,5,0.5500,1.0100,4.7122e+29,7.3960e+29,1.4998e+29,2.6695e+29,1.9233e+32,5.7512e+31,313
177,0,0.0000,0.0500,2.8070e+28,0.0000e+00,3.2900e+27,0.0000e+00,2.9319e+32,4.2421e+31,314
177,1,0.0500,0.1000,7.5540e+28,3.0000e+26,4.5500e+27,0.0000e+00,2.9390e+32,1.8016e+31,314
177,2,0.1000,0.2000,1.8921e+29,1.6770e+28,1.9580e+28,9.2000e+26,3.7529e+32,3.7954e+31,314
177,3,0.2000,0.3500,3.5020e+29,8.0150e+28,3.8120e+28,8.8700e+27,3.7768e+32,4.0553e+31,314
177,4,0.3500,0.5500,3.9028e+29,2.1022e+29,6.6220e+28,3.7470e+28,2.5886e+32,4.1812e+31,314
177,5,0.5500,1.0100,5.0678e+29,7.7352e+29,1.4836e+29,2.6297e+29,2.0822e+32,5.7926e+31,314
178,0,0.0000,0.0500,2.9070e+28,0.0000e+00,3.6300e+27,0.0000e+00,4.3526e+32,3.4368e+31,313
178,1,0.0500,0.1000,7.3650e+28,3.1000e+26,5.4200e+27,3.0000e+25,2.7991e+32,2.0150e+31,313
178,2,0.1000,0.2000,1.9893e+29,1.6020e+28,1.9310e+28,1.0800e+27,3.9059e+32,3.7864e+31,313
178,3,0.2000,0.3500,3.3184e+29,7.6590e+28,4.1750e+28,8.4600e+27,3.5391e+32,4.5837e+31,313
178,4,0.3500,0.5500,3.8567e+29,2.1257e+29,7.1030e+28,4.0910e+28,2.5608e+32,4.5937e+31,313
178,5,0.5500,1.0100,4.9460e+29,7.4270e+29,1.7284e+29,3.0549e+29,2.0317e+32,6.5796e+31,313
179,0,0.0000,0.0500,3.5890e+28,0.0000e+00,3.7100e+27,0.0000e+00,4.3164e+32,3.8948e+31,314
179,1,0.0500,0.1000,6.2090e+28,2.9000e+26,4.6600e+27,1.0000e+25,2.3093e+32,1.8423e+31,314
179,2,0.1000,0.2000,1.9787e+29,1.4920e+28,1.9440e+28,1.0100e+27,3.9544e+32,3.8729e+31,314
179,3,0.2000,0.3500,3.1689e+29,6.8180e+28,4.3590e+28,8.0100e+27,3.4687e+32,4.6928e+31,314
179,4,0.3500,0.5500,4.2309e+29,2.2796e+29,7.2750e+28,4.3320e+28,2.8348e+32,4.8145e+31,314
179,5,0.5500,1.0100,4.9643e+29,7.5486e+29,1.6683e+29,3.0010e+29,2.0342e+32,6.4475e+31,314
180,0,0.0000,0.0500,3.5600e+28,0.0000e+00,3.6100e+27,0.0000e+00,3.7439e+32,4.4491e+31,313
180,1,0.0500,0.1000,5.8480e+28,2.9000e+26,4.7700e+27,0.0000e+00,2.3601e+32,1.7524e+31,313
180,2,0.1000,0.2000,1.8597e+29,1.3460e+28,1.9980e+28,8.4000e+26,3.7710e+32,4.0258e+31,313
180,3,0.2000,0.3500,3.3840e+29,7.3080e+28,4.2380e+28,8.2700e+27,3.7579e+32,4.4759e+31,313
180,4,0.3500,0.5500,4.2798e+29,2.3648e+29,7.3890e+28,4.1900e+28,2.8056e+32,4.8521e+31,313
180,5,0.5500,1.0100,4.9222e+29,7.5012e+29,1.6966e+29,3.0228e+29,1.9950e+32,6.4986e+31,313
181,0,0.0000,0.0500,2.9100e+28,0.0000e+00,3.7500e+27,0.0000e+00,2.9741e+32,4.7028e+31,314
181,1,0.0500,0.1000,7.3110e+28,3.4000e+26,5.0900e+27,1.0000e+25,2.8797e+32,2.0014e+31,314
181,2,0.1000,0.2000,1.8877e+29,1.5940e+28,2.0720e+28,1.3700e+27,3.6969e+32,4.2578e+31,314
181,3,0.2000,0.3500,3.4138e+29,7.6930e+28,4.2350e+28,8.9100e+27,3.7142e+32,4.5342e+31,314
181,4,0.3500,0.5500,3.9950e+29,2.1926e+29,7.1810e+28,3.9300e+28,2.6350e+32,4.6598e+31,314
181,5,0.5500,1.0100,5.2173e+29,7.9981e+29,1.6978e+29,2.8894e+29,2.1378e+32,6.5155e+31,314
182,0,0.0000,0.0500,2.8440e+28,0.0000e+00,3.9200e+27,0.0000e+00,4.1784e+32,3.8422e+31,313
182,1,0.0500,0.1000,7.3010e+28,3.5000e+26,5.7100e+27,6.0000e+25,2.8095e+32,2.2649e+31,313
182,2,0.1000,0.2000,1.9697e+29,1.5610e+28,2.1350e+28,9.4000e+26,3.8101e+32,4.2025e+31,313
182,3,0.2000,0.3500,3.3317e+29,7.6020e+28,4.7210e+28,8.7300e+27,3.5088e+32,5.0844e+31,313
182,4,0.3500,0.5500,3.8927e+29,2.1225e+29,7.4900e+28,4.1800e+28,2.5726e+32,4.9528e+31,313
182,5,0.5500,1.0100,5.1134e+29,7.6255e+29,1.9029e+29,3.3371e+29,2.0958e+32,7.2602e+31,313
183,0,0.0000,0.0500,3.4800e+28,0.0000e+00,4.2600e+27,0.0000e+00,4.2594e+32,4.2069e+31,313
183,1,0.0500,0.1000,6.1460e+28,2.2000e+26,5.3700e+27,2.0000e+25,2.3054e+32,2.0928e+31,313
183,2,0.1000,0.2000,1.9747e+29,1.4790e+28,2.1780e+28,1.0700e+27,3.9169e+32,4.2706e+31,313
183,3,0.2000,0.3500,3.0965e+29,6.8350e+28,4.7860e+28,9.4500e+27,3.3822e+32,5.2193e+31,313
183,4,0.3500,0.5500,4.2519e+29,2.2942e+29,7.9070e+28,4.5330e+28,2.8301e+32,5.2179e+31,313
183,5,0.5500,1.0100,5.1349e+29,7.7220e+29,1.8690e+29,3.3581e+29,2.0836e+32,7.1491e+31,313
184,0,0.0000,0.0500,3.7170e+28,0.0000e+00,4.4400e+27,0.0000e+00,3.8045e+32,4.8627e+31,314
184,1,0.0500,0.1000,5.7680e+28,2.3000e+26,4.9400e+27,0.0000e+00,2.2961e+32,1.9699e+31,314
184,2,0.1000,0.2000,1.8174e+29,1.3380e+28,2.1780e+28,1.1000e+27,3.7246e+32,4.4034e+31,314
184,3,0.2000,0.3500,3.3994e+29,7.3310e+28,4.5830e+28,8.8400e+27,3.7159e+32,5.0305e+31,314
184,4,0.3500,0.5500,4.3651e+29,2.3752e+29,8.2400e+28,4.6490e+28,2.8391e+32,5.3148e+31,314
184,5,0.5500,1.0100,5.0286e+29,7.8230e+29,1.8367e+29,3.2381e+29,2.0502e+32,7.0684e+31,314
185,0,0.0000,0.0500,2.9320e+28,0.0000e+00,4.3700e+27,0.0000e+00,2.9946e+32,5.1022e+31,312
185,1,0.0500,0.1000,6.9380e+28,3.9000e+26,6.3700e+27,0.0000e+00,2.7844e+32,2.2307e+31,312
185,2,0.1000,0.2000,1.8410e+29,1.4360e+28,2.3000e+28,1.3900e+27,3.6469e+32,4.6450e+31,312
185,3,0.2000,0.3500,3.4002e+29,7.7290e+28,4.5470e+28,8.8600e+27,3.6468e+32,4.9088e+31,312
185,4,0.3500,0.5500,4.0130e+29,2.2171e+29,7.8640e+28,4.3370e+28,2.6391e+32,5.0760e+31,312
185,5,0.5500,1.0100,5.3319e+29,8.1671e+29,1.8393e+29,3.2057e+29,2.1771e+32,7.0452e+31,312
186,0,0.0000,0.0500,2.7190e+28,0.0000e+00,3.8900e+27,0.0000e+00,4.0342e+32,4.2868e+31,313
186,1,0.0500,0.1000,7.0800e+28,4.0000e+26,6.4900e+27,1.0000e+25,2.7878e+32,2.5170e+31,313
186,2,0.1000,0.2000,1.9105e+29,1.5530e+28,2.2770e+28,1.2100e+27,3.7408e+32,4.6031e+31,313
186,3,0.2000,0.3500,3.3164e+29,7.4700e+28,5.0140e+28,1.1090e+28,3.5063e+32,5.4818e+31,313
186,4,0.3500,0.5500,3.8781e+29,2.1289e+29,8.2790e+28,4.6580e+28,2.5691e+32,5.3911e+31,313
186,5,0.5500,1.0100,5.2763e+29,7.9148e+29,2.0313e+29,3.5845e+29,2.1427e+32,7.7748e+31,313
187,0,0.0000,0.0500,3.4670e+28,0.0000e+00,4.7700e+27,0.0000e+00,4.2578e+32,4.5144e+31,312
187,1,0.0500,0.1000,6.1110e+28,2.8000e+26,6.2000e+27,0.0000e+00,2.2728e+32,2.3511e+31,312
187,2,0.1000,0.2000,1.9688e+29,1.5510e+28,2.2810e+28,1.1600e+27,3.8884e+32,4.6739e+31,312
187,3,0.2000,0.3500,3.0528e+29,6.6560e+28,5.0730e+28,1.0610e+28,3.3130e+32,5.6061e+31,312
187,4,0.3500,0.5500,4.1969e+29,2.2545e+29,8.7570e+28,4.9600e+28,2.8013e+32,5.6383e+31,312
187,5,0.5500,1.0100,5.1846e+29,7.8723e+29,1.9830e+29,3.4667e+29,2.1039e+32,7.5808e+31,312
188,0,0.0000,0.0500,3.7050e+28,0.0000e+00,5.3300e+27,0.0000e+00,3.8848e+32,5.2862e+31,312
188,1,0.0500,0.1000,5.5180e+28,3.0000e+26,5.8200e+27,2.0000e+25,2.1871e+32,2.1197e+31,312
188,2,0.1000,0.2000,1.7866e+29,1.2890e+28,2.2860e+28,1.0500e+27,3.6324e+32,4.7467e+31,312
188,3,0.2000,0.3500,3.3697e+29,7.3400e+28,5.1450e+28,1.0380e+28,3.6700e+32,5.4573e+31,312
188,4,0.3500,0.5500,4.2434e+29,2.3338e+29,8.7570e+28,4.9490e+28,2.8041e+32,5.6742e+31,312
188,5,0.5500,1.0100,5.0917e+29,7.9603e+29,1.9191e+29,3.2984e+29,2.0460e+32,7.4109e+31,312
189,0,0.0000,0.0500,2.9280e+28,0.0000e+00,4.4400e+27,0.0000e+00,3.0509e+32,5.5482e+31,311
189,1,0.0500,0.1000,6.9130e+28,2.7000e+26,6.2500e+27,2.0000e+25,2.7294e+32,2.4099e+31,311
189,2,0.1000,0.2000,1.8116e+29,1.4860e+28,2.5440e+28,1.3900e+27,3.5765e+32,5.0397e+31,311
189,3,0.2000,0.3500,3.3137e+29,7.5420e+28,4.7980e+28,1.0650e+28,3.5875e+32,5.2495e+31,311
189,4,0.3500,0.5500,4.0070e+29,2.2203e+29,8.4030e+28,4.5930e+28,2.6274e+32,5.4357e+31,311
189,5,0.5500,1.0100,5.2867e+29,8.1890e+29,1.8896e+29,3.2358e+29,2.1475e+32,7.2617e+31,311
190,0,0.0000,0.0500,2.7640e+28,0.0000e+00,4.6600e+27,0.0000e+00,3.8381e+32,4.7504e+31,311
190,1,0.0500,0.1000,7.3290e+28,4.0000e+26,6.8800e+27,1.0000e+25,2.7976e+32,2.7178e+31,311
190,2,0.1000,0.2000,1.8608e+29,1.5490e+28,2.4960e+28,1.3800e+27,3.6254e+32,4.9453e+31,311
190,3,0.2000,0.3500,3.3055e+29,7.7320e+28,5.5220e+28,1.1190e+28,3.4666e+32,5.7961e+31,311
190,4,0.3500,0.5500,3.8244e+29,2.0697e+29,8.5860e+28,4.7670e+28,2.5181e+32,5.5316e+31,311
190,5,0.5500,1.0100,5.2435e+29,7.9035e+29,2.0397e+29,3.6085e+29,2.1219e+32,7.8186e+31,311
191,0,0.0000,0.0500,3.3080e+28,0.0000e+00,4.7200e+27,0.0000e+00,4.2591e+32,4.7466e+31,310
191,1,0.0500,0.1000,6.0860e+28,2.7000e+26,7.0800e+27,1.0000e+25,2.2913e+32,2.6132e+31,310
191,2,0.1000,0.2000,1.9724e+29,1.4450e+28,2.4780e+28,1.2800e+27,3.8455e+32,4.9967e+31,310
191,3,0.2000,0.3500,3.0243e+29,7.0990e+28,5.4680e+28,1.1690e+28,3.2285e+32,5.9755e+31,310
191,4,0.3500,0.5500,4.0954e+29,2.2430e+29,9.0270e+28,5.1330e+28,2.7177e+32,5.8108e+31,310
191,5,0.5500,1.0100,5.0912e+29,7.9335e+29,2.0286e+29,3.5850e+29,2.0696e+32,7.7210e+31,310
192,0,0.0000,0.0500,3.7940e+28,0.0000e+00,5.5000e+27,0.0000e+00,3.9944e+32,5.6215e+31,310
192,1,0.0500,0.1000,5.6560e+28,2.9000e+26,5.7400e+27,4.0000e+25,2.1194e+32,2.2405e+31,310
192,2,0.1000,0.2000,1.7604e+29,1.3090e+28,2.5170e+28,1.2500e+27,3.5738e+32,5.0415e+31,310
192,3,0.2000,0.3500,3.3111e+29,7.4800e+28,5.3430e+28,1.1070e+28,3.5875e+32,5.8376e+31,310
192,4,0.3500,0.5500,4.2554e+29,2.3882e+29,9.1670e+28,5.0920e+28,2.7459e+32,5.9230e+31,310
192,5,0.5500,1.0100,4.9844e+29,7.8716e+29,1.9576e+29,3.4899e+29,2.0025e+32,7.4929e+31,310
193,0,0.0000,0.0500,3.0230e+28,0.0000e+00,4.6800e+27,0.0000e+00,3.1311e+32,5.9466e+31,309
193,1,0.0500,0.1000,6.6940e+28,2.9000e+26,6.7400e+27,6.0000e+25,2.6819e+32,2.5379e+31,309
193,2,0.1000,0.2000,1.7913e+29,1.4380e+28,2.7120e+28,1.4600e+27,3.5174e+32,5.3697e+31,309
193,3,0.2000,0.3500,3.3026e+29,7.5340e+28,5.1660e+28,1.1040e+28,3.5271e+32,5.5037e+31,309
193,4,0.3500,0.5500,4.0636e+29,2.2831e+29,8.8090e+28,4.9140e+28,2.6156e+32,5.6854e+31,309
193,5,0.5500,1.0100,5.1731e+29,8.0702e+29,1.9112e+29,3.3613e+29,2.0738e+32,7.3422e+31,309
194,0,0.0000,0.0500,2.6560e+28,0.0000e+00,4.9300e+27,0.0000e+00,3.5914e+32,5.2955e+31,309
194,1,0.0500,0.1000,7.1450e+28,3.4000e+26,7.5800e+27,3.0000e+25,2.7697e+32,2.9341e+31,309
194,2,0.1000,0.2000,1.8589e+29,1.6200e+28,2.7440e+28,1.4200e+27,3.5763e+32,5.2624e+31,309
194,3,0.2000,0.3500,3.2771e+29,7.9160e+28,5.5310e+28,1.2080e+28,3.4507e+32,6.0051e+31,309
194,4,0.3500,0.5500,3.8431e+29,2.1588e+29,8.5890e+28,5.0110e+28,2.4873e+32,5.6159e+31,309
194,5,0.5500,1.0100,5.1464e+29,7.8250e+29,2.0273e+29,3.5016e+29,2.0735e+32,7.6530e+31,309
195,0,0.0000,0.0500,3.3540e+28,0.0000e+00,5.3800e+27,0.0000e+00,4.2573e+32,4.9078e+31,308
195,1,0.0500,0.1000,6.3190e+28,2.6000e+26,7.4000e+27,1.0000e+25,2.3664e+32,2.9091e+31,308
195,2,0.1000,0.2000,1.9579e+29,1.6020e+28,2.7010e+28,1.1800e+27,3.8064e+32,5.2512e+31,308
195,3,0.2000,0.3500,2.9679e+29,6.9560e+28,5.8710e+28,1.3050e+28,3.1528e+32,6.2682e+31,308
195,4,0.3500,0.5500,4.0595e+29,2.2622e+29,9.2680e+28,5.5110e+28,2.6670e+32,5.9591e+31,308
195,5,0.5500,1.0100,4.9272e+29,7.4755e+29,2.0114e+29,3.6215e+29,1.9939e+32,7.6837e+31,308
196,0,0.0000,0.0500,4.0210e+28,0.0000e+00,5.9700e+27,0.0000e+00,4.0938e+32,5.8297e+31,307
196,1,0.0500,0.1000,5.4210e+28,2.2000e+26,6.3000e+27,2.0000e+25,2.0581e+32,2.3859e+31,307
196,2,0.1000,0.2000,1.7846e+29,1.4100e+28,2.6030e+28,1.2300e+27,3.5298e+32,5.3098e+31,307
196,3,0.2000,0.3500,3.2155e+29,7.2510e+28,5.7240e+28,1.0940e+28,3.4833e+32,6.2005e+31,307
196,4,0.3500,0.5500,4.1702e+29,2.3633e+29,9.5250e+28,5.2960e+28,2.7127e+32,6.0660e+31,307
196,5,0.5500,1.0100,4.7548e+29,7.4358e+29,1.9437e+29,3.4203e+29,1.9054e+32,7.3074e+31,307
197,0,0.0000,0.0500,3.2240e+28,0.0000e+00,6.1300e+27,0.0000e+00,3.2585e+32,6.2534e+31,306
197,1,0.0500,0.1000,6.3390e+28,1.8000e+26,6.8300e+27,1.0000e+25,2.5438e+32,2.5761e+31,306
197,2,0.1000,0.2000,1.7673e+29,1.4980e+28,2.9560e+28,1.5500e+27,3.5078e+32,5.6626e+31,306
197,3,0.2000,0.3500,3.2747e+29,7.5260e+28,5.3540e+28,1.1310e+28,3.4863e+32,5.6957e+31,306
197,4,0.3500,0.5500,4.0452e+29,2.3524e+29,9.0540e+28,5.2020e+28,2.6053e+32,5.9001e+31,306
197,5,0.5500,1.0100,4.7294e+29,7.4613e+29,1.8387e+29,3.1740e+29,1.8992e+32,7.0934e+31,306
198,0,0.0000,0.0500,2.8440e+28,0.0000e+00,5.5100e+27,0.0000e+00,3.2593e+32,5.9715e+31,305
198,1,0.0500,0.1000,7.1690e+28,4.0000e+26,8.0800e+27,2.0000e+25,2.7403e+32,3.0711e+31,305
198,2,0.1000,0.2000,1.8036e+29,1.5900e+28,2.8490e+28,1.6600e+27,3.4702e+32,5.5381e+31,305
198,3,0.2000,0.3500,3.3007e+29,8.0030e+28,5.8010e+28,1.2550e+28,3.4332e+32,6.0184e+31,305
198,4,0.3500,0.5500,3.7961e+29,2.1427e+29,8.7490e+28,5.0790e+28,2.4351e+32,5.6262e+31,305
198,5,0.5500,1.0100,4.8088e+29,7.3746e+29,1.8557e+29,3.2230e+29,1.9253e+32,7.0657e+31,305
199,0,0.0000,0.0500,3.0780e+28,0.0000e+00,5.5700e+27,0.0000e+00,4.2806e+32,5.0064e+31,305
199,1,0.0500,0.1000,6.5630e+28,3.8000e+26,7.6800e+27,6.0000e+25,2.4874e+32,3.1545e+31,305
199,2,0.1000,0.2000,1.9694e+29,1.6650e+28,2.8540e+28,1.5200e+27,3.7274e+32,5.5127e+31,305
199,3,0.2000,0.3500,3.0380e+29,7.5870e+28,6.2500e+28,1.4280e+28,3.1504e+32,6.4477e+31,305
199,4,0.3500,0.5500,3.8740e+29,2.1521e+29,9.4210e+28,5.5040e+28,2.5121e+32,5.9800e+31,305
199,5,0.5500,1.0100,4.5848e+29,7.0739e+29,1.9164e+29,3.3699e+29,1.8419e+32,7.2745e+31,305
200,0,0.0000,0.0500,3.8060e+28,0.0000e+00,6.4500e+27,0.0000e+00,4.1700e+32,5.8814e+31,303
200,1,0.0500,0.1000,5.6560e+28,3.9000e+26,6.6900e+27,6.0000e+25,2.0859e+32,2.6494e+31,303
200,2,0.1000,0.2000,1.8121e+29,1.3880e+28,2.8140e+28,1.6700e+27,3.5399e+32,5.5550e+31,303
200,3,0.2000,0.3500,3.0856e+29,6.9750e+28,6.0640e+28,1.2420e+28,3.3083e+32,6.4559e+31,303
200,4,0.3500,0.5500,4.0952e+29,2.3214e+29,9.7520e+28,5.9670e+28,2.6313e+32,6.0893e+31,303
200,5,0.5500,1.0100,4.4588e+29,6.9030e+29,1.7485e+29,3.1068e+29,1.7678e+32,6.6448e+31,303
201,0,0.0000,0.0500,3.4530e+28,0.0000e+00,6.3400e+27,0.0000e+00,3.5063e+32,6.5576e+31,303
201,1,0.0500,0.1000,5.8740e+28,2.9000e+26,7.2700e+27,4.0000e+25,2.3412e+32,2.6411e+31,303
201,2,0.1000,0.2000,1.8185e+29,1.5080e+28,2.9730e+28,1.8600e+27,3.5223e+32,5.8326e+31,303
201,3,0.2000,0.3500,3.2587e+29,7.6040e+28,5.6670e+28,1.2630e+28,3.4508e+32,6.0109e+31,303
201,4,0.3500,0.5500,4.0366e+29,2.3698e+29,9.4860e+28,5.5940e+28,2.5689e+32,6.0225e+31,303
201,5,0.5500,1.0100,4.3121e+29,6.7912e+29,1.6638e+29,2.9607e+29,1.7122e+32,6.3727e+31,303
202,0,0.0000,0.0500,2.9180e+28,0.0000e+00,5.3000e+27,0.0000e+00,2.8737e+32,6.8759e+31,301
202,1,0.0500,0.1000,7.1310e+28,4.8000e+26,8.1700e+27,1.0000e+25,2.7231e+32,3.0369e+31,301
202,2,0.1000,0.2000,1.7962e+29,1.6310e+28,3.1040e+28,1.8500e+27,3.4235e+32,5.8534e+31,301
202,3,0.2000,0.3500,3.2767e+29,8.3080e+28,5.8110e+28,1.3950e+28,3.4139e+32,6.0810e+31,301
202,4,0.3500,0.5500,3.7210e+29,2.1914e+29,8.6060e+28,5.1670e+28,2.3725e+32,5.5000e+31,301
202,5,0.5500,1.0100,4.4488e+29,6.9055e+29,1.5785e+29,2.6828e+29,1.7614e+32,6.0107e+31,301
203,0,0.0000,0.0500,2.8540e+28,0.0000e+00,5.7600e+27,0.0000e+00,4.2604e+32,5.1954e+31,301
203,1,0.0500,0.1000,7.2380e+28,5.0000e+26,9.0700e+27,5.0000e+25,2.6385e+32,3.3588e+31,301
203,2,0.1000,0.2000,1.9200e+29,1.6420e+28,3.0830e+28,1.8000e+27,3.5809e+32,5.7512e+31,301
203,3,0.2000,0.3500,3.1726e+29,8.1930e+28,6.3150e+28,1.3850e+28,3.2236e+32,6.6274e+31,301
203,4,0.3500,0.5500,3.6698e+29,2.1272e+29,9.1250e+28,5.6950e+28,2.3209e+32,5.7970e+31,301
203,5,0.5500,1.0100,4.1603e+29,6.4221e+29,1.6740e+29,2.9724e+29,1.6624e+32,6.3406e+31,301
204,0,0.0000,0.0500,3.6340e+28,0.0000e+00,6.5500e+27,0.0000e+00,4.2183e+32,5.8057e+31,299
204,1,0.0500,0.1000,6.1300e+28,4.5000e+26,7.5700e+27,3.0000e+25,2.1951e+32,3.0122e+31,299
204,2,0.1000,0.2000,1.9326e+29,1.6100e+28,2.9630e+28,1.3800e+27,3.6951e+32,5.8083e+31,299
204,3,0.2000,0.3500,2.9544e+29,6.9840e+28,6.2810e+28,1.3750e+28,3.0891e+32,6.5830e+31,299
204,4,0.3500,0.5500,3.9181e+29,2.2560e+29,9.4900e+28,5.6250e+28,2.5103e+32,5.8935e+31,299
204,5,0.5500,1.0100,4.0360e+29,6.2708e+29,1.5318e+29,2.6316e+29,1.5904e+32,5.7461e+31,299
205,0,0.0000,0.0500,3.9610e+28,0.0000e+00,7.1200e+27,0.0000e+00,3.9066e+32,6.8232e+31,299
205,1,0.0500,0.1000,5.5820e+28,4.3000e+26,7.9200e+27,4.0000e+25,2.1049e+32,2.6636e+31,299
205,2,0.1000,0.2000,1.7900e+29,1.4410e+28,3.0040e+28,1.4700e+27,3.4894e+32,5.8372e+31,299
205,3,0.2000,0.3500,3.2775e+29,7.8300e+28,6.2270e+28,1.2930e+28,3.4407e+32,6.3668e+31,299
205,4,0.3500,0.5500,3.9555e+29,2.3798e+29,9.3880e+28,5.4840e+28,2.4847e+32,5.8239e+31,299
205,5,0.5500,1.0100,3.8071e+29,5.9692e+29,1.4328e+29,2.5180e+29,1.4848e+32,5.4078e+31,299
206,0,0.0000,0.0500,3.0740e+28,0.0000e+00,6.5600e+27,0.0000e+00,3.0904e+32,7.1439e+31,297
206,1,0.0500,0.1000,7.0080e+28,4.5000e+26,8.2400e+27,3.0000e+25,2.6751e+32,3.0085e+31,297
206,2,0.1000,0.2000,1.8202e+29,1.7210e+28,3.3350e+28,1.7200e+27,3.4309e+32,6.1679e+31,297
206,3,0.2000,0.3500,3.2677e+29,8.2490e+28,5.8630e+28,1.3050e+28,3.3611e+32,5.9263e+31,297
206,4,0.3500,0.5500,3.7226e+29,2.2076e+29,8.6910e+28,4.9270e+28,2.3279e+32,5.4607e+31,297
206,5,0.5500,1.0100,3.7202e+29,5.7515e+29,1.3374e+29,2.3769e+29,1.4857e+32,5.0795e+31,297
207,0,0.0000,0.0500,2.7310e+28,0.0000e+00,5.2600e+27,0.0000e+00,3.5474e+32,6.2882e+31,296
207,1,0.0500,0.1000,7.4320e+28,5.1000e+26,9.4700e+27,5.0000e+25,2.7540e+32,3.4492e+31,296
207,2,0.1000,0.2000,1.8947e+29,1.6620e+28,3.2390e+28,1.7300e+27,3.4918e+32,5.9900e+31,296
207,3,0.2000,0.3500,3.2989e+29,8.4260e+28,6.3640e+28,1.4200e+28,3.2907e+32,6.3557e+31,296
207,4,0.3500,0.5500,3.4545e+29,2.0492e+29,8.3180e+28,4.8380e+28,2.1758e+32,5.2002e+31,296
207,5,0.5500,1.0100,3.6197e+29,5.4487e+29,1.3516e+29,2.3693e+29,1.4317e+32,5.0486e+31,296
208,0,0.0000,0.0500,3.2890e+28,0.0000e+00,6.1600e+27,0.0000e+00,4.3050e+32,5.5735e+31,295
208,1,0.0500,0.1000,6.7180e+28,3.2000e+26,8.9800e+27,4.0000e+25,2.4072e+32,3.4635e+31,295
208,2,0.1000,0.2000,2.0078e+29,1.7960e+28,3.1210e+28,1.9400e+27,3.7526e+32,5.9183e+31,295
208,3,0.2000,0.3500,2.9833e+29,7.7700e+28,6.4220e+28,1.4560e+28,3.0116e+32,6.5346e+31,295
208,4,0.3500,0.5500,3.6346e+29,2.1076e+29,8.5980e+28,5.3660e+28,2.2834e+32,5.3546e+31,295
208,5,0.5500,1.0100,3.3923e+29,5.1361e+29,1.3328e+29,2.3796e+29,1.3395e+32,4.8752e+31,295
209,0,0.0000,0.0500,3.9770e+28,0.0000e+00,7.3100e+27,0.0000e+00,4.2030e+32,6.6129e+31,293
209,1,0.0500,0.1000,5.8120e+28,5.2000e+26,7.6800e+27,3.0000e+25,2.0660e+32,2.7936e+31,293
209,2,0.1000,0.2000,1.8344e+29,1.5440e+28,3.0490e+28,1.5600e+27,3.5006e+32,5.9266e+31,293
209,3,0.2000,0.3500,3.1590e+29,7.7820e+28,6.2000e+28,1.3710e+28,3.2683e+32,6.4746e+31,293
209,4,0.3500,0.5500,3.7042e+29,2.1803e+29,8.5590e+28,5.2760e+28,2.3215e+32,5.2968e+31,293
209,5,0.5500,1.0100,3.1493e+29,4.9196e+29,1.1879e+29,2.1354e+29,1.2416e+32,4.4062e+31,293
210,0,0.0000,0.0500,3.6420e+28,0.0000e+00,6.8500e+27,0.0000e+00,3.5258e+32,7.2532e+31,293
210,1,0.0500,0.1000,6.2380e+28,3.5000e+26,8.8700e+27,8.0000e+25,2.3724e+32,2.9086e+31,293
210,2,0.1000,0.2000,1.8700e+29,1.7000e+28,3.1990e+28,2.0900e+27,3.5292e+32,6.1681e+31,293
210,3,0.2000,0.3500,3.3025e+29,8.2230e+28,5.5540e+28,1.2500e+28,3.3569e+32,5.8339e+31,293
210,4,0.3500,0.5500,3.6039e+29,2.2116e+29,8.2570e+28,4.9550e+28,2.2419e+32,5.1089e+31,293
210,5,0.5500,1.0100,3.0037e+29,4.8128e+29,1.1334e+29,2.0050e+29,1.1696e+32,4.1848e+31,293
211,0,0.0000,0.0500,3.0840e+28,0.0000e+00,5.8800e+27,0.0000e+00,2.9175e+32,7.5672e+31,290
211,1,0.0500,0.1000,7.4200e+28,5.2000e+26,9.5500e+27,6.0000e+25,2.7433e+32,3.3222e+31,290
211,2,0.1000,0.2000,1.8502e+29,1.7960e+28,3.2780e+28,2.0000e+27,3.4162e+32,6.1050e+31,290
211,3,0.2000,0.3500,3.3093e+29,8.5590e+28,5.9030e+28,1.3700e+28,3.2996e+32,5.7265e+31,290
211,4,0.3500,0.5500,3.3115e+29,2.0178e+29,7.3820e+28,4.5040e+28,2.0497e+32,4.5524e+31,290
211,5,0.5500,1.0100,3.0126e+29,4.7423e+29,1.0151e+29,1.7731e+29,1.1860e+32,3.8410e+31,290
212,0,0.0000,0.0500,2.9680e+28,0.0000e+00,6.2300e+27,0.0000e+00,4.1892e+32,5.7332e+31,290
212,1,0.0500,0.1000,7.8370e+28,5.3000e+26,9.9400e+27,2.0000e+25,2.7518e+32,3.6601e+31,290
212,2,0.1000,0.2000,1.9491e+29,1.8070e+28,3.1100e+28,1.7400e+27,3.5295e+32,5.9213e+31,290
212,3,0.2000,0.3500,3.1683e+29,8.4890e+28,6.1220e+28,1.4740e+28,3.1249e+32,6.1522e+31,290
212,4,0.3500,0.5500,3.2271e+29,1.9088e+29,7.4790e+28,4.5680e+28,1.9720e+32,4.6200e+31,290
212,5,0.5500,1.0100,2.7964e+29,4.3180e+29,1.0127e+29,1.8489e+29,1.1016e+32,3.8360e+31,290
213,0,0.0000,0.0500,3.5890e+28,0.0000e+00,6.8300e+27,0.0000e+00,4.3083e+32,6.0214e+31,288
213,1,0.0500,0.1000,6.5150e+28,5.3000e+26,8.5400e+27,3.0000e+25,2.2641e+32,3.4106e+31,288
213,2,0.1000,0.2000,2.0570e+29,1.9130e+28,3.1940e+28,1.9900e+27,3.7694e+32,5.9048e+31,288
213,3,0.2000,0.3500,2.9366e+29,7.5210e+28,5.9530e+28,1.3710e+28,2.9214e+32,6.0525e+31,288
213,4,0.3500,0.5500,3.4039e+29,2.0168e+29,7.3440e+28,4.6750e+28,2.1135e+32,4.5257e+31,288
213,5,0.5500,1.0100,2.6302e+29,4.0929e+29,9.5440e+28,1.7360e+29,1.0260e+32,3.4673e+31,288
214,0,0.0000,0.0500,4.1640e+28,0.0000e+00,7.1500e+27,0.0000e+00,4.1585e+32,7.1490e+31,287
214,1,0.0500,0.1000,5.9050e+28,5.4000e+26,8.2700e+27,4.0000e+25,2.0425e+32,2.7688e+31,287
214,2,0.1000,0.2000,1.8379e+29,1.6950e+28,3.1380e+28,2.1300e+27,3.4928e+32,5.8751e+31,287
214,3,0.2000,0.3500,3.2061e+29,7.9150e+28,5.8560e+28,1.3880e+28,3.2438e+32,5.8414e+31,287
214,4,0.3500,0.5500,3.3643e+29,2.0458e+29,7.1490e+28,4.5590e+28,2.0710e+32,4.3899e+31,287
214,5,0.5500,1.0100,2.4528e+29,3.8396e+29,8.5260e+28,1.5649e+29,9.3120e+31,3.1433e+31,287
215,0,0.0000,0.0500,3.4700e+28,0.0000e+00,7.0500e+27,0.0000e+00,3.3253e+32,7.5622e+31,286
215,1,0.0500,0.1000,6.9220e+28,4.8000e+26,8.9400e+27,9.0000e+25,2.5819e+32,2.9669e+31,286
215,2,0.1000,0.2000,1.8995e+29,1.9150e+28,3.3430e+28,1.9400e+27,3.4846e+32,6.1532e+31,286
215,3,0.2000,0.3500,3.2195e+29,8.4890e+28,5.2210e+28,1.1660e+28,3.2143e+32,5.2174e+31,286
215,4,0.3500,0.5500,3.2221e+29,1.9771e+29,6.8900e+28,4.1720e+28,1.9602e+32,4.1501e+31,286
215,5,0.5500,1.0100,2.3515e+29,3.7049e+29,7.7270e+28,1.4003e+29,8.9970e+31,2.8896e+31,286
216,0,0.0000,0.0500,2.9950e+28,0.0000e+00,6.0400e+27,0.0000e+00,2.9295e+32,7.7403e+31,284
216,1,0.0500,0.1000,8.0820e+28,5.7000e+26,9.8900e+27,7.0000e+25,2.8420e+32,3.4399e+31,284
216,2,0.1000,0.2000,1.9339e+29,1.8330e+28,3.2330e+28,2.1900e+27,3.4036e+32,5.8870e+31,284
216,3,0.2000,0.3500,3.2111e+29,8.6430e+28,5.2350e+28,1.3020e+28,3.1614e+32,5.1940e+31,284
216,4,0.3500,0.5500,2.9473e+29,1.8050e+29,6.2950e+28,4.0340e+28,1.7869e+32,3.6988e+31,284
216,5,0.5500,1.0100,2.3037e+29,3.6391e+29,7.3600e+28,1.2819e+29,8.9279e+31,2.6741e+31,284
217,0,0.0000,0.0500,3.0610e+28,0.0000e+00,6.5300e+27,1.0000e+25,4.4401e+32,5.5673e+31,282
217,1,0.0500,0.1000,7.9180e+28,7.1000e+26,9.2800e+27,6.0000e+25,2.7232e+32,3.6191e+31,282
217,2,0.1000,0.2000,2.0031e+29,1.9550e+28,3.0200e+28,2.0100e+27,3.5419e+32,5.6806e+31,282
217,3,0.2000,0.3500,3.0247e+29,8.1730e+28,5.4240e+28,1.3650e+28,2.9221e+32,5.4459e+31,282
217,4,0.3500,0.5500,2.8316e+29,1.7346e+29,6.4190e+28,4.0130e+28,1.7192e+32,3.7658e+31,282
217,5,0.5500,1.0100,2.1014e+29,3.3220e+29,7.3140e+28,1.3894e+29,8.1677e+31,2.6656e+31,282
218,0,0.0000,0.0500,3.8470e+28,0.0000e+00,6.7600e+27,0.0000e+00,4.3492e+32,6.2138e+31,281
218,1,0.0500,0.1000,6.6570e+28,7.2000e+26,9.5000e+27,9.0000e+25,2.2589e+32,3.3087e+31,281
218,2,0.1000,0.2000,2.0962e+29,2.0610e+28,3.0010e+28,1.7200e+27,3.7406e+32,5.6132e+31,281
218,3,0.2000,0.3500,2.8302e+29,7.3620e+28,5.4020e+28,1.2590e+28,2.7736e+32,5.3003e+31,281
218,4,0.3500,0.5500,3.0231e+29,1.8370e+29,6.0810e+28,3.8640e+28,1.8461e+32,3.6368e+31,281
218,5,0.5500,1.0100,1.9715e+29,3.2065e+29,6.5810e+28,1.2675e+29,7.5319e+31,2.3550e+31,281
219,0,0.0000,0.0500,4.4620e+28,0.0000e+00,8.3300e+27,0.0000e+00,4.1844e+32,7.2842e+31,280
219,1,0.0500,0.1000,6.0600e+28,6.3000e+26,8.3800e+27,8.0000e+25,2.0489e+32,2.7326e+31,280
219,2,0.1000,0.2000,1.8988e+29,1.8590e+28,3.0360e+28,1.7300e+27,3.4819e+32,5.4976e+31,280
219,3,0.2000,0.3500,3.1039e+29,8.1170e+28,5.0810e+28,1.1450e+28,3.0929e+32,5.0738e+31,280
219,4,0.3500,0.5500,2.9723e+29,1.8607e+29,5.8810e+28,3.8340e+28,1.7823e+32,3.4556e+31,280
219,5,0.5500,1.0100,1.8311e+29,3.0384e+29,5.9530e+28,1.1558e+29,6.8448e+31,2.1318e+31,280
220,0,0.0000,0.0500,3.6770e+28,0.0000e+00,6.7300e+27,0.0000e+00,3.3219e+32,7.5879e+31,278
220,1,0.0500,0.1000,7.0110e+28,6.8000e+26,8.5400e+27,0.0000e+00,2.6075e+32,2.9205e+31,278
220,2,0.1000,0.2000,1.9254e+29,2.0210e+28,3.0530e+28,2.1600e+27,3.4534e+32,5.6477e+31,278
220,3,0.2000,0.3500,3.0860e+29,8.1820e+28,4.5050e+28,1.1170e+28,3.0242e+32,4.4909e+31,278
220,4,0.3500,0.5500,2.7876e+29,1.7392e+29,5.4360e+28,3.3990e+28,1.6619e+32,3.2362e+31,278
220,5,0.5500,1.0100,1.7679e+29,2.9381e+29,5.4680e+28,1.0599e+29,6.6224e+31,1.9865e+31,278
221,0,0.0000,0.0500,3.1570e+28,0.0000e+00,6.8400e+27,0.0000e+00,2.8280e+32,7.8745e+31,276
221,1,0.0500,0.1000,8.1990e+28,7.4000e+26,9.6400e+27,8.0000e+25,2.8588e+32,3.3182e+31,276
221,2,0.1000,0.2000,1.9500e+29,1.9870e+28,2.9380e+28,2.0800e+27,3.3614e+32,5.3370e+31,276
221,3,0.2000,0.3500,3.0756e+29,8.5430e+28,4.7240e+28,1.1480e+28,2.9561e+32,4.4061e+31,276
221,4,0.3500,0.5500,2.5476e+29,1.5950e+29,4.6390e+28,2.9530e+28,1.5092e+32,2.7873e+31,276
221,5,0.5500,1.0100,1.7579e+29,2.8761e+29,4.9400e+28,9.3330e+28,6.6117e+31,1.8035e+31,276
222,0,0.0000,0.0500,3.1590e+28,0.0000e+00,6.2300e+27,0.0000e+00,4.4583e+32,5.5958e+31,275
222,1,0.0500,0.1000,8.4990e+28,9.1000e+26,9.7300e+27,3.0000e+25,2.8078e+32,3.4880e+31,275
222,2,0.1000,0.2000,2.0171e+29,2.1050e+28,2.9170e+28,1.8700e+27,3.4649e+32,5.1207e+31,275
222,3,0.2000,0.3500,2.9313e+29,8.1110e+28,4.7970e+28,1.1910e+28,2.7506e+32,4.6352e+31,275
222,4,0.3500,0.5500,2.4616e+29,1.5454e+29,4.8960e+28,3.2070e+28,1.4439e+32,2.8178e+31,275
222,5,0.5500,1.0100,1.5992e+29,2.6330e+29,5.0830e+28,1.0235e+29,6.0502e+31,1.8331e+31,275
223,0,0.0000,0.0500,3.8340e+28,1.0000e+25,6.6700e+27,0.0000e+00,4.4064e+32,6.0783e+31,274
223,1,0.0500,0.1000,6.9830e+28,8.4000e+26,9.0100e+27,7.0000e+25,2.3093e+32,3.2461e+31,274
223,2,0.1000,0.2000,2.1532e+29,2.2760e+28,2.7930e+28,1.7000e+27,3.7497e+32,4.9954e+31,274
223,3,0.2000,0.3500,2.6637e+29,7.3820e+28,4.5830e+28,1.1450e+28,2.5567e+32,4.4619e+31,274
223,4,0.3500,0.5500,2.6133e+29,1.6670e+29,4.6710e+28,3.1520e+28,1.5574e+32,2.7051e+31,274
223,5,0.5500,1.0100,1.4761e+29,2.4218e+29,4.4960e+28,9.3620e+28,5.5786e+31,1.6430e+31,274
224,0,0.0000,0.0500,4.6390e+28,2.0000e+25,7.5500e+27,0.0000e+00,4.2948e+32,6.9760e+31,271
224,1,0.0500,0.1000,6.3860e+28,8.7000e+26,7.5900e+27,4.0000e+25,2.0360e+32,2.5878e+31,271
224,2,0.1000,0.2000,1.9034e+29,1.9640e+28,2.7820e+28,1.5200e+27,3.4080e+32,4.8430e+31,271
224,3,0.2000,0.3500,2.9197e+29,7.7050e+28,4.4110e+28,1.1580e+28,2.8404e+32,4.2760e+31,271
224,4,0.3500,0.5500,2.5611e+29,1.6124e+29,4.3930e+28,2.8840e+28,1.5029e+32,2.5489e+31,271
224,5,0.5500,1.0100,1.3463e+29,2.2594e+29,4.0680e+28,8.1930e+28,4.9827e+31,1.4462e+31,271
225,0,0.0000,0.0500,3.8960e+28,1.0000e+25,7.3700e+27,0.0000e+00,3.5414e+32,7.3652e+31,270
225,1,0.0500,0.1000,6.8930e+28,8.0000e+26,8.3100e+27,2.0000e+25,2.4327e+32,2.6707e+31,270
225,2,0.1000,0.2000,1.9844e+29,2.1370e+28,2.7640e+28,2.0100e+27,3.4505e+32,4.9035e+31,270
225,3,0.2000,0.3500,2.9655e+29,8.1250e+28,3.7940e+28,9.6700e+27,2.8192e+32,3.7692e+31,270
225,4,0.3500,0.5500,2.4724e+29,1.6274e+29,4.2230e+28,2.7540e+28,1.4207e+32,2.4041e+31,270
225,5,0.5500,1.0100,1.2800e+29,2.1589e+29,3.9380e+28,8.0960e+28,4.6248e+31,1.3563e+31,270
226,0,0.0000,0.0500,3.4140e+28,0.0000e+00,6.5300e+27,0.0000e+00,2.9798e+32,7.6027e+31,269
226,1,0.0500,0.1000,8.1430e+28,9.7000e+26,8.7500e+27,3.0000e+25,2.8241e+32,2.9003e+31,269
226,2,0.1000,0.2000,1.9659e+29,2.0380e+28,2.8490e+28,1.8400e+27,3.3237e+32,4.8218e+31,269
226,3,0.2000,0.3500,2.9603e+29,8.4320e+28,3.8640e+28,1.0410e+28,2.7580e+32,3.5845e+31,269
226,4,0.3500,0.5500,2.2442e+29,1.4313e+29,3.6880e+28,2.5050e+28,1.2909e+32,2.1204e+31,269
226,5,0.5500,1.0100,1.2774e+29,2.1994e+29,3.5940e+28,7.5130e+28,4.7344e+31,1.2738e+31,269
227,0,0.0000,0.0500,2.9970e+28,0.0000e+00,6.2900e+27,0.0000e+00,3.7502e+32,6.2936e+31,267
227,1,0.0500,0.1000,8.8600e+28,1.2400e+27,9.4800e+27,5.0000e+25,2.9149e+32,3.0880e+31,267
227,2,0.1000,0.2000,1.9810e+29,2.1250e+28,2.5940e+28,1.6900e+27,3.3284e+32,4.5772e+31,267
227,3,0.2000,0.3500,2.8556e+29,8.4640e+28,3.9030e+28,1.0200e+28,2.6280e+32,3.6609e+31,267
227,4,0.3500,0.5500,2.0828e+29,1.3752e+29,3.5250e+28,2.4220e+28,1.1913e+32,2.0311e+31,267
227,5,0.5500,1.0100,1.1854e+29,2.0543e+29,3.5700e+28,7.6200e+28,4.3980e+31,1.2467e+31,267
228,0,0.0000,0.0500,3.5950e+28,1.0000e+25,6.1400e+27,0.0000e+00,4.4397e+32,5.5886e+31,265
228,1,0.0500,0.1000,7.9260e+28,1.3500e+27,8.7800e+27,1.4000e+26,2.5334e+32,3.0526e+31,265
228,2,0.1000,0.2000,2.1417e+29,2.3320e+28,2.4370e+28,1.7500e+27,3.5546e+32,4.3448e+31,265
228,3,0.2000,0.3500,2.6004e+29,7.5320e+28,3.8790e+28,9.7000e+27,2.3790e+32,3.6140e+31,265
228,4,0.3500,0.5500,2.1590e+29,1.4111e+29,3.6050e+28,2.5130e+28,1.2452e+32,1.9991e+31,265
228,5,0.5500,1.0100,1.0915e+29,1.8905e+29,3.3950e+28,7.3200e+28,4.0141e+31,1.1586e+31,265
229,0,0.0000,0.0500,4.4290e+28,0.0000e+00,7.4700e+27,0.0000e+00,4.3812e+32,6.1654e+31,264
229,1,0.0500,0.1000,6.8650e+28,1.0400e+27,8.2800e+27,1.0000e+26,2.1611e+32,2.6248e+31,264
229,2,0.1000,0.2000,2.0619e+29,2.3920e+28,2.3670e+28,1.3900e+27,3.4904e+32,4.2713e+31,264
229,3,0.2000,0.3500,2.6147e+29,7.2870e+28,3.7280e+28,9.0500e+27,2.4635e+32,3.4769e+31,264
229,4,0.3500,0.5500,2.1733e+29,1.4387e+29,3.2850e+28,2.4280e+28,1.2684e+32,1.9075e+31,264
229,5,0.5500,1.0100,1.0017e+29,1.7957e+29,3.1380e+28,7.1770e+28,3.6838e+31,1.0586e+31,264
230,0,0.0000,0.0500,4.7510e+28,0.0000e+00,7.0500e+27,0.0000e+00,4.0872e+32,6.8050e+31,262
230,1,0.0500,0.1000,6.3210e+28,1.0300e+27,7.6000e+27,8.0000e+25,2.0398e+32,2.3166e+31,262
230,2,0.1000,0.2000,1.9214e+29,2.2400e+28,2.4400e+28,1.6000e+27,3.3525e+32,4.0943e+31,262
230,3,0.2000,0.3500,2.7954e+29,7.8680e+28,3.4440e+28,8.5900e+27,2.6382e+32,3.2119e+31,262
230,4,0.3500,0.5500,2.1227e+29,1.4442e+29,3.1560e+28,2.2970e+28,1.1950e+32,1.7917e+31,262
230,5,0.5500,1.0100,9.0550e+28,1.7266e+29,2.9630e+28,6.6500e+28,3.2678e+31,9.9888e+30,262
231,0,0.0000,0.0500,3.7430e+28,0.0000e+00,6.6900e+27,0.0000e+00,3.2468e+32,6.9664e+31,260
231,1,0.0500,0.1000,7.7720e+28,1.0900e+27,7.5300e+27,5.0000e+25,2.6427e+32,2.4131e+31,260
231,2,0.1000,0.2000,1.9365e+29,2.1940e+28,2.5220e+28,1.7500e+27,3.2837e+32,4.1876e+31,260
231,3,0.2000,0.3500,2.7567e+29,7.8130e+28,2.9910e+28,7.8600e+27,2.5279e+32,2.7875e+31,260
231,4,0.3500,0.5500,1.9650e+29,1.3461e+29,3.0210e+28,2.1350e+28,1.1107e+32,1.6759e+31,260
231,5,0.5500,1.0100,9.0740e+28,1.6885e+29,2.7500e+28,6.4450e+28,3.2361e+31,9.4085e+30,260
232,0,0.0000,0.0500,3.3790e+28,0.0000e+00,6.6900e+27,0.0000e+00,2.8074e+32,7.1572e+31,258
232,1,0.0500,0.1000,8.5520e+28,1.2900e+27,8.8200e+27,5.0000e+25,2.8553e+32,2.5872e+31,258
232,2,0.1000,0.2000,1.9305e+29,2.0980e+28,2.3380e+28,1.4800e+27,3.1628e+32,3.9592e+31,258
232,3,0.2000,0.3500,2.7235e+29,8.0330e+28,3.0100e+28,8.5100e+27,2.4606e+32,2.7115e+31,258
232,4,0.3500,0.5500,1.7836e+29,1.2202e+29,2.6450e+28,1.9970e+28,9.9621e+31,1.4782e+31,258
232,5,0.5500,1.0100,8.9230e+28,1.6153e+29,2.6460e+28,6.1670e+28,3.1958e+31,8.8877e+30,258
233,0,0.0000,0.0500,3.0920e+28,0.0000e+00,6.1100e+27,0.0000e+00,4.1005e+32,5.5010e+31,257
233,1,0.0500,0.1000,9.1510e+28,1.6400e+27,8.2000e+27,1.0000e+26,2.9127e+32,2.7053e+31,257
233,2,0.1000,0.2000,1.9759e+29,2.3370e+28,2.2010e+28,1.4800e+27,3.1756e+32,3.7860e+31,257
233,3,0.2000,0.3500,2.5792e+29,7.8860e+28,3.1250e+28,8.1800e+27,2.2986e+32,2.8005e+31,257
233,4,0.3500,0.5500,1.6870e+29,1.1690e+29,2.5690e+28,1.9030e+28,9.2953e+31,1.4612e+31,257
233,5,0.5500,1.0100,8.2780e+28,1.5446e+29,2.6720e+28,6.6500e+28,2.9510e+31,8.9154e+30,257
234,0,0.0000,0.0500,3.7760e+28,0.0000e+00,6.6200e+27,0.0000e+00,4.4119e+32,5.3140e+31,255
234,1,0.0500,0.1000,7.8750e+28,1.6100e+27,8.0000e+27,5.0000e+25,2.4422e+32,2.5926e+31,255
234,2,0.1000,0.2000,2.1390e+29,2.4980e+28,2.1930e+28,1.2700e+27,3.4432e+32,3.6243e+31,255
234,3,0.2000,0.3500,2.3568e+29,6.8810e+28,2.9360e+28,8.0600e+27,2.0918e+32,2.7091e+31,255
234,4,0.3500,0.5500,1.7671e+29,1.2029e+29,2.5510e+28,1.8700e+28,9.8649e+31,1.3868e+31,255
234,5,0.5500,1.0100,7.7610e+28,1.4679e+29,2.5770e+28,6.5340e+28,2.7514e+31,8.5423e+30,255
235,0,0.0000,0.0500,4.5350e+28,1.0000e+25,6.8600e+27,0.0000e+00,4.3670e+32,5.7697e+31,254
235,1,0.0500,0.1000,6.9350e+28,1.3900e+27,7.1300e+27,4.0000e+25,2.1123e+32,2.2211e+31,254
235,2,0.1000,0.2000,2.0009e+29,2.6070e+28,2.1480e+28,1.4700e+27,3.3282e+32,3.5446e+31,254
235,3,0.2000,0.3500,2.4246e+29,7.1560e+28,2.7960e+28,7.9000e+27,2.1879e+32,2.6210e+31,254
235,4,0.3500,0.5500,1.7709e+29,1.2096e+29,2.5510e+28,1.9680e+28,9.9102e+31,1.3382e+31,254
235,5,0.5500,1.0100,7.1450e+28,1.3723e+29,2.3030e+28,5.7290e+28,2.5339e+31,7.6454e+30,254
236,0,0.0000,0.0500,5.0570e+28,1.0000e+25,7.0600e+27,0.0000e+00,4.1218e+32,6.2630e+31,252
236,1,0.0500,0.1000,6.3070e+28,1.1000e+27,6.9400e+27,6.0000e+25,1.9594e+32,1.9725e+31,252
236,2,0.1000,0.2000,1.9154e+29,2.4400e+28,2.0250e+28,1.4400e+27,3.2052e+32,3.3668e+31,252
236,3,0.2000,0.3500,2.5638e+29,7.5030e+28,2.6670e+28,7.3800e+27,2.3254e+32,2.4345e+31,252
236,4,0.3500,0.5500,1.7106e+29,1.1804e+29,2.3510e+28,1.8790e+28,9.2826e+31,1.2719e+31,252
236,5,0.5500,1.0100,6.2450e+28,1.2420e+29,2.1910e+28,5.7540e+28,2.1947e+31,7.2386e+30,252
237,0,0.0000,0.0500,4.0580e+28,0.0000e+00,6.2300e+27,0.0000e+00,3.2912e+32,6.3710e+31,250
237,1,0.0500,0.1000,7.7420e+28,1.2700e+27,6.3900e+27,1.0000e+26,2.5425e+32,2.0228e+31,250
237,2,0.1000,0.2000,1.9179e+29,2.2320e+28,2.1290e+28,1.7300e+27,3.1377e+32,3.4194e+31,250
237,3,0.2000,0.3500,2.5138e+29,7.3960e+28,2.4250e+28,6.8500e+27,2.2319e+32,2.1177e+31,250
237,4,0.3500,0.5500,1.5924e+29,1.1528e+29,2.2920e+28,1.7960e+28,8.6177e+31,1.2091e+31,250
237,5,0.5500,1.0100,6.0430e+28,1.2312e+29,2.1090e+28,5.4100e+28,2.1011e+31,6.8759e+30,250
238,0,0.0000,0.0500,3.4980e+28,0.0000e+00,6.2400e+27,0.0000e+00,2.8520e+32,6.5015e+31,248
238,1,0.0500,0.1000,8.7310e+28,1.4000e+27,6.4100e+27,1.0000e+26,2.7900e+32,2.1048e+31,248
238,2,0.1000,0.2000,1.9008e+29,2.1760e+28,1.9750e+28,1.7800e+27,3.0008e+32,3.2767e+31,248
238,3,0.2000,0.3500,2.4608e+29,7.6070e+28,2.2720e+28,7.7900e+27,2.1495e+32,2.0401e+31,248
238,4,0.3500,0.5500,1.4294e+29,1.0508e+29,1.9380e+28,1.4990e+28,7.7248e+31,1.0544e+31,248
238,5,0.5500,1.0100,6.1180e+28,1.2501e+29,1.9850e+28,5.0140e+28,2.1288e+31,6.4429e+30,248
239,0,0.0000,0.0500,3.1430e+28,1.0000e+25,5.9300e+27,0.0000e+00,3.4621e+32,5.6881e+31,247
239,1,0.0500,0.1000,9.4290e+28,1.8100e+27,6.8500e+27,9.0000e+25,2.8796e+32,2.2328e+31,247
239,2,0.1000,0.2000,1.9080e+29,2.3870e+28,1.8280e+28,1.9000e+27,2.9781e+32,3.1027e+31,247
239,3,0.2000,0.3500,2.4067e+29,7.4440e+28,2.4280e+28,7.0700e+27,2.0568e+32,2.0600e+31,247
239,4,0.3500,0.5500,1.3460e+29,1.0055e+29,1.9210e+28,1.5170e+28,7.1987e+31,1.0023e+31,247
239,5,0.5500,1.0100,5.7810e+28,1.2213e+29,2.1240e+28,5.8580e+28,2.0054e+31,6.6297e+30,247
240,0,0.0000,0.0500,3.5610e+28,1.0000e+25,6.3600e+27,0.0000e+00,4.4070e+32,4.8414e+31,245
240,1,0.0500,0.1000,9.1150e+28,2.1300e+27,7.1000e+27,4.0000e+25,2.6624e+32,2.2015e+31,245
240,2,0.1000,0.2000,2.0071e+29,2.5940e+28,1.7790e+28,1.4600e+27,3.0759e+32,2.9378e+31,245
240,3,0.2000,0.3500,2.1972e+29,6.9390e+28,2.4050e+28,6.6900e+27,1.8706e+32,2.0717e+31,245
240,4,0.3500,0.5500,1.3185e+29,9.6950e+28,1.9060e+28,1.5330e+28,7.1116e+31,1.0066e+31,245
240,5,0.5500,1.0100,5.4310e+28,1.1348e+29,2.1280e+28,5.9800e+28,1.8460e+31,6.6597e+30,245
241,0,0.0000,0.0500,4.1700e+28,1.0000e+25,6.1700e+27,0.0000e+00,4.3170e+32,5.0314e+31,243
241,1,0.0500,0.1000,7.3360e+28,1.7200e+27,6.2700e+27,4.0000e+25,2.1944e+32,2.0598e+31,243
241,2,0.1000,0.2000,2.1231e+29,2.9310e+28,1.8210e+28,1.3300e+27,3.3110e+32,2.8505e+31,243
241,3,0.2000,0.3500,2.0110e+29,6.2780e+28,2.2660e+28,6.6600e+27,1.7296e+32,1.9753e+31,243
241,4,0.3500,0.5500,1.4079e+29,1.0314e+29,1.8880e+28,1.5470e+28,7.6190e+31,9.8094e+30,243
241,5,0.5500,1.0100,5.1260e+28,1.1004e+29,1.9160e+28,5.1530e+28,1.6962e+31,5.9405e+30,243
242,0,0.0000,0.0500,5.0420e+28,0.0000e+00,6.4100e+27,0.0000e+00,4.3216e+32,5.4275e+31,242
242,1,0.0500,0.1000,6.8240e+28,1.6900e+27,6.0500e+27,6.0000e+25,1.9144e+32,1.7388e+31,242
242,2,0.1000,0.2000,1.8916e+29,2.4760e+28,1.7400e+28,1.3400e+27,3.0090e+32,2.7576e+31,242
242,3,0.2000,0.3500,2.2282e+29,6.7610e+28,2.2500e+28,6.8400e+27,1.9672e+32,1.9216e+31,242
242,4,0.3500,0.5500,1.3397e+29,9.7960e+28,1.8600e+28,1.5560e+28,7.1953e+31,9.3537e+30,242
242,5,0.5500,1.0100,4.6230e+28,1.0663e+29,1.8470e+28,5.3500e+28,1.5516e+31,5.5582e+30,242
243,0,0.0000,0.0500,4.9570e+28,0.0000e+00,6.4700e+27,0.0000e+00,3.8466e+32,5.7087e+31,240
243,1,0.0500,0.1000,6.5550e+28,1.6100e+27,5.8000e+27,1.2000e+26,1.9926e+32,1.6491e+31,240
243,2,0.1000,0.2000,1.8979e+29,2.3440e+28,1.6150e+28,1.2900e+27,3.0106e+32,2.6161e+31,240
243,3,0.2000,0.3500,2.3062e+29,7.0240e+28,2.0060e+28,5.8600e+27,1.9885e+32,1.7616e+31,240
243,4,0.3500,0.5500,1.2731e+29,9.3220e+28,1.6840e+28,1.5190e+28,6.5611e+31,8.8801e+30,240
243,5,0.5500,1.0100,4.1440e+28,9.9060e+28,1.7500e+28,5.3480e+28,1.3720e+31,5.3395e+30,240
244,0,0.0000,0.0500,3.8810e+28,0.0000e+00,6.2700e+27,0.0000e+00,3.0968e+32,5.7386e+31,238
244,1,0.0500,0.1000,8.0570e+28,1.6300e+27,5.5300e+27,1.1000e+26,2.5527e+32,1.6817e+31,238
244,2,0.1000,0.2000,1.8751e+29,2.2510e+28,1.7300e+28,1.3900e+27,2.9071e+32,2.6710e+31,238
244,3,0.2000,0.3500,2.1659e+29,6.7960e+28,1.7720e+28,5.8100e+27,1.8622e+32,1.5376e+31,238
244,4,0.3500,0.5500,1.1981e+29,8.9810e+28,1.5820e+28,1.4150e+28,6.1765e+31,8.4157e+30,238
244,5,0.5500,1.0100,4.1970e+28,9.9470e+28,1.7060e+28,5.1560e+28,1.4006e+31,5.1742e+30,238
245,0,0.0000,0.0500,3.5030e+28,2.0000e+25,5.6800e+27,0.0000e+00,2.7462e+32,5.8221e+31,236
245,1,0.0500,0.1000,8.8670e+28,2.0800e+27,5.8900e+27,7.0000e+25,2.7103e+32,1.7447e+31,236
245,2,0.1000,0.2000,1.8414e+29,2.3050e+28,1.6510e+28,1.6000e+27,2.7697e+32,2.5319e+31,236
245,3,0.2000,0.3500,2.1581e+29,7.0440e+28,1.8210e+28,6.0000e+27,1.7975e+32,1.4955e+31,236
245,4,0.3500,0.5500,1.0600e+29,8.2180e+28,1.3820e+28,1.3630e+28,5.4568e+31,7.3148e+30,236
245,5,0.5500,1.0100,3.9860e+28,9.6860e+28,1.6730e+28,5.3220e+28,1.3645e+31,4.9853e+30,236
246,0,0.0000,0.0500,3.1600e+28,1.0000e+25,5.7400e+27,0.0000e+00,3.3114e+32,5.1577e+31,235
246,1,0.0500,0.1000,9.5930e+28,2.5200e+27,6.5100e+27,6.0000e+25,2.7945e+32,1.8182e+31,235
246,2,0.1000,0.2000,1.8459e+29,2.4270e+28,1.5650e+28,1.6100e+27,2.7280e+32,2.4251e+31,235
246,3,0.2000,0.3500,2.0635e+29,6.8230e+28,1.8490e+28,6.1900e+27,1.7138e+32,1.5132e+31,235
246,4,0.3500,0.5500,1.0029e+29,7.8790e+28,1.3550e+28,1.2850e+28,5.0791e+31,6.9694e+30,235
246,5,0.5500,1.0100,3.8620e+28,8.9460e+28,1.7620e+28,5.4410e+28,1.2649e+31,5.1182e+30,235
247,0,0.0000,0.0500,3.5160e+28,0.0000e+00,5.6600e+27,0.0000e+00,4.3692e+32,4.3231e+31,233
247,1,0.0500,0.1000,9.4350e+28,3.2600e+27,5.8900e+27,1.2000e+26,2.6670e+32,1.7878e+31,233
247,2,0.1000,0.2000,1.9058e+29,2.6580e+28,1.5360e+28,1.3100e+27,2.7483e+32,2.3061e+31,233
247,3,0.2000,0.3500,1.9113e+29,6.4740e+28,1.8700e+28,6.1100e+27,1.5504e+32,1.5351e+31,233
247,4,0.3500,0.5500,9.6100e+28,7.4690e+28,1.4070e+28,1.3570e+28,4.9567e+31,7.0060e+30,233
247,5,0.5500,1.0100,3.5650e+28,8.6750e+28,1.5970e+28,5.4980e+28,1.1567e+31,5.0948e+30,233
248,0,0.0000,0.0500,4.1770e+28,0.0000e+00,5.8900e+27,0.0000e+00,4.3226e+32,4.4254e+31,232
248,1,0.0500,0.1000,7.5430e+28,2.6800e+27,5.7700e+27,1.4000e+26,2.1561e+32,1.7324e+31,232
248,2,0.1000,0.2000,2.0708e+29,2.8380e+28,1.5150e+28,1.3300e+27,3.0665e+32,2.2519e+31,232
248,3,0.2000,0.3500,1.7356e+29,5.6510e+28,1.8570e+28,6.2400e+27,1.4095e+32,1.4839e+31,232
248,4,0.3500,0.5500,1.0168e+29,7.8670e+28,1.4620e+28,1.3770e+28,5.2899e+31,6.9667e+30,232
248,5,0.5500,1.0100,3.2390e+28,8.1160e+28,1.6440e+28,5.6580e+28,1.0598e+31,4.9446e+30,232
249,0,0.0000,0.0500,4.8250e+28,1.0000e+25,6.2000e+27,0.0000e+00,4.2605e+32,4.6447e+31,229
249,1,0.0500,0.1000,7.0460e+28,2.5000e+27,4.7200e+27,9.0000e+25,1.9015e+32,1.4858e+31,229
249,2,0.1000,0.2000,1.8726e+29,2.6390e+28,1.3630e+28,1.3000e+27,2.8261e+32,2.1761e+31,229
249,3,0.2000,0.3500,1.8410e+29,5.9620e+28,1.6840e+28,6.2200e+27,1.5357e+32,1.4349e+31,229
249,4,0.3500,0.5500,9.9620e+28,7.8630e+28,1.3530e+28,1.4200e+28,5.0602e+31,6.8314e+30,229
249,5,0.5500,1.0100,3.1360e+28,8.2390e+28,1.5480e+28,4.9210e+28,1.0008e+31,4.5012e+30,229
250,0,0.0000,0.0500,5.6540e+28,3.0000e+25,5.9500e+27,0.0000e+00,4.1497e+32,4.9140e+31,228
250,1,0.0500,0.1000,6.2480e+28,2.0900e+27,4.9900e+27,6.0000e+25,1.7115e+32,1.3337e+31,228
250,2,0.1000,0.2000,1.7640e+29,2.3010e+28,1.3460e+28,1.0500e+27,2.7116e+32,2.0645e+31,228
250,3,0.2000,0.3500,1.9460e+29,6.2420e+28,1.5710e+28,5.7400e+27,1.6230e+32,1.3499e+31,228
250,4,0.3500,0.5500,9.3260e+28,7.7170e+28,1.3140e+28,1.2520e+28,4.7324e+31,6.5673e+30,228
250,5,0.5500,1.0100,2.9730e+28,7.9620e+28,1.5020e+28,5.1810e+28,9.1522e+30,4.3130e+30,228
251,0,0.0000,0.0500,4.7900e+28,1.0000e+25,5.7400e+27,0.0000e+00,3.4818e+32,5.0160e+31,227
251,1,0.0500,0.1000,7.0940e+28,2.0600e+27,4.8300e+27,1.0000e+26,2.1307e+32,1.3311e+31,227
251,2,0.1000,0.2000,1.7649e+29,2.1200e+28,1.3870e+28,1.5100e+27,2.6791e+32,2.0296e+31,227
251,3,0.2000,0.3500,1.8959e+29,6.2780e+28,1.5000e+28,5.0900e+27,1.5703e+32,1.2246e+31,227
251,4,0.3500,0.5500,8.6890e+28,7.3710e+28,1.3290e+28,1.2380e+28,4.3207e+31,6.2893e+30,227
251,5,0.5500,1.0100,2.6820e+28,7.8090e+28,1.5020e+28,5.3740e+28,8.3418e+30,4.3683e+30,227
252,0,0.0000,0.0500,3.9790e+28,0.0000e+00,5.7000e+27,0.0000e+00,2.8961e+32,5.0422e+31,225
252,1,0.0500,0.1000,8.4620e+28,2.2800e+27,4.9400e+27,7.0000e+25,2.5174e+32,1.3398e+31,225
252,2,0.1000,0.2000,1.7799e+29,2.2230e+28,1.3850e+28,1.4900e+27,2.5797e+32,2.0466e+31,225
252,3,0.2000,0.3500,1.7920e+29,5.9310e+28,1.4280e+28,5.3600e+27,1.4653e+32,1.1137e+31,225
252,4,0.3500,0.5500,7.9560e+28,6.6490e+28,1.2010e+28,1.1160e+28,3.9796e+31,5.8893e+30,225
252,5,0.5500,1.0100,2.8450e+28,8.4690e+28,1.4540e+28,4.9710e+28,8.7706e+30,4.1709e+30,225
253,0,0.0000,0.0500,3.5850e+28,2.0000e+25,4.8200e+27,0.0000e+00,2.6144e+32,5.0735e+31,223
253,1,0.0500,0.1000,8.9690e+28,2.7000e+27,5.5400e+27,1.0000e+26,2.6173e+32,1.4088e+31,223
253,2,0.1000,0.2000,1.7246e+29,2.3430e+28,1.2800e+28,1.5100e+27,2.4375e+32,1.9118e+31,223
253,3,0.2000,0.3500,1.7786e+29,5.9710e+28,1.4080e+28,5.0500e+27,1.4057e+32,1.0971e+31,223
253,4,0.3500,0.5500,7.3910e+28,6.3070e+28,1.0300e+28,1.0630e+28,3.5317e+31,5.1118e+30,223
253,5,0.5500,1.0100,2.8860e+28,8.9150e+28,1.4210e+28,5.2180e+28,8.7480e+30,4.0524e+30,223
254,0,0.0000,0.0500,2.9930e+28,1.0000e+25,4.7100e+27,0.0000e+00,3.0652e+32,4.5895e+31,221
254,1,0.0500,0.1000,9.4500e+28,3.0200e+27,4.9200e+27,9.0000e+25,2.6986e+32,1.4335e+31,221
254,2,0.1000,0.2000,1.6756e+29,2.3630e+28,1.2430e+28,1.4700e+27,2.3686e+32,1.8326e+31,221
254,3,0.2000,0.3500,1.7163e+29,5.9580e+28,1.2910e+28,5.0300e+27,1.3287e+32,1.0916e+31,221
254,4,0.3500,0.5500,6.7980e+28,6.1030e+28,1.0010e+28,1.1030e+28,3.2977e+31,4.8844e+30,221
254,5,0.5500,1.0100,2.8840e+28,8.6350e+28,1.4610e+28,5.6040e+28,8.3804e+30,4.1644e+30,221
255,0,0.0000,0.0500,3.5580e+28,1.0000e+25,5.1700e+27,0.0000e+00,4.3367e+32,3.7470e+31,220
255,1,0.0500,0.1000,9.8400e+28,4.8300e+27,5.0200e+27,1.3000e+26,2.6520e+32,1.4277e+31,220
255,2,0.1000,0.2000,1.7314e+29,2.6210e+28,1.1880e+28,1.1400e+27,2.3358e+32,1.7712e+31,220
255,3,0.2000,0.3500,1.5445e+29,5.4190e+28,1.4700e+28,5.3900e+27,1.1903e+32,1.1137e+31,220
255,4,0.3500,0.5500,6.6680e+28,5.8790e+28,1.0390e+28,1.2010e+28,3.1565e+31,5.0507e+30,220
255,5,0.5500,1.0100,2.5020e+28,7.8840e+28,1.5520e+28,5.9980e+28,7.6836e+30,4.3955e+30,220
256,0,0.0000,0.0500,4.1220e+28,0.0000e+00,5.0700e+27,0.0000e+00,4.3139e+32,3.8221e+31,219
256,1,0.0500,0.1000,8.0350e+28,3.9500e+27,5.1200e+27,9.0000e+25,2.1325e+32,1.3911e+31,219
256,2,0.1000,0.2000,1.8640e+29,2.8130e+28,1.1430e+28,1.2700e+27,2.6253e+32,1.7034e+31,219
256,3,0.2000,0.3500,1.4301e+29,5.0720e+28,1.3570e+28,5.0600e+27,1.1103e+32,1.0809e+31,219
256,4,0.3500,0.5500,7.0140e+28,5.9680e+28,1.0480e+28,1.1390e+28,3.3717e+31,4.9809e+30,219
256,5,0.5500,1.0100,2.4390e+28,7.8630e+28,1.4140e+28,5.4260e+28,7.2551e+30,4.0777e+30,219
257,0,0.0000,0.0500,4.7660e+28,0.0000e+00,5.5200e+27,0.0000e+00,4.2037e+32,3.9053e+31,217
257,1,0.0500,0.1000,7.2590e+28,3.3300e+27,4.4000e+27,5.0000e+25,1.9090e+32,1.2825e+31,217
257,2,0.1000,0.2000,1.8640e+29,2.8280e+28,1.1340e+28,1.1300e+27,2.6377e+32,1.6568e+31,217
257,3,0.2000,0.3500,1.3777e+29,4.7990e+28,1.3130e+28,5.2700e+27,1.0644e+32,1.0277e+31,217
257,4,0.3500,0.5500,6.9680e+28,5.9990e+28,1.1220e+28,1.2430e+28,3.3878e+31,5.0035e+30,217
257,5,0.5500,1.0100,2.3520e+28,7.3570e+28,1.4490e+28,5.9690e+28,6.8451e+30,3.9918e+30,217
258,0,0.0000,0.0500,5.5520e+28,2.0000e+25,5.3900e+27,0.0000e+00,4.2020e+32,4.0648e+31,215
258,1,0.0500,0.1000,6.3900e+28,3.1400e+27,4.0300e+27,8.0000e+25,1.6645e+32,1.0952e+31,215
258,2,0.1000,0.2000,1.6795e+29,2.2800e+28,1.1020e+28,1.0300e+27,2.4055e+32,1.6120e+31,215
258,3,0.2000,0.3500,1.5372e+29,5.3080e+28,1.2720e+28,5.4700e+27,1.2067e+32,1.0095e+31,215
258,4,0.3500,0.5500,6.4440e+28,6.0070e+28,1.0310e+28,1.3710e+28,3.1027e+31,4.9442e+30,215
258,5,0.5500,1.0100,2.2800e+28,7.0100e+28,1.4020e+28,5.7680e+28,6.3304e+30,3.8593e+30,215
259,0,0.0000,0.0500,5.9260e+28,4.0000e+25,6.0900e+27,0.0000e+00,3.9883e+32,4.2274e+31,213
259,1,0.0500,0.1000,5.9130e+28,2.4300e+27,4.1400e+27,6.0000e+25,1.5600e+32,1.0033e+31,213
259,2,0.1000,0.2000,1.6347e+29,2.1210e+28,1.0630e+28,9.8000e+26,2.3709e+32,1.5210e+31,213
259,3,0.2000,0.3500,1.5160e+29,5.1940e+28,1.1930e+28,4.4300e+27,1.2053e+32,9.3835e+30,213
259,4,0.3500,0.5500,6.0080e+28,5.6970e+28,1.0990e+28,1.3160e+28,2.8614e+31,4.9503e+30,213
259,5,0.5500,1.0100,1.9330e+28,6.8620e+28,1.4430e+28,5.7610e+28,5.6932e+30,3.8096e+30,213
260,0,0.0000,0.0500,4.9530e+28,1.0000e+25,5.1900e+27,0.0000e+00,3.3280e+32,4.2556e+31,212
260,1,0.0500,0.1000,7.0400e+28,2.5100e+27,3.7100e+27,8.0000e+25,2.0303e+32,1.0104e+31,212
260,2,0.1000,0.2000,1.6187e+29,2.0890e+28,1.0610e+28,1.2900e+27,2.3011e+32,1.5016e+31,212
260,3,0.2000,0.3500,1.4810e+29,5.0640e+28,1.1130e+28,4.1100e+27,1.1561e+32,8.6535e+30,212
260,4,0.3500,0.5500,5.5270e+28,5.4400e+28,1.0040e+28,1.2600e+28,2.6057e+31,4.8535e+30,212
260,5,0.5500,1.0100,1.9310e+28,7.2450e+28,1.5010e+28,6.1580e+28,5.5314e+30,3.9210e+30,212
261,0,0.0000,0.0500,4.0960e+28,3.0000e+25,5.2100e+27,0.0000e+00,2.8174e+32,4.2786e+31,211
261,1,0.0500,0.1000,8.2170e+28,2.1600e+27,4.1500e+27,8.0000e+25,2.3702e+32,1.0216e+31,211
261,2,0.1000,0.2000,1.6091e+29,2.1540e+28,1.0900e+28,1.2700e+27,2.2232e+32,1.5327e+31,211
261,3,0.2000,0.3500,1.3930e+29,4.9470e+28,1.0540e+28,4.9000e+27,1.0724e+32,7.6693e+30,211
261,4,0.3500,0.5500,5.0930e+28,5.1710e+28,1.0670e+28,1.2430e+28,2.4436e+31,4.7545e+30,211
261,5,0.5500,1.0100,2.0570e+28,7.5650e+28,1.4470e+28,5.9530e+28,5.8152e+30,3.9096e+30,211
262,0,0.0000,0.0500,3.7310e+28,3.0000e+25,4.6500e+27,0.0000e+00,2.5401e+32,4.2982e+31,209
262,1,0.0500,0.1000,8.9260e+28,3.2300e+27,4.0400e+27,8.0000e+25,2.5066e+32,1.0391e+31,209
262,2,0.1000,0.2000,1.5432e+29,2.1720e+28,1.0550e+28,1.3100e+27,2.0498e+32,1.4483e+31,209
262,3,0.2000,0.3500,1.3486e+29,5.1140e+28,1.0100e+28,4.9000e+27,1.0240e+32,7.7690e+30,209
262,4,0.3500,0.5500,4.7560e+28,4.7430e+28,9.9900e+27,1.2460e+28,2.1522e+31,4.3780e+30,209
262,5,0.5500,1.0100,2.0190e+28,7.3440e+28,1.3350e+28,5.5640e+28,5.7788e+30,3.7593e+30,209
263,0,0.0000,0.0500,3.3390e+28,5.0000e+25,4.6100e+27,0.0000e+00,2.2595e+32,4.3021e+31,207
263,1,0.0500,0.1000,9.2620e+28,3.6800e+27,4.2500e+27,7.0000e+25,2.4982e+32,1.0669e+31,207
263,2,0.1000,0.2000,1.5251e+29,2.2460e+28,9.9700e+27,1.2100e+27,2.0272e+32,1.3850e+31,207
263,3,0.2000,0.3500,1.3251e+29,4.9580e+28,1.0670e+28,5.1600e+27,9.6728e+31,7.7246e+30,207
263,4,0.3500,0.5500,4.4210e+28,4.6320e+28,9.2400e+27,1.3300e+28,2.0323e+31,4.1537e+30,207
263,5,0.5500,1.0100,1.9960e+28,7.4780e+28,1.3930e+28,5.9220e+28,5.5709e+30,3.6732e+30,207
264,0,0.0000,0.0500,3.2830e+28,1.0000e+25,4.4100e+27,0.0000e+00,3.7314e+32,3.4274e+31,206
264,1,0.0500,0.1000,9.8120e+28,4.9400e+27,4.1500e+27,7.0000e+25,2.5124e+32,1.1169e+31,206
264,2,0.1000,0.2000,1.5008e+29,2.3190e+28,9.8700e+27,1.1800e+27,1.9393e+32,1.3271e+31,206
264,3,0.2000,0.3500,1.2270e+29,4.8400e+28,1.0800e+28,4.9800e+27,8.9173e+31,8.1237e+30,206
264,4,0.3500,0.5500,4.0370e+28,4.1420e+28,9.9400e+27,1.2930e+28,1.8511e+31,4.3659e+30,206
264,5,0.5500,1.0100,1.8370e+28,7.1290e+28,1.4060e+28,5.9250e+28,5.0144e+30,3.7538e+30,206
265,0,0.0000,0.0500,3.5740e+28,0.0000e+00,4.9700e+27,1.0000e+25,4.2408e+32,3.1273e+31,204
265,1,0.0500,0.1000,1.0242e+29,6.9300e+27,4.2100e+27,1.2000e+26,2.4886e+32,1.0733e+31,204
265,2,0.1000,0.2000,1.4622e+29,2.2760e+28,9.7100e+27,1.0300e+27,1.8732e+32,1.2789e+31,204
265,3,0.2000,0.3500,1.1131e+29,4.3330e+28,1.1590e+28,5.6200e+27,7.9738e+31,8.1946e+30,204
265,4,0.3500,0.5500,3.9920e+28,4.2350e+28,9.8200e+27,1.1990e+28,1.8041e+31,4.2617e+30,204
265,5,0.5500,1.0100,1.7380e+28,6.7010e+28,1.3760e+28,6.0160e+28,4.8250e+30,3.6304e+30,204
266,0,0.0000,0.0500,4.3080e+28,2.0000e+25,4.8500e+27,0.0000e+00,4.2651e+32,3.1566e+31,203
266,1,0.0500,0.1000,8.0780e+28,4.7000e+27,4.2100e+27,3.0000e+25,1.9559e+32,1.0546e+31,203
266,2,0.1000,0.2000,1.6268e+29,2.4720e+28,9.0300e+27,1.2000e+27,2.1415e+32,1.2425e+31,203
266,3,0.2000,0.3500,1.0343e+29,4.1610e+28,1.1490e+28,4.8800e+27,7.5522e+31,8.0447e+30,203
266,4,0.3500,0.5500,4.0750e+28,4.2660e+28,9.4100e+27,1.1250e+28,1.8834e+31,4.0709e+30,203
266,5,0.5500,1.0100,1.6150e+28,6.3990e+28,1.2830e+28,5.7250e+28,4.4898e+30,3.3998e+30,203
267,0,0.0000,0.0500,4.6910e+28,1.0000e+25,4.3700e+27,0.0000e+00,4.1386e+32,3.1832e+31,202
267,1,0.0500,0.1000,7.2110e+28,4.0600e+27,4.1700e+27,1.0000e+26,1.7850e+32,1.0193e+31,202
267,2,0.1000,0.2000,1.6839e+29,2.4870e+28,8.9000e+27,1.1100e+27,2.2277e+32,1.2287e+31,202
267,3,0.2000,0.3500,9.7100e+28,3.9650e+28,1.0740e+28,4.9400e+27,6.8520e+31,7.7626e+30,202
267,4,0.3500,0.5500,4.2220e+28,4.2630e+28,9.6400e+27,1.3620e+28,1.9267e+31,4.0880e+30,202
267,5,0.5500,1.0100,1.5190e+28,6.4270e+28,1.2640e+28,5.7870e+28,4.2282e+30,3.2585e+30,202
268,0,0.0000,0.0500,5.3100e+28,2.0000e+25,4.4600e+27,0.0000e+00,4.1221e+32,3.2856e+31,200
268,1,0.0500,0.1000,6.4380e+28,3.7500e+27,3.3800e+27,8.0000e+25,1.5738e+32,8.8838e+30,200
268,2,0.1000,0.2000,1.5224e+29,2.1090e+28,8.4800e+27,1.0500e+27,2.0507e+32,1.1955e+31,200
268,3,0.2000,0.3500,1.0527e+29,3.8300e+28,1.0380e+28,5.2000e+27,7.7983e+31,7.7352e+30,200
268,4,0.3500,0.5500,4.0550e+28,4.1140e+28,9.5900e+27,1.1950e+28,1.7916e+31,3.9878e+30,200
268,5,0.5500,1.0100,1.6250e+28,6.7300e+28,1.2300e+28,6.0760e+28,4.1335e+30,3.0712e+30,200
269,0,0.0000,0.0500,5.9250e+28,2.0000e+25,4.4700e+27,0.0000e+00,4.0901e+32,3.3730e+31,198
269,1,0.0500,0.1000,5.9990e+28,3.4600e+27,2.7700e+27,9.0000e+25,1.3962e+32,7.7590e+30,198
269,2,0.1000,0.2000,1.4175e+29,1.8700e+28,8.8100e+27,9.1000e+26,1.9127e+32,1.1635e+31,198
269,3,0.2000,0.3500,1.0807e+29,3.9460e+28,1.0740e+28,5.3500e+27,8.0646e+31,7.6334e+30,198
269,4,0.3500,0.5500,3.6670e+28,3.8390e+28,9.3200e+27,1.3620e+28,1.6335e+31,3.9299e+30,198
269,5,0.5500,1.0100,1.4790e+28,6.9270e+28,1.2060e+28,6.3550e+28,3.9284e+30,3.0981e+30,198
270,0,0.0000,0.0500,6.1930e+28,6.0000e+25,4.8100e+27,1.0000e+25,3.8793e+32,3.5107e+31,198
270,1,0.0500,0.1000,5.4490e+28,2.7300e+27,3.3100e+27,1.2000e+26,1.3629e+32,7.2989e+30,198
270,2,0.1000,0.2000,1.4240e+29,1.8570e+28,8.4900e+27,9.3000e+26,1.9216e+32,1.1167e+31,198
270,3,0.2000,0.3500,1.0753e+29,4.1640e+28,1.0240e+28,4.7400e+27,8.0282e+31,7.2327e+30,198
270,4,0.3500,0.5500,3.4750e+28,3.8260e+28,9.3200e+27,1.3600e+28,1.5100e+31,3.9144e+30,198
270,5,0.5500,1.0100,1.4670e+28,7.1090e+28,1.2440e+28,5.8880e+28,3.8135e+30,3.0719e+30,198
271,0,0.0000,0.0500,5.2480e+28,3.0000e+25,4.3600e+27,0.0000e+00,3.2623e+32,3.4750e+31,195
271,1,0.0500,0.1000,6.5500e+28,2.7600e+27,3.1000e+27,1.5000e+26,1.7564e+32,7.3306e+30,195
271,2,0.1000,0.2000,1.3753e+29,1.9230e+28,8.6100e+27,1.3500e+27,1.8382e+32,1.1087e+31,195
271,3,0.2000,0.3500,1.0345e+29,4.1410e+28,9.8200e+27,3.9800e+27,7.5406e+31,6.7234e+30,195
271,4,0.3500,0.5500,3.1420e+28,3.7460e+28,9.1500e+27,1.2620e+28,1.3618e+31,3.7978e+30,195
271,5,0.5500,1.0100,1.5430e+28,7.3200e+28,1.2700e+28,6.3610e+28,3.7549e+30,3.0614e+30,195
272,0,0.0000,0.0500,4.3620e+28,4.0000e+25,4.3500e+27,0.0000e+00,2.8017e+32,3.4890e+31,195
272,1,0.0500,0.1000,7.7640e+28,2.6500e+27,3.3800e+27,6.0000e+25,2.1060e+32,7.5594e+30,195
272,2,0.1000,0.2000,1.3732e+29,2.0290e+28,9.1500e+27,1.3500e+27,1.7587e+32,1.1538e+31,195
272,3,0.2000,0.3500,9.5750e+28,3.8530e+28,8.8900e+27,4.1100e+27,6.9121e+31,5.9969e+30,195
272,4,0.3500,0.5500,3.1390e+28,3.5530e+28,9.0900e+27,1.3010e+28,1.3491e+31,3.8547e+30,195
272,5,0.5500,1.0100,1.5390e+28,8.2460e+28,1.2030e+28,6.7530e+28,3.9957e+30,3.1930e+30,195
273,0,0.0000,0.0500,3.8840e+28,2.0000e+25,4.0800e+27,0.0000e+00,2.5097e+32,3.4957e+31,193
273,1,0.0500,0.1000,8.3080e+28,3.0000e+27,3.2600e+27,1.3000e+26,2.2123e+32,7.5482e+30,193
273,2,0.1000,0.2000,1.3225e+29,2.0740e+28,8.5000e+27,1.2100e+27,1.6599e+32,1.1187e+31,193
273,3,0.2000,0.3500,9.2230e+28,4.0410e+28,9.3400e+27,4.0700e+27,6.6085e+31,5.8978e+30,193
273,4,0.3500,0.5500,2.7770e+28,3.2250e+28,8.8500e+27,1.3140e+28,1.1966e+31,3.7035e+30,193
273,5,0.5500,1.0100,1.6160e+28,7.8220e+28,1.1750e+28,6.2590e+28,4.0078e+30,3.0077e+30,193
274,0,0.0000,0.0500,3.6950e+28,6.0000e+25,4.0800e+27,0.0000e+00,2.3132e+32,3.4878e+31,191
274,1,0.0500,0.1000,8.8580e+28,3.4000e+27,3.5000e+27,1.9000e+26,2.2771e+32,8.0435e+30,191
274,2,0.1000,0.2000,1.2314e+29,1.9720e+28,8.4700e+27,1.3800e+27,1.5216e+32,1.0407e+31,191
274,3,0.2000,0.3500,8.8680e+28,3.8300e+28,8.6500e+27,4.4000e+27,6.1852e+31,5.9266e+30,191
274,4,0.3500,0.5500,2.5570e+28,3.2260e+28,7.8700e+27,1.2210e+28,1.0873e+31,3.4528e+30,191
274,5,0.5500,1.0100,1.6200e+28,7.7890e+28,1.1990e+28,6.5860e+28,3.8986e+30,3.0432e+30,191
275,0,0.0000,0.0500,3.3560e+28,3.0000e+25,3.9500e+27,0.0000e+00,2.1237e+32,3.5219e+31,191
275,1,0.0500,0.1000,9.1890e+28,4.0100e+27,3.9600e+27,1.3000e+26,2.2444e+32,8.4070e+30,191
275,2,0.1000,0.2000,1.2516e+29,1.9420e+28,8.5700e+27,1.1800e+27,1.5296e+32,1.0122e+31,191
275,3,0.2000,0.3500,8.5590e+28,3.7370e+28,8.5000e+27,4.4200e+27,5.8509e+31,5.8478e+30,191
275,4,0.3500,0.5500,2.5200e+28,3.1230e+28,7.9400e+27,1.2520e+28,1.0427e+31,3.2934e+30,191
275,5,0.5500,1.0100,1.5460e+28,8.2200e+28,1.2590e+28,6.6870e+28,3.9625e+30,3.0477e+30,191
276,0,0.0000,0.0500,3.0550e+28,2.0000e+25,3.8000e+27,0.0000e+00,2.5466e+32,3.2371e+31,189
276,1,0.0500,0.1000,9.6380e+28,5.9100e+27,3.4600e+27,1.0000e+26,2.3219e+32,8.4627e+30,189
276,2,0.1000,0.2000,1.1861e+29,1.8160e+28,7.9000e+27,1.0500e+27,1.4206e+32,9.7378e+30,189
276,3,0.2000,0.3500,7.9960e+28,3.6070e+28,8.7700e+27,4.5100e+27,5.4532e+31,5.8928e+30,189
276,4,0.3500,0.5500,2.3910e+28,2.7650e+28,8.4400e+27,1.2910e+28,9.5297e+30,3.2841e+30,189
276,5,0.5500,1.0100,1.4830e+28,7.8930e+28,1.3140e+28,7.7530e+28,3.7080e+30,3.1300e+30,189
277,0,0.0000,0.0500,3.2980e+28,4.0000e+25,3.9100e+27,0.0000e+00,4.2701e+32,2.4183e+31,187
277,1,0.0500,0.1000,9.6020e+28,7.2000e+27,3.6500e+27,9.0000e+25,2.1965e+32,8.6143e+30,187
277,2,0.1000,0.2000,1.1507e+29,1.7770e+28,7.4600e+27,1.0900e+27,1.3772e+32,9.5874e+30,187
277,3,0.2000,0.3500,7.3510e+28,3.4260e+28,8.9500e+27,4.7000e+27,4.8944e+31,6.0212e+30,187
277,4,0.3500,0.5500,2.2540e+28,2.8710e+28,8.4400e+27,1.3530e+28,8.9173e+30,3.3445e+30,187
277,5,0.5500,1.0100,1.4400e+28,7.1350e+28,1.3170e+28,7.2600e+28,3.4294e+30,3.2274e+30,187
278,0,0.0000,0.0500,3.6350e+28,3.0000e+25,3.9800e+27,0.0000e+00,4.2053e+32,2.4679e+31,187
278,1,0.0500,0.1000,9.9580e+28,7.7800e+27,3.2700e+27,1.1000e+26,2.2054e+32,8.2737e+30,187
278,2,0.1000,0.2000,1.1293e+29,1.8610e+28,7.0500e+27,1.1400e+27,1.3029e+32,9.3436e+30,187
278,3,0.2000,0.3500,6.5730e+28,3.1380e+28,8.9800e+27,5.2500e+27,4.4155e+31,6.0187e+30,187
278,4,0.3500,0.5500,2.1730e+28,2.8080e+28,9.1600e+27,1.3520e+28,9.0058e+30,3.3702e+30,187
278,5,0.5500,1.0100,1.3240e+28,7.2220e+28,1.3760e+28,7.4970e+28,3.3474e+30,3.2163e+30,187
279,0,0.0000,0.0500,4.2100e+28,3.0000e+25,3.9900e+27,1.0000e+25,4.1905e+32,2.4574e+31,185
279,1,0.0500,0.1000,7.9580e+28,5.4700e+27,4.1100e+27,7.0000e+25,1.7574e+32,8.1822e+30,185
279,2,0.1000,0.2000,1.2222e+29,1.8760e+28,7.6500e+27,1.2800e+27,1.5116e+32,9.0331e+30,185
279,3,0.2000,0.3500,6.4440e+28,2.9240e+28,8.6000e+27,4.5600e+27,4.2842e+31,5.9658e+30,185
279,4,0.3500,0.5500,2.2110e+28,2.7880e+28,8.1900e+27,1.3730e+28,9.0689e+30,3.3279e+30,185
279,5,0.5500,1.0100,1.3860e+28,7.2350e+28,1.3310e+28,8.0740e+28,3.3294e+30,3.1389e+30,185
280,0,0.0000,0.0500,4.5610e+28,3.0000e+25,3.4700e+27,1.0000e+25,4.1157e+32,2.4629e+31,184
280,1,0.0500,0.1000,6.9000e+28,4.5700e+27,3.4200e+27,1.1000e+26,1.5563e+32,8.0026e+30,184
280,2,0.1000,0.2000,1.2996e+29,1.8870e+28,7.4400e+27,8.6000e+26,1.6065e+32,8.9892e+30,184
280,3,0.2000,0.3500,5.8170e+28,2.7860e+28,8.7500e+27,5.0400e+27,3.8137e+31,5.8394e+30,184
280,4,0.3500,0.5500,2.2930e+28,3.0660e+28,9.1200e+27,1.5390e+28,9.3739e+30,3.4322e+30,184
280,5,0.5500,1.0100,1.3520e+28,7.6160e+28,1.3070e+28,7.6170e+28,3.2953e+30,3.1506e+30,184
281,0,0.0000,0.0500,5.0960e+28,1.0000e+25,3.6800e+27,1.0000e+25,4.0162e+32,2.4724e+31,182
281,1,0.0500,0.1000,6.4440e+28,4.0900e+27,3.0300e+27,9.0000e+25,1.4324e+32,7.6800e+30,182
281,2,0.1000,0.2000,1.2898e+29,2.0590e+28,7.6100e+27,9.9000e+26,1.5841e+32,8.9050e+30,182
281,3,0.2000,0.3500,5.4570e+28,2.6550e+28,8.5900e+27,4.7300e+27,3.6413e+31,5.6768e+30,182
281,4,0.3500,0.5500,2.2240e+28,2.9390e+28,8.8200e+27,1.5180e+28,9.1398e+30,3.5199e+30,182
281,5,0.5500,1.0100,1.3070e+28,7.6250e+28,1.3390e+28,7.8840e+28,3.1683e+30,2.9803e+30,182
282,0,0.0000,0.0500,5.6270e+28,4.0000e+25,4.2000e+27,0.0000e+00,4.0185e+32,2.5632e+31,182
282,1,0.0500,0.1000,5.8540e+28,3.3400e+27,2.6800e+27,1.0000e+26,1.2937e+32,6.8091e+30,182
282,2,0.1000,0.2000,1.1974e+29,1.7070e+28,7.2300e+27,1.1600e+27,1.4854e+32,8.8445e+30,182
282,3,0.2000,0.3500,6.1390e+28,2.8070e+28,9.1800e+27,5.7600e+27,4.1909e+31,5.8231e+30,182
282,4,0.3500,0.5500,2.0950e+28,2.9300e+28,9.4300e+27,1.6770e+28,8.7660e+30,3.5680e+30,182
282,5,0.5500,1.0100,1.3740e+28,7.6880e+28,1.2160e+28,7.4930e+28,3.1621e+30,2.8530e+30,182
283,0,0.0000,0.0500,6.0590e+28,2.0000e+25,3.9000e+27,1.0000e+25,3.9653e+32,2.6328e+31,180
283,1,0.0500,0.1000,5.4820e+28,3.2500e+27,2.3600e+27,1.2000e+26,1.1822e+32,5.7928e+30,180
283,2,0.1000,0.2000,1.1078e+29,1.5340e+28,7.2000e+27,9.9000e+26,1.3787e+32,8.8866e+30,180
283,3,0.2000,0.3500,6.2370e+28,2.6890e+28,8.7700e+27,4.4200e+27,4.2612e+31,5.5970e+30,180
283,4,0.3500,0.5500,1.9440e+28,2.9300e+28,9.1600e+27,1.6090e+28,8.0367e+30,3.5600e+30,180
283,5,0.5500,1.0100,1.2580e+28,7.7010e+28,1.1590e+28,7.2520e+28,2.9762e+30,2.7156e+30,180
284,0,0.0000,0.0500,6.7420e+28,1.3000e+26,4.0300e+27,1.0000e+25,3.9249e+32,2.6820e+31,179
284,1,0.0500,0.1000,4.7760e+28,2.7300e+27,2.8000e+27,1.2000e+26,1.0352e+32,5.4224e+30,179
284,2,0.1000,0.2000,1.0871e+29,1.6050e+28,7.7500e+27,1.1700e+27,1.3444e+32,8.5810e+30,179
284,3,0.2000,0.3500,6.3130e+28,2.9440e+28,8.8000e+27,5.4300e+27,4.2302e+31,5.6047e+30,179
284,4,0.3500,0.5500,1.9600e+28,2.8370e+28,8.9600e+27,1.5490e+28,7.7618e+30,3.5117e+30,179
284,5,0.5500,1.0100,1.2140e+28,7.7960e+28,1.1890e+28,7.6530e+28,2.8967e+30,2.7168e+30,179
285,0,0.0000,0.0500,6.7080e+28,1.8000e+26,3.8700e+27,0.0000e+00,3.7116e+32,2.7544e+31,178
285,1,0.0500,0.1000,4.7010e+28,2.4200e+27,2.3300e+27,1.3000e+26,1.0666e+32,5.0729e+30,178
285,2,0.1000,0.2000,1.0688e+29,1.6280e+28,6.9000e+27,1.2300e+27,1.3116e+32,8.3709e+30,178
285,3,0.2000,0.3500,6.2690e+28,2.8140e+28,8.9600e+27,5.0600e+27,4.1949e+31,5.3690e+30,178
285,4,0.3500,0.5500,1.9050e+28,2.6490e+28,9.3300e+27,1.6040e+28,7.2639e+30,3.4506e+30,178
285,5,0.5500,1.0100,1.2310e+28,7.9260e+28,1.1130e+28,7.5490e+28,2.8303e+30,2.5919e+30,178
286,0,0.0000,0.0500,6.2710e+28,1.0000e+26,4.2700e+27,0.0000e+00,3.4119e+32,2.7358e+31,176
286,1,0.0500,0.1000,4.9480e+28,2.1500e+27,2.4800e+27,8.0000e+25,1.1614e+32,5.2122e+30,176
286,2,0.1000,0.2000,1.0622e+29,1.7320e+28,7.2700e+27,1.4500e+27,1.2977e+32,8.3492e+30,176
286,3,0.2000,0.3500,5.6790e+28,2.9270e+28,8.5100e+27,5.3400e+27,3.8195e+31,5.2631e+30,176
286,4,0.3500,0.5500,1.7790e+28,2.7190e+28,9.0000e+27,1.6590e+28,6.7825e+30,3.4279e+30,176
286,5,0.5500,1.0100,1.2200e+28,7.9760e+28,1.0950e+28,6.9460e+28,2.7175e+30,2.5169e+30,176
287,0,0.0000,0.0500,5.3290e+28,1.3000e+26,3.6700e+27,0.0000e+00,2.9266e+32,2.7476e+31,176
287,1,0.0500,0.1000,6.3260e+28,2.3900e+27,2.3400e+27,1.3000e+26,1.5655e+32,5.3167e+30,176
287,2,0.1000,0.2000,1.0052e+29,1.6330e+28,7.0300e+27,1.1900e+27,1.2013e+32,8.4552e+30,176
287,3,0.2000,0.3500,5.7860e+28,2.8170e+28,7.5900e+27,5.0200e+27,3.7856e+31,5.0333e+30,176
287,4,0.3500,0.5500,1.7050e+28,2.7500e+28,9.2800e+27,1.5830e+28,6.4630e+30,3.4192e+30,176
287,5,0.5500,1.0100,1.1960e+28,8.4760e+28,1.1520e+28,7.5040e+28,2.7488e+30,2.5358e+30,176
288,0,0.0000,0.0500,4.6360e+28,4.0000e+25,3.7700e+27,0.0000e+00,2.5850e+32,2.7327e+31,174
288,1,0.0500,0.1000,7.1970e+28,2.7500e+27,2.7100e+27,1.0000e+26,1.7756e+32,5.4523e+30,174
288,2,0.1000,0.2000,9.3090e+28,1.5630e+28,7.4500e+27,1.2600e+27,1.1126e+32,8.5069e+30,174
288,3,0.2000,0.3500,5.3230e+28,2.7290e+28,8.1100e+27,4.6900e+27,3.4176e+31,4.6261e+30,174
288,4,0.3500,0.5500,1.6370e+28,2.7150e+28,8.5200e+27,1.5630e+28,6.4111e+30,3.3911e+30,174
288,5,0.5500,1.0100,1.3280e+28,8.9520e+28,1.0650e+28,7.7550e+28,2.9133e+30,2.4930e+30,174
289,0,0.0000,0.0500,4.1330e+28,1.4000e+26,3.4700e+27,0.0000e+00,2.3620e+32,2.7295e+31,173
289,1,0.0500,0.1000,7.3810e+28,3.0700e+27,2.5200e+27,1.4000e+26,1.8123e+32,5.6486e+30,173
289,2,0.1000,0.2000,9.4990e+28,1.5180e+28,7.5100e+27,1.3700e+27,1.1091e+32,8.5721e+30,173
289,3,0.2000,0.3500,4.8680e+28,2.6060e+28,7.6000e+27,4.8600e+27,3.1660e+31,4.4949e+30,173
289,4,0.3500,0.5500,1.6530e+28,2.5740e+28,9.4200e+27,1.7270e+28,6.0598e+30,3.3739e+30,173
289,5,0.5500,1.0100,1.3000e+28,8.9360e+28,1.1240e+28,8.5250e+28,2.9497e+30,2.5687e+30,173
290,0,0.0000,0.0500,3.8980e+28,8.0000e+25,3.3700e+27,0.0000e+00,2.2217e+32,2.7677e+31,173
290,1,0.0500,0.1000,7.7950e+28,3.4500e+27,2.5200e+27,1.8000e+26,1.8643e+32,5.6710e+30,173
290,2,0.1000,0.2000,8.8780e+28,1.4950e+28,7.6700e+27,1.7800e+27,1.0225e+32,8.4240e+30,173
290,3,0.2000,0.3500,4.9630e+28,2.5130e+28,7.8800e+27,5.4600e+27,3.1199e+31,4.7327e+30,173
290,4,0.3500,0.5500,1.4820e+28,2.4830e+28,8.8100e+27,1.7840e+28,5.6775e+30,3.3189e+30,173
290,5,0.5500,1.0100,1.2690e+28,8.7700e+28,1.1760e+28,8.4980e+28,2.9235e+30,2.6099e+30,173
291,0,0.0000,0.0500,3.7330e+28,1.2000e+26,3.4000e+27,2.0000e+25,2.0768e+32,2.7589e+31,171
291,1,0.0500,0.1000,8.1250e+28,4.3000e+27,2.7500e+27,1.5000e+26,1.8680e+32,5.9725e+30,171
291,2,0.1000,0.2000,8.3680e+28,1.4560e+28,7.2400e+27,1.5200e+27,9.4834e+31,8.0818e+30,171
291,3,0.2000,0.3500,4.5620e+28,2.4550e+28,8.2800e+27,5.5600e+27,2.8555e+31,4.8330e+30,171
291,4,0.3500,0.5500,1.4760e+28,2.4630e+28,8.2900e+27,1.4790e+28,5.2949e+30,3.1261e+30,171
291,5,0.5500,1.0100,1.3060e+28,8.8640e+28,1.0770e+28,7.3620e+28,2.8548e+30,2.5269e+30,171
292,0,0.0000,0.0500,3.4850e+28,9.0000e+25,3.2800e+27,1.0000e+25,1.9366e+32,2.7626e+31,170
292,1,0.0500,0.1000,8.3510e+28,5.1300e+27,3.3400e+27,2.2000e+26,1.8899e+32,6.6735e+30,170
292,2,0.1000,0.2000,7.9430e+28,1.4380e+28,6.9200e+27,1.4800e+27,8.7148e+31,7.4094e+30,170
292,3,0.2000,0.3500,4.4630e+28,2.4460e+28,8.3500e+27,6.0100e+27,2.7485e+31,4.7724e+30,170
292,4,0.3500,0.5500,1.3670e+28,2.4850e+28,8.2100e+27,1.5700e+28,5.0440e+30,3.0127e+30,170
292,5,0.5500,1.0100,1.3020e+28,8.5820e+28,1.0890e+28,7.8710e+28,2.7153e+30,2.4170e+30,170
293,0,0.0000,0.0500,3.4270e+28,5.0000e+25,3.2200e+27,0.0000e+00,1.8464e+32,2.7680e+31,169
293,1,0.0500,0.1000,7.9790e+28,5.3600e+27,3.7400e+27,2.2000e+26,1.7898e+32,6.9485e+30,169
293,2,0.1000,0.2000,7.9960e+28,1.3270e+28,6.7600e+27,1.3900e+27,8.8319e+31,7.2531e+30,169
293,3,0.2000,0.3500,4.0250e+28,2.2740e+28,7.8100e+27,6.7700e+27,2.5197e+31,4.8342e+30,169
293,4,0.3500,0.5500,1.2990e+28,2.1370e+28,8.1700e+27,1.5010e+28,4.8518e+30,2.8686e+30,169
293,5,0.5500,1.0100,1.1670e+28,8.9080e+28,1.0570e+28,7.8160e+28,2.7331e+30,2.4444e+30,169
294,0,0.0000,0.0500,2.9870e+28,3.0000e+25,3.3700e+27,0.0000e+00,1.6710e+32,2.7975e+31,168
294,1,0.0500,0.1000,8.3220e+28,5.7700e+27,3.6200e+27,2.8000e+26,1.8220e+32,6.8053e+30,168
294,2,0.1000,0.2000,7.4380e+28,1.3120e+28,6.3800e+27,1.4800e+27,8.3039e+31,7.1664e+30,168
294,3,0.2000,0.3500,4.0740e+28,2.1900e+28,8.6100e+27,6.2600e+27,2.4639e+31,4.8575e+30,168
294,4,0.3500,0.5500,1.2540e+28,2.2800e+28,8.2200e+27,1.6360e+28,4.7334e+30,2.8182e+30,168
294,5,0.5500,1.0100,1.2270e+28,8.9630e+28,1.1360e+28,8.0800e+28,2.7056e+30,2.4886e+30,168
295,0,0.0000,0.0500,2.5900e+28,6.0000e+25,2.8000e+27,0.0000e+00,1.5568e+32,2.8149e+31,167
295,1,0.0500,0.1000,8.3750e+28,5.9800e+27,3.2800e+27,1.4000e+26,1.8167e+32,6.8205e+30,167
295,2,0.1000,0.2000,7.1260e+28,1.2580e+28,6.1400e+27,1.1400e+27,7.7410e+31,7.0314e+30,167
295,3,0.2000,0.3500,3.6440e+28,2.1820e+28,8.0100e+27,6.4300e+27,2.2775e+31,4.8707e+30,167
295,4,0.3500,0.5500,1.2200e+28,2.2330e+28,8.4400e+27,1.7230e+28,4.4895e+30,2.8662e+30,167
295,5,0.5500,1.0100,1.2120e+28,9.3540e+28,1.0920e+28,8.2600e+28,2.7259e+30,2.4432e+30,167
296,0,0.0000,0.0500,2.7470e+28,6.0000e+25,2.9800e+27,0.0000e+00,3.8999e+32,1.8461e+31,166
296,1,0.0500,0.1000,8.2880e+28,5.5800e+27,3.3000e+27,2.4000e+26,1.7283e+32,7.0767e+30,166
296,2,0.1000,0.2000,6.7710e+28,1.2460e+28,6.3000e+27,1.2600e+27,7.2489e+31,6.9539e+30,166
296,3,0.2000,0.3500,3.5340e+28,2.1250e+28,9.0200e+27,6.8200e+27,2.0925e+31,5.1939e+30,166
296,4,0.3500,0.5500,1.1670e+28,2.1900e+28,8.7100e+27,1.7750e+28,4.2658e+30,2.9474e+30,166
296,5,0.5500,1.0100,1.1420e+28,8.6760e+28,1.2290e+28,9.5960e+28,2.5131e+30,2.5740e+30,166
297,0,0.0000,0.0500,3.2540e+28,1.0000e+26,2.9000e+27,0.0000e+00,4.2738e+32,1.6763e+31,165
297,1,0.0500,0.1000,7.7730e+28,4.8500e+27,3.3400e+27,1.6000e+26,1.6110e+32,7.0678e+30,165
297,2,0.1000,0.2000,6.8030e+28,1.2520e+28,6.1300e+27,1.4000e+27,7.1047e+31,6.9347e+30,165
297,3,0.2000,0.3500,3.2560e+28,2.0350e+28,9.1100e+27,7.1000e+27,1.9393e+31,5.2812e+30,165
297,4,0.3500,0.5500,1.1450e+28,2.2320e+28,8.4700e+27,1.7820e+28,4.1209e+30,2.9607e+30,165
297,5,0.5500,1.0100,1.1380e+28,8.3230e+28,1.2420e+28,9.2650e+28,2.4357e+30,2.6018e+30,165
298,0,0.0000,0.0500,3.3760e+28,1.0000e+25,2.8200e+27,1.0000e+25,4.1535e+32,1.6911e+31,164
298,1,0.0500,0.1000,8.1600e+28,4.7100e+27,2.6900e+27,1.5000e+26,1.6413e+32,6.7636e+30,164
298,2,0.1000,0.2000,6.3770e+28,1.1840e+28,6.5200e+27,1.8400e+27,6.6117e+31,7.0431e+30,164
298,3,0.2000,0.3500,3.0600e+28,1.9240e+28,9.2500e+27,7.2800e+27,1.8049e+31,5.1926e+30,164
298,4,0.3500,0.5500,1.1170e+28,2.0860e+28,8.0800e+27,1.7210e+28,3.9259e+30,2.9651e+30,164
298,5,0.5500,1.0100,1.0920e+28,8.6460e+28,1.2210e+28,9.5660e+28,2.4099e+30,2.5872e+30,164
299,0,0.0000,0.0500,3.5630e+28,6.0000e+25,3.1100e+27,0.0000e+00,4.1305e+32,1.6946e+31,163
299,1,0.0500,0.1000,7.9910e+28,4.8400e+27,3.0300e+27,1.8000e+26,1.5703e+32,6.8415e+30,163
299,2,0.1000,0.2000,6.0480e+28,1.1480e+28,6.4200e+27,1.4700e+27,6.1618e+31,6.8732e+30,163
299,3,0.2000,0.3500,2.8650e+28,1.9010e+28,9.1200e+27,7.3700e+27,1.6617e+31,5.2207e+30,163
299,4,0.3500,0.5500,1.1470e+28,2.3530e+28,8.3300e+27,1.8100e+28,4.0565e+30,2.8690e+30,163
299,5,0.5500,1.0100,1.1150e+28,8.7640e+28,1.1450e+28,9.2980e+28,2.4186e+30,2.4731e+30,163
300,0,0.0000,0.0500,3.9210e+28,1.0000e+26,2.8400e+27,2.0000e+25,4.1094e+32,1.6883e+31,162
300,1,0.0500,0.1000,7.3560e+28,4.8500e+27,3.0900e+27,1.4000e+26,1.4304e+32,6.9620e+30,162
300,2,0.1000,0.2000,5.8950e+28,1.1470e+28,6.3900e+27,1.3600e+27,6.2584e+31,6.6900e+30,162
300,3,0.2000,0.3500,2.7570e+28,1.7840e+28,8.9900e+27,6.7100e+27,1.6262e+31,5.2267e+30,162
300,4,0.3500,0.5500,1.1770e+28,2.4430e+28,8.5700e+27,1.8490e+28,4.2300e+30,2.8619e+30,162
300,5,0.5500,1.0100,1.0970e+28,8.2120e+28,1.0910e+28,9.6240e+28,2.3654e+30,2.4345e+30,162
301,0,0.0000,0.0500,4.1930e+28,8.0000e+25,3.0400e+27,1.0000e+25,4.1088e+32,1.7057e+31,162
301,1,0.0500,0.1000,6.2210e+28,3.7100e+27,3.4300e+27,2.3000e+26,1.1992e+32,6.8330e+30,162
301,2,0.1000,0.2000,6.7980e+28,1.2210e+28,6.5300e+27,1.7400e+27,7.5113e+31,6.8144e+30,162
301,3,0.2000,0.3500,2.7470e+28,1.7970e+28,9.5700e+27,8.0500e+27,1.6001e+31,5.1836e+30,162
301,4,0.3500,0.5500,1.1460e+28,2.2980e+28,8.7500e+27,1.8450e+28,4.1106e+30,2.8657e+30,162
301,5,0.5500,1.0100,1.0340e+28,8.8020e+28,1.1390e+28,9.9640e+28,2.2922e+30,2.4286e+30,162
302,0,0.0000,0.0500,4.5800e+28,8.0000e+25,3.0100e+27,0.0000e+00,4.0517e+32,1.6807e+31,160
302,1,0.0500,0.1000,5.3530e+28,3.5400e+27,3.0400e+27,2.2000e+26,1.0606e+32,6.8119e+30,160
302,2,0.1000,0.2000,6.9920e+28,1.2930e+28,6.1100e+27,1.6300e+27,7.7166e+31,6.8191e+30,160
302,3,0.2000,0.3500,2.5580e+28,1.7310e+28,9.2500e+27,7.4200e+27,1.4801e+31,5.2214e+30,160
302,4,0.3500,0.5500,1.1370e+28,2.1460e+28,8.3100e+27,2.0060e+28,3.9691e+30,2.9184e+30,160
302,5,0.5500,1.0100,1.0870e+28,9.4670e+28,1.1370e+28,1.0004e+29,2.2869e+30,2.4240e+30,160
303,0,0.0000,0.0500,4.9400e+28,4.0000e+25,2.9200e+27,1.0000e+25,4.0328e+32,1.7035e+31,160
303,1,0.0500,0.1000,5.0660e+28,2.7400e+27,2.9900e+27,1.4000e+26,9.8329e+31,6.6028e+30,160
303,2,0.1000,0.2000,6.8640e+28,1.2250e+28,6.6800e+27,1.5800e+27,7.6676e+31,6.9320e+30,160
303,3,0.2000,0.3500,2.3720e+28,1.6600e+28,9.1400e+27,7.3300e+27,1.3803e+31,5.2028e+30,160
303,4,0.3500,0.5500,1.1610e+28,2.4970e+28,9.0400e+27,1.9670e+28,4.0857e+30,3.0089e+30,160
303,5,0.5500,1.0100,1.0560e+28,9.0350e+28,1.0970e+28,9.0330e+28,2.3169e+30,2.3175e+30,160
304,0,0.0000,0.0500,4.8580e+28,4.0000e+25,2.8900e+27,1.0000e+25,3.8955e+32,1.6930e+31,159
304,1,0.0500,0.1000,4.8530e+28,2.5600e+27,2.9400e+27,1.1000e+26,9.6759e+31,6.6220e+30,159
304,2,0.1000,0.2000,6.8190e+28,1.3250e+28,6.5000e+27,1.7000e+27,7.7817e+31,7.0350e+30,159
304,3,0.2000,0.3500,2.2580e+28,1.4410e+28,8.5100e+27,6.8900e+27,1.2686e+31,5.0791e+30,159
304,4,0.3500,0.5500,1.0850e+28,2.4480e+28,9.2000e+27,2.0910e+28,4.1670e+30,3.0231e+30,159
304,5,0.5500,1.0100,9.9600e+27,8.9100e+28,1.0930e+28,9.4250e+28,2.2107e+30,2.2736e+30,159
305,0,0.0000,0.0500,5.0610e+28,2.0000e+25,2.9400e+27,0.0000e+00,3.8284e+32,1.6957e+31,157
305,1,0.0500,0.1000,4.8080e+28,2.2900e+27,3.0200e+27,1.4000e+26,9.1443e+31,6.3139e+30,157
305,2,0.1000,0.2000,6.5610e+28,1.3160e+28,6.6600e+27,1.4200e+27,7.2582e+31,7.0047e+30,157
305,3,0.2000,0.3500,2.0920e+28,1.4850e+28,8.6300e+27,6.3900e+27,1.1870e+31,4.9267e+30,157
305,4,0.3500,0.5500,1.1670e+28,2.5250e+28,8.6800e+27,1.9880e+28,4.0469e+30,2.9893e+30,157
305,5,0.5500,1.0100,1.0020e+28,9.3140e+28,1.0610e+28,9.3470e+28,2.1137e+30,2.2173e+30,157
306,0,0.0000,0.0500,5.3570e+28,6.0000e+25,2.9600e+27,0.0000e+00,3.8310e+32,1.7164e+31,158
306,1,0.0500,0.1000,4.1620e+28,2.2700e+27,3.3200e+27,8.0000e+25,8.2278e+31,6.5518e+30,158
306,2,0.1000,0.2000,6.7040e+28,1.2260e+28,6.9300e+27,1.6600e+27,7.4231e+31,6.8659e+30,158
306,3,0.2000,0.3500,2.1290e+28,1.4640e+28,9.2300e+27,7.6700e+27,1.2153e+31,4.9919e+30,158
306,4,0.3500,0.5500,1.1670e+28,2.3180e+28,8.7200e+27,2.1580e+28,4.0433e+30,3.0113e+30,158
306,5,0.5500,1.0100,1.1090e+28,9.9880e+28,1.1180e+28,1.0346e+29,2.2173e+30,2.2170e+30,158
307,0,0.0000,0.0500,5.4850e+28,7.0000e+25,3.0500e+27,0.0000e+00,3.7557e+32,1.7454e+31,156
307,1,0.0500,0.1000,4.0210e+28,2.1500e+27,2.6900e+27,1.3000e+26,7.7726e+31,6.0476e+30,156
307,2,0.1000,0.2000,6.1850e+28,1.1160e+28,6.8900e+27,1.7000e+27,6.7658e+31,6.8456e+30,156
307,3,0.2000,0.3500,2.1860e+28,1.3850e+28,8.6300e+27,7.8000e+27,1.2987e+31,5.0125e+30,156
307,4,0.3500,0.5500,1.1500e+28,2.4600e+28,8.9800e+27,2.1390e+28,4.0051e+30,3.0380e+30,156
307,5,0.5500,1.0100,1.1240e+28,9.7860e+28,1.0350e+28,9.7320e+28,2.2836e+30,2.1785e+30,156
308,0,0.0000,0.0500,5.7230e+28,6.0000e+25,3.4500e+27,0.0000e+00,3.7016e+32,1.7636e+31,155
308,1,0.0500,0.1000,3.8670e+28,2.5000e+27,2.5000e+27,4.0000e+25,7.3932e+31,5.7737e+30,155
308,2,0.1000,0.2000,5.7940e+28,1.0580e+28,6.7200e+27,1.8200e+27,6.3008e+31,6.8993e+30,155
308,3,0.2000,0.3500,2.1650e+28,1.6130e+28,9.3200e+27,8.5600e+27,1.2960e+31,5.1218e+30,155
308,4,0.3500,0.5500,1.1170e+28,2.5130e+28,9.4300e+27,2.1930e+28,3.9357e+30,3.0072e+30,155
308,5,0.5500,1.0100,1.0060e+28,9.5140e+28,1.0460e+28,9.9430e+28,2.1412e+30,2.1277e+30,155
309,0,0.0000,0.0500,5.9220e+28,1.0000e+26,3.1600e+27,0.0000e+00,3.6672e+32,1.7946e+31,155
309,1,0.0500,0.1000,3.4440e+28,1.6000e+27,2.8600e+27,1.5000e+26,6.5699e+31,5.5987e+30,155
309,2,0.1000,0.2000,5.7670e+28,1.0760e+28,7.0400e+27,1.8000e+27,6.3586e+31,6.9570e+30,155
309,3,0.2000,0.3500,2.4380e+28,1.5820e+28,9.1700e+27,8.0100e+27,1.3673e+31,5.2331e+30,155
309,4,0.3500,0.5500,1.1600e+28,2.5320e+28,9.5600e+27,2.2890e+28,3.8878e+30,3.0111e+30,155
309,5,0.5500,1.0100,9.7900e+27,9.8530e+28,1.1240e+28,1.0851e+29,2.0789e+30,2.2019e+30,155
310,0,0.0000,0.0500,6.1630e+28,8.0000e+25,3.1700e+27,1.0000e+25,3.6071e+32,1.8240e+31,154
310,1,0.0500,0.1000,3.2720e+28,1.7100e+27,2.5500e+27,6.0000e+25,6.2358e+31,5.2435e+30,154
310,2,0.1000,0.2000,5.3440e+28,1.0200e+28,7.2100e+27,1.6900e+27,5.9678e+31,7.0341e+30,154
310,3,0.2000,0.3500,2.3880e+28,1.4980e+28,9.2100e+27,8.0900e+27,1.3442e+31,5.2247e+30,154
310,4,0.3500,0.5500,1.0860e+28,2.4660e+28,9.3800e+27,2.3590e+28,3.7425e+30,3.0720e+30,154
310,5,0.5500,1.0100,1.0420e+28,9.7250e+28,1.1410e+28,1.0822e+29,2.1278e+30,2.2367e+30,154
311,0,0.0000,0.0500,6.2810e+28,1.6000e+26,3.3300e+27,1.0000e+25,3.5452e+32,1.8669e+31,153
311,1,0.0500,0.1000,3.2230e+28,1.5600e+27,2.3300e+27,1.4000e+26,5.9218e+31,4.7747e+30,153
311,2,0.1000,0.2000,5.1540e+28,1.0090e+28,7.3100e+27,1.9600e+27,5.6332e+31,7.1535e+30,153
311,3,0.2000,0.3500,2.2650e+28,1.5670e+28,8.6300e+27,8.2300e+27,1.2814e+31,5.1738e+30,153
311,4,0.3500,0.5500,1.0970e+28,2.4200e+28,9.5900e+27,2.4570e+28,3.6442e+30,3.1216e+30,153
311,5,0.5500,1.0100,1.0310e+28,9.9670e+28,1.1300e+28,1.0921e+29,2.0846e+30,2.2462e+30,153
312,0,0.0000,0.0500,6.2220e+28,1.5000e+26,3.7500e+27,0.0000e+00,3.5029e+32,1.9544e+31,153
312,1,0.0500,0.1000,2.9950e+28,1.6800e+27,2.0600e+27,1.1000e+26,5.6674e+31,4.0071e+30,153
312,2,0.1000,0.2000,4.9460e+28,8.7900e+27,7.2100e+27,2.0800e+27,5.2671e+31,7.2208e+30,153
312,3,0.2000,0.3500,2.3440e+28,1.6000e+28,9.4000e+27,8.0300e+27,1.3209e+31,5.2147e+30,153
312,4,0.3500,0.5500,1.0950e+28,2.4030e+28,9.0800e+27,2.3890e+28,3.5545e+30,3.1032e+30,153
312,5,0.5500,1.0100,1.0530e+28,1.1064e+29,1.0810e+28,1.0352e+29,2.1545e+30,2.2134e+30,153
313,0,0.0000,0.0500,6.2980e+28,1.3000e+26,3.6000e+27,2.0000e+25,3.4347e+32,1.9789e+31,152
313,1,0.0500,0.1000,2.8600e+28,1.7600e+27,2.3500e+27,9.0000e+25,5.3238e+31,3.8787e+30,152
313,2,0.1000,0.2000,4.6230e+28,8.9800e+27,7.4000e+27,1.8400e+27,4.9978e+31,7.0634e+30,152
313,3,0.2000,0.3500,2.2520e+28,1.6040e+28,9.8100e+27,7.9400e+27,1.3066e+31,5.2340e+30,152
313,4,0.3500,0.5500,9.9000e+27,2.5570e+28,8.8300e+27,2.3060e+28,3.5114e+30,3.0627e+30,152
313,5,0.5500,1.0100,1.0760e+28,1.0962e+29,1.0310e+28,1.0374e+29,2.1974e+30,2.1044e+30,152
314,0,0.0000,0.0500,6.3140e+28,1.4000e+26,3.7100e+27,0.0000e+00,3.3655e+32,1.9759e+31,151
314,1,0.0500,0.1000,2.5680e+28,1.5300e+27,2.0300e+27,1.6000e+26,4.7089e+31,3.9565e+30,151
314,2,0.1000,0.2000,4.5680e+28,8.3400e+27,7.0900e+27,1.7100e+27,5.0434e+31,6.9967e+30,151
314,3,0.2000,0.3500,2.1720e+28,1.5060e+28,9.4800e+27,7.9200e+27,1.2689e+31,5.1915e+30,151
314,4,0.3500,0.5500,1.0880e+28,2.5560e+28,9.2100e+27,2.2680e+28,3.5890e+30,3.0442e+30,151
314,5,0.5500,1.0100,1.0400e+28,1.0709e+29,1.0560e+28,1.0334e+29,2.1321e+30,2.0633e+30,151
315,0,0.0000,0.0500,6.5600e+28,2.7000e+26,4.1000e+27,2.0000e+25,3.2968e+32,1.9726e+31,150
315,1,0.0500,0.1000,2.4560e+28,1.5700e+27,2.3000e+27,1.6000e+26,4.4842e+31,3.9276e+30,150
315,2,0.1000,0.2000,4.5150e+28,8.6800e+27,7.0200e+27,1.6100e+27,4.7630e+31,6.9976e+30,150
315,3,0.2000,0.3500,2.0580e+28,1.5050e+28,9.7500e+27,8.3000e+27,1.2126e+31,5.1957e+30,150
315,4,0.3500,0.5500,1.0590e+28,2.6270e+28,9.7300e+27,2.4910e+28,3.4724e+30,3.0121e+30,150
315,5,0.5500,1.0100,1.0590e+28,1.0263e+29,1.0240e+28,1.0131e+29,2.0772e+30,1.9939e+30,150
316,0,0.0000,0.0500,6.5200e+28,2.3000e+26,3.6000e+27,0.0000e+00,3.2490e+32,1.9841e+31,150
316,1,0.0500,0.1000,2.3120e+28,1.6100e+27,2.1400e+27,1.2000e+26,4.2905e+31,3.9622e+30,150
316,2,0.1000,0.2000,4.2340e+28,8.7800e+27,7.2400e+27,2.0400e+27,4.5401e+31,7.0735e+30,150
316,3,0.2000,0.3500,2.0300e+28,1.4150e+28,9.5600e+27,8.7400e+27,1.1686e+31,5.2845e+30,150
316,4,0.3500,0.5500,1.0530e+28,2.6530e+28,9.2000e+27,2.2390e+28,3.4924e+30,2.9910e+30,150
316,5,0.5500,1.0100,1.0260e+28,1.0804e+29,9.9300e+27,1.0571e+29,2.0834e+30,2.0316e+30,150
317,0,0.0000,0.0500,6.4240e+28,2.6000e+26,3.9800e+27,0.0000e+00,3.1625e+32,2.0166e+31,149
317,1,0.0500,0.1000,2.1940e+28,1.5100e+27,2.2600e+27,2.1000e+26,4.1879e+31,3.7861e+30,149
317,2,0.1000,0.2000,4.1630e+28,8.1200e+27,7.1300e+27,2.0900e+27,4.3223e+31,6.9690e+30,149
317,3,0.2000,0.3500,2.0960e+28,1.5630e+28,9.8400e+27,9.0400e+27,1.1603e+31,5.1894e+30,149
317,4,0.3500,0.5500,1.0640e+28,2.8830e+28,9.2000e+27,2.3490e+28,3.5219e+30,2.9152e+30,149
317,5,0.5500,1.0100,1.0000e+28,1.1017e+29,9.4700e+27,1.0862e+29,2.0176e+30,1.9992e+30,149
318,0,0.0000,0.0500,6.3740e+28,2.3000e+26,3.7900e+27,4.0000e+25,3.0430e+32,2.0541e+31,149
318,1,0.0500,0.1000,2.4230e+28,1.2400e+27,2.1400e+27,1.7000e+26,4.4968e+31,3.7531e+30,149
318,2,0.1000,0.2000,4.0600e+28,7.4800e+27,6.9600e+27,2.0800e+27,4.2968e+31,7.0349e+30,149
318,3,0.2000,0.3500,2.1700e+28,1.6860e+28,9.9300e+27,8.4300e+27,1.2006e+31,5.0639e+30,149
318,4,0.3500,0.5500,1.0410e+28,2.7850e+28,9.2100e+27,2.4810e+28,3.4927e+30,2.9703e+30,149
318,5,0.5500,1.0100,1.0280e+28,1.1305e+29,9.9700e+27,1.0879e+29,1.9994e+30,2.0318e+30,149
319,0,0.0000,0.0500,6.3020e+28,2.7000e+26,3.8700e+27,2.0000e+25,2.9748e+32,2.0560e+31,148
319,1,0.0500,0.1000,2.2710e+28,1.1100e+27,2.0100e+27,2.6000e+26,4.3096e+31,3.7907e+30,148
319,2,0.1000,0.2000,3.9280e+28,7.5300e+27,6.9500e+27,2.0200e+27,4.0961e+31,7.0509e+30,148
319,3,0.2000,0.3500,2.0470e+28,1.5490e+28,9.3900e+27,9.0900e+27,1.1718e+31,5.0811e+30,148
319,4,0.3500,0.5500,1.0180e+28,2.7070e+28,9.5100e+27,2.4340e+28,3.4420e+30,3.0111e+30,148
319,5,0.5500,1.0100,1.0800e+28,1.1821e+29,1.0410e+28,1.1022e+29,2.0754e+30,2.0429e+30,148
320,0,0.0000,0.0500,6.0910e+28,3.7000e+26,3.6600e+27,1.0000e+25,2.9069e+32,2.0529e+31,147
320,1,0.0500,0.1000,2.1500e+28,1.1200e+27,2.0000e+27,3.2000e+26,4.1174e+31,3.7913e+30,147
320,2,0.1000,0.2000,3.6980e+28,7.0900e+27,7.2100e+27,2.0400e+27,3.9059e+31,7.0342e+30,147
320,3,0.2000,0.3500,2.0400e+28,1.5240e+28,9.8300e+27,8.5800e+27,1.1292e+31,5.0602e+30,147
320,4,0.3500,0.5500,1.0330e+28,2.8580e+28,9.8100e+27,2.6400e+28,3.3932e+30,3.0358e+30,147
320,5,0.5500,1.0100,1.0640e+28,1.1452e+29,1.0290e+28,1.1537e+29,2.0913e+30,2.0719e+30,147
321,0,0.0000,0.0500,6.1680e+28,3.6000e+26,3.8500e+27,0.0000e+00,2.8597e+32,2.0701e+31,147
321,1,0.0500,0.1000,2.0640e+28,1.2200e+27,2.2800e+27,2.5000e+26,3.9577e+31,3.8309e+30,147
321,2,0.1000,0.2000,3.6560e+28,7.5500e+27,7.2200e+27,2.1200e+27,3.7489e+31,7.1350e+30,147
321,3,0.2000,0.3500,1.9740e+28,1.5430e+28,9.7800e+27,8.9500e+27,1.1106e+31,5.0901e+30,147
321,4,0.3500,0.5500,1.0350e+28,3.0350e+28,9.9900e+27,2.6270e+28,3.3868e+30,3.1012e+30,147
321,5,0.5500,1.0100,1.0230e+28,1.0850e+29,1.0380e+28,1.1311e+29,2.0309e+30,2.0392e+30,147
322,0,0.0000,0.0500,6.1340e+28,6.0000e+26,4.0500e+27,0.0000e+00,2.8112e+32,2.0857e+31,147
322,1,0.0500,0.1000,1.9990e+28,1.2100e+27,2.1400e+27,1.3000e+26,3.8064e+31,3.8422e+30,147
322,2,0.1000,0.2000,3.4570e+28,7.9700e+27,7.3900e+27,1.9900e+27,3.6048e+31,7.2068e+30,147
322,3,0.2000,0.3500,2.0230e+28,1.6280e+28,1.0230e+28,9.2800e+27,1.0896e+31,5.2215e+30,147
322,4,0.3500,0.5500,1.0370e+28,2.6980e+28,9.8400e+27,2.8500e+28,3.3139e+30,3.1596e+30,147
322,5,0.5500,1.0100,1.0280e+28,1.1244e+29,1.0930e+28,1.1531e+29,1.9811e+30,2.0507e+30,147
323,0,0.0000,0.0500,6.2480e+28,5.0000e+26,3.7800e+27,1.0000e+25,2.7253e+32,2.0738e+31,145
323,1,0.0500,0.1000,1.9600e+28,9.9000e+26,2.3600e+27,1.9000e+26,3.6102e+31,4.0981e+30,145
323,2,0.1000,0.2000,3.2490e+28,6.7400e+27,7.0300e+27,1.8300e+27,3.4221e+31,6.9534e+30,145
323,3,0.2000,0.3500,1.9050e+28,1.6630e+28,9.8500e+27,9.1500e+27,1.0497e+31,5.2335e+30,145
323,4,0.3500,0.5500,9.9800e+27,2.9900e+28,9.9400e+27,2.5990e+28,3.2591e+30,3.0839e+30,145
323,5,0.5500,1.0100,1.0760e+28,1.1648e+29,1.0180e+28,1.1557e+29,2.0312e+30,2.0378e+30,145
324,0,0.0000,0.0500,5.8790e+28,5.2000e+26,4.1700e+27,2.0000e+25,2.6780e+32,2.0903e+31,145
324,1,0.0500,0.1000,1.6990e+28,5.7000e+26,2.4600e+27,1.3000e+26,3.2200e+31,4.0918e+30,145
324,2,0.1000,0.2000,3.4690e+28,7.3200e+27,7.3800e+27,2.0500e+27,3.5502e+31,7.0733e+30,145
324,3,0.2000,0.3500,1.9630e+28,1.5430e+28,1.0400e+28,9.9500e+27,1.0337e+31,5.2045e+30,145
324,4,0.3500,0.5500,1.0300e+28,3.1260e+28,9.7700e+27,2.6870e+28,3.3293e+30,3.0972e+30,145
324,5,0.5500,1.0100,1.0340e+28,1.1585e+29,1.0380e+28,1.1552e+29,2.0268e+30,2.0032e+30,145
325,0,0.0000,0.0500,5.9290e+28,6.5000e+26,3.5000e+27,0.0000e+00,2.6301e+32,2.1029e+31,145
325,1,0.0500,0.1000,1.6540e+28,8.0000e+26,2.4500e+27,1.5000e+26,3.0870e+31,4.0995e+30,145
325,2,0.1000,0.2000,3.4590e+28,6.8700e+27,7.7200e+27,2.1200e+27,3.4453e+31,7.1137e+30,145
325,3,0.2000,0.3500,1.8780e+28,1.6480e+28,1.0090e+28,9.5400e+27,1.0234e+31,5.2290e+30,145
325,4,0.3500,0.5500,1.0390e+28,3.1170e+28,9.5100e+27,2.8510e+28,3.3615e+30,3.1174e+30,145
325,5,0.5500,1.0100,1.0150e+28,1.2080e+29,1.0820e+28,1.1620e+29,2.0082e+30,2.0403e+30,145
326,0,0.0000,0.0500,5.6890e+28,4.9000e+26,3.4600e+27,2.0000e+25,2.5268e+32,2.1052e+31,144
326,1,0.0500,0.1000,1.7220e+28,8.0000e+26,2.4200e+27,3.0000e+26,3.3485e+31,4.0882e+30,144
326,2,0.1000,0.2000,3.1980e+28,7.0900e+27,7.3500e+27,2.5300e+27,3.3108e+31,7.1508e+30,144
326,3,0.2000,0.3500,1.9030e+28,1.6870e+28,1.0140e+28,9.5300e+27,1.0028e+31,5.2573e+30,144
326,4,0.3500,0.5500,1.0880e+28,3.2470e+28,1.0050e+28,2.6390e+28,3.3914e+30,3.0450e+30,144
326,5,0.5500,1.0100,9.9800e+27,1.2426e+29,1.1300e+28,1.2394e+29,2.0259e+30,2.1149e+30,144
327,0,0.0000,0.0500,5.2730e+28,5.3000e+26,3.8800e+27,1.0000e+25,2.3785e+32,2.1240e+31,144
327,1,0.0500,0.1000,2.0460e+28,6.5000e+26,2.3600e+27,1.2000e+26,4.2572e+31,4.1201e+30,144
327,2,0.1000,0.2000,3.1440e+28,7.0100e+27,7.6400e+27,2.0800e+27,3.2111e+31,7.2780e+30,144
327,3,0.2000,0.3500,1.8970e+28,1.6520e+28,9.9900e+27,1.0010e+28,9.9964e+30,5.2384e+30,144
327,4,0.3500,0.5500,1.1960e+28,3.3320e+28,1.0250e+28,2.8160e+28,3.4839e+30,3.0821e+30,144
327,5,0.5500,1.0100,1.0200e+28,1.1985e+29,9.7300e+27,1.2221e+29,2.0033e+30,2.0695e+30,144
328,0,0.0000,0.0500,4.8370e+28,3.6000e+26,3.9200e+27,1.0000e+25,2.2626e+32,2.1237e+31,143
328,1,0.0500,0.1000,2.2200e+28,9.7000e+26,2.5600e+27,2.9000e+26,4.6776e+31,4.1304e+30,143
328,2,0.1000,0.2000,3.0580e+28,7.0300e+27,7.9600e+27,2.6100e+27,3.0906e+31,7.4600e+30,143
328,3,0.2000,0.3500,1.8090e+28,1.5630e+28,1.0280e+28,9.6800e+27,9.7932e+30,5.0736e+30,143
328,4,0.3500,0.5500,1.0470e+28,3.2380e+28,9.7700e+27,2.8640e+28,3.4313e+30,3.1376e+30,143
328,5,0.5500,1.0100,9.9800e+27,1.2514e+29,1.0720e+28,1.2839e+29,2.0035e+30,2.0700e+30,143
329,0,0.0000,0.0500,5.0020e+28,4.3000e+26,3.5400e+27,0.0000e+00,2.2234e+32,2.1401e+31,143
329,1,0.0500,0.1000,2.2260e+28,1.0200e+27,2.4500e+27,2.6000e+26,4.5371e+31,4.1388e+30,143
329,2,0.1000,0.2000,3.0730e+28,6.4800e+27,7.4900e+27,2.4900e+27,3.0075e+31,7.5713e+30,143
329,3,0.2000,0.3500,1.8750e+28,1.6460e+28,9.9800e+27,9.7200e+27,9.6617e+30,5.1627e+30,143
329,4,0.3500,0.5500,1.0750e+28,3.3530e+28,1.0340e+28,2.8830e+28,3.4545e+30,3.1641e+30,143
329,5,0.5500,1.0100,9.8000e+27,1.3232e+29,1.0890e+28,1.3181e+29,2.0527e+30,2.1051e+30,143
330,0,0.0000,0.0500,4.5680e+28,4.0000e+26,3.5600e+27,1.0000e+25,2.1095e+32,2.1362e+31,142
330,1,0.0500,0.1000,2.3000e+28,1.1200e+27,2.5800e+27,1.8000e+26,4.9801e+31,4.1068e+30,142
330,2,0.1000,0.2000,3.0050e+28,7.2600e+27,8.0800e+27,2.3300e+27,2.9173e+31,7.5512e+30,142
330,3,0.2000,0.3500,1.8390e+28,1.7450e+28,1.0180e+28,9.4000e+27,9.5942e+30,5.2083e+30,142
330,4,0.3500,0.5500,1.1790e+28,3.4770e+28,1.0080e+28,2.9450e+28,3.5212e+30,3.2106e+30,142
330,5,0.5500,1.0100,1.1310e+28,1.3153e+29,1.0580e+28,1.2941e+29,2.0801e+30,2.0624e+30,142
331,0,0.0000,0.0500,4.3050e+28,3.3000e+26,3.9900e+27,1.0000e+25,2.0416e+32,2.1498e+31,142
331,1,0.0500,0.1000,2.4440e+28,1.0800e+27,2.4900e+27,1.8000e+26,5.1652e+31,4.1101e+30,142
331,2,0.1000,0.2000,2.8740e+28,7.0000e+27,7.9800e+27,2.4600e+27,2.8512e+31,7.6430e+30,142
331,3,0.2000,0.3500,1.8120e+28,1.7390e+28,1.0330e+28,1.0760e+28,9.4971e+30,5.2802e+30,142
331,4,0.3500,0.5500,1.1440e+28,3.6230e+28,1.0580e+28,3.0850e+28,3.5600e+30,3.2325e+30,142
331,5,0.5500,1.0100,1.0600e+28,1.3958e+29,1.1900e+28,1.3243e+29,2.1769e+30,2.1464e+30,142
332,0,0.0000,0.0500,4.2450e+28,3.8000e+26,3.6900e+27,1.0000e+25,2.0063e+32,2.1601e+31,142
332,1,0.0500,0.1000,2.2590e+28,1.0500e+27,2.7500e+27,2.3000e+26,5.0185e+31,4.1475e+30,142
332,2,0.1000,0.2000,2.7940e+28,7.2700e+27,8.6500e+27,3.0300e+27,2.7931e+31,7.7087e+30,142
332,3,0.2000,0.3500,1.8690e+28,1.7160e+28,1.0570e+28,1.0670e+28,9.5538e+30,5.3763e+30,142
332,4,0.3500,0.5500,1.1830e+28,3.7140e+28,1.0780e+28,3.2010e+28,3.6532e+30,3.3177e+30,142
332,5,0.5500,1.0100,1.0640e+28,1.3231e+29,1.1010e+28,1.3386e+29,2.1471e+30,2.2002e+30,142
333,0,0.0000,0.0500,4.1360e+28,2.8000e+26,3.7300e+27,0.0000e+00,1.9583e+32,2.1534e+31,141
333,1,0.0500,0.1000,2.2130e+28,1.0600e+27,2.4000e+27,3.4000e+26,4.8417e+31,4.1521e+30,141
333,2,0.1000,0.2000,2.8110e+28,6.8700e+27,8.1800e+27,2.9800e+27,2.7168e+31,7.7418e+30,141
333,3,0.2000,0.3500,1.8730e+28,1.8800e+28,1.0810e+28,1.1460e+28,9.5945e+30,5.4234e+30,141
333,4,0.3500,0.5500,1.2360e+28,4.0390e+28,1.1100e+28,3.5010e+28,3.7201e+30,3.3843e+30,141
333,5,0.5500,1.0100,1.1050e+28,1.4230e+29,1.1330e+28,1.4624e+29,2.1157e+30,2.2448e+30,141
334,0,0.0000,0.0500,4.0040e+28,3.2000e+26,3.9400e+27,0.0000e+00,1.9255e+32,2.1597e+31,141
334,1,0.0500,0.1000,2.1870e+28,9.8000e+26,2.3100e+27,1.9000e+26,4.7123e+31,4.1982e+30,141
334,2,0.1000,0.2000,2.7490e+28,6.7700e+27,8.2700e+27,2.4800e+27,2.6636e+31,7.8523e+30,141
334,3,0.2000,0.3500,1.9370e+28,1.8150e+28,1.1060e+28,1.3040e+28,9.7089e+30,5.6022e+30,141
334,4,0.3500,0.5500,1.2730e+28,3.7780e+28,1.1780e+28,3.7320e+28,3.8259e+30,3.5197e+30,141
334,5,0.5500,1.0100,1.1550e+28,1.4422e+29,1.1730e+28,1.3947e+29,2.2392e+30,2.2267e+30,141
335,0,0.0000,0.0500,4.1240e+28,3.1000e+26,4.2100e+27,0.0000e+00,1.8800e+32,2.1540e+31,140
335,1,0.0500,0.1000,2.1530e+28,8.8000e+26,2.6400e+27,1.7000e+26,4.5529e+31,4.1974e+30,140
335,2,0.1000,0.2000,2.7370e+28,7.5000e+27,8.6100e+27,2.6200e+27,2.6109e+31,7.9091e+30,140
335,3,0.2000,0.3500,1.9490e+28,2.0200e+28,1.1430e+28,1.2610e+28,9.8062e+30,5.7269e+30,140
335,4,0.3500,0.5500,1.3450e+28,3.9060e+28,1.2140e+28,3.4690e+28,3.8608e+30,3.6079e+30,140
335,5,0.5500,1.0100,1.0940e+28,1.4244e+29,1.1610e+28,1.4363e+29,2.1515e+30,2.2326e+30,140
336,0,0.0000,0.0500,3.9390e+28,3.2000e+26,3.7300e+27,0.0000e+00,1.8484e+32,2.1645e+31,140
336,1,0.0500,0.1000,2.1360e+28,1.2500e+27,2.4000e+27,3.2000e+26,4.4390e+31,4.2512e+30,140
336,2,0.1000,0.2000,2.6320e+28,6.9700e+27,8.4800e+27,2.6400e+27,2.5734e+31,7.9698e+30,140
336,3,0.2000,0.3500,1.9350e+28,1.9590e+28,1.1170e+28,1.1730e+28,9.9612e+30,5.7947e+30,140
336,4,0.3500,0.5500,1.2920e+28,3.9790e+28,1.1310e+28,3.5990e+28,3.9257e+30,3.6014e+30,140
336,5,0.5500,1.0100,1.1500e+28,1.5139e+29,1.2100e+28,1.5242e+29,2.1925e+30,2.3285e+30,140
337,0,0.0000,0.0500,3.8950e+28,2.9000e+26,4.0700e+27,0.0000e+00,1.8182e+32,2.1722e+31,140
337,1,0.0500,0.1000,2.0480e+28,1.0700e+27,2.5900e+27,2.1000e+26,4.3245e+31,4.2803e+30,140
337,2,0.1000,0.2000,2.6930e+28,6.9600e+27,8.8500e+27,2.9300e+27,2.5391e+31,8.0100e+30,140
337,3,0.2000,0.3500,1.9330e+28,1.9720e+28,1.1610e+28,1.2740e+28,1.0098e+31,5.8450e+30,140
337,4,0.3500,0.5500,1.4170e+28,4.2600e+28,1.2360e+28,3.8270e+28,4.0268e+30,3.6954e+30,140
337,5,0.5500,1.0100,1.1870e+28,1.5529e+29,1.2500e+28,1.6122e+29,2.2714e+30,2.4005e+30,140
338,0,0.0000,0.0500,3.9150e+28,2.9000e+26,3.4300e+27,2.0000e+25,1.7756e+32,2.1639e+31,139
338,1,0.0500,0.1000,2.0100e+28,7.4000e+26,2.4600e+27,2.2000e+26,4.1900e+31,4.2603e+30,139
338,2,0.1000,0.2000,2.5980e+28,7.4700e+27,9.1400e+27,3.2100e+27,2.4930e+31,8.0686e+30,139
338,3,0.2000,0.3500,2.0530e+28,1.9720e+28,1.1650e+28,1.3300e+28,1.0194e+31,5.9343e+30,139
338,4,0.3500,0.5500,1.4070e+28,4.4230e+28,1.2740e+28,3.7250e+28,4.1632e+30,3.7524e+30,139
338,5,0.5500,1.0100,1.2460e+28,1.5948e+29,1.2000e+28,1.5554e+29,2.3923e+30,2.3690e+30,139
339,0,0.0000,0.0500,4.0010e+28,4.1000e+26,3.7900e+27,1.0000e+25,1.8235e+32,2.1879e+31,140
339,1,0.0500,0.1000,1.6980e+28,6.6000e+26,2.7600e+27,1.6000e+26,3.4809e+31,4.2867e+30,140
339,2,0.1000,0.2000,2.5920e+28,7.1000e+27,8.3600e+27,3.1600e+27,2.4829e+31,8.1923e+30,140
339,3,0.2000,0.3500,2.0430e+28,1.9450e+28,1.1880e+28,1.3590e+28,1.0369e+31,6.1102e+30,140
339,4,0.3500,0.5500,1.3960e+28,4.3370e+28,1.3320e+28,4.2610e+28,4.2511e+30,3.8093e+30,140
339,5,0.5500,1.0100,1.3060e+28,1.6499e+29,1.2360e+28,1.5804e+29,2.4241e+30,2.3698e+30,140
340,0,0.0000,0.0500,3.7450e+28,3.7000e+26,3.7500e+27,1.0000e+25,1.7750e+32,2.1663e+31,138
340,1,0.0500,0.1000,1.6650e+28,7.8000e+26,2.2100e+27,2.1000e+26,3.2689e+31,4.1963e+30,138
340,2,0.1000,0.2000,2.5080e+28,7.0800e+27,9.4700e+27,3.4000e+27,2.4201e+31,8.1667e+30,138
340,3,0.2000,0.3500,2.1050e+28,2.0000e+28,1.2410e+28,1.2810e+28,1.0359e+31,6.1463e+30,138
340,4,0.3500,0.5500,1.4780e+28,4.6810e+28,1.2350e+28,4.0070e+28,4.3665e+30,3.8059e+30,138
340,5,0.5500,1.0100,1.3130e+28,1.7130e+29,1.2300e+28,1.6735e+29,2.4509e+30,2.3993e+30,138
341,0,0.0000,0.0500,3.7130e+28,3.1000e+26,4.2100e+27,0.0000e+00,1.7575e+32,2.1908e+31,139
341,1,0.0500,0.1000,1.6370e+28,8.7000e+26,2.3300e+27,1.6000e+26,3.2120e+31,4.2190e+30,139
341,2,0.1000,0.2000,2.4500e+28,7.0500e+27,9.3100e+27,3.0400e+27,2.4098e+31,8.2502e+30,139
341,3,0.2000,0.3500,2.0700e+28,2.0890e+28,1.2570e+28,1.3340e+28,1.0504e+31,6.1426e+30,139
341,4,0.3500,0.5500,1.4610e+28,4.3250e+28,1.2810e+28,4.1080e+28,4.4340e+30,3.8902e+30,139
341,5,0.5500,1.0100,1.2980e+28,1.7496e+29,1.2760e+28,1.7164e+29,2.4642e+30,2.4663e+30,139
342,0,0.0000,0.0500,3.8880e+28,4.2000e+26,4.1900e+27,3.0000e+25,1.7592e+32,2.1797e+31,138
342,1,0.0500,0.1000,1.3870e+28,7.4000e+26,2.4600e+27,3.6000e+26,2.6788e+31,4.2239e+30,138
342,2,0.1000,0.2000,2.4630e+28,6.9800e+27,8.5800e+27,2.5400e+27,2.3690e+31,7.9926e+30,138
342,3,0.2000,0.3500,2.0680e+28,2.2280e+28,1.3230e+28,1.4460e+28,1.0552e+31,6.3783e+30,138
342,4,0.3500,0.5500,1.4410e+28,4.8870e+28,1.3060e+28,4.1050e+28,4.4893e+30,3.8849e+30,138
342,5,0.5500,1.0100,1.3240e+28,1.7837e+29,1.2960e+28,1.7902e+29,2.4866e+30,2.5053e+30,138
343,0,0.0000,0.0500,3.8840e+28,3.6000e+26,4.0600e+27,1.0000e+25,1.7796e+32,2.1827e+31,138
343,1,0.0500,0.1000,1.1570e+28,6.4000e+26,2.1600e+27,3.0000e+26,2.1170e+31,4.2305e+30,138
343,2,0.1000,0.2000,2.4900e+28,6.4300e+27,8.3900e+27,2.5300e+27,2.3522e+31,7.9839e+30,138
343,3,0.2000,0.3500,2.1170e+28,2.0920e+28,1.2820e+28,1.3560e+28,1.0677e+31,6.4231e+30,138
343,4,0.3500,0.5500,1.6170e+28,5.0400e+28,1.3250e+28,4.5040e+28,4.6607e+30,3.9777e+30,138
343,5,0.5500,1.0100,1.3700e+28,1.8953e+29,1.3970e+28,1.9012e+29,2.5547e+30,2.6152e+30,138
344,0,0.0000,0.0500,4.0120e+28,3.4000e+26,4.2500e+27,1.0000e+25,1.7844e+32,2.1882e+31,138
344,1,0.0500,0.1000,1.0000e+28,4.5000e+26,2.7500e+27,2.3000e+26,1.7188e+31,4.2300e+30,138
344,2,0.1000,0.2000,2.4630e+28,6.8700e+27,8.8900e+27,2.6100e+27,2.3218e+31,8.0178e+30,138
344,3,0.2000,0.3500,2.1480e+28,2.2950e+28,1.3410e+28,1.3860e+28,1.0806e+31,6.4284e+30,138
344,4,0.3500,0.5500,1.6330e+28,5.1150e+28,1.3470e+28,4.3610e+28,4.7832e+30,4.0902e+30,138
344,5,0.5500,1.0100,1.4630e+28,1.9347e+29,1.4950e+28,1.9726e+29,2.7145e+30,2.7294e+30,138
345,0,0.0000,0.0500,3.9120e+28,3.3000e+26,4.2100e+27,2.0000e+25,1.7550e+32,2.1968e+31,138
345,1,0.0500,0.1000,9.3000e+27,5.8000e+26,2.5200e+27,3.1000e+26,1.6789e+31,4.2674e+30,138
345,2,0.1000,0.2000,2.4780e+28,7.1600e+27,9.1100e+27,2.7100e+27,2.2999e+31,8.0981e+30,138
345,3,0.2000,0.3500,2.1910e+28,2.3740e+28,1.3320e+28,1.4720e+28,1.1016e+31,6.4877e+30,138
345,4,0.3500,0.5500,1.6140e+28,5.2840e+28,1.4100e+28,4.5550e+28,4.8759e+30,4.2440e+30,138
345,5,0.5500,1.0100,1.4580e+28,2.0034e+29,1.4700e+28,1.9177e+29,2.7827e+30,2.7637e+30,138
346,0,0.0000,0.0500,3.6440e+28,3.3000e+26,4.3500e+27,2.0000e+25,1.7142e+32,2.1864e+31,137
346,1,0.0500,0.1000,9.0500e+27,5.7000e+26,2.6000e+27,1.4000e+26,1.6298e+31,4.2175e+30,137
346,2,0.1000,0.2000,2.3210e+28,6.4000e+27,8.7900e+27,2.8700e+27,2.2576e+31,8.0937e+30,137
346,3,0.2000,0.3500,2.1510e+28,2.2750e+28,1.3230e+28,1.3960e+28,1.0973e+31,6.4725e+30,137
346,4,0.3500,0.5500,1.6950e+28,5.4760e+28,1.4070e+28,4.5680e+28,4.9284e+30,4.2727e+30,137
346,5,0.5500,1.0100,1.4580e+28,2.0771e+29,1.4370e+28,1.9776e+29,2.8382e+30,2.7741e+30,137
347,0,0.0000,0.0500,3.6140e+28,3.9000e+26,4.2100e+27,3.0000e+25,1.6983e+32,2.2074e+31,138
347,1,0.0500,0.1000,1.0170e+28,6.1000e+26,2.7600e+27,2.5000e+26,1.7289e+31,4.2274e+30,138
347,2,0.1000,0.2000,2.3250e+28,7.0600e+27,8.7500e+27,2.9200e+27,2.1254e+31,8.0640e+30,138
347,3,0.2000,0.3500,2.2270e+28,2.4100e+28,1.2780e+28,1.4210e+28,1.1253e+31,6.5927e+30,138
347,4,0.3500,0.5500,1.7490e+28,5.7830e+28,1.4610e+28,4.8060e+28,5.1774e+30,4.3280e+30,138
347,5,0.5500,1.0100,1.5720e+28,2.2057e+29,1.5490e+28,2.1216e+29,2.9678e+30,2.8712e+30,138
348,0,0.0000,0.0500,3.6330e+28,2.7000e+26,4.8100e+27,1.0000e+25,1.6599e+32,2.1972e+31,137
348,1,0.0500,0.1000,9.8400e+27,5.0000e+26,2.4400e+27,2.2000e+26,1.6769e+31,3.9756e+30,137
348,2,0.1000,0.2000,2.2270e+28,5.6600e+27,8.8800e+27,2.9100e+27,2.0810e+31,8.1356e+30,137
348,3,0.2000,0.3500,2.2680e+28,2.3030e+28,1.3780e+28,1.4210e+28,1.1288e+31,6.6904e+30,137
348,4,0.3500,0.5500,1.7730e+28,5.8820e+28,1.4290e+28,4.8550e+28,5.2065e+30,4.2936e+30,137
348,5,0.5500,1.0100,1.6560e+28,2.1963e+29,1.5340e+28,2.1408e+29,3.0195e+30,2.9669e+30,137
349,0,0.0000,0.0500,3.5150e+28,2.3000e+26,4.2600e+27,4.0000e+25,1.6333e+32,2.2024e+31,137
349,1,0.0500,0.1000,9.0400e+27,5.7000e+26,2.3900e+27,2.2000e+26,1.6403e+31,3.8323e+30,137
349,2,0.1000,0.2000,2.1800e+28,6.5200e+27,8.8100e+27,2.6200e+27,2.0626e+31,8.2670e+30,137
349,3,0.2000,0.3500,2.2650e+28,2.3160e+28,1.3000e+28,1.4260e+28,1.1321e+31,6.6385e+30,137
349,4,0.3500,0.5500,1.8290e+28,6.2650e+28,1.4560e+28,4.7900e+28,5.4045e+30,4.3398e+30,137
349,5,0.5500,1.0100,1.6290e+28,2.2864e+29,1.6000e+28,2.2061e+29,3.0909e+30,3.0476e+30,137
350,0,0.0000,0.0500,3.2930e+28,2.0000e+26,4.3900e+27,3.0000e+25,1.5962e+32,2.1891e+31,136
350,1,0.0500,0.1000,9.2600e+27,7.1000e+26,2.2000e+27,2.1000e+26,1.5955e+31,3.7652e+30,136
350,2,0.1000,0.2000,2.1700e+28,6.7600e+27,9.0000e+27,2.5000e+27,2.0295e+31,8.1764e+30,136
350,3,0.2000,0.3500,2.2740e+28,2.3080e+28,1.2970e+28,1.4250e+28,1.1285e+31,6.5922e+30,136
350,4,0.3500,0.5500,1.9000e+28,5.9040e+28,1.4790e+28,4.6170e+28,5.4492e+30,4.3628e+30,136
350,5,0.5500,1.0100,1.7350e+28,2.4180e+29,1.6140e+28,2.2336e+29,3.1960e+30,3.0702e+30,136
351,0,0.0000,0.0500,3.2510e+28,2.1000e+26,4.2300e+27,5.0000e+25,1.5836e+32,2.2019e+31,137
351,1,0.0500,0.1000,9.0900e+27,5.1000e+26,2.3200e+27,2.3000e+26,1.5747e+31,3.7759e+30,137
351,2,0.1000,0.2000,2.1440e+28,6.0500e+27,8.4900e+27,2.7800e+27,2.0273e+31,8.1598e+30,137
351,3,0.2000,0.3500,2.2660e+28,2.4770e+28,1.2750e+28,1.5100e+28,1.1475e+31,6.6064e+30,137
351,4,0.3500,0.5500,1.9280e+28,6.3300e+28,1.4860e+28,5.0600e+28,5.6210e+30,4.4667e+30,137
351,5,0.5500,1.0100,1.7350e+28,2.3190e+29,1.6380e+28,2.2788e+29,3.2205e+30,3.1368e+30,137
352,0,0.0000,0.0500,3.0850e+28,1.5000e+26,4.1800e+27,2.0000e+25,1.5485e+32,2.1861e+31,136
352,1,0.0500,0.1000,8.5500e+27,4.7000e+26,2.3100e+27,2.2000e+26,1.5292e+31,3.7444e+30,136
352,2,0.1000,0.2000,2.2240e+28,6.2800e+27,9.2800e+27,2.5800e+27,1.9874e+31,8.0480e+30,136
352,3,0.2000,0.3500,2.2570e+28,2.3090e+28,1.3410e+28,1.4830e+28,1.1400e+31,6.6100e+30,136
352,4,0.3500,0.5500,1.9420e+28,6.2140e+28,1.5950e+28,4.9450e+28,5.6466e+30,4.5588e+30,136
352,5,0.5500,1.0100,1.7880e+28,2.4002e+29,1.6580e+28,2.2639e+29,3.2553e+30,3.1195e+30,136
353,0,0.0000,0.0500,3.1360e+28,1.7000e+26,4.3200e+27,3.0000e+25,1.5367e+32,2.2017e+31,137
353,1,0.0500,0.1000,7.9000e+27,7.0000e+26,2.4000e+27,2.3000e+26,1.5099e+31,3.7789e+30,137
353,2,0.1000,0.2000,2.1470e+28,5.9300e+27,9.0200e+27,3.0100e+27,1.9844e+31,8.1379e+30,137
353,3,0.2000,0.3500,2.3310e+28,2.3750e+28,1.4040e+28,1.5430e+28,1.1548e+31,6.7197e+30,137
353,4,0.3500,0.5500,1.8890e+28,6.4730e+28,1.5960e+28,4.9630e+28,5.7326e+30,4.5923e+30,137
353,5,0.5500,1.0100,1.8470e+28,2.6136e+29,1.6660e+28,2.4301e+29,3.4213e+30,3.2132e+30,137
354,0,0.0000,0.0500,2.9470e+28,1.3000e+26,4.5400e+27,3.0000e+25,1.5040e+32,2.1791e+31,136
354,1,0.0500,0.1000,8.5800e+27,6.3000e+26,2.5000e+27,1.6000e+26,1.4707e+31,3.7466e+30,136
354,2,0.1000,0.2000,2.0870e+28,5.2900e+27,8.3100e+27,2.8200e+27,1.9601e+31,8.0647e+30,136
354,3,0.2000,0.3500,2.3590e+28,2.5030e+28,1.3640e+28,1.4890e+28,1.1549e+31,6.6814e+30,136
354,4,0.3500,0.5500,1.9960e+28,6.6240e+28,1.4730e+28,4.9060e+28,5.7832e+30,4.5234e+30,136
354,5,0.5500,1.0100,1.8710e+28,2.5522e+29,1.7610e+28,2.3853e+29,3.3826e+30,3.2467e+30,136
355,0,0.0000,0.0500,2.9730e+28,1.5000e+26,4.3700e+27,4.0000e+25,1.4932e+32,2.1963e+31,137
355,1,0.0500,0.1000,8.0500e+27,6.5000e+26,2.5800e+27,1.2000e+26,1.4509e+31,3.7643e+30,137
355,2,0.1000,0.2000,2.0270e+28,6.0400e+27,9.1900e+27,3.1300e+27,1.9591e+31,8.1108e+30,137
355,3,0.2000,0.3500,2.3730e+28,2.4230e+28,1.3540e+28,1.4550e+28,1.1790e+31,6.7250e+30,137
355,4,0.3500,0.5500,1.9400e+28,6.3780e+28,1.5500e+28,5.2000e+28,5.8193e+30,4.5344e+30,137
355,5,0.5500,1.0100,1.9180e+28,2.6162e+29,1.7460e+28,2.4673e+29,3.4710e+30,3.2529e+30,137
356,0,0.0000,0.0500,2.8400e+28,1.1000e+26,4.2900e+27,4.0000e+25,1.4676e+32,2.1827e+31,136
356,1,0.0500,0.1000,8.4000e+27,6.2000e+26,2.4800e+27,2.3000e+26,1.3703e+31,3.7280e+30,136
356,2,0.1000,0.2000,2.0350e+28,5.4800e+27,9.1900e+27,3.0100e+27,1.9143e+31,8.0242e+30,136
356,3,0.2000,0.3500,2.3810e+28,2.4180e+28,1.3810e+28,1.4710e+28,1.1777e+31,6.7420e+30,136
356,4,0.3500,0.5500,1.8740e+28,6.0030e+28,1.5220e+28,5.2610e+28,5.7604e+30,4.5295e+30,136
356,5,0.5500,1.0100,1.8080e+28,2.4975e+29,1.8270e+28,2.5279e+29,3.4929e+30,3.3113e+30,136
357,0,0.0000,0.0500,2.7950e+28,1.4000e+26,4.4200e+27,3.0000e+25,1.4654e+32,2.1574e+31,136
357,1,0.0500,0.1000,7.6500e+27,5.9000e+26,2.3000e+27,1.9000e+26,1.2350e+31,3.7776e+30,136
357,2,0.1000,0.2000,2.0370e+28,5.9700e+27,9.2000e+27,2.5800e+27,1.8663e+31,8.1007e+30,136
357,3,0.2000,0.3500,2.3280e+28,2.2720e+28,1.4360e+28,1.6240e+28,1.1261e+31,6.9778e+30,136
357,4,0.3500,0.5500,1.9630e+28,6.1680e+28,1.6830e+28,5.7020e+28,5.7147e+30,4.6803e+30,136
357,5,0.5500,1.0100,1.8180e+28,2.4772e+29,1.8540e+28,2.4343e+29,3.4204e+30,3.3546e+30,136
358,0,0.0000,0.0500,2.8120e+28,9.0000e+25,4.2500e+27,2.0000e+25,1.4451e+32,2.1275e+31,136
358,1,0.0500,0.1000,7.5000e+27,5.6000e+26,2.2300e+27,2.5000e+26,1.2177e+31,3.9143e+30,136
358,2,0.1000,0.2000,2.1110e+28,5.7500e+27,8.9000e+27,2.7300e+27,1.8545e+31,8.1190e+30,136
358,3,0.2000,0.3500,2.2870e+28,2.4400e+28,1.4760e+28,1.6470e+28,1.1212e+31,7.1637e+30,136
358,4,0.3500,0.5500,1.9600e+28,6.3440e+28,1.6670e+28,5.2260e+28,5.7981e+30,4.8025e+30,136
358,5,0.5500,1.0100,1.8500e+28,2.5554e+29,1.8170e+28,2.5165e+29,3.4624e+30,3.3854e+30,136
359,0,0.0000,0.0500,2.7720e+28,1.7000e+26,4.5100e+27,2.0000e+25,1.4250e+32,2.1255e+31,136
359,1,0.0500,0.1000,7.5300e+27,6.6000e+26,2.2800e+27,2.1000e+26,1.1953e+31,3.9023e+30,136
359,2,0.1000,0.2000,2.0130e+28,6.3200e+27,9.1000e+27,2.8000e+27,1.8414e+31,8.1379e+30,136
359,3,0.2000,0.3500,2.2870e+28,2.3200e+28,1.5890e+28,1.5570e+28,1.1201e+31,7.1986e+30,136
359,4,0.3500,0.5500,2.0140e+28,6.4180e+28,1.7040e+28,5.7590e+28,5.8916e+30,4.8862e+30,136
359,5,0.5500,1.0100,1.7630e+28,2.4608e+29,1.8060e+28,2.5353e+29,3.3812e+30,3.3674e+30,136
