TAA_Bin,Gen_Total,Gen_PSD,Gen_TD,Gen_SWS,Gen_MMV,Gen_PSD_Dawn,Gen_PSD_Dusk,Gen_TD_Dawn,Gen_TD_Dusk,Gen_SWS_Dawn,Gen_SWS_Dusk,Gen_MMV_Dawn,Gen_MMV_Dusk,Gen_PSD_Dawn_Terminator,Gen_TD_Dawn_Terminator,Max_Flux_PSD,Min_Flux_PSD,Max_Flux_TD,Min_Flux_TD,Max_Flux_SWS,Min_Flux_SWS,Max_Flux_MMV,Min_Flux_MMV,Pct_PSD,Pct_TD,Pct_SWS,Pct_MMV,Loss_Total,Loss_Stuck,Loss_Ionized,Loss_Escaped,Supply_Internal,Trans_Inward,Pct_Stuck,Pct_Ionized,Pct_Escaped
0,8.5374e+29,1.7888e+29,6.6771e+29,3.6000e+26,6.7900e+27,1.1473e+29,6.4150e+28,3.4749e+29,3.2022e+29,1.8000e+26,1.8000e+26,3.5500e+27,3.2400e+27,4.7300e+28,3.2500e+27,4.2586e+08,2.6962e+06,1.5654e+09,6.6089e-06,2.2559e+06,1.9797e+04,6.6625e+05,6.6622e+05,21.0,78.2,0.0,0.8,8.5321e+29,8.3182e+29,2.1260e+28,1.3000e+26,2.4894e+28,0.0000e+00,97.5,2.5,0.0
1,8.6434e+29,1.7882e+29,6.7841e+29,3.3000e+26,6.7800e+27,1.1389e+29,6.4930e+28,3.5835e+29,3.2006e+29,1.7000e+26,1.6000e+26,3.2300e+27,3.5500e+27,4.5270e+28,3.0800e+27,4.2159e+08,2.5428e+06,1.6967e+09,7.4704e-06,2.1775e+06,2.1376e+04,6.6622e+05,6.6612e+05,20.7,78.5,0.0,0.8,8.6501e+29,8.4430e+29,2.0520e+28,1.9000e+26,2.4887e+28,0.0000e+00,97.6,2.4,0.0
2,8.7583e+29,1.7746e+29,6.9128e+29,3.0000e+26,6.7900e+27,1.1148e+29,6.5980e+28,3.5734e+29,3.3394e+29,9.0000e+25,2.1000e+26,3.3500e+27,3.4400e+27,4.3500e+28,2.8400e+27,4.1622e+08,2.5933e+06,2.0066e+09,8.4181e-06,1.9509e+06,1.9728e+04,6.6611e+05,6.6595e+05,20.3,78.9,0.0,0.8,8.7510e+29,8.5387e+29,2.1050e+28,1.8000e+26,2.4871e+28,0.0000e+00,97.6,2.4,0.0
3,8.6888e+29,1.7790e+29,6.8389e+29,2.8000e+26,6.8100e+27,1.1128e+29,6.6620e+28,3.5211e+29,3.3178e+29,1.7000e+26,1.1000e+26,3.6100e+27,3.2000e+27,4.3740e+28,3.1200e+27,4.1127e+08,2.8780e+06,1.6369e+09,7.5227e-06,1.9368e+06,1.8194e+04,6.6595e+05,6.6572e+05,20.5,78.7,0.0,0.8,8.6856e+29,8.4675e+29,2.1620e+28,1.9000e+26,2.5031e+28,0.0000e+00,97.5,2.5,0.0
4,8.5792e+29,1.7426e+29,6.7651e+29,3.7000e+26,6.7800e+27,1.0887e+29,6.5390e+28,3.5077e+29,3.2574e+29,2.2000e+26,1.5000e+26,3.2200e+27,3.5600e+27,4.2360e+28,3.3200e+27,4.0742e+08,2.4588e+06,1.7449e+09,6.4934e-06,1.8443e+06,2.0085e+04,6.6572e+05,6.6543e+05,20.3,78.9,0.0,0.8,8.5773e+29,8.3659e+29,2.0980e+28,1.6000e+26,2.4818e+28,0.0000e+00,97.5,2.4,0.0
5,8.7050e+29,1.7289e+29,6.9048e+29,3.5000e+26,6.7800e+27,1.0765e+29,6.5240e+28,3.5209e+29,3.3839e+29,2.0000e+26,1.5000e+26,3.5100e+27,3.2700e+27,4.0810e+28,2.7500e+27,4.0216e+08,2.4524e+06,1.6756e+09,5.6011e-06,1.6782e+06,2.5894e+04,6.6542e+05,6.6507e+05,19.9,79.3,0.0,0.8,8.7180e+29,8.5008e+29,2.1510e+28,2.1000e+26,2.4779e+28,0.0000e+00,97.5,2.5,0.0
6,8.6602e+29,1.7427e+29,6.8466e+29,2.8000e+26,6.8100e+27,1.0740e+29,6.6870e+28,3.4439e+29,3.4027e+29,1.4000e+26,1.4000e+26,3.3800e+27,3.4300e+27,4.0730e+28,2.6600e+27,3.9770e+08,2.9187e+06,1.7277e+09,4.8253e-06,1.6407e+06,2.2686e+04,6.6506e+05,6.6464e+05,20.1,79.1,0.0,0.8,8.6552e+29,8.4358e+29,2.1710e+28,2.3000e+26,2.4915e+28,0.0000e+00,97.5,2.5,0.0
7,8.6380e+29,1.7335e+29,6.8331e+29,3.9000e+26,6.7500e+27,1.0728e+29,6.6070e+28,3.4913e+29,3.3418e+29,2.2000e+26,1.7000e+26,3.2800e+27,3.4700e+27,4.0960e+28,2.5500e+27,3.9309e+08,2.8047e+06,1.6827e+09,4.1629e-06,1.7756e+06,2.4454e+04,6.6464e+05,6.6415e+05,20.1,79.1,0.0,0.8,8.6395e+29,8.4271e+29,2.1020e+28,2.2000e+26,2.4680e+28,0.0000e+00,97.5,2.4,0.0
8,8.5386e+29,1.7279e+29,6.7394e+29,3.2000e+26,6.8100e+27,1.0626e+29,6.6530e+28,3.3679e+29,3.3715e+29,1.4000e+26,1.8000e+26,3.2400e+27,3.5700e+27,3.9640e+28,2.7400e+27,3.8923e+08,2.2928e+06,1.6271e+09,3.5909e-06,1.6850e+06,1.5134e+04,6.6415e+05,6.6359e+05,20.2,78.9,0.0,0.8,8.5488e+29,8.3417e+29,2.0400e+28,3.1000e+26,2.4800e+28,0.0000e+00,97.6,2.4,0.0
9,8.4597e+29,1.7063e+29,6.6829e+29,2.5000e+26,6.8000e+27,1.0360e+29,6.7030e+28,3.3772e+29,3.3057e+29,1.0000e+26,1.5000e+26,3.4400e+27,3.3600e+27,3.7820e+28,2.8800e+27,3.8497e+08,2.3510e+06,1.6305e+09,3.1023e-06,1.6431e+06,1.6108e+04,6.6359e+05,6.6297e+05,20.2,79.0,0.0,0.8,8.4421e+29,8.2333e+29,2.0580e+28,3.0000e+26,2.4731e+28,0.0000e+00,97.5,2.4,0.0
10,8.3314e+29,1.6782e+29,6.5823e+29,2.6000e+26,6.8300e+27,1.0290e+29,6.4920e+28,3.3566e+29,3.2257e+29,1.5000e+26,1.1000e+26,3.3000e+27,3.5300e+27,3.7780e+28,2.5000e+27,3.8091e+08,2.4482e+06,1.6796e+09,2.6860e-06,1.6754e+06,1.4764e+04,6.6297e+05,6.6229e+05,20.1,79.0,0.0,0.8,8.3577e+29,8.1466e+29,2.0790e+28,3.2000e+26,2.4655e+28,0.0000e+00,97.5,2.5,0.0
11,8.1726e+29,1.6622e+29,6.4401e+29,2.5000e+26,6.7800e+27,1.0153e+29,6.4690e+28,3.2775e+29,3.1626e+29,1.3000e+26,1.2000e+26,3.3700e+27,3.4100e+27,3.6790e+28,2.1700e+27,3.7666e+08,2.7125e+06,1.6325e+09,2.3321e-06,1.6561e+06,2.3024e+04,6.6228e+05,6.6154e+05,20.3,78.8,0.0,0.8,8.1715e+29,7.9627e+29,2.0550e+28,3.3000e+26,2.4572e+28,0.0000e+00,97.4,2.5,0.0
12,8.0460e+29,1.6546e+29,6.3209e+29,3.3000e+26,6.7200e+27,1.0044e+29,6.5020e+28,3.2422e+29,3.0787e+29,1.9000e+26,1.4000e+26,3.5300e+27,3.1900e+27,3.6370e+28,2.2500e+27,3.7192e+08,3.1829e+06,1.5454e+09,2.0321e-06,1.5879e+06,1.5593e+04,6.6153e+05,6.6073e+05,20.6,78.6,0.0,0.8,8.0490e+29,7.8494e+29,1.9670e+28,2.9000e+26,2.4481e+28,0.0000e+00,97.5,2.4,0.0
13,8.1435e+29,1.6426e+29,6.4303e+29,3.1000e+26,6.7500e+27,9.8810e+28,6.5450e+28,3.3450e+29,3.0853e+29,2.0000e+26,1.1000e+26,3.4000e+27,3.3500e+27,3.5000e+28,2.4000e+27,3.6761e+08,2.8566e+06,1.6442e+09,1.7781e-06,1.5765e+06,1.9671e+04,6.6072e+05,6.5985e+05,20.2,79.0,0.0,0.8,8.1416e+29,7.9415e+29,1.9520e+28,4.9000e+26,2.4383e+28,0.0000e+00,97.5,2.4,0.1
14,8.2366e+29,1.6671e+29,6.4976e+29,3.4000e+26,6.8500e+27,1.0043e+29,6.6280e+28,3.3289e+29,3.1687e+29,1.9000e+26,1.5000e+26,3.4300e+27,3.4200e+27,3.5020e+28,2.1600e+27,3.6283e+08,2.6823e+06,1.7679e+09,1.5621e-06,1.6738e+06,1.6406e+04,6.5985e+05,6.5891e+05,20.2,78.9,0.0,0.8,8.2324e+29,8.0198e+29,2.0720e+28,5.4000e+26,2.4456e+28,0.0000e+00,97.4,2.5,0.1
15,7.9010e+29,1.6352e+29,6.1966e+29,1.9000e+26,6.7300e+27,9.7770e+28,6.5750e+28,3.2200e+29,2.9766e+29,9.0000e+25,1.0000e+26,3.3200e+27,3.4100e+27,3.3580e+28,2.2300e+27,3.5835e+08,1.9573e+06,1.7090e+09,1.3803e-06,1.7007e+06,1.9561e+04,6.5891e+05,6.5791e+05,20.7,78.4,0.0,0.9,7.9311e+29,7.7328e+29,1.9340e+28,4.9000e+26,2.4343e+28,0.0000e+00,97.5,2.4,0.1
16,7.7689e+29,1.6113e+29,6.0873e+29,2.8000e+26,6.7500e+27,9.6690e+28,6.4440e+28,3.1453e+29,2.9420e+29,1.5000e+26,1.3000e+26,3.4500e+27,3.3000e+27,3.3190e+28,2.1800e+27,3.5451e+08,1.6299e+06,1.6385e+09,1.2276e-06,1.7520e+06,1.6657e+04,6.5790e+05,6.5685e+05,20.7,78.4,0.0,0.9,7.7621e+29,7.5753e+29,1.8160e+28,5.2000e+26,2.4223e+28,0.0000e+00,97.6,2.3,0.1
17,7.8452e+29,1.6146e+29,6.1598e+29,3.0000e+26,6.7800e+27,9.6100e+28,6.5360e+28,3.1251e+29,3.0347e+29,1.7000e+26,1.3000e+26,3.5000e+27,3.2800e+27,3.2870e+28,2.4200e+27,3.5029e+08,2.7762e+06,1.4716e+09,1.0997e-06,1.7390e+06,1.6259e+04,6.5684e+05,6.5572e+05,20.6,78.5,0.0,0.9,7.8362e+29,7.6457e+29,1.8240e+28,8.1000e+26,2.4097e+28,0.0000e+00,97.6,2.3,0.1
18,7.7529e+29,1.5757e+29,6.1067e+29,1.8000e+26,6.8700e+27,9.3710e+28,6.3860e+28,3.0880e+29,3.0187e+29,1.1000e+26,7.0000e+25,3.3800e+27,3.4900e+27,3.2470e+28,2.0200e+27,3.4579e+08,2.2191e+06,1.8414e+09,9.9236e-07,1.9009e+06,1.6556e+04,6.5572e+05,6.5454e+05,20.3,78.8,0.0,0.9,7.7710e+29,7.5828e+29,1.8160e+28,6.6000e+26,2.4138e+28,0.0000e+00,97.6,2.3,0.1
19,7.6194e+29,1.5727e+29,5.9752e+29,3.3000e+26,6.8200e+27,9.3100e+28,6.4170e+28,2.9603e+29,3.0149e+29,1.7000e+26,1.6000e+26,3.3400e+27,3.4800e+27,3.1030e+28,1.9500e+27,3.4170e+08,2.6035e+06,1.6270e+09,9.0346e-07,1.8167e+06,1.5585e+04,6.5453e+05,6.5329e+05,20.6,78.4,0.0,0.9,7.6194e+29,7.4337e+29,1.7780e+28,7.9000e+26,2.3997e+28,0.0000e+00,97.6,2.3,0.1
20,7.6195e+29,1.5849e+29,5.9624e+29,4.1000e+26,6.8100e+27,9.3460e+28,6.5030e+28,3.0142e+29,2.9482e+29,2.1000e+26,2.0000e+26,3.7000e+27,3.1100e+27,3.1930e+28,2.1800e+27,3.3874e+08,2.6944e+06,1.8169e+09,8.3044e-07,1.7128e+06,2.0503e+04,6.5328e+05,6.5198e+05,20.8,78.3,0.1,0.9,7.6173e+29,7.4333e+29,1.7540e+28,8.6000e+26,2.3850e+28,0.0000e+00,97.6,2.3,0.1
21,7.6343e+29,1.5579e+29,6.0059e+29,2.6000e+26,6.7900e+27,9.2590e+28,6.3200e+28,3.0805e+29,2.9254e+29,1.2000e+26,1.4000e+26,3.5600e+27,3.2300e+27,3.1210e+28,1.9800e+27,3.3551e+08,3.1881e+06,1.4825e+09,7.7124e-07,1.8081e+06,1.7510e+04,6.5197e+05,6.5062e+05,20.4,78.7,0.0,0.9,7.6442e+29,7.4575e+29,1.7630e+28,1.0400e+27,2.3697e+28,0.0000e+00,97.6,2.3,0.1
22,7.5910e+29,1.5687e+29,5.9503e+29,3.4000e+26,6.8600e+27,9.1430e+28,6.5440e+28,2.9332e+29,3.0171e+29,1.8000e+26,1.6000e+26,3.2700e+27,3.5900e+27,3.1600e+28,1.8400e+27,3.3257e+08,2.6198e+06,1.8804e+09,7.2386e-07,1.7306e+06,1.2222e+04,6.5061e+05,6.4919e+05,20.7,78.4,0.0,0.9,7.5982e+29,7.4063e+29,1.8030e+28,1.1600e+27,2.3707e+28,0.0000e+00,97.5,2.4,0.2
23,7.3844e+29,1.5685e+29,5.7455e+29,3.1000e+26,6.7300e+27,8.9740e+28,6.7110e+28,2.7672e+29,2.9783e+29,1.4000e+26,1.7000e+26,3.4400e+27,3.2900e+27,2.9900e+28,1.9400e+27,3.2888e+08,1.7454e+06,1.4998e+09,6.8743e-07,1.7544e+06,8.1427e+03,6.4918e+05,6.4771e+05,21.2,77.8,0.0,0.9,7.3839e+29,7.2005e+29,1.7010e+28,1.3300e+27,2.3541e+28,0.0000e+00,97.5,2.3,0.2
24,7.0946e+29,1.5196e+29,5.5051e+29,2.4000e+26,6.7500e+27,8.7550e+28,6.4410e+28,2.7510e+29,2.7541e+29,1.1000e+26,1.3000e+26,3.2600e+27,3.4900e+27,2.9880e+28,2.0900e+27,3.2550e+08,2.2888e+06,1.6552e+09,6.6101e-07,1.7308e+06,1.8229e+04,6.4770e+05,6.4618e+05,21.4,77.6,0.0,1.0,7.1033e+29,6.9325e+29,1.5690e+28,1.3900e+27,2.3369e+28,0.0000e+00,97.6,2.2,0.2
25,7.0728e+29,1.5383e+29,5.4627e+29,4.3000e+26,6.7500e+27,8.8600e+28,6.5230e+28,2.7169e+29,2.7458e+29,2.3000e+26,2.0000e+26,3.3800e+27,3.3700e+27,2.9780e+28,1.8100e+27,3.2151e+08,2.2742e+06,1.4126e+09,6.4369e-07,1.6678e+06,1.7886e+04,6.4616e+05,6.4457e+05,21.7,77.2,0.1,1.0,7.0882e+29,6.9089e+29,1.6200e+28,1.7300e+27,2.3357e+28,0.0000e+00,97.5,2.3,0.2
26,6.7861e+29,1.5089e+29,5.2059e+29,3.0000e+26,6.8300e+27,8.6660e+28,6.4230e+28,2.5926e+29,2.6133e+29,1.9000e+26,1.1000e+26,3.2500e+27,3.5800e+27,2.8730e+28,1.5400e+27,3.1793e+08,2.3290e+06,1.3875e+09,6.3544e-07,1.7108e+06,1.4354e+04,6.4456e+05,6.4292e+05,22.2,76.7,0.0,1.0,6.7839e+29,6.6171e+29,1.4720e+28,1.9600e+27,2.3172e+28,0.0000e+00,97.5,2.2,0.3
27,6.6045e+29,1.4802e+29,5.0538e+29,2.5000e+26,6.8000e+27,8.5750e+28,6.2270e+28,2.5497e+29,2.5041e+29,9.0000e+25,1.6000e+26,3.3600e+27,3.4400e+27,2.9760e+28,1.9600e+27,3.1479e+08,2.1613e+06,1.5658e+09,6.3459e-07,1.6598e+06,1.1979e+04,6.4291e+05,6.4121e+05,22.4,76.5,0.0,1.0,6.6206e+29,6.4590e+29,1.4340e+28,1.8200e+27,2.3144e+28,0.0000e+00,97.6,2.2,0.3
28,6.4621e+29,1.4659e+29,4.9252e+29,2.4000e+26,6.8600e+27,8.4760e+28,6.1830e+28,2.5007e+29,2.4245e+29,1.0000e+26,1.4000e+26,3.3000e+27,3.5600e+27,2.8590e+28,1.7200e+27,3.1171e+08,1.8592e+06,1.5016e+09,6.3616e-07,1.5645e+06,1.2299e+04,6.4120e+05,6.3944e+05,22.7,76.2,0.0,1.1,6.4680e+29,6.3120e+29,1.3420e+28,2.1800e+27,2.2947e+28,0.0000e+00,97.6,2.1,0.3
29,6.1830e+29,1.4346e+29,4.6781e+29,2.1000e+26,6.8200e+27,8.3770e+28,5.9690e+28,2.3861e+29,2.2920e+29,1.3000e+26,8.0000e+25,3.3200e+27,3.5000e+27,2.8610e+28,1.8600e+27,3.0837e+08,1.7951e+06,1.7796e+09,6.4621e-07,1.4115e+06,9.8984e+03,6.3943e+05,6.3763e+05,23.2,75.7,0.0,1.1,6.1924e+29,6.0349e+29,1.3640e+28,2.1100e+27,2.2746e+28,0.0000e+00,97.5,2.2,0.3
30,6.1757e+29,1.4408e+29,4.6636e+29,2.9000e+26,6.8400e+27,8.4260e+28,5.9820e+28,2.3328e+29,2.3308e+29,1.2000e+26,1.7000e+26,3.5200e+27,3.3200e+27,2.9230e+28,1.9700e+27,3.0547e+08,1.4016e+06,1.2440e+09,6.6612e-07,1.3541e+06,1.3078e+04,6.3761e+05,6.3575e+05,23.3,75.5,0.0,1.1,6.1767e+29,6.0205e+29,1.3080e+28,2.5400e+27,2.2698e+28,0.0000e+00,97.5,2.1,0.4
31,6.0728e+29,1.4234e+29,4.5796e+29,2.5000e+26,6.7300e+27,8.2480e+28,5.9860e+28,2.2629e+29,2.3167e+29,1.3000e+26,1.2000e+26,3.1500e+27,3.5800e+27,2.9500e+28,1.7700e+27,3.0298e+08,1.7820e+06,1.4218e+09,6.9720e-07,1.3651e+06,1.2684e+04,6.3574e+05,6.3383e+05,23.4,75.4,0.0,1.1,6.0812e+29,5.9304e+29,1.2580e+28,2.5000e+27,2.2485e+28,0.0000e+00,97.5,2.1,0.4
32,5.9180e+29,1.4235e+29,4.4245e+29,2.2000e+26,6.7800e+27,8.1490e+28,6.0860e+28,2.1689e+29,2.2556e+29,1.4000e+26,8.0000e+25,3.4400e+27,3.3400e+27,2.8490e+28,1.5000e+27,2.9988e+08,1.9290e+06,1.4571e+09,7.4087e-07,1.4027e+06,9.4181e+03,6.3382e+05,6.3185e+05,24.1,74.8,0.0,1.1,5.9248e+29,5.7808e+29,1.1830e+28,2.5700e+27,2.2423e+28,0.0000e+00,97.6,2.0,0.4
33,5.6875e+29,1.3580e+29,4.2592e+29,2.8000e+26,6.7500e+27,7.8170e+28,5.7630e+28,2.0877e+29,2.1715e+29,1.5000e+26,1.3000e+26,3.6000e+27,3.1500e+27,2.6990e+28,1.7600e+27,2.9719e+08,1.8483e+06,1.2543e+09,7.9966e-07,1.3670e+06,1.0664e+04,6.3184e+05,6.2983e+05,23.9,74.9,0.0,1.2,5.6894e+29,5.5448e+29,1.1480e+28,2.9800e+27,2.2200e+28,0.0000e+00,97.5,2.0,0.5
34,5.6561e+29,1.3704e+29,4.2139e+29,3.0000e+26,6.8800e+27,7.9240e+28,5.7800e+28,2.0795e+29,2.1344e+29,1.7000e+26,1.3000e+26,3.5400e+27,3.3400e+27,2.8470e+28,1.7300e+27,2.9426e+08,2.1545e+06,1.3548e+09,8.7627e-07,1.2724e+06,1.2638e+04,6.2981e+05,6.2775e+05,24.2,74.5,0.1,1.2,5.6645e+29,5.5265e+29,1.1210e+28,2.5900e+27,2.2125e+28,0.0000e+00,97.6,2.0,0.5
35,5.4029e+29,1.3581e+29,3.9733e+29,3.0000e+26,6.8500e+27,7.9340e+28,5.6470e+28,1.9723e+29,2.0010e+29,1.5000e+26,1.5000e+26,3.4200e+27,3.4300e+27,2.8830e+28,1.7600e+27,2.9207e+08,1.5012e+06,1.3457e+09,9.7540e-07,1.2564e+06,9.9477e+03,6.2773e+05,6.2563e+05,25.1,73.5,0.1,1.3,5.4145e+29,5.2714e+29,1.1090e+28,3.2200e+27,2.1892e+28,0.0000e+00,97.4,2.0,0.6
36,5.2717e+29,1.3363e+29,3.8653e+29,2.0000e+26,6.8100e+27,7.6400e+28,5.7230e+28,1.8761e+29,1.9892e+29,8.0000e+25,1.2000e+26,3.2700e+27,3.5400e+27,2.8760e+28,1.8200e+27,2.8962e+08,1.7754e+06,1.3825e+09,1.1019e-06,1.2675e+06,1.1531e+04,6.2561e+05,6.2345e+05,25.3,73.3,0.0,1.3,5.2771e+29,5.1388e+29,1.0570e+28,3.2600e+27,2.1804e+28,0.0000e+00,97.4,2.0,0.6
37,5.1124e+29,1.3125e+29,3.7293e+29,2.7000e+26,6.7900e+27,7.5610e+28,5.5640e+28,1.8647e+29,1.8646e+29,1.5000e+26,1.2000e+26,3.5000e+27,3.2900e+27,2.8050e+28,1.7600e+27,2.8691e+08,1.8164e+06,1.5322e+09,1.2640e-06,1.2631e+06,9.4081e+03,6.2343e+05,6.2123e+05,25.7,72.9,0.1,1.3,5.1232e+29,4.9842e+29,1.0400e+28,3.5000e+27,2.1562e+28,0.0000e+00,97.3,2.0,0.7
38,5.1540e+29,1.3239e+29,3.7583e+29,3.3000e+26,6.8500e+27,7.6240e+28,5.6150e+28,1.8670e+29,1.8913e+29,2.1000e+26,1.2000e+26,3.5400e+27,3.3100e+27,2.8160e+28,1.5400e+27,2.8428e+08,1.5681e+06,1.2142e+09,1.4704e-06,1.2646e+06,7.8739e+03,6.2121e+05,6.1896e+05,25.7,72.9,0.1,1.3,5.1516e+29,5.0216e+29,9.7500e+27,3.2500e+27,2.1463e+28,0.0000e+00,97.5,1.9,0.6
39,4.9685e+29,1.3003e+29,3.5973e+29,2.5000e+26,6.8400e+27,7.4500e+28,5.5530e+28,1.7699e+29,1.8274e+29,8.0000e+25,1.7000e+26,3.4700e+27,3.3700e+27,2.8380e+28,1.5000e+27,2.8139e+08,1.6723e+06,1.4146e+09,1.7358e-06,1.2631e+06,7.9513e+03,6.1895e+05,6.1665e+05,26.2,72.4,0.1,1.4,4.9696e+29,4.8422e+29,9.3900e+27,3.3500e+27,2.1213e+28,0.0000e+00,97.4,1.9,0.7
40,4.7974e+29,1.2819e+29,3.4459e+29,2.4000e+26,6.7200e+27,7.3560e+28,5.4630e+28,1.7201e+29,1.7258e+29,6.0000e+25,1.8000e+26,3.3600e+27,3.3600e+27,2.8670e+28,1.8700e+27,2.7960e+08,1.1846e+06,1.4956e+09,2.0757e-06,1.2585e+06,7.5261e+03,6.1664e+05,6.1430e+05,26.7,71.8,0.1,1.4,4.8023e+29,4.6793e+29,8.8400e+27,3.4600e+27,2.1102e+28,0.0000e+00,97.4,1.8,0.7
41,4.7502e+29,1.2469e+29,3.4325e+29,1.9000e+26,6.8900e+27,7.2070e+28,5.2620e+28,1.6566e+29,1.7759e+29,1.1000e+26,8.0000e+25,3.6400e+27,3.2500e+27,2.7850e+28,1.6700e+27,2.7721e+08,1.0424e+06,1.2329e+09,2.5162e-06,1.2475e+06,5.1402e+03,6.1428e+05,6.1189e+05,26.2,72.3,0.0,1.5,4.7537e+29,4.6312e+29,8.4700e+27,3.7800e+27,2.0985e+28,0.0000e+00,97.4,1.8,0.8
42,4.7181e+29,1.2518e+29,3.3954e+29,3.3000e+26,6.7600e+27,7.2220e+28,5.2960e+28,1.6853e+29,1.7101e+29,2.3000e+26,1.0000e+26,3.3600e+27,3.4000e+27,2.8540e+28,1.4400e+27,2.7454e+08,1.3961e+06,1.4716e+09,2.9259e-06,1.2017e+06,9.9621e+03,6.1187e+05,6.0945e+05,26.5,72.0,0.1,1.4,4.7175e+29,4.5954e+29,8.4800e+27,3.7300e+27,2.0722e+28,0.0000e+00,97.4,1.8,0.8
43,4.6486e+29,1.2396e+29,3.3377e+29,2.4000e+26,6.8900e+27,7.1810e+28,5.2150e+28,1.6483e+29,1.6894e+29,1.2000e+26,1.2000e+26,3.4900e+27,3.4000e+27,2.8990e+28,1.6300e+27,2.7264e+08,1.7318e+06,1.3158e+09,2.1811e-06,1.2156e+06,8.0690e+03,6.0943e+05,6.0696e+05,26.7,71.8,0.1,1.5,4.6582e+29,4.5360e+29,8.4600e+27,3.7600e+27,2.0595e+28,0.0000e+00,97.4,1.8,0.8
44,4.5539e+29,1.2213e+29,3.2598e+29,2.4000e+26,7.0400e+27,6.9910e+28,5.2220e+28,1.6391e+29,1.6207e+29,1.3000e+26,1.1000e+26,3.6500e+27,3.3900e+27,2.8170e+28,1.5200e+27,2.7061e+08,1.4772e+06,1.2294e+09,1.5866e-06,1.2415e+06,7.7959e+03,6.0695e+05,6.0445e+05,26.8,71.6,0.1,1.5,4.5616e+29,4.4462e+29,7.9500e+27,3.5900e+27,2.0327e+28,0.0000e+00,97.5,1.7,0.8
45,4.4058e+29,1.2208e+29,3.1146e+29,1.9000e+26,6.8500e+27,7.0110e+28,5.1970e+28,1.5738e+29,1.5408e+29,1.2000e+26,7.0000e+25,3.4100e+27,3.4400e+27,2.9110e+28,1.6200e+27,2.6905e+08,1.4584e+06,1.2878e+09,1.1213e-06,1.1714e+06,9.7399e+03,6.0443e+05,6.0189e+05,27.7,70.7,0.0,1.6,4.4021e+29,4.2908e+29,7.6400e+27,3.4900e+27,2.0190e+28,0.0000e+00,97.5,1.7,0.8
46,4.4177e+29,1.1864e+29,3.1607e+29,1.7000e+26,6.8900e+27,6.8830e+28,4.9810e+28,1.5845e+29,1.5762e+29,8.0000e+25,9.0000e+25,3.3400e+27,3.5500e+27,2.8770e+28,1.6800e+27,2.6770e+08,9.7453e+05,1.1566e+09,7.6764e-07,1.2158e+06,8.1261e+03,6.0187e+05,5.9928e+05,26.9,71.5,0.0,1.6,4.4215e+29,4.3066e+29,7.6800e+27,3.8100e+27,2.0048e+28,0.0000e+00,97.4,1.7,0.9
47,4.3730e+29,1.2070e+29,3.0963e+29,1.7000e+26,6.8000e+27,6.9870e+28,5.0830e+28,1.5889e+29,1.5074e+29,7.0000e+25,1.0000e+26,3.3900e+27,3.4100e+27,2.8910e+28,1.5300e+27,2.6539e+08,1.9051e+06,1.3610e+09,5.0733e-07,1.1195e+06,1.1739e+04,5.9926e+05,5.9664e+05,27.6,70.8,0.0,1.6,4.3763e+29,4.2608e+29,7.6900e+27,3.8600e+27,1.9900e+28,0.0000e+00,97.4,1.8,0.9
48,4.2521e+29,1.1711e+29,3.0120e+29,1.2000e+26,6.7800e+27,6.8720e+28,4.8390e+28,1.5809e+29,1.4311e+29,8.0000e+25,4.0000e+25,3.5100e+27,3.2700e+27,2.9670e+28,1.5700e+27,2.6314e+08,1.5765e+06,1.2110e+09,3.2333e-07,1.0454e+06,1.0308e+04,5.9662e+05,5.9397e+05,27.5,70.8,0.0,1.6,4.2544e+29,4.1441e+29,7.3100e+27,3.7200e+27,1.9619e+28,0.0000e+00,97.4,1.7,0.9
49,4.1415e+29,1.1673e+29,2.9036e+29,1.8000e+26,6.8800e+27,6.8830e+28,4.7900e+28,1.5093e+29,1.3943e+29,8.0000e+25,1.0000e+26,3.2300e+27,3.6500e+27,2.8960e+28,1.8700e+27,2.6132e+08,1.6438e+06,1.1408e+09,1.9725e-07,1.0766e+06,7.9422e+03,5.9395e+05,5.9125e+05,28.2,70.1,0.0,1.7,4.1466e+29,4.0379e+29,7.3900e+27,3.4800e+27,1.9463e+28,0.0000e+00,97.4,1.8,0.8
50,4.0731e+29,1.1405e+29,2.8628e+29,1.8000e+26,6.8000e+27,6.7260e+28,4.6790e+28,1.4036e+29,1.4592e+29,1.2000e+26,6.0000e+25,3.4100e+27,3.3900e+27,2.9070e+28,1.7200e+27,2.6055e+08,1.3193e+06,1.2319e+09,1.1452e-07,1.0546e+06,8.2901e+03,5.9123e+05,5.8850e+05,28.0,70.3,0.0,1.7,4.0811e+29,3.9741e+29,6.9500e+27,3.7500e+27,1.9302e+28,0.0000e+00,97.4,1.7,0.9
51,4.0004e+29,1.1397e+29,2.7901e+29,1.9000e+26,6.8700e+27,6.7090e+28,4.6880e+28,1.4306e+29,1.3595e+29,1.0000e+26,9.0000e+25,3.5700e+27,3.3000e+27,2.8360e+28,1.8000e+27,2.6091e+08,1.2388e+06,1.3974e+09,6.4881e-08,1.0163e+06,9.7847e+03,5.8849e+05,5.8574e+05,28.5,69.7,0.0,1.7,4.0066e+29,3.9030e+29,6.6900e+27,3.6700e+27,1.9015e+28,0.0000e+00,97.4,1.7,0.9
52,3.8922e+29,1.1285e+29,2.6937e+29,1.8000e+26,6.8200e+27,6.6890e+28,4.5960e+28,1.3631e+29,1.3306e+29,1.2000e+26,6.0000e+25,3.4300e+27,3.3900e+27,2.9490e+28,1.7400e+27,2.6135e+08,1.4664e+06,1.0622e+09,3.3351e-08,8.9605e+05,7.1268e+03,5.8572e+05,5.8291e+05,29.0,69.2,0.0,1.8,3.8921e+29,3.7876e+29,6.5700e+27,3.8800e+27,1.8968e+28,0.0000e+00,97.3,1.7,1.0
53,3.8766e+29,1.1191e+29,2.6870e+29,1.6000e+26,6.8900e+27,6.5770e+28,4.6140e+28,1.3864e+29,1.3006e+29,9.0000e+25,7.0000e+25,3.3300e+27,3.5600e+27,2.9370e+28,2.0400e+27,2.6254e+08,1.2966e+06,1.2809e+09,1.5957e-08,8.8728e+05,8.6414e+03,5.8290e+05,5.8008e+05,28.9,69.3,0.0,1.8,3.8704e+29,3.7626e+29,7.1600e+27,3.6200e+27,1.8675e+28,0.0000e+00,97.2,1.8,0.9
54,3.9775e+29,1.1316e+29,2.7761e+29,1.8000e+26,6.8000e+27,6.7530e+28,4.5630e+28,1.3992e+29,1.3769e+29,8.0000e+25,1.0000e+26,3.3600e+27,3.4400e+27,2.9760e+28,1.7000e+27,2.6315e+08,9.7867e+05,1.1038e+09,6.9785e-09,9.8042e+05,7.2724e+03,5.8006e+05,5.7720e+05,28.5,69.8,0.0,1.7,3.9753e+29,3.8701e+29,6.3800e+27,4.1400e+27,1.8500e+28,0.0000e+00,97.4,1.6,1.0
55,3.9747e+29,1.1104e+29,2.7949e+29,1.7000e+26,6.7700e+27,6.5250e+28,4.5790e+28,1.4625e+29,1.3324e+29,9.0000e+25,8.0000e+25,3.1800e+27,3.5900e+27,2.9260e+28,1.7900e+27,2.6406e+08,1.2618e+06,1.0206e+09,2.7550e-09,1.0098e+06,6.1090e+03,5.7719e+05,5.7432e+05,27.9,70.3,0.0,1.7,3.9848e+29,3.8822e+29,6.5100e+27,3.7500e+27,1.8206e+28,0.0000e+00,97.4,1.6,0.9
56,3.8996e+29,1.1163e+29,2.7119e+29,1.9000e+26,6.9500e+27,6.7310e+28,4.4320e+28,1.4336e+29,1.2783e+29,1.3000e+26,6.0000e+25,3.4300e+27,3.5200e+27,2.8800e+28,1.7500e+27,2.6506e+08,1.5735e+06,1.2407e+09,9.4619e-10,9.5340e+05,7.6708e+03,5.7430e+05,5.7139e+05,28.6,69.5,0.0,1.8,3.8993e+29,3.7970e+29,6.5300e+27,3.7000e+27,1.8139e+28,0.0000e+00,97.4,1.7,0.9
57,3.8537e+29,1.1080e+29,2.6754e+29,1.5000e+26,6.8800e+27,6.7490e+28,4.3310e+28,1.4066e+29,1.2688e+29,8.0000e+25,7.0000e+25,3.3400e+27,3.5400e+27,2.8840e+28,1.6300e+27,2.6590e+08,1.2573e+06,1.1413e+09,2.7662e-10,8.8341e+05,9.6287e+03,5.7137e+05,5.6845e+05,28.8,69.4,0.0,1.8,3.8550e+29,3.7594e+29,5.9200e+27,3.6400e+27,1.7842e+28,0.0000e+00,97.5,1.5,0.9
58,3.8391e+29,1.1180e+29,2.6503e+29,1.3000e+26,6.9500e+27,6.7520e+28,4.4280e+28,1.3980e+29,1.2523e+29,4.0000e+25,9.0000e+25,3.5400e+27,3.4100e+27,2.8130e+28,1.6200e+27,2.6727e+08,1.8280e+06,1.0237e+09,6.4352e-11,8.3175e+05,9.0382e+03,5.6843e+05,5.6546e+05,29.1,69.0,0.0,1.8,3.8424e+29,3.7447e+29,6.0100e+27,3.7600e+27,1.7764e+28,0.0000e+00,97.5,1.6,1.0
59,3.6886e+29,1.0788e+29,2.5404e+29,1.6000e+26,6.7800e+27,6.5860e+28,4.2020e+28,1.3851e+29,1.1553e+29,1.1000e+26,5.0000e+25,3.3800e+27,3.4000e+27,2.6750e+28,1.5200e+27,2.6996e+08,1.4268e+06,1.0981e+09,1.1197e-11,8.6326e+05,7.0602e+03,5.6544e+05,5.6246e+05,29.2,68.9,0.0,1.8,3.6978e+29,3.6006e+29,5.8700e+27,3.8500e+27,1.7463e+28,0.0000e+00,97.4,1.6,1.0
60,3.6635e+29,1.0882e+29,2.5047e+29,1.7000e+26,6.8900e+27,6.6120e+28,4.2700e+28,1.3350e+29,1.1697e+29,1.0000e+26,7.0000e+25,3.6700e+27,3.2200e+27,2.6850e+28,1.5000e+27,2.7635e+08,8.6944e+05,1.1043e+09,1.2638e-12,8.8483e+05,7.5316e+03,5.6244e+05,5.5944e+05,29.7,68.4,0.0,1.9,3.6601e+29,3.5671e+29,5.9400e+27,3.3600e+27,1.7271e+28,0.0000e+00,97.5,1.6,0.9
61,3.6486e+29,1.0656e+29,2.5119e+29,2.3000e+26,6.8800e+27,6.5770e+28,4.0790e+28,1.3889e+29,1.1230e+29,1.3000e+26,1.0000e+26,3.2800e+27,3.6000e+27,2.6000e+28,1.5000e+27,2.8291e+08,1.4877e+06,1.0102e+09,7.1912e-14,8.8652e+05,1.0163e+04,5.5942e+05,5.5640e+05,29.2,68.8,0.1,1.9,3.6424e+29,3.5484e+29,5.6500e+27,3.7500e+27,1.7075e+28,0.0000e+00,97.4,1.6,1.0
62,3.7846e+29,1.0859e+29,2.6279e+29,2.0000e+26,6.8800e+27,6.7450e+28,4.1140e+28,1.3889e+29,1.2390e+29,1.0000e+26,1.0000e+26,3.2700e+27,3.6100e+27,2.6090e+28,1.7800e+27,2.8940e+08,2.1670e+06,1.1467e+09,1.1640e-15,8.1545e+05,1.0008e+04,5.5638e+05,5.5333e+05,28.7,69.4,0.1,1.8,3.7876e+29,3.6917e+29,5.8400e+27,3.7500e+27,1.6878e+28,0.0000e+00,97.5,1.5,1.0
63,3.5387e+29,1.0746e+29,2.3939e+29,1.9000e+26,6.8300e+27,6.6620e+28,4.0840e+28,1.2985e+29,1.0954e+29,1.1000e+26,8.0000e+25,3.4300e+27,3.4000e+27,2.6460e+28,1.5800e+27,2.9578e+08,1.0322e+06,9.9685e+08,8.3228e-19,8.1173e+05,1.0635e+04,5.5332e+05,5.5025e+05,30.4,67.6,0.1,1.9,3.5480e+29,3.4547e+29,5.7600e+27,3.5700e+27,1.6677e+28,0.0000e+00,97.4,1.6,1.0
64,3.4782e+29,1.0673e+29,2.3415e+29,1.0000e+26,6.8400e+27,6.7520e+28,3.9210e+28,1.2567e+29,1.0848e+29,8.0000e+25,2.0000e+25,3.4600e+27,3.3800e+27,2.6450e+28,1.2600e+27,3.0303e+08,3.8415e+03,1.2154e+09,1.0285e-20,9.1409e+05,8.1640e+03,5.5023e+05,5.4715e+05,30.7,67.3,0.0,2.0,3.4786e+29,3.3885e+29,5.4000e+27,3.6100e+27,1.6475e+28,0.0000e+00,97.4,1.6,1.0
65,3.4850e+29,1.0860e+29,2.3288e+29,2.1000e+26,6.8100e+27,6.7760e+28,4.0840e+28,1.1196e+29,1.2092e+29,1.2000e+26,9.0000e+25,3.5500e+27,3.2600e+27,2.8490e+28,1.6000e+27,3.1042e+08,1.2169e+06,9.9377e+08,1.0272e-20,9.0224e+05,5.8159e+03,5.4713e+05,5.4403e+05,31.2,66.8,0.1,2.0,3.4863e+29,3.3961e+29,5.5700e+27,3.4500e+27,1.6271e+28,0.0000e+00,97.4,1.6,1.0
66,3.5278e+29,1.1579e+29,2.2992e+29,2.2000e+26,6.8500e+27,7.3970e+28,4.1820e+28,1.1289e+29,1.1703e+29,1.4000e+26,8.0000e+25,3.4200e+27,3.4300e+27,3.5710e+28,1.5600e+27,3.1675e+08,1.5777e+06,1.1033e+09,5.5004e-17,8.9928e+05,7.6473e+03,5.4401e+05,5.4090e+05,32.8,65.2,0.1,1.9,3.5237e+29,3.4372e+29,5.1000e+27,3.5500e+27,1.6066e+28,0.0000e+00,97.5,1.4,1.0
67,3.5493e+29,1.2016e+29,2.2770e+29,2.1000e+26,6.8600e+27,7.9810e+28,4.0350e+28,1.1208e+29,1.1562e+29,1.2000e+26,9.0000e+25,3.6600e+27,3.2000e+27,4.0590e+28,1.5700e+27,3.2288e+08,1.6225e+06,1.0351e+09,3.1693e-14,8.9801e+05,1.0804e+04,5.4088e+05,5.3775e+05,33.9,64.2,0.1,1.9,3.5456e+29,3.4497e+29,5.3700e+27,4.2200e+27,1.5859e+28,0.0000e+00,97.3,1.5,1.2
68,3.6319e+29,1.2858e+29,2.2753e+29,1.8000e+26,6.9000e+27,8.8440e+28,4.0140e+28,1.1531e+29,1.1222e+29,7.0000e+25,1.1000e+26,3.4900e+27,3.4100e+27,4.8210e+28,1.4800e+27,3.2950e+08,1.4050e+06,9.6134e+08,1.6960e-12,8.7021e+05,1.0026e+04,5.3773e+05,5.3457e+05,35.4,62.6,0.0,1.9,3.6344e+29,3.5391e+29,5.2700e+27,4.2600e+27,1.5742e+28,0.0000e+00,97.4,1.5,1.2
69,3.7471e+29,1.3548e+29,2.3221e+29,1.4000e+26,6.8800e+27,9.4640e+28,4.0840e+28,1.1654e+29,1.1567e+29,4.0000e+25,1.0000e+26,3.4300e+27,3.4500e+27,5.5090e+28,1.6200e+27,3.3570e+08,1.1089e+06,9.9016e+08,3.1959e-11,8.4392e+05,9.4662e+03,5.3455e+05,5.3139e+05,36.2,62.0,0.0,1.8,3.7472e+29,3.6445e+29,5.7900e+27,4.4800e+27,1.5440e+28,0.0000e+00,97.3,1.5,1.2
70,3.8200e+29,1.4260e+29,2.3236e+29,2.0000e+26,6.8400e+27,1.0183e+29,4.0770e+28,1.1683e+29,1.1553e+29,1.4000e+26,6.0000e+25,3.4000e+27,3.4400e+27,6.0910e+28,1.7100e+27,3.4222e+08,1.3238e+06,1.1468e+09,3.2309e-10,7.8055e+05,6.6988e+03,5.3138e+05,5.2821e+05,37.3,60.8,0.1,1.8,3.8105e+29,3.7091e+29,5.6600e+27,4.4800e+27,1.5230e+28,0.0000e+00,97.3,1.5,1.2
71,3.8107e+29,1.4627e+29,2.2766e+29,2.5000e+26,6.8900e+27,1.0630e+29,3.9970e+28,1.1542e+29,1.1224e+29,1.5000e+26,1.0000e+26,3.3300e+27,3.5600e+27,6.6440e+28,1.9900e+27,3.4859e+08,1.5831e+06,9.8471e+08,2.2074e-09,7.5511e+05,7.3246e+03,5.2819e+05,5.2502e+05,38.4,59.7,0.1,1.8,3.8110e+29,3.7007e+29,5.8800e+27,5.1500e+27,1.5020e+28,0.0000e+00,97.1,1.5,1.4
72,3.7243e+29,1.5568e+29,2.0967e+29,1.9000e+26,6.8900e+27,1.1549e+29,4.0190e+28,1.0466e+29,1.0501e+29,8.0000e+25,1.1000e+26,3.4400e+27,3.4500e+27,7.4800e+28,1.5500e+27,3.5436e+08,1.2908e+06,1.1365e+09,1.1447e-08,7.4827e+05,1.1404e+04,5.2501e+05,5.2181e+05,41.8,56.3,0.1,1.9,3.7324e+29,3.6199e+29,5.5300e+27,5.7200e+27,1.4893e+28,0.0000e+00,97.0,1.5,1.5
73,3.8036e+29,1.6451e+29,2.0886e+29,1.1000e+26,6.8800e+27,1.2483e+29,3.9680e+28,1.0636e+29,1.0250e+29,7.0000e+25,4.0000e+25,3.1900e+27,3.6900e+27,8.3690e+28,2.0400e+27,3.6025e+08,1.5731e+06,9.5913e+08,4.8733e-08,8.2862e+05,8.1418e+03,5.2179e+05,5.1859e+05,43.3,54.9,0.0,1.8,3.7953e+29,3.6831e+29,5.5600e+27,5.6600e+27,1.4679e+28,0.0000e+00,97.0,1.5,1.5
74,3.8565e+29,1.6800e+29,2.1072e+29,1.3000e+26,6.8000e+27,1.2892e+29,3.9080e+28,1.1101e+29,9.9710e+28,6.0000e+25,7.0000e+25,3.3500e+27,3.4500e+27,8.7790e+28,2.1800e+27,3.6640e+08,1.4025e+06,1.1284e+09,1.7878e-07,8.0982e+05,1.1732e+04,5.1857e+05,5.1538e+05,43.6,54.6,0.0,1.8,3.8529e+29,3.7459e+29,5.2500e+27,5.4500e+27,1.4385e+28,0.0000e+00,97.2,1.4,1.4
75,3.9536e+29,1.7297e+29,2.1531e+29,2.0000e+26,6.8800e+27,1.3562e+29,3.7350e+28,1.1722e+29,9.8090e+28,1.3000e+26,7.0000e+25,3.5000e+27,3.3800e+27,9.3730e+28,2.6500e+27,3.9094e+08,1.2937e+06,1.0510e+09,9.6866e-08,8.1759e+05,8.3326e+03,5.1537e+05,5.1216e+05,43.7,54.5,0.1,1.7,3.9477e+29,3.8416e+29,4.9000e+27,5.7100e+27,1.4253e+28,0.0000e+00,97.3,1.2,1.4
76,4.0563e+29,1.8381e+29,2.1471e+29,2.6000e+26,6.8500e+27,1.4461e+29,3.9200e+28,1.1539e+29,9.9320e+28,1.6000e+26,1.0000e+26,3.4300e+27,3.4200e+27,1.0076e+29,2.5300e+27,4.2198e+08,1.4316e+06,1.0781e+09,2.6007e-08,9.0489e+05,6.6651e+03,5.1214e+05,5.0891e+05,45.3,52.9,0.1,1.7,4.0659e+29,3.9503e+29,5.4800e+27,6.0800e+27,1.4117e+28,0.0000e+00,97.2,1.3,1.5
77,3.9951e+29,1.8638e+29,2.0614e+29,1.8000e+26,6.8100e+27,1.4957e+29,3.6810e+28,1.1230e+29,9.3840e+28,9.0000e+25,9.0000e+25,3.1500e+27,3.6600e+27,1.0550e+29,2.9200e+27,4.5060e+08,1.1793e+06,9.8590e+08,5.6335e-09,8.6921e+05,9.0332e+03,5.0889e+05,5.0569e+05,46.7,51.6,0.0,1.7,3.9929e+29,3.8778e+29,5.5500e+27,5.9600e+27,1.3825e+28,0.0000e+00,97.1,1.4,1.5
78,4.0208e+29,1.9146e+29,2.0362e+29,1.4000e+26,6.8600e+27,1.5415e+29,3.7310e+28,1.1176e+29,9.1860e+28,7.0000e+25,7.0000e+25,3.4000e+27,3.4600e+27,1.1099e+29,3.6300e+27,4.7758e+08,1.7126e+06,9.9601e+08,8.9091e-10,8.2683e+05,8.9630e+03,5.0567e+05,5.0244e+05,47.6,50.6,0.0,1.7,4.0168e+29,3.8944e+29,5.6400e+27,6.6000e+27,1.3687e+28,0.0000e+00,97.0,1.4,1.6
79,4.0629e+29,1.9891e+29,2.0037e+29,2.2000e+26,6.7900e+27,1.6139e+29,3.7520e+28,1.1256e+29,8.7810e+28,9.0000e+25,1.3000e+26,3.5700e+27,3.2200e+27,1.1555e+29,3.9500e+27,5.0086e+08,1.7060e+06,8.4749e+08,9.1331e-11,8.4025e+05,1.0030e+04,5.0243e+05,4.9922e+05,49.0,49.3,0.1,1.7,4.0634e+29,3.9384e+29,5.7400e+27,6.7600e+27,1.3401e+28,0.0000e+00,96.9,1.4,1.7
80,4.1178e+29,2.0481e+29,1.9992e+29,1.8000e+26,6.8700e+27,1.6829e+29,3.6520e+28,1.1073e+29,8.9190e+28,7.0000e+25,1.1000e+26,3.6800e+27,3.1900e+27,1.1785e+29,3.8700e+27,5.2439e+08,2.1087e+06,1.1594e+09,4.5373e-12,8.5069e+05,1.0967e+04,4.9920e+05,4.9599e+05,49.7,48.6,0.0,1.7,4.1175e+29,3.9951e+29,5.4100e+27,6.8300e+27,1.3262e+28,0.0000e+00,97.0,1.3,1.7
81,4.2078e+29,2.0916e+29,2.0464e+29,1.4000e+26,6.8400e+27,1.7231e+29,3.6850e+28,1.1514e+29,8.9500e+28,6.0000e+25,8.0000e+25,3.4400e+27,3.4000e+27,1.1880e+29,5.3700e+27,5.4925e+08,1.8732e+06,9.6447e+08,5.8045e-14,8.3266e+05,1.0670e+04,4.9597e+05,4.9274e+05,49.7,48.6,0.0,1.6,4.2022e+29,4.0800e+29,5.7200e+27,6.5000e+27,1.3120e+28,0.0000e+00,97.1,1.4,1.5
82,4.2757e+29,2.1387e+29,2.0661e+29,2.4000e+26,6.8500e+27,1.7772e+29,3.6150e+28,1.1788e+29,8.8730e+28,1.0000e+26,1.4000e+26,3.7000e+27,3.1500e+27,1.2210e+29,6.2800e+27,5.7204e+08,8.7116e+05,8.7122e+08,2.2713e-17,7.8204e+05,9.8415e+03,4.9272e+05,4.8950e+05,50.0,48.3,0.1,1.6,4.2838e+29,4.1566e+29,6.0600e+27,6.6600e+27,1.2906e+28,0.0000e+00,97.0,1.4,1.6
83,4.2373e+29,2.1544e+29,2.0130e+29,2.5000e+26,6.7400e+27,1.7971e+29,3.5730e+28,1.1410e+29,8.7200e+28,1.4000e+26,1.1000e+26,3.4100e+27,3.3300e+27,1.2287e+29,6.6000e+27,5.9195e+08,4.8701e+03,8.8832e+08,1.0021e-20,7.6395e+05,1.0774e+04,4.8949e+05,4.8629e+05,50.8,47.5,0.1,1.6,4.2362e+29,4.1182e+29,5.5500e+27,6.2500e+27,1.2628e+28,0.0000e+00,97.2,1.3,1.5
84,4.2732e+29,2.2463e+29,1.9553e+29,1.5000e+26,7.0100e+27,1.8861e+29,3.6020e+28,1.0583e+29,8.9700e+28,1.1000e+26,4.0000e+25,3.5000e+27,3.5100e+27,1.2941e+29,8.0200e+27,6.0977e+08,1.8969e+06,9.3347e+08,1.0115e-20,7.6871e+05,1.1073e+04,4.8627e+05,4.8305e+05,52.6,45.8,0.0,1.6,4.2680e+29,4.1430e+29,5.7300e+27,6.7700e+27,1.2551e+28,0.0000e+00,97.1,1.3,1.6
85,4.3583e+29,2.3319e+29,1.9555e+29,1.8000e+26,6.9100e+27,1.9655e+29,3.6640e+28,1.0895e+29,8.6600e+28,9.0000e+25,9.0000e+25,3.5000e+27,3.4100e+27,1.3633e+29,8.3400e+27,6.2613e+08,1.6617e+06,1.0618e+09,8.4301e-15,7.5117e+05,1.1611e+04,4.8303e+05,4.7984e+05,53.5,44.9,0.0,1.6,4.3592e+29,4.2351e+29,5.5200e+27,6.8900e+27,1.2277e+28,0.0000e+00,97.2,1.3,1.6
86,4.3905e+29,2.4182e+29,1.9017e+29,1.9000e+26,6.8700e+27,2.0611e+29,3.5710e+28,1.0843e+29,8.1740e+28,9.0000e+25,1.0000e+26,3.4600e+27,3.4100e+27,1.4367e+29,8.0900e+27,6.3956e+08,9.1678e+05,8.2557e+08,4.0650e-12,8.6767e+05,8.0172e+03,4.7982e+05,4.7663e+05,55.1,43.3,0.0,1.6,4.3896e+29,4.2652e+29,5.5900e+27,6.8500e+27,1.2133e+28,0.0000e+00,97.2,1.3,1.6
87,4.4892e+29,2.5303e+29,1.8880e+29,1.6000e+26,6.9300e+27,2.1902e+29,3.4010e+28,1.0821e+29,8.0590e+28,9.0000e+25,7.0000e+25,3.4100e+27,3.5200e+27,1.5503e+29,7.2600e+27,6.5134e+08,1.2799e+06,1.0227e+09,1.9755e-10,9.3072e+05,6.9604e+03,4.7661e+05,4.7341e+05,56.4,42.1,0.0,1.5,4.4874e+29,4.3584e+29,5.6200e+27,7.2800e+27,1.1987e+28,0.0000e+00,97.1,1.3,1.6
88,4.5807e+29,2.6515e+29,1.8574e+29,1.9000e+26,6.9900e+27,2.2831e+29,3.6840e+28,1.0776e+29,7.7980e+28,1.1000e+26,8.0000e+25,3.5600e+27,3.4300e+27,1.6230e+29,7.6100e+27,6.5910e+08,1.2099e+06,7.5094e+08,3.3966e-09,8.6872e+05,8.8326e+03,4.7339e+05,4.7021e+05,57.9,40.5,0.0,1.5,4.5705e+29,4.4349e+29,6.0800e+27,7.4800e+27,1.1780e+28,0.0000e+00,97.0,1.3,1.6
89,4.6882e+29,2.7161e+29,1.8998e+29,2.5000e+26,6.9800e+27,2.3524e+29,3.6370e+28,1.0630e+29,8.3680e+28,1.7000e+26,8.0000e+25,3.4900e+27,3.4900e+27,1.6900e+29,7.8200e+27,6.6750e+08,1.3745e+06,8.9508e+08,3.1824e-08,9.1082e+05,9.3831e+03,4.7019e+05,4.6702e+05,57.9,40.5,0.1,1.5,4.6963e+29,4.5548e+29,6.2800e+27,7.8700e+27,1.1576e+28,0.0000e+00,97.0,1.3,1.7
90,4.7663e+29,2.8128e+29,1.8837e+29,1.3000e+26,6.8500e+27,2.4499e+29,3.6290e+28,1.0490e+29,8.3470e+28,6.0000e+25,7.0000e+25,3.6000e+27,3.2500e+27,1.7824e+29,8.4500e+27,6.7656e+08,1.4615e+06,9.6270e+08,7.0890e-09,9.6317e+05,7.6041e+03,4.6700e+05,4.6385e+05,59.0,39.5,0.0,1.4,4.7639e+29,4.6267e+29,6.1100e+27,7.6100e+27,1.1374e+28,0.0000e+00,97.1,1.3,1.6
91,4.8641e+29,2.9056e+29,1.8881e+29,1.6000e+26,6.8800e+27,2.5463e+29,3.5930e+28,1.0995e+29,7.8860e+28,1.1000e+26,5.0000e+25,3.6200e+27,3.2600e+27,1.8420e+29,9.1600e+27,6.8304e+08,1.8819e+06,7.5437e+08,8.2203e-10,8.9384e+05,1.2287e+04,4.6383e+05,4.6068e+05,59.7,38.8,0.0,1.4,4.8594e+29,4.7201e+29,6.1500e+27,7.7800e+27,1.1230e+28,0.0000e+00,97.1,1.3,1.6
92,4.8682e+29,2.9636e+29,1.8332e+29,1.8000e+26,6.9600e+27,2.6030e+29,3.6060e+28,1.0572e+29,7.7600e+28,1.0000e+26,8.0000e+25,3.3500e+27,3.6100e+27,1.8985e+29,1.0150e+28,6.8662e+08,1.8902e+06,8.3118e+08,6.4040e-11,9.4328e+05,1.4238e+04,4.6066e+05,4.5752e+05,60.9,37.7,0.0,1.4,4.8729e+29,4.7263e+29,6.2600e+27,8.4000e+27,1.1085e+28,0.0000e+00,97.0,1.3,1.7
93,4.9460e+29,3.0319e+29,1.8427e+29,2.0000e+26,6.9400e+27,2.6771e+29,3.5480e+28,1.0748e+29,7.6790e+28,1.2000e+26,8.0000e+25,3.4100e+27,3.5300e+27,1.8181e+29,8.5000e+27,6.8971e+08,1.3996e+06,8.4640e+08,1.3379e-12,9.2665e+05,9.0047e+03,4.5750e+05,4.5437e+05,61.3,37.3,0.0,1.4,4.9411e+29,4.8038e+29,6.4800e+27,7.2500e+27,1.0886e+28,0.0000e+00,97.2,1.3,1.5
94,4.9385e+29,3.1026e+29,1.7650e+29,1.6000e+26,6.9300e+27,2.7533e+29,3.4930e+28,1.0505e+29,7.1450e+28,8.0000e+25,8.0000e+25,3.1900e+27,3.7400e+27,1.7115e+29,7.1900e+27,6.8979e+08,8.9453e+05,9.2583e+08,2.3742e-15,8.9486e+05,8.3161e+03,4.5436e+05,4.5125e+05,62.8,35.7,0.0,1.4,4.9377e+29,4.7878e+29,6.7100e+27,8.2800e+27,1.0690e+28,0.0000e+00,97.0,1.4,1.7
95,5.0698e+29,3.1398e+29,1.8592e+29,1.8000e+26,6.9000e+27,2.7946e+29,3.4520e+28,1.1576e+29,7.0160e+28,1.2000e+26,6.0000e+25,3.6600e+27,3.2400e+27,1.6831e+29,7.7700e+27,6.8993e+08,1.0535e+05,8.8836e+08,1.0670e-20,9.1210e+05,9.2405e+03,4.5124e+05,4.4814e+05,61.9,36.7,0.0,1.4,5.0699e+29,4.9260e+29,6.4000e+27,7.9900e+27,1.0548e+28,0.0000e+00,97.2,1.3,1.6
96,5.2504e+29,3.2114e+29,1.9671e+29,2.4000e+26,6.9500e+27,2.8539e+29,3.5750e+28,1.1639e+29,8.0320e+28,1.3000e+26,1.1000e+26,3.7300e+27,3.2200e+27,1.6980e+29,9.2500e+27,6.8969e+08,8.0661e+02,8.0815e+08,1.0067e-20,9.7408e+05,7.9550e+03,4.4812e+05,4.4503e+05,61.2,37.5,0.0,1.3,5.2499e+29,5.1081e+29,6.6500e+27,7.5300e+27,1.0405e+28,0.0000e+00,97.3,1.3,1.4
97,5.3650e+29,3.3497e+29,1.9440e+29,1.6000e+26,6.9700e+27,2.9875e+29,3.6220e+28,1.1532e+29,7.9080e+28,9.0000e+25,7.0000e+25,3.6200e+27,3.3500e+27,1.7942e+29,1.0270e+28,6.9197e+08,1.6417e+06,9.6466e+08,3.1125e-15,9.1206e+05,1.1565e+04,4.4501e+05,4.4195e+05,62.4,36.2,0.0,1.3,5.3605e+29,5.2041e+29,7.1900e+27,8.4500e+27,1.0214e+28,0.0000e+00,97.1,1.3,1.6
98,5.4899e+29,3.4559e+29,1.9633e+29,1.8000e+26,6.8900e+27,3.0971e+29,3.5880e+28,1.1985e+29,7.6480e+28,7.0000e+25,1.1000e+26,3.3200e+27,3.5700e+27,1.8453e+29,1.0960e+28,6.9259e+08,2.2300e+06,8.8288e+08,6.4195e-12,9.9825e+05,1.2521e+04,4.4193e+05,4.3889e+05,63.0,35.8,0.0,1.3,5.4889e+29,5.3412e+29,6.9800e+27,7.7900e+27,1.0026e+28,0.0000e+00,97.3,1.3,1.4
99,5.7121e+29,3.6003e+29,2.0403e+29,2.4000e+26,6.9100e+27,3.2220e+29,3.7830e+28,1.2472e+29,7.9310e+28,9.0000e+25,1.5000e+26,3.4300e+27,3.4800e+27,1.9665e+29,1.1170e+28,6.9247e+08,1.7376e+06,8.8166e+08,4.9724e-10,1.0120e+06,8.5914e+03,4.3888e+05,4.3585e+05,63.0,35.7,0.0,1.2,5.7036e+29,5.5516e+29,7.2000e+27,8.0000e+27,9.8872e+27,0.0000e+00,97.3,1.3,1.4
100,5.7559e+29,3.7140e+29,1.9716e+29,1.9000e+26,6.8400e+27,3.3650e+29,3.4900e+28,1.2768e+29,6.9480e+28,1.6000e+26,3.0000e+25,3.3100e+27,3.5300e+27,2.0512e+29,1.0240e+28,6.9145e+08,1.4705e+06,8.2661e+08,1.0643e-08,1.0849e+06,6.9677e+03,4.3583e+05,4.3282e+05,64.5,34.3,0.0,1.2,5.7675e+29,5.6163e+29,7.4000e+27,7.7200e+27,9.7488e+27,0.0000e+00,97.4,1.3,1.3
101,5.7781e+29,3.8051e+29,1.9016e+29,2.2000e+26,6.9200e+27,3.4479e+29,3.5720e+28,1.2371e+29,6.6450e+28,1.6000e+26,6.0000e+25,3.5900e+27,3.3300e+27,2.1440e+29,1.0600e+28,6.8762e+08,1.4323e+06,8.8835e+08,1.7139e-09,1.1454e+06,1.0969e+04,4.3280e+05,4.2981e+05,65.9,32.9,0.0,1.2,5.7682e+29,5.6139e+29,7.5900e+27,7.8400e+27,9.5666e+27,0.0000e+00,97.3,1.3,1.4
102,5.8654e+29,3.8718e+29,1.9236e+29,1.3000e+26,6.8700e+27,3.5236e+29,3.4820e+28,1.2682e+29,6.5540e+28,9.0000e+25,4.0000e+25,3.4400e+27,3.4300e+27,2.1963e+29,1.1650e+28,6.8232e+08,1.6717e+06,1.1350e+09,7.2576e-11,1.2339e+06,1.2458e+04,4.2980e+05,4.2684e+05,66.0,32.8,0.0,1.2,5.8666e+29,5.7116e+29,7.2500e+27,8.2500e+27,9.3879e+27,0.0000e+00,97.4,1.2,1.4
103,5.9462e+29,3.9633e+29,1.9101e+29,2.9000e+26,6.9900e+27,3.6096e+29,3.5370e+28,1.2790e+29,6.3110e+28,1.9000e+26,1.0000e+26,3.4800e+27,3.5100e+27,2.1357e+29,1.0180e+28,6.8563e+08,1.0679e+06,8.2284e+08,6.7230e-13,1.2394e+06,9.9214e+03,4.2683e+05,4.2387e+05,66.7,32.1,0.0,1.2,5.9401e+29,5.7899e+29,7.3500e+27,7.6700e+27,9.2967e+27,0.0000e+00,97.5,1.2,1.3
104,6.1580e+29,4.0738e+29,2.0127e+29,1.9000e+26,6.9600e+27,3.7227e+29,3.5110e+28,1.3646e+29,6.4810e+28,9.0000e+25,1.0000e+26,3.6200e+27,3.3400e+27,1.9560e+29,8.2200e+27,6.8633e+08,4.5663e+05,8.2281e+08,9.3716e-17,1.1932e+06,9.4481e+03,4.2386e+05,4.2093e+05,66.2,32.7,0.0,1.1,6.1545e+29,5.9936e+29,7.5900e+27,8.5000e+27,9.1211e+27,0.0000e+00,97.4,1.2,1.4
105,6.1771e+29,4.1106e+29,1.9955e+29,2.6000e+26,6.8400e+27,3.7497e+29,3.6090e+28,1.3326e+29,6.6290e+28,1.4000e+26,1.2000e+26,3.4700e+27,3.3700e+27,1.9088e+29,7.7400e+27,6.8736e+08,2.7181e+03,8.3847e+08,1.0194e-20,1.7296e+06,8.0227e+03,4.2092e+05,4.1802e+05,66.5,32.3,0.0,1.1,6.1833e+29,6.0308e+29,7.6100e+27,7.6400e+27,8.9492e+27,0.0000e+00,97.5,1.2,1.2
106,6.3558e+29,4.2746e+29,2.0087e+29,2.3000e+26,7.0200e+27,3.9000e+29,3.7460e+28,1.3109e+29,6.9780e+28,1.4000e+26,9.0000e+25,3.2300e+27,3.7900e+27,1.9830e+29,9.2900e+27,6.8674e+08,1.3842e+06,8.3145e+08,3.9588e-19,1.6809e+06,1.0696e+04,4.1800e+05,4.1512e+05,67.3,31.6,0.0,1.1,6.3470e+29,6.1879e+29,7.9500e+27,7.9600e+27,8.8591e+27,0.0000e+00,97.5,1.3,1.3
107,6.4738e+29,4.3838e+29,2.0176e+29,3.0000e+26,6.9400e+27,4.0167e+29,3.6710e+28,1.3284e+29,6.8920e+28,1.4000e+26,1.6000e+26,3.5300e+27,3.4100e+27,2.0744e+29,1.1390e+28,6.8523e+08,1.6839e+06,8.6585e+08,5.9316e-13,1.6286e+06,8.3508e+03,4.1510e+05,4.1226e+05,67.7,31.2,0.0,1.1,6.4712e+29,6.3134e+29,7.7600e+27,8.0200e+27,8.6526e+27,0.0000e+00,97.6,1.2,1.2
108,6.6512e+29,4.5011e+29,2.0772e+29,3.4000e+26,6.9500e+27,4.1342e+29,3.6690e+28,1.3794e+29,6.9780e+28,1.9000e+26,1.5000e+26,3.4100e+27,3.5400e+27,2.1542e+29,1.2820e+28,6.8348e+08,1.9065e+06,7.7479e+08,1.8483e-10,1.6331e+06,1.2667e+04,4.1225e+05,4.0941e+05,67.7,31.2,0.1,1.0,6.6523e+29,6.4885e+29,8.1300e+27,8.2500e+27,8.5645e+27,0.0000e+00,97.5,1.2,1.2
109,6.8389e+29,4.6415e+29,2.1250e+29,2.6000e+26,6.9800e+27,4.2721e+29,3.6940e+28,1.4527e+29,6.7230e+28,1.6000e+26,1.0000e+26,3.5500e+27,3.4300e+27,2.2727e+29,1.2480e+28,6.8253e+08,2.0335e+06,8.6992e+08,2.9319e-09,1.6440e+06,1.0879e+04,4.0940e+05,4.0659e+05,67.9,31.1,0.0,1.0,6.8317e+29,6.6625e+29,8.4200e+27,8.5000e+27,8.4019e+27,0.0000e+00,97.5,1.2,1.2
110,6.9475e+29,4.7505e+29,2.1247e+29,2.4000e+26,6.9900e+27,4.3766e+29,3.7390e+28,1.4793e+29,6.4540e+28,1.5000e+26,9.0000e+25,3.7100e+27,3.2800e+27,2.3627e+29,1.2320e+28,6.8121e+08,1.5756e+06,9.7013e+08,1.2380e-10,1.7586e+06,1.2681e+04,4.0658e+05,4.0380e+05,68.4,30.6,0.0,1.0,6.9529e+29,6.7883e+29,8.4900e+27,7.9700e+27,8.2786e+27,0.0000e+00,97.6,1.2,1.1
111,7.0915e+29,4.8510e+29,2.1681e+29,2.8000e+26,6.9600e+27,4.4988e+29,3.5220e+28,1.5222e+29,6.4590e+28,1.8000e+26,1.0000e+26,3.2900e+27,3.6700e+27,2.4038e+29,1.2240e+28,6.8125e+08,1.0977e+06,8.4866e+08,1.2106e-12,1.7385e+06,1.0951e+04,4.0379e+05,4.0105e+05,68.4,30.6,0.0,1.0,7.0820e+29,6.9167e+29,8.6100e+27,7.9200e+27,8.1218e+27,0.0000e+00,97.7,1.2,1.1
112,7.2267e+29,4.9378e+29,2.2167e+29,2.8000e+26,6.9400e+27,4.5810e+29,3.5680e+28,1.5719e+29,6.4480e+28,1.6000e+26,1.2000e+26,3.4300e+27,3.5100e+27,2.1365e+29,9.0500e+27,6.7961e+08,4.6716e+05,7.6716e+08,1.9764e-16,1.7619e+06,1.5735e+04,4.0104e+05,3.9832e+05,68.3,30.7,0.0,1.0,7.2347e+29,7.0748e+29,8.7000e+27,7.2900e+27,8.0028e+27,0.0000e+00,97.8,1.2,1.0
113,7.3583e+29,5.0367e+29,2.2501e+29,2.0000e+26,6.9500e+27,4.6581e+29,3.7860e+28,1.5947e+29,6.5540e+28,1.5000e+26,5.0000e+25,3.5700e+27,3.3800e+27,2.0042e+29,7.6800e+27,6.7729e+08,1.6846e+03,7.8416e+08,1.0001e-20,1.9544e+06,1.1780e+04,3.9830e+05,3.9561e+05,68.4,30.6,0.0,0.9,7.3526e+29,7.1894e+29,9.0800e+27,7.2400e+27,7.8851e+27,0.0000e+00,97.8,1.2,1.0
114,7.5638e+29,5.2220e+29,2.2670e+29,4.6000e+26,7.0200e+27,4.8279e+29,3.9410e+28,1.6461e+29,6.2090e+28,3.3000e+26,1.3000e+26,3.4100e+27,3.6100e+27,2.1142e+29,8.9500e+27,6.7518e+08,2.2941e+06,9.5844e+08,5.3759e-19,1.9644e+06,1.6161e+04,3.9560e+05,3.9293e+05,69.0,30.0,0.1,0.9,7.5546e+29,7.3804e+29,9.7600e+27,7.6600e+27,7.7688e+27,0.0000e+00,97.7,1.3,1.0
115,7.6781e+29,5.3233e+29,2.2813e+29,4.0000e+26,6.9500e+27,4.9583e+29,3.6500e+28,1.6782e+29,6.0310e+28,2.2000e+26,1.8000e+26,3.7100e+27,3.2400e+27,2.1843e+29,1.1180e+28,6.7303e+08,1.9056e+06,7.0458e+08,1.3614e-12,1.8827e+06,1.2629e+04,3.9292e+05,3.9029e+05,69.3,29.7,0.1,0.9,7.6899e+29,7.5189e+29,9.4700e+27,7.6300e+27,7.6224e+27,0.0000e+00,97.8,1.2,1.0
116,7.8803e+29,5.4737e+29,2.3335e+29,3.7000e+26,6.9400e+27,5.1031e+29,3.7060e+28,1.7282e+29,6.0530e+28,1.8000e+26,1.9000e+26,3.5300e+27,3.4100e+27,2.2786e+29,1.2900e+28,6.6822e+08,1.6867e+06,7.5476e+08,4.6108e-10,2.0289e+06,1.3322e+04,3.9028e+05,3.8767e+05,69.5,29.6,0.0,0.9,7.8688e+29,7.7057e+29,9.2600e+27,7.0500e+27,7.5107e+27,0.0000e+00,97.9,1.2,0.9
117,7.9970e+29,5.5985e+29,2.3260e+29,2.8000e+26,6.9700e+27,5.2196e+29,3.7890e+28,1.7260e+29,6.0000e+28,2.0000e+26,8.0000e+25,3.5900e+27,3.3800e+27,2.4311e+29,1.3860e+28,6.6912e+08,1.3751e+06,1.1572e+09,1.9482e-10,2.1059e+06,1.6412e+04,3.8766e+05,3.8510e+05,70.0,29.1,0.0,0.9,7.9986e+29,7.8281e+29,9.6800e+27,7.3700e+27,7.3704e+27,0.0000e+00,97.9,1.2,0.9
118,8.1567e+29,5.7230e+29,2.3606e+29,2.8000e+26,7.0300e+27,5.3495e+29,3.7350e+28,1.7685e+29,5.9210e+28,1.5000e+26,1.3000e+26,3.5100e+27,3.5200e+27,2.5079e+29,1.2960e+28,6.6939e+08,9.7906e+05,7.3778e+08,1.9388e-12,2.0909e+06,1.2496e+04,3.8509e+05,3.8255e+05,70.2,28.9,0.0,0.9,8.1512e+29,7.9850e+29,9.4900e+27,7.1300e+27,7.2633e+27,0.0000e+00,98.0,1.2,0.9
119,8.2498e+29,5.8597e+29,2.3167e+29,3.8000e+26,6.9600e+27,5.4825e+29,3.7720e+28,1.7775e+29,5.3920e+28,2.6000e+26,1.2000e+26,3.4200e+27,3.5400e+27,2.2645e+29,9.8200e+27,6.7620e+08,4.3123e+05,9.5983e+08,3.4106e-16,2.1296e+06,1.4722e+04,3.8254e+05,3.8003e+05,71.0,28.1,0.0,0.8,8.2479e+29,8.0753e+29,9.9300e+27,7.3300e+27,7.1579e+27,0.0000e+00,97.9,1.2,0.9
120,8.3955e+29,5.9368e+29,2.3850e+29,3.1000e+26,7.0600e+27,5.5591e+29,3.7770e+28,1.8414e+29,5.4360e+28,2.0000e+26,1.1000e+26,3.5100e+27,3.5500e+27,2.1396e+29,7.9900e+27,6.7775e+08,7.8052e+02,7.9641e+08,1.0689e-20,2.2339e+06,1.0756e+04,3.8002e+05,3.7754e+05,70.7,28.4,0.0,0.8,8.3959e+29,8.2244e+29,1.0340e+28,6.8100e+27,7.0541e+27,0.0000e+00,98.0,1.2,0.8
121,8.5189e+29,6.0265e+29,2.4167e+29,4.8000e+26,7.0900e+27,5.6417e+29,3.8480e+28,1.8538e+29,5.6290e+28,2.8000e+26,2.0000e+26,3.4100e+27,3.6800e+27,2.1645e+29,8.6800e+27,6.7712e+08,1.6836e+06,8.0812e+08,6.7478e-19,2.3122e+06,1.1308e+04,3.7753e+05,3.7509e+05,70.7,28.4,0.1,0.8,8.5207e+29,8.3491e+29,1.0020e+28,7.1400e+27,6.9522e+27,0.0000e+00,98.0,1.2,0.8
122,8.7531e+29,6.1761e+29,2.5035e+29,3.3000e+26,7.0200e+27,5.7871e+29,3.8900e+28,1.9553e+29,5.4820e+28,2.8000e+26,5.0000e+25,3.7600e+27,3.2600e+27,2.2622e+29,1.0820e+28,6.7736e+08,1.7240e+06,7.7997e+08,2.5030e-12,2.3254e+06,1.1846e+04,3.7508e+05,3.7267e+05,70.6,28.6,0.0,0.8,8.7546e+29,8.5804e+29,1.0500e+28,6.9200e+27,6.8251e+27,0.0000e+00,98.0,1.2,0.8
123,8.9979e+29,6.3536e+29,2.5707e+29,3.4000e+26,7.0200e+27,5.9781e+29,3.7550e+28,2.0268e+29,5.4390e+28,2.4000e+26,1.0000e+26,3.5400e+27,3.4800e+27,2.3811e+29,1.2950e+28,6.7734e+08,1.5275e+06,7.8332e+08,6.5295e-10,2.3140e+06,1.2308e+04,3.7266e+05,3.7029e+05,70.6,28.6,0.0,0.8,8.9896e+29,8.8182e+29,1.0280e+28,6.8600e+27,6.7016e+27,0.0000e+00,98.1,1.1,0.8
124,9.2346e+29,6.5407e+29,2.6207e+29,3.4000e+26,6.9800e+27,6.1511e+29,3.8960e+28,2.0913e+29,5.2940e+28,2.5000e+26,9.0000e+25,3.5400e+27,3.4400e+27,2.5237e+29,1.4280e+28,6.7467e+08,1.1358e+06,1.1554e+09,1.1214e-11,2.3507e+06,9.3878e+03,3.7028e+05,3.6794e+05,70.8,28.4,0.0,0.8,9.2288e+29,9.0567e+29,1.0140e+28,7.0700e+27,6.6333e+27,0.0000e+00,98.1,1.1,0.8
125,9.3284e+29,6.6421e+29,2.6113e+29,4.7000e+26,7.0300e+27,6.2467e+29,3.9540e+28,2.0844e+29,5.2690e+28,2.6000e+26,2.1000e+26,3.2900e+27,3.7400e+27,2.4901e+29,1.1470e+28,6.6956e+08,5.8759e+05,8.4429e+08,1.1978e-14,2.3411e+06,6.1650e+03,3.6793e+05,3.6563e+05,71.2,28.0,0.1,0.8,9.3216e+29,9.1474e+29,1.0920e+28,6.5000e+27,6.5146e+27,0.0000e+00,98.1,1.2,0.7
126,9.5026e+29,6.7545e+29,2.6742e+29,3.7000e+26,7.0200e+27,6.3695e+29,3.8500e+28,2.1618e+29,5.1240e+28,2.3000e+26,1.4000e+26,3.7300e+27,3.2900e+27,2.1692e+29,8.3900e+27,6.6264e+08,1.8802e+04,9.5311e+08,1.0016e-20,2.3137e+06,1.3609e+04,3.6562e+05,3.6335e+05,71.1,28.1,0.0,0.7,9.5077e+29,9.3315e+29,1.0970e+28,6.6500e+27,6.4242e+27,0.0000e+00,98.1,1.2,0.7
127,9.6308e+29,6.8829e+29,2.6724e+29,5.0000e+26,7.0500e+27,6.4786e+29,4.0430e+28,2.1255e+29,5.4690e+28,4.0000e+26,1.0000e+26,3.6300e+27,3.4200e+27,2.1863e+29,7.7300e+27,6.5724e+08,1.2463e+02,1.1492e+09,1.0328e-20,3.0977e+06,1.2098e+04,3.6334e+05,3.6111e+05,71.5,27.7,0.1,0.7,9.6263e+29,9.4436e+29,1.1880e+28,6.3900e+27,6.3357e+27,0.0000e+00,98.1,1.2,0.7
128,9.8291e+29,7.0514e+29,2.7022e+29,5.6000e+26,6.9900e+27,6.6501e+29,4.0130e+28,2.1894e+29,5.1280e+28,4.3000e+26,1.3000e+26,3.3800e+27,3.6100e+27,2.2683e+29,9.4300e+27,6.5780e+08,1.5625e+06,8.2664e+08,2.6885e-13,3.0836e+06,1.0874e+04,3.6110e+05,3.5891e+05,71.7,27.5,0.1,0.7,9.8268e+29,9.6504e+29,1.1520e+28,6.1200e+27,6.2254e+27,0.0000e+00,98.2,1.2,0.6
129,1.0209e+30,7.2120e+29,2.9229e+29,5.3000e+26,6.8900e+27,6.7893e+29,4.2270e+28,2.3706e+29,5.5230e+28,3.8000e+26,1.5000e+26,3.6200e+27,3.2700e+27,2.3813e+29,1.2510e+28,6.5717e+08,1.2469e+06,7.9651e+08,3.4268e-10,3.0629e+06,1.0495e+04,3.5890e+05,3.5674e+05,70.6,28.6,0.1,0.7,1.0203e+30,1.0017e+30,1.2120e+28,6.4300e+27,6.1417e+27,0.0000e+00,98.2,1.2,0.6
130,1.0408e+30,7.3546e+29,2.9778e+29,4.7000e+26,7.0500e+27,6.9393e+29,4.1530e+28,2.4479e+29,5.2990e+28,3.2000e+26,1.5000e+26,3.4700e+27,3.5800e+27,2.5461e+29,1.4850e+28,6.5672e+08,7.7995e+05,9.7157e+08,6.6869e-12,3.0172e+06,1.4120e+04,3.5673e+05,3.5462e+05,70.7,28.6,0.0,0.7,1.0402e+30,1.0217e+30,1.1720e+28,6.7100e+27,6.0372e+27,0.0000e+00,98.2,1.1,0.6
131,1.0662e+30,7.5586e+29,3.0276e+29,5.1000e+26,7.0200e+27,7.1416e+29,4.1700e+28,2.5031e+29,5.2450e+28,3.2000e+26,1.9000e+26,3.4800e+27,3.5400e+27,2.4673e+29,1.2100e+28,6.6306e+08,3.5307e+05,7.6252e+08,2.0172e-15,3.0795e+06,1.3303e+04,3.5461e+05,3.5253e+05,70.9,28.4,0.0,0.7,1.0657e+30,1.0473e+30,1.2560e+28,5.8400e+27,5.9583e+27,0.0000e+00,98.3,1.2,0.5
132,1.0792e+30,7.6518e+29,3.0629e+29,6.1000e+26,7.1200e+27,7.2221e+29,4.2970e+28,2.5163e+29,5.4660e+28,4.2000e+26,1.9000e+26,3.3000e+27,3.8200e+27,2.1666e+29,8.2200e+27,6.6854e+08,1.4043e+03,8.1025e+08,1.0003e-20,3.8589e+06,1.2526e+04,3.5252e+05,3.5047e+05,70.9,28.4,0.1,0.7,1.0796e+30,1.0608e+30,1.2780e+28,6.0100e+27,5.8813e+27,0.0000e+00,98.3,1.2,0.6
133,1.1156e+30,7.8918e+29,3.1864e+29,5.9000e+26,7.2000e+27,7.4209e+29,4.7090e+28,2.5984e+29,5.8800e+28,4.1000e+26,1.8000e+26,3.6400e+27,3.5600e+27,2.2291e+29,7.3500e+27,6.7113e+08,1.6128e+06,8.6210e+08,6.3449e-20,3.9342e+06,1.8488e+04,3.5047e+05,3.4846e+05,70.7,28.6,0.1,0.6,1.1155e+30,1.0969e+30,1.2900e+28,5.6700e+27,5.8062e+27,0.0000e+00,98.3,1.2,0.5
134,1.1422e+30,8.0723e+29,3.2728e+29,6.1000e+26,7.0900e+27,7.6068e+29,4.6550e+28,2.6992e+29,5.7360e+28,4.6000e+26,1.5000e+26,3.7200e+27,3.3700e+27,2.3137e+29,8.3000e+27,6.7290e+08,1.2388e+06,1.1652e+09,3.0822e-12,3.8879e+06,1.6134e+04,3.4845e+05,3.4648e+05,70.7,28.7,0.1,0.6,1.1411e+30,1.1222e+30,1.3140e+28,5.8000e+27,5.7122e+27,0.0000e+00,98.3,1.2,0.5
135,1.1771e+30,8.2152e+29,3.4798e+29,6.1000e+26,6.9400e+27,7.7468e+29,4.6840e+28,2.9167e+29,5.6310e+28,4.7000e+26,1.4000e+26,3.4700e+27,3.4700e+27,2.4738e+29,1.1910e+28,6.7546e+08,9.0178e+05,8.6952e+08,5.4286e-11,3.8489e+06,1.8287e+04,3.4648e+05,3.4455e+05,69.8,29.6,0.1,0.6,1.1775e+30,1.1593e+30,1.3160e+28,5.0400e+27,5.6418e+27,0.0000e+00,98.5,1.1,0.4
136,1.2047e+30,8.3637e+29,3.6065e+29,6.7000e+26,6.9900e+27,7.8865e+29,4.7720e+28,3.0088e+29,5.9770e+28,5.8000e+26,9.0000e+25,3.6500e+27,3.3400e+27,2.5133e+29,1.3410e+28,6.7777e+08,5.0807e+05,9.2623e+08,1.0943e-13,3.7140e+06,2.2162e+04,3.4454e+05,3.4265e+05,69.4,29.9,0.1,0.6,1.2032e+30,1.1842e+30,1.3810e+28,5.1900e+27,5.5532e+27,0.0000e+00,98.4,1.1,0.4
137,1.2364e+30,8.5531e+29,3.7329e+29,7.5000e+26,7.0800e+27,8.0769e+29,4.7620e+28,3.1369e+29,5.9600e+28,6.1000e+26,1.4000e+26,3.2800e+27,3.8000e+27,2.2356e+29,9.1200e+27,6.7755e+08,8.7564e+04,1.0086e+09,1.1072e-20,3.6264e+06,2.1233e+04,3.4265e+05,3.4080e+05,69.2,30.2,0.1,0.6,1.2360e+30,1.2179e+30,1.3550e+28,4.5500e+27,5.4875e+27,0.0000e+00,98.5,1.1,0.4
138,1.2512e+30,8.7303e+29,3.7014e+29,9.9000e+26,7.0800e+27,8.2059e+29,5.2440e+28,3.0804e+29,6.2100e+28,7.5000e+26,2.4000e+26,3.5800e+27,3.5000e+27,2.1768e+29,7.2200e+27,6.7612e+08,1.2499e+02,1.0250e+09,1.0143e-20,4.3669e+06,2.3071e+04,3.4079e+05,3.3899e+05,69.8,29.6,0.1,0.6,1.2507e+30,1.2319e+30,1.3720e+28,5.0700e+27,5.4043e+27,0.0000e+00,98.5,1.1,0.4
139,1.2927e+30,8.9491e+29,3.8995e+29,7.5000e+26,7.0700e+27,8.4158e+29,5.3330e+28,3.2854e+29,6.1410e+28,5.4000e+26,2.1000e+26,3.5600e+27,3.5100e+27,2.2906e+29,7.9700e+27,6.7184e+08,1.2964e+06,9.2869e+08,9.3820e-14,4.3467e+06,2.2312e+04,3.3898e+05,3.3721e+05,69.2,30.2,0.1,0.5,1.2922e+30,1.2732e+30,1.4100e+28,4.9300e+27,5.3431e+27,0.0000e+00,98.5,1.1,0.4
140,1.3414e+30,9.2152e+29,4.1178e+29,1.0000e+27,7.0800e+27,8.6667e+29,5.4850e+28,3.4571e+29,6.6070e+28,7.8000e+26,2.2000e+26,3.6600e+27,3.4200e+27,2.4133e+29,1.1180e+28,6.7395e+08,9.4199e+05,8.5107e+08,2.2420e-10,4.4084e+06,2.3058e+04,3.3720e+05,3.3547e+05,68.7,30.7,0.1,0.5,1.3403e+30,1.3205e+30,1.4860e+28,4.9100e+27,5.2838e+27,0.0000e+00,98.5,1.1,0.4
141,1.3677e+30,9.3511e+29,4.2458e+29,9.6000e+26,7.0000e+27,8.8020e+29,5.4910e+28,3.5985e+29,6.4730e+28,7.0000e+26,2.6000e+26,3.6400e+27,3.3600e+27,2.5194e+29,1.3720e+28,6.8084e+08,5.3446e+05,9.2760e+08,5.6179e-13,4.3157e+06,2.2648e+04,3.3547e+05,3.3378e+05,68.4,31.0,0.1,0.5,1.3672e+30,1.3468e+30,1.5620e+28,4.7900e+27,5.2081e+27,0.0000e+00,98.5,1.1,0.4
142,1.4059e+30,9.5711e+29,4.4115e+29,8.0000e+26,6.8500e+27,9.0237e+29,5.4740e+28,3.7986e+29,6.1290e+28,5.6000e+26,2.4000e+26,3.5000e+27,3.3500e+27,2.2348e+29,9.6000e+27,6.8362e+08,1.0552e+05,1.1455e+09,5.3825e-20,4.1705e+06,2.2876e+04,3.3378e+05,3.3213e+05,68.1,31.4,0.1,0.5,1.4051e+30,1.3846e+30,1.6140e+28,4.3400e+27,5.1532e+27,0.0000e+00,98.5,1.1,0.3
143,1.4448e+30,9.7617e+29,4.6049e+29,9.4000e+26,7.1900e+27,9.1593e+29,6.0240e+28,3.8636e+29,7.4130e+28,7.2000e+26,2.2000e+26,3.5800e+27,3.6100e+27,2.1446e+29,7.3300e+27,6.8070e+08,1.7793e+02,9.7274e+08,1.0011e-20,5.5826e+06,2.6980e+04,3.3212e+05,3.3052e+05,67.6,31.9,0.1,0.5,1.4446e+30,1.4241e+30,1.6160e+28,4.4000e+27,5.0825e+27,0.0000e+00,98.6,1.1,0.3
144,1.4956e+30,1.0046e+30,4.8269e+29,1.2400e+27,7.0400e+27,9.4098e+29,6.3600e+28,4.0536e+29,7.7330e+28,9.8000e+26,2.6000e+26,3.5300e+27,3.5100e+27,2.2444e+29,7.4900e+27,6.7762e+08,1.2276e+06,1.0067e+09,6.3284e-14,5.6166e+06,2.2514e+04,3.3051e+05,3.2895e+05,67.2,32.3,0.1,0.5,1.4956e+30,1.4753e+30,1.6350e+28,4.0000e+27,5.0146e+27,0.0000e+00,98.6,1.1,0.3
145,1.5494e+30,1.0325e+30,5.0899e+29,1.0400e+27,6.9000e+27,9.6582e+29,6.6680e+28,4.3010e+29,7.8890e+28,8.0000e+26,2.4000e+26,3.6700e+27,3.2300e+27,2.3763e+29,9.6400e+27,6.8211e+08,8.7670e+05,1.0097e+09,9.4513e-11,5.3950e+06,2.8805e+04,3.2895e+05,3.2742e+05,66.6,32.9,0.1,0.4,1.5474e+30,1.5265e+30,1.6850e+28,4.0400e+27,4.9666e+27,0.0000e+00,98.6,1.1,0.3
146,1.5834e+30,1.0539e+30,5.2136e+29,1.1600e+27,6.9800e+27,9.8562e+29,6.8290e+28,4.4455e+29,7.6810e+28,8.1000e+26,3.5000e+26,3.9500e+27,3.0300e+27,2.4480e+29,1.2340e+28,6.7346e+08,4.5203e+05,1.1355e+09,1.0978e-13,5.1403e+06,2.7765e+04,3.2742e+05,3.2594e+05,66.6,32.9,0.1,0.4,1.5836e+30,1.5620e+30,1.7990e+28,3.6500e+27,4.9036e+27,0.0000e+00,98.6,1.1,0.2
147,1.6218e+30,1.0708e+30,5.4283e+29,1.0900e+27,7.0900e+27,1.0015e+30,6.9330e+28,4.6405e+29,7.8780e+28,8.1000e+26,2.8000e+26,3.7900e+27,3.3000e+27,2.1566e+29,8.4100e+27,6.6177e+08,2.2157e+04,1.0086e+09,1.0229e-20,5.0610e+06,3.7815e+04,3.2594e+05,3.2450e+05,66.0,33.5,0.1,0.4,1.6207e+30,1.5984e+30,1.8620e+28,3.6000e+27,4.8598e+27,0.0000e+00,98.6,1.1,0.2
148,1.6658e+30,1.0947e+30,5.6266e+29,1.5300e+27,6.9100e+27,1.0149e+30,7.9790e+28,4.7032e+29,9.2340e+28,1.2100e+27,3.2000e+26,3.4300e+27,3.4800e+27,2.1208e+29,6.9600e+27,6.6354e+08,2.4935e+02,1.1350e+09,1.0182e-20,6.3784e+06,3.6158e+04,3.2449e+05,3.2310e+05,65.7,33.8,0.1,0.4,1.6656e+30,1.6448e+30,1.8030e+28,2.8500e+27,4.8015e+27,0.0000e+00,98.7,1.1,0.2
149,1.7294e+30,1.1219e+30,5.9924e+29,1.2800e+27,6.9500e+27,1.0385e+30,8.3400e+28,4.9884e+29,1.0040e+29,9.9000e+26,2.9000e+26,3.2000e+27,3.7500e+27,2.1817e+29,7.5800e+27,6.6419e+08,1.0591e+06,1.0642e+09,6.7691e-13,6.1866e+06,3.5658e+04,3.2309e+05,3.2174e+05,64.9,34.7,0.1,0.4,1.7297e+30,1.7072e+30,1.9530e+28,2.9700e+27,4.7457e+27,0.0000e+00,98.7,1.1,0.2
150,1.7816e+30,1.1539e+30,6.1908e+29,1.5500e+27,7.0100e+27,1.0697e+30,8.4190e+28,5.2074e+29,9.8340e+28,1.0000e+27,5.5000e+26,3.5600e+27,3.4500e+27,2.3506e+29,9.8300e+27,6.5928e+08,7.3267e+05,1.0197e+09,1.4273e-11,6.0907e+06,3.3593e+04,3.2174e+05,3.2043e+05,64.8,34.7,0.1,0.4,1.7794e+30,1.7565e+30,2.0360e+28,2.5400e+27,4.7084e+27,0.0000e+00,98.7,1.1,0.1
151,1.8428e+30,1.1774e+30,6.5704e+29,1.3500e+27,7.0000e+27,1.0908e+30,8.6620e+28,5.5188e+29,1.0516e+29,9.9000e+26,3.6000e+26,3.7200e+27,3.2800e+27,2.3412e+29,1.0860e+28,6.6295e+08,2.9841e+05,1.1204e+09,1.4202e-15,6.0437e+06,4.1817e+04,3.2042e+05,3.1916e+05,63.9,35.7,0.1,0.4,1.8411e+30,1.8175e+30,2.0990e+28,2.5700e+27,4.6416e+27,0.0000e+00,98.7,1.1,0.1
152,1.8876e+30,1.2050e+30,6.7421e+29,1.4400e+27,7.0200e+27,1.1118e+30,9.3130e+28,5.6717e+29,1.0704e+29,1.0400e+27,4.0000e+26,3.7100e+27,3.3100e+27,2.0537e+29,6.8800e+27,6.6196e+08,4.8820e+02,1.0169e+09,1.0045e-20,7.1741e+06,4.8615e+04,3.1916e+05,3.1794e+05,63.8,35.7,0.1,0.4,1.8871e+30,1.8635e+30,2.1460e+28,2.2100e+27,4.6087e+27,0.0000e+00,98.7,1.1,0.1
153,1.9428e+30,1.2364e+30,6.9728e+29,1.9600e+27,7.1100e+27,1.1359e+30,1.0057e+29,5.8168e+29,1.1560e+29,1.5300e+27,4.3000e+26,3.5000e+27,3.6100e+27,2.0982e+29,6.5500e+27,6.5970e+08,1.1900e+06,1.0226e+09,2.6737e-17,7.1725e+06,4.5584e+04,3.1793e+05,3.1675e+05,63.6,35.9,0.1,0.4,1.9421e+30,1.9175e+30,2.2440e+28,2.1000e+27,4.5777e+27,0.0000e+00,98.7,1.2,0.1
154,2.0054e+30,1.2673e+30,7.2910e+29,2.1200e+27,6.9500e+27,1.1638e+30,1.0344e+29,6.1278e+29,1.1632e+29,1.5400e+27,5.8000e+26,3.6100e+27,3.3400e+27,2.2000e+29,7.3700e+27,6.5545e+08,8.6199e+05,1.0045e+09,2.4892e-11,6.8858e+06,6.6090e+04,3.1674e+05,3.1561e+05,63.2,36.4,0.1,0.3,2.0046e+30,1.9796e+30,2.3180e+28,1.8500e+27,4.5183e+27,0.0000e+00,98.8,1.2,0.1
155,2.0720e+30,1.2960e+30,7.6700e+29,2.0800e+27,6.9700e+27,1.1892e+30,1.0684e+29,6.4336e+29,1.2364e+29,1.6500e+27,4.3000e+26,3.5000e+27,3.4700e+27,2.3420e+29,1.0520e+28,6.5373e+08,4.9005e+05,1.2007e+09,3.5916e-13,6.5560e+06,5.8364e+04,3.1561e+05,3.1452e+05,62.5,37.0,0.1,0.3,2.0710e+30,2.0453e+30,2.3850e+28,1.8200e+27,4.4768e+27,0.0000e+00,98.8,1.2,0.1
156,2.1215e+30,1.3200e+30,7.9259e+29,1.9400e+27,6.9900e+27,1.2108e+30,1.0924e+29,6.6890e+29,1.2369e+29,1.4600e+27,4.8000e+26,3.5700e+27,3.4200e+27,2.0971e+29,8.2100e+27,6.4957e+08,5.4052e+04,1.2912e+09,1.0206e-20,6.5725e+06,5.6766e+04,3.1451e+05,3.1346e+05,62.2,37.4,0.1,0.3,2.1210e+30,2.0946e+30,2.4860e+28,1.4700e+27,4.4523e+27,0.0000e+00,98.8,1.2,0.1
157,2.1898e+30,1.3481e+30,8.3243e+29,2.2900e+27,7.0600e+27,1.2224e+30,1.2566e+29,6.8113e+29,1.5130e+29,1.7000e+27,5.9000e+26,3.6600e+27,3.4000e+27,2.0055e+29,6.0400e+27,6.5002e+08,3.3868e+02,1.3162e+09,1.0045e-20,7.5452e+06,7.3739e+04,3.1346e+05,3.1245e+05,61.6,38.0,0.1,0.3,2.1884e+30,2.1620e+30,2.5050e+28,1.3700e+27,4.4150e+27,0.0000e+00,98.8,1.1,0.1
158,2.2319e+30,1.3792e+30,8.4360e+29,2.1800e+27,6.9400e+27,1.2490e+30,1.3020e+29,6.9213e+29,1.5147e+29,1.6300e+27,5.5000e+26,3.4800e+27,3.4600e+27,2.1093e+29,6.2100e+27,6.5183e+08,1.1044e+06,1.2371e+09,4.7259e-13,7.2490e+06,6.7978e+04,3.1245e+05,3.1149e+05,61.8,37.8,0.1,0.3,2.2305e+30,2.2029e+30,2.6180e+28,1.4500e+27,4.3656e+27,0.0000e+00,98.8,1.2,0.1
159,2.3001e+30,1.4065e+30,8.8404e+29,2.3300e+27,7.1800e+27,1.2724e+30,1.3406e+29,7.2741e+29,1.5663e+29,1.7100e+27,6.2000e+26,3.8100e+27,3.3700e+27,2.2261e+29,8.8600e+27,6.5124e+08,7.1658e+05,1.1653e+09,2.4924e-12,7.0307e+06,6.1664e+04,3.1149e+05,3.1057e+05,61.2,38.4,0.1,0.3,2.2999e+30,2.2723e+30,2.6480e+28,1.1000e+27,4.3474e+27,0.0000e+00,98.8,1.2,0.0
160,2.3675e+30,1.4392e+30,9.1898e+29,2.2700e+27,7.1000e+27,1.3002e+30,1.3898e+29,7.6322e+29,1.5576e+29,1.7000e+27,5.7000e+26,3.4100e+27,3.6900e+27,2.1660e+29,8.8200e+27,6.5136e+08,2.2707e+05,1.4304e+09,2.0837e-17,6.7396e+06,9.2260e+04,3.1057e+05,3.0969e+05,60.8,38.8,0.1,0.3,2.3659e+30,2.3372e+30,2.7670e+28,1.0400e+27,4.3028e+27,0.0000e+00,98.8,1.2,0.0
161,2.4321e+30,1.4629e+30,9.5973e+29,2.4600e+27,7.0000e+27,1.3087e+30,1.5422e+29,7.8563e+29,1.7410e+29,1.7300e+27,7.3000e+26,3.3100e+27,3.6900e+27,1.9418e+29,5.6600e+27,6.5047e+08,1.0174e+03,1.1627e+09,1.0051e-20,8.5932e+06,1.0470e+05,3.0969e+05,3.0886e+05,60.1,39.5,0.1,0.3,2.4317e+30,2.4024e+30,2.8270e+28,1.0200e+27,4.2747e+27,0.0000e+00,98.8,1.2,0.0
162,2.5136e+30,1.5047e+30,9.9954e+29,2.3900e+27,6.9900e+27,1.3388e+30,1.6585e+29,8.0370e+29,1.9584e+29,1.7400e+27,6.5000e+26,3.4600e+27,3.5300e+27,2.0247e+29,5.6600e+27,6.4860e+08,1.1081e+06,1.2188e+09,4.4321e-15,8.4277e+06,1.0606e+05,3.0886e+05,3.0808e+05,59.9,39.8,0.1,0.3,2.5120e+30,2.4825e+30,2.8740e+28,8.0000e+26,4.2627e+27,0.0000e+00,98.8,1.1,0.0
163,2.5655e+30,1.5251e+30,1.0305e+30,2.8900e+27,6.9900e+27,1.3574e+30,1.6773e+29,8.3456e+29,1.9596e+29,2.1700e+27,7.2000e+26,3.7500e+27,3.2400e+27,2.1310e+29,7.2000e+27,6.5063e+08,7.1468e+05,1.2787e+09,4.6922e-11,8.1623e+06,1.0383e+05,3.0807e+05,3.0733e+05,59.4,40.2,0.1,0.3,2.5649e+30,2.5351e+30,2.8800e+28,9.1000e+26,4.2250e+27,0.0000e+00,98.8,1.1,0.0
164,2.6114e+30,1.5467e+30,1.0550e+30,2.6600e+27,7.0000e+27,1.3771e+30,1.6958e+29,8.5905e+29,1.9593e+29,1.9000e+27,7.6000e+26,3.2200e+27,3.7800e+27,2.1370e+29,8.7700e+27,6.5662e+08,3.2726e+05,1.2769e+09,6.1630e-15,7.9402e+06,1.1111e+05,3.0733e+05,3.0664e+05,59.2,40.4,0.1,0.3,2.6104e+30,2.5798e+30,2.9850e+28,7.2000e+26,4.1898e+27,0.0000e+00,98.8,1.1,0.0
165,2.6698e+30,1.5777e+30,1.0821e+30,2.8600e+27,7.2000e+27,1.3958e+30,1.8193e+29,8.7610e+29,2.0598e+29,1.9400e+27,9.2000e+26,3.9300e+27,3.2700e+27,1.9233e+29,6.1600e+27,6.5662e+08,7.1009e+02,1.3444e+09,1.0092e-20,9.1920e+06,1.2666e+05,3.0664e+05,3.0598e+05,59.1,40.5,0.1,0.3,2.6681e+30,2.6369e+30,3.0490e+28,7.5000e+26,4.1840e+27,0.0000e+00,98.8,1.1,0.0
166,2.7213e+30,1.5983e+30,1.1130e+30,3.0400e+27,6.9700e+27,1.3972e+30,2.0110e+29,8.7467e+29,2.3828e+29,2.1600e+27,8.8000e+26,3.3900e+27,3.5800e+27,1.9272e+29,5.2100e+27,6.5851e+08,1.6061e+06,1.4606e+09,2.0860e-17,9.0700e+06,1.4996e+05,3.0598e+05,3.0537e+05,58.7,40.9,0.1,0.3,2.7216e+30,2.6905e+30,3.0370e+28,7.0000e+26,4.1533e+27,0.0000e+00,98.9,1.1,0.0
167,2.7783e+30,1.6271e+30,1.1409e+30,3.1000e+27,7.1800e+27,1.4240e+30,2.0315e+29,9.0422e+29,2.3670e+29,2.2800e+27,8.2000e+26,3.6000e+27,3.5800e+27,2.0739e+29,6.7000e+27,6.5477e+08,1.1929e+06,1.3326e+09,2.8047e-11,8.6765e+06,1.3379e+05,3.0537e+05,3.0481e+05,58.6,41.1,0.1,0.3,2.7772e+30,2.7454e+30,3.1190e+28,6.7000e+26,4.1382e+27,0.0000e+00,98.9,1.1,0.0
168,2.8354e+30,1.6475e+30,1.1777e+30,3.2500e+27,7.0300e+27,1.4412e+30,2.0625e+29,9.4215e+29,2.3552e+29,2.2000e+27,1.0500e+27,3.5000e+27,3.5300e+27,2.1428e+29,7.8800e+27,6.5245e+08,5.4655e+05,1.3689e+09,4.4736e-14,8.2699e+06,1.4125e+05,3.0481e+05,3.0429e+05,58.1,41.5,0.1,0.2,2.8341e+30,2.8021e+30,3.1490e+28,5.8000e+26,4.1120e+27,0.0000e+00,98.9,1.1,0.0
169,2.8820e+30,1.6746e+30,1.1970e+30,3.3200e+27,6.9600e+27,1.4636e+30,2.1109e+29,9.6074e+29,2.3630e+29,2.5100e+27,8.1000e+26,3.7300e+27,3.2300e+27,1.8928e+29,5.6200e+27,6.5271e+08,2.4928e+02,1.5057e+09,1.0047e-20,9.8939e+06,1.4959e+05,3.0429e+05,3.0382e+05,58.1,41.5,0.1,0.2,2.8821e+30,2.8498e+30,3.1680e+28,6.8000e+26,4.1013e+27,0.0000e+00,98.9,1.1,0.0
170,2.9214e+30,1.6912e+30,1.2194e+30,3.7300e+27,7.1700e+27,1.4543e+30,2.3682e+29,9.4433e+29,2.7506e+29,2.7800e+27,9.5000e+26,3.6500e+27,3.5200e+27,1.8934e+29,5.4600e+27,6.5965e+08,2.0695e+06,1.3413e+09,3.8135e-20,9.7850e+06,1.6666e+05,3.0382e+05,3.0339e+05,57.9,41.7,0.1,0.2,2.9199e+30,2.8868e+30,3.2330e+28,8.1000e+26,4.0795e+27,0.0000e+00,98.9,1.1,0.0
171,2.9856e+30,1.7170e+30,1.2579e+30,3.7100e+27,7.0500e+27,1.4774e+30,2.3958e+29,9.7601e+29,2.8184e+29,2.6100e+27,1.1000e+27,3.6000e+27,3.4500e+27,1.9935e+29,6.0800e+27,6.6488e+08,1.3613e+06,1.5080e+09,1.0817e-11,9.5245e+06,1.6413e+05,3.0339e+05,3.0301e+05,57.5,42.1,0.1,0.2,2.9855e+30,2.9513e+30,3.3540e+28,7.0000e+26,4.0731e+27,0.0000e+00,98.9,1.1,0.0
172,3.0250e+30,1.7404e+30,1.2741e+30,3.3700e+27,7.0900e+27,1.5001e+30,2.4035e+29,9.9755e+29,2.7655e+29,2.3500e+27,1.0200e+27,3.6300e+27,3.4600e+27,2.1020e+29,7.9000e+27,6.6764e+08,6.6181e+05,1.2962e+09,1.5900e-13,9.2113e+06,1.6911e+05,3.0301e+05,3.0267e+05,57.5,42.1,0.1,0.2,3.0239e+30,2.9898e+30,3.3360e+28,7.1000e+26,4.0557e+27,0.0000e+00,98.9,1.1,0.0
173,3.0733e+30,1.7581e+30,1.3045e+30,3.6200e+27,7.0300e+27,1.5160e+30,2.4214e+29,1.0351e+30,2.6949e+29,2.5700e+27,1.0500e+27,3.3800e+27,3.6500e+27,1.8782e+29,5.4800e+27,6.6814e+08,2.1206e+03,1.5437e+09,1.0040e-20,1.0213e+07,1.6428e+05,3.0267e+05,3.0237e+05,57.2,42.4,0.1,0.2,3.0728e+30,3.0380e+30,3.4160e+28,6.2000e+26,4.0535e+27,0.0000e+00,98.9,1.1,0.0
174,3.1165e+30,1.7725e+30,1.3334e+30,3.8000e+27,6.8800e+27,1.4959e+30,2.7651e+29,1.0099e+30,3.2346e+29,2.8000e+27,1.0000e+27,3.3800e+27,3.5000e+27,1.8849e+29,4.9600e+27,6.6642e+08,8.9786e+05,1.4538e+09,1.0650e-20,1.0255e+07,1.7834e+05,3.0237e+05,3.0213e+05,56.9,42.8,0.1,0.2,3.1169e+30,3.0811e+30,3.4950e+28,8.0000e+26,4.0405e+27,0.0000e+00,98.9,1.1,0.0
175,3.1422e+30,1.7866e+30,1.3448e+30,3.7300e+27,6.9900e+27,1.5093e+30,2.7735e+29,1.0228e+30,3.2199e+29,2.5800e+27,1.1500e+27,3.3700e+27,3.6200e+27,1.9386e+29,5.5300e+27,6.6400e+08,1.6619e+06,1.8227e+09,3.0757e-12,9.8774e+06,1.8774e+05,3.0213e+05,3.0192e+05,56.9,42.8,0.1,0.2,3.1406e+30,3.1050e+30,3.4910e+28,7.1000e+26,4.0297e+27,0.0000e+00,98.9,1.1,0.0
176,3.1770e+30,1.7973e+30,1.3691e+30,3.4900e+27,6.9900e+27,1.5206e+30,2.7675e+29,1.0574e+30,3.1172e+29,2.4100e+27,1.0800e+27,3.6400e+27,3.3500e+27,2.0561e+29,7.3600e+27,6.5433e+08,8.6894e+05,1.5014e+09,2.8061e-13,9.4452e+06,1.8942e+05,3.0192e+05,3.0176e+05,56.6,43.1,0.1,0.2,3.1755e+30,3.1396e+30,3.5240e+28,7.2000e+26,4.0211e+27,0.0000e+00,98.9,1.1,0.0
177,3.2222e+30,1.8202e+30,1.3912e+30,3.7000e+27,7.1000e+27,1.5401e+30,2.8012e+29,1.0810e+30,3.1023e+29,2.6200e+27,1.0800e+27,3.5300e+27,3.5700e+27,1.8871e+29,6.3200e+27,6.5456e+08,3.4724e+04,1.9051e+09,1.0370e-20,9.3236e+06,2.0532e+05,3.0176e+05,3.0165e+05,56.5,43.2,0.1,0.2,3.2230e+30,3.1863e+30,3.5960e+28,6.8000e+26,4.0274e+27,0.0000e+00,98.9,1.1,0.0
178,3.2435e+30,1.8277e+30,1.4042e+30,4.4700e+27,7.0900e+27,1.5138e+30,3.1398e+29,1.0482e+30,3.5597e+29,3.0000e+27,1.4700e+27,3.3700e+27,3.7200e+27,1.8267e+29,4.7100e+27,6.5157e+08,1.3261e+03,1.5689e+09,1.0227e-20,1.0697e+07,2.2705e+05,3.0165e+05,3.0158e+05,56.4,43.3,0.1,0.2,3.2429e+30,3.2056e+30,3.6610e+28,6.9000e+26,4.0103e+27,0.0000e+00,98.8,1.1,0.0
179,3.2733e+30,1.8432e+30,1.4187e+30,4.0800e+27,7.2800e+27,1.5323e+30,3.1098e+29,1.0662e+30,3.5245e+29,2.8500e+27,1.2300e+27,3.8100e+27,3.4700e+27,1.9021e+29,4.5900e+27,6.5231e+08,1.8754e+06,1.4540e+09,1.9034e-12,1.0260e+07,2.3992e+05,3.0158e+05,3.0156e+05,56.3,43.3,0.1,0.2,3.2720e+30,3.2350e+30,3.6220e+28,7.4000e+26,4.0210e+27,0.0000e+00,98.9,1.1,0.0
180,3.2910e+30,1.8529e+30,1.4267e+30,4.1700e+27,7.1700e+27,1.5387e+30,3.1429e+29,1.0734e+30,3.5329e+29,2.8600e+27,1.3100e+27,3.6100e+27,3.5600e+27,2.0277e+29,6.6600e+27,6.5286e+08,1.0449e+06,1.4670e+09,1.0714e-12,9.8006e+06,2.4021e+05,3.0158e+05,3.0156e+05,56.3,43.4,0.1,0.2,3.2908e+30,3.2526e+30,3.7310e+28,8.3000e+26,4.0081e+27,0.0000e+00,98.8,1.1,0.0
181,3.3294e+30,1.8671e+30,1.4508e+30,4.2500e+27,7.2800e+27,1.5536e+30,3.1350e+29,1.1123e+30,3.3853e+29,2.8400e+27,1.4100e+27,3.6600e+27,3.6200e+27,1.9023e+29,5.9500e+27,6.5465e+08,1.1662e+05,1.7557e+09,1.0218e-20,9.5738e+06,2.4867e+05,3.0165e+05,3.0158e+05,56.1,43.6,0.1,0.2,3.3295e+30,3.2916e+30,3.7130e+28,7.4000e+26,4.0231e+27,0.0000e+00,98.9,1.1,0.0
182,3.3390e+30,1.8756e+30,1.4520e+30,4.3600e+27,7.0100e+27,1.5322e+30,3.4338e+29,1.0668e+30,3.8524e+29,2.9800e+27,1.3800e+27,3.4600e+27,3.5500e+27,1.8222e+29,4.9900e+27,6.5640e+08,2.6735e+03,1.4705e+09,1.0194e-20,1.0904e+07,2.4694e+05,3.0176e+05,3.0165e+05,56.2,43.5,0.1,0.2,3.3380e+30,3.3004e+30,3.6720e+28,8.6000e+26,4.0146e+27,0.0000e+00,98.9,1.1,0.0
183,3.3754e+30,1.8873e+30,1.4767e+30,4.3800e+27,7.0200e+27,1.5421e+30,3.4524e+29,1.0850e+30,3.9168e+29,3.1100e+27,1.2700e+27,3.1400e+27,3.8800e+27,1.8707e+29,4.9500e+27,6.5636e+08,2.2759e+06,1.4376e+09,6.6651e-13,1.0430e+07,2.4426e+05,3.0192e+05,3.0176e+05,55.9,43.7,0.1,0.2,3.3752e+30,3.3362e+30,3.8110e+28,8.3000e+26,4.0211e+27,0.0000e+00,98.8,1.1,0.0
184,3.3973e+30,1.8990e+30,1.4870e+30,4.3000e+27,7.0300e+27,1.5559e+30,3.4306e+29,1.1067e+30,3.8024e+29,2.8500e+27,1.4500e+27,3.3300e+27,3.7000e+27,2.0051e+29,6.8400e+27,6.5205e+08,1.2837e+06,1.5767e+09,1.9628e-12,9.9762e+06,2.7016e+05,3.0213e+05,3.0192e+05,55.9,43.8,0.1,0.2,3.3967e+30,3.3585e+30,3.7430e+28,7.7000e+26,4.0426e+27,0.0000e+00,98.9,1.1,0.0
185,3.4150e+30,1.8991e+30,1.5047e+30,4.1100e+27,7.1300e+27,1.5573e+30,3.4178e+29,1.1305e+30,3.7419e+29,2.7500e+27,1.3600e+27,3.5300e+27,3.6000e+27,1.8628e+29,5.7500e+27,6.5216e+08,2.2080e+05,1.4910e+09,4.5665e-20,9.7405e+06,2.8911e+05,3.0237e+05,3.0213e+05,55.6,44.1,0.1,0.2,3.4155e+30,3.3761e+30,3.8640e+28,7.0000e+26,4.0276e+27,0.0000e+00,98.8,1.1,0.0
186,3.4294e+30,1.9053e+30,1.5123e+30,4.7400e+27,6.9700e+27,1.5361e+30,3.6921e+29,1.0950e+30,4.1734e+29,3.3300e+27,1.4100e+27,3.5200e+27,3.4500e+27,1.7502e+29,5.0800e+27,6.5499e+08,1.9578e+03,1.5012e+09,1.0007e-20,1.1017e+07,2.8253e+05,3.0267e+05,3.0237e+05,55.6,44.1,0.1,0.2,3.4283e+30,3.3892e+30,3.8370e+28,7.6000e+26,4.0535e+27,0.0000e+00,98.9,1.1,0.0
187,3.4215e+30,1.9065e+30,1.5031e+30,4.9100e+27,7.0000e+27,1.5361e+30,3.7038e+29,1.0950e+30,4.0804e+29,3.3600e+27,1.5500e+27,3.5500e+27,3.4500e+27,1.8442e+29,5.0300e+27,6.6340e+08,3.2191e+06,1.5144e+09,2.8731e-13,1.0755e+07,2.6943e+05,3.0301e+05,3.0267e+05,55.7,43.9,0.1,0.2,3.4219e+30,3.3841e+30,3.6950e+28,9.0000e+26,4.0557e+27,0.0000e+00,98.9,1.1,0.0
188,3.4249e+30,1.9063e+30,1.5068e+30,4.7600e+27,7.0900e+27,1.5414e+30,3.6494e+29,1.1160e+30,3.9078e+29,3.3300e+27,1.4300e+27,3.5500e+27,3.5400e+27,1.9421e+29,6.3800e+27,6.6709e+08,1.8787e+06,1.4192e+09,2.9688e-12,1.0277e+07,2.5999e+05,3.0339e+05,3.0301e+05,55.7,44.0,0.1,0.2,3.4258e+30,3.3870e+30,3.8090e+28,7.2000e+26,4.0731e+27,0.0000e+00,98.9,1.1,0.0
189,3.4219e+30,1.8974e+30,1.5131e+30,4.4800e+27,6.9900e+27,1.5403e+30,3.5710e+29,1.1315e+30,3.8157e+29,3.0000e+27,1.4800e+27,3.6000e+27,3.3900e+27,1.8795e+29,5.8900e+27,6.6765e+08,4.7974e+05,1.7364e+09,1.9642e-18,1.0137e+07,2.8124e+05,3.0382e+05,3.0339e+05,55.4,44.2,0.1,0.2,3.4198e+30,3.3815e+30,3.7660e+28,6.2000e+26,4.0795e+27,0.0000e+00,98.9,1.1,0.0
190,3.4295e+30,1.9059e+30,1.5116e+30,4.9200e+27,7.0700e+27,1.5244e+30,3.8155e+29,1.0905e+30,4.2110e+29,3.3600e+27,1.5600e+27,3.5500e+27,3.5200e+27,1.7516e+29,4.9100e+27,6.6453e+08,2.4231e+03,1.5096e+09,1.0132e-20,1.1667e+07,2.7211e+05,3.0429e+05,3.0382e+05,55.6,44.1,0.1,0.2,3.4315e+30,3.3927e+30,3.7870e+28,9.0000e+26,4.1013e+27,0.0000e+00,98.9,1.1,0.0
191,3.4348e+30,1.8967e+30,1.5262e+30,4.8000e+27,7.1200e+27,1.5123e+30,3.8439e+29,1.1034e+30,4.2281e+29,3.0500e+27,1.7500e+27,3.6500e+27,3.4700e+27,1.8074e+29,4.7100e+27,6.6418e+08,3.7534e+06,1.5930e+09,5.5467e-14,1.1394e+07,3.0262e+05,3.0481e+05,3.0429e+05,55.2,44.4,0.1,0.2,3.4334e+30,3.3950e+30,3.7610e+28,7.6000e+26,4.1120e+27,0.0000e+00,98.9,1.1,0.0
192,3.4408e+30,1.9029e+30,1.5264e+30,4.3400e+27,7.1500e+27,1.5256e+30,3.7727e+29,1.1142e+30,4.1227e+29,2.8300e+27,1.5100e+27,3.9400e+27,3.2100e+27,1.9455e+29,6.4600e+27,6.6494e+08,2.5354e+06,1.4297e+09,1.2301e-11,1.0904e+07,3.0431e+05,3.0537e+05,3.0481e+05,55.3,44.4,0.1,0.2,3.4408e+30,3.4018e+30,3.8190e+28,8.8000e+26,4.1382e+27,0.0000e+00,98.9,1.1,0.0
193,3.4346e+30,1.8996e+30,1.5232e+30,4.8000e+27,7.0200e+27,1.5302e+30,3.6941e+29,1.1253e+30,3.9783e+29,3.1000e+27,1.7000e+27,3.4300e+27,3.5900e+27,1.8893e+29,6.4700e+27,6.6802e+08,8.4811e+05,1.5744e+09,1.5007e-16,1.0587e+07,2.9645e+05,3.0598e+05,3.0537e+05,55.3,44.3,0.1,0.2,3.4349e+30,3.3959e+30,3.8400e+28,6.5000e+26,4.1533e+27,0.0000e+00,98.9,1.1,0.0
194,3.4137e+30,1.8944e+30,1.5079e+30,4.3600e+27,6.9800e+27,1.5106e+30,3.8388e+29,1.0941e+30,4.1380e+29,2.9100e+27,1.4500e+27,3.6200e+27,3.3600e+27,1.7493e+29,4.9300e+27,6.7369e+08,3.1113e+03,1.4934e+09,1.0250e-20,1.1474e+07,2.9121e+05,3.0663e+05,3.0598e+05,55.5,44.2,0.1,0.2,3.4145e+30,3.3762e+30,3.7560e+28,7.3000e+26,4.1840e+27,0.0000e+00,98.9,1.1,0.0
195,3.3831e+30,1.8803e+30,1.4911e+30,4.6200e+27,7.0200e+27,1.4880e+30,3.9232e+29,1.0596e+30,4.3150e+29,3.1100e+27,1.5100e+27,3.5900e+27,3.4300e+27,1.8181e+29,4.8600e+27,6.7400e+08,4.4757e+06,1.3825e+09,3.1076e-15,1.1181e+07,2.6671e+05,3.0733e+05,3.0664e+05,55.6,44.1,0.1,0.2,3.3820e+30,3.3423e+30,3.8830e+28,8.3000e+26,4.2035e+27,0.0000e+00,98.8,1.1,0.0
196,3.3577e+30,1.8721e+30,1.4739e+30,4.6000e+27,7.1300e+27,1.4869e+30,3.8516e+29,1.0667e+30,4.0718e+29,3.0300e+27,1.5700e+27,3.7600e+27,3.3700e+27,1.9428e+29,6.6200e+27,6.8034e+08,2.9862e+06,1.5776e+09,8.1094e-11,1.0693e+07,2.6606e+05,3.0807e+05,3.0733e+05,55.8,43.9,0.1,0.2,3.3589e+30,3.3198e+30,3.8330e+28,8.2000e+26,4.2251e+27,0.0000e+00,98.8,1.1,0.0
197,3.3133e+30,1.8478e+30,1.4541e+30,4.3300e+27,7.0800e+27,1.4773e+30,3.7047e+29,1.0718e+30,3.8229e+29,2.9300e+27,1.4000e+27,3.7000e+27,3.3800e+27,1.9285e+29,7.2200e+27,6.8624e+08,1.3121e+06,1.7350e+09,1.1741e-14,1.0507e+07,2.5768e+05,3.0886e+05,3.0808e+05,55.8,43.9,0.1,0.2,3.3147e+30,3.2774e+30,3.6580e+28,7.4000e+26,4.2488e+27,0.0000e+00,98.9,1.1,0.0
198,3.2913e+30,1.8442e+30,1.4354e+30,4.5500e+27,7.2100e+27,1.4711e+30,3.7315e+29,1.0481e+30,3.8732e+29,2.9200e+27,1.6300e+27,3.4900e+27,3.7200e+27,1.7559e+29,5.0600e+27,6.8895e+08,4.7770e+03,1.4056e+09,1.0195e-20,1.1947e+07,2.5928e+05,3.0969e+05,3.0886e+05,56.0,43.6,0.1,0.2,3.2916e+30,3.2542e+30,3.6720e+28,7.7000e+26,4.2747e+27,0.0000e+00,98.9,1.1,0.0
199,3.2684e+30,1.8332e+30,1.4234e+30,4.8100e+27,7.0500e+27,1.4430e+30,3.9014e+29,1.0155e+30,4.0789e+29,3.1400e+27,1.6700e+27,3.3600e+27,3.6900e+27,1.7899e+29,5.2400e+27,6.8842e+08,5.1440e+06,1.5059e+09,8.1688e-18,1.1816e+07,2.3861e+05,3.1057e+05,3.0969e+05,56.1,43.5,0.1,0.2,3.2684e+30,3.2312e+30,3.6390e+28,8.0000e+26,4.3170e+27,0.0000e+00,98.9,1.1,0.0
200,3.2165e+30,1.8141e+30,1.3910e+30,4.3200e+27,7.1700e+27,1.4398e+30,3.7429e+29,1.0065e+30,3.8450e+29,2.7500e+27,1.5700e+27,3.5700e+27,3.6000e+27,1.8807e+29,5.7400e+27,6.8703e+08,4.1782e+06,1.3228e+09,2.2488e-11,1.1532e+07,2.6342e+05,3.1149e+05,3.1057e+05,56.4,43.2,0.1,0.2,3.2172e+30,3.1811e+30,3.5170e+28,9.4000e+26,4.3331e+27,0.0000e+00,98.9,1.1,0.0
201,3.1824e+30,1.7971e+30,1.3741e+30,4.1500e+27,7.0800e+27,1.4359e+30,3.6125e+29,1.0075e+30,3.6654e+29,2.7700e+27,1.3800e+27,3.6400e+27,3.4400e+27,1.9869e+29,8.1000e+27,6.8770e+08,2.2437e+06,1.5811e+09,3.6150e-13,1.0840e+07,2.3104e+05,3.1245e+05,3.1149e+05,56.5,43.2,0.1,0.2,3.1830e+30,3.1461e+30,3.5890e+28,1.0100e+27,4.3801e+27,0.0000e+00,98.8,1.1,0.0
202,3.1278e+30,1.7713e+30,1.3453e+30,4.2300e+27,6.9800e+27,1.4248e+30,3.4653e+29,1.0096e+30,3.3576e+29,2.7800e+27,1.4500e+27,3.4100e+27,3.5700e+27,1.8181e+29,6.0600e+27,6.9345e+08,1.1124e+05,1.4060e+09,1.0907e-20,1.0608e+07,2.0620e+05,3.1346e+05,3.1246e+05,56.6,43.0,0.1,0.2,3.1290e+30,3.0930e+30,3.5110e+28,8.6000e+26,4.4004e+27,0.0000e+00,98.9,1.1,0.0
203,3.0960e+30,1.7607e+30,1.3237e+30,4.5800e+27,7.0500e+27,1.3932e+30,3.6746e+29,9.5378e+29,3.6989e+29,3.1300e+27,1.4500e+27,3.7200e+27,3.3300e+27,1.7847e+29,5.2900e+27,6.9675e+08,5.4542e+03,1.3058e+09,1.0129e-20,1.1587e+07,2.0087e+05,3.1451e+05,3.1346e+05,56.9,42.8,0.1,0.2,3.0966e+30,3.0618e+30,3.3810e+28,9.4000e+26,4.4522e+27,0.0000e+00,98.9,1.1,0.0
204,3.0212e+30,1.7364e+30,1.2736e+30,4.1000e+27,7.0600e+27,1.3818e+30,3.5464e+29,9.3907e+29,3.3457e+29,2.7500e+27,1.3500e+27,3.2500e+27,3.8100e+27,1.8643e+29,5.5000e+27,6.9739e+08,5.1489e+06,1.5525e+09,1.0757e-12,1.1271e+07,2.0135e+05,3.1561e+05,3.1452e+05,57.5,42.2,0.1,0.2,3.0225e+30,2.9876e+30,3.3890e+28,1.0400e+27,4.4768e+27,0.0000e+00,98.8,1.1,0.0
205,2.9834e+30,1.7230e+30,1.2491e+30,4.2600e+27,7.0300e+27,1.3784e+30,3.4451e+29,9.2804e+29,3.2108e+29,2.8800e+27,1.3800e+27,3.4000e+27,3.6300e+27,1.9835e+29,7.8400e+27,6.9650e+08,3.3084e+06,1.4492e+09,1.5288e-11,1.0941e+07,1.8066e+05,3.1675e+05,3.1561e+05,57.8,41.9,0.1,0.2,2.9852e+30,2.9514e+30,3.2710e+28,1.1200e+27,4.5336e+27,0.0000e+00,98.9,1.1,0.0
206,2.8900e+30,1.6813e+30,1.1978e+30,3.8200e+27,7.0200e+27,1.3539e+30,3.2743e+29,8.9606e+29,3.0176e+29,2.6500e+27,1.1700e+27,3.3800e+27,3.6400e+27,1.9438e+29,8.0100e+27,6.9949e+08,1.1613e+06,1.3851e+09,2.7910e-16,1.0450e+07,1.8651e+05,3.1793e+05,3.1675e+05,58.2,41.4,0.1,0.2,2.8899e+30,2.8572e+30,3.1590e+28,1.1200e+27,4.5624e+27,0.0000e+00,98.9,1.1,0.0
207,2.8207e+30,1.6575e+30,1.1525e+30,3.6800e+27,7.0400e+27,1.3284e+30,3.2910e+29,8.5118e+29,3.0129e+29,2.4800e+27,1.2000e+27,3.5200e+27,3.5200e+27,1.7970e+29,5.3000e+27,7.0319e+08,3.0357e+03,1.3841e+09,1.0452e-20,1.2281e+07,1.8229e+05,3.1916e+05,3.1793e+05,58.8,40.9,0.1,0.2,2.8212e+30,2.7898e+30,3.0240e+28,1.1500e+27,4.6087e+27,0.0000e+00,98.9,1.1,0.0
208,2.7713e+30,1.6317e+30,1.1285e+30,4.0500e+27,7.0600e+27,1.3019e+30,3.2983e+29,8.2035e+29,3.0816e+29,2.7300e+27,1.3200e+27,3.7400e+27,3.3200e+27,1.8628e+29,5.5600e+27,7.0740e+08,6.7715e+06,1.5172e+09,1.2634e-15,1.2022e+07,1.6453e+05,3.2043e+05,3.1916e+05,58.9,40.7,0.1,0.3,2.7744e+30,2.7435e+30,2.9600e+28,1.2200e+27,4.6574e+27,0.0000e+00,98.9,1.1,0.0
209,2.6909e+30,1.5944e+30,1.0854e+30,4.0600e+27,7.0700e+27,1.2826e+30,3.1186e+29,8.0377e+29,2.8160e+29,2.7100e+27,1.3500e+27,3.5800e+27,3.4900e+27,1.9481e+29,7.0500e+27,7.0902e+08,4.8482e+06,1.7234e+09,8.2690e-11,1.1605e+07,1.4487e+05,3.2174e+05,3.2043e+05,59.3,40.3,0.2,0.3,2.6914e+30,2.6613e+30,2.8880e+28,1.2300e+27,4.6924e+27,0.0000e+00,98.9,1.1,0.0
210,2.6534e+30,1.5760e+30,1.0667e+30,3.7900e+27,6.9400e+27,1.2768e+30,2.9916e+29,8.0202e+29,2.6472e+29,2.3600e+27,1.4300e+27,3.3500e+27,3.5900e+27,2.0836e+29,9.1800e+27,7.0997e+08,2.8031e+06,1.2020e+09,8.6439e-13,1.1222e+07,1.4561e+05,3.2310e+05,3.2174e+05,59.4,40.2,0.1,0.3,2.6540e+30,2.6232e+30,2.9310e+28,1.5000e+27,4.7620e+27,0.0000e+00,98.8,1.1,0.1
211,2.5645e+30,1.5360e+30,1.0182e+30,3.2900e+27,7.0300e+27,1.2534e+30,2.8257e+29,7.8008e+29,2.3811e+29,2.1900e+27,1.1000e+27,3.5900e+27,3.4400e+27,1.8842e+29,6.9300e+27,7.1682e+08,3.4676e+05,1.3738e+09,1.0876e-20,1.0734e+07,1.1932e+05,3.2449e+05,3.2310e+05,59.9,39.7,0.1,0.3,2.5657e+30,2.5368e+30,2.7400e+28,1.4700e+27,4.7850e+27,0.0000e+00,98.9,1.1,0.1
212,2.4907e+30,1.5067e+30,9.7324e+29,3.7100e+27,7.0300e+27,1.2221e+30,2.8455e+29,7.2617e+29,2.4707e+29,2.3700e+27,1.3400e+27,3.5000e+27,3.5300e+27,1.8582e+29,5.8700e+27,7.0978e+08,4.3939e+03,1.3072e+09,1.0055e-20,1.2595e+07,1.0857e+05,3.2594e+05,3.2450e+05,60.5,39.1,0.1,0.3,2.4919e+30,2.4619e+30,2.8080e+28,1.8600e+27,4.8597e+27,0.0000e+00,98.8,1.1,0.1
213,2.4320e+30,1.4795e+30,9.4192e+29,3.6300e+27,6.9200e+27,1.2038e+30,2.7572e+29,7.0584e+29,2.3608e+29,2.3600e+27,1.2700e+27,3.4100e+27,3.5100e+27,1.9176e+29,5.8600e+27,7.1761e+08,7.4060e+06,1.5371e+09,3.4061e-13,1.2078e+07,1.0058e+05,3.2742e+05,3.2594e+05,60.8,38.7,0.1,0.3,2.4327e+30,2.4031e+30,2.7670e+28,1.9000e+27,4.9035e+27,0.0000e+00,98.8,1.1,0.1
214,2.3626e+30,1.4489e+30,9.0331e+29,3.1300e+27,7.2100e+27,1.1868e+30,2.6211e+29,6.8518e+29,2.1813e+29,1.9700e+27,1.1600e+27,3.5600e+27,3.6500e+27,2.0642e+29,8.9500e+27,7.2602e+08,5.1148e+06,1.4149e+09,1.3481e-10,1.1707e+07,9.5302e+04,3.2894e+05,3.2742e+05,61.3,38.2,0.1,0.3,2.3635e+30,2.3358e+30,2.5540e+28,2.1700e+27,4.9665e+27,0.0000e+00,98.8,1.1,0.1
215,2.2994e+30,1.4210e+30,8.6816e+29,3.2500e+27,7.0300e+27,1.1732e+30,2.4780e+29,6.7272e+29,1.9544e+29,2.0600e+27,1.1900e+27,3.7200e+27,3.3100e+27,2.1246e+29,9.9500e+27,7.3402e+08,2.6268e+06,1.4024e+09,9.0459e-14,1.1231e+07,8.7876e+04,3.3052e+05,3.2895e+05,61.8,37.8,0.1,0.3,2.3005e+30,2.2728e+30,2.5350e+28,2.3600e+27,5.0323e+27,0.0000e+00,98.8,1.1,0.1
216,2.2310e+30,1.3875e+30,8.3355e+29,2.9000e+27,7.0200e+27,1.1504e+30,2.3716e+29,6.4974e+29,1.8381e+29,2.0500e+27,8.5000e+26,3.6100e+27,3.4100e+27,1.9412e+29,7.0000e+27,7.3388e+08,7.1918e+03,1.1097e+09,1.0132e-20,1.2159e+07,8.1836e+04,3.3213e+05,3.3052e+05,62.2,37.4,0.1,0.3,2.2314e+30,2.2046e+30,2.4350e+28,2.4900e+27,5.0828e+27,0.0000e+00,98.8,1.1,0.1
217,2.1559e+30,1.3435e+30,8.0245e+29,2.9300e+27,7.1000e+27,1.1059e+30,2.3758e+29,6.0765e+29,1.9480e+29,1.9900e+27,9.4000e+26,3.8300e+27,3.2700e+27,1.9077e+29,6.6200e+27,7.3813e+08,1.1341e+06,1.3523e+09,1.0016e-20,1.2149e+07,7.4709e+04,3.3377e+05,3.3213e+05,62.3,37.2,0.1,0.3,2.1580e+30,2.1313e+30,2.4340e+28,2.3700e+27,5.1351e+27,0.0000e+00,98.8,1.1,0.1
218,2.1128e+30,1.3241e+30,7.7909e+29,2.5400e+27,7.1300e+27,1.0971e+30,2.2691e+29,5.9930e+29,1.7979e+29,1.6100e+27,9.3000e+26,3.6600e+27,3.4700e+27,2.0094e+29,6.9600e+27,7.4436e+08,6.9505e+06,1.2666e+09,1.6964e-12,1.1714e+07,7.7021e+04,3.3547e+05,3.3378e+05,62.7,36.9,0.1,0.3,2.1129e+30,2.0876e+30,2.2730e+28,2.5600e+27,5.2080e+27,0.0000e+00,98.8,1.1,0.1
219,2.0692e+30,1.3021e+30,7.5748e+29,2.6600e+27,7.0300e+27,1.0858e+30,2.1622e+29,5.9030e+29,1.6718e+29,1.5400e+27,1.1200e+27,3.5900e+27,3.4400e+27,2.1598e+29,1.0160e+28,7.5049e+08,4.8420e+06,1.2156e+09,1.7730e-10,1.1285e+07,6.0653e+04,3.3720e+05,3.3547e+05,62.9,36.6,0.1,0.3,2.0700e+30,2.0445e+30,2.2430e+28,3.0400e+27,5.2837e+27,0.0000e+00,98.8,1.1,0.1
220,1.9971e+30,1.2635e+30,7.2375e+29,2.9000e+27,7.0100e+27,1.0636e+30,1.9989e+29,5.7044e+29,1.5331e+29,1.8900e+27,1.0100e+27,3.4600e+27,3.5500e+27,2.1736e+29,1.1160e+28,7.5182e+08,2.5943e+06,1.1603e+09,1.8640e-13,1.0802e+07,5.8908e+04,3.3898e+05,3.3721e+05,63.3,36.2,0.1,0.4,1.9981e+30,1.9723e+30,2.2790e+28,3.0700e+27,5.3430e+27,0.0000e+00,98.7,1.1,0.2
221,1.9346e+30,1.2356e+30,6.8965e+29,2.3800e+27,7.0400e+27,1.0467e+30,1.8889e+29,5.5315e+29,1.3650e+29,1.6000e+27,7.8000e+26,3.4600e+27,3.5800e+27,1.9899e+29,8.0100e+27,7.5185e+08,5.0460e+04,1.2812e+09,1.0116e-20,1.0461e+07,4.3936e+04,3.4079e+05,3.3898e+05,63.9,35.6,0.1,0.4,1.9354e+30,1.9107e+30,2.1590e+28,3.0700e+27,5.4042e+27,0.0000e+00,98.7,1.1,0.2
222,1.8891e+30,1.2104e+30,6.6914e+29,2.5200e+27,7.0000e+27,1.0175e+30,1.9289e+29,5.2091e+29,1.4823e+29,1.8400e+27,6.8000e+26,3.8200e+27,3.1800e+27,1.9766e+29,7.0900e+27,7.5557e+08,2.0125e+03,1.1263e+09,1.0069e-20,1.2057e+07,4.4375e+04,3.4265e+05,3.4080e+05,64.1,35.4,0.1,0.4,1.8897e+30,1.8647e+30,2.1710e+28,3.3000e+27,5.4874e+27,0.0000e+00,98.7,1.1,0.2
223,1.8341e+30,1.1799e+30,6.4467e+29,2.5800e+27,6.9700e+27,9.9880e+29,1.8111e+29,5.0631e+29,1.3836e+29,1.7900e+27,7.9000e+26,3.2400e+27,3.7300e+27,2.0493e+29,8.0300e+27,7.7008e+08,5.5171e+06,1.5196e+09,7.9326e-13,1.1668e+07,4.3154e+04,3.4455e+05,3.4265e+05,64.3,35.1,0.1,0.4,1.8350e+30,1.8105e+30,2.0460e+28,4.0500e+27,5.5737e+27,0.0000e+00,98.7,1.1,0.2
224,1.7728e+30,1.1550e+30,6.0867e+29,2.1700e+27,7.0100e+27,9.8330e+29,1.7168e+29,4.8476e+29,1.2391e+29,1.5500e+27,6.2000e+26,3.7200e+27,3.2900e+27,2.1771e+29,1.0340e+28,7.8116e+08,5.2247e+06,1.2773e+09,8.5585e-10,1.1244e+07,3.8491e+04,3.4648e+05,3.4455e+05,65.1,34.3,0.1,0.4,1.7742e+30,1.7499e+30,2.0370e+28,3.8800e+27,5.6212e+27,0.0000e+00,98.6,1.1,0.2
225,1.7526e+30,1.1410e+30,6.0226e+29,2.1100e+27,7.2200e+27,9.7812e+29,1.6287e+29,4.8206e+29,1.2020e+29,1.4400e+27,6.7000e+26,3.5700e+27,3.6500e+27,2.2797e+29,1.2010e+28,7.9817e+08,3.2090e+06,1.1420e+09,3.6852e-12,1.0627e+07,3.5559e+04,3.4845e+05,3.4648e+05,65.1,34.4,0.1,0.4,1.7527e+30,1.7292e+30,1.9300e+28,4.2300e+27,5.7121e+27,0.0000e+00,98.7,1.1,0.2
226,1.7058e+30,1.1156e+30,5.8120e+29,1.9400e+27,7.0400e+27,9.6035e+29,1.5523e+29,4.6874e+29,1.1246e+29,1.2700e+27,6.7000e+26,3.3500e+27,3.6900e+27,2.0907e+29,8.9500e+27,8.0437e+08,9.4907e+05,1.1996e+09,1.5334e-17,1.0373e+07,3.6589e+04,3.5047e+05,3.4846e+05,65.4,34.1,0.1,0.4,1.7055e+30,1.6813e+30,1.9590e+28,4.5900e+27,5.8062e+27,0.0000e+00,98.6,1.1,0.3
227,1.6522e+30,1.0807e+30,5.6244e+29,1.9700e+27,7.0800e+27,9.2905e+29,1.5169e+29,4.5008e+29,1.1236e+29,1.2800e+27,6.9000e+26,3.5600e+27,3.5200e+27,1.9875e+29,7.9000e+27,8.1383e+08,2.8362e+03,1.1863e+09,1.0046e-20,1.2035e+07,2.9689e+04,3.5252e+05,3.5047e+05,65.4,34.0,0.1,0.4,1.6526e+30,1.6287e+30,1.9330e+28,4.6200e+27,5.8812e+27,0.0000e+00,98.6,1.2,0.3
228,1.6117e+30,1.0626e+30,5.4008e+29,2.0100e+27,7.0300e+27,9.1447e+29,1.4808e+29,4.3016e+29,1.0992e+29,1.4900e+27,5.2000e+26,3.5400e+27,3.4900e+27,2.0649e+29,8.1300e+27,8.2246e+08,4.5415e+06,1.2997e+09,3.3065e-15,1.1672e+07,3.0776e+04,3.5461e+05,3.5253e+05,65.9,33.5,0.1,0.4,1.6136e+30,1.5906e+30,1.8130e+28,4.8900e+27,5.9582e+27,0.0000e+00,98.6,1.1,0.3
229,1.5757e+30,1.0390e+30,5.2786e+29,1.7600e+27,7.0500e+27,8.9810e+29,1.4093e+29,4.2127e+29,1.0659e+29,1.2700e+27,4.9000e+26,3.4000e+27,3.6500e+27,2.1418e+29,9.8000e+27,8.2357e+08,4.4931e+06,1.2709e+09,6.2927e-11,1.1270e+07,3.3563e+04,3.5674e+05,3.5462e+05,65.9,33.5,0.1,0.4,1.5756e+30,1.5526e+30,1.7820e+28,5.1700e+27,6.0603e+27,0.0000e+00,98.5,1.1,0.3
230,1.5475e+30,1.0199e+30,5.1893e+29,1.6100e+27,7.0300e+27,8.8522e+29,1.3468e+29,4.1919e+29,9.9740e+28,1.1400e+27,4.7000e+26,3.5400e+27,3.4900e+27,2.2768e+29,1.2780e+28,8.1897e+08,3.3852e+06,1.2643e+09,1.9925e-10,1.0877e+07,2.8636e+04,3.5891e+05,3.5675e+05,65.9,33.5,0.1,0.5,1.5479e+30,1.5250e+30,1.7950e+28,4.9900e+27,6.1421e+27,0.0000e+00,98.5,1.2,0.3
231,1.5077e+30,9.9877e+29,5.0008e+29,1.6800e+27,7.1300e+27,8.7171e+29,1.2706e+29,4.0462e+29,9.5460e+28,1.1300e+27,5.5000e+26,3.6500e+27,3.4800e+27,2.2886e+29,1.2270e+28,8.2165e+08,2.1524e+06,1.2184e+09,4.5673e-13,1.0780e+07,2.6161e+04,3.6111e+05,3.5891e+05,66.2,33.2,0.1,0.5,1.5081e+30,1.4850e+30,1.7380e+28,5.7600e+27,6.2258e+27,0.0000e+00,98.5,1.2,0.4
232,1.4604e+30,9.7420e+29,4.7783e+29,1.4200e+27,6.9700e+27,8.5230e+29,1.2190e+29,3.8615e+29,9.1680e+28,9.5000e+26,4.7000e+26,3.2900e+27,3.6800e+27,2.0567e+29,9.0800e+27,8.1698e+08,3.7138e+05,1.1946e+09,1.2216e-20,1.0354e+07,2.7307e+04,3.6334e+05,3.6112e+05,66.7,32.7,0.1,0.5,1.4603e+30,1.4379e+30,1.6740e+28,5.6200e+27,6.3114e+27,0.0000e+00,98.5,1.1,0.4
233,1.4287e+30,9.4940e+29,4.7052e+29,1.7300e+27,7.0800e+27,8.2942e+29,1.1998e+29,3.7523e+29,9.5290e+28,1.0600e+27,6.7000e+26,3.5500e+27,3.5300e+27,2.0032e+29,8.3600e+27,8.0941e+08,3.8653e+03,1.0091e+09,1.0192e-20,1.0879e+07,2.0844e+04,3.6562e+05,3.6335e+05,66.5,32.9,0.1,0.5,1.4293e+30,1.4073e+30,1.6040e+28,5.9500e+27,6.4241e+27,0.0000e+00,98.5,1.1,0.4
234,1.4020e+30,9.3760e+29,4.5590e+29,1.5800e+27,6.9500e+27,8.2041e+29,1.1719e+29,3.6248e+29,9.3420e+28,1.1000e+27,4.8000e+26,3.4200e+27,3.5300e+27,2.1153e+29,8.6300e+27,8.1088e+08,3.1961e+06,1.0420e+09,4.5712e-14,1.0416e+07,2.4646e+04,3.6793e+05,3.6563e+05,66.9,32.5,0.1,0.5,1.4030e+30,1.3808e+30,1.6090e+28,6.1900e+27,6.5145e+27,0.0000e+00,98.4,1.1,0.4
235,1.3697e+30,9.1776e+29,4.4360e+29,1.3000e+27,7.0600e+27,8.0579e+29,1.1197e+29,3.5722e+29,8.6380e+28,9.1000e+26,3.9000e+26,3.6100e+27,3.4500e+27,2.1522e+29,1.1200e+28,8.1222e+08,2.8495e+06,1.1901e+09,1.5484e-10,9.7151e+06,2.0859e+04,3.7028e+05,3.6794e+05,67.0,32.4,0.1,0.5,1.3705e+30,1.3485e+30,1.5850e+28,6.2300e+27,6.6332e+27,0.0000e+00,98.4,1.2,0.5
236,1.3379e+30,9.0141e+29,4.2799e+29,1.4800e+27,7.0200e+27,7.9507e+29,1.0634e+29,3.4278e+29,8.5210e+28,9.1000e+26,5.7000e+26,3.6200e+27,3.4000e+27,2.3176e+29,1.3920e+28,8.1099e+08,2.3333e+06,1.1967e+09,4.2502e-10,9.6917e+06,1.9901e+04,3.7267e+05,3.7029e+05,67.4,32.0,0.1,0.5,1.3373e+30,1.3153e+30,1.5820e+28,6.2200e+27,6.7285e+27,0.0000e+00,98.4,1.2,0.5
237,1.3079e+30,8.8301e+29,4.1669e+29,1.2500e+27,6.9100e+27,7.8084e+29,1.0217e+29,3.3595e+29,8.0740e+28,8.7000e+26,3.8000e+26,3.4600e+27,3.4500e+27,2.3553e+29,1.2200e+28,8.0723e+08,1.9857e+06,1.0448e+09,2.5138e-12,9.2415e+06,1.4090e+04,3.7508e+05,3.7268e+05,67.5,31.9,0.1,0.5,1.3087e+30,1.2866e+30,1.5750e+28,6.4200e+27,6.8256e+27,0.0000e+00,98.3,1.2,0.5
238,1.2693e+30,8.5692e+29,4.0412e+29,1.2200e+27,7.0200e+27,7.6257e+29,9.4350e+28,3.2932e+29,7.4800e+28,7.5000e+26,4.7000e+26,3.3100e+27,3.7100e+27,2.1196e+29,9.4300e+27,8.0558e+08,7.1544e+05,1.1923e+09,5.9454e-17,9.0625e+06,1.1976e+04,3.7753e+05,3.7509e+05,67.5,31.8,0.1,0.6,1.2693e+30,1.2467e+30,1.5560e+28,6.9800e+27,6.9245e+27,0.0000e+00,98.2,1.2,0.5
239,1.2592e+30,8.4539e+29,4.0562e+29,1.1800e+27,7.0400e+27,7.4960e+29,9.5790e+28,3.2281e+29,8.2810e+28,8.5000e+26,3.3000e+26,3.4700e+27,3.5700e+27,2.0507e+29,8.3300e+27,8.1341e+08,2.7707e+03,1.2152e+09,1.0098e-20,1.0321e+07,1.3932e+04,3.8002e+05,3.7754e+05,67.1,32.2,0.1,0.6,1.2595e+30,1.2370e+30,1.5390e+28,7.1000e+27,7.0540e+27,0.0000e+00,98.2,1.2,0.6
240,1.2283e+30,8.2899e+29,3.9122e+29,1.1600e+27,6.9700e+27,7.3335e+29,9.5640e+28,3.0790e+29,8.3320e+28,7.6000e+26,4.0000e+26,3.5100e+27,3.4600e+27,2.1174e+29,8.5400e+27,8.1519e+08,1.9941e+06,8.8919e+08,1.8177e-16,1.0110e+07,1.8678e+04,3.8254e+05,3.8003e+05,67.5,31.8,0.1,0.6,1.2289e+30,1.2066e+30,1.5410e+28,6.9000e+27,7.1577e+27,0.0000e+00,98.2,1.3,0.6
241,1.2020e+30,8.1187e+29,3.8203e+29,1.0700e+27,6.9900e+27,7.2052e+29,9.1350e+28,3.0700e+29,7.5030e+28,7.3000e+26,3.4000e+26,3.5000e+27,3.4900e+27,2.1398e+29,1.0910e+28,8.1242e+08,2.3498e+06,1.0201e+09,1.3062e-11,9.7567e+06,1.8514e+04,3.8508e+05,3.8255e+05,67.5,31.8,0.1,0.6,1.2010e+30,1.1791e+30,1.4570e+28,7.4100e+27,7.2632e+27,0.0000e+00,98.2,1.2,0.6
242,1.1843e+30,8.0027e+29,3.7595e+29,1.0300e+27,7.0000e+27,7.1084e+29,8.9430e+28,2.9865e+29,7.7300e+28,6.3000e+26,4.0000e+26,3.3900e+27,3.6100e+27,2.2549e+29,1.2360e+28,8.1251e+08,2.4310e+06,1.1209e+09,2.4511e-09,9.5655e+06,1.4520e+04,3.8767e+05,3.8509e+05,67.6,31.7,0.1,0.6,1.1856e+30,1.1645e+30,1.3730e+28,7.3700e+27,7.4012e+27,0.0000e+00,98.2,1.2,0.6
243,1.1586e+30,7.8710e+29,3.6351e+29,1.0200e+27,6.9400e+27,7.0428e+29,8.2820e+28,2.8757e+29,7.5940e+28,6.7000e+26,3.5000e+26,3.2700e+27,3.6700e+27,2.3561e+29,1.3340e+28,8.1280e+08,2.3867e+06,1.0355e+09,3.1479e-10,9.1448e+06,1.5034e+04,3.9029e+05,3.8768e+05,67.9,31.4,0.1,0.6,1.1593e+30,1.1373e+30,1.4530e+28,7.4700e+27,7.5113e+27,0.0000e+00,98.1,1.3,0.6
244,1.1273e+30,7.6496e+29,3.5440e+29,9.3000e+26,6.9900e+27,6.8526e+29,7.9700e+28,2.8138e+29,7.3020e+28,6.0000e+26,3.3000e+26,3.3900e+27,3.6000e+27,2.3528e+29,1.2680e+28,8.1335e+08,1.5082e+06,1.2892e+09,2.0780e-12,8.5830e+06,1.5300e+04,3.9293e+05,3.9030e+05,67.9,31.4,0.1,0.6,1.1276e+30,1.1075e+30,1.2930e+28,7.1100e+27,7.6230e+27,0.0000e+00,98.2,1.1,0.6
245,1.1034e+30,7.4635e+29,3.4915e+29,9.6000e+26,6.9500e+27,6.6951e+29,7.6840e+28,2.7463e+29,7.4520e+28,6.0000e+26,3.6000e+26,3.4700e+27,3.4800e+27,2.0956e+29,9.8400e+27,8.1480e+08,5.9930e+05,1.0039e+09,8.2941e-17,8.3120e+06,1.4796e+04,3.9560e+05,3.9294e+05,67.6,31.6,0.1,0.6,1.1034e+30,1.0821e+30,1.3510e+28,7.8100e+27,7.7363e+27,0.0000e+00,98.1,1.2,0.7
246,1.0811e+30,7.3494e+29,3.3840e+29,7.7000e+26,6.9600e+27,6.5738e+29,7.7560e+28,2.6328e+29,7.5120e+28,5.0000e+26,2.7000e+26,3.5800e+27,3.3800e+27,2.0597e+29,9.0900e+27,8.1265e+08,3.1158e+03,1.3190e+09,1.0378e-20,9.3530e+06,1.0882e+04,3.9830e+05,3.9561e+05,68.0,31.3,0.1,0.6,1.0825e+30,1.0607e+30,1.3540e+28,8.2000e+27,7.8849e+27,0.0000e+00,98.0,1.3,0.8
247,1.0586e+30,7.1862e+29,3.3211e+29,9.2000e+26,6.9600e+27,6.4297e+29,7.5650e+28,2.5602e+29,7.6090e+28,6.5000e+26,2.7000e+26,3.4800e+27,3.4800e+27,2.0850e+29,9.8600e+27,8.2156e+08,2.3939e+06,1.5078e+09,3.0673e-17,9.1737e+06,1.1947e+04,4.0103e+05,3.9831e+05,67.9,31.4,0.1,0.7,1.0586e+30,1.0382e+30,1.2840e+28,7.6200e+27,8.0026e+27,0.0000e+00,98.1,1.2,0.7
248,1.0415e+30,7.0835e+29,3.2546e+29,7.2000e+26,7.0200e+27,6.3191e+29,7.6440e+28,2.4740e+29,7.8060e+28,5.1000e+26,2.1000e+26,3.3600e+27,3.6600e+27,2.1253e+29,1.1430e+28,8.2500e+08,2.1527e+06,1.1955e+09,3.9912e-12,8.7737e+06,1.2338e+04,4.0380e+05,4.0105e+05,68.0,31.2,0.1,0.7,1.0418e+30,1.0212e+30,1.2880e+28,7.7600e+27,8.1573e+27,0.0000e+00,98.0,1.2,0.7
249,1.0199e+30,6.9145e+29,3.2056e+29,9.3000e+26,6.9300e+27,6.2105e+29,7.0400e+28,2.4954e+29,7.1020e+28,6.7000e+26,2.6000e+26,3.3600e+27,3.5700e+27,2.1892e+29,1.2870e+28,8.2849e+08,2.3254e+06,8.4900e+08,8.3432e-10,8.3489e+06,1.1255e+04,4.0658e+05,4.0381e+05,67.8,31.4,0.1,0.7,1.0203e+30,9.9921e+29,1.2680e+28,8.4000e+27,8.2429e+27,0.0000e+00,97.9,1.2,0.8
250,1.0046e+30,6.8128e+29,3.1552e+29,8.8000e+26,6.9300e+27,6.1301e+29,6.8270e+28,2.4434e+29,7.1180e+28,6.2000e+26,2.6000e+26,3.2700e+27,3.6600e+27,2.3179e+29,1.3880e+28,8.3040e+08,2.3173e+06,1.1741e+09,7.1521e-09,8.1724e+06,1.2675e+04,4.0940e+05,4.0659e+05,67.8,31.4,0.1,0.7,1.0046e+30,9.8346e+29,1.2610e+28,8.5300e+27,8.4017e+27,0.0000e+00,97.9,1.3,0.8
251,9.8470e+29,6.6638e+29,3.1067e+29,6.8000e+26,6.9700e+27,5.9863e+29,6.7750e+28,2.3785e+29,7.2820e+28,4.6000e+26,2.2000e+26,3.6700e+27,3.3000e+27,2.3366e+29,1.2800e+28,8.3179e+08,1.8725e+06,9.0742e+08,2.6402e-10,7.8107e+06,1.1993e+04,4.1224e+05,4.0941e+05,67.7,31.5,0.1,0.7,9.8391e+29,9.6328e+29,1.2190e+28,8.4400e+27,8.5643e+27,0.0000e+00,97.9,1.2,0.9
252,9.6529e+29,6.5493e+29,3.0279e+29,6.3000e+26,6.9400e+27,5.8961e+29,6.5320e+28,2.3500e+29,6.7790e+28,4.4000e+26,1.9000e+26,3.5600e+27,3.3800e+27,2.3111e+29,1.2610e+28,8.3354e+08,1.1891e+06,1.1719e+09,2.0302e-12,7.4561e+06,1.4588e+04,4.1511e+05,4.1226e+05,67.8,31.4,0.1,0.7,9.6603e+29,9.4520e+29,1.2180e+28,8.6500e+27,8.6916e+27,0.0000e+00,97.8,1.3,0.9
253,9.5546e+29,6.4038e+29,3.0755e+29,6.0000e+26,6.9300e+27,5.7863e+29,6.1750e+28,2.3808e+29,6.9470e+28,3.7000e+26,2.3000e+26,3.5100e+27,3.4200e+27,2.0693e+29,1.0220e+28,8.4202e+08,4.9636e+05,1.2193e+09,1.5933e-16,6.9703e+06,7.1925e+03,4.1800e+05,4.1513e+05,67.0,32.2,0.1,0.7,9.5510e+29,9.3393e+29,1.2990e+28,8.1800e+27,8.8199e+27,0.0000e+00,97.8,1.4,0.9
254,9.3486e+29,6.2003e+29,3.0728e+29,5.1000e+26,7.0400e+27,5.6044e+29,5.9590e+28,2.3362e+29,7.3660e+28,3.2000e+26,1.9000e+26,3.6400e+27,3.4000e+27,1.9666e+29,9.1900e+27,8.4908e+08,3.1719e+03,1.1086e+09,1.0221e-20,7.8611e+06,1.5466e+04,4.2091e+05,4.1802e+05,66.3,32.9,0.1,0.8,9.3514e+29,9.1503e+29,1.1500e+28,8.6100e+27,8.9491e+27,0.0000e+00,97.8,1.2,0.9
255,9.2509e+29,6.1595e+29,3.0152e+29,6.8000e+26,6.9400e+27,5.5327e+29,6.2680e+28,2.2287e+29,7.8650e+28,4.3000e+26,2.5000e+26,3.5200e+27,3.4200e+27,2.0383e+29,1.1130e+28,8.5596e+08,2.5700e+06,9.4676e+08,2.6745e-18,7.8408e+06,1.2822e+04,4.2385e+05,4.2093e+05,66.6,32.6,0.1,0.8,9.2610e+29,9.0535e+29,1.1760e+28,8.9900e+27,9.1210e+27,0.0000e+00,97.8,1.3,1.0
256,9.0608e+29,6.0532e+29,2.9318e+29,6.5000e+26,6.9300e+27,5.4551e+29,5.9810e+28,2.2111e+29,7.2070e+28,3.9000e+26,2.6000e+26,3.4700e+27,3.4600e+27,2.0981e+29,1.2800e+28,8.5771e+08,1.6543e+06,9.3134e+08,1.0585e-12,7.5628e+06,1.3051e+04,4.2682e+05,4.2387e+05,66.8,32.4,0.1,0.8,9.0626e+29,8.8633e+29,1.1420e+28,8.5100e+27,9.2965e+27,0.0000e+00,97.8,1.3,0.9
257,8.9700e+29,5.9772e+29,2.9173e+29,5.6000e+26,6.9900e+27,5.3762e+29,6.0100e+28,2.1316e+29,7.8570e+28,3.5000e+26,2.1000e+26,3.3400e+27,3.6500e+27,2.1456e+29,1.4160e+28,8.5783e+08,1.5529e+06,1.2941e+09,2.6781e-10,7.2026e+06,1.0933e+04,4.2981e+05,4.2684e+05,66.6,32.5,0.1,0.8,8.9696e+29,8.7644e+29,1.1270e+28,9.2500e+27,9.4318e+27,0.0000e+00,97.7,1.3,1.0
258,8.8064e+29,5.8582e+29,2.8718e+29,6.2000e+26,7.0200e+27,5.2833e+29,5.7490e+28,2.0921e+29,7.7970e+28,4.4000e+26,1.8000e+26,3.3800e+27,3.6400e+27,2.1847e+29,1.3370e+28,8.5696e+08,1.0623e+06,1.2063e+09,9.3893e-09,7.1410e+06,7.7908e+03,4.3282e+05,4.2983e+05,66.5,32.6,0.1,0.8,8.8008e+29,8.5968e+29,1.1330e+28,9.0700e+27,9.5675e+27,0.0000e+00,97.7,1.3,1.0
259,8.5610e+29,5.7108e+29,2.7745e+29,6.2000e+26,6.9500e+27,5.1287e+29,5.8210e+28,2.0121e+29,7.6240e+28,4.4000e+26,1.8000e+26,3.5400e+27,3.4100e+27,2.2726e+29,1.3730e+28,8.5589e+08,1.8315e+06,9.8336e+08,9.0556e-09,6.9717e+06,1.1149e+04,4.3583e+05,4.3283e+05,66.7,32.4,0.1,0.8,8.5648e+29,8.3641e+29,1.0500e+28,9.5700e+27,9.7036e+27,0.0000e+00,97.7,1.2,1.1
260,8.4815e+29,5.6017e+29,2.8056e+29,5.4000e+26,6.8800e+27,5.0448e+29,5.5690e+28,2.0090e+29,7.9660e+28,3.6000e+26,1.8000e+26,3.5400e+27,3.3400e+27,2.2775e+29,1.3340e+28,8.4956e+08,1.9870e+06,9.2592e+08,5.8513e-10,6.7969e+06,1.1337e+04,4.3888e+05,4.3585e+05,66.0,33.1,0.1,0.8,8.4860e+29,8.2943e+29,1.0090e+28,9.0800e+27,9.8871e+27,0.0000e+00,97.7,1.2,1.1
261,8.3698e+29,5.5078e+29,2.7877e+29,5.6000e+26,6.8700e+27,4.9484e+29,5.5940e+28,2.0056e+29,7.8210e+28,3.3000e+26,2.3000e+26,3.4200e+27,3.4500e+27,2.2622e+29,1.3840e+28,8.4857e+08,1.4083e+06,9.8651e+08,1.4544e-11,6.2729e+06,1.2697e+04,4.4195e+05,4.3889e+05,65.8,33.3,0.1,0.8,8.3717e+29,8.1749e+29,1.0840e+28,8.8400e+27,1.0074e+28,0.0000e+00,97.6,1.3,1.1
262,8.1497e+29,5.3618e+29,2.7138e+29,4.5000e+26,6.9600e+27,4.8350e+29,5.2680e+28,1.9699e+29,7.4390e+28,3.0000e+26,1.5000e+26,3.1500e+27,3.8100e+27,2.0327e+29,1.0830e+28,8.5176e+08,8.1208e+05,9.6949e+08,4.2730e-14,5.9771e+06,1.1057e+04,4.4503e+05,4.4196e+05,65.8,33.3,0.1,0.9,8.1563e+29,7.9517e+29,1.0580e+28,9.8800e+27,1.0215e+28,0.0000e+00,97.5,1.3,1.2
263,8.1100e+29,5.2787e+29,2.7583e+29,5.3000e+26,6.7700e+27,4.7520e+29,5.2670e+28,1.9687e+29,7.8960e+28,3.1000e+26,2.2000e+26,3.3500e+27,3.4200e+27,1.9624e+29,1.0500e+28,8.5450e+08,1.8530e+05,1.0697e+09,1.7763e-20,5.7863e+06,8.2796e+03,4.4812e+05,4.4504e+05,65.1,34.0,0.1,0.8,8.1031e+29,7.9050e+29,1.0830e+28,8.9800e+27,1.0356e+28,0.0000e+00,97.6,1.3,1.1
264,7.9084e+29,5.1570e+29,2.6766e+29,6.0000e+26,6.8800e+27,4.6247e+29,5.3230e+28,1.8925e+29,7.8410e+28,4.6000e+26,1.4000e+26,3.3700e+27,3.5100e+27,1.9524e+29,1.0920e+28,8.5203e+08,3.3949e+02,1.1693e+09,1.0088e-20,7.1906e+06,8.8452e+03,4.5123e+05,4.4814e+05,65.2,33.8,0.1,0.9,7.9120e+29,7.7152e+29,1.0300e+28,9.3800e+27,1.0548e+28,0.0000e+00,97.5,1.3,1.2
265,7.7572e+29,5.0705e+29,2.6131e+29,5.1000e+26,6.8500e+27,4.5299e+29,5.4060e+28,1.8238e+29,7.8930e+28,3.6000e+26,1.5000e+26,3.1800e+27,3.6700e+27,1.9769e+29,1.2540e+28,8.5036e+08,1.3044e+06,9.4389e+08,4.4488e-16,6.8812e+06,9.6411e+03,4.5436e+05,4.5125e+05,65.4,33.7,0.1,0.9,7.7680e+29,7.5755e+29,1.0020e+28,9.2300e+27,1.0690e+28,0.0000e+00,97.5,1.3,1.2
266,7.5843e+29,4.9869e+29,2.5231e+29,5.0000e+26,6.9300e+27,4.4687e+29,5.1820e+28,1.7770e+29,7.4610e+28,2.7000e+26,2.3000e+26,3.5100e+27,3.4200e+27,2.0326e+29,1.3600e+28,8.4988e+08,1.3627e+06,9.9655e+08,2.3764e-12,6.5867e+06,7.6344e+03,4.5750e+05,4.5437e+05,65.8,33.3,0.1,0.9,7.5734e+29,7.3728e+29,1.0580e+28,9.4800e+27,1.0886e+28,0.0000e+00,97.4,1.4,1.3
267,7.5280e+29,4.9238e+29,2.5313e+29,3.6000e+26,6.9300e+27,4.4192e+29,5.0460e+28,1.7549e+29,7.7640e+28,2.0000e+26,1.6000e+26,3.1100e+27,3.8200e+27,2.0402e+29,1.3060e+28,8.4806e+08,1.4460e+06,9.3989e+08,2.3403e-10,6.1598e+06,8.6223e+03,4.6066e+05,4.5752e+05,65.4,33.6,0.0,0.9,7.5299e+29,7.3279e+29,1.0210e+28,9.9900e+27,1.1085e+28,0.0000e+00,97.3,1.4,1.3
268,7.3846e+29,4.8038e+29,2.5064e+29,5.2000e+26,6.9200e+27,4.3179e+29,4.8590e+28,1.7160e+29,7.9040e+28,3.3000e+26,1.9000e+26,3.4100e+27,3.5100e+27,2.0401e+29,1.2540e+28,8.4203e+08,1.4344e+06,1.0637e+09,5.3879e-09,5.5161e+06,7.9235e+03,4.6383e+05,4.6068e+05,65.1,33.9,0.1,0.9,7.3962e+29,7.2006e+29,1.0030e+28,9.5300e+27,1.1230e+28,0.0000e+00,97.4,1.4,1.3
269,7.2874e+29,4.6869e+29,2.5282e+29,4.9000e+26,6.7400e+27,4.2052e+29,4.8170e+28,1.6930e+29,8.3520e+28,3.5000e+26,1.4000e+26,3.3900e+27,3.3500e+27,2.0990e+29,1.3030e+28,8.3375e+08,1.3542e+06,1.2316e+09,5.7319e-08,5.3493e+06,6.5725e+03,4.6700e+05,4.6385e+05,64.3,34.7,0.1,0.9,7.2763e+29,7.0858e+29,9.9200e+27,9.1300e+27,1.1374e+28,0.0000e+00,97.4,1.4,1.3
270,7.2254e+29,4.6438e+29,2.5063e+29,5.0000e+26,7.0300e+27,4.1577e+29,4.8610e+28,1.7235e+29,7.8280e+28,2.8000e+26,2.2000e+26,3.2300e+27,3.8000e+27,2.1681e+29,1.3360e+28,8.2537e+08,1.3244e+06,1.0004e+09,2.0271e-08,5.0806e+06,7.6209e+03,4.7020e+05,4.6702e+05,64.3,34.7,0.1,1.0,7.2289e+29,7.0350e+29,9.3600e+27,1.0030e+28,1.1635e+28,0.0000e+00,97.3,1.3,1.4
271,7.1677e+29,4.5355e+29,2.5580e+29,4.8000e+26,6.9400e+27,4.0581e+29,4.7740e+28,1.7409e+29,8.1710e+28,3.3000e+26,1.5000e+26,3.5500e+27,3.3900e+27,2.1338e+29,1.4190e+28,8.2025e+08,2.0095e+06,9.7780e+08,2.7426e-09,4.7546e+06,9.5040e+03,4.7339e+05,4.7022e+05,63.3,35.7,0.1,1.0,7.1783e+29,6.9826e+29,9.5100e+27,1.0060e+28,1.1721e+28,0.0000e+00,97.3,1.3,1.4
272,7.2102e+29,4.4800e+29,2.6556e+29,4.8000e+26,6.9800e+27,4.0111e+29,4.6890e+28,1.7950e+29,8.6060e+28,2.7000e+26,2.1000e+26,3.4600e+27,3.5200e+27,2.1807e+29,1.5310e+28,8.1553e+08,1.6919e+06,8.6059e+08,2.2901e-10,4.5441e+06,8.5623e+03,4.7661e+05,4.7341e+05,62.1,36.8,0.1,1.0,7.2075e+29,7.0089e+29,9.9700e+27,9.8900e+27,1.1987e+28,0.0000e+00,97.2,1.4,1.4
273,6.9914e+29,4.3611e+29,2.5578e+29,4.2000e+26,6.8300e+27,3.9033e+29,4.5780e+28,1.7464e+29,8.1140e+28,2.7000e+26,1.5000e+26,3.3800e+27,3.4500e+27,2.0237e+29,1.3200e+28,8.1519e+08,1.4273e+06,1.1714e+09,9.4959e-12,4.4286e+06,8.0820e+03,4.7982e+05,4.7662e+05,62.4,36.6,0.1,1.0,6.9932e+29,6.8045e+29,9.4800e+27,9.3900e+27,1.2133e+28,0.0000e+00,97.3,1.4,1.3
274,6.8661e+29,4.2368e+29,2.5567e+29,4.0000e+26,6.8600e+27,3.7912e+29,4.4560e+28,1.7163e+29,8.4040e+28,3.3000e+26,7.0000e+25,3.2200e+27,3.6400e+27,1.8738e+29,1.1530e+28,8.1126e+08,9.5274e+05,1.2368e+09,9.1021e-14,4.1386e+06,1.0471e+04,4.8303e+05,4.7984e+05,61.7,37.2,0.1,1.0,6.8722e+29,6.6934e+29,8.8300e+27,9.0500e+27,1.2277e+28,0.0000e+00,97.4,1.3,1.3
275,6.8888e+29,4.2237e+29,2.5938e+29,1.9000e+26,6.9400e+27,3.7686e+29,4.5510e+28,1.7426e+29,8.5120e+28,1.1000e+26,8.0000e+25,3.4700e+27,3.4700e+27,1.8592e+29,1.1160e+28,8.0875e+08,4.2954e+05,8.5497e+08,1.6519e-17,4.0595e+06,1.2763e+04,4.8627e+05,4.8305e+05,61.3,37.7,0.0,1.0,6.8806e+29,6.6915e+29,9.8100e+27,9.1000e+27,1.2551e+28,0.0000e+00,97.3,1.4,1.3
276,6.7977e+29,4.0975e+29,2.6284e+29,3.4000e+26,6.8400e+27,3.6424e+29,4.5510e+28,1.6674e+29,9.6100e+28,2.4000e+26,1.0000e+26,3.4600e+27,3.3800e+27,1.7991e+29,1.1920e+28,8.1636e+08,3.0951e+01,1.4881e+09,1.0103e-20,5.4127e+06,7.9690e+03,4.8950e+05,4.8629e+05,60.3,38.7,0.1,1.0,6.7955e+29,6.6022e+29,9.4700e+27,9.8600e+27,1.2696e+28,0.0000e+00,97.2,1.4,1.5
277,6.5859e+29,4.0010e+29,2.5134e+29,3.4000e+26,6.8100e+27,3.5452e+29,4.5580e+28,1.5933e+29,9.2010e+28,2.1000e+26,1.3000e+26,3.4000e+27,3.4100e+27,1.7862e+29,1.3280e+28,8.2197e+08,1.2305e+06,1.1822e+09,1.0321e-20,5.2536e+06,5.9190e+03,4.9272e+05,4.8952e+05,60.8,38.2,0.1,1.0,6.5871e+29,6.4057e+29,8.8000e+27,9.3400e+27,1.2838e+28,0.0000e+00,97.2,1.3,1.4
278,6.5598e+29,3.9576e+29,2.5309e+29,2.7000e+26,6.8600e+27,3.4956e+29,4.6200e+28,1.5810e+29,9.4990e+28,1.7000e+26,1.0000e+26,3.4300e+27,3.4300e+27,1.8326e+29,1.3360e+28,8.2364e+08,1.7582e+06,1.0422e+09,1.2653e-14,4.8918e+06,8.6777e+03,4.9597e+05,4.9274e+05,60.3,38.6,0.0,1.0,6.5677e+29,6.3832e+29,8.8700e+27,9.5800e+27,1.3119e+28,0.0000e+00,97.2,1.4,1.5
279,6.5147e+29,3.9016e+29,2.5412e+29,3.2000e+26,6.8700e+27,3.4431e+29,4.5850e+28,1.5373e+29,1.0039e+29,1.8000e+26,1.4000e+26,3.2600e+27,3.6100e+27,1.8479e+29,1.1950e+28,8.2505e+08,1.6547e+06,1.1805e+09,3.9973e-12,4.5885e+06,9.1132e+03,4.9920e+05,4.9599e+05,59.9,39.0,0.0,1.1,6.5102e+29,6.3327e+29,8.8300e+27,8.9200e+27,1.3262e+28,0.0000e+00,97.3,1.4,1.4
280,6.4737e+29,3.8446e+29,2.5573e+29,3.6000e+26,6.8200e+27,3.3919e+29,4.5270e+28,1.5815e+29,9.7580e+28,1.9000e+26,1.7000e+26,3.4700e+27,3.3500e+27,1.8408e+29,1.1420e+28,8.2475e+08,1.1963e+06,8.7119e+08,1.5000e-10,4.4782e+06,6.9559e+03,5.0244e+05,4.9922e+05,59.4,39.5,0.1,1.1,6.4753e+29,6.2917e+29,9.4200e+27,8.9400e+27,1.3475e+28,0.0000e+00,97.2,1.5,1.4
281,6.4320e+29,3.7938e+29,2.5672e+29,2.2000e+26,6.8800e+27,3.3426e+29,4.5120e+28,1.5688e+29,9.9840e+28,1.4000e+26,8.0000e+25,3.4900e+27,3.3900e+27,1.8851e+29,1.1700e+28,8.2228e+08,1.4434e+06,1.1384e+09,2.0859e-09,4.2419e+06,8.3426e+03,5.0567e+05,5.0246e+05,59.0,39.9,0.0,1.1,6.4388e+29,6.2572e+29,9.1600e+27,9.0000e+27,1.3613e+28,0.0000e+00,97.2,1.4,1.4
282,6.3613e+29,3.7551e+29,2.5342e+29,3.3000e+26,6.8700e+27,3.3063e+29,4.4880e+28,1.5470e+29,9.8720e+28,1.6000e+26,1.7000e+26,3.7200e+27,3.1500e+27,1.8814e+29,1.1100e+28,8.2147e+08,1.2523e+06,8.9369e+08,1.6229e-08,3.9640e+06,1.2491e+04,5.0891e+05,5.0569e+05,59.0,39.8,0.1,1.1,6.3607e+29,6.1724e+29,9.3300e+27,9.5000e+27,1.3902e+28,0.0000e+00,97.0,1.5,1.5
283,6.1670e+29,3.6356e+29,2.4596e+29,3.1000e+26,6.8700e+27,3.2058e+29,4.2980e+28,1.5181e+29,9.4150e+28,2.0000e+26,1.1000e+26,3.3600e+27,3.5100e+27,1.8778e+29,1.1320e+28,8.1868e+08,1.3600e+06,1.1787e+09,8.7888e-08,3.7639e+06,8.6714e+03,5.1214e+05,5.0893e+05,59.0,39.9,0.1,1.1,6.1704e+29,5.9862e+29,9.0300e+27,9.3900e+27,1.4040e+28,0.0000e+00,97.0,1.5,1.5
284,6.2361e+29,3.6299e+29,2.5343e+29,2.9000e+26,6.9000e+27,3.1876e+29,4.4230e+28,1.5468e+29,9.8750e+28,1.5000e+26,1.4000e+26,3.5600e+27,3.3400e+27,1.9133e+29,1.2420e+28,8.1384e+08,1.1466e+06,1.4080e+09,2.8955e-07,3.6984e+06,7.7895e+03,5.1536e+05,5.1216e+05,58.2,40.6,0.0,1.1,6.2309e+29,6.0493e+29,8.9600e+27,9.2000e+27,1.4253e+28,0.0000e+00,97.1,1.4,1.5
285,6.1532e+29,3.5754e+29,2.5072e+29,2.7000e+26,6.7900e+27,3.1502e+29,4.2520e+28,1.5277e+29,9.7950e+28,1.1000e+26,1.6000e+26,3.5300e+27,3.2600e+27,1.9342e+29,1.3150e+28,8.0898e+08,1.0417e+06,9.6326e+08,1.0962e-07,3.5340e+06,5.2745e+03,5.1859e+05,5.1538e+05,58.1,40.7,0.0,1.1,6.1583e+29,5.9830e+29,8.9500e+27,8.5800e+27,1.4467e+28,0.0000e+00,97.2,1.5,1.4
286,6.0354e+29,3.4767e+29,2.4871e+29,2.6000e+26,6.9000e+27,3.0519e+29,4.2480e+28,1.5579e+29,9.2920e+28,1.3000e+26,1.3000e+26,3.2800e+27,3.6200e+27,1.8956e+29,1.2960e+28,8.0078e+08,1.2769e+06,1.0124e+09,3.4295e-08,3.4237e+06,9.0587e+03,5.2179e+05,5.1861e+05,57.6,41.2,0.0,1.1,6.0368e+29,5.8613e+29,8.4300e+27,9.1200e+27,1.4597e+28,0.0000e+00,97.1,1.4,1.5
287,6.0905e+29,3.4537e+29,2.5649e+29,3.3000e+26,6.8600e+27,3.0394e+29,4.1430e+28,1.5928e+29,9.7210e+28,1.9000e+26,1.4000e+26,3.4400e+27,3.4200e+27,1.9142e+29,1.3140e+28,7.9286e+08,1.5765e+06,1.4828e+09,9.3910e-09,3.2481e+06,1.0105e+04,5.2501e+05,5.2181e+05,56.7,42.1,0.1,1.1,6.0895e+29,5.9058e+29,9.2300e+27,9.1400e+27,1.4893e+28,0.0000e+00,97.0,1.5,1.5
288,6.0417e+29,3.3551e+29,2.6161e+29,2.0000e+26,6.8500e+27,2.9430e+29,4.1210e+28,1.6238e+29,9.9230e+28,9.0000e+25,1.1000e+26,3.3000e+27,3.5500e+27,1.8755e+29,1.3120e+28,7.8325e+08,1.0334e+06,1.1901e+09,2.2120e-09,3.2582e+06,8.0768e+03,5.2820e+05,5.2502e+05,55.5,43.3,0.0,1.1,6.0327e+29,5.8568e+29,8.8900e+27,8.7000e+27,1.5020e+28,0.0000e+00,97.1,1.5,1.4
289,6.0569e+29,3.3010e+29,2.6844e+29,2.6000e+26,6.8900e+27,2.8834e+29,4.1760e+28,1.5955e+29,1.0889e+29,1.6000e+26,1.0000e+26,3.4000e+27,3.4900e+27,1.8423e+29,1.2370e+28,7.7187e+08,1.2764e+06,1.0289e+09,4.2505e-10,3.1836e+06,6.0678e+03,5.3138e+05,5.2821e+05,54.5,44.3,0.0,1.1,6.0615e+29,5.8864e+29,8.6700e+27,8.8400e+27,1.5230e+28,0.0000e+00,97.1,1.4,1.5
290,5.9842e+29,3.2486e+29,2.6638e+29,2.9000e+26,6.8900e+27,2.8285e+29,4.2010e+28,1.5614e+29,1.1024e+29,1.9000e+26,1.0000e+26,3.4900e+27,3.4000e+27,1.7392e+29,1.1680e+28,7.7017e+08,1.6327e+06,1.1079e+09,6.1358e-11,3.1179e+06,9.4696e+03,5.3457e+05,5.3140e+05,54.3,44.5,0.0,1.2,5.9840e+29,5.8102e+29,8.9100e+27,8.4700e+27,1.5531e+28,0.0000e+00,97.1,1.5,1.4
291,5.7596e+29,3.1643e+29,2.5246e+29,2.1000e+26,6.8600e+27,2.7570e+29,4.0730e+28,1.5680e+29,9.5660e+28,1.5000e+26,6.0000e+25,3.3700e+27,3.4900e+27,1.6532e+29,1.1150e+28,7.6904e+08,1.3500e+06,1.0519e+09,6.0609e-12,2.7928e+06,7.8043e+03,5.3773e+05,5.3459e+05,54.9,43.8,0.0,1.2,5.7741e+29,5.6016e+29,9.2800e+27,7.9700e+27,1.5651e+28,0.0000e+00,97.0,1.6,1.4
292,5.7408e+29,3.1010e+29,2.5686e+29,2.9000e+26,6.8300e+27,2.6911e+29,4.0990e+28,1.5473e+29,1.0213e+29,1.6000e+26,1.3000e+26,3.4900e+27,3.3400e+27,1.5953e+29,1.1220e+28,7.6606e+08,1.2861e+06,1.1822e+09,3.2884e-13,2.5966e+06,8.2474e+03,5.4088e+05,5.3775e+05,54.0,44.7,0.1,1.2,5.7303e+29,5.5596e+29,8.9100e+27,8.1600e+27,1.5859e+28,0.0000e+00,97.0,1.6,1.4
293,5.5984e+29,2.9920e+29,2.5342e+29,3.5000e+26,6.8700e+27,2.5893e+29,4.0270e+28,1.5187e+29,1.0155e+29,2.1000e+26,1.4000e+26,3.6800e+27,3.1900e+27,1.5360e+29,1.0600e+28,7.6541e+08,1.0568e+06,1.0462e+09,6.2676e-15,2.4861e+06,8.7950e+03,5.4401e+05,5.4089e+05,53.4,45.3,0.1,1.2,5.6125e+29,5.4429e+29,8.8200e+27,8.1400e+27,1.6066e+28,0.0000e+00,97.0,1.6,1.5
294,5.6010e+29,2.9458e+29,2.5843e+29,2.2000e+26,6.8700e+27,2.5302e+29,4.1560e+28,1.5325e+29,1.0518e+29,1.5000e+26,7.0000e+25,3.4800e+27,3.3900e+27,1.5086e+29,1.1250e+28,7.6396e+08,6.0404e+05,9.9262e+08,1.2097e-17,2.5058e+06,7.8166e+03,5.4713e+05,5.4403e+05,52.6,46.1,0.0,1.2,5.5945e+29,5.4283e+29,8.2300e+27,8.3900e+27,1.6271e+28,0.0000e+00,97.0,1.5,1.5
295,5.5228e+29,2.8126e+29,2.6385e+29,2.7000e+26,6.9000e+27,2.4167e+29,3.9590e+28,1.5631e+29,1.0754e+29,1.4000e+26,1.3000e+26,3.4400e+27,3.4600e+27,1.4325e+29,1.0280e+28,7.5965e+08,7.7939e+04,9.9415e+08,1.0355e-20,2.4969e+06,1.0168e+04,5.5023e+05,5.4715e+05,50.9,47.8,0.0,1.2,5.5372e+29,5.3801e+29,8.1400e+27,7.5700e+27,1.6475e+28,0.0000e+00,97.2,1.5,1.4
296,5.5632e+29,2.7909e+29,2.7004e+29,3.4000e+26,6.8500e+27,2.3649e+29,4.2600e+28,1.4801e+29,1.2203e+29,2.3000e+26,1.1000e+26,3.4200e+27,3.4300e+27,1.4199e+29,9.7100e+27,7.5329e+08,1.2468e+03,1.0031e+09,1.0195e-20,2.8500e+06,7.2493e+03,5.5332e+05,5.5025e+05,50.2,48.5,0.1,1.2,5.5458e+29,5.3885e+29,8.4600e+27,7.2700e+27,1.6677e+28,0.0000e+00,97.2,1.5,1.3
297,5.4566e+29,2.7606e+29,2.6250e+29,2.2000e+26,6.8800e+27,2.3369e+29,4.2370e+28,1.4337e+29,1.1913e+29,1.2000e+26,1.0000e+26,3.7200e+27,3.1600e+27,1.4117e+29,9.0700e+27,7.4440e+08,1.3059e+06,1.0641e+09,2.0363e-18,2.8301e+06,6.6169e+03,5.5638e+05,5.5334e+05,50.6,48.1,0.0,1.3,5.4533e+29,5.2933e+29,8.5500e+27,7.4500e+27,1.6878e+28,0.0000e+00,97.1,1.6,1.4
298,5.4569e+29,2.7339e+29,2.6527e+29,2.2000e+26,6.8100e+27,2.3182e+29,4.1570e+28,1.4312e+29,1.2215e+29,1.4000e+26,8.0000e+25,3.4200e+27,3.3900e+27,1.4306e+29,8.1900e+27,7.3791e+08,1.4082e+06,1.1619e+09,3.1659e-15,2.8028e+06,8.9818e+03,5.5942e+05,5.5640e+05,50.1,48.6,0.0,1.2,5.4627e+29,5.3085e+29,8.0400e+27,7.3800e+27,1.7075e+28,0.0000e+00,97.2,1.5,1.4
299,5.4250e+29,2.6875e+29,2.6666e+29,2.3000e+26,6.8600e+27,2.2729e+29,4.1460e+28,1.4656e+29,1.2010e+29,1.4000e+26,9.0000e+25,3.3800e+27,3.4800e+27,1.4189e+29,8.4600e+27,7.2977e+08,9.0585e+05,1.1558e+09,1.9884e-13,2.6438e+06,7.0972e+03,5.6244e+05,5.5944e+05,49.5,49.2,0.0,1.3,5.4281e+29,5.2714e+29,8.4700e+27,7.2000e+27,1.7271e+28,0.0000e+00,97.1,1.6,1.3
300,5.3354e+29,2.6282e+29,2.6377e+29,2.3000e+26,6.7200e+27,2.2203e+29,4.0790e+28,1.4081e+29,1.2296e+29,8.0000e+25,1.5000e+26,3.2400e+27,3.4800e+27,1.4174e+29,8.4800e+27,7.2824e+08,9.0845e+05,1.1815e+09,3.5567e-12,2.5382e+06,7.0029e+03,5.6544e+05,5.6246e+05,49.3,49.4,0.0,1.3,5.3317e+29,5.1764e+29,8.0500e+27,7.4800e+27,1.7463e+28,0.0000e+00,97.1,1.5,1.4
301,5.4435e+29,2.6410e+29,2.7309e+29,1.8000e+26,6.9800e+27,2.2139e+29,4.2710e+28,1.4497e+29,1.2812e+29,1.3000e+26,5.0000e+25,3.4700e+27,3.5100e+27,1.4253e+29,8.3900e+27,7.2389e+08,1.0858e+06,1.1809e+09,3.1918e-11,2.4025e+06,9.2125e+03,5.6843e+05,5.6546e+05,48.5,50.2,0.0,1.3,5.4366e+29,5.2732e+29,8.6800e+27,7.6600e+27,1.7764e+28,0.0000e+00,97.0,1.6,1.4
302,5.4463e+29,2.5816e+29,2.7936e+29,2.7000e+26,6.8400e+27,2.1707e+29,4.1090e+28,1.4999e+29,1.2937e+29,1.1000e+26,1.6000e+26,3.3500e+27,3.4900e+27,1.4046e+29,8.2200e+27,7.1981e+08,1.3501e+06,1.0518e+09,1.8481e-10,2.3510e+06,6.2908e+03,5.7137e+05,5.6845e+05,47.4,51.3,0.0,1.3,5.4515e+29,5.2997e+29,8.1400e+27,7.0400e+27,1.7842e+28,0.0000e+00,97.2,1.5,1.3
303,5.2930e+29,2.5633e+29,2.6601e+29,2.5000e+26,6.7100e+27,2.1459e+29,4.1740e+28,1.4695e+29,1.1906e+29,1.6000e+26,9.0000e+25,3.3800e+27,3.3300e+27,1.4040e+29,7.1900e+27,7.1936e+08,1.4128e+06,1.1357e+09,7.8360e-10,2.3798e+06,6.8109e+03,5.7430e+05,5.7139e+05,48.4,50.3,0.0,1.3,5.3050e+29,5.1520e+29,8.5300e+27,6.7700e+27,1.8139e+28,0.0000e+00,97.1,1.6,1.3
304,5.2435e+29,2.4966e+29,2.6771e+29,2.0000e+26,6.7800e+27,2.0869e+29,4.0970e+28,1.4384e+29,1.2387e+29,1.1000e+26,9.0000e+25,3.2100e+27,3.5700e+27,1.3830e+29,7.8000e+27,7.1622e+08,7.6736e+05,1.1181e+09,2.6864e-09,2.3737e+06,3.6988e+03,5.7721e+05,5.7432e+05,47.6,51.1,0.0,1.3,5.2379e+29,5.0878e+29,8.5200e+27,6.4900e+27,1.8322e+28,0.0000e+00,97.1,1.6,1.2
305,5.2446e+29,2.4745e+29,2.7001e+29,1.4000e+26,6.8600e+27,2.0691e+29,4.0540e+28,1.4871e+29,1.2130e+29,8.0000e+25,6.0000e+25,3.3100e+27,3.5500e+27,1.3921e+29,7.3400e+27,7.1139e+08,6.3824e+05,1.1497e+09,7.7706e-09,2.3455e+06,3.0760e+03,5.8006e+05,5.7723e+05,47.2,51.5,0.0,1.3,5.2392e+29,5.0959e+29,7.9500e+27,6.3800e+27,1.8384e+28,0.0000e+00,97.3,1.5,1.2
306,5.4236e+29,2.4862e+29,2.8674e+29,1.8000e+26,6.8200e+27,2.0628e+29,4.2340e+28,1.5229e+29,1.3445e+29,9.0000e+25,9.0000e+25,3.4400e+27,3.3800e+27,1.3805e+29,7.9100e+27,7.0600e+08,8.4122e+05,1.3667e+09,1.9544e-08,2.2836e+06,4.0536e+03,5.8292e+05,5.8008e+05,45.8,52.9,0.0,1.3,5.4214e+29,5.2796e+29,8.4600e+27,5.7200e+27,1.8795e+28,0.0000e+00,97.4,1.6,1.1
307,5.2712e+29,2.4210e+29,2.7803e+29,1.8000e+26,6.8100e+27,2.0151e+29,4.0590e+28,1.4969e+29,1.2834e+29,1.0000e+26,8.0000e+25,3.5100e+27,3.3000e+27,1.3661e+29,7.7700e+27,7.0304e+08,1.3563e+06,1.5237e+09,4.5146e-08,2.1100e+06,9.3206e+03,5.8572e+05,5.8293e+05,45.9,52.7,0.0,1.3,5.2796e+29,5.1329e+29,8.0700e+27,6.6000e+27,1.8849e+28,0.0000e+00,97.2,1.5,1.3
308,5.2697e+29,2.3860e+29,2.8132e+29,2.1000e+26,6.8400e+27,1.9672e+29,4.1880e+28,1.4954e+29,1.3178e+29,1.0000e+26,1.1000e+26,3.1800e+27,3.6600e+27,1.3435e+29,7.3400e+27,6.9861e+08,1.4446e+06,1.0562e+09,9.4752e-08,2.0109e+06,6.8815e+03,5.8849e+05,5.8574e+05,45.3,53.4,0.0,1.3,5.2645e+29,5.1259e+29,8.0900e+27,5.7700e+27,1.9015e+28,0.0000e+00,97.4,1.5,1.1
309,5.4061e+29,2.4013e+29,2.9349e+29,1.9000e+26,6.8000e+27,1.9710e+29,4.3030e+28,1.5213e+29,1.4136e+29,1.3000e+26,6.0000e+25,3.5700e+27,3.2300e+27,1.3324e+29,7.1100e+27,6.9267e+08,1.0934e+06,1.0379e+09,1.8201e-07,1.9670e+06,9.1224e+03,5.9124e+05,5.8851e+05,44.4,54.3,0.0,1.3,5.3980e+29,5.2574e+29,8.4100e+27,5.6500e+27,1.9303e+28,0.0000e+00,97.4,1.6,1.0
310,5.3347e+29,2.3588e+29,2.9054e+29,2.0000e+26,6.8500e+27,1.9295e+29,4.2930e+28,1.4888e+29,1.4166e+29,1.1000e+26,9.0000e+25,3.5300e+27,3.3200e+27,1.3212e+29,7.0700e+27,6.8962e+08,1.1653e+06,1.1773e+09,3.2883e-07,2.0414e+06,9.6313e+03,5.9395e+05,5.9126e+05,44.2,54.5,0.0,1.3,5.3483e+29,5.2102e+29,8.4700e+27,5.3400e+27,1.9463e+28,0.0000e+00,97.4,1.6,1.0
311,5.3542e+29,2.3300e+29,2.9547e+29,1.7000e+26,6.7800e+27,1.9051e+29,4.2490e+28,1.5135e+29,1.4412e+29,1.2000e+26,5.0000e+25,3.4500e+27,3.3300e+27,1.3096e+29,6.3200e+27,6.8693e+08,1.0562e+06,1.0904e+09,5.7529e-07,2.0787e+06,8.6076e+03,5.9662e+05,5.9396e+05,43.5,55.2,0.0,1.3,5.3517e+29,5.2212e+29,8.0900e+27,4.9600e+27,1.9619e+28,0.0000e+00,97.6,1.5,0.9
312,5.3487e+29,2.2886e+29,2.9892e+29,1.6000e+26,6.9300e+27,1.8655e+29,4.2310e+28,1.6129e+29,1.3763e+29,7.0000e+25,9.0000e+25,3.3600e+27,3.5700e+27,1.2751e+29,6.5300e+27,6.8204e+08,1.3359e+06,1.1363e+09,9.3420e-07,2.0978e+06,9.4794e+03,5.9927e+05,5.9664e+05,42.8,55.9,0.0,1.3,5.3399e+29,5.2042e+29,8.6200e+27,4.9500e+27,1.9900e+28,0.0000e+00,97.5,1.6,0.9
313,5.2919e+29,2.2329e+29,2.9879e+29,2.7000e+26,6.8400e+27,1.8099e+29,4.2300e+28,1.6210e+29,1.3669e+29,1.6000e+26,1.1000e+26,3.3000e+27,3.5400e+27,1.2487e+29,6.6400e+27,6.7826e+08,1.1662e+06,1.0768e+09,1.4559e-06,2.0980e+06,8.0506e+03,6.0187e+05,5.9929e+05,42.2,56.5,0.1,1.3,5.3059e+29,5.1692e+29,8.5500e+27,5.1200e+27,2.0048e+28,0.0000e+00,97.4,1.6,1.0
314,5.2011e+29,2.1958e+29,2.9353e+29,2.4000e+26,6.7600e+27,1.7750e+29,4.2080e+28,1.5772e+29,1.3581e+29,1.0000e+26,1.4000e+26,3.4000e+27,3.3600e+27,1.2318e+29,6.6000e+27,6.7302e+08,1.0531e+06,1.1621e+09,2.1807e-06,2.0674e+06,7.2567e+03,6.0443e+05,6.0189e+05,42.2,56.4,0.0,1.3,5.2002e+29,5.0770e+29,8.5000e+27,3.8200e+27,2.0190e+28,0.0000e+00,97.6,1.6,0.7
315,5.1802e+29,2.2021e+29,2.9078e+29,1.7000e+26,6.8600e+27,1.7707e+29,4.3140e+28,1.5447e+29,1.3631e+29,8.0000e+25,9.0000e+25,3.4900e+27,3.3700e+27,1.2377e+29,7.0200e+27,6.6915e+08,1.1443e+06,1.4020e+09,1.9677e-06,2.1260e+06,9.9382e+03,6.0695e+05,6.0445e+05,42.5,56.1,0.0,1.3,5.1748e+29,5.0469e+29,8.5100e+27,4.2800e+27,2.0327e+28,0.0000e+00,97.5,1.6,0.8
316,5.1881e+29,2.1342e+29,2.9834e+29,2.3000e+26,6.8200e+27,1.7175e+29,4.1670e+28,1.5934e+29,1.3900e+29,1.3000e+26,1.0000e+26,3.2900e+27,3.5300e+27,1.2029e+29,6.7900e+27,6.6452e+08,9.4130e+05,1.3492e+09,1.5921e-06,2.2220e+06,8.1550e+03,6.0944e+05,6.0697e+05,41.1,57.5,0.0,1.3,5.1891e+29,5.0624e+29,8.9400e+27,3.7300e+27,2.0595e+28,0.0000e+00,97.6,1.7,0.7
317,5.2609e+29,2.1129e+29,3.0797e+29,1.9000e+26,6.6400e+27,1.6941e+29,4.1880e+28,1.6452e+29,1.4345e+29,1.3000e+26,6.0000e+25,3.3600e+27,3.2800e+27,1.1750e+29,6.6200e+27,6.5789e+08,1.0105e+06,1.3564e+09,1.3029e-06,2.1799e+06,9.8635e+03,6.1188e+05,6.0945e+05,40.2,58.5,0.0,1.3,5.2624e+29,5.1445e+29,8.7800e+27,3.0100e+27,2.0723e+28,0.0000e+00,97.8,1.7,0.6
318,5.3101e+29,2.1296e+29,3.1103e+29,2.3000e+26,6.7900e+27,1.7096e+29,4.2000e+28,1.6671e+29,1.4432e+29,1.4000e+26,9.0000e+25,3.2500e+27,3.5400e+27,1.1891e+29,5.9900e+27,6.5236e+08,1.3237e+06,1.1418e+09,1.0776e-06,2.1808e+06,7.3517e+03,6.1428e+05,6.1189e+05,40.1,58.6,0.0,1.3,5.3118e+29,5.1913e+29,8.8600e+27,3.1900e+27,2.0985e+28,0.0000e+00,97.7,1.7,0.6
319,5.3123e+29,2.0860e+29,3.1563e+29,2.1000e+26,6.7900e+27,1.6646e+29,4.2140e+28,1.6968e+29,1.4595e+29,1.1000e+26,1.0000e+26,3.5500e+27,3.2400e+27,1.1626e+29,6.0000e+27,6.4726e+08,1.3682e+06,1.1897e+09,9.0240e-07,2.2119e+06,7.7509e+03,6.1664e+05,6.1430e+05,39.3,59.4,0.0,1.3,5.3050e+29,5.1861e+29,9.2000e+27,2.6900e+27,2.1102e+28,0.0000e+00,97.8,1.7,0.5
320,5.3019e+29,2.0356e+29,3.1964e+29,2.1000e+26,6.7800e+27,1.6076e+29,4.2800e+28,1.6692e+29,1.5272e+29,1.2000e+26,9.0000e+25,3.5100e+27,3.2700e+27,1.1131e+29,5.7200e+27,6.4206e+08,1.4323e+06,1.0476e+09,7.6550e-07,2.1356e+06,8.4928e+03,6.1895e+05,6.1666e+05,38.4,60.3,0.0,1.3,5.3087e+29,5.1881e+29,9.4400e+27,2.6200e+27,2.1213e+28,0.0000e+00,97.7,1.8,0.5
321,5.2389e+29,2.0270e+29,3.1411e+29,2.1000e+26,6.8700e+27,1.5920e+29,4.3500e+28,1.6341e+29,1.5070e+29,1.0000e+26,1.1000e+26,3.6000e+27,3.2700e+27,1.1033e+29,6.1600e+27,6.3489e+08,1.0907e+06,1.4033e+09,6.9989e-07,1.9405e+06,9.2580e+03,6.2122e+05,6.1896e+05,38.7,60.0,0.0,1.3,5.2400e+29,5.1261e+29,9.0700e+27,2.3200e+27,2.1463e+28,0.0000e+00,97.8,1.7,0.4
322,5.2914e+29,2.0136e+29,3.2069e+29,2.1000e+26,6.8800e+27,1.5678e+29,4.4580e+28,1.6548e+29,1.5521e+29,1.1000e+26,1.0000e+26,3.1800e+27,3.7000e+27,1.0800e+29,6.5400e+27,6.2947e+08,1.1165e+06,1.1780e+09,6.3287e-07,1.9366e+06,6.7089e+03,6.2345e+05,6.2123e+05,38.1,60.6,0.0,1.3,5.2894e+29,5.1767e+29,8.9500e+27,2.3200e+27,2.1711e+28,0.0000e+00,97.9,1.7,0.4
323,5.2843e+29,1.9750e+29,3.2398e+29,2.0000e+26,6.7500e+27,1.5436e+29,4.3140e+28,1.7124e+29,1.5274e+29,9.0000e+25,1.1000e+26,3.1100e+27,3.6400e+27,1.0736e+29,5.5300e+27,6.2428e+08,1.2055e+06,1.2514e+09,5.5867e-07,2.1017e+06,8.8410e+03,6.2561e+05,6.2347e+05,37.4,61.3,0.0,1.3,5.2777e+29,5.1672e+29,9.0200e+27,2.0300e+27,2.1656e+28,0.0000e+00,97.9,1.7,0.4
324,5.2784e+29,1.9530e+29,3.2549e+29,2.3000e+26,6.8200e+27,1.5074e+29,4.4560e+28,1.7095e+29,1.5454e+29,7.0000e+25,1.6000e+26,3.4900e+27,3.3300e+27,1.0278e+29,5.5700e+27,6.1746e+08,9.2041e+05,1.3224e+09,4.9980e-07,2.0838e+06,8.1993e+03,6.2774e+05,6.2563e+05,37.0,61.7,0.0,1.3,5.2773e+29,5.1673e+29,9.0500e+27,1.9500e+27,2.1892e+28,0.0000e+00,97.9,1.7,0.4
325,5.3409e+29,1.9383e+29,3.3329e+29,2.1000e+26,6.7600e+27,1.4974e+29,4.4090e+28,1.7677e+29,1.5652e+29,1.2000e+26,9.0000e+25,3.3000e+27,3.4600e+27,1.0166e+29,5.4100e+27,6.1081e+08,9.3110e+05,1.2855e+09,4.5323e-07,2.0186e+06,7.3225e+03,6.2982e+05,6.2775e+05,36.3,62.4,0.0,1.3,5.3347e+29,5.2240e+29,9.5100e+27,1.5600e+27,2.2125e+28,0.0000e+00,97.9,1.8,0.3
326,5.4243e+29,1.9070e+29,3.4469e+29,2.1000e+26,6.8300e+27,1.4598e+29,4.4720e+28,1.8198e+29,1.6271e+29,1.1000e+26,1.0000e+26,3.4300e+27,3.4000e+27,9.8200e+28,5.4900e+27,6.0378e+08,9.4131e+05,1.4080e+09,4.1696e-07,1.9746e+06,1.0318e+04,6.3184e+05,6.2983e+05,35.2,63.5,0.0,1.3,5.4229e+29,5.3079e+29,1.0140e+28,1.3600e+27,2.2200e+28,0.0000e+00,97.9,1.9,0.3
327,5.3701e+29,1.8961e+29,3.4047e+29,1.7000e+26,6.7600e+27,1.4576e+29,4.3850e+28,1.7788e+29,1.6259e+29,9.0000e+25,8.0000e+25,3.4700e+27,3.2900e+27,9.6710e+28,4.9300e+27,5.9976e+08,1.1407e+06,1.2494e+09,3.8893e-07,1.9968e+06,9.4968e+03,6.3382e+05,6.3186e+05,35.3,63.4,0.0,1.3,5.3785e+29,5.2671e+29,9.9500e+27,1.1900e+27,2.2424e+28,0.0000e+00,97.9,1.8,0.2
328,5.4313e+29,1.8490e+29,3.5113e+29,2.5000e+26,6.8500e+27,1.3969e+29,4.5210e+28,1.8151e+29,1.6962e+29,1.3000e+26,1.2000e+26,3.2300e+27,3.6200e+27,9.3860e+28,5.3900e+27,5.9629e+08,9.4688e+05,1.1186e+09,3.6800e-07,1.9176e+06,5.8197e+03,6.3574e+05,6.3384e+05,34.0,64.6,0.0,1.3,5.4281e+29,5.3107e+29,1.0740e+28,1.0000e+27,2.2485e+28,0.0000e+00,97.8,2.0,0.2
329,5.5734e+29,1.8700e+29,3.6335e+29,1.8000e+26,6.8100e+27,1.4231e+29,4.4690e+28,1.9024e+29,1.7311e+29,6.0000e+25,1.2000e+26,3.4200e+27,3.3900e+27,9.5160e+28,5.3600e+27,5.9170e+08,8.8396e+05,1.4529e+09,3.5298e-07,1.7291e+06,4.7931e+03,6.3762e+05,6.3576e+05,33.6,65.2,0.0,1.2,5.5632e+29,5.4444e+29,1.1010e+28,8.7000e+26,2.2698e+28,0.0000e+00,97.9,2.0,0.2
330,5.5558e+29,1.8528e+29,3.6331e+29,1.6000e+26,6.8300e+27,1.4022e+29,4.5060e+28,1.9253e+29,1.7078e+29,1.0000e+26,6.0000e+25,3.4500e+27,3.3800e+27,9.0710e+28,5.6600e+27,5.8544e+08,1.2631e+06,1.4321e+09,3.4909e-07,1.7513e+06,6.1311e+03,6.3943e+05,6.3763e+05,33.3,65.4,0.0,1.2,5.5511e+29,5.4357e+29,1.0630e+28,9.1000e+26,2.2746e+28,0.0000e+00,97.9,1.9,0.2
331,5.6884e+29,1.8366e+29,3.7830e+29,1.4000e+26,6.7400e+27,1.3639e+29,4.7270e+28,2.0161e+29,1.7669e+29,7.0000e+25,7.0000e+25,3.2500e+27,3.4900e+27,8.8710e+28,5.0800e+27,5.8015e+08,8.3997e+05,1.4432e+09,3.6522e-07,1.7519e+06,8.8597e+03,6.4120e+05,6.3945e+05,32.3,66.5,0.0,1.2,5.6917e+29,5.5720e+29,1.1230e+28,7.4000e+26,2.2948e+28,0.0000e+00,97.9,2.0,0.1
332,5.6380e+29,1.8159e+29,3.7512e+29,2.3000e+26,6.8600e+27,1.3414e+29,4.7450e+28,1.9531e+29,1.7981e+29,1.5000e+26,8.0000e+25,3.6400e+27,3.2200e+27,8.5750e+28,5.0600e+27,5.7527e+08,1.2875e+06,1.2582e+09,3.6432e-07,1.8284e+06,8.7405e+03,6.4291e+05,6.4121e+05,32.2,66.5,0.0,1.2,5.6364e+29,5.5201e+29,1.0860e+28,7.7000e+26,2.3145e+28,0.0000e+00,97.9,1.9,0.1
333,5.9391e+29,1.8129e+29,4.0573e+29,2.0000e+26,6.6900e+27,1.3374e+29,4.7550e+28,2.0970e+29,1.9603e+29,1.1000e+26,9.0000e+25,3.4100e+27,3.2800e+27,8.3900e+28,5.2000e+27,5.7080e+08,1.1745e+06,1.3430e+09,3.6468e-07,1.6997e+06,8.0292e+03,6.4457e+05,6.4293e+05,30.5,68.3,0.0,1.1,5.9230e+29,5.8001e+29,1.1690e+28,6.0000e+26,2.3172e+28,0.0000e+00,97.9,2.0,0.1
334,5.8989e+29,1.8214e+29,4.0072e+29,1.5000e+26,6.8800e+27,1.3305e+29,4.9090e+28,2.0822e+29,1.9250e+29,7.0000e+25,8.0000e+25,3.2400e+27,3.6400e+27,8.2160e+28,5.3500e+27,5.6520e+08,1.0645e+06,1.2046e+09,3.8225e-07,1.5631e+06,7.0019e+03,6.4617e+05,6.4458e+05,30.9,67.9,0.0,1.2,5.9028e+29,5.7750e+29,1.2200e+28,5.8000e+26,2.3357e+28,0.0000e+00,97.8,2.1,0.1
335,5.9580e+29,1.8466e+29,4.0411e+29,2.4000e+26,6.7900e+27,1.3402e+29,5.0640e+28,2.1039e+29,1.9372e+29,1.1000e+26,1.3000e+26,3.5600e+27,3.2300e+27,8.2860e+28,5.3300e+27,5.5954e+08,1.1068e+06,1.4558e+09,3.9130e-07,1.5447e+06,1.1317e+04,6.4771e+05,6.4618e+05,31.0,67.8,0.0,1.1,5.9460e+29,5.8143e+29,1.2690e+28,4.8000e+26,2.3369e+28,0.0000e+00,97.8,2.1,0.1
336,6.0935e+29,1.8003e+29,4.2241e+29,1.5000e+26,6.7600e+27,1.3084e+29,4.9190e+28,2.1931e+29,2.0310e+29,8.0000e+25,7.0000e+25,3.4600e+27,3.3000e+27,7.9760e+28,5.3000e+27,5.5385e+08,7.7509e+05,1.5157e+09,4.0520e-07,1.6213e+06,1.0152e+04,6.4919e+05,6.4772e+05,29.5,69.3,0.0,1.1,6.0959e+29,5.9619e+29,1.2960e+28,4.4000e+26,2.3541e+28,0.0000e+00,97.8,2.1,0.1
337,6.3209e+29,1.8371e+29,4.4130e+29,2.5000e+26,6.8300e+27,1.3173e+29,5.1980e+28,2.2593e+29,2.1537e+29,1.2000e+26,1.3000e+26,3.5100e+27,3.3200e+27,7.8900e+28,5.4300e+27,5.4864e+08,8.5002e+05,1.6610e+09,4.2425e-07,1.6875e+06,1.0278e+04,6.5061e+05,6.4920e+05,29.1,69.8,0.0,1.1,6.3020e+29,6.1677e+29,1.3030e+28,4.0000e+26,2.3708e+28,0.0000e+00,97.9,2.1,0.1
338,6.3223e+29,1.8371e+29,4.4147e+29,2.9000e+26,6.7600e+27,1.3229e+29,5.1420e+28,2.3193e+29,2.0954e+29,1.0000e+26,1.9000e+26,3.3900e+27,3.3700e+27,7.7990e+28,5.3400e+27,5.4507e+08,8.9227e+05,1.5984e+09,4.4893e-07,1.7240e+06,7.6484e+03,6.5198e+05,6.5062e+05,29.1,69.8,0.0,1.1,6.3345e+29,6.1977e+29,1.3410e+28,2.7000e+26,2.3698e+28,0.0000e+00,97.8,2.1,0.0
339,6.4341e+29,1.8283e+29,4.5355e+29,2.3000e+26,6.8000e+27,1.3036e+29,5.2470e+28,2.3598e+29,2.1757e+29,1.1000e+26,1.2000e+26,3.3600e+27,3.4400e+27,7.6060e+28,4.8400e+27,5.4116e+08,1.0128e+06,1.5059e+09,4.7960e-07,1.6811e+06,5.7747e+03,6.5329e+05,6.5199e+05,28.4,70.5,0.0,1.1,6.4145e+29,6.2743e+29,1.3720e+28,3.0000e+26,2.4023e+28,0.0000e+00,97.8,2.1,0.0
340,6.5781e+29,1.8063e+29,4.7019e+29,2.8000e+26,6.7100e+27,1.2814e+29,5.2490e+28,2.4634e+29,2.2385e+29,1.3000e+26,1.5000e+26,3.2700e+27,3.4400e+27,7.1900e+28,4.6600e+27,5.3562e+08,1.3566e+06,1.4659e+09,5.1741e-07,1.6528e+06,1.2312e+04,6.5453e+05,6.5330e+05,27.5,71.5,0.0,1.0,6.5729e+29,6.4198e+29,1.4910e+28,4.0000e+26,2.3825e+28,0.0000e+00,97.7,2.3,0.1
341,6.6394e+29,1.8028e+29,4.7659e+29,2.5000e+26,6.8200e+27,1.2629e+29,5.3990e+28,2.4733e+29,2.2926e+29,1.5000e+26,1.0000e+26,3.3400e+27,3.4800e+27,7.0690e+28,4.9700e+27,5.2968e+08,1.5746e+06,1.4223e+09,5.6239e-07,1.5968e+06,1.2753e+04,6.5572e+05,6.5454e+05,27.2,71.8,0.0,1.0,6.6329e+29,6.4814e+29,1.4780e+28,3.7000e+26,2.4138e+28,0.0000e+00,97.7,2.2,0.1
342,6.8230e+29,1.8019e+29,4.9512e+29,2.5000e+26,6.7400e+27,1.2571e+29,5.4480e+28,2.5766e+29,2.3746e+29,1.0000e+26,1.5000e+26,3.2800e+27,3.4600e+27,6.9980e+28,4.7600e+27,5.2571e+08,1.2365e+06,1.4766e+09,6.1655e-07,1.5944e+06,9.2233e+03,6.5685e+05,6.5573e+05,26.4,72.6,0.0,1.0,6.8280e+29,6.6721e+29,1.5290e+28,3.0000e+26,2.4098e+28,0.0000e+00,97.7,2.2,0.0
343,7.0786e+29,1.8100e+29,5.1984e+29,2.5000e+26,6.7700e+27,1.2635e+29,5.4650e+28,2.6828e+29,2.5156e+29,1.5000e+26,1.0000e+26,3.3300e+27,3.4400e+27,6.8340e+28,4.3500e+27,5.2149e+08,1.1222e+06,1.5449e+09,6.8035e-07,1.5697e+06,1.3578e+04,6.5791e+05,6.5685e+05,25.6,73.4,0.0,1.0,7.0661e+29,6.9015e+29,1.6190e+28,2.7000e+26,2.4224e+28,0.0000e+00,97.7,2.3,0.0
344,7.2486e+29,1.8491e+29,5.3281e+29,3.0000e+26,6.8400e+27,1.2719e+29,5.7720e+28,2.7523e+29,2.5758e+29,1.9000e+26,1.1000e+26,3.4400e+27,3.4000e+27,6.7050e+28,4.3100e+27,5.1733e+08,1.7586e+06,1.7696e+09,7.5567e-07,1.6558e+06,1.2496e+04,6.5891e+05,6.5791e+05,25.5,73.5,0.0,0.9,7.2406e+29,7.0701e+29,1.6870e+28,1.8000e+26,2.4343e+28,0.0000e+00,97.6,2.3,0.0
345,7.3096e+29,1.8379e+29,5.4007e+29,2.8000e+26,6.8200e+27,1.2583e+29,5.7960e+28,2.8499e+29,2.5508e+29,1.3000e+26,1.5000e+26,3.4400e+27,3.3800e+27,6.6280e+28,4.7400e+27,5.1195e+08,2.1021e+06,1.5159e+09,8.4428e-07,1.6946e+06,1.2185e+04,6.5985e+05,6.5892e+05,25.1,73.9,0.0,0.9,7.3077e+29,7.1353e+29,1.6950e+28,2.9000e+26,2.4456e+28,0.0000e+00,97.6,2.3,0.0
346,7.3910e+29,1.7915e+29,5.5295e+29,2.7000e+26,6.7300e+27,1.2174e+29,5.7410e+28,2.9252e+29,2.6043e+29,1.0000e+26,1.7000e+26,3.5600e+27,3.1700e+27,6.2140e+28,4.5100e+27,5.0803e+08,2.2818e+06,1.4749e+09,9.4819e-07,1.8261e+06,1.6185e+04,6.6073e+05,6.5986e+05,24.2,74.8,0.0,0.9,7.3770e+29,7.2024e+29,1.7270e+28,1.9000e+26,2.4384e+28,0.0000e+00,97.6,2.3,0.0
347,7.7902e+29,1.8364e+29,5.8819e+29,3.5000e+26,6.8400e+27,1.2504e+29,5.8600e+28,3.1056e+29,2.7763e+29,1.3000e+26,2.2000e+26,3.5900e+27,3.2500e+27,6.2950e+28,4.8400e+27,5.0372e+08,2.3622e+06,1.7727e+09,1.0689e-06,2.0320e+06,1.1468e+04,6.6154e+05,6.6073e+05,23.6,75.5,0.0,0.9,7.7813e+29,7.5974e+29,1.8150e+28,2.4000e+26,2.4661e+28,0.0000e+00,97.6,2.3,0.0
348,7.7985e+29,1.8495e+29,5.8789e+29,2.2000e+26,6.7900e+27,1.2541e+29,5.9540e+28,3.0791e+29,2.7998e+29,8.0000e+25,1.4000e+26,3.2900e+27,3.5000e+27,6.2240e+28,3.7900e+27,4.9969e+08,2.3475e+06,1.4476e+09,1.2105e-06,2.1843e+06,1.4299e+04,6.6229e+05,6.6155e+05,23.7,75.4,0.0,0.9,7.7935e+29,7.6032e+29,1.8800e+28,2.3000e+26,2.4573e+28,0.0000e+00,97.6,2.4,0.0
349,7.9674e+29,1.8224e+29,6.0742e+29,2.7000e+26,6.8100e+27,1.2322e+29,5.9020e+28,3.2177e+29,2.8565e+29,1.2000e+26,1.5000e+26,3.3500e+27,3.4600e+27,5.9310e+28,4.1800e+27,4.9450e+08,2.1183e+06,1.7135e+09,1.3742e-06,2.0684e+06,1.0430e+04,6.6298e+05,6.6230e+05,22.9,76.2,0.0,0.9,7.9639e+29,7.7778e+29,1.8450e+28,1.6000e+26,2.4656e+28,0.0000e+00,97.7,2.3,0.0
350,8.0757e+29,1.8247e+29,6.1811e+29,2.6000e+26,6.7300e+27,1.2298e+29,5.9490e+28,3.3159e+29,2.8652e+29,1.5000e+26,1.1000e+26,3.4300e+27,3.3000e+27,5.7380e+28,4.4200e+27,4.9004e+08,1.3903e+06,1.6270e+09,1.5639e-06,2.0532e+06,1.7143e+04,6.6360e+05,6.6298e+05,22.6,76.5,0.0,0.8,8.0643e+29,7.8656e+29,1.9730e+28,1.4000e+26,2.4552e+28,0.0000e+00,97.5,2.4,0.0
351,8.1195e+29,1.8136e+29,6.2338e+29,3.9000e+26,6.8200e+27,1.2233e+29,5.9030e+28,3.2674e+29,2.9664e+29,1.9000e+26,2.0000e+26,3.5900e+27,3.2300e+27,5.6750e+28,3.6600e+27,4.8635e+08,1.6417e+06,1.6087e+09,1.7818e-06,1.9793e+06,1.9507e+04,6.6415e+05,6.6360e+05,22.3,76.8,0.0,0.8,8.1194e+29,7.9207e+29,1.9650e+28,2.2000e+26,2.4801e+28,0.0000e+00,97.6,2.4,0.0
352,8.1589e+29,1.8322e+29,6.2564e+29,2.8000e+26,6.7500e+27,1.2151e+29,6.1710e+28,3.3215e+29,2.9349e+29,1.5000e+26,1.3000e+26,3.4000e+27,3.3500e+27,5.5410e+28,3.8600e+27,4.8143e+08,2.5532e+06,1.6695e+09,2.0347e-06,1.9832e+06,1.8858e+04,6.6464e+05,6.6416e+05,22.5,76.7,0.0,0.8,8.1464e+29,7.9532e+29,1.9060e+28,2.6000e+26,2.4681e+28,0.0000e+00,97.6,2.3,0.0
353,8.5892e+29,1.8380e+29,6.6798e+29,3.4000e+26,6.8000e+27,1.2140e+29,6.2400e+28,3.5664e+29,3.1134e+29,1.7000e+26,1.7000e+26,3.4000e+27,3.4000e+27,5.4570e+28,4.0300e+27,4.7844e+08,2.5430e+06,1.6754e+09,2.3234e-06,2.0628e+06,1.1849e+04,6.6507e+05,6.6464e+05,21.4,77.8,0.0,0.8,8.5797e+29,8.3740e+29,2.0410e+28,1.6000e+26,2.4916e+28,0.0000e+00,97.6,2.4,0.0
354,8.4758e+29,1.8251e+29,6.5803e+29,2.5000e+26,6.7900e+27,1.2118e+29,6.1330e+28,3.5254e+29,3.0549e+29,1.5000e+26,1.0000e+26,3.4600e+27,3.3300e+27,5.2920e+28,3.5100e+27,4.7410e+08,3.5746e+06,1.5259e+09,2.6566e-06,2.0577e+06,2.0327e+04,6.6543e+05,6.6507e+05,21.5,77.6,0.0,0.8,8.4772e+29,8.2700e+29,2.0610e+28,1.1000e+26,2.4780e+28,0.0000e+00,97.6,2.4,0.0
355,8.6319e+29,1.8300e+29,6.7304e+29,3.5000e+26,6.8000e+27,1.2036e+29,6.2640e+28,3.5647e+29,3.1657e+29,1.8000e+26,1.7000e+26,3.4200e+27,3.3800e+27,5.2260e+28,3.8300e+27,4.6967e+08,3.2024e+06,1.7172e+09,3.0340e-06,1.9439e+06,2.1695e+04,6.6573e+05,6.6544e+05,21.2,78.0,0.0,0.8,8.6302e+29,8.4156e+29,2.1270e+28,1.9000e+26,2.5001e+28,0.0000e+00,97.5,2.5,0.0
356,8.5167e+29,1.8104e+29,6.6356e+29,3.0000e+26,6.7700e+27,1.1778e+29,6.3260e+28,3.4017e+29,3.2339e+29,1.6000e+26,1.4000e+26,3.3500e+27,3.4200e+27,5.0650e+28,3.3800e+27,4.6429e+08,2.6641e+06,1.6302e+09,3.4660e-06,1.8335e+06,1.5841e+04,6.6596e+05,6.6573e+05,21.3,77.9,0.0,0.8,8.5274e+29,8.3234e+29,2.0230e+28,1.7000e+26,2.4849e+28,0.0000e+00,97.6,2.4,0.0
357,8.4811e+29,1.8271e+29,6.5831e+29,3.1000e+26,6.7800e+27,1.1706e+29,6.5650e+28,3.3882e+29,3.1949e+29,1.4000e+26,1.7000e+26,3.3200e+27,3.4600e+27,4.9130e+28,3.5600e+27,4.5910e+08,2.1452e+06,1.5982e+09,3.9513e-06,1.8779e+06,2.2537e+04,6.6612e+05,6.6596e+05,21.5,77.6,0.0,0.8,8.4686e+29,8.2694e+29,1.9780e+28,1.4000e+26,2.4872e+28,0.0000e+00,97.6,2.3,0.0
358,8.6306e+29,1.8268e+29,6.7316e+29,4.3000e+26,6.7900e+27,1.1770e+29,6.4980e+28,3.4978e+29,3.2338e+29,1.7000e+26,2.6000e+26,3.4300e+27,3.3600e+27,4.9140e+28,3.1700e+27,4.5403e+08,2.8804e+06,1.7025e+09,4.4979e-06,1.8910e+06,1.5190e+04,6.6622e+05,6.6612e+05,21.2,78.0,0.0,0.8,8.6373e+29,8.4306e+29,2.0500e+28,1.7000e+26,2.4888e+28,0.0000e+00,97.6,2.4,0.0
359,8.6026e+29,1.8290e+29,6.7033e+29,2.8000e+26,6.7500e+27,1.1602e+29,6.6880e+28,3.4061e+29,3.2972e+29,1.4000e+26,1.4000e+26,3.3700e+27,3.3800e+27,4.8000e+28,3.7000e+27,4.4874e+08,3.1195e+06,1.5986e+09,5.1098e-06,2.2628e+06,1.6112e+04,6.6625e+05,6.6622e+05,21.3,77.9,0.0,0.8,8.5919e+29,8.3797e+29,2.1000e+28,2.2000e+26,2.4895e+28,0.0000e+00,97.5,2.4,0.0
