TAA_Bin,Gen_Total,Gen_PSD,Gen_TD,Gen_SWS,Gen_MMV,Gen_PSD_Dawn,Gen_PSD_Dusk,Gen_TD_Dawn,Gen_TD_Dusk,Gen_SWS_Dawn,Gen_SWS_Dusk,Gen_MMV_Dawn,Gen_MMV_Dusk,Max_Flux_PSD,Min_Flux_PSD,Max_Flux_TD,Min_Flux_TD,Max_Flux_SWS,Min_Flux_SWS,Max_Flux_MMV,Min_Flux_MMV,Pct_PSD,Pct_TD,Pct_SWS,Pct_MMV,Loss_Total,Loss_Stuck,Loss_Ionized,Loss_Escaped,Supply_Internal,Trans_Inward,Pct_Stuck,Pct_Ionized,Pct_Escaped
0,8.5494e+29,1.8323e+29,6.6211e+29,2.8160e+27,6.7780e+27,1.1699e+29,6.6243e+28,3.4941e+29,3.1270e+29,1.5140e+27,1.3020e+27,3.3550e+27,3.4230e+27,1.6378e+08,5.4923e+06,5.0202e+08,5.1959e-06,1.5194e+07,3.1221e+05,6.6629e+05,6.6626e+05,21.4,77.4,0.3,0.8,8.5498e+29,8.2841e+29,2.6002e+28,5.7300e+26,3.4613e+28,0.0000e+00,96.9,3.0,0.1
1,8.6504e+29,1.8378e+29,6.7160e+29,2.8370e+27,6.8240e+27,1.1706e+29,6.6715e+28,3.5237e+29,3.1924e+29,1.4550e+27,1.3820e+27,3.4960e+27,3.3280e+27,1.6198e+08,5.4411e+06,4.7820e+08,4.5164e-06,1.5125e+07,3.1776e+05,6.6625e+05,6.6616e+05,21.2,77.6,0.3,0.8,8.6484e+29,8.3780e+29,2.6515e+28,5.3200e+26,3.4860e+28,0.0000e+00,96.9,3.1,0.1
2,8.6048e+29,1.8298e+29,6.6786e+29,2.8530e+27,6.7800e+27,1.1564e+29,6.7343e+28,3.4878e+29,3.1908e+29,1.4780e+27,1.3750e+27,3.4340e+27,3.3460e+27,1.6036e+08,5.3386e+06,5.0436e+08,3.9118e-06,1.5227e+07,3.1845e+05,6.6616e+05,6.6599e+05,21.3,77.6,0.3,0.8,8.6009e+29,8.3304e+29,2.6456e+28,5.8800e+26,3.4592e+28,0.0000e+00,96.9,3.1,0.1
3,8.6065e+29,1.8212e+29,6.6889e+29,2.8580e+27,6.7790e+27,1.1464e+29,6.7478e+28,3.4926e+29,3.1963e+29,1.5170e+27,1.3410e+27,3.4270e+27,3.3520e+27,1.5834e+08,5.6246e+06,4.9343e+08,3.3990e-06,1.5242e+07,3.2688e+05,6.6599e+05,6.6576e+05,21.2,77.7,0.3,0.8,8.6133e+29,8.3443e+29,2.6281e+28,6.1500e+26,3.4572e+28,0.0000e+00,96.9,3.1,0.1
4,8.6135e+29,1.8226e+29,6.6951e+29,2.8040e+27,6.7760e+27,1.1461e+29,6.7644e+28,3.4957e+29,3.1994e+29,1.4540e+27,1.3500e+27,3.3300e+27,3.4460e+27,1.5684e+08,5.5834e+06,5.1702e+08,2.9353e-06,1.5232e+07,3.1681e+05,6.6576e+05,6.6547e+05,21.2,77.7,0.3,0.8,8.6044e+29,8.3347e+29,2.6395e+28,5.7800e+26,3.4545e+28,0.0000e+00,96.9,3.1,0.1
5,8.7185e+29,1.8328e+29,6.7874e+29,3.0130e+27,6.8250e+27,1.1467e+29,6.8609e+28,3.5322e+29,3.2552e+29,1.5610e+27,1.4520e+27,3.4300e+27,3.3950e+27,1.5499e+08,5.2959e+06,5.8964e+08,2.5303e-06,1.5008e+07,3.2198e+05,6.6547e+05,6.6511e+05,21.0,77.9,0.3,0.8,8.7224e+29,8.4512e+29,2.6476e+28,6.4400e+26,3.4765e+28,0.0000e+00,96.9,3.0,0.1
6,8.6260e+29,1.8157e+29,6.7131e+29,2.9600e+27,6.7640e+27,1.1326e+29,6.8312e+28,3.4941e+29,3.2191e+29,1.5620e+27,1.3980e+27,3.4180e+27,3.3460e+27,1.5327e+08,5.5515e+06,4.9445e+08,2.1830e-06,1.5030e+07,3.2384e+05,6.6510e+05,6.6468e+05,21.0,77.8,0.3,0.8,8.6276e+29,8.3549e+29,2.6642e+28,6.2800e+26,3.4470e+28,0.0000e+00,96.8,3.1,0.1
7,8.7017e+29,1.8231e+29,6.7797e+29,3.0830e+27,6.8070e+27,1.1327e+29,6.9035e+28,3.5165e+29,3.2632e+29,1.6540e+27,1.4290e+27,3.3130e+27,3.4940e+27,1.5157e+08,5.5334e+06,5.1602e+08,1.8866e-06,1.5053e+07,3.3367e+05,6.6468e+05,6.6419e+05,21.0,77.9,0.4,0.8,8.7008e+29,8.4249e+29,2.6893e+28,6.9200e+26,3.4676e+28,0.0000e+00,96.8,3.1,0.1
8,8.6108e+29,1.8009e+29,6.7141e+29,2.8190e+27,6.7600e+27,1.1158e+29,6.8510e+28,3.4785e+29,3.2355e+29,1.4760e+27,1.3430e+27,3.4050e+27,3.3550e+27,1.4995e+08,5.4143e+06,5.2220e+08,1.6377e-06,1.4998e+07,3.4096e+05,6.6418e+05,6.6363e+05,20.9,78.0,0.3,0.8,8.6120e+29,8.3407e+29,2.6429e+28,6.9700e+26,3.4369e+28,0.0000e+00,96.9,3.1,0.1
9,8.6304e+29,1.8043e+29,6.7276e+29,3.0560e+27,6.7990e+27,1.1142e+29,6.9007e+28,3.4714e+29,3.2562e+29,1.5620e+27,1.4940e+27,3.3620e+27,3.4370e+27,1.4837e+08,5.5954e+06,4.8283e+08,1.4189e-06,1.4894e+07,3.2162e+05,6.6363e+05,6.6301e+05,20.9,78.0,0.4,0.8,8.6310e+29,8.3597e+29,2.6404e+28,7.2900e+26,3.4561e+28,0.0000e+00,96.9,3.1,0.1
10,8.6105e+29,1.7964e+29,6.7162e+29,2.9960e+27,6.7960e+27,1.1000e+29,6.9635e+28,3.4619e+29,3.2543e+29,1.5390e+27,1.4570e+27,3.3940e+27,3.4020e+27,1.4673e+08,5.2268e+06,4.8171e+08,1.2289e-06,1.4656e+07,3.1400e+05,6.6301e+05,6.6233e+05,20.9,78.0,0.3,0.8,8.6132e+29,8.3485e+29,2.5758e+28,7.0800e+26,3.4493e+28,0.0000e+00,96.9,3.0,0.1
11,8.5834e+29,1.7961e+29,6.6895e+29,2.9890e+27,6.7860e+27,1.1040e+29,6.9206e+28,3.4533e+29,3.2362e+29,1.5310e+27,1.4580e+27,3.4650e+27,3.3210e+27,1.4532e+08,5.3633e+06,4.9005e+08,1.0673e-06,1.4713e+07,3.1804e+05,6.6232e+05,6.6158e+05,20.9,77.9,0.3,0.8,8.5881e+29,8.3196e+29,2.6057e+28,7.9200e+26,3.4419e+28,0.0000e+00,96.9,3.0,0.1
12,8.5359e+29,1.7807e+29,6.6576e+29,2.9870e+27,6.7820e+27,1.0891e+29,6.9155e+28,3.4392e+29,3.2184e+29,1.5230e+27,1.4640e+27,3.3800e+27,3.4020e+27,1.4380e+08,5.1933e+06,5.0899e+08,9.3712e-07,1.4193e+07,3.0701e+05,6.6157e+05,6.6077e+05,20.9,78.0,0.3,0.8,8.5390e+29,8.2738e+29,2.5655e+28,8.7200e+26,3.4338e+28,0.0000e+00,96.9,3.0,0.1
13,8.5436e+29,1.7936e+29,6.6539e+29,2.7790e+27,6.8290e+27,1.0953e+29,6.9831e+28,3.4289e+29,3.2251e+29,1.4050e+27,1.3740e+27,3.4330e+27,3.3960e+27,1.4262e+08,5.2964e+06,5.1716e+08,8.2342e-07,1.4294e+07,3.2578e+05,6.6076e+05,6.5989e+05,21.0,77.9,0.3,0.8,8.5470e+29,8.2812e+29,2.5717e+28,8.6000e+26,3.4501e+28,0.0000e+00,96.9,3.0,0.1
14,8.4573e+29,1.7732e+29,6.5881e+29,2.8450e+27,6.7580e+27,1.0781e+29,6.9513e+28,3.3981e+29,3.1900e+29,1.5160e+27,1.3290e+27,3.3660e+27,3.3920e+27,1.4147e+08,5.4303e+06,4.9071e+08,7.2606e-07,1.4402e+07,3.3355e+05,6.5988e+05,6.5895e+05,21.0,77.9,0.3,0.8,8.4604e+29,8.1977e+29,2.5332e+28,9.4100e+26,3.4157e+28,0.0000e+00,96.9,3.0,0.1
15,8.4382e+29,1.7806e+29,6.5596e+29,2.9950e+27,6.8040e+27,1.0839e+29,6.9668e+28,3.3922e+29,3.1674e+29,1.5740e+27,1.4210e+27,3.4250e+27,3.3790e+27,1.4018e+08,5.6470e+06,5.1366e+08,6.4174e-07,1.4381e+07,3.4714e+05,6.5895e+05,6.5795e+05,21.1,77.7,0.4,0.8,8.4423e+29,8.1798e+29,2.5199e+28,1.0500e+27,3.4306e+28,0.0000e+00,96.9,3.0,0.1
16,8.3748e+29,1.7712e+29,6.5070e+29,2.8590e+27,6.7880e+27,1.0750e+29,6.9626e+28,3.3596e+29,3.1474e+29,1.4870e+27,1.3720e+27,3.3370e+27,3.4510e+27,1.3892e+08,5.5395e+06,4.8913e+08,5.7228e-07,1.4307e+07,3.2575e+05,6.5795e+05,6.5689e+05,21.1,77.7,0.3,0.8,8.3799e+29,8.1193e+29,2.4964e+28,1.0960e+27,3.4199e+28,0.0000e+00,96.9,3.0,0.1
17,8.2908e+29,1.7585e+29,6.4343e+29,3.0160e+27,6.7810e+27,1.0653e+29,6.9322e+28,3.3057e+29,3.1286e+29,1.6320e+27,1.3840e+27,3.4520e+27,3.3290e+27,1.3757e+08,5.4486e+06,5.0734e+08,5.1282e-07,1.4233e+07,3.0324e+05,6.5688e+05,6.5577e+05,21.2,77.6,0.4,0.8,8.2925e+29,8.0352e+29,2.4487e+28,1.2410e+27,3.4086e+28,0.0000e+00,96.9,3.0,0.1
18,8.2834e+29,1.7656e+29,6.4207e+29,2.9050e+27,6.8120e+27,1.0681e+29,6.9743e+28,3.3054e+29,3.1153e+29,1.5380e+27,1.3670e+27,3.3810e+27,3.4310e+27,1.3613e+08,4.7958e+06,5.1895e+08,4.6403e-07,1.4159e+07,3.1786e+05,6.5576e+05,6.5458e+05,21.3,77.5,0.4,0.8,8.2919e+29,8.0348e+29,2.4261e+28,1.4500e+27,3.4212e+28,0.0000e+00,96.9,2.9,0.2
19,8.1822e+29,1.7549e+29,6.3303e+29,2.9000e+27,6.8020e+27,1.0580e+29,6.9693e+28,3.2644e+29,3.0659e+29,1.5280e+27,1.3720e+27,3.4010e+27,3.4010e+27,1.3534e+08,5.2294e+06,4.5406e+08,4.2260e-07,1.4258e+07,3.0489e+05,6.5457e+05,6.5333e+05,21.4,77.4,0.4,0.8,8.1856e+29,7.9364e+29,2.3459e+28,1.4630e+27,3.4085e+28,0.0000e+00,97.0,2.9,0.2
20,8.1045e+29,1.7432e+29,6.2641e+29,2.9360e+27,6.7830e+27,1.0466e+29,6.9666e+28,3.2210e+29,3.0431e+29,1.5080e+27,1.4280e+27,3.4200e+27,3.3630e+27,1.3429e+08,5.1385e+06,4.7681e+08,3.8952e-07,1.4308e+07,3.0859e+05,6.5332e+05,6.5202e+05,21.5,77.3,0.4,0.8,8.1115e+29,7.8629e+29,2.3250e+28,1.6050e+27,3.3953e+28,0.0000e+00,96.9,2.9,0.2
21,7.9745e+29,1.7369e+29,6.1414e+29,2.8480e+27,6.7700e+27,1.0430e+29,6.9397e+28,3.1531e+29,2.9883e+29,1.5200e+27,1.3280e+27,3.3550e+27,3.4150e+27,1.3322e+08,4.9749e+06,4.7226e+08,3.6278e-07,1.4245e+07,3.0355e+05,6.5201e+05,6.5066e+05,21.8,77.0,0.4,0.8,7.9816e+29,7.7375e+29,2.2667e+28,1.7480e+27,3.3814e+28,0.0000e+00,96.9,2.8,0.2
22,7.9355e+29,1.7328e+29,6.1052e+29,2.9320e+27,6.8100e+27,1.0372e+29,6.9562e+28,3.1335e+29,2.9717e+29,1.5610e+27,1.3710e+27,3.3410e+27,3.4690e+27,1.3219e+08,5.2025e+06,4.7496e+08,3.4147e-07,1.4289e+07,2.9385e+05,6.5065e+05,6.4923e+05,21.8,76.9,0.4,0.9,7.9423e+29,7.6994e+29,2.2311e+28,1.9770e+27,3.3912e+28,0.0000e+00,96.9,2.8,0.2
23,7.8506e+29,1.7221e+29,6.0317e+29,2.9100e+27,6.7730e+27,1.0282e+29,6.9396e+28,3.0971e+29,2.9346e+29,1.5200e+27,1.3900e+27,3.3910e+27,3.3820e+27,1.3119e+08,5.2556e+06,4.6667e+08,3.2522e-07,1.4173e+07,3.0034e+05,6.4922e+05,6.4775e+05,21.9,76.8,0.4,0.9,7.8596e+29,7.6218e+29,2.1648e+28,2.1320e+27,3.3761e+28,0.0000e+00,97.0,2.8,0.3
24,7.7314e+29,1.7258e+29,5.9091e+29,2.8300e+27,6.8180e+27,1.0306e+29,6.9519e+28,3.0328e+29,2.8763e+29,1.4840e+27,1.3460e+27,3.4660e+27,3.3520e+27,1.3015e+08,4.8433e+06,4.5613e+08,3.1356e-07,1.4033e+07,2.8798e+05,6.4774e+05,6.4620e+05,22.3,76.4,0.4,0.9,7.7420e+29,7.5093e+29,2.0898e+28,2.3670e+27,3.3843e+28,0.0000e+00,97.0,2.7,0.3
25,7.5278e+29,1.6956e+29,5.7369e+29,2.7740e+27,6.7590e+27,1.0101e+29,6.8548e+28,2.9267e+29,2.8102e+29,1.4560e+27,1.3180e+27,3.3800e+27,3.3790e+27,1.2928e+08,4.8147e+06,4.6805e+08,3.0575e-07,1.3867e+07,2.7080e+05,6.4619e+05,6.4462e+05,22.5,76.2,0.4,0.9,7.5337e+29,7.3074e+29,2.0101e+28,2.5260e+27,3.3441e+28,0.0000e+00,97.0,2.7,0.3
26,7.4899e+29,1.6993e+29,5.6944e+29,2.8320e+27,6.7900e+27,1.0140e+29,6.8530e+28,2.9109e+29,2.7835e+29,1.4510e+27,1.3810e+27,3.4440e+27,3.3460e+27,1.2829e+08,4.8150e+06,4.2203e+08,3.0261e-07,1.3785e+07,2.6139e+05,6.4460e+05,6.4296e+05,22.7,76.0,0.4,0.9,7.4978e+29,7.2730e+29,1.9809e+28,2.6700e+27,3.3511e+28,0.0000e+00,97.0,2.6,0.4
27,7.3828e+29,1.6954e+29,5.5917e+29,2.7520e+27,6.8190e+27,1.0080e+29,6.8744e+28,2.8497e+29,2.7420e+29,1.4370e+27,1.3150e+27,3.4680e+27,3.3510e+27,1.2751e+08,4.4775e+06,4.1631e+08,3.0231e-07,1.3683e+07,2.6070e+05,6.4295e+05,6.4125e+05,23.0,75.7,0.4,0.9,7.3938e+29,7.1720e+29,1.9255e+28,2.9240e+27,3.3572e+28,0.0000e+00,97.0,2.6,0.4
28,7.2362e+29,1.6807e+29,5.4597e+29,2.7760e+27,6.8040e+27,9.9412e+28,6.8653e+28,2.7797e+29,2.6800e+29,1.4590e+27,1.3170e+27,3.4370e+27,3.3670e+27,1.2661e+08,4.4064e+06,4.1386e+08,3.0391e-07,1.3551e+07,2.3951e+05,6.4123e+05,6.3948e+05,23.2,75.5,0.4,0.9,7.2442e+29,7.0266e+29,1.8582e+28,3.1770e+27,3.3390e+28,0.0000e+00,97.0,2.6,0.4
29,7.0617e+29,1.6631e+29,5.3024e+29,2.8210e+27,6.7950e+27,9.8507e+28,6.7803e+28,2.7027e+29,2.5997e+29,1.4450e+27,1.3760e+27,3.3560e+27,3.4390e+27,1.2566e+08,4.4160e+06,5.1382e+08,3.0895e-07,1.3387e+07,2.3048e+05,6.3947e+05,6.3767e+05,23.6,75.1,0.4,1.0,7.0684e+29,6.8560e+29,1.7889e+28,3.3500e+27,3.3203e+28,0.0000e+00,97.0,2.5,0.5
30,7.0083e+29,1.6669e+29,5.2457e+29,2.7560e+27,6.8140e+27,9.8943e+28,6.7746e+28,2.6636e+29,2.5821e+29,1.4690e+27,1.2870e+27,3.4350e+27,3.3790e+27,1.2479e+08,4.2357e+06,3.9916e+08,3.1877e-07,1.3380e+07,2.5166e+05,6.3765e+05,6.3579e+05,23.8,74.8,0.4,1.0,7.0203e+29,6.8102e+29,1.7578e+28,3.4340e+27,3.3244e+28,0.0000e+00,97.0,2.5,0.5
31,6.8463e+29,1.6405e+29,5.1111e+29,2.6750e+27,6.7960e+27,9.6915e+28,6.7131e+28,2.6052e+29,2.5059e+29,1.4170e+27,1.2580e+27,3.4190e+27,3.3770e+27,1.2388e+08,4.2185e+06,3.9735e+08,3.3476e-07,1.3560e+07,2.3592e+05,6.3578e+05,6.3387e+05,24.0,74.7,0.4,1.0,6.8550e+29,6.6494e+29,1.6940e+28,3.6200e+27,3.3046e+28,0.0000e+00,97.0,2.5,0.5
32,6.7367e+29,1.6416e+29,5.0006e+29,2.6290e+27,6.8190e+27,9.7312e+28,6.6849e+28,2.5417e+29,2.4589e+29,1.3560e+27,1.2730e+27,3.3690e+27,3.4500e+27,1.2293e+08,3.9364e+06,4.0571e+08,3.5608e-07,1.3322e+07,2.4348e+05,6.3386e+05,6.3189e+05,24.4,74.2,0.4,1.0,6.7439e+29,6.5428e+29,1.6257e+28,3.8480e+27,3.3072e+28,0.0000e+00,97.0,2.4,0.6
33,6.5608e+29,1.6238e+29,4.8424e+29,2.6670e+27,6.7980e+27,9.6205e+28,6.6172e+28,2.4708e+29,2.3716e+29,1.3840e+27,1.2830e+27,3.3830e+27,3.4150e+27,1.2209e+08,3.9968e+06,3.7810e+08,3.8570e-07,1.3320e+07,2.4377e+05,6.3188e+05,6.2987e+05,24.7,73.8,0.4,1.0,6.5698e+29,6.3748e+29,1.5543e+28,3.9590e+27,3.2863e+28,0.0000e+00,97.0,2.4,0.6
34,6.4403e+29,1.6147e+29,4.7313e+29,2.6070e+27,6.8220e+27,9.5540e+28,6.5933e+28,2.4185e+29,2.3127e+29,1.3330e+27,1.2740e+27,3.3510e+27,3.4710e+27,1.2119e+08,3.9260e+06,3.6484e+08,4.2621e-07,1.3031e+07,2.3668e+05,6.2985e+05,6.2778e+05,25.1,73.5,0.4,1.1,6.4479e+29,6.2547e+29,1.5193e+28,4.1270e+27,3.2875e+28,0.0000e+00,97.0,2.4,0.6
35,6.3219e+29,1.6039e+29,4.6236e+29,2.6410e+27,6.7980e+27,9.5096e+28,6.5298e+28,2.3602e+29,2.2634e+29,1.3810e+27,1.2600e+27,3.3250e+27,3.4730e+27,1.2021e+08,3.8531e+06,4.1948e+08,4.7615e-07,1.2938e+07,2.1223e+05,6.2777e+05,6.2566e+05,25.4,73.1,0.4,1.1,6.3286e+29,6.1392e+29,1.4636e+28,4.3060e+27,3.2655e+28,0.0000e+00,97.0,2.3,0.7
36,6.2245e+29,1.5979e+29,4.5330e+29,2.5380e+27,6.8200e+27,9.5059e+28,6.4729e+28,2.3114e+29,2.2216e+29,1.3580e+27,1.1800e+27,3.4480e+27,3.3720e+27,1.1910e+08,3.7961e+06,3.9038e+08,5.3865e-07,1.2785e+07,2.3203e+05,6.2565e+05,6.2348e+05,25.7,72.8,0.4,1.1,6.2307e+29,6.0461e+29,1.3971e+28,4.4830e+27,3.2654e+28,0.0000e+00,97.0,2.2,0.7
37,6.1077e+29,1.5835e+29,4.4313e+29,2.4940e+27,6.8030e+27,9.4010e+28,6.4337e+28,2.2631e+29,2.1682e+29,1.3050e+27,1.1890e+27,3.4350e+27,3.3680e+27,1.1833e+08,3.7214e+06,3.5564e+08,6.1880e-07,1.2545e+07,2.1939e+05,6.2347e+05,6.2127e+05,25.9,72.6,0.4,1.1,6.1155e+29,5.9341e+29,1.3587e+28,4.5460e+27,3.2423e+28,0.0000e+00,97.0,2.2,0.7
38,6.0514e+29,1.5786e+29,4.3794e+29,2.5290e+27,6.8090e+27,9.3527e+28,6.4332e+28,2.2358e+29,2.1436e+29,1.2780e+27,1.2510e+27,3.4300e+27,3.3790e+27,1.1742e+08,3.4350e+06,3.6724e+08,7.2096e-07,1.2450e+07,2.1777e+05,6.2125e+05,6.1900e+05,26.1,72.4,0.4,1.1,6.0584e+29,5.8812e+29,1.3180e+28,4.5390e+27,3.2408e+28,0.0000e+00,97.1,2.2,0.7
39,5.9008e+29,1.5601e+29,4.2490e+29,2.3710e+27,6.7940e+27,9.2901e+28,6.3113e+28,2.1644e+29,2.0845e+29,1.1960e+27,1.1750e+27,3.3750e+27,3.4190e+27,1.1639e+08,3.2526e+06,3.3794e+08,8.5445e-07,1.2378e+07,2.1373e+05,6.1898e+05,6.1669e+05,26.4,72.0,0.4,1.2,5.9072e+29,5.7323e+29,1.2846e+28,4.6460e+27,3.2168e+28,0.0000e+00,97.0,2.2,0.8
40,5.8014e+29,1.5491e+29,4.1600e+29,2.4100e+27,6.8160e+27,9.2155e+28,6.2755e+28,2.1332e+29,2.0268e+29,1.1910e+27,1.2190e+27,3.3170e+27,3.4990e+27,1.1555e+08,3.6584e+06,3.3580e+08,1.0235e-06,1.2207e+07,2.0499e+05,6.1667e+05,6.1433e+05,26.7,71.7,0.4,1.2,5.8057e+29,5.6331e+29,1.2411e+28,4.8460e+27,3.2141e+28,0.0000e+00,97.0,2.1,0.8
41,5.7441e+29,1.5500e+29,4.1017e+29,2.4090e+27,6.8340e+27,9.2295e+28,6.2704e+28,2.0860e+29,2.0157e+29,1.2390e+27,1.1700e+27,3.3970e+27,3.4370e+27,1.1494e+08,3.5936e+06,3.4921e+08,1.2458e-06,1.2214e+07,2.0004e+05,6.1431e+05,6.1192e+05,27.0,71.4,0.4,1.2,5.7474e+29,5.5754e+29,1.2289e+28,4.9100e+27,3.2106e+28,0.0000e+00,97.0,2.1,0.9
42,5.6644e+29,1.5332e+29,4.0391e+29,2.4080e+27,6.8030e+27,9.1381e+28,6.1934e+28,2.0608e+29,1.9783e+29,1.2330e+27,1.1750e+27,3.4520e+27,3.3510e+27,1.1415e+08,3.2757e+06,3.3958e+08,1.5402e-06,1.2033e+07,1.9176e+05,6.1191e+05,6.0948e+05,27.1,71.3,0.4,1.2,5.6684e+29,5.5005e+29,1.1911e+28,4.8830e+27,3.1851e+28,0.0000e+00,97.0,2.1,0.9
43,5.6062e+29,1.5326e+29,3.9814e+29,2.3860e+27,6.8360e+27,9.1903e+28,6.1353e+28,2.0316e+29,1.9498e+29,1.2470e+27,1.1390e+27,3.3840e+27,3.4520e+27,1.1343e+08,3.4872e+06,3.2936e+08,1.9162e-06,1.1917e+07,1.8756e+05,6.0947e+05,6.0700e+05,27.3,71.0,0.4,1.2,5.6124e+29,5.4455e+29,1.1696e+28,4.9940e+27,3.1804e+28,0.0000e+00,97.0,2.1,0.9
44,5.5083e+29,1.5136e+29,3.9041e+29,2.2600e+27,6.8010e+27,9.0748e+28,6.0615e+28,2.0070e+29,1.8970e+29,1.1600e+27,1.1000e+27,3.3390e+27,3.4620e+27,1.1271e+08,3.3967e+06,3.3546e+08,1.9050e-06,1.1748e+07,2.0905e+05,6.0698e+05,6.0448e+05,27.5,70.9,0.4,1.2,5.5133e+29,5.3495e+29,1.1383e+28,4.9930e+27,3.1540e+28,0.0000e+00,97.0,2.1,0.9
45,5.4545e+29,1.5121e+29,3.8515e+29,2.2730e+27,6.8170e+27,9.0763e+28,6.0449e+28,1.9752e+29,1.8763e+29,1.1410e+27,1.1320e+27,3.3650e+27,3.4520e+27,1.1192e+08,3.6892e+06,3.3131e+08,1.3497e-06,1.1691e+07,2.0482e+05,6.0446e+05,6.0192e+05,27.7,70.6,0.4,1.2,5.4567e+29,5.2930e+29,1.1213e+28,5.1580e+27,3.1482e+28,0.0000e+00,97.0,2.1,0.9
46,5.3997e+29,1.5095e+29,3.7990e+29,2.2800e+27,6.8370e+27,9.0812e+28,6.0140e+28,1.9498e+29,1.8492e+29,1.1710e+27,1.1090e+27,3.4110e+27,3.4260e+27,1.1131e+08,3.7355e+06,3.3998e+08,9.2646e-07,1.1373e+07,2.0318e+05,6.0190e+05,5.9931e+05,28.0,70.4,0.4,1.3,5.4036e+29,5.2426e+29,1.0881e+28,5.2160e+27,3.1416e+28,0.0000e+00,97.0,2.0,1.0
47,5.3684e+29,1.5086e+29,3.7685e+29,2.2920e+27,6.8390e+27,9.0931e+28,5.9929e+28,1.9418e+29,1.8267e+29,1.2010e+27,1.0910e+27,3.4700e+27,3.3690e+27,1.1055e+08,3.4358e+06,3.2256e+08,6.1398e-07,1.1109e+07,2.1005e+05,5.9930e+05,5.9667e+05,28.1,70.2,0.4,1.3,5.3717e+29,5.2115e+29,1.0689e+28,5.3230e+27,3.1344e+28,0.0000e+00,97.0,2.0,1.0
48,5.2913e+29,1.5049e+29,3.6955e+29,2.2660e+27,6.8190e+27,9.1224e+28,5.9268e+28,1.9010e+29,1.7945e+29,1.1370e+27,1.1290e+27,3.4080e+27,3.4110e+27,1.0988e+08,3.6383e+06,3.4122e+08,3.9245e-07,1.0795e+07,2.0521e+05,5.9665e+05,5.9399e+05,28.4,69.8,0.4,1.3,5.2933e+29,5.1381e+29,1.0318e+28,5.1970e+27,3.1062e+28,0.0000e+00,97.1,1.9,1.0
49,5.2527e+29,1.4944e+29,3.6681e+29,2.1960e+27,6.8250e+27,9.0831e+28,5.8606e+28,1.8911e+29,1.7769e+29,1.1160e+27,1.0800e+27,3.4670e+27,3.3580e+27,1.0898e+08,3.6915e+06,3.1697e+08,2.4242e-07,1.0707e+07,2.1462e+05,5.9398e+05,5.9128e+05,28.4,69.8,0.4,1.3,5.2605e+29,5.1053e+29,1.0286e+28,5.2370e+27,3.0979e+28,0.0000e+00,97.0,2.0,1.0
50,5.2014e+29,1.4963e+29,3.6141e+29,2.2590e+27,6.8450e+27,9.1316e+28,5.8310e+28,1.8805e+29,1.7335e+29,1.1840e+27,1.0750e+27,3.4090e+27,3.4360e+27,1.0829e+08,3.6321e+06,2.9737e+08,1.4122e-07,1.0579e+07,2.0528e+05,5.9127e+05,5.8853e+05,28.8,69.5,0.4,1.3,5.2015e+29,5.0484e+29,1.0052e+28,5.2540e+27,3.0889e+28,0.0000e+00,97.1,1.9,1.0
51,5.1508e+29,1.4924e+29,3.5677e+29,2.2510e+27,6.8160e+27,9.1410e+28,5.7834e+28,1.8799e+29,1.6878e+29,1.1320e+27,1.1190e+27,3.3840e+27,3.4320e+27,1.0836e+08,3.6441e+06,2.9541e+08,7.8083e-08,1.0491e+07,1.9967e+05,5.8852e+05,5.8577e+05,29.0,69.3,0.4,1.3,5.1522e+29,5.0006e+29,9.7910e+27,5.3690e+27,3.0596e+28,0.0000e+00,97.1,1.9,1.0
52,5.1416e+29,1.4965e+29,3.5542e+29,2.2190e+27,6.8660e+27,9.2061e+28,5.7591e+28,1.8651e+29,1.6891e+29,1.1220e+27,1.0970e+27,3.3930e+27,3.4730e+27,1.1096e+08,3.6778e+06,3.1428e+08,4.0308e-08,1.0343e+07,1.9527e+05,5.8575e+05,5.8294e+05,29.1,69.1,0.4,1.3,5.1449e+29,4.9936e+29,9.6870e+27,5.4450e+27,3.0692e+28,0.0000e+00,97.1,1.9,1.1
53,5.1155e+29,1.4949e+29,3.5302e+29,2.2260e+27,6.8120e+27,9.2191e+28,5.7296e+28,1.8592e+29,1.6710e+29,1.1210e+27,1.1050e+27,3.4100e+27,3.4020e+27,1.1363e+08,3.2749e+06,3.0310e+08,1.9379e-08,1.0252e+07,2.1036e+05,5.8292e+05,5.8010e+05,29.2,69.0,0.4,1.3,5.1155e+29,4.9668e+29,9.4520e+27,5.4120e+27,3.0390e+28,0.0000e+00,97.1,1.8,1.1
54,5.0860e+29,1.4928e+29,3.5032e+29,2.1590e+27,6.8350e+27,9.2552e+28,5.6731e+28,1.8516e+29,1.6517e+29,1.0740e+27,1.0850e+27,3.3840e+27,3.4510e+27,1.1635e+08,3.4543e+06,3.0369e+08,8.5222e-09,1.0160e+07,1.9980e+05,5.8009e+05,5.7723e+05,29.4,68.9,0.4,1.3,5.0907e+29,4.9400e+29,9.5530e+27,5.5130e+27,3.0279e+28,0.0000e+00,97.0,1.9,1.1
55,5.0118e+29,1.4845e+29,3.4375e+29,2.1730e+27,6.8040e+27,9.2464e+28,5.5983e+28,1.8194e+29,1.6181e+29,1.1200e+27,1.0530e+27,3.3380e+27,3.4660e+27,1.1911e+08,3.5472e+06,3.0435e+08,3.3862e-09,9.9773e+06,2.1107e+05,5.7722e+05,5.7435e+05,29.6,68.6,0.4,1.4,5.0107e+29,4.8652e+29,9.1990e+27,5.3470e+27,2.9973e+28,0.0000e+00,97.1,1.8,1.1
56,5.0387e+29,1.4915e+29,3.4560e+29,2.2530e+27,6.8610e+27,9.3275e+28,5.5877e+28,1.8260e+29,1.6300e+29,1.1580e+27,1.0950e+27,3.4580e+27,3.4030e+27,1.2191e+08,3.8318e+06,2.9409e+08,1.1777e-09,9.7433e+06,2.1792e+05,5.7433e+05,5.7141e+05,29.6,68.6,0.4,1.4,5.0432e+29,4.8943e+29,9.2750e+27,5.6160e+27,3.0040e+28,0.0000e+00,97.0,1.8,1.1
57,4.9755e+29,1.4869e+29,3.3992e+29,2.1360e+27,6.8080e+27,9.3330e+28,5.5361e+28,1.8091e+29,1.5901e+29,1.0890e+27,1.0470e+27,3.4530e+27,3.3550e+27,1.2466e+08,3.4227e+06,3.0787e+08,3.4772e-10,9.5423e+06,2.2681e+05,5.7140e+05,5.6847e+05,29.9,68.3,0.4,1.4,4.9780e+29,4.8344e+29,9.0360e+27,5.3320e+27,2.9727e+28,0.0000e+00,97.1,1.8,1.1
58,5.0070e+29,1.5005e+29,3.4168e+29,2.0870e+27,6.8760e+27,9.4607e+28,5.5443e+28,1.8293e+29,1.5875e+29,1.0170e+27,1.0700e+27,3.4020e+27,3.4740e+27,1.2762e+08,3.8449e+06,2.7006e+08,8.1961e-11,9.4815e+06,2.1929e+05,5.6845e+05,5.6548e+05,30.0,68.2,0.4,1.4,5.0088e+29,4.8611e+29,9.2080e+27,5.5620e+27,2.9779e+28,0.0000e+00,97.1,1.8,1.1
59,4.9230e+29,1.4929e+29,3.3407e+29,2.1080e+27,6.8340e+27,9.4672e+28,5.4621e+28,1.7776e+29,1.5630e+29,1.0930e+27,1.0150e+27,3.4840e+27,3.3500e+27,1.3066e+08,3.7083e+06,2.8557e+08,1.4652e-11,9.3409e+06,2.2519e+05,5.6546e+05,5.6248e+05,30.3,67.9,0.4,1.4,4.9245e+29,4.7830e+29,8.6910e+27,5.4590e+27,2.9458e+28,0.0000e+00,97.1,1.8,1.1
60,4.9349e+29,1.4920e+29,3.3516e+29,2.2760e+27,6.8410e+27,9.4646e+28,5.4558e+28,1.7986e+29,1.5531e+29,1.1250e+27,1.1510e+27,3.4600e+27,3.3810e+27,1.3356e+08,3.4894e+06,2.9474e+08,1.7064e-12,9.1438e+06,2.2388e+05,5.6247e+05,5.5947e+05,30.2,67.9,0.5,1.4,4.9366e+29,4.7934e+29,8.8210e+27,5.5020e+27,2.9317e+28,0.0000e+00,97.1,1.8,1.1
61,4.8770e+29,1.4890e+29,3.2987e+29,2.0860e+27,6.8530e+27,9.5171e+28,5.3724e+28,1.7759e+29,1.5227e+29,9.9900e+26,1.0870e+27,3.4160e+27,3.4370e+27,1.3662e+08,2.6436e+06,3.0393e+08,1.0195e-13,8.9409e+06,2.1984e+05,5.5945e+05,5.5642e+05,30.5,67.6,0.4,1.4,4.8760e+29,4.7365e+29,8.4780e+27,5.4740e+27,2.9172e+28,0.0000e+00,97.1,1.7,1.1
62,4.8599e+29,1.4920e+29,3.2783e+29,2.1200e+27,6.8470e+27,9.6066e+28,5.3130e+28,1.7780e+29,1.5003e+29,1.0640e+27,1.0560e+27,3.3680e+27,3.4790e+27,1.3955e+08,1.7695e+06,2.7346e+08,1.8109e-15,8.9127e+06,2.1214e+05,5.5640e+05,5.5336e+05,30.7,67.5,0.4,1.4,4.8641e+29,4.7235e+29,8.5390e+27,5.5280e+27,2.9021e+28,0.0000e+00,97.1,1.8,1.1
63,4.8443e+29,1.4903e+29,3.2634e+29,2.2070e+27,6.8560e+27,9.6068e+28,5.2964e+28,1.7743e+29,1.4891e+29,1.1150e+27,1.0920e+27,3.4480e+27,3.4080e+27,1.4244e+08,8.6515e+05,2.6345e+08,1.6565e-18,8.8132e+06,2.3001e+05,5.5334e+05,5.5027e+05,30.8,67.4,0.5,1.4,4.8462e+29,4.7081e+29,8.4290e+27,5.3830e+27,2.8866e+28,0.0000e+00,97.1,1.7,1.1
64,4.8251e+29,1.4954e+29,3.2394e+29,2.1820e+27,6.8510e+27,9.7215e+28,5.2325e+28,1.7640e+29,1.4754e+29,1.0750e+27,1.1070e+27,3.4800e+27,3.3710e+27,1.4543e+08,1.1278e+03,2.6479e+08,1.0032e-20,1.1991e+07,2.3010e+05,5.5026e+05,5.4717e+05,31.0,67.1,0.5,1.4,4.8284e+29,4.6904e+29,8.2690e+27,5.5280e+27,2.8706e+28,0.0000e+00,97.1,1.7,1.1
65,4.8248e+29,1.5096e+29,3.2251e+29,2.1670e+27,6.8570e+27,9.7325e+28,5.3630e+28,1.6341e+29,1.5910e+29,1.1490e+27,1.0180e+27,3.4030e+27,3.4540e+27,1.4851e+08,1.4234e+05,2.6065e+08,1.0286e-20,1.1908e+07,2.3611e+05,5.4715e+05,5.4405e+05,31.3,66.8,0.4,1.4,4.8242e+29,4.6887e+29,8.3150e+27,5.2340e+27,2.8542e+28,0.0000e+00,97.2,1.7,1.1
66,4.8213e+29,1.5318e+29,3.1992e+29,2.1680e+27,6.8560e+27,9.9993e+28,5.3187e+28,1.6390e+29,1.5602e+29,1.2040e+27,9.6400e+26,3.3570e+27,3.4990e+27,1.5165e+08,1.9887e+06,2.7058e+08,1.8657e-17,1.1652e+07,2.3359e+05,5.4403e+05,5.4092e+05,31.8,66.4,0.4,1.4,4.8242e+29,4.6865e+29,8.3050e+27,5.4670e+27,2.8374e+28,0.0000e+00,97.1,1.7,1.1
67,4.8256e+29,1.5575e+29,3.1782e+29,2.1360e+27,6.8590e+27,1.0277e+29,5.2979e+28,1.6290e+29,1.5492e+29,1.1820e+27,9.5400e+26,3.4010e+27,3.4580e+27,1.5488e+08,3.8866e+06,2.7959e+08,1.3184e-14,1.1305e+07,2.5038e+05,5.4090e+05,5.3777e+05,32.3,65.9,0.4,1.4,4.8228e+29,4.6850e+29,8.1970e+27,5.5850e+27,2.8202e+28,0.0000e+00,97.1,1.7,1.2
68,4.8545e+29,1.5888e+29,3.1757e+29,2.1380e+27,6.8610e+27,1.0630e+29,5.2585e+28,1.6398e+29,1.5360e+29,1.1690e+27,9.6900e+26,3.4160e+27,3.4450e+27,1.5817e+08,4.5863e+06,2.7155e+08,7.6251e-13,1.0993e+07,2.3534e+05,5.3775e+05,5.3460e+05,32.7,65.4,0.4,1.4,4.8565e+29,4.7212e+29,8.0220e+27,5.5080e+27,2.8027e+28,0.0000e+00,97.2,1.7,1.1
69,4.8706e+29,1.6189e+29,3.1610e+29,2.1770e+27,6.8940e+27,1.0884e+29,5.3044e+28,1.6342e+29,1.5269e+29,1.1540e+27,1.0230e+27,3.4560e+27,3.4380e+27,1.6142e+08,4.4559e+06,2.6864e+08,1.4728e-11,1.0757e+07,2.3025e+05,5.3459e+05,5.3141e+05,33.2,64.9,0.4,1.4,4.8723e+29,4.7330e+29,8.1690e+27,5.7590e+27,2.8009e+28,0.0000e+00,97.1,1.7,1.2
70,4.8501e+29,1.6426e+29,3.1167e+29,2.2110e+27,6.8630e+27,1.1168e+29,5.2581e+28,1.6202e+29,1.4965e+29,1.1750e+27,1.0360e+27,3.4330e+27,3.4300e+27,1.6440e+08,4.3292e+06,2.5159e+08,1.5493e-10,1.0412e+07,2.2701e+05,5.3139e+05,5.2823e+05,33.9,64.3,0.5,1.4,4.8487e+29,4.7109e+29,8.1090e+27,5.6770e+27,2.7664e+28,0.0000e+00,97.2,1.7,1.2
71,4.8989e+29,1.6783e+29,3.1305e+29,2.1520e+27,6.8540e+27,1.1571e+29,5.2125e+28,1.6427e+29,1.4879e+29,1.1290e+27,1.0230e+27,3.4180e+27,3.4360e+27,1.6744e+08,4.4828e+06,2.7013e+08,1.0789e-09,1.0123e+07,2.4867e+05,5.2821e+05,5.2504e+05,34.3,63.9,0.4,1.4,4.8992e+29,4.7601e+29,8.0860e+27,5.8280e+27,2.7479e+28,0.0000e+00,97.2,1.7,1.2
72,4.9291e+29,1.7147e+29,3.1225e+29,2.2940e+27,6.8950e+27,1.1882e+29,5.2642e+28,1.6447e+29,1.4778e+29,1.2270e+27,1.0670e+27,3.4430e+27,3.4520e+27,1.7033e+08,4.8532e+06,2.5913e+08,5.6894e-09,9.8865e+06,2.3625e+05,5.2502e+05,5.2183e+05,34.8,63.3,0.5,1.4,4.9292e+29,4.7890e+29,7.9250e+27,6.0930e+27,2.7445e+28,0.0000e+00,97.2,1.6,1.2
73,4.9256e+29,1.7316e+29,3.1030e+29,2.2480e+27,6.8480e+27,1.2157e+29,5.1595e+28,1.6461e+29,1.4569e+29,1.1880e+27,1.0600e+27,3.4010e+27,3.4470e+27,1.7339e+08,4.8460e+06,3.2236e+08,2.4459e-08,9.6473e+06,2.3202e+05,5.2181e+05,5.1862e+05,35.2,63.0,0.5,1.4,4.9264e+29,4.7861e+29,7.8970e+27,6.1300e+27,2.7098e+28,0.0000e+00,97.2,1.6,1.2
74,4.9641e+29,1.7756e+29,3.0987e+29,2.0930e+27,6.8870e+27,1.2582e+29,5.1743e+28,1.6625e+29,1.4361e+29,1.0900e+27,1.0030e+27,3.3950e+27,3.4920e+27,1.7620e+08,4.8033e+06,2.7230e+08,8.8992e-08,9.4504e+06,2.6545e+05,5.1861e+05,5.1540e+05,35.8,62.4,0.4,1.4,4.9683e+29,4.8296e+29,7.8970e+27,5.9790e+27,2.7055e+28,0.0000e+00,97.2,1.6,1.2
75,4.9610e+29,1.8071e+29,3.0637e+29,2.1450e+27,6.8750e+27,1.2933e+29,5.1378e+28,1.6574e+29,1.4063e+29,1.1250e+27,1.0200e+27,3.4200e+27,3.4550e+27,1.7878e+08,4.6529e+06,2.3851e+08,2.0580e-07,9.3376e+06,2.6238e+05,5.1538e+05,5.1217e+05,36.4,61.8,0.4,1.4,4.9596e+29,4.8204e+29,7.7920e+27,6.1240e+27,2.6856e+28,0.0000e+00,97.2,1.6,1.2
76,4.9917e+29,1.8401e+29,3.0601e+29,2.2630e+27,6.8800e+27,1.3260e+29,5.1414e+28,1.6702e+29,1.3899e+29,1.1390e+27,1.1240e+27,3.4670e+27,3.4130e+27,1.8145e+08,4.7172e+06,2.7680e+08,5.6063e-08,9.1128e+06,2.6668e+05,5.1216e+05,5.0895e+05,36.9,61.3,0.5,1.4,4.9895e+29,4.8511e+29,7.7640e+27,6.0750e+27,2.6654e+28,0.0000e+00,97.2,1.6,1.2
77,5.0232e+29,1.8767e+29,3.0548e+29,2.2580e+27,6.9080e+27,1.3669e+29,5.0986e+28,1.6784e+29,1.3764e+29,1.1770e+27,1.0810e+27,3.5060e+27,3.4020e+27,1.9653e+08,4.8456e+06,2.5626e+08,1.2153e-08,8.9135e+06,2.6484e+05,5.0893e+05,5.0570e+05,37.4,60.8,0.4,1.4,5.0260e+29,4.8882e+29,7.6710e+27,6.1020e+27,2.6596e+28,0.0000e+00,97.3,1.5,1.2
78,5.0333e+29,1.8983e+29,3.0441e+29,2.2230e+27,6.8620e+27,1.3943e+29,5.0407e+28,1.6841e+29,1.3600e+29,1.1580e+27,1.0650e+27,3.4520e+27,3.4100e+27,2.1174e+08,4.8893e+06,2.4939e+08,1.9760e-09,8.7170e+06,2.8316e+05,5.0568e+05,5.0248e+05,37.7,60.5,0.4,1.4,5.0339e+29,4.8933e+29,7.8220e+27,6.2430e+27,2.6243e+28,0.0000e+00,97.2,1.6,1.2
79,5.0855e+29,1.9421e+29,3.0524e+29,2.2160e+27,6.8910e+27,1.4337e+29,5.0839e+28,1.6957e+29,1.3567e+29,1.1310e+27,1.0850e+27,3.4840e+27,3.4070e+27,2.2667e+08,4.7848e+06,2.3501e+08,2.0370e-10,8.5897e+06,2.7973e+05,5.0246e+05,4.9924e+05,38.2,60.0,0.4,1.4,5.0861e+29,4.9443e+29,7.8370e+27,6.3440e+27,2.6178e+28,0.0000e+00,97.2,1.5,1.2
80,5.0925e+29,1.9730e+29,3.0287e+29,2.2070e+27,6.8790e+27,1.4695e+29,5.0351e+28,1.7044e+29,1.3242e+29,1.1590e+27,1.0480e+27,3.4220e+27,3.4570e+27,2.4088e+08,3.5743e+06,2.5588e+08,1.0402e-11,8.3133e+06,2.8662e+05,4.9922e+05,4.9600e+05,38.7,59.5,0.4,1.4,5.0921e+29,4.9523e+29,7.7900e+27,6.1820e+27,2.5966e+28,0.0000e+00,97.3,1.5,1.2
81,5.1270e+29,2.0082e+29,3.0261e+29,2.3400e+27,6.9160e+27,1.5078e+29,5.0043e+28,1.7279e+29,1.2982e+29,1.2290e+27,1.1110e+27,3.4820e+27,3.4340e+27,2.5445e+08,2.3382e+06,2.5394e+08,1.4148e-13,8.1747e+06,2.8961e+05,4.9598e+05,4.9275e+05,39.2,59.0,0.5,1.3,5.1251e+29,4.9865e+29,7.6700e+27,6.1940e+27,2.5890e+28,0.0000e+00,97.3,1.5,1.2
82,5.1463e+29,2.0275e+29,3.0280e+29,2.2150e+27,6.8680e+27,1.5349e+29,4.9263e+28,1.7463e+29,1.2817e+29,1.1310e+27,1.0840e+27,3.4400e+27,3.4280e+27,2.6687e+08,1.0896e+06,2.5133e+08,7.0536e-17,8.0846e+06,2.8642e+05,4.9274e+05,4.8953e+05,39.4,58.8,0.4,1.3,5.1485e+29,5.0106e+29,7.5530e+27,6.2390e+27,2.5537e+28,0.0000e+00,97.3,1.5,1.2
83,5.1937e+29,2.0641e+29,3.0375e+29,2.3110e+27,6.8980e+27,1.5705e+29,4.9367e+28,1.7573e+29,1.2802e+29,1.2270e+27,1.0840e+27,3.5130e+27,3.3850e+27,2.7871e+08,2.5176e+03,2.4898e+08,1.0493e-20,1.1021e+07,2.8927e+05,4.8951e+05,4.8630e+05,39.7,58.5,0.4,1.3,5.1935e+29,5.0521e+29,7.8450e+27,6.2950e+27,2.5456e+28,0.0000e+00,97.3,1.5,1.2
84,5.2939e+29,2.1212e+29,3.0799e+29,2.3410e+27,6.9250e+27,1.6102e+29,5.1107e+28,1.6857e+29,1.3943e+29,1.2510e+27,1.0900e+27,3.4980e+27,3.4270e+27,2.8984e+08,4.1593e+05,2.5220e+08,1.0514e-20,1.0990e+07,2.8819e+05,4.8628e+05,4.8306e+05,40.1,58.2,0.4,1.3,5.2944e+29,5.1526e+29,7.7940e+27,6.3840e+27,2.5368e+28,0.0000e+00,97.3,1.5,1.2
85,5.2696e+29,2.1625e+29,3.0151e+29,2.3190e+27,6.8840e+27,1.6552e+29,5.0733e+28,1.6639e+29,1.3512e+29,1.2830e+27,1.0360e+27,3.4040e+27,3.4800e+27,3.0010e+08,3.2048e+06,2.2997e+08,3.3172e-15,1.0602e+07,2.9603e+05,4.8305e+05,4.7985e+05,41.0,57.2,0.4,1.3,5.2686e+29,5.1268e+29,7.7990e+27,6.3890e+27,2.5015e+28,0.0000e+00,97.3,1.5,1.2
86,5.3480e+29,2.2319e+29,3.0230e+29,2.4040e+27,6.9030e+27,1.7235e+29,5.0844e+28,1.6862e+29,1.3368e+29,1.3180e+27,1.0860e+27,3.3950e+27,3.5080e+27,3.0989e+08,5.2818e+06,2.4484e+08,1.7885e-12,1.0269e+07,2.8581e+05,4.7983e+05,4.7664e+05,41.7,56.5,0.4,1.3,5.3453e+29,5.2024e+29,7.7350e+27,6.5500e+27,2.4924e+28,0.0000e+00,97.3,1.4,1.2
87,5.4191e+29,2.2939e+29,3.0315e+29,2.4270e+27,6.9330e+27,1.7850e+29,5.0890e+28,1.6997e+29,1.3318e+29,1.3040e+27,1.1230e+27,3.3990e+27,3.5340e+27,3.1893e+08,5.3162e+06,2.4344e+08,9.0735e-11,1.0023e+07,2.8345e+05,4.7662e+05,4.7342e+05,42.3,55.9,0.4,1.3,5.4209e+29,5.2765e+29,7.7680e+27,6.6660e+27,2.4826e+28,0.0000e+00,97.3,1.4,1.2
88,5.4525e+29,2.3426e+29,3.0168e+29,2.4280e+27,6.8860e+27,1.8361e+29,5.0651e+28,1.7140e+29,1.3028e+29,1.3370e+27,1.0910e+27,3.4900e+27,3.3960e+27,3.2689e+08,5.6576e+06,2.3557e+08,1.6042e-09,9.8330e+06,2.8688e+05,4.7340e+05,4.7023e+05,43.0,55.3,0.4,1.3,5.4504e+29,5.3049e+29,7.9040e+27,6.6470e+27,2.4475e+28,0.0000e+00,97.3,1.5,1.2
89,5.5511e+29,2.4201e+29,3.0376e+29,2.4050e+27,6.9350e+27,1.9151e+29,5.0499e+28,1.7461e+29,1.2915e+29,1.2760e+27,1.1290e+27,3.5040e+27,3.4310e+27,3.3362e+08,5.5764e+06,2.6025e+08,1.5094e-08,9.5446e+06,2.9279e+05,4.7022e+05,4.6703e+05,43.6,54.7,0.4,1.2,5.5497e+29,5.4023e+29,7.8930e+27,6.8410e+27,2.4497e+28,0.0000e+00,97.3,1.4,1.2
90,5.5692e+29,2.4539e+29,3.0207e+29,2.5550e+27,6.9050e+27,1.9540e+29,4.9988e+28,1.7664e+29,1.2543e+29,1.3980e+27,1.1570e+27,3.4460e+27,3.4590e+27,3.3882e+08,5.7644e+06,2.1979e+08,2.9578e-08,9.2985e+06,2.9348e+05,4.6701e+05,4.6386e+05,44.1,54.2,0.5,1.2,5.5707e+29,5.4239e+29,8.0030e+27,6.6820e+27,2.4147e+28,0.0000e+00,97.4,1.4,1.2
91,5.6732e+29,2.5182e+29,3.0611e+29,2.4820e+27,6.9080e+27,2.0205e+29,4.9769e+28,1.8194e+29,1.2417e+29,1.3180e+27,1.1640e+27,3.4640e+27,3.4440e+27,3.4302e+08,4.6952e+06,2.1884e+08,3.4701e-09,9.0867e+06,3.0200e+05,4.6384e+05,4.6069e+05,44.4,54.0,0.4,1.2,5.6710e+29,5.5229e+29,8.0200e+27,6.7870e+27,2.4041e+28,0.0000e+00,97.4,1.4,1.2
92,5.7643e+29,2.5822e+29,3.0874e+29,2.5320e+27,6.9310e+27,2.0823e+29,4.9991e+28,1.8550e+29,1.2324e+29,1.3450e+27,1.1870e+27,3.5220e+27,3.4090e+27,3.4622e+08,3.6150e+06,2.5521e+08,2.1907e-10,8.9856e+06,3.3807e+05,4.6067e+05,4.5752e+05,44.8,53.6,0.4,1.2,5.7642e+29,5.6144e+29,8.1110e+27,6.8670e+27,2.3930e+28,0.0000e+00,97.4,1.4,1.2
93,5.8008e+29,2.6262e+29,3.0803e+29,2.5040e+27,6.9250e+27,2.1304e+29,4.9583e+28,1.8708e+29,1.2095e+29,1.2750e+27,1.2290e+27,3.4300e+27,3.4950e+27,3.4738e+08,2.4998e+06,2.6357e+08,4.7326e-12,8.7386e+06,3.3931e+05,4.5751e+05,4.5438e+05,45.3,53.1,0.4,1.2,5.8008e+29,5.6528e+29,8.1850e+27,6.6160e+27,2.3700e+28,0.0000e+00,97.4,1.4,1.1
94,5.8887e+29,2.6731e+29,3.1212e+29,2.5290e+27,6.9040e+27,2.1816e+29,4.9150e+28,1.9203e+29,1.2010e+29,1.3150e+27,1.2140e+27,3.5160e+27,3.3880e+27,3.4800e+08,1.3585e+06,2.3169e+08,9.2325e-15,8.6021e+06,3.3750e+05,4.5437e+05,4.5126e+05,45.4,53.0,0.4,1.2,5.8873e+29,5.7394e+29,8.0270e+27,6.7630e+27,2.3470e+28,0.0000e+00,97.5,1.4,1.1
95,5.9534e+29,2.7356e+29,3.1234e+29,2.5060e+27,6.9350e+27,2.2447e+29,4.9089e+28,1.9479e+29,1.1755e+29,1.3540e+27,1.1520e+27,3.4710e+27,3.4640e+27,3.4806e+08,1.7809e+05,2.3854e+08,1.0265e-20,8.4606e+06,3.2837e+05,4.5124e+05,4.4814e+05,45.9,52.5,0.4,1.2,5.9520e+29,5.8019e+29,8.2110e+27,6.8000e+27,2.3355e+28,0.0000e+00,97.5,1.4,1.1
96,6.0158e+29,2.7800e+29,3.1407e+29,2.5890e+27,6.9210e+27,2.2773e+29,5.0266e+28,1.8912e+29,1.2495e+29,1.4310e+27,1.1580e+27,3.4450e+27,3.4760e+27,3.4964e+08,4.1576e+03,2.2097e+08,1.0125e-20,1.1225e+07,3.3396e+05,4.4813e+05,4.4505e+05,46.2,52.2,0.4,1.2,6.0174e+29,5.8653e+29,8.4640e+27,6.7430e+27,2.3125e+28,0.0000e+00,97.5,1.4,1.1
97,6.1032e+29,2.8676e+29,3.1391e+29,2.7120e+27,6.9350e+27,2.3592e+29,5.0841e+28,1.8817e+29,1.2575e+29,1.5280e+27,1.1840e+27,3.5080e+27,3.4270e+27,3.5121e+08,2.8233e+06,2.2528e+08,1.3131e-15,1.1112e+07,3.2954e+05,4.4504e+05,4.4197e+05,47.0,51.4,0.4,1.1,6.1011e+29,5.9517e+29,8.0660e+27,6.8720e+27,2.3006e+28,0.0000e+00,97.6,1.3,1.1
98,6.2002e+29,2.9477e+29,3.1555e+29,2.7390e+27,6.9550e+27,2.4424e+29,5.0538e+28,1.9219e+29,1.2336e+29,1.5550e+27,1.1840e+27,3.4960e+27,3.4590e+27,3.5177e+08,6.1721e+06,2.2446e+08,3.1773e-12,1.0727e+07,3.2849e+05,4.4195e+05,4.3890e+05,47.5,50.9,0.4,1.1,6.1989e+29,6.0454e+29,8.4320e+27,6.9180e+27,2.2883e+28,0.0000e+00,97.5,1.4,1.1
99,6.2546e+29,3.0142e+29,3.1445e+29,2.6520e+27,6.9290e+27,2.5088e+29,5.0540e+28,1.9341e+29,1.2104e+29,1.4140e+27,1.2380e+27,3.5280e+27,3.4010e+27,3.5240e+08,5.6383e+06,2.2355e+08,2.6325e-10,1.0406e+07,3.3252e+05,4.3888e+05,4.3585e+05,48.2,50.3,0.4,1.1,6.2541e+29,6.1013e+29,8.3970e+27,6.8800e+27,2.2652e+28,0.0000e+00,97.6,1.3,1.1
100,6.3147e+29,3.0846e+29,3.1341e+29,2.6680e+27,6.9260e+27,2.5810e+29,5.0363e+28,1.9438e+29,1.1903e+29,1.4930e+27,1.1750e+27,3.4270e+27,3.4990e+27,3.5236e+08,4.7309e+06,2.3958e+08,5.7681e-09,1.0183e+07,3.3622e+05,4.3584e+05,4.3283e+05,48.8,49.6,0.4,1.1,6.3136e+29,6.1602e+29,8.5610e+27,6.7830e+27,2.2423e+28,0.0000e+00,97.6,1.4,1.1
101,6.4035e+29,3.1672e+29,3.1393e+29,2.7410e+27,6.9590e+27,2.6641e+29,5.0310e+28,1.9740e+29,1.1653e+29,1.4600e+27,1.2810e+27,3.4850e+27,3.4740e+27,3.5136e+08,3.7705e+06,2.1489e+08,4.1068e-09,1.0024e+07,3.4547e+05,4.3282e+05,4.2983e+05,49.5,49.0,0.4,1.1,6.4042e+29,6.2493e+29,8.5790e+27,6.9060e+27,2.2299e+28,0.0000e+00,97.6,1.3,1.1
102,6.5027e+29,3.2433e+29,3.1627e+29,2.7260e+27,6.9500e+27,2.7404e+29,5.0286e+28,2.0265e+29,1.1362e+29,1.5450e+27,1.1810e+27,3.5180e+27,3.4320e+27,3.5049e+08,2.7936e+06,2.1966e+08,1.7501e-10,9.8707e+06,3.3838e+05,4.2982e+05,4.2684e+05,49.9,48.6,0.4,1.1,6.5001e+29,6.3464e+29,8.6880e+27,6.6750e+27,2.2173e+28,0.0000e+00,97.6,1.3,1.0
103,6.6379e+29,3.3165e+29,3.2238e+29,2.8060e+27,6.9530e+27,2.8150e+29,5.0146e+28,2.0864e+29,1.1374e+29,1.4760e+27,1.3300e+27,3.4450e+27,3.5080e+27,3.4803e+08,1.7879e+06,2.4356e+08,1.6864e-12,9.7262e+06,3.2920e+05,4.2683e+05,4.2387e+05,50.0,48.6,0.4,1.0,6.6373e+29,6.4815e+29,8.6110e+27,6.9700e+27,2.2045e+28,0.0000e+00,97.7,1.3,1.1
104,6.7065e+29,3.3616e+29,3.2484e+29,2.7310e+27,6.9150e+27,2.8629e+29,4.9876e+28,2.1437e+29,1.1047e+29,1.4850e+27,1.2460e+27,3.4270e+27,3.4880e+27,3.4624e+08,7.5977e+05,2.1101e+08,2.9102e-16,9.4323e+06,3.3620e+05,4.2386e+05,4.2094e+05,50.1,48.4,0.4,1.0,6.7045e+29,6.5492e+29,8.8280e+27,6.7030e+27,2.1718e+28,0.0000e+00,97.7,1.3,1.0
105,6.8733e+29,3.4495e+29,3.3259e+29,2.8330e+27,6.9680e+27,2.9437e+29,5.0573e+28,2.1990e+29,1.1268e+29,1.6070e+27,1.2260e+27,3.4760e+27,3.4920e+27,3.4557e+08,2.1625e+03,2.3808e+08,1.0406e-20,1.2238e+07,3.4245e+05,4.2093e+05,4.1802e+05,50.2,48.4,0.4,1.0,6.8719e+29,6.7146e+29,8.8680e+27,6.8640e+27,2.1688e+28,0.0000e+00,97.7,1.3,1.0
106,6.9832e+29,3.5246e+29,3.3597e+29,2.9370e+27,6.9550e+27,3.0021e+29,5.2246e+28,2.1804e+29,1.1793e+29,1.7390e+27,1.1980e+27,3.5220e+27,3.4330e+27,3.4407e+08,1.0322e+06,2.2367e+08,1.3461e-19,1.2176e+07,3.7189e+05,4.1801e+05,4.1513e+05,50.5,48.1,0.4,1.0,6.9812e+29,6.8246e+29,8.9920e+27,6.6690e+27,2.1462e+28,0.0000e+00,97.8,1.3,1.0
107,7.1325e+29,3.6191e+29,3.4133e+29,3.0380e+27,6.9660e+27,3.1003e+29,5.1887e+28,2.2485e+29,1.1648e+29,1.7560e+27,1.2820e+27,3.4710e+27,3.4950e+27,3.4182e+08,4.6270e+06,2.5871e+08,2.9789e-13,1.1876e+07,3.7855e+05,4.1512e+05,4.1226e+05,50.7,47.9,0.4,1.0,7.1305e+29,6.9722e+29,9.2010e+27,6.6340e+27,2.1333e+28,0.0000e+00,97.8,1.3,0.9
108,7.2144e+29,3.6929e+29,3.4212e+29,3.0800e+27,6.9470e+27,3.1753e+29,5.1758e+28,2.2818e+29,1.1394e+29,1.7710e+27,1.3090e+27,3.5220e+27,3.4250e+27,3.4094e+08,4.1464e+06,2.3363e+08,1.0240e-10,1.1678e+07,3.8067e+05,4.1225e+05,4.0942e+05,51.2,47.4,0.4,1.0,7.2110e+29,7.0527e+29,9.1360e+27,6.6890e+27,2.1110e+28,0.0000e+00,97.8,1.3,0.9
109,7.3648e+29,3.8008e+29,3.4635e+29,3.0530e+27,7.0010e+27,3.2827e+29,5.1803e+28,2.3306e+29,1.1328e+29,1.7860e+27,1.2670e+27,3.5810e+27,3.4200e+27,3.4365e+08,3.3014e+06,2.2189e+08,4.1543e-09,1.1573e+07,3.8112e+05,4.0941e+05,4.0660e+05,51.6,47.0,0.4,1.0,7.3662e+29,7.2040e+29,9.4650e+27,6.7530e+27,2.1073e+28,0.0000e+00,97.8,1.3,0.9
110,7.3928e+29,3.8642e+29,3.4293e+29,2.9910e+27,6.9370e+27,3.3499e+29,5.1428e+28,2.3292e+29,1.1001e+29,1.6820e+27,1.3090e+27,3.4830e+27,3.4540e+27,3.4448e+08,2.4634e+06,2.3520e+08,4.4525e-10,1.1485e+07,3.8418e+05,4.0658e+05,4.0382e+05,52.3,46.4,0.4,0.9,7.3926e+29,7.2314e+29,9.5050e+27,6.6110e+27,2.0761e+28,0.0000e+00,97.8,1.3,0.9
111,7.5495e+29,3.9659e+29,3.4823e+29,3.1410e+27,6.9840e+27,3.4513e+29,5.1461e+28,2.4063e+29,1.0760e+29,1.7550e+27,1.3860e+27,3.4550e+27,3.5290e+27,3.4471e+08,1.5849e+06,2.2159e+08,4.5050e-12,1.1333e+07,3.8521e+05,4.0381e+05,4.0105e+05,52.5,46.1,0.4,0.9,7.5485e+29,7.3852e+29,9.6380e+27,6.6970e+27,2.0723e+28,0.0000e+00,97.8,1.3,0.9
112,7.6616e+29,4.0292e+29,3.5318e+29,3.0940e+27,6.9690e+27,3.5202e+29,5.0901e+28,2.4765e+29,1.0553e+29,1.7560e+27,1.3380e+27,3.4950e+27,3.4740e+27,3.4483e+08,6.8602e+05,2.3617e+08,8.2850e-16,1.1100e+07,3.8455e+05,4.0104e+05,3.9832e+05,52.6,46.1,0.4,0.9,7.6590e+29,7.4938e+29,1.0032e+28,6.4830e+27,2.0505e+28,0.0000e+00,97.8,1.3,0.8
113,7.7883e+29,4.1150e+29,3.5715e+29,3.2080e+27,6.9790e+27,3.6004e+29,5.1460e+28,2.5103e+29,1.0612e+29,1.8610e+27,1.3470e+27,3.4540e+27,3.5250e+27,3.4398e+08,7.3530e+02,2.4788e+08,1.0327e-20,1.4363e+07,3.7878e+05,3.9831e+05,3.9561e+05,52.8,45.9,0.4,0.9,7.7865e+29,7.6219e+29,9.9370e+27,6.5200e+27,2.0377e+28,0.0000e+00,97.9,1.3,0.8
114,7.9505e+29,4.2030e+29,3.6442e+29,3.3720e+27,6.9520e+27,3.6637e+29,5.3930e+28,2.5191e+29,1.1252e+29,2.0390e+27,1.3330e+27,3.5060e+27,3.4460e+27,3.4340e+08,1.0122e+06,2.4112e+08,1.7184e-19,1.4244e+07,3.9903e+05,3.9560e+05,3.9294e+05,52.9,45.8,0.4,0.9,7.9482e+29,7.7824e+29,1.0115e+28,6.4670e+27,2.0164e+28,0.0000e+00,97.9,1.3,0.8
115,8.1383e+29,4.3056e+29,3.7287e+29,3.4180e+27,6.9820e+27,3.7706e+29,5.3496e+28,2.6255e+29,1.1032e+29,2.0410e+27,1.3770e+27,3.4610e+27,3.5210e+27,3.4152e+08,3.7980e+06,2.5661e+08,6.2861e-13,1.3976e+07,3.9234e+05,3.9293e+05,3.9030e+05,52.9,45.8,0.4,0.9,8.1358e+29,7.9698e+29,1.0207e+28,6.3950e+27,2.0038e+28,0.0000e+00,98.0,1.3,0.8
116,8.2968e+29,4.4046e+29,3.7877e+29,3.4770e+27,6.9810e+27,3.8699e+29,5.3469e+28,2.7036e+29,1.0841e+29,2.0860e+27,1.3910e+27,3.5340e+27,3.4470e+27,3.4054e+08,3.0334e+06,2.6571e+08,2.2836e-10,1.3575e+07,4.1908e+05,3.9029e+05,3.8768e+05,53.1,45.7,0.4,0.8,8.2957e+29,8.1285e+29,1.0223e+28,6.4950e+27,1.9912e+28,0.0000e+00,98.0,1.2,0.8
117,8.4789e+29,4.5177e+29,3.8553e+29,3.5960e+27,6.9960e+27,3.9815e+29,5.3614e+28,2.7866e+29,1.0687e+29,2.1810e+27,1.4150e+27,3.4290e+27,3.5670e+27,3.3988e+08,2.2624e+06,2.6858e+08,7.4681e-10,1.3356e+07,4.1107e+05,3.8767e+05,3.8510e+05,53.3,45.5,0.4,0.8,8.4756e+29,8.3065e+29,1.0390e+28,6.5210e+27,1.9786e+28,0.0000e+00,98.0,1.2,0.8
118,8.5412e+29,4.5964e+29,3.8388e+29,3.6310e+27,6.9670e+27,4.0634e+29,5.3305e+28,2.8000e+29,1.0387e+29,2.1980e+27,1.4330e+27,3.4760e+27,3.4910e+27,3.3804e+08,1.4606e+06,2.5929e+08,7.7357e-12,1.3303e+07,4.2400e+05,3.8509e+05,3.8255e+05,53.8,44.9,0.4,0.8,8.5407e+29,8.3711e+29,1.0553e+28,6.4060e+27,1.9581e+28,0.0000e+00,98.0,1.2,0.8
119,8.6737e+29,4.6904e+29,3.8774e+29,3.6110e+27,6.9880e+27,4.1612e+29,5.2916e+28,2.8557e+29,1.0217e+29,2.1260e+27,1.4850e+27,3.4930e+27,3.4950e+27,3.3761e+08,6.3142e+05,2.6606e+08,1.5248e-15,1.3166e+07,4.1808e+05,3.8254e+05,3.8003e+05,54.1,44.7,0.4,0.8,8.6716e+29,8.5034e+29,1.0684e+28,6.1300e+27,1.9459e+28,0.0000e+00,98.1,1.2,0.7
120,8.8424e+29,4.7824e+29,3.9530e+29,3.7080e+27,6.9950e+27,4.2465e+29,5.3593e+28,2.9264e+29,1.0267e+29,2.2770e+27,1.4310e+27,3.4920e+27,3.5030e+27,3.4066e+08,2.2272e+03,2.9006e+08,1.0095e-20,1.7158e+07,4.1775e+05,3.8002e+05,3.7754e+05,54.1,44.7,0.4,0.8,8.8445e+29,8.6743e+29,1.1022e+28,5.9970e+27,1.9337e+28,0.0000e+00,98.1,1.2,0.7
121,9.0099e+29,4.8753e+29,4.0245e+29,4.0380e+27,6.9740e+27,4.3211e+29,5.5423e+28,2.9404e+29,1.0841e+29,2.5850e+27,1.4530e+27,3.5020e+27,3.4720e+27,3.4218e+08,1.0159e+06,2.6249e+08,2.0196e-19,1.7135e+07,4.3983e+05,3.7753e+05,3.7509e+05,54.1,44.7,0.4,0.8,9.0035e+29,8.8325e+29,1.0965e+28,6.1390e+27,1.9139e+28,0.0000e+00,98.1,1.2,0.7
122,9.2495e+29,4.9916e+29,4.1474e+29,4.0500e+27,6.9960e+27,4.4343e+29,5.5732e+28,3.0804e+29,1.0671e+29,2.6060e+27,1.4440e+27,3.5180e+27,3.4780e+27,3.4415e+08,2.9344e+06,2.9191e+08,1.0347e-12,1.6779e+07,4.4227e+05,3.7508e+05,3.7268e+05,54.0,44.8,0.4,0.8,9.2451e+29,9.0730e+29,1.1172e+28,6.0370e+27,1.9021e+28,0.0000e+00,98.1,1.2,0.7
123,9.4497e+29,5.1021e+29,4.2351e+29,4.2500e+27,7.0110e+27,4.5450e+29,5.5706e+28,3.1885e+29,1.0466e+29,2.7170e+27,1.5330e+27,3.5840e+27,3.4270e+27,3.4583e+08,2.2421e+06,2.8064e+08,3.8881e-10,1.6492e+07,4.3841e+05,3.7267e+05,3.7029e+05,54.0,44.8,0.4,0.7,9.4509e+29,9.2756e+29,1.1489e+28,6.0340e+27,1.8904e+28,0.0000e+00,98.1,1.2,0.6
124,9.6392e+29,5.2123e+29,4.3148e+29,4.1960e+27,7.0160e+27,4.6567e+29,5.5559e+28,3.2922e+29,1.0226e+29,2.7110e+27,1.4850e+27,3.4710e+27,3.5450e+27,3.4648e+08,1.5351e+06,2.9405e+08,5.8039e-11,1.6188e+07,4.4209e+05,3.7028e+05,3.6794e+05,54.1,44.8,0.4,0.7,9.6363e+29,9.4644e+29,1.1224e+28,5.9630e+27,1.8788e+28,0.0000e+00,98.2,1.2,0.6
125,9.7608e+29,5.3035e+29,4.3450e+29,4.2300e+27,6.9970e+27,4.7492e+29,5.5428e+28,3.3343e+29,1.0107e+29,2.6600e+27,1.5700e+27,3.4460e+27,3.5510e+27,3.4616e+08,7.9934e+05,2.8359e+08,6.7284e-14,1.6086e+07,4.6739e+05,3.6793e+05,3.6563e+05,54.3,44.5,0.4,0.7,9.7567e+29,9.5836e+29,1.1574e+28,5.7350e+27,1.8601e+28,0.0000e+00,98.2,1.2,0.6
126,9.9315e+29,5.4019e+29,4.4168e+29,4.2740e+27,7.0070e+27,4.8535e+29,5.4837e+28,3.4285e+29,9.8838e+28,2.6870e+27,1.5870e+27,3.4730e+27,3.5340e+27,3.4380e+08,3.4014e+04,2.9797e+08,1.0753e-20,1.5819e+07,4.6296e+05,3.6562e+05,3.6335e+05,54.4,44.5,0.4,0.7,9.9315e+29,9.7560e+29,1.1829e+28,5.7190e+27,1.8490e+28,0.0000e+00,98.2,1.2,0.6
127,1.0104e+30,5.4961e+29,4.4903e+29,4.8220e+27,6.9890e+27,4.9136e+29,5.8247e+28,3.4175e+29,1.0728e+29,3.2260e+27,1.5960e+27,3.4770e+27,3.5120e+27,3.4076e+08,5.8667e+02,3.1256e+08,1.0062e-20,2.1277e+07,4.5868e+05,3.6334e+05,3.6111e+05,54.4,44.4,0.5,0.7,1.0101e+30,9.9246e+29,1.1978e+28,5.7050e+27,1.8309e+28,0.0000e+00,98.2,1.2,0.6
128,1.0352e+30,5.6295e+29,4.6021e+29,5.0500e+27,7.0090e+27,5.0459e+29,5.8366e+28,3.5532e+29,1.0489e+29,3.3370e+27,1.7130e+27,3.5360e+27,3.4730e+27,3.3833e+08,2.6969e+06,3.1595e+08,1.0844e-13,2.0617e+07,4.7251e+05,3.6111e+05,3.5891e+05,54.4,44.5,0.5,0.7,1.0348e+30,1.0166e+30,1.2485e+28,5.7740e+27,1.8203e+28,0.0000e+00,98.2,1.2,0.6
129,1.0603e+30,5.7499e+29,4.7318e+29,5.0740e+27,7.0150e+27,5.1645e+29,5.8533e+28,3.6926e+29,1.0392e+29,3.3670e+27,1.7070e+27,3.5610e+27,3.4540e+27,3.3635e+08,2.0288e+06,3.0719e+08,1.4913e-10,2.0319e+07,4.7806e+05,3.5890e+05,3.5675e+05,54.2,44.6,0.5,0.7,1.0598e+30,1.0417e+30,1.2402e+28,5.6940e+27,1.8098e+28,0.0000e+00,98.3,1.2,0.5
130,1.0836e+30,5.8639e+29,4.8500e+29,5.1560e+27,7.0210e+27,5.2821e+29,5.8188e+28,3.8343e+29,1.0157e+29,3.4890e+27,1.6670e+27,3.5420e+27,3.4790e+27,3.3711e+08,1.3318e+06,3.1500e+08,2.6379e-11,2.0089e+07,4.9955e+05,3.5674e+05,3.5461e+05,54.1,44.8,0.5,0.6,1.0834e+30,1.0650e+30,1.2800e+28,5.5460e+27,1.7995e+28,0.0000e+00,98.3,1.2,0.5
131,1.0978e+30,5.9573e+29,4.8995e+29,5.0780e+27,6.9990e+27,5.3795e+29,5.7776e+28,3.9145e+29,9.8504e+28,3.4240e+27,1.6540e+27,3.5690e+27,3.4300e+27,3.4021e+08,6.1161e+05,3.4941e+08,8.8223e-15,1.9900e+07,5.1276e+05,3.5461e+05,3.5253e+05,54.3,44.6,0.5,0.6,1.0975e+30,1.0791e+30,1.2852e+28,5.4940e+27,1.7827e+28,0.0000e+00,98.3,1.2,0.5
132,1.1173e+30,6.0719e+29,4.9786e+29,5.2550e+27,7.0160e+27,5.4888e+29,5.8308e+28,3.9860e+29,9.9266e+28,3.5190e+27,1.7360e+27,3.5450e+27,3.4710e+27,3.4136e+08,2.3385e+03,3.1341e+08,1.0055e-20,2.6483e+07,4.9888e+05,3.5252e+05,3.5047e+05,54.3,44.6,0.5,0.6,1.1168e+30,1.0983e+30,1.3319e+28,5.2570e+27,1.7729e+28,0.0000e+00,98.3,1.2,0.5
133,1.1437e+30,6.1983e+29,5.1062e+29,6.2240e+27,7.0210e+27,5.5787e+29,6.1962e+28,4.0271e+29,1.0791e+29,4.3910e+27,1.8330e+27,3.5780e+27,3.4430e+27,3.4130e+08,7.4926e+05,3.4095e+08,1.7940e-20,2.6332e+07,4.8963e+05,3.5046e+05,3.4845e+05,54.2,44.6,0.5,0.6,1.1435e+30,1.1243e+30,1.3618e+28,5.5090e+27,1.7633e+28,0.0000e+00,98.3,1.2,0.5
134,1.1670e+30,6.3143e+29,5.2239e+29,6.1780e+27,7.0130e+27,5.6961e+29,6.1822e+28,4.1580e+29,1.0659e+29,4.3210e+27,1.8570e+27,3.5190e+27,3.4940e+27,3.4092e+08,2.1140e+06,3.5188e+08,1.3716e-12,2.5720e+07,5.2564e+05,3.4845e+05,3.4648e+05,54.1,44.8,0.5,0.6,1.1665e+30,1.1474e+30,1.3768e+28,5.3840e+27,1.7475e+28,0.0000e+00,98.4,1.2,0.5
135,1.1907e+30,6.4140e+29,5.3610e+29,6.2090e+27,6.9930e+27,5.7986e+29,6.1536e+28,4.3180e+29,1.0431e+29,4.4210e+27,1.7880e+27,3.4540e+27,3.5390e+27,3.4089e+08,1.4838e+06,3.4359e+08,2.0714e-10,2.5258e+07,5.4241e+05,3.4647e+05,3.4455e+05,53.9,45.0,0.5,0.6,1.1903e+30,1.1711e+30,1.3916e+28,5.3240e+27,1.7322e+28,0.0000e+00,98.4,1.2,0.4
136,1.2229e+30,6.5671e+29,5.5284e+29,6.2500e+27,7.0510e+27,5.9466e+29,6.2052e+28,4.5005e+29,1.0279e+29,4.3540e+27,1.8960e+27,3.4950e+27,3.5560e+27,3.3990e+08,8.2317e+05,3.5274e+08,4.2761e-13,2.4357e+07,5.4070e+05,3.4454e+05,3.4265e+05,53.7,45.2,0.5,0.6,1.2228e+30,1.2031e+30,1.4330e+28,5.3520e+27,1.7299e+28,0.0000e+00,98.4,1.2,0.4
137,1.2436e+30,6.6681e+29,5.6335e+29,6.4360e+27,7.0180e+27,6.0560e+29,6.1211e+28,4.6206e+29,1.0129e+29,4.4490e+27,1.9870e+27,3.4950e+27,3.5230e+27,3.3764e+08,1.3613e+05,3.6478e+08,1.0407e-20,2.3955e+07,5.4789e+05,3.4264e+05,3.4079e+05,53.6,45.3,0.5,0.6,1.2430e+30,1.2236e+30,1.4360e+28,5.0280e+27,1.7151e+28,0.0000e+00,98.4,1.2,0.4
138,1.2684e+30,6.7802e+29,5.7585e+29,7.4730e+27,7.0190e+27,6.1210e+29,6.5920e+28,4.6432e+29,1.1152e+29,5.4900e+27,1.9830e+27,3.4880e+27,3.5310e+27,3.3421e+08,1.1111e+03,3.6330e+08,1.0010e-20,3.3198e+07,5.8324e+05,3.4079e+05,3.3898e+05,53.5,45.4,0.6,0.6,1.2680e+30,1.2483e+30,1.4622e+28,5.1340e+27,1.7009e+28,0.0000e+00,98.4,1.2,0.4
139,1.3010e+30,6.9234e+29,5.9382e+29,7.8310e+27,7.0300e+27,6.2521e+29,6.7124e+28,4.8052e+29,1.1330e+29,5.7100e+27,2.1210e+27,3.5630e+27,3.4670e+27,3.3274e+08,2.1392e+06,4.0720e+08,4.2241e-14,3.2390e+07,5.9430e+05,3.3897e+05,3.3721e+05,53.2,45.6,0.6,0.5,1.3007e+30,1.2805e+30,1.5049e+28,5.1480e+27,1.6931e+28,0.0000e+00,98.4,1.2,0.4
140,1.3337e+30,7.0704e+29,6.1165e+29,7.9980e+27,7.0410e+27,6.3949e+29,6.7552e+28,4.9990e+29,1.1175e+29,5.8360e+27,2.1620e+27,3.5290e+27,3.5120e+27,3.3326e+08,1.5198e+06,4.0586e+08,1.4148e-10,3.1560e+07,6.0398e+05,3.3720e+05,3.3547e+05,53.0,45.9,0.6,0.5,1.3330e+30,1.3122e+30,1.5579e+28,5.2690e+27,1.6856e+28,0.0000e+00,98.4,1.2,0.4
141,1.3628e+30,7.1818e+29,6.2975e+29,7.8060e+27,7.0330e+27,6.5076e+29,6.7424e+28,5.1902e+29,1.1074e+29,5.6700e+27,2.1360e+27,3.5850e+27,3.4480e+27,3.3390e+08,8.6520e+05,4.2391e+08,1.0073e-12,3.0728e+07,5.9172e+05,3.3546e+05,3.3378e+05,52.7,46.2,0.6,0.5,1.3622e+30,1.3416e+30,1.5807e+28,4.8160e+27,1.6724e+28,0.0000e+00,98.5,1.2,0.4
142,1.3876e+30,7.3038e+29,6.4212e+29,8.0450e+27,7.0270e+27,6.6285e+29,6.7535e+28,5.3433e+29,1.0779e+29,5.7840e+27,2.2610e+27,3.5110e+27,3.5160e+27,3.3419e+08,1.7939e+05,3.9044e+08,1.4956e-19,3.0016e+07,6.2491e+05,3.3377e+05,3.3213e+05,52.6,46.3,0.6,0.5,1.3873e+30,1.3665e+30,1.6032e+28,4.7100e+27,1.6597e+28,0.0000e+00,98.5,1.2,0.3
143,1.4236e+30,7.4478e+29,6.6218e+29,9.5800e+27,7.0400e+27,6.7239e+29,7.2385e+28,5.4208e+29,1.2010e+29,7.2570e+27,2.3230e+27,3.6000e+27,3.4400e+27,3.3412e+08,2.0477e+03,3.8556e+08,1.0008e-20,4.5046e+07,6.5991e+05,3.3212e+05,3.3052e+05,52.3,46.5,0.7,0.5,1.4231e+30,1.4013e+30,1.6793e+28,5.0180e+27,1.6532e+28,0.0000e+00,98.5,1.2,0.4
144,1.4569e+30,7.5993e+29,6.7996e+29,9.9140e+27,7.0520e+27,6.8554e+29,7.4383e+28,5.5774e+29,1.2223e+29,7.4150e+27,2.4990e+27,3.5110e+27,3.5410e+27,3.3318e+08,1.9901e+06,4.1421e+08,2.5957e-14,4.3646e+07,6.8261e+05,3.3051e+05,3.2895e+05,52.2,46.7,0.7,0.5,1.4562e+30,1.4345e+30,1.6708e+28,4.9260e+27,1.6470e+28,0.0000e+00,98.5,1.1,0.3
145,1.4945e+30,7.7471e+29,7.0257e+29,1.0221e+28,7.0370e+27,6.9949e+29,7.5222e+28,5.8009e+29,1.2247e+29,7.6590e+27,2.5620e+27,3.4930e+27,3.5440e+27,3.3125e+08,1.3691e+06,4.1068e+08,1.3523e-10,4.1915e+07,6.8457e+05,3.2894e+05,3.2742e+05,51.8,47.0,0.7,0.5,1.4937e+30,1.4716e+30,1.7236e+28,4.8420e+27,1.6354e+28,0.0000e+00,98.5,1.2,0.3
146,1.5290e+30,7.8701e+29,7.2485e+29,1.0101e+28,7.0300e+27,7.1190e+29,7.5108e+28,6.0304e+29,1.2181e+29,7.5470e+27,2.5540e+27,3.5030e+27,3.5270e+27,3.3014e+08,7.2031e+05,4.3995e+08,2.3272e-13,4.0060e+07,7.0369e+05,3.2741e+05,3.2594e+05,51.5,47.4,0.7,0.5,1.5288e+30,1.5066e+30,1.7593e+28,4.5680e+27,1.6243e+28,0.0000e+00,98.6,1.2,0.3
147,1.5665e+30,8.0299e+29,7.4618e+29,1.0272e+28,7.0660e+27,7.2682e+29,7.6164e+28,6.2595e+29,1.2023e+29,7.5370e+27,2.7350e+27,3.5460e+27,3.5200e+27,3.2765e+08,4.2757e+04,4.2681e+08,1.0037e-20,3.8808e+07,7.3211e+05,3.2593e+05,3.2449e+05,51.3,47.6,0.7,0.5,1.5657e+30,1.5432e+30,1.8047e+28,4.4540e+27,1.6192e+28,0.0000e+00,98.6,1.2,0.3
148,1.6030e+30,8.1675e+29,7.6674e+29,1.2447e+28,7.0480e+27,7.3295e+29,8.3798e+28,6.2902e+29,1.3773e+29,9.6130e+27,2.8340e+27,3.4890e+27,3.5590e+27,3.2474e+08,1.9599e+03,4.4561e+08,1.0037e-20,5.7831e+07,7.5505e+05,3.2449e+05,3.2309e+05,51.0,47.8,0.8,0.4,1.6022e+30,1.5787e+30,1.8744e+28,4.7730e+27,1.6089e+28,0.0000e+00,98.5,1.2,0.3
149,1.6380e+30,8.3083e+29,7.8776e+29,1.2382e+28,7.0490e+27,7.4616e+29,8.4663e+28,6.4952e+29,1.3824e+29,9.4870e+27,2.8950e+27,3.4800e+27,3.5690e+27,3.2357e+08,1.7274e+06,4.3239e+08,3.0981e-13,5.5425e+07,7.8654e+05,3.2309e+05,3.2174e+05,50.7,48.1,0.8,0.4,1.6375e+30,1.6138e+30,1.9004e+28,4.7090e+27,1.5990e+28,0.0000e+00,98.6,1.2,0.3
150,1.6757e+30,8.4466e+29,8.1125e+29,1.2739e+28,7.0380e+27,7.5959e+29,8.5063e+28,6.7367e+29,1.3759e+29,9.6140e+27,3.1250e+27,3.4730e+27,3.5650e+27,3.2364e+08,1.1114e+06,4.4878e+08,2.4173e-11,5.3133e+07,8.2817e+05,3.2173e+05,3.2043e+05,50.4,48.4,0.8,0.4,1.6751e+30,1.6509e+30,1.9548e+28,4.6480e+27,1.5896e+28,0.0000e+00,98.6,1.2,0.3
151,1.7216e+30,8.6228e+29,8.3951e+29,1.2722e+28,7.0590e+27,7.7613e+29,8.6147e+28,7.0205e+29,1.3746e+29,9.6630e+27,3.0590e+27,3.4770e+27,3.5820e+27,3.2264e+08,4.5972e+05,4.7297e+08,2.6319e-15,5.0736e+07,8.5737e+05,3.2042e+05,3.1916e+05,50.1,48.8,0.7,0.4,1.7212e+30,1.6968e+30,2.0073e+28,4.3240e+27,1.5860e+28,0.0000e+00,98.6,1.2,0.3
152,1.7618e+30,8.7580e+29,8.6517e+29,1.3804e+28,7.0580e+27,7.8564e+29,9.0156e+28,7.1964e+29,1.4553e+29,1.0488e+28,3.3160e+27,3.5370e+27,3.5210e+27,3.2128e+08,1.7141e+03,4.6956e+08,1.0192e-20,6.1531e+07,8.6716e+05,3.1915e+05,3.1793e+05,49.7,49.1,0.8,0.4,1.7604e+30,1.7355e+30,2.0578e+28,4.2500e+27,1.5774e+28,0.0000e+00,98.6,1.2,0.2
153,1.8062e+30,8.9146e+29,8.9179e+29,1.5873e+28,7.0520e+27,7.9283e+29,9.8633e+28,7.2890e+29,1.6289e+29,1.2357e+28,3.5160e+27,3.5680e+27,3.4840e+27,3.2140e+08,1.4264e+06,4.5126e+08,1.1100e-17,6.0736e+07,9.0590e+05,3.1793e+05,3.1675e+05,49.4,49.4,0.9,0.4,1.8057e+30,1.7803e+30,2.0884e+28,4.5420e+27,1.5693e+28,0.0000e+00,98.6,1.2,0.3
154,1.8523e+30,9.0995e+29,9.1941e+29,1.5879e+28,7.0840e+27,8.0973e+29,1.0022e+29,7.5674e+29,1.6267e+29,1.2154e+28,3.7250e+27,3.6930e+27,3.3910e+27,3.2203e+08,1.4209e+06,4.8745e+08,1.2054e-11,5.8110e+07,9.2337e+05,3.1674e+05,3.1561e+05,49.1,49.6,0.9,0.4,1.8516e+30,1.8255e+30,2.1601e+28,4.4940e+27,1.5669e+28,0.0000e+00,98.6,1.2,0.2
155,1.8863e+30,9.2109e+29,9.4240e+29,1.5732e+28,7.0460e+27,8.2052e+29,1.0057e+29,7.8009e+29,1.6231e+29,1.2023e+28,3.7090e+27,3.5080e+27,3.5380e+27,3.2124e+08,7.6933e+05,4.9272e+08,5.7334e-13,5.5397e+07,9.6754e+05,3.1560e+05,3.1451e+05,48.8,50.0,0.8,0.4,1.8857e+30,1.8595e+30,2.2098e+28,4.1030e+27,1.5544e+28,0.0000e+00,98.6,1.2,0.2
156,1.9379e+30,9.3994e+29,9.7511e+29,1.5801e+28,7.0770e+27,8.3821e+29,1.0173e+29,8.1216e+29,1.6295e+29,1.1790e+28,4.0110e+27,3.5400e+27,3.5370e+27,3.1955e+08,8.9823e+04,5.1292e+08,1.0500e-20,5.3111e+07,1.0121e+06,3.1451e+05,3.1346e+05,48.5,50.3,0.8,0.4,1.9371e+30,1.9104e+30,2.2752e+28,4.0120e+27,1.5528e+28,0.0000e+00,98.6,1.2,0.2
157,1.9746e+30,9.5141e+29,9.9737e+29,1.8749e+28,7.0510e+27,8.3687e+29,1.1454e+29,8.0929e+29,1.8808e+29,1.4484e+28,4.2650e+27,3.5260e+27,3.5250e+27,3.1705e+08,1.7138e+03,5.0490e+08,1.0007e-20,6.4841e+07,1.0256e+06,3.1345e+05,3.1245e+05,48.2,50.5,0.9,0.4,1.9736e+30,1.9463e+30,2.3095e+28,4.1980e+27,1.5413e+28,0.0000e+00,98.6,1.2,0.2
158,2.0242e+30,9.7034e+29,1.0275e+30,1.9241e+28,7.0670e+27,8.5307e+29,1.1727e+29,8.3437e+29,1.9318e+29,1.4788e+28,4.4530e+27,3.4770e+27,3.5900e+27,3.1423e+08,1.6115e+06,4.7899e+08,2.1219e-13,6.2264e+07,1.1087e+06,3.1245e+05,3.1148e+05,47.9,50.8,1.0,0.3,2.0236e+30,1.9955e+30,2.3726e+28,4.3590e+27,1.5405e+28,0.0000e+00,98.6,1.2,0.2
159,2.0694e+30,9.8610e+29,1.0571e+30,1.9142e+28,7.0720e+27,8.6703e+29,1.1907e+29,8.6391e+29,1.9319e+29,1.4625e+28,4.5170e+27,3.4970e+27,3.5750e+27,3.1341e+08,9.8094e+05,5.0057e+08,7.5742e-12,5.9569e+07,1.1431e+06,3.1148e+05,3.1056e+05,47.7,51.1,0.9,0.3,2.0687e+30,2.0403e+30,2.4111e+28,4.2550e+27,1.5351e+28,0.0000e+00,98.6,1.2,0.2
160,2.1066e+30,9.9894e+29,1.0817e+30,1.8913e+28,7.0440e+27,8.7823e+29,1.2071e+29,8.9004e+29,1.9162e+29,1.4282e+28,4.6310e+27,3.5080e+27,3.5360e+27,3.1175e+08,3.1632e+05,5.0922e+08,7.1296e-17,5.7070e+07,1.1967e+06,3.1056e+05,3.0969e+05,47.4,51.3,0.9,0.3,2.1057e+30,2.0769e+30,2.4748e+28,4.0260e+27,1.5251e+28,0.0000e+00,98.6,1.2,0.2
161,2.1534e+30,1.0125e+30,1.1130e+30,2.0841e+28,7.0480e+27,8.8221e+29,1.3031e+29,9.0156e+29,2.1144e+29,1.5764e+28,5.0770e+27,3.5470e+27,3.5010e+27,3.1047e+08,1.2824e+02,5.1122e+08,1.0294e-20,6.6383e+07,1.2243e+06,3.0969e+05,3.0886e+05,47.0,51.7,1.0,0.3,2.1527e+30,2.1234e+30,2.5106e+28,4.1750e+27,1.5206e+28,0.0000e+00,98.6,1.2,0.2
162,2.2024e+30,1.0323e+30,1.1409e+30,2.2209e+28,7.0880e+27,8.9171e+29,1.4055e+29,9.1046e+29,2.3041e+29,1.6996e+28,5.2130e+27,3.5110e+27,3.5770e+27,3.0856e+08,1.7764e+06,5.7621e+08,2.0001e-15,6.4552e+07,1.2786e+06,3.0886e+05,3.0807e+05,46.9,51.8,1.0,0.3,2.2018e+30,2.1715e+30,2.6012e+28,4.3170e+27,1.5215e+28,0.0000e+00,98.6,1.2,0.2
163,2.2349e+30,1.0427e+30,1.1630e+30,2.2181e+28,7.0660e+27,9.0173e+29,1.4098e+29,9.3438e+29,2.2861e+29,1.6783e+28,5.3980e+27,3.4730e+27,3.5930e+27,3.0746e+08,1.1341e+06,5.2837e+08,4.2050e-11,6.1875e+07,1.2900e+06,3.0807e+05,3.0733e+05,46.7,52.0,1.0,0.3,2.2339e+30,2.2037e+30,2.6156e+28,4.0770e+27,1.5130e+28,0.0000e+00,98.6,1.2,0.2
164,2.2714e+30,1.0539e+30,1.1884e+30,2.2125e+28,7.0510e+27,9.1187e+29,1.4200e+29,9.6100e+29,2.2736e+29,1.6750e+28,5.3750e+27,3.5870e+27,3.4640e+27,3.0673e+08,4.7687e+05,5.3954e+08,5.2964e-15,5.9294e+07,1.3685e+06,3.0732e+05,3.0663e+05,46.4,52.3,1.0,0.3,2.2709e+30,2.2404e+30,2.6349e+28,4.1010e+27,1.5050e+28,0.0000e+00,98.7,1.2,0.2
165,2.3190e+30,1.0713e+30,1.2175e+30,2.3130e+28,7.0840e+27,9.2168e+29,1.4960e+29,9.7703e+29,2.4052e+29,1.7265e+28,5.8650e+27,3.5580e+27,3.5260e+27,3.0544e+08,1.8413e+03,5.4482e+08,1.0103e-20,6.7712e+07,1.4226e+06,3.0663e+05,3.0598e+05,46.2,52.5,1.0,0.3,2.3183e+30,2.2873e+30,2.7054e+28,3.9810e+27,1.5072e+28,0.0000e+00,98.7,1.2,0.2
166,2.3554e+30,1.0821e+30,1.2406e+30,2.5667e+28,7.0740e+27,9.1734e+29,1.6471e+29,9.7041e+29,2.7019e+29,1.9362e+28,6.3050e+27,3.5310e+27,3.5430e+27,3.0409e+08,1.3912e+06,5.7543e+08,9.4650e-18,6.6898e+07,1.4946e+06,3.0597e+05,3.0537e+05,45.9,52.7,1.1,0.3,2.3549e+30,2.3230e+30,2.7545e+28,4.3930e+27,1.5002e+28,0.0000e+00,98.6,1.2,0.2
167,2.3926e+30,1.0967e+30,1.2636e+30,2.5222e+28,7.0770e+27,9.3064e+29,1.6606e+29,9.9675e+29,2.6688e+29,1.8959e+28,6.2630e+27,3.5240e+27,3.5530e+27,3.0391e+08,1.2955e+06,5.7939e+08,1.5029e-11,6.3880e+07,1.5351e+06,3.0537e+05,3.0481e+05,45.8,52.8,1.1,0.3,2.3921e+30,2.3598e+30,2.7973e+28,4.3000e+27,1.4985e+28,0.0000e+00,98.7,1.2,0.2
168,2.4182e+30,1.1045e+30,1.2815e+30,2.5048e+28,7.0690e+27,9.3818e+29,1.6634e+29,1.0189e+30,2.6266e+29,1.8560e+28,6.4880e+27,3.5680e+27,3.5010e+27,3.0207e+08,6.1047e+05,5.4709e+08,4.6720e-14,6.1276e+07,1.5956e+06,3.0480e+05,3.0429e+05,45.7,53.0,1.0,0.3,2.4173e+30,2.3848e+30,2.8315e+28,4.2390e+27,1.4925e+28,0.0000e+00,98.7,1.2,0.2
169,2.4567e+30,1.1177e+30,1.3063e+30,2.5609e+28,7.0810e+27,9.4673e+29,1.7099e+29,1.0378e+30,2.6854e+29,1.8873e+28,6.7360e+27,3.5220e+27,3.5590e+27,2.9985e+08,1.1011e+03,6.0347e+08,1.0561e-20,6.8444e+07,1.6318e+06,3.0428e+05,3.0381e+05,45.5,53.2,1.0,0.3,2.4562e+30,2.4234e+30,2.8571e+28,4.1910e+27,1.4918e+28,0.0000e+00,98.7,1.2,0.2
170,2.4893e+30,1.1266e+30,1.3271e+30,2.8577e+28,7.0440e+27,9.3539e+29,1.9124e+29,1.0175e+30,3.0958e+29,2.1285e+28,7.2920e+27,3.5920e+27,3.4520e+27,2.9876e+08,6.7079e+05,5.8723e+08,1.0184e-20,6.8043e+07,1.7940e+06,3.0381e+05,3.0338e+05,45.3,53.3,1.1,0.3,2.4888e+30,2.4549e+30,2.9357e+28,4.6010e+27,1.4868e+28,0.0000e+00,98.6,1.2,0.2
171,2.5238e+30,1.1385e+30,1.3500e+30,2.8153e+28,7.0790e+27,9.4623e+29,1.9232e+29,1.0425e+30,3.0753e+29,2.0775e+28,7.3780e+27,3.4950e+27,3.5840e+27,2.9784e+08,1.4980e+06,6.0370e+08,4.2865e-12,6.5201e+07,1.8267e+06,3.0338e+05,3.0300e+05,45.1,53.5,1.1,0.3,2.5234e+30,2.4893e+30,2.9634e+28,4.4080e+27,1.4870e+28,0.0000e+00,98.7,1.2,0.2
172,2.5517e+30,1.1467e+30,1.3702e+30,2.7770e+28,7.0720e+27,9.5449e+29,1.9218e+29,1.0688e+30,3.0142e+29,2.0321e+28,7.4490e+27,3.5300e+27,3.5420e+27,2.9613e+08,7.5953e+05,6.2708e+08,1.4637e-13,6.2584e+07,1.8719e+06,3.0300e+05,3.0266e+05,44.9,53.7,1.1,0.3,2.5511e+30,2.5170e+30,2.9639e+28,4.3690e+27,1.4830e+28,0.0000e+00,98.7,1.2,0.2
173,2.5848e+30,1.1579e+30,1.3924e+30,2.7474e+28,7.0800e+27,9.6438e+29,1.9353e+29,1.0916e+30,3.0075e+29,1.9926e+28,7.5480e+27,3.5320e+27,3.5480e+27,2.9352e+08,3.8872e+02,6.2624e+08,1.0081e-20,6.8777e+07,1.9330e+06,3.0266e+05,3.0237e+05,44.8,53.9,1.1,0.3,2.5842e+30,2.5496e+30,3.0207e+28,4.3590e+27,1.4842e+28,0.0000e+00,98.7,1.2,0.2
174,2.6123e+30,1.1646e+30,1.4098e+30,3.0837e+28,7.0770e+27,9.4473e+29,2.1989e+29,1.0579e+30,3.5192e+29,2.2628e+28,8.2090e+27,3.6140e+27,3.4630e+27,2.9278e+08,1.7032e+05,6.1733e+08,1.0618e-20,6.8636e+07,2.0258e+06,3.0237e+05,3.0212e+05,44.6,54.0,1.2,0.3,2.6122e+30,2.5771e+30,3.0439e+28,4.7010e+27,1.4812e+28,0.0000e+00,98.7,1.2,0.2
175,2.6384e+30,1.1739e+30,1.4269e+30,3.0514e+28,7.0840e+27,9.5397e+29,2.1995e+29,1.0813e+30,3.4557e+29,2.2106e+28,8.4080e+27,3.5320e+27,3.5520e+27,2.9158e+08,1.6503e+06,6.3575e+08,1.5907e-12,6.5970e+07,2.0543e+06,3.0212e+05,3.0192e+05,44.5,54.1,1.2,0.3,2.6376e+30,2.6021e+30,3.0771e+28,4.6660e+27,1.4787e+28,0.0000e+00,98.7,1.2,0.2
176,2.6589e+30,1.1797e+30,1.4422e+30,2.9961e+28,7.0580e+27,9.6071e+29,2.1902e+29,1.1034e+30,3.3879e+29,2.1500e+28,8.4610e+27,3.6020e+27,3.4560e+27,2.8836e+08,8.6343e+05,6.3396e+08,3.8844e-13,6.3236e+07,2.1261e+06,3.0192e+05,3.0176e+05,44.4,54.2,1.1,0.3,2.6587e+30,2.6235e+30,3.0531e+28,4.6510e+27,1.4767e+28,0.0000e+00,98.7,1.1,0.2
177,2.6893e+30,1.1893e+30,1.4631e+30,2.9808e+28,7.0910e+27,9.7057e+29,2.1869e+29,1.1295e+30,3.3360e+29,2.1197e+28,8.6110e+27,3.5550e+27,3.5360e+27,2.8671e+08,4.0496e+04,6.3342e+08,1.0144e-20,6.0842e+07,2.1893e+06,3.0176e+05,3.0164e+05,44.2,54.4,1.1,0.3,2.6891e+30,2.6532e+30,3.1486e+28,4.4140e+27,1.4799e+28,0.0000e+00,98.7,1.2,0.2
178,2.7044e+30,1.1923e+30,1.4716e+30,3.3508e+28,7.0650e+27,9.4546e+29,2.4680e+29,1.0820e+30,3.8961e+29,2.4072e+28,9.4360e+27,3.5050e+27,3.5600e+27,2.8620e+08,2.0890e+03,6.2988e+08,1.0902e-20,6.8440e+07,2.2448e+06,3.0164e+05,3.0158e+05,44.1,54.4,1.2,0.3,2.7038e+30,2.6673e+30,3.1492e+28,4.9810e+27,1.4742e+28,0.0000e+00,98.7,1.2,0.2
179,2.7297e+30,1.1998e+30,1.4903e+30,3.2549e+28,7.0760e+27,9.5274e+29,2.4706e+29,1.1047e+30,3.8566e+29,2.3158e+28,9.3910e+27,3.6310e+27,3.4450e+27,2.8516e+08,1.8780e+06,6.4061e+08,6.6124e-13,6.5882e+07,2.2898e+06,3.0158e+05,3.0155e+05,44.0,54.6,1.2,0.3,2.7296e+30,2.6930e+30,3.1665e+28,4.9590e+27,1.4784e+28,0.0000e+00,98.7,1.2,0.2
180,2.7387e+30,1.2015e+30,1.4987e+30,3.1435e+28,7.0670e+27,9.5647e+29,2.4505e+29,1.1221e+30,3.7656e+29,2.2163e+28,9.2720e+27,3.4170e+27,3.6500e+27,2.8428e+08,1.0292e+06,6.7000e+08,8.8018e-13,6.3236e+07,2.3920e+06,3.0158e+05,3.0155e+05,43.9,54.7,1.1,0.3,2.7382e+30,2.7018e+30,3.1797e+28,4.5920e+27,1.4737e+28,0.0000e+00,98.7,1.2,0.2
181,2.7637e+30,1.2093e+30,1.5159e+30,3.1439e+28,7.0740e+27,9.6593e+29,2.4334e+29,1.1471e+30,3.6882e+29,2.2045e+28,9.3940e+27,3.5420e+27,3.5320e+27,2.8254e+08,1.1491e+05,6.4516e+08,1.0173e-20,6.0919e+07,2.4203e+06,3.0164e+05,3.0158e+05,43.8,54.9,1.1,0.3,2.7639e+30,2.7271e+30,3.2090e+28,4.6170e+27,1.4789e+28,0.0000e+00,98.7,1.2,0.2
182,2.7743e+30,1.2093e+30,1.5236e+30,3.4266e+28,7.0620e+27,9.3910e+29,2.7024e+29,1.1022e+30,4.2143e+29,2.4194e+28,1.0072e+28,3.5020e+27,3.5600e+27,2.8058e+08,1.9380e+02,6.9139e+08,1.0095e-20,6.7885e+07,2.4813e+06,3.0176e+05,3.0164e+05,43.6,54.9,1.2,0.3,2.7735e+30,2.7361e+30,3.2507e+28,4.8730e+27,1.4752e+28,0.0000e+00,98.7,1.2,0.2
183,2.7942e+30,1.2172e+30,1.5361e+30,3.3915e+28,7.0870e+27,9.4414e+29,2.7301e+29,1.1147e+30,4.2134e+29,2.4037e+28,9.8780e+27,3.5220e+27,3.5650e+27,2.8058e+08,2.1834e+06,6.5031e+08,3.2640e-13,6.5734e+07,2.6238e+06,3.0192e+05,3.0176e+05,43.6,55.0,1.2,0.3,2.7940e+30,2.7563e+30,3.2660e+28,5.0700e+27,1.4814e+28,0.0000e+00,98.6,1.2,0.2
184,2.8013e+30,1.2166e+30,1.5443e+30,3.3306e+28,7.0800e+27,9.4699e+29,2.6964e+29,1.1327e+30,4.1157e+29,2.3176e+28,1.0130e+28,3.5170e+27,3.5630e+27,2.8078e+08,1.2290e+06,6.5889e+08,1.6147e-12,6.3197e+07,2.6817e+06,3.0212e+05,3.0192e+05,43.4,55.1,1.2,0.3,2.8014e+30,2.7639e+30,3.2539e+28,4.9240e+27,1.4787e+28,0.0000e+00,98.7,1.2,0.2
185,2.8148e+30,1.2201e+30,1.5550e+30,3.2592e+28,7.0820e+27,9.5396e+29,2.6615e+29,1.1546e+30,4.0034e+29,2.2438e+28,1.0154e+28,3.5800e+27,3.5020e+27,2.7951e+08,2.1368e+05,6.2852e+08,4.3106e-20,6.0598e+07,2.6978e+06,3.0237e+05,3.0212e+05,43.3,55.2,1.2,0.3,2.8143e+30,2.7768e+30,3.2769e+28,4.7720e+27,1.4812e+28,0.0000e+00,98.7,1.2,0.2
186,2.8158e+30,1.2176e+30,1.5563e+30,3.4807e+28,7.0680e+27,9.2654e+29,2.9105e+29,1.1087e+30,4.4763e+29,2.4221e+28,1.0586e+28,3.5170e+27,3.5510e+27,2.7715e+08,2.6567e+03,6.6132e+08,1.0193e-20,6.6626e+07,2.7215e+06,3.0266e+05,3.0237e+05,43.2,55.3,1.2,0.3,2.8155e+30,2.7778e+30,3.2881e+28,4.8240e+27,1.4795e+28,0.0000e+00,98.7,1.2,0.2
187,2.8300e+30,1.2200e+30,1.5681e+30,3.4859e+28,7.0640e+27,9.2547e+29,2.9454e+29,1.1157e+30,4.5237e+29,2.4092e+28,1.0767e+28,3.5260e+27,3.5380e+27,2.7325e+08,2.5371e+06,6.8994e+08,9.9330e-14,6.4677e+07,2.8920e+06,3.0300e+05,3.0266e+05,43.1,55.4,1.2,0.2,2.8299e+30,2.7918e+30,3.3062e+28,5.0390e+27,1.4830e+28,0.0000e+00,98.7,1.2,0.2
188,2.8351e+30,1.2216e+30,1.5718e+30,3.4677e+28,7.0860e+27,9.3053e+29,2.9109e+29,1.1314e+30,4.4034e+29,2.3614e+28,1.1063e+28,3.5080e+27,3.5780e+27,2.7297e+08,1.4835e+06,6.5758e+08,4.7957e-12,6.2531e+07,2.9078e+06,3.0338e+05,3.0300e+05,43.1,55.4,1.2,0.2,2.8352e+30,2.7970e+30,3.3231e+28,4.9700e+27,1.4870e+28,0.0000e+00,98.7,1.2,0.2
189,2.8436e+30,1.2220e+30,1.5806e+30,3.3874e+28,7.0690e+27,9.3545e+29,2.8654e+29,1.1523e+30,4.2837e+29,2.3073e+28,1.0801e+28,3.5600e+27,3.5090e+27,2.7249e+08,3.6776e+05,6.8022e+08,3.4648e-18,6.0125e+07,2.9594e+06,3.0381e+05,3.0338e+05,43.0,55.6,1.2,0.2,2.8433e+30,2.8054e+30,3.3046e+28,4.8720e+27,1.4916e+28,0.0000e+00,98.7,1.2,0.2
190,2.8350e+30,1.2146e+30,1.5782e+30,3.5161e+28,7.0570e+27,9.0862e+29,3.0596e+29,1.1110e+30,4.6718e+29,2.3933e+28,1.1228e+28,3.4780e+27,3.5790e+27,2.7033e+08,2.6307e+03,6.6762e+08,1.0149e-20,6.7243e+07,2.9713e+06,3.0428e+05,3.0381e+05,42.8,55.7,1.2,0.2,2.8350e+30,2.7967e+30,3.3242e+28,5.0150e+27,1.4870e+28,0.0000e+00,98.7,1.2,0.2
191,2.8447e+30,1.2200e+30,1.5818e+30,3.5837e+28,7.0710e+27,9.0598e+29,3.1404e+29,1.1052e+30,4.7659e+29,2.4379e+28,1.1458e+28,3.4950e+27,3.5760e+27,2.7107e+08,3.0365e+06,6.6675e+08,2.2728e-14,6.5548e+07,3.1315e+06,3.0480e+05,3.0429e+05,42.9,55.6,1.3,0.2,2.8447e+30,2.8065e+30,3.3084e+28,5.1300e+27,1.4973e+28,0.0000e+00,98.7,1.2,0.2
192,2.8420e+30,1.2162e+30,1.5836e+30,3.5076e+28,7.0790e+27,9.0771e+29,3.0854e+29,1.1198e+30,4.6382e+29,2.3648e+28,1.1428e+28,3.5110e+27,3.5680e+27,2.7062e+08,1.8512e+06,7.2338e+08,1.6372e-11,6.3180e+07,3.1503e+06,3.0537e+05,3.0481e+05,42.8,55.7,1.2,0.2,2.8422e+30,2.8037e+30,3.3368e+28,5.1130e+27,1.4985e+28,0.0000e+00,98.6,1.2,0.2
193,2.8369e+30,1.2127e+30,1.5828e+30,3.4353e+28,7.0670e+27,9.0940e+29,3.0333e+29,1.1341e+30,4.4864e+29,2.2820e+28,1.1533e+28,3.5570e+27,3.5100e+27,2.6990e+08,6.1988e+05,7.0402e+08,2.1079e-16,6.0985e+07,3.1626e+06,3.0598e+05,3.0537e+05,42.7,55.8,1.2,0.2,2.8370e+30,2.7990e+30,3.2957e+28,5.0250e+27,1.5002e+28,0.0000e+00,98.7,1.2,0.2
194,2.8259e+30,1.2059e+30,1.5781e+30,3.4879e+28,7.0640e+27,8.9071e+29,3.1520e+29,1.1061e+30,4.7199e+29,2.3187e+28,1.1692e+28,3.5180e+27,3.5460e+27,2.6830e+08,2.9915e+03,6.5619e+08,1.0149e-20,6.6528e+07,3.1972e+06,3.0663e+05,3.0598e+05,42.7,55.8,1.2,0.2,2.8260e+30,2.7878e+30,3.3270e+28,4.9430e+27,1.5024e+28,0.0000e+00,98.6,1.2,0.2
195,2.8276e+30,1.2052e+30,1.5793e+30,3.6046e+28,7.0740e+27,8.7810e+29,3.2710e+29,1.0842e+30,4.9510e+29,2.3923e+28,1.2123e+28,3.4650e+27,3.6090e+27,2.6572e+08,2.3828e+06,6.4886e+08,1.4993e-15,6.5218e+07,3.2560e+06,3.0733e+05,3.0663e+05,42.6,55.9,1.3,0.3,2.8276e+30,2.7900e+30,3.2476e+28,5.2060e+27,1.5099e+28,0.0000e+00,98.7,1.1,0.2
196,2.8145e+30,1.1999e+30,1.5723e+30,3.5271e+28,7.0640e+27,8.7881e+29,3.2105e+29,1.0946e+30,4.7777e+29,2.3428e+28,1.1843e+28,3.4650e+27,3.5990e+27,2.6403e+08,2.2954e+06,6.8093e+08,6.4082e-11,6.2814e+07,3.2603e+06,3.0807e+05,3.0733e+05,42.6,55.9,1.3,0.3,2.8146e+30,2.7769e+30,3.2726e+28,5.0530e+27,1.5130e+28,0.0000e+00,98.7,1.2,0.2
197,2.8014e+30,1.1942e+30,1.5657e+30,3.4465e+28,7.0560e+27,8.8017e+29,3.1401e+29,1.1065e+30,4.5917e+29,2.2813e+28,1.1652e+28,3.5690e+27,3.4870e+27,2.6534e+08,9.8169e+05,6.6071e+08,9.8332e-15,6.0753e+07,3.2722e+06,3.0885e+05,3.0807e+05,42.6,55.9,1.2,0.3,2.8017e+30,2.7643e+30,3.2308e+28,5.0130e+27,1.5165e+28,0.0000e+00,98.7,1.2,0.2
198,2.7901e+30,1.1901e+30,1.5583e+30,3.4574e+28,7.0890e+27,8.7208e+29,3.1804e+29,1.0925e+30,4.6577e+29,2.2724e+28,1.1850e+28,3.5620e+27,3.5270e+27,2.6552e+08,8.5312e+02,6.2687e+08,1.0088e-20,6.6999e+07,3.2833e+06,3.0969e+05,3.0886e+05,42.7,55.9,1.2,0.3,2.7905e+30,2.7532e+30,3.2243e+28,5.1260e+27,1.5256e+28,0.0000e+00,98.7,1.2,0.2
199,2.7643e+30,1.1791e+30,1.5428e+30,3.5368e+28,7.0450e+27,8.4495e+29,3.3416e+29,1.0451e+30,4.9768e+29,2.3516e+28,1.1852e+28,3.5270e+27,3.5180e+27,2.6346e+08,1.3053e+06,6.2207e+08,4.5057e-18,6.6197e+07,3.2573e+06,3.1056e+05,3.0969e+05,42.7,55.8,1.3,0.3,2.7646e+30,2.7274e+30,3.1881e+28,5.3330e+27,1.5251e+28,0.0000e+00,98.7,1.2,0.2
200,2.7532e+30,1.1775e+30,1.5336e+30,3.4954e+28,7.0710e+27,8.4976e+29,3.2773e+29,1.0552e+30,4.7848e+29,2.3071e+28,1.1883e+28,3.5200e+27,3.5510e+27,2.6209e+08,2.8995e+06,6.1182e+08,1.3388e-11,6.3849e+07,3.2190e+06,3.1148e+05,3.1056e+05,42.8,55.7,1.3,0.3,2.7536e+30,2.7167e+30,3.1466e+28,5.4150e+27,1.5351e+28,0.0000e+00,98.7,1.1,0.2
201,2.7166e+30,1.1632e+30,1.5127e+30,3.3602e+28,7.0400e+27,8.4547e+29,3.1772e+29,1.0576e+30,4.5518e+29,2.1914e+28,1.1688e+28,3.5540e+27,3.4860e+27,2.6297e+08,1.5222e+06,6.1742e+08,4.3698e-13,6.1821e+07,3.1735e+06,3.1244e+05,3.1149e+05,42.8,55.7,1.2,0.3,2.7169e+30,2.6804e+30,3.1285e+28,5.2750e+27,1.5354e+28,0.0000e+00,98.7,1.2,0.2
202,2.7033e+30,1.1585e+30,1.5046e+30,3.3142e+28,7.0670e+27,8.4841e+29,3.1009e+29,1.0659e+30,4.3872e+29,2.1394e+28,1.1748e+28,3.5730e+27,3.4940e+27,2.6306e+08,7.7481e+04,6.2411e+08,1.1352e-20,5.9931e+07,3.1700e+06,3.1345e+05,3.1245e+05,42.9,55.7,1.2,0.3,2.7039e+30,2.6677e+30,3.0920e+28,5.2600e+27,1.5464e+28,0.0000e+00,98.7,1.1,0.2
203,2.6720e+30,1.1474e+30,1.4825e+30,3.5074e+28,7.0520e+27,8.1334e+29,3.3410e+29,9.9815e+29,4.8432e+29,2.3001e+28,1.2073e+28,3.4910e+27,3.5610e+27,2.6357e+08,1.6159e+03,5.9277e+08,1.0194e-20,6.6143e+07,3.1414e+06,3.1450e+05,3.1346e+05,42.9,55.5,1.3,0.3,2.6726e+30,2.6364e+30,3.0534e+28,5.6150e+27,1.5476e+28,0.0000e+00,98.6,1.1,0.2
204,2.6504e+30,1.1417e+30,1.4672e+30,3.4352e+28,7.0760e+27,8.1507e+29,3.2667e+29,9.9986e+29,4.6733e+29,2.2451e+28,1.1901e+28,3.5020e+27,3.5740e+27,2.6454e+08,3.7595e+06,5.7863e+08,4.8891e-13,6.4214e+07,3.0598e+06,3.1560e+05,3.1451e+05,43.1,55.4,1.3,0.3,2.6508e+30,2.6148e+30,3.0313e+28,5.7020e+27,1.5596e+28,0.0000e+00,98.6,1.1,0.2
205,2.6114e+30,1.1279e+30,1.4436e+30,3.2827e+28,7.0460e+27,8.1087e+29,3.1704e+29,1.0002e+30,4.4337e+29,2.1237e+28,1.1590e+28,3.5200e+27,3.5260e+27,2.6405e+08,2.3113e+06,6.0875e+08,1.4992e-11,6.2205e+07,2.9627e+06,3.1674e+05,3.1561e+05,43.2,55.3,1.3,0.3,2.6120e+30,2.5767e+30,2.9759e+28,5.5400e+27,1.5616e+28,0.0000e+00,98.6,1.1,0.2
206,2.5809e+30,1.1174e+30,1.4242e+30,3.2222e+28,7.0660e+27,8.0958e+29,3.0783e+29,1.0005e+30,4.2378e+29,2.0742e+28,1.1480e+28,3.5460e+27,3.5200e+27,2.6617e+08,8.0051e+05,6.3192e+08,3.0330e-16,6.0727e+07,2.9250e+06,3.1792e+05,3.1675e+05,43.3,55.2,1.2,0.3,2.5814e+30,2.5467e+30,2.9008e+28,5.6270e+27,1.5693e+28,0.0000e+00,98.7,1.1,0.2
207,2.5496e+30,1.1056e+30,1.4045e+30,3.2525e+28,7.0400e+27,7.9284e+29,3.1271e+29,9.7100e+29,4.3346e+29,2.1147e+28,1.1378e+28,3.5160e+27,3.5240e+27,2.6614e+08,2.9770e+03,5.6876e+08,1.0095e-20,6.7156e+07,2.8570e+06,3.1915e+05,3.1793e+05,43.4,55.1,1.3,0.3,2.5500e+30,2.5154e+30,2.8801e+28,5.7810e+27,1.5774e+28,0.0000e+00,98.6,1.1,0.2
208,2.5174e+30,1.0949e+30,1.3824e+30,3.3061e+28,7.0580e+27,7.7678e+29,3.1812e+29,9.3783e+29,4.4456e+29,2.1435e+28,1.1626e+28,3.5520e+27,3.5060e+27,2.6251e+08,2.3902e+06,5.8068e+08,6.0358e-16,6.6371e+07,2.7308e+06,3.2042e+05,3.1915e+05,43.5,54.9,1.3,0.3,2.5181e+30,2.4835e+30,2.8489e+28,6.1460e+27,1.5860e+28,0.0000e+00,98.6,1.1,0.2
209,2.4824e+30,1.0834e+30,1.3601e+30,3.1850e+28,7.0610e+27,7.7504e+29,3.0839e+29,9.3751e+29,4.2260e+29,2.0508e+28,1.1342e+28,3.5000e+27,3.5610e+27,2.6310e+08,3.3641e+06,5.5073e+08,4.3251e-11,6.4151e+07,2.6596e+06,3.2174e+05,3.2042e+05,43.6,54.8,1.3,0.3,2.4829e+30,2.4486e+30,2.8227e+28,6.1500e+27,1.5950e+28,0.0000e+00,98.6,1.1,0.2
210,2.4314e+30,1.0657e+30,1.3279e+30,3.0788e+28,7.0550e+27,7.6861e+29,2.9705e+29,9.2963e+29,3.9827e+29,1.9772e+28,1.1016e+28,3.5190e+27,3.5360e+27,2.6588e+08,1.8170e+06,5.7490e+08,7.7956e-13,6.2584e+07,2.5657e+06,3.2309e+05,3.2174e+05,43.8,54.6,1.3,0.3,2.4325e+30,2.3989e+30,2.7435e+28,6.0930e+27,1.5990e+28,0.0000e+00,98.6,1.1,0.3
211,2.4010e+30,1.0543e+30,1.3098e+30,2.9887e+28,7.0490e+27,7.6603e+29,2.8827e+29,9.2960e+29,3.8016e+29,1.8895e+28,1.0992e+28,3.5840e+27,3.4650e+27,2.6727e+08,2.1726e+05,5.1248e+08,1.0528e-20,6.0832e+07,2.4799e+06,3.2449e+05,3.2310e+05,43.9,54.6,1.2,0.3,2.4014e+30,2.3682e+30,2.7214e+28,6.0250e+27,1.6089e+28,0.0000e+00,98.6,1.1,0.3
212,2.3679e+30,1.0419e+30,1.2876e+30,3.1334e+28,7.0470e+27,7.4021e+29,3.0172e+29,8.8069e+29,4.0694e+29,2.0397e+28,1.0937e+28,3.4930e+27,3.5540e+27,2.6783e+08,3.6782e+03,5.4736e+08,1.0335e-20,6.8906e+07,2.3831e+06,3.2593e+05,3.2449e+05,44.0,54.4,1.3,0.3,2.3683e+30,2.3352e+30,2.6759e+28,6.3550e+27,1.6192e+28,0.0000e+00,98.6,1.1,0.3
213,2.3177e+30,1.0254e+30,1.2550e+30,3.0326e+28,7.0300e+27,7.3229e+29,2.9306e+29,8.6473e+29,3.9027e+29,1.9683e+28,1.0643e+28,3.5300e+27,3.5000e+27,2.6681e+08,4.3136e+06,5.2375e+08,1.6250e-13,6.7330e+07,2.2762e+06,3.2742e+05,3.2594e+05,44.2,54.1,1.3,0.3,2.3187e+30,2.2860e+30,2.6089e+28,6.5210e+27,1.6243e+28,0.0000e+00,98.6,1.1,0.3
214,2.2818e+30,1.0137e+30,1.2317e+30,2.9302e+28,7.0400e+27,7.3019e+29,2.8353e+29,8.6211e+29,3.6961e+29,1.8912e+28,1.0390e+28,3.5220e+27,3.5180e+27,2.6747e+08,3.1938e+06,5.0543e+08,1.4178e-10,6.5372e+07,2.1717e+06,3.2894e+05,3.2742e+05,44.4,54.0,1.3,0.3,2.2823e+30,2.2504e+30,2.5436e+28,6.4620e+27,1.6354e+28,0.0000e+00,98.6,1.1,0.3
215,2.2379e+30,9.9664e+29,1.2059e+30,2.8379e+28,7.0380e+27,7.2465e+29,2.7199e+29,8.5646e+29,3.4942e+29,1.7965e+28,1.0414e+28,3.4980e+27,3.5400e+27,2.6845e+08,1.5847e+06,4.9964e+08,1.0198e-13,6.3617e+07,2.0706e+06,3.3051e+05,3.2895e+05,44.5,53.9,1.3,0.3,2.2387e+30,2.2071e+30,2.5085e+28,6.4730e+27,1.6412e+28,0.0000e+00,98.6,1.1,0.3
216,2.1997e+30,9.8281e+29,1.1825e+30,2.7411e+28,7.0330e+27,7.1929e+29,2.6352e+29,8.4874e+29,3.3373e+29,1.7356e+28,1.0055e+28,3.5250e+27,3.5080e+27,2.6997e+08,1.9723e+03,5.1046e+08,1.0020e-20,6.9472e+07,1.9897e+06,3.3212e+05,3.3051e+05,44.7,53.8,1.2,0.3,2.2003e+30,2.1692e+30,2.4645e+28,6.4980e+27,1.6532e+28,0.0000e+00,98.6,1.1,0.3
217,2.1669e+30,9.6995e+29,1.1612e+30,2.8756e+28,7.0380e+27,6.9458e+29,2.7537e+29,8.0019e+29,3.6101e+29,1.8610e+28,1.0146e+28,3.4520e+27,3.5860e+27,2.6978e+08,2.4560e+05,4.7540e+08,1.0257e-20,6.9362e+07,1.8495e+06,3.3377e+05,3.3212e+05,44.8,53.6,1.3,0.3,2.1673e+30,2.1358e+30,2.4582e+28,6.9170e+27,1.6656e+28,0.0000e+00,98.5,1.1,0.3
218,2.1252e+30,9.5537e+29,1.1352e+30,2.7543e+28,7.0330e+27,6.9072e+29,2.6465e+29,7.9429e+29,3.4094e+29,1.7871e+28,9.6720e+27,3.4640e+27,3.5690e+27,2.7247e+08,5.2173e+06,5.0805e+08,9.3837e-13,6.7485e+07,1.7492e+06,3.3547e+05,3.3378e+05,45.0,53.4,1.3,0.3,2.1257e+30,2.0950e+30,2.3784e+28,6.8520e+27,1.6724e+28,0.0000e+00,98.6,1.1,0.3
219,2.0818e+30,9.3798e+29,1.1104e+30,2.6440e+28,7.0290e+27,6.8408e+29,2.5390e+29,7.8742e+29,3.2293e+29,1.6912e+28,9.5280e+27,3.4740e+27,3.5550e+27,2.7535e+08,3.5566e+06,4.8810e+08,1.8110e-10,6.5755e+07,1.6907e+06,3.3720e+05,3.3547e+05,45.1,53.3,1.3,0.3,2.0825e+30,2.0519e+30,2.3595e+28,6.9960e+27,1.6795e+28,0.0000e+00,98.5,1.1,0.3
220,2.0471e+30,9.2587e+29,1.0890e+30,2.5188e+28,7.0290e+27,6.8117e+29,2.4470e+29,7.8179e+29,3.0717e+29,1.6092e+28,9.0960e+27,3.5350e+27,3.4940e+27,2.7707e+08,1.8304e+06,4.8409e+08,1.8993e-13,6.3996e+07,1.5879e+06,3.3897e+05,3.3720e+05,45.2,53.2,1.2,0.3,2.0478e+30,2.0175e+30,2.3434e+28,6.8660e+27,1.6930e+28,0.0000e+00,98.5,1.1,0.3
221,2.0122e+30,9.1269e+29,1.0680e+30,2.4509e+28,7.0360e+27,6.7678e+29,2.3591e+29,7.7558e+29,2.9239e+29,1.5441e+28,9.0680e+27,3.4990e+27,3.5370e+27,2.7851e+08,4.2175e+04,4.4628e+08,1.0014e-20,6.2123e+07,1.5387e+06,3.4079e+05,3.3898e+05,45.4,53.1,1.2,0.3,2.0127e+30,1.9827e+30,2.2932e+28,7.0660e+27,1.7070e+28,0.0000e+00,98.5,1.1,0.4
222,1.9737e+30,8.9810e+29,1.0427e+30,2.5777e+28,7.0400e+27,6.5313e+29,2.4497e+29,7.3091e+29,3.1183e+29,1.6837e+28,8.9400e+27,3.4600e+27,3.5800e+27,2.7836e+08,2.8359e+03,4.4656e+08,1.0113e-20,7.1598e+07,1.4842e+06,3.4264e+05,3.4080e+05,45.5,52.8,1.3,0.4,1.9739e+30,1.9437e+30,2.2724e+28,7.5440e+27,1.7152e+28,0.0000e+00,98.5,1.2,0.4
223,1.9385e+30,8.8424e+29,1.0225e+30,2.4806e+28,7.0150e+27,6.4825e+29,2.3599e+29,7.2498e+29,2.9750e+29,1.6361e+28,8.4450e+27,3.5060e+27,3.5090e+27,2.7751e+08,4.9932e+06,4.4585e+08,3.5392e-13,6.9660e+07,1.4218e+06,3.4454e+05,3.4265e+05,45.6,52.7,1.3,0.4,1.9390e+30,1.9091e+30,2.2444e+28,7.4610e+27,1.7235e+28,0.0000e+00,98.5,1.2,0.4
224,1.9089e+30,8.7224e+29,1.0055e+30,2.4094e+28,7.0380e+27,6.4522e+29,2.2702e+29,7.2182e+29,2.8371e+29,1.5570e+28,8.5240e+27,3.5640e+27,3.4740e+27,2.8043e+08,4.2564e+06,4.6012e+08,4.3549e-10,6.7888e+07,1.4051e+06,3.4648e+05,3.4455e+05,45.7,52.7,1.3,0.4,1.9091e+30,1.8795e+30,2.1915e+28,7.6660e+27,1.7386e+28,0.0000e+00,98.5,1.1,0.4
225,1.8754e+30,8.5777e+29,9.8766e+29,2.2967e+28,7.0170e+27,6.4005e+29,2.1772e+29,7.1618e+29,2.7148e+29,1.4665e+28,8.3020e+27,3.5720e+27,3.4450e+27,2.8199e+08,2.5327e+06,4.2264e+08,3.8291e-12,6.5718e+07,1.3332e+06,3.4845e+05,3.4648e+05,45.7,52.7,1.2,0.4,1.8762e+30,1.8471e+30,2.1632e+28,7.5200e+27,1.7476e+28,0.0000e+00,98.4,1.2,0.4
226,1.8462e+30,8.4647e+29,9.7076e+29,2.1964e+28,7.0270e+27,6.3681e+29,2.0966e+29,7.1283e+29,2.5793e+29,1.3957e+28,8.0070e+27,3.4590e+27,3.5680e+27,2.8323e+08,7.4820e+05,4.4990e+08,1.7583e-17,6.4091e+07,1.2339e+06,3.5047e+05,3.4846e+05,45.8,52.6,1.2,0.4,1.8465e+30,1.8176e+30,2.1280e+28,7.5950e+27,1.7634e+28,0.0000e+00,98.4,1.2,0.4
227,1.8030e+30,8.2941e+29,9.4432e+29,2.2244e+28,6.9840e+27,6.1935e+29,2.1006e+29,6.8075e+29,2.6357e+29,1.4486e+28,7.7580e+27,3.5130e+27,3.4710e+27,2.8556e+08,3.9869e+03,4.1637e+08,1.0214e-20,7.2205e+07,1.1594e+06,3.5251e+05,3.5047e+05,46.0,52.4,1.2,0.4,1.8034e+30,1.7748e+30,2.0809e+28,7.7770e+27,1.7663e+28,0.0000e+00,98.4,1.2,0.4
228,1.7842e+30,8.2282e+29,9.3190e+29,2.2420e+28,7.0370e+27,6.1278e+29,2.1004e+29,6.6693e+29,2.6497e+29,1.4594e+28,7.8260e+27,3.4980e+27,3.5390e+27,2.8665e+08,2.9813e+06,4.3545e+08,1.5971e-15,7.0668e+07,1.1050e+06,3.5461e+05,3.5252e+05,46.1,52.2,1.3,0.4,1.7848e+30,1.7559e+30,2.0801e+28,8.0300e+27,1.7894e+28,0.0000e+00,98.4,1.2,0.4
229,1.7477e+30,8.0737e+29,9.1185e+29,2.1462e+28,6.9940e+27,6.0724e+29,2.0013e+29,6.6110e+29,2.5074e+29,1.3960e+28,7.5020e+27,3.4560e+27,3.5380e+27,2.8852e+08,6.0016e+06,4.2046e+08,3.3756e-11,6.8576e+07,1.0965e+06,3.5673e+05,3.5462e+05,46.2,52.2,1.2,0.4,1.7474e+30,1.7190e+30,2.0377e+28,8.0880e+27,1.7926e+28,0.0000e+00,98.4,1.2,0.5
230,1.7233e+30,7.9713e+29,8.9871e+29,2.0437e+28,7.0170e+27,6.0363e+29,1.9349e+29,6.5978e+29,2.3894e+29,1.3358e+28,7.0790e+27,3.5080e+27,3.5090e+27,2.9104e+08,4.1962e+06,4.0312e+08,2.7385e-10,6.6586e+07,1.0507e+06,3.5890e+05,3.5674e+05,46.3,52.2,1.2,0.4,1.7238e+30,1.6952e+30,2.0517e+28,8.0560e+27,1.8097e+28,0.0000e+00,98.3,1.2,0.5
231,1.6893e+30,7.8295e+29,8.7965e+29,1.9727e+28,7.0020e+27,5.9782e+29,1.8513e+29,6.5080e+29,2.2885e+29,1.2676e+28,7.0510e+27,3.5750e+27,3.4270e+27,2.9271e+08,2.3290e+06,4.1013e+08,6.1212e-13,6.4669e+07,1.0042e+06,3.6110e+05,3.5891e+05,46.3,52.1,1.2,0.4,1.6899e+30,1.6618e+30,2.0015e+28,8.0630e+27,1.8202e+28,0.0000e+00,98.3,1.2,0.5
232,1.6626e+30,7.7280e+29,8.6397e+29,1.8845e+28,7.0170e+27,5.9389e+29,1.7890e+29,6.4552e+29,2.1845e+29,1.1928e+28,6.9170e+27,3.5220e+27,3.4950e+27,2.9411e+08,4.0278e+05,4.1167e+08,1.9507e-20,6.3142e+07,9.7359e+05,3.6334e+05,3.6111e+05,46.5,52.0,1.1,0.4,1.6632e+30,1.6353e+30,1.9937e+28,8.0070e+27,1.8380e+28,0.0000e+00,98.3,1.2,0.5
233,1.6336e+30,7.6002e+29,8.4700e+29,1.9584e+28,7.0140e+27,5.7823e+29,1.8179e+29,6.1588e+29,2.3112e+29,1.2963e+28,6.6210e+27,3.5140e+27,3.5000e+27,2.9582e+08,3.0041e+03,4.0048e+08,1.0215e-20,7.4458e+07,9.2162e+05,3.6562e+05,3.6335e+05,46.5,51.8,1.2,0.4,1.6338e+30,1.6059e+30,1.9579e+28,8.3140e+27,1.8490e+28,0.0000e+00,98.3,1.2,0.5
234,1.6067e+30,7.4829e+29,8.3240e+29,1.9038e+28,7.0060e+27,5.7095e+29,1.7734e+29,6.0677e+29,2.2564e+29,1.2572e+28,6.4660e+27,3.4470e+27,3.5590e+27,2.9869e+08,3.9976e+06,3.9089e+08,2.4646e-14,7.2575e+07,8.7679e+05,3.6793e+05,3.6563e+05,46.6,51.8,1.2,0.4,1.6071e+30,1.5795e+30,1.9168e+28,8.4110e+27,1.8601e+28,0.0000e+00,98.3,1.2,0.5
235,1.5804e+30,7.3749e+29,8.1766e+29,1.8268e+28,6.9920e+27,5.6666e+29,1.7082e+29,6.0107e+29,2.1658e+29,1.2097e+28,6.1710e+27,3.5750e+27,3.4170e+27,3.0078e+08,6.7389e+06,3.9287e+08,8.7418e-11,7.0456e+07,8.2618e+05,3.7028e+05,3.6794e+05,46.7,51.7,1.2,0.4,1.5804e+30,1.5529e+30,1.9083e+28,8.3630e+27,1.8714e+28,0.0000e+00,98.3,1.2,0.5
236,1.5610e+30,7.2911e+29,8.0725e+29,1.7662e+28,7.0040e+27,5.6430e+29,1.6480e+29,5.9796e+29,2.0929e+29,1.1431e+28,6.2310e+27,3.5010e+27,3.5030e+27,3.0189e+08,4.8899e+06,4.0239e+08,6.2109e-10,6.8292e+07,8.0003e+05,3.7266e+05,3.7028e+05,46.7,51.7,1.1,0.4,1.5615e+30,1.5344e+30,1.8543e+28,8.5730e+27,1.8903e+28,0.0000e+00,98.3,1.2,0.5
237,1.5331e+30,7.1782e+29,7.9144e+29,1.6878e+28,6.9940e+27,5.5835e+29,1.5947e+29,5.9124e+29,2.0020e+29,1.0839e+28,6.0390e+27,3.5090e+27,3.4850e+27,3.0333e+08,2.9930e+06,4.0160e+08,3.8370e-12,6.6342e+07,7.7966e+05,3.7508e+05,3.7267e+05,46.8,51.6,1.1,0.5,1.5336e+30,1.5066e+30,1.8487e+28,8.5770e+27,1.9020e+28,0.0000e+00,98.2,1.2,0.6
238,1.5086e+30,7.0734e+29,7.7805e+29,1.6174e+28,7.0060e+27,5.5412e+29,1.5322e+29,5.8392e+29,1.9413e+29,1.0287e+28,5.8870e+27,3.4970e+27,3.5090e+27,3.0390e+08,1.0444e+06,4.0240e+08,9.5142e-17,6.4686e+07,7.3972e+05,3.7753e+05,3.7509e+05,46.9,51.6,1.1,0.5,1.5091e+30,1.4824e+30,1.8277e+28,8.4340e+27,1.9216e+28,0.0000e+00,98.2,1.2,0.6
239,1.4760e+30,6.9302e+29,7.5966e+29,1.6360e+28,6.9620e+27,5.4154e+29,1.5148e+29,5.6495e+29,1.9471e+29,1.0632e+28,5.7280e+27,3.4790e+27,3.4830e+27,3.0613e+08,2.1081e+03,3.9478e+08,1.0022e-20,7.5990e+07,7.2349e+05,3.8001e+05,3.7754e+05,47.0,51.5,1.1,0.5,1.4761e+30,1.4493e+30,1.8312e+28,8.5120e+27,1.9258e+28,0.0000e+00,98.2,1.2,0.6
240,1.4567e+30,6.8513e+29,7.4799e+29,1.6581e+28,6.9890e+27,5.3327e+29,1.5186e+29,5.4904e+29,1.9895e+29,1.1168e+28,5.4130e+27,3.4860e+27,3.5030e+27,3.0864e+08,2.3179e+06,4.0705e+08,7.4918e-17,7.5002e+07,6.8062e+05,3.8253e+05,3.8002e+05,47.0,51.3,1.1,0.5,1.4570e+30,1.4301e+30,1.8050e+28,8.8550e+27,1.9458e+28,0.0000e+00,98.2,1.2,0.6
241,1.4432e+30,6.7805e+29,7.4241e+29,1.5764e+28,7.0030e+27,5.3051e+29,1.4754e+29,5.4902e+29,1.9339e+29,1.0422e+28,5.3420e+27,3.4700e+27,3.5330e+27,3.1019e+08,7.2759e+06,4.1467e+08,6.1744e-12,7.2417e+07,6.2724e+05,3.8509e+05,3.8254e+05,47.0,51.4,1.1,0.5,1.4434e+30,1.4167e+30,1.8001e+28,8.7120e+27,1.9661e+28,0.0000e+00,98.1,1.2,0.6
242,1.4142e+30,6.6527e+29,7.2666e+29,1.5351e+28,6.9650e+27,5.2397e+29,1.4130e+29,5.4074e+29,1.8592e+29,1.0122e+28,5.2290e+27,3.4940e+27,3.4710e+27,3.1065e+08,6.0763e+06,3.7334e+08,1.1946e-09,7.0202e+07,6.4224e+05,3.8766e+05,3.8510e+05,47.0,51.4,1.1,0.5,1.4144e+30,1.3882e+30,1.7426e+28,8.7730e+27,1.9704e+28,0.0000e+00,98.1,1.2,0.6
243,1.3933e+30,6.5802e+29,7.1386e+29,1.4472e+28,6.9950e+27,5.2078e+29,1.3724e+29,5.3332e+29,1.8054e+29,9.5020e+27,4.9700e+27,3.5860e+27,3.4090e+27,3.1168e+08,4.4764e+06,3.7629e+08,3.9362e-10,6.8027e+07,6.3254e+05,3.9028e+05,3.8768e+05,47.2,51.2,1.0,0.5,1.3938e+30,1.3677e+30,1.7305e+28,8.8290e+27,1.9911e+28,0.0000e+00,98.1,1.2,0.6
244,1.3686e+30,6.4689e+29,7.0090e+29,1.3841e+28,6.9760e+27,5.1516e+29,1.3172e+29,5.2700e+29,1.7391e+29,8.8810e+27,4.9600e+27,3.4360e+27,3.5400e+27,3.1238e+08,2.7858e+06,3.8705e+08,2.6756e-12,6.6016e+07,6.2328e+05,3.9292e+05,3.9029e+05,47.3,51.2,1.0,0.5,1.3689e+30,1.3431e+30,1.7253e+28,8.6110e+27,2.0037e+28,0.0000e+00,98.1,1.3,0.6
245,1.3505e+30,6.3890e+29,6.9136e+29,1.3297e+28,6.9850e+27,5.1093e+29,1.2796e+29,5.2215e+29,1.6921e+29,8.5690e+27,4.7280e+27,3.4470e+27,3.5380e+27,3.1417e+08,1.0343e+06,3.7513e+08,1.1204e-16,6.4201e+07,5.8822e+05,3.9560e+05,3.9293e+05,47.3,51.2,1.0,0.5,1.3505e+30,1.3250e+30,1.6868e+28,8.6600e+27,2.0249e+28,0.0000e+00,98.1,1.2,0.6
246,1.3310e+30,6.2857e+29,6.8178e+29,1.3659e+28,6.9890e+27,5.0165e+29,1.2692e+29,5.0806e+29,1.7372e+29,8.9720e+27,4.6870e+27,3.5650e+27,3.4240e+27,3.1699e+08,1.3723e+03,3.6846e+08,1.0028e-20,7.6441e+07,5.5525e+05,3.9831e+05,3.9561e+05,47.2,51.2,1.0,0.5,1.3310e+30,1.3053e+30,1.6823e+28,8.8560e+27,2.0377e+28,0.0000e+00,98.1,1.3,0.7
247,1.3093e+30,6.1894e+29,6.6969e+29,1.3690e+28,6.9700e+27,4.9197e+29,1.2697e+29,4.9118e+29,1.7851e+29,9.2380e+27,4.4520e+27,3.4640e+27,3.5060e+27,3.1941e+08,2.0657e+06,4.2397e+08,1.6484e-17,7.5430e+07,5.4000e+05,4.0104e+05,3.9832e+05,47.3,51.1,1.0,0.5,1.3099e+30,1.2844e+30,1.6559e+28,9.0370e+27,2.0505e+28,0.0000e+00,98.0,1.3,0.7
248,1.2907e+30,6.0949e+29,6.6100e+29,1.3211e+28,6.9540e+27,4.8590e+29,1.2359e+29,4.8788e+29,1.7312e+29,8.8630e+27,4.3480e+27,3.5270e+27,3.4270e+27,3.2182e+08,6.9004e+06,3.9278e+08,2.4192e-12,7.3043e+07,5.2239e+05,4.0380e+05,4.0105e+05,47.2,51.2,1.0,0.5,1.2905e+30,1.2651e+30,1.6431e+28,9.0480e+27,2.0633e+28,0.0000e+00,98.0,1.3,0.7
249,1.2766e+30,6.0300e+29,6.5402e+29,1.2597e+28,7.0010e+27,4.8350e+29,1.1950e+29,4.8444e+29,1.6958e+29,8.3290e+27,4.2680e+27,3.5510e+27,3.4500e+27,3.2381e+08,6.4171e+06,3.9832e+08,5.1277e-10,7.0713e+07,5.1665e+05,4.0659e+05,4.0381e+05,47.2,51.2,1.0,0.5,1.2769e+30,1.2515e+30,1.6391e+28,9.0040e+27,2.0852e+28,0.0000e+00,98.0,1.3,0.7
250,1.2568e+30,5.9419e+29,6.4357e+29,1.2098e+28,6.9670e+27,4.7786e+29,1.1633e+29,4.7732e+29,1.6625e+29,7.9380e+27,4.1600e+27,3.4420e+27,3.5250e+27,3.2659e+08,5.1230e+06,3.6739e+08,6.2257e-09,6.8440e+07,5.0392e+05,4.0940e+05,4.0660e+05,47.3,51.2,1.0,0.6,1.2569e+30,1.2317e+30,1.6178e+28,8.9900e+27,2.0981e+28,0.0000e+00,98.0,1.3,0.7
251,1.2381e+30,5.8714e+29,6.3226e+29,1.1681e+28,6.9850e+27,4.7478e+29,1.1235e+29,4.7022e+29,1.6204e+29,7.6540e+27,4.0270e+27,3.4930e+27,3.4920e+27,3.2796e+08,3.7740e+06,3.8199e+08,2.3400e-10,6.6626e+07,4.8681e+05,4.1225e+05,4.0941e+05,47.4,51.1,0.9,0.6,1.2385e+30,1.2136e+30,1.5853e+28,9.1270e+27,2.1204e+28,0.0000e+00,98.0,1.3,0.7
252,1.2083e+30,5.7393e+29,6.1649e+29,1.0979e+28,6.9320e+27,4.6625e+29,1.0768e+29,4.6005e+29,1.5643e+29,7.1490e+27,3.8300e+27,3.4570e+27,3.4750e+27,3.2884e+08,2.4046e+06,3.4248e+08,1.8939e-12,6.4710e+07,4.6066e+05,4.1511e+05,4.1226e+05,47.5,51.0,0.9,0.6,1.2082e+30,1.1830e+30,1.6166e+28,9.0520e+27,2.1238e+28,0.0000e+00,97.9,1.3,0.7
253,1.2022e+30,5.7010e+29,6.1430e+29,1.0805e+28,6.9840e+27,4.6435e+29,1.0575e+29,4.5986e+29,1.5444e+29,6.9210e+27,3.8840e+27,3.5000e+27,3.4840e+27,3.3114e+08,9.5807e+05,3.8641e+08,1.5601e-16,6.2753e+07,4.4849e+05,4.1801e+05,4.1512e+05,47.4,51.1,0.9,0.6,1.2027e+30,1.1774e+30,1.5973e+28,9.2590e+27,2.1558e+28,0.0000e+00,97.9,1.3,0.8
254,1.1775e+30,5.5770e+29,6.0236e+29,1.0514e+28,6.9450e+27,4.5373e+29,1.0398e+29,4.4592e+29,1.5643e+29,6.8400e+27,3.6740e+27,3.4280e+27,3.5170e+27,3.3333e+08,3.8624e+03,3.7192e+08,1.0167e-20,7.6899e+07,4.4781e+05,4.2092e+05,4.1802e+05,47.4,51.2,0.9,0.6,1.1774e+30,1.1528e+30,1.5638e+28,8.9620e+27,2.1590e+28,0.0000e+00,97.9,1.3,0.8
255,1.1680e+30,5.5112e+29,5.9890e+29,1.1033e+28,6.9470e+27,4.4573e+29,1.0539e+29,4.3546e+29,1.6344e+29,7.4520e+27,3.5810e+27,3.5940e+27,3.3530e+27,3.3535e+08,1.6634e+06,3.5489e+08,1.2453e-18,7.6124e+07,4.2438e+05,4.2386e+05,4.2093e+05,47.2,51.3,0.9,0.6,1.1682e+30,1.1435e+30,1.5306e+28,9.3990e+27,2.1816e+28,0.0000e+00,97.9,1.3,0.8
256,1.1507e+30,5.4319e+29,5.9011e+29,1.0426e+28,6.9340e+27,4.4068e+29,1.0250e+29,4.2867e+29,1.6143e+29,6.9910e+27,3.4350e+27,3.4650e+27,3.4690e+27,3.3815e+08,6.3188e+06,3.9044e+08,5.6985e-13,7.3793e+07,3.9814e+05,4.2682e+05,4.2387e+05,47.2,51.3,0.9,0.6,1.1509e+30,1.1262e+30,1.5234e+28,9.3900e+27,2.1944e+28,0.0000e+00,97.9,1.3,0.8
257,1.1402e+30,5.3784e+29,5.8518e+29,1.0258e+28,6.9480e+27,4.3793e+29,9.9905e+28,4.2623e+29,1.5895e+29,6.8400e+27,3.4180e+27,3.4600e+27,3.4880e+27,3.4180e+08,6.8928e+06,3.7247e+08,1.4638e-10,7.1700e+07,4.0802e+05,4.2981e+05,4.2683e+05,47.2,51.3,0.9,0.6,1.1402e+30,1.1158e+30,1.4916e+28,9.5440e+27,2.2172e+28,0.0000e+00,97.9,1.3,0.8
258,1.1229e+30,5.2992e+29,5.7651e+29,9.5820e+27,6.9400e+27,4.3237e+29,9.7544e+28,4.1943e+29,1.5708e+29,6.3010e+27,3.2810e+27,3.5240e+27,3.4160e+27,3.4405e+08,5.9023e+06,3.7514e+08,5.1875e-09,6.9509e+07,4.0290e+05,4.3281e+05,4.2982e+05,47.2,51.3,0.9,0.6,1.1233e+30,1.0990e+30,1.4839e+28,9.3910e+27,2.2298e+28,0.0000e+00,97.8,1.3,0.8
259,1.1042e+30,5.2340e+29,5.6465e+29,9.1570e+27,6.9570e+27,4.2841e+29,9.4986e+28,4.1269e+29,1.5197e+29,5.9810e+27,3.1760e+27,3.4630e+27,3.4940e+27,3.4650e+08,4.8621e+06,3.6437e+08,9.2452e-09,6.7315e+07,4.0801e+05,4.3584e+05,4.3282e+05,47.4,51.1,0.8,0.6,1.1043e+30,1.0800e+30,1.4963e+28,9.3500e+27,2.2528e+28,0.0000e+00,97.8,1.4,0.8
260,1.0846e+30,5.1411e+29,5.5444e+29,9.0670e+27,6.9370e+27,4.2208e+29,9.2031e+28,4.0371e+29,1.5073e+29,5.8560e+27,3.2110e+27,3.4380e+27,3.4990e+27,3.4865e+08,3.7686e+06,3.8787e+08,6.0220e-10,6.5122e+07,3.9554e+05,4.3889e+05,4.3586e+05,47.4,51.1,0.8,0.6,1.0847e+30,1.0603e+30,1.4910e+28,9.4940e+27,2.2653e+28,0.0000e+00,97.8,1.4,0.9
261,1.0710e+30,5.0562e+29,5.5005e+29,8.4190e+27,6.9090e+27,4.1619e+29,8.9432e+28,4.0126e+29,1.4879e+29,5.3850e+27,3.0340e+27,3.5030e+27,3.4060e+27,3.4938e+08,2.6678e+06,3.7016e+08,1.5105e-11,6.3265e+07,3.8292e+05,4.4194e+05,4.3890e+05,47.2,51.4,0.8,0.6,1.0711e+30,1.0469e+30,1.4562e+28,9.5830e+27,2.2774e+28,0.0000e+00,97.7,1.4,0.9
262,1.0608e+30,4.9994e+29,5.4588e+29,8.0600e+27,6.9420e+27,4.1238e+29,8.7561e+28,3.9828e+29,1.4760e+29,5.0720e+27,2.9880e+27,3.4800e+27,3.4620e+27,3.4984e+08,1.5290e+06,3.7673e+08,4.5634e-14,6.1333e+07,3.9367e+05,4.4502e+05,4.4196e+05,47.1,51.5,0.8,0.7,1.0610e+30,1.0373e+30,1.4257e+28,9.4060e+27,2.3004e+28,0.0000e+00,97.8,1.3,0.9
263,1.0470e+30,4.9247e+29,5.3946e+29,8.0980e+27,6.9560e+27,4.0704e+29,8.5430e+28,3.9521e+29,1.4425e+29,5.0810e+27,3.0170e+27,3.5450e+27,3.4110e+27,3.4986e+08,3.5171e+05,3.5770e+08,2.3309e-20,5.9566e+07,3.7044e+05,4.4813e+05,4.4504e+05,47.0,51.5,0.8,0.7,1.0473e+30,1.0232e+30,1.4438e+28,9.6750e+27,2.3236e+28,0.0000e+00,97.7,1.4,0.9
264,1.0329e+30,4.8344e+29,5.3437e+29,8.2010e+27,6.9320e+27,3.9698e+29,8.6456e+28,3.8154e+29,1.5283e+29,5.3770e+27,2.8240e+27,3.5010e+27,3.4310e+27,3.5174e+08,8.8725e+02,3.3554e+08,1.0454e-20,7.4388e+07,3.7122e+05,4.5125e+05,4.4815e+05,46.8,51.7,0.8,0.7,1.0329e+30,1.0091e+30,1.4211e+28,9.6040e+27,2.3355e+28,0.0000e+00,97.7,1.4,0.9
265,1.0207e+30,4.7700e+29,5.2853e+29,8.2490e+27,6.9100e+27,3.9081e+29,8.6196e+28,3.7217e+29,1.5636e+29,5.5250e+27,2.7240e+27,3.4900e+27,3.4200e+27,3.5321e+08,2.9494e+06,3.2413e+08,2.7110e-16,7.2641e+07,3.5949e+05,4.5437e+05,4.5126e+05,46.7,51.8,0.8,0.7,1.0209e+30,9.9680e+29,1.4363e+28,9.7450e+27,2.3471e+28,0.0000e+00,97.6,1.4,1.0
266,1.0090e+30,4.7163e+29,5.2258e+29,7.8920e+27,6.9250e+27,3.8764e+29,8.3983e+28,3.6788e+29,1.5470e+29,5.1760e+27,2.7160e+27,3.4750e+27,3.4500e+27,3.5443e+08,6.4760e+06,3.7941e+08,1.5727e-12,7.0023e+07,3.5329e+05,4.5751e+05,4.5438e+05,46.7,51.8,0.8,0.7,1.0091e+30,9.8529e+29,1.4054e+28,9.7260e+27,2.3700e+28,0.0000e+00,97.6,1.4,1.0
267,9.9921e+29,4.6674e+29,5.1803e+29,7.4900e+27,6.9440e+27,3.8428e+29,8.2465e+28,3.6446e+29,1.5357e+29,4.9520e+27,2.5380e+27,3.5120e+27,3.4320e+27,3.5528e+08,6.2722e+06,3.2516e+08,1.5916e-10,6.7923e+07,3.3314e+05,4.6068e+05,4.5753e+05,46.7,51.8,0.7,0.7,9.9951e+29,9.7547e+29,1.4214e+28,9.8220e+27,2.3930e+28,0.0000e+00,97.6,1.4,1.0
268,9.8124e+29,4.5924e+29,5.0775e+29,7.3340e+27,6.9200e+27,3.7849e+29,8.0754e+28,3.5767e+29,1.5008e+29,4.7710e+27,2.5630e+27,3.4910e+27,3.4290e+27,3.5568e+08,6.0360e+06,3.5299e+08,3.7240e-09,6.5832e+07,3.2464e+05,4.6385e+05,4.6069e+05,46.8,51.7,0.7,0.7,9.8120e+29,9.5760e+29,1.3866e+28,9.7310e+27,2.4041e+28,0.0000e+00,97.6,1.4,1.0
269,9.6846e+29,4.5216e+29,5.0245e+29,6.9600e+27,6.8940e+27,3.7317e+29,7.8994e+28,3.5345e+29,1.4900e+29,4.4420e+27,2.5180e+27,3.4600e+27,3.4340e+27,3.5702e+08,5.7522e+06,3.7356e+08,3.9956e-08,6.3731e+07,3.2120e+05,4.6702e+05,4.6386e+05,46.7,51.9,0.7,0.7,9.6834e+29,9.4467e+29,1.3900e+28,9.7620e+27,2.4147e+28,0.0000e+00,97.6,1.4,1.0
270,9.5760e+29,4.4620e+29,4.9776e+29,6.7400e+27,6.9050e+27,3.6917e+29,7.7029e+28,3.4936e+29,1.4839e+29,4.3260e+27,2.4140e+27,3.4060e+27,3.4990e+27,3.5838e+08,4.9560e+06,3.3881e+08,2.4800e-08,6.1722e+07,3.2269e+05,4.7020e+05,4.6703e+05,46.6,52.0,0.7,0.7,9.5799e+29,9.3442e+29,1.3744e+28,9.8210e+27,2.4373e+28,0.0000e+00,97.5,1.4,1.0
271,9.4648e+29,4.4072e+29,4.9241e+29,6.4340e+27,6.9170e+27,3.6494e+29,7.5777e+28,3.4557e+29,1.4684e+29,4.0420e+27,2.3920e+27,3.4660e+27,3.4510e+27,3.6074e+08,4.1290e+06,3.4018e+08,3.3592e-09,5.9676e+07,3.0781e+05,4.7340e+05,4.7022e+05,46.6,52.0,0.7,0.7,9.4662e+29,9.2323e+29,1.3769e+28,9.6120e+27,2.4600e+28,0.0000e+00,97.5,1.5,1.0
272,9.3863e+29,4.3362e+29,4.9191e+29,6.2100e+27,6.8890e+27,3.5906e+29,7.4567e+28,3.4441e+29,1.4750e+29,3.9310e+27,2.2790e+27,3.3860e+27,3.5030e+27,3.6175e+08,3.3170e+06,3.3012e+08,2.8832e-10,5.8006e+07,3.2358e+05,4.7661e+05,4.7342e+05,46.2,52.4,0.7,0.7,9.3889e+29,9.1575e+29,1.3594e+28,9.5460e+27,2.4699e+28,0.0000e+00,97.5,1.4,1.0
273,9.2732e+29,4.2759e+29,4.8678e+29,6.0370e+27,6.9070e+27,3.5457e+29,7.3025e+28,3.4118e+29,1.4560e+29,3.7820e+27,2.2550e+27,3.4410e+27,3.4660e+27,3.6273e+08,2.4786e+06,3.2448e+08,1.1674e-11,5.6423e+07,3.0827e+05,4.7982e+05,4.7662e+05,46.1,52.5,0.7,0.7,9.2715e+29,9.0415e+29,1.3543e+28,9.4610e+27,2.4922e+28,0.0000e+00,97.5,1.5,1.0
274,9.1789e+29,4.2173e+29,4.8348e+29,5.7640e+27,6.9100e+27,3.5010e+29,7.1634e+28,3.3773e+29,1.4575e+29,3.6060e+27,2.1580e+27,3.4260e+27,3.4840e+27,3.6372e+08,1.6150e+06,3.2943e+08,1.1405e-13,5.4453e+07,3.1458e+05,4.8305e+05,4.7984e+05,45.9,52.7,0.6,0.8,9.1795e+29,8.9496e+29,1.3411e+28,9.5790e+27,2.5146e+28,0.0000e+00,97.5,1.5,1.0
275,9.0309e+29,4.1415e+29,4.7651e+29,5.5510e+27,6.8860e+27,3.4417e+29,6.9981e+28,3.3364e+29,1.4287e+29,3.3830e+27,2.1680e+27,3.4470e+27,3.4390e+27,3.6468e+08,7.0697e+05,3.3238e+08,2.5091e-17,5.2599e+07,3.1532e+05,4.8627e+05,4.8307e+05,45.9,52.8,0.6,0.8,9.0325e+29,8.8015e+29,1.3433e+28,9.6660e+27,2.5235e+28,0.0000e+00,97.4,1.5,1.1
276,8.9173e+29,4.0804e+29,4.7129e+29,5.5010e+27,6.9020e+27,3.3847e+29,6.9571e+28,3.2760e+29,1.4368e+29,3.5060e+27,1.9950e+27,3.4460e+27,3.4560e+27,3.6591e+08,3.7992e+03,3.0273e+08,1.0262e-20,6.9045e+07,3.0151e+05,4.8950e+05,4.8629e+05,45.8,52.9,0.6,0.8,8.9150e+29,8.6857e+29,1.3289e+28,9.6420e+27,2.5454e+28,0.0000e+00,97.4,1.5,1.1
277,8.8472e+29,4.0238e+29,4.6946e+29,5.9670e+27,6.9190e+27,3.3118e+29,7.1199e+28,3.1271e+29,1.5675e+29,3.9050e+27,2.0620e+27,3.4840e+27,3.4350e+27,3.6843e+08,9.0781e+05,3.0772e+08,1.0417e-20,6.8364e+07,2.9663e+05,4.9274e+05,4.8952e+05,45.5,53.1,0.7,0.8,8.8530e+29,8.6224e+29,1.3187e+28,9.8740e+27,2.5673e+28,0.0000e+00,97.4,1.5,1.1
278,8.7349e+29,3.9709e+29,4.6386e+29,5.6630e+27,6.8780e+27,3.2706e+29,7.0026e+28,3.0907e+29,1.5479e+29,3.7450e+27,1.9180e+27,3.4280e+27,3.4500e+27,3.7034e+08,4.4510e+06,2.9795e+08,7.5520e-15,6.5452e+07,2.8508e+05,4.9597e+05,4.9276e+05,45.5,53.1,0.6,0.8,8.7354e+29,8.5049e+29,1.3337e+28,9.7160e+27,2.5751e+28,0.0000e+00,97.4,1.5,1.1
279,8.6203e+29,3.9110e+29,4.5853e+29,5.5110e+27,6.8850e+27,3.2208e+29,6.9028e+28,3.0339e+29,1.5514e+29,3.6230e+27,1.8880e+27,3.4420e+27,3.4430e+27,3.7115e+08,5.3034e+06,2.8615e+08,2.4620e-12,6.3355e+07,2.8129e+05,4.9920e+05,4.9599e+05,45.4,53.2,0.6,0.8,8.6207e+29,8.3944e+29,1.3114e+28,9.5120e+27,2.5964e+28,0.0000e+00,97.4,1.5,1.1
280,8.5442e+29,3.8771e+29,4.5455e+29,5.2760e+27,6.8920e+27,3.1955e+29,6.8155e+28,3.0099e+29,1.5356e+29,3.4410e+27,1.8350e+27,3.4280e+27,3.4640e+27,3.7252e+08,5.3673e+06,3.3131e+08,9.4102e-11,6.1068e+07,2.5589e+05,5.0244e+05,4.9922e+05,45.4,53.2,0.6,0.8,8.5439e+29,8.3154e+29,1.3260e+28,9.5990e+27,2.6176e+28,0.0000e+00,97.3,1.6,1.1
281,8.4630e+29,3.8309e+29,4.5122e+29,5.0860e+27,6.8990e+27,3.1593e+29,6.7168e+28,2.9736e+29,1.5386e+29,3.2340e+27,1.8520e+27,3.4220e+27,3.4770e+27,3.7287e+08,4.9725e+06,2.9013e+08,1.3333e-09,5.9127e+07,2.5551e+05,5.0569e+05,5.0246e+05,45.3,53.3,0.6,0.8,8.4654e+29,8.2409e+29,1.2931e+28,9.5150e+27,2.6387e+28,0.0000e+00,97.3,1.5,1.1
282,8.3564e+29,3.7683e+29,4.4716e+29,4.7790e+27,6.8710e+27,3.1084e+29,6.5991e+28,2.9385e+29,1.5331e+29,3.0530e+27,1.7260e+27,3.5100e+27,3.3610e+27,3.7282e+08,4.8798e+06,3.7693e+08,1.0719e-08,5.7323e+07,2.4541e+05,5.0891e+05,5.0570e+05,45.1,53.5,0.6,0.8,8.3545e+29,8.1300e+29,1.2994e+28,9.4580e+27,2.6449e+28,0.0000e+00,97.3,1.6,1.1
283,8.2799e+29,3.7161e+29,4.4479e+29,4.7190e+27,6.8720e+27,3.0665e+29,6.4963e+28,2.9214e+29,1.5265e+29,2.9320e+27,1.7870e+27,3.4190e+27,3.4530e+27,3.7236e+08,4.8595e+06,3.0070e+08,5.8498e-08,5.5224e+07,2.5586e+05,5.1214e+05,5.0893e+05,44.9,53.7,0.6,0.8,8.2814e+29,8.0591e+29,1.2788e+28,9.4410e+27,2.6652e+28,0.0000e+00,97.3,1.5,1.1
284,8.2210e+29,3.6688e+29,4.4371e+29,4.6400e+27,6.8750e+27,3.0284e+29,6.4038e+28,2.9130e+29,1.5240e+29,2.9310e+27,1.7090e+27,3.4800e+27,3.3950e+27,3.7135e+08,4.9346e+06,2.8860e+08,2.4391e-07,5.3282e+07,2.5500e+05,5.1537e+05,5.1216e+05,44.6,54.0,0.6,0.8,8.2195e+29,7.9982e+29,1.2686e+28,9.4430e+27,2.6854e+28,0.0000e+00,97.3,1.5,1.1
285,8.1675e+29,3.6313e+29,4.4228e+29,4.4530e+27,6.8840e+27,2.9941e+29,6.3718e+28,2.8997e+29,1.5231e+29,2.7120e+27,1.7410e+27,3.4460e+27,3.4380e+27,3.7151e+08,4.7203e+06,3.0380e+08,1.3568e-07,5.1549e+07,2.5292e+05,5.1859e+05,5.1538e+05,44.5,54.2,0.5,0.8,8.1686e+29,7.9472e+29,1.2613e+28,9.5320e+27,2.7054e+28,0.0000e+00,97.3,1.5,1.2
286,8.0728e+29,3.5776e+29,4.3830e+29,4.3260e+27,6.8950e+27,2.9495e+29,6.2801e+28,2.8712e+29,1.5118e+29,2.6890e+27,1.6370e+27,3.5500e+27,3.3450e+27,3.7256e+08,4.6534e+06,2.7835e+08,4.2685e-08,4.9835e+07,2.5906e+05,5.2181e+05,5.1861e+05,44.3,54.3,0.5,0.9,8.0724e+29,7.8510e+29,1.2674e+28,9.4710e+27,2.7251e+28,0.0000e+00,97.3,1.6,1.2
287,7.9615e+29,3.5149e+29,4.3361e+29,4.1940e+27,6.8590e+27,2.8962e+29,6.1863e+28,2.8296e+29,1.5066e+29,2.5760e+27,1.6180e+27,3.4490e+27,3.4100e+27,3.7359e+08,4.6568e+06,2.7375e+08,1.1971e-08,4.7878e+07,2.5843e+05,5.2501e+05,5.2183e+05,44.1,54.5,0.5,0.9,7.9659e+29,7.7492e+29,1.2480e+28,9.1830e+27,2.7289e+28,0.0000e+00,97.3,1.6,1.2
288,7.9097e+29,3.4819e+29,4.3180e+29,4.0810e+27,6.9000e+27,2.8660e+29,6.1591e+28,2.8156e+29,1.5024e+29,2.4850e+27,1.5960e+27,3.3900e+27,3.5100e+27,3.7455e+08,4.2665e+06,2.7535e+08,2.8254e-09,4.6376e+07,2.5092e+05,5.2822e+05,5.2503e+05,44.0,54.6,0.5,0.9,7.9108e+29,7.6915e+29,1.2698e+28,9.2260e+27,2.7636e+28,0.0000e+00,97.2,1.6,1.2
289,7.7825e+29,3.4081e+29,4.2659e+29,3.9940e+27,6.8640e+27,2.8064e+29,6.0165e+28,2.7661e+29,1.4998e+29,2.4070e+27,1.5870e+27,3.4000e+27,3.4640e+27,3.7480e+08,3.8564e+06,2.9554e+08,5.4714e-10,4.4784e+07,2.4446e+05,5.3140e+05,5.2824e+05,43.8,54.8,0.5,0.9,7.7811e+29,7.5654e+29,1.2515e+28,9.0580e+27,2.7664e+28,0.0000e+00,97.2,1.6,1.2
290,7.7192e+29,3.3707e+29,4.2404e+29,3.9440e+27,6.8620e+27,2.7739e+29,5.9685e+28,2.7528e+29,1.4876e+29,2.3780e+27,1.5660e+27,3.4430e+27,3.4190e+27,3.7516e+08,3.2949e+06,2.7008e+08,8.1669e-11,4.3266e+07,2.4541e+05,5.3457e+05,5.3142e+05,43.7,54.9,0.5,0.9,7.7204e+29,7.5047e+29,1.2457e+28,9.1140e+27,2.7846e+28,0.0000e+00,97.2,1.6,1.2
291,7.6220e+29,3.3154e+29,4.2021e+29,3.5960e+27,6.8590e+27,2.7299e+29,5.8547e+28,2.7140e+29,1.4880e+29,2.1350e+27,1.4610e+27,3.4610e+27,3.3980e+27,3.7530e+08,2.6972e+06,2.9606e+08,8.3297e-12,4.2085e+07,2.4848e+05,5.3773e+05,5.3459e+05,43.5,55.1,0.5,0.9,7.6234e+29,7.4091e+29,1.2441e+28,8.9900e+27,2.8025e+28,0.0000e+00,97.2,1.6,1.2
292,7.5832e+29,3.2669e+29,4.2111e+29,3.6650e+27,6.8590e+27,2.6839e+29,5.8306e+28,2.7028e+29,1.5082e+29,2.1560e+27,1.5090e+27,3.4040e+27,3.4550e+27,3.7499e+08,2.0741e+06,2.9321e+08,4.6984e-13,4.0725e+07,2.4532e+05,5.4088e+05,5.3775e+05,43.1,55.5,0.5,0.9,7.5845e+29,7.3720e+29,1.2358e+28,8.8960e+27,2.8201e+28,0.0000e+00,97.2,1.6,1.2
293,7.5301e+29,3.2247e+29,4.2005e+29,3.6450e+27,6.8530e+27,2.6462e+29,5.7849e+28,2.6995e+29,1.5010e+29,2.1420e+27,1.5030e+27,3.4520e+27,3.4010e+27,3.7450e+08,1.4464e+06,2.7512e+08,9.4752e-15,3.9354e+07,2.4696e+05,5.4402e+05,5.4090e+05,42.8,55.8,0.5,0.9,7.5306e+29,7.3207e+29,1.2268e+28,8.7270e+27,2.8372e+28,0.0000e+00,97.2,1.6,1.2
294,7.4746e+29,3.1799e+29,4.1919e+29,3.4300e+27,6.8530e+27,2.6084e+29,5.7155e+28,2.6849e+29,1.5070e+29,2.0190e+27,1.4110e+27,3.4130e+27,3.4400e+27,3.7257e+08,7.9428e+05,2.6215e+08,2.0377e-17,3.8393e+07,2.4409e+05,5.4714e+05,5.4404e+05,42.5,56.1,0.5,0.9,7.4721e+29,7.2640e+29,1.2422e+28,8.3880e+27,2.8540e+28,0.0000e+00,97.2,1.7,1.1
295,7.3890e+29,3.1230e+29,4.1640e+29,3.3420e+27,6.8550e+27,2.5574e+29,5.6557e+28,2.6448e+29,1.5193e+29,1.9530e+27,1.3890e+27,3.5030e+27,3.3520e+27,3.7267e+08,1.2332e+05,2.6981e+08,1.0665e-20,3.6951e+07,2.2712e+05,5.5024e+05,5.4715e+05,42.3,56.4,0.5,0.9,7.3913e+29,7.1846e+29,1.2230e+28,8.4480e+27,2.8704e+28,0.0000e+00,97.2,1.7,1.1
296,7.3511e+29,3.0754e+29,4.1716e+29,3.5700e+27,6.8500e+27,2.4971e+29,5.7829e+28,2.5225e+29,1.6491e+29,2.2320e+27,1.3380e+27,3.4370e+27,3.4130e+27,3.7292e+08,6.1228e+02,3.0377e+08,1.0194e-20,5.5012e+07,2.1216e+05,5.5332e+05,5.5026e+05,41.8,56.7,0.5,0.9,7.3505e+29,7.1431e+29,1.2385e+28,8.3550e+27,2.8864e+28,0.0000e+00,97.2,1.7,1.1
297,7.2843e+29,3.0414e+29,4.1395e+29,3.4960e+27,6.8420e+27,2.4630e+29,5.7839e+28,2.4835e+29,1.6560e+29,2.1550e+27,1.3410e+27,3.4460e+27,3.3960e+27,3.7333e+08,1.8852e+06,2.6881e+08,9.9250e-19,5.3338e+07,2.0579e+05,5.5639e+05,5.5334e+05,41.8,56.8,0.5,0.9,7.2862e+29,7.0823e+29,1.2132e+28,8.2550e+27,2.9019e+28,0.0000e+00,97.2,1.7,1.1
298,7.2702e+29,3.0295e+29,4.1371e+29,3.4750e+27,6.8800e+27,2.4482e+29,5.8133e+28,2.4753e+29,1.6619e+29,2.2140e+27,1.2610e+27,3.3430e+27,3.5370e+27,3.7335e+08,3.8693e+06,2.6635e+08,1.9007e-15,5.1093e+07,2.2878e+05,5.5945e+05,5.5641e+05,41.7,56.9,0.5,0.9,7.2671e+29,7.0594e+29,1.2515e+28,8.2580e+27,2.9349e+28,0.0000e+00,97.1,1.7,1.1
299,7.1557e+29,2.9684e+29,4.0852e+29,3.3700e+27,6.8430e+27,2.3969e+29,5.7154e+28,2.4406e+29,1.6446e+29,2.0890e+27,1.2810e+27,3.4620e+27,3.3810e+27,3.7334e+08,3.7642e+06,3.0292e+08,1.3067e-13,4.9306e+07,2.2777e+05,5.6247e+05,5.5947e+05,41.5,57.1,0.5,1.0,7.1584e+29,6.9545e+29,1.2231e+28,8.1630e+27,2.9318e+28,0.0000e+00,97.2,1.7,1.1
300,7.1079e+29,2.9275e+29,4.0801e+29,3.2040e+27,6.8380e+27,2.3612e+29,5.6624e+28,2.4165e+29,1.6635e+29,1.9670e+27,1.2370e+27,3.4700e+27,3.3680e+27,3.7279e+08,3.7179e+06,2.8522e+08,2.3895e-12,4.7310e+07,2.1615e+05,5.6547e+05,5.6249e+05,41.2,57.4,0.5,1.0,7.1085e+29,6.9068e+29,1.2083e+28,8.0910e+27,2.9459e+28,0.0000e+00,97.2,1.7,1.1
301,7.0753e+29,2.8944e+29,4.0805e+29,3.2230e+27,6.8180e+27,2.3332e+29,5.6114e+28,2.4082e+29,1.6723e+29,1.9560e+27,1.2670e+27,3.4080e+27,3.4100e+27,3.7270e+08,3.7591e+06,2.8195e+08,2.1529e-11,4.5427e+07,2.0496e+05,5.6844e+05,5.6549e+05,40.9,57.7,0.5,1.0,7.0731e+29,6.8720e+29,1.2167e+28,7.9450e+27,2.9594e+28,0.0000e+00,97.2,1.7,1.1
302,7.0835e+29,2.8847e+29,4.0985e+29,3.1590e+27,6.8690e+27,2.3168e+29,5.6789e+28,2.4144e+29,1.6841e+29,1.8860e+27,1.2730e+27,3.4050e+27,3.4640e+27,3.7204e+08,3.7917e+06,2.8805e+08,1.2528e-10,4.3836e+07,2.0529e+05,5.7140e+05,5.6845e+05,40.7,57.9,0.4,1.0,7.0830e+29,6.8820e+29,1.2270e+28,7.8260e+27,2.9912e+28,0.0000e+00,97.2,1.7,1.1
303,6.9818e+29,2.8187e+29,4.0639e+29,3.1040e+27,6.8130e+27,2.2645e+29,5.5422e+28,2.3938e+29,1.6701e+29,1.9060e+27,1.1980e+27,3.4290e+27,3.3840e+27,3.7135e+08,3.6602e+06,3.0673e+08,5.4369e-10,4.2127e+07,2.0924e+05,5.7431e+05,5.7142e+05,40.4,58.2,0.4,1.0,6.9846e+29,6.7876e+29,1.2131e+28,7.5620e+27,2.9852e+28,0.0000e+00,97.2,1.7,1.1
304,6.9710e+29,2.8021e+29,4.0706e+29,2.9880e+27,6.8440e+27,2.2494e+29,5.5268e+28,2.4001e+29,1.6705e+29,1.7810e+27,1.2070e+27,3.4030e+27,3.4410e+27,3.7055e+08,2.9755e+06,2.8981e+08,1.8784e-09,4.0764e+07,2.0604e+05,5.7722e+05,5.7433e+05,40.2,58.4,0.4,1.0,6.9699e+29,6.7733e+29,1.2292e+28,7.3670e+27,3.0162e+28,0.0000e+00,97.2,1.8,1.1
305,6.9056e+29,2.7689e+29,4.0389e+29,2.9330e+27,6.8440e+27,2.2185e+29,5.5043e+28,2.3621e+29,1.6768e+29,1.7100e+27,1.2230e+27,3.4810e+27,3.3630e+27,3.6954e+08,3.3618e+06,3.5785e+08,5.5132e-09,3.9394e+07,1.9430e+05,5.8009e+05,5.7724e+05,40.1,58.5,0.4,1.0,6.9064e+29,6.7069e+29,1.2468e+28,7.4760e+27,3.0279e+28,0.0000e+00,97.1,1.8,1.1
306,6.8408e+29,2.7307e+29,4.0132e+29,2.8570e+27,6.8300e+27,2.1800e+29,5.5075e+28,2.3281e+29,1.6851e+29,1.6700e+27,1.1870e+27,3.4360e+27,3.3940e+27,3.6875e+08,3.5294e+06,3.1460e+08,1.4035e-08,3.7918e+07,2.0445e+05,5.8293e+05,5.8011e+05,39.9,58.7,0.4,1.0,6.8393e+29,6.6462e+29,1.2168e+28,7.1410e+27,3.0390e+28,0.0000e+00,97.2,1.8,1.0
307,6.8063e+29,2.6957e+29,4.0133e+29,2.9070e+27,6.8230e+27,2.1492e+29,5.4645e+28,2.3296e+29,1.6837e+29,1.6990e+27,1.2080e+27,3.4000e+27,3.4230e+27,3.6759e+08,3.7178e+06,2.9488e+08,3.2076e-08,3.6735e+07,1.9305e+05,5.8573e+05,5.8294e+05,39.6,59.0,0.4,1.0,6.8078e+29,6.6160e+29,1.2330e+28,6.8570e+27,3.0496e+28,0.0000e+00,97.2,1.8,1.0
308,6.7998e+29,2.6744e+29,4.0301e+29,2.6810e+27,6.8530e+27,2.1327e+29,5.4169e+28,2.3402e+29,1.6899e+29,1.5530e+27,1.1280e+27,3.4370e+27,3.4160e+27,3.6582e+08,3.4484e+06,2.8543e+08,6.6835e-08,3.5584e+07,1.9023e+05,5.8852e+05,5.8575e+05,39.3,59.3,0.4,1.0,6.8001e+29,6.6096e+29,1.2286e+28,6.7640e+27,3.0793e+28,0.0000e+00,97.2,1.8,1.0
309,6.7579e+29,2.6396e+29,4.0220e+29,2.7960e+27,6.8360e+27,2.0979e+29,5.4172e+28,2.3250e+29,1.6970e+29,1.5980e+27,1.1980e+27,3.5200e+27,3.3160e+27,3.6404e+08,2.9930e+06,3.3522e+08,1.2931e-07,3.4577e+07,1.8820e+05,5.9127e+05,5.8854e+05,39.1,59.5,0.4,1.0,6.7557e+29,6.5686e+29,1.2210e+28,6.4980e+27,3.0889e+28,0.0000e+00,97.2,1.8,1.0
310,6.7135e+29,2.6000e+29,4.0180e+29,2.7140e+27,6.8280e+27,2.0615e+29,5.3855e+28,2.2964e+29,1.7216e+29,1.5470e+27,1.1670e+27,3.4030e+27,3.4250e+27,3.6332e+08,2.9644e+06,3.2295e+08,2.3421e-07,3.3516e+07,1.8136e+05,5.9398e+05,5.9128e+05,38.7,59.9,0.4,1.0,6.7157e+29,6.5279e+29,1.2437e+28,6.3450e+27,3.0979e+28,0.0000e+00,97.2,1.9,0.9
311,6.6723e+29,2.5652e+29,4.0120e+29,2.6850e+27,6.8180e+27,2.0317e+29,5.3352e+28,2.3007e+29,1.7113e+29,1.5090e+27,1.1760e+27,3.4120e+27,3.4060e+27,3.6203e+08,2.9843e+06,3.0811e+08,4.0135e-07,3.2586e+07,1.8961e+05,5.9665e+05,5.9400e+05,38.4,60.1,0.4,1.0,6.6744e+29,6.4933e+29,1.2218e+28,5.8910e+27,3.1062e+28,0.0000e+00,97.3,1.8,0.9
312,6.6410e+29,2.5373e+29,4.0095e+29,2.6190e+27,6.7990e+27,2.0035e+29,5.3375e+28,2.2875e+29,1.7220e+29,1.4740e+27,1.1450e+27,3.3550e+27,3.4440e+27,3.6123e+08,3.1357e+06,2.9442e+08,6.5315e-07,3.1914e+07,1.9057e+05,5.9928e+05,5.9667e+05,38.2,60.4,0.4,1.0,6.6392e+29,6.4588e+29,1.2346e+28,5.6930e+27,3.1138e+28,0.0000e+00,97.3,1.9,0.9
313,6.6163e+29,2.5163e+29,4.0061e+29,2.5590e+27,6.8300e+27,1.9838e+29,5.3253e+28,2.2797e+29,1.7264e+29,1.4670e+27,1.0920e+27,3.4560e+27,3.3740e+27,3.6004e+08,3.3000e+06,3.4330e+08,1.0171e-06,3.1009e+07,1.9400e+05,6.0189e+05,5.9930e+05,38.0,60.5,0.4,1.0,6.6182e+29,6.4398e+29,1.2523e+28,5.3150e+27,3.1415e+28,0.0000e+00,97.3,1.9,0.8
314,6.5634e+29,2.4864e+29,3.9827e+29,2.6180e+27,6.8090e+27,1.9523e+29,5.3409e+28,2.2726e+29,1.7101e+29,1.5060e+27,1.1120e+27,3.4490e+27,3.3600e+27,3.5910e+08,2.8678e+06,3.1971e+08,1.5294e-06,3.0003e+07,1.9207e+05,6.0445e+05,6.0190e+05,37.9,60.7,0.4,1.0,6.5643e+29,6.3913e+29,1.2361e+28,4.9360e+27,3.1480e+28,0.0000e+00,97.4,1.9,0.8
315,6.5754e+29,2.4661e+29,4.0164e+29,2.4440e+27,6.8520e+27,1.9340e+29,5.3206e+28,2.2814e+29,1.7349e+29,1.3490e+27,1.0950e+27,3.4190e+27,3.4330e+27,3.5715e+08,3.1207e+06,3.0426e+08,2.2269e-06,2.9273e+07,1.8948e+05,6.0698e+05,6.0446e+05,37.5,61.1,0.4,1.0,6.5732e+29,6.3992e+29,1.2602e+28,4.8010e+27,3.1749e+28,0.0000e+00,97.4,1.9,0.7
316,6.5381e+29,2.4283e+29,4.0172e+29,2.4230e+27,6.8310e+27,1.8985e+29,5.2989e+28,2.2619e+29,1.7553e+29,1.3590e+27,1.0640e+27,3.3500e+27,3.4810e+27,3.5527e+08,3.2378e+06,3.2680e+08,2.8642e-06,2.8565e+07,1.8288e+05,6.0947e+05,6.0700e+05,37.1,61.4,0.4,1.0,6.5378e+29,6.3665e+29,1.2663e+28,4.4660e+27,3.1804e+28,0.0000e+00,97.4,1.9,0.7
317,6.5135e+29,2.4016e+29,4.0183e+29,2.5500e+27,6.8040e+27,1.8710e+29,5.3068e+28,2.2548e+29,1.7635e+29,1.4340e+27,1.1160e+27,3.3500e+27,3.4540e+27,3.5387e+08,3.1993e+06,3.0779e+08,2.3659e-06,2.7751e+07,1.7150e+05,6.1191e+05,6.0949e+05,36.9,61.7,0.4,1.0,6.5129e+29,6.3442e+29,1.2614e+28,4.2560e+27,3.1851e+28,0.0000e+00,97.4,1.9,0.7
318,6.5019e+29,2.3841e+29,4.0247e+29,2.4750e+27,6.8380e+27,1.8535e+29,5.3065e+28,2.2496e+29,1.7751e+29,1.3600e+27,1.1150e+27,3.3660e+27,3.4720e+27,3.5219e+08,3.0176e+06,3.0506e+08,1.9608e-06,2.7119e+07,1.8032e+05,6.1432e+05,6.1192e+05,36.7,61.9,0.4,1.1,6.5050e+29,6.3370e+29,1.2726e+28,4.0730e+27,3.2106e+28,0.0000e+00,97.4,2.0,0.6
319,6.4208e+29,2.3404e+29,3.9882e+29,2.4590e+27,6.7610e+27,1.8136e+29,5.2674e+28,2.2201e+29,1.7681e+29,1.3130e+27,1.1460e+27,3.4240e+27,3.3370e+27,3.5026e+08,3.0437e+06,3.1963e+08,1.6532e-06,2.6728e+07,1.6803e+05,6.1666e+05,6.1433e+05,36.5,62.1,0.4,1.1,6.4204e+29,6.2604e+29,1.2434e+28,3.5640e+27,3.1923e+28,0.0000e+00,97.5,1.9,0.6
320,6.4517e+29,2.3360e+29,4.0234e+29,2.3910e+27,6.8410e+27,1.8050e+29,5.3094e+28,2.2534e+29,1.7700e+29,1.3010e+27,1.0900e+27,3.3950e+27,3.4460e+27,3.4802e+08,2.9996e+06,3.2242e+08,1.4036e-06,2.5960e+07,1.7450e+05,6.1898e+05,6.1667e+05,36.2,62.4,0.4,1.1,6.4510e+29,6.2889e+29,1.2862e+28,3.3490e+27,3.2386e+28,0.0000e+00,97.5,2.0,0.5
321,6.4572e+29,2.3017e+29,4.0629e+29,2.4340e+27,6.8250e+27,1.7752e+29,5.2646e+28,2.2624e+29,1.8006e+29,1.3570e+27,1.0770e+27,3.4140e+27,3.4110e+27,3.4587e+08,2.8880e+06,3.5975e+08,1.2164e-06,2.5193e+07,1.7585e+05,6.2125e+05,6.1899e+05,35.6,62.9,0.4,1.1,6.4551e+29,6.2950e+29,1.2951e+28,3.0520e+27,3.2408e+28,0.0000e+00,97.5,2.0,0.5
322,6.4273e+29,2.2780e+29,4.0583e+29,2.3030e+27,6.8040e+27,1.7484e+29,5.2954e+28,2.2471e+29,1.8112e+29,1.2200e+27,1.0830e+27,3.4820e+27,3.3220e+27,3.4329e+08,2.7543e+06,3.3547e+08,1.0647e-06,2.4636e+07,1.7402e+05,6.2347e+05,6.2126e+05,35.4,63.1,0.4,1.1,6.4300e+29,6.2748e+29,1.2752e+28,2.7720e+27,3.2423e+28,0.0000e+00,97.6,2.0,0.4
323,6.4317e+29,2.2621e+29,4.0778e+29,2.3540e+27,6.8220e+27,1.7329e+29,5.2925e+28,2.2523e+29,1.8255e+29,1.3290e+27,1.0250e+27,3.3640e+27,3.4580e+27,3.4089e+08,2.8145e+06,3.3729e+08,9.4080e-07,2.4173e+07,1.6366e+05,6.2564e+05,6.2348e+05,35.2,63.4,0.4,1.1,6.4274e+29,6.2719e+29,1.3027e+28,2.5220e+27,3.2653e+28,0.0000e+00,97.6,2.0,0.4
324,6.4151e+29,2.2306e+29,4.0928e+29,2.3750e+27,6.7950e+27,1.7025e+29,5.2808e+28,2.2731e+29,1.8197e+29,1.3610e+27,1.0140e+27,3.3600e+27,3.4350e+27,3.3867e+08,2.8390e+06,3.6460e+08,8.4918e-07,2.3915e+07,1.6874e+05,6.2777e+05,6.2566e+05,34.8,63.8,0.4,1.1,6.4156e+29,6.2591e+29,1.3287e+28,2.3620e+27,3.2654e+28,0.0000e+00,97.6,2.1,0.4
325,6.4273e+29,2.2190e+29,4.1168e+29,2.3200e+27,6.8220e+27,1.6895e+29,5.2957e+28,2.2725e+29,1.8444e+29,1.2960e+27,1.0240e+27,3.4780e+27,3.3440e+27,3.3663e+08,3.0057e+06,3.1427e+08,7.7142e-07,2.3498e+07,1.8509e+05,6.2985e+05,6.2778e+05,34.5,64.1,0.4,1.1,6.4247e+29,6.2693e+29,1.3446e+28,2.0990e+27,3.2875e+28,0.0000e+00,97.6,2.1,0.3
326,6.4356e+29,2.1924e+29,4.1517e+29,2.3520e+27,6.7930e+27,1.6624e+29,5.3003e+28,2.2796e+29,1.8722e+29,1.2730e+27,1.0790e+27,3.4310e+27,3.3620e+27,3.3468e+08,3.1127e+06,3.2482e+08,7.1595e-07,2.3282e+07,1.5343e+05,6.3187e+05,6.2987e+05,34.1,64.5,0.4,1.1,6.4349e+29,6.2802e+29,1.3563e+28,1.9040e+27,3.2863e+28,0.0000e+00,97.6,2.1,0.3
327,6.4233e+29,2.1704e+29,4.1623e+29,2.2830e+27,6.7800e+27,1.6385e+29,5.3193e+28,2.2901e+29,1.8722e+29,1.2430e+27,1.0400e+27,3.3770e+27,3.4030e+27,3.3247e+08,2.9373e+06,3.3475e+08,6.7156e-07,2.3110e+07,1.4820e+05,6.3384e+05,6.3189e+05,33.8,64.8,0.4,1.1,6.4195e+29,6.2645e+29,1.3734e+28,1.7670e+27,3.2842e+28,0.0000e+00,97.6,2.1,0.3
328,6.5093e+29,2.1677e+29,4.2496e+29,2.3430e+27,6.8510e+27,1.6328e+29,5.3485e+28,2.3452e+29,1.9044e+29,1.2580e+27,1.0850e+27,3.4840e+27,3.3670e+27,3.3052e+08,2.7567e+06,3.2652e+08,6.3839e-07,2.2869e+07,1.7589e+05,6.3578e+05,6.3385e+05,33.3,65.3,0.4,1.1,6.5077e+29,6.3495e+29,1.4177e+28,1.6360e+27,3.3276e+28,0.0000e+00,97.6,2.2,0.3
329,6.4482e+29,2.1360e+29,4.2219e+29,2.2740e+27,6.7630e+27,1.6037e+29,5.3228e+28,2.3215e+29,1.9004e+29,1.2580e+27,1.0160e+27,3.3690e+27,3.3940e+27,3.2887e+08,2.9120e+06,3.4773e+08,6.1995e-07,2.2295e+07,1.5745e+05,6.3764e+05,6.3579e+05,33.1,65.5,0.4,1.0,6.4432e+29,6.2895e+29,1.3884e+28,1.4780e+27,3.3011e+28,0.0000e+00,97.6,2.2,0.2
330,6.5548e+29,2.1417e+29,4.3209e+29,2.3830e+27,6.8330e+27,1.5984e+29,5.4329e+28,2.3660e+29,1.9549e+29,1.2330e+27,1.1500e+27,3.4780e+27,3.3550e+27,3.2730e+08,2.7913e+06,3.4849e+08,6.0999e-07,2.2009e+07,1.6284e+05,6.3946e+05,6.3765e+05,32.7,65.9,0.4,1.0,6.5543e+29,6.3931e+29,1.4762e+28,1.3520e+27,3.3436e+28,0.0000e+00,97.5,2.3,0.2
331,6.5907e+29,2.1259e+29,4.3732e+29,2.3620e+27,6.7990e+27,1.5814e+29,5.4452e+28,2.3959e+29,1.9772e+29,1.2880e+27,1.0740e+27,3.4490e+27,3.3500e+27,3.2535e+08,2.7655e+06,3.5379e+08,6.0413e-07,2.1886e+07,1.6656e+05,6.4123e+05,6.3948e+05,32.3,66.4,0.4,1.0,6.5802e+29,6.4203e+29,1.4780e+28,1.2130e+27,3.3390e+28,0.0000e+00,97.6,2.2,0.2
332,6.6181e+29,2.1025e+29,4.4242e+29,2.3680e+27,6.7710e+27,1.5570e+29,5.4553e+28,2.4233e+29,2.0010e+29,1.2160e+27,1.1520e+27,3.3790e+27,3.3920e+27,3.2358e+08,2.7847e+06,3.6935e+08,6.0312e-07,2.1507e+07,1.7594e+05,6.4293e+05,6.4124e+05,31.8,66.9,0.4,1.0,6.6153e+29,6.4531e+29,1.5122e+28,1.0950e+27,3.3335e+28,0.0000e+00,97.5,2.3,0.2
333,6.6953e+29,2.0958e+29,4.5083e+29,2.3280e+27,6.7930e+27,1.5474e+29,5.4834e+28,2.4616e+29,2.0467e+29,1.1990e+27,1.1290e+27,3.4480e+27,3.3450e+27,3.2221e+08,3.0874e+06,3.5738e+08,6.0403e-07,2.1225e+07,1.6970e+05,6.4459e+05,6.4295e+05,31.3,67.3,0.3,1.0,6.6906e+29,6.5259e+29,1.5429e+28,1.0380e+27,3.3509e+28,0.0000e+00,97.5,2.3,0.2
334,6.7696e+29,2.0968e+29,4.5810e+29,2.3830e+27,6.7970e+27,1.5394e+29,5.5741e+28,2.5020e+29,2.0790e+29,1.2210e+27,1.1620e+27,3.4130e+27,3.3840e+27,3.2019e+08,3.0547e+06,3.5022e+08,6.1372e-07,2.1300e+07,1.8812e+05,6.4619e+05,6.4460e+05,31.0,67.7,0.4,1.0,6.7622e+29,6.5900e+29,1.6248e+28,9.6900e+26,3.3679e+28,0.0000e+00,97.5,2.4,0.1
335,6.8881e+29,2.1007e+29,4.6949e+29,2.4280e+27,6.8300e+27,1.5344e+29,5.6628e+28,2.5600e+29,2.1349e+29,1.3080e+27,1.1200e+27,3.3600e+27,3.4700e+27,3.1809e+08,3.2569e+06,3.6159e+08,6.3766e-07,2.1088e+07,1.8543e+05,6.4774e+05,6.4620e+05,30.5,68.2,0.4,1.0,6.8832e+29,6.7104e+29,1.6380e+28,9.0600e+26,3.3843e+28,0.0000e+00,97.5,2.4,0.1
336,6.9449e+29,2.0779e+29,4.7740e+29,2.5190e+27,6.7920e+27,1.5124e+29,5.6548e+28,2.6020e+29,2.1719e+29,1.3300e+27,1.1890e+27,3.3470e+27,3.4450e+27,3.1558e+08,3.2631e+06,3.4383e+08,6.6123e-07,2.1055e+07,1.8631e+05,6.4922e+05,6.4775e+05,29.9,68.7,0.4,1.0,6.9373e+29,6.7586e+29,1.7031e+28,8.3500e+26,3.3760e+28,0.0000e+00,97.4,2.5,0.1
337,7.0213e+29,2.0712e+29,4.8582e+29,2.4210e+27,6.7630e+27,1.5001e+29,5.7106e+28,2.6354e+29,2.2228e+29,1.2570e+27,1.1640e+27,3.3850e+27,3.3780e+27,3.1343e+08,3.4139e+06,3.5816e+08,6.9553e-07,2.0914e+07,1.8811e+05,6.5064e+05,6.4923e+05,29.5,69.2,0.3,1.0,7.0128e+29,6.8286e+29,1.7616e+28,8.0500e+26,3.3669e+28,0.0000e+00,97.4,2.5,0.1
338,7.1652e+29,2.0848e+29,4.9880e+29,2.4180e+27,6.8220e+27,1.5036e+29,5.8119e+28,2.7032e+29,2.2847e+29,1.2460e+27,1.1720e+27,3.5000e+27,3.3220e+27,3.1087e+08,3.2155e+06,3.6756e+08,7.3899e-07,2.0529e+07,1.9267e+05,6.5201e+05,6.5065e+05,29.1,69.6,0.3,1.0,7.1567e+29,6.9666e+29,1.8268e+28,7.4100e+26,3.4057e+28,0.0000e+00,97.3,2.6,0.1
339,7.2403e+29,2.0715e+29,5.0760e+29,2.4940e+27,6.7840e+27,1.4872e+29,5.8433e+28,2.7510e+29,2.3250e+29,1.2970e+27,1.1970e+27,3.3990e+27,3.3850e+27,3.0839e+08,3.4425e+06,3.6046e+08,7.9599e-07,2.0300e+07,2.0392e+05,6.5332e+05,6.5202e+05,28.6,70.1,0.3,0.9,7.2326e+29,7.0404e+29,1.8413e+28,8.0000e+26,3.3952e+28,0.0000e+00,97.3,2.5,0.1
340,7.3410e+29,2.0709e+29,5.1765e+29,2.5640e+27,6.8050e+27,1.4823e+29,5.8855e+28,2.7937e+29,2.3828e+29,1.3980e+27,1.1660e+27,3.4430e+27,3.3620e+27,3.0608e+08,3.3350e+06,3.6006e+08,8.6207e-07,2.0314e+07,2.1329e+05,6.5456e+05,6.5333e+05,28.2,70.5,0.3,0.9,7.3335e+29,7.1326e+29,1.9426e+28,6.6400e+26,3.4085e+28,0.0000e+00,97.3,2.6,0.1
341,7.4288e+29,2.0607e+29,5.2744e+29,2.6060e+27,6.7640e+27,1.4684e+29,5.9226e+28,2.8484e+29,2.4260e+29,1.3540e+27,1.2520e+27,3.3470e+27,3.4170e+27,3.0374e+08,3.5475e+06,4.0713e+08,9.5108e-07,2.0170e+07,2.0237e+05,6.5575e+05,6.5457e+05,27.7,71.0,0.4,0.9,7.4186e+29,7.2134e+29,1.9845e+28,6.7500e+26,3.3965e+28,0.0000e+00,97.2,2.7,0.1
342,7.6004e+29,2.0761e+29,5.4296e+29,2.6480e+27,6.8210e+27,1.4726e+29,6.0348e+28,2.9240e+29,2.5057e+29,1.4290e+27,1.2190e+27,3.3920e+27,3.4290e+27,3.0159e+08,3.6566e+06,3.9898e+08,1.0430e-06,2.0131e+07,2.1479e+05,6.5688e+05,6.5576e+05,27.3,71.4,0.3,0.9,7.5937e+29,7.3807e+29,2.0630e+28,6.7100e+26,3.4332e+28,0.0000e+00,97.2,2.7,0.1
343,7.6706e+29,2.0696e+29,5.5072e+29,2.5920e+27,6.7920e+27,1.4599e+29,6.0974e+28,2.9642e+29,2.5429e+29,1.3900e+27,1.2020e+27,3.3300e+27,3.4620e+27,2.9875e+08,3.4812e+06,3.9665e+08,1.1566e-06,2.0077e+07,2.1046e+05,6.5794e+05,6.5689e+05,27.0,71.8,0.3,0.9,7.6631e+29,7.4471e+29,2.0984e+28,6.1300e+26,3.4198e+28,0.0000e+00,97.2,2.7,0.1
344,7.7804e+29,2.0702e+29,5.6154e+29,2.6870e+27,6.7980e+27,1.4566e+29,6.1362e+28,3.0311e+29,2.5842e+29,1.4490e+27,1.2380e+27,3.2900e+27,3.5080e+27,2.9625e+08,3.8223e+06,4.3011e+08,1.2858e-06,2.0238e+07,2.3521e+05,6.5894e+05,6.5795e+05,26.6,72.2,0.3,0.9,7.7700e+29,7.5507e+29,2.1313e+28,6.1600e+26,3.4306e+28,0.0000e+00,97.2,2.7,0.1
345,7.8789e+29,2.0602e+29,5.7245e+29,2.6610e+27,6.7580e+27,1.4408e+29,6.1937e+28,3.1012e+29,2.6233e+29,1.3990e+27,1.2620e+27,3.3440e+27,3.4140e+27,2.9372e+08,4.0830e+06,5.0873e+08,1.4379e-06,1.9878e+07,2.3316e+05,6.5988e+05,6.5895e+05,26.1,72.7,0.3,0.9,7.8697e+29,7.6405e+29,2.2340e+28,5.8600e+26,3.4157e+28,0.0000e+00,97.1,2.8,0.1
346,8.0549e+29,2.0779e+29,5.8817e+29,2.7160e+27,6.8190e+27,1.4455e+29,6.3236e+28,3.1681e+29,2.7136e+29,1.4060e+27,1.3100e+27,3.4480e+27,3.3710e+27,2.9082e+08,4.2325e+06,4.2260e+08,1.6150e-06,1.9832e+07,2.3545e+05,6.6076e+05,6.5989e+05,25.8,73.0,0.3,0.8,8.0455e+29,7.8112e+29,2.2815e+28,6.1100e+26,3.4500e+28,0.0000e+00,97.1,2.8,0.1
347,8.1071e+29,2.0622e+29,5.9484e+29,2.8820e+27,6.7700e+27,1.4312e+29,6.3098e+28,3.1973e+29,2.7511e+29,1.5350e+27,1.3470e+27,3.4470e+27,3.3230e+27,2.8813e+08,4.0131e+06,4.4399e+08,1.8356e-06,1.9699e+07,2.5399e+05,6.6157e+05,6.6076e+05,25.4,73.4,0.4,0.8,8.1010e+29,7.8654e+29,2.2962e+28,6.0300e+26,3.4338e+28,0.0000e+00,97.1,2.8,0.1
348,8.2059e+29,2.0665e+29,6.0433e+29,2.8190e+27,6.7870e+27,1.4286e+29,6.3795e+28,3.2417e+29,2.8017e+29,1.4930e+27,1.3260e+27,3.3980e+27,3.3890e+27,2.8514e+08,4.3330e+06,4.4847e+08,2.0857e-06,1.9558e+07,2.4789e+05,6.6232e+05,6.6157e+05,25.2,73.6,0.3,0.8,8.1981e+29,7.9557e+29,2.3682e+28,5.5600e+26,3.4418e+28,0.0000e+00,97.0,2.9,0.1
349,8.3036e+29,2.0674e+29,6.1408e+29,2.7410e+27,6.7930e+27,1.4231e+29,6.4437e+28,3.2951e+29,2.8457e+29,1.4110e+27,1.3300e+27,3.3470e+27,3.4460e+27,2.8258e+08,4.2732e+06,4.4375e+08,2.3775e-06,1.9640e+07,2.5451e+05,6.6301e+05,6.6232e+05,24.9,74.0,0.3,0.8,8.2981e+29,8.0496e+29,2.4327e+28,5.2300e+26,3.4493e+28,0.0000e+00,97.0,2.9,0.1
350,8.4225e+29,2.0712e+29,6.2534e+29,2.9880e+27,6.8040e+27,1.4182e+29,6.5298e+28,3.3464e+29,2.9070e+29,1.5970e+27,1.3910e+27,3.3980e+27,3.4060e+27,2.7990e+08,4.6131e+06,4.6558e+08,2.7171e-06,1.9429e+07,2.7947e+05,6.6363e+05,6.6301e+05,24.6,74.2,0.4,0.8,8.4188e+29,8.1646e+29,2.4848e+28,5.7200e+26,3.4560e+28,0.0000e+00,97.0,3.0,0.1
351,8.4308e+29,2.0533e+29,6.2808e+29,2.9270e+27,6.7530e+27,1.4003e+29,6.5293e+28,3.3638e+29,2.9169e+29,1.5490e+27,1.3780e+27,3.4270e+27,3.3260e+27,2.7710e+08,4.6650e+06,4.5938e+08,3.1011e-06,1.9279e+07,2.7196e+05,6.6418e+05,6.6363e+05,24.4,74.5,0.3,0.8,8.4222e+29,8.1685e+29,2.4791e+28,5.7700e+26,3.4369e+28,0.0000e+00,97.0,2.9,0.1
352,8.5863e+29,2.0586e+29,6.4290e+29,3.0410e+27,6.8230e+27,1.4012e+29,6.5746e+28,3.4319e+29,2.9971e+29,1.5650e+27,1.4760e+27,3.4560e+27,3.3670e+27,2.7396e+08,4.2422e+06,4.7701e+08,3.5411e-06,1.8961e+07,3.0260e+05,6.6467e+05,6.6418e+05,24.0,74.9,0.4,0.8,8.5818e+29,8.3203e+29,2.5606e+28,5.4400e+26,3.4675e+28,0.0000e+00,97.0,3.0,0.1
353,8.6053e+29,2.0522e+29,6.4566e+29,2.9000e+27,6.7580e+27,1.3897e+29,6.6242e+28,3.4544e+29,3.0022e+29,1.5330e+27,1.3670e+27,3.3920e+27,3.3660e+27,2.7224e+08,4.8955e+06,4.7793e+08,4.0508e-06,1.8999e+07,2.8649e+05,6.6510e+05,6.6467e+05,23.8,75.0,0.3,0.8,8.5979e+29,8.3352e+29,2.5676e+28,5.9600e+26,3.4470e+28,0.0000e+00,96.9,3.0,0.1
354,8.6638e+29,2.0503e+29,6.5154e+29,3.0400e+27,6.7660e+27,1.3805e+29,6.6982e+28,3.4818e+29,3.0336e+29,1.6330e+27,1.4070e+27,3.4430e+27,3.3230e+27,2.7045e+08,4.9204e+06,5.2381e+08,4.6312e-06,1.8870e+07,3.0708e+05,6.6546e+05,6.6510e+05,23.7,75.2,0.4,0.8,8.6622e+29,8.3973e+29,2.5941e+28,5.5100e+26,3.4510e+28,0.0000e+00,96.9,3.0,0.1
355,8.7888e+29,2.0642e+29,6.6269e+29,2.9540e+27,6.8180e+27,1.3861e+29,6.7810e+28,3.5262e+29,3.1006e+29,1.5570e+27,1.3970e+27,3.4010e+27,3.4170e+27,2.6893e+08,5.0274e+06,5.5538e+08,5.3287e-06,1.8879e+07,3.0460e+05,6.6576e+05,6.6546e+05,23.5,75.4,0.3,0.8,8.7845e+29,8.5140e+29,2.6482e+28,5.6000e+26,3.4798e+28,0.0000e+00,96.9,3.0,0.1
356,8.7832e+29,2.0469e+29,6.6374e+29,3.1120e+27,6.7830e+27,1.3734e+29,6.7352e+28,3.5490e+29,3.0883e+29,1.6630e+27,1.4490e+27,3.3450e+27,3.4380e+27,2.6680e+08,5.0322e+06,5.0025e+08,6.1130e-06,1.8765e+07,3.0793e+05,6.6598e+05,6.6576e+05,23.3,75.6,0.4,0.8,8.7802e+29,8.5095e+29,2.6472e+28,5.9800e+26,3.4571e+28,0.0000e+00,96.9,3.0,0.1
357,8.8126e+29,2.0392e+29,6.6746e+29,3.0970e+27,6.7840e+27,1.3594e+29,6.7975e+28,3.5699e+29,3.1047e+29,1.6440e+27,1.4530e+27,3.3980e+27,3.3860e+27,2.6525e+08,4.9266e+06,4.8598e+08,7.0210e-06,1.8664e+07,3.0487e+05,6.6615e+05,6.6599e+05,23.1,75.7,0.4,0.8,8.8109e+29,8.5374e+29,2.6773e+28,5.7300e+26,3.4592e+28,0.0000e+00,96.9,3.0,0.1
358,8.8263e+29,2.0291e+29,6.6996e+29,2.9780e+27,6.7800e+27,1.3495e+29,6.7961e+28,3.5689e+29,3.1308e+29,1.5750e+27,1.4030e+27,3.3610e+27,3.4190e+27,2.6331e+08,5.1950e+06,5.0445e+08,7.9998e-06,1.8671e+07,3.0850e+05,6.6625e+05,6.6615e+05,23.0,75.9,0.3,0.8,8.8244e+29,8.5492e+29,2.6942e+28,5.7900e+26,3.4605e+28,0.0000e+00,96.9,3.1,0.1
359,8.8435e+29,2.0224e+29,6.7216e+29,3.1620e+27,6.7820e+27,1.3413e+29,6.8113e+28,3.5662e+29,3.1555e+29,1.6630e+27,1.4990e+27,3.3890e+27,3.3930e+27,2.6167e+08,5.1657e+06,5.6650e+08,5.9709e-06,1.8719e+07,3.2401e+05,6.6629e+05,6.6625e+05,22.9,76.0,0.4,0.8,8.8363e+29,8.5630e+29,2.6741e+28,5.8400e+26,3.4612e+28,0.0000e+00,96.9,3.0,0.1
