TAA_Bin,Gen_Total,Gen_PSD,Gen_TD,Gen_SWS,Gen_MMV,Gen_PSD_Dawn,Gen_PSD_Dusk,Gen_TD_Dawn,Gen_TD_Dusk,Gen_SWS_Dawn,Gen_SWS_Dusk,Gen_MMV_Dawn,Gen_MMV_Dusk,Gen_PSD_Dawn_Terminator,Gen_TD_Dawn_Terminator,Max_Flux_PSD,Min_Flux_PSD,Max_Flux_TD,Min_Flux_TD,Max_Flux_SWS,Min_Flux_SWS,Max_Flux_MMV,Min_Flux_MMV,Pct_PSD,Pct_TD,Pct_SWS,Pct_MMV,Loss_Total,Loss_Stuck,Loss_Ionized,Loss_Escaped,Supply_Internal,Trans_Inward,Pct_Stuck,Pct_Ionized,Pct_Escaped
0,4.7290e+29,4.6382e+29,0.0000e+00,2.2900e+27,6.7900e+27,2.8615e+29,1.7767e+29,0.0000e+00,0.0000e+00,1.3300e+27,9.6000e+26,3.5500e+27,3.2400e+27,6.7800e+28,0.0000e+00,5.1120e+08,1.3628e+07,0.0000e+00,0.0000e+00,9.1328e+06,9.9725e+05,6.6625e+05,6.6622e+05,98.1,0.0,0.5,1.4,4.7252e+29,4.5685e+29,1.5120e+28,5.5000e+26,2.4894e+28,0.0000e+00,96.7,3.2,0.1
1,4.7298e+29,4.6392e+29,0.0000e+00,2.2800e+27,6.7800e+27,2.8497e+29,1.7895e+29,0.0000e+00,0.0000e+00,1.1600e+27,1.1200e+27,3.2300e+27,3.5500e+27,6.5540e+28,0.0000e+00,5.0854e+08,1.3852e+07,0.0000e+00,0.0000e+00,9.2674e+06,1.0176e+06,6.6622e+05,6.6612e+05,98.1,0.0,0.5,1.4,4.7323e+29,4.5789e+29,1.4940e+28,4.0000e+26,2.4887e+28,0.0000e+00,96.8,3.2,0.1
2,4.7066e+29,4.6122e+29,0.0000e+00,2.6500e+27,6.7900e+27,2.8360e+29,1.7762e+29,0.0000e+00,0.0000e+00,1.3500e+27,1.3000e+27,3.3500e+27,3.4400e+27,6.6430e+28,0.0000e+00,5.0594e+08,1.4109e+07,0.0000e+00,0.0000e+00,9.2746e+06,1.0579e+06,6.6611e+05,6.6595e+05,98.0,0.0,0.6,1.4,4.7054e+29,4.5512e+29,1.4910e+28,5.1000e+26,2.4871e+28,0.0000e+00,96.7,3.2,0.1
3,4.7635e+29,4.6715e+29,0.0000e+00,2.3900e+27,6.8100e+27,2.8809e+29,1.7906e+29,0.0000e+00,0.0000e+00,1.3600e+27,1.0300e+27,3.6100e+27,3.2000e+27,6.5010e+28,0.0000e+00,5.0104e+08,1.4271e+07,0.0000e+00,0.0000e+00,8.8977e+06,1.0324e+06,6.6595e+05,6.6572e+05,98.1,0.0,0.5,1.4,4.7631e+29,4.6039e+29,1.5200e+28,7.2000e+26,2.5031e+28,0.0000e+00,96.7,3.2,0.2
4,4.7555e+29,4.6654e+29,0.0000e+00,2.2300e+27,6.7800e+27,2.8439e+29,1.8215e+29,0.0000e+00,0.0000e+00,1.2200e+27,1.0100e+27,3.2200e+27,3.5600e+27,6.1750e+28,0.0000e+00,4.9760e+08,1.4321e+07,0.0000e+00,0.0000e+00,8.7442e+06,1.0411e+06,6.6572e+05,6.6543e+05,98.1,0.0,0.5,1.4,4.7479e+29,4.5986e+29,1.4310e+28,6.2000e+26,2.4818e+28,0.0000e+00,96.9,3.0,0.1
5,4.7647e+29,4.6708e+29,0.0000e+00,2.6100e+27,6.7800e+27,2.8610e+29,1.8098e+29,0.0000e+00,0.0000e+00,1.4100e+27,1.2000e+27,3.5100e+27,3.2700e+27,6.3820e+28,0.0000e+00,4.9271e+08,1.4368e+07,0.0000e+00,0.0000e+00,8.6241e+06,1.0159e+06,6.6542e+05,6.6507e+05,98.0,0.0,0.5,1.4,4.7719e+29,4.6185e+29,1.4830e+28,5.1000e+26,2.4779e+28,0.0000e+00,96.8,3.1,0.1
6,4.8293e+29,4.7394e+29,0.0000e+00,2.1800e+27,6.8100e+27,2.8982e+29,1.8412e+29,0.0000e+00,0.0000e+00,1.0800e+27,1.1000e+27,3.3800e+27,3.4300e+27,6.3170e+28,0.0000e+00,4.8855e+08,1.4661e+07,0.0000e+00,0.0000e+00,8.4660e+06,1.0523e+06,6.6506e+05,6.6464e+05,98.1,0.0,0.5,1.4,4.8281e+29,4.6737e+29,1.4930e+28,5.1000e+26,2.4915e+28,0.0000e+00,96.8,3.1,0.1
7,4.8286e+29,4.7362e+29,0.0000e+00,2.4900e+27,6.7500e+27,2.8567e+29,1.8795e+29,0.0000e+00,0.0000e+00,1.2900e+27,1.2000e+27,3.2800e+27,3.4700e+27,6.1460e+28,0.0000e+00,4.8406e+08,1.4868e+07,0.0000e+00,0.0000e+00,8.5514e+06,1.1151e+06,6.6464e+05,6.6415e+05,98.1,0.0,0.5,1.4,4.8251e+29,4.6686e+29,1.5250e+28,4.0000e+26,2.4680e+28,0.0000e+00,96.8,3.2,0.1
8,4.8448e+29,4.7537e+29,0.0000e+00,2.3000e+27,6.8100e+27,2.8697e+29,1.8840e+29,0.0000e+00,0.0000e+00,1.1100e+27,1.1900e+27,3.2400e+27,3.5700e+27,6.0800e+28,0.0000e+00,4.7996e+08,1.4974e+07,0.0000e+00,0.0000e+00,8.4084e+06,1.0810e+06,6.6415e+05,6.6359e+05,98.1,0.0,0.5,1.4,4.8431e+29,4.6880e+29,1.4840e+28,6.7000e+26,2.4800e+28,0.0000e+00,96.8,3.1,0.1
9,4.8406e+29,4.7464e+29,0.0000e+00,2.6200e+27,6.8000e+27,2.8646e+29,1.8818e+29,0.0000e+00,0.0000e+00,1.3500e+27,1.2700e+27,3.4400e+27,3.3600e+27,5.9030e+28,0.0000e+00,4.7473e+08,1.5070e+07,0.0000e+00,0.0000e+00,8.4589e+06,1.0766e+06,6.6359e+05,6.6297e+05,98.1,0.0,0.5,1.4,4.8416e+29,4.6857e+29,1.4890e+28,7.0000e+26,2.4731e+28,0.0000e+00,96.8,3.1,0.1
10,4.8425e+29,4.7503e+29,0.0000e+00,2.3900e+27,6.8300e+27,2.8678e+29,1.8825e+29,0.0000e+00,0.0000e+00,1.1900e+27,1.2000e+27,3.3000e+27,3.5300e+27,5.8940e+28,0.0000e+00,4.7031e+08,1.5147e+07,0.0000e+00,0.0000e+00,8.3229e+06,1.1277e+06,6.6297e+05,6.6229e+05,98.1,0.0,0.5,1.4,4.8391e+29,4.6836e+29,1.4650e+28,9.0000e+26,2.4655e+28,0.0000e+00,96.8,3.0,0.2
11,4.8736e+29,4.7804e+29,0.0000e+00,2.5400e+27,6.7800e+27,2.8720e+29,1.9084e+29,0.0000e+00,0.0000e+00,1.3000e+27,1.2400e+27,3.3700e+27,3.4100e+27,5.6580e+28,0.0000e+00,4.6545e+08,1.5378e+07,0.0000e+00,0.0000e+00,8.3036e+06,1.1664e+06,6.6228e+05,6.6154e+05,98.1,0.0,0.5,1.4,4.8825e+29,4.7200e+29,1.5420e+28,8.3000e+26,2.4572e+28,0.0000e+00,96.7,3.2,0.2
12,4.8931e+29,4.7999e+29,0.0000e+00,2.6000e+27,6.7200e+27,2.8770e+29,1.9229e+29,0.0000e+00,0.0000e+00,1.3500e+27,1.2500e+27,3.5300e+27,3.1900e+27,5.7120e+28,0.0000e+00,4.6117e+08,1.5524e+07,0.0000e+00,0.0000e+00,8.0337e+06,1.1339e+06,6.6153e+05,6.6073e+05,98.1,0.0,0.5,1.4,4.8859e+29,4.7163e+29,1.6180e+28,7.8000e+26,2.4481e+28,0.0000e+00,96.5,3.3,0.2
13,4.8862e+29,4.7925e+29,0.0000e+00,2.6200e+27,6.7500e+27,2.8274e+29,1.9651e+29,0.0000e+00,0.0000e+00,1.4900e+27,1.1300e+27,3.4000e+27,3.3500e+27,5.4050e+28,0.0000e+00,4.5776e+08,1.5729e+07,0.0000e+00,0.0000e+00,7.9599e+06,1.1678e+06,6.6072e+05,6.5985e+05,98.1,0.0,0.5,1.4,4.8861e+29,4.7251e+29,1.5250e+28,8.5000e+26,2.4383e+28,0.0000e+00,96.7,3.1,0.2
14,4.8974e+29,4.8038e+29,0.0000e+00,2.5100e+27,6.8500e+27,2.8642e+29,1.9396e+29,0.0000e+00,0.0000e+00,1.2400e+27,1.2700e+27,3.4300e+27,3.4200e+27,5.5750e+28,0.0000e+00,4.5372e+08,1.6068e+07,0.0000e+00,0.0000e+00,7.8081e+06,1.1435e+06,6.5985e+05,6.5891e+05,98.1,0.0,0.5,1.4,4.8901e+29,4.7295e+29,1.4900e+28,1.1600e+27,2.4456e+28,0.0000e+00,96.7,3.0,0.2
15,4.9382e+29,4.8454e+29,0.0000e+00,2.5500e+27,6.7300e+27,2.8508e+29,1.9946e+29,0.0000e+00,0.0000e+00,1.2800e+27,1.2700e+27,3.3200e+27,3.4100e+27,5.5470e+28,0.0000e+00,4.4975e+08,1.6147e+07,0.0000e+00,0.0000e+00,7.7696e+06,1.1336e+06,6.5891e+05,6.5791e+05,98.1,0.0,0.5,1.4,4.9456e+29,4.7826e+29,1.5090e+28,1.2100e+27,2.4343e+28,0.0000e+00,96.7,3.1,0.2
16,4.9473e+29,4.8511e+29,0.0000e+00,2.8700e+27,6.7500e+27,2.8555e+29,1.9956e+29,0.0000e+00,0.0000e+00,1.3600e+27,1.5100e+27,3.4500e+27,3.3000e+27,5.4230e+28,0.0000e+00,4.4540e+08,1.6334e+07,0.0000e+00,0.0000e+00,7.6907e+06,1.1817e+06,6.5790e+05,6.5685e+05,98.1,0.0,0.6,1.4,4.9404e+29,4.7821e+29,1.4610e+28,1.2200e+27,2.4223e+28,0.0000e+00,96.8,3.0,0.2
17,4.9255e+29,4.8319e+29,0.0000e+00,2.5800e+27,6.7800e+27,2.8385e+29,1.9934e+29,0.0000e+00,0.0000e+00,1.2900e+27,1.2900e+27,3.5000e+27,3.2800e+27,5.3760e+28,0.0000e+00,4.4073e+08,1.6362e+07,0.0000e+00,0.0000e+00,7.5669e+06,1.1622e+06,6.5684e+05,6.5572e+05,98.1,0.0,0.5,1.4,4.9211e+29,4.7617e+29,1.4390e+28,1.5500e+27,2.4097e+28,0.0000e+00,96.8,2.9,0.3
18,4.9396e+29,4.8443e+29,0.0000e+00,2.6600e+27,6.8700e+27,2.8524e+29,1.9919e+29,0.0000e+00,0.0000e+00,1.4300e+27,1.2300e+27,3.3800e+27,3.4900e+27,5.3200e+28,0.0000e+00,4.3646e+08,1.6584e+07,0.0000e+00,0.0000e+00,7.4725e+06,1.2107e+06,6.5572e+05,6.5454e+05,98.1,0.0,0.5,1.4,4.9594e+29,4.7846e+29,1.5630e+28,1.8500e+27,2.4138e+28,0.0000e+00,96.5,3.2,0.4
19,4.9286e+29,4.8348e+29,0.0000e+00,2.5600e+27,6.8200e+27,2.8473e+29,1.9875e+29,0.0000e+00,0.0000e+00,1.2900e+27,1.2700e+27,3.3400e+27,3.4800e+27,5.2250e+28,0.0000e+00,4.3280e+08,1.6600e+07,0.0000e+00,0.0000e+00,7.4339e+06,1.2223e+06,6.5453e+05,6.5329e+05,98.1,0.0,0.5,1.4,4.9179e+29,4.7434e+29,1.5530e+28,1.9200e+27,2.3997e+28,0.0000e+00,96.5,3.2,0.4
20,4.8845e+29,4.7908e+29,0.0000e+00,2.5600e+27,6.8100e+27,2.8184e+29,1.9724e+29,0.0000e+00,0.0000e+00,1.1500e+27,1.4100e+27,3.7000e+27,3.1100e+27,5.1780e+28,0.0000e+00,4.2992e+08,1.6634e+07,0.0000e+00,0.0000e+00,7.3709e+06,1.2093e+06,6.5328e+05,6.5198e+05,98.1,0.0,0.5,1.4,4.8816e+29,4.7183e+29,1.4400e+28,1.9300e+27,2.3850e+28,0.0000e+00,96.7,2.9,0.4
21,4.9004e+29,4.8054e+29,0.0000e+00,2.7100e+27,6.7900e+27,2.7821e+29,2.0233e+29,0.0000e+00,0.0000e+00,1.5900e+27,1.1200e+27,3.5600e+27,3.2300e+27,5.0150e+28,0.0000e+00,4.2645e+08,1.6789e+07,0.0000e+00,0.0000e+00,7.3632e+06,1.1581e+06,6.5197e+05,6.5062e+05,98.1,0.0,0.6,1.4,4.9171e+29,4.7556e+29,1.3970e+28,2.1800e+27,2.3697e+28,0.0000e+00,96.7,2.8,0.4
22,4.9197e+29,4.8232e+29,0.0000e+00,2.7900e+27,6.8600e+27,2.8022e+29,2.0210e+29,0.0000e+00,0.0000e+00,1.5600e+27,1.2300e+27,3.2700e+27,3.5900e+27,4.9940e+28,0.0000e+00,4.2239e+08,1.6940e+07,0.0000e+00,0.0000e+00,7.4024e+06,1.1004e+06,6.5061e+05,6.4919e+05,98.0,0.0,0.6,1.4,4.9132e+29,4.7460e+29,1.4110e+28,2.6100e+27,2.3707e+28,0.0000e+00,96.6,2.9,0.5
23,4.9041e+29,4.8090e+29,0.0000e+00,2.7800e+27,6.7300e+27,2.8036e+29,2.0054e+29,0.0000e+00,0.0000e+00,1.4800e+27,1.3000e+27,3.4400e+27,3.2900e+27,4.9460e+28,0.0000e+00,4.1865e+08,1.6856e+07,0.0000e+00,0.0000e+00,7.2722e+06,1.0848e+06,6.4918e+05,6.4771e+05,98.1,0.0,0.6,1.4,4.9028e+29,4.7265e+29,1.4970e+28,2.6600e+27,2.3541e+28,0.0000e+00,96.4,3.1,0.5
24,4.8580e+29,4.7679e+29,0.0000e+00,2.2600e+27,6.7500e+27,2.7734e+29,1.9945e+29,0.0000e+00,0.0000e+00,1.2000e+27,1.0600e+27,3.2600e+27,3.4900e+27,4.9580e+28,0.0000e+00,4.1435e+08,1.6857e+07,0.0000e+00,0.0000e+00,7.1702e+06,1.1869e+06,6.4770e+05,6.4618e+05,98.1,0.0,0.5,1.4,4.8586e+29,4.6832e+29,1.4240e+28,3.3000e+27,2.3369e+28,0.0000e+00,96.4,2.9,0.7
25,4.8876e+29,4.7946e+29,0.0000e+00,2.5500e+27,6.7500e+27,2.7638e+29,2.0308e+29,0.0000e+00,0.0000e+00,1.3300e+27,1.2200e+27,3.3800e+27,3.3700e+27,4.8800e+28,0.0000e+00,4.1071e+08,1.6788e+07,0.0000e+00,0.0000e+00,7.1134e+06,1.1676e+06,6.4616e+05,6.4457e+05,98.1,0.0,0.5,1.4,4.8922e+29,4.7057e+29,1.5030e+28,3.6200e+27,2.3357e+28,0.0000e+00,96.2,3.1,0.7
26,4.8294e+29,4.7380e+29,0.0000e+00,2.3100e+27,6.8300e+27,2.7407e+29,1.9973e+29,0.0000e+00,0.0000e+00,1.3500e+27,9.6000e+26,3.2500e+27,3.5800e+27,4.9660e+28,0.0000e+00,4.0647e+08,1.6754e+07,0.0000e+00,0.0000e+00,6.9973e+06,1.1698e+06,6.4456e+05,6.4292e+05,98.1,0.0,0.5,1.4,4.8378e+29,4.6622e+29,1.3810e+28,3.7500e+27,2.3172e+28,0.0000e+00,96.4,2.9,0.8
27,4.8216e+29,4.7284e+29,0.0000e+00,2.5200e+27,6.8000e+27,2.7184e+29,2.0100e+29,0.0000e+00,0.0000e+00,1.2700e+27,1.2500e+27,3.3600e+27,3.4400e+27,4.9550e+28,0.0000e+00,4.0289e+08,1.6778e+07,0.0000e+00,0.0000e+00,7.0740e+06,1.1713e+06,6.4291e+05,6.4121e+05,98.1,0.0,0.5,1.4,4.8160e+29,4.6432e+29,1.3500e+28,3.7800e+27,2.3144e+28,0.0000e+00,96.4,2.8,0.8
28,4.8241e+29,4.7309e+29,0.0000e+00,2.4600e+27,6.8600e+27,2.7146e+29,2.0163e+29,0.0000e+00,0.0000e+00,1.2800e+27,1.1800e+27,3.3000e+27,3.5600e+27,4.8630e+28,0.0000e+00,3.9993e+08,1.6761e+07,0.0000e+00,0.0000e+00,7.0058e+06,1.1269e+06,6.4120e+05,6.3944e+05,98.1,0.0,0.5,1.4,4.8217e+29,4.6372e+29,1.4110e+28,4.3400e+27,2.2947e+28,0.0000e+00,96.2,2.9,0.9
29,4.7286e+29,4.6335e+29,0.0000e+00,2.6900e+27,6.8200e+27,2.6531e+29,1.9804e+29,0.0000e+00,0.0000e+00,1.4300e+27,1.2600e+27,3.3200e+27,3.5000e+27,4.6940e+28,0.0000e+00,3.9672e+08,1.6623e+07,0.0000e+00,0.0000e+00,6.9049e+06,1.1319e+06,6.3943e+05,6.3763e+05,98.0,0.0,0.6,1.4,4.7413e+29,4.5707e+29,1.2800e+28,4.2600e+27,2.2746e+28,0.0000e+00,96.4,2.7,0.9
30,4.7884e+29,4.6940e+29,0.0000e+00,2.6000e+27,6.8400e+27,2.7004e+29,1.9936e+29,0.0000e+00,0.0000e+00,1.4600e+27,1.1400e+27,3.5200e+27,3.3200e+27,4.8200e+28,0.0000e+00,3.9324e+08,1.6524e+07,0.0000e+00,0.0000e+00,6.9165e+06,1.1288e+06,6.3761e+05,6.3575e+05,98.0,0.0,0.5,1.4,4.7824e+29,4.6050e+29,1.2840e+28,4.9000e+27,2.2698e+28,0.0000e+00,96.3,2.7,1.0
31,4.7230e+29,4.6311e+29,0.0000e+00,2.4600e+27,6.7300e+27,2.6458e+29,1.9853e+29,0.0000e+00,0.0000e+00,1.3500e+27,1.1100e+27,3.1500e+27,3.5800e+27,4.6570e+28,0.0000e+00,3.9009e+08,1.6557e+07,0.0000e+00,0.0000e+00,6.8389e+06,1.1487e+06,6.3574e+05,6.3383e+05,98.1,0.0,0.5,1.4,4.7251e+29,4.5516e+29,1.2490e+28,4.8600e+27,2.2485e+28,0.0000e+00,96.3,2.6,1.0
32,4.6904e+29,4.6007e+29,0.0000e+00,2.1900e+27,6.7800e+27,2.6245e+29,1.9762e+29,0.0000e+00,0.0000e+00,1.0900e+27,1.1000e+27,3.4400e+27,3.3400e+27,4.6480e+28,0.0000e+00,3.8642e+08,1.6467e+07,0.0000e+00,0.0000e+00,6.6781e+06,1.0980e+06,6.3382e+05,6.3185e+05,98.1,0.0,0.5,1.4,4.7033e+29,4.5280e+29,1.2210e+28,5.3200e+27,2.2423e+28,0.0000e+00,96.3,2.6,1.1
33,4.6684e+29,4.5759e+29,0.0000e+00,2.5000e+27,6.7500e+27,2.6087e+29,1.9672e+29,0.0000e+00,0.0000e+00,1.4600e+27,1.0400e+27,3.6000e+27,3.1500e+27,4.6630e+28,0.0000e+00,3.8391e+08,1.6325e+07,0.0000e+00,0.0000e+00,6.4277e+06,1.0981e+06,6.3184e+05,6.2983e+05,98.0,0.0,0.5,1.4,4.6607e+29,4.4808e+29,1.2700e+28,5.2900e+27,2.2200e+28,0.0000e+00,96.1,2.7,1.1
34,4.6652e+29,4.5718e+29,0.0000e+00,2.4600e+27,6.8800e+27,2.6274e+29,1.9444e+29,0.0000e+00,0.0000e+00,1.4200e+27,1.0400e+27,3.5400e+27,3.3400e+27,4.7020e+28,0.0000e+00,3.8028e+08,1.6276e+07,0.0000e+00,0.0000e+00,6.2856e+06,1.1425e+06,6.2981e+05,6.2775e+05,98.0,0.0,0.5,1.5,4.6642e+29,4.4889e+29,1.1980e+28,5.5500e+27,2.2125e+28,0.0000e+00,96.2,2.6,1.2
35,4.6153e+29,4.5236e+29,0.0000e+00,2.3200e+27,6.8500e+27,2.5872e+29,1.9364e+29,0.0000e+00,0.0000e+00,1.3000e+27,1.0200e+27,3.4200e+27,3.4300e+27,4.6570e+28,0.0000e+00,3.7698e+08,1.5974e+07,0.0000e+00,0.0000e+00,6.1099e+06,1.0720e+06,6.2773e+05,6.2563e+05,98.0,0.0,0.5,1.5,4.6285e+29,4.4479e+29,1.2120e+28,5.9400e+27,2.1892e+28,0.0000e+00,96.1,2.6,1.3
36,4.6153e+29,4.5204e+29,0.0000e+00,2.6800e+27,6.8100e+27,2.5865e+29,1.9339e+29,0.0000e+00,0.0000e+00,1.3500e+27,1.3300e+27,3.2700e+27,3.5400e+27,4.7560e+28,0.0000e+00,3.7403e+08,1.5925e+07,0.0000e+00,0.0000e+00,5.8741e+06,1.0612e+06,6.2561e+05,6.2345e+05,97.9,0.0,0.6,1.5,4.6126e+29,4.4365e+29,1.1960e+28,5.6500e+27,2.1804e+28,0.0000e+00,96.2,2.6,1.2
37,4.5086e+29,4.4143e+29,0.0000e+00,2.6400e+27,6.7900e+27,2.5257e+29,1.8886e+29,0.0000e+00,0.0000e+00,1.3100e+27,1.3300e+27,3.5000e+27,3.2900e+27,4.6970e+28,0.0000e+00,3.7082e+08,1.5928e+07,0.0000e+00,0.0000e+00,5.8897e+06,1.0536e+06,6.2343e+05,6.2123e+05,97.9,0.0,0.6,1.5,4.5129e+29,4.3365e+29,1.1550e+28,6.0900e+27,2.1562e+28,0.0000e+00,96.1,2.6,1.3
38,4.5223e+29,4.4307e+29,0.0000e+00,2.3100e+27,6.8500e+27,2.5366e+29,1.8941e+29,0.0000e+00,0.0000e+00,1.2100e+27,1.1000e+27,3.5400e+27,3.3100e+27,4.7500e+28,0.0000e+00,3.6883e+08,1.5717e+07,0.0000e+00,0.0000e+00,5.8796e+06,1.0634e+06,6.2121e+05,6.1896e+05,98.0,0.0,0.5,1.5,4.5254e+29,4.3493e+29,1.1150e+28,6.4600e+27,2.1463e+28,0.0000e+00,96.1,2.5,1.4
39,4.4879e+29,4.3964e+29,0.0000e+00,2.3100e+27,6.8400e+27,2.5254e+29,1.8710e+29,0.0000e+00,0.0000e+00,1.2200e+27,1.0900e+27,3.4700e+27,3.3700e+27,4.7030e+28,0.0000e+00,3.6569e+08,1.5428e+07,0.0000e+00,0.0000e+00,5.8607e+06,1.0788e+06,6.1895e+05,6.1665e+05,98.0,0.0,0.5,1.5,4.4894e+29,4.3076e+29,1.1520e+28,6.6600e+27,2.1213e+28,0.0000e+00,96.0,2.6,1.5
40,4.4194e+29,4.3306e+29,0.0000e+00,2.1600e+27,6.7200e+27,2.4942e+29,1.8364e+29,0.0000e+00,0.0000e+00,1.2900e+27,8.7000e+26,3.3600e+27,3.3600e+27,4.6720e+28,0.0000e+00,3.6330e+08,1.5195e+07,0.0000e+00,0.0000e+00,5.7684e+06,9.9480e+05,6.1664e+05,6.1430e+05,98.0,0.0,0.5,1.5,4.4295e+29,4.2502e+29,1.1370e+28,6.5600e+27,2.1102e+28,0.0000e+00,96.0,2.6,1.5
41,4.3942e+29,4.3020e+29,0.0000e+00,2.3300e+27,6.8900e+27,2.4639e+29,1.8381e+29,0.0000e+00,0.0000e+00,1.0800e+27,1.2500e+27,3.6400e+27,3.2500e+27,4.7130e+28,0.0000e+00,3.6057e+08,1.4930e+07,0.0000e+00,0.0000e+00,5.5470e+06,1.0079e+06,6.1428e+05,6.1189e+05,97.9,0.0,0.5,1.6,4.3932e+29,4.2234e+29,1.0490e+28,6.4900e+27,2.0985e+28,0.0000e+00,96.1,2.4,1.5
42,4.3326e+29,4.2427e+29,0.0000e+00,2.2300e+27,6.7600e+27,2.4277e+29,1.8150e+29,0.0000e+00,0.0000e+00,1.0900e+27,1.1400e+27,3.3600e+27,3.4000e+27,4.5190e+28,0.0000e+00,3.5866e+08,1.4642e+07,0.0000e+00,0.0000e+00,5.2994e+06,9.7901e+05,6.1187e+05,6.0945e+05,97.9,0.0,0.5,1.6,4.3355e+29,4.1638e+29,1.0490e+28,6.6800e+27,2.0722e+28,0.0000e+00,96.0,2.4,1.5
43,4.3350e+29,4.2440e+29,0.0000e+00,2.2100e+27,6.8900e+27,2.4439e+29,1.8001e+29,0.0000e+00,0.0000e+00,1.2600e+27,9.5000e+26,3.4900e+27,3.4000e+27,4.7420e+28,0.0000e+00,3.5625e+08,1.4329e+07,0.0000e+00,0.0000e+00,5.3927e+06,9.9041e+05,6.0943e+05,6.0696e+05,97.9,0.0,0.5,1.6,4.3317e+29,4.1570e+29,1.0480e+28,6.9900e+27,2.0595e+28,0.0000e+00,96.0,2.4,1.6
44,4.2493e+29,4.1562e+29,0.0000e+00,2.2700e+27,7.0400e+27,2.3945e+29,1.7617e+29,0.0000e+00,0.0000e+00,1.2000e+27,1.0700e+27,3.6500e+27,3.3900e+27,4.7610e+28,0.0000e+00,3.5363e+08,1.3993e+07,0.0000e+00,0.0000e+00,5.2675e+06,9.5147e+05,6.0695e+05,6.0445e+05,97.8,0.0,0.5,1.7,4.2583e+29,4.0909e+29,9.9100e+27,6.8300e+27,2.0327e+28,0.0000e+00,96.1,2.3,1.6
45,4.2446e+29,4.1542e+29,0.0000e+00,2.1900e+27,6.8500e+27,2.3896e+29,1.7646e+29,0.0000e+00,0.0000e+00,1.2100e+27,9.8000e+26,3.4100e+27,3.4400e+27,4.9250e+28,0.0000e+00,3.5107e+08,1.3523e+07,0.0000e+00,0.0000e+00,5.1526e+06,9.3900e+05,6.0443e+05,6.0189e+05,97.9,0.0,0.5,1.6,4.2449e+29,4.0816e+29,9.3900e+27,6.9400e+27,2.0190e+28,0.0000e+00,96.2,2.2,1.6
46,4.2045e+29,4.1123e+29,0.0000e+00,2.3300e+27,6.8900e+27,2.3643e+29,1.7480e+29,0.0000e+00,0.0000e+00,1.1800e+27,1.1500e+27,3.3400e+27,3.5500e+27,4.9090e+28,0.0000e+00,3.4856e+08,1.3187e+07,0.0000e+00,0.0000e+00,5.0875e+06,9.0953e+05,6.0187e+05,5.9928e+05,97.8,0.0,0.6,1.6,4.2138e+29,4.0471e+29,9.8500e+27,6.8200e+27,2.0048e+28,0.0000e+00,96.0,2.3,1.6
47,4.1598e+29,4.0711e+29,0.0000e+00,2.0700e+27,6.8000e+27,2.3573e+29,1.7138e+29,0.0000e+00,0.0000e+00,1.0300e+27,1.0400e+27,3.3900e+27,3.4100e+27,4.9640e+28,0.0000e+00,3.4585e+08,1.2767e+07,0.0000e+00,0.0000e+00,5.0708e+06,9.0325e+05,5.9926e+05,5.9664e+05,97.9,0.0,0.5,1.6,4.1626e+29,4.0025e+29,8.9500e+27,7.0600e+27,1.9900e+28,0.0000e+00,96.2,2.2,1.7
48,4.1100e+29,4.0219e+29,0.0000e+00,2.0300e+27,6.7800e+27,2.3276e+29,1.6943e+29,0.0000e+00,0.0000e+00,1.0800e+27,9.5000e+26,3.5100e+27,3.2700e+27,4.8580e+28,0.0000e+00,3.4372e+08,1.2275e+07,0.0000e+00,0.0000e+00,5.0050e+06,8.5718e+05,5.9662e+05,5.9397e+05,97.9,0.0,0.5,1.6,4.1131e+29,3.9467e+29,9.6000e+27,7.0400e+27,1.9619e+28,0.0000e+00,96.0,2.3,1.7
49,4.0596e+29,3.9697e+29,0.0000e+00,2.1100e+27,6.8800e+27,2.3025e+29,1.6672e+29,0.0000e+00,0.0000e+00,1.1200e+27,9.9000e+26,3.2300e+27,3.6500e+27,4.8340e+28,0.0000e+00,3.4256e+08,1.1757e+07,0.0000e+00,0.0000e+00,4.9406e+06,7.8182e+05,5.9395e+05,5.9125e+05,97.8,0.0,0.5,1.7,4.0574e+29,3.9005e+29,8.8000e+27,6.8900e+27,1.9463e+28,0.0000e+00,96.1,2.2,1.7
50,4.0384e+29,3.9503e+29,0.0000e+00,2.0100e+27,6.8000e+27,2.2870e+29,1.6633e+29,0.0000e+00,0.0000e+00,9.9000e+26,1.0200e+27,3.4100e+27,3.3900e+27,4.9710e+28,0.0000e+00,3.4087e+08,1.1253e+07,0.0000e+00,0.0000e+00,4.7497e+06,7.6699e+05,5.9123e+05,5.8850e+05,97.8,0.0,0.5,1.7,4.0313e+29,3.8774e+29,8.4800e+27,6.9100e+27,1.9302e+28,0.0000e+00,96.2,2.1,1.7
51,3.9858e+29,3.8957e+29,0.0000e+00,2.1400e+27,6.8700e+27,2.2658e+29,1.6299e+29,0.0000e+00,0.0000e+00,1.1200e+27,1.0200e+27,3.5700e+27,3.3000e+27,5.0640e+28,0.0000e+00,3.3948e+08,1.0721e+07,0.0000e+00,0.0000e+00,4.6480e+06,7.8644e+05,5.8849e+05,5.8574e+05,97.7,0.0,0.5,1.7,3.9985e+29,3.8369e+29,8.9200e+27,7.2400e+27,1.9015e+28,0.0000e+00,96.0,2.2,1.8
52,3.9935e+29,3.9051e+29,0.0000e+00,2.0200e+27,6.8200e+27,2.2603e+29,1.6448e+29,0.0000e+00,0.0000e+00,8.9000e+26,1.1300e+27,3.4300e+27,3.3900e+27,5.0180e+28,0.0000e+00,3.3827e+08,1.0130e+07,0.0000e+00,0.0000e+00,4.5630e+06,7.8002e+05,5.8572e+05,5.8291e+05,97.8,0.0,0.5,1.7,4.0023e+29,3.8475e+29,8.5700e+27,6.9100e+27,1.8968e+28,0.0000e+00,96.1,2.1,1.7
53,3.9734e+29,3.8819e+29,0.0000e+00,2.2600e+27,6.8900e+27,2.2428e+29,1.6391e+29,0.0000e+00,0.0000e+00,1.1800e+27,1.0800e+27,3.3300e+27,3.5600e+27,5.0710e+28,0.0000e+00,3.3729e+08,9.5624e+06,0.0000e+00,0.0000e+00,4.4480e+06,7.7144e+05,5.8290e+05,5.8008e+05,97.7,0.0,0.6,1.7,3.9674e+29,3.8113e+29,8.4400e+27,7.1700e+27,1.8675e+28,0.0000e+00,96.1,2.1,1.8
54,3.9458e+29,3.8565e+29,0.0000e+00,2.1300e+27,6.8000e+27,2.2413e+29,1.6152e+29,0.0000e+00,0.0000e+00,9.0000e+26,1.2300e+27,3.3600e+27,3.4400e+27,5.1420e+28,0.0000e+00,3.3658e+08,8.9022e+06,0.0000e+00,0.0000e+00,4.4174e+06,8.0036e+05,5.8006e+05,5.7720e+05,97.7,0.0,0.5,1.7,3.9427e+29,3.7852e+29,8.7400e+27,7.0100e+27,1.8500e+28,0.0000e+00,96.0,2.2,1.8
55,3.8626e+29,3.7753e+29,0.0000e+00,1.9600e+27,6.7700e+27,2.2012e+29,1.5741e+29,0.0000e+00,0.0000e+00,9.7000e+26,9.9000e+26,3.1800e+27,3.5900e+27,5.1180e+28,0.0000e+00,3.3568e+08,8.2101e+06,0.0000e+00,0.0000e+00,4.3923e+06,7.9435e+05,5.7719e+05,5.7432e+05,97.7,0.0,0.5,1.8,3.8693e+29,3.7162e+29,8.2000e+27,7.1100e+27,1.8206e+28,0.0000e+00,96.0,2.1,1.8
56,3.8370e+29,3.7471e+29,0.0000e+00,2.0400e+27,6.9500e+27,2.2066e+29,1.5405e+29,0.0000e+00,0.0000e+00,1.0400e+27,1.0000e+27,3.4300e+27,3.5200e+27,5.1570e+28,0.0000e+00,3.3440e+08,7.4465e+06,0.0000e+00,0.0000e+00,4.2431e+06,8.0187e+05,5.7430e+05,5.7139e+05,97.7,0.0,0.5,1.8,3.8383e+29,3.6841e+29,8.1500e+27,7.2700e+27,1.8139e+28,0.0000e+00,96.0,2.1,1.9
57,3.8233e+29,3.7374e+29,0.0000e+00,1.7100e+27,6.8800e+27,2.1966e+29,1.5408e+29,0.0000e+00,0.0000e+00,8.5000e+26,8.6000e+26,3.3400e+27,3.5400e+27,5.1270e+28,0.0000e+00,3.3348e+08,6.7584e+06,0.0000e+00,0.0000e+00,4.3138e+06,7.7598e+05,5.7137e+05,5.6845e+05,97.8,0.0,0.4,1.8,3.8282e+29,3.6673e+29,8.4300e+27,7.6600e+27,1.7842e+28,0.0000e+00,95.8,2.2,2.0
58,3.8174e+29,3.7301e+29,0.0000e+00,1.7800e+27,6.9500e+27,2.2020e+29,1.5281e+29,0.0000e+00,0.0000e+00,9.3000e+26,8.5000e+26,3.5400e+27,3.4100e+27,5.0860e+28,0.0000e+00,3.3204e+08,5.9063e+06,0.0000e+00,0.0000e+00,4.2997e+06,7.2071e+05,5.6843e+05,5.6546e+05,97.7,0.0,0.5,1.8,3.8233e+29,3.6721e+29,8.1000e+27,7.0200e+27,1.7764e+28,0.0000e+00,96.0,2.1,1.8
59,3.7493e+29,3.6646e+29,0.0000e+00,1.6900e+27,6.7800e+27,2.1736e+29,1.4910e+29,0.0000e+00,0.0000e+00,9.1000e+26,7.8000e+26,3.3800e+27,3.4000e+27,4.9630e+28,0.0000e+00,3.3084e+08,5.0339e+06,0.0000e+00,0.0000e+00,4.2554e+06,7.0988e+05,5.6544e+05,5.6246e+05,97.7,0.0,0.5,1.8,3.7529e+29,3.6059e+29,7.6800e+27,7.0200e+27,1.7463e+28,0.0000e+00,96.1,2.0,1.9
60,3.7012e+29,3.6158e+29,0.0000e+00,1.6500e+27,6.8900e+27,2.1511e+29,1.4647e+29,0.0000e+00,0.0000e+00,8.5000e+26,8.0000e+26,3.6700e+27,3.2200e+27,4.9700e+28,0.0000e+00,3.2971e+08,4.1023e+06,0.0000e+00,0.0000e+00,4.2950e+06,6.7059e+05,5.6244e+05,5.5944e+05,97.7,0.0,0.4,1.9,3.6964e+29,3.5560e+29,7.3800e+27,6.6600e+27,1.7271e+28,0.0000e+00,96.2,2.0,1.8
61,3.6746e+29,3.5861e+29,0.0000e+00,1.9700e+27,6.8800e+27,2.1334e+29,1.4527e+29,0.0000e+00,0.0000e+00,1.1200e+27,8.5000e+26,3.2800e+27,3.6000e+27,4.8460e+28,0.0000e+00,3.2970e+08,3.1314e+06,0.0000e+00,0.0000e+00,4.1456e+06,6.7022e+05,5.5942e+05,5.5640e+05,97.6,0.0,0.5,1.9,3.6784e+29,3.5298e+29,7.8800e+27,6.9800e+27,1.7075e+28,0.0000e+00,96.0,2.1,1.9
62,3.6787e+29,3.5911e+29,0.0000e+00,1.8800e+27,6.8800e+27,2.1658e+29,1.4253e+29,0.0000e+00,0.0000e+00,9.9000e+26,8.9000e+26,3.2700e+27,3.6100e+27,5.0110e+28,0.0000e+00,3.2909e+08,2.0890e+06,0.0000e+00,0.0000e+00,4.0193e+06,6.4494e+05,5.5638e+05,5.5333e+05,97.6,0.0,0.5,1.9,3.6795e+29,3.5342e+29,7.5800e+27,6.9500e+27,1.6878e+28,0.0000e+00,96.1,2.1,1.9
63,3.6051e+29,3.5180e+29,0.0000e+00,1.8800e+27,6.8300e+27,2.1215e+29,1.3965e+29,0.0000e+00,0.0000e+00,1.0700e+27,8.1000e+26,3.4300e+27,3.4000e+27,4.8810e+28,0.0000e+00,3.2826e+08,9.9723e+05,0.0000e+00,0.0000e+00,3.8960e+06,6.4474e+05,5.5332e+05,5.5025e+05,97.6,0.0,0.5,1.9,3.6074e+29,3.4658e+29,7.6600e+27,6.5000e+27,1.6677e+28,0.0000e+00,96.1,2.1,1.8
64,3.5967e+29,3.5108e+29,0.0000e+00,1.7500e+27,6.8400e+27,2.1020e+29,1.4088e+29,0.0000e+00,0.0000e+00,9.7000e+26,7.8000e+26,3.4600e+27,3.3800e+27,4.9040e+28,0.0000e+00,3.2742e+08,2.9539e+03,0.0000e+00,0.0000e+00,4.8549e+06,6.4006e+05,5.5023e+05,5.4715e+05,97.6,0.0,0.5,1.9,3.5981e+29,3.4595e+29,6.5400e+27,7.3200e+27,1.6475e+28,0.0000e+00,96.1,1.8,2.0
65,3.5967e+29,3.5090e+29,0.0000e+00,1.9600e+27,6.8100e+27,2.0294e+29,1.4796e+29,0.0000e+00,0.0000e+00,1.0200e+27,9.4000e+26,3.5500e+27,3.2600e+27,5.2300e+28,0.0000e+00,3.2711e+08,7.9255e+05,0.0000e+00,0.0000e+00,4.8922e+06,6.4217e+05,5.4713e+05,5.4403e+05,97.6,0.0,0.5,1.9,3.5965e+29,3.4612e+29,6.6100e+27,6.9200e+27,1.6271e+28,0.0000e+00,96.2,1.8,1.9
66,3.6015e+29,3.5162e+29,0.0000e+00,1.6800e+27,6.8500e+27,2.0498e+29,1.4664e+29,0.0000e+00,0.0000e+00,9.2000e+26,7.6000e+26,3.4200e+27,3.4300e+27,5.3810e+28,0.0000e+00,3.2695e+08,7.0380e+06,0.0000e+00,0.0000e+00,4.8754e+06,6.4146e+05,5.4401e+05,5.4090e+05,97.6,0.0,0.5,1.9,3.6032e+29,3.4640e+29,6.9600e+27,6.9600e+27,1.6066e+28,0.0000e+00,96.1,1.9,1.9
67,3.5898e+29,3.5056e+29,0.0000e+00,1.5600e+27,6.8600e+27,2.0662e+29,1.4394e+29,0.0000e+00,0.0000e+00,8.3000e+26,7.3000e+26,3.6600e+27,3.2000e+27,5.7270e+28,0.0000e+00,3.2695e+08,1.3449e+07,0.0000e+00,0.0000e+00,4.7567e+06,6.3559e+05,5.4088e+05,5.3775e+05,97.7,0.0,0.4,1.9,3.5894e+29,3.4539e+29,6.7300e+27,6.8200e+27,1.5859e+28,0.0000e+00,96.2,1.9,1.9
68,3.6260e+29,3.5388e+29,0.0000e+00,1.8200e+27,6.9000e+27,2.1087e+29,1.4301e+29,0.0000e+00,0.0000e+00,1.1100e+27,7.1000e+26,3.4900e+27,3.4100e+27,6.1300e+28,0.0000e+00,3.2684e+08,1.3294e+07,0.0000e+00,0.0000e+00,4.5859e+06,6.2002e+05,5.3773e+05,5.3457e+05,97.6,0.0,0.5,1.9,3.6225e+29,3.4836e+29,7.0100e+27,6.8800e+27,1.5742e+28,0.0000e+00,96.2,1.9,1.9
69,3.6121e+29,3.5251e+29,0.0000e+00,1.8200e+27,6.8800e+27,2.1237e+29,1.4014e+29,0.0000e+00,0.0000e+00,9.4000e+26,8.8000e+26,3.4300e+27,3.4500e+27,6.3030e+28,0.0000e+00,3.2694e+08,1.2608e+07,0.0000e+00,0.0000e+00,4.5391e+06,6.0251e+05,5.3455e+05,5.3139e+05,97.6,0.0,0.5,1.9,3.6176e+29,3.4762e+29,6.8900e+27,7.2500e+27,1.5440e+28,0.0000e+00,96.1,1.9,2.0
70,3.6246e+29,3.5396e+29,0.0000e+00,1.6600e+27,6.8400e+27,2.1658e+29,1.3738e+29,0.0000e+00,0.0000e+00,9.7000e+26,6.9000e+26,3.4000e+27,3.4400e+27,6.5140e+28,0.0000e+00,3.2674e+08,1.1961e+07,0.0000e+00,0.0000e+00,4.4692e+06,5.7270e+05,5.3138e+05,5.2821e+05,97.7,0.0,0.5,1.9,3.6255e+29,3.4870e+29,6.6400e+27,7.2100e+27,1.5230e+28,0.0000e+00,96.2,1.8,2.0
71,3.6110e+29,3.5259e+29,0.0000e+00,1.6200e+27,6.8900e+27,2.1534e+29,1.3725e+29,0.0000e+00,0.0000e+00,8.2000e+26,8.0000e+26,3.3300e+27,3.5600e+27,6.8870e+28,0.0000e+00,3.2615e+08,1.1247e+07,0.0000e+00,0.0000e+00,4.3920e+06,5.7589e+05,5.2819e+05,5.2502e+05,97.6,0.0,0.4,1.9,3.6044e+29,3.4705e+29,6.3900e+27,7.0000e+27,1.5020e+28,0.0000e+00,96.3,1.8,1.9
72,3.6282e+29,3.5434e+29,0.0000e+00,1.5900e+27,6.8900e+27,2.1951e+29,1.3483e+29,0.0000e+00,0.0000e+00,7.9000e+26,8.0000e+26,3.4400e+27,3.4500e+27,7.3250e+28,0.0000e+00,3.2579e+08,1.0491e+07,0.0000e+00,0.0000e+00,4.3707e+06,5.7719e+05,5.2501e+05,5.2181e+05,97.7,0.0,0.4,1.9,3.6356e+29,3.4922e+29,6.7700e+27,7.5700e+27,1.4893e+28,0.0000e+00,96.1,1.9,2.1
73,3.6244e+29,3.5397e+29,0.0000e+00,1.5900e+27,6.8800e+27,2.2039e+29,1.3358e+29,0.0000e+00,0.0000e+00,8.2000e+26,7.7000e+26,3.1900e+27,3.6900e+27,7.5490e+28,0.0000e+00,3.2779e+08,9.7133e+06,0.0000e+00,0.0000e+00,4.4264e+06,5.5392e+05,5.2179e+05,5.1859e+05,97.7,0.0,0.4,1.9,3.6272e+29,3.4833e+29,6.6600e+27,7.7300e+27,1.4679e+28,0.0000e+00,96.0,1.8,2.1
74,3.5790e+29,3.4941e+29,0.0000e+00,1.6900e+27,6.8000e+27,2.1957e+29,1.2984e+29,0.0000e+00,0.0000e+00,9.3000e+26,7.6000e+26,3.3500e+27,3.4500e+27,7.6790e+28,0.0000e+00,3.3470e+08,8.9975e+06,0.0000e+00,0.0000e+00,4.4250e+06,5.4390e+05,5.1857e+05,5.1538e+05,97.6,0.0,0.5,1.9,3.5794e+29,3.4446e+29,6.3500e+27,7.1300e+27,1.4385e+28,0.0000e+00,96.2,1.8,2.0
75,3.6644e+29,3.5820e+29,0.0000e+00,1.3600e+27,6.8800e+27,2.3009e+29,1.2811e+29,0.0000e+00,0.0000e+00,7.6000e+26,6.0000e+26,3.5000e+27,3.3800e+27,8.2480e+28,0.0000e+00,3.4204e+08,8.1254e+06,0.0000e+00,0.0000e+00,4.3618e+06,4.9203e+05,5.1537e+05,5.1216e+05,97.8,0.0,0.4,1.9,3.6635e+29,3.5187e+29,6.9400e+27,7.5400e+27,1.4253e+28,0.0000e+00,96.0,1.9,2.1
76,3.6417e+29,3.5553e+29,0.0000e+00,1.7900e+27,6.8500e+27,2.2963e+29,1.2590e+29,0.0000e+00,0.0000e+00,1.0200e+27,7.7000e+26,3.4300e+27,3.4200e+27,8.6850e+28,0.0000e+00,3.4925e+08,7.2524e+06,0.0000e+00,0.0000e+00,4.1634e+06,4.6976e+05,5.1214e+05,5.0891e+05,97.6,0.0,0.5,1.9,3.6437e+29,3.5008e+29,6.4300e+27,7.8600e+27,1.4117e+28,0.0000e+00,96.1,1.8,2.2
77,3.6587e+29,3.5757e+29,0.0000e+00,1.4900e+27,6.8100e+27,2.3430e+29,1.2327e+29,0.0000e+00,0.0000e+00,7.0000e+26,7.9000e+26,3.1500e+27,3.6600e+27,8.9950e+28,0.0000e+00,3.5633e+08,6.2817e+06,0.0000e+00,0.0000e+00,3.9502e+06,4.5118e+05,5.0889e+05,5.0569e+05,97.7,0.0,0.4,1.9,3.6586e+29,3.5302e+29,5.8200e+27,7.0200e+27,1.3825e+28,0.0000e+00,96.5,1.6,1.9
78,3.6813e+29,3.5982e+29,0.0000e+00,1.4500e+27,6.8600e+27,2.3726e+29,1.2256e+29,0.0000e+00,0.0000e+00,8.3000e+26,6.2000e+26,3.4000e+27,3.4600e+27,9.3450e+28,0.0000e+00,3.6285e+08,5.2960e+06,0.0000e+00,0.0000e+00,3.8591e+06,4.4717e+05,5.0567e+05,5.0244e+05,97.7,0.0,0.4,1.9,3.6808e+29,3.5398e+29,6.3400e+27,7.7600e+27,1.3687e+28,0.0000e+00,96.2,1.7,2.1
79,3.6838e+29,3.6012e+29,0.0000e+00,1.4700e+27,6.7900e+27,2.3971e+29,1.2041e+29,0.0000e+00,0.0000e+00,6.8000e+26,7.9000e+26,3.5700e+27,3.2200e+27,9.4800e+28,0.0000e+00,3.6949e+08,4.2840e+06,0.0000e+00,0.0000e+00,3.9860e+06,4.8709e+05,5.0243e+05,4.9922e+05,97.8,0.0,0.4,1.8,3.6829e+29,3.5400e+29,6.4700e+27,7.8200e+27,1.3401e+28,0.0000e+00,96.1,1.8,2.1
80,3.6683e+29,3.5869e+29,0.0000e+00,1.2700e+27,6.8700e+27,2.4089e+29,1.1780e+29,0.0000e+00,0.0000e+00,6.3000e+26,6.4000e+26,3.6800e+27,3.1900e+27,9.2500e+28,0.0000e+00,3.7615e+08,3.2294e+06,0.0000e+00,0.0000e+00,3.9276e+06,4.8561e+05,4.9920e+05,4.9599e+05,97.8,0.0,0.3,1.9,3.6744e+29,3.5338e+29,6.2300e+27,7.8300e+27,1.3262e+28,0.0000e+00,96.2,1.7,2.1
81,3.7171e+29,3.6342e+29,0.0000e+00,1.4500e+27,6.8400e+27,2.4595e+29,1.1747e+29,0.0000e+00,0.0000e+00,7.7000e+26,6.8000e+26,3.4400e+27,3.4000e+27,9.1520e+28,0.0000e+00,3.8207e+08,2.1493e+06,0.0000e+00,0.0000e+00,3.7708e+06,4.5246e+05,4.9597e+05,4.9274e+05,97.8,0.0,0.4,1.8,3.7162e+29,3.5786e+29,6.3800e+27,7.3800e+27,1.3120e+28,0.0000e+00,96.3,1.7,2.0
82,3.7347e+29,3.6533e+29,0.0000e+00,1.2900e+27,6.8500e+27,2.5044e+29,1.1489e+29,0.0000e+00,0.0000e+00,7.5000e+26,5.4000e+26,3.7000e+27,3.1500e+27,9.3080e+28,0.0000e+00,3.8836e+08,9.8429e+05,0.0000e+00,0.0000e+00,3.7186e+06,4.6632e+05,4.9272e+05,4.8950e+05,97.8,0.0,0.3,1.8,3.7281e+29,3.5883e+29,6.3000e+27,7.6800e+27,1.2906e+28,0.0000e+00,96.3,1.7,2.1
83,3.6726e+29,3.5903e+29,0.0000e+00,1.4900e+27,6.7400e+27,2.4710e+29,1.1193e+29,0.0000e+00,0.0000e+00,8.6000e+26,6.3000e+26,3.4100e+27,3.3300e+27,9.1180e+28,0.0000e+00,3.9484e+08,5.4462e+03,0.0000e+00,0.0000e+00,4.2487e+06,4.3745e+05,4.8949e+05,4.8629e+05,97.8,0.0,0.4,1.8,3.6784e+29,3.5467e+29,5.9500e+27,7.2200e+27,1.2628e+28,0.0000e+00,96.4,1.6,2.0
84,3.7806e+29,3.6971e+29,0.0000e+00,1.3400e+27,7.0100e+27,2.4957e+29,1.2014e+29,0.0000e+00,0.0000e+00,7.9000e+26,5.5000e+26,3.5000e+27,3.5100e+27,9.7330e+28,0.0000e+00,4.0150e+08,1.6076e+06,0.0000e+00,0.0000e+00,4.1960e+06,4.4609e+05,4.8627e+05,4.8305e+05,97.8,0.0,0.4,1.9,3.7798e+29,3.6404e+29,6.5800e+27,7.3600e+27,1.2551e+28,0.0000e+00,96.3,1.7,1.9
85,3.7648e+29,3.6807e+29,0.0000e+00,1.5000e+27,6.9100e+27,2.5151e+29,1.1656e+29,0.0000e+00,0.0000e+00,7.6000e+26,7.4000e+26,3.5000e+27,3.4100e+27,1.0207e+29,0.0000e+00,4.0883e+08,9.3576e+06,0.0000e+00,0.0000e+00,4.0450e+06,4.3445e+05,4.8303e+05,4.7984e+05,97.8,0.0,0.4,1.8,3.7659e+29,3.6368e+29,5.6100e+27,7.3000e+27,1.2277e+28,0.0000e+00,96.6,1.5,1.9
86,3.8755e+29,3.7934e+29,0.0000e+00,1.3400e+27,6.8700e+27,2.6203e+29,1.1731e+29,0.0000e+00,0.0000e+00,7.5000e+26,5.9000e+26,3.4600e+27,3.4100e+27,1.0845e+29,0.0000e+00,4.1671e+08,8.7227e+06,0.0000e+00,0.0000e+00,3.8138e+06,4.0196e+05,4.7982e+05,4.7663e+05,97.9,0.0,0.3,1.8,3.8701e+29,3.7262e+29,6.3800e+27,8.0100e+27,1.2133e+28,0.0000e+00,96.3,1.6,2.1
87,3.9293e+29,3.8460e+29,0.0000e+00,1.4000e+27,6.9300e+27,2.7039e+29,1.1421e+29,0.0000e+00,0.0000e+00,7.1000e+26,6.9000e+26,3.4100e+27,3.5200e+27,1.1262e+29,0.0000e+00,4.2467e+08,7.9577e+06,0.0000e+00,0.0000e+00,3.7184e+06,4.1420e+05,4.7661e+05,4.7341e+05,97.9,0.0,0.4,1.8,3.9236e+29,3.7771e+29,6.6000e+27,8.0500e+27,1.1987e+28,0.0000e+00,96.3,1.7,2.1
88,3.9611e+29,3.8794e+29,0.0000e+00,1.1800e+27,6.9900e+27,2.7460e+29,1.1334e+29,0.0000e+00,0.0000e+00,5.7000e+26,6.1000e+26,3.5600e+27,3.4300e+27,1.1608e+29,0.0000e+00,4.3149e+08,7.1086e+06,0.0000e+00,0.0000e+00,3.6342e+06,4.0253e+05,4.7339e+05,4.7021e+05,97.9,0.0,0.3,1.8,3.9641e+29,3.8253e+29,6.4500e+27,7.4300e+27,1.1780e+28,0.0000e+00,96.5,1.6,1.9
89,4.0017e+29,3.9167e+29,0.0000e+00,1.5200e+27,6.9800e+27,2.7946e+29,1.1221e+29,0.0000e+00,0.0000e+00,7.8000e+26,7.4000e+26,3.4900e+27,3.4900e+27,1.1960e+29,0.0000e+00,4.3923e+08,6.1928e+06,0.0000e+00,0.0000e+00,3.7199e+06,4.1166e+05,4.7019e+05,4.6702e+05,97.9,0.0,0.4,1.7,4.0108e+29,3.8645e+29,6.6000e+27,8.0300e+27,1.1576e+28,0.0000e+00,96.4,1.6,2.0
90,4.0073e+29,3.9252e+29,0.0000e+00,1.3600e+27,6.8500e+27,2.8416e+29,1.0836e+29,0.0000e+00,0.0000e+00,7.8000e+26,5.8000e+26,3.6000e+27,3.2500e+27,1.2668e+29,0.0000e+00,4.4616e+08,5.2568e+06,0.0000e+00,0.0000e+00,3.8339e+06,4.1010e+05,4.6700e+05,4.6385e+05,98.0,0.0,0.3,1.7,3.9990e+29,3.8591e+29,6.4100e+27,7.5800e+27,1.1374e+28,0.0000e+00,96.5,1.6,1.9
91,4.0447e+29,3.9603e+29,0.0000e+00,1.5600e+27,6.8800e+27,2.9145e+29,1.0458e+29,0.0000e+00,0.0000e+00,8.4000e+26,7.2000e+26,3.6200e+27,3.2600e+27,1.3113e+29,0.0000e+00,4.5377e+08,4.2525e+06,0.0000e+00,0.0000e+00,3.7656e+06,3.8391e+05,4.6383e+05,4.6068e+05,97.9,0.0,0.4,1.7,4.0430e+29,3.8985e+29,6.5900e+27,7.8600e+27,1.1230e+28,0.0000e+00,96.4,1.6,1.9
92,4.1462e+29,4.0643e+29,0.0000e+00,1.2300e+27,6.9600e+27,2.9991e+29,1.0652e+29,0.0000e+00,0.0000e+00,7.1000e+26,5.2000e+26,3.3500e+27,3.6100e+27,1.3669e+29,0.0000e+00,4.6324e+08,3.2536e+06,0.0000e+00,0.0000e+00,3.7741e+06,3.8355e+05,4.6066e+05,4.5752e+05,98.0,0.0,0.3,1.7,4.1476e+29,3.9988e+29,6.6000e+27,8.2800e+27,1.1085e+28,0.0000e+00,96.4,1.6,2.0
93,4.1844e+29,4.1003e+29,0.0000e+00,1.4700e+27,6.9400e+27,3.0650e+29,1.0353e+29,0.0000e+00,0.0000e+00,8.3000e+26,6.4000e+26,3.4100e+27,3.5300e+27,1.2815e+29,0.0000e+00,4.7457e+08,2.2561e+06,0.0000e+00,0.0000e+00,3.6827e+06,3.8129e+05,4.5750e+05,4.5437e+05,98.0,0.0,0.4,1.7,4.1835e+29,4.0363e+29,6.6900e+27,8.0300e+27,1.0886e+28,0.0000e+00,96.5,1.6,1.9
94,4.2274e+29,4.1435e+29,0.0000e+00,1.4600e+27,6.9300e+27,3.1208e+29,1.0227e+29,0.0000e+00,0.0000e+00,7.2000e+26,7.4000e+26,3.1900e+27,3.7400e+27,1.1780e+29,0.0000e+00,4.8555e+08,1.2310e+06,0.0000e+00,0.0000e+00,3.5993e+06,3.6457e+05,4.5436e+05,4.5125e+05,98.0,0.0,0.3,1.6,4.2255e+29,4.0784e+29,7.0900e+27,7.6200e+27,1.0690e+28,0.0000e+00,96.5,1.7,1.8
95,4.2743e+29,4.1925e+29,0.0000e+00,1.2800e+27,6.9000e+27,3.1899e+29,1.0026e+29,0.0000e+00,0.0000e+00,6.6000e+26,6.2000e+26,3.6600e+27,3.2400e+27,1.1642e+29,0.0000e+00,4.9617e+08,1.4067e+05,0.0000e+00,0.0000e+00,3.5019e+06,3.3980e+05,4.5124e+05,4.4814e+05,98.1,0.0,0.3,1.6,4.2712e+29,4.1274e+29,6.4400e+27,7.9400e+27,1.0548e+28,0.0000e+00,96.6,1.5,1.9
96,4.3399e+29,4.2575e+29,0.0000e+00,1.2900e+27,6.9500e+27,3.2060e+29,1.0515e+29,0.0000e+00,0.0000e+00,7.0000e+26,5.9000e+26,3.7300e+27,3.2200e+27,1.1744e+29,0.0000e+00,5.0739e+08,1.0722e+03,0.0000e+00,0.0000e+00,4.0905e+06,3.3823e+05,4.4812e+05,4.4503e+05,98.1,0.0,0.3,1.6,4.3445e+29,4.1979e+29,7.0300e+27,7.6300e+27,1.0405e+28,0.0000e+00,96.6,1.6,1.8
97,4.4393e+29,4.3574e+29,0.0000e+00,1.2200e+27,6.9700e+27,3.2942e+29,1.0632e+29,0.0000e+00,0.0000e+00,6.9000e+26,5.3000e+26,3.6200e+27,3.3500e+27,1.2113e+29,0.0000e+00,5.1794e+08,6.9427e+06,0.0000e+00,0.0000e+00,4.0235e+06,3.5353e+05,4.4501e+05,4.4195e+05,98.2,0.0,0.3,1.6,4.4327e+29,4.2820e+29,7.1000e+27,7.9700e+27,1.0214e+28,0.0000e+00,96.6,1.6,1.8
98,4.4824e+29,4.3999e+29,0.0000e+00,1.3600e+27,6.8900e+27,3.3637e+29,1.0362e+29,0.0000e+00,0.0000e+00,7.5000e+26,6.1000e+26,3.3200e+27,3.5700e+27,1.2134e+29,0.0000e+00,5.2866e+08,6.1415e+06,0.0000e+00,0.0000e+00,3.9644e+06,3.6225e+05,4.4193e+05,4.3889e+05,98.2,0.0,0.3,1.5,4.4926e+29,4.3492e+29,6.7000e+27,7.6400e+27,1.0026e+28,0.0000e+00,96.8,1.5,1.7
99,4.5259e+29,4.4413e+29,0.0000e+00,1.5500e+27,6.9100e+27,3.4336e+29,1.0077e+29,0.0000e+00,0.0000e+00,8.1000e+26,7.4000e+26,3.4300e+27,3.4800e+27,1.2507e+29,0.0000e+00,5.3753e+08,5.2493e+06,0.0000e+00,0.0000e+00,3.9149e+06,3.3662e+05,4.3888e+05,4.3585e+05,98.1,0.0,0.3,1.5,4.5189e+29,4.3725e+29,7.0400e+27,7.6000e+27,9.8872e+27,0.0000e+00,96.8,1.6,1.7
100,4.6103e+29,4.5278e+29,0.0000e+00,1.4100e+27,6.8400e+27,3.5429e+29,9.8490e+28,0.0000e+00,0.0000e+00,7.8000e+26,6.3000e+26,3.3100e+27,3.5300e+27,1.3006e+29,0.0000e+00,5.4653e+08,4.3683e+06,0.0000e+00,0.0000e+00,3.8921e+06,3.3275e+05,4.3583e+05,4.3282e+05,98.2,0.0,0.3,1.5,4.6036e+29,4.4568e+29,6.9600e+27,7.7200e+27,9.7488e+27,0.0000e+00,96.8,1.5,1.7
101,4.6860e+29,4.6013e+29,0.0000e+00,1.5500e+27,6.9200e+27,3.6258e+29,9.7550e+28,0.0000e+00,0.0000e+00,8.1000e+26,7.4000e+26,3.5900e+27,3.3300e+27,1.3731e+29,0.0000e+00,5.5422e+08,3.5170e+06,0.0000e+00,0.0000e+00,3.8935e+06,3.1378e+05,4.3280e+05,4.2981e+05,98.2,0.0,0.3,1.5,4.6862e+29,4.5351e+29,7.2600e+27,7.8500e+27,9.5666e+27,0.0000e+00,96.8,1.5,1.7
102,4.7349e+29,4.6523e+29,0.0000e+00,1.3900e+27,6.8700e+27,3.7084e+29,9.4390e+28,0.0000e+00,0.0000e+00,6.8000e+26,7.1000e+26,3.4400e+27,3.4300e+27,1.3861e+29,0.0000e+00,5.6340e+08,2.6036e+06,0.0000e+00,0.0000e+00,4.0228e+06,3.0367e+05,4.2980e+05,4.2684e+05,98.3,0.0,0.3,1.5,4.7386e+29,4.5882e+29,6.9400e+27,8.1000e+27,9.3879e+27,0.0000e+00,96.8,1.5,1.7
103,4.8235e+29,4.7408e+29,0.0000e+00,1.2800e+27,6.9900e+27,3.8012e+29,9.3960e+28,0.0000e+00,0.0000e+00,7.2000e+26,5.6000e+26,3.4800e+27,3.5100e+27,1.3818e+29,0.0000e+00,5.7288e+08,1.6459e+06,0.0000e+00,0.0000e+00,4.0430e+06,2.9732e+05,4.2683e+05,4.2387e+05,98.3,0.0,0.3,1.4,4.8263e+29,4.6768e+29,7.0300e+27,7.9200e+27,9.2967e+27,0.0000e+00,96.9,1.5,1.6
104,4.8544e+29,4.7722e+29,0.0000e+00,1.2600e+27,6.9600e+27,3.8501e+29,9.2210e+28,0.0000e+00,0.0000e+00,5.5000e+26,7.1000e+26,3.6200e+27,3.3400e+27,1.2159e+29,0.0000e+00,5.8138e+08,6.8975e+05,0.0000e+00,0.0000e+00,4.0443e+06,3.0621e+05,4.2386e+05,4.2093e+05,98.3,0.0,0.3,1.4,4.8495e+29,4.7060e+29,6.8600e+27,7.4900e+27,9.1211e+27,0.0000e+00,97.0,1.4,1.5
105,4.9198e+29,4.8381e+29,0.0000e+00,1.3300e+27,6.8400e+27,3.9354e+29,9.0270e+28,0.0000e+00,0.0000e+00,6.8000e+26,6.5000e+26,3.4700e+27,3.3700e+27,1.1938e+29,0.0000e+00,5.9029e+08,4.0762e+03,0.0000e+00,0.0000e+00,4.8258e+06,3.0070e+05,4.2092e+05,4.1802e+05,98.3,0.0,0.3,1.4,4.9188e+29,4.7653e+29,7.3600e+27,7.9900e+27,8.9492e+27,0.0000e+00,96.9,1.5,1.6
106,5.0303e+29,4.9452e+29,0.0000e+00,1.4900e+27,7.0200e+27,3.9994e+29,9.4580e+28,0.0000e+00,0.0000e+00,7.8000e+26,7.1000e+26,3.2300e+27,3.7900e+27,1.2206e+29,0.0000e+00,5.9754e+08,3.1611e+06,0.0000e+00,0.0000e+00,4.8668e+06,2.9712e+05,4.1800e+05,4.1512e+05,98.3,0.0,0.3,1.4,5.0240e+29,4.8743e+29,7.3400e+27,7.6300e+27,8.8591e+27,0.0000e+00,97.0,1.5,1.5
107,5.1024e+29,5.0204e+29,0.0000e+00,1.2600e+27,6.9400e+27,4.0627e+29,9.5770e+28,0.0000e+00,0.0000e+00,8.2000e+26,4.4000e+26,3.5300e+27,3.4100e+27,1.2366e+29,0.0000e+00,6.0359e+08,4.6408e+06,0.0000e+00,0.0000e+00,4.7784e+06,2.9532e+05,4.1510e+05,4.1226e+05,98.4,0.0,0.2,1.4,5.1113e+29,4.9575e+29,7.2100e+27,8.1700e+27,8.6526e+27,0.0000e+00,97.0,1.4,1.6
108,5.1997e+29,5.1157e+29,0.0000e+00,1.4500e+27,6.9500e+27,4.1880e+29,9.2770e+28,0.0000e+00,0.0000e+00,8.0000e+26,6.5000e+26,3.4100e+27,3.5400e+27,1.2482e+29,0.0000e+00,6.0819e+08,3.8489e+06,0.0000e+00,0.0000e+00,4.7892e+06,2.9729e+05,4.1225e+05,4.0941e+05,98.4,0.0,0.3,1.3,5.1955e+29,5.0466e+29,7.5500e+27,7.3400e+27,8.5645e+27,0.0000e+00,97.1,1.5,1.4
109,5.2477e+29,5.1661e+29,0.0000e+00,1.1800e+27,6.9800e+27,4.2494e+29,9.1670e+28,0.0000e+00,0.0000e+00,6.0000e+26,5.8000e+26,3.5500e+27,3.4300e+27,1.3117e+29,0.0000e+00,6.1280e+08,3.0674e+06,0.0000e+00,0.0000e+00,4.7031e+06,2.8754e+05,4.0940e+05,4.0659e+05,98.4,0.0,0.2,1.3,5.2443e+29,5.0899e+29,7.5400e+27,7.9000e+27,8.4019e+27,0.0000e+00,97.1,1.4,1.5
110,5.3506e+29,5.2682e+29,0.0000e+00,1.2500e+27,6.9900e+27,4.3827e+29,8.8550e+28,0.0000e+00,0.0000e+00,7.4000e+26,5.1000e+26,3.7100e+27,3.2800e+27,1.3708e+29,0.0000e+00,6.1681e+08,2.2761e+06,0.0000e+00,0.0000e+00,4.5796e+06,2.8007e+05,4.0658e+05,4.0380e+05,98.5,0.0,0.2,1.3,5.3458e+29,5.1982e+29,7.6700e+27,7.0900e+27,8.2786e+27,0.0000e+00,97.2,1.4,1.3
111,5.4764e+29,5.3935e+29,0.0000e+00,1.3300e+27,6.9600e+27,4.4961e+29,8.9740e+28,0.0000e+00,0.0000e+00,7.2000e+26,6.1000e+26,3.2900e+27,3.6700e+27,1.3993e+29,0.0000e+00,6.1953e+08,1.4947e+06,0.0000e+00,0.0000e+00,4.4346e+06,2.8341e+05,4.0379e+05,4.0105e+05,98.5,0.0,0.2,1.3,5.4743e+29,5.3173e+29,8.1400e+27,7.5600e+27,8.1218e+27,0.0000e+00,97.1,1.5,1.4
112,5.5640e+29,5.4793e+29,0.0000e+00,1.5300e+27,6.9400e+27,4.6183e+29,8.6100e+28,0.0000e+00,0.0000e+00,7.9000e+26,7.4000e+26,3.4300e+27,3.5100e+27,1.2480e+29,0.0000e+00,6.2188e+08,6.3015e+05,0.0000e+00,0.0000e+00,4.3246e+06,2.8027e+05,4.0104e+05,3.9832e+05,98.5,0.0,0.3,1.2,5.5684e+29,5.4141e+29,7.6800e+27,7.7500e+27,8.0028e+27,0.0000e+00,97.2,1.4,1.4
113,5.6475e+29,5.5636e+29,0.0000e+00,1.4400e+27,6.9500e+27,4.7018e+29,8.6180e+28,0.0000e+00,0.0000e+00,8.2000e+26,6.2000e+26,3.5700e+27,3.3800e+27,1.2054e+29,0.0000e+00,6.2354e+08,2.2357e+03,0.0000e+00,0.0000e+00,5.2568e+06,2.7915e+05,3.9830e+05,3.9561e+05,98.5,0.0,0.3,1.2,5.6504e+29,5.4972e+29,8.1700e+27,7.1500e+27,7.8851e+27,0.0000e+00,97.3,1.4,1.3
114,5.7826e+29,5.6986e+29,0.0000e+00,1.3800e+27,7.0200e+27,4.8058e+29,8.9280e+28,0.0000e+00,0.0000e+00,8.5000e+26,5.3000e+26,3.4100e+27,3.6100e+27,1.2327e+29,0.0000e+00,6.2431e+08,3.0047e+06,0.0000e+00,0.0000e+00,5.2545e+06,2.7374e+05,3.9560e+05,3.9293e+05,98.5,0.0,0.2,1.2,5.7717e+29,5.6185e+29,8.0000e+27,7.3200e+27,7.7688e+27,0.0000e+00,97.3,1.4,1.3
115,5.8739e+29,5.7900e+29,0.0000e+00,1.4400e+27,6.9500e+27,4.9171e+29,8.7290e+28,0.0000e+00,0.0000e+00,9.5000e+26,4.9000e+26,3.7100e+27,3.2400e+27,1.2383e+29,0.0000e+00,6.2538e+08,3.2783e+06,0.0000e+00,0.0000e+00,5.3029e+06,2.5239e+05,3.9292e+05,3.9029e+05,98.6,0.0,0.2,1.2,5.8744e+29,5.7211e+29,8.4700e+27,6.8600e+27,7.6224e+27,0.0000e+00,97.4,1.4,1.2
116,5.9475e+29,5.8637e+29,0.0000e+00,1.4400e+27,6.9400e+27,5.0200e+29,8.4370e+28,0.0000e+00,0.0000e+00,7.8000e+26,6.6000e+26,3.5300e+27,3.4100e+27,1.2678e+29,0.0000e+00,6.2960e+08,2.6157e+06,0.0000e+00,0.0000e+00,5.2739e+06,2.4553e+05,3.9028e+05,3.8767e+05,98.6,0.0,0.2,1.2,5.9562e+29,5.7957e+29,9.0000e+27,7.0500e+27,7.5107e+27,0.0000e+00,97.3,1.5,1.2
117,6.1085e+29,6.0244e+29,0.0000e+00,1.4400e+27,6.9700e+27,5.1587e+29,8.6570e+28,0.0000e+00,0.0000e+00,9.1000e+26,5.3000e+26,3.5900e+27,3.3800e+27,1.3528e+29,0.0000e+00,6.3647e+08,1.9874e+06,0.0000e+00,0.0000e+00,5.2428e+06,2.2316e+05,3.8766e+05,3.8510e+05,98.6,0.0,0.2,1.1,6.1018e+29,5.9527e+29,8.5800e+27,6.3300e+27,7.3704e+27,0.0000e+00,97.6,1.4,1.0
118,6.1993e+29,6.1140e+29,0.0000e+00,1.5000e+27,7.0300e+27,5.2934e+29,8.2060e+28,0.0000e+00,0.0000e+00,8.9000e+26,6.1000e+26,3.5100e+27,3.5200e+27,1.3906e+29,0.0000e+00,6.4043e+08,1.3021e+06,0.0000e+00,0.0000e+00,5.3028e+06,2.2293e+05,3.8509e+05,3.8255e+05,98.6,0.0,0.2,1.1,6.1990e+29,6.0478e+29,8.6100e+27,6.5100e+27,7.2633e+27,0.0000e+00,97.6,1.4,1.1
119,6.3107e+29,6.2291e+29,0.0000e+00,1.2000e+27,6.9600e+27,5.4144e+29,8.1470e+28,0.0000e+00,0.0000e+00,7.0000e+26,5.0000e+26,3.4200e+27,3.5400e+27,1.2728e+29,0.0000e+00,6.4345e+08,5.6256e+05,0.0000e+00,0.0000e+00,5.2801e+06,2.3244e+05,3.8254e+05,3.8003e+05,98.7,0.0,0.2,1.1,6.3125e+29,6.1594e+29,8.6500e+27,6.6600e+27,7.1579e+27,0.0000e+00,97.6,1.4,1.1
120,6.4017e+29,6.3158e+29,0.0000e+00,1.5300e+27,7.0600e+27,5.4877e+29,8.2810e+28,0.0000e+00,0.0000e+00,9.6000e+26,5.7000e+26,3.5100e+27,3.5500e+27,1.1920e+29,0.0000e+00,6.4737e+08,9.5221e+02,0.0000e+00,0.0000e+00,6.8542e+06,2.3776e+05,3.8002e+05,3.7754e+05,98.7,0.0,0.2,1.1,6.3909e+29,6.2368e+29,8.9500e+27,6.4600e+27,7.0541e+27,0.0000e+00,97.6,1.4,1.0
121,6.5366e+29,6.4474e+29,0.0000e+00,1.8300e+27,7.0900e+27,5.5868e+29,8.6060e+28,0.0000e+00,0.0000e+00,1.0600e+27,7.7000e+26,3.4100e+27,3.6800e+27,1.1981e+29,0.0000e+00,6.4966e+08,2.7624e+06,0.0000e+00,0.0000e+00,6.9965e+06,2.3986e+05,3.7753e+05,3.7509e+05,98.6,0.0,0.3,1.1,6.5427e+29,6.3839e+29,8.9900e+27,6.8900e+27,6.9522e+27,0.0000e+00,97.6,1.4,1.1
122,6.7157e+29,6.6280e+29,0.0000e+00,1.7500e+27,7.0200e+27,5.7805e+29,8.4750e+28,0.0000e+00,0.0000e+00,1.1700e+27,5.8000e+26,3.7600e+27,3.2600e+27,1.2159e+29,0.0000e+00,6.5115e+08,2.6560e+06,0.0000e+00,0.0000e+00,6.9992e+06,2.3840e+05,3.7508e+05,3.7267e+05,98.7,0.0,0.3,1.0,6.7076e+29,6.5465e+29,9.7200e+27,6.3900e+27,6.8251e+27,0.0000e+00,97.6,1.4,1.0
123,6.8438e+29,6.7574e+29,0.0000e+00,1.6200e+27,7.0200e+27,5.9055e+29,8.5190e+28,0.0000e+00,0.0000e+00,1.0100e+27,6.1000e+26,3.5400e+27,3.4800e+27,1.2691e+29,0.0000e+00,6.5274e+08,2.0287e+06,0.0000e+00,0.0000e+00,6.9495e+06,2.3553e+05,3.7266e+05,3.7029e+05,98.7,0.0,0.2,1.0,6.8410e+29,6.6742e+29,9.8200e+27,6.8600e+27,6.7016e+27,0.0000e+00,97.6,1.4,1.0
124,6.9546e+29,6.8697e+29,0.0000e+00,1.5100e+27,6.9800e+27,6.0520e+29,8.1770e+28,0.0000e+00,0.0000e+00,9.9000e+26,5.2000e+26,3.5400e+27,3.4400e+27,1.3316e+29,0.0000e+00,6.5287e+08,1.3765e+06,0.0000e+00,0.0000e+00,6.8115e+06,2.0917e+05,3.7028e+05,3.6794e+05,98.8,0.0,0.2,1.0,6.9493e+29,6.7891e+29,9.4800e+27,6.5400e+27,6.6333e+27,0.0000e+00,97.7,1.4,0.9
125,7.0954e+29,7.0086e+29,0.0000e+00,1.6500e+27,7.0300e+27,6.2009e+29,8.0770e+28,0.0000e+00,0.0000e+00,1.1400e+27,5.1000e+26,3.2900e+27,3.7400e+27,1.3092e+29,0.0000e+00,6.5261e+08,7.1721e+05,0.0000e+00,0.0000e+00,6.7916e+06,2.1022e+05,3.6793e+05,3.6563e+05,98.8,0.0,0.2,1.0,7.0980e+29,6.9377e+29,9.8200e+27,6.2100e+27,6.5146e+27,0.0000e+00,97.7,1.4,0.9
126,7.2137e+29,7.1287e+29,0.0000e+00,1.4800e+27,7.0200e+27,6.3113e+29,8.1740e+28,0.0000e+00,0.0000e+00,9.6000e+26,5.2000e+26,3.7300e+27,3.2900e+27,1.1740e+29,0.0000e+00,6.5104e+08,2.2174e+04,0.0000e+00,0.0000e+00,6.7708e+06,2.3438e+05,3.6562e+05,3.6335e+05,98.8,0.0,0.2,1.0,7.2096e+29,7.0509e+29,9.8000e+27,6.0700e+27,6.4242e+27,0.0000e+00,97.8,1.4,0.8
127,7.3640e+29,7.2715e+29,0.0000e+00,2.2000e+27,7.0500e+27,6.4000e+29,8.7150e+28,0.0000e+00,0.0000e+00,1.4200e+27,7.8000e+26,3.6300e+27,3.4200e+27,1.1687e+29,0.0000e+00,6.4941e+08,1.4697e+02,0.0000e+00,0.0000e+00,9.0518e+06,2.1608e+05,3.6334e+05,3.6111e+05,98.7,0.0,0.3,1.0,7.3662e+29,7.2037e+29,9.9600e+27,6.2900e+27,6.3357e+27,0.0000e+00,97.8,1.4,0.9
128,7.4822e+29,7.3934e+29,0.0000e+00,1.8900e+27,6.9900e+27,6.5298e+29,8.6360e+28,0.0000e+00,0.0000e+00,1.2700e+27,6.2000e+26,3.3800e+27,3.6100e+27,1.1931e+29,0.0000e+00,6.4887e+08,2.2003e+06,0.0000e+00,0.0000e+00,8.8421e+06,2.2475e+05,3.6110e+05,3.5891e+05,98.8,0.0,0.3,0.9,7.4812e+29,7.3202e+29,1.0220e+28,5.8800e+27,6.2254e+27,0.0000e+00,97.8,1.4,0.8
129,7.5979e+29,7.5077e+29,0.0000e+00,2.1300e+27,6.8900e+27,6.6752e+29,8.3250e+28,0.0000e+00,0.0000e+00,1.6100e+27,5.2000e+26,3.6200e+27,3.2700e+27,1.2329e+29,0.0000e+00,6.4775e+08,1.6876e+06,0.0000e+00,0.0000e+00,8.7156e+06,2.3011e+05,3.5890e+05,3.5674e+05,98.8,0.0,0.3,0.9,7.5903e+29,7.4298e+29,1.0260e+28,5.7900e+27,6.1417e+27,0.0000e+00,97.9,1.4,0.8
130,7.7864e+29,7.6953e+29,0.0000e+00,2.0600e+27,7.0500e+27,6.8796e+29,8.1570e+28,0.0000e+00,0.0000e+00,1.5100e+27,5.5000e+26,3.4700e+27,3.5800e+27,1.2951e+29,0.0000e+00,6.4454e+08,1.1321e+06,0.0000e+00,0.0000e+00,8.6242e+06,2.3212e+05,3.5673e+05,3.5462e+05,98.8,0.0,0.3,0.9,7.7806e+29,7.6175e+29,1.0540e+28,5.7700e+27,6.0372e+27,0.0000e+00,97.9,1.4,0.7
131,7.9310e+29,7.8403e+29,0.0000e+00,2.0500e+27,7.0200e+27,7.0412e+29,7.9910e+28,0.0000e+00,0.0000e+00,1.4100e+27,6.4000e+26,3.4800e+27,3.5400e+27,1.2688e+29,0.0000e+00,6.4042e+08,5.3546e+05,0.0000e+00,0.0000e+00,8.4560e+06,2.3226e+05,3.5461e+05,3.5253e+05,98.9,0.0,0.3,0.9,7.9391e+29,7.7774e+29,1.0740e+28,5.4300e+27,5.9583e+27,0.0000e+00,98.0,1.4,0.7
132,8.0021e+29,7.9103e+29,0.0000e+00,2.0600e+27,7.1200e+27,7.1046e+29,8.0570e+28,0.0000e+00,0.0000e+00,1.4100e+27,6.5000e+26,3.3000e+27,3.8200e+27,1.1450e+29,0.0000e+00,6.3613e+08,2.0953e+03,0.0000e+00,0.0000e+00,1.1356e+07,2.1638e+05,3.5252e+05,3.5047e+05,98.9,0.0,0.3,0.9,7.9987e+29,7.8370e+29,1.0910e+28,5.2600e+27,5.8813e+27,0.0000e+00,98.0,1.4,0.7
133,8.1788e+29,8.0844e+29,0.0000e+00,2.2400e+27,7.2000e+27,7.2200e+29,8.6440e+28,0.0000e+00,0.0000e+00,1.5300e+27,7.1000e+26,3.6400e+27,3.5600e+27,1.1458e+29,0.0000e+00,6.3127e+08,1.6757e+06,0.0000e+00,0.0000e+00,1.1311e+07,2.0513e+05,3.5047e+05,3.4846e+05,98.8,0.0,0.3,0.9,8.1781e+29,8.0075e+29,1.1650e+28,5.4100e+27,5.8062e+27,0.0000e+00,97.9,1.4,0.7
134,8.3484e+29,8.2529e+29,0.0000e+00,2.4600e+27,7.0900e+27,7.3998e+29,8.5310e+28,0.0000e+00,0.0000e+00,1.7900e+27,6.7000e+26,3.7200e+27,3.3700e+27,1.1830e+29,0.0000e+00,6.2872e+08,1.8480e+06,0.0000e+00,0.0000e+00,1.1174e+07,2.1056e+05,3.4845e+05,3.4648e+05,98.9,0.0,0.3,0.8,8.3488e+29,8.1837e+29,1.1550e+28,4.9600e+27,5.7122e+27,0.0000e+00,98.0,1.4,0.6
135,8.5208e+29,8.4263e+29,0.0000e+00,2.5100e+27,6.9400e+27,7.5830e+29,8.4330e+28,0.0000e+00,0.0000e+00,1.8500e+27,6.6000e+26,3.4700e+27,3.4700e+27,1.2446e+29,0.0000e+00,6.2375e+08,1.3295e+06,0.0000e+00,0.0000e+00,1.1219e+07,2.2134e+05,3.4648e+05,3.4455e+05,98.9,0.0,0.3,0.8,8.5159e+29,8.3573e+29,1.0610e+28,5.2500e+27,5.6418e+27,0.0000e+00,98.1,1.2,0.6
136,8.6330e+29,8.5419e+29,0.0000e+00,2.1200e+27,6.9900e+27,7.7223e+29,8.1960e+28,0.0000e+00,0.0000e+00,1.6400e+27,4.8000e+26,3.6500e+27,3.3400e+27,1.2596e+29,0.0000e+00,6.1864e+08,7.3652e+05,0.0000e+00,0.0000e+00,1.1170e+07,2.2008e+05,3.4454e+05,3.4265e+05,98.9,0.0,0.2,0.8,8.6366e+29,8.4723e+29,1.1520e+28,4.9100e+27,5.5532e+27,0.0000e+00,98.1,1.3,0.6
137,8.8096e+29,8.7112e+29,0.0000e+00,2.7600e+27,7.0800e+27,7.8927e+29,8.1850e+28,0.0000e+00,0.0000e+00,1.8900e+27,8.7000e+26,3.2800e+27,3.8000e+27,1.1399e+29,0.0000e+00,6.1343e+08,1.1389e+05,0.0000e+00,0.0000e+00,1.0827e+07,2.0839e+05,3.4265e+05,3.4080e+05,98.9,0.0,0.3,0.8,8.7925e+29,8.6331e+29,1.1340e+28,4.6000e+27,5.4875e+27,0.0000e+00,98.2,1.3,0.5
138,8.9697e+29,8.8707e+29,0.0000e+00,2.8200e+27,7.0800e+27,7.9833e+29,8.8740e+28,0.0000e+00,0.0000e+00,2.0900e+27,7.3000e+26,3.5800e+27,3.5000e+27,1.0944e+29,0.0000e+00,6.0828e+08,1.6261e+02,0.0000e+00,0.0000e+00,1.4913e+07,2.1087e+05,3.4079e+05,3.3899e+05,98.9,0.0,0.3,0.8,8.9690e+29,8.8052e+29,1.1750e+28,4.6300e+27,5.4043e+27,0.0000e+00,98.2,1.3,0.5
139,9.1069e+29,9.0070e+29,0.0000e+00,2.9200e+27,7.0700e+27,8.1009e+29,9.0610e+28,0.0000e+00,0.0000e+00,2.3100e+27,6.1000e+26,3.5600e+27,3.5100e+27,1.1404e+29,0.0000e+00,6.0084e+08,1.7179e+06,0.0000e+00,0.0000e+00,1.4736e+07,1.9376e+05,3.3898e+05,3.3721e+05,98.9,0.0,0.3,0.8,9.1091e+29,8.9337e+29,1.2900e+28,4.6400e+27,5.3431e+27,0.0000e+00,98.1,1.4,0.5
140,9.3155e+29,9.2109e+29,0.0000e+00,3.3800e+27,7.0800e+27,8.3134e+29,8.9750e+28,0.0000e+00,0.0000e+00,2.6000e+27,7.8000e+26,3.6600e+27,3.4200e+27,1.1667e+29,0.0000e+00,5.9364e+08,1.2202e+06,0.0000e+00,0.0000e+00,1.4542e+07,2.0195e+05,3.3720e+05,3.3547e+05,98.9,0.0,0.4,0.8,9.3088e+29,9.1368e+29,1.2710e+28,4.4900e+27,5.2838e+27,0.0000e+00,98.2,1.4,0.5
141,9.4847e+29,9.3861e+29,0.0000e+00,2.8600e+27,7.0000e+27,8.4941e+29,8.9200e+28,0.0000e+00,0.0000e+00,1.9800e+27,8.8000e+26,3.6400e+27,3.3600e+27,1.2221e+29,0.0000e+00,5.8542e+08,6.8774e+05,0.0000e+00,0.0000e+00,1.4040e+07,1.9508e+05,3.3547e+05,3.3378e+05,99.0,0.0,0.3,0.7,9.4893e+29,9.3225e+29,1.1970e+28,4.7100e+27,5.2081e+27,0.0000e+00,98.2,1.3,0.5
142,9.6573e+29,9.5573e+29,0.0000e+00,3.1500e+27,6.8500e+27,8.6573e+29,9.0000e+28,0.0000e+00,0.0000e+00,2.4500e+27,7.0000e+26,3.5000e+27,3.3500e+27,1.1168e+29,0.0000e+00,5.8242e+08,1.3969e+05,0.0000e+00,0.0000e+00,1.3730e+07,1.9923e+05,3.3378e+05,3.3213e+05,99.0,0.0,0.3,0.7,9.6483e+29,9.4695e+29,1.3320e+28,4.5600e+27,5.1532e+27,0.0000e+00,98.1,1.4,0.5
143,9.8635e+29,9.7552e+29,0.0000e+00,3.6400e+27,7.1900e+27,8.7926e+29,9.6260e+28,0.0000e+00,0.0000e+00,2.6100e+27,1.0300e+27,3.5800e+27,3.6100e+27,1.0617e+29,0.0000e+00,5.8518e+08,2.3791e+02,0.0000e+00,0.0000e+00,2.0720e+07,2.1568e+05,3.3212e+05,3.3052e+05,98.9,0.0,0.4,0.7,9.8573e+29,9.6782e+29,1.3840e+28,4.0700e+27,5.0825e+27,0.0000e+00,98.2,1.4,0.4
144,1.0061e+30,9.9460e+29,0.0000e+00,4.4900e+27,7.0400e+27,8.9462e+29,9.9980e+28,0.0000e+00,0.0000e+00,3.5100e+27,9.8000e+26,3.5300e+27,3.5100e+27,1.0965e+29,0.0000e+00,5.8712e+08,1.6331e+06,0.0000e+00,0.0000e+00,2.0221e+07,2.0518e+05,3.3051e+05,3.2895e+05,98.9,0.0,0.4,0.7,1.0059e+30,9.8831e+29,1.3280e+28,4.2800e+27,5.0146e+27,0.0000e+00,98.3,1.3,0.4
145,1.0172e+30,1.0060e+30,0.0000e+00,4.3400e+27,6.9000e+27,9.0778e+29,9.8200e+28,0.0000e+00,0.0000e+00,3.3200e+27,1.0200e+27,3.6700e+27,3.2300e+27,1.1386e+29,0.0000e+00,5.8823e+08,1.1416e+06,0.0000e+00,0.0000e+00,1.9677e+07,2.0546e+05,3.2895e+05,3.2742e+05,98.9,0.0,0.4,0.7,1.0160e+30,9.9809e+29,1.4090e+28,3.8500e+27,4.9666e+27,0.0000e+00,98.2,1.4,0.4
146,1.0351e+30,1.0243e+30,0.0000e+00,3.7900e+27,6.9800e+27,9.2496e+29,9.9350e+28,0.0000e+00,0.0000e+00,2.8800e+27,9.1000e+26,3.9500e+27,3.0300e+27,1.1525e+29,0.0000e+00,5.8939e+08,5.9899e+05,0.0000e+00,0.0000e+00,1.9154e+07,2.2093e+05,3.2742e+05,3.2594e+05,99.0,0.0,0.4,0.7,1.0356e+30,1.0174e+30,1.3960e+28,4.2400e+27,4.9036e+27,0.0000e+00,98.2,1.3,0.4
147,1.0657e+30,1.0542e+30,0.0000e+00,4.4400e+27,7.0900e+27,9.5616e+29,9.8020e+28,0.0000e+00,0.0000e+00,3.3900e+27,1.0500e+27,3.7900e+27,3.3000e+27,1.0486e+29,0.0000e+00,5.9006e+08,2.9891e+04,0.0000e+00,0.0000e+00,1.8447e+07,2.1118e+05,3.2594e+05,3.2450e+05,98.9,0.0,0.4,0.7,1.0662e+30,1.0481e+30,1.4370e+28,3.6700e+27,4.8598e+27,0.0000e+00,98.3,1.3,0.3
148,1.0823e+30,1.0706e+30,0.0000e+00,4.8100e+27,6.9100e+27,9.5912e+29,1.1148e+29,0.0000e+00,0.0000e+00,3.8500e+27,9.6000e+26,3.4300e+27,3.4800e+27,1.0496e+29,0.0000e+00,5.9044e+08,3.1388e+02,0.0000e+00,0.0000e+00,2.7152e+07,2.2608e+05,3.2449e+05,3.2310e+05,98.9,0.0,0.4,0.6,1.0808e+30,1.0628e+30,1.4550e+28,3.3800e+27,4.8015e+27,0.0000e+00,98.3,1.3,0.3
149,1.0985e+30,1.0869e+30,0.0000e+00,4.6500e+27,6.9500e+27,9.7672e+29,1.1018e+29,0.0000e+00,0.0000e+00,3.7000e+27,9.5000e+26,3.2000e+27,3.7500e+27,1.0622e+29,0.0000e+00,5.9007e+08,1.3310e+06,0.0000e+00,0.0000e+00,2.6267e+07,2.4385e+05,3.2309e+05,3.2174e+05,98.9,0.0,0.4,0.6,1.0988e+30,1.0808e+30,1.4900e+28,3.1000e+27,4.7457e+27,0.0000e+00,98.4,1.4,0.3
150,1.1234e+30,1.1114e+30,0.0000e+00,4.9700e+27,7.0100e+27,9.9918e+29,1.1226e+29,0.0000e+00,0.0000e+00,3.9300e+27,1.0400e+27,3.5600e+27,3.4500e+27,1.1241e+29,0.0000e+00,5.9007e+08,8.6650e+05,0.0000e+00,0.0000e+00,2.5311e+07,2.4282e+05,3.2174e+05,3.2043e+05,98.9,0.0,0.4,0.6,1.1228e+30,1.1049e+30,1.4960e+28,2.9500e+27,4.7084e+27,0.0000e+00,98.4,1.3,0.3
151,1.1384e+30,1.1263e+30,0.0000e+00,5.0300e+27,7.0000e+27,1.0133e+30,1.1300e+29,0.0000e+00,0.0000e+00,3.7700e+27,1.2600e+27,3.7200e+27,3.2800e+27,1.1029e+29,0.0000e+00,5.8941e+08,3.6577e+05,0.0000e+00,0.0000e+00,2.4375e+07,2.3657e+05,3.2042e+05,3.1916e+05,98.9,0.0,0.4,0.6,1.1383e+30,1.1194e+30,1.5490e+28,3.4200e+27,4.6416e+27,0.0000e+00,98.3,1.4,0.3
152,1.1587e+30,1.1462e+30,0.0000e+00,5.4900e+27,7.0200e+27,1.0297e+30,1.1654e+29,0.0000e+00,0.0000e+00,4.3100e+27,1.1800e+27,3.7100e+27,3.3100e+27,1.0168e+29,0.0000e+00,5.8765e+08,5.8304e+02,0.0000e+00,0.0000e+00,2.8178e+07,2.4897e+05,3.1916e+05,3.1794e+05,98.9,0.0,0.5,0.6,1.1579e+30,1.1391e+30,1.6120e+28,2.6800e+27,4.6087e+27,0.0000e+00,98.4,1.4,0.2
153,1.1845e+30,1.1710e+30,0.0000e+00,6.3400e+27,7.1100e+27,1.0402e+30,1.3081e+29,0.0000e+00,0.0000e+00,4.8400e+27,1.5000e+27,3.5000e+27,3.6100e+27,1.0242e+29,0.0000e+00,5.8773e+08,1.6343e+06,0.0000e+00,0.0000e+00,2.7869e+07,2.4702e+05,3.1793e+05,3.1675e+05,98.9,0.0,0.5,0.6,1.1837e+30,1.1650e+30,1.5510e+28,3.2100e+27,4.5777e+27,0.0000e+00,98.4,1.3,0.3
154,1.1997e+30,1.1866e+30,0.0000e+00,6.1800e+27,6.9500e+27,1.0568e+30,1.2971e+29,0.0000e+00,0.0000e+00,4.6500e+27,1.5300e+27,3.6100e+27,3.3400e+27,1.0475e+29,0.0000e+00,5.8636e+08,1.1085e+06,0.0000e+00,0.0000e+00,2.6980e+07,2.7088e+05,3.1674e+05,3.1561e+05,98.9,0.0,0.5,0.6,1.1999e+30,1.1810e+30,1.6170e+28,2.7500e+27,4.5183e+27,0.0000e+00,98.4,1.3,0.2
155,1.2201e+30,1.2067e+30,0.0000e+00,6.4600e+27,6.9700e+27,1.0760e+30,1.3067e+29,0.0000e+00,0.0000e+00,5.0600e+27,1.4000e+27,3.5000e+27,3.4700e+27,1.0840e+29,0.0000e+00,5.8339e+08,5.9954e+05,0.0000e+00,0.0000e+00,2.6250e+07,2.8187e+05,3.1561e+05,3.1452e+05,98.9,0.0,0.5,0.6,1.2197e+30,1.2010e+30,1.6300e+28,2.4200e+27,4.4768e+27,0.0000e+00,98.5,1.3,0.2
156,1.2489e+30,1.2362e+30,0.0000e+00,5.7500e+27,6.9900e+27,1.1033e+30,1.3290e+29,0.0000e+00,0.0000e+00,4.5000e+27,1.2500e+27,3.5700e+27,3.4200e+27,1.0193e+29,0.0000e+00,5.8089e+08,6.6346e+04,0.0000e+00,0.0000e+00,2.5446e+07,2.8607e+05,3.1451e+05,3.1346e+05,99.0,0.0,0.5,0.6,1.2485e+30,1.2292e+30,1.6970e+28,2.3500e+27,4.4523e+27,0.0000e+00,98.5,1.4,0.2
157,1.2634e+30,1.2485e+30,0.0000e+00,7.7800e+27,7.0600e+27,1.0958e+30,1.5273e+29,0.0000e+00,0.0000e+00,5.9500e+27,1.8300e+27,3.6600e+27,3.4000e+27,9.7410e+28,0.0000e+00,5.7933e+08,4.2438e+02,0.0000e+00,0.0000e+00,2.9241e+07,2.7753e+05,3.1346e+05,3.1245e+05,98.8,0.0,0.6,0.6,1.2627e+30,1.2431e+30,1.7220e+28,2.4200e+27,4.4150e+27,0.0000e+00,98.4,1.4,0.2
158,1.2862e+30,1.2718e+30,0.0000e+00,7.5100e+27,6.9400e+27,1.1165e+30,1.5525e+29,0.0000e+00,0.0000e+00,6.0100e+27,1.5000e+27,3.4800e+27,3.4600e+27,9.9590e+28,0.0000e+00,5.7608e+08,1.2899e+06,0.0000e+00,0.0000e+00,2.8179e+07,2.7649e+05,3.1245e+05,3.1149e+05,98.9,0.0,0.6,0.5,1.2853e+30,1.2648e+30,1.7900e+28,2.5400e+27,4.3656e+27,0.0000e+00,98.4,1.4,0.2
159,1.3094e+30,1.2950e+30,0.0000e+00,7.2100e+27,7.1800e+27,1.1366e+30,1.5843e+29,0.0000e+00,0.0000e+00,5.5500e+27,1.6600e+27,3.8100e+27,3.3700e+27,1.0494e+29,0.0000e+00,5.7398e+08,7.9170e+05,0.0000e+00,0.0000e+00,2.7312e+07,2.7748e+05,3.1149e+05,3.1057e+05,98.9,0.0,0.6,0.5,1.3094e+30,1.2890e+30,1.8190e+28,2.2500e+27,4.3474e+27,0.0000e+00,98.4,1.4,0.2
160,1.3245e+30,1.3101e+30,0.0000e+00,7.3300e+27,7.1000e+27,1.1515e+30,1.5858e+29,0.0000e+00,0.0000e+00,5.5200e+27,1.8100e+27,3.4100e+27,3.6900e+27,1.0113e+29,0.0000e+00,5.7116e+08,2.5178e+05,0.0000e+00,0.0000e+00,2.6430e+07,3.1669e+05,3.1057e+05,3.0969e+05,98.9,0.0,0.6,0.5,1.3244e+30,1.3041e+30,1.8300e+28,2.0400e+27,4.3028e+27,0.0000e+00,98.5,1.4,0.2
161,1.3473e+30,1.3321e+30,0.0000e+00,8.1600e+27,7.0000e+27,1.1589e+30,1.7319e+29,0.0000e+00,0.0000e+00,6.5500e+27,1.6100e+27,3.3100e+27,3.6900e+27,9.5120e+28,0.0000e+00,5.6747e+08,1.1028e+03,0.0000e+00,0.0000e+00,2.9548e+07,3.2149e+05,3.0969e+05,3.0886e+05,98.9,0.0,0.6,0.5,1.3474e+30,1.3272e+30,1.8290e+28,1.8800e+27,4.2747e+27,0.0000e+00,98.5,1.4,0.1
162,1.3784e+30,1.3628e+30,0.0000e+00,8.6700e+27,6.9900e+27,1.1694e+30,1.9341e+29,0.0000e+00,0.0000e+00,6.8200e+27,1.8500e+27,3.4600e+27,3.5300e+27,9.6680e+28,0.0000e+00,5.6462e+08,1.4088e+06,0.0000e+00,0.0000e+00,2.9046e+07,3.6110e+05,3.0886e+05,3.0808e+05,98.9,0.0,0.6,0.5,1.3771e+30,1.3553e+30,1.9640e+28,2.1300e+27,4.2627e+27,0.0000e+00,98.4,1.4,0.2
163,1.4026e+30,1.3868e+30,0.0000e+00,8.8800e+27,6.9900e+27,1.1934e+30,1.9335e+29,0.0000e+00,0.0000e+00,6.7400e+27,2.1400e+27,3.7500e+27,3.2400e+27,1.0298e+29,0.0000e+00,5.6075e+08,8.9417e+05,0.0000e+00,0.0000e+00,2.8125e+07,3.6903e+05,3.0807e+05,3.0733e+05,98.9,0.0,0.6,0.5,1.4029e+30,1.3817e+30,1.9270e+28,1.9300e+27,4.2250e+27,0.0000e+00,98.5,1.4,0.1
164,1.4056e+30,1.3899e+30,0.0000e+00,8.7100e+27,7.0000e+27,1.2021e+30,1.8777e+29,0.0000e+00,0.0000e+00,6.5500e+27,2.1600e+27,3.2200e+27,3.7800e+27,1.0036e+29,0.0000e+00,5.5759e+08,3.8248e+05,0.0000e+00,0.0000e+00,2.7241e+07,3.5742e+05,3.0733e+05,3.0664e+05,98.9,0.0,0.6,0.5,1.4047e+30,1.3822e+30,2.0660e+28,1.8100e+27,4.1898e+27,0.0000e+00,98.4,1.5,0.1
165,1.4308e+30,1.4146e+30,0.0000e+00,9.0400e+27,7.2000e+27,1.2127e+30,2.0187e+29,0.0000e+00,0.0000e+00,6.7400e+27,2.3000e+27,3.9300e+27,3.2700e+27,9.2660e+28,0.0000e+00,5.5418e+08,7.4190e+02,0.0000e+00,0.0000e+00,3.0219e+07,3.6702e+05,3.0664e+05,3.0598e+05,98.9,0.0,0.6,0.5,1.4304e+30,1.4092e+30,1.9600e+28,1.6000e+27,4.1840e+27,0.0000e+00,98.5,1.4,0.1
166,1.4474e+30,1.4305e+30,0.0000e+00,9.9200e+27,6.9700e+27,1.2053e+30,2.2521e+29,0.0000e+00,0.0000e+00,7.5700e+27,2.3500e+27,3.3900e+27,3.5800e+27,9.3540e+28,0.0000e+00,5.5216e+08,1.5382e+06,0.0000e+00,0.0000e+00,2.9919e+07,4.1446e+05,3.0598e+05,3.0537e+05,98.8,0.0,0.7,0.5,1.4471e+30,1.4248e+30,2.0380e+28,1.9200e+27,4.1533e+27,0.0000e+00,98.5,1.4,0.1
167,1.4694e+30,1.4522e+30,0.0000e+00,9.9700e+27,7.1800e+27,1.2251e+30,2.2713e+29,0.0000e+00,0.0000e+00,7.5400e+27,2.4300e+27,3.6000e+27,3.5800e+27,9.7420e+28,0.0000e+00,5.4985e+08,1.0020e+06,0.0000e+00,0.0000e+00,2.8744e+07,4.3655e+05,3.0537e+05,3.0481e+05,98.8,0.0,0.7,0.5,1.4693e+30,1.4479e+30,1.9450e+28,1.9400e+27,4.1382e+27,0.0000e+00,98.5,1.3,0.1
168,1.4886e+30,1.4720e+30,0.0000e+00,9.5100e+27,7.0300e+27,1.2428e+30,2.2924e+29,0.0000e+00,0.0000e+00,7.1100e+27,2.4000e+27,3.5000e+27,3.5300e+27,1.0017e+29,0.0000e+00,5.4659e+08,4.7626e+05,0.0000e+00,0.0000e+00,2.8033e+07,4.5302e+05,3.0481e+05,3.0429e+05,98.9,0.0,0.6,0.5,1.4880e+30,1.4658e+30,2.0430e+28,1.8000e+27,4.1120e+27,0.0000e+00,98.5,1.4,0.1
169,1.5156e+30,1.4984e+30,0.0000e+00,1.0220e+28,6.9600e+27,1.2630e+30,2.3547e+29,0.0000e+00,0.0000e+00,7.5400e+27,2.6800e+27,3.7300e+27,3.2300e+27,9.1600e+28,0.0000e+00,5.4391e+08,2.0505e+02,0.0000e+00,0.0000e+00,3.0319e+07,4.5826e+05,3.0429e+05,3.0382e+05,98.9,0.0,0.7,0.5,1.5147e+30,1.4917e+30,2.1410e+28,1.6000e+27,4.1013e+27,0.0000e+00,98.5,1.4,0.1
170,1.5289e+30,1.5111e+30,0.0000e+00,1.0630e+28,7.1700e+27,1.2389e+30,2.7220e+29,0.0000e+00,0.0000e+00,8.0000e+27,2.6300e+27,3.6500e+27,3.5200e+27,9.0600e+28,0.0000e+00,5.3929e+08,7.9735e+05,0.0000e+00,0.0000e+00,3.0077e+07,4.9941e+05,3.0382e+05,3.0339e+05,98.8,0.0,0.7,0.5,1.5281e+30,1.5063e+30,2.0210e+28,1.6100e+27,4.0795e+27,0.0000e+00,98.6,1.3,0.1
171,1.5502e+30,1.5319e+30,0.0000e+00,1.1210e+28,7.0500e+27,1.2575e+30,2.7441e+29,0.0000e+00,0.0000e+00,8.1100e+27,3.1000e+27,3.6000e+27,3.4500e+27,9.4780e+28,0.0000e+00,5.3361e+08,1.0043e+06,0.0000e+00,0.0000e+00,2.9265e+07,4.8552e+05,3.0339e+05,3.0301e+05,98.8,0.0,0.7,0.5,1.5513e+30,1.5277e+30,2.1460e+28,2.0900e+27,4.0731e+27,0.0000e+00,98.5,1.4,0.1
172,1.5625e+30,1.5445e+30,0.0000e+00,1.0890e+28,7.0900e+27,1.2703e+30,2.7418e+29,0.0000e+00,0.0000e+00,8.1600e+27,2.7300e+27,3.6300e+27,3.4600e+27,9.7410e+28,0.0000e+00,5.2877e+08,5.3274e+05,0.0000e+00,0.0000e+00,2.8193e+07,5.1061e+05,3.0301e+05,3.0267e+05,98.8,0.0,0.7,0.5,1.5612e+30,1.5385e+30,2.1000e+28,1.7500e+27,4.0557e+27,0.0000e+00,98.5,1.3,0.1
173,1.5864e+30,1.5690e+30,0.0000e+00,1.0340e+28,7.0300e+27,1.2923e+30,2.7664e+29,0.0000e+00,0.0000e+00,7.3500e+27,2.9900e+27,3.3800e+27,3.6500e+27,9.2100e+28,0.0000e+00,5.2467e+08,1.5593e+03,0.0000e+00,0.0000e+00,3.0659e+07,5.4540e+05,3.0267e+05,3.0237e+05,98.9,0.0,0.7,0.4,1.5864e+30,1.5628e+30,2.1880e+28,1.6600e+27,4.0535e+27,0.0000e+00,98.5,1.4,0.1
174,1.5996e+30,1.5803e+30,0.0000e+00,1.2420e+28,6.8800e+27,1.2600e+30,3.2027e+29,0.0000e+00,0.0000e+00,8.8800e+27,3.5400e+27,3.3800e+27,3.5000e+27,8.8290e+28,0.0000e+00,5.1953e+08,2.2316e+05,0.0000e+00,0.0000e+00,3.0643e+07,5.9971e+05,3.0237e+05,3.0213e+05,98.8,0.0,0.8,0.4,1.5999e+30,1.5757e+30,2.2040e+28,2.0900e+27,4.0405e+27,0.0000e+00,98.5,1.4,0.1
175,1.6162e+30,1.5974e+30,0.0000e+00,1.1820e+28,6.9900e+27,1.2780e+30,3.1937e+29,0.0000e+00,0.0000e+00,8.8500e+27,2.9700e+27,3.3700e+27,3.6200e+27,9.0600e+28,0.0000e+00,5.1466e+08,1.2933e+06,0.0000e+00,0.0000e+00,2.9610e+07,6.3112e+05,3.0213e+05,3.0192e+05,98.8,0.0,0.7,0.4,1.6167e+30,1.5928e+30,2.2080e+28,1.8800e+27,4.0297e+27,0.0000e+00,98.5,1.4,0.1
176,1.6343e+30,1.6153e+30,0.0000e+00,1.1950e+28,6.9900e+27,1.2976e+30,3.1772e+29,0.0000e+00,0.0000e+00,8.4100e+27,3.5400e+27,3.6400e+27,3.3500e+27,9.6370e+28,0.0000e+00,5.0895e+08,6.8463e+05,0.0000e+00,0.0000e+00,2.8647e+07,6.6195e+05,3.0192e+05,3.0176e+05,98.8,0.0,0.7,0.4,1.6321e+30,1.6086e+30,2.1770e+28,1.7800e+27,4.0211e+27,0.0000e+00,98.6,1.3,0.1
177,1.6465e+30,1.6271e+30,0.0000e+00,1.2320e+28,7.1000e+27,1.3075e+30,3.1960e+29,0.0000e+00,0.0000e+00,8.8500e+27,3.4700e+27,3.5300e+27,3.5700e+27,8.9820e+28,0.0000e+00,5.0384e+08,2.7332e+04,0.0000e+00,0.0000e+00,2.7845e+07,7.1132e+05,3.0176e+05,3.0165e+05,98.8,0.0,0.7,0.4,1.6469e+30,1.6222e+30,2.2790e+28,1.9100e+27,4.0274e+27,0.0000e+00,98.5,1.4,0.1
178,1.6561e+30,1.6357e+30,0.0000e+00,1.3250e+28,7.0900e+27,1.2651e+30,3.7067e+29,0.0000e+00,0.0000e+00,9.2100e+27,4.0400e+27,3.3700e+27,3.7200e+27,8.6210e+28,0.0000e+00,5.0094e+08,1.0438e+03,0.0000e+00,0.0000e+00,3.0991e+07,7.3380e+05,3.0165e+05,3.0158e+05,98.8,0.0,0.8,0.4,1.6564e+30,1.6317e+30,2.2570e+28,2.0900e+27,4.0103e+27,0.0000e+00,98.5,1.4,0.1
179,1.6721e+30,1.6520e+30,0.0000e+00,1.2800e+28,7.2800e+27,1.2847e+30,3.6736e+29,0.0000e+00,0.0000e+00,8.9900e+27,3.8100e+27,3.8100e+27,3.4700e+27,8.9880e+28,0.0000e+00,5.0083e+08,1.2879e+06,0.0000e+00,0.0000e+00,3.0196e+07,7.5735e+05,3.0158e+05,3.0156e+05,98.8,0.0,0.8,0.4,1.6711e+30,1.6465e+30,2.2490e+28,2.1900e+27,4.0210e+27,0.0000e+00,98.5,1.3,0.1
180,1.6747e+30,1.6544e+30,0.0000e+00,1.3100e+28,7.1700e+27,1.2880e+30,3.6647e+29,0.0000e+00,0.0000e+00,9.2700e+27,3.8300e+27,3.6100e+27,3.5600e+27,9.1970e+28,0.0000e+00,4.9908e+08,6.9154e+05,0.0000e+00,0.0000e+00,2.9055e+07,7.7080e+05,3.0158e+05,3.0156e+05,98.8,0.0,0.8,0.4,1.6742e+30,1.6488e+30,2.3370e+28,2.0800e+27,4.0081e+27,0.0000e+00,98.5,1.4,0.1
181,1.7033e+30,1.6833e+30,0.0000e+00,1.2770e+28,7.2800e+27,1.3137e+30,3.6957e+29,0.0000e+00,0.0000e+00,8.8700e+27,3.9000e+27,3.6600e+27,3.6200e+27,8.8690e+28,0.0000e+00,4.9682e+08,7.4857e+04,0.0000e+00,0.0000e+00,2.8402e+07,7.6065e+05,3.0165e+05,3.0158e+05,98.8,0.0,0.7,0.4,1.7028e+30,1.6782e+30,2.2620e+28,2.0100e+27,4.0231e+27,0.0000e+00,98.6,1.3,0.1
182,1.6928e+30,1.6718e+30,0.0000e+00,1.3950e+28,7.0100e+27,1.2618e+30,4.1004e+29,0.0000e+00,0.0000e+00,9.7100e+27,4.2400e+27,3.4600e+27,3.5500e+27,8.3710e+28,0.0000e+00,4.9528e+08,1.7228e+03,0.0000e+00,0.0000e+00,3.0272e+07,7.7376e+05,3.0176e+05,3.0165e+05,98.8,0.0,0.8,0.4,1.6943e+30,1.6691e+30,2.3100e+28,2.0400e+27,4.0146e+27,0.0000e+00,98.5,1.4,0.1
183,1.7081e+30,1.6880e+30,0.0000e+00,1.3120e+28,7.0200e+27,1.2746e+30,4.1335e+29,0.0000e+00,0.0000e+00,9.2700e+27,3.8500e+27,3.1400e+27,3.8800e+27,8.7390e+28,0.0000e+00,4.9455e+08,1.6855e+06,0.0000e+00,0.0000e+00,2.9613e+07,9.2512e+05,3.0192e+05,3.0176e+05,98.8,0.0,0.8,0.4,1.7061e+30,1.6811e+30,2.2960e+28,2.0500e+27,4.0211e+27,0.0000e+00,98.5,1.3,0.1
184,1.7236e+30,1.7032e+30,0.0000e+00,1.3410e+28,7.0300e+27,1.2890e+30,4.1424e+29,0.0000e+00,0.0000e+00,9.0900e+27,4.3200e+27,3.3300e+27,3.7000e+27,9.0530e+28,0.0000e+00,4.9463e+08,9.5007e+05,0.0000e+00,0.0000e+00,2.8723e+07,9.2181e+05,3.0213e+05,3.0192e+05,98.8,0.0,0.8,0.4,1.7227e+30,1.6975e+30,2.3300e+28,1.9400e+27,4.0426e+27,0.0000e+00,98.5,1.4,0.1
185,1.7275e+30,1.7068e+30,0.0000e+00,1.3600e+28,7.1300e+27,1.3015e+30,4.0527e+29,0.0000e+00,0.0000e+00,9.3500e+27,4.2500e+27,3.5300e+27,3.6000e+27,8.8100e+28,0.0000e+00,4.9085e+08,1.6298e+05,0.0000e+00,0.0000e+00,2.7947e+07,8.9496e+05,3.0237e+05,3.0213e+05,98.8,0.0,0.8,0.4,1.7289e+30,1.7036e+30,2.3360e+28,1.9900e+27,4.0276e+27,0.0000e+00,98.5,1.4,0.1
186,1.7413e+30,1.7197e+30,0.0000e+00,1.4670e+28,6.9700e+27,1.2643e+30,4.5543e+29,0.0000e+00,0.0000e+00,1.0040e+28,4.6300e+27,3.5200e+27,3.4500e+27,8.5520e+28,0.0000e+00,4.8814e+08,1.4455e+03,0.0000e+00,0.0000e+00,2.9951e+07,8.9814e+05,3.0267e+05,3.0237e+05,98.8,0.0,0.8,0.4,1.7411e+30,1.7140e+30,2.5080e+28,2.0200e+27,4.0535e+27,0.0000e+00,98.4,1.4,0.1
187,1.7545e+30,1.7332e+30,0.0000e+00,1.4240e+28,7.0000e+27,1.2627e+30,4.7054e+29,0.0000e+00,0.0000e+00,9.5900e+27,4.6500e+27,3.5500e+27,3.4500e+27,8.5770e+28,0.0000e+00,4.8813e+08,2.0238e+06,0.0000e+00,0.0000e+00,2.9290e+07,1.0266e+06,3.0301e+05,3.0267e+05,98.8,0.0,0.8,0.4,1.7531e+30,1.7273e+30,2.3610e+28,2.2400e+27,4.0557e+27,0.0000e+00,98.5,1.3,0.1
188,1.7610e+30,1.7405e+30,0.0000e+00,1.3490e+28,7.0900e+27,1.2790e+30,4.6143e+29,0.0000e+00,0.0000e+00,9.2900e+27,4.2000e+27,3.5500e+27,3.5400e+27,9.1080e+28,0.0000e+00,4.8695e+08,1.1643e+06,0.0000e+00,0.0000e+00,2.8577e+07,1.0379e+06,3.0339e+05,3.0301e+05,98.8,0.0,0.8,0.4,1.7614e+30,1.7353e+30,2.4020e+28,2.0900e+27,4.0731e+27,0.0000e+00,98.5,1.4,0.1
189,1.7523e+30,1.7317e+30,0.0000e+00,1.3660e+28,6.9900e+27,1.2798e+30,4.5184e+29,0.0000e+00,0.0000e+00,9.3200e+27,4.3400e+27,3.6000e+27,3.3900e+27,8.6490e+28,0.0000e+00,4.8603e+08,2.8831e+05,0.0000e+00,0.0000e+00,2.7455e+07,1.0577e+06,3.0382e+05,3.0339e+05,98.8,0.0,0.8,0.4,1.7527e+30,1.7256e+30,2.4900e+28,2.1800e+27,4.0795e+27,0.0000e+00,98.5,1.4,0.1
190,1.7601e+30,1.7385e+30,0.0000e+00,1.4510e+28,7.0700e+27,1.2465e+30,4.9197e+29,0.0000e+00,0.0000e+00,9.8700e+27,4.6400e+27,3.5500e+27,3.5200e+27,8.1360e+28,0.0000e+00,4.8613e+08,1.4420e+03,0.0000e+00,0.0000e+00,2.9994e+07,1.0680e+06,3.0429e+05,3.0382e+05,98.8,0.0,0.8,0.4,1.7605e+30,1.7337e+30,2.4630e+28,2.1500e+27,4.1013e+27,0.0000e+00,98.5,1.4,0.1
191,1.7656e+30,1.7439e+30,0.0000e+00,1.4610e+28,7.1200e+27,1.2387e+30,5.0517e+29,0.0000e+00,0.0000e+00,9.8900e+27,4.7200e+27,3.6500e+27,3.4700e+27,8.2890e+28,0.0000e+00,4.8559e+08,2.3257e+06,0.0000e+00,0.0000e+00,2.9493e+07,1.1792e+06,3.0481e+05,3.0429e+05,98.8,0.0,0.8,0.4,1.7659e+30,1.7394e+30,2.4320e+28,2.2100e+27,4.1120e+27,0.0000e+00,98.5,1.4,0.1
192,1.7724e+30,1.7504e+30,0.0000e+00,1.4850e+28,7.1500e+27,1.2502e+30,5.0022e+29,0.0000e+00,0.0000e+00,9.7700e+27,5.0800e+27,3.9400e+27,3.2100e+27,8.7960e+28,0.0000e+00,4.8554e+08,1.4411e+06,0.0000e+00,0.0000e+00,2.8795e+07,1.1536e+06,3.0537e+05,3.0481e+05,98.8,0.0,0.8,0.4,1.7721e+30,1.7460e+30,2.3730e+28,2.3500e+27,4.1382e+27,0.0000e+00,98.5,1.3,0.1
193,1.7721e+30,1.7512e+30,0.0000e+00,1.3860e+28,7.0200e+27,1.2633e+30,4.8790e+29,0.0000e+00,0.0000e+00,8.8900e+27,4.9700e+27,3.4300e+27,3.5900e+27,8.7210e+28,0.0000e+00,4.8761e+08,4.7954e+05,0.0000e+00,0.0000e+00,2.7905e+07,1.1994e+06,3.0598e+05,3.0537e+05,98.8,0.0,0.8,0.4,1.7717e+30,1.7457e+30,2.3860e+28,2.1100e+27,4.1533e+27,0.0000e+00,98.5,1.3,0.1
194,1.7733e+30,1.7520e+30,0.0000e+00,1.4260e+28,6.9800e+27,1.2360e+30,5.1603e+29,0.0000e+00,0.0000e+00,9.1100e+27,5.1500e+27,3.6200e+27,3.3600e+27,8.2060e+28,0.0000e+00,4.8713e+08,1.6674e+03,0.0000e+00,0.0000e+00,2.9084e+07,1.1866e+06,3.0663e+05,3.0598e+05,98.8,0.0,0.8,0.4,1.7727e+30,1.7463e+30,2.4410e+28,2.0100e+27,4.1840e+27,0.0000e+00,98.5,1.4,0.1
195,1.7757e+30,1.7541e+30,0.0000e+00,1.4620e+28,7.0200e+27,1.2100e+30,5.4410e+29,0.0000e+00,0.0000e+00,9.5900e+27,5.0300e+27,3.5900e+27,3.4300e+27,8.4690e+28,0.0000e+00,4.8425e+08,2.5736e+06,0.0000e+00,0.0000e+00,2.8763e+07,1.3137e+06,3.0733e+05,3.0664e+05,98.8,0.0,0.8,0.4,1.7760e+30,1.7495e+30,2.4260e+28,2.2700e+27,4.2035e+27,0.0000e+00,98.5,1.4,0.1
196,1.7805e+30,1.7587e+30,0.0000e+00,1.4590e+28,7.1300e+27,1.2252e+30,5.3353e+29,0.0000e+00,0.0000e+00,9.5600e+27,5.0300e+27,3.7600e+27,3.3700e+27,8.8670e+28,0.0000e+00,4.8336e+08,2.0086e+06,0.0000e+00,0.0000e+00,2.8202e+07,1.3357e+06,3.0807e+05,3.0733e+05,98.8,0.0,0.8,0.4,1.7814e+30,1.7542e+30,2.4940e+28,2.3500e+27,4.2251e+27,0.0000e+00,98.5,1.4,0.1
197,1.7758e+30,1.7543e+30,0.0000e+00,1.4420e+28,7.0800e+27,1.2320e+30,5.2235e+29,0.0000e+00,0.0000e+00,9.4000e+27,5.0200e+27,3.7000e+27,3.3800e+27,8.8060e+28,0.0000e+00,4.8586e+08,8.6373e+05,0.0000e+00,0.0000e+00,2.7397e+07,1.2998e+06,3.0886e+05,3.0808e+05,98.8,0.0,0.8,0.4,1.7749e+30,1.7480e+30,2.4730e+28,2.1500e+27,4.2488e+27,0.0000e+00,98.5,1.4,0.1
198,1.7633e+30,1.7415e+30,0.0000e+00,1.4510e+28,7.2100e+27,1.2109e+30,5.3065e+29,0.0000e+00,0.0000e+00,8.9700e+27,5.5400e+27,3.4900e+27,3.7200e+27,8.0600e+28,0.0000e+00,4.8918e+08,3.0463e+03,0.0000e+00,0.0000e+00,2.9734e+07,1.3000e+06,3.0969e+05,3.0886e+05,98.8,0.0,0.8,0.4,1.7637e+30,1.7373e+30,2.4190e+28,2.2000e+27,4.2747e+27,0.0000e+00,98.5,1.4,0.1
199,1.7736e+30,1.7514e+30,0.0000e+00,1.5110e+28,7.0500e+27,1.1762e+30,5.7517e+29,0.0000e+00,0.0000e+00,9.6800e+27,5.4300e+27,3.3600e+27,3.6900e+27,8.1300e+28,0.0000e+00,4.8987e+08,1.4649e+06,0.0000e+00,0.0000e+00,2.9603e+07,1.3416e+06,3.1057e+05,3.0969e+05,98.8,0.0,0.9,0.4,1.7731e+30,1.7463e+30,2.4240e+28,2.5700e+27,4.3170e+27,0.0000e+00,98.5,1.4,0.1
200,1.7534e+30,1.7313e+30,0.0000e+00,1.4850e+28,7.1700e+27,1.1753e+30,5.5603e+29,0.0000e+00,0.0000e+00,9.1400e+27,5.7100e+27,3.5700e+27,3.6000e+27,8.5400e+28,0.0000e+00,4.9098e+08,2.7908e+06,0.0000e+00,0.0000e+00,2.8937e+07,1.3801e+06,3.1149e+05,3.1057e+05,98.7,0.0,0.8,0.4,1.7530e+30,1.7276e+30,2.3150e+28,2.2900e+27,4.3331e+27,0.0000e+00,98.5,1.3,0.1
201,1.7677e+30,1.7465e+30,0.0000e+00,1.4180e+28,7.0800e+27,1.1974e+30,5.4904e+29,0.0000e+00,0.0000e+00,8.4900e+27,5.6900e+27,3.6400e+27,3.4400e+27,9.0830e+28,0.0000e+00,4.9270e+08,1.4560e+06,0.0000e+00,0.0000e+00,2.8264e+07,1.3191e+06,3.1245e+05,3.1149e+05,98.8,0.0,0.8,0.4,1.7677e+30,1.7424e+30,2.2930e+28,2.4100e+27,4.3801e+27,0.0000e+00,98.6,1.3,0.1
202,1.7550e+30,1.7336e+30,0.0000e+00,1.4440e+28,6.9800e+27,1.2007e+30,5.3291e+29,0.0000e+00,0.0000e+00,8.9500e+27,5.4900e+27,3.4100e+27,3.5700e+27,8.4290e+28,0.0000e+00,4.9405e+08,7.0790e+04,0.0000e+00,0.0000e+00,2.7710e+07,1.3338e+06,3.1346e+05,3.1246e+05,98.8,0.0,0.8,0.4,1.7549e+30,1.7287e+30,2.3780e+28,2.3800e+27,4.4004e+27,0.0000e+00,98.5,1.4,0.1
203,1.7536e+30,1.7314e+30,0.0000e+00,1.5110e+28,7.0500e+27,1.1434e+30,5.8796e+29,0.0000e+00,0.0000e+00,9.5300e+27,5.5800e+27,3.7200e+27,3.3300e+27,8.2400e+28,0.0000e+00,4.9403e+08,3.4472e+03,0.0000e+00,0.0000e+00,3.0033e+07,1.3559e+06,3.1451e+05,3.1346e+05,98.7,0.0,0.9,0.4,1.7543e+30,1.7288e+30,2.3160e+28,2.3300e+27,4.4522e+27,0.0000e+00,98.5,1.3,0.1
204,1.7487e+30,1.7268e+30,0.0000e+00,1.4860e+28,7.0600e+27,1.1457e+30,5.8105e+29,0.0000e+00,0.0000e+00,9.3600e+27,5.5000e+27,3.2500e+27,3.8100e+27,8.5420e+28,0.0000e+00,4.9334e+08,4.0304e+06,0.0000e+00,0.0000e+00,2.9367e+07,1.5086e+06,3.1561e+05,3.1452e+05,98.7,0.0,0.8,0.4,1.7489e+30,1.7231e+30,2.3250e+28,2.5500e+27,4.4768e+27,0.0000e+00,98.5,1.3,0.1
205,1.7404e+30,1.7195e+30,0.0000e+00,1.3860e+28,7.0300e+27,1.1511e+30,5.6843e+29,0.0000e+00,0.0000e+00,8.2900e+27,5.5700e+27,3.4000e+27,3.6300e+27,8.9210e+28,0.0000e+00,4.9435e+08,2.5031e+06,0.0000e+00,0.0000e+00,2.8867e+07,1.4900e+06,3.1675e+05,3.1561e+05,98.8,0.0,0.8,0.4,1.7412e+30,1.7147e+30,2.3960e+28,2.5000e+27,4.5336e+27,0.0000e+00,98.5,1.4,0.1
206,1.7301e+30,1.7087e+30,0.0000e+00,1.4360e+28,7.0200e+27,1.1603e+30,5.4836e+29,0.0000e+00,0.0000e+00,8.6600e+27,5.7000e+27,3.3800e+27,3.6400e+27,8.8580e+28,0.0000e+00,4.9482e+08,8.8360e+05,0.0000e+00,0.0000e+00,2.7994e+07,1.4539e+06,3.1793e+05,3.1675e+05,98.8,0.0,0.8,0.4,1.7291e+30,1.7036e+30,2.2740e+28,2.8000e+27,4.5624e+27,0.0000e+00,98.5,1.3,0.2
207,1.7235e+30,1.7020e+30,0.0000e+00,1.4390e+28,7.0400e+27,1.1352e+30,5.6678e+29,0.0000e+00,0.0000e+00,8.8400e+27,5.5500e+27,3.5200e+27,3.5200e+27,8.2440e+28,0.0000e+00,4.9863e+08,2.3087e+03,0.0000e+00,0.0000e+00,2.9719e+07,1.4469e+06,3.1916e+05,3.1793e+05,98.8,0.0,0.8,0.4,1.7233e+30,1.6967e+30,2.3400e+28,3.2200e+27,4.6087e+27,0.0000e+00,98.5,1.4,0.2
208,1.7174e+30,1.6965e+30,0.0000e+00,1.3830e+28,7.0600e+27,1.1109e+30,5.8556e+29,0.0000e+00,0.0000e+00,8.6000e+27,5.2300e+27,3.7400e+27,3.3200e+27,8.4720e+28,0.0000e+00,5.0174e+08,2.7159e+06,0.0000e+00,0.0000e+00,2.9431e+07,1.5492e+06,3.2043e+05,3.1916e+05,98.8,0.0,0.8,0.4,1.7173e+30,1.6915e+30,2.2870e+28,2.9400e+27,4.6574e+27,0.0000e+00,98.5,1.3,0.2
209,1.6966e+30,1.6750e+30,0.0000e+00,1.4540e+28,7.0700e+27,1.1068e+30,5.6822e+29,0.0000e+00,0.0000e+00,8.7300e+27,5.8100e+27,3.5800e+27,3.4900e+27,8.9610e+28,0.0000e+00,5.0544e+08,3.8769e+06,0.0000e+00,0.0000e+00,2.8842e+07,1.5236e+06,3.2174e+05,3.2043e+05,98.7,0.0,0.9,0.4,1.6978e+30,1.6722e+30,2.2530e+28,3.0700e+27,4.6924e+27,0.0000e+00,98.5,1.3,0.2
210,1.6899e+30,1.6698e+30,0.0000e+00,1.3120e+28,6.9400e+27,1.1152e+30,5.5458e+29,0.0000e+00,0.0000e+00,8.1400e+27,4.9800e+27,3.3500e+27,3.5900e+27,9.2620e+28,0.0000e+00,5.0884e+08,2.1200e+06,0.0000e+00,0.0000e+00,2.8152e+07,1.4695e+06,3.2310e+05,3.2174e+05,98.8,0.0,0.8,0.4,1.6905e+30,1.6644e+30,2.2900e+28,3.2700e+27,4.7620e+27,0.0000e+00,98.5,1.4,0.2
211,1.6734e+30,1.6528e+30,0.0000e+00,1.3500e+28,7.0300e+27,1.1150e+30,5.3788e+29,0.0000e+00,0.0000e+00,8.3200e+27,5.1800e+27,3.5900e+27,3.4400e+27,8.6540e+28,0.0000e+00,5.0913e+08,2.5156e+05,0.0000e+00,0.0000e+00,2.7519e+07,1.4696e+06,3.2449e+05,3.2310e+05,98.8,0.0,0.8,0.4,1.6736e+30,1.6488e+30,2.1670e+28,3.0800e+27,4.7850e+27,0.0000e+00,98.5,1.3,0.2
212,1.6670e+30,1.6467e+30,0.0000e+00,1.3290e+28,7.0300e+27,1.0689e+30,5.7778e+29,0.0000e+00,0.0000e+00,8.3800e+27,4.9100e+27,3.5000e+27,3.5300e+27,8.5250e+28,0.0000e+00,5.0811e+08,3.1543e+03,0.0000e+00,0.0000e+00,2.9656e+07,1.4752e+06,3.2594e+05,3.2450e+05,98.8,0.0,0.8,0.4,1.6670e+30,1.6419e+30,2.1930e+28,3.2000e+27,4.8597e+27,0.0000e+00,98.5,1.3,0.2
213,1.6442e+30,1.6237e+30,0.0000e+00,1.3580e+28,6.9200e+27,1.0619e+30,5.6183e+29,0.0000e+00,0.0000e+00,8.5100e+27,5.0700e+27,3.4100e+27,3.5100e+27,8.7890e+28,0.0000e+00,5.0986e+08,5.2689e+06,0.0000e+00,0.0000e+00,2.9249e+07,1.4348e+06,3.2742e+05,3.2594e+05,98.8,0.0,0.8,0.4,1.6444e+30,1.6187e+30,2.2150e+28,3.5400e+27,4.9035e+27,0.0000e+00,98.4,1.3,0.2
214,1.6332e+30,1.6125e+30,0.0000e+00,1.3490e+28,7.2100e+27,1.0646e+30,5.4795e+29,0.0000e+00,0.0000e+00,8.1800e+27,5.3100e+27,3.5600e+27,3.6500e+27,9.3330e+28,0.0000e+00,5.1064e+08,4.0199e+06,0.0000e+00,0.0000e+00,2.8672e+07,1.4282e+06,3.2894e+05,3.2742e+05,98.7,0.0,0.8,0.4,1.6339e+30,1.6083e+30,2.1480e+28,4.0700e+27,4.9665e+27,0.0000e+00,98.4,1.3,0.2
215,1.6237e+30,1.6031e+30,0.0000e+00,1.3510e+28,7.0300e+27,1.0696e+30,5.3352e+29,0.0000e+00,0.0000e+00,8.1200e+27,5.3900e+27,3.7200e+27,3.3100e+27,9.5650e+28,0.0000e+00,5.0981e+08,2.0428e+06,0.0000e+00,0.0000e+00,2.7972e+07,1.3907e+06,3.3052e+05,3.2895e+05,98.7,0.0,0.8,0.4,1.6236e+30,1.5984e+30,2.1000e+28,4.2400e+27,5.0323e+27,0.0000e+00,98.4,1.3,0.3
216,1.6040e+30,1.5841e+30,0.0000e+00,1.2840e+28,7.0200e+27,1.0621e+30,5.2198e+29,0.0000e+00,0.0000e+00,7.4700e+27,5.3700e+27,3.6100e+27,3.4100e+27,8.8390e+28,0.0000e+00,5.1150e+08,5.3423e+03,0.0000e+00,0.0000e+00,3.0532e+07,1.4114e+06,3.3213e+05,3.3052e+05,98.8,0.0,0.8,0.4,1.6035e+30,1.5784e+30,2.1110e+28,3.9000e+27,5.0828e+27,0.0000e+00,98.4,1.3,0.2
217,1.5846e+30,1.5648e+30,0.0000e+00,1.2760e+28,7.1000e+27,1.0085e+30,5.5624e+29,0.0000e+00,0.0000e+00,7.6000e+27,5.1600e+27,3.8300e+27,3.2700e+27,8.6730e+28,0.0000e+00,5.1421e+08,3.4927e+05,0.0000e+00,0.0000e+00,3.0507e+07,1.4362e+06,3.3377e+05,3.3213e+05,98.7,0.0,0.8,0.4,1.5846e+30,1.5593e+30,2.1020e+28,4.2000e+27,5.1351e+27,0.0000e+00,98.4,1.3,0.3
218,1.5681e+30,1.5491e+30,0.0000e+00,1.1880e+28,7.1300e+27,1.0116e+30,5.3750e+29,0.0000e+00,0.0000e+00,7.4100e+27,4.4700e+27,3.6600e+27,3.4700e+27,9.2320e+28,0.0000e+00,5.1688e+08,6.4585e+06,0.0000e+00,0.0000e+00,3.0045e+07,1.3802e+06,3.3547e+05,3.3378e+05,98.8,0.0,0.8,0.5,1.5686e+30,1.5428e+30,2.1480e+28,4.2500e+27,5.2080e+27,0.0000e+00,98.4,1.4,0.3
219,1.5660e+30,1.5461e+30,0.0000e+00,1.2890e+28,7.0300e+27,1.0226e+30,5.2347e+29,0.0000e+00,0.0000e+00,8.1900e+27,4.7000e+27,3.5900e+27,3.4400e+27,9.7820e+28,0.0000e+00,5.2077e+08,4.4450e+06,0.0000e+00,0.0000e+00,2.9547e+07,1.3690e+06,3.3720e+05,3.3547e+05,98.7,0.0,0.8,0.4,1.5669e+30,1.5414e+30,2.0910e+28,4.6100e+27,5.2837e+27,0.0000e+00,98.4,1.3,0.3
220,1.5353e+30,1.5161e+30,0.0000e+00,1.2180e+28,7.0100e+27,1.0100e+30,5.0614e+29,0.0000e+00,0.0000e+00,7.3400e+27,4.8400e+27,3.4600e+27,3.5500e+27,9.7330e+28,0.0000e+00,5.2186e+08,2.3338e+06,0.0000e+00,0.0000e+00,2.9008e+07,1.2886e+06,3.3898e+05,3.3721e+05,98.8,0.0,0.8,0.5,1.5351e+30,1.5094e+30,2.0850e+28,4.9400e+27,5.3430e+27,0.0000e+00,98.3,1.4,0.3
221,1.5184e+30,1.5003e+30,0.0000e+00,1.1050e+28,7.0400e+27,1.0125e+30,4.8773e+29,0.0000e+00,0.0000e+00,6.7400e+27,4.3100e+27,3.4600e+27,3.5800e+27,9.0730e+28,0.0000e+00,5.2526e+08,4.5143e+04,0.0000e+00,0.0000e+00,2.8334e+07,1.2294e+06,3.4079e+05,3.3898e+05,98.8,0.0,0.7,0.5,1.5195e+30,1.4947e+30,1.9890e+28,4.8600e+27,5.4042e+27,0.0000e+00,98.4,1.3,0.3
222,1.5067e+30,1.4882e+30,0.0000e+00,1.1510e+28,7.0000e+27,9.6681e+29,5.2140e+29,0.0000e+00,0.0000e+00,7.0500e+27,4.4600e+27,3.8200e+27,3.1800e+27,9.0320e+28,0.0000e+00,5.2985e+08,1.8005e+03,0.0000e+00,0.0000e+00,3.0008e+07,1.1905e+06,3.4265e+05,3.4080e+05,98.8,0.0,0.8,0.5,1.5066e+30,1.4808e+30,2.0570e+28,5.1800e+27,5.4874e+27,0.0000e+00,98.3,1.4,0.3
223,1.4999e+30,1.4808e+30,0.0000e+00,1.2150e+28,6.9700e+27,9.7364e+29,5.0713e+29,0.0000e+00,0.0000e+00,7.3300e+27,4.8200e+27,3.2400e+27,3.7300e+27,9.5590e+28,0.0000e+00,5.3495e+08,6.3666e+06,0.0000e+00,0.0000e+00,2.9331e+07,1.2310e+06,3.4455e+05,3.4265e+05,98.7,0.0,0.8,0.5,1.4994e+30,1.4734e+30,2.0100e+28,5.8600e+27,5.5737e+27,0.0000e+00,98.3,1.3,0.4
224,1.4686e+30,1.4500e+30,0.0000e+00,1.1550e+28,7.0100e+27,9.5845e+29,4.9156e+29,0.0000e+00,0.0000e+00,6.8700e+27,4.6800e+27,3.7200e+27,3.2900e+27,9.9680e+28,0.0000e+00,5.4330e+08,5.6646e+06,0.0000e+00,0.0000e+00,2.8685e+07,1.2338e+06,3.4648e+05,3.4455e+05,98.7,0.0,0.8,0.5,1.4682e+30,1.4420e+30,2.0330e+28,5.8300e+27,5.6212e+27,0.0000e+00,98.2,1.4,0.4
225,1.4659e+30,1.4473e+30,0.0000e+00,1.1320e+28,7.2200e+27,9.7072e+29,4.7661e+29,0.0000e+00,0.0000e+00,6.7600e+27,4.5600e+27,3.5700e+27,3.6500e+27,1.0180e+29,0.0000e+00,5.4949e+08,3.4088e+06,0.0000e+00,0.0000e+00,2.8374e+07,1.2070e+06,3.4845e+05,3.4648e+05,98.7,0.0,0.8,0.5,1.4668e+30,1.4414e+30,1.9790e+28,5.6600e+27,5.7121e+27,0.0000e+00,98.3,1.3,0.4
226,1.4434e+30,1.4253e+30,0.0000e+00,1.1110e+28,7.0400e+27,9.6907e+29,4.5618e+29,0.0000e+00,0.0000e+00,6.7900e+27,4.3200e+27,3.3500e+27,3.6900e+27,9.7500e+28,0.0000e+00,5.5230e+08,1.0024e+06,0.0000e+00,0.0000e+00,2.7649e+07,1.2161e+06,3.5047e+05,3.4846e+05,98.7,0.0,0.8,0.5,1.4438e+30,1.4182e+30,1.9350e+28,6.2600e+27,5.8062e+27,0.0000e+00,98.2,1.3,0.4
227,1.4287e+30,1.4103e+30,0.0000e+00,1.1340e+28,7.0800e+27,9.3968e+29,4.7064e+29,0.0000e+00,0.0000e+00,7.3100e+27,4.0300e+27,3.5600e+27,3.5200e+27,9.3620e+28,0.0000e+00,5.5799e+08,2.9918e+03,0.0000e+00,0.0000e+00,3.1306e+07,1.2174e+06,3.5252e+05,3.5047e+05,98.7,0.0,0.8,0.5,1.4281e+30,1.4020e+30,1.9640e+28,6.4600e+27,5.8812e+27,0.0000e+00,98.2,1.4,0.5
228,1.4064e+30,1.3883e+30,0.0000e+00,1.1130e+28,7.0300e+27,9.1663e+29,4.7165e+29,0.0000e+00,0.0000e+00,6.7900e+27,4.3400e+27,3.5400e+27,3.4900e+27,9.5300e+28,0.0000e+00,5.5982e+08,4.1105e+06,0.0000e+00,0.0000e+00,3.1020e+07,1.2013e+06,3.5461e+05,3.5253e+05,98.7,0.0,0.8,0.5,1.4077e+30,1.3820e+30,1.9110e+28,6.6200e+27,5.9582e+27,0.0000e+00,98.2,1.4,0.5
229,1.3945e+30,1.3764e+30,0.0000e+00,1.0980e+28,7.0500e+27,9.1646e+29,4.5996e+29,0.0000e+00,0.0000e+00,6.6700e+27,4.3100e+27,3.4000e+27,3.6500e+27,9.9290e+28,0.0000e+00,5.6308e+08,7.6261e+06,0.0000e+00,0.0000e+00,3.0512e+07,1.1074e+06,3.5674e+05,3.5462e+05,98.7,0.0,0.8,0.5,1.3936e+30,1.3682e+30,1.8420e+28,7.0100e+27,6.0603e+27,0.0000e+00,98.2,1.3,0.5
230,1.3825e+30,1.3651e+30,0.0000e+00,1.0310e+28,7.0300e+27,9.2275e+29,4.4238e+29,0.0000e+00,0.0000e+00,6.3400e+27,3.9700e+27,3.5400e+27,3.4900e+27,1.0502e+29,0.0000e+00,5.7066e+08,5.3713e+06,0.0000e+00,0.0000e+00,2.9807e+07,1.0944e+06,3.5891e+05,3.5675e+05,98.7,0.0,0.7,0.5,1.3832e+30,1.3560e+30,1.9420e+28,7.7700e+27,6.1421e+27,0.0000e+00,98.0,1.4,0.6
231,1.3717e+30,1.3542e+30,0.0000e+00,1.0330e+28,7.1300e+27,9.2229e+29,4.3191e+29,0.0000e+00,0.0000e+00,6.2800e+27,4.0500e+27,3.6500e+27,3.4800e+27,1.0721e+29,0.0000e+00,5.7180e+08,3.0367e+06,0.0000e+00,0.0000e+00,2.9005e+07,1.1065e+06,3.6111e+05,3.5891e+05,98.7,0.0,0.8,0.5,1.3712e+30,1.3450e+30,1.8380e+28,7.9000e+27,6.2258e+27,0.0000e+00,98.1,1.3,0.6
232,1.3455e+30,1.3283e+30,0.0000e+00,1.0200e+28,6.9700e+27,9.1692e+29,4.1139e+29,0.0000e+00,0.0000e+00,6.1300e+27,4.0700e+27,3.2900e+27,3.6800e+27,9.9130e+28,0.0000e+00,5.7161e+08,5.2601e+05,0.0000e+00,0.0000e+00,2.8593e+07,1.0810e+06,3.6334e+05,3.6112e+05,98.7,0.0,0.8,0.5,1.3464e+30,1.3207e+30,1.8220e+28,7.4900e+27,6.3114e+27,0.0000e+00,98.1,1.4,0.6
233,1.3273e+30,1.3105e+30,0.0000e+00,9.7600e+27,7.0800e+27,8.8013e+29,4.3034e+29,0.0000e+00,0.0000e+00,6.0900e+27,3.6700e+27,3.5500e+27,3.5300e+27,9.8250e+28,0.0000e+00,5.7134e+08,5.4418e+03,0.0000e+00,0.0000e+00,3.1340e+07,1.0793e+06,3.6562e+05,3.6335e+05,98.7,0.0,0.7,0.5,1.3273e+30,1.3015e+30,1.7870e+28,7.9500e+27,6.4241e+27,0.0000e+00,98.1,1.3,0.6
234,1.3174e+30,1.3006e+30,0.0000e+00,9.8500e+27,6.9500e+27,8.7542e+29,4.2515e+29,0.0000e+00,0.0000e+00,6.1100e+27,3.7400e+27,3.4200e+27,3.5300e+27,1.0105e+29,0.0000e+00,5.7520e+08,5.7552e+06,0.0000e+00,0.0000e+00,3.0766e+07,1.0561e+06,3.6793e+05,3.6563e+05,98.7,0.0,0.7,0.5,1.3173e+30,1.2908e+30,1.8580e+28,7.9300e+27,6.5145e+27,0.0000e+00,98.0,1.4,0.6
235,1.3015e+30,1.2849e+30,0.0000e+00,9.5300e+27,7.0600e+27,8.7284e+29,4.1210e+29,0.0000e+00,0.0000e+00,5.7800e+27,3.7500e+27,3.6100e+27,3.4500e+27,1.0380e+29,0.0000e+00,5.7892e+08,8.2429e+06,0.0000e+00,0.0000e+00,2.9933e+07,1.0226e+06,3.7028e+05,3.6794e+05,98.7,0.0,0.7,0.5,1.3023e+30,1.2756e+30,1.8150e+28,8.5700e+27,6.6332e+27,0.0000e+00,97.9,1.4,0.7
236,1.2887e+30,1.2725e+30,0.0000e+00,9.2300e+27,7.0200e+27,8.7838e+29,3.9411e+29,0.0000e+00,0.0000e+00,5.5900e+27,3.6400e+27,3.6200e+27,3.4000e+27,1.1294e+29,0.0000e+00,5.8287e+08,6.1757e+06,0.0000e+00,0.0000e+00,2.9247e+07,1.0036e+06,3.7267e+05,3.7029e+05,98.7,0.0,0.7,0.5,1.2893e+30,1.2634e+30,1.8280e+28,7.6100e+27,6.7285e+27,0.0000e+00,98.0,1.4,0.6
237,1.2642e+30,1.2478e+30,0.0000e+00,9.5100e+27,6.9100e+27,8.6804e+29,3.7974e+29,0.0000e+00,0.0000e+00,5.8100e+27,3.7000e+27,3.4600e+27,3.4500e+27,1.1211e+29,0.0000e+00,5.8663e+08,3.8433e+06,0.0000e+00,0.0000e+00,2.8757e+07,1.0094e+06,3.7508e+05,3.7268e+05,98.7,0.0,0.8,0.5,1.2639e+30,1.2388e+30,1.7040e+28,8.0600e+27,6.8256e+27,0.0000e+00,98.0,1.3,0.6
238,1.2528e+30,1.2369e+30,0.0000e+00,8.9300e+27,7.0200e+27,8.6365e+29,3.7322e+29,0.0000e+00,0.0000e+00,5.6600e+27,3.2700e+27,3.3100e+27,3.7100e+27,1.0426e+29,0.0000e+00,5.8861e+08,1.3511e+06,0.0000e+00,0.0000e+00,2.8216e+07,9.5125e+05,3.7753e+05,3.7509e+05,98.7,0.0,0.7,0.6,1.2529e+30,1.2274e+30,1.6990e+28,8.4300e+27,6.9245e+27,0.0000e+00,98.0,1.4,0.7
239,1.2394e+30,1.2230e+30,0.0000e+00,9.3100e+27,7.0400e+27,8.4989e+29,3.7311e+29,0.0000e+00,0.0000e+00,5.8300e+27,3.4800e+27,3.4700e+27,3.5700e+27,1.0251e+29,0.0000e+00,5.8971e+08,5.2515e+03,0.0000e+00,0.0000e+00,3.0931e+07,9.2952e+05,3.8002e+05,3.7754e+05,98.7,0.0,0.8,0.6,1.2391e+30,1.2132e+30,1.7450e+28,8.4500e+27,7.0540e+27,0.0000e+00,97.9,1.4,0.7
240,1.2250e+30,1.2092e+30,0.0000e+00,8.7800e+27,6.9700e+27,8.2858e+29,3.8065e+29,0.0000e+00,0.0000e+00,5.6500e+27,3.1300e+27,3.5100e+27,3.4600e+27,1.0365e+29,0.0000e+00,5.8884e+08,3.5990e+06,0.0000e+00,0.0000e+00,3.0541e+07,8.9796e+05,3.8254e+05,3.8003e+05,98.7,0.0,0.7,0.6,1.2252e+30,1.1979e+30,1.8200e+28,9.0700e+27,7.1577e+27,0.0000e+00,97.8,1.5,0.7
241,1.2126e+30,1.1971e+30,0.0000e+00,8.5600e+27,6.9900e+27,8.3167e+29,3.6539e+29,0.0000e+00,0.0000e+00,5.0400e+27,3.5200e+27,3.5000e+27,3.4900e+27,1.0518e+29,0.0000e+00,5.9099e+08,9.6284e+06,0.0000e+00,0.0000e+00,2.9970e+07,8.1909e+05,3.8508e+05,3.8255e+05,98.7,0.0,0.7,0.6,1.2129e+30,1.1867e+30,1.7310e+28,8.9000e+27,7.2632e+27,0.0000e+00,97.8,1.4,0.7
242,1.1921e+30,1.1765e+30,0.0000e+00,8.5300e+27,7.0000e+27,8.2288e+29,3.5364e+29,0.0000e+00,0.0000e+00,5.1400e+27,3.3900e+27,3.3900e+27,3.6100e+27,1.1048e+29,0.0000e+00,5.9014e+08,7.6371e+06,0.0000e+00,0.0000e+00,2.9025e+07,7.7631e+05,3.8767e+05,3.8509e+05,98.7,0.0,0.7,0.6,1.1921e+30,1.1666e+30,1.6570e+28,8.9600e+27,7.4012e+27,0.0000e+00,97.9,1.4,0.8
243,1.1831e+30,1.1682e+30,0.0000e+00,7.9800e+27,6.9400e+27,8.2377e+29,3.4439e+29,0.0000e+00,0.0000e+00,4.7600e+27,3.2200e+27,3.2700e+27,3.6700e+27,1.1515e+29,0.0000e+00,5.9496e+08,5.6921e+06,0.0000e+00,0.0000e+00,2.8550e+07,7.6642e+05,3.9029e+05,3.8768e+05,98.7,0.0,0.7,0.6,1.1832e+30,1.1568e+30,1.6690e+28,9.7500e+27,7.5113e+27,0.0000e+00,97.8,1.4,0.8
244,1.1615e+30,1.1466e+30,0.0000e+00,7.9900e+27,6.9900e+27,8.1514e+29,3.3141e+29,0.0000e+00,0.0000e+00,4.5100e+27,3.4800e+27,3.3900e+27,3.6000e+27,1.1487e+29,0.0000e+00,5.9847e+08,3.5152e+06,0.0000e+00,0.0000e+00,2.7761e+07,7.7818e+05,3.9293e+05,3.9030e+05,98.7,0.0,0.7,0.6,1.1616e+30,1.1359e+30,1.6490e+28,9.2800e+27,7.6230e+27,0.0000e+00,97.8,1.4,0.8
245,1.1520e+30,1.1370e+30,0.0000e+00,7.9700e+27,6.9500e+27,8.1803e+29,3.1900e+29,0.0000e+00,0.0000e+00,4.8100e+27,3.1600e+27,3.4700e+27,3.4800e+27,1.0648e+29,0.0000e+00,6.0067e+08,1.2962e+06,0.0000e+00,0.0000e+00,2.7378e+07,8.1983e+05,3.9560e+05,3.9294e+05,98.7,0.0,0.7,0.6,1.1517e+30,1.1255e+30,1.7180e+28,8.9700e+27,7.7363e+27,0.0000e+00,97.7,1.5,0.8
246,1.1378e+30,1.1229e+30,0.0000e+00,7.9900e+27,6.9600e+27,8.0180e+29,3.2106e+29,0.0000e+00,0.0000e+00,4.8800e+27,3.1100e+27,3.5800e+27,3.3800e+27,1.0405e+29,0.0000e+00,6.0396e+08,6.5608e+03,0.0000e+00,0.0000e+00,3.2037e+07,8.2065e+05,3.9830e+05,3.9561e+05,98.7,0.0,0.7,0.6,1.1385e+30,1.1118e+30,1.6700e+28,9.9500e+27,7.8849e+27,0.0000e+00,97.7,1.5,0.9
247,1.1235e+30,1.1085e+30,0.0000e+00,8.0200e+27,6.9600e+27,7.7803e+29,3.3047e+29,0.0000e+00,0.0000e+00,5.0400e+27,2.9800e+27,3.4800e+27,3.4800e+27,1.0572e+29,0.0000e+00,6.0758e+08,3.1344e+06,0.0000e+00,0.0000e+00,3.1610e+07,8.2087e+05,4.0103e+05,3.9831e+05,98.7,0.0,0.7,0.6,1.1227e+30,1.0972e+30,1.5290e+28,1.0190e+28,8.0026e+27,0.0000e+00,97.7,1.4,0.9
248,1.1125e+30,1.0984e+30,0.0000e+00,7.0900e+27,7.0200e+27,7.7957e+29,3.1885e+29,0.0000e+00,0.0000e+00,4.3600e+27,2.7300e+27,3.3600e+27,3.6600e+27,1.1012e+29,0.0000e+00,6.1034e+08,1.0621e+07,0.0000e+00,0.0000e+00,3.1021e+07,8.0249e+05,4.0380e+05,4.0105e+05,98.7,0.0,0.6,0.6,1.1137e+30,1.0872e+30,1.6760e+28,9.7900e+27,8.1573e+27,0.0000e+00,97.6,1.5,0.9
249,1.0984e+30,1.0839e+30,0.0000e+00,7.6200e+27,6.9300e+27,7.7421e+29,3.0964e+29,0.0000e+00,0.0000e+00,4.9300e+27,2.6900e+27,3.3600e+27,3.5700e+27,1.1156e+29,0.0000e+00,6.1574e+08,8.8214e+06,0.0000e+00,0.0000e+00,3.0632e+07,7.8874e+05,4.0658e+05,4.0381e+05,98.7,0.0,0.7,0.6,1.0978e+30,1.0708e+30,1.6760e+28,1.0290e+28,8.2429e+27,0.0000e+00,97.5,1.5,0.9
250,1.0863e+30,1.0720e+30,0.0000e+00,7.4000e+27,6.9300e+27,7.7439e+29,2.9760e+29,0.0000e+00,0.0000e+00,4.7200e+27,2.6800e+27,3.2700e+27,3.6600e+27,1.1997e+29,0.0000e+00,6.2278e+08,7.0420e+06,0.0000e+00,0.0000e+00,3.0079e+07,7.8885e+05,4.0940e+05,4.0659e+05,98.7,0.0,0.7,0.6,1.0876e+30,1.0614e+30,1.5710e+28,1.0450e+28,8.4017e+27,0.0000e+00,97.6,1.4,1.0
251,1.0761e+30,1.0623e+30,0.0000e+00,6.7900e+27,6.9700e+27,7.7422e+29,2.8807e+29,0.0000e+00,0.0000e+00,4.2100e+27,2.5800e+27,3.6700e+27,3.3000e+27,1.2174e+29,0.0000e+00,6.2563e+08,5.1203e+06,0.0000e+00,0.0000e+00,2.9270e+07,7.6039e+05,4.1224e+05,4.0941e+05,98.7,0.0,0.6,0.6,1.0765e+30,1.0497e+30,1.6200e+28,1.0630e+28,8.5643e+27,0.0000e+00,97.5,1.5,1.0
252,1.0640e+30,1.0505e+30,0.0000e+00,6.6100e+27,6.9400e+27,7.6723e+29,2.8322e+29,0.0000e+00,0.0000e+00,4.0800e+27,2.5300e+27,3.5600e+27,3.3800e+27,1.2001e+29,0.0000e+00,6.3098e+08,3.2009e+06,0.0000e+00,0.0000e+00,2.8572e+07,7.3476e+05,4.1511e+05,4.1226e+05,98.7,0.0,0.6,0.7,1.0624e+30,1.0363e+30,1.5700e+28,1.0470e+28,8.6916e+27,0.0000e+00,97.5,1.5,1.0
253,1.0451e+30,1.0316e+30,0.0000e+00,6.5900e+27,6.9300e+27,7.5758e+29,2.7397e+29,0.0000e+00,0.0000e+00,4.1300e+27,2.4600e+27,3.5100e+27,3.4200e+27,1.1127e+29,0.0000e+00,6.3572e+08,1.2752e+06,0.0000e+00,0.0000e+00,2.8206e+07,7.3936e+05,4.1800e+05,4.1513e+05,98.7,0.0,0.6,0.7,1.0466e+30,1.0199e+30,1.6010e+28,1.0610e+28,8.8199e+27,0.0000e+00,97.5,1.5,1.0
254,1.0261e+30,1.0126e+30,0.0000e+00,6.4600e+27,7.0400e+27,7.4045e+29,2.7215e+29,0.0000e+00,0.0000e+00,4.0000e+27,2.4600e+27,3.6400e+27,3.4000e+27,1.0925e+29,0.0000e+00,6.3918e+08,4.7645e+03,0.0000e+00,0.0000e+00,3.2480e+07,7.1452e+05,4.2091e+05,4.1802e+05,98.7,0.0,0.6,0.7,1.0266e+30,9.9987e+29,1.5890e+28,1.0790e+28,8.9491e+27,0.0000e+00,97.4,1.5,1.1
255,1.0205e+30,1.0063e+30,0.0000e+00,7.2100e+27,6.9400e+27,7.2636e+29,2.7997e+29,0.0000e+00,0.0000e+00,4.6900e+27,2.5200e+27,3.5200e+27,3.4200e+27,1.1152e+29,0.0000e+00,6.4617e+08,2.6838e+06,0.0000e+00,0.0000e+00,3.2213e+07,6.8726e+05,4.2385e+05,4.2093e+05,98.6,0.0,0.7,0.7,1.0201e+30,9.9237e+29,1.6530e+28,1.1180e+28,9.1210e+27,0.0000e+00,97.3,1.6,1.1
256,1.0131e+30,1.0000e+30,0.0000e+00,6.1800e+27,6.9300e+27,7.2509e+29,2.7491e+29,0.0000e+00,0.0000e+00,3.7100e+27,2.4700e+27,3.4700e+27,3.4600e+27,1.1298e+29,0.0000e+00,6.4920e+08,1.0295e+07,0.0000e+00,0.0000e+00,3.1351e+07,6.8343e+05,4.2682e+05,4.2387e+05,98.7,0.0,0.6,0.7,1.0127e+30,9.8653e+29,1.5380e+28,1.0830e+28,9.2965e+27,0.0000e+00,97.4,1.5,1.1
257,9.9630e+29,9.8319e+29,0.0000e+00,6.1200e+27,6.9900e+27,7.1888e+29,2.6431e+29,0.0000e+00,0.0000e+00,3.7100e+27,2.4100e+27,3.3400e+27,3.6500e+27,1.1622e+29,0.0000e+00,6.5135e+08,9.9538e+06,0.0000e+00,0.0000e+00,3.0707e+07,6.7042e+05,4.2981e+05,4.2684e+05,98.7,0.0,0.6,0.7,9.9753e+29,9.7078e+29,1.5520e+28,1.1230e+28,9.4318e+27,0.0000e+00,97.3,1.6,1.1
258,9.7914e+29,9.6609e+29,0.0000e+00,6.0300e+27,7.0200e+27,7.1155e+29,2.5454e+29,0.0000e+00,0.0000e+00,3.8200e+27,2.2100e+27,3.3800e+27,3.6400e+27,1.1847e+29,0.0000e+00,6.5324e+08,8.5984e+06,0.0000e+00,0.0000e+00,3.0285e+07,6.5285e+05,4.3282e+05,4.2983e+05,98.7,0.0,0.6,0.7,9.7871e+29,9.5233e+29,1.5400e+28,1.0980e+28,9.5675e+27,0.0000e+00,97.3,1.6,1.1
259,9.6778e+29,9.5544e+29,0.0000e+00,5.3900e+27,6.9500e+27,7.0544e+29,2.5000e+29,0.0000e+00,0.0000e+00,3.1200e+27,2.2700e+27,3.5400e+27,3.4100e+27,1.2379e+29,0.0000e+00,6.5566e+08,6.9591e+06,0.0000e+00,0.0000e+00,2.9515e+07,6.6555e+05,4.3583e+05,4.3283e+05,98.7,0.0,0.6,0.7,9.6774e+29,9.4171e+29,1.4990e+28,1.1040e+28,9.7036e+27,0.0000e+00,97.3,1.5,1.1
260,9.5177e+29,9.3911e+29,0.0000e+00,5.7800e+27,6.8800e+27,6.9850e+29,2.4061e+29,0.0000e+00,0.0000e+00,3.4600e+27,2.3200e+27,3.5400e+27,3.3400e+27,1.2477e+29,0.0000e+00,6.5798e+08,5.4266e+06,0.0000e+00,0.0000e+00,2.8749e+07,6.1782e+05,4.3888e+05,4.3585e+05,98.7,0.0,0.6,0.7,9.5118e+29,9.2455e+29,1.5320e+28,1.1310e+28,9.8871e+27,0.0000e+00,97.2,1.6,1.2
261,9.4010e+29,9.2800e+29,0.0000e+00,5.2300e+27,6.8700e+27,6.9179e+29,2.3621e+29,0.0000e+00,0.0000e+00,3.0600e+27,2.1700e+27,3.4200e+27,3.4500e+27,1.2550e+29,0.0000e+00,6.5954e+08,3.8369e+06,0.0000e+00,0.0000e+00,2.8306e+07,6.1645e+05,4.4195e+05,4.3889e+05,98.7,0.0,0.6,0.7,9.4145e+29,9.1463e+29,1.5380e+28,1.1440e+28,1.0074e+28,0.0000e+00,97.2,1.6,1.2
262,9.2695e+29,9.1457e+29,0.0000e+00,5.4200e+27,6.9600e+27,6.8721e+29,2.2736e+29,0.0000e+00,0.0000e+00,3.4700e+27,1.9500e+27,3.1500e+27,3.8100e+27,1.1667e+29,0.0000e+00,6.5746e+08,2.1841e+06,0.0000e+00,0.0000e+00,2.7702e+07,6.0346e+05,4.4503e+05,4.4196e+05,98.7,0.0,0.6,0.8,9.2661e+29,9.0044e+29,1.4280e+28,1.1890e+28,1.0215e+28,0.0000e+00,97.2,1.5,1.3
263,9.1234e+29,9.0059e+29,0.0000e+00,4.9800e+27,6.7700e+27,6.7782e+29,2.2277e+29,0.0000e+00,0.0000e+00,3.0800e+27,1.9000e+27,3.3500e+27,3.4200e+27,1.1415e+29,0.0000e+00,6.5719e+08,4.8775e+05,0.0000e+00,0.0000e+00,2.7386e+07,5.9950e+05,4.4812e+05,4.4504e+05,98.7,0.0,0.5,0.7,9.1219e+29,8.8552e+29,1.4860e+28,1.1810e+28,1.0356e+28,0.0000e+00,97.1,1.6,1.3
264,9.0329e+29,8.9116e+29,0.0000e+00,5.2500e+27,6.8800e+27,6.6255e+29,2.2861e+29,0.0000e+00,0.0000e+00,3.4700e+27,1.7800e+27,3.3700e+27,3.5100e+27,1.1181e+29,0.0000e+00,6.5451e+08,8.9959e+02,0.0000e+00,0.0000e+00,3.2507e+07,6.0569e+05,4.5123e+05,4.4814e+05,98.7,0.0,0.6,0.8,9.0316e+29,8.7700e+29,1.4120e+28,1.2040e+28,1.0548e+28,0.0000e+00,97.1,1.6,1.3
265,8.8945e+29,8.7727e+29,0.0000e+00,5.3300e+27,6.8500e+27,6.4869e+29,2.2858e+29,0.0000e+00,0.0000e+00,3.4300e+27,1.9000e+27,3.1800e+27,3.6700e+27,1.1294e+29,0.0000e+00,6.5451e+08,5.2601e+06,0.0000e+00,0.0000e+00,3.2060e+07,5.9058e+05,4.5436e+05,4.5125e+05,98.6,0.0,0.6,0.8,8.8901e+29,8.6225e+29,1.4970e+28,1.1790e+28,1.0690e+28,0.0000e+00,97.0,1.7,1.3
266,8.8627e+29,8.7420e+29,0.0000e+00,5.1400e+27,6.9300e+27,6.4926e+29,2.2494e+29,0.0000e+00,0.0000e+00,3.1300e+27,2.0100e+27,3.5100e+27,3.4200e+27,1.1825e+29,0.0000e+00,6.5606e+08,1.1628e+07,0.0000e+00,0.0000e+00,3.1799e+07,5.6760e+05,4.5750e+05,4.5437e+05,98.6,0.0,0.6,0.8,8.8693e+29,8.6005e+29,1.4170e+28,1.2710e+28,1.0886e+28,0.0000e+00,97.0,1.6,1.4
267,8.7224e+29,8.6055e+29,0.0000e+00,4.7600e+27,6.9300e+27,6.4421e+29,2.1634e+29,0.0000e+00,0.0000e+00,2.9300e+27,1.8300e+27,3.1100e+27,3.8200e+27,1.1794e+29,0.0000e+00,6.5885e+08,1.0470e+07,0.0000e+00,0.0000e+00,3.1122e+07,5.4142e+05,4.6066e+05,4.5752e+05,98.7,0.0,0.5,0.8,8.7245e+29,8.4558e+29,1.4830e+28,1.2040e+28,1.1085e+28,0.0000e+00,96.9,1.7,1.4
268,8.5803e+29,8.4634e+29,0.0000e+00,4.7700e+27,6.9200e+27,6.3784e+29,2.0850e+29,0.0000e+00,0.0000e+00,3.0600e+27,1.7100e+27,3.4100e+27,3.5100e+27,1.1939e+29,0.0000e+00,6.6258e+08,9.4130e+06,0.0000e+00,0.0000e+00,3.0414e+07,5.4607e+05,4.6383e+05,4.6068e+05,98.6,0.0,0.6,0.8,8.5810e+29,8.3172e+29,1.4010e+28,1.2370e+28,1.1230e+28,0.0000e+00,96.9,1.6,1.4
269,8.4849e+29,8.3701e+29,0.0000e+00,4.7400e+27,6.7400e+27,6.3325e+29,2.0376e+29,0.0000e+00,0.0000e+00,3.0700e+27,1.6700e+27,3.3900e+27,3.3500e+27,1.2450e+29,0.0000e+00,6.6825e+08,8.1747e+06,0.0000e+00,0.0000e+00,2.9527e+07,5.3598e+05,4.6700e+05,4.6385e+05,98.6,0.0,0.6,0.8,8.4803e+29,8.2226e+29,1.3550e+28,1.2220e+28,1.1374e+28,0.0000e+00,97.0,1.6,1.4
270,8.4186e+29,8.3023e+29,0.0000e+00,4.6000e+27,7.0300e+27,6.2722e+29,2.0301e+29,0.0000e+00,0.0000e+00,2.8300e+27,1.7700e+27,3.2300e+27,3.8000e+27,1.2742e+29,0.0000e+00,6.6969e+08,7.0697e+06,0.0000e+00,0.0000e+00,2.9115e+07,5.3177e+05,4.7020e+05,4.6702e+05,98.6,0.0,0.5,0.8,8.4305e+29,8.1602e+29,1.4260e+28,1.2770e+28,1.1635e+28,0.0000e+00,96.8,1.7,1.5
271,8.2480e+29,8.1349e+29,0.0000e+00,4.3700e+27,6.9400e+27,6.1797e+29,1.9552e+29,0.0000e+00,0.0000e+00,2.7800e+27,1.5900e+27,3.5500e+27,3.3900e+27,1.2836e+29,0.0000e+00,6.7146e+08,5.9754e+06,0.0000e+00,0.0000e+00,2.8448e+07,5.2012e+05,4.7339e+05,4.7022e+05,98.6,0.0,0.5,0.8,8.2506e+29,7.9889e+29,1.3980e+28,1.2190e+28,1.1721e+28,0.0000e+00,96.8,1.7,1.5
272,8.2240e+29,8.1087e+29,0.0000e+00,4.5500e+27,6.9800e+27,6.1777e+29,1.9310e+29,0.0000e+00,0.0000e+00,2.9300e+27,1.6200e+27,3.4600e+27,3.5200e+27,1.3093e+29,0.0000e+00,6.7149e+08,4.7248e+06,0.0000e+00,0.0000e+00,2.7841e+07,5.1557e+05,4.7661e+05,4.7341e+05,98.6,0.0,0.6,0.8,8.2165e+29,7.9515e+29,1.3910e+28,1.2590e+28,1.1987e+28,0.0000e+00,96.8,1.7,1.5
273,8.0566e+29,7.9410e+29,0.0000e+00,4.7300e+27,6.8300e+27,6.0691e+29,1.8719e+29,0.0000e+00,0.0000e+00,2.8400e+27,1.8900e+27,3.3800e+27,3.4500e+27,1.2643e+29,0.0000e+00,6.6916e+08,3.4731e+06,0.0000e+00,0.0000e+00,2.7162e+07,5.5046e+05,4.7982e+05,4.7662e+05,98.6,0.0,0.6,0.8,8.0533e+29,7.7925e+29,1.3650e+28,1.2430e+28,1.2133e+28,0.0000e+00,96.8,1.7,1.5
274,7.8722e+29,7.7622e+29,0.0000e+00,4.1400e+27,6.8600e+27,5.9653e+29,1.7969e+29,0.0000e+00,0.0000e+00,2.3400e+27,1.8000e+27,3.2200e+27,3.6400e+27,1.1858e+29,0.0000e+00,6.7058e+08,2.2411e+06,0.0000e+00,0.0000e+00,2.6286e+07,5.1646e+05,4.8303e+05,4.7984e+05,98.6,0.0,0.5,0.9,7.8801e+29,7.6131e+29,1.3550e+28,1.3150e+28,1.2277e+28,0.0000e+00,96.6,1.7,1.7
275,7.8856e+29,7.7754e+29,0.0000e+00,4.0800e+27,6.9400e+27,6.0015e+29,1.7739e+29,0.0000e+00,0.0000e+00,2.5400e+27,1.5400e+27,3.4700e+27,3.4700e+27,1.1831e+29,0.0000e+00,6.7400e+08,9.5175e+05,0.0000e+00,0.0000e+00,2.5831e+07,4.9977e+05,4.8627e+05,4.8305e+05,98.6,0.0,0.5,0.9,7.8951e+29,7.6399e+29,1.3120e+28,1.2400e+28,1.2551e+28,0.0000e+00,96.8,1.7,1.6
276,7.7233e+29,7.6168e+29,0.0000e+00,3.8100e+27,6.8400e+27,5.8462e+29,1.7706e+29,0.0000e+00,0.0000e+00,2.3800e+27,1.4300e+27,3.4600e+27,3.3800e+27,1.1593e+29,0.0000e+00,6.7633e+08,6.5670e+01,0.0000e+00,0.0000e+00,2.9193e+07,4.9971e+05,4.8950e+05,4.8629e+05,98.6,0.0,0.5,0.9,7.7117e+29,7.4551e+29,1.3240e+28,1.2420e+28,1.2696e+28,0.0000e+00,96.7,1.7,1.6
277,7.5952e+29,7.4832e+29,0.0000e+00,4.3900e+27,6.8100e+27,5.6232e+29,1.8600e+29,0.0000e+00,0.0000e+00,2.8200e+27,1.5700e+27,3.4000e+27,3.4100e+27,1.1462e+29,0.0000e+00,6.7884e+08,2.0050e+06,0.0000e+00,0.0000e+00,2.8997e+07,4.9405e+05,4.9272e+05,4.8952e+05,98.5,0.0,0.6,0.9,7.6036e+29,7.3357e+29,1.3480e+28,1.3310e+28,1.2838e+28,0.0000e+00,96.5,1.8,1.8
278,7.5555e+29,7.4480e+29,0.0000e+00,3.8900e+27,6.8600e+27,5.6374e+29,1.8106e+29,0.0000e+00,0.0000e+00,2.5900e+27,1.3000e+27,3.4300e+27,3.4300e+27,1.1862e+29,0.0000e+00,6.7961e+08,9.4366e+06,0.0000e+00,0.0000e+00,2.8465e+07,5.0436e+05,4.9597e+05,4.9274e+05,98.6,0.0,0.5,0.9,7.5690e+29,7.3076e+29,1.3000e+28,1.3140e+28,1.3119e+28,0.0000e+00,96.5,1.7,1.7
279,7.4569e+29,7.3478e+29,0.0000e+00,4.0400e+27,6.8700e+27,5.5782e+29,1.7696e+29,0.0000e+00,0.0000e+00,2.4800e+27,1.5600e+27,3.2600e+27,3.6100e+27,1.1828e+29,0.0000e+00,6.8285e+08,1.1137e+07,0.0000e+00,0.0000e+00,2.7852e+07,5.1955e+05,4.9920e+05,4.9599e+05,98.5,0.0,0.5,0.9,7.4408e+29,7.1893e+29,1.2910e+28,1.2240e+28,1.3262e+28,0.0000e+00,96.6,1.7,1.6
280,7.3448e+29,7.2396e+29,0.0000e+00,3.7000e+27,6.8200e+27,5.4889e+29,1.7507e+29,0.0000e+00,0.0000e+00,2.4500e+27,1.2500e+27,3.4700e+27,3.3500e+27,1.2022e+29,0.0000e+00,6.8688e+08,1.0483e+07,0.0000e+00,0.0000e+00,2.7143e+07,5.1546e+05,5.0244e+05,4.9922e+05,98.6,0.0,0.5,0.9,7.3420e+29,7.0876e+29,1.2900e+28,1.2540e+28,1.3475e+28,0.0000e+00,96.5,1.8,1.7
281,7.2286e+29,7.1217e+29,0.0000e+00,3.8100e+27,6.8800e+27,5.4370e+29,1.6847e+29,0.0000e+00,0.0000e+00,2.4400e+27,1.3700e+27,3.4900e+27,3.3900e+27,1.2036e+29,0.0000e+00,6.8797e+08,9.8555e+06,0.0000e+00,0.0000e+00,2.6497e+07,5.0831e+05,5.0567e+05,5.0246e+05,98.5,0.0,0.5,1.0,7.2370e+29,6.9866e+29,1.2100e+28,1.2940e+28,1.3613e+28,0.0000e+00,96.5,1.7,1.8
282,7.2304e+29,7.1245e+29,0.0000e+00,3.7200e+27,6.8700e+27,5.4264e+29,1.6981e+29,0.0000e+00,0.0000e+00,2.3900e+27,1.3300e+27,3.7200e+27,3.1500e+27,1.2278e+29,0.0000e+00,6.8818e+08,9.1621e+06,0.0000e+00,0.0000e+00,2.6076e+07,4.7678e+05,5.0891e+05,5.0569e+05,98.5,0.0,0.5,1.0,7.2313e+29,6.9779e+29,1.2900e+28,1.2440e+28,1.3902e+28,0.0000e+00,96.5,1.8,1.7
283,7.0796e+29,6.9738e+29,0.0000e+00,3.7100e+27,6.8700e+27,5.3311e+29,1.6427e+29,0.0000e+00,0.0000e+00,2.3500e+27,1.3600e+27,3.3600e+27,3.5100e+27,1.2449e+29,0.0000e+00,6.8730e+08,8.4982e+06,0.0000e+00,0.0000e+00,2.5646e+07,4.7461e+05,5.1214e+05,5.0893e+05,98.5,0.0,0.5,1.0,7.0848e+29,6.8346e+29,1.2600e+28,1.2420e+28,1.4040e+28,0.0000e+00,96.5,1.8,1.8
284,6.9755e+29,6.8718e+29,0.0000e+00,3.4700e+27,6.9000e+27,5.2468e+29,1.6250e+29,0.0000e+00,0.0000e+00,2.1000e+27,1.3700e+27,3.5600e+27,3.3400e+27,1.2762e+29,0.0000e+00,6.8661e+08,7.8587e+06,0.0000e+00,0.0000e+00,2.4937e+07,4.7850e+05,5.1536e+05,5.1216e+05,98.5,0.0,0.5,1.0,6.9701e+29,6.7251e+29,1.2110e+28,1.2390e+28,1.4253e+28,0.0000e+00,96.5,1.7,1.8
285,6.8827e+29,6.7803e+29,0.0000e+00,3.4500e+27,6.7900e+27,5.1679e+29,1.6124e+29,0.0000e+00,0.0000e+00,2.2400e+27,1.2100e+27,3.5300e+27,3.2600e+27,1.3093e+29,0.0000e+00,6.8599e+08,7.2140e+06,0.0000e+00,0.0000e+00,2.4322e+07,4.6758e+05,5.1859e+05,5.1538e+05,98.5,0.0,0.5,1.0,6.8883e+29,6.6425e+29,1.2410e+28,1.2170e+28,1.4467e+28,0.0000e+00,96.4,1.8,1.8
286,6.8151e+29,6.7123e+29,0.0000e+00,3.3800e+27,6.9000e+27,5.1734e+29,1.5389e+29,0.0000e+00,0.0000e+00,2.0600e+27,1.3200e+27,3.2800e+27,3.6200e+27,1.3159e+29,0.0000e+00,6.8548e+08,6.4892e+06,0.0000e+00,0.0000e+00,2.3627e+07,5.1261e+05,5.2179e+05,5.1861e+05,98.5,0.0,0.5,1.0,6.8137e+29,6.5589e+29,1.3000e+28,1.2480e+28,1.4597e+28,0.0000e+00,96.3,1.9,1.8
287,6.7017e+29,6.6022e+29,0.0000e+00,3.0900e+27,6.8600e+27,5.0539e+29,1.5483e+29,0.0000e+00,0.0000e+00,1.9000e+27,1.1900e+27,3.4400e+27,3.4200e+27,1.2900e+29,0.0000e+00,6.8312e+08,5.8478e+06,0.0000e+00,0.0000e+00,2.3083e+07,5.0562e+05,5.2501e+05,5.2181e+05,98.5,0.0,0.5,1.0,6.7071e+29,6.4689e+29,1.1410e+28,1.2410e+28,1.4893e+28,0.0000e+00,96.4,1.7,1.9
288,6.5789e+29,6.4774e+29,0.0000e+00,3.3000e+27,6.8500e+27,4.9681e+29,1.5093e+29,0.0000e+00,0.0000e+00,1.8800e+27,1.4200e+27,3.3000e+27,3.5500e+27,1.2916e+29,0.0000e+00,6.8194e+08,5.1891e+06,0.0000e+00,0.0000e+00,2.2821e+07,5.3192e+05,5.2820e+05,5.2502e+05,98.5,0.0,0.5,1.0,6.5822e+29,6.3379e+29,1.2140e+28,1.2290e+28,1.5020e+28,0.0000e+00,96.3,1.8,1.9
289,6.5336e+29,6.4330e+29,0.0000e+00,3.1700e+27,6.8900e+27,4.9281e+29,1.5049e+29,0.0000e+00,0.0000e+00,1.7100e+27,1.4600e+27,3.4000e+27,3.4900e+27,1.3043e+29,0.0000e+00,6.7876e+08,4.4526e+06,0.0000e+00,0.0000e+00,2.2038e+07,5.1962e+05,5.3138e+05,5.2821e+05,98.5,0.0,0.5,1.1,6.5327e+29,6.3003e+29,1.1570e+28,1.1670e+28,1.5230e+28,0.0000e+00,96.4,1.8,1.8
290,6.5060e+29,6.4064e+29,0.0000e+00,3.0700e+27,6.8900e+27,4.9066e+29,1.4998e+29,0.0000e+00,0.0000e+00,2.1400e+27,9.3000e+26,3.4900e+27,3.4000e+27,1.2655e+29,0.0000e+00,6.8117e+08,3.7851e+06,0.0000e+00,0.0000e+00,2.1707e+07,5.1862e+05,5.3457e+05,5.3140e+05,98.5,0.0,0.5,1.1,6.5137e+29,6.2791e+29,1.1630e+28,1.1830e+28,1.5531e+28,0.0000e+00,96.4,1.8,1.8
291,6.4155e+29,6.3181e+29,0.0000e+00,2.8800e+27,6.8600e+27,4.8538e+29,1.4643e+29,0.0000e+00,0.0000e+00,1.7700e+27,1.1100e+27,3.3700e+27,3.4900e+27,1.2184e+29,0.0000e+00,6.8292e+08,3.0638e+06,0.0000e+00,0.0000e+00,2.1501e+07,5.1992e+05,5.3773e+05,5.3459e+05,98.5,0.0,0.4,1.1,6.4110e+29,6.1753e+29,1.1900e+28,1.1670e+28,1.5651e+28,0.0000e+00,96.3,1.9,1.8
292,6.2542e+29,6.1584e+29,0.0000e+00,2.7500e+27,6.8300e+27,4.7366e+29,1.4218e+29,0.0000e+00,0.0000e+00,1.7400e+27,1.0100e+27,3.4900e+27,3.3400e+27,1.1936e+29,0.0000e+00,6.8281e+08,2.3343e+06,0.0000e+00,0.0000e+00,2.0944e+07,5.0035e+05,5.4088e+05,5.3775e+05,98.5,0.0,0.4,1.1,6.2589e+29,6.0306e+29,1.1050e+28,1.1780e+28,1.5859e+28,0.0000e+00,96.4,1.8,1.9
293,6.2163e+29,6.1213e+29,0.0000e+00,2.6300e+27,6.8700e+27,4.6952e+29,1.4261e+29,0.0000e+00,0.0000e+00,1.4500e+27,1.1800e+27,3.6800e+27,3.1900e+27,1.1552e+29,0.0000e+00,6.8224e+08,1.6124e+06,0.0000e+00,0.0000e+00,2.0265e+07,5.1155e+05,5.4401e+05,5.4089e+05,98.5,0.0,0.4,1.1,6.2119e+29,5.9794e+29,1.1370e+28,1.1880e+28,1.6066e+28,0.0000e+00,96.3,1.8,1.9
294,6.1039e+29,6.0070e+29,0.0000e+00,2.8200e+27,6.8700e+27,4.6184e+29,1.3886e+29,0.0000e+00,0.0000e+00,1.7200e+27,1.1000e+27,3.4800e+27,3.3900e+27,1.1718e+29,0.0000e+00,6.8224e+08,8.6646e+05,0.0000e+00,0.0000e+00,1.9871e+07,5.1774e+05,5.4713e+05,5.4403e+05,98.4,0.0,0.5,1.1,6.1140e+29,5.8875e+29,1.1390e+28,1.1260e+28,1.6271e+28,0.0000e+00,96.3,1.9,1.8
295,5.9992e+29,5.9032e+29,0.0000e+00,2.7000e+27,6.9000e+27,4.5237e+29,1.3795e+29,0.0000e+00,0.0000e+00,1.6800e+27,1.0200e+27,3.4400e+27,3.4600e+27,1.1309e+29,0.0000e+00,6.8421e+08,1.0916e+05,0.0000e+00,0.0000e+00,1.9392e+07,5.2458e+05,5.5023e+05,5.4715e+05,98.4,0.0,0.5,1.2,5.9886e+29,5.7600e+29,1.1350e+28,1.1510e+28,1.6475e+28,0.0000e+00,96.2,1.9,1.9
296,5.9411e+29,5.8431e+29,0.0000e+00,2.9500e+27,6.8500e+27,4.3949e+29,1.4482e+29,0.0000e+00,0.0000e+00,1.9500e+27,1.0000e+27,3.4200e+27,3.4300e+27,1.1239e+29,0.0000e+00,6.8499e+08,7.9021e+02,0.0000e+00,0.0000e+00,2.3956e+07,5.2801e+05,5.5332e+05,5.5025e+05,98.4,0.0,0.5,1.2,5.9507e+29,5.7099e+29,1.1880e+28,1.2200e+28,1.6677e+28,0.0000e+00,96.0,2.0,2.1
297,5.8830e+29,5.7863e+29,0.0000e+00,2.7900e+27,6.8800e+27,4.3288e+29,1.4575e+29,0.0000e+00,0.0000e+00,1.8400e+27,9.5000e+26,3.7200e+27,3.1600e+27,1.1343e+29,0.0000e+00,6.8241e+08,4.5835e+06,0.0000e+00,0.0000e+00,2.3342e+07,5.0405e+05,5.5638e+05,5.5334e+05,98.4,0.0,0.5,1.2,5.8842e+29,5.6652e+29,1.1290e+28,1.0610e+28,1.6878e+28,0.0000e+00,96.3,1.9,1.8
298,5.8189e+29,5.7213e+29,0.0000e+00,2.9500e+27,6.8100e+27,4.2775e+29,1.4438e+29,0.0000e+00,0.0000e+00,2.0000e+27,9.5000e+26,3.4200e+27,3.3900e+27,1.1291e+29,0.0000e+00,6.8161e+08,9.7991e+06,0.0000e+00,0.0000e+00,2.2632e+07,5.2621e+05,5.5942e+05,5.5640e+05,98.3,0.0,0.5,1.2,5.8124e+29,5.5841e+29,1.1830e+28,1.1000e+28,1.7075e+28,0.0000e+00,96.1,2.0,1.9
299,5.7088e+29,5.6172e+29,0.0000e+00,2.3000e+27,6.8600e+27,4.2124e+29,1.4048e+29,0.0000e+00,0.0000e+00,1.3000e+27,1.0000e+27,3.3800e+27,3.4800e+27,1.1569e+29,0.0000e+00,6.8005e+08,1.2346e+07,0.0000e+00,0.0000e+00,2.2543e+07,5.0663e+05,5.6244e+05,5.5944e+05,98.4,0.0,0.4,1.2,5.7178e+29,5.4990e+29,1.1340e+28,1.0540e+28,1.7271e+28,0.0000e+00,96.2,2.0,1.8
300,5.6968e+29,5.6061e+29,0.0000e+00,2.3500e+27,6.7200e+27,4.1626e+29,1.4435e+29,0.0000e+00,0.0000e+00,1.5100e+27,8.4000e+26,3.2400e+27,3.4800e+27,1.1730e+29,0.0000e+00,6.8116e+08,1.2172e+07,0.0000e+00,0.0000e+00,2.2128e+07,5.0369e+05,5.6544e+05,5.6246e+05,98.4,0.0,0.4,1.2,5.6897e+29,5.4746e+29,1.0870e+28,1.0640e+28,1.7463e+28,0.0000e+00,96.2,1.9,1.9
301,5.6704e+29,5.5752e+29,0.0000e+00,2.5400e+27,6.9800e+27,4.1643e+29,1.4109e+29,0.0000e+00,0.0000e+00,1.5400e+27,1.0000e+27,3.4700e+27,3.5100e+27,1.1822e+29,0.0000e+00,6.7997e+08,1.1797e+07,0.0000e+00,0.0000e+00,2.1683e+07,5.0082e+05,5.6843e+05,5.6546e+05,98.3,0.0,0.4,1.2,5.6689e+29,5.4543e+29,1.1440e+28,1.0020e+28,1.7764e+28,0.0000e+00,96.2,2.0,1.8
302,5.5827e+29,5.4920e+29,0.0000e+00,2.2300e+27,6.8400e+27,4.0916e+29,1.4004e+29,0.0000e+00,0.0000e+00,1.2900e+27,9.4000e+26,3.3500e+27,3.4900e+27,1.1698e+29,0.0000e+00,6.7730e+08,1.1368e+07,0.0000e+00,0.0000e+00,2.1241e+07,5.0751e+05,5.7137e+05,5.6845e+05,98.4,0.0,0.4,1.2,5.5888e+29,5.3769e+29,1.1010e+28,1.0180e+28,1.7842e+28,0.0000e+00,96.2,2.0,1.8
303,5.5253e+29,5.4327e+29,0.0000e+00,2.5500e+27,6.7100e+27,4.0473e+29,1.3854e+29,0.0000e+00,0.0000e+00,1.6000e+27,9.5000e+26,3.3800e+27,3.3300e+27,1.1582e+29,0.0000e+00,6.7445e+08,1.1089e+07,0.0000e+00,0.0000e+00,2.0789e+07,5.3930e+05,5.7430e+05,5.7139e+05,98.3,0.0,0.5,1.2,5.5280e+29,5.3172e+29,1.1120e+28,9.9600e+27,1.8139e+28,0.0000e+00,96.2,2.0,1.8
304,5.4869e+29,5.3958e+29,0.0000e+00,2.3300e+27,6.7800e+27,4.0320e+29,1.3638e+29,0.0000e+00,0.0000e+00,1.3700e+27,9.6000e+26,3.2100e+27,3.5700e+27,1.1592e+29,0.0000e+00,6.7143e+08,1.0848e+07,0.0000e+00,0.0000e+00,2.0227e+07,5.4103e+05,5.7721e+05,5.7432e+05,98.3,0.0,0.4,1.2,5.4948e+29,5.2917e+29,1.0510e+28,9.8000e+27,1.8322e+28,0.0000e+00,96.3,1.9,1.8
305,5.3493e+29,5.2544e+29,0.0000e+00,2.6300e+27,6.8600e+27,3.8921e+29,1.3623e+29,0.0000e+00,0.0000e+00,1.5400e+27,1.0900e+27,3.3100e+27,3.5500e+27,1.1408e+29,0.0000e+00,6.6924e+08,1.0638e+07,0.0000e+00,0.0000e+00,1.9703e+07,5.2524e+05,5.8006e+05,5.7723e+05,98.2,0.0,0.5,1.3,5.3491e+29,5.1460e+29,1.1080e+28,9.2300e+27,1.8384e+28,0.0000e+00,96.2,2.1,1.7
306,5.3760e+29,5.2835e+29,0.0000e+00,2.4300e+27,6.8200e+27,3.9155e+29,1.3680e+29,0.0000e+00,0.0000e+00,1.4300e+27,1.0000e+27,3.4400e+27,3.3800e+27,1.1867e+29,0.0000e+00,6.6687e+08,1.0358e+07,0.0000e+00,0.0000e+00,1.9056e+07,5.0430e+05,5.8292e+05,5.8008e+05,98.3,0.0,0.5,1.3,5.3762e+29,5.1770e+29,1.0500e+28,9.4200e+27,1.8795e+28,0.0000e+00,96.3,2.0,1.8
307,5.2663e+29,5.1779e+29,0.0000e+00,2.0300e+27,6.8100e+27,3.8262e+29,1.3517e+29,0.0000e+00,0.0000e+00,1.2300e+27,8.0000e+26,3.5100e+27,3.3000e+27,1.1687e+29,0.0000e+00,6.6606e+08,1.0141e+07,0.0000e+00,0.0000e+00,1.8429e+07,5.0273e+05,5.8572e+05,5.8293e+05,98.3,0.0,0.4,1.3,5.2731e+29,5.0729e+29,1.0680e+28,9.3400e+27,1.8849e+28,0.0000e+00,96.2,2.0,1.8
308,5.2147e+29,5.1220e+29,0.0000e+00,2.4300e+27,6.8400e+27,3.7599e+29,1.3621e+29,0.0000e+00,0.0000e+00,1.4800e+27,9.5000e+26,3.1800e+27,3.6600e+27,1.1504e+29,0.0000e+00,6.6250e+08,1.0101e+07,0.0000e+00,0.0000e+00,1.8067e+07,5.3569e+05,5.8849e+05,5.8574e+05,98.2,0.0,0.5,1.3,5.1968e+29,5.0067e+29,1.0200e+28,8.8100e+27,1.9015e+28,0.0000e+00,96.3,2.0,1.7
309,5.1983e+29,5.1067e+29,0.0000e+00,2.3600e+27,6.8000e+27,3.7459e+29,1.3608e+29,0.0000e+00,0.0000e+00,1.4700e+27,8.9000e+26,3.5700e+27,3.2300e+27,1.1426e+29,0.0000e+00,6.6099e+08,9.9948e+06,0.0000e+00,0.0000e+00,1.7704e+07,5.4589e+05,5.9124e+05,5.8851e+05,98.2,0.0,0.5,1.3,5.2038e+29,5.0207e+29,1.0010e+28,8.3000e+27,1.9303e+28,0.0000e+00,96.5,1.9,1.6
310,5.1217e+29,5.0319e+29,0.0000e+00,2.1300e+27,6.8500e+27,3.6997e+29,1.3322e+29,0.0000e+00,0.0000e+00,1.2000e+27,9.3000e+26,3.5300e+27,3.3200e+27,1.1524e+29,0.0000e+00,6.5911e+08,9.9753e+06,0.0000e+00,0.0000e+00,1.7140e+07,5.4461e+05,5.9395e+05,5.9126e+05,98.2,0.0,0.4,1.3,5.1226e+29,4.9311e+29,1.0440e+28,8.7100e+27,1.9463e+28,0.0000e+00,96.3,2.0,1.7
311,5.0768e+29,4.9860e+29,0.0000e+00,2.3000e+27,6.7800e+27,3.6496e+29,1.3364e+29,0.0000e+00,0.0000e+00,1.4100e+27,8.9000e+26,3.4500e+27,3.3300e+27,1.1596e+29,0.0000e+00,6.5970e+08,9.8700e+06,0.0000e+00,0.0000e+00,1.6743e+07,5.7913e+05,5.9662e+05,5.9396e+05,98.2,0.0,0.5,1.3,5.0892e+29,4.9127e+29,9.9600e+27,7.6900e+27,1.9619e+28,0.0000e+00,96.5,2.0,1.5
312,5.0645e+29,4.9742e+29,0.0000e+00,2.1000e+27,6.9300e+27,3.6333e+29,1.3409e+29,0.0000e+00,0.0000e+00,1.1600e+27,9.4000e+26,3.3600e+27,3.5700e+27,1.1791e+29,0.0000e+00,6.5970e+08,9.7376e+06,0.0000e+00,0.0000e+00,1.6412e+07,5.9130e+05,5.9927e+05,5.9664e+05,98.2,0.0,0.4,1.4,5.0634e+29,4.8905e+29,1.0240e+28,7.0500e+27,1.9900e+28,0.0000e+00,96.6,2.0,1.4
313,4.9933e+29,4.9033e+29,0.0000e+00,2.1600e+27,6.8400e+27,3.5607e+29,1.3426e+29,0.0000e+00,0.0000e+00,1.3000e+27,8.6000e+26,3.3000e+27,3.5400e+27,1.1555e+29,0.0000e+00,6.5959e+08,9.6447e+06,0.0000e+00,0.0000e+00,1.6074e+07,5.8336e+05,6.0187e+05,5.9929e+05,98.2,0.0,0.4,1.4,4.9980e+29,4.8198e+29,1.0370e+28,7.4500e+27,2.0048e+28,0.0000e+00,96.4,2.1,1.5
314,4.9476e+29,4.8570e+29,0.0000e+00,2.3000e+27,6.7600e+27,3.5230e+29,1.3340e+29,0.0000e+00,0.0000e+00,1.4900e+27,8.1000e+26,3.4000e+27,3.3600e+27,1.1412e+29,0.0000e+00,6.5840e+08,9.5199e+06,0.0000e+00,0.0000e+00,1.5596e+07,5.9099e+05,6.0443e+05,6.0189e+05,98.2,0.0,0.5,1.4,4.9453e+29,4.7744e+29,1.0700e+28,6.3900e+27,2.0190e+28,0.0000e+00,96.5,2.2,1.3
315,4.9344e+29,4.8446e+29,0.0000e+00,2.1200e+27,6.8600e+27,3.5131e+29,1.3315e+29,0.0000e+00,0.0000e+00,1.1800e+27,9.4000e+26,3.4900e+27,3.3700e+27,1.1718e+29,0.0000e+00,6.5750e+08,9.3428e+06,0.0000e+00,0.0000e+00,1.5328e+07,5.9932e+05,6.0695e+05,6.0445e+05,98.2,0.0,0.4,1.4,4.9407e+29,4.7702e+29,1.0800e+28,6.2500e+27,2.0327e+28,0.0000e+00,96.5,2.2,1.3
316,4.9098e+29,4.8219e+29,0.0000e+00,1.9700e+27,6.8200e+27,3.4760e+29,1.3459e+29,0.0000e+00,0.0000e+00,1.0800e+27,8.9000e+26,3.2900e+27,3.5300e+27,1.1755e+29,0.0000e+00,6.5556e+08,9.2945e+06,0.0000e+00,0.0000e+00,1.5026e+07,5.9381e+05,6.0944e+05,6.0697e+05,98.2,0.0,0.4,1.4,4.9084e+29,4.7458e+29,1.0450e+28,5.8100e+27,2.0595e+28,0.0000e+00,96.7,2.1,1.2
317,4.8167e+29,4.7305e+29,0.0000e+00,1.9800e+27,6.6400e+27,3.3972e+29,1.3333e+29,0.0000e+00,0.0000e+00,1.1100e+27,8.7000e+26,3.3600e+27,3.2800e+27,1.1458e+29,0.0000e+00,6.5460e+08,9.1237e+06,0.0000e+00,0.0000e+00,1.4790e+07,6.2300e+05,6.1188e+05,6.0945e+05,98.2,0.0,0.4,1.4,4.8167e+29,4.6635e+29,1.0170e+28,5.1500e+27,2.0723e+28,0.0000e+00,96.8,2.1,1.1
318,4.7831e+29,4.6939e+29,0.0000e+00,2.1300e+27,6.7900e+27,3.3491e+29,1.3448e+29,0.0000e+00,0.0000e+00,1.2200e+27,9.1000e+26,3.2500e+27,3.5400e+27,1.1432e+29,0.0000e+00,6.5274e+08,9.0446e+06,0.0000e+00,0.0000e+00,1.4780e+07,6.3483e+05,6.1428e+05,6.1189e+05,98.1,0.0,0.4,1.4,4.7789e+29,4.6301e+29,1.0050e+28,4.8300e+27,2.0985e+28,0.0000e+00,96.9,2.1,1.0
319,4.7327e+29,4.6446e+29,0.0000e+00,2.0200e+27,6.7900e+27,3.3146e+29,1.3300e+29,0.0000e+00,0.0000e+00,1.1000e+27,9.2000e+26,3.5500e+27,3.2400e+27,1.1690e+29,0.0000e+00,6.5133e+08,8.9664e+06,0.0000e+00,0.0000e+00,1.4372e+07,6.0395e+05,6.1664e+05,6.1430e+05,98.1,0.0,0.4,1.4,4.7437e+29,4.5937e+29,1.0200e+28,4.8000e+27,2.1102e+28,0.0000e+00,96.8,2.2,1.0
320,4.6996e+29,4.6137e+29,0.0000e+00,1.8100e+27,6.7800e+27,3.2628e+29,1.3509e+29,0.0000e+00,0.0000e+00,1.1000e+27,7.1000e+26,3.5100e+27,3.2700e+27,1.1258e+29,0.0000e+00,6.4798e+08,8.8744e+06,0.0000e+00,0.0000e+00,1.4260e+07,6.0940e+05,6.1895e+05,6.1666e+05,98.2,0.0,0.4,1.4,4.6914e+29,4.5467e+29,1.0370e+28,4.1000e+27,2.1213e+28,0.0000e+00,96.9,2.2,0.9
321,4.7089e+29,4.6209e+29,0.0000e+00,1.9300e+27,6.8700e+27,3.2637e+29,1.3572e+29,0.0000e+00,0.0000e+00,1.1200e+27,8.1000e+26,3.6000e+27,3.2700e+27,1.1443e+29,0.0000e+00,6.4395e+08,8.8285e+06,0.0000e+00,0.0000e+00,1.3818e+07,6.2698e+05,6.2122e+05,6.1896e+05,98.1,0.0,0.4,1.5,4.7188e+29,4.5791e+29,1.0460e+28,3.5100e+27,2.1463e+28,0.0000e+00,97.0,2.2,0.7
322,4.6793e+29,4.5910e+29,0.0000e+00,1.9500e+27,6.8800e+27,3.2253e+29,1.3657e+29,0.0000e+00,0.0000e+00,1.0300e+27,9.2000e+26,3.1800e+27,3.7000e+27,1.1234e+29,0.0000e+00,6.3963e+08,8.7547e+06,0.0000e+00,0.0000e+00,1.3713e+07,6.1925e+05,6.2345e+05,6.2123e+05,98.1,0.0,0.4,1.5,4.6827e+29,4.5479e+29,1.0140e+28,3.3400e+27,2.1711e+28,0.0000e+00,97.1,2.2,0.7
323,4.6073e+29,4.5191e+29,0.0000e+00,2.0700e+27,6.7500e+27,3.1857e+29,1.3334e+29,0.0000e+00,0.0000e+00,1.2100e+27,8.6000e+26,3.1100e+27,3.6400e+27,1.1053e+29,0.0000e+00,6.3565e+08,8.6980e+06,0.0000e+00,0.0000e+00,1.3499e+07,6.5210e+05,6.2561e+05,6.2347e+05,98.1,0.0,0.4,1.5,4.6031e+29,4.4699e+29,1.0140e+28,3.1800e+27,2.1656e+28,0.0000e+00,97.1,2.2,0.7
324,4.5603e+29,4.4740e+29,0.0000e+00,1.8100e+27,6.8200e+27,3.1350e+29,1.3390e+29,0.0000e+00,0.0000e+00,9.8000e+26,8.3000e+26,3.4900e+27,3.3300e+27,1.0915e+29,0.0000e+00,6.3300e+08,8.7494e+06,0.0000e+00,0.0000e+00,1.3385e+07,6.3734e+05,6.2774e+05,6.2563e+05,98.1,0.0,0.4,1.5,4.5688e+29,4.4345e+29,1.0550e+28,2.8800e+27,2.1892e+28,0.0000e+00,97.1,2.3,0.6
325,4.5866e+29,4.4994e+29,0.0000e+00,1.9600e+27,6.7600e+27,3.1257e+29,1.3737e+29,0.0000e+00,0.0000e+00,1.0100e+27,9.5000e+26,3.3000e+27,3.4600e+27,1.0771e+29,0.0000e+00,6.3261e+08,8.7454e+06,0.0000e+00,0.0000e+00,1.3000e+07,6.1684e+05,6.2982e+05,6.2775e+05,98.1,0.0,0.4,1.5,4.5864e+29,4.4541e+29,1.0600e+28,2.6300e+27,2.2125e+28,0.0000e+00,97.1,2.3,0.6
326,4.5340e+29,4.4451e+29,0.0000e+00,2.0600e+27,6.8300e+27,3.0844e+29,1.3607e+29,0.0000e+00,0.0000e+00,1.0700e+27,9.9000e+26,3.4300e+27,3.4000e+27,1.0417e+29,0.0000e+00,6.2820e+08,8.7287e+06,0.0000e+00,0.0000e+00,1.2640e+07,6.1616e+05,6.3184e+05,6.2983e+05,98.0,0.0,0.5,1.5,4.5263e+29,4.3995e+29,1.0260e+28,2.4200e+27,2.2200e+28,0.0000e+00,97.2,2.3,0.5
327,4.5046e+29,4.4191e+29,0.0000e+00,1.7900e+27,6.7600e+27,3.0454e+29,1.3737e+29,0.0000e+00,0.0000e+00,8.6000e+26,9.3000e+26,3.4700e+27,3.2900e+27,1.0468e+29,0.0000e+00,6.2394e+08,8.7338e+06,0.0000e+00,0.0000e+00,1.2389e+07,6.2057e+05,6.3382e+05,6.3186e+05,98.1,0.0,0.4,1.5,4.5123e+29,4.3821e+29,1.1060e+28,1.9600e+27,2.2424e+28,0.0000e+00,97.1,2.5,0.4
328,4.4667e+29,4.3806e+29,0.0000e+00,1.7600e+27,6.8500e+27,3.0164e+29,1.3642e+29,0.0000e+00,0.0000e+00,9.4000e+26,8.2000e+26,3.2300e+27,3.6200e+27,1.0331e+29,0.0000e+00,6.2191e+08,8.7846e+06,0.0000e+00,0.0000e+00,1.2219e+07,6.7014e+05,6.3574e+05,6.3384e+05,98.1,0.0,0.4,1.5,4.4675e+29,4.3495e+29,1.0120e+28,1.6800e+27,2.2485e+28,0.0000e+00,97.4,2.3,0.4
329,4.4678e+29,4.3814e+29,0.0000e+00,1.8300e+27,6.8100e+27,3.0222e+29,1.3592e+29,0.0000e+00,0.0000e+00,9.6000e+26,8.7000e+26,3.4200e+27,3.3900e+27,1.0389e+29,0.0000e+00,6.2109e+08,8.8015e+06,0.0000e+00,0.0000e+00,1.2309e+07,7.1070e+05,6.3762e+05,6.3576e+05,98.1,0.0,0.4,1.5,4.4679e+29,4.3492e+29,1.0440e+28,1.4300e+27,2.2698e+28,0.0000e+00,97.3,2.3,0.3
330,4.4402e+29,4.3538e+29,0.0000e+00,1.8100e+27,6.8300e+27,2.9942e+29,1.3596e+29,0.0000e+00,0.0000e+00,9.3000e+26,8.8000e+26,3.4500e+27,3.3800e+27,1.0235e+29,0.0000e+00,6.1907e+08,8.8353e+06,0.0000e+00,0.0000e+00,1.2125e+07,7.0764e+05,6.3943e+05,6.3763e+05,98.1,0.0,0.4,1.5,4.4371e+29,4.3143e+29,1.0880e+28,1.4000e+27,2.2746e+28,0.0000e+00,97.2,2.5,0.3
331,4.4383e+29,4.3516e+29,0.0000e+00,1.9300e+27,6.7400e+27,2.9716e+29,1.3800e+29,0.0000e+00,0.0000e+00,1.0600e+27,8.7000e+26,3.2500e+27,3.4900e+27,1.0209e+29,0.0000e+00,6.1674e+08,8.8583e+06,0.0000e+00,0.0000e+00,1.2266e+07,7.0772e+05,6.4120e+05,6.3945e+05,98.0,0.0,0.4,1.5,4.4347e+29,4.3119e+29,1.0890e+28,1.3900e+27,2.2948e+28,0.0000e+00,97.2,2.5,0.3
332,4.4389e+29,4.3512e+29,0.0000e+00,1.9100e+27,6.8600e+27,2.9756e+29,1.3756e+29,0.0000e+00,0.0000e+00,1.1400e+27,7.7000e+26,3.6400e+27,3.2200e+27,1.0215e+29,0.0000e+00,6.1518e+08,8.9650e+06,0.0000e+00,0.0000e+00,1.2181e+07,6.9574e+05,6.4291e+05,6.4121e+05,98.0,0.0,0.4,1.5,4.4412e+29,4.3183e+29,1.1080e+28,1.2100e+27,2.3145e+28,0.0000e+00,97.2,2.5,0.3
333,4.3997e+29,4.3134e+29,0.0000e+00,1.9400e+27,6.6900e+27,2.9213e+29,1.3921e+29,0.0000e+00,0.0000e+00,1.1000e+27,8.4000e+26,3.4100e+27,3.2800e+27,9.8730e+28,0.0000e+00,6.1416e+08,9.1024e+06,0.0000e+00,0.0000e+00,1.1804e+07,6.9514e+05,6.4457e+05,6.4293e+05,98.0,0.0,0.4,1.5,4.3956e+29,4.2708e+29,1.1300e+28,1.1800e+27,2.3172e+28,0.0000e+00,97.2,2.6,0.3
334,4.4169e+29,4.3300e+29,0.0000e+00,1.8100e+27,6.8800e+27,2.9143e+29,1.4157e+29,0.0000e+00,0.0000e+00,8.7000e+26,9.4000e+26,3.2400e+27,3.6400e+27,9.7360e+28,0.0000e+00,6.1284e+08,9.1925e+06,0.0000e+00,0.0000e+00,1.1631e+07,6.7661e+05,6.4617e+05,6.4458e+05,98.0,0.0,0.4,1.6,4.4227e+29,4.2997e+29,1.1260e+28,1.0400e+27,2.3357e+28,0.0000e+00,97.2,2.5,0.2
335,4.3444e+29,4.2588e+29,0.0000e+00,1.7700e+27,6.7900e+27,2.8589e+29,1.3999e+29,0.0000e+00,0.0000e+00,9.4000e+26,8.3000e+26,3.5600e+27,3.2300e+27,9.5680e+28,0.0000e+00,6.0986e+08,9.3650e+06,0.0000e+00,0.0000e+00,1.1459e+07,6.7213e+05,6.4771e+05,6.4618e+05,98.0,0.0,0.4,1.6,4.3397e+29,4.2209e+29,1.1080e+28,8.0000e+26,2.3369e+28,0.0000e+00,97.3,2.6,0.2
336,4.3575e+29,4.2720e+29,0.0000e+00,1.7900e+27,6.7600e+27,2.8661e+29,1.4059e+29,0.0000e+00,0.0000e+00,1.0000e+27,7.9000e+26,3.4600e+27,3.3000e+27,9.4210e+28,0.0000e+00,6.0697e+08,9.5384e+06,0.0000e+00,0.0000e+00,1.1264e+07,6.8112e+05,6.4919e+05,6.4772e+05,98.0,0.0,0.4,1.6,4.3564e+29,4.2386e+29,1.1060e+28,7.2000e+26,2.3541e+28,0.0000e+00,97.3,2.5,0.2
337,4.4136e+29,4.3228e+29,0.0000e+00,2.2500e+27,6.8300e+27,2.9011e+29,1.4217e+29,0.0000e+00,0.0000e+00,1.2700e+27,9.8000e+26,3.5100e+27,3.3200e+27,9.4100e+28,0.0000e+00,6.0547e+08,9.6978e+06,0.0000e+00,0.0000e+00,1.1340e+07,6.9055e+05,6.5061e+05,6.4920e+05,97.9,0.0,0.5,1.5,4.4062e+29,4.2860e+29,1.1300e+28,7.2000e+26,2.3708e+28,0.0000e+00,97.3,2.6,0.2
338,4.4327e+29,4.3441e+29,0.0000e+00,2.1000e+27,6.7600e+27,2.8702e+29,1.4739e+29,0.0000e+00,0.0000e+00,1.0700e+27,1.0300e+27,3.3900e+27,3.3700e+27,9.2910e+28,0.0000e+00,6.0225e+08,9.9033e+06,0.0000e+00,0.0000e+00,1.1338e+07,7.0222e+05,6.5198e+05,6.5062e+05,98.0,0.0,0.5,1.5,4.4284e+29,4.3006e+29,1.2080e+28,7.0000e+26,2.3698e+28,0.0000e+00,97.1,2.7,0.2
339,4.4242e+29,4.3360e+29,0.0000e+00,2.0200e+27,6.8000e+27,2.8733e+29,1.4627e+29,0.0000e+00,0.0000e+00,1.0400e+27,9.8000e+26,3.3600e+27,3.4400e+27,9.2640e+28,0.0000e+00,5.9972e+08,1.0079e+07,0.0000e+00,0.0000e+00,1.1312e+07,7.3611e+05,6.5329e+05,6.5199e+05,98.0,0.0,0.5,1.5,4.4298e+29,4.3053e+29,1.1760e+28,6.9000e+26,2.4023e+28,0.0000e+00,97.2,2.7,0.2
340,4.4119e+29,4.3269e+29,0.0000e+00,1.7900e+27,6.7100e+27,2.8602e+29,1.4667e+29,0.0000e+00,0.0000e+00,1.0400e+27,7.5000e+26,3.2700e+27,3.4400e+27,8.9870e+28,0.0000e+00,5.9824e+08,1.0181e+07,0.0000e+00,0.0000e+00,1.1038e+07,7.0869e+05,6.5453e+05,6.5330e+05,98.1,0.0,0.4,1.5,4.3993e+29,4.2813e+29,1.1270e+28,5.3000e+26,2.3825e+28,0.0000e+00,97.3,2.6,0.1
341,4.4162e+29,4.3293e+29,0.0000e+00,1.8700e+27,6.8200e+27,2.8564e+29,1.4729e+29,0.0000e+00,0.0000e+00,1.0700e+27,8.0000e+26,3.3400e+27,3.4800e+27,8.9280e+28,0.0000e+00,5.9545e+08,1.0243e+07,0.0000e+00,0.0000e+00,1.0914e+07,7.4515e+05,6.5572e+05,6.5454e+05,98.0,0.0,0.4,1.5,4.4226e+29,4.2949e+29,1.2100e+28,6.7000e+26,2.4138e+28,0.0000e+00,97.1,2.7,0.2
342,4.4051e+29,4.3175e+29,0.0000e+00,2.0200e+27,6.7400e+27,2.8227e+29,1.4948e+29,0.0000e+00,0.0000e+00,1.1000e+27,9.2000e+26,3.2800e+27,3.4600e+27,8.8000e+28,0.0000e+00,5.9196e+08,1.0433e+07,0.0000e+00,0.0000e+00,1.0672e+07,7.9302e+05,6.5685e+05,6.5573e+05,98.0,0.0,0.5,1.5,4.4046e+29,4.2764e+29,1.2150e+28,6.7000e+26,2.4098e+28,0.0000e+00,97.1,2.8,0.2
343,4.4128e+29,4.3237e+29,0.0000e+00,2.1400e+27,6.7700e+27,2.8371e+29,1.4866e+29,0.0000e+00,0.0000e+00,1.3000e+27,8.4000e+26,3.3300e+27,3.4400e+27,8.6750e+28,0.0000e+00,5.8944e+08,1.0670e+07,0.0000e+00,0.0000e+00,1.0518e+07,7.8555e+05,6.5791e+05,6.5685e+05,98.0,0.0,0.5,1.5,4.4181e+29,4.2865e+29,1.2530e+28,6.3000e+26,2.4224e+28,0.0000e+00,97.0,2.8,0.1
344,4.4514e+29,4.3638e+29,0.0000e+00,1.9200e+27,6.8400e+27,2.8485e+29,1.5153e+29,0.0000e+00,0.0000e+00,1.0200e+27,9.0000e+26,3.4400e+27,3.4000e+27,8.5570e+28,0.0000e+00,5.8638e+08,1.0829e+07,0.0000e+00,0.0000e+00,1.0373e+07,8.1099e+05,6.5891e+05,6.5791e+05,98.0,0.0,0.4,1.5,4.4462e+29,4.3154e+29,1.2610e+28,4.7000e+26,2.4343e+28,0.0000e+00,97.1,2.8,0.1
345,4.4873e+29,4.3975e+29,0.0000e+00,2.1600e+27,6.8200e+27,2.8609e+29,1.5366e+29,0.0000e+00,0.0000e+00,1.1400e+27,1.0200e+27,3.4400e+27,3.3800e+27,8.4780e+28,0.0000e+00,5.8256e+08,1.1070e+07,0.0000e+00,0.0000e+00,9.9053e+06,8.2364e+05,6.5985e+05,6.5892e+05,98.0,0.0,0.5,1.5,4.4869e+29,4.3463e+29,1.3520e+28,5.4000e+26,2.4456e+28,0.0000e+00,96.9,3.0,0.1
346,4.4367e+29,4.3487e+29,0.0000e+00,2.0700e+27,6.7300e+27,2.8082e+29,1.5405e+29,0.0000e+00,0.0000e+00,1.1100e+27,9.6000e+26,3.5600e+27,3.1700e+27,8.5220e+28,0.0000e+00,5.7789e+08,1.1246e+07,0.0000e+00,0.0000e+00,9.7856e+06,8.5705e+05,6.6073e+05,6.5986e+05,98.0,0.0,0.5,1.5,4.4344e+29,4.3009e+29,1.2750e+28,6.0000e+26,2.4384e+28,0.0000e+00,97.0,2.9,0.1
347,4.4931e+29,4.4028e+29,0.0000e+00,2.1900e+27,6.8400e+27,2.8595e+29,1.5433e+29,0.0000e+00,0.0000e+00,1.2200e+27,9.7000e+26,3.5900e+27,3.2500e+27,8.4120e+28,0.0000e+00,5.7394e+08,1.1502e+07,0.0000e+00,0.0000e+00,9.6591e+06,8.3857e+05,6.6154e+05,6.6073e+05,98.0,0.0,0.5,1.5,4.4870e+29,4.3517e+29,1.2980e+28,5.5000e+26,2.4661e+28,0.0000e+00,97.0,2.9,0.1
348,4.5226e+29,4.4312e+29,0.0000e+00,2.3500e+27,6.7900e+27,2.8685e+29,1.5627e+29,0.0000e+00,0.0000e+00,1.2700e+27,1.0800e+27,3.2900e+27,3.5000e+27,8.3660e+28,0.0000e+00,5.6997e+08,1.1629e+07,0.0000e+00,0.0000e+00,9.7723e+06,8.7803e+05,6.6229e+05,6.6155e+05,98.0,0.0,0.5,1.5,4.5183e+29,4.3826e+29,1.3010e+28,5.6000e+26,2.4573e+28,0.0000e+00,97.0,2.9,0.1
349,4.5603e+29,4.4710e+29,0.0000e+00,2.1200e+27,6.8100e+27,2.8605e+29,1.6105e+29,0.0000e+00,0.0000e+00,1.1100e+27,1.0100e+27,3.3500e+27,3.4600e+27,8.3120e+28,0.0000e+00,5.6560e+08,1.1809e+07,0.0000e+00,0.0000e+00,9.7668e+06,8.9465e+05,6.6298e+05,6.6230e+05,98.0,0.0,0.5,1.5,4.5611e+29,4.4222e+29,1.3400e+28,4.9000e+26,2.4656e+28,0.0000e+00,97.0,2.9,0.1
350,4.5657e+29,4.4752e+29,0.0000e+00,2.3200e+27,6.7300e+27,2.8693e+29,1.6059e+29,0.0000e+00,0.0000e+00,1.2100e+27,1.1100e+27,3.4300e+27,3.3000e+27,7.9660e+28,0.0000e+00,5.6080e+08,1.2001e+07,0.0000e+00,0.0000e+00,9.6531e+06,9.3104e+05,6.6360e+05,6.6298e+05,98.0,0.0,0.5,1.5,4.5596e+29,4.4140e+29,1.3970e+28,5.9000e+26,2.4552e+28,0.0000e+00,96.8,3.1,0.1
351,4.5557e+29,4.4669e+29,0.0000e+00,2.0600e+27,6.8200e+27,2.8501e+29,1.6168e+29,0.0000e+00,0.0000e+00,1.0300e+27,1.0300e+27,3.5900e+27,3.2300e+27,7.8760e+28,0.0000e+00,5.5715e+08,1.2191e+07,0.0000e+00,0.0000e+00,9.5813e+06,9.2706e+05,6.6415e+05,6.6360e+05,98.1,0.0,0.5,1.5,4.5595e+29,4.4129e+29,1.4190e+28,4.7000e+26,2.4801e+28,0.0000e+00,96.8,3.1,0.1
352,4.5739e+29,4.4819e+29,0.0000e+00,2.4500e+27,6.7500e+27,2.8489e+29,1.6330e+29,0.0000e+00,0.0000e+00,1.3000e+27,1.1500e+27,3.4000e+27,3.3500e+27,7.7250e+28,0.0000e+00,5.5379e+08,1.2435e+07,0.0000e+00,0.0000e+00,9.5581e+06,9.4163e+05,6.6464e+05,6.6416e+05,98.0,0.0,0.5,1.5,4.5685e+29,4.4176e+29,1.4470e+28,6.2000e+26,2.4681e+28,0.0000e+00,96.7,3.2,0.1
353,4.6651e+29,4.5737e+29,0.0000e+00,2.3400e+27,6.8000e+27,2.8980e+29,1.6757e+29,0.0000e+00,0.0000e+00,1.3100e+27,1.0300e+27,3.4000e+27,3.4000e+27,7.6170e+28,0.0000e+00,5.4969e+08,1.2633e+07,0.0000e+00,0.0000e+00,9.3094e+06,9.4280e+05,6.6507e+05,6.6464e+05,98.0,0.0,0.5,1.5,4.6621e+29,4.5119e+29,1.4520e+28,5.0000e+26,2.4916e+28,0.0000e+00,96.8,3.1,0.1
354,4.6097e+29,4.5178e+29,0.0000e+00,2.4000e+27,6.7900e+27,2.8600e+29,1.6578e+29,0.0000e+00,0.0000e+00,1.2900e+27,1.1100e+27,3.4600e+27,3.3300e+27,7.5520e+28,0.0000e+00,5.4478e+08,1.2940e+07,0.0000e+00,0.0000e+00,9.0399e+06,9.3036e+05,6.6543e+05,6.6507e+05,98.0,0.0,0.5,1.5,4.6089e+29,4.4587e+29,1.4520e+28,5.0000e+26,2.4780e+28,0.0000e+00,96.7,3.2,0.1
355,4.6424e+29,4.5514e+29,0.0000e+00,2.3000e+27,6.8000e+27,2.8704e+29,1.6810e+29,0.0000e+00,0.0000e+00,1.2600e+27,1.0400e+27,3.4200e+27,3.3800e+27,7.4290e+28,0.0000e+00,5.4176e+08,1.3104e+07,0.0000e+00,0.0000e+00,8.9658e+06,9.5051e+05,6.6573e+05,6.6544e+05,98.0,0.0,0.5,1.5,4.6464e+29,4.4918e+29,1.4830e+28,6.3000e+26,2.5001e+28,0.0000e+00,96.7,3.2,0.1
356,4.6520e+29,4.5605e+29,0.0000e+00,2.3800e+27,6.7700e+27,2.8346e+29,1.7259e+29,0.0000e+00,0.0000e+00,1.2300e+27,1.1500e+27,3.3500e+27,3.4200e+27,7.1320e+28,0.0000e+00,5.3784e+08,1.3312e+07,0.0000e+00,0.0000e+00,8.9961e+06,9.2971e+05,6.6596e+05,6.6573e+05,98.0,0.0,0.5,1.5,4.6491e+29,4.5099e+29,1.3470e+28,4.5000e+26,2.4849e+28,0.0000e+00,97.0,2.9,0.1
357,4.6679e+29,4.5784e+29,0.0000e+00,2.1700e+27,6.7800e+27,2.8616e+29,1.7168e+29,0.0000e+00,0.0000e+00,1.1700e+27,1.0000e+27,3.3200e+27,3.4600e+27,6.9670e+28,0.0000e+00,5.3506e+08,1.3510e+07,0.0000e+00,0.0000e+00,8.9762e+06,9.2214e+05,6.6612e+05,6.6596e+05,98.1,0.0,0.5,1.5,4.6535e+29,4.5034e+29,1.4500e+28,5.1000e+26,2.4872e+28,0.0000e+00,96.8,3.1,0.1
358,4.7305e+29,4.6391e+29,0.0000e+00,2.3500e+27,6.7900e+27,2.8931e+29,1.7460e+29,0.0000e+00,0.0000e+00,1.3200e+27,1.0300e+27,3.4300e+27,3.3600e+27,7.1010e+28,0.0000e+00,5.3096e+08,1.3757e+07,0.0000e+00,0.0000e+00,8.8476e+06,9.9627e+05,6.6622e+05,6.6612e+05,98.1,0.0,0.5,1.4,4.7285e+29,4.5743e+29,1.4950e+28,4.7000e+26,2.4888e+28,0.0000e+00,96.7,3.2,0.1
359,4.6736e+29,4.5814e+29,0.0000e+00,2.4700e+27,6.7500e+27,2.8421e+29,1.7393e+29,0.0000e+00,0.0000e+00,1.3500e+27,1.1200e+27,3.3700e+27,3.3800e+27,6.8620e+28,0.0000e+00,5.2766e+08,1.3633e+07,0.0000e+00,0.0000e+00,9.1375e+06,1.0140e+06,6.6625e+05,6.6622e+05,98.0,0.0,0.5,1.4,4.6843e+29,4.5334e+29,1.4520e+28,5.7000e+26,2.4895e+28,0.0000e+00,96.8,3.1,0.1
