TAA_Bin,Gen_Total,Gen_PSD,Gen_TD,Gen_SWS,Gen_MMV,Gen_PSD_Dawn,Gen_PSD_Dusk,Gen_TD_Dawn,Gen_TD_Dusk,Gen_SWS_Dawn,Gen_SWS_Dusk,Gen_MMV_Dawn,Gen_MMV_Dusk,Max_Flux_PSD,Min_Flux_PSD,Max_Flux_TD,Min_Flux_TD,Max_Flux_SWS,Min_Flux_SWS,Max_Flux_MMV,Min_Flux_MMV,Pct_PSD,Pct_TD,Pct_SWS,Pct_MMV,Loss_Total,Loss_Stuck,Loss_Ionized,Loss_Escaped,Supply_Internal,Trans_Inward,Pct_Stuck,Pct_Ionized,Pct_Escaped
0,1.0575e+29,2.6041e+28,7.2751e+28,1.7700e+26,6.7780e+27,2.1366e+28,4.6750e+27,4.5837e+28,2.6914e+28,1.0100e+26,7.6000e+25,3.3550e+27,3.4230e+27,5.2312e+07,1.0029e-20,1.5860e+08,1.0004e-20,4.5274e+06,1.0030e-20,6.6629e+05,6.6626e+05,24.6,68.8,0.2,6.4,1.0585e+29,1.0296e+29,2.7610e+27,1.2900e+26,0.0000e+00,0.0000e+00,97.3,2.6,0.1
1,1.0450e+29,2.5940e+28,7.1537e+28,1.9600e+26,6.8240e+27,2.1173e+28,4.7670e+27,4.5100e+28,2.6437e+28,1.0500e+26,9.1000e+25,3.4960e+27,3.3280e+27,5.1813e+07,1.0326e-20,1.5574e+08,1.0234e-20,4.5692e+06,1.4902e-20,6.6625e+05,6.6616e+05,24.8,68.5,0.2,6.5,1.0459e+29,1.0174e+29,2.7140e+27,1.3800e+26,0.0000e+00,0.0000e+00,97.3,2.6,0.1
2,1.0322e+29,2.5621e+28,7.0635e+28,1.8600e+26,6.7800e+27,2.0899e+28,4.7220e+27,4.4125e+28,2.6510e+28,1.1000e+26,7.6000e+25,3.4340e+27,3.3460e+27,5.1375e+07,1.0029e-20,1.4894e+08,1.0267e-20,4.5634e+06,1.0061e-20,6.6616e+05,6.6599e+05,24.8,68.4,0.2,6.6,1.0318e+29,1.0030e+29,2.7200e+27,1.6100e+26,0.0000e+00,0.0000e+00,97.2,2.6,0.2
3,1.0337e+29,2.5042e+28,7.1363e+28,1.8500e+26,6.7790e+27,2.0378e+28,4.6640e+27,4.4592e+28,2.6771e+28,1.0600e+26,7.9000e+25,3.4270e+27,3.3520e+27,5.0825e+07,1.0119e-20,1.4405e+08,1.0051e-20,4.5540e+06,1.0066e-20,6.6599e+05,6.6576e+05,24.2,69.0,0.2,6.6,1.0327e+29,1.0045e+29,2.6380e+27,1.7500e+26,0.0000e+00,0.0000e+00,97.3,2.6,0.2
4,1.0476e+29,2.5027e+28,7.2762e+28,1.9600e+26,6.7760e+27,2.0247e+28,4.7800e+27,4.5567e+28,2.7195e+28,1.1800e+26,7.8000e+25,3.3300e+27,3.4460e+27,5.0574e+07,1.0551e-20,1.4696e+08,1.0029e-20,4.4969e+06,1.0922e-20,6.6576e+05,6.6547e+05,23.9,69.5,0.2,6.5,1.0489e+29,1.0196e+29,2.7650e+27,1.5700e+26,0.0000e+00,0.0000e+00,97.2,2.6,0.1
5,1.0448e+29,2.4864e+28,7.2589e+28,2.0200e+26,6.8250e+27,2.0004e+28,4.8600e+27,4.5437e+28,2.7152e+28,1.3000e+26,7.2000e+25,3.4300e+27,3.3950e+27,5.0237e+07,1.0005e-20,1.5568e+08,1.0851e-20,4.5437e+06,1.0619e-20,6.6547e+05,6.6511e+05,23.8,69.5,0.2,6.5,1.0437e+29,1.0147e+29,2.7240e+27,1.7300e+26,0.0000e+00,0.0000e+00,97.2,2.6,0.2
6,1.0366e+29,2.4470e+28,7.2245e+28,1.8200e+26,6.7640e+27,1.9604e+28,4.8660e+27,4.5453e+28,2.6792e+28,1.0200e+26,8.0000e+25,3.4180e+27,3.3460e+27,4.9895e+07,1.0241e-20,1.5534e+08,1.0183e-20,4.4512e+06,1.0171e-20,6.6510e+05,6.6468e+05,23.6,69.7,0.2,6.5,1.0373e+29,1.0082e+29,2.7510e+27,1.6400e+26,0.0000e+00,0.0000e+00,97.2,2.7,0.2
7,1.0294e+29,2.4348e+28,7.1576e+28,2.0400e+26,6.8070e+27,1.9492e+28,4.8560e+27,4.4409e+28,2.7167e+28,1.2100e+26,8.3000e+25,3.3130e+27,3.4940e+27,4.9516e+07,1.0138e-20,1.5977e+08,1.0285e-20,4.4469e+06,1.0005e-20,6.6468e+05,6.6419e+05,23.7,69.5,0.2,6.6,1.0308e+29,1.0025e+29,2.6630e+27,1.6300e+26,0.0000e+00,0.0000e+00,97.3,2.6,0.2
8,1.0149e+29,2.3896e+28,7.0647e+28,1.8700e+26,6.7600e+27,1.9106e+28,4.7900e+27,4.3331e+28,2.7316e+28,1.0900e+26,7.8000e+25,3.4050e+27,3.3550e+27,4.9083e+07,1.0023e-20,1.8373e+08,1.0024e-20,4.3975e+06,1.0216e-20,6.6418e+05,6.6363e+05,23.5,69.6,0.2,6.7,1.0145e+29,9.8612e+28,2.6450e+27,1.9800e+26,0.0000e+00,0.0000e+00,97.2,2.6,0.2
9,1.0009e+29,2.3680e+28,6.9411e+28,2.0100e+26,6.7990e+27,1.8939e+28,4.7410e+27,4.2141e+28,2.7270e+28,1.1200e+26,8.9000e+25,3.3620e+27,3.4370e+27,4.8714e+07,1.0007e-20,1.4909e+08,1.0047e-20,4.3141e+06,1.0056e-20,6.6363e+05,6.6301e+05,23.7,69.3,0.2,6.8,1.0020e+29,9.7363e+28,2.6470e+27,1.9200e+26,0.0000e+00,0.0000e+00,97.2,2.6,0.2
10,9.9754e+28,2.3714e+28,6.9050e+28,1.9400e+26,6.7960e+27,1.8848e+28,4.8660e+27,4.2200e+28,2.6850e+28,1.0800e+26,8.6000e+25,3.3940e+27,3.4020e+27,4.8293e+07,1.0081e-20,1.7896e+08,1.0047e-20,4.3074e+06,1.0072e-20,6.6301e+05,6.6233e+05,23.8,69.2,0.2,6.8,9.9828e+28,9.7013e+28,2.6150e+27,2.0000e+26,0.0000e+00,0.0000e+00,97.2,2.6,0.2
11,9.8758e+28,2.3426e+28,6.8356e+28,1.9000e+26,6.7860e+27,1.8504e+28,4.9220e+27,4.1896e+28,2.6460e+28,1.0000e+26,9.0000e+25,3.4650e+27,3.3210e+27,4.7916e+07,1.0044e-20,1.4387e+08,1.0324e-20,4.2655e+06,1.0085e-20,6.6232e+05,6.6158e+05,23.7,69.2,0.2,6.9,9.8696e+28,9.5902e+28,2.5690e+27,2.2500e+26,0.0000e+00,0.0000e+00,97.2,2.6,0.2
12,9.8218e+28,2.3082e+28,6.8184e+28,1.7000e+26,6.7820e+27,1.8267e+28,4.8150e+27,4.1693e+28,2.6491e+28,9.1000e+25,7.9000e+25,3.3800e+27,3.4020e+27,4.7332e+07,1.0031e-20,1.5424e+08,1.0102e-20,4.2757e+06,1.0180e-20,6.6157e+05,6.6077e+05,23.5,69.4,0.2,6.9,9.8250e+28,9.5558e+28,2.4550e+27,2.3700e+26,0.0000e+00,0.0000e+00,97.3,2.5,0.2
13,9.6132e+28,2.2785e+28,6.6320e+28,1.9800e+26,6.8290e+27,1.7979e+28,4.8060e+27,3.9934e+28,2.6386e+28,1.1600e+26,8.2000e+25,3.4330e+27,3.3960e+27,4.6862e+07,1.0004e-20,1.8531e+08,1.0099e-20,4.2081e+06,1.0117e-20,6.6076e+05,6.5989e+05,23.7,69.0,0.2,7.1,9.6272e+28,9.3535e+28,2.4730e+27,2.6400e+26,0.0000e+00,0.0000e+00,97.2,2.6,0.3
14,9.4352e+28,2.2519e+28,6.4877e+28,1.9800e+26,6.7580e+27,1.7668e+28,4.8510e+27,3.8706e+28,2.6171e+28,1.1100e+26,8.7000e+25,3.3660e+27,3.3920e+27,4.6531e+07,1.0134e-20,1.2438e+08,1.0312e-20,4.2083e+06,1.0102e-20,6.5988e+05,6.5895e+05,23.9,68.8,0.2,7.2,9.4374e+28,9.1711e+28,2.3880e+27,2.7500e+26,0.0000e+00,0.0000e+00,97.2,2.5,0.3
15,9.3819e+28,2.2491e+28,6.4340e+28,1.8400e+26,6.8040e+27,1.7580e+28,4.9110e+27,3.9076e+28,2.5264e+28,1.0100e+26,8.3000e+25,3.4250e+27,3.3790e+27,4.6144e+07,1.0194e-20,1.5576e+08,1.0242e-20,4.2238e+06,1.0146e-20,6.5895e+05,6.5795e+05,24.0,68.6,0.2,7.3,9.3880e+28,9.1211e+28,2.3490e+27,3.2000e+26,0.0000e+00,0.0000e+00,97.2,2.5,0.3
16,9.4144e+28,2.2015e+28,6.5162e+28,1.7900e+26,6.7880e+27,1.7154e+28,4.8610e+27,3.8578e+28,2.6584e+28,1.0100e+26,7.8000e+25,3.3370e+27,3.4510e+27,4.5757e+07,1.0024e-20,1.6330e+08,1.0014e-20,4.2388e+06,1.0261e-20,6.5795e+05,6.5689e+05,23.4,69.2,0.2,7.2,9.4213e+28,9.1511e+28,2.3740e+27,3.2800e+26,0.0000e+00,0.0000e+00,97.1,2.5,0.3
17,9.2038e+28,2.2041e+28,6.3032e+28,1.8400e+26,6.7810e+27,1.7261e+28,4.7800e+27,3.7705e+28,2.5327e+28,1.1000e+26,7.4000e+25,3.4520e+27,3.3290e+27,4.5311e+07,1.0145e-20,1.4810e+08,1.0075e-20,4.2115e+06,1.0020e-20,6.5688e+05,6.5577e+05,23.9,68.5,0.2,7.4,9.2120e+28,8.9380e+28,2.3500e+27,3.9000e+26,0.0000e+00,0.0000e+00,97.0,2.6,0.4
18,9.1219e+28,2.1810e+28,6.2420e+28,1.7700e+26,6.8120e+27,1.6912e+28,4.8980e+27,3.7115e+28,2.5305e+28,1.0200e+26,7.5000e+25,3.3810e+27,3.4310e+27,4.4805e+07,1.0063e-20,1.3527e+08,1.0186e-20,4.2689e+06,1.0420e-20,6.5576e+05,6.5458e+05,23.9,68.4,0.2,7.5,9.1180e+28,8.8572e+28,2.1910e+27,4.1700e+26,0.0000e+00,0.0000e+00,97.1,2.4,0.5
19,8.9378e+28,2.1680e+28,6.0725e+28,1.7100e+26,6.8020e+27,1.6845e+28,4.8350e+27,3.6040e+28,2.4685e+28,1.0500e+26,6.6000e+25,3.4010e+27,3.4010e+27,4.4428e+07,1.0145e-20,1.8256e+08,1.0234e-20,4.1740e+06,1.0371e-20,6.5457e+05,6.5333e+05,24.3,67.9,0.2,7.6,8.9641e+28,8.6944e+28,2.2580e+27,4.3900e+26,0.0000e+00,0.0000e+00,97.0,2.5,0.5
20,8.5843e+28,2.1357e+28,5.7548e+28,1.5500e+26,6.7830e+27,1.6484e+28,4.8730e+27,3.4353e+28,2.3195e+28,8.7000e+25,6.8000e+25,3.4200e+27,3.3630e+27,4.4028e+07,1.0141e-20,1.4921e+08,1.0035e-20,4.1753e+06,1.0167e-20,6.5332e+05,6.5202e+05,24.9,67.0,0.2,7.9,8.5901e+28,8.3318e+28,2.1120e+27,4.7100e+26,0.0000e+00,0.0000e+00,97.0,2.5,0.5
21,8.2868e+28,2.1192e+28,5.4724e+28,1.8200e+26,6.7700e+27,1.6328e+28,4.8640e+27,3.1561e+28,2.3163e+28,9.9000e+25,8.3000e+25,3.3550e+27,3.4150e+27,4.3474e+07,1.0047e-20,1.3675e+08,1.0213e-20,4.1258e+06,1.0060e-20,6.5201e+05,6.5066e+05,25.6,66.0,0.2,8.2,8.2991e+28,8.0435e+28,2.0430e+27,5.1300e+26,0.0000e+00,0.0000e+00,96.9,2.5,0.6
22,8.1780e+28,2.1205e+28,5.3597e+28,1.6800e+26,6.8100e+27,1.6210e+28,4.9950e+27,3.0624e+28,2.2973e+28,9.6000e+25,7.2000e+25,3.3410e+27,3.4690e+27,4.3084e+07,1.0026e-20,1.3362e+08,1.0054e-20,4.0026e+06,1.0030e-20,6.5065e+05,6.4923e+05,25.9,65.5,0.2,8.3,8.1847e+28,7.9226e+28,2.0250e+27,5.9600e+26,0.0000e+00,0.0000e+00,96.8,2.5,0.7
23,7.9597e+28,2.0977e+28,5.1672e+28,1.7500e+26,6.7730e+27,1.6056e+28,4.9210e+27,2.9364e+28,2.2308e+28,9.2000e+25,8.3000e+25,3.3910e+27,3.3820e+27,4.2859e+07,1.0019e-20,1.2770e+08,1.0026e-20,3.8858e+06,1.0230e-20,6.4922e+05,6.4775e+05,26.4,64.9,0.2,8.5,7.9706e+28,7.7236e+28,1.8350e+27,6.3500e+26,0.0000e+00,0.0000e+00,96.9,2.3,0.8
24,7.9520e+28,2.1003e+28,5.1542e+28,1.5700e+26,6.8180e+27,1.5933e+28,5.0700e+27,2.8992e+28,2.2550e+28,8.1000e+25,7.6000e+25,3.4660e+27,3.3520e+27,4.2393e+07,1.0092e-20,1.2018e+08,1.0058e-20,3.8848e+06,1.0173e-20,6.4774e+05,6.4620e+05,26.4,64.8,0.2,8.6,7.9530e+28,7.6967e+28,1.8720e+27,6.9100e+26,0.0000e+00,0.0000e+00,96.8,2.4,0.9
25,7.6108e+28,2.0565e+28,4.8605e+28,1.7900e+26,6.7590e+27,1.5670e+28,4.8950e+27,2.7624e+28,2.0981e+28,1.1200e+26,6.7000e+25,3.3800e+27,3.3790e+27,4.1944e+07,1.0005e-20,1.4340e+08,1.0279e-20,3.8646e+06,1.0093e-20,6.4619e+05,6.4462e+05,27.0,63.9,0.2,8.9,7.6233e+28,7.3742e+28,1.7520e+27,7.3900e+26,0.0000e+00,0.0000e+00,96.7,2.3,1.0
26,7.3647e+28,2.0635e+28,4.6055e+28,1.6700e+26,6.7900e+27,1.5679e+28,4.9560e+27,2.6789e+28,1.9266e+28,1.0700e+26,6.0000e+25,3.4440e+27,3.3460e+27,4.1536e+07,1.0036e-20,1.1689e+08,1.0052e-20,3.7742e+06,1.0763e-20,6.4460e+05,6.4296e+05,28.0,62.5,0.2,9.2,7.3785e+28,7.1282e+28,1.6830e+27,8.2000e+26,0.0000e+00,0.0000e+00,96.6,2.3,1.1
27,7.0702e+28,2.0160e+28,4.3557e+28,1.6600e+26,6.8190e+27,1.5257e+28,4.9030e+27,2.5106e+28,1.8451e+28,9.4000e+25,7.2000e+25,3.4680e+27,3.3510e+27,4.1313e+07,1.0055e-20,1.2131e+08,1.0102e-20,3.6784e+06,1.0008e-20,6.4295e+05,6.4125e+05,28.5,61.6,0.2,9.6,7.0861e+28,6.8419e+28,1.5650e+27,8.7700e+26,0.0000e+00,0.0000e+00,96.6,2.2,1.2
28,6.9956e+28,2.0408e+28,4.2594e+28,1.5000e+26,6.8040e+27,1.5464e+28,4.9440e+27,2.4227e+28,1.8367e+28,8.1000e+25,6.9000e+25,3.4370e+27,3.3670e+27,4.0983e+07,1.0164e-20,1.1566e+08,1.0090e-20,3.5602e+06,1.0184e-20,6.4123e+05,6.3948e+05,29.2,60.9,0.2,9.7,6.9900e+28,6.7469e+28,1.4580e+27,9.7300e+26,0.0000e+00,0.0000e+00,96.5,2.1,1.4
29,6.7436e+28,2.0013e+28,4.0470e+28,1.5800e+26,6.7950e+27,1.5108e+28,4.9050e+27,2.3275e+28,1.7195e+28,8.6000e+25,7.2000e+25,3.3560e+27,3.4390e+27,4.0590e+07,1.0004e-20,1.0150e+08,1.0018e-20,3.5080e+06,1.0017e-20,6.3947e+05,6.3767e+05,29.7,60.0,0.2,10.1,6.7578e+28,6.5061e+28,1.4500e+27,1.0670e+27,0.0000e+00,0.0000e+00,96.3,2.1,1.6
30,6.4635e+28,1.9907e+28,3.7757e+28,1.5700e+26,6.8140e+27,1.5020e+28,4.8870e+27,2.2474e+28,1.5283e+28,8.6000e+25,7.1000e+25,3.4350e+27,3.3790e+27,4.0232e+07,1.0010e-20,1.0755e+08,1.0013e-20,3.4509e+06,1.0088e-20,6.3765e+05,6.3579e+05,30.8,58.4,0.2,10.5,6.4738e+28,6.2341e+28,1.3660e+27,1.0310e+27,0.0000e+00,0.0000e+00,96.3,2.1,1.6
31,6.3941e+28,1.9541e+28,3.7443e+28,1.6100e+26,6.7960e+27,1.4831e+28,4.7100e+27,2.1384e+28,1.6059e+28,8.3000e+25,7.8000e+25,3.4190e+27,3.3770e+27,3.9877e+07,1.0017e-20,1.0613e+08,1.0200e-20,3.4919e+06,1.0091e-20,6.3578e+05,6.3387e+05,30.6,58.6,0.3,10.6,6.3999e+28,6.1592e+28,1.3460e+27,1.0610e+27,0.0000e+00,0.0000e+00,96.2,2.1,1.7
32,6.2630e+28,1.9478e+28,3.6186e+28,1.4700e+26,6.8190e+27,1.4866e+28,4.6120e+27,2.0095e+28,1.6091e+28,8.8000e+25,5.9000e+25,3.3690e+27,3.4500e+27,3.9591e+07,1.0011e-20,1.0404e+08,1.0081e-20,3.5142e+06,1.0035e-20,6.3386e+05,6.3189e+05,31.1,57.8,0.2,10.9,6.2778e+28,6.0282e+28,1.3740e+27,1.1220e+27,0.0000e+00,0.0000e+00,96.0,2.2,1.8
33,6.1343e+28,1.9453e+28,3.4954e+28,1.3800e+26,6.7980e+27,1.4702e+28,4.7510e+27,1.9548e+28,1.5406e+28,7.4000e+25,6.4000e+25,3.3830e+27,3.4150e+27,3.9419e+07,1.0046e-20,1.0745e+08,1.0083e-20,3.4245e+06,1.0001e-20,6.3188e+05,6.2987e+05,31.7,57.0,0.2,11.1,6.1287e+28,5.8932e+28,1.2430e+27,1.1120e+27,0.0000e+00,0.0000e+00,96.2,2.0,1.8
34,5.9295e+28,1.8936e+28,3.3369e+28,1.6800e+26,6.8220e+27,1.4382e+28,4.5540e+27,1.8760e+28,1.4609e+28,9.3000e+25,7.5000e+25,3.3510e+27,3.4710e+27,3.9074e+07,1.0126e-20,1.1143e+08,1.0013e-20,3.3040e+06,1.0039e-20,6.2985e+05,6.2778e+05,31.9,56.3,0.3,11.5,5.9439e+28,5.6963e+28,1.2110e+27,1.2650e+27,0.0000e+00,0.0000e+00,95.8,2.0,2.1
35,5.7399e+28,1.9139e+28,3.1307e+28,1.5500e+26,6.7980e+27,1.4447e+28,4.6920e+27,1.6939e+28,1.4368e+28,9.0000e+25,6.5000e+25,3.3250e+27,3.4730e+27,3.8703e+07,1.0074e-20,1.1160e+08,1.0106e-20,3.2264e+06,1.0034e-20,6.2777e+05,6.2566e+05,33.3,54.5,0.3,11.8,5.7425e+28,5.4999e+28,1.1520e+27,1.2740e+27,0.0000e+00,0.0000e+00,95.8,2.0,2.2
36,5.7246e+28,1.8874e+28,3.1412e+28,1.4000e+26,6.8200e+27,1.4295e+28,4.5790e+27,1.7418e+28,1.3994e+28,7.3000e+25,6.7000e+25,3.4480e+27,3.3720e+27,3.8338e+07,1.0032e-20,9.7721e+07,1.0005e-20,3.1489e+06,1.0007e-20,6.2565e+05,6.2348e+05,33.0,54.9,0.2,11.9,5.7237e+28,5.4765e+28,1.1290e+27,1.3430e+27,0.0000e+00,0.0000e+00,95.7,2.0,2.3
37,5.5609e+28,1.8823e+28,2.9842e+28,1.4100e+26,6.8030e+27,1.4287e+28,4.5360e+27,1.6139e+28,1.3703e+28,8.2000e+25,5.9000e+25,3.4350e+27,3.3680e+27,3.7976e+07,1.0025e-20,9.5649e+07,1.0015e-20,3.1190e+06,1.0207e-20,6.2347e+05,6.2127e+05,33.8,53.7,0.3,12.2,5.5777e+28,5.3368e+28,1.0130e+27,1.3960e+27,0.0000e+00,0.0000e+00,95.7,1.8,2.5
38,5.5073e+28,1.8575e+28,2.9574e+28,1.1500e+26,6.8090e+27,1.4099e+28,4.4760e+27,1.6021e+28,1.3553e+28,5.7000e+25,5.8000e+25,3.4300e+27,3.3790e+27,3.7591e+07,1.0047e-20,9.2520e+07,1.0111e-20,2.9951e+06,1.0033e-20,6.2125e+05,6.1900e+05,33.7,53.7,0.2,12.4,5.4991e+28,5.2537e+28,1.1040e+27,1.3500e+27,0.0000e+00,0.0000e+00,95.5,2.0,2.5
39,5.3169e+28,1.8451e+28,2.7788e+28,1.3600e+26,6.7940e+27,1.4077e+28,4.3740e+27,1.5280e+28,1.2508e+28,7.8000e+25,5.8000e+25,3.3750e+27,3.4190e+27,3.7309e+07,1.0037e-20,8.5595e+07,1.0103e-20,2.8941e+06,1.0084e-20,6.1898e+05,6.1669e+05,34.7,52.3,0.3,12.8,5.3326e+28,5.0867e+28,1.0300e+27,1.4290e+27,0.0000e+00,0.0000e+00,95.4,1.9,2.7
40,5.1553e+28,1.8187e+28,2.6415e+28,1.3500e+26,6.8160e+27,1.3918e+28,4.2690e+27,1.4236e+28,1.2179e+28,6.9000e+25,6.6000e+25,3.3170e+27,3.4990e+27,3.6983e+07,1.0085e-20,9.0010e+07,1.0014e-20,2.8049e+06,1.0001e-20,6.1667e+05,6.1433e+05,35.3,51.2,0.3,13.2,5.1550e+28,4.9138e+28,9.6200e+26,1.4500e+27,0.0000e+00,0.0000e+00,95.3,1.9,2.8
41,5.2223e+28,1.8308e+28,2.6962e+28,1.1900e+26,6.8340e+27,1.3913e+28,4.3950e+27,1.4417e+28,1.2545e+28,6.7000e+25,5.2000e+25,3.3970e+27,3.4370e+27,3.6728e+07,1.0046e-20,1.2500e+08,1.0079e-20,2.7460e+06,1.0002e-20,6.1431e+05,6.1192e+05,35.1,51.6,0.2,13.1,5.2323e+28,4.9860e+28,9.9100e+26,1.4720e+27,0.0000e+00,0.0000e+00,95.3,1.9,2.8
42,5.0148e+28,1.8239e+28,2.4981e+28,1.2500e+26,6.8030e+27,1.3884e+28,4.3550e+27,1.3050e+28,1.1931e+28,6.5000e+25,6.0000e+25,3.4520e+27,3.3510e+27,3.6447e+07,1.0015e-20,8.4077e+07,1.0016e-20,2.6819e+06,1.0129e-20,6.1191e+05,6.0948e+05,36.4,49.8,0.2,13.6,5.0231e+28,4.7822e+28,9.9400e+26,1.4150e+27,0.0000e+00,0.0000e+00,95.2,2.0,2.8
43,4.9716e+28,1.8087e+28,2.4643e+28,1.5000e+26,6.8360e+27,1.3841e+28,4.2460e+27,1.3476e+28,1.1167e+28,8.0000e+25,7.0000e+25,3.3840e+27,3.4520e+27,3.6143e+07,1.0026e-20,1.0053e+08,1.0084e-20,2.6692e+06,1.0243e-20,6.0947e+05,6.0700e+05,36.4,49.6,0.3,13.8,4.9687e+28,4.7321e+28,9.0400e+26,1.4620e+27,0.0000e+00,0.0000e+00,95.2,1.8,2.9
44,4.8844e+28,1.7921e+28,2.3986e+28,1.3600e+26,6.8010e+27,1.3717e+28,4.2040e+27,1.3658e+28,1.0328e+28,6.0000e+25,7.6000e+25,3.3390e+27,3.4620e+27,3.5795e+07,1.0025e-20,9.9862e+07,1.0041e-20,2.6628e+06,1.0131e-20,6.0698e+05,6.0448e+05,36.7,49.1,0.3,13.9,4.8809e+28,4.6528e+28,8.1800e+26,1.4630e+27,0.0000e+00,0.0000e+00,95.3,1.7,3.0
45,4.8807e+28,1.8128e+28,2.3741e+28,1.2100e+26,6.8170e+27,1.3850e+28,4.2780e+27,1.3247e+28,1.0494e+28,5.7000e+25,6.4000e+25,3.3650e+27,3.4520e+27,3.5478e+07,1.0022e-20,8.3686e+07,1.0068e-20,2.6372e+06,1.0192e-20,6.0446e+05,6.0192e+05,37.1,48.6,0.2,14.0,4.8872e+28,4.6460e+28,9.1700e+26,1.4950e+27,0.0000e+00,0.0000e+00,95.1,1.9,3.1
46,4.8719e+28,1.8100e+28,2.3669e+28,1.1300e+26,6.8370e+27,1.3885e+28,4.2150e+27,1.2962e+28,1.0707e+28,5.7000e+25,5.6000e+25,3.4110e+27,3.4260e+27,3.5272e+07,1.0006e-20,7.8326e+07,1.0012e-20,2.5658e+06,1.0171e-20,6.0190e+05,5.9931e+05,37.2,48.6,0.2,14.0,4.8705e+28,4.6250e+28,8.4800e+26,1.6070e+27,0.0000e+00,0.0000e+00,95.0,1.7,3.3
47,4.7805e+28,1.7979e+28,2.2874e+28,1.1300e+26,6.8390e+27,1.3880e+28,4.0990e+27,1.2265e+28,1.0609e+28,6.6000e+25,4.7000e+25,3.4700e+27,3.3690e+27,3.5093e+07,1.0001e-20,8.4768e+07,1.0015e-20,2.5585e+06,1.0106e-20,5.9930e+05,5.9667e+05,37.6,47.8,0.2,14.3,4.7852e+28,4.5424e+28,8.3400e+26,1.5940e+27,0.0000e+00,0.0000e+00,94.9,1.7,3.3
48,4.7787e+28,1.7923e+28,2.2908e+28,1.3700e+26,6.8190e+27,1.3905e+28,4.0180e+27,1.2602e+28,1.0306e+28,6.9000e+25,6.8000e+25,3.4080e+27,3.4110e+27,3.4871e+07,1.0056e-20,8.1698e+07,1.0081e-20,2.5255e+06,1.0033e-20,5.9665e+05,5.9399e+05,37.5,47.9,0.3,14.3,4.7810e+28,4.5407e+28,8.7100e+26,1.5320e+27,0.0000e+00,0.0000e+00,95.0,1.8,3.2
49,4.7209e+28,1.7913e+28,2.2337e+28,1.3400e+26,6.8250e+27,1.3859e+28,4.0540e+27,1.2217e+28,1.0120e+28,8.0000e+25,5.4000e+25,3.4670e+27,3.3580e+27,3.4678e+07,1.0028e-20,7.7912e+07,1.0168e-20,2.4374e+06,1.0002e-20,5.9398e+05,5.9128e+05,37.9,47.3,0.3,14.5,4.7280e+28,4.4872e+28,8.3400e+26,1.5740e+27,0.0000e+00,0.0000e+00,94.9,1.8,3.3
50,4.7920e+28,1.7952e+28,2.2998e+28,1.2500e+26,6.8450e+27,1.3982e+28,3.9700e+27,1.2776e+28,1.0222e+28,6.8000e+25,5.7000e+25,3.4090e+27,3.4360e+27,3.4466e+07,1.0059e-20,8.6435e+07,1.0011e-20,2.3617e+06,1.0097e-20,5.9127e+05,5.8853e+05,37.5,48.0,0.3,14.3,4.7921e+28,4.5517e+28,8.6900e+26,1.5350e+27,0.0000e+00,0.0000e+00,95.0,1.8,3.2
51,4.7106e+28,1.7734e+28,2.2453e+28,1.0300e+26,6.8160e+27,1.3743e+28,3.9910e+27,1.2431e+28,1.0022e+28,4.9000e+25,5.4000e+25,3.3840e+27,3.4320e+27,3.4402e+07,1.0008e-20,8.9471e+07,1.0037e-20,2.2947e+06,1.0110e-20,5.8852e+05,5.8577e+05,37.6,47.7,0.2,14.5,4.6990e+28,4.4635e+28,7.9700e+26,1.5580e+27,0.0000e+00,0.0000e+00,95.0,1.7,3.3
52,4.7569e+28,1.7858e+28,2.2730e+28,1.1500e+26,6.8660e+27,1.3984e+28,3.8740e+27,1.2586e+28,1.0144e+28,6.4000e+25,5.1000e+25,3.3930e+27,3.4730e+27,3.4127e+07,1.0001e-20,1.0281e+08,1.0015e-20,2.2123e+06,1.0015e-20,5.8575e+05,5.8294e+05,37.5,47.8,0.2,14.4,4.7590e+28,4.5143e+28,8.3600e+26,1.6110e+27,0.0000e+00,0.0000e+00,94.9,1.8,3.4
53,4.7649e+28,1.7906e+28,2.2811e+28,1.2000e+26,6.8120e+27,1.3990e+28,3.9160e+27,1.2445e+28,1.0366e+28,7.3000e+25,4.7000e+25,3.4100e+27,3.4020e+27,3.3974e+07,1.0015e-20,1.0171e+08,1.0087e-20,2.2010e+06,1.0155e-20,5.8292e+05,5.8010e+05,37.6,47.9,0.3,14.3,4.7761e+28,4.5402e+28,7.6100e+26,1.5980e+27,0.0000e+00,0.0000e+00,95.1,1.6,3.3
54,4.6800e+28,1.7938e+28,2.1901e+28,1.2600e+26,6.8350e+27,1.4136e+28,3.8020e+27,1.2064e+28,9.8370e+27,6.8000e+25,5.8000e+25,3.3840e+27,3.4510e+27,3.3756e+07,1.0150e-20,7.9974e+07,1.0029e-20,2.1409e+06,1.0183e-20,5.8009e+05,5.7723e+05,38.3,46.8,0.3,14.6,4.6800e+28,4.4456e+28,7.8900e+26,1.5550e+27,0.0000e+00,0.0000e+00,95.0,1.7,3.3
55,4.5968e+28,1.7649e+28,2.1406e+28,1.0900e+26,6.8040e+27,1.3971e+28,3.6780e+27,1.1540e+28,9.8660e+27,6.0000e+25,4.9000e+25,3.3380e+27,3.4660e+27,3.3545e+07,1.0275e-20,7.7887e+07,1.0050e-20,2.0593e+06,1.0164e-20,5.7722e+05,5.7435e+05,38.4,46.6,0.2,14.8,4.5997e+28,4.3585e+28,7.7800e+26,1.6340e+27,0.0000e+00,0.0000e+00,94.8,1.7,3.6
56,4.6987e+28,1.7977e+28,2.2042e+28,1.0700e+26,6.8610e+27,1.4239e+28,3.7380e+27,1.2467e+28,9.5750e+27,5.8000e+25,4.9000e+25,3.4580e+27,3.4030e+27,3.3430e+07,1.0019e-20,9.2512e+07,1.0009e-20,1.9387e+06,1.0110e-20,5.7433e+05,5.7141e+05,38.3,46.9,0.2,14.6,4.7008e+28,4.4601e+28,7.6300e+26,1.6440e+27,0.0000e+00,0.0000e+00,94.9,1.6,3.5
57,4.6301e+28,1.8034e+28,2.1338e+28,1.2100e+26,6.8080e+27,1.4391e+28,3.6430e+27,1.1494e+28,9.8440e+27,6.0000e+25,6.1000e+25,3.4530e+27,3.3550e+27,3.3979e+07,1.0021e-20,7.7862e+07,1.0018e-20,1.9102e+06,1.0086e-20,5.7140e+05,5.6847e+05,38.9,46.1,0.3,14.7,4.6303e+28,4.3939e+28,7.7700e+26,1.5870e+27,0.0000e+00,0.0000e+00,94.9,1.7,3.4
58,4.6194e+28,1.8040e+28,2.1148e+28,1.3000e+26,6.8760e+27,1.4402e+28,3.6380e+27,1.1679e+28,9.4690e+27,7.4000e+25,5.6000e+25,3.4020e+27,3.4740e+27,3.4797e+07,1.0040e-20,9.1087e+07,1.0043e-20,1.8373e+06,1.0244e-20,5.6845e+05,5.6548e+05,39.1,45.8,0.3,14.9,4.6173e+28,4.3796e+28,7.4100e+26,1.6360e+27,0.0000e+00,0.0000e+00,94.9,1.6,3.5
59,4.7153e+28,1.7860e+28,2.2349e+28,1.1000e+26,6.8340e+27,1.4254e+28,3.6060e+27,1.2331e+28,1.0018e+28,6.0000e+25,5.0000e+25,3.4840e+27,3.3500e+27,3.5606e+07,1.0004e-20,7.7318e+07,1.0029e-20,1.7818e+06,1.0167e-20,5.6546e+05,5.6248e+05,37.9,47.4,0.2,14.5,4.7211e+28,4.4807e+28,7.9200e+26,1.6120e+27,0.0000e+00,0.0000e+00,94.9,1.7,3.4
60,4.6514e+28,1.7885e+28,2.1686e+28,1.0200e+26,6.8410e+27,1.4414e+28,3.4710e+27,1.2651e+28,9.0350e+27,4.8000e+25,5.4000e+25,3.4600e+27,3.3810e+27,3.6441e+07,1.0013e-20,7.9303e+07,1.0007e-20,1.7393e+06,1.0033e-20,5.6247e+05,5.5947e+05,38.5,46.6,0.2,14.7,4.6485e+28,4.4110e+28,7.7600e+26,1.5990e+27,0.0000e+00,0.0000e+00,94.9,1.7,3.4
61,4.6425e+28,1.8010e+28,2.1433e+28,1.2900e+26,6.8530e+27,1.4610e+28,3.4000e+27,1.2281e+28,9.1520e+27,7.0000e+25,5.9000e+25,3.4160e+27,3.4370e+27,3.7314e+07,1.0010e-20,9.2682e+07,1.0201e-20,1.7150e+06,1.0249e-20,5.5945e+05,5.5642e+05,38.8,46.2,0.3,14.8,4.6485e+28,4.4091e+28,7.3100e+26,1.6630e+27,0.0000e+00,0.0000e+00,94.8,1.6,3.6
62,4.6719e+28,1.8285e+28,2.1491e+28,9.6000e+25,6.8470e+27,1.4834e+28,3.4510e+27,1.1577e+28,9.9140e+27,4.8000e+25,4.8000e+25,3.3680e+27,3.4790e+27,3.8211e+07,1.0030e-20,1.0154e+08,1.0004e-20,1.7158e+06,1.0432e-20,5.5640e+05,5.5336e+05,39.1,46.0,0.2,14.7,4.6732e+28,4.4309e+28,7.6100e+26,1.6620e+27,0.0000e+00,0.0000e+00,94.8,1.6,3.6
63,4.6489e+28,1.8255e+28,2.1274e+28,1.0400e+26,6.8560e+27,1.4792e+28,3.4630e+27,1.1773e+28,9.5010e+27,5.6000e+25,4.8000e+25,3.4480e+27,3.4080e+27,3.9003e+07,1.0066e-20,8.8574e+07,1.0064e-20,1.6829e+06,1.0437e-20,5.5334e+05,5.5027e+05,39.3,45.8,0.2,14.7,4.6486e+28,4.4140e+28,7.0200e+26,1.6440e+27,0.0000e+00,0.0000e+00,95.0,1.5,3.5
64,4.7294e+28,1.8263e+28,2.2062e+28,1.1800e+26,6.8510e+27,1.4947e+28,3.3160e+27,1.2343e+28,9.7190e+27,6.5000e+25,5.3000e+25,3.4800e+27,3.3710e+27,3.9849e+07,1.0005e-20,8.3181e+07,1.0044e-20,2.5088e+06,1.0014e-20,5.5026e+05,5.4717e+05,38.6,46.6,0.2,14.5,4.7295e+28,4.4912e+28,7.3300e+26,1.6500e+27,0.0000e+00,0.0000e+00,95.0,1.5,3.5
65,4.7466e+28,1.8564e+28,2.1931e+28,1.1400e+26,6.8570e+27,1.5232e+28,3.3320e+27,1.1628e+28,1.0303e+28,6.7000e+25,4.7000e+25,3.4030e+27,3.4540e+27,4.0686e+07,1.0006e-20,8.8296e+07,1.0066e-20,2.4900e+06,1.0120e-20,5.4715e+05,5.4405e+05,39.1,46.2,0.2,14.4,4.7461e+28,4.5077e+28,7.5000e+26,1.6340e+27,0.0000e+00,0.0000e+00,95.0,1.6,3.4
66,4.8358e+28,1.9460e+28,2.1939e+28,1.0300e+26,6.8560e+27,1.6120e+28,3.3400e+27,1.1652e+28,1.0287e+28,5.8000e+25,4.5000e+25,3.3570e+27,3.4990e+27,4.1453e+07,1.0039e-20,7.8282e+07,1.0020e-20,2.3905e+06,1.0084e-20,5.4403e+05,5.4092e+05,40.2,45.4,0.2,14.2,4.8358e+28,4.5989e+28,7.3400e+26,1.6350e+27,0.0000e+00,0.0000e+00,95.1,1.5,3.4
67,4.9204e+28,2.0041e+28,2.2187e+28,1.1700e+26,6.8590e+27,1.6751e+28,3.2900e+27,1.1675e+28,1.0512e+28,7.6000e+25,4.1000e+25,3.4010e+27,3.4580e+27,4.2277e+07,1.0067e-20,1.0345e+08,1.0109e-20,2.2821e+06,1.0216e-20,5.4090e+05,5.3777e+05,40.7,45.1,0.2,13.9,4.9219e+28,4.6829e+28,7.1600e+26,1.6740e+27,0.0000e+00,0.0000e+00,95.1,1.5,3.4
68,4.8881e+28,2.0540e+28,2.1373e+28,1.0700e+26,6.8610e+27,1.7268e+28,3.2720e+27,1.1561e+28,9.8120e+27,6.2000e+25,4.5000e+25,3.4160e+27,3.4450e+27,4.3150e+07,1.0095e-20,7.4558e+07,1.0034e-20,2.1665e+06,1.0048e-20,5.3775e+05,5.3460e+05,42.0,43.7,0.2,14.0,4.8777e+28,4.6382e+28,7.5000e+26,1.6450e+27,0.0000e+00,0.0000e+00,95.1,1.5,3.4
69,5.0891e+28,2.1563e+28,2.2312e+28,1.2200e+26,6.8940e+27,1.8323e+28,3.2400e+27,1.2205e+28,1.0107e+28,7.8000e+25,4.4000e+25,3.4560e+27,3.4380e+27,4.3995e+07,1.0060e-20,7.3804e+07,1.0286e-20,2.1001e+06,1.0340e-20,5.3459e+05,5.3141e+05,42.4,43.8,0.2,13.5,5.0871e+28,4.8369e+28,7.5400e+26,1.7480e+27,0.0000e+00,0.0000e+00,95.1,1.5,3.4
70,5.1726e+28,2.2205e+28,2.2544e+28,1.1400e+26,6.8630e+27,1.8983e+28,3.2220e+27,1.2575e+28,9.9690e+27,6.5000e+25,4.9000e+25,3.4330e+27,3.4300e+27,4.4748e+07,1.0067e-20,8.2171e+07,1.0006e-20,2.0235e+06,1.0045e-20,5.3139e+05,5.2823e+05,42.9,43.6,0.2,13.3,5.1656e+28,4.9153e+28,7.3400e+26,1.7690e+27,0.0000e+00,0.0000e+00,95.2,1.4,3.4
71,5.1745e+28,2.3048e+28,2.1730e+28,1.1300e+26,6.8540e+27,1.9793e+28,3.2550e+27,1.1554e+28,1.0176e+28,5.9000e+25,5.4000e+25,3.4180e+27,3.4360e+27,4.5473e+07,1.0089e-20,7.0983e+07,1.0010e-20,1.9561e+06,1.0558e-20,5.2821e+05,5.2504e+05,44.5,42.0,0.2,13.2,5.1745e+28,4.9220e+28,7.2900e+26,1.7960e+27,0.0000e+00,0.0000e+00,95.1,1.4,3.5
72,5.4276e+28,2.3852e+28,2.3385e+28,1.4400e+26,6.8950e+27,2.0692e+28,3.1600e+27,1.2046e+28,1.1339e+28,8.9000e+25,5.5000e+25,3.4430e+27,3.4520e+27,4.6223e+07,1.0031e-20,8.7903e+07,1.0288e-20,1.9013e+06,1.0149e-20,5.2502e+05,5.2183e+05,43.9,43.1,0.3,12.7,5.4336e+28,5.1740e+28,7.6400e+26,1.8320e+27,0.0000e+00,0.0000e+00,95.2,1.4,3.4
73,5.4617e+28,2.4534e+28,2.3107e+28,1.2800e+26,6.8480e+27,2.1388e+28,3.1460e+27,1.2419e+28,1.0688e+28,7.3000e+25,5.5000e+25,3.4010e+27,3.4470e+27,4.6990e+07,1.0194e-20,7.0376e+07,1.0009e-20,1.9202e+06,1.0549e-20,5.2181e+05,5.1862e+05,44.9,42.3,0.2,12.5,5.4611e+28,5.2097e+28,7.2700e+26,1.7870e+27,0.0000e+00,0.0000e+00,95.4,1.3,3.3
74,5.4877e+28,2.5697e+28,2.2184e+28,1.0900e+26,6.8870e+27,2.2574e+28,3.1230e+27,1.2664e+28,9.5200e+27,6.4000e+25,4.5000e+25,3.3950e+27,3.4920e+27,4.7680e+07,1.0006e-20,6.9621e+07,1.0064e-20,1.8190e+06,1.0445e-20,5.1861e+05,5.1540e+05,46.8,40.4,0.2,12.5,5.4833e+28,5.2346e+28,7.6800e+26,1.7190e+27,0.0000e+00,0.0000e+00,95.5,1.4,3.1
75,5.5569e+28,2.6422e+28,2.2158e+28,1.1400e+26,6.8750e+27,2.3261e+28,3.1610e+27,1.2685e+28,9.4730e+27,6.5000e+25,4.9000e+25,3.4200e+27,3.4550e+27,4.8497e+07,1.0104e-20,9.2461e+07,1.0051e-20,1.7651e+06,1.0150e-20,5.1538e+05,5.1217e+05,47.5,39.9,0.2,12.4,5.5579e+28,5.2971e+28,8.0200e+26,1.8060e+27,0.0000e+00,0.0000e+00,95.3,1.4,3.2
76,5.7707e+28,2.7264e+28,2.3459e+28,1.0400e+26,6.8800e+27,2.4074e+28,3.1900e+27,1.2793e+28,1.0666e+28,5.5000e+25,4.9000e+25,3.4670e+27,3.4130e+27,4.9327e+07,1.0075e-20,8.7638e+07,1.0223e-20,1.7132e+06,1.0260e-20,5.1216e+05,5.0895e+05,47.2,40.7,0.2,11.9,5.7655e+28,5.4986e+28,7.8500e+26,1.8840e+27,0.0000e+00,0.0000e+00,95.4,1.4,3.3
77,5.8774e+28,2.8193e+28,2.3532e+28,1.4100e+26,6.9080e+27,2.5131e+28,3.0620e+27,1.3727e+28,9.8050e+27,7.9000e+25,6.2000e+25,3.5060e+27,3.4020e+27,5.0492e+07,1.0032e-20,6.9854e+07,1.0150e-20,1.6317e+06,1.0057e-20,5.0893e+05,5.0570e+05,48.0,40.0,0.2,11.8,5.8753e+28,5.6032e+28,8.4300e+26,1.8780e+27,0.0000e+00,0.0000e+00,95.4,1.4,3.2
78,5.8401e+28,2.8850e+28,2.2585e+28,1.0400e+26,6.8620e+27,2.5830e+28,3.0200e+27,1.3248e+28,9.3370e+27,5.7000e+25,4.7000e+25,3.4520e+27,3.4100e+27,5.4229e+07,1.0055e-20,1.0719e+08,1.0428e-20,1.6453e+06,1.0082e-20,5.0568e+05,5.0248e+05,49.4,38.7,0.2,11.7,5.8390e+28,5.5705e+28,8.2400e+26,1.8610e+27,0.0000e+00,0.0000e+00,95.4,1.4,3.2
79,6.0915e+28,2.9536e+28,2.4366e+28,1.2200e+26,6.8910e+27,2.6581e+28,2.9550e+27,1.4299e+28,1.0067e+28,7.0000e+25,5.2000e+25,3.4840e+27,3.4070e+27,5.7950e+07,1.0028e-20,8.9986e+07,1.0031e-20,1.6186e+06,1.0071e-20,5.0246e+05,4.9924e+05,48.5,40.0,0.2,11.3,6.0925e+28,5.8223e+28,8.1100e+26,1.8910e+27,0.0000e+00,0.0000e+00,95.6,1.3,3.1
80,6.0278e+28,3.0776e+28,2.2489e+28,1.3400e+26,6.8790e+27,2.7870e+28,2.9060e+27,1.3197e+28,9.2920e+27,7.8000e+25,5.6000e+25,3.4220e+27,3.4570e+27,6.1421e+07,1.0224e-20,8.3525e+07,1.0077e-20,1.6045e+06,1.0731e-20,4.9922e+05,4.9600e+05,51.1,37.3,0.2,11.4,6.0292e+28,5.7555e+28,8.2500e+26,1.9120e+27,0.0000e+00,0.0000e+00,95.5,1.4,3.2
81,6.1750e+28,3.1517e+28,2.3203e+28,1.1400e+26,6.9160e+27,2.8570e+28,2.9470e+27,1.3663e+28,9.5400e+27,6.9000e+25,4.5000e+25,3.4820e+27,3.4340e+27,6.4869e+07,1.0049e-20,6.7782e+07,1.0457e-20,1.5759e+06,1.0209e-20,4.9598e+05,4.9275e+05,51.0,37.6,0.2,11.2,6.1666e+28,5.8899e+28,8.4900e+26,1.9180e+27,0.0000e+00,0.0000e+00,95.5,1.4,3.1
82,6.2656e+28,3.2308e+28,2.3362e+28,1.1800e+26,6.8680e+27,2.9353e+28,2.9550e+27,1.4075e+28,9.2870e+27,6.4000e+25,5.4000e+25,3.4400e+27,3.4280e+27,6.8110e+07,1.0000e-20,9.0645e+07,1.0061e-20,1.5491e+06,1.0349e-20,4.9274e+05,4.8953e+05,51.6,37.3,0.2,11.0,6.2682e+28,5.9931e+28,8.6600e+26,1.8850e+27,0.0000e+00,0.0000e+00,95.6,1.4,3.0
83,6.3445e+28,3.3033e+28,2.3416e+28,9.8000e+25,6.8980e+27,3.0165e+28,2.8680e+27,1.3855e+28,9.5610e+27,5.4000e+25,4.4000e+25,3.5130e+27,3.3850e+27,7.1256e+07,1.0033e-20,7.3570e+07,1.0022e-20,2.0061e+06,1.3207e-20,4.8951e+05,4.8630e+05,52.1,36.9,0.2,10.9,6.3426e+28,6.0699e+28,8.4700e+26,1.8800e+27,0.0000e+00,0.0000e+00,95.7,1.3,3.0
84,6.6262e+28,3.4434e+28,2.4774e+28,1.2900e+26,6.9250e+27,3.1473e+28,2.9610e+27,1.4314e+28,1.0460e+28,8.0000e+25,4.9000e+25,3.4980e+27,3.4270e+27,7.4042e+07,1.0033e-20,8.7862e+07,1.0094e-20,2.0181e+06,1.1316e-20,4.8628e+05,4.8306e+05,52.0,37.4,0.2,10.5,6.6214e+28,6.3426e+28,9.1400e+26,1.8740e+27,0.0000e+00,0.0000e+00,95.8,1.4,2.8
85,6.7072e+28,3.5657e+28,2.4387e+28,1.4400e+26,6.8840e+27,3.2821e+28,2.8360e+27,1.4136e+28,1.0251e+28,8.3000e+25,6.1000e+25,3.4040e+27,3.4800e+27,7.6703e+07,1.0184e-20,8.7103e+07,1.0008e-20,1.9680e+06,1.0403e-20,4.8305e+05,4.7985e+05,53.2,36.4,0.2,10.3,6.6978e+28,6.4225e+28,8.3700e+26,1.9160e+27,0.0000e+00,0.0000e+00,95.9,1.2,2.9
86,7.0298e+28,3.7333e+28,2.5909e+28,1.5300e+26,6.9030e+27,3.4323e+28,3.0100e+27,1.4650e+28,1.1259e+28,9.8000e+25,5.5000e+25,3.3950e+27,3.5080e+27,7.9133e+07,1.0126e-20,8.0401e+07,1.0014e-20,1.9525e+06,1.0104e-20,4.7983e+05,4.7664e+05,53.1,36.9,0.2,9.8,7.0253e+28,6.7371e+28,9.3500e+26,1.9470e+27,0.0000e+00,0.0000e+00,95.9,1.3,2.8
87,7.1255e+28,3.9058e+28,2.5136e+28,1.2800e+26,6.9330e+27,3.6083e+28,2.9750e+27,1.4480e+28,1.0656e+28,7.3000e+25,5.5000e+25,3.3990e+27,3.5340e+27,8.1336e+07,1.0474e-20,6.4484e+07,1.0075e-20,1.9100e+06,1.0877e-20,4.7662e+05,4.7342e+05,54.8,35.3,0.2,9.7,7.1310e+28,6.8423e+28,8.9000e+26,1.9970e+27,0.0000e+00,0.0000e+00,96.0,1.2,2.8
88,7.3109e+28,4.0229e+28,2.5880e+28,1.1400e+26,6.8860e+27,3.7339e+28,2.8900e+27,1.5464e+28,1.0416e+28,7.3000e+25,4.1000e+25,3.4900e+27,3.3960e+27,8.3190e+07,1.0233e-20,8.6553e+07,1.0246e-20,1.8053e+06,1.0061e-20,4.7340e+05,4.7023e+05,55.0,35.4,0.2,9.4,7.3015e+28,7.0116e+28,9.3300e+26,1.9660e+27,0.0000e+00,0.0000e+00,96.0,1.3,2.7
89,7.6546e+28,4.2114e+28,2.7379e+28,1.1800e+26,6.9350e+27,3.9268e+28,2.8460e+27,1.6635e+28,1.0744e+28,7.2000e+25,4.6000e+25,3.5040e+27,3.4310e+27,8.5004e+07,1.0156e-20,6.4517e+07,1.0806e-20,1.7715e+06,1.0371e-20,4.7022e+05,4.6703e+05,55.0,35.8,0.2,9.1,7.6486e+28,7.3506e+28,9.7600e+26,2.0040e+27,0.0000e+00,0.0000e+00,96.1,1.3,2.6
90,7.6722e+28,4.3259e+28,2.6441e+28,1.1700e+26,6.9050e+27,4.0422e+28,2.8370e+27,1.5872e+28,1.0569e+28,7.1000e+25,4.6000e+25,3.4460e+27,3.4590e+27,8.6523e+07,1.0131e-20,6.3716e+07,1.0373e-20,1.7691e+06,1.2500e-20,4.6701e+05,4.6386e+05,56.4,34.5,0.2,9.0,7.6766e+28,7.3728e+28,1.0210e+27,2.0170e+27,0.0000e+00,0.0000e+00,96.0,1.3,2.6
91,7.9668e+28,4.5170e+28,2.7436e+28,1.5400e+26,6.9080e+27,4.2255e+28,2.9150e+27,1.7320e+28,1.0116e+28,9.5000e+25,5.9000e+25,3.4640e+27,3.4440e+27,8.8001e+07,1.0032e-20,6.4736e+07,1.0500e-20,1.7443e+06,1.1796e-20,4.6384e+05,4.6069e+05,56.7,34.4,0.2,8.7,7.9521e+28,7.6493e+28,1.0450e+27,1.9830e+27,0.0000e+00,0.0000e+00,96.2,1.3,2.5
92,8.1572e+28,4.6574e+28,2.7925e+28,1.4200e+26,6.9310e+27,4.3638e+28,2.9360e+27,1.7740e+28,1.0185e+28,7.9000e+25,6.3000e+25,3.5220e+27,3.4090e+27,8.9354e+07,1.0430e-20,8.0465e+07,1.0104e-20,1.7073e+06,1.2356e-20,4.6067e+05,4.5752e+05,57.1,34.2,0.2,8.5,8.1668e+28,7.8524e+28,1.0750e+27,2.0690e+27,0.0000e+00,0.0000e+00,96.2,1.3,2.5
93,8.2356e+28,4.7902e+28,2.7391e+28,1.3800e+26,6.9250e+27,4.5030e+28,2.8720e+27,1.6615e+28,1.0776e+28,7.6000e+25,6.2000e+25,3.4300e+27,3.4950e+27,9.0491e+07,1.0076e-20,7.0481e+07,1.1332e-20,1.6724e+06,1.0946e-20,4.5751e+05,4.5438e+05,58.2,33.3,0.2,8.4,8.2251e+28,7.9206e+28,1.0330e+27,2.0120e+27,0.0000e+00,0.0000e+00,96.3,1.3,2.4
94,8.4627e+28,4.9116e+28,2.8464e+28,1.4300e+26,6.9040e+27,4.6230e+28,2.8860e+27,1.7685e+28,1.0779e+28,8.5000e+25,5.8000e+25,3.5160e+27,3.3880e+27,9.1245e+07,1.0288e-20,7.5329e+07,1.0097e-20,1.6202e+06,1.1676e-20,4.5437e+05,4.5126e+05,58.0,33.6,0.2,8.2,8.4675e+28,8.1491e+28,1.1450e+27,2.0390e+27,0.0000e+00,0.0000e+00,96.2,1.4,2.4
95,8.8221e+28,5.0659e+28,3.0456e+28,1.7100e+26,6.9350e+27,4.7847e+28,2.8120e+27,1.9174e+28,1.1282e+28,9.4000e+25,7.7000e+25,3.4710e+27,3.4640e+27,9.1905e+07,1.0028e-20,6.8192e+07,1.0024e-20,1.6023e+06,2.0269e-20,4.5124e+05,4.4814e+05,57.4,34.5,0.2,7.9,8.8101e+28,8.4998e+28,1.1280e+27,1.9750e+27,0.0000e+00,0.0000e+00,96.5,1.3,2.2
96,8.8528e+28,5.2226e+28,2.9231e+28,1.5000e+26,6.9210e+27,4.9365e+28,2.8610e+27,1.8461e+28,1.0770e+28,9.4000e+25,5.6000e+25,3.4450e+27,3.4760e+27,9.2017e+07,1.0124e-20,7.6935e+07,1.0035e-20,2.3246e+06,1.1338e-20,4.4813e+05,4.4505e+05,59.0,33.0,0.2,7.8,8.8483e+28,8.5084e+28,1.2990e+27,2.1000e+27,0.0000e+00,0.0000e+00,96.2,1.5,2.4
97,9.1712e+28,5.4449e+28,3.0176e+28,1.5200e+26,6.9350e+27,5.1525e+28,2.9240e+27,1.9337e+28,1.0839e+28,9.5000e+25,5.7000e+25,3.5080e+27,3.4270e+27,9.2761e+07,1.0147e-20,6.0349e+07,1.0367e-20,2.2887e+06,1.6547e-20,4.4504e+05,4.4197e+05,59.4,32.9,0.2,7.6,9.1694e+28,8.8446e+28,1.1590e+27,2.0890e+27,0.0000e+00,0.0000e+00,96.5,1.3,2.3
98,9.5200e+28,5.6933e+28,3.1141e+28,1.7100e+26,6.9550e+27,5.3992e+28,2.9410e+27,2.0586e+28,1.0555e+28,1.0200e+26,6.9000e+25,3.4960e+27,3.4590e+27,9.3462e+07,1.0015e-20,7.6003e+07,1.0757e-20,2.2301e+06,1.8025e-20,4.4195e+05,4.3890e+05,59.8,32.7,0.2,7.3,9.5096e+28,9.1731e+28,1.2300e+27,2.1350e+27,0.0000e+00,0.0000e+00,96.5,1.3,2.2
99,9.6167e+28,5.8630e+28,3.0431e+28,1.7700e+26,6.9290e+27,5.5699e+28,2.9310e+27,2.0359e+28,1.0072e+28,1.0800e+26,6.9000e+25,3.5280e+27,3.4010e+27,9.3920e+07,1.0161e-20,7.6872e+07,1.0021e-20,2.2011e+06,1.1201e-20,4.3888e+05,4.3585e+05,61.0,31.6,0.2,7.2,9.6126e+28,9.2770e+28,1.2590e+27,2.0970e+27,0.0000e+00,0.0000e+00,96.5,1.3,2.2
100,9.9213e+28,6.0399e+28,3.1693e+28,1.9500e+26,6.9260e+27,5.7547e+28,2.8520e+27,2.1063e+28,1.0630e+28,1.2000e+26,7.5000e+25,3.4270e+27,3.4990e+27,9.4259e+07,1.0549e-20,6.0309e+07,1.0141e-20,2.1830e+06,1.6034e-20,4.3584e+05,4.3283e+05,60.9,31.9,0.2,7.0,9.9154e+28,9.5741e+28,1.3210e+27,2.0920e+27,0.0000e+00,0.0000e+00,96.6,1.3,2.1
101,1.0307e+29,6.2591e+28,3.3327e+28,1.9200e+26,6.9590e+27,5.9649e+28,2.9420e+27,2.2104e+28,1.1223e+28,1.3500e+26,5.7000e+25,3.4850e+27,3.4740e+27,9.4355e+07,1.1341e-20,7.0556e+07,1.0702e-20,2.1193e+06,1.0384e-20,4.3282e+05,4.2983e+05,60.7,32.3,0.2,6.8,1.0299e+29,9.9533e+28,1.3450e+27,2.1080e+27,0.0000e+00,0.0000e+00,96.6,1.3,2.0
102,1.0534e+29,6.4446e+28,3.3716e+28,2.3000e+26,6.9500e+27,6.1612e+28,2.8340e+27,2.3182e+28,1.0534e+28,1.4300e+26,8.7000e+25,3.5180e+27,3.4320e+27,9.4543e+07,1.0048e-20,5.6242e+07,1.0010e-20,2.0841e+06,7.9975e-16,4.2982e+05,4.2684e+05,61.2,32.0,0.2,6.6,1.0538e+29,1.0192e+29,1.3850e+27,2.0680e+27,0.0000e+00,0.0000e+00,96.7,1.3,2.0
103,1.0974e+29,6.6590e+28,3.5988e+28,2.0900e+26,6.9530e+27,6.3696e+28,2.8940e+27,2.5195e+28,1.0793e+28,1.3200e+26,7.7000e+25,3.4450e+27,3.5080e+27,9.4620e+07,1.0546e-20,6.7997e+07,1.1421e-20,2.0612e+06,1.2401e-15,4.2683e+05,4.2387e+05,60.7,32.8,0.2,6.3,1.0960e+29,1.0616e+29,1.3320e+27,2.1090e+27,0.0000e+00,0.0000e+00,96.9,1.2,1.9
104,1.1208e+29,6.7966e+28,3.6995e+28,2.0300e+26,6.9150e+27,6.4991e+28,2.9750e+27,2.6159e+28,1.0836e+28,1.2500e+26,7.8000e+25,3.4270e+27,3.4880e+27,9.4252e+07,1.1980e-20,6.1126e+07,1.0216e-20,2.1054e+06,2.4223e-20,4.2386e+05,4.2094e+05,60.6,33.0,0.2,6.2,1.1205e+29,1.0853e+29,1.4400e+27,2.0840e+27,0.0000e+00,0.0000e+00,96.9,1.3,1.9
105,1.1585e+29,7.0085e+28,3.8568e+28,2.2900e+26,6.9680e+27,6.7140e+28,2.9450e+27,2.7428e+28,1.1140e+28,1.4500e+26,8.4000e+25,3.4760e+27,3.4920e+27,9.3919e+07,1.3104e-20,5.5585e+07,1.0019e-20,2.7941e+06,1.1647e-13,4.2093e+05,4.1802e+05,60.5,33.3,0.2,6.0,1.1583e+29,1.1227e+29,1.4710e+27,2.0870e+27,0.0000e+00,0.0000e+00,96.9,1.3,1.8
106,1.1813e+29,7.2422e+28,3.8540e+28,2.1500e+26,6.9550e+27,6.9355e+28,3.0670e+27,2.7241e+28,1.1299e+28,1.4100e+26,7.4000e+25,3.5220e+27,3.4330e+27,9.3451e+07,1.2777e-20,7.3423e+07,1.0058e-20,2.7695e+06,1.4833e-20,4.1801e+05,4.1513e+05,61.3,32.6,0.2,5.9,1.1807e+29,1.1451e+29,1.4910e+27,2.0710e+27,0.0000e+00,0.0000e+00,97.0,1.3,1.8
107,1.2418e+29,7.4982e+28,4.1988e+28,2.3900e+26,6.9660e+27,7.1971e+28,3.0110e+27,3.0961e+28,1.1027e+28,1.7200e+26,6.7000e+25,3.4710e+27,3.4950e+27,9.2992e+07,1.1204e-20,6.2916e+07,1.1820e-20,2.7585e+06,3.4015e-11,4.1512e+05,4.1226e+05,60.4,33.8,0.2,5.6,1.2408e+29,1.2051e+29,1.5210e+27,2.0400e+27,0.0000e+00,0.0000e+00,97.1,1.2,1.6
108,1.2564e+29,7.7149e+28,4.1272e+28,2.7000e+26,6.9470e+27,7.4115e+28,3.0340e+27,3.0543e+28,1.0729e+28,1.7500e+26,9.5000e+25,3.5220e+27,3.4250e+27,9.2978e+07,1.0206e-20,4.9883e+07,1.0028e-20,2.6636e+06,2.7271e-13,4.1225e+05,4.0942e+05,61.4,32.8,0.2,5.5,1.2564e+29,1.2203e+29,1.5640e+27,2.0500e+27,0.0000e+00,0.0000e+00,97.1,1.2,1.6
109,1.3061e+29,7.9992e+28,4.3351e+28,2.7000e+26,7.0010e+27,7.6850e+28,3.1420e+27,3.2602e+28,1.0749e+28,1.9000e+26,8.0000e+25,3.5810e+27,3.4200e+27,9.2950e+07,1.2294e-20,6.6921e+07,1.0355e-20,2.6132e+06,4.8236e-16,4.0941e+05,4.0660e+05,61.2,33.2,0.2,5.4,1.3049e+29,1.2680e+29,1.6290e+27,2.0530e+27,0.0000e+00,0.0000e+00,97.2,1.2,1.6
110,1.3182e+29,8.1823e+28,4.2802e+28,2.6200e+26,6.9370e+27,7.8815e+28,3.0080e+27,3.3311e+28,9.4910e+27,1.8600e+26,7.6000e+25,3.4830e+27,3.4540e+27,9.3077e+07,1.6328e-20,6.4368e+07,1.3205e-20,2.4947e+06,6.4151e-16,4.0658e+05,4.0382e+05,62.1,32.5,0.2,5.3,1.3185e+29,1.2816e+29,1.6680e+27,2.0210e+27,0.0000e+00,0.0000e+00,97.2,1.3,1.5
111,1.3638e+29,8.4376e+28,4.4739e+28,2.7700e+26,6.9840e+27,8.1381e+28,2.9950e+27,3.4303e+28,1.0436e+28,2.0000e+26,7.7000e+25,3.4550e+27,3.5290e+27,9.3065e+07,2.5533e-20,4.7183e+07,1.0016e-20,2.4523e+06,6.6801e-14,4.0381e+05,4.0105e+05,61.9,32.8,0.2,5.1,1.3621e+29,1.3239e+29,1.7570e+27,2.0550e+27,0.0000e+00,0.0000e+00,97.2,1.3,1.5
112,1.4229e+29,8.6224e+28,4.8870e+28,2.2900e+26,6.9690e+27,8.3228e+28,2.9960e+27,3.6611e+28,1.2259e+28,1.4200e+26,8.7000e+25,3.4950e+27,3.4740e+27,9.2772e+07,1.4346e-20,5.3438e+07,1.0069e-20,2.4307e+06,1.7299e-09,4.0104e+05,3.9832e+05,60.6,34.3,0.2,4.9,1.4231e+29,1.3858e+29,1.7730e+27,1.9570e+27,0.0000e+00,0.0000e+00,97.4,1.2,1.4
113,1.4531e+29,8.8548e+28,4.9476e+28,3.1100e+26,6.9790e+27,8.5324e+28,3.2240e+27,3.8857e+28,1.0619e+28,2.1700e+26,9.4000e+25,3.4540e+27,3.5250e+27,9.2759e+07,1.9900e-20,5.6068e+07,1.0001e-20,3.2949e+06,9.8260e-11,3.9831e+05,3.9561e+05,60.9,34.0,0.2,4.8,1.4522e+29,1.4150e+29,1.7130e+27,2.0010e+27,0.0000e+00,0.0000e+00,97.4,1.2,1.4
114,1.4734e+29,9.0678e+28,4.9376e+28,3.3200e+26,6.9520e+27,8.7489e+28,3.1890e+27,3.9477e+28,9.8990e+27,2.3900e+26,9.3000e+25,3.5060e+27,3.4460e+27,9.3108e+07,1.1676e-20,5.2393e+07,1.0135e-20,3.2707e+06,1.1184e-20,3.9560e+05,3.9294e+05,61.5,33.5,0.2,4.7,1.4741e+29,1.4369e+29,1.7490e+27,1.9630e+27,0.0000e+00,0.0000e+00,97.5,1.2,1.3
115,1.5485e+29,9.3965e+28,5.3575e+28,3.2700e+26,6.9820e+27,9.0749e+28,3.2160e+27,4.1832e+28,1.1743e+28,2.2500e+26,1.0200e+26,3.4610e+27,3.5210e+27,9.3368e+07,1.2683e-20,5.6868e+07,1.1059e-18,3.1838e+06,4.0060e-09,3.9293e+05,3.9030e+05,60.7,34.6,0.2,4.5,1.5468e+29,1.5082e+29,1.9180e+27,1.9430e+27,0.0000e+00,0.0000e+00,97.5,1.2,1.3
116,1.6230e+29,9.6836e+28,5.8159e+28,3.2500e+26,6.9810e+27,9.3530e+28,3.3060e+27,4.5327e+28,1.2832e+28,2.3500e+26,9.0000e+25,3.5340e+27,3.4470e+27,9.3540e+07,2.2385e-12,6.0185e+07,1.0035e-20,3.1943e+06,1.7499e-07,3.9029e+05,3.8768e+05,59.7,35.8,0.2,4.3,1.6221e+29,1.5833e+29,1.9400e+27,1.9390e+27,0.0000e+00,0.0000e+00,97.6,1.2,1.2
117,1.6677e+29,9.9433e+28,5.9987e+28,3.5300e+26,6.9960e+27,9.6140e+28,3.2930e+27,4.8211e+28,1.1776e+28,2.4800e+26,1.0500e+26,3.4290e+27,3.5670e+27,9.3659e+07,5.5664e-16,6.2263e+07,2.9421e-20,3.1598e+06,6.0275e-04,3.8767e+05,3.8510e+05,59.6,36.0,0.2,4.2,1.6668e+29,1.6273e+29,1.9670e+27,1.9760e+27,0.0000e+00,0.0000e+00,97.6,1.2,1.2
118,1.7169e+29,1.0166e+29,6.2669e+28,3.9400e+26,6.9670e+27,9.8484e+28,3.1790e+27,5.1123e+28,1.1546e+28,2.7000e+26,1.2400e+26,3.4760e+27,3.4910e+27,9.3434e+07,7.3067e-16,6.6045e+07,1.0135e-20,3.1124e+06,1.0085e-06,3.8509e+05,3.8255e+05,59.2,36.5,0.2,4.1,1.7160e+29,1.6756e+29,2.1140e+27,1.9230e+27,0.0000e+00,0.0000e+00,97.6,1.2,1.1
119,1.7487e+29,1.0421e+29,6.3317e+28,3.5000e+26,6.9880e+27,1.0093e+29,3.2870e+27,5.1706e+28,1.1611e+28,2.4100e+26,1.0900e+26,3.4930e+27,3.4950e+27,9.2961e+07,8.0013e-20,6.6775e+07,1.0271e-20,3.0868e+06,1.0892e-04,3.8254e+05,3.8003e+05,59.6,36.2,0.2,4.0,1.7480e+29,1.7083e+29,2.0920e+27,1.8830e+27,0.0000e+00,0.0000e+00,97.7,1.2,1.1
120,1.8218e+29,1.0679e+29,6.8004e+28,3.9800e+26,6.9950e+27,1.0338e+29,3.4010e+27,5.5837e+28,1.2167e+28,2.7700e+26,1.2100e+26,3.4920e+27,3.5030e+27,9.2756e+07,1.5190e-20,7.1312e+07,1.0058e-20,4.0865e+06,3.4772e-07,3.8002e+05,3.7754e+05,58.6,37.3,0.2,3.8,1.8215e+29,1.7808e+29,2.1690e+27,1.9050e+27,0.0000e+00,0.0000e+00,97.8,1.2,1.0
121,1.8823e+29,1.0931e+29,7.1461e+28,4.8200e+26,6.9740e+27,1.0581e+29,3.5030e+27,5.8643e+28,1.2818e+28,3.6300e+26,1.1900e+26,3.5020e+27,3.4720e+27,9.3367e+07,1.4480e-07,7.2931e+07,1.0572e-20,4.1005e+06,8.2071e-05,3.7753e+05,3.7509e+05,58.1,38.0,0.3,3.7,1.8813e+29,1.8386e+29,2.3060e+27,1.9670e+27,0.0000e+00,0.0000e+00,97.7,1.2,1.0
122,1.9292e+29,1.1249e+29,7.2927e+28,5.1100e+26,6.9960e+27,1.0885e+29,3.6410e+27,6.0319e+28,1.2608e+28,3.6500e+26,1.4600e+26,3.5180e+27,3.4780e+27,9.4754e+07,2.8546e-10,7.8158e+07,5.6394e-18,4.1049e+06,6.2127e-05,3.7508e+05,3.7268e+05,58.3,37.8,0.3,3.6,1.9276e+29,1.8851e+29,2.2870e+27,1.9600e+27,0.0000e+00,0.0000e+00,97.8,1.2,1.0
123,1.9783e+29,1.1590e+29,7.4441e+28,4.7100e+26,7.0110e+27,1.1227e+29,3.6340e+27,6.3115e+28,1.1326e+28,3.4100e+26,1.3000e+26,3.5840e+27,3.4270e+27,9.6127e+07,1.4832e-20,8.2910e+07,1.0086e-20,4.0714e+06,2.8909e-05,3.7267e+05,3.7029e+05,58.6,37.6,0.2,3.5,1.9787e+29,1.9357e+29,2.4160e+27,1.8870e+27,0.0000e+00,0.0000e+00,97.8,1.2,1.0
124,2.0464e+29,1.1875e+29,7.8386e+28,4.8600e+26,7.0160e+27,1.1512e+29,3.6320e+27,6.6980e+28,1.1406e+28,3.7100e+26,1.1500e+26,3.4710e+27,3.5450e+27,9.6859e+07,8.0113e-10,8.6500e+07,1.0046e-20,4.0281e+06,2.9383e-05,3.7028e+05,3.6794e+05,58.0,38.3,0.2,3.4,2.0451e+29,2.0027e+29,2.3990e+27,1.8410e+27,0.0000e+00,0.0000e+00,97.9,1.2,0.9
125,2.1351e+29,1.2128e+29,8.4731e+28,5.0200e+26,6.9970e+27,1.1752e+29,3.7520e+27,7.2297e+28,1.2434e+28,3.5600e+26,1.4600e+26,3.4460e+27,3.5510e+27,9.7694e+07,7.1740e-12,9.2631e+07,6.1805e-20,4.0110e+06,1.7463e-01,3.6793e+05,3.6563e+05,56.8,39.7,0.2,3.3,2.1332e+29,2.0902e+29,2.4790e+27,1.8180e+27,0.0000e+00,0.0000e+00,98.0,1.2,0.9
126,2.2254e+29,1.2424e+29,9.0754e+28,5.4800e+26,7.0070e+27,1.2034e+29,3.9000e+27,7.7741e+28,1.3013e+28,4.0600e+26,1.4200e+26,3.4730e+27,3.5340e+27,9.9207e+07,8.4279e-06,9.6290e+07,1.0028e-20,3.9700e+06,7.8105e-02,3.6562e+05,3.6335e+05,55.8,40.8,0.2,3.1,2.2242e+29,2.1816e+29,2.4890e+27,1.7720e+27,0.0000e+00,0.0000e+00,98.1,1.1,0.8
127,2.2735e+29,1.2662e+29,9.3099e+28,6.4000e+26,6.9890e+27,1.2256e+29,4.0600e+27,7.9473e+28,1.3626e+28,4.8800e+26,1.5200e+26,3.4770e+27,3.5120e+27,1.0009e+08,8.6021e-08,1.0027e+08,1.0059e-20,5.2120e+06,2.9343e-02,3.6334e+05,3.6111e+05,55.7,40.9,0.3,3.1,2.2724e+29,2.2290e+29,2.5660e+27,1.7690e+27,0.0000e+00,0.0000e+00,98.1,1.1,0.8
128,2.3264e+29,1.3004e+29,9.4917e+28,6.7200e+26,7.0090e+27,1.2603e+29,4.0120e+27,8.2645e+28,1.2272e+28,5.1400e+26,1.5800e+26,3.5360e+27,3.4730e+27,1.0036e+08,2.4771e-05,1.0132e+08,2.8141e-19,5.1625e+06,5.3701e-02,3.6111e+05,3.5891e+05,55.9,40.8,0.3,3.0,2.3260e+29,2.2821e+29,2.6600e+27,1.7260e+27,0.0000e+00,0.0000e+00,98.1,1.1,0.7
129,2.4362e+29,1.3345e+29,1.0242e+29,7.2500e+26,7.0150e+27,1.2930e+29,4.1560e+27,8.8920e+28,1.3503e+28,5.5900e+26,1.6600e+26,3.5610e+27,3.4540e+27,9.9645e+07,1.7658e-08,1.0325e+08,1.0011e-20,5.0723e+06,4.7429e-01,3.5890e+05,3.5675e+05,54.8,42.0,0.3,2.9,2.4348e+29,2.3894e+29,2.7720e+27,1.7640e+27,0.0000e+00,0.0000e+00,98.1,1.1,0.7
130,2.5238e+29,1.3678e+29,1.0786e+29,7.1900e+26,7.0210e+27,1.3255e+29,4.2300e+27,9.3725e+28,1.4133e+28,5.3400e+26,1.8500e+26,3.5420e+27,3.4790e+27,9.9554e+07,9.6678e-04,1.0686e+08,1.0045e-20,5.0246e+06,7.5529e-03,3.5674e+05,3.5461e+05,54.2,42.7,0.3,2.8,2.5217e+29,2.4754e+29,2.8710e+27,1.7610e+27,0.0000e+00,0.0000e+00,98.2,1.1,0.7
131,2.5992e+29,1.3924e+29,1.1295e+29,7.4100e+26,6.9990e+27,1.3491e+29,4.3230e+27,9.8330e+28,1.4615e+28,5.6000e+26,1.8100e+26,3.5690e+27,3.4300e+27,9.9204e+07,1.2904e-02,1.1064e+08,1.0090e-20,4.9742e+06,1.2189e+01,3.5461e+05,3.5253e+05,53.6,43.5,0.3,2.7,2.5991e+29,2.5528e+29,2.9870e+27,1.6360e+27,0.0000e+00,0.0000e+00,98.2,1.1,0.6
132,2.6686e+29,1.4219e+29,1.1687e+29,7.9300e+26,7.0160e+27,1.3790e+29,4.2830e+27,1.0408e+29,1.2788e+28,6.1600e+26,1.7700e+26,3.5450e+27,3.4710e+27,1.0015e+08,2.8338e-03,1.1798e+08,1.0052e-20,6.7094e+06,2.7493e-02,3.5252e+05,3.5047e+05,53.3,43.8,0.3,2.6,2.6675e+29,2.6208e+29,3.0260e+27,1.6470e+27,0.0000e+00,0.0000e+00,98.2,1.1,0.6
133,2.7621e+29,1.4575e+29,1.2245e+29,9.8700e+26,7.0210e+27,1.4099e+29,4.7560e+27,1.0784e+29,1.4612e+28,8.1000e+26,1.7700e+26,3.5780e+27,3.4430e+27,1.0161e+08,9.8024e-06,1.2689e+08,1.0106e-20,6.6712e+06,1.1581e+01,3.5046e+05,3.4845e+05,52.8,44.3,0.4,2.5,2.7595e+29,2.7121e+29,3.1220e+27,1.6250e+27,0.0000e+00,0.0000e+00,98.3,1.1,0.6
134,2.8465e+29,1.4858e+29,1.2810e+29,9.6300e+26,7.0130e+27,1.4378e+29,4.8020e+27,1.1356e+29,1.4544e+28,7.6000e+26,2.0300e+26,3.5190e+27,3.4940e+27,1.0267e+08,9.4217e-02,1.3134e+08,1.0004e-20,6.5653e+06,1.7314e+01,3.4845e+05,3.4648e+05,52.2,45.0,0.3,2.5,2.8463e+29,2.7992e+29,3.0830e+27,1.6320e+27,0.0000e+00,0.0000e+00,98.3,1.1,0.6
135,2.9595e+29,1.5201e+29,1.3594e+29,1.0100e+27,6.9930e+27,1.4706e+29,4.9440e+27,1.2111e+29,1.4824e+28,7.8300e+26,2.2700e+26,3.4540e+27,3.5390e+27,1.0400e+08,2.6748e-01,1.3336e+08,1.0116e-20,6.4281e+06,3.9484e+00,3.4647e+05,3.4455e+05,51.4,45.9,0.3,2.4,2.9574e+29,2.9073e+29,3.3510e+27,1.6600e+27,0.0000e+00,0.0000e+00,98.3,1.1,0.6
136,3.1076e+29,1.5617e+29,1.4656e+29,9.8000e+26,7.0510e+27,1.5112e+29,5.0430e+27,1.3104e+29,1.5518e+28,7.4900e+26,2.3100e+26,3.4950e+27,3.5560e+27,1.0456e+08,2.8560e-01,1.3460e+08,9.4476e-19,6.4380e+06,4.5972e+01,3.4454e+05,3.4265e+05,50.3,47.2,0.3,2.3,3.1049e+29,3.0543e+29,3.4240e+27,1.6310e+27,0.0000e+00,0.0000e+00,98.4,1.1,0.5
137,3.2249e+29,1.5885e+29,1.5563e+29,9.9900e+26,7.0180e+27,1.5362e+29,5.2280e+27,1.3830e+29,1.7330e+28,7.8000e+26,2.1900e+26,3.4950e+27,3.5230e+27,1.0442e+08,7.9454e+00,1.3929e+08,1.0019e-20,6.3719e+06,1.2941e+02,3.4264e+05,3.4079e+05,49.3,48.3,0.3,2.2,3.2234e+29,3.1727e+29,3.5810e+27,1.4820e+27,0.0000e+00,0.0000e+00,98.4,1.1,0.5
138,3.3360e+29,1.6132e+29,1.6399e+29,1.2760e+27,7.0190e+27,1.5567e+29,5.6460e+27,1.4303e+29,2.0954e+28,1.0340e+27,2.4200e+26,3.4880e+27,3.5310e+27,1.0411e+08,2.1191e+01,1.3907e+08,1.0007e-20,8.8874e+06,3.0651e+02,3.4079e+05,3.3898e+05,48.4,49.2,0.4,2.1,3.3351e+29,3.2829e+29,3.6980e+27,1.5180e+27,0.0000e+00,0.0000e+00,98.4,1.1,0.5
139,3.4547e+29,1.6517e+29,1.7180e+29,1.4650e+27,7.0300e+27,1.5946e+29,5.7170e+27,1.5085e+29,2.0957e+28,1.1970e+27,2.6800e+26,3.5630e+27,3.4670e+27,1.0348e+08,1.1572e+02,1.4510e+08,7.9378e-20,8.6647e+06,3.7457e+02,3.3897e+05,3.3721e+05,47.8,49.7,0.4,2.0,3.4528e+29,3.3991e+29,3.8030e+27,1.5630e+27,0.0000e+00,0.0000e+00,98.4,1.1,0.5
140,3.5826e+29,1.6899e+29,1.8081e+29,1.4130e+27,7.0410e+27,1.6302e+29,5.9750e+27,1.6102e+29,1.9796e+28,1.1200e+27,2.9300e+26,3.5290e+27,3.5120e+27,1.0433e+08,4.1890e+01,1.5537e+08,1.0028e-20,8.4702e+06,1.9536e+02,3.3720e+05,3.3547e+05,47.2,50.5,0.4,2.0,3.5799e+29,3.5263e+29,3.8290e+27,1.5310e+27,0.0000e+00,0.0000e+00,98.5,1.1,0.4
141,3.7314e+29,1.7229e+29,1.9245e+29,1.3730e+27,7.0330e+27,1.6626e+29,6.0320e+27,1.7113e+29,2.1317e+28,1.0870e+27,2.8600e+26,3.5850e+27,3.4480e+27,1.0608e+08,1.9219e+02,1.6285e+08,1.0078e-20,8.2810e+06,5.7722e+02,3.3546e+05,3.3378e+05,46.2,51.6,0.4,1.9,3.7298e+29,3.6756e+29,4.0000e+27,1.4280e+27,0.0000e+00,0.0000e+00,98.5,1.1,0.4
142,3.8532e+29,1.7536e+29,2.0151e+29,1.4210e+27,7.0270e+27,1.6902e+29,6.3380e+27,1.7999e+29,2.1525e+28,1.1160e+27,3.0500e+26,3.5110e+27,3.5160e+27,1.0781e+08,1.6188e+02,1.6870e+08,1.0074e-20,8.0707e+06,7.2318e+02,3.3377e+05,3.3213e+05,45.5,52.3,0.4,1.8,3.8506e+29,3.7950e+29,4.1950e+27,1.3640e+27,0.0000e+00,0.0000e+00,98.6,1.1,0.4
143,4.0157e+29,1.7927e+29,2.1349e+29,1.7710e+27,7.0400e+27,1.7238e+29,6.8910e+27,1.8810e+29,2.5390e+28,1.4380e+27,3.3300e+26,3.6000e+27,3.4400e+27,1.0853e+08,1.7780e+02,1.7384e+08,1.0003e-20,1.2348e+07,5.3554e+02,3.3212e+05,3.3052e+05,44.6,53.2,0.4,1.8,4.0126e+29,3.9538e+29,4.4330e+27,1.4550e+27,0.0000e+00,0.0000e+00,98.5,1.1,0.4
144,4.2037e+29,1.8335e+29,2.2802e+29,1.9470e+27,7.0520e+27,1.7618e+29,7.1740e+27,2.0162e+29,2.6406e+28,1.5900e+27,3.5700e+26,3.5110e+27,3.5410e+27,1.0936e+08,1.7168e+03,1.8169e+08,3.9540e-20,1.1922e+07,5.0026e+02,3.3051e+05,3.2895e+05,43.6,54.2,0.5,1.7,4.2009e+29,4.1395e+29,4.6690e+27,1.4640e+27,0.0000e+00,0.0000e+00,98.5,1.1,0.3
145,4.3989e+29,1.8713e+29,2.4377e+29,1.9500e+27,7.0370e+27,1.7963e+29,7.5060e+27,2.1643e+29,2.7340e+28,1.5970e+27,3.5300e+26,3.4930e+27,3.5440e+27,1.0932e+08,9.7044e+02,1.8377e+08,1.0063e-20,1.1502e+07,8.7174e+02,3.2894e+05,3.2742e+05,42.5,55.4,0.4,1.6,4.3959e+29,4.3340e+29,4.7640e+27,1.4270e+27,0.0000e+00,0.0000e+00,98.6,1.1,0.3
146,4.5766e+29,1.9005e+29,2.5868e+29,1.8970e+27,7.0300e+27,1.8258e+29,7.4640e+27,2.2953e+29,2.9153e+28,1.5260e+27,3.7100e+26,3.5030e+27,3.5270e+27,1.0759e+08,5.5933e+03,1.8919e+08,3.9726e-19,1.1129e+07,2.9167e+03,3.2741e+05,3.2594e+05,41.5,56.5,0.4,1.5,4.5745e+29,4.5112e+29,4.9870e+27,1.3390e+27,0.0000e+00,0.0000e+00,98.6,1.1,0.3
147,4.7531e+29,1.9400e+29,2.7226e+29,1.9830e+27,7.0660e+27,1.8629e+29,7.7040e+27,2.4325e+29,2.9009e+28,1.5640e+27,4.1900e+26,3.5460e+27,3.5200e+27,1.0632e+08,5.7413e+03,2.0008e+08,1.0009e-20,1.0796e+07,2.7456e+03,3.2593e+05,3.2449e+05,40.8,57.3,0.4,1.5,4.7502e+29,4.6878e+29,4.9660e+27,1.2720e+27,0.0000e+00,0.0000e+00,98.7,1.0,0.3
148,4.9656e+29,1.9735e+29,2.8955e+29,2.6150e+27,7.0480e+27,1.8865e+29,8.6930e+27,2.5238e+29,3.7171e+28,2.1890e+27,4.2600e+26,3.4890e+27,3.5590e+27,1.0812e+08,2.6613e+02,2.0842e+08,1.0011e-20,1.6270e+07,3.0295e+03,3.2449e+05,3.2309e+05,39.7,58.3,0.5,1.4,4.9618e+29,4.8944e+29,5.3410e+27,1.3960e+27,0.0000e+00,0.0000e+00,98.6,1.1,0.3
149,5.1712e+29,2.0113e+29,3.0630e+29,2.6390e+27,7.0490e+27,1.9206e+29,9.0740e+27,2.6663e+29,3.9664e+28,2.1800e+27,4.5900e+26,3.4800e+27,3.5690e+27,1.0923e+08,1.6767e+04,2.1227e+08,1.0093e-20,1.5549e+07,5.1906e+03,3.2309e+05,3.2174e+05,38.9,59.2,0.5,1.4,5.1670e+29,5.0983e+29,5.5720e+27,1.3030e+27,0.0000e+00,0.0000e+00,98.7,1.1,0.3
150,5.4054e+29,2.0523e+29,3.2562e+29,2.6550e+27,7.0380e+27,1.9565e+29,9.5790e+27,2.8333e+29,4.2287e+28,2.1220e+27,5.3300e+26,3.4730e+27,3.5650e+27,1.1029e+08,3.4325e+04,2.2354e+08,1.0088e-20,1.4709e+07,4.6206e+03,3.2173e+05,3.2043e+05,38.0,60.2,0.5,1.3,5.4033e+29,5.3322e+29,5.7800e+27,1.3280e+27,0.0000e+00,0.0000e+00,98.7,1.1,0.2
151,5.6523e+29,2.0926e+29,3.4631e+29,2.5930e+27,7.0590e+27,1.9955e+29,9.7090e+27,3.0363e+29,4.2687e+28,2.0530e+27,5.4000e+26,3.4770e+27,3.5820e+27,1.0995e+08,4.9105e+04,2.3332e+08,1.0063e-20,1.4042e+07,7.4773e+03,3.2042e+05,3.1916e+05,37.0,61.3,0.5,1.2,5.6473e+29,5.5757e+29,6.0160e+27,1.1480e+27,0.0000e+00,0.0000e+00,98.7,1.1,0.2
152,5.9223e+29,2.1301e+29,3.6923e+29,2.9350e+27,7.0580e+27,2.0257e+29,1.0438e+28,3.2226e+29,4.6964e+28,2.3550e+27,5.8000e+26,3.5370e+27,3.5210e+27,1.0953e+08,2.8433e+02,2.4032e+08,1.0100e-20,1.7693e+07,5.9499e+03,3.1915e+05,3.1793e+05,36.0,62.3,0.5,1.2,5.9185e+29,5.8432e+29,6.3560e+27,1.1810e+27,0.0000e+00,0.0000e+00,98.7,1.1,0.2
153,6.1744e+29,2.1627e+29,3.9070e+29,3.4180e+27,7.0520e+27,2.0471e+29,1.1563e+28,3.3448e+29,5.6216e+28,2.7910e+27,6.2700e+26,3.5680e+27,3.4840e+27,1.0847e+08,7.5839e+04,2.4701e+08,1.0093e-20,1.7425e+07,9.7531e+03,3.1793e+05,3.1675e+05,35.0,63.3,0.6,1.1,6.1712e+29,6.0933e+29,6.5160e+27,1.2740e+27,0.0000e+00,0.0000e+00,98.7,1.1,0.2
154,6.4505e+29,2.2149e+29,4.1312e+29,3.3430e+27,7.0840e+27,2.0928e+29,1.2217e+28,3.5417e+29,5.8958e+28,2.6720e+27,6.7100e+26,3.6930e+27,3.3910e+27,1.0823e+08,1.1347e+05,2.5039e+08,1.0031e-20,1.6650e+07,1.0905e+04,3.1674e+05,3.1561e+05,34.3,64.0,0.5,1.1,6.4472e+29,6.3660e+29,6.9200e+27,1.2000e+27,0.0000e+00,0.0000e+00,98.7,1.1,0.2
155,6.6564e+29,2.2398e+29,4.3126e+29,3.3510e+27,7.0460e+27,2.1160e+29,1.2375e+28,3.7150e+29,5.9762e+28,2.6610e+27,6.9000e+26,3.5080e+27,3.5380e+27,1.0953e+08,1.0699e+05,2.5663e+08,1.0158e-20,1.5966e+07,1.2920e+04,3.1560e+05,3.1451e+05,33.6,64.8,0.5,1.1,6.6529e+29,6.5708e+29,7.1130e+27,1.1010e+27,0.0000e+00,0.0000e+00,98.8,1.1,0.2
156,6.9202e+29,2.2807e+29,4.5358e+29,3.2900e+27,7.0770e+27,2.1504e+29,1.3037e+28,3.9238e+29,6.1197e+28,2.6060e+27,6.8400e+26,3.5400e+27,3.5370e+27,1.1112e+08,1.2914e+04,2.6531e+08,1.0081e-20,1.5290e+07,1.7447e+04,3.1451e+05,3.1346e+05,33.0,65.5,0.5,1.0,6.9174e+29,6.8335e+29,7.2830e+27,1.1040e+27,0.0000e+00,0.0000e+00,98.8,1.1,0.2
157,7.1809e+29,2.3140e+29,4.7544e+29,4.2030e+27,7.0510e+27,2.1644e+29,1.4959e+28,3.9963e+29,7.5814e+28,3.4030e+27,8.0000e+26,3.5260e+27,3.5250e+27,1.1108e+08,2.4750e+02,2.7931e+08,1.0084e-20,1.8118e+07,1.9910e+04,3.1345e+05,3.1245e+05,32.2,66.2,0.6,1.0,7.1747e+29,7.0867e+29,7.6170e+27,1.1770e+27,0.0000e+00,0.0000e+00,98.8,1.1,0.2
158,7.4777e+29,2.3563e+29,5.0081e+29,4.2720e+27,7.0670e+27,2.2016e+29,1.5462e+28,4.2000e+29,8.0807e+28,3.4630e+27,8.0900e+26,3.4770e+27,3.5900e+27,1.1099e+08,1.9473e+05,2.8710e+08,1.0071e-20,1.7390e+07,1.8514e+04,3.1245e+05,3.1148e+05,31.5,67.0,0.6,0.9,7.4739e+29,7.3823e+29,7.9670e+27,1.1860e+27,0.0000e+00,0.0000e+00,98.8,1.1,0.2
159,7.7704e+29,2.4004e+29,5.2576e+29,4.1700e+27,7.0720e+27,2.2374e+29,1.6304e+28,4.4270e+29,8.3062e+28,3.3150e+27,8.5500e+26,3.4970e+27,3.5750e+27,1.0948e+08,1.3472e+05,2.9422e+08,1.0026e-20,1.6630e+07,2.8020e+04,3.1148e+05,3.1056e+05,30.9,67.7,0.5,0.9,7.7661e+29,7.6733e+29,8.2330e+27,1.0540e+27,0.0000e+00,0.0000e+00,98.8,1.1,0.1
160,8.0142e+29,2.4264e+29,5.4756e+29,4.1740e+27,7.0440e+27,2.2606e+29,1.6578e+28,4.6415e+29,8.3410e+28,3.2280e+27,9.4600e+26,3.5080e+27,3.5360e+27,1.0977e+08,4.5007e+04,3.0243e+08,1.0051e-20,1.5832e+07,2.9739e+04,3.1056e+05,3.0969e+05,30.3,68.3,0.5,0.9,8.0105e+29,7.9161e+29,8.4350e+27,1.0050e+27,0.0000e+00,0.0000e+00,98.8,1.1,0.1
161,8.2565e+29,2.4542e+29,5.6837e+29,4.8050e+27,7.0480e+27,2.2742e+29,1.8002e+28,4.7312e+29,9.5248e+28,3.7930e+27,1.0120e+27,3.5470e+27,3.5010e+27,1.1039e+08,1.8852e+01,3.1208e+08,1.0143e-20,1.9184e+07,3.1968e+04,3.0969e+05,3.0886e+05,29.7,68.8,0.6,0.9,8.2508e+29,8.1533e+29,8.6420e+27,1.1080e+27,0.0000e+00,0.0000e+00,98.8,1.0,0.1
162,8.5483e+29,2.5003e+29,5.9260e+29,5.1200e+27,7.0880e+27,2.3043e+29,1.9597e+28,4.8887e+29,1.0373e+29,3.9850e+27,1.1350e+27,3.5110e+27,3.5770e+27,1.1084e+08,2.6282e+05,3.2296e+08,1.0046e-20,1.8638e+07,3.5866e+04,3.0886e+05,3.0807e+05,29.2,69.3,0.6,0.8,8.5470e+29,8.4463e+29,8.9600e+27,1.1040e+27,0.0000e+00,0.0000e+00,98.8,1.0,0.1
163,8.7705e+29,2.5289e+29,6.1206e+29,5.0400e+27,7.0660e+27,2.3278e+29,2.0109e+28,5.0690e+29,1.0516e+29,3.9570e+27,1.0830e+27,3.4730e+27,3.5930e+27,1.1023e+08,1.7450e+05,3.2922e+08,1.0023e-20,1.7905e+07,3.5668e+04,3.0807e+05,3.0733e+05,28.8,69.8,0.6,0.8,8.7665e+29,8.6652e+29,9.0830e+27,1.0510e+27,0.0000e+00,0.0000e+00,98.8,1.0,0.1
164,9.0163e+29,2.5546e+29,6.3425e+29,4.8700e+27,7.0510e+27,2.3476e+29,2.0699e+28,5.2847e+29,1.0578e+29,3.7650e+27,1.1050e+27,3.5870e+27,3.4640e+27,1.0963e+08,7.4509e+04,3.2597e+08,1.0100e-20,1.7061e+07,4.5179e+04,3.0732e+05,3.0663e+05,28.3,70.3,0.5,0.8,9.0132e+29,8.9095e+29,9.3680e+27,1.0090e+27,0.0000e+00,0.0000e+00,98.8,1.0,0.1
165,9.2916e+29,2.5921e+29,6.5766e+29,5.2090e+27,7.0840e+27,2.3746e+29,2.1752e+28,5.4402e+29,1.1364e+29,4.0120e+27,1.1970e+27,3.5580e+27,3.5260e+27,1.0864e+08,2.8922e+02,3.3873e+08,1.0043e-20,1.9006e+07,4.8157e+04,3.0663e+05,3.0598e+05,27.9,70.8,0.6,0.8,9.2870e+29,9.1817e+29,9.5320e+27,1.0000e+27,0.0000e+00,0.0000e+00,98.9,1.0,0.1
166,9.4878e+29,2.6172e+29,6.7408e+29,5.9050e+27,7.0740e+27,2.3764e+29,2.4079e+28,5.4419e+29,1.2989e+29,4.6110e+27,1.2940e+27,3.5310e+27,3.5430e+27,1.0863e+08,2.9244e+05,3.4235e+08,1.0057e-20,1.8720e+07,4.9766e+04,3.0597e+05,3.0537e+05,27.6,71.0,0.6,0.7,9.4862e+29,9.3780e+29,9.7780e+27,1.0410e+27,0.0000e+00,0.0000e+00,98.9,1.0,0.1
167,9.6945e+29,2.6452e+29,6.9211e+29,5.7510e+27,7.0770e+27,2.4022e+29,2.4298e+28,5.6413e+29,1.2798e+29,4.4480e+27,1.3030e+27,3.5240e+27,3.5530e+27,1.0967e+08,2.0607e+05,3.5853e+08,1.0068e-20,1.7892e+07,5.5227e+04,3.0537e+05,3.0481e+05,27.3,71.4,0.6,0.7,9.6921e+29,9.5822e+29,9.9440e+27,1.0420e+27,0.0000e+00,0.0000e+00,98.9,1.0,0.1
168,9.9115e+29,2.6725e+29,7.1110e+29,5.7290e+27,7.0690e+27,2.4241e+29,2.4842e+28,5.8419e+29,1.2691e+29,4.4220e+27,1.3070e+27,3.5680e+27,3.5010e+27,1.1081e+08,9.8772e+04,3.5075e+08,7.2850e-20,1.7229e+07,5.4002e+04,3.0480e+05,3.0429e+05,27.0,71.7,0.6,0.7,9.9060e+29,9.7942e+29,1.0198e+28,9.8400e+26,0.0000e+00,0.0000e+00,98.9,1.0,0.1
169,1.0130e+30,2.6977e+29,7.3042e+29,5.7580e+27,7.0810e+27,2.4391e+29,2.5863e+28,6.0024e+29,1.3018e+29,4.4060e+27,1.3520e+27,3.5220e+27,3.5590e+27,1.1101e+08,1.7912e+02,3.6038e+08,1.0067e-20,1.9601e+07,5.7127e+04,3.0428e+05,3.0381e+05,26.6,72.1,0.6,0.7,1.0129e+30,1.0016e+30,1.0268e+28,1.0450e+27,0.0000e+00,0.0000e+00,98.9,1.0,0.1
170,1.0296e+30,2.7175e+29,7.4425e+29,6.5490e+27,7.0440e+27,2.4298e+29,2.8764e+28,5.9116e+29,1.5309e+29,5.0580e+27,1.4910e+27,3.5920e+27,3.4520e+27,1.0910e+08,1.9648e+05,3.7216e+08,1.0056e-20,1.9438e+07,6.3226e+04,3.0381e+05,3.0338e+05,26.4,72.3,0.6,0.7,1.0294e+30,1.0178e+30,1.0514e+28,1.0600e+27,0.0000e+00,0.0000e+00,98.9,1.0,0.1
171,1.0465e+30,2.7422e+29,7.5863e+29,6.5250e+27,7.0790e+27,2.4522e+29,2.8998e+28,6.0795e+29,1.5068e+29,5.0330e+27,1.4920e+27,3.4950e+27,3.5840e+27,1.0903e+08,2.3557e+05,3.7123e+08,1.0085e-20,1.8619e+07,6.4717e+04,3.0338e+05,3.0300e+05,26.2,72.5,0.6,0.7,1.0463e+30,1.0346e+30,1.0614e+28,1.0700e+27,0.0000e+00,0.0000e+00,98.9,1.0,0.1
172,1.0595e+30,2.7618e+29,7.7004e+29,6.2530e+27,7.0720e+27,2.4699e+29,2.9191e+28,6.2397e+29,1.4607e+29,4.8060e+27,1.4470e+27,3.5300e+27,3.5420e+27,1.0937e+08,1.2123e+05,3.7533e+08,1.0403e-19,1.7909e+07,7.0166e+04,3.0300e+05,3.0266e+05,26.1,72.7,0.6,0.7,1.0593e+30,1.0473e+30,1.0978e+28,1.0190e+27,0.0000e+00,0.0000e+00,98.9,1.0,0.1
173,1.0736e+30,2.7908e+29,7.8118e+29,6.2850e+27,7.0800e+27,2.4896e+29,3.0122e+28,6.3789e+29,1.4329e+29,4.6750e+27,1.6100e+27,3.5320e+27,3.5480e+27,1.0955e+08,6.3268e+01,3.7982e+08,1.0004e-20,1.9646e+07,7.0801e+04,3.0266e+05,3.0237e+05,26.0,72.8,0.6,0.7,1.0733e+30,1.0613e+30,1.0936e+28,1.0220e+27,0.0000e+00,0.0000e+00,98.9,1.0,0.1
174,1.0898e+30,2.8036e+29,7.9498e+29,7.4020e+27,7.0770e+27,2.4682e+29,3.3540e+28,6.2308e+29,1.7191e+29,5.7070e+27,1.6950e+27,3.6140e+27,3.4630e+27,1.0922e+08,5.3014e+04,3.8570e+08,1.0119e-20,1.9619e+07,7.6508e+04,3.0237e+05,3.0212e+05,25.7,72.9,0.7,0.6,1.0897e+30,1.0774e+30,1.1173e+28,1.1660e+27,0.0000e+00,0.0000e+00,98.9,1.0,0.1
175,1.1043e+30,2.8169e+29,8.0830e+29,7.1770e+27,7.0840e+27,2.4792e+29,3.3770e+28,6.4012e+29,1.6818e+29,5.4370e+27,1.7400e+27,3.5320e+27,3.5520e+27,1.0789e+08,2.9001e+05,3.8780e+08,1.0010e-20,1.8768e+07,8.0880e+04,3.0212e+05,3.0192e+05,25.5,73.2,0.6,0.6,1.1041e+30,1.0916e+30,1.1366e+28,1.1430e+27,0.0000e+00,0.0000e+00,98.9,1.0,0.1
176,1.1174e+30,2.8329e+29,8.2012e+29,6.9300e+27,7.0580e+27,2.4934e+29,3.3944e+28,6.5524e+29,1.6487e+29,5.1690e+27,1.7610e+27,3.6020e+27,3.4560e+27,1.0684e+08,1.5491e+05,3.8884e+08,1.0028e-20,1.7993e+07,8.4751e+04,3.0192e+05,3.0176e+05,25.4,73.4,0.6,0.6,1.1172e+30,1.1048e+30,1.1318e+28,1.0820e+27,0.0000e+00,0.0000e+00,98.9,1.0,0.1
177,1.1304e+30,2.8500e+29,8.3136e+29,6.9230e+27,7.0910e+27,2.5071e+29,3.4297e+28,6.7160e+29,1.5975e+29,5.0580e+27,1.8650e+27,3.5550e+27,3.5360e+27,1.0700e+08,7.2250e+03,3.9061e+08,1.0214e-20,1.7226e+07,7.8692e+04,3.0176e+05,3.0164e+05,25.2,73.5,0.6,0.6,1.1302e+30,1.1176e+30,1.1617e+28,1.0500e+27,0.0000e+00,0.0000e+00,98.9,1.0,0.1
178,1.1386e+30,2.8521e+29,8.3850e+29,7.8330e+27,7.0650e+27,2.4741e+29,3.7793e+28,6.5050e+29,1.8800e+29,5.8920e+27,1.9410e+27,3.5050e+27,3.5600e+27,1.0678e+08,3.7401e+02,3.9754e+08,1.0032e-20,1.9672e+07,8.2179e+04,3.0164e+05,3.0158e+05,25.0,73.6,0.7,0.6,1.1384e+30,1.1258e+30,1.1384e+28,1.2530e+27,0.0000e+00,0.0000e+00,98.9,1.0,0.1
179,1.1539e+30,2.8771e+29,8.5148e+29,7.6190e+27,7.0760e+27,2.4969e+29,3.8021e+28,6.6772e+29,1.8376e+29,5.6810e+27,1.9380e+27,3.6310e+27,3.4450e+27,1.0604e+08,3.3885e+05,4.0278e+08,1.0014e-20,1.8954e+07,8.3617e+04,3.0158e+05,3.0155e+05,24.9,73.8,0.7,0.6,1.1536e+30,1.1407e+30,1.1676e+28,1.2670e+27,0.0000e+00,0.0000e+00,98.9,1.0,0.1
180,1.1615e+30,2.8761e+29,8.5931e+29,7.5490e+27,7.0670e+27,2.4935e+29,3.8254e+28,6.8165e+29,1.7766e+29,5.5690e+27,1.9800e+27,3.4170e+27,3.6500e+27,1.0500e+08,1.8824e+05,4.0086e+08,1.0055e-20,1.8260e+07,9.0036e+04,3.0158e+05,3.0155e+05,24.8,74.0,0.6,0.6,1.1614e+30,1.1484e+30,1.1833e+28,1.1280e+27,0.0000e+00,0.0000e+00,98.9,1.0,0.1
181,1.1740e+30,2.8947e+29,8.7010e+29,7.3740e+27,7.0740e+27,2.5120e+29,3.8266e+28,6.9701e+29,1.7309e+29,5.2640e+27,2.1100e+27,3.5420e+27,3.5320e+27,1.0611e+08,2.1358e+04,3.9896e+08,1.0070e-20,1.7637e+07,8.9582e+04,3.0164e+05,3.0158e+05,24.7,74.1,0.6,0.6,1.1741e+30,1.1610e+30,1.1896e+28,1.1800e+27,0.0000e+00,0.0000e+00,98.9,1.0,0.1
182,1.1791e+30,2.8925e+29,8.7462e+29,8.1940e+27,7.0620e+27,2.4736e+29,4.1888e+28,6.7494e+29,1.9968e+29,6.0860e+27,2.1080e+27,3.5020e+27,3.5600e+27,1.0562e+08,3.6164e+01,4.0247e+08,1.0002e-20,1.9898e+07,9.0545e+04,3.0176e+05,3.0164e+05,24.5,74.2,0.7,0.6,1.1789e+30,1.1657e+30,1.1984e+28,1.2410e+27,0.0000e+00,0.0000e+00,98.9,1.0,0.1
183,1.1885e+30,2.9083e+29,8.8249e+29,8.1300e+27,7.0870e+27,2.4860e+29,4.2232e+28,6.8443e+29,1.9806e+29,5.8930e+27,2.2370e+27,3.5220e+27,3.5650e+27,1.0488e+08,3.9065e+05,4.1315e+08,1.0012e-20,1.9107e+07,8.6793e+04,3.0192e+05,3.0176e+05,24.5,74.3,0.7,0.6,1.1884e+30,1.1751e+30,1.2078e+28,1.2460e+27,0.0000e+00,0.0000e+00,98.9,1.0,0.1
184,1.1911e+30,2.9111e+29,8.8499e+29,7.9190e+27,7.0800e+27,2.4876e+29,4.2341e+28,6.9584e+29,1.8916e+29,5.7000e+27,2.2190e+27,3.5170e+27,3.5630e+27,1.0485e+08,2.2266e+05,4.1221e+08,1.0004e-20,1.8370e+07,9.2946e+04,3.0212e+05,3.0192e+05,24.4,74.3,0.7,0.6,1.1909e+30,1.1775e+30,1.2230e+28,1.1790e+27,0.0000e+00,0.0000e+00,98.9,1.0,0.1
185,1.1961e+30,2.9107e+29,8.9017e+29,7.7460e+27,7.0820e+27,2.4906e+29,4.2011e+28,7.0779e+29,1.8239e+29,5.4540e+27,2.2920e+27,3.5800e+27,3.5020e+27,1.0477e+08,3.9191e+04,4.1003e+08,1.0021e-20,1.7695e+07,9.4427e+04,3.0237e+05,3.0212e+05,24.3,74.4,0.6,0.6,1.1962e+30,1.1829e+30,1.2065e+28,1.1960e+27,0.0000e+00,0.0000e+00,98.9,1.0,0.1
186,1.1967e+30,2.9020e+29,8.9109e+29,8.3090e+27,7.0680e+27,2.4521e+29,4.4992e+28,6.8498e+29,2.0611e+29,5.9970e+27,2.3120e+27,3.5170e+27,3.5510e+27,1.0581e+08,4.8470e+02,4.0608e+08,1.0015e-20,1.9861e+07,8.5195e+04,3.0266e+05,3.0237e+05,24.3,74.5,0.7,0.6,1.1963e+30,1.1830e+30,1.2042e+28,1.2130e+27,0.0000e+00,0.0000e+00,98.9,1.0,0.1
187,1.1978e+30,2.9152e+29,8.9082e+29,8.3920e+27,7.0640e+27,2.4552e+29,4.6006e+28,6.8726e+29,2.0356e+29,5.9500e+27,2.4420e+27,3.5260e+27,3.5380e+27,1.0671e+08,4.6702e+05,4.0647e+08,1.0129e-20,1.9191e+07,8.4298e+04,3.0300e+05,3.0266e+05,24.3,74.4,0.7,0.6,1.1978e+30,1.1845e+30,1.2140e+28,1.2160e+27,0.0000e+00,0.0000e+00,98.9,1.0,0.1
188,1.1960e+30,2.9130e+29,8.8950e+29,8.1050e+27,7.0860e+27,2.4619e+29,4.5105e+28,6.9629e+29,1.9321e+29,5.7680e+27,2.3370e+27,3.5080e+27,3.5780e+27,1.0643e+08,2.7336e+05,4.0758e+08,1.0020e-20,1.8654e+07,8.7299e+04,3.0338e+05,3.0300e+05,24.4,74.4,0.7,0.6,1.1962e+30,1.1829e+30,1.2077e+28,1.2170e+27,0.0000e+00,0.0000e+00,98.9,1.0,0.1
189,1.2005e+30,2.9204e+29,8.9337e+29,7.9950e+27,7.0690e+27,2.4699e+29,4.5055e+28,7.0744e+29,1.8592e+29,5.6590e+27,2.3360e+27,3.5600e+27,3.5090e+27,1.0431e+08,6.7725e+04,4.0716e+08,1.0336e-20,1.8072e+07,7.9567e+04,3.0381e+05,3.0338e+05,24.3,74.4,0.7,0.6,1.2004e+30,1.1869e+30,1.2301e+28,1.1920e+27,0.0000e+00,0.0000e+00,98.9,1.0,0.1
190,1.1882e+30,2.8935e+29,8.8328e+29,8.5270e+27,7.0570e+27,2.4236e+29,4.6988e+28,6.8256e+29,2.0073e+29,6.0990e+27,2.4280e+27,3.4780e+27,3.5790e+27,1.0377e+08,4.8545e+02,4.0739e+08,1.0005e-20,2.0167e+07,8.0967e+04,3.0428e+05,3.0381e+05,24.4,74.3,0.7,0.6,1.1883e+30,1.1750e+30,1.2138e+28,1.1910e+27,0.0000e+00,0.0000e+00,98.9,1.0,0.1
191,1.1913e+30,2.9118e+29,8.8443e+29,8.6340e+27,7.0710e+27,2.4251e+29,4.8675e+28,6.8116e+29,2.0327e+29,6.2190e+27,2.4150e+27,3.4950e+27,3.5760e+27,1.0426e+08,5.5418e+05,4.0313e+08,3.4717e-20,1.9685e+07,7.0403e+04,3.0480e+05,3.0429e+05,24.4,74.2,0.7,0.6,1.1912e+30,1.1782e+30,1.1810e+28,1.2730e+27,0.0000e+00,0.0000e+00,98.9,1.0,0.1
192,1.1856e+30,2.9043e+29,8.7983e+29,8.2830e+27,7.0790e+27,2.4266e+29,4.7777e+28,6.8693e+29,1.9290e+29,5.9090e+27,2.3740e+27,3.5110e+27,3.5680e+27,1.0567e+08,3.4106e+05,4.0096e+08,1.0073e-20,1.8948e+07,8.2517e+04,3.0537e+05,3.0481e+05,24.5,74.2,0.7,0.6,1.1858e+30,1.1725e+30,1.2061e+28,1.2610e+27,0.0000e+00,0.0000e+00,98.9,1.0,0.1
193,1.1785e+30,2.8945e+29,8.7375e+29,8.1920e+27,7.0670e+27,2.4243e+29,4.7023e+28,6.9159e+29,1.8216e+29,5.6630e+27,2.5290e+27,3.5570e+27,3.5100e+27,1.0571e+08,1.1800e+05,4.0341e+08,1.0191e-20,1.8250e+07,8.2666e+04,3.0598e+05,3.0537e+05,24.6,74.1,0.7,0.6,1.1788e+30,1.1657e+30,1.1813e+28,1.2290e+27,0.0000e+00,0.0000e+00,98.9,1.0,0.1
194,1.1617e+30,2.8787e+29,8.5846e+29,8.3370e+27,7.0640e+27,2.3917e+29,4.8704e+28,6.6928e+29,1.8919e+29,5.8700e+27,2.4670e+27,3.5180e+27,3.5460e+27,1.0549e+08,5.6876e+02,3.9681e+08,1.0057e-20,1.9988e+07,6.3293e+04,3.0663e+05,3.0598e+05,24.8,73.9,0.7,0.6,1.1617e+30,1.1488e+30,1.1651e+28,1.2490e+27,0.0000e+00,0.0000e+00,98.9,1.0,0.1
195,1.1523e+30,2.8771e+29,8.4883e+29,8.7250e+27,7.0740e+27,2.3757e+29,5.0140e+28,6.5499e+29,1.9385e+29,6.2120e+27,2.5130e+27,3.4650e+27,3.6090e+27,1.0449e+08,6.0225e+05,3.9855e+08,1.0075e-20,1.9682e+07,6.8624e+04,3.0733e+05,3.0663e+05,25.0,73.7,0.8,0.6,1.1526e+30,1.1397e+30,1.1545e+28,1.3640e+27,0.0000e+00,0.0000e+00,98.9,1.0,0.1
196,1.1360e+30,2.8691e+29,8.3366e+29,8.4030e+27,7.0640e+27,2.3740e+29,4.9517e+28,6.5303e+29,1.8063e+29,5.8390e+27,2.5640e+27,3.4650e+27,3.5990e+27,1.0430e+08,4.4860e+05,4.0257e+08,1.0056e-20,1.8958e+07,5.4910e+04,3.0807e+05,3.0733e+05,25.3,73.4,0.7,0.6,1.1363e+30,1.1234e+30,1.1626e+28,1.3340e+27,0.0000e+00,0.0000e+00,98.9,1.0,0.1
197,1.1183e+30,2.8530e+29,8.1786e+29,8.1030e+27,7.0560e+27,2.3729e+29,4.8009e+28,6.5052e+29,1.6735e+29,5.5580e+27,2.5450e+27,3.5690e+27,3.4870e+27,1.0427e+08,1.9604e+05,4.0300e+08,1.2007e-20,1.8403e+07,5.9161e+04,3.0885e+05,3.0807e+05,25.5,73.1,0.7,0.6,1.1185e+30,1.1060e+30,1.1298e+28,1.2060e+27,0.0000e+00,0.0000e+00,98.9,1.0,0.1
198,1.1052e+30,2.8472e+29,8.0531e+29,8.0940e+27,7.0890e+27,2.3591e+29,4.8808e+28,6.3998e+29,1.6533e+29,5.5730e+27,2.5210e+27,3.5620e+27,3.5270e+27,1.0473e+08,2.8180e+02,3.9561e+08,1.0011e-20,1.9718e+07,5.0901e+04,3.0969e+05,3.0886e+05,25.8,72.9,0.7,0.6,1.1054e+30,1.0929e+30,1.1266e+28,1.2670e+27,0.0000e+00,0.0000e+00,98.9,1.0,0.1
199,1.0834e+30,2.8294e+29,7.8483e+29,8.5560e+27,7.0450e+27,2.3204e+29,5.0902e+28,6.1173e+29,1.7309e+29,6.0210e+27,2.5350e+27,3.5270e+27,3.5180e+27,1.0484e+08,4.2122e+05,3.8877e+08,1.0170e-20,1.9506e+07,4.9243e+04,3.1056e+05,3.0969e+05,26.1,72.4,0.8,0.7,1.0838e+30,1.0715e+30,1.0917e+28,1.3420e+27,0.0000e+00,0.0000e+00,98.9,1.0,0.1
200,1.0615e+30,2.8153e+29,7.6455e+29,8.3340e+27,7.0710e+27,2.3235e+29,4.9175e+28,6.0515e+29,1.5940e+29,5.7460e+27,2.5880e+27,3.5200e+27,3.5510e+27,1.0495e+08,3.7036e+05,3.8084e+08,1.0091e-20,1.8880e+07,3.5878e+04,3.1148e+05,3.1056e+05,26.5,72.0,0.8,0.7,1.0618e+30,1.0496e+30,1.0779e+28,1.3940e+27,0.0000e+00,0.0000e+00,98.9,1.0,0.1
201,1.0324e+30,2.7945e+29,7.3795e+29,7.9360e+27,7.0400e+27,2.3108e+29,4.8374e+28,5.9347e+29,1.4448e+29,5.4340e+27,2.5020e+27,3.5540e+27,3.4860e+27,1.0528e+08,2.9305e+05,3.7790e+08,1.0016e-20,1.8267e+07,4.0729e+04,3.1244e+05,3.1149e+05,27.1,71.5,0.8,0.7,1.0331e+30,1.0212e+30,1.0506e+28,1.3520e+27,0.0000e+00,0.0000e+00,98.9,1.0,0.1
202,1.0088e+30,2.7817e+29,7.1596e+29,7.5560e+27,7.0670e+27,2.3096e+29,4.7210e+28,5.8320e+29,1.3276e+29,5.1820e+27,2.3740e+27,3.5730e+27,3.4940e+27,1.0539e+08,1.5691e+04,3.7550e+08,1.0029e-20,1.7788e+07,3.3765e+04,3.1345e+05,3.1245e+05,27.6,71.0,0.7,0.7,1.0089e+30,9.9730e+29,1.0255e+28,1.3140e+27,0.0000e+00,0.0000e+00,98.9,1.0,0.1
203,9.8267e+29,2.7563e+29,6.9155e+29,8.4300e+27,7.0520e+27,2.2581e+29,4.9819e+28,5.4775e+29,1.4380e+29,5.9390e+27,2.4910e+27,3.4910e+27,3.5610e+27,1.0537e+08,5.1284e+02,3.7639e+08,1.0017e-20,2.0066e+07,2.7876e+04,3.1450e+05,3.1346e+05,28.0,70.4,0.9,0.7,9.8301e+29,9.7164e+29,9.8910e+27,1.4790e+27,0.0000e+00,0.0000e+00,98.8,1.0,0.2
204,9.5984e+29,2.7464e+29,6.6996e+29,8.1690e+27,7.0760e+27,2.2584e+29,4.8794e+28,5.3701e+29,1.3295e+29,5.6870e+27,2.4820e+27,3.5020e+27,3.5740e+27,1.0788e+08,1.2871e+05,3.7544e+08,1.0030e-20,1.9627e+07,2.6826e+04,3.1560e+05,3.1451e+05,28.6,69.8,0.9,0.7,9.6030e+29,9.4926e+29,9.5800e+27,1.4590e+27,0.0000e+00,0.0000e+00,98.9,1.0,0.2
205,9.2944e+29,2.7180e+29,6.4284e+29,7.7480e+27,7.0460e+27,2.2461e+29,4.7189e+28,5.2283e+29,1.2001e+29,5.2700e+27,2.4780e+27,3.5200e+27,3.5260e+27,1.0854e+08,1.7025e+05,3.6322e+08,1.0087e-20,1.9066e+07,2.3333e+04,3.1674e+05,3.1561e+05,29.2,69.2,0.8,0.8,9.2987e+29,9.1886e+29,9.5800e+27,1.4290e+27,0.0000e+00,0.0000e+00,98.8,1.0,0.2
206,9.0641e+29,2.7021e+29,6.2177e+29,7.3620e+27,7.0660e+27,2.2428e+29,4.5927e+28,5.1329e+29,1.0848e+29,4.9930e+27,2.3690e+27,3.5460e+27,3.5200e+27,1.0833e+08,1.3833e+05,3.5920e+08,1.0060e-20,1.8406e+07,1.7043e+04,3.1792e+05,3.1675e+05,29.8,68.6,0.8,0.8,9.0672e+29,8.9618e+29,9.0780e+27,1.4620e+27,0.0000e+00,0.0000e+00,98.8,1.0,0.2
207,8.8062e+29,2.6731e+29,5.9870e+29,7.5680e+27,7.0400e+27,2.2110e+29,4.6208e+28,4.9129e+29,1.0741e+29,5.1640e+27,2.4040e+27,3.5160e+27,3.5240e+27,1.0860e+08,6.0365e+02,3.5046e+08,1.0015e-20,2.0837e+07,1.6378e+04,3.1915e+05,3.1793e+05,30.4,68.0,0.9,0.8,8.8103e+29,8.7080e+29,8.7690e+27,1.4650e+27,0.0000e+00,0.0000e+00,98.8,1.0,0.2
208,8.5412e+29,2.6569e+29,5.7368e+29,7.6880e+27,7.0580e+27,2.1828e+29,4.7410e+28,4.6879e+29,1.0489e+29,5.3370e+27,2.3510e+27,3.5520e+27,3.5060e+27,1.0818e+08,5.7805e+04,3.4898e+08,1.0543e-20,2.0541e+07,1.0554e+04,3.2042e+05,3.1915e+05,31.1,67.2,0.9,0.8,8.5458e+29,8.4444e+29,8.5170e+27,1.6230e+27,0.0000e+00,0.0000e+00,98.8,1.0,0.2
209,8.2816e+29,2.6376e+29,5.4987e+29,7.4760e+27,7.0610e+27,2.1805e+29,4.5708e+28,4.5616e+29,9.3706e+28,5.0880e+27,2.3880e+27,3.5000e+27,3.5610e+27,1.0842e+08,5.4678e+04,3.3680e+08,1.0120e-20,1.9860e+07,1.1279e+04,3.2174e+05,3.2042e+05,31.8,66.4,0.9,0.9,8.2851e+29,8.1837e+29,8.5430e+27,1.5950e+27,0.0000e+00,0.0000e+00,98.8,1.0,0.2
210,8.0040e+29,2.6050e+29,5.2563e+29,7.2150e+27,7.0550e+27,2.1643e+29,4.4074e+28,4.4162e+29,8.4002e+28,4.8470e+27,2.3680e+27,3.5190e+27,3.5360e+27,1.0831e+08,3.3159e+04,3.3726e+08,1.0114e-20,1.9345e+07,6.8974e+03,3.2309e+05,3.2174e+05,32.5,65.7,0.9,0.9,8.0079e+29,7.9108e+29,8.1010e+27,1.6110e+27,0.0000e+00,0.0000e+00,98.8,1.0,0.2
211,7.7744e+29,2.5855e+29,5.0489e+29,6.9510e+27,7.0490e+27,2.1593e+29,4.2626e+28,4.2803e+29,7.6855e+28,4.6330e+27,2.3180e+27,3.5840e+27,3.4650e+27,1.0782e+08,2.5050e+04,3.4533e+08,1.0211e-20,1.8715e+07,7.8103e+03,3.2449e+05,3.2310e+05,33.3,64.9,0.9,0.9,7.7778e+29,7.6847e+29,7.6270e+27,1.6860e+27,0.0000e+00,0.0000e+00,98.8,1.0,0.2
212,7.5645e+29,2.5606e+29,4.8611e+29,7.2270e+27,7.0470e+27,2.1188e+29,4.4175e+28,4.0527e+29,8.0844e+28,4.9730e+27,2.2540e+27,3.4930e+27,3.5540e+27,1.0876e+08,7.7014e+02,3.3480e+08,1.0046e-20,2.1027e+07,4.7102e+03,3.2593e+05,3.2449e+05,33.9,64.3,1.0,0.9,7.5678e+29,7.4732e+29,7.7500e+27,1.7060e+27,0.0000e+00,0.0000e+00,98.8,1.0,0.2
213,7.3053e+29,2.5287e+29,4.6343e+29,7.2010e+27,7.0300e+27,2.0991e+29,4.2958e+28,3.8993e+29,7.3500e+28,4.9890e+27,2.2120e+27,3.5300e+27,3.5000e+27,1.0951e+08,1.0343e+04,3.2490e+08,4.5187e-19,2.0422e+07,4.7718e+03,3.2742e+05,3.2594e+05,34.6,63.4,1.0,1.0,7.3074e+29,7.2133e+29,7.5900e+27,1.8200e+27,0.0000e+00,0.0000e+00,98.7,1.0,0.2
214,7.1145e+29,2.5102e+29,4.4640e+29,6.9860e+27,7.0400e+27,2.0962e+29,4.1405e+28,3.8017e+29,6.6228e+28,4.8510e+27,2.1350e+27,3.5220e+27,3.5180e+27,1.0924e+08,3.8050e+03,3.2649e+08,1.0032e-20,1.9739e+07,1.9120e+03,3.2894e+05,3.2742e+05,35.3,62.7,1.0,1.0,7.1173e+29,7.0258e+29,7.3310e+27,1.8210e+27,0.0000e+00,0.0000e+00,98.7,1.0,0.3
215,6.8800e+29,2.4746e+29,4.2709e+29,6.4130e+27,7.0380e+27,2.0764e+29,3.9823e+28,3.6798e+29,5.9107e+28,4.2890e+27,2.1240e+27,3.4980e+27,3.5400e+27,1.0985e+08,3.1752e+03,3.2280e+08,2.8929e-19,1.9355e+07,2.6314e+03,3.3051e+05,3.2895e+05,36.0,62.1,0.9,1.0,6.8840e+29,6.7946e+29,7.1110e+27,1.8360e+27,0.0000e+00,0.0000e+00,98.7,1.0,0.3
216,6.6927e+29,2.4485e+29,4.1117e+29,6.2190e+27,7.0330e+27,2.0661e+29,3.8235e+28,3.5739e+29,5.3784e+28,4.1610e+27,2.0580e+27,3.5250e+27,3.5080e+27,1.1005e+08,5.9742e+02,3.1475e+08,1.0043e-20,2.1567e+07,1.4771e+03,3.3212e+05,3.3051e+05,36.6,61.4,0.9,1.1,6.6934e+29,6.6063e+29,6.9190e+27,1.7930e+27,0.0000e+00,0.0000e+00,98.7,1.0,0.3
217,6.5465e+29,2.4217e+29,3.9868e+29,6.7660e+27,7.0380e+27,2.0237e+29,3.9791e+28,3.4028e+29,5.8399e+28,4.6750e+27,2.0910e+27,3.4520e+27,3.5860e+27,1.1059e+08,1.7018e+03,3.1473e+08,1.0048e-20,2.1537e+07,1.2390e+03,3.3377e+05,3.3212e+05,37.0,60.9,1.0,1.1,6.5472e+29,6.4577e+29,6.9750e+27,1.9750e+27,0.0000e+00,0.0000e+00,98.6,1.1,0.3
218,6.4146e+29,2.3969e+29,3.8833e+29,6.4100e+27,7.0330e+27,2.0145e+29,3.8236e+28,3.3359e+29,5.4741e+28,4.3970e+27,2.0130e+27,3.4640e+27,3.5690e+27,1.1064e+08,5.3824e+02,3.1669e+08,1.0136e-20,2.1004e+07,8.3346e+02,3.3547e+05,3.3378e+05,37.4,60.5,1.0,1.1,6.4178e+29,6.3306e+29,6.7180e+27,2.0020e+27,0.0000e+00,0.0000e+00,98.6,1.0,0.3
219,6.2373e+29,2.3646e+29,3.7422e+29,6.0200e+27,7.0290e+27,1.9966e+29,3.6805e+28,3.2453e+29,4.9696e+28,4.1290e+27,1.8910e+27,3.4740e+27,3.5550e+27,1.1034e+08,3.9614e+02,3.0216e+08,1.0020e-20,2.0402e+07,6.0715e+02,3.3720e+05,3.3547e+05,37.9,60.0,1.0,1.1,6.2407e+29,6.1554e+29,6.4720e+27,2.0600e+27,0.0000e+00,0.0000e+00,98.6,1.0,0.3
220,6.0991e+29,2.3416e+29,3.6293e+29,5.7930e+27,7.0290e+27,1.9856e+29,3.5602e+28,3.1698e+29,4.5945e+28,3.9000e+27,1.8930e+27,3.5350e+27,3.4940e+27,1.1248e+08,2.1362e+01,2.9290e+08,5.6977e-19,2.0020e+07,4.0511e+02,3.3897e+05,3.3720e+05,38.4,59.5,0.9,1.2,6.1000e+29,6.0160e+29,6.3480e+27,2.0470e+27,0.0000e+00,0.0000e+00,98.6,1.0,0.3
221,5.9734e+29,2.3156e+29,3.5308e+29,5.6600e+27,7.0360e+27,1.9730e+29,3.4259e+28,3.1040e+29,4.2681e+28,3.7540e+27,1.9060e+27,3.4990e+27,3.5370e+27,1.1220e+08,9.5365e+01,2.9733e+08,1.0022e-20,1.9476e+07,5.0563e+02,3.4079e+05,3.3898e+05,38.8,59.1,0.9,1.2,5.9751e+29,5.8897e+29,6.5070e+27,2.0280e+27,0.0000e+00,0.0000e+00,98.6,1.1,0.3
222,5.8511e+29,2.2857e+29,3.4341e+29,6.0890e+27,7.0400e+27,1.9319e+29,3.5381e+28,2.9770e+29,4.5708e+28,4.2040e+27,1.8850e+27,3.4600e+27,3.5800e+27,1.1099e+08,8.9559e+00,2.9873e+08,1.0022e-20,2.2208e+07,1.0276e+02,3.4264e+05,3.4080e+05,39.1,58.7,1.0,1.2,5.8529e+29,5.7686e+29,6.2940e+27,2.1430e+27,0.0000e+00,0.0000e+00,98.6,1.1,0.4
223,5.7300e+29,2.2562e+29,3.3461e+29,5.7430e+27,7.0150e+27,1.9191e+29,3.3715e+28,2.9238e+29,4.2236e+28,3.9640e+27,1.7790e+27,3.5060e+27,3.5090e+27,1.1132e+08,3.5282e+01,2.8713e+08,1.1964e-18,2.1611e+07,2.6182e+02,3.4454e+05,3.4265e+05,39.4,58.4,1.0,1.2,5.7312e+29,5.6489e+29,5.9770e+27,2.2520e+27,0.0000e+00,0.0000e+00,98.6,1.0,0.4
224,5.5953e+29,2.2360e+29,3.2336e+29,5.5350e+27,7.0380e+27,1.9106e+29,3.2535e+28,2.8293e+29,4.0431e+28,3.7400e+27,1.7950e+27,3.5640e+27,3.4740e+27,1.1309e+08,2.5090e-01,2.7963e+08,1.0085e-20,2.0923e+07,1.2039e+02,3.4648e+05,3.4455e+05,40.0,57.8,1.0,1.3,5.5961e+29,5.5129e+29,6.0210e+27,2.3030e+27,0.0000e+00,0.0000e+00,98.5,1.1,0.4
225,5.4606e+29,2.2087e+29,3.1299e+29,5.1840e+27,7.0170e+27,1.8939e+29,3.1484e+28,2.7563e+29,3.7359e+28,3.6090e+27,1.5750e+27,3.5720e+27,3.4450e+27,1.1338e+08,1.1291e+00,2.8539e+08,1.0024e-20,2.0525e+07,1.0397e+02,3.4845e+05,3.4648e+05,40.4,57.3,0.9,1.3,5.4625e+29,5.3810e+29,5.8980e+27,2.2590e+27,0.0000e+00,0.0000e+00,98.5,1.1,0.4
226,5.3715e+29,2.1868e+29,3.0647e+29,4.9630e+27,7.0270e+27,1.8856e+29,3.0126e+28,2.7191e+29,3.4566e+28,3.2960e+27,1.6670e+27,3.4590e+27,3.5680e+27,1.1294e+08,8.8422e+00,2.8421e+08,1.0304e-20,1.9905e+07,2.3740e+01,3.5047e+05,3.4846e+05,40.7,57.1,0.9,1.3,5.3729e+29,5.2919e+29,5.7850e+27,2.3190e+27,0.0000e+00,0.0000e+00,98.5,1.1,0.4
227,5.2602e+29,2.1539e+29,2.9849e+29,5.1470e+27,6.9840e+27,1.8488e+29,3.0518e+28,2.6273e+29,3.5759e+28,3.5710e+27,1.5760e+27,3.5130e+27,3.4710e+27,1.1289e+08,3.0768e-03,2.7939e+08,1.0059e-20,2.3177e+07,3.8638e+01,3.5251e+05,3.5047e+05,40.9,56.7,1.0,1.3,5.2612e+29,5.1803e+29,5.7480e+27,2.3440e+27,0.0000e+00,0.0000e+00,98.5,1.1,0.4
228,5.1841e+29,2.1415e+29,2.9204e+29,5.1810e+27,7.0370e+27,1.8372e+29,3.0428e+28,2.5643e+29,3.5610e+28,3.6000e+27,1.5810e+27,3.4980e+27,3.5390e+27,1.1312e+08,3.6636e-01,2.6942e+08,1.0505e-20,2.2729e+07,2.2378e+01,3.5461e+05,3.5252e+05,41.3,56.3,1.0,1.4,5.1855e+29,5.1039e+29,5.6890e+27,2.4710e+27,0.0000e+00,0.0000e+00,98.4,1.1,0.5
229,5.0412e+29,2.1029e+29,2.8189e+29,4.9490e+27,6.9940e+27,1.8134e+29,2.8948e+28,2.4866e+29,3.3227e+28,3.4050e+27,1.5440e+27,3.4560e+27,3.5380e+27,1.1455e+08,3.6907e-03,2.7551e+08,1.0079e-20,2.2110e+07,8.1052e+00,3.5673e+05,3.5462e+05,41.7,55.9,1.0,1.4,5.0422e+29,4.9623e+29,5.4790e+27,2.5100e+27,0.0000e+00,0.0000e+00,98.4,1.1,0.5
230,4.9694e+29,2.0879e+29,2.7654e+29,4.5940e+27,7.0170e+27,1.8071e+29,2.8079e+28,2.4598e+29,3.0561e+28,3.1250e+27,1.4690e+27,3.5080e+27,3.5090e+27,1.1474e+08,2.0411e-02,2.7662e+08,1.0018e-20,2.1566e+07,5.4845e+00,3.5890e+05,3.5674e+05,42.0,55.6,0.9,1.4,4.9700e+29,4.8905e+29,5.4760e+27,2.4820e+27,0.0000e+00,0.0000e+00,98.4,1.1,0.5
231,4.8606e+29,2.0579e+29,2.6877e+29,4.5080e+27,7.0020e+27,1.7894e+29,2.6852e+28,2.4031e+29,2.8455e+28,3.0630e+27,1.4450e+27,3.5750e+27,3.4270e+27,1.1457e+08,8.9359e-06,2.7447e+08,2.1294e-18,2.0904e+07,8.5305e-04,3.6110e+05,3.5891e+05,42.3,55.3,0.9,1.4,4.8611e+29,4.7819e+29,5.3860e+27,2.5320e+27,0.0000e+00,0.0000e+00,98.4,1.1,0.5
232,4.7790e+29,2.0341e+29,2.6311e+29,4.3620e+27,7.0170e+27,1.7770e+29,2.5709e+28,2.3600e+29,2.7112e+28,2.9050e+27,1.4570e+27,3.5220e+27,3.4950e+27,1.1411e+08,2.1821e-02,2.6121e+08,1.0108e-20,2.0370e+07,2.7706e-02,3.6334e+05,3.6111e+05,42.6,55.1,0.9,1.5,4.7814e+29,4.7020e+29,5.3660e+27,2.5760e+27,0.0000e+00,0.0000e+00,98.3,1.1,0.5
233,4.6586e+29,2.0082e+29,2.5351e+29,4.5140e+27,7.0140e+27,1.7423e+29,2.6592e+28,2.2536e+29,2.8147e+28,3.1740e+27,1.3400e+27,3.5140e+27,3.5000e+27,1.1568e+08,3.1187e-08,2.6301e+08,1.0006e-20,2.3705e+07,3.6959e-01,3.6562e+05,3.6335e+05,43.1,54.4,1.0,1.5,4.6602e+29,4.5807e+29,5.2510e+27,2.6980e+27,0.0000e+00,0.0000e+00,98.3,1.1,0.6
234,4.5449e+29,1.9793e+29,2.4505e+29,4.4980e+27,7.0060e+27,1.7222e+29,2.5710e+28,2.1838e+29,2.6668e+28,3.1470e+27,1.3510e+27,3.4470e+27,3.5590e+27,1.1609e+08,1.1521e-11,2.7108e+08,2.9836e-20,2.3146e+07,1.2024e-01,3.6793e+05,3.6563e+05,43.6,53.9,1.0,1.5,4.5452e+29,4.4672e+29,5.0580e+27,2.7350e+27,0.0000e+00,0.0000e+00,98.3,1.1,0.6
235,4.4487e+29,1.9559e+29,2.3797e+29,4.3190e+27,6.9920e+27,1.7092e+29,2.4668e+28,2.1234e+29,2.5626e+28,2.9730e+27,1.3460e+27,3.5750e+27,3.4170e+27,1.1574e+08,2.0558e-08,2.6708e+08,1.0145e-20,2.2365e+07,6.1112e-03,3.7028e+05,3.6794e+05,44.0,53.5,1.0,1.6,4.4500e+29,4.3728e+29,5.0110e+27,2.7120e+27,0.0000e+00,0.0000e+00,98.3,1.1,0.6
236,4.3965e+29,1.9379e+29,2.3479e+29,4.0620e+27,7.0040e+27,1.6991e+29,2.3881e+28,2.1002e+29,2.4773e+28,2.7400e+27,1.3220e+27,3.5010e+27,3.5030e+27,1.1588e+08,4.7768e-07,2.5872e+08,2.0084e-20,2.1800e+07,1.8339e-03,3.7266e+05,3.7028e+05,44.1,53.4,0.9,1.6,4.3955e+29,4.3167e+29,5.0810e+27,2.8040e+27,0.0000e+00,0.0000e+00,98.2,1.2,0.6
237,4.2833e+29,1.9092e+29,2.2648e+29,3.9290e+27,6.9940e+27,1.6772e+29,2.3209e+28,2.0354e+29,2.2943e+28,2.6540e+27,1.2750e+27,3.5090e+27,3.4850e+27,1.1598e+08,9.7220e-08,2.4951e+08,1.0048e-20,2.1206e+07,2.0783e-05,3.7508e+05,3.7267e+05,44.6,52.9,0.9,1.6,4.2862e+29,4.2086e+29,5.0100e+27,2.7540e+27,0.0000e+00,0.0000e+00,98.2,1.2,0.6
238,4.2255e+29,1.8910e+29,2.2274e+29,3.7010e+27,7.0060e+27,1.6679e+29,2.2312e+28,2.0013e+29,2.2609e+28,2.5230e+27,1.1780e+27,3.4970e+27,3.5090e+27,1.1752e+08,1.4857e-09,2.6059e+08,1.0191e-20,2.0480e+07,5.2282e-05,3.7753e+05,3.7509e+05,44.8,52.7,0.9,1.7,4.2263e+29,4.1514e+29,4.7230e+27,2.7650e+27,0.0000e+00,0.0000e+00,98.2,1.1,0.7
239,4.1006e+29,1.8534e+29,2.1396e+29,3.7970e+27,6.9620e+27,1.6340e+29,2.1936e+28,1.9212e+29,2.1836e+28,2.6120e+27,1.1850e+27,3.4790e+27,3.4830e+27,1.1773e+08,6.7525e-12,2.6304e+08,1.0004e-20,2.4650e+07,8.0937e-05,3.8001e+05,3.7754e+05,45.2,52.2,0.9,1.7,4.1021e+29,4.0262e+29,4.7940e+27,2.8000e+27,0.0000e+00,0.0000e+00,98.1,1.2,0.7
240,4.0680e+29,1.8390e+29,2.1194e+29,3.9700e+27,6.9890e+27,1.6184e+29,2.2062e+28,1.8769e+29,2.4248e+28,2.7630e+27,1.2070e+27,3.4860e+27,3.5030e+27,1.1614e+08,3.2956e-13,2.6187e+08,1.0271e-20,2.4307e+07,1.7163e-04,3.8253e+05,3.8002e+05,45.2,52.1,1.0,1.7,4.0680e+29,3.9925e+29,4.6390e+27,2.9050e+27,0.0000e+00,0.0000e+00,98.1,1.1,0.7
241,3.9659e+29,1.8199e+29,2.0387e+29,3.7320e+27,7.0030e+27,1.6060e+29,2.1390e+28,1.8212e+29,2.1744e+28,2.5520e+27,1.1800e+27,3.4700e+27,3.5330e+27,1.1620e+08,1.2773e-16,2.4592e+08,1.0107e-20,2.3554e+07,5.4198e-08,3.8509e+05,3.8254e+05,45.9,51.4,0.9,1.8,3.9671e+29,3.8915e+29,4.6100e+27,2.9560e+27,0.0000e+00,0.0000e+00,98.1,1.2,0.7
242,3.8733e+29,1.7914e+29,1.9773e+29,3.4980e+27,6.9650e+27,1.5859e+29,2.0546e+28,1.7705e+29,2.0686e+28,2.4670e+27,1.0310e+27,3.4940e+27,3.4710e+27,1.1702e+08,1.3642e-20,2.3777e+08,1.7473e-20,2.2813e+07,1.6957e-06,3.8766e+05,3.8510e+05,46.2,51.0,0.9,1.8,3.8755e+29,3.8002e+29,4.6090e+27,2.9200e+27,0.0000e+00,0.0000e+00,98.1,1.2,0.8
243,3.8136e+29,1.7685e+29,1.9413e+29,3.3920e+27,6.9950e+27,1.5700e+29,1.9842e+28,1.7389e+29,2.0240e+28,2.3910e+27,1.0010e+27,3.5860e+27,3.4090e+27,1.1716e+08,6.6806e-16,2.4650e+08,1.1266e-20,2.2115e+07,1.5254e-10,3.9028e+05,3.8768e+05,46.4,50.9,0.9,1.8,3.8133e+29,3.7390e+29,4.4890e+27,2.9360e+27,0.0000e+00,0.0000e+00,98.1,1.2,0.8
244,3.7291e+29,1.7438e+29,1.8836e+29,3.1990e+27,6.9760e+27,1.5508e+29,1.9303e+28,1.6949e+29,1.8871e+28,2.1850e+27,1.0140e+27,3.4360e+27,3.5400e+27,1.1722e+08,1.4059e-20,2.4903e+08,1.0093e-20,2.1646e+07,4.6804e-11,3.9292e+05,3.9029e+05,46.8,50.5,0.9,1.9,3.7304e+29,3.6569e+29,4.3720e+27,2.9760e+27,0.0000e+00,0.0000e+00,98.0,1.2,0.8
245,3.6656e+29,1.7220e+29,1.8440e+29,2.9680e+27,6.9850e+27,1.5387e+29,1.8329e+28,1.6641e+29,1.7992e+28,2.0190e+27,9.4900e+26,3.4470e+27,3.5380e+27,1.1720e+08,1.7765e-17,2.4212e+08,1.0157e-20,2.1177e+07,5.2392e-08,3.9560e+05,3.9293e+05,47.0,50.3,0.8,1.9,3.6671e+29,3.5946e+29,4.3450e+27,2.9040e+27,0.0000e+00,0.0000e+00,98.0,1.2,0.8
246,3.5976e+29,1.6939e+29,1.8020e+29,3.1790e+27,6.9890e+27,1.5118e+29,1.8207e+28,1.6094e+29,1.9259e+28,2.1620e+27,1.0170e+27,3.5650e+27,3.4240e+27,1.1781e+08,6.3908e-17,2.3750e+08,1.0041e-20,2.4651e+07,4.9124e-08,3.9831e+05,3.9561e+05,47.1,50.1,0.9,1.9,3.5968e+29,3.5236e+29,4.2900e+27,3.0370e+27,0.0000e+00,0.0000e+00,98.0,1.2,0.8
247,3.5409e+29,1.6715e+29,1.7673e+29,3.2410e+27,6.9700e+27,1.4879e+29,1.8366e+28,1.5642e+29,2.0312e+28,2.2900e+27,9.5100e+26,3.4640e+27,3.5060e+27,1.1769e+08,1.3633e-20,2.2571e+08,1.0285e-20,2.4484e+07,6.5655e-08,4.0104e+05,3.9832e+05,47.2,49.9,0.9,2.0,3.5418e+29,3.4683e+29,4.2390e+27,3.1130e+27,0.0000e+00,0.0000e+00,97.9,1.2,0.9
248,3.4696e+29,1.6467e+29,1.7227e+29,3.0680e+27,6.9540e+27,1.4700e+29,1.7666e+28,1.5212e+29,2.0146e+28,2.1390e+27,9.2900e+26,3.5270e+27,3.4270e+27,1.1762e+08,1.2740e-20,2.2499e+08,1.0118e-20,2.3851e+07,1.3555e-09,4.0380e+05,4.0105e+05,47.5,49.7,0.9,2.0,3.4706e+29,3.3959e+29,4.3360e+27,3.1290e+27,0.0000e+00,0.0000e+00,97.8,1.2,0.9
249,3.3914e+29,1.6284e+29,1.6640e+29,2.8940e+27,7.0010e+27,1.4563e+29,1.7214e+28,1.4761e+29,1.8791e+28,2.0320e+27,8.6200e+26,3.5510e+27,3.4500e+27,1.1921e+08,1.0078e-20,2.3086e+08,1.1683e-20,2.3378e+07,9.7789e-14,4.0659e+05,4.0381e+05,48.0,49.1,0.9,2.1,3.3928e+29,3.3212e+29,4.1050e+27,3.0570e+27,0.0000e+00,0.0000e+00,97.9,1.2,0.9
250,3.3277e+29,1.6049e+29,1.6259e+29,2.7210e+27,6.9670e+27,1.4374e+29,1.6752e+28,1.4480e+29,1.7790e+28,1.8850e+27,8.3600e+26,3.4420e+27,3.5250e+27,1.1972e+08,1.1787e-20,2.3201e+08,2.3548e-20,2.2810e+07,1.1219e-12,4.0940e+05,4.0660e+05,48.2,48.9,0.8,2.1,3.3281e+29,3.2563e+29,4.0610e+27,3.1220e+27,0.0000e+00,0.0000e+00,97.8,1.2,0.9
251,3.2630e+29,1.5853e+29,1.5817e+29,2.6210e+27,6.9850e+27,1.4247e+29,1.6057e+28,1.4120e+29,1.6974e+28,1.8060e+27,8.1500e+26,3.4930e+27,3.4920e+27,1.1846e+08,1.5136e-20,2.2843e+08,1.0028e-20,2.2284e+07,3.0151e-13,4.1225e+05,4.0941e+05,48.6,48.5,0.8,2.1,3.2642e+29,3.1932e+29,4.0290e+27,3.0750e+27,0.0000e+00,0.0000e+00,97.8,1.2,0.9
252,3.1832e+29,1.5532e+29,1.5359e+29,2.4760e+27,6.9320e+27,1.3999e+29,1.5334e+28,1.3732e+29,1.6267e+28,1.7100e+27,7.6600e+26,3.4570e+27,3.4750e+27,1.1819e+08,1.3399e-20,2.1491e+08,1.6916e-20,2.1641e+07,3.2984e-14,4.1511e+05,4.1226e+05,48.8,48.2,0.8,2.2,3.1837e+29,3.1117e+29,4.0400e+27,3.1570e+27,0.0000e+00,0.0000e+00,97.7,1.3,1.0
253,3.1523e+29,1.5442e+29,1.5143e+29,2.3940e+27,6.9840e+27,1.3914e+29,1.5284e+28,1.3503e+29,1.6402e+28,1.6200e+27,7.7400e+26,3.5000e+27,3.4840e+27,1.1859e+08,1.2708e-20,2.0655e+08,1.0120e-20,2.1214e+07,8.5879e-17,4.1801e+05,4.1512e+05,49.0,48.0,0.8,2.2,3.1530e+29,3.0828e+29,3.8650e+27,3.1620e+27,0.0000e+00,0.0000e+00,97.8,1.2,1.0
254,3.0495e+29,1.5058e+29,1.4507e+29,2.3640e+27,6.9450e+27,1.3593e+29,1.4643e+28,1.2949e+29,1.5571e+28,1.6600e+27,7.0400e+26,3.4280e+27,3.5170e+27,1.1903e+08,1.1078e-20,2.1635e+08,1.0077e-20,2.4515e+07,1.9956e-20,4.2092e+05,4.1802e+05,49.4,47.6,0.8,2.3,3.0503e+29,2.9788e+29,3.9830e+27,3.1670e+27,0.0000e+00,0.0000e+00,97.7,1.3,1.0
255,3.0040e+29,1.4871e+29,1.4223e+29,2.5180e+27,6.9470e+27,1.3390e+29,1.4805e+28,1.2611e+29,1.6126e+28,1.8190e+27,6.9900e+26,3.5940e+27,3.3530e+27,1.2019e+08,1.1167e-20,2.1925e+08,1.0001e-20,2.4294e+07,2.2547e-16,4.2386e+05,4.2093e+05,49.5,47.3,0.8,2.3,3.0043e+29,2.9333e+29,3.8550e+27,3.2450e+27,0.0000e+00,0.0000e+00,97.6,1.3,1.1
256,2.9427e+29,1.4696e+29,1.3793e+29,2.4500e+27,6.9340e+27,1.3241e+29,1.4549e+28,1.2223e+29,1.5704e+28,1.7570e+27,6.9300e+26,3.4650e+27,3.4690e+27,1.1980e+08,1.1604e-20,2.2151e+08,1.0388e-20,2.3575e+07,1.7813e-20,4.2682e+05,4.2387e+05,49.9,46.9,0.8,2.4,2.9441e+29,2.8731e+29,3.7620e+27,3.3350e+27,0.0000e+00,0.0000e+00,97.6,1.3,1.1
257,2.9146e+29,1.4517e+29,1.3703e+29,2.3030e+27,6.9480e+27,1.3112e+29,1.4055e+28,1.2117e+29,1.5858e+28,1.5890e+27,7.1400e+26,3.4600e+27,3.4880e+27,1.1885e+08,1.0115e-20,2.1508e+08,1.0109e-20,2.2834e+07,1.3898e-20,4.2981e+05,4.2683e+05,49.8,47.0,0.8,2.4,2.9144e+29,2.8440e+29,3.7080e+27,3.3300e+27,0.0000e+00,0.0000e+00,97.6,1.3,1.1
258,2.8318e+29,1.4217e+29,1.3192e+29,2.1580e+27,6.9400e+27,1.2883e+29,1.3332e+28,1.1733e+29,1.4581e+28,1.4800e+27,6.7800e+26,3.5240e+27,3.4160e+27,1.1778e+08,1.0447e-20,2.0337e+08,1.0490e-20,2.2294e+07,6.3600e-19,4.3281e+05,4.2982e+05,50.2,46.6,0.8,2.5,2.8321e+29,2.7631e+29,3.5970e+27,3.3080e+27,0.0000e+00,0.0000e+00,97.6,1.3,1.2
259,2.7641e+29,1.4050e+29,1.2690e+29,2.0470e+27,6.9570e+27,1.2763e+29,1.2872e+28,1.1390e+29,1.3002e+28,1.4410e+27,6.0600e+26,3.4630e+27,3.4940e+27,1.1791e+08,1.0359e-20,1.9110e+08,1.0001e-20,2.1594e+07,1.6606e-20,4.3584e+05,4.3282e+05,50.8,45.9,0.7,2.5,2.7667e+29,2.6983e+29,3.5240e+27,3.3110e+27,0.0000e+00,0.0000e+00,97.5,1.3,1.2
260,2.7021e+29,1.3833e+29,1.2292e+29,2.0220e+27,6.9370e+27,1.2567e+29,1.2664e+28,1.0945e+29,1.3476e+28,1.3910e+27,6.3100e+26,3.4380e+27,3.4990e+27,1.1868e+08,1.0543e-20,1.9081e+08,1.0160e-20,2.0988e+07,1.2389e-20,4.3889e+05,4.3586e+05,51.2,45.5,0.7,2.6,2.7025e+29,2.6351e+29,3.5170e+27,3.2210e+27,0.0000e+00,0.0000e+00,97.5,1.3,1.2
261,2.6508e+29,1.3576e+29,1.2059e+29,1.8210e+27,6.9090e+27,1.2353e+29,1.2235e+28,1.0598e+29,1.4612e+28,1.2390e+27,5.8200e+26,3.5030e+27,3.4060e+27,1.1859e+08,1.0071e-20,1.9860e+08,1.0021e-20,2.0515e+07,1.0672e-20,4.4194e+05,4.3890e+05,51.2,45.5,0.7,2.6,2.6492e+29,2.5816e+29,3.4630e+27,3.3010e+27,0.0000e+00,0.0000e+00,97.4,1.3,1.2
262,2.6136e+29,1.3401e+29,1.1865e+29,1.7630e+27,6.9420e+27,1.2214e+29,1.1876e+28,1.0459e+29,1.4051e+28,1.2160e+27,5.4700e+26,3.4800e+27,3.4620e+27,1.1730e+08,1.0020e-20,1.9975e+08,1.1323e-20,2.0191e+07,2.5873e-20,4.4502e+05,4.4196e+05,51.3,45.4,0.7,2.7,2.6160e+29,2.5488e+29,3.3230e+27,3.3970e+27,0.0000e+00,0.0000e+00,97.4,1.3,1.3
263,2.5476e+29,1.3178e+29,1.1432e+29,1.7050e+27,6.9560e+27,1.2042e+29,1.1367e+28,1.0096e+29,1.3356e+28,1.1580e+27,5.4700e+26,3.5450e+27,3.4110e+27,1.1780e+08,1.0846e-20,1.9986e+08,1.0286e-20,1.9599e+07,1.0036e-20,4.4813e+05,4.4504e+05,51.7,44.9,0.7,2.7,2.5481e+29,2.4813e+29,3.3440e+27,3.3320e+27,0.0000e+00,0.0000e+00,97.4,1.3,1.3
264,2.5077e+29,1.2963e+29,1.1239e+29,1.8240e+27,6.9320e+27,1.1782e+29,1.1809e+28,9.7361e+28,1.5026e+28,1.3000e+27,5.2400e+26,3.5010e+27,3.4310e+27,1.1753e+08,1.0101e-20,1.8971e+08,1.0014e-20,2.4706e+07,1.7493e-20,4.5125e+05,4.4815e+05,51.7,44.8,0.7,2.8,2.5088e+29,2.4410e+29,3.3880e+27,3.3950e+27,0.0000e+00,0.0000e+00,97.3,1.4,1.4
265,2.4474e+29,1.2746e+29,1.0859e+29,1.7770e+27,6.9100e+27,1.1577e+29,1.1692e+28,9.3706e+28,1.4887e+28,1.2850e+27,4.9200e+26,3.4900e+27,3.4200e+27,1.1668e+08,1.0060e-20,1.7881e+08,1.0116e-20,2.4202e+07,1.1923e-20,4.5437e+05,4.5126e+05,52.1,44.4,0.7,2.8,2.4463e+29,2.3784e+29,3.3990e+27,3.3870e+27,0.0000e+00,0.0000e+00,97.2,1.4,1.4
266,2.3886e+29,1.2523e+29,1.0497e+29,1.7400e+27,6.9250e+27,1.1418e+29,1.1051e+28,9.0840e+28,1.4125e+28,1.2230e+27,5.1700e+26,3.4750e+27,3.4500e+27,1.1626e+08,1.0064e-20,1.7111e+08,1.0389e-20,2.3404e+07,1.0799e-20,4.5751e+05,4.5438e+05,52.4,43.9,0.7,2.9,2.3899e+29,2.3234e+29,3.2040e+27,3.4450e+27,0.0000e+00,0.0000e+00,97.2,1.3,1.4
267,2.3581e+29,1.2364e+29,1.0361e+29,1.6140e+27,6.9440e+27,1.1288e+29,1.0764e+28,8.9323e+28,1.4286e+28,1.1560e+27,4.5800e+26,3.5120e+27,3.4320e+27,1.1510e+08,1.0294e-20,1.6518e+08,1.0035e-20,2.2720e+07,1.0152e-20,4.6068e+05,4.5753e+05,52.4,43.9,0.7,2.9,2.3595e+29,2.2930e+29,3.2290e+27,3.4160e+27,0.0000e+00,0.0000e+00,97.2,1.4,1.4
268,2.3012e+29,1.2184e+29,9.9772e+28,1.5910e+27,6.9200e+27,1.1116e+29,1.0683e+28,8.6740e+28,1.3032e+28,1.1340e+27,4.5700e+26,3.4910e+27,3.4290e+27,1.1535e+08,1.0041e-20,1.7079e+08,1.0054e-20,2.2016e+07,1.0644e-20,4.6385e+05,4.6069e+05,52.9,43.4,0.7,3.0,2.3023e+29,2.2358e+29,3.2310e+27,3.4200e+27,0.0000e+00,0.0000e+00,97.1,1.4,1.5
269,2.2523e+29,1.1955e+29,9.7253e+28,1.5330e+27,6.8940e+27,1.0912e+29,1.0423e+28,8.4671e+28,1.2582e+28,1.0740e+27,4.5900e+26,3.4600e+27,3.4340e+27,1.1513e+08,1.0038e-20,1.7231e+08,1.0071e-20,2.1364e+07,1.0126e-20,4.6702e+05,4.6386e+05,53.1,43.2,0.7,3.1,2.2531e+29,2.1880e+29,3.0700e+27,3.4390e+27,0.0000e+00,0.0000e+00,97.1,1.4,1.5
270,2.2187e+29,1.1786e+29,9.5743e+28,1.3660e+27,6.9050e+27,1.0785e+29,1.0003e+28,8.3457e+28,1.2286e+28,9.4100e+26,4.2500e+26,3.4060e+27,3.4990e+27,1.1494e+08,1.0497e-20,1.7179e+08,1.0038e-20,2.0728e+07,1.1104e-20,4.7020e+05,4.6703e+05,53.1,43.2,0.6,3.1,2.2185e+29,2.1528e+29,3.1380e+27,3.4360e+27,0.0000e+00,0.0000e+00,97.0,1.4,1.5
271,2.1759e+29,1.1591e+29,9.3384e+28,1.3740e+27,6.9170e+27,1.0620e+29,9.7150e+27,8.0618e+28,1.2766e+28,9.4600e+26,4.2800e+26,3.4660e+27,3.4510e+27,1.1544e+08,1.0001e-20,1.6958e+08,1.0553e-20,2.0137e+07,1.0221e-20,4.7340e+05,4.7022e+05,53.3,42.9,0.6,3.2,2.1769e+29,2.1125e+29,2.9930e+27,3.4430e+27,0.0000e+00,0.0000e+00,97.0,1.4,1.6
272,2.1316e+29,1.1385e+29,9.1119e+28,1.3020e+27,6.8890e+27,1.0444e+29,9.4170e+27,7.8717e+28,1.2402e+28,9.1000e+26,3.9200e+26,3.3860e+27,3.5030e+27,1.1548e+08,1.0048e-20,1.6180e+08,1.0149e-20,1.9497e+07,1.0286e-20,4.7661e+05,4.7342e+05,53.4,42.7,0.6,3.2,2.1333e+29,2.0705e+29,2.9730e+27,3.3010e+27,0.0000e+00,0.0000e+00,97.1,1.4,1.5
273,2.0735e+29,1.1182e+29,8.7425e+28,1.2000e+27,6.9070e+27,1.0272e+29,9.1030e+27,7.5633e+28,1.1792e+28,8.1900e+26,3.8100e+26,3.4410e+27,3.4660e+27,1.1534e+08,1.0052e-20,1.5468e+08,1.0014e-20,1.9017e+07,1.1533e-20,4.7982e+05,4.7662e+05,53.9,42.2,0.6,3.3,2.0731e+29,2.0109e+29,2.9390e+27,3.2810e+27,0.0000e+00,0.0000e+00,97.0,1.4,1.6
274,2.0523e+29,1.1024e+29,8.6936e+28,1.1480e+27,6.9100e+27,1.0125e+29,8.9860e+27,7.3976e+28,1.2960e+28,7.9700e+26,3.5100e+26,3.4260e+27,3.4840e+27,1.1590e+08,1.0061e-20,1.4853e+08,1.0129e-20,1.8517e+07,1.2029e-20,4.8305e+05,4.7984e+05,53.7,42.4,0.6,3.4,2.0517e+29,1.9894e+29,2.9590e+27,3.2650e+27,0.0000e+00,0.0000e+00,97.0,1.4,1.6
275,1.9978e+29,1.0765e+29,8.4109e+28,1.1300e+27,6.8860e+27,9.9006e+28,8.6450e+27,7.2310e+28,1.1799e+28,7.4900e+26,3.8100e+26,3.4470e+27,3.4390e+27,1.1555e+08,1.0440e-20,1.4593e+08,1.0112e-20,1.8110e+07,1.2298e-20,4.8627e+05,4.8307e+05,53.9,42.1,0.6,3.4,1.9998e+29,1.9369e+29,2.8710e+27,3.4130e+27,0.0000e+00,0.0000e+00,96.9,1.4,1.7
276,1.9496e+29,1.0617e+29,8.0775e+28,1.1210e+27,6.9020e+27,9.7354e+28,8.8120e+27,6.9307e+28,1.1468e+28,7.6200e+26,3.5900e+26,3.4460e+27,3.4560e+27,1.1566e+08,1.0085e-20,1.4030e+08,1.0013e-20,2.3409e+07,1.0071e-20,4.8950e+05,4.8629e+05,54.5,41.4,0.6,3.5,1.9495e+29,1.8877e+29,2.8540e+27,3.3240e+27,0.0000e+00,0.0000e+00,96.8,1.5,1.7
277,1.9297e+29,1.0425e+29,8.0561e+28,1.2460e+27,6.9190e+27,9.5420e+28,8.8260e+27,6.7359e+28,1.3202e+28,9.3400e+26,3.1200e+26,3.4840e+27,3.4350e+27,1.1622e+08,1.0106e-20,1.4425e+08,1.0256e-20,2.3150e+07,1.0400e-20,4.9274e+05,4.8952e+05,54.0,41.7,0.6,3.6,1.9304e+29,1.8695e+29,2.7360e+27,3.3620e+27,0.0000e+00,0.0000e+00,96.8,1.4,1.7
278,1.8798e+29,1.0246e+29,7.7453e+28,1.1890e+27,6.8780e+27,9.3779e+28,8.6770e+27,6.5147e+28,1.2306e+28,8.5000e+26,3.3900e+26,3.4280e+27,3.4500e+27,1.1641e+08,1.0461e-20,1.4658e+08,1.0027e-20,2.2614e+07,1.0669e-20,4.9597e+05,4.9276e+05,54.5,41.2,0.6,3.7,1.8823e+29,1.8204e+29,2.7830e+27,3.4060e+27,0.0000e+00,0.0000e+00,96.7,1.5,1.8
279,1.8409e+29,1.0108e+29,7.5067e+28,1.0600e+27,6.8850e+27,9.2747e+28,8.3320e+27,6.3284e+28,1.1783e+28,7.5600e+26,3.0400e+26,3.4420e+27,3.4430e+27,1.1631e+08,1.0075e-20,1.4633e+08,1.0088e-20,2.2038e+07,1.0086e-20,4.9920e+05,4.9599e+05,54.9,40.8,0.6,3.7,1.8405e+29,1.7810e+29,2.6510e+27,3.2930e+27,0.0000e+00,0.0000e+00,96.8,1.4,1.8
280,1.8178e+29,9.9753e+28,7.4104e+28,1.0340e+27,6.8920e+27,9.1488e+28,8.2650e+27,6.2049e+28,1.2055e+28,7.3900e+26,2.9500e+26,3.4280e+27,3.4640e+27,1.1637e+08,1.0058e-20,1.4191e+08,1.0061e-20,2.1241e+07,1.0160e-20,5.0244e+05,4.9922e+05,54.9,40.8,0.6,3.8,1.8171e+29,1.7568e+29,2.7230e+27,3.3070e+27,0.0000e+00,0.0000e+00,96.7,1.5,1.8
281,1.7784e+29,9.8413e+28,7.1547e+28,9.8400e+26,6.8990e+27,9.0293e+28,8.1200e+27,5.9872e+28,1.1675e+28,7.0700e+26,2.7700e+26,3.4220e+27,3.4770e+27,1.1652e+08,1.0102e-20,1.3843e+08,1.0014e-20,2.0603e+07,1.0326e-20,5.0569e+05,5.0246e+05,55.3,40.2,0.6,3.9,1.7792e+29,1.7199e+29,2.5900e+27,3.3460e+27,0.0000e+00,0.0000e+00,96.7,1.5,1.9
282,1.7282e+29,9.6241e+28,6.8773e+28,9.3900e+26,6.8710e+27,8.8291e+28,7.9500e+27,5.7200e+28,1.1573e+28,6.6300e+26,2.7600e+26,3.5100e+27,3.3610e+27,1.1643e+08,1.0009e-20,1.3082e+08,1.0021e-20,1.9982e+07,1.0004e-20,5.0891e+05,5.0570e+05,55.7,39.8,0.5,4.0,1.7297e+29,1.6701e+29,2.6580e+27,3.3050e+27,0.0000e+00,0.0000e+00,96.6,1.5,1.9
283,1.6875e+29,9.4483e+28,6.6469e+28,9.2400e+26,6.8720e+27,8.6828e+28,7.6550e+27,5.5429e+28,1.1040e+28,6.4200e+26,2.8200e+26,3.4190e+27,3.4530e+27,1.1631e+08,1.0056e-20,1.2663e+08,1.0231e-20,1.9375e+07,1.0272e-20,5.1214e+05,5.0893e+05,56.0,39.4,0.5,4.1,1.6880e+29,1.6308e+29,2.4840e+27,3.2440e+27,0.0000e+00,0.0000e+00,96.6,1.5,1.9
284,1.6602e+29,9.2968e+28,6.5276e+28,8.9900e+26,6.8750e+27,8.5517e+28,7.4510e+27,5.4145e+28,1.1131e+28,6.4500e+26,2.5400e+26,3.4800e+27,3.3950e+27,1.1635e+08,1.0105e-20,1.1987e+08,1.0092e-20,1.8657e+07,1.0037e-20,5.1537e+05,5.1216e+05,56.0,39.3,0.5,4.1,1.6592e+29,1.6021e+29,2.4760e+27,3.2350e+27,0.0000e+00,0.0000e+00,96.6,1.5,1.9
285,1.6336e+29,9.1734e+28,6.3886e+28,8.5800e+26,6.8840e+27,8.4277e+28,7.4570e+27,5.2961e+28,1.0925e+28,5.9900e+26,2.5900e+26,3.4460e+27,3.4380e+27,1.1628e+08,1.0032e-20,1.1460e+08,1.0017e-20,1.7941e+07,1.0587e-20,5.1859e+05,5.1538e+05,56.2,39.1,0.5,4.2,1.6345e+29,1.5755e+29,2.5270e+27,3.3730e+27,0.0000e+00,0.0000e+00,96.4,1.5,2.1
286,1.6039e+29,8.9754e+28,6.2976e+28,7.6600e+26,6.8950e+27,8.2650e+28,7.1040e+27,5.1409e+28,1.1567e+28,5.2500e+26,2.4100e+26,3.5500e+27,3.3450e+27,1.1591e+08,1.0088e-20,1.0934e+08,1.0156e-20,1.7263e+07,1.0055e-20,5.2181e+05,5.1861e+05,56.0,39.3,0.5,4.3,1.6055e+29,1.5469e+29,2.4460e+27,3.4080e+27,0.0000e+00,0.0000e+00,96.4,1.5,2.1
287,1.5513e+29,8.7812e+28,5.9691e+28,7.6700e+26,6.8590e+27,8.0959e+28,6.8530e+27,4.9447e+28,1.0244e+28,5.3800e+26,2.2900e+26,3.4490e+27,3.4100e+27,1.1563e+08,1.0069e-20,1.0707e+08,1.0158e-20,1.6751e+07,1.0020e-20,5.2501e+05,5.2183e+05,56.6,38.5,0.5,4.4,1.5517e+29,1.4950e+29,2.4330e+27,3.2410e+27,0.0000e+00,0.0000e+00,96.3,1.6,2.1
288,1.5309e+29,8.7017e+28,5.8460e+28,7.1500e+26,6.9000e+27,7.9998e+28,7.0190e+27,4.8143e+28,1.0317e+28,4.8500e+26,2.3000e+26,3.3900e+27,3.5100e+27,1.1587e+08,1.0002e-20,1.1023e+08,1.0030e-20,1.6155e+07,1.0120e-20,5.2822e+05,5.2503e+05,56.8,38.2,0.5,4.5,1.5317e+29,1.4756e+29,2.3820e+27,3.2300e+27,0.0000e+00,0.0000e+00,96.3,1.6,2.1
289,1.5036e+29,8.5038e+28,5.7756e+28,7.0200e+26,6.8640e+27,7.8334e+28,6.7040e+27,4.7507e+28,1.0249e+28,4.6800e+26,2.3400e+26,3.4000e+27,3.4640e+27,1.1584e+08,1.0015e-20,1.1033e+08,1.0106e-20,1.5759e+07,1.0171e-20,5.3140e+05,5.2824e+05,56.6,38.4,0.5,4.6,1.5043e+29,1.4496e+29,2.2590e+27,3.2110e+27,0.0000e+00,0.0000e+00,96.4,1.5,2.1
290,1.4713e+29,8.3132e+28,5.6456e+28,6.8200e+26,6.8620e+27,7.6589e+28,6.5430e+27,4.6596e+28,9.8600e+27,4.5600e+26,2.2600e+26,3.4430e+27,3.4190e+27,1.1553e+08,1.0044e-20,1.1066e+08,1.0009e-20,1.5249e+07,1.0062e-20,5.3457e+05,5.3142e+05,56.5,38.4,0.5,4.7,1.4712e+29,1.4178e+29,2.3350e+27,3.0100e+27,0.0000e+00,0.0000e+00,96.4,1.6,2.0
291,1.4472e+29,8.1750e+28,5.5497e+28,6.1500e+26,6.8590e+27,7.5305e+28,6.4450e+27,4.5278e+28,1.0219e+28,4.1500e+26,2.0000e+26,3.4610e+27,3.3980e+27,1.1526e+08,1.0014e-20,1.1020e+08,1.0033e-20,1.4872e+07,1.0114e-20,5.3773e+05,5.3459e+05,56.5,38.3,0.4,4.7,1.4476e+29,1.3952e+29,2.1580e+27,3.0780e+27,0.0000e+00,0.0000e+00,96.4,1.5,2.1
292,1.4218e+29,8.0341e+28,5.4396e+28,5.7900e+26,6.8590e+27,7.3943e+28,6.3980e+27,4.4010e+28,1.0386e+28,3.9100e+26,1.8800e+26,3.4040e+27,3.4550e+27,1.1519e+08,1.0039e-20,1.0788e+08,1.0093e-20,1.4266e+07,1.0008e-20,5.4088e+05,5.3775e+05,56.5,38.3,0.4,4.8,1.4224e+29,1.3698e+29,2.2280e+27,3.0340e+27,0.0000e+00,0.0000e+00,96.3,1.6,2.1
293,1.3858e+29,7.8638e+28,5.2516e+28,5.7000e+26,6.8530e+27,7.2384e+28,6.2540e+27,4.2342e+28,1.0174e+28,3.7800e+26,1.9200e+26,3.4520e+27,3.4010e+27,1.1476e+08,1.0019e-20,1.0256e+08,1.0070e-20,1.3780e+07,1.0082e-20,5.4402e+05,5.4090e+05,56.7,37.9,0.4,4.9,1.3861e+29,1.3350e+29,2.1090e+27,3.0030e+27,0.0000e+00,0.0000e+00,96.3,1.5,2.2
294,1.3581e+29,7.7133e+28,5.1299e+28,5.2500e+26,6.8530e+27,7.1050e+28,6.0830e+27,4.0880e+28,1.0419e+28,3.4900e+26,1.7600e+26,3.4130e+27,3.4400e+27,1.1442e+08,1.0072e-20,9.8918e+07,1.0006e-20,1.3524e+07,1.0053e-20,5.4714e+05,5.4404e+05,56.8,37.8,0.4,5.0,1.3583e+29,1.3076e+29,2.1780e+27,2.8930e+27,0.0000e+00,0.0000e+00,96.3,1.6,2.1
295,1.3257e+29,7.5316e+28,4.9898e+28,5.0100e+26,6.8550e+27,6.9396e+28,5.9200e+27,3.9942e+28,9.9560e+27,3.5700e+26,1.4400e+26,3.5030e+27,3.3520e+27,1.1413e+08,1.0270e-20,9.4266e+07,1.0019e-20,1.3128e+07,1.0215e-20,5.5024e+05,5.4715e+05,56.8,37.6,0.4,5.2,1.3271e+29,1.2770e+29,2.0980e+27,2.9150e+27,0.0000e+00,0.0000e+00,96.2,1.6,2.2
296,1.2993e+29,7.3846e+28,4.8665e+28,5.6600e+26,6.8500e+27,6.7763e+28,6.0830e+27,3.7890e+28,1.0775e+28,4.2100e+26,1.4500e+26,3.4370e+27,3.4130e+27,1.1400e+08,1.0081e-20,9.0505e+07,1.0018e-20,1.8623e+07,1.0176e-20,5.5332e+05,5.5026e+05,56.8,37.5,0.4,5.3,1.3010e+29,1.2506e+29,2.1410e+27,2.8960e+27,0.0000e+00,0.0000e+00,96.1,1.6,2.2
297,1.2869e+29,7.2908e+28,4.8359e+28,5.8200e+26,6.8420e+27,6.6786e+28,6.1220e+27,3.7298e+28,1.1061e+28,4.1200e+26,1.7000e+26,3.4460e+27,3.3960e+27,1.1336e+08,1.0011e-20,9.5393e+07,1.0094e-20,1.8033e+07,1.0031e-20,5.5639e+05,5.5334e+05,56.7,37.6,0.5,5.3,1.2869e+29,1.2388e+29,1.9780e+27,2.8260e+27,0.0000e+00,0.0000e+00,96.3,1.5,2.2
298,1.2627e+29,7.1959e+28,4.6854e+28,5.8000e+26,6.8800e+27,6.5954e+28,6.0050e+27,3.6422e+28,1.0432e+28,4.2800e+26,1.5200e+26,3.3430e+27,3.5370e+27,1.1303e+08,1.0034e-20,1.1120e+08,1.0177e-20,1.7513e+07,1.0010e-20,5.5945e+05,5.5641e+05,57.0,37.1,0.5,5.4,1.2622e+29,1.2134e+29,2.0670e+27,2.8120e+27,0.0000e+00,0.0000e+00,96.1,1.6,2.2
299,1.2434e+29,7.0384e+28,4.6579e+28,5.3800e+26,6.8430e+27,6.4544e+28,5.8400e+27,3.5937e+28,1.0642e+28,3.7200e+26,1.6600e+26,3.4620e+27,3.3810e+27,1.1277e+08,1.0103e-20,9.0336e+07,1.0047e-20,1.6793e+07,1.0021e-20,5.6247e+05,5.5947e+05,56.6,37.5,0.4,5.5,1.2449e+29,1.1970e+29,2.0470e+27,2.7500e+27,0.0000e+00,0.0000e+00,96.1,1.6,2.2
300,1.2121e+29,6.9110e+28,4.4763e+28,4.9400e+26,6.8380e+27,6.3430e+28,5.6800e+27,3.4291e+28,1.0472e+28,3.5000e+26,1.4400e+26,3.4700e+27,3.3680e+27,1.1264e+08,1.0046e-20,8.8317e+07,1.0071e-20,1.6118e+07,1.0126e-20,5.6547e+05,5.6249e+05,57.0,36.9,0.4,5.6,1.2112e+29,1.1640e+29,1.9760e+27,2.7430e+27,0.0000e+00,0.0000e+00,96.1,1.6,2.3
301,1.1988e+29,6.8007e+28,4.4554e+28,5.0200e+26,6.8180e+27,6.2207e+28,5.8000e+27,3.3694e+28,1.0860e+28,3.5300e+26,1.4900e+26,3.4080e+27,3.4100e+27,1.1233e+08,1.0043e-20,8.8191e+07,1.0017e-20,1.5400e+07,1.0168e-20,5.6844e+05,5.6549e+05,56.7,37.2,0.4,5.7,1.2002e+29,1.1526e+29,2.0160e+27,2.7450e+27,0.0000e+00,0.0000e+00,96.0,1.7,2.3
302,1.1771e+29,6.6975e+28,4.3383e+28,4.8400e+26,6.8690e+27,6.1435e+28,5.5400e+27,3.2974e+28,1.0409e+28,3.4000e+26,1.4400e+26,3.4050e+27,3.4640e+27,1.1220e+08,1.0078e-20,7.9213e+07,1.0008e-20,1.4882e+07,1.0012e-20,5.7140e+05,5.6845e+05,56.9,36.9,0.4,5.8,1.1767e+29,1.1314e+29,1.9160e+27,2.6070e+27,0.0000e+00,0.0000e+00,96.2,1.6,2.2
303,1.1598e+29,6.5552e+28,4.3150e+28,4.6900e+26,6.8130e+27,6.0181e+28,5.3710e+27,3.2502e+28,1.0648e+28,3.2400e+26,1.4500e+26,3.4290e+27,3.3840e+27,1.1187e+08,1.0064e-20,7.6998e+07,1.0019e-20,1.4263e+07,1.0220e-20,5.7431e+05,5.7142e+05,56.5,37.2,0.4,5.9,1.1605e+29,1.1152e+29,1.8860e+27,2.6410e+27,0.0000e+00,0.0000e+00,96.1,1.6,2.3
304,1.1405e+29,6.4660e+28,4.2110e+28,4.3500e+26,6.8440e+27,5.9263e+28,5.3970e+27,3.1860e+28,1.0250e+28,3.0500e+26,1.3000e+26,3.4030e+27,3.4410e+27,1.1125e+08,1.0016e-20,9.9325e+07,1.0015e-20,1.3754e+07,1.0029e-20,5.7722e+05,5.7433e+05,56.7,36.9,0.4,6.0,1.1406e+29,1.0967e+29,1.8650e+27,2.5220e+27,0.0000e+00,0.0000e+00,96.2,1.6,2.2
305,1.1196e+29,6.3611e+28,4.1090e+28,4.1400e+26,6.8440e+27,5.8191e+28,5.4200e+27,3.0516e+28,1.0574e+28,3.0100e+26,1.1300e+26,3.4810e+27,3.3630e+27,1.1104e+08,1.0058e-20,8.1610e+07,1.0103e-20,1.3422e+07,1.0070e-20,5.8009e+05,5.7724e+05,56.8,36.7,0.4,6.1,1.1213e+29,1.0768e+29,1.8700e+27,2.5710e+27,0.0000e+00,0.0000e+00,96.0,1.7,2.3
306,1.0970e+29,6.2243e+28,4.0234e+28,3.9700e+26,6.8300e+27,5.6921e+28,5.3220e+27,3.0204e+28,1.0030e+28,2.6800e+26,1.2900e+26,3.4360e+27,3.3940e+27,1.1085e+08,1.0010e-20,8.8404e+07,1.0092e-20,1.2929e+07,1.0227e-20,5.8293e+05,5.8011e+05,56.7,36.7,0.4,6.2,1.0976e+29,1.0543e+29,1.8760e+27,2.4530e+27,0.0000e+00,0.0000e+00,96.1,1.7,2.2
307,1.0735e+29,6.1195e+28,3.8944e+28,3.9100e+26,6.8230e+27,5.5887e+28,5.3080e+27,2.9458e+28,9.4860e+27,2.6000e+26,1.3100e+26,3.4000e+27,3.4230e+27,1.1058e+08,1.0026e-20,9.8663e+07,1.0063e-20,1.2592e+07,1.0095e-20,5.8573e+05,5.8294e+05,57.0,36.3,0.4,6.4,1.0741e+29,1.0330e+29,1.7600e+27,2.3450e+27,0.0000e+00,0.0000e+00,96.2,1.6,2.2
308,1.0616e+29,6.0566e+28,3.8347e+28,3.9300e+26,6.8530e+27,5.5193e+28,5.3730e+27,2.8712e+28,9.6350e+27,2.6200e+26,1.3100e+26,3.4370e+27,3.4160e+27,1.1043e+08,1.0267e-20,1.0339e+08,1.0068e-20,1.2325e+07,1.0018e-20,5.8852e+05,5.8575e+05,57.1,36.1,0.4,6.5,1.0616e+29,1.0204e+29,1.7480e+27,2.3760e+27,0.0000e+00,0.0000e+00,96.1,1.6,2.2
309,1.0358e+29,5.9195e+28,3.7193e+28,3.5700e+26,6.8360e+27,5.4064e+28,5.1310e+27,2.7359e+28,9.8340e+27,2.5200e+26,1.0500e+26,3.5200e+27,3.3160e+27,1.1019e+08,1.0124e-20,8.0957e+07,1.0180e-20,1.1889e+07,1.0008e-20,5.9127e+05,5.8854e+05,57.1,35.9,0.3,6.6,1.0356e+29,9.9600e+28,1.7560e+27,2.2070e+27,0.0000e+00,0.0000e+00,96.2,1.7,2.1
310,1.0308e+29,5.8130e+28,3.7831e+28,2.9400e+26,6.8280e+27,5.3079e+28,5.0510e+27,2.7925e+28,9.9060e+27,1.9300e+26,1.0100e+26,3.4030e+27,3.4250e+27,1.1005e+08,1.0063e-20,9.0374e+07,1.0032e-20,1.1342e+07,1.0058e-20,5.9398e+05,5.9128e+05,56.4,36.7,0.3,6.6,1.0320e+29,9.9311e+28,1.7390e+27,2.1490e+27,0.0000e+00,0.0000e+00,96.2,1.7,2.1
311,1.0166e+29,5.7013e+28,3.7514e+28,3.1900e+26,6.8180e+27,5.2147e+28,4.8660e+27,2.7018e+28,1.0496e+28,2.3400e+26,8.5000e+25,3.4120e+27,3.4060e+27,1.0976e+08,1.0075e-20,8.2038e+07,1.0055e-20,1.1065e+07,1.0039e-20,5.9665e+05,5.9400e+05,56.1,36.9,0.3,6.7,1.0173e+29,9.7962e+28,1.7390e+27,2.0270e+27,0.0000e+00,0.0000e+00,96.3,1.7,2.0
312,9.9650e+28,5.6043e+28,3.6475e+28,3.3300e+26,6.7990e+27,5.1112e+28,4.9310e+27,2.6456e+28,1.0019e+28,2.2100e+26,1.1200e+26,3.3550e+27,3.4440e+27,1.0966e+08,1.0019e-20,8.9001e+07,1.0120e-20,1.0777e+07,1.0037e-20,5.9928e+05,5.9667e+05,56.2,36.6,0.3,6.8,9.9648e+28,9.5980e+28,1.7150e+27,1.9530e+27,0.0000e+00,0.0000e+00,96.3,1.7,2.0
313,9.9281e+28,5.5519e+28,3.6637e+28,2.9500e+26,6.8300e+27,5.0473e+28,5.0460e+27,2.6150e+28,1.0487e+28,2.0800e+26,8.7000e+25,3.4560e+27,3.3740e+27,1.0916e+08,1.0001e-20,8.0702e+07,1.0106e-20,1.0498e+07,1.0446e-20,6.0189e+05,5.9930e+05,55.9,36.9,0.3,6.9,9.9300e+28,9.5649e+28,1.7420e+27,1.9090e+27,0.0000e+00,0.0000e+00,96.3,1.8,1.9
314,9.7231e+28,5.4190e+28,3.5931e+28,3.0100e+26,6.8090e+27,4.9286e+28,4.9040e+27,2.5646e+28,1.0285e+28,2.0400e+26,9.7000e+25,3.4490e+27,3.3600e+27,1.0873e+08,1.0016e-20,8.5141e+07,1.0029e-20,1.0158e+07,1.0060e-20,6.0445e+05,6.0190e+05,55.7,37.0,0.3,7.0,9.7400e+28,9.3846e+28,1.7570e+27,1.7970e+27,0.0000e+00,0.0000e+00,96.4,1.8,1.8
315,9.6083e+28,5.3525e+28,3.5393e+28,3.1300e+26,6.8520e+27,4.8599e+28,4.9260e+27,2.4763e+28,1.0630e+28,2.0800e+26,1.0500e+26,3.4190e+27,3.4330e+27,1.0828e+08,1.0079e-20,8.1172e+07,1.0020e-20,9.7461e+06,1.0032e-20,6.0698e+05,6.0446e+05,55.7,36.8,0.3,7.1,9.6011e+28,9.2646e+28,1.7120e+27,1.6530e+27,0.0000e+00,0.0000e+00,96.5,1.8,1.7
316,9.3778e+28,5.2406e+28,3.4254e+28,2.8700e+26,6.8310e+27,4.7542e+28,4.8640e+27,2.4520e+28,9.7340e+27,1.8400e+26,1.0300e+26,3.3500e+27,3.4810e+27,1.0803e+08,1.0011e-20,1.0451e+08,1.0048e-20,9.4962e+06,1.0027e-20,6.0947e+05,6.0700e+05,55.9,36.5,0.3,7.3,9.3814e+28,9.0584e+28,1.5970e+27,1.6330e+27,0.0000e+00,0.0000e+00,96.6,1.7,1.7
317,9.1568e+28,5.1225e+28,3.3284e+28,2.5500e+26,6.8040e+27,4.6486e+28,4.7390e+27,2.3823e+28,9.4610e+27,1.7900e+26,7.6000e+25,3.3500e+27,3.4540e+27,1.0753e+08,1.0072e-20,9.0378e+07,1.0065e-20,9.2239e+06,1.0149e-20,6.1191e+05,6.0949e+05,55.9,36.3,0.3,7.4,9.1716e+28,8.8438e+28,1.6950e+27,1.5830e+27,0.0000e+00,0.0000e+00,96.4,1.8,1.7
318,9.1872e+28,5.0453e+28,3.4317e+28,2.6400e+26,6.8380e+27,4.5821e+28,4.6320e+27,2.4094e+28,1.0223e+28,1.6700e+26,9.7000e+25,3.3660e+27,3.4720e+27,1.0686e+08,1.0198e-20,8.2314e+07,1.0001e-20,9.0202e+06,1.0056e-20,6.1432e+05,6.1192e+05,54.9,37.4,0.3,7.4,9.1894e+28,8.8822e+28,1.6500e+27,1.4220e+27,0.0000e+00,0.0000e+00,96.7,1.8,1.5
319,8.9393e+28,4.9179e+28,3.3197e+28,2.5600e+26,6.7610e+27,4.4636e+28,4.5430e+27,2.2880e+28,1.0317e+28,1.7400e+26,8.2000e+25,3.4240e+27,3.3370e+27,1.0636e+08,1.0083e-20,8.0821e+07,1.0053e-20,8.7743e+06,1.0070e-20,6.1666e+05,6.1433e+05,55.0,37.1,0.3,7.6,8.9502e+28,8.6580e+28,1.6540e+27,1.2680e+27,0.0000e+00,0.0000e+00,96.7,1.8,1.4
320,8.9075e+28,4.8753e+28,3.3216e+28,2.6500e+26,6.8410e+27,4.4237e+28,4.5160e+27,2.3037e+28,1.0179e+28,1.6900e+26,9.6000e+25,3.3950e+27,3.4460e+27,1.0577e+08,1.0007e-20,1.1429e+08,1.0112e-20,8.7115e+06,1.0033e-20,6.1898e+05,6.1667e+05,54.7,37.3,0.3,7.7,8.9027e+28,8.6310e+28,1.5740e+27,1.1430e+27,0.0000e+00,0.0000e+00,96.9,1.8,1.3
321,8.8102e+28,4.8012e+28,3.3028e+28,2.3700e+26,6.8250e+27,4.3377e+28,4.6350e+27,2.2962e+28,1.0066e+28,1.6400e+26,7.3000e+25,3.4140e+27,3.4110e+27,1.0509e+08,1.0003e-20,9.9469e+07,1.0100e-20,8.4635e+06,1.0008e-20,6.2125e+05,6.1899e+05,54.5,37.5,0.3,7.7,8.8197e+28,8.5393e+28,1.6020e+27,1.2020e+27,0.0000e+00,0.0000e+00,96.8,1.8,1.4
322,8.6332e+28,4.7010e+28,3.2277e+28,2.4100e+26,6.8040e+27,4.2445e+28,4.5650e+27,2.2401e+28,9.8760e+27,1.6100e+26,8.0000e+25,3.4820e+27,3.3220e+27,1.0433e+08,1.0053e-20,1.0378e+08,1.0063e-20,8.2380e+06,1.0100e-20,6.2347e+05,6.2126e+05,54.5,37.4,0.3,7.9,8.6407e+28,8.3756e+28,1.6220e+27,1.0290e+27,0.0000e+00,0.0000e+00,96.9,1.9,1.2
323,8.6153e+28,4.6485e+28,3.2591e+28,2.5500e+26,6.8220e+27,4.1897e+28,4.5880e+27,2.2757e+28,9.8340e+27,1.7300e+26,8.2000e+25,3.3640e+27,3.4580e+27,1.0370e+08,1.0047e-20,8.8581e+07,1.0011e-20,7.9936e+06,1.0334e-20,6.2564e+05,6.2348e+05,54.0,37.8,0.3,7.9,8.6167e+28,8.3624e+28,1.5800e+27,9.6300e+26,0.0000e+00,0.0000e+00,97.0,1.8,1.1
324,8.4727e+28,4.5338e+28,3.2367e+28,2.2700e+26,6.7950e+27,4.0841e+28,4.4970e+27,2.1993e+28,1.0374e+28,1.4200e+26,8.5000e+25,3.3600e+27,3.4350e+27,1.0277e+08,1.0095e-20,9.5643e+07,1.0025e-20,7.8457e+06,1.0034e-20,6.2777e+05,6.2566e+05,53.5,38.2,0.3,8.0,8.4691e+28,8.2168e+28,1.5860e+27,9.3700e+26,0.0000e+00,0.0000e+00,97.0,1.9,1.1
325,8.5165e+28,4.4732e+28,3.3390e+28,2.2100e+26,6.8220e+27,4.0272e+28,4.4600e+27,2.2679e+28,1.0711e+28,1.4900e+26,7.2000e+25,3.4780e+27,3.3440e+27,1.0230e+08,1.0038e-20,1.2453e+08,1.0056e-20,7.6251e+06,1.0150e-20,6.2985e+05,6.2778e+05,52.5,39.2,0.3,8.0,8.5179e+28,8.2764e+28,1.5780e+27,8.3700e+26,0.0000e+00,0.0000e+00,97.2,1.9,1.0
326,8.4212e+28,4.4063e+28,3.3148e+28,2.0800e+26,6.7930e+27,3.9546e+28,4.5170e+27,2.2403e+28,1.0745e+28,1.3300e+26,7.5000e+25,3.4310e+27,3.3620e+27,1.0154e+08,1.0023e-20,8.6106e+07,1.0017e-20,7.6142e+06,1.0033e-20,6.3187e+05,6.2987e+05,52.3,39.4,0.2,8.1,8.4132e+28,8.1783e+28,1.5980e+27,7.5100e+26,0.0000e+00,0.0000e+00,97.2,1.9,0.9
327,8.4586e+28,4.3184e+28,3.4419e+28,2.0300e+26,6.7800e+27,3.8713e+28,4.4710e+27,2.2724e+28,1.1695e+28,1.2700e+26,7.6000e+25,3.3770e+27,3.4030e+27,1.0065e+08,1.0079e-20,9.0381e+07,1.0199e-20,7.5118e+06,1.0382e-20,6.3384e+05,6.3189e+05,51.1,40.7,0.2,8.0,8.4708e+28,8.2318e+28,1.6970e+27,6.9300e+26,0.0000e+00,0.0000e+00,97.2,2.0,0.8
328,8.3782e+28,4.2911e+28,3.3793e+28,2.2700e+26,6.8510e+27,3.8336e+28,4.5750e+27,2.2659e+28,1.1134e+28,1.4500e+26,8.2000e+25,3.4840e+27,3.3670e+27,1.0007e+08,1.0020e-20,8.7617e+07,1.0046e-20,7.3046e+06,1.0222e-20,6.3578e+05,6.3385e+05,51.2,40.3,0.3,8.2,8.3788e+28,8.1487e+28,1.6480e+27,6.5300e+26,0.0000e+00,0.0000e+00,97.3,2.0,0.8
329,8.3059e+28,4.1819e+28,3.4269e+28,2.0800e+26,6.7630e+27,3.7341e+28,4.4780e+27,2.2511e+28,1.1758e+28,1.2400e+26,8.4000e+25,3.3690e+27,3.3940e+27,9.9184e+07,1.0031e-20,1.1101e+08,1.0066e-20,7.1495e+06,1.0052e-20,6.3764e+05,6.3579e+05,50.3,41.3,0.3,8.1,8.3098e+28,8.0772e+28,1.7070e+27,6.1900e+26,0.0000e+00,0.0000e+00,97.2,2.1,0.7
330,8.3994e+28,4.1492e+28,3.5477e+28,1.9200e+26,6.8330e+27,3.6953e+28,4.5390e+27,2.3442e+28,1.2035e+28,1.2100e+26,7.1000e+25,3.4780e+27,3.3550e+27,9.8301e+07,1.0041e-20,9.3090e+07,1.0009e-20,7.0302e+06,1.0037e-20,6.3946e+05,6.3765e+05,49.4,42.2,0.2,8.1,8.3985e+28,8.1742e+28,1.7330e+27,5.1000e+26,0.0000e+00,0.0000e+00,97.3,2.1,0.6
331,8.4090e+28,4.0808e+28,3.6288e+28,1.9500e+26,6.7990e+27,3.6326e+28,4.4820e+27,2.3564e+28,1.2724e+28,1.1900e+26,7.6000e+25,3.4490e+27,3.3500e+27,9.7553e+07,1.0028e-20,9.2076e+07,1.0008e-20,6.9278e+06,1.0120e-20,6.4123e+05,6.3948e+05,48.5,43.2,0.2,8.1,8.4056e+28,8.1867e+28,1.6910e+27,4.9800e+26,0.0000e+00,0.0000e+00,97.4,2.0,0.6
332,8.3293e+28,4.0214e+28,3.6100e+28,2.0800e+26,6.7710e+27,3.5665e+28,4.5490e+27,2.3955e+28,1.2145e+28,1.3200e+26,7.6000e+25,3.3790e+27,3.3920e+27,9.6624e+07,1.0058e-20,1.0677e+08,1.0115e-20,6.7979e+06,1.0048e-20,6.4293e+05,6.4124e+05,48.3,43.3,0.2,8.1,8.3297e+28,8.1116e+28,1.7570e+27,4.2400e+26,0.0000e+00,0.0000e+00,97.4,2.1,0.5
333,8.4234e+28,3.9781e+28,3.7435e+28,2.2500e+26,6.7930e+27,3.5223e+28,4.5580e+27,2.4620e+28,1.2815e+28,1.2100e+26,1.0400e+26,3.4480e+27,3.3450e+27,9.5572e+07,1.0042e-20,1.4774e+08,1.0047e-20,6.6807e+06,1.0265e-20,6.4459e+05,6.4295e+05,47.2,44.4,0.3,8.1,8.4138e+28,8.1886e+28,1.8210e+27,4.3100e+26,0.0000e+00,0.0000e+00,97.3,2.2,0.5
334,8.4612e+28,3.9204e+28,3.8396e+28,2.1500e+26,6.7970e+27,3.4678e+28,4.5260e+27,2.5287e+28,1.3109e+28,1.2700e+26,8.8000e+25,3.4130e+27,3.3840e+27,9.4593e+07,1.0178e-20,1.0182e+08,1.0000e-20,6.6147e+06,1.0086e-20,6.4619e+05,6.4460e+05,46.3,45.4,0.3,8.0,8.4634e+28,8.2497e+28,1.7550e+27,3.8200e+26,0.0000e+00,0.0000e+00,97.5,2.1,0.5
335,8.5473e+28,3.8800e+28,3.9633e+28,2.1000e+26,6.8300e+27,3.4359e+28,4.4410e+27,2.5930e+28,1.3703e+28,1.2900e+26,8.1000e+25,3.3600e+27,3.4700e+27,9.4116e+07,1.0059e-20,1.1996e+08,1.0022e-20,6.4849e+06,1.0046e-20,6.4774e+05,6.4620e+05,45.4,46.4,0.2,8.0,8.5439e+28,8.3263e+28,1.7800e+27,3.9600e+26,0.0000e+00,0.0000e+00,97.5,2.1,0.5
336,8.6451e+28,3.7999e+28,4.1460e+28,2.0000e+26,6.7920e+27,3.3604e+28,4.3950e+27,2.7251e+28,1.4209e+28,1.2100e+26,7.9000e+25,3.3470e+27,3.4450e+27,9.3435e+07,1.0013e-20,1.1798e+08,1.0047e-20,6.4478e+06,1.0087e-20,6.4922e+05,6.4775e+05,44.0,48.0,0.2,7.9,8.6426e+28,8.4244e+28,1.8600e+27,3.2200e+26,0.0000e+00,0.0000e+00,97.5,2.2,0.4
337,8.8272e+28,3.7480e+28,4.3817e+28,2.1200e+26,6.7630e+27,3.2918e+28,4.5620e+27,2.8454e+28,1.5363e+28,1.2300e+26,8.9000e+25,3.3850e+27,3.3780e+27,9.2660e+07,1.0249e-20,9.5893e+07,1.0004e-20,6.2968e+06,1.0077e-20,6.5064e+05,6.4923e+05,42.5,49.6,0.2,7.7,8.8117e+28,8.5881e+28,1.9380e+27,2.9800e+26,0.0000e+00,0.0000e+00,97.5,2.2,0.3
338,9.0643e+28,3.7490e+28,4.6133e+28,1.9800e+26,6.8220e+27,3.2916e+28,4.5740e+27,3.0111e+28,1.6022e+28,1.0900e+26,8.9000e+25,3.5000e+27,3.3220e+27,9.1726e+07,1.0058e-20,1.0318e+08,1.0037e-20,6.2150e+06,1.0289e-20,6.5201e+05,6.5065e+05,41.4,50.9,0.2,7.5,9.0541e+28,8.8222e+28,2.0390e+27,2.8000e+26,0.0000e+00,0.0000e+00,97.4,2.3,0.3
339,9.2146e+28,3.6923e+28,4.8224e+28,2.1500e+26,6.7840e+27,3.2290e+28,4.6330e+27,3.1133e+28,1.7091e+28,1.2300e+26,9.2000e+25,3.3990e+27,3.3850e+27,9.1058e+07,1.0033e-20,1.0855e+08,1.0047e-20,6.2033e+06,1.0103e-20,6.5332e+05,6.5202e+05,40.1,52.3,0.2,7.4,9.1984e+28,8.9580e+28,2.1230e+27,2.8100e+26,0.0000e+00,0.0000e+00,97.4,2.3,0.3
340,9.4766e+28,3.6705e+28,5.1022e+28,2.3400e+26,6.8050e+27,3.2017e+28,4.6880e+27,3.2797e+28,1.8225e+28,1.3600e+26,9.8000e+25,3.4430e+27,3.3620e+27,9.0065e+07,1.0101e-20,1.0374e+08,1.0158e-20,6.0806e+06,1.0287e-20,6.5456e+05,6.5333e+05,38.7,53.8,0.2,7.2,9.4689e+28,9.2328e+28,2.1220e+27,2.3900e+26,0.0000e+00,0.0000e+00,97.5,2.2,0.3
341,9.5275e+28,3.6094e+28,5.2194e+28,2.2300e+26,6.7640e+27,3.1434e+28,4.6600e+27,3.4055e+28,1.8139e+28,1.4100e+26,8.2000e+25,3.3470e+27,3.4170e+27,8.8984e+07,1.0022e-20,1.1091e+08,1.0001e-20,5.9940e+06,1.0169e-20,6.5575e+05,6.5457e+05,37.9,54.8,0.2,7.1,9.5239e+28,9.2788e+28,2.2120e+27,2.3900e+26,0.0000e+00,0.0000e+00,97.4,2.3,0.3
342,9.8058e+28,3.5997e+28,5.5017e+28,2.2300e+26,6.8210e+27,3.1317e+28,4.6800e+27,3.5772e+28,1.9245e+28,1.4000e+26,8.3000e+25,3.3920e+27,3.4290e+27,8.8290e+07,1.0004e-20,1.2278e+08,1.0025e-20,5.9973e+06,1.0058e-20,6.5688e+05,6.5576e+05,36.7,56.1,0.2,7.0,9.7864e+28,9.5411e+28,2.2500e+27,2.0300e+26,0.0000e+00,0.0000e+00,97.5,2.3,0.2
343,1.0104e+29,3.5390e+28,5.8678e+28,1.8200e+26,6.7920e+27,3.0573e+28,4.8170e+27,3.8360e+28,2.0318e+28,1.0900e+26,7.3000e+25,3.3300e+27,3.4620e+27,8.7408e+07,1.0009e-20,1.2454e+08,1.0119e-20,5.9913e+06,1.0021e-20,6.5794e+05,6.5689e+05,35.0,58.1,0.2,6.7,1.0098e+29,9.8348e+28,2.4610e+27,1.7500e+26,0.0000e+00,0.0000e+00,97.4,2.4,0.2
344,1.0247e+29,3.5017e+28,6.0455e+28,2.0000e+26,6.7980e+27,3.0285e+28,4.7320e+27,3.9602e+28,2.0853e+28,1.2200e+26,7.8000e+25,3.2900e+27,3.5080e+27,8.6650e+07,1.0087e-20,1.5632e+08,1.0077e-20,5.9489e+06,1.0069e-20,6.5894e+05,6.5795e+05,34.2,59.0,0.2,6.6,1.0230e+29,9.9751e+28,2.3690e+27,1.7900e+26,0.0000e+00,0.0000e+00,97.5,2.3,0.2
345,1.0420e+29,3.4649e+28,6.2604e+28,1.9100e+26,6.7580e+27,2.9861e+28,4.7880e+27,4.0604e+28,2.2000e+28,1.1600e+26,7.5000e+25,3.3440e+27,3.4140e+27,8.5719e+07,1.0026e-20,1.2376e+08,1.0105e-20,5.9857e+06,1.0027e-20,6.5988e+05,6.5895e+05,33.3,60.1,0.2,6.5,1.0408e+29,1.0143e+29,2.4770e+27,1.7700e+26,0.0000e+00,0.0000e+00,97.5,2.4,0.2
346,1.0782e+29,3.4358e+28,6.6437e+28,2.0700e+26,6.8190e+27,2.9534e+28,4.8240e+27,4.3241e+28,2.3196e+28,1.2900e+26,7.8000e+25,3.4480e+27,3.3710e+27,8.4915e+07,1.0080e-20,1.2317e+08,1.0274e-20,5.9938e+06,1.0474e-20,6.6076e+05,6.5989e+05,31.9,61.6,0.2,6.3,1.0771e+29,1.0498e+29,2.5570e+27,1.7000e+26,0.0000e+00,0.0000e+00,97.5,2.4,0.2
347,1.0917e+29,3.4019e+28,6.8169e+28,2.1600e+26,6.7700e+27,2.9020e+28,4.9990e+27,4.4633e+28,2.3536e+28,1.3300e+26,8.3000e+25,3.4470e+27,3.3230e+27,8.4056e+07,1.0011e-20,1.5320e+08,1.0068e-20,5.9858e+06,1.0107e-20,6.6157e+05,6.6076e+05,31.2,62.4,0.2,6.2,1.0913e+29,1.0631e+29,2.6310e+27,1.8600e+26,0.0000e+00,0.0000e+00,97.4,2.4,0.2
348,1.1205e+29,3.3729e+28,7.1319e+28,2.1600e+26,6.7870e+27,2.8812e+28,4.9170e+27,4.6306e+28,2.5013e+28,1.3300e+26,8.3000e+25,3.3980e+27,3.3890e+27,8.3270e+07,1.0075e-20,1.6811e+08,1.0040e-20,5.8459e+06,1.0164e-20,6.6232e+05,6.6157e+05,30.1,63.6,0.2,6.1,1.1198e+29,1.0898e+29,2.8390e+27,1.5400e+26,0.0000e+00,0.0000e+00,97.3,2.5,0.1
349,1.1119e+29,3.3280e+28,7.0886e+28,2.3200e+26,6.7930e+27,2.8448e+28,4.8320e+27,4.5809e+28,2.5077e+28,1.3500e+26,9.7000e+25,3.3470e+27,3.4460e+27,8.2579e+07,1.0003e-20,1.3658e+08,1.0047e-20,5.8601e+06,1.0026e-20,6.6301e+05,6.6232e+05,29.9,63.8,0.2,6.1,1.1111e+29,1.0818e+29,2.7520e+27,1.7900e+26,0.0000e+00,0.0000e+00,97.4,2.5,0.2
350,1.1242e+29,3.3162e+28,7.2241e+28,2.1600e+26,6.8040e+27,2.8169e+28,4.9930e+27,4.7118e+28,2.5123e+28,1.2500e+26,9.1000e+25,3.3980e+27,3.4060e+27,8.1865e+07,1.0068e-20,1.7384e+08,1.0102e-20,5.8795e+06,1.0346e-20,6.6363e+05,6.6301e+05,29.5,64.3,0.2,6.1,1.1250e+29,1.0948e+29,2.8730e+27,1.5300e+26,0.0000e+00,0.0000e+00,97.3,2.6,0.1
351,1.1313e+29,3.2500e+28,7.3636e+28,2.4100e+26,6.7530e+27,2.7580e+28,4.9200e+27,4.7078e+28,2.6558e+28,1.4300e+26,9.8000e+25,3.4270e+27,3.3260e+27,8.0952e+07,1.0076e-20,1.5390e+08,1.0036e-20,5.8681e+06,1.0526e-20,6.6418e+05,6.6363e+05,28.7,65.1,0.2,6.0,1.1295e+29,1.0998e+29,2.8240e+27,1.4200e+26,0.0000e+00,0.0000e+00,97.4,2.5,0.1
352,1.1316e+29,3.2274e+28,7.3827e+28,2.3400e+26,6.8230e+27,2.7332e+28,4.9420e+27,4.8233e+28,2.5594e+28,1.4300e+26,9.1000e+25,3.4560e+27,3.3670e+27,8.0075e+07,1.0096e-20,1.8482e+08,1.0924e-20,5.8365e+06,1.0206e-20,6.6467e+05,6.6418e+05,28.5,65.2,0.2,6.0,1.1314e+29,1.1018e+29,2.8240e+27,1.3600e+26,0.0000e+00,0.0000e+00,97.4,2.5,0.1
353,1.1433e+29,3.1939e+28,7.5396e+28,2.4000e+26,6.7580e+27,2.6804e+28,5.1350e+27,4.9082e+28,2.6314e+28,1.5700e+26,8.3000e+25,3.3920e+27,3.3660e+27,7.9460e+07,1.0170e-20,1.5000e+08,1.1080e-20,5.8379e+06,1.0073e-20,6.6510e+05,6.6467e+05,27.9,65.9,0.2,5.9,1.1420e+29,1.1114e+29,2.9090e+27,1.5400e+26,0.0000e+00,0.0000e+00,97.3,2.5,0.1
354,1.1490e+29,3.1451e+28,7.6429e+28,2.4900e+26,6.7660e+27,2.6436e+28,5.0150e+27,4.9497e+28,2.6932e+28,1.3900e+26,1.1000e+26,3.4430e+27,3.3230e+27,7.8955e+07,1.0782e-20,1.4906e+08,1.2194e-20,5.7793e+06,1.0007e-20,6.6546e+05,6.6510e+05,27.4,66.5,0.2,5.9,1.1492e+29,1.1183e+29,2.9410e+27,1.5700e+26,0.0000e+00,0.0000e+00,97.3,2.6,0.1
355,1.1590e+29,3.1416e+28,7.7427e+28,2.4000e+26,6.8180e+27,2.6265e+28,5.1510e+27,5.0027e+28,2.7400e+28,1.3600e+26,1.0400e+26,3.4010e+27,3.4170e+27,7.8486e+07,1.0922e-20,1.5153e+08,1.0812e-20,5.7778e+06,1.0020e-20,6.6576e+05,6.6546e+05,27.1,66.8,0.2,5.9,1.1593e+29,1.1275e+29,3.0410e+27,1.3800e+26,0.0000e+00,0.0000e+00,97.3,2.6,0.1
356,1.1483e+29,3.0664e+28,7.7161e+28,2.2200e+26,6.7830e+27,2.5688e+28,4.9760e+27,5.0090e+28,2.7071e+28,1.3100e+26,9.1000e+25,3.3450e+27,3.4380e+27,7.7868e+07,1.0475e-20,1.7771e+08,1.0632e-20,5.6944e+06,1.0711e-20,6.6598e+05,6.6576e+05,26.7,67.2,0.2,5.9,1.1484e+29,1.1165e+29,3.0480e+27,1.4700e+26,0.0000e+00,0.0000e+00,97.2,2.7,0.1
357,1.1365e+29,3.0376e+28,7.6264e+28,2.2700e+26,6.7840e+27,2.5224e+28,5.1520e+27,4.8925e+28,2.7339e+28,1.3600e+26,9.1000e+25,3.3980e+27,3.3860e+27,7.7345e+07,1.0308e-20,1.9157e+08,1.0137e-20,5.5106e+06,1.2119e-20,6.6615e+05,6.6599e+05,26.7,67.1,0.2,6.0,1.1371e+29,1.1067e+29,2.9050e+27,1.3500e+26,0.0000e+00,0.0000e+00,97.3,2.6,0.1
358,1.1404e+29,3.0028e+28,7.6998e+28,2.3600e+26,6.7800e+27,2.4979e+28,5.0490e+27,4.8930e+28,2.8068e+28,1.3500e+26,1.0100e+26,3.3610e+27,3.4190e+27,7.6978e+07,1.0028e-20,1.3914e+08,1.0029e-20,5.5508e+06,1.1101e-20,6.6625e+05,6.6615e+05,26.3,67.5,0.2,5.9,1.1382e+29,1.1079e+29,2.9060e+27,1.3100e+26,0.0000e+00,0.0000e+00,97.3,2.6,0.1
359,1.1432e+29,2.9761e+28,7.7544e+28,2.3500e+26,6.7820e+27,2.4716e+28,5.0450e+27,4.9633e+28,2.7911e+28,1.4700e+26,8.8000e+25,3.3890e+27,3.3930e+27,7.6519e+07,1.0047e-20,1.7358e+08,1.0268e-20,5.5059e+06,1.0415e-20,6.6629e+05,6.6625e+05,26.0,67.8,0.2,5.9,1.1446e+29,1.1136e+29,2.9650e+27,1.3400e+26,0.0000e+00,0.0000e+00,97.3,2.6,0.1
